group,metric,games,available_pairs,missing_pairs,baseline_mean,candidate_mean,paired_mean_change,geometry_balanced_mean_change,geometry_clusters,bootstrap95,directional_interpretation
all,births,40,40,0,135.725,139.55,3.825,3.825,8,"[-0.1, 9.525]",descriptive
all,buildings,40,40,0,27.15,27.825,0.675,0.675,8,"[-0.625, 2.125]",descriptive
all,carried_algae,40,40,0,0.1,0.15,0.05,0.05,8,"[0, 0.125]",descriptive
all,carried_cherries,40,40,0,0.525,0.425,-0.1,-0.1,8,"[-0.25, 0]",descriptive
all,carried_fabric,40,40,0,0,0,0,0,8,"[0, 0]",descriptive
all,carried_food,40,40,0,6.575,6.15,-0.425,-0.425,8,"[-0.975, 0.12499999999999999]",descriptive
all,carried_glass,40,40,0,0,0,0,0,8,"[0, 0]",descriptive
all,carried_gold,40,40,0,0,0,0,0,8,"[0, 0]",descriptive
all,carried_metal,40,40,0,0,0,0,0,8,"[0, 0]",descriptive
all,carried_oranges,40,40,0,0.575,0.825,0.25,0.25,8,"[0, 0.75]",descriptive
all,carried_paper,40,40,0,0,0,0,0,8,"[0, 0]",descriptive
all,carried_prunes,40,40,0,0.25,0.125,-0.125,-0.125,8,"[-0.375, 0]",descriptive
all,carried_stone,40,40,0,0.575,0.675,0.1,0.09999999999999999,8,"[-0.22499999999999998, 0.5249999999999999]",descriptive
all,carried_wood,40,40,0,1.225,1.375,0.15,0.15,8,"[0.0, 0.325]",descriptive
all,consumed_ammunition_algae,40,40,0,0,0,0,0,8,"[0, 0]",descriptive
all,consumed_ammunition_cherries,40,40,0,0,0,0,0,8,"[0, 0]",descriptive
all,consumed_ammunition_fabric,40,40,0,0,0,0,0,8,"[0, 0]",descriptive
all,consumed_ammunition_food,40,40,0,0,0,0,0,8,"[0, 0]",descriptive
all,consumed_ammunition_glass,40,40,0,0,0,0,0,8,"[0, 0]",descriptive
all,consumed_ammunition_gold,40,40,0,0,0,0,0,8,"[0, 0]",descriptive
all,consumed_ammunition_metal,40,40,0,0,0,0,0,8,"[0, 0]",descriptive
all,consumed_ammunition_oranges,40,40,0,0,0,0,0,8,"[0, 0]",descriptive
all,consumed_ammunition_paper,40,40,0,0,0,0,0,8,"[0, 0]",descriptive
all,consumed_ammunition_prunes,40,40,0,0,0,0,0,8,"[0, 0]",descriptive
all,consumed_ammunition_stone,40,40,0,3.1,3.725,0.625,0.625,8,"[0, 1.625]",descriptive
all,consumed_ammunition_wood,40,40,0,0,0,0,0,8,"[0, 0]",descriptive
all,consumed_births_algae,40,40,0,0,0,0,0,8,"[0, 0]",descriptive
all,consumed_births_cherries,40,40,0,0,0,0,0,8,"[0, 0]",descriptive
all,consumed_births_fabric,40,40,0,0,0,0,0,8,"[0, 0]",descriptive
all,consumed_births_food,40,40,0,678.625,697.75,19.125,19.125,8,"[-0.5, 47.625]",descriptive
all,consumed_births_glass,40,40,0,0,0,0,0,8,"[0, 0]",descriptive
all,consumed_births_gold,40,40,0,0,0,0,0,8,"[0, 0]",descriptive
all,consumed_births_metal,40,40,0,0,0,0,0,8,"[0, 0]",descriptive
all,consumed_births_oranges,40,40,0,0,0,0,0,8,"[0, 0]",descriptive
all,consumed_births_paper,40,40,0,0,0,0,0,8,"[0, 0]",descriptive
all,consumed_births_prunes,40,40,0,0,0,0,0,8,"[0, 0]",descriptive
all,consumed_births_stone,40,40,0,0,0,0,0,8,"[0, 0]",descriptive
all,consumed_births_wood,40,40,0,0,0,0,0,8,"[0, 0]",descriptive
all,consumed_construction_algae,40,40,0,2.6,2.65,0.05,0.05,8,"[0, 0.15000000000000002]",descriptive
all,consumed_construction_cherries,40,40,0,0,0,0,0,8,"[0, 0]",descriptive
all,consumed_construction_fabric,40,40,0,0,0,0,0,8,"[0, 0]",descriptive
all,consumed_construction_food,40,40,0,68.25,73.5,5.25,5.25,8,"[-0.875, 13.125]",descriptive
all,consumed_construction_glass,40,40,0,0,0,0,0,8,"[0, 0]",descriptive
all,consumed_construction_gold,40,40,0,0,0,0,0,8,"[0, 0]",descriptive
all,consumed_construction_metal,40,40,0,0,0,0,0,8,"[0, 0]",descriptive
all,consumed_construction_oranges,40,40,0,0,0,0,0,8,"[0, 0]",descriptive
all,consumed_construction_paper,40,40,0,0,0,0,0,8,"[0, 0]",descriptive
all,consumed_construction_prunes,40,40,0,0,0,0,0,8,"[0, 0]",descriptive
all,consumed_construction_stone,40,40,0,1.9,1.925,0.025,0.02500000000000001,8,"[-0.375, 0.325]",descriptive
all,consumed_construction_wood,40,40,0,141.9,143.875,1.975,1.975,8,"[-2.5749999999999997, 7.65]",descriptive
all,consumed_healing_algae,40,40,0,0,0,0,0,8,"[0, 0]",descriptive
all,consumed_healing_cherries,40,40,0,0,0,0,0,8,"[0, 0]",descriptive
all,consumed_healing_fabric,40,40,0,0,0,0,0,8,"[0, 0]",descriptive
all,consumed_healing_food,40,40,0,0,0,0,0,8,"[0, 0]",descriptive
all,consumed_healing_glass,40,40,0,0,0,0,0,8,"[0, 0]",descriptive
all,consumed_healing_gold,40,40,0,0,0,0,0,8,"[0, 0]",descriptive
all,consumed_healing_metal,40,40,0,0,0,0,0,8,"[0, 0]",descriptive
all,consumed_healing_oranges,40,40,0,0,0,0,0,8,"[0, 0]",descriptive
all,consumed_healing_paper,40,40,0,0,0,0,0,8,"[0, 0]",descriptive
all,consumed_healing_prunes,40,40,0,0,0,0,0,8,"[0, 0]",descriptive
all,consumed_healing_stone,40,40,0,0,0,0,0,8,"[0, 0]",descriptive
all,consumed_healing_wood,40,40,0,0,0,0,0,8,"[0, 0]",descriptive
all,consumed_meals_algae,40,40,0,0,0,0,0,8,"[0, 0]",descriptive
all,consumed_meals_cherries,40,40,0,110.875,111.775,0.9,0.9000000000000001,8,"[-3.0749999999999997, 6]",descriptive
all,consumed_meals_fabric,40,40,0,0,0,0,0,8,"[0, 0]",descriptive
all,consumed_meals_food,40,40,0,490.875,500.225,9.35,9.35,8,"[-3.6, 25.474999999999998]",descriptive
all,consumed_meals_glass,40,40,0,0,0,0,0,8,"[0, 0]",descriptive
all,consumed_meals_gold,40,40,0,0,0,0,0,8,"[0, 0]",descriptive
all,consumed_meals_metal,40,40,0,0,0,0,0,8,"[0, 0]",descriptive
all,consumed_meals_oranges,40,40,0,83.05,91.15,8.1,8.100000000000001,8,"[-3.3000000000000003, 25.575000000000003]",descriptive
all,consumed_meals_paper,40,40,0,0,0,0,0,8,"[0, 0]",descriptive
all,consumed_meals_prunes,40,40,0,62.8,58.85,-3.95,-3.95,8,"[-14.500000000000002, 2.25]",descriptive
all,consumed_meals_stone,40,40,0,0,0,0,0,8,"[0, 0]",descriptive
all,consumed_meals_wood,40,40,0,0,0,0,0,8,"[0, 0]",descriptive
all,consumed_training_algae,40,40,0,0,0,0,0,8,"[0, 0]",descriptive
all,consumed_training_cherries,40,40,0,0,0,0,0,8,"[0, 0]",descriptive
all,consumed_training_fabric,40,40,0,0,0,0,0,8,"[0, 0]",descriptive
all,consumed_training_food,40,40,0,0,0,0,0,8,"[0, 0]",descriptive
all,consumed_training_glass,40,40,0,0,0,0,0,8,"[0, 0]",descriptive
all,consumed_training_gold,40,40,0,0,0,0,0,8,"[0, 0]",descriptive
all,consumed_training_metal,40,40,0,0,0,0,0,8,"[0, 0]",descriptive
all,consumed_training_oranges,40,40,0,0,0,0,0,8,"[0, 0]",descriptive
all,consumed_training_paper,40,40,0,0,0,0,0,8,"[0, 0]",descriptive
all,consumed_training_prunes,40,40,0,0,0,0,0,8,"[0, 0]",descriptive
all,consumed_training_stone,40,40,0,0,0,0,0,8,"[0, 0]",descriptive
all,consumed_training_wood,40,40,0,0,0,0,0,8,"[0, 0]",descriptive
all,consumed_upgrades_algae,40,40,0,15.6,16.6,1,1.0,8,"[0, 2.4]",descriptive
all,consumed_upgrades_cherries,40,40,0,0,0,0,0,8,"[0, 0]",descriptive
all,consumed_upgrades_fabric,40,40,0,0,0,0,0,8,"[0, 0]",descriptive
all,consumed_upgrades_food,40,40,0,3.95,3.75,-0.2,-0.19999999999999998,8,"[-0.8999999999999999, 0.30000000000000004]",descriptive
all,consumed_upgrades_glass,40,40,0,0,0,0,0,8,"[0, 0]",descriptive
all,consumed_upgrades_gold,40,40,0,0,0,0,0,8,"[0, 0]",descriptive
all,consumed_upgrades_metal,40,40,0,0,0,0,0,8,"[0, 0]",descriptive
all,consumed_upgrades_oranges,40,40,0,0,0,0,0,8,"[0, 0]",descriptive
all,consumed_upgrades_paper,40,40,0,0,0,0,0,8,"[0, 0]",descriptive
all,consumed_upgrades_prunes,40,40,0,0,0,0,0,8,"[0, 0]",descriptive
all,consumed_upgrades_stone,40,40,0,41.8,46.15,4.35,4.35,8,"[0.25, 10.3]",descriptive
all,consumed_upgrades_wood,40,40,0,57.875,59.725,1.85,1.8499999999999999,8,"[-1.7750000000000001, 5.525]",descriptive
all,delivered_algae,40,40,0,19.275,20.275,1,0.9999999999999999,8,"[-0.02500000000000001, 2.25]",descriptive
all,delivered_algae_per_1000_ticks,40,40,0,0.22803978658098256,0.23807770985080934,0.010037923269826774,0.010037923269826773,8,"[0.00023288126669864016, 0.021080722177264158]",descriptive
all,delivered_cherries,40,40,0,175.475,171.225,-4.25,-4.25,8,"[-22.5, 10]",descriptive
all,delivered_cherries_per_1000_ticks,40,40,0,2.1686863839244017,2.131295088371561,-0.03739129555284082,-0.037391295552840806,8,"[-0.256193861413351, 0.14679775253260635]",descriptive
all,delivered_fabric,40,40,0,0,0,0,0,8,"[0, 0]",descriptive
all,delivered_fabric_per_1000_ticks,40,40,0,0.0,0.0,0.0,0.0,8,"[0.0, 0.0]",descriptive
all,delivered_food,40,40,0,1329.8,1363.5,33.7,33.7,8,"[-4.100000000000001, 83.875]",descriptive
all,delivered_food_per_1000_ticks,40,40,0,16.270610632426415,16.906741869273116,0.6361312368467005,0.6361312368467005,8,"[-0.07466143917278995, 1.4809017121839385]",descriptive
all,delivered_glass,40,40,0,0,0,0,0,8,"[0, 0]",descriptive
all,delivered_glass_per_1000_ticks,40,40,0,0.0,0.0,0.0,0.0,8,"[0.0, 0.0]",descriptive
all,delivered_gold,40,40,0,0,0,0,0,8,"[0, 0]",descriptive
all,delivered_gold_per_1000_ticks,40,40,0,0.0,0.0,0.0,0.0,8,"[0.0, 0.0]",descriptive
all,delivered_metal,40,40,0,0,0,0,0,8,"[0, 0]",descriptive
all,delivered_metal_per_1000_ticks,40,40,0,0.0,0.0,0.0,0.0,8,"[0.0, 0.0]",descriptive
all,delivered_oranges,40,40,0,126.025,142.425,16.4,16.400000000000002,8,"[-2.775, 49.0]",descriptive
all,delivered_oranges_per_1000_ticks,40,40,0,1.7622614554429998,1.9094485959128351,0.1471871404698352,0.1471871404698352,8,"[-0.03450712027507726, 0.42874253361841086]",descriptive
all,delivered_paper,40,40,0,0,0,0,0,8,"[0, 0]",descriptive
all,delivered_paper_per_1000_ticks,40,40,0,0.0,0.0,0.0,0.0,8,"[0.0, 0.0]",descriptive
all,delivered_prunes,40,40,0,111.75,98.875,-12.875,-12.875,8,"[-41.925000000000004, 2.775]",descriptive
all,delivered_prunes_per_1000_ticks,40,40,0,1.326598529273919,1.2906829900307186,-0.035915539243200435,-0.035915539243200435,8,"[-0.1611019252755609, 0.045021974212626256]",descriptive
all,delivered_stone,40,40,0,50.75,56.25,5.5,5.5,8,"[0.44999999999999996, 11.899999999999999]",descriptive
all,delivered_stone_per_1000_ticks,40,40,0,0.6075023401235358,0.6715834003136586,0.06408106019012287,0.06408106019012287,8,"[0.006834947002561885, 0.13892079402861818]",descriptive
all,delivered_wood,40,40,0,211,214.05,3.05,3.05,8,"[-3.325, 11.450000000000001]",descriptive
all,delivered_wood_per_1000_ticks,40,40,0,2.648133906519203,2.6943293813919595,0.04619547487275674,0.04619547487275674,8,"[-0.03822473394278549, 0.1591356961356008]",descriptive
all,first_upgrade_observed_fraction,40,40,0,0.1875,0.2,0.0125,0.0125,8,"[-0.0125, 0.043750000000000004]",descriptive
all,first_upgrade_waiting_lower_ticks,40,40,0,68141.9875,68355.85,213.8625,213.86250000000004,8,"[-1595.15, 2357.2375]",descriptive; CI excludes within512tick interval and competing-event uncertainty
all,first_upgrade_waiting_upper_ticks,40,40,0,79672.2,79436.8,-235.4,-235.4,8,"[-936.5999999999999, 625.8]",descriptive; CI excludes within512tick interval and competing-event uncertainty
all,harvested_algae,40,40,0,21.05,22.175,1.125,1.125,8,"[0.02500000000000001, 2.55]",descriptive
all,harvested_algae_per_1000_ticks,40,40,0,0.24843786909461493,0.26021038125250107,0.011772512157886123,0.011772512157886123,8,"[0.0005118043111434641, 0.02441776848687207]",descriptive
all,harvested_cherries,40,40,0,25.25,24.875,-0.375,-0.375,8,"[-0.875, 0.05]",descriptive
all,harvested_cherries_per_1000_ticks,40,40,0,0.319897654877849,0.30867397379917255,-0.011223681078676422,-0.011223681078676422,8,"[-0.03200891830473593, 0.0005555555555555556]",descriptive
all,harvested_fabric,40,40,0,0,0,0,0,8,"[0, 0]",descriptive
all,harvested_fabric_per_1000_ticks,40,40,0,0.0,0.0,0.0,0.0,8,"[0.0, 0.0]",descriptive
all,harvested_food,40,40,0,1363.25,1396.925,33.675,33.675,8,"[-3.6749999999999994, 83.35]",descriptive
all,harvested_food_per_1000_ticks,40,40,0,16.685938423616232,17.331625117178774,0.6456866935625429,0.6456866935625429,8,"[-0.06881816160224068, 1.4923014749995163]",descriptive
all,harvested_glass,40,40,0,0,0,0,0,8,"[0, 0]",descriptive
all,harvested_glass_per_1000_ticks,40,40,0,0.0,0.0,0.0,0.0,8,"[0.0, 0.0]",descriptive
all,harvested_gold,40,40,0,0,0,0,0,8,"[0, 0]",descriptive
all,harvested_gold_per_1000_ticks,40,40,0,0.0,0.0,0.0,0.0,8,"[0.0, 0.0]",descriptive
all,harvested_metal,40,40,0,0,0,0,0,8,"[0, 0]",descriptive
all,harvested_metal_per_1000_ticks,40,40,0,0.0,0.0,0.0,0.0,8,"[0.0, 0.0]",descriptive
all,harvested_oranges,40,40,0,16.975,18.825,1.85,1.85,8,"[-0.3, 5.575]",descriptive
all,harvested_oranges_per_1000_ticks,40,40,0,0.23813476949594353,0.25337667228889477,0.015241902792951234,0.015241902792951232,8,"[-0.0034507120275077256, 0.04444870771833737]",descriptive
all,harvested_paper,40,40,0,0,0,0,0,8,"[0, 0]",descriptive
all,harvested_paper_per_1000_ticks,40,40,0,0.0,0.0,0.0,0.0,8,"[0.0, 0.0]",descriptive
all,harvested_prunes,40,40,0,12.5,11.15,-1.35,-1.3499999999999999,8,"[-4.5, 0.375]",descriptive
all,harvested_prunes_per_1000_ticks,40,40,0,0.1487573657112943,0.14443288234338697,-0.004324483367907335,-0.004324483367907335,8,"[-0.020018767199327138, 0.006085766952625643]",descriptive
all,harvested_stone,40,40,0,55.025,60.45,5.425,5.425000000000001,8,"[0.625, 10.8]",descriptive
all,harvested_stone_per_1000_ticks,40,40,0,0.6566806271690013,0.7214914716747095,0.06481084450570823,0.06481084450570823,8,"[0.008184488219877965, 0.12554486398900896]",descriptive
all,harvested_wood,40,40,0,224.6,228.775,4.175,4.175,8,"[-2.2, 12.625]",descriptive
all,harvested_wood_per_1000_ticks,40,40,0,2.8226936228246737,2.8833455648624335,0.060651942037759775,0.060651942037759775,8,"[-0.027632842806090258, 0.17625672023979502]",descriptive
all,needFood,40,40,0,4.025,3.675,-0.35,-0.35,8,"[-0.65, -0.07500000000000001]",descriptive
all,needFoodCritical,40,40,0,11.25,10.75,-0.5,-0.5,8,"[-1.7, 0.55]",descriptive
all,needFoodNoInns,40,40,0,11.35,10.725,-0.625,-0.625,8,"[-1.3, 0.025000000000000015]",descriptive
all,new_buildings,40,40,0,34.675,35.075,0.4,0.39999999999999997,8,"[-0.575, 1.7999999999999998]",descriptive
all,new_buildings_10_observed_fraction,40,40,0,0.49375,0.5125,0.01875,0.018750000000000003,8,"[-0.025, 0.0625]",descriptive
all,new_buildings_10_waiting_lower_ticks,40,40,0,55413.3,53845.8875,-1567.4125,-1567.4125,8,"[-3744.05, 561.1875]",descriptive; CI excludes within512tick interval and competing-event uncertainty
all,new_buildings_10_waiting_upper_ticks,40,40,0,62117.325,60707.0,-1410.325,-1410.325,8,"[-3397.8, 523.45]",descriptive; CI excludes within512tick interval and competing-event uncertainty
all,new_buildings_1_observed_fraction,40,40,0,1.0,1.0,0.0,0.0,8,"[0.0, 0.0]",descriptive
all,new_buildings_1_waiting_lower_ticks,40,40,0,1558.4,1558.4,0.0,0.0,8,"[0.0, 0.0]",descriptive; CI excludes within512tick interval and competing-event uncertainty
all,new_buildings_1_waiting_upper_ticks,40,40,0,2070.4,2070.4,0.0,0.0,8,"[0.0, 0.0]",descriptive; CI excludes within512tick interval and competing-event uncertainty
all,new_buildings_5_observed_fraction,40,40,0,0.875,0.8875,0.0125,0.0125,8,"[-0.0125, 0.043750000000000004]",descriptive
all,new_buildings_5_waiting_lower_ticks,40,40,0,19912.325,19075.8125,-836.5125,-836.5124999999999,8,"[-3116.625, 869.975]",descriptive; CI excludes within512tick interval and competing-event uncertainty
all,new_buildings_5_waiting_upper_ticks,40,40,0,22830.8,21766.6,-1064.2,-1064.1999999999998,8,"[-3307.1, 733.9000000000001]",descriptive; CI excludes within512tick interval and competing-event uncertainty
all,observed_winner_set_change,40,12,28,0,0,0,0,5,"[0, 0]","descriptive; unresolved games excluded, resolution-selection bias possible"
all,resolution_status_change,40,40,0,0,0.175,0.175,0.17500000000000002,8,"[0.025, 0.375]",descriptive
all,resolved_match_win_cortex,40,7,33,0.42857142857142855,0.42857142857142855,0,0,4,"[0, 0]","descriptive; unresolved games excluded, resolution-selection bias possible"
all,resolved_match_win_maxima,40,11,29,0.6363636363636364,0.6363636363636364,0,0,5,"[0, 0]","descriptive; unresolved games excluded, resolution-selection bias possible"
all,resolved_match_win_nicowar,40,2,38,1,1,0,0,2,"[0, 0]","descriptive; unresolved games excluded, resolution-selection bias possible"
all,resolved_outcome,40,40,0,0.375,0.4,0.025,0.025,8,"[-0.1, 0.15000000000000002]",descriptive
all,resolved_win_team_share_cortex,40,7,33,0.42857142857142855,0.42857142857142855,0.0,0.0,4,"[0.0, 0.0]","descriptive; unresolved games excluded, resolution-selection bias possible"
all,resolved_win_team_share_maxima,40,11,29,0.4318181818181818,0.4318181818181818,0.0,0.0,5,"[0.0, 0.0]","descriptive; unresolved games excluded, resolution-selection bias possible"
all,resolved_win_team_share_nicowar,40,2,38,0.75,0.75,0.0,0.0,2,"[0.0, 0.0]","descriptive; unresolved games excluded, resolution-selection bias possible"
all,sites,40,40,0,4.775,4.6,-0.175,-0.175,8,"[-0.575, 0.2]",descriptive
all,starvation_deaths,40,40,0,75.975,76.425,0.45,0.44999999999999996,8,"[-3.85, 6.475]",descriptive
all,stock_algae,40,40,0,0.925,0.825,-0.1,-0.09999999999999999,8,"[-0.5499999999999999, 0.25]",descriptive
all,stock_cherries,40,40,0,44.425,39.1,-5.325,-5.325,8,"[-20.475, 4.5]",descriptive
all,stock_fabric,40,40,0,0,0,0,0,8,"[0, 0]",descriptive
all,stock_food,40,40,0,56.25,58.525,2.275,2.2750000000000004,8,"[-2.875, 7.175]",descriptive
all,stock_glass,40,40,0,0,0,0,0,8,"[0, 0]",descriptive
all,stock_gold,40,40,0,0,0,0,0,8,"[0, 0]",descriptive
all,stock_metal,40,40,0,0,0,0,0,8,"[0, 0]",descriptive
all,stock_oranges,40,40,0,26,32.375,6.375,6.375,8,"[-0.675, 19.799999999999997]",descriptive
all,stock_paper,40,40,0,0,0,0,0,8,"[0, 0]",descriptive
all,stock_prunes,40,40,0,42.475,32.425,-10.05,-10.05,8,"[-26.55, 0]",descriptive
all,stock_stone,40,40,0,3.625,4.375,0.75,0.75,8,"[-0.2, 2.125]",descriptive
all,stock_wood,40,40,0,6.475,6.55,0.075,0.07499999999999997,8,"[-2.075, 2.3249999999999997]",descriptive
all,surviving_teams,40,40,0,1.825,1.85,0.025,0.02500000000000001,8,"[-0.19999999999999998, 0.2]",descriptive
all,tick_cap,40,40,0,0.625,0.6,-0.025,-0.025,8,"[-0.15000000000000002, 0.1]",descriptive
all,ticks,40,40,0,77971.55,78361.6,390.05,390.05,8,"[-1241.5, 2413.5]",descriptive
all,units,40,40,0,58.25,59.85,1.6,1.6,8,"[1.3877787807814457e-17, 3.3499999999999996]",descriptive
all,unresolved_outcome,40,40,0,0.625,0.6,-0.025,-0.025,8,"[-0.15000000000000002, 0.1]",descriptive
all,upgrades,40,40,0,8.275,8.6,0.325,0.32499999999999996,8,"[-0.09999999999999999, 0.7999999999999999]",descriptive
all,warriors,40,40,0,20.325,22.5,2.175,2.1750000000000003,8,"[-0.09999999999999999, 5.525]",descriptive
all,withdrawn_algae,40,40,0,0,0,0,0,8,"[0, 0]",descriptive
all,withdrawn_cherries,40,40,0,0,0,0,0,8,"[0, 0]",descriptive
all,withdrawn_fabric,40,40,0,0,0,0,0,8,"[0, 0]",descriptive
all,withdrawn_food,40,40,0,0,0,0,0,8,"[0, 0]",descriptive
all,withdrawn_glass,40,40,0,0,0,0,0,8,"[0, 0]",descriptive
all,withdrawn_gold,40,40,0,0,0,0,0,8,"[0, 0]",descriptive
all,withdrawn_metal,40,40,0,0,0,0,0,8,"[0, 0]",descriptive
all,withdrawn_oranges,40,40,0,0,0,0,0,8,"[0, 0]",descriptive
all,withdrawn_paper,40,40,0,0,0,0,0,8,"[0, 0]",descriptive
all,withdrawn_prunes,40,40,0,0,0,0,0,8,"[0, 0]",descriptive
all,withdrawn_stone,40,40,0,0,0,0,0,8,"[0, 0]",descriptive
all,withdrawn_wood,40,40,0,0,0,0,0,8,"[0, 0]",descriptive
all,workers,40,40,0,33.275,33.1,-0.175,-0.17499999999999996,8,"[-2.025, 2.0]",descriptive
cortex,births,8,8,0,214.125,214.125,0,0,8,"[0, 0]",descriptive
cortex,buildings,8,8,0,36.75,36.75,0,0,8,"[0, 0]",descriptive
cortex,carried_algae,8,8,0,0,0,0,0,8,"[0, 0]",descriptive
cortex,carried_cherries,8,8,0,0,0,0,0,8,"[0, 0]",descriptive
cortex,carried_fabric,8,8,0,0,0,0,0,8,"[0, 0]",descriptive
cortex,carried_food,8,8,0,6.125,6.125,0,0,8,"[0, 0]",descriptive
cortex,carried_glass,8,8,0,0,0,0,0,8,"[0, 0]",descriptive
cortex,carried_gold,8,8,0,0,0,0,0,8,"[0, 0]",descriptive
cortex,carried_metal,8,8,0,0,0,0,0,8,"[0, 0]",descriptive
cortex,carried_oranges,8,8,0,0,0,0,0,8,"[0, 0]",descriptive
cortex,carried_paper,8,8,0,0,0,0,0,8,"[0, 0]",descriptive
cortex,carried_prunes,8,8,0,0,0,0,0,8,"[0, 0]",descriptive
cortex,carried_stone,8,8,0,0.25,0.25,0,0,8,"[0, 0]",descriptive
cortex,carried_wood,8,8,0,0.25,0.25,0,0,8,"[0, 0]",descriptive
cortex,consumed_ammunition_algae,8,8,0,0,0,0,0,8,"[0, 0]",descriptive
cortex,consumed_ammunition_cherries,8,8,0,0,0,0,0,8,"[0, 0]",descriptive
cortex,consumed_ammunition_fabric,8,8,0,0,0,0,0,8,"[0, 0]",descriptive
cortex,consumed_ammunition_food,8,8,0,0,0,0,0,8,"[0, 0]",descriptive
cortex,consumed_ammunition_glass,8,8,0,0,0,0,0,8,"[0, 0]",descriptive
cortex,consumed_ammunition_gold,8,8,0,0,0,0,0,8,"[0, 0]",descriptive
cortex,consumed_ammunition_metal,8,8,0,0,0,0,0,8,"[0, 0]",descriptive
cortex,consumed_ammunition_oranges,8,8,0,0,0,0,0,8,"[0, 0]",descriptive
cortex,consumed_ammunition_paper,8,8,0,0,0,0,0,8,"[0, 0]",descriptive
cortex,consumed_ammunition_prunes,8,8,0,0,0,0,0,8,"[0, 0]",descriptive
cortex,consumed_ammunition_stone,8,8,0,0,0,0,0,8,"[0, 0]",descriptive
cortex,consumed_ammunition_wood,8,8,0,0,0,0,0,8,"[0, 0]",descriptive
cortex,consumed_births_algae,8,8,0,0,0,0,0,8,"[0, 0]",descriptive
cortex,consumed_births_cherries,8,8,0,0,0,0,0,8,"[0, 0]",descriptive
cortex,consumed_births_fabric,8,8,0,0,0,0,0,8,"[0, 0]",descriptive
cortex,consumed_births_food,8,8,0,1070.625,1070.625,0,0,8,"[0, 0]",descriptive
cortex,consumed_births_glass,8,8,0,0,0,0,0,8,"[0, 0]",descriptive
cortex,consumed_births_gold,8,8,0,0,0,0,0,8,"[0, 0]",descriptive
cortex,consumed_births_metal,8,8,0,0,0,0,0,8,"[0, 0]",descriptive
cortex,consumed_births_oranges,8,8,0,0,0,0,0,8,"[0, 0]",descriptive
cortex,consumed_births_paper,8,8,0,0,0,0,0,8,"[0, 0]",descriptive
cortex,consumed_births_prunes,8,8,0,0,0,0,0,8,"[0, 0]",descriptive
cortex,consumed_births_stone,8,8,0,0,0,0,0,8,"[0, 0]",descriptive
cortex,consumed_births_wood,8,8,0,0,0,0,0,8,"[0, 0]",descriptive
cortex,consumed_construction_algae,8,8,0,2.25,2.25,0,0,8,"[0, 0]",descriptive
cortex,consumed_construction_cherries,8,8,0,0,0,0,0,8,"[0, 0]",descriptive
cortex,consumed_construction_fabric,8,8,0,0,0,0,0,8,"[0, 0]",descriptive
cortex,consumed_construction_food,8,8,0,61.25,61.25,0,0,8,"[0, 0]",descriptive
cortex,consumed_construction_glass,8,8,0,0,0,0,0,8,"[0, 0]",descriptive
cortex,consumed_construction_gold,8,8,0,0,0,0,0,8,"[0, 0]",descriptive
cortex,consumed_construction_metal,8,8,0,0,0,0,0,8,"[0, 0]",descriptive
cortex,consumed_construction_oranges,8,8,0,0,0,0,0,8,"[0, 0]",descriptive
cortex,consumed_construction_paper,8,8,0,0,0,0,0,8,"[0, 0]",descriptive
cortex,consumed_construction_prunes,8,8,0,0,0,0,0,8,"[0, 0]",descriptive
cortex,consumed_construction_stone,8,8,0,3.125,3.125,0,0,8,"[0, 0]",descriptive
cortex,consumed_construction_wood,8,8,0,157.5,157.5,0,0,8,"[0, 0]",descriptive
cortex,consumed_healing_algae,8,8,0,0,0,0,0,8,"[0, 0]",descriptive
cortex,consumed_healing_cherries,8,8,0,0,0,0,0,8,"[0, 0]",descriptive
cortex,consumed_healing_fabric,8,8,0,0,0,0,0,8,"[0, 0]",descriptive
cortex,consumed_healing_food,8,8,0,0,0,0,0,8,"[0, 0]",descriptive
cortex,consumed_healing_glass,8,8,0,0,0,0,0,8,"[0, 0]",descriptive
cortex,consumed_healing_gold,8,8,0,0,0,0,0,8,"[0, 0]",descriptive
cortex,consumed_healing_metal,8,8,0,0,0,0,0,8,"[0, 0]",descriptive
cortex,consumed_healing_oranges,8,8,0,0,0,0,0,8,"[0, 0]",descriptive
cortex,consumed_healing_paper,8,8,0,0,0,0,0,8,"[0, 0]",descriptive
cortex,consumed_healing_prunes,8,8,0,0,0,0,0,8,"[0, 0]",descriptive
cortex,consumed_healing_stone,8,8,0,0,0,0,0,8,"[0, 0]",descriptive
cortex,consumed_healing_wood,8,8,0,0,0,0,0,8,"[0, 0]",descriptive
cortex,consumed_meals_algae,8,8,0,0,0,0,0,8,"[0, 0]",descriptive
cortex,consumed_meals_cherries,8,8,0,43.625,43.625,0,0,8,"[0, 0]",descriptive
cortex,consumed_meals_fabric,8,8,0,0,0,0,0,8,"[0, 0]",descriptive
cortex,consumed_meals_food,8,8,0,665.125,665.125,0,0,8,"[0, 0]",descriptive
cortex,consumed_meals_glass,8,8,0,0,0,0,0,8,"[0, 0]",descriptive
cortex,consumed_meals_gold,8,8,0,0,0,0,0,8,"[0, 0]",descriptive
cortex,consumed_meals_metal,8,8,0,0,0,0,0,8,"[0, 0]",descriptive
cortex,consumed_meals_oranges,8,8,0,47.125,47.125,0,0,8,"[0, 0]",descriptive
cortex,consumed_meals_paper,8,8,0,0,0,0,0,8,"[0, 0]",descriptive
cortex,consumed_meals_prunes,8,8,0,9.125,9.125,0,0,8,"[0, 0]",descriptive
cortex,consumed_meals_stone,8,8,0,0,0,0,0,8,"[0, 0]",descriptive
cortex,consumed_meals_wood,8,8,0,0,0,0,0,8,"[0, 0]",descriptive
cortex,consumed_training_algae,8,8,0,0,0,0,0,8,"[0, 0]",descriptive
cortex,consumed_training_cherries,8,8,0,0,0,0,0,8,"[0, 0]",descriptive
cortex,consumed_training_fabric,8,8,0,0,0,0,0,8,"[0, 0]",descriptive
cortex,consumed_training_food,8,8,0,0,0,0,0,8,"[0, 0]",descriptive
cortex,consumed_training_glass,8,8,0,0,0,0,0,8,"[0, 0]",descriptive
cortex,consumed_training_gold,8,8,0,0,0,0,0,8,"[0, 0]",descriptive
cortex,consumed_training_metal,8,8,0,0,0,0,0,8,"[0, 0]",descriptive
cortex,consumed_training_oranges,8,8,0,0,0,0,0,8,"[0, 0]",descriptive
cortex,consumed_training_paper,8,8,0,0,0,0,0,8,"[0, 0]",descriptive
cortex,consumed_training_prunes,8,8,0,0,0,0,0,8,"[0, 0]",descriptive
cortex,consumed_training_stone,8,8,0,0,0,0,0,8,"[0, 0]",descriptive
cortex,consumed_training_wood,8,8,0,0,0,0,0,8,"[0, 0]",descriptive
cortex,consumed_upgrades_algae,8,8,0,12.75,12.75,0,0,8,"[0, 0]",descriptive
cortex,consumed_upgrades_cherries,8,8,0,0,0,0,0,8,"[0, 0]",descriptive
cortex,consumed_upgrades_fabric,8,8,0,0,0,0,0,8,"[0, 0]",descriptive
cortex,consumed_upgrades_food,8,8,0,1.5,1.5,0,0,8,"[0, 0]",descriptive
cortex,consumed_upgrades_glass,8,8,0,0,0,0,0,8,"[0, 0]",descriptive
cortex,consumed_upgrades_gold,8,8,0,0,0,0,0,8,"[0, 0]",descriptive
cortex,consumed_upgrades_metal,8,8,0,0,0,0,0,8,"[0, 0]",descriptive
cortex,consumed_upgrades_oranges,8,8,0,0,0,0,0,8,"[0, 0]",descriptive
cortex,consumed_upgrades_paper,8,8,0,0,0,0,0,8,"[0, 0]",descriptive
cortex,consumed_upgrades_prunes,8,8,0,0,0,0,0,8,"[0, 0]",descriptive
cortex,consumed_upgrades_stone,8,8,0,49.5,49.5,0,0,8,"[0, 0]",descriptive
cortex,consumed_upgrades_wood,8,8,0,91.125,91.125,0,0,8,"[0, 0]",descriptive
cortex,delivered_algae,8,8,0,16.125,16.125,0,0,8,"[0, 0]",descriptive
cortex,delivered_algae_per_1000_ticks,8,8,0,0.17916666666666667,0.17916666666666667,0.0,0.0,8,"[0.0, 0.0]",descriptive
cortex,delivered_cherries,8,8,0,62.75,62.75,0,0,8,"[0, 0]",descriptive
cortex,delivered_cherries_per_1000_ticks,8,8,0,0.6972222222222223,0.6972222222222223,0.0,0.0,8,"[0.0, 0.0]",descriptive
cortex,delivered_fabric,8,8,0,0,0,0,0,8,"[0, 0]",descriptive
cortex,delivered_fabric_per_1000_ticks,8,8,0,0.0,0.0,0.0,0.0,8,"[0.0, 0.0]",descriptive
cortex,delivered_food,8,8,0,1870,1870,0,0,8,"[0, 0]",descriptive
cortex,delivered_food_per_1000_ticks,8,8,0,20.77777777777778,20.77777777777778,0.0,0.0,8,"[0.0, 0.0]",descriptive
cortex,delivered_glass,8,8,0,0,0,0,0,8,"[0, 0]",descriptive
cortex,delivered_glass_per_1000_ticks,8,8,0,0.0,0.0,0.0,0.0,8,"[0.0, 0.0]",descriptive
cortex,delivered_gold,8,8,0,0,0,0,0,8,"[0, 0]",descriptive
cortex,delivered_gold_per_1000_ticks,8,8,0,0.0,0.0,0.0,0.0,8,"[0.0, 0.0]",descriptive
cortex,delivered_metal,8,8,0,0,0,0,0,8,"[0, 0]",descriptive
cortex,delivered_metal_per_1000_ticks,8,8,0,0.0,0.0,0.0,0.0,8,"[0.0, 0.0]",descriptive
cortex,delivered_oranges,8,8,0,63.5,63.5,0,0,8,"[0, 0]",descriptive
cortex,delivered_oranges_per_1000_ticks,8,8,0,0.7055555555555555,0.7055555555555555,0.0,0.0,8,"[0.0, 0.0]",descriptive
cortex,delivered_paper,8,8,0,0,0,0,0,8,"[0, 0]",descriptive
cortex,delivered_paper_per_1000_ticks,8,8,0,0.0,0.0,0.0,0.0,8,"[0.0, 0.0]",descriptive
cortex,delivered_prunes,8,8,0,13.75,13.75,0,0,8,"[0, 0]",descriptive
cortex,delivered_prunes_per_1000_ticks,8,8,0,0.1527777777777778,0.1527777777777778,0.0,0.0,8,"[0.0, 0.0]",descriptive
cortex,delivered_stone,8,8,0,53.5,53.5,0,0,8,"[0, 0]",descriptive
cortex,delivered_stone_per_1000_ticks,8,8,0,0.5944444444444444,0.5944444444444444,0.0,0.0,8,"[0.0, 0.0]",descriptive
cortex,delivered_wood,8,8,0,251.75,251.75,0,0,8,"[0, 0]",descriptive
cortex,delivered_wood_per_1000_ticks,8,8,0,2.7972222222222225,2.7972222222222225,0.0,0.0,8,"[0.0, 0.0]",descriptive
cortex,first_upgrade_observed_fraction,8,8,0,0.28125,0.28125,0.0,0.0,8,"[0.0, 0.0]",descriptive
cortex,first_upgrade_waiting_lower_ticks,8,8,0,70207.5,70207.5,0.0,0.0,8,"[0.0, 0.0]",descriptive; CI excludes within512tick interval and competing-event uncertainty
cortex,first_upgrade_waiting_upper_ticks,8,8,0,70351.5,70351.5,0.0,0.0,8,"[0.0, 0.0]",descriptive; CI excludes within512tick interval and competing-event uncertainty
cortex,harvested_algae,8,8,0,18,18,0,0,8,"[0, 0]",descriptive
cortex,harvested_algae_per_1000_ticks,8,8,0,0.2,0.2,0.0,0.0,8,"[0.0, 0.0]",descriptive
cortex,harvested_cherries,8,8,0,10.125,10.125,0,0,8,"[0, 0]",descriptive
cortex,harvested_cherries_per_1000_ticks,8,8,0,0.1125,0.1125,0.0,0.0,8,"[0.0, 0.0]",descriptive
cortex,harvested_fabric,8,8,0,0,0,0,0,8,"[0, 0]",descriptive
cortex,harvested_fabric_per_1000_ticks,8,8,0,0.0,0.0,0.0,0.0,8,"[0.0, 0.0]",descriptive
cortex,harvested_food,8,8,0,1898,1898,0,0,8,"[0, 0]",descriptive
cortex,harvested_food_per_1000_ticks,8,8,0,21.08888888888889,21.08888888888889,0.0,0.0,8,"[0.0, 0.0]",descriptive
cortex,harvested_glass,8,8,0,0,0,0,0,8,"[0, 0]",descriptive
cortex,harvested_glass_per_1000_ticks,8,8,0,0.0,0.0,0.0,0.0,8,"[0.0, 0.0]",descriptive
cortex,harvested_gold,8,8,0,0,0,0,0,8,"[0, 0]",descriptive
cortex,harvested_gold_per_1000_ticks,8,8,0,0.0,0.0,0.0,0.0,8,"[0.0, 0.0]",descriptive
cortex,harvested_metal,8,8,0,0,0,0,0,8,"[0, 0]",descriptive
cortex,harvested_metal_per_1000_ticks,8,8,0,0.0,0.0,0.0,0.0,8,"[0.0, 0.0]",descriptive
cortex,harvested_oranges,8,8,0,9.875,9.875,0,0,8,"[0, 0]",descriptive
cortex,harvested_oranges_per_1000_ticks,8,8,0,0.10972222222222223,0.10972222222222223,0.0,0.0,8,"[0.0, 0.0]",descriptive
cortex,harvested_paper,8,8,0,0,0,0,0,8,"[0, 0]",descriptive
cortex,harvested_paper_per_1000_ticks,8,8,0,0.0,0.0,0.0,0.0,8,"[0.0, 0.0]",descriptive
cortex,harvested_prunes,8,8,0,1.375,1.375,0,0,8,"[0, 0]",descriptive
cortex,harvested_prunes_per_1000_ticks,8,8,0,0.015277777777777777,0.015277777777777777,0.0,0.0,8,"[0.0, 0.0]",descriptive
cortex,harvested_stone,8,8,0,58.625,58.625,0,0,8,"[0, 0]",descriptive
cortex,harvested_stone_per_1000_ticks,8,8,0,0.6513888888888889,0.6513888888888889,0.0,0.0,8,"[0.0, 0.0]",descriptive
cortex,harvested_wood,8,8,0,264.625,264.625,0,0,8,"[0, 0]",descriptive
cortex,harvested_wood_per_1000_ticks,8,8,0,2.9402777777777778,2.9402777777777778,0.0,0.0,8,"[0.0, 0.0]",descriptive
cortex,needFood,8,8,0,7.625,7.625,0,0,8,"[0, 0]",descriptive
cortex,needFoodCritical,8,8,0,23.5,23.5,0,0,8,"[0, 0]",descriptive
cortex,needFoodNoInns,8,8,0,28.125,28.125,0,0,8,"[0, 0]",descriptive
cortex,new_buildings,8,8,0,40.125,40.125,0,0,8,"[0, 0]",descriptive
cortex,new_buildings_10_observed_fraction,8,8,0,0.5625,0.5625,0.0,0.0,8,"[0.0, 0.0]",descriptive
cortex,new_buildings_10_waiting_lower_ticks,8,8,0,60975.0,60975.0,0.0,0.0,8,"[0.0, 0.0]",descriptive; CI excludes within512tick interval and competing-event uncertainty
cortex,new_buildings_10_waiting_upper_ticks,8,8,0,61263.0,61263.0,0.0,0.0,8,"[0.0, 0.0]",descriptive; CI excludes within512tick interval and competing-event uncertainty
cortex,new_buildings_1_observed_fraction,8,8,0,1.0,1.0,0.0,0.0,8,"[0.0, 0.0]",descriptive
cortex,new_buildings_1_waiting_lower_ticks,8,8,0,2016.0,2016.0,0.0,0.0,8,"[0.0, 0.0]",descriptive; CI excludes within512tick interval and competing-event uncertainty
cortex,new_buildings_1_waiting_upper_ticks,8,8,0,2528.0,2528.0,0.0,0.0,8,"[0.0, 0.0]",descriptive; CI excludes within512tick interval and competing-event uncertainty
cortex,new_buildings_5_observed_fraction,8,8,0,0.96875,0.96875,0.0,0.0,8,"[0.0, 0.0]",descriptive
cortex,new_buildings_5_waiting_lower_ticks,8,8,0,12204.5,12204.5,0.0,0.0,8,"[0.0, 0.0]",descriptive; CI excludes within512tick interval and competing-event uncertainty
cortex,new_buildings_5_waiting_upper_ticks,8,8,0,12700.5,12700.5,0.0,0.0,8,"[0.0, 0.0]",descriptive; CI excludes within512tick interval and competing-event uncertainty
cortex,observed_winner_set_change,8,0,8,,,,,,,
cortex,resolution_status_change,8,8,0,0,0,0,0,8,"[0, 0]",descriptive
cortex,resolved_match_win_cortex,8,0,8,,,,,,,
cortex,resolved_outcome,8,8,0,0,0,0,0,8,"[0, 0]",descriptive
cortex,resolved_win_team_share_cortex,8,0,8,,,,,,,
cortex,sites,8,8,0,4.25,4.25,0,0,8,"[0, 0]",descriptive
cortex,starvation_deaths,8,8,0,133.25,133.25,0,0,8,"[0, 0]",descriptive
cortex,stock_algae,8,8,0,1.125,1.125,0,0,8,"[0, 0]",descriptive
cortex,stock_cherries,8,8,0,2.875,2.875,0,0,8,"[0, 0]",descriptive
cortex,stock_fabric,8,8,0,0,0,0,0,8,"[0, 0]",descriptive
cortex,stock_food,8,8,0,61.75,61.75,0,0,8,"[0, 0]",descriptive
cortex,stock_glass,8,8,0,0,0,0,0,8,"[0, 0]",descriptive
cortex,stock_gold,8,8,0,0,0,0,0,8,"[0, 0]",descriptive
cortex,stock_metal,8,8,0,0,0,0,0,8,"[0, 0]",descriptive
cortex,stock_oranges,8,8,0,5.125,5.125,0,0,8,"[0, 0]",descriptive
cortex,stock_paper,8,8,0,0,0,0,0,8,"[0, 0]",descriptive
cortex,stock_prunes,8,8,0,4.625,4.625,0,0,8,"[0, 0]",descriptive
cortex,stock_stone,8,8,0,0.875,0.875,0,0,8,"[0, 0]",descriptive
cortex,stock_wood,8,8,0,3,3,0,0,8,"[0, 0]",descriptive
cortex,surviving_teams,8,8,0,2.5,2.5,0,0,8,"[0, 0]",descriptive
cortex,tick_cap,8,8,0,1,1,0,0,8,"[0, 0]",descriptive
cortex,ticks,8,8,0,90000,90000,0,0,8,"[0, 0]",descriptive
cortex,units,8,8,0,78.5,78.5,0,0,8,"[0, 0]",descriptive
cortex,unresolved_outcome,8,8,0,1,1,0,0,8,"[0, 0]",descriptive
cortex,upgrades,8,8,0,13.25,13.25,0,0,8,"[0, 0]",descriptive
cortex,warriors,8,8,0,48.375,48.375,0,0,8,"[0, 0]",descriptive
cortex,withdrawn_algae,8,8,0,0,0,0,0,8,"[0, 0]",descriptive
cortex,withdrawn_cherries,8,8,0,0,0,0,0,8,"[0, 0]",descriptive
cortex,withdrawn_fabric,8,8,0,0,0,0,0,8,"[0, 0]",descriptive
cortex,withdrawn_food,8,8,0,0,0,0,0,8,"[0, 0]",descriptive
cortex,withdrawn_glass,8,8,0,0,0,0,0,8,"[0, 0]",descriptive
cortex,withdrawn_gold,8,8,0,0,0,0,0,8,"[0, 0]",descriptive
cortex,withdrawn_metal,8,8,0,0,0,0,0,8,"[0, 0]",descriptive
cortex,withdrawn_oranges,8,8,0,0,0,0,0,8,"[0, 0]",descriptive
cortex,withdrawn_paper,8,8,0,0,0,0,0,8,"[0, 0]",descriptive
cortex,withdrawn_prunes,8,8,0,0,0,0,0,8,"[0, 0]",descriptive
cortex,withdrawn_stone,8,8,0,0,0,0,0,8,"[0, 0]",descriptive
cortex,withdrawn_wood,8,8,0,0,0,0,0,8,"[0, 0]",descriptive
cortex,workers,8,8,0,28.75,28.75,0,0,8,"[0, 0]",descriptive
maxima,births,8,8,0,116.375,114.125,-2.25,-2.25,8,"[-6.75, 0]",descriptive
maxima,buildings,8,8,0,24.25,24.25,0,0,8,"[0, 0]",descriptive
maxima,carried_algae,8,8,0,0.5,0.625,0.125,0.125,8,"[0, 0.375]",descriptive
maxima,carried_cherries,8,8,0,0.375,0.75,0.375,0.375,8,"[0, 1.125]",descriptive
maxima,carried_fabric,8,8,0,0,0,0,0,8,"[0, 0]",descriptive
maxima,carried_food,8,8,0,7.25,7.375,0.125,0.125,8,"[0, 0.375]",descriptive
maxima,carried_glass,8,8,0,0,0,0,0,8,"[0, 0]",descriptive
maxima,carried_gold,8,8,0,0,0,0,0,8,"[0, 0]",descriptive
maxima,carried_metal,8,8,0,0,0,0,0,8,"[0, 0]",descriptive
maxima,carried_oranges,8,8,0,1.75,2.125,0.375,0.375,8,"[0, 1.125]",descriptive
maxima,carried_paper,8,8,0,0,0,0,0,8,"[0, 0]",descriptive
maxima,carried_prunes,8,8,0,0.75,0.125,-0.625,-0.625,8,"[-1.875, 0]",descriptive
maxima,carried_stone,8,8,0,0.5,0.625,0.125,0.125,8,"[0, 0.375]",descriptive
maxima,carried_wood,8,8,0,1,1.125,0.125,0.125,8,"[0, 0.375]",descriptive
maxima,consumed_ammunition_algae,8,8,0,0,0,0,0,8,"[0, 0]",descriptive
maxima,consumed_ammunition_cherries,8,8,0,0,0,0,0,8,"[0, 0]",descriptive
maxima,consumed_ammunition_fabric,8,8,0,0,0,0,0,8,"[0, 0]",descriptive
maxima,consumed_ammunition_food,8,8,0,0,0,0,0,8,"[0, 0]",descriptive
maxima,consumed_ammunition_glass,8,8,0,0,0,0,0,8,"[0, 0]",descriptive
maxima,consumed_ammunition_gold,8,8,0,0,0,0,0,8,"[0, 0]",descriptive
maxima,consumed_ammunition_metal,8,8,0,0,0,0,0,8,"[0, 0]",descriptive
maxima,consumed_ammunition_oranges,8,8,0,0,0,0,0,8,"[0, 0]",descriptive
maxima,consumed_ammunition_paper,8,8,0,0,0,0,0,8,"[0, 0]",descriptive
maxima,consumed_ammunition_prunes,8,8,0,0,0,0,0,8,"[0, 0]",descriptive
maxima,consumed_ammunition_stone,8,8,0,9.5,9.5,0,0,8,"[0, 0]",descriptive
maxima,consumed_ammunition_wood,8,8,0,0,0,0,0,8,"[0, 0]",descriptive
maxima,consumed_births_algae,8,8,0,0,0,0,0,8,"[0, 0]",descriptive
maxima,consumed_births_cherries,8,8,0,0,0,0,0,8,"[0, 0]",descriptive
maxima,consumed_births_fabric,8,8,0,0,0,0,0,8,"[0, 0]",descriptive
maxima,consumed_births_food,8,8,0,581.875,570.625,-11.25,-11.25,8,"[-33.75, 0]",descriptive
maxima,consumed_births_glass,8,8,0,0,0,0,0,8,"[0, 0]",descriptive
maxima,consumed_births_gold,8,8,0,0,0,0,0,8,"[0, 0]",descriptive
maxima,consumed_births_metal,8,8,0,0,0,0,0,8,"[0, 0]",descriptive
maxima,consumed_births_oranges,8,8,0,0,0,0,0,8,"[0, 0]",descriptive
maxima,consumed_births_paper,8,8,0,0,0,0,0,8,"[0, 0]",descriptive
maxima,consumed_births_prunes,8,8,0,0,0,0,0,8,"[0, 0]",descriptive
maxima,consumed_births_stone,8,8,0,0,0,0,0,8,"[0, 0]",descriptive
maxima,consumed_births_wood,8,8,0,0,0,0,0,8,"[0, 0]",descriptive
maxima,consumed_construction_algae,8,8,0,3,2.75,-0.25,-0.25,8,"[-0.75, 0]",descriptive
maxima,consumed_construction_cherries,8,8,0,0,0,0,0,8,"[0, 0]",descriptive
maxima,consumed_construction_fabric,8,8,0,0,0,0,0,8,"[0, 0]",descriptive
maxima,consumed_construction_food,8,8,0,39.375,39.375,0,0,8,"[0, 0]",descriptive
maxima,consumed_construction_glass,8,8,0,0,0,0,0,8,"[0, 0]",descriptive
maxima,consumed_construction_gold,8,8,0,0,0,0,0,8,"[0, 0]",descriptive
maxima,consumed_construction_metal,8,8,0,0,0,0,0,8,"[0, 0]",descriptive
maxima,consumed_construction_oranges,8,8,0,0,0,0,0,8,"[0, 0]",descriptive
maxima,consumed_construction_paper,8,8,0,0,0,0,0,8,"[0, 0]",descriptive
maxima,consumed_construction_prunes,8,8,0,0,0,0,0,8,"[0, 0]",descriptive
maxima,consumed_construction_stone,8,8,0,0.5,0.375,-0.125,-0.125,8,"[-0.375, 0]",descriptive
maxima,consumed_construction_wood,8,8,0,165.5,165,-0.5,-0.5,8,"[-1.5, 0]",descriptive
maxima,consumed_healing_algae,8,8,0,0,0,0,0,8,"[0, 0]",descriptive
maxima,consumed_healing_cherries,8,8,0,0,0,0,0,8,"[0, 0]",descriptive
maxima,consumed_healing_fabric,8,8,0,0,0,0,0,8,"[0, 0]",descriptive
maxima,consumed_healing_food,8,8,0,0,0,0,0,8,"[0, 0]",descriptive
maxima,consumed_healing_glass,8,8,0,0,0,0,0,8,"[0, 0]",descriptive
maxima,consumed_healing_gold,8,8,0,0,0,0,0,8,"[0, 0]",descriptive
maxima,consumed_healing_metal,8,8,0,0,0,0,0,8,"[0, 0]",descriptive
maxima,consumed_healing_oranges,8,8,0,0,0,0,0,8,"[0, 0]",descriptive
maxima,consumed_healing_paper,8,8,0,0,0,0,0,8,"[0, 0]",descriptive
maxima,consumed_healing_prunes,8,8,0,0,0,0,0,8,"[0, 0]",descriptive
maxima,consumed_healing_stone,8,8,0,0,0,0,0,8,"[0, 0]",descriptive
maxima,consumed_healing_wood,8,8,0,0,0,0,0,8,"[0, 0]",descriptive
maxima,consumed_meals_algae,8,8,0,0,0,0,0,8,"[0, 0]",descriptive
maxima,consumed_meals_cherries,8,8,0,131.125,140.625,9.5,9.5,8,"[0, 28.5]",descriptive
maxima,consumed_meals_fabric,8,8,0,0,0,0,0,8,"[0, 0]",descriptive
maxima,consumed_meals_food,8,8,0,386.375,374,-12.375,-12.375,8,"[-37.125, 0]",descriptive
maxima,consumed_meals_glass,8,8,0,0,0,0,0,8,"[0, 0]",descriptive
maxima,consumed_meals_gold,8,8,0,0,0,0,0,8,"[0, 0]",descriptive
maxima,consumed_meals_metal,8,8,0,0,0,0,0,8,"[0, 0]",descriptive
maxima,consumed_meals_oranges,8,8,0,134,133,-1,-1,8,"[-3, 0]",descriptive
maxima,consumed_meals_paper,8,8,0,0,0,0,0,8,"[0, 0]",descriptive
maxima,consumed_meals_prunes,8,8,0,70.375,64.625,-5.75,-5.75,8,"[-17.25, 0]",descriptive
maxima,consumed_meals_stone,8,8,0,0,0,0,0,8,"[0, 0]",descriptive
maxima,consumed_meals_wood,8,8,0,0,0,0,0,8,"[0, 0]",descriptive
maxima,consumed_training_algae,8,8,0,0,0,0,0,8,"[0, 0]",descriptive
maxima,consumed_training_cherries,8,8,0,0,0,0,0,8,"[0, 0]",descriptive
maxima,consumed_training_fabric,8,8,0,0,0,0,0,8,"[0, 0]",descriptive
maxima,consumed_training_food,8,8,0,0,0,0,0,8,"[0, 0]",descriptive
maxima,consumed_training_glass,8,8,0,0,0,0,0,8,"[0, 0]",descriptive
maxima,consumed_training_gold,8,8,0,0,0,0,0,8,"[0, 0]",descriptive
maxima,consumed_training_metal,8,8,0,0,0,0,0,8,"[0, 0]",descriptive
maxima,consumed_training_oranges,8,8,0,0,0,0,0,8,"[0, 0]",descriptive
maxima,consumed_training_paper,8,8,0,0,0,0,0,8,"[0, 0]",descriptive
maxima,consumed_training_prunes,8,8,0,0,0,0,0,8,"[0, 0]",descriptive
maxima,consumed_training_stone,8,8,0,0,0,0,0,8,"[0, 0]",descriptive
maxima,consumed_training_wood,8,8,0,0,0,0,0,8,"[0, 0]",descriptive
maxima,consumed_upgrades_algae,8,8,0,20.25,18,-2.25,-2.25,8,"[-6.75, 0]",descriptive
maxima,consumed_upgrades_cherries,8,8,0,0,0,0,0,8,"[0, 0]",descriptive
maxima,consumed_upgrades_fabric,8,8,0,0,0,0,0,8,"[0, 0]",descriptive
maxima,consumed_upgrades_food,8,8,0,5,4,-1,-1,8,"[-3, 0]",descriptive
maxima,consumed_upgrades_glass,8,8,0,0,0,0,0,8,"[0, 0]",descriptive
maxima,consumed_upgrades_gold,8,8,0,0,0,0,0,8,"[0, 0]",descriptive
maxima,consumed_upgrades_metal,8,8,0,0,0,0,0,8,"[0, 0]",descriptive
maxima,consumed_upgrades_oranges,8,8,0,0,0,0,0,8,"[0, 0]",descriptive
maxima,consumed_upgrades_paper,8,8,0,0,0,0,0,8,"[0, 0]",descriptive
maxima,consumed_upgrades_prunes,8,8,0,0,0,0,0,8,"[0, 0]",descriptive
maxima,consumed_upgrades_stone,8,8,0,49.625,44.875,-4.75,-4.75,8,"[-14.25, 0]",descriptive
maxima,consumed_upgrades_wood,8,8,0,45.875,38.125,-7.75,-7.75,8,"[-23.25, 0]",descriptive
maxima,delivered_algae,8,8,0,24.125,21.75,-2.375,-2.375,8,"[-7.125, 0]",descriptive
maxima,delivered_algae_per_1000_ticks,8,8,0,0.27136296313379404,0.2550435762295488,-0.016319386904245226,-0.016319386904245226,8,"[-0.04895816071273568, 0.0]",descriptive
maxima,delivered_cherries,8,8,0,201,214,13,13,8,"[0, 39]",descriptive
maxima,delivered_cherries_per_1000_ticks,8,8,0,2.521573580437152,2.76589659862117,0.24432301818401814,0.24432301818401814,8,"[0.0, 0.7329690545520544]",descriptive
maxima,delivered_fabric,8,8,0,0,0,0,0,8,"[0, 0]",descriptive
maxima,delivered_fabric_per_1000_ticks,8,8,0,0.0,0.0,0.0,0.0,8,"[0.0, 0.0]",descriptive
maxima,delivered_food,8,8,0,1106,1084.875,-21.125,-21.125,8,"[-63.375, 0]",descriptive
maxima,delivered_food_per_1000_ticks,8,8,0,15.382354105015185,15.364443682282138,-0.017910422733047326,-0.017910422733047326,8,"[-0.05373126819914198, 0.0]",descriptive
maxima,delivered_glass,8,8,0,0,0,0,0,8,"[0, 0]",descriptive
maxima,delivered_glass_per_1000_ticks,8,8,0,0.0,0.0,0.0,0.0,8,"[0.0, 0.0]",descriptive
maxima,delivered_gold,8,8,0,0,0,0,0,8,"[0, 0]",descriptive
maxima,delivered_gold_per_1000_ticks,8,8,0,0.0,0.0,0.0,0.0,8,"[0.0, 0.0]",descriptive
maxima,delivered_metal,8,8,0,0,0,0,0,8,"[0, 0]",descriptive
maxima,delivered_metal_per_1000_ticks,8,8,0,0.0,0.0,0.0,0.0,8,"[0.0, 0.0]",descriptive
maxima,delivered_oranges,8,8,0,218.375,220.5,2.125,2.125,8,"[0, 6.375]",descriptive
maxima,delivered_oranges_per_1000_ticks,8,8,0,3.3846102750014744,3.469091979190927,0.08448170418945244,0.08448170418945244,8,"[0.0, 0.25344511256835733]",descriptive
maxima,delivered_paper,8,8,0,0,0,0,0,8,"[0, 0]",descriptive
maxima,delivered_paper_per_1000_ticks,8,8,0,0.0,0.0,0.0,0.0,8,"[0.0, 0.0]",descriptive
maxima,delivered_prunes,8,8,0,108.75,102.25,-6.5,-6.5,8,"[-19.5, 0]",descriptive
maxima,delivered_prunes_per_1000_ticks,8,8,0,1.398257071256962,1.3721186959554514,-0.02613837530151064,-0.02613837530151064,8,"[-0.07841512590453192, 0.0]",descriptive
maxima,delivered_stone,8,8,0,66.375,61.5,-4.875,-4.875,8,"[-14.625, 0]",descriptive
maxima,delivered_stone_per_1000_ticks,8,8,0,0.7758295157650638,0.739806095917575,-0.03602341984748886,-0.03602341984748886,8,"[-0.10807025954246657, 0.0]",descriptive
maxima,delivered_wood,8,8,0,230.75,222.75,-8,-8,8,"[-24, 0]",descriptive
maxima,delivered_wood_per_1000_ticks,8,8,0,3.1544266379402877,3.1173367187201513,-0.03708991922013627,-0.03708991922013627,8,"[-0.11126975766040881, 0.0]",descriptive
maxima,first_upgrade_observed_fraction,8,8,0,0.125,0.125,0.0,0.0,8,"[0.0, 0.0]",descriptive
maxima,first_upgrade_waiting_lower_ticks,8,8,0,67747.875,67403.0,-344.875,-344.875,8,"[-1034.625, 0.0]",descriptive; CI excludes within512tick interval and competing-event uncertainty
maxima,first_upgrade_waiting_upper_ticks,8,8,0,85774.0,85774.0,0.0,0.0,8,"[0.0, 0.0]",descriptive; CI excludes within512tick interval and competing-event uncertainty
maxima,harvested_algae,8,8,0,26.625,23.5,-3.125,-3.125,8,"[-9.375, 0]",descriptive
maxima,harvested_algae_per_1000_ticks,8,8,0,0.2994557321094993,0.2755287417446879,-0.023926990364811412,-0.023926990364811412,8,"[-0.07178097109443424, 0.0]",descriptive
maxima,harvested_cherries,8,8,0,31.75,33.125,1.375,1.375,8,"[0, 4.125]",descriptive
maxima,harvested_cherries_per_1000_ticks,8,8,0,0.40899128122192896,0.43742291294361063,0.0284316317216817,0.0284316317216817,8,"[0.0, 0.0852948951650451]",descriptive
maxima,harvested_fabric,8,8,0,0,0,0,0,8,"[0, 0]",descriptive
maxima,harvested_fabric_per_1000_ticks,8,8,0,0.0,0.0,0.0,0.0,8,"[0.0, 0.0]",descriptive
maxima,harvested_food,8,8,0,1142.875,1120.375,-22.5,-22.5,8,"[-67.5, 0]",descriptive
maxima,harvested_food_per_1000_ticks,8,8,0,15.890903674508529,15.868782854557402,-0.02212081995112669,-0.02212081995112669,8,"[-0.06636245985338007, 0.0]",descriptive
maxima,harvested_glass,8,8,0,0,0,0,0,8,"[0, 0]",descriptive
maxima,harvested_glass_per_1000_ticks,8,8,0,0.0,0.0,0.0,0.0,8,"[0.0, 0.0]",descriptive
maxima,harvested_gold,8,8,0,0,0,0,0,8,"[0, 0]",descriptive
maxima,harvested_gold_per_1000_ticks,8,8,0,0.0,0.0,0.0,0.0,8,"[0.0, 0.0]",descriptive
maxima,harvested_metal,8,8,0,0,0,0,0,8,"[0, 0]",descriptive
maxima,harvested_metal_per_1000_ticks,8,8,0,0.0,0.0,0.0,0.0,8,"[0.0, 0.0]",descriptive
maxima,harvested_oranges,8,8,0,30.875,31.375,0.5,0.5,8,"[0, 1.5]",descriptive
maxima,harvested_oranges_per_1000_ticks,8,8,0,0.48325804962188473,0.4977037961188374,0.014445746496952655,0.014445746496952655,8,"[0.0, 0.043337239490857965]",descriptive
maxima,harvested_paper,8,8,0,0,0,0,0,8,"[0, 0]",descriptive
maxima,harvested_paper_per_1000_ticks,8,8,0,0.0,0.0,0.0,0.0,8,"[0.0, 0.0]",descriptive
maxima,harvested_prunes,8,8,0,13.375,12.125,-1.25,-1.25,8,"[-3.75, 0]",descriptive
maxima,harvested_prunes_per_1000_ticks,8,8,0,0.16794604184110806,0.15995370816845197,-0.007992333672656102,-0.007992333672656102,8,"[-0.023977001017968305, 0.0]",descriptive
maxima,harvested_stone,8,8,0,71,65.375,-5.625,-5.625,8,"[-16.875, 0]",descriptive
maxima,harvested_stone_per_1000_ticks,8,8,0,0.8281108797147472,0.7850241538112674,-0.04308672590347978,-0.04308672590347978,8,"[-0.12926017771043935, 0.0]",descriptive
maxima,harvested_wood,8,8,0,248.125,240,-8.125,-8.125,8,"[-24.375, 0]",descriptive
maxima,harvested_wood_per_1000_ticks,8,8,0,3.404597694354014,3.3707454141838795,-0.03385228017013486,-0.03385228017013486,8,"[-0.10155684051040459, 0.0]",descriptive
maxima,needFood,8,8,0,3.5,2.875,-0.625,-0.625,8,"[-1.875, 0]",descriptive
maxima,needFoodCritical,8,8,0,13.5,12.5,-1,-1,8,"[-3, 0]",descriptive
maxima,needFoodNoInns,8,8,0,11.625,11.375,-0.25,-0.25,8,"[-0.75, 0]",descriptive
maxima,new_buildings,8,8,0,38.75,38.875,0.125,0.125,8,"[0, 0.375]",descriptive
maxima,new_buildings_10_observed_fraction,8,8,0,0.59375,0.59375,0.0,0.0,8,"[0.0, 0.0]",descriptive
maxima,new_buildings_10_waiting_lower_ticks,8,8,0,44400.3125,44227.875,-172.4375,-172.4375,8,"[-517.3125, 0.0]",descriptive; CI excludes within512tick interval and competing-event uncertainty
maxima,new_buildings_10_waiting_upper_ticks,8,8,0,53026.5,53026.5,0.0,0.0,8,"[0.0, 0.0]",descriptive; CI excludes within512tick interval and competing-event uncertainty
maxima,new_buildings_1_observed_fraction,8,8,0,1.0,1.0,0.0,0.0,8,"[0.0, 0.0]",descriptive
maxima,new_buildings_1_waiting_lower_ticks,8,8,0,1440.0,1440.0,0.0,0.0,8,"[0.0, 0.0]",descriptive; CI excludes within512tick interval and competing-event uncertainty
maxima,new_buildings_1_waiting_upper_ticks,8,8,0,1952.0,1952.0,0.0,0.0,8,"[0.0, 0.0]",descriptive; CI excludes within512tick interval and competing-event uncertainty
maxima,new_buildings_5_observed_fraction,8,8,0,0.90625,0.90625,0.0,0.0,8,"[0.0, 0.0]",descriptive
maxima,new_buildings_5_waiting_lower_ticks,8,8,0,12692.1875,12692.1875,0.0,0.0,8,"[0.0, 0.0]",descriptive; CI excludes within512tick interval and competing-event uncertainty
maxima,new_buildings_5_waiting_upper_ticks,8,8,0,17173.5,17173.5,0.0,0.0,8,"[0.0, 0.0]",descriptive; CI excludes within512tick interval and competing-event uncertainty
maxima,observed_winner_set_change,8,4,4,0,0,0,0,4,"[0, 0]","descriptive; unresolved games excluded, resolution-selection bias possible"
maxima,resolution_status_change,8,8,0,0,0.125,0.125,0.125,8,"[0, 0.375]",descriptive
maxima,resolved_match_win_maxima,8,4,4,1,1,0,0,4,"[0, 0]","descriptive; unresolved games excluded, resolution-selection bias possible"
maxima,resolved_outcome,8,8,0,0.5,0.625,0.125,0.125,8,"[0, 0.375]",descriptive
maxima,resolved_win_team_share_maxima,8,4,4,0.4375,0.4375,0.0,0.0,4,"[0.0, 0.0]","descriptive; unresolved games excluded, resolution-selection bias possible"
maxima,sites,8,8,0,5.25,5.25,0,0,8,"[0, 0]",descriptive
maxima,starvation_deaths,8,8,0,54.75,54.875,0.125,0.125,8,"[0, 0.375]",descriptive
maxima,stock_algae,8,8,0,0.125,0,-0.125,-0.125,8,"[-0.375, 0]",descriptive
maxima,stock_cherries,8,8,0,22,27.125,5.125,5.125,8,"[0, 15.375]",descriptive
maxima,stock_fabric,8,8,0,0,0,0,0,8,"[0, 0]",descriptive
maxima,stock_food,8,8,0,42.375,45.75,3.375,3.375,8,"[0, 10.125]",descriptive
maxima,stock_glass,8,8,0,0,0,0,0,8,"[0, 0]",descriptive
maxima,stock_gold,8,8,0,0,0,0,0,8,"[0, 0]",descriptive
maxima,stock_metal,8,8,0,0,0,0,0,8,"[0, 0]",descriptive
maxima,stock_oranges,8,8,0,28.5,30.375,1.875,1.875,8,"[0, 5.625]",descriptive
maxima,stock_paper,8,8,0,0,0,0,0,8,"[0, 0]",descriptive
maxima,stock_prunes,8,8,0,28.5,20.25,-8.25,-8.25,8,"[-24.75, 0]",descriptive
maxima,stock_stone,8,8,0,6.375,6.5,0.125,0.125,8,"[0, 0.375]",descriptive
maxima,stock_wood,8,8,0,6.25,5.75,-0.5,-0.5,8,"[-1.5, 0]",descriptive
maxima,surviving_teams,8,8,0,1.625,1.5,-0.125,-0.125,8,"[-0.375, 0]",descriptive
maxima,tick_cap,8,8,0,0.5,0.375,-0.125,-0.125,8,"[-0.375, 0]",descriptive
maxima,ticks,8,8,0,71833,71143.25,-689.75,-689.75,8,"[-2069.25, 0]",descriptive
maxima,units,8,8,0,56.875,54.75,-2.125,-2.125,8,"[-6.375, 0]",descriptive
maxima,unresolved_outcome,8,8,0,0.5,0.375,-0.125,-0.125,8,"[-0.375, 0]",descriptive
maxima,upgrades,8,8,0,6.875,5.875,-1,-1,8,"[-3, 0]",descriptive
maxima,warriors,8,8,0,17.875,16.75,-1.125,-1.125,8,"[-3.375, 0]",descriptive
maxima,withdrawn_algae,8,8,0,0,0,0,0,8,"[0, 0]",descriptive
maxima,withdrawn_cherries,8,8,0,0,0,0,0,8,"[0, 0]",descriptive
maxima,withdrawn_fabric,8,8,0,0,0,0,0,8,"[0, 0]",descriptive
maxima,withdrawn_food,8,8,0,0,0,0,0,8,"[0, 0]",descriptive
maxima,withdrawn_glass,8,8,0,0,0,0,0,8,"[0, 0]",descriptive
maxima,withdrawn_gold,8,8,0,0,0,0,0,8,"[0, 0]",descriptive
maxima,withdrawn_metal,8,8,0,0,0,0,0,8,"[0, 0]",descriptive
maxima,withdrawn_oranges,8,8,0,0,0,0,0,8,"[0, 0]",descriptive
maxima,withdrawn_paper,8,8,0,0,0,0,0,8,"[0, 0]",descriptive
maxima,withdrawn_prunes,8,8,0,0,0,0,0,8,"[0, 0]",descriptive
maxima,withdrawn_stone,8,8,0,0,0,0,0,8,"[0, 0]",descriptive
maxima,withdrawn_wood,8,8,0,0,0,0,0,8,"[0, 0]",descriptive
maxima,workers,8,8,0,35,34.625,-0.375,-0.375,8,"[-1.125, 0]",descriptive
mixed,births,16,16,0,121.5,133.75,12.25,12.25,8,"[0.3125, 29.75]",descriptive
mixed,buildings,16,16,0,23.9375,24.125,0.1875,0.1875,8,"[-1.5, 1.875]",descriptive
mixed,carried_algae,16,16,0,0,0,0,0,8,"[0, 0]",descriptive
mixed,carried_cherries,16,16,0,0.75,0.625,-0.125,-0.125,8,"[-0.3125, 0]",descriptive
mixed,carried_fabric,16,16,0,0,0,0,0,8,"[0, 0]",descriptive
mixed,carried_food,16,16,0,5.375,6,0.625,0.625,8,"[-1, 2.625]",descriptive
mixed,carried_glass,16,16,0,0,0,0,0,8,"[0, 0]",descriptive
mixed,carried_gold,16,16,0,0,0,0,0,8,"[0, 0]",descriptive
mixed,carried_metal,16,16,0,0,0,0,0,8,"[0, 0]",descriptive
mixed,carried_oranges,16,16,0,0.5625,0.4375,-0.125,-0.125,8,"[-0.375, 0]",descriptive
mixed,carried_paper,16,16,0,0,0,0,0,8,"[0, 0]",descriptive
mixed,carried_prunes,16,16,0,0.125,0.125,0,0,8,"[0, 0]",descriptive
mixed,carried_stone,16,16,0,1,0.75,-0.25,-0.25,8,"[-0.75, 0]",descriptive
mixed,carried_wood,16,16,0,1.75,1.9375,0.1875,0.1875,8,"[0.0625, 0.375]",descriptive
mixed,consumed_ammunition_algae,16,16,0,0,0,0,0,8,"[0, 0]",descriptive
mixed,consumed_ammunition_cherries,16,16,0,0,0,0,0,8,"[0, 0]",descriptive
mixed,consumed_ammunition_fabric,16,16,0,0,0,0,0,8,"[0, 0]",descriptive
mixed,consumed_ammunition_food,16,16,0,0,0,0,0,8,"[0, 0]",descriptive
mixed,consumed_ammunition_glass,16,16,0,0,0,0,0,8,"[0, 0]",descriptive
mixed,consumed_ammunition_gold,16,16,0,0,0,0,0,8,"[0, 0]",descriptive
mixed,consumed_ammunition_metal,16,16,0,0,0,0,0,8,"[0, 0]",descriptive
mixed,consumed_ammunition_oranges,16,16,0,0,0,0,0,8,"[0, 0]",descriptive
mixed,consumed_ammunition_paper,16,16,0,0,0,0,0,8,"[0, 0]",descriptive
mixed,consumed_ammunition_prunes,16,16,0,0,0,0,0,8,"[0, 0]",descriptive
mixed,consumed_ammunition_stone,16,16,0,3,4.5625,1.5625,1.5625,8,"[0, 4.0625]",descriptive
mixed,consumed_ammunition_wood,16,16,0,0,0,0,0,8,"[0, 0]",descriptive
mixed,consumed_births_algae,16,16,0,0,0,0,0,8,"[0, 0]",descriptive
mixed,consumed_births_cherries,16,16,0,0,0,0,0,8,"[0, 0]",descriptive
mixed,consumed_births_fabric,16,16,0,0,0,0,0,8,"[0, 0]",descriptive
mixed,consumed_births_food,16,16,0,607.5,668.75,61.25,61.25,8,"[1.5625, 148.75]",descriptive
mixed,consumed_births_glass,16,16,0,0,0,0,0,8,"[0, 0]",descriptive
mixed,consumed_births_gold,16,16,0,0,0,0,0,8,"[0, 0]",descriptive
mixed,consumed_births_metal,16,16,0,0,0,0,0,8,"[0, 0]",descriptive
mixed,consumed_births_oranges,16,16,0,0,0,0,0,8,"[0, 0]",descriptive
mixed,consumed_births_paper,16,16,0,0,0,0,0,8,"[0, 0]",descriptive
mixed,consumed_births_prunes,16,16,0,0,0,0,0,8,"[0, 0]",descriptive
mixed,consumed_births_stone,16,16,0,0,0,0,0,8,"[0, 0]",descriptive
mixed,consumed_births_wood,16,16,0,0,0,0,0,8,"[0, 0]",descriptive
mixed,consumed_construction_algae,16,16,0,2.25,2.25,0,0,8,"[-0.375, 0.375]",descriptive
mixed,consumed_construction_cherries,16,16,0,0,0,0,0,8,"[0, 0]",descriptive
mixed,consumed_construction_fabric,16,16,0,0,0,0,0,8,"[0, 0]",descriptive
mixed,consumed_construction_food,16,16,0,56.875,65.625,8.75,8.75,8,"[2.1875, 15.3125]",descriptive
mixed,consumed_construction_glass,16,16,0,0,0,0,0,8,"[0, 0]",descriptive
mixed,consumed_construction_gold,16,16,0,0,0,0,0,8,"[0, 0]",descriptive
mixed,consumed_construction_metal,16,16,0,0,0,0,0,8,"[0, 0]",descriptive
mixed,consumed_construction_oranges,16,16,0,0,0,0,0,8,"[0, 0]",descriptive
mixed,consumed_construction_paper,16,16,0,0,0,0,0,8,"[0, 0]",descriptive
mixed,consumed_construction_prunes,16,16,0,0,0,0,0,8,"[0, 0]",descriptive
mixed,consumed_construction_stone,16,16,0,1.625,1.4375,-0.1875,-0.1875,8,"[-0.5625, 0]",descriptive
mixed,consumed_construction_wood,16,16,0,136.5,133.0625,-3.4375,-3.4375,8,"[-6.625, -0.75]",descriptive
mixed,consumed_healing_algae,16,16,0,0,0,0,0,8,"[0, 0]",descriptive
mixed,consumed_healing_cherries,16,16,0,0,0,0,0,8,"[0, 0]",descriptive
mixed,consumed_healing_fabric,16,16,0,0,0,0,0,8,"[0, 0]",descriptive
mixed,consumed_healing_food,16,16,0,0,0,0,0,8,"[0, 0]",descriptive
mixed,consumed_healing_glass,16,16,0,0,0,0,0,8,"[0, 0]",descriptive
mixed,consumed_healing_gold,16,16,0,0,0,0,0,8,"[0, 0]",descriptive
mixed,consumed_healing_metal,16,16,0,0,0,0,0,8,"[0, 0]",descriptive
mixed,consumed_healing_oranges,16,16,0,0,0,0,0,8,"[0, 0]",descriptive
mixed,consumed_healing_paper,16,16,0,0,0,0,0,8,"[0, 0]",descriptive
mixed,consumed_healing_prunes,16,16,0,0,0,0,0,8,"[0, 0]",descriptive
mixed,consumed_healing_stone,16,16,0,0,0,0,0,8,"[0, 0]",descriptive
mixed,consumed_healing_wood,16,16,0,0,0,0,0,8,"[0, 0]",descriptive
mixed,consumed_meals_algae,16,16,0,0,0,0,0,8,"[0, 0]",descriptive
mixed,consumed_meals_cherries,16,16,0,123.3125,147.25,23.9375,23.9375,8,"[-4.0, 75.1875]",descriptive
mixed,consumed_meals_fabric,16,16,0,0,0,0,0,8,"[0, 0]",descriptive
mixed,consumed_meals_food,16,16,0,422,464.3125,42.3125,42.3125,8,"[-10.125, 123.5]",descriptive
mixed,consumed_meals_glass,16,16,0,0,0,0,0,8,"[0, 0]",descriptive
mixed,consumed_meals_gold,16,16,0,0,0,0,0,8,"[0, 0]",descriptive
mixed,consumed_meals_metal,16,16,0,0,0,0,0,8,"[0, 0]",descriptive
mixed,consumed_meals_oranges,16,16,0,113.9375,126.9375,13,13.0,8,"[-6.25, 40.5625]",descriptive
mixed,consumed_meals_paper,16,16,0,0,0,0,0,8,"[0, 0]",descriptive
mixed,consumed_meals_prunes,16,16,0,50.4375,74.125,23.6875,23.6875,8,"[-0.25, 67.6875]",descriptive
mixed,consumed_meals_stone,16,16,0,0,0,0,0,8,"[0, 0]",descriptive
mixed,consumed_meals_wood,16,16,0,0,0,0,0,8,"[0, 0]",descriptive
mixed,consumed_training_algae,16,16,0,0,0,0,0,8,"[0, 0]",descriptive
mixed,consumed_training_cherries,16,16,0,0,0,0,0,8,"[0, 0]",descriptive
mixed,consumed_training_fabric,16,16,0,0,0,0,0,8,"[0, 0]",descriptive
mixed,consumed_training_food,16,16,0,0,0,0,0,8,"[0, 0]",descriptive
mixed,consumed_training_glass,16,16,0,0,0,0,0,8,"[0, 0]",descriptive
mixed,consumed_training_gold,16,16,0,0,0,0,0,8,"[0, 0]",descriptive
mixed,consumed_training_metal,16,16,0,0,0,0,0,8,"[0, 0]",descriptive
mixed,consumed_training_oranges,16,16,0,0,0,0,0,8,"[0, 0]",descriptive
mixed,consumed_training_paper,16,16,0,0,0,0,0,8,"[0, 0]",descriptive
mixed,consumed_training_prunes,16,16,0,0,0,0,0,8,"[0, 0]",descriptive
mixed,consumed_training_stone,16,16,0,0,0,0,0,8,"[0, 0]",descriptive
mixed,consumed_training_wood,16,16,0,0,0,0,0,8,"[0, 0]",descriptive
mixed,consumed_upgrades_algae,16,16,0,17.25,20.125,2.875,2.875,8,"[0, 8.625]",descriptive
mixed,consumed_upgrades_cherries,16,16,0,0,0,0,0,8,"[0, 0]",descriptive
mixed,consumed_upgrades_fabric,16,16,0,0,0,0,0,8,"[0, 0]",descriptive
mixed,consumed_upgrades_food,16,16,0,3.75,4.5,0.75,0.75,8,"[0, 2.25]",descriptive
mixed,consumed_upgrades_glass,16,16,0,0,0,0,0,8,"[0, 0]",descriptive
mixed,consumed_upgrades_gold,16,16,0,0,0,0,0,8,"[0, 0]",descriptive
mixed,consumed_upgrades_metal,16,16,0,0,0,0,0,8,"[0, 0]",descriptive
mixed,consumed_upgrades_oranges,16,16,0,0,0,0,0,8,"[0, 0]",descriptive
mixed,consumed_upgrades_paper,16,16,0,0,0,0,0,8,"[0, 0]",descriptive
mixed,consumed_upgrades_prunes,16,16,0,0,0,0,0,8,"[0, 0]",descriptive
mixed,consumed_upgrades_stone,16,16,0,38.625,50.9375,12.3125,12.3125,8,"[0, 34.4375]",descriptive
mixed,consumed_upgrades_wood,16,16,0,44.75,52.9375,8.1875,8.1875,8,"[0, 23.8125]",descriptive
mixed,delivered_algae,16,16,0,20.375,23.0625,2.6875,2.6875,8,"[0, 7.9375]",descriptive
mixed,delivered_algae_per_1000_ticks,16,16,0,0.25732594657574925,0.26477580390265626,0.00744985732690699,0.00744985732690699,8,"[0.0, 0.017815265031814853]",descriptive
mixed,delivered_cherries,16,16,0,194.125,212.25,18.125,18.125,8,"[-16.6875, 72.9375]",descriptive
mixed,delivered_cherries_per_1000_ticks,16,16,0,2.560234725147984,2.5609387747227066,0.0007040495747225942,0.0007040495747225907,8,"[-0.10580004207528568, 0.11914554517042963]",descriptive
mixed,delivered_fabric,16,16,0,0,0,0,0,8,"[0, 0]",descriptive
mixed,delivered_fabric_per_1000_ticks,16,16,0,0.0,0.0,0.0,0.0,8,"[0.0, 0.0]",descriptive
mixed,delivered_food,16,16,0,1182.6875,1287.125,104.4375,104.4375,8,"[-8.5, 258.75]",descriptive
mixed,delivered_food_per_1000_ticks,16,16,0,14.969431489170487,16.028710764128654,1.0592792749581672,1.0592792749581672,8,"[-0.2381961645275088, 2.7290176324718614]",descriptive
mixed,delivered_glass,16,16,0,0,0,0,0,8,"[0, 0]",descriptive
mixed,delivered_glass_per_1000_ticks,16,16,0,0.0,0.0,0.0,0.0,8,"[0.0, 0.0]",descriptive
mixed,delivered_gold,16,16,0,0,0,0,0,8,"[0, 0]",descriptive
mixed,delivered_gold_per_1000_ticks,16,16,0,0.0,0.0,0.0,0.0,8,"[0.0, 0.0]",descriptive
mixed,delivered_metal,16,16,0,0,0,0,0,8,"[0, 0]",descriptive
mixed,delivered_metal_per_1000_ticks,16,16,0,0.0,0.0,0.0,0.0,8,"[0.0, 0.0]",descriptive
mixed,delivered_oranges,16,16,0,171,180.3125,9.3125,9.3125,8,"[-5.0625, 26.1875]",descriptive
mixed,delivered_oranges_per_1000_ticks,16,16,0,2.3132962712479017,2.222106985535833,-0.09118928571206882,-0.09118928571206883,8,"[-0.4370361728233162, 0.17629108758281298]",descriptive
mixed,delivered_paper,16,16,0,0,0,0,0,8,"[0, 0]",descriptive
mixed,delivered_paper_per_1000_ticks,16,16,0,0.0,0.0,0.0,0.0,8,"[0.0, 0.0]",descriptive
mixed,delivered_prunes,16,16,0,79.6875,98.1875,18.5,18.5,8,"[0.6875, 50.375]",descriptive
mixed,delivered_prunes_per_1000_ticks,16,16,0,1.0027844542229833,1.2021413263620544,0.19935687213907102,0.19935687213907102,8,"[0.020833333333333332, 0.5119411934622468]",descriptive
mixed,delivered_stone,16,16,0,48.625,63.125,14.5,14.5,8,"[0, 36]",descriptive
mixed,delivered_stone_per_1000_ticks,16,16,0,0.6288914249959769,0.7500898751848154,0.12119845018883849,0.12119845018883849,8,"[-0.00017482298781555704, 0.29101320315656737]",descriptive
mixed,delivered_wood,16,16,0,191.5,192.5625,1.0625,1.0625,8,"[-3.8125, 7.625]",descriptive
mixed,delivered_wood_per_1000_ticks,16,16,0,2.527679075505471,2.4381628635903674,-0.08951621191510387,-0.08951621191510387,8,"[-0.27942247345686516, 0.04207809251324915]",descriptive
mixed,first_upgrade_observed_fraction,16,16,0,0.171875,0.171875,0.0,0.0,8,"[0.0, 0.0]",descriptive
mixed,first_upgrade_waiting_lower_ticks,16,16,0,63760.53125,64858.90625,1098.375,1098.375,8,"[-913.0, 3406.875]",descriptive; CI excludes within512tick interval and competing-event uncertainty
mixed,first_upgrade_waiting_upper_ticks,16,16,0,79427.25,79491.25,64.0,64.0,8,"[0.0, 152.0]",descriptive; CI excludes within512tick interval and competing-event uncertainty
mixed,harvested_algae,16,16,0,21.6875,25,3.3125,3.3125,8,"[0, 9.9375]",descriptive
mixed,harvested_algae_per_1000_ticks,16,16,0,0.27302302737668216,0.2871096012794459,0.014086573902763728,0.014086573902763728,8,"[0.0, 0.039361840282386665]",descriptive
mixed,harvested_cherries,16,16,0,30.0625,32.4375,2.375,2.375,8,"[-5.1875, 12.5625]",descriptive
mixed,harvested_cherries_per_1000_ticks,16,16,0,0.40427627436143576,0.3878718913418056,-0.016404383019630178,-0.01640438301963018,8,"[-0.054827048095811175, 0.007002787925809523]",descriptive
mixed,harvested_fabric,16,16,0,0,0,0,0,8,"[0, 0]",descriptive
mixed,harvested_fabric_per_1000_ticks,16,16,0,0.0,0.0,0.0,0.0,8,"[0.0, 0.0]",descriptive
mixed,harvested_food,16,16,0,1216.0625,1321.125,105.0625,105.0625,8,"[-8.25, 260.4375]",descriptive
mixed,harvested_food_per_1000_ticks,16,16,0,15.39319664945592,16.453393357298776,1.0601967078428562,1.0601967078428562,8,"[-0.22967065100452855, 2.7274172674399915]",descriptive
mixed,harvested_glass,16,16,0,0,0,0,0,8,"[0, 0]",descriptive
mixed,harvested_glass_per_1000_ticks,16,16,0,0.0,0.0,0.0,0.0,8,"[0.0, 0.0]",descriptive
mixed,harvested_gold,16,16,0,0,0,0,0,8,"[0, 0]",descriptive
mixed,harvested_gold_per_1000_ticks,16,16,0,0.0,0.0,0.0,0.0,8,"[0.0, 0.0]",descriptive
mixed,harvested_metal,16,16,0,0,0,0,0,8,"[0, 0]",descriptive
mixed,harvested_metal_per_1000_ticks,16,16,0,0.0,0.0,0.0,0.0,8,"[0.0, 0.0]",descriptive
mixed,harvested_oranges,16,16,0,21.625,22.375,0.75,0.75,8,"[-0.5, 2.125]",descriptive
mixed,harvested_oranges_per_1000_ticks,16,16,0,0.2927304537208082,0.273874908051508,-0.01885554566930022,-0.01885554566930022,8,"[-0.07398878026793454, 0.018559206617800358]",descriptive
mixed,harvested_paper,16,16,0,0,0,0,0,8,"[0, 0]",descriptive
mixed,harvested_paper_per_1000_ticks,16,16,0,0.0,0.0,0.0,0.0,8,"[0.0, 0.0]",descriptive
mixed,harvested_prunes,16,16,0,8.9375,11.6875,2.75,2.75,8,"[0.1875, 7.5]",descriptive
mixed,harvested_prunes_per_1000_ticks,16,16,0,0.11430928224657062,0.14256730190525632,0.028258019658685685,0.028258019658685685,8,"[0.0020833333333333333, 0.07341076623704423]",descriptive
mixed,harvested_stone,16,16,0,51.875,66.1875,14.3125,14.3125,8,"[0.0625, 35.1875]",descriptive
mixed,harvested_stone_per_1000_ticks,16,16,0,0.6687520161903546,0.7859963132292462,0.11724429703889162,0.11724429703889164,8,"[0.000607032950536666, 0.2704228909395766]",descriptive
mixed,harvested_wood,16,16,0,205.3125,207.25,1.9375,1.9375,8,"[-3.9375, 9.5]",descriptive
mixed,harvested_wood_per_1000_ticks,16,16,0,2.7088268621259926,2.621890223919854,-0.0869366382061385,-0.0869366382061385,8,"[-0.2788295441479639, 0.048575185085103945]",descriptive
mixed,needFood,16,16,0,2.8125,2.75,-0.0625,-0.0625,8,"[-0.8125, 0.8125]",descriptive
mixed,needFoodCritical,16,16,0,6.5625,6.4375,-0.125,-0.125,8,"[-0.4375, 0.125]",descriptive
mixed,needFoodNoInns,16,16,0,6.5,5.875,-0.625,-0.625,8,"[-1.375, -0.0625]",descriptive
mixed,new_buildings,16,16,0,33.3125,32.125,-1.1875,-1.1875,8,"[-2.1875, -0.25]",descriptive
mixed,new_buildings_10_observed_fraction,16,16,0,0.4375,0.453125,0.015625,0.015625,8,"[-0.03125, 0.0625]",descriptive
mixed,new_buildings_10_waiting_lower_ticks,16,16,0,52825.96875,52948.59375,122.625,122.625,8,"[-3740.5625, 3444.9375]",descriptive; CI excludes within512tick interval and competing-event uncertainty
mixed,new_buildings_10_waiting_upper_ticks,16,16,0,63009.0,61962.75,-1046.25,-1046.25,8,"[-3953.0, 1628.5]",descriptive; CI excludes within512tick interval and competing-event uncertainty
mixed,new_buildings_1_observed_fraction,16,16,0,1.0,1.0,0.0,0.0,8,"[0.0, 0.0]",descriptive
mixed,new_buildings_1_waiting_lower_ticks,16,16,0,1600.0,1600.0,0.0,0.0,8,"[0.0, 0.0]",descriptive; CI excludes within512tick interval and competing-event uncertainty
mixed,new_buildings_1_waiting_upper_ticks,16,16,0,2112.0,2112.0,0.0,0.0,8,"[0.0, 0.0]",descriptive; CI excludes within512tick interval and competing-event uncertainty
mixed,new_buildings_5_observed_fraction,16,16,0,0.84375,0.84375,0.0,0.0,8,"[0.0, 0.0]",descriptive
mixed,new_buildings_5_waiting_lower_ticks,16,16,0,19166.96875,18952.1875,-214.78125,-214.78125,8,"[-1960.0, 1602.4375]",descriptive; CI excludes within512tick interval and competing-event uncertainty
mixed,new_buildings_5_waiting_upper_ticks,16,16,0,23766.5,22966.5,-800.0,-800.0,8,"[-2096.0, 216.0]",descriptive; CI excludes within512tick interval and competing-event uncertainty
mixed,observed_winner_set_change,16,7,9,0,0,0,0,4,"[0, 0]","descriptive; unresolved games excluded, resolution-selection bias possible"
mixed,resolution_status_change,16,16,0,0,0.1875,0.1875,0.1875,8,"[0, 0.4375]",descriptive
mixed,resolved_match_win_cortex,16,7,9,0.42857142857142855,0.42857142857142855,0,0,4,"[0, 0]","descriptive; unresolved games excluded, resolution-selection bias possible"
mixed,resolved_match_win_maxima,16,7,9,0.42857142857142855,0.42857142857142855,0,0,4,"[0, 0]","descriptive; unresolved games excluded, resolution-selection bias possible"
mixed,resolved_match_win_nicowar,16,1,15,1,1,0,0,1,"[0, 0]","descriptive; unresolved games excluded, resolution-selection bias possible"
mixed,resolved_outcome,16,16,0,0.5625,0.5,-0.0625,-0.0625,8,"[-0.1875, 0]",descriptive
mixed,resolved_win_team_share_cortex,16,7,9,0.42857142857142855,0.42857142857142855,0.0,0.0,4,"[0.0, 0.0]","descriptive; unresolved games excluded, resolution-selection bias possible"
mixed,resolved_win_team_share_maxima,16,7,9,0.42857142857142855,0.42857142857142855,0.0,0.0,4,"[0.0, 0.0]","descriptive; unresolved games excluded, resolution-selection bias possible"
mixed,resolved_win_team_share_nicowar,16,1,15,1.0,1.0,0.0,0.0,1,"[0.0, 0.0]","descriptive; unresolved games excluded, resolution-selection bias possible"
mixed,sites,16,16,0,4.6875,4.0625,-0.625,-0.625,8,"[-1.5, -0.0625]",descriptive
mixed,starvation_deaths,16,16,0,72.25,75.25,3,3.0,8,"[-6.1875, 14.625]",descriptive
mixed,stock_algae,16,16,0,0.875,0.6875,-0.1875,-0.1875,8,"[-1.125, 0.5625]",descriptive
mixed,stock_cherries,16,16,0,53.5625,47.0625,-6.5,-6.5,8,"[-15.75, 0]",descriptive
mixed,stock_fabric,16,16,0,0,0,0,0,8,"[0, 0]",descriptive
mixed,stock_food,16,16,0,48.375,45.4375,-2.9375,-2.9375,8,"[-12.25, 7.6875]",descriptive
mixed,stock_glass,16,16,0,0,0,0,0,8,"[0, 0]",descriptive
mixed,stock_gold,16,16,0,0,0,0,0,8,"[0, 0]",descriptive
mixed,stock_metal,16,16,0,0,0,0,0,8,"[0, 0]",descriptive
mixed,stock_oranges,16,16,0,48.1875,40.3125,-7.875,-7.875,8,"[-22.5, 0]",descriptive
mixed,stock_paper,16,16,0,0,0,0,0,8,"[0, 0]",descriptive
mixed,stock_prunes,16,16,0,18,13.75,-4.25,-4.25,8,"[-13.5, 0.75]",descriptive
mixed,stock_stone,16,16,0,4.75,6.125,1.375,1.375,8,"[0, 3.875]",descriptive
mixed,stock_wood,16,16,0,5,4.25,-0.75,-0.75,8,"[-2.875, 0.75]",descriptive
mixed,surviving_teams,16,16,0,1.5,1.5625,0.0625,0.0625,8,"[-0.1875, 0.375]",descriptive
mixed,tick_cap,16,16,0,0.4375,0.5,0.0625,0.0625,8,"[0, 0.1875]",descriptive
mixed,ticks,16,16,0,73038.125,74809,1770.875,1770.875,8,"[-1357.125, 6040.875]",descriptive
mixed,units,16,16,0,44.9375,51.25,6.3125,6.3125,8,"[-0.4375, 15.6875]",descriptive
mixed,unresolved_outcome,16,16,0,0.4375,0.5,0.0625,0.0625,8,"[0, 0.1875]",descriptive
mixed,upgrades,16,16,0,6.375,7.625,1.25,1.25,8,"[0, 3.5]",descriptive
mixed,warriors,16,16,0,11.8125,17.0625,5.25,5.25,8,"[-0.8125, 14.625]",descriptive
mixed,withdrawn_algae,16,16,0,0,0,0,0,8,"[0, 0]",descriptive
mixed,withdrawn_cherries,16,16,0,0,0,0,0,8,"[0, 0]",descriptive
mixed,withdrawn_fabric,16,16,0,0,0,0,0,8,"[0, 0]",descriptive
mixed,withdrawn_food,16,16,0,0,0,0,0,8,"[0, 0]",descriptive
mixed,withdrawn_glass,16,16,0,0,0,0,0,8,"[0, 0]",descriptive
mixed,withdrawn_gold,16,16,0,0,0,0,0,8,"[0, 0]",descriptive
mixed,withdrawn_metal,16,16,0,0,0,0,0,8,"[0, 0]",descriptive
mixed,withdrawn_oranges,16,16,0,0,0,0,0,8,"[0, 0]",descriptive
mixed,withdrawn_paper,16,16,0,0,0,0,0,8,"[0, 0]",descriptive
mixed,withdrawn_prunes,16,16,0,0,0,0,0,8,"[0, 0]",descriptive
mixed,withdrawn_stone,16,16,0,0,0,0,0,8,"[0, 0]",descriptive
mixed,withdrawn_wood,16,16,0,0,0,0,0,8,"[0, 0]",descriptive
mixed,workers,16,16,0,27.875,28.75,0.875,0.875,8,"[0.125, 1.875]",descriptive
nicowar,births,8,8,0,105.125,102,-3.125,-3.125,8,"[-17, 8]",descriptive
nicowar,buildings,8,8,0,26.875,29.875,3,3,8,"[-2.875, 10.5]",descriptive
nicowar,carried_algae,8,8,0,0,0.125,0.125,0.125,8,"[0, 0.375]",descriptive
nicowar,carried_cherries,8,8,0,0.75,0.125,-0.625,-0.625,8,"[-1.875, 0]",descriptive
nicowar,carried_fabric,8,8,0,0,0,0,0,8,"[0, 0]",descriptive
nicowar,carried_food,8,8,0,8.75,5.25,-3.5,-3.5,8,"[-7.875, 0.25]",descriptive
nicowar,carried_glass,8,8,0,0,0,0,0,8,"[0, 0]",descriptive
nicowar,carried_gold,8,8,0,0,0,0,0,8,"[0, 0]",descriptive
nicowar,carried_metal,8,8,0,0,0,0,0,8,"[0, 0]",descriptive
nicowar,carried_oranges,8,8,0,0,1.125,1.125,1.125,8,"[0, 3.375]",descriptive
nicowar,carried_paper,8,8,0,0,0,0,0,8,"[0, 0]",descriptive
nicowar,carried_prunes,8,8,0,0.25,0.25,0,0,8,"[0, 0]",descriptive
nicowar,carried_stone,8,8,0,0.125,1,0.875,0.875,8,"[0, 2.625]",descriptive
nicowar,carried_wood,8,8,0,1.375,1.625,0.25,0.25,8,"[-0.5, 1.125]",descriptive
nicowar,consumed_ammunition_algae,8,8,0,0,0,0,0,8,"[0, 0]",descriptive
nicowar,consumed_ammunition_cherries,8,8,0,0,0,0,0,8,"[0, 0]",descriptive
nicowar,consumed_ammunition_fabric,8,8,0,0,0,0,0,8,"[0, 0]",descriptive
nicowar,consumed_ammunition_food,8,8,0,0,0,0,0,8,"[0, 0]",descriptive
nicowar,consumed_ammunition_glass,8,8,0,0,0,0,0,8,"[0, 0]",descriptive
nicowar,consumed_ammunition_gold,8,8,0,0,0,0,0,8,"[0, 0]",descriptive
nicowar,consumed_ammunition_metal,8,8,0,0,0,0,0,8,"[0, 0]",descriptive
nicowar,consumed_ammunition_oranges,8,8,0,0,0,0,0,8,"[0, 0]",descriptive
nicowar,consumed_ammunition_paper,8,8,0,0,0,0,0,8,"[0, 0]",descriptive
nicowar,consumed_ammunition_prunes,8,8,0,0,0,0,0,8,"[0, 0]",descriptive
nicowar,consumed_ammunition_stone,8,8,0,0,0,0,0,8,"[0, 0]",descriptive
nicowar,consumed_ammunition_wood,8,8,0,0,0,0,0,8,"[0, 0]",descriptive
nicowar,consumed_births_algae,8,8,0,0,0,0,0,8,"[0, 0]",descriptive
nicowar,consumed_births_cherries,8,8,0,0,0,0,0,8,"[0, 0]",descriptive
nicowar,consumed_births_fabric,8,8,0,0,0,0,0,8,"[0, 0]",descriptive
nicowar,consumed_births_food,8,8,0,525.625,510,-15.625,-15.625,8,"[-85, 40]",descriptive
nicowar,consumed_births_glass,8,8,0,0,0,0,0,8,"[0, 0]",descriptive
nicowar,consumed_births_gold,8,8,0,0,0,0,0,8,"[0, 0]",descriptive
nicowar,consumed_births_metal,8,8,0,0,0,0,0,8,"[0, 0]",descriptive
nicowar,consumed_births_oranges,8,8,0,0,0,0,0,8,"[0, 0]",descriptive
nicowar,consumed_births_paper,8,8,0,0,0,0,0,8,"[0, 0]",descriptive
nicowar,consumed_births_prunes,8,8,0,0,0,0,0,8,"[0, 0]",descriptive
nicowar,consumed_births_stone,8,8,0,0,0,0,0,8,"[0, 0]",descriptive
nicowar,consumed_births_wood,8,8,0,0,0,0,0,8,"[0, 0]",descriptive
nicowar,consumed_construction_algae,8,8,0,3.25,3.75,0.5,0.5,8,"[0, 1.5]",descriptive
nicowar,consumed_construction_cherries,8,8,0,0,0,0,0,8,"[0, 0]",descriptive
nicowar,consumed_construction_fabric,8,8,0,0,0,0,0,8,"[0, 0]",descriptive
nicowar,consumed_construction_food,8,8,0,126.875,135.625,8.75,8.75,8,"[-17.5, 39.375]",descriptive
nicowar,consumed_construction_glass,8,8,0,0,0,0,0,8,"[0, 0]",descriptive
nicowar,consumed_construction_gold,8,8,0,0,0,0,0,8,"[0, 0]",descriptive
nicowar,consumed_construction_metal,8,8,0,0,0,0,0,8,"[0, 0]",descriptive
nicowar,consumed_construction_oranges,8,8,0,0,0,0,0,8,"[0, 0]",descriptive
nicowar,consumed_construction_paper,8,8,0,0,0,0,0,8,"[0, 0]",descriptive
nicowar,consumed_construction_prunes,8,8,0,0,0,0,0,8,"[0, 0]",descriptive
nicowar,consumed_construction_stone,8,8,0,2.625,3.25,0.625,0.625,8,"[-0.5, 1.625]",descriptive
nicowar,consumed_construction_wood,8,8,0,113.5,130.75,17.25,17.25,8,"[-4.875, 45.5]",descriptive
nicowar,consumed_healing_algae,8,8,0,0,0,0,0,8,"[0, 0]",descriptive
nicowar,consumed_healing_cherries,8,8,0,0,0,0,0,8,"[0, 0]",descriptive
nicowar,consumed_healing_fabric,8,8,0,0,0,0,0,8,"[0, 0]",descriptive
nicowar,consumed_healing_food,8,8,0,0,0,0,0,8,"[0, 0]",descriptive
nicowar,consumed_healing_glass,8,8,0,0,0,0,0,8,"[0, 0]",descriptive
nicowar,consumed_healing_gold,8,8,0,0,0,0,0,8,"[0, 0]",descriptive
nicowar,consumed_healing_metal,8,8,0,0,0,0,0,8,"[0, 0]",descriptive
nicowar,consumed_healing_oranges,8,8,0,0,0,0,0,8,"[0, 0]",descriptive
nicowar,consumed_healing_paper,8,8,0,0,0,0,0,8,"[0, 0]",descriptive
nicowar,consumed_healing_prunes,8,8,0,0,0,0,0,8,"[0, 0]",descriptive
nicowar,consumed_healing_stone,8,8,0,0,0,0,0,8,"[0, 0]",descriptive
nicowar,consumed_healing_wood,8,8,0,0,0,0,0,8,"[0, 0]",descriptive
nicowar,consumed_meals_algae,8,8,0,0,0,0,0,8,"[0, 0]",descriptive
nicowar,consumed_meals_cherries,8,8,0,133,80.125,-52.875,-52.875,8,"[-194.25, 35.625]",descriptive
nicowar,consumed_meals_fabric,8,8,0,0,0,0,0,8,"[0, 0]",descriptive
nicowar,consumed_meals_food,8,8,0,558.875,533.375,-25.5,-25.5,8,"[-170.25, 91.75]",descriptive
nicowar,consumed_meals_glass,8,8,0,0,0,0,0,8,"[0, 0]",descriptive
nicowar,consumed_meals_gold,8,8,0,0,0,0,0,8,"[0, 0]",descriptive
nicowar,consumed_meals_metal,8,8,0,0,0,0,0,8,"[0, 0]",descriptive
nicowar,consumed_meals_oranges,8,8,0,6.25,21.75,15.5,15.5,8,"[-8.75, 52.75]",descriptive
nicowar,consumed_meals_paper,8,8,0,0,0,0,0,8,"[0, 0]",descriptive
nicowar,consumed_meals_prunes,8,8,0,133.625,72.25,-61.375,-61.375,8,"[-187.875, 3.75]",descriptive
nicowar,consumed_meals_stone,8,8,0,0,0,0,0,8,"[0, 0]",descriptive
nicowar,consumed_meals_wood,8,8,0,0,0,0,0,8,"[0, 0]",descriptive
nicowar,consumed_training_algae,8,8,0,0,0,0,0,8,"[0, 0]",descriptive
nicowar,consumed_training_cherries,8,8,0,0,0,0,0,8,"[0, 0]",descriptive
nicowar,consumed_training_fabric,8,8,0,0,0,0,0,8,"[0, 0]",descriptive
nicowar,consumed_training_food,8,8,0,0,0,0,0,8,"[0, 0]",descriptive
nicowar,consumed_training_glass,8,8,0,0,0,0,0,8,"[0, 0]",descriptive
nicowar,consumed_training_gold,8,8,0,0,0,0,0,8,"[0, 0]",descriptive
nicowar,consumed_training_metal,8,8,0,0,0,0,0,8,"[0, 0]",descriptive
nicowar,consumed_training_oranges,8,8,0,0,0,0,0,8,"[0, 0]",descriptive
nicowar,consumed_training_paper,8,8,0,0,0,0,0,8,"[0, 0]",descriptive
nicowar,consumed_training_prunes,8,8,0,0,0,0,0,8,"[0, 0]",descriptive
nicowar,consumed_training_stone,8,8,0,0,0,0,0,8,"[0, 0]",descriptive
nicowar,consumed_training_wood,8,8,0,0,0,0,0,8,"[0, 0]",descriptive
nicowar,consumed_upgrades_algae,8,8,0,10.5,12,1.5,1.5,8,"[0, 4.5]",descriptive
nicowar,consumed_upgrades_cherries,8,8,0,0,0,0,0,8,"[0, 0]",descriptive
nicowar,consumed_upgrades_fabric,8,8,0,0,0,0,0,8,"[0, 0]",descriptive
nicowar,consumed_upgrades_food,8,8,0,5.75,4.25,-1.5,-1.5,8,"[-4.5, 0]",descriptive
nicowar,consumed_upgrades_glass,8,8,0,0,0,0,0,8,"[0, 0]",descriptive
nicowar,consumed_upgrades_gold,8,8,0,0,0,0,0,8,"[0, 0]",descriptive
nicowar,consumed_upgrades_metal,8,8,0,0,0,0,0,8,"[0, 0]",descriptive
nicowar,consumed_upgrades_oranges,8,8,0,0,0,0,0,8,"[0, 0]",descriptive
nicowar,consumed_upgrades_paper,8,8,0,0,0,0,0,8,"[0, 0]",descriptive
nicowar,consumed_upgrades_prunes,8,8,0,0,0,0,0,8,"[0, 0]",descriptive
nicowar,consumed_upgrades_stone,8,8,0,32.625,34.5,1.875,1.875,8,"[-6.25, 8.75]",descriptive
nicowar,consumed_upgrades_wood,8,8,0,62.875,63.5,0.625,0.625,8,"[-13.5, 15]",descriptive
nicowar,delivered_algae,8,8,0,15.375,17.375,2,2,8,"[-0.625, 5.75]",descriptive
nicowar,delivered_algae_per_1000_ticks,8,8,0,0.17501740995295356,0.22662669855251869,0.051609288599565116,0.051609288599565116,8,"[-0.0019810117265240275, 0.11548833979876022]",descriptive
nicowar,delivered_cherries,8,8,0,225.375,154.875,-70.5,-70.5,8,"[-297.375, 85.875]",descriptive
nicowar,delivered_cherries_per_1000_ticks,8,8,0,2.504166666666667,2.0714790715689997,-0.4326875950976674,-0.4326875950976674,8,"[-2.2522294519596686, 0.9541666666666666]",descriptive
nicowar,delivered_fabric,8,8,0,0,0,0,0,8,"[0, 0]",descriptive
nicowar,delivered_fabric_per_1000_ticks,8,8,0,0.0,0.0,0.0,0.0,8,"[0.0, 0.0]",descriptive
nicowar,delivered_food,8,8,0,1307.625,1288.375,-19.25,-19.25,8,"[-260.625, 180.75]",descriptive
nicowar,delivered_food_per_1000_ticks,8,8,0,15.254058300998144,16.33406635804836,1.080008057050215,1.080008057050215,8,"[-0.28668499597522057, 2.4702418881372536]",descriptive
nicowar,delivered_glass,8,8,0,0,0,0,0,8,"[0, 0]",descriptive
nicowar,delivered_glass_per_1000_ticks,8,8,0,0.0,0.0,0.0,0.0,8,"[0.0, 0.0]",descriptive
nicowar,delivered_gold,8,8,0,0,0,0,0,8,"[0, 0]",descriptive
nicowar,delivered_gold_per_1000_ticks,8,8,0,0.0,0.0,0.0,0.0,8,"[0.0, 0.0]",descriptive
nicowar,delivered_metal,8,8,0,0,0,0,0,8,"[0, 0]",descriptive
nicowar,delivered_metal_per_1000_ticks,8,8,0,0.0,0.0,0.0,0.0,8,"[0.0, 0.0]",descriptive
nicowar,delivered_oranges,8,8,0,6.25,67.5,61.25,61.25,8,"[-8.75, 190]",descriptive
nicowar,delivered_oranges_per_1000_ticks,8,8,0,0.0945489041621658,0.928381473746027,0.8338325695838612,0.8338325695838612,8,"[-0.16774112675592676, 2.636666583110273]",descriptive
nicowar,delivered_paper,8,8,0,0,0,0,0,8,"[0, 0]",descriptive
nicowar,delivered_paper_per_1000_ticks,8,8,0,0.0,0.0,0.0,0.0,8,"[0.0, 0.0]",descriptive
nicowar,delivered_prunes,8,8,0,276.875,182,-94.875,-94.875,8,"[-288.375, 3.75]",descriptive
nicowar,delivered_prunes_per_1000_ticks,8,8,0,3.076388888888889,2.524235823696255,-0.5521530651926336,-0.5521530651926336,8,"[-1.6981258622445674, 0.041666666666666664]",descriptive
nicowar,delivered_stone,8,8,0,36.625,40,3.375,3.375,8,"[-5.875, 12.375]",descriptive
nicowar,delivered_stone_per_1000_ticks,8,8,0,0.4094548904162166,0.5234867108366428,0.11403182042042624,0.11403182042042624,8,"[0.034523097730892655, 0.19931789232417363]",descriptive
nicowar,delivered_wood,8,8,0,189.5,210.625,21.125,21.125,8,"[-10.25, 62.5]",descriptive
nicowar,delivered_wood_per_1000_ticks,8,8,0,2.2336625214225627,2.6807622388366905,0.4470997174141277,0.4470997174141277,8,"[0.012300552669195053, 0.9322672081430875]",descriptive
nicowar,first_upgrade_observed_fraction,8,8,0,0.1875,0.25,0.0625,0.0625,8,"[-0.0625, 0.21875]",descriptive
nicowar,first_upgrade_waiting_lower_ticks,8,8,0,75233.5,74450.9375,-782.5625,-782.5625,8,"[-7511.8125, 9178.625]",descriptive; CI excludes within512tick interval and competing-event uncertainty
nicowar,first_upgrade_waiting_upper_ticks,8,8,0,83381.0,82076.0,-1305.0,-1305.0,8,"[-4869.5, 2905.0]",descriptive; CI excludes within512tick interval and competing-event uncertainty
nicowar,harvested_algae,8,8,0,17.25,19.375,2.125,2.125,8,"[-0.5, 5.25]",descriptive
nicowar,harvested_algae_per_1000_ticks,8,8,0,0.19668755861021095,0.2513039619589255,0.05461640334871457,0.05461640334871457,8,"[0.000817662248716094, 0.11593081553333029]",descriptive
nicowar,harvested_cherries,8,8,0,24.25,16.25,-8,-8,8,"[-32.625, 8.625]",descriptive
nicowar,harvested_cherries_per_1000_ticks,8,8,0,0.26944444444444443,0.21770317336864098,-0.05174127107580345,-0.05174127107580345,8,"[-0.2510571465607437, 0.09583333333333333]",descriptive
nicowar,harvested_fabric,8,8,0,0,0,0,0,8,"[0, 0]",descriptive
nicowar,harvested_fabric_per_1000_ticks,8,8,0,0.0,0.0,0.0,0.0,8,"[0.0, 0.0]",descriptive
nicowar,harvested_food,8,8,0,1343.25,1324,-19.25,-19.25,8,"[-263.625, 182.625]",descriptive
nicowar,harvested_food_per_1000_ticks,8,8,0,15.6635062557719,16.79366712785003,1.130160872078129,1.130160872078129,8,"[-0.2806763862832433, 2.545639205975206]",descriptive
nicowar,harvested_glass,8,8,0,0,0,0,0,8,"[0, 0]",descriptive
nicowar,harvested_glass_per_1000_ticks,8,8,0,0.0,0.0,0.0,0.0,8,"[0.0, 0.0]",descriptive
nicowar,harvested_gold,8,8,0,0,0,0,0,8,"[0, 0]",descriptive
nicowar,harvested_gold_per_1000_ticks,8,8,0,0.0,0.0,0.0,0.0,8,"[0.0, 0.0]",descriptive
nicowar,harvested_metal,8,8,0,0,0,0,0,8,"[0, 0]",descriptive
nicowar,harvested_metal_per_1000_ticks,8,8,0,0.0,0.0,0.0,0.0,8,"[0.0, 0.0]",descriptive
nicowar,harvested_oranges,8,8,0,0.875,8.125,7.25,7.25,8,"[-1, 22.625]",descriptive
nicowar,harvested_oranges_per_1000_ticks,8,8,0,0.012232668193994357,0.11170752700039831,0.09947485880640396,0.09947485880640396,8,"[-0.018043139698995077, 0.3144795179018856]",descriptive
nicowar,harvested_paper,8,8,0,0,0,0,0,8,"[0, 0]",descriptive
nicowar,harvested_paper_per_1000_ticks,8,8,0,0.0,0.0,0.0,0.0,8,"[0.0, 0.0]",descriptive
nicowar,harvested_prunes,8,8,0,29.875,18.875,-11,-11,8,"[-33.375, 0.375]",descriptive
nicowar,harvested_prunes_per_1000_ticks,8,8,0,0.33194444444444443,0.2617983219601925,-0.07014612248425195,-0.07014612248425195,8,"[-0.2146050341194225, 0.004166666666666667]",descriptive
nicowar,harvested_stone,8,8,0,41.75,45.875,4.125,4.125,8,"[-10.625, 17.75]",descriptive
nicowar,harvested_stone_per_1000_ticks,8,8,0,0.46639933486066104,0.5990516892148987,0.13265235435423764,0.13265235435423764,8,"[0.029166666666666667, 0.2591377271239822]",descriptive
nicowar,harvested_wood,8,8,0,199.625,224.75,25.125,25.125,8,"[-7.25, 66.75]",descriptive
nicowar,harvested_wood_per_1000_ticks,8,8,0,2.3509389177395925,2.861924184510803,0.5109852667712107,0.5109852667712107,8,"[0.036604225272298535, 1.0218598010266629]",descriptive
nicowar,needFood,8,8,0,3.375,2.375,-1,-1,8,"[-2.625, 0.125]",descriptive
nicowar,needFoodCritical,8,8,0,6.125,4.875,-1.25,-1.25,8,"[-5.375, 2.625]",descriptive
nicowar,needFoodNoInns,8,8,0,4,2.375,-1.625,-1.625,8,"[-4.375, 1.25]",descriptive
nicowar,new_buildings,8,8,0,27.875,32.125,4.25,4.25,8,"[-0.875, 11.25]",descriptive
nicowar,new_buildings_10_observed_fraction,8,8,0,0.4375,0.5,0.0625,0.0625,8,"[-0.15625, 0.3125]",descriptive
nicowar,new_buildings_10_waiting_lower_ticks,8,8,0,66039.25,58129.375,-7909.875,-7909.875,8,"[-19154.875, 2409.5]",descriptive; CI excludes within512tick interval and competing-event uncertainty
nicowar,new_buildings_10_waiting_upper_ticks,8,8,0,70279.125,65320.0,-4959.125,-4959.125,8,"[-16819.125, 4757.75]",descriptive; CI excludes within512tick interval and competing-event uncertainty
nicowar,new_buildings_1_observed_fraction,8,8,0,1.0,1.0,0.0,0.0,8,"[0.0, 0.0]",descriptive
nicowar,new_buildings_1_waiting_lower_ticks,8,8,0,1136.0,1136.0,0.0,0.0,8,"[0.0, 0.0]",descriptive; CI excludes within512tick interval and competing-event uncertainty
nicowar,new_buildings_1_waiting_upper_ticks,8,8,0,1648.0,1648.0,0.0,0.0,8,"[0.0, 0.0]",descriptive; CI excludes within512tick interval and competing-event uncertainty
nicowar,new_buildings_5_observed_fraction,8,8,0,0.8125,0.875,0.0625,0.0625,8,"[-0.0625, 0.21875]",descriptive
nicowar,new_buildings_5_waiting_lower_ticks,8,8,0,36331.0,32578.0,-3753.0,-3753.0,8,"[-14580.0, 6069.5]",descriptive; CI excludes within512tick interval and competing-event uncertainty
nicowar,new_buildings_5_waiting_upper_ticks,8,8,0,36747.0,33026.0,-3721.0,-3721.0,8,"[-14455.5, 6028.5]",descriptive; CI excludes within512tick interval and competing-event uncertainty
nicowar,observed_winner_set_change,8,1,7,0,0,0,0,1,"[0, 0]","descriptive; unresolved games excluded, resolution-selection bias possible"
nicowar,resolution_status_change,8,8,0,0,0.375,0.375,0.375,8,"[0.125, 0.75]",descriptive
nicowar,resolved_match_win_nicowar,8,1,7,1,1,0,0,1,"[0, 0]","descriptive; unresolved games excluded, resolution-selection bias possible"
nicowar,resolved_outcome,8,8,0,0.25,0.375,0.125,0.125,8,"[-0.25, 0.5]",descriptive
nicowar,resolved_win_team_share_nicowar,8,1,7,0.5,0.5,0.0,0.0,1,"[0.0, 0.0]","descriptive; unresolved games excluded, resolution-selection bias possible"
nicowar,sites,8,8,0,5,5.375,0.375,0.375,8,"[-1.125, 1.75]",descriptive
nicowar,starvation_deaths,8,8,0,47.375,43.5,-3.875,-3.875,8,"[-13.125, 5.375]",descriptive
nicowar,stock_algae,8,8,0,1.625,1.625,0,0,8,"[-0.75, 0.75]",descriptive
nicowar,stock_cherries,8,8,0,90.125,71.375,-18.75,-18.75,8,"[-106.5, 50.25]",descriptive
nicowar,stock_fabric,8,8,0,0,0,0,0,8,"[0, 0]",descriptive
nicowar,stock_food,8,8,0,80.375,94.25,13.875,13.875,8,"[-2.5, 31.875]",descriptive
nicowar,stock_glass,8,8,0,0,0,0,0,8,"[0, 0]",descriptive
nicowar,stock_gold,8,8,0,0,0,0,0,8,"[0, 0]",descriptive
nicowar,stock_metal,8,8,0,0,0,0,0,8,"[0, 0]",descriptive
nicowar,stock_oranges,8,8,0,0,45.75,45.75,45.75,8,"[0, 137.25]",descriptive
nicowar,stock_paper,8,8,0,0,0,0,0,8,"[0, 0]",descriptive
nicowar,stock_prunes,8,8,0,143.25,109.75,-33.5,-33.5,8,"[-100.5, 0]",descriptive
nicowar,stock_stone,8,8,0,1.375,2.25,0.875,0.875,8,"[-1.375, 3.25]",descriptive
nicowar,stock_wood,8,8,0,13.125,15.5,2.375,2.375,8,"[-6.25, 11.75]",descriptive
nicowar,surviving_teams,8,8,0,2,2.125,0.125,0.125,8,"[-0.625, 0.875]",descriptive
nicowar,tick_cap,8,8,0,0.75,0.625,-0.125,-0.125,8,"[-0.5, 0.25]",descriptive
nicowar,ticks,8,8,0,81948.5,81046.75,-901.75,-901.75,8,"[-8999, 9677.75]",descriptive
nicowar,units,8,8,0,66,63.5,-2.5,-2.5,8,"[-14.5, 10.625]",descriptive
nicowar,unresolved_outcome,8,8,0,0.75,0.625,-0.125,-0.125,8,"[-0.5, 0.25]",descriptive
nicowar,upgrades,8,8,0,8.5,8.625,0.125,0.125,8,"[-1.5, 1.875]",descriptive
nicowar,warriors,8,8,0,11.75,13.25,1.5,1.5,8,"[0.25, 2.75]",descriptive
nicowar,withdrawn_algae,8,8,0,0,0,0,0,8,"[0, 0]",descriptive
nicowar,withdrawn_cherries,8,8,0,0,0,0,0,8,"[0, 0]",descriptive
nicowar,withdrawn_fabric,8,8,0,0,0,0,0,8,"[0, 0]",descriptive
nicowar,withdrawn_food,8,8,0,0,0,0,0,8,"[0, 0]",descriptive
nicowar,withdrawn_glass,8,8,0,0,0,0,0,8,"[0, 0]",descriptive
nicowar,withdrawn_gold,8,8,0,0,0,0,0,8,"[0, 0]",descriptive
nicowar,withdrawn_metal,8,8,0,0,0,0,0,8,"[0, 0]",descriptive
nicowar,withdrawn_oranges,8,8,0,0,0,0,0,8,"[0, 0]",descriptive
nicowar,withdrawn_paper,8,8,0,0,0,0,0,8,"[0, 0]",descriptive
nicowar,withdrawn_prunes,8,8,0,0,0,0,0,8,"[0, 0]",descriptive
nicowar,withdrawn_stone,8,8,0,0,0,0,0,8,"[0, 0]",descriptive
nicowar,withdrawn_wood,8,8,0,0,0,0,0,8,"[0, 0]",descriptive
nicowar,workers,8,8,0,46.875,44.625,-2.25,-2.25,8,"[-11.75, 8.625]",descriptive
control,births,2,2,0,38.5,38.5,0,0,1,"[0, 0]",descriptive
control,buildings,2,2,0,12.5,12.5,0,0,1,"[0, 0]",descriptive
control,carried_algae,2,2,0,0,0,0,0,1,"[0, 0]",descriptive
control,carried_cherries,2,2,0,2,2,0,0,1,"[0, 0]",descriptive
control,carried_fabric,2,2,0,0,0,0,0,1,"[0, 0]",descriptive
control,carried_food,2,2,0,4,4,0,0,1,"[0, 0]",descriptive
control,carried_glass,2,2,0,0,0,0,0,1,"[0, 0]",descriptive
control,carried_gold,2,2,0,0,0,0,0,1,"[0, 0]",descriptive
control,carried_metal,2,2,0,0,0,0,0,1,"[0, 0]",descriptive
control,carried_oranges,2,2,0,0.5,0.5,0,0,1,"[0, 0]",descriptive
control,carried_paper,2,2,0,0,0,0,0,1,"[0, 0]",descriptive
control,carried_prunes,2,2,0,1,1,0,0,1,"[0, 0]",descriptive
control,carried_stone,2,2,0,0,0,0,0,1,"[0, 0]",descriptive
control,carried_wood,2,2,0,0.5,0.5,0,0,1,"[0, 0]",descriptive
control,consumed_ammunition_algae,2,2,0,0,0,0,0,1,"[0, 0]",descriptive
control,consumed_ammunition_cherries,2,2,0,0,0,0,0,1,"[0, 0]",descriptive
control,consumed_ammunition_fabric,2,2,0,0,0,0,0,1,"[0, 0]",descriptive
control,consumed_ammunition_food,2,2,0,0,0,0,0,1,"[0, 0]",descriptive
control,consumed_ammunition_glass,2,2,0,0,0,0,0,1,"[0, 0]",descriptive
control,consumed_ammunition_gold,2,2,0,0,0,0,0,1,"[0, 0]",descriptive
control,consumed_ammunition_metal,2,2,0,0,0,0,0,1,"[0, 0]",descriptive
control,consumed_ammunition_oranges,2,2,0,0,0,0,0,1,"[0, 0]",descriptive
control,consumed_ammunition_paper,2,2,0,0,0,0,0,1,"[0, 0]",descriptive
control,consumed_ammunition_prunes,2,2,0,0,0,0,0,1,"[0, 0]",descriptive
control,consumed_ammunition_stone,2,2,0,0,0,0,0,1,"[0, 0]",descriptive
control,consumed_ammunition_wood,2,2,0,0,0,0,0,1,"[0, 0]",descriptive
control,consumed_births_algae,2,2,0,0,0,0,0,1,"[0, 0]",descriptive
control,consumed_births_cherries,2,2,0,0,0,0,0,1,"[0, 0]",descriptive
control,consumed_births_fabric,2,2,0,0,0,0,0,1,"[0, 0]",descriptive
control,consumed_births_food,2,2,0,192.5,192.5,0,0,1,"[0, 0]",descriptive
control,consumed_births_glass,2,2,0,0,0,0,0,1,"[0, 0]",descriptive
control,consumed_births_gold,2,2,0,0,0,0,0,1,"[0, 0]",descriptive
control,consumed_births_metal,2,2,0,0,0,0,0,1,"[0, 0]",descriptive
control,consumed_births_oranges,2,2,0,0,0,0,0,1,"[0, 0]",descriptive
control,consumed_births_paper,2,2,0,0,0,0,0,1,"[0, 0]",descriptive
control,consumed_births_prunes,2,2,0,0,0,0,0,1,"[0, 0]",descriptive
control,consumed_births_stone,2,2,0,0,0,0,0,1,"[0, 0]",descriptive
control,consumed_births_wood,2,2,0,0,0,0,0,1,"[0, 0]",descriptive
control,consumed_construction_algae,2,2,0,0,0,0,0,1,"[0, 0]",descriptive
control,consumed_construction_cherries,2,2,0,0,0,0,0,1,"[0, 0]",descriptive
control,consumed_construction_fabric,2,2,0,0,0,0,0,1,"[0, 0]",descriptive
control,consumed_construction_food,2,2,0,35,35,0,0,1,"[0, 0]",descriptive
control,consumed_construction_glass,2,2,0,0,0,0,0,1,"[0, 0]",descriptive
control,consumed_construction_gold,2,2,0,0,0,0,0,1,"[0, 0]",descriptive
control,consumed_construction_metal,2,2,0,0,0,0,0,1,"[0, 0]",descriptive
control,consumed_construction_oranges,2,2,0,0,0,0,0,1,"[0, 0]",descriptive
control,consumed_construction_paper,2,2,0,0,0,0,0,1,"[0, 0]",descriptive
control,consumed_construction_prunes,2,2,0,0,0,0,0,1,"[0, 0]",descriptive
control,consumed_construction_stone,2,2,0,0,0,0,0,1,"[0, 0]",descriptive
control,consumed_construction_wood,2,2,0,55,55,0,0,1,"[0, 0]",descriptive
control,consumed_healing_algae,2,2,0,0,0,0,0,1,"[0, 0]",descriptive
control,consumed_healing_cherries,2,2,0,0,0,0,0,1,"[0, 0]",descriptive
control,consumed_healing_fabric,2,2,0,0,0,0,0,1,"[0, 0]",descriptive
control,consumed_healing_food,2,2,0,0,0,0,0,1,"[0, 0]",descriptive
control,consumed_healing_glass,2,2,0,0,0,0,0,1,"[0, 0]",descriptive
control,consumed_healing_gold,2,2,0,0,0,0,0,1,"[0, 0]",descriptive
control,consumed_healing_metal,2,2,0,0,0,0,0,1,"[0, 0]",descriptive
control,consumed_healing_oranges,2,2,0,0,0,0,0,1,"[0, 0]",descriptive
control,consumed_healing_paper,2,2,0,0,0,0,0,1,"[0, 0]",descriptive
control,consumed_healing_prunes,2,2,0,0,0,0,0,1,"[0, 0]",descriptive
control,consumed_healing_stone,2,2,0,0,0,0,0,1,"[0, 0]",descriptive
control,consumed_healing_wood,2,2,0,0,0,0,0,1,"[0, 0]",descriptive
control,consumed_meals_algae,2,2,0,0,0,0,0,1,"[0, 0]",descriptive
control,consumed_meals_cherries,2,2,0,67,67,0,0,1,"[0, 0]",descriptive
control,consumed_meals_fabric,2,2,0,0,0,0,0,1,"[0, 0]",descriptive
control,consumed_meals_food,2,2,0,69.5,69.5,0,0,1,"[0, 0]",descriptive
control,consumed_meals_glass,2,2,0,0,0,0,0,1,"[0, 0]",descriptive
control,consumed_meals_gold,2,2,0,0,0,0,0,1,"[0, 0]",descriptive
control,consumed_meals_metal,2,2,0,0,0,0,0,1,"[0, 0]",descriptive
control,consumed_meals_oranges,2,2,0,56,56,0,0,1,"[0, 0]",descriptive
control,consumed_meals_paper,2,2,0,0,0,0,0,1,"[0, 0]",descriptive
control,consumed_meals_prunes,2,2,0,51,51,0,0,1,"[0, 0]",descriptive
control,consumed_meals_stone,2,2,0,0,0,0,0,1,"[0, 0]",descriptive
control,consumed_meals_wood,2,2,0,0,0,0,0,1,"[0, 0]",descriptive
control,consumed_training_algae,2,2,0,0,0,0,0,1,"[0, 0]",descriptive
control,consumed_training_cherries,2,2,0,0,0,0,0,1,"[0, 0]",descriptive
control,consumed_training_fabric,2,2,0,0,0,0,0,1,"[0, 0]",descriptive
control,consumed_training_food,2,2,0,0,0,0,0,1,"[0, 0]",descriptive
control,consumed_training_glass,2,2,0,0,0,0,0,1,"[0, 0]",descriptive
control,consumed_training_gold,2,2,0,0,0,0,0,1,"[0, 0]",descriptive
control,consumed_training_metal,2,2,0,0,0,0,0,1,"[0, 0]",descriptive
control,consumed_training_oranges,2,2,0,0,0,0,0,1,"[0, 0]",descriptive
control,consumed_training_paper,2,2,0,0,0,0,0,1,"[0, 0]",descriptive
control,consumed_training_prunes,2,2,0,0,0,0,0,1,"[0, 0]",descriptive
control,consumed_training_stone,2,2,0,0,0,0,0,1,"[0, 0]",descriptive
control,consumed_training_wood,2,2,0,0,0,0,0,1,"[0, 0]",descriptive
control,consumed_upgrades_algae,2,2,0,0,0,0,0,1,"[0, 0]",descriptive
control,consumed_upgrades_cherries,2,2,0,0,0,0,0,1,"[0, 0]",descriptive
control,consumed_upgrades_fabric,2,2,0,0,0,0,0,1,"[0, 0]",descriptive
control,consumed_upgrades_food,2,2,0,0,0,0,0,1,"[0, 0]",descriptive
control,consumed_upgrades_glass,2,2,0,0,0,0,0,1,"[0, 0]",descriptive
control,consumed_upgrades_gold,2,2,0,0,0,0,0,1,"[0, 0]",descriptive
control,consumed_upgrades_metal,2,2,0,0,0,0,0,1,"[0, 0]",descriptive
control,consumed_upgrades_oranges,2,2,0,0,0,0,0,1,"[0, 0]",descriptive
control,consumed_upgrades_paper,2,2,0,0,0,0,0,1,"[0, 0]",descriptive
control,consumed_upgrades_prunes,2,2,0,0,0,0,0,1,"[0, 0]",descriptive
control,consumed_upgrades_stone,2,2,0,0,0,0,0,1,"[0, 0]",descriptive
control,consumed_upgrades_wood,2,2,0,0,0,0,0,1,"[0, 0]",descriptive
control,delivered_algae,2,2,0,0,0,0,0,1,"[0, 0]",descriptive
control,delivered_algae_per_1000_ticks,2,2,0,0.0,0.0,0.0,0.0,1,"[0.0, 0.0]",descriptive
control,delivered_cherries,2,2,0,171.5,171.5,0,0,1,"[0, 0]",descriptive
control,delivered_cherries_per_1000_ticks,2,2,0,8.019677462665804,8.019677462665804,0.0,0.0,1,"[0.0, 0.0]",descriptive
control,delivered_fabric,2,2,0,0,0,0,0,1,"[0, 0]",descriptive
control,delivered_fabric_per_1000_ticks,2,2,0,0.0,0.0,0.0,0.0,1,"[0.0, 0.0]",descriptive
control,delivered_food,2,2,0,359,359,0,0,1,"[0, 0]",descriptive
control,delivered_food_per_1000_ticks,2,2,0,17.467027078383047,17.467027078383047,0.0,0.0,1,"[0.0, 0.0]",descriptive
control,delivered_glass,2,2,0,0,0,0,0,1,"[0, 0]",descriptive
control,delivered_glass_per_1000_ticks,2,2,0,0.0,0.0,0.0,0.0,1,"[0.0, 0.0]",descriptive
control,delivered_gold,2,2,0,0,0,0,0,1,"[0, 0]",descriptive
control,delivered_gold_per_1000_ticks,2,2,0,0.0,0.0,0.0,0.0,1,"[0.0, 0.0]",descriptive
control,delivered_metal,2,2,0,0,0,0,0,1,"[0, 0]",descriptive
control,delivered_metal_per_1000_ticks,2,2,0,0.0,0.0,0.0,0.0,1,"[0.0, 0.0]",descriptive
control,delivered_oranges,2,2,0,163.5,163.5,0,0,1,"[0, 0]",descriptive
control,delivered_oranges_per_1000_ticks,2,2,0,7.69418311813004,7.69418311813004,0.0,0.0,1,"[0.0, 0.0]",descriptive
control,delivered_paper,2,2,0,0,0,0,0,1,"[0, 0]",descriptive
control,delivered_paper_per_1000_ticks,2,2,0,0.0,0.0,0.0,0.0,1,"[0.0, 0.0]",descriptive
control,delivered_prunes,2,2,0,143.5,143.5,0,0,1,"[0, 0]",descriptive
control,delivered_prunes_per_1000_ticks,2,2,0,6.501577274361406,6.501577274361406,0.0,0.0,1,"[0.0, 0.0]",descriptive
control,delivered_stone,2,2,0,0,0,0,0,1,"[0, 0]",descriptive
control,delivered_stone_per_1000_ticks,2,2,0,0.0,0.0,0.0,0.0,1,"[0.0, 0.0]",descriptive
control,delivered_wood,2,2,0,56.5,56.5,0,0,1,"[0, 0]",descriptive
control,delivered_wood_per_1000_ticks,2,2,0,2.8292217836847464,2.8292217836847464,0.0,0.0,1,"[0.0, 0.0]",descriptive
control,first_upgrade_observed_fraction,2,2,0,0.0,0.0,0.0,0.0,1,"[0.0, 0.0]",descriptive
control,first_upgrade_waiting_lower_ticks,2,2,0,20674.0,20674.0,0.0,0.0,1,"[0.0, 0.0]",descriptive; CI excludes within512tick interval and competing-event uncertainty
control,first_upgrade_waiting_upper_ticks,2,2,0,90000.0,90000.0,0.0,0.0,1,"[0.0, 0.0]",descriptive; CI excludes within512tick interval and competing-event uncertainty
control,harvested_algae,2,2,0,0,0,0,0,1,"[0, 0]",descriptive
control,harvested_algae_per_1000_ticks,2,2,0,0.0,0.0,0.0,0.0,1,"[0.0, 0.0]",descriptive
control,harvested_cherries,2,2,0,20.5,20.5,0,0,1,"[0, 0]",descriptive
control,harvested_cherries_per_1000_ticks,2,2,0,0.9666837517231234,0.9666837517231234,0.0,0.0,1,"[0.0, 0.0]",descriptive
control,harvested_fabric,2,2,0,0,0,0,0,1,"[0, 0]",descriptive
control,harvested_fabric_per_1000_ticks,2,2,0,0.0,0.0,0.0,0.0,1,"[0.0, 0.0]",descriptive
control,harvested_food,2,2,0,369.5,369.5,0,0,1,"[0, 0]",descriptive
control,harvested_food_per_1000_ticks,2,2,0,17.96054065251135,17.96054065251135,0.0,0.0,1,"[0.0, 0.0]",descriptive
control,harvested_glass,2,2,0,0,0,0,0,1,"[0, 0]",descriptive
control,harvested_glass_per_1000_ticks,2,2,0,0.0,0.0,0.0,0.0,1,"[0.0, 0.0]",descriptive
control,harvested_gold,2,2,0,0,0,0,0,1,"[0, 0]",descriptive
control,harvested_gold_per_1000_ticks,2,2,0,0.0,0.0,0.0,0.0,1,"[0.0, 0.0]",descriptive
control,harvested_metal,2,2,0,0,0,0,0,1,"[0, 0]",descriptive
control,harvested_metal_per_1000_ticks,2,2,0,0.0,0.0,0.0,0.0,1,"[0.0, 0.0]",descriptive
control,harvested_oranges,2,2,0,20.5,20.5,0,0,1,"[0, 0]",descriptive
control,harvested_oranges_per_1000_ticks,2,2,0,0.9477402526016621,0.9477402526016621,0.0,0.0,1,"[0.0, 0.0]",descriptive
control,harvested_paper,2,2,0,0,0,0,0,1,"[0, 0]",descriptive
control,harvested_paper_per_1000_ticks,2,2,0,0.0,0.0,0.0,0.0,1,"[0.0, 0.0]",descriptive
control,harvested_prunes,2,2,0,17.5,17.5,0,0,1,"[0, 0]",descriptive
control,harvested_prunes_per_1000_ticks,2,2,0,0.8067363742792893,0.8067363742792893,0.0,0.0,1,"[0.0, 0.0]",descriptive
control,harvested_stone,2,2,0,0,0,0,0,1,"[0, 0]",descriptive
control,harvested_stone_per_1000_ticks,2,2,0,0.0,0.0,0.0,0.0,1,"[0.0, 0.0]",descriptive
control,harvested_wood,2,2,0,59,59,0,0,1,"[0, 0]",descriptive
control,harvested_wood_per_1000_ticks,2,2,0,2.949882265473634,2.949882265473634,0.0,0.0,1,"[0.0, 0.0]",descriptive
control,needFood,2,2,0,2,2,0,0,1,"[0, 0]",descriptive
control,needFoodCritical,2,2,0,2,2,0,0,1,"[0, 0]",descriptive
control,needFoodNoInns,2,2,0,0,0,0,0,1,"[0, 0]",descriptive
control,new_buildings,2,2,0,15,15,0,0,1,"[0, 0]",descriptive
control,new_buildings_10_observed_fraction,2,2,0,0.5,0.5,0.0,0.0,1,"[0.0, 0.0]",descriptive
control,new_buildings_10_waiting_lower_ticks,2,2,0,18785.0,18785.0,0.0,0.0,1,"[0.0, 0.0]",descriptive; CI excludes within512tick interval and competing-event uncertainty
control,new_buildings_10_waiting_upper_ticks,2,2,0,53704.0,53704.0,0.0,0.0,1,"[0.0, 0.0]",descriptive; CI excludes within512tick interval and competing-event uncertainty
control,new_buildings_1_observed_fraction,2,2,0,1.0,1.0,0.0,0.0,1,"[0.0, 0.0]",descriptive
control,new_buildings_1_waiting_lower_ticks,2,2,0,1408.0,1408.0,0.0,0.0,1,"[0.0, 0.0]",descriptive; CI excludes within512tick interval and competing-event uncertainty
control,new_buildings_1_waiting_upper_ticks,2,2,0,1920.0,1920.0,0.0,0.0,1,"[0.0, 0.0]",descriptive; CI excludes within512tick interval and competing-event uncertainty
control,new_buildings_5_observed_fraction,2,2,0,0.5,0.5,0.0,0.0,1,"[0.0, 0.0]",descriptive
control,new_buildings_5_waiting_lower_ticks,2,2,0,14817.0,14817.0,0.0,0.0,1,"[0.0, 0.0]",descriptive; CI excludes within512tick interval and competing-event uncertainty
control,new_buildings_5_waiting_upper_ticks,2,2,0,49736.0,49736.0,0.0,0.0,1,"[0.0, 0.0]",descriptive; CI excludes within512tick interval and competing-event uncertainty
control,observed_winner_set_change,2,2,0,0,0,0,0,1,"[0, 0]","descriptive; unresolved games excluded, resolution-selection bias possible"
control,resolution_status_change,2,2,0,0,0,0,0,1,"[0, 0]",descriptive
control,resolved_match_win_cortex,2,2,0,0,0,0,0,1,"[0, 0]","descriptive; unresolved games excluded, resolution-selection bias possible"
control,resolved_match_win_maxima,2,2,0,1,1,0,0,1,"[0, 0]","descriptive; unresolved games excluded, resolution-selection bias possible"
control,resolved_outcome,2,2,0,1,1,0,0,1,"[0, 0]",descriptive
control,resolved_win_team_share_cortex,2,2,0,0.0,0.0,0.0,0.0,1,"[0.0, 0.0]","descriptive; unresolved games excluded, resolution-selection bias possible"
control,resolved_win_team_share_maxima,2,2,0,1.0,1.0,0.0,0.0,1,"[0.0, 0.0]","descriptive; unresolved games excluded, resolution-selection bias possible"
control,sites,2,2,0,2.5,2.5,0,0,1,"[0, 0]",descriptive
control,starvation_deaths,2,2,0,0,0,0,0,1,"[0, 0]",descriptive
control,stock_algae,2,2,0,0,0,0,0,1,"[0, 0]",descriptive
control,stock_cherries,2,2,0,86.5,86.5,0,0,1,"[0, 0]",descriptive
control,stock_fabric,2,2,0,0,0,0,0,1,"[0, 0]",descriptive
control,stock_food,2,2,0,44.5,44.5,0,0,1,"[0, 0]",descriptive
control,stock_glass,2,2,0,0,0,0,0,1,"[0, 0]",descriptive
control,stock_gold,2,2,0,0,0,0,0,1,"[0, 0]",descriptive
control,stock_metal,2,2,0,0,0,0,0,1,"[0, 0]",descriptive
control,stock_oranges,2,2,0,92.5,92.5,0,0,1,"[0, 0]",descriptive
control,stock_paper,2,2,0,0,0,0,0,1,"[0, 0]",descriptive
control,stock_prunes,2,2,0,85.5,85.5,0,0,1,"[0, 0]",descriptive
control,stock_stone,2,2,0,0,0,0,0,1,"[0, 0]",descriptive
control,stock_wood,2,2,0,1.5,1.5,0,0,1,"[0, 0]",descriptive
control,surviving_teams,2,2,0,1,1,0,0,1,"[0, 0]",descriptive
control,tick_cap,2,2,0,0,0,0,0,1,"[0, 0]",descriptive
control,ticks,2,2,0,20674,20674,0,0,1,"[0, 0]",descriptive
control,units,2,2,0,45,45,0,0,1,"[0, 0]",descriptive
control,unresolved_outcome,2,2,0,0,0,0,0,1,"[0, 0]",descriptive
control,upgrades,2,2,0,0,0,0,0,1,"[0, 0]",descriptive
control,warriors,2,2,0,13.5,13.5,0,0,1,"[0, 0]",descriptive
control,withdrawn_algae,2,2,0,0,0,0,0,1,"[0, 0]",descriptive
control,withdrawn_cherries,2,2,0,0,0,0,0,1,"[0, 0]",descriptive
control,withdrawn_fabric,2,2,0,0,0,0,0,1,"[0, 0]",descriptive
control,withdrawn_food,2,2,0,0,0,0,0,1,"[0, 0]",descriptive
control,withdrawn_glass,2,2,0,0,0,0,0,1,"[0, 0]",descriptive
control,withdrawn_gold,2,2,0,0,0,0,0,1,"[0, 0]",descriptive
control,withdrawn_metal,2,2,0,0,0,0,0,1,"[0, 0]",descriptive
control,withdrawn_oranges,2,2,0,0,0,0,0,1,"[0, 0]",descriptive
control,withdrawn_paper,2,2,0,0,0,0,0,1,"[0, 0]",descriptive
control,withdrawn_prunes,2,2,0,0,0,0,0,1,"[0, 0]",descriptive
control,withdrawn_stone,2,2,0,0,0,0,0,1,"[0, 0]",descriptive
control,withdrawn_wood,2,2,0,0,0,0,0,1,"[0, 0]",descriptive
control,workers,2,2,0,24,24,0,0,1,"[0, 0]",descriptive
