group,metric,games,available_pairs,missing_pairs,baseline_mean,candidate_mean,paired_mean_change,geometry_balanced_mean_change,geometry_clusters,bootstrap95,directional_interpretation
all,births,40,40,0,141.5,139.55,-1.95,-1.9500000000000004,8,"[-10.525, 6.3]",descriptive
all,buildings,40,40,0,32.325,27.825,-4.5,-4.5,8,"[-6.6000000000000005, -2.675]",descriptive
all,carried_algae,40,40,0,0.525,0.15,-0.375,-0.375,8,"[-0.7749999999999999, 0]",descriptive
all,carried_cherries,40,40,0,0.825,0.425,-0.4,-0.4,8,"[-1.1, 0.1]",descriptive
all,carried_fabric,40,40,0,0,0,0,0,8,"[0, 0]",descriptive
all,carried_food,40,40,0,9.6,6.15,-3.45,-3.45,8,"[-8.975, 0.30000000000000004]",descriptive
all,carried_glass,40,40,0,0,0,0,0,8,"[0, 0]",descriptive
all,carried_gold,40,40,0,0,0,0,0,8,"[0, 0]",descriptive
all,carried_metal,40,40,0,0,0,0,0,8,"[0, 0]",descriptive
all,carried_oranges,40,40,0,0.75,0.825,0.075,0.07500000000000001,8,"[-0.425, 0.625]",descriptive
all,carried_paper,40,40,0,0,0,0,0,8,"[0, 0]",descriptive
all,carried_prunes,40,40,0,1.025,0.125,-0.9,-0.9,8,"[-2.7, 0]",descriptive
all,carried_stone,40,40,0,0.375,0.675,0.3,0.30000000000000004,8,"[-0.425, 1.35]",descriptive
all,carried_wood,40,40,0,1.1,1.375,0.275,0.27499999999999997,8,"[-0.4, 0.95]",descriptive
all,consumed_ammunition_algae,40,40,0,0,0,0,0,8,"[0, 0]",descriptive
all,consumed_ammunition_cherries,40,40,0,0,0,0,0,8,"[0, 0]",descriptive
all,consumed_ammunition_fabric,40,40,0,0,0,0,0,8,"[0, 0]",descriptive
all,consumed_ammunition_food,40,40,0,0,0,0,0,8,"[0, 0]",descriptive
all,consumed_ammunition_glass,40,40,0,0,0,0,0,8,"[0, 0]",descriptive
all,consumed_ammunition_gold,40,40,0,0,0,0,0,8,"[0, 0]",descriptive
all,consumed_ammunition_metal,40,40,0,0,0,0,0,8,"[0, 0]",descriptive
all,consumed_ammunition_oranges,40,40,0,0,0,0,0,8,"[0, 0]",descriptive
all,consumed_ammunition_paper,40,40,0,0,0,0,0,8,"[0, 0]",descriptive
all,consumed_ammunition_prunes,40,40,0,0,0,0,0,8,"[0, 0]",descriptive
all,consumed_ammunition_stone,40,40,0,5.75,3.725,-2.025,-2.025,8,"[-7.125, 2.4]",descriptive
all,consumed_ammunition_wood,40,40,0,0,0,0,0,8,"[0, 0]",descriptive
all,consumed_births_algae,40,40,0,0,0,0,0,8,"[0, 0]",descriptive
all,consumed_births_cherries,40,40,0,0,0,0,0,8,"[0, 0]",descriptive
all,consumed_births_fabric,40,40,0,0,0,0,0,8,"[0, 0]",descriptive
all,consumed_births_food,40,40,0,707.5,697.75,-9.75,-9.75,8,"[-52.625, 31.5]",descriptive
all,consumed_births_glass,40,40,0,0,0,0,0,8,"[0, 0]",descriptive
all,consumed_births_gold,40,40,0,0,0,0,0,8,"[0, 0]",descriptive
all,consumed_births_metal,40,40,0,0,0,0,0,8,"[0, 0]",descriptive
all,consumed_births_oranges,40,40,0,0,0,0,0,8,"[0, 0]",descriptive
all,consumed_births_paper,40,40,0,0,0,0,0,8,"[0, 0]",descriptive
all,consumed_births_prunes,40,40,0,0,0,0,0,8,"[0, 0]",descriptive
all,consumed_births_stone,40,40,0,0,0,0,0,8,"[0, 0]",descriptive
all,consumed_births_wood,40,40,0,0,0,0,0,8,"[0, 0]",descriptive
all,consumed_construction_algae,40,40,0,3.45,2.65,-0.8,-0.8,8,"[-1.9500000000000002, 0.05000000000000002]",descriptive
all,consumed_construction_cherries,40,40,0,0,0,0,0,8,"[0, 0]",descriptive
all,consumed_construction_fabric,40,40,0,0,0,0,0,8,"[0, 0]",descriptive
all,consumed_construction_food,40,40,0,87.5,73.5,-14,-14,8,"[-26.25, -2.625]",descriptive
all,consumed_construction_glass,40,40,0,0,0,0,0,8,"[0, 0]",descriptive
all,consumed_construction_gold,40,40,0,0,0,0,0,8,"[0, 0]",descriptive
all,consumed_construction_metal,40,40,0,0,0,0,0,8,"[0, 0]",descriptive
all,consumed_construction_oranges,40,40,0,0,0,0,0,8,"[0, 0]",descriptive
all,consumed_construction_paper,40,40,0,0,0,0,0,8,"[0, 0]",descriptive
all,consumed_construction_prunes,40,40,0,0,0,0,0,8,"[0, 0]",descriptive
all,consumed_construction_stone,40,40,0,2.325,1.925,-0.4,-0.4,8,"[-0.875, -0.024999999999999988]",descriptive
all,consumed_construction_wood,40,40,0,159.875,143.875,-16,-16.0,8,"[-34.925, -2.5250000000000004]",descriptive
all,consumed_healing_algae,40,40,0,0,0,0,0,8,"[0, 0]",descriptive
all,consumed_healing_cherries,40,40,0,0,0,0,0,8,"[0, 0]",descriptive
all,consumed_healing_fabric,40,40,0,0,0,0,0,8,"[0, 0]",descriptive
all,consumed_healing_food,40,40,0,0,0,0,0,8,"[0, 0]",descriptive
all,consumed_healing_glass,40,40,0,0,0,0,0,8,"[0, 0]",descriptive
all,consumed_healing_gold,40,40,0,0,0,0,0,8,"[0, 0]",descriptive
all,consumed_healing_metal,40,40,0,0,0,0,0,8,"[0, 0]",descriptive
all,consumed_healing_oranges,40,40,0,0,0,0,0,8,"[0, 0]",descriptive
all,consumed_healing_paper,40,40,0,0,0,0,0,8,"[0, 0]",descriptive
all,consumed_healing_prunes,40,40,0,0,0,0,0,8,"[0, 0]",descriptive
all,consumed_healing_stone,40,40,0,0,0,0,0,8,"[0, 0]",descriptive
all,consumed_healing_wood,40,40,0,0,0,0,0,8,"[0, 0]",descriptive
all,consumed_meals_algae,40,40,0,0,0,0,0,8,"[0, 0]",descriptive
all,consumed_meals_cherries,40,40,0,147.975,111.775,-36.2,-36.2,8,"[-97.625, -2.7750000000000004]",descriptive
all,consumed_meals_fabric,40,40,0,0,0,0,0,8,"[0, 0]",descriptive
all,consumed_meals_food,40,40,0,571.425,500.225,-71.2,-71.2,8,"[-136.125, -19.775]",descriptive
all,consumed_meals_glass,40,40,0,0,0,0,0,8,"[0, 0]",descriptive
all,consumed_meals_gold,40,40,0,0,0,0,0,8,"[0, 0]",descriptive
all,consumed_meals_metal,40,40,0,0,0,0,0,8,"[0, 0]",descriptive
all,consumed_meals_oranges,40,40,0,133.925,91.15,-42.775,-42.775,8,"[-117.2, 5.825]",descriptive
all,consumed_meals_paper,40,40,0,0,0,0,0,8,"[0, 0]",descriptive
all,consumed_meals_prunes,40,40,0,91.775,58.85,-32.925,-32.925,8,"[-91.44999999999999, 4.275]",descriptive
all,consumed_meals_stone,40,40,0,0,0,0,0,8,"[0, 0]",descriptive
all,consumed_meals_wood,40,40,0,0,0,0,0,8,"[0, 0]",descriptive
all,consumed_training_algae,40,40,0,0,0,0,0,8,"[0, 0]",descriptive
all,consumed_training_cherries,40,40,0,0,0,0,0,8,"[0, 0]",descriptive
all,consumed_training_fabric,40,40,0,0,0,0,0,8,"[0, 0]",descriptive
all,consumed_training_food,40,40,0,0,0,0,0,8,"[0, 0]",descriptive
all,consumed_training_glass,40,40,0,0,0,0,0,8,"[0, 0]",descriptive
all,consumed_training_gold,40,40,0,0,0,0,0,8,"[0, 0]",descriptive
all,consumed_training_metal,40,40,0,0,0,0,0,8,"[0, 0]",descriptive
all,consumed_training_oranges,40,40,0,0,0,0,0,8,"[0, 0]",descriptive
all,consumed_training_paper,40,40,0,0,0,0,0,8,"[0, 0]",descriptive
all,consumed_training_prunes,40,40,0,0,0,0,0,8,"[0, 0]",descriptive
all,consumed_training_stone,40,40,0,0,0,0,0,8,"[0, 0]",descriptive
all,consumed_training_wood,40,40,0,0,0,0,0,8,"[0, 0]",descriptive
all,consumed_upgrades_algae,40,40,0,19.1,16.6,-2.5,-2.5,8,"[-10.350000000000001, 2.8499999999999996]",descriptive
all,consumed_upgrades_cherries,40,40,0,0,0,0,0,8,"[0, 0]",descriptive
all,consumed_upgrades_fabric,40,40,0,0,0,0,0,8,"[0, 0]",descriptive
all,consumed_upgrades_food,40,40,0,4.45,3.75,-0.7,-0.7,8,"[-1.95, 0.1]",descriptive
all,consumed_upgrades_glass,40,40,0,0,0,0,0,8,"[0, 0]",descriptive
all,consumed_upgrades_gold,40,40,0,0,0,0,0,8,"[0, 0]",descriptive
all,consumed_upgrades_metal,40,40,0,0,0,0,0,8,"[0, 0]",descriptive
all,consumed_upgrades_oranges,40,40,0,0,0,0,0,8,"[0, 0]",descriptive
all,consumed_upgrades_paper,40,40,0,0,0,0,0,8,"[0, 0]",descriptive
all,consumed_upgrades_prunes,40,40,0,0,0,0,0,8,"[0, 0]",descriptive
all,consumed_upgrades_stone,40,40,0,57.525,46.15,-11.375,-11.375,8,"[-38.5, 5.6]",descriptive
all,consumed_upgrades_wood,40,40,0,80.25,59.725,-20.525,-20.525000000000002,8,"[-60.85, 2.275]",descriptive
all,delivered_algae,40,40,0,24.725,20.275,-4.45,-4.45,8,"[-14.275, 1.5]",descriptive
all,delivered_algae_per_1000_ticks,40,40,0,0.29398413445101224,0.23807770985080934,-0.055906424600202925,-0.05590642460020293,8,"[-0.16895570975139917, 0.006734488982392076]",descriptive
all,delivered_cherries,40,40,0,223.75,171.225,-52.525,-52.525,8,"[-136.875, -5.725]",descriptive
all,delivered_cherries_per_1000_ticks,40,40,0,2.6261062642482114,2.131295088371561,-0.4948111758766505,-0.4948111758766505,8,"[-1.3775945017435234, 0.0413996719230236]",descriptive
all,delivered_fabric,40,40,0,0,0,0,0,8,"[0, 0]",descriptive
all,delivered_fabric_per_1000_ticks,40,40,0,0.0,0.0,0.0,0.0,8,"[0.0, 0.0]",descriptive
all,delivered_food,40,40,0,1465.725,1363.5,-102.225,-102.22500000000001,8,"[-216.525, -17.0]",descriptive
all,delivered_food_per_1000_ticks,40,40,0,17.976949288017217,16.906741869273116,-1.070207418744099,-1.070207418744099,8,"[-2.5683781236620917, 0.4428293343627909]",descriptive
all,delivered_glass,40,40,0,0,0,0,0,8,"[0, 0]",descriptive
all,delivered_glass_per_1000_ticks,40,40,0,0.0,0.0,0.0,0.0,8,"[0.0, 0.0]",descriptive
all,delivered_gold,40,40,0,0,0,0,0,8,"[0, 0]",descriptive
all,delivered_gold_per_1000_ticks,40,40,0,0.0,0.0,0.0,0.0,8,"[0.0, 0.0]",descriptive
all,delivered_metal,40,40,0,0,0,0,0,8,"[0, 0]",descriptive
all,delivered_metal_per_1000_ticks,40,40,0,0.0,0.0,0.0,0.0,8,"[0.0, 0.0]",descriptive
all,delivered_oranges,40,40,0,206,142.425,-63.575,-63.575,8,"[-172.4, 4.35]",descriptive
all,delivered_oranges_per_1000_ticks,40,40,0,2.493575407696804,1.9094485959128351,-0.5841268117839693,-0.5841268117839693,8,"[-1.7363029982597333, 0.11897846633777842]",descriptive
all,delivered_paper,40,40,0,0,0,0,0,8,"[0, 0]",descriptive
all,delivered_paper_per_1000_ticks,40,40,0,0.0,0.0,0.0,0.0,8,"[0.0, 0.0]",descriptive
all,delivered_prunes,40,40,0,153.95,98.875,-55.075,-55.074999999999996,8,"[-139.1, 2.2750000000000004]",descriptive
all,delivered_prunes_per_1000_ticks,40,40,0,1.7669685248166385,1.2906829900307186,-0.47628553478591984,-0.47628553478591984,8,"[-1.2391024008210791, 0.052958514212630134]",descriptive
all,delivered_stone,40,40,0,71.6,56.25,-15.35,-15.35,8,"[-51.9, 8.925]",descriptive
all,delivered_stone_per_1000_ticks,40,40,0,0.8503500645082773,0.6715834003136586,-0.17876666419461867,-0.1787666641946187,8,"[-0.5981599241078276, 0.09889188119031408]",descriptive
all,delivered_wood,40,40,0,252.5,214.05,-38.45,-38.45,8,"[-102.575, 0.6249999999999996]",descriptive
all,delivered_wood_per_1000_ticks,40,40,0,3.143720208535102,2.6943293813919595,-0.4493908271431423,-0.4493908271431423,8,"[-1.2634974209639613, 0.11638680722004953]",descriptive
all,first_upgrade_observed_fraction,40,40,0,0.24375,0.2,-0.04375,-0.043750000000000004,8,"[-0.1125, 0.0125]",descriptive
all,first_upgrade_waiting_lower_ticks,40,40,0,66250.525,68355.85,2105.325,2105.325,8,"[-6379.375, 8839.5625]",descriptive; CI excludes within512tick interval and competing-event uncertainty
all,first_upgrade_waiting_upper_ticks,40,40,0,77099.3,79436.8,2337.5,2337.5,8,"[-252.1, 5179.2]",descriptive; CI excludes within512tick interval and competing-event uncertainty
all,harvested_algae,40,40,0,28.675,22.175,-6.5,-6.5,8,"[-19.599999999999998, 0.925]",descriptive
all,harvested_algae_per_1000_ticks,40,40,0,0.3404406288470015,0.26021038125250107,-0.08023024759450044,-0.08023024759450045,8,"[-0.23091213615366604, -0.001477784508932313]",descriptive
all,harvested_cherries,40,40,0,35.6,24.875,-10.725,-10.725,8,"[-31.1, 0.5499999999999999]",descriptive
all,harvested_cherries_per_1000_ticks,40,40,0,0.4144782639029368,0.30867397379917255,-0.10580429010376424,-0.10580429010376424,8,"[-0.33234824846560823, 0.032442144058611115]",descriptive
all,harvested_fabric,40,40,0,0,0,0,0,8,"[0, 0]",descriptive
all,harvested_fabric_per_1000_ticks,40,40,0,0.0,0.0,0.0,0.0,8,"[0.0, 0.0]",descriptive
all,harvested_food,40,40,0,1510.3,1396.925,-113.375,-113.375,8,"[-245.74999999999997, -18.25]",descriptive
all,harvested_food_per_1000_ticks,40,40,0,18.535628507476012,17.331625117178774,-1.204003390297237,-1.204003390297237,8,"[-2.8987226690328995, 0.42439196718252536]",descriptive
all,harvested_glass,40,40,0,0,0,0,0,8,"[0, 0]",descriptive
all,harvested_glass_per_1000_ticks,40,40,0,0.0,0.0,0.0,0.0,8,"[0.0, 0.0]",descriptive
all,harvested_gold,40,40,0,0,0,0,0,8,"[0, 0]",descriptive
all,harvested_gold_per_1000_ticks,40,40,0,0.0,0.0,0.0,0.0,8,"[0.0, 0.0]",descriptive
all,harvested_metal,40,40,0,0,0,0,0,8,"[0, 0]",descriptive
all,harvested_metal_per_1000_ticks,40,40,0,0.0,0.0,0.0,0.0,8,"[0.0, 0.0]",descriptive
all,harvested_oranges,40,40,0,27.7,18.825,-8.875,-8.875,8,"[-24.674999999999997, 0.5]",descriptive
all,harvested_oranges_per_1000_ticks,40,40,0,0.33681134407306684,0.25337667228889477,-0.08343467178417209,-0.08343467178417209,8,"[-0.254343697943708, 0.01737284363825516]",descriptive
all,harvested_paper,40,40,0,0,0,0,0,8,"[0, 0]",descriptive
all,harvested_paper_per_1000_ticks,40,40,0,0.0,0.0,0.0,0.0,8,"[0.0, 0.0]",descriptive
all,harvested_prunes,40,40,0,20.375,11.15,-9.225,-9.225,8,"[-22.9, 5.551115123125783e-17]",descriptive
all,harvested_prunes_per_1000_ticks,40,40,0,0.23416702414754276,0.14443288234338697,-0.08973414180415579,-0.08973414180415579,8,"[-0.22656637203596852, 0.0027640799923753356]",descriptive
all,harvested_stone,40,40,0,77.85,60.45,-17.4,-17.400000000000002,8,"[-59.425000000000004, 10.1]",descriptive
all,harvested_stone_per_1000_ticks,40,40,0,0.927154884766683,0.7214914716747095,-0.20566341309197347,-0.20566341309197347,8,"[-0.6921651325754458, 0.11013147272725807]",descriptive
all,harvested_wood,40,40,0,271.075,228.775,-42.3,-42.3,8,"[-112.94999999999999, 1.0500000000000007]",descriptive
all,harvested_wood_per_1000_ticks,40,40,0,3.37288128013504,2.8833455648624335,-0.4895357152726065,-0.48953571527260653,8,"[-1.3936299672637538, 0.13906032207842645]",descriptive
all,needFood,40,40,0,3.45,3.675,0.225,0.22499999999999998,8,"[-0.8, 1.3]",descriptive
all,needFoodCritical,40,40,0,7.725,10.75,3.025,3.025,8,"[0.35, 6.2749999999999995]",descriptive
all,needFoodNoInns,40,40,0,5.625,10.725,5.1,5.1000000000000005,8,"[0.025, 11.25]",descriptive
all,new_buildings,40,40,0,39.2,35.075,-4.125,-4.125,8,"[-8.5, -1.25]",descriptive
all,new_buildings_10_observed_fraction,40,40,0,0.59375,0.5125,-0.08125,-0.08125,8,"[-0.16875, 0.0]",descriptive
all,new_buildings_10_waiting_lower_ticks,40,40,0,49214.275,53845.8875,4631.6125,4631.6125,8,"[1402.5499999999997, 7492.4375]",descriptive; CI excludes within512tick interval and competing-event uncertainty
all,new_buildings_10_waiting_upper_ticks,40,40,0,56757.7,60707.0,3949.3,3949.3,8,"[-823.4000000000002, 8749.8]",descriptive; CI excludes within512tick interval and competing-event uncertainty
all,new_buildings_1_observed_fraction,40,40,0,1.0,1.0,0.0,0.0,8,"[0.0, 0.0]",descriptive
all,new_buildings_1_waiting_lower_ticks,40,40,0,1577.6,1558.4,-19.2,-19.2,8,"[-57.6, 25.6]",descriptive; CI excludes within512tick interval and competing-event uncertainty
all,new_buildings_1_waiting_upper_ticks,40,40,0,2089.6,2070.4,-19.2,-19.2,8,"[-57.6, 25.6]",descriptive; CI excludes within512tick interval and competing-event uncertainty
all,new_buildings_5_observed_fraction,40,40,0,0.9125,0.8875,-0.025,-0.025,8,"[-0.0625, 0.0]",descriptive
all,new_buildings_5_waiting_lower_ticks,40,40,0,18258.5625,19075.8125,817.25,817.25,8,"[-533.0125, 2307.625]",descriptive; CI excludes within512tick interval and competing-event uncertainty
all,new_buildings_5_waiting_upper_ticks,40,40,0,20211.0,21766.6,1555.6,1555.6,8,"[376.20000000000005, 2778.4]",descriptive; CI excludes within512tick interval and competing-event uncertainty
all,observed_winner_set_change,40,10,30,0,0.2,0.2,0.13333333333333333,5,"[0, 0.39999999999999997]","descriptive; unresolved games excluded, resolution-selection bias possible"
all,resolution_status_change,40,40,0,0,0.25,0.25,0.25,8,"[0.15000000000000002, 0.35000000000000003]",descriptive
all,resolved_match_win_cortex,40,5,35,0.2,0.4,0.2,0.16666666666666666,3,"[0, 0.5]","descriptive; unresolved games excluded, resolution-selection bias possible"
all,resolved_match_win_maxima,40,9,31,0.8888888888888888,0.7777777777777778,-0.1111111111111111,-0.06666666666666667,5,"[-0.19999999999999998, 0]","descriptive; unresolved games excluded, resolution-selection bias possible"
all,resolved_match_win_nicowar,40,1,39,1,1,0,0,1,"[0, 0]","descriptive; unresolved games excluded, resolution-selection bias possible"
all,resolved_outcome,40,40,0,0.35,0.4,0.05,0.05,8,"[-0.15000000000000002, 0.225]",descriptive
all,resolved_win_team_share_cortex,40,5,35,0.2,0.4,0.2,0.16666666666666666,3,"[0.0, 0.5]","descriptive; unresolved games excluded, resolution-selection bias possible"
all,resolved_win_team_share_maxima,40,9,31,0.6388888888888888,0.5277777777777778,-0.1111111111111111,-0.06666666666666667,5,"[-0.19999999999999998, 0.0]","descriptive; unresolved games excluded, resolution-selection bias possible"
all,resolved_win_team_share_nicowar,40,1,39,0.25,0.25,0.0,0.0,1,"[0.0, 0.0]","descriptive; unresolved games excluded, resolution-selection bias possible"
all,sites,40,40,0,4.6,4.6,0,1.3877787807814457e-17,8,"[-0.85, 0.775]",descriptive
all,starvation_deaths,40,40,0,68.65,76.425,7.775,7.7749999999999995,8,"[-2.975, 19.224999999999998]",descriptive
all,stock_algae,40,40,0,1.825,0.825,-1,-1.0,8,"[-1.9749999999999999, -0.25]",descriptive
all,stock_cherries,40,40,0,58.925,39.1,-19.825,-19.825,8,"[-50.725, -2.325]",descriptive
all,stock_fabric,40,40,0,0,0,0,0,8,"[0, 0]",descriptive
all,stock_food,40,40,0,66.7,58.525,-8.175,-8.175,8,"[-21.4, 6.824999999999999]",descriptive
all,stock_glass,40,40,0,0,0,0,0,8,"[0, 0]",descriptive
all,stock_gold,40,40,0,0,0,0,0,8,"[0, 0]",descriptive
all,stock_metal,40,40,0,0,0,0,0,8,"[0, 0]",descriptive
all,stock_oranges,40,40,0,58.675,32.375,-26.3,-26.3,8,"[-69.325, 0.5500000000000005]",descriptive
all,stock_paper,40,40,0,0,0,0,0,8,"[0, 0]",descriptive
all,stock_prunes,40,40,0,53.525,32.425,-21.1,-21.099999999999998,8,"[-44.6, -0.125]",descriptive
all,stock_stone,40,40,0,4.9,4.375,-0.525,-0.5249999999999999,8,"[-3.5, 2.1750000000000003]",descriptive
all,stock_wood,40,40,0,7.875,6.55,-1.325,-1.325,8,"[-3.8000000000000003, 1.3250000000000002]",descriptive
all,surviving_teams,40,40,0,1.95,1.85,-0.1,-0.1,8,"[-0.375, 0.19999999999999998]",descriptive
all,tick_cap,40,40,0,0.65,0.6,-0.05,-0.05,8,"[-0.225, 0.15000000000000002]",descriptive
all,ticks,40,40,0,78560.7,78361.6,-199.1,-199.10000000000005,8,"[-7886.000000000001, 6470.45]",descriptive
all,units,40,40,0,70.275,59.85,-10.425,-10.425,8,"[-25.475, 0.27499999999999997]",descriptive
all,unresolved_outcome,40,40,0,0.65,0.6,-0.05,-0.05,8,"[-0.225, 0.15000000000000002]",descriptive
all,upgrades,40,40,0,11.8,8.6,-3.2,-3.2,8,"[-9.225, 0.225]",descriptive
all,warriors,40,40,0,19.425,22.5,3.075,3.075,8,"[-3.25, 11.075]",descriptive
all,withdrawn_algae,40,40,0,0,0,0,0,8,"[0, 0]",descriptive
all,withdrawn_cherries,40,40,0,0,0,0,0,8,"[0, 0]",descriptive
all,withdrawn_fabric,40,40,0,0,0,0,0,8,"[0, 0]",descriptive
all,withdrawn_food,40,40,0,0,0,0,0,8,"[0, 0]",descriptive
all,withdrawn_glass,40,40,0,0,0,0,0,8,"[0, 0]",descriptive
all,withdrawn_gold,40,40,0,0,0,0,0,8,"[0, 0]",descriptive
all,withdrawn_metal,40,40,0,0,0,0,0,8,"[0, 0]",descriptive
all,withdrawn_oranges,40,40,0,0,0,0,0,8,"[0, 0]",descriptive
all,withdrawn_paper,40,40,0,0,0,0,0,8,"[0, 0]",descriptive
all,withdrawn_prunes,40,40,0,0,0,0,0,8,"[0, 0]",descriptive
all,withdrawn_stone,40,40,0,0,0,0,0,8,"[0, 0]",descriptive
all,withdrawn_wood,40,40,0,0,0,0,0,8,"[0, 0]",descriptive
all,workers,40,40,0,45.15,33.1,-12.05,-12.049999999999999,8,"[-30.025, -1.25]",descriptive
cortex,births,8,8,0,155.5,214.125,58.625,58.625,8,"[-11.125, 152.75]",descriptive
cortex,buildings,8,8,0,39.875,36.75,-3.125,-3.125,8,"[-9.375, 2.625]",descriptive
cortex,carried_algae,8,8,0,0,0,0,0,8,"[0, 0]",descriptive
cortex,carried_cherries,8,8,0,0.125,0,-0.125,-0.125,8,"[-0.375, 0]",descriptive
cortex,carried_fabric,8,8,0,0,0,0,0,8,"[0, 0]",descriptive
cortex,carried_food,8,8,0,5.625,6.125,0.5,0.5,8,"[-3.125, 4.375]",descriptive
cortex,carried_glass,8,8,0,0,0,0,0,8,"[0, 0]",descriptive
cortex,carried_gold,8,8,0,0,0,0,0,8,"[0, 0]",descriptive
cortex,carried_metal,8,8,0,0,0,0,0,8,"[0, 0]",descriptive
cortex,carried_oranges,8,8,0,0,0,0,0,8,"[0, 0]",descriptive
cortex,carried_paper,8,8,0,0,0,0,0,8,"[0, 0]",descriptive
cortex,carried_prunes,8,8,0,0,0,0,0,8,"[0, 0]",descriptive
cortex,carried_stone,8,8,0,0.125,0.25,0.125,0.125,8,"[-0.375, 0.75]",descriptive
cortex,carried_wood,8,8,0,0.375,0.25,-0.125,-0.125,8,"[-0.5, 0.25]",descriptive
cortex,consumed_ammunition_algae,8,8,0,0,0,0,0,8,"[0, 0]",descriptive
cortex,consumed_ammunition_cherries,8,8,0,0,0,0,0,8,"[0, 0]",descriptive
cortex,consumed_ammunition_fabric,8,8,0,0,0,0,0,8,"[0, 0]",descriptive
cortex,consumed_ammunition_food,8,8,0,0,0,0,0,8,"[0, 0]",descriptive
cortex,consumed_ammunition_glass,8,8,0,0,0,0,0,8,"[0, 0]",descriptive
cortex,consumed_ammunition_gold,8,8,0,0,0,0,0,8,"[0, 0]",descriptive
cortex,consumed_ammunition_metal,8,8,0,0,0,0,0,8,"[0, 0]",descriptive
cortex,consumed_ammunition_oranges,8,8,0,0,0,0,0,8,"[0, 0]",descriptive
cortex,consumed_ammunition_paper,8,8,0,0,0,0,0,8,"[0, 0]",descriptive
cortex,consumed_ammunition_prunes,8,8,0,0,0,0,0,8,"[0, 0]",descriptive
cortex,consumed_ammunition_stone,8,8,0,0,0,0,0,8,"[0, 0]",descriptive
cortex,consumed_ammunition_wood,8,8,0,0,0,0,0,8,"[0, 0]",descriptive
cortex,consumed_births_algae,8,8,0,0,0,0,0,8,"[0, 0]",descriptive
cortex,consumed_births_cherries,8,8,0,0,0,0,0,8,"[0, 0]",descriptive
cortex,consumed_births_fabric,8,8,0,0,0,0,0,8,"[0, 0]",descriptive
cortex,consumed_births_food,8,8,0,777.5,1070.625,293.125,293.125,8,"[-55.625, 763.75]",descriptive
cortex,consumed_births_glass,8,8,0,0,0,0,0,8,"[0, 0]",descriptive
cortex,consumed_births_gold,8,8,0,0,0,0,0,8,"[0, 0]",descriptive
cortex,consumed_births_metal,8,8,0,0,0,0,0,8,"[0, 0]",descriptive
cortex,consumed_births_oranges,8,8,0,0,0,0,0,8,"[0, 0]",descriptive
cortex,consumed_births_paper,8,8,0,0,0,0,0,8,"[0, 0]",descriptive
cortex,consumed_births_prunes,8,8,0,0,0,0,0,8,"[0, 0]",descriptive
cortex,consumed_births_stone,8,8,0,0,0,0,0,8,"[0, 0]",descriptive
cortex,consumed_births_wood,8,8,0,0,0,0,0,8,"[0, 0]",descriptive
cortex,consumed_construction_algae,8,8,0,2.75,2.25,-0.5,-0.5,8,"[-1.25, 0]",descriptive
cortex,consumed_construction_cherries,8,8,0,0,0,0,0,8,"[0, 0]",descriptive
cortex,consumed_construction_fabric,8,8,0,0,0,0,0,8,"[0, 0]",descriptive
cortex,consumed_construction_food,8,8,0,65.625,61.25,-4.375,-4.375,8,"[-26.25, 21.875]",descriptive
cortex,consumed_construction_glass,8,8,0,0,0,0,0,8,"[0, 0]",descriptive
cortex,consumed_construction_gold,8,8,0,0,0,0,0,8,"[0, 0]",descriptive
cortex,consumed_construction_metal,8,8,0,0,0,0,0,8,"[0, 0]",descriptive
cortex,consumed_construction_oranges,8,8,0,0,0,0,0,8,"[0, 0]",descriptive
cortex,consumed_construction_paper,8,8,0,0,0,0,0,8,"[0, 0]",descriptive
cortex,consumed_construction_prunes,8,8,0,0,0,0,0,8,"[0, 0]",descriptive
cortex,consumed_construction_stone,8,8,0,2.875,3.125,0.25,0.25,8,"[-0.25, 0.875]",descriptive
cortex,consumed_construction_wood,8,8,0,160.875,157.5,-3.375,-3.375,8,"[-19.75, 12]",descriptive
cortex,consumed_healing_algae,8,8,0,0,0,0,0,8,"[0, 0]",descriptive
cortex,consumed_healing_cherries,8,8,0,0,0,0,0,8,"[0, 0]",descriptive
cortex,consumed_healing_fabric,8,8,0,0,0,0,0,8,"[0, 0]",descriptive
cortex,consumed_healing_food,8,8,0,0,0,0,0,8,"[0, 0]",descriptive
cortex,consumed_healing_glass,8,8,0,0,0,0,0,8,"[0, 0]",descriptive
cortex,consumed_healing_gold,8,8,0,0,0,0,0,8,"[0, 0]",descriptive
cortex,consumed_healing_metal,8,8,0,0,0,0,0,8,"[0, 0]",descriptive
cortex,consumed_healing_oranges,8,8,0,0,0,0,0,8,"[0, 0]",descriptive
cortex,consumed_healing_paper,8,8,0,0,0,0,0,8,"[0, 0]",descriptive
cortex,consumed_healing_prunes,8,8,0,0,0,0,0,8,"[0, 0]",descriptive
cortex,consumed_healing_stone,8,8,0,0,0,0,0,8,"[0, 0]",descriptive
cortex,consumed_healing_wood,8,8,0,0,0,0,0,8,"[0, 0]",descriptive
cortex,consumed_meals_algae,8,8,0,0,0,0,0,8,"[0, 0]",descriptive
cortex,consumed_meals_cherries,8,8,0,44.125,43.625,-0.5,-0.5,8,"[-17.625, 20.625]",descriptive
cortex,consumed_meals_fabric,8,8,0,0,0,0,0,8,"[0, 0]",descriptive
cortex,consumed_meals_food,8,8,0,642.75,665.125,22.375,22.375,8,"[-135.5, 238.375]",descriptive
cortex,consumed_meals_glass,8,8,0,0,0,0,0,8,"[0, 0]",descriptive
cortex,consumed_meals_gold,8,8,0,0,0,0,0,8,"[0, 0]",descriptive
cortex,consumed_meals_metal,8,8,0,0,0,0,0,8,"[0, 0]",descriptive
cortex,consumed_meals_oranges,8,8,0,51.625,47.125,-4.5,-4.5,8,"[-35, 25]",descriptive
cortex,consumed_meals_paper,8,8,0,0,0,0,0,8,"[0, 0]",descriptive
cortex,consumed_meals_prunes,8,8,0,28,9.125,-18.875,-18.875,8,"[-39.625, -3.5]",descriptive
cortex,consumed_meals_stone,8,8,0,0,0,0,0,8,"[0, 0]",descriptive
cortex,consumed_meals_wood,8,8,0,0,0,0,0,8,"[0, 0]",descriptive
cortex,consumed_training_algae,8,8,0,0,0,0,0,8,"[0, 0]",descriptive
cortex,consumed_training_cherries,8,8,0,0,0,0,0,8,"[0, 0]",descriptive
cortex,consumed_training_fabric,8,8,0,0,0,0,0,8,"[0, 0]",descriptive
cortex,consumed_training_food,8,8,0,0,0,0,0,8,"[0, 0]",descriptive
cortex,consumed_training_glass,8,8,0,0,0,0,0,8,"[0, 0]",descriptive
cortex,consumed_training_gold,8,8,0,0,0,0,0,8,"[0, 0]",descriptive
cortex,consumed_training_metal,8,8,0,0,0,0,0,8,"[0, 0]",descriptive
cortex,consumed_training_oranges,8,8,0,0,0,0,0,8,"[0, 0]",descriptive
cortex,consumed_training_paper,8,8,0,0,0,0,0,8,"[0, 0]",descriptive
cortex,consumed_training_prunes,8,8,0,0,0,0,0,8,"[0, 0]",descriptive
cortex,consumed_training_stone,8,8,0,0,0,0,0,8,"[0, 0]",descriptive
cortex,consumed_training_wood,8,8,0,0,0,0,0,8,"[0, 0]",descriptive
cortex,consumed_upgrades_algae,8,8,0,14.25,12.75,-1.5,-1.5,8,"[-8.25, 3.75]",descriptive
cortex,consumed_upgrades_cherries,8,8,0,0,0,0,0,8,"[0, 0]",descriptive
cortex,consumed_upgrades_fabric,8,8,0,0,0,0,0,8,"[0, 0]",descriptive
cortex,consumed_upgrades_food,8,8,0,1.5,1.5,0,0,8,"[-1.5, 1.5]",descriptive
cortex,consumed_upgrades_glass,8,8,0,0,0,0,0,8,"[0, 0]",descriptive
cortex,consumed_upgrades_gold,8,8,0,0,0,0,0,8,"[0, 0]",descriptive
cortex,consumed_upgrades_metal,8,8,0,0,0,0,0,8,"[0, 0]",descriptive
cortex,consumed_upgrades_oranges,8,8,0,0,0,0,0,8,"[0, 0]",descriptive
cortex,consumed_upgrades_paper,8,8,0,0,0,0,0,8,"[0, 0]",descriptive
cortex,consumed_upgrades_prunes,8,8,0,0,0,0,0,8,"[0, 0]",descriptive
cortex,consumed_upgrades_stone,8,8,0,62.625,49.5,-13.125,-13.125,8,"[-57.625, 20.75]",descriptive
cortex,consumed_upgrades_wood,8,8,0,120.25,91.125,-29.125,-29.125,8,"[-106.125, 22.5]",descriptive
cortex,delivered_algae,8,8,0,18.25,16.125,-2.125,-2.125,8,"[-8.625, 2.625]",descriptive
cortex,delivered_algae_per_1000_ticks,8,8,0,0.20277777777777778,0.17916666666666667,-0.023611111111111117,-0.023611111111111117,8,"[-0.09583333333333334, 0.029166666666666653]",descriptive
cortex,delivered_cherries,8,8,0,49,62.75,13.75,13.75,8,"[-17.5, 63.75]",descriptive
cortex,delivered_cherries_per_1000_ticks,8,8,0,0.5444444444444445,0.6972222222222223,0.15277777777777785,0.15277777777777785,8,"[-0.19444444444444445, 0.7083333333333335]",descriptive
cortex,delivered_fabric,8,8,0,0,0,0,0,8,"[0, 0]",descriptive
cortex,delivered_fabric_per_1000_ticks,8,8,0,0.0,0.0,0.0,0.0,8,"[0.0, 0.0]",descriptive
cortex,delivered_food,8,8,0,1564.875,1870,305.125,305.125,8,"[-116.375, 953.375]",descriptive
cortex,delivered_food_per_1000_ticks,8,8,0,17.3875,20.77777777777778,3.3902777777777766,3.3902777777777766,8,"[-1.293055555555555, 10.593055555555551]",descriptive
cortex,delivered_glass,8,8,0,0,0,0,0,8,"[0, 0]",descriptive
cortex,delivered_glass_per_1000_ticks,8,8,0,0.0,0.0,0.0,0.0,8,"[0.0, 0.0]",descriptive
cortex,delivered_gold,8,8,0,0,0,0,0,8,"[0, 0]",descriptive
cortex,delivered_gold_per_1000_ticks,8,8,0,0.0,0.0,0.0,0.0,8,"[0.0, 0.0]",descriptive
cortex,delivered_metal,8,8,0,0,0,0,0,8,"[0, 0]",descriptive
cortex,delivered_metal_per_1000_ticks,8,8,0,0.0,0.0,0.0,0.0,8,"[0.0, 0.0]",descriptive
cortex,delivered_oranges,8,8,0,65.875,63.5,-2.375,-2.375,8,"[-36.25, 31.625]",descriptive
cortex,delivered_oranges_per_1000_ticks,8,8,0,0.7319444444444444,0.7055555555555555,-0.026388888888888892,-0.026388888888888892,8,"[-0.4027777777777778, 0.35138888888888886]",descriptive
cortex,delivered_paper,8,8,0,0,0,0,0,8,"[0, 0]",descriptive
cortex,delivered_paper_per_1000_ticks,8,8,0,0.0,0.0,0.0,0.0,8,"[0.0, 0.0]",descriptive
cortex,delivered_prunes,8,8,0,50.875,13.75,-37.125,-37.125,8,"[-96.375, -2.5]",descriptive
cortex,delivered_prunes_per_1000_ticks,8,8,0,0.5652777777777778,0.1527777777777778,-0.41250000000000003,-0.41250000000000003,8,"[-1.0708333333333335, -0.027777777777777776]",descriptive
cortex,delivered_stone,8,8,0,67.375,53.5,-13.875,-13.875,8,"[-60.25, 21.25]",descriptive
cortex,delivered_stone_per_1000_ticks,8,8,0,0.748611111111111,0.5944444444444444,-0.1541666666666666,-0.1541666666666666,8,"[-0.6694444444444442, 0.23611111111111105]",descriptive
cortex,delivered_wood,8,8,0,286.125,251.75,-34.375,-34.375,8,"[-104.625, 17.375]",descriptive
cortex,delivered_wood_per_1000_ticks,8,8,0,3.1791666666666667,2.7972222222222225,-0.3819444444444443,-0.3819444444444443,8,"[-1.1624999999999996, 0.19305555555555554]",descriptive
cortex,first_upgrade_observed_fraction,8,8,0,0.34375,0.28125,-0.0625,-0.0625,8,"[-0.1875, 0.0]",descriptive
cortex,first_upgrade_waiting_lower_ticks,8,8,0,67238.5,70207.5,2969.0,2969.0,8,"[-928.0, 10091.0]",descriptive; CI excludes within512tick interval and competing-event uncertainty
cortex,first_upgrade_waiting_upper_ticks,8,8,0,67414.5,70351.5,2937.0,2937.0,8,"[-928.0, 9995.0]",descriptive; CI excludes within512tick interval and competing-event uncertainty
cortex,harvested_algae,8,8,0,19.125,18,-1.125,-1.125,8,"[-6, 3]",descriptive
cortex,harvested_algae_per_1000_ticks,8,8,0,0.2125,0.2,-0.012499999999999983,-0.012499999999999983,8,"[-0.06666666666666661, 0.033333333333333326]",descriptive
cortex,harvested_cherries,8,8,0,7.25,10.125,2.875,2.875,8,"[-1.875, 11.25]",descriptive
cortex,harvested_cherries_per_1000_ticks,8,8,0,0.08055555555555556,0.1125,0.03194444444444444,0.03194444444444444,8,"[-0.020833333333333332, 0.125]",descriptive
cortex,harvested_fabric,8,8,0,0,0,0,0,8,"[0, 0]",descriptive
cortex,harvested_fabric_per_1000_ticks,8,8,0,0.0,0.0,0.0,0.0,8,"[0.0, 0.0]",descriptive
cortex,harvested_food,8,8,0,1592.25,1898,305.75,305.75,8,"[-118.625, 957.75]",descriptive
cortex,harvested_food_per_1000_ticks,8,8,0,17.691666666666666,21.08888888888889,3.3972222222222213,3.3972222222222213,8,"[-1.3180555555555553, 10.641666666666664]",descriptive
cortex,harvested_glass,8,8,0,0,0,0,0,8,"[0, 0]",descriptive
cortex,harvested_glass_per_1000_ticks,8,8,0,0.0,0.0,0.0,0.0,8,"[0.0, 0.0]",descriptive
cortex,harvested_gold,8,8,0,0,0,0,0,8,"[0, 0]",descriptive
cortex,harvested_gold_per_1000_ticks,8,8,0,0.0,0.0,0.0,0.0,8,"[0.0, 0.0]",descriptive
cortex,harvested_metal,8,8,0,0,0,0,0,8,"[0, 0]",descriptive
cortex,harvested_metal_per_1000_ticks,8,8,0,0.0,0.0,0.0,0.0,8,"[0.0, 0.0]",descriptive
cortex,harvested_oranges,8,8,0,9.75,9.875,0.125,0.125,8,"[-3.5, 4.25]",descriptive
cortex,harvested_oranges_per_1000_ticks,8,8,0,0.10833333333333332,0.10972222222222223,0.0013888888888888991,0.0013888888888888991,8,"[-0.03888888888888889, 0.04722222222222225]",descriptive
cortex,harvested_paper,8,8,0,0,0,0,0,8,"[0, 0]",descriptive
cortex,harvested_paper_per_1000_ticks,8,8,0,0.0,0.0,0.0,0.0,8,"[0.0, 0.0]",descriptive
cortex,harvested_prunes,8,8,0,8.875,1.375,-7.5,-7.5,8,"[-21, -0.25]",descriptive
cortex,harvested_prunes_per_1000_ticks,8,8,0,0.09861111111111111,0.015277777777777777,-0.08333333333333333,-0.08333333333333333,8,"[-0.23333333333333334, -0.0027777777777777783]",descriptive
cortex,harvested_stone,8,8,0,72.625,58.625,-14,-14,8,"[-64.25, 24.375]",descriptive
cortex,harvested_stone_per_1000_ticks,8,8,0,0.8069444444444445,0.6513888888888889,-0.1555555555555555,-0.1555555555555555,8,"[-0.7138888888888888, 0.27083333333333337]",descriptive
cortex,harvested_wood,8,8,0,302.25,264.625,-37.625,-37.625,8,"[-106.875, 14.375]",descriptive
cortex,harvested_wood_per_1000_ticks,8,8,0,3.3583333333333334,2.9402777777777778,-0.4180555555555553,-0.4180555555555553,8,"[-1.1874999999999998, 0.15972222222222243]",descriptive
cortex,needFood,8,8,0,3.625,7.625,4,4,8,"[-1.125, 13.125]",descriptive
cortex,needFoodCritical,8,8,0,11.875,23.5,11.625,11.625,8,"[-2, 36.875]",descriptive
cortex,needFoodNoInns,8,8,0,12.125,28.125,16,16,8,"[-1.125, 47.875]",descriptive
cortex,new_buildings,8,8,0,41.5,40.125,-1.375,-1.375,8,"[-6.25, 2.875]",descriptive
cortex,new_buildings_10_observed_fraction,8,8,0,0.625,0.5625,-0.0625,-0.0625,8,"[-0.1875, 0.0]",descriptive
cortex,new_buildings_10_waiting_lower_ticks,8,8,0,54582.0,60975.0,6393.0,6393.0,8,"[880.0, 11897.0]",descriptive; CI excludes within512tick interval and competing-event uncertainty
cortex,new_buildings_10_waiting_upper_ticks,8,8,0,54902.0,61263.0,6361.0,6361.0,8,"[880.0, 11865.0]",descriptive; CI excludes within512tick interval and competing-event uncertainty
cortex,new_buildings_1_observed_fraction,8,8,0,1.0,1.0,0.0,0.0,8,"[0.0, 0.0]",descriptive
cortex,new_buildings_1_waiting_lower_ticks,8,8,0,2064.0,2016.0,-48.0,-48.0,8,"[-128.0, 32.0]",descriptive; CI excludes within512tick interval and competing-event uncertainty
cortex,new_buildings_1_waiting_upper_ticks,8,8,0,2576.0,2528.0,-48.0,-48.0,8,"[-128.0, 32.0]",descriptive; CI excludes within512tick interval and competing-event uncertainty
cortex,new_buildings_5_observed_fraction,8,8,0,0.96875,0.96875,0.0,0.0,8,"[0.0, 0.0]",descriptive
cortex,new_buildings_5_waiting_lower_ticks,8,8,0,14348.5,12204.5,-2144.0,-2144.0,8,"[-6352.0, 128.0]",descriptive; CI excludes within512tick interval and competing-event uncertainty
cortex,new_buildings_5_waiting_upper_ticks,8,8,0,14844.5,12700.5,-2144.0,-2144.0,8,"[-6352.0, 128.0]",descriptive; CI excludes within512tick interval and competing-event uncertainty
cortex,observed_winner_set_change,8,0,8,,,,,,,
cortex,resolution_status_change,8,8,0,0,0,0,0,8,"[0, 0]",descriptive
cortex,resolved_match_win_cortex,8,0,8,,,,,,,
cortex,resolved_outcome,8,8,0,0,0,0,0,8,"[0, 0]",descriptive
cortex,resolved_win_team_share_cortex,8,0,8,,,,,,,
cortex,sites,8,8,0,4.875,4.25,-0.625,-0.625,8,"[-1.875, 0.5]",descriptive
cortex,starvation_deaths,8,8,0,103.5,133.25,29.75,29.75,8,"[-13.625, 85.5]",descriptive
cortex,stock_algae,8,8,0,1.25,1.125,-0.125,-0.125,8,"[-0.375, 0]",descriptive
cortex,stock_cherries,8,8,0,4.75,2.875,-1.875,-1.875,8,"[-6.125, 1.5]",descriptive
cortex,stock_fabric,8,8,0,0,0,0,0,8,"[0, 0]",descriptive
cortex,stock_food,8,8,0,70.75,61.75,-9,-9,8,"[-44.25, 21.5]",descriptive
cortex,stock_glass,8,8,0,0,0,0,0,8,"[0, 0]",descriptive
cortex,stock_gold,8,8,0,0,0,0,0,8,"[0, 0]",descriptive
cortex,stock_metal,8,8,0,0,0,0,0,8,"[0, 0]",descriptive
cortex,stock_oranges,8,8,0,14,5.125,-8.875,-8.875,8,"[-28, 3.25]",descriptive
cortex,stock_paper,8,8,0,0,0,0,0,8,"[0, 0]",descriptive
cortex,stock_prunes,8,8,0,22.875,4.625,-18.25,-18.25,8,"[-57.75, 3]",descriptive
cortex,stock_stone,8,8,0,1.875,0.875,-1,-1,8,"[-2.625, 0.5]",descriptive
cortex,stock_wood,8,8,0,4.25,3,-1.25,-1.25,8,"[-3.125, 0.5]",descriptive
cortex,surviving_teams,8,8,0,2.625,2.5,-0.125,-0.125,8,"[-0.5, 0.25]",descriptive
cortex,tick_cap,8,8,0,1,1,0,0,8,"[0, 0]",descriptive
cortex,ticks,8,8,0,90000,90000,0,0,8,"[0, 0]",descriptive
cortex,units,8,8,0,58.625,78.5,19.875,19.875,8,"[-24.625, 87.75]",descriptive
cortex,unresolved_outcome,8,8,0,1,1,0,0,8,"[0, 0]",descriptive
cortex,upgrades,8,8,0,17.75,13.25,-4.5,-4.5,8,"[-16.375, 3.5]",descriptive
cortex,warriors,8,8,0,24,48.375,24.375,24.375,8,"[-7.625, 79.375]",descriptive
cortex,withdrawn_algae,8,8,0,0,0,0,0,8,"[0, 0]",descriptive
cortex,withdrawn_cherries,8,8,0,0,0,0,0,8,"[0, 0]",descriptive
cortex,withdrawn_fabric,8,8,0,0,0,0,0,8,"[0, 0]",descriptive
cortex,withdrawn_food,8,8,0,0,0,0,0,8,"[0, 0]",descriptive
cortex,withdrawn_glass,8,8,0,0,0,0,0,8,"[0, 0]",descriptive
cortex,withdrawn_gold,8,8,0,0,0,0,0,8,"[0, 0]",descriptive
cortex,withdrawn_metal,8,8,0,0,0,0,0,8,"[0, 0]",descriptive
cortex,withdrawn_oranges,8,8,0,0,0,0,0,8,"[0, 0]",descriptive
cortex,withdrawn_paper,8,8,0,0,0,0,0,8,"[0, 0]",descriptive
cortex,withdrawn_prunes,8,8,0,0,0,0,0,8,"[0, 0]",descriptive
cortex,withdrawn_stone,8,8,0,0,0,0,0,8,"[0, 0]",descriptive
cortex,withdrawn_wood,8,8,0,0,0,0,0,8,"[0, 0]",descriptive
cortex,workers,8,8,0,33,28.75,-4.25,-4.25,8,"[-17.25, 8.375]",descriptive
maxima,births,8,8,0,146.75,114.125,-32.625,-32.625,8,"[-131.5, 33.625]",descriptive
maxima,buildings,8,8,0,28.5,24.25,-4.25,-4.25,8,"[-9.25, 0]",descriptive
maxima,carried_algae,8,8,0,1.625,0.625,-1,-1,8,"[-2.625, 0.25]",descriptive
maxima,carried_cherries,8,8,0,2.5,0.75,-1.75,-1.75,8,"[-4.5, 0.5]",descriptive
maxima,carried_fabric,8,8,0,0,0,0,0,8,"[0, 0]",descriptive
maxima,carried_food,8,8,0,15.75,7.375,-8.375,-8.375,8,"[-25.625, 2]",descriptive
maxima,carried_glass,8,8,0,0,0,0,0,8,"[0, 0]",descriptive
maxima,carried_gold,8,8,0,0,0,0,0,8,"[0, 0]",descriptive
maxima,carried_metal,8,8,0,0,0,0,0,8,"[0, 0]",descriptive
maxima,carried_oranges,8,8,0,2.875,2.125,-0.75,-0.75,8,"[-5.75, 3]",descriptive
maxima,carried_paper,8,8,0,0,0,0,0,8,"[0, 0]",descriptive
maxima,carried_prunes,8,8,0,3.625,0.125,-3.5,-3.5,8,"[-10.5, 0]",descriptive
maxima,carried_stone,8,8,0,0.25,0.625,0.375,0.375,8,"[0, 1.125]",descriptive
maxima,carried_wood,8,8,0,1.875,1.125,-0.75,-0.75,8,"[-2.25, 0.5]",descriptive
maxima,consumed_ammunition_algae,8,8,0,0,0,0,0,8,"[0, 0]",descriptive
maxima,consumed_ammunition_cherries,8,8,0,0,0,0,0,8,"[0, 0]",descriptive
maxima,consumed_ammunition_fabric,8,8,0,0,0,0,0,8,"[0, 0]",descriptive
maxima,consumed_ammunition_food,8,8,0,0,0,0,0,8,"[0, 0]",descriptive
maxima,consumed_ammunition_glass,8,8,0,0,0,0,0,8,"[0, 0]",descriptive
maxima,consumed_ammunition_gold,8,8,0,0,0,0,0,8,"[0, 0]",descriptive
maxima,consumed_ammunition_metal,8,8,0,0,0,0,0,8,"[0, 0]",descriptive
maxima,consumed_ammunition_oranges,8,8,0,0,0,0,0,8,"[0, 0]",descriptive
maxima,consumed_ammunition_paper,8,8,0,0,0,0,0,8,"[0, 0]",descriptive
maxima,consumed_ammunition_prunes,8,8,0,0,0,0,0,8,"[0, 0]",descriptive
maxima,consumed_ammunition_stone,8,8,0,9.375,9.5,0.125,0.125,8,"[-13.75, 10.875]",descriptive
maxima,consumed_ammunition_wood,8,8,0,0,0,0,0,8,"[0, 0]",descriptive
maxima,consumed_births_algae,8,8,0,0,0,0,0,8,"[0, 0]",descriptive
maxima,consumed_births_cherries,8,8,0,0,0,0,0,8,"[0, 0]",descriptive
maxima,consumed_births_fabric,8,8,0,0,0,0,0,8,"[0, 0]",descriptive
maxima,consumed_births_food,8,8,0,733.75,570.625,-163.125,-163.125,8,"[-657.5, 168.125]",descriptive
maxima,consumed_births_glass,8,8,0,0,0,0,0,8,"[0, 0]",descriptive
maxima,consumed_births_gold,8,8,0,0,0,0,0,8,"[0, 0]",descriptive
maxima,consumed_births_metal,8,8,0,0,0,0,0,8,"[0, 0]",descriptive
maxima,consumed_births_oranges,8,8,0,0,0,0,0,8,"[0, 0]",descriptive
maxima,consumed_births_paper,8,8,0,0,0,0,0,8,"[0, 0]",descriptive
maxima,consumed_births_prunes,8,8,0,0,0,0,0,8,"[0, 0]",descriptive
maxima,consumed_births_stone,8,8,0,0,0,0,0,8,"[0, 0]",descriptive
maxima,consumed_births_wood,8,8,0,0,0,0,0,8,"[0, 0]",descriptive
maxima,consumed_construction_algae,8,8,0,2.75,2.75,0,0,8,"[0, 0]",descriptive
maxima,consumed_construction_cherries,8,8,0,0,0,0,0,8,"[0, 0]",descriptive
maxima,consumed_construction_fabric,8,8,0,0,0,0,0,8,"[0, 0]",descriptive
maxima,consumed_construction_food,8,8,0,65.625,39.375,-26.25,-26.25,8,"[-56.875, -4.375]",descriptive
maxima,consumed_construction_glass,8,8,0,0,0,0,0,8,"[0, 0]",descriptive
maxima,consumed_construction_gold,8,8,0,0,0,0,0,8,"[0, 0]",descriptive
maxima,consumed_construction_metal,8,8,0,0,0,0,0,8,"[0, 0]",descriptive
maxima,consumed_construction_oranges,8,8,0,0,0,0,0,8,"[0, 0]",descriptive
maxima,consumed_construction_paper,8,8,0,0,0,0,0,8,"[0, 0]",descriptive
maxima,consumed_construction_prunes,8,8,0,0,0,0,0,8,"[0, 0]",descriptive
maxima,consumed_construction_stone,8,8,0,0.875,0.375,-0.5,-0.5,8,"[-1.25, 0]",descriptive
maxima,consumed_construction_wood,8,8,0,166.625,165,-1.625,-1.625,8,"[-15.875, 11.875]",descriptive
maxima,consumed_healing_algae,8,8,0,0,0,0,0,8,"[0, 0]",descriptive
maxima,consumed_healing_cherries,8,8,0,0,0,0,0,8,"[0, 0]",descriptive
maxima,consumed_healing_fabric,8,8,0,0,0,0,0,8,"[0, 0]",descriptive
maxima,consumed_healing_food,8,8,0,0,0,0,0,8,"[0, 0]",descriptive
maxima,consumed_healing_glass,8,8,0,0,0,0,0,8,"[0, 0]",descriptive
maxima,consumed_healing_gold,8,8,0,0,0,0,0,8,"[0, 0]",descriptive
maxima,consumed_healing_metal,8,8,0,0,0,0,0,8,"[0, 0]",descriptive
maxima,consumed_healing_oranges,8,8,0,0,0,0,0,8,"[0, 0]",descriptive
maxima,consumed_healing_paper,8,8,0,0,0,0,0,8,"[0, 0]",descriptive
maxima,consumed_healing_prunes,8,8,0,0,0,0,0,8,"[0, 0]",descriptive
maxima,consumed_healing_stone,8,8,0,0,0,0,0,8,"[0, 0]",descriptive
maxima,consumed_healing_wood,8,8,0,0,0,0,0,8,"[0, 0]",descriptive
maxima,consumed_meals_algae,8,8,0,0,0,0,0,8,"[0, 0]",descriptive
maxima,consumed_meals_cherries,8,8,0,253.125,140.625,-112.5,-112.5,8,"[-274, -6.625]",descriptive
maxima,consumed_meals_fabric,8,8,0,0,0,0,0,8,"[0, 0]",descriptive
maxima,consumed_meals_food,8,8,0,505.375,374,-131.375,-131.375,8,"[-427.25, 45.375]",descriptive
maxima,consumed_meals_glass,8,8,0,0,0,0,0,8,"[0, 0]",descriptive
maxima,consumed_meals_gold,8,8,0,0,0,0,0,8,"[0, 0]",descriptive
maxima,consumed_meals_metal,8,8,0,0,0,0,0,8,"[0, 0]",descriptive
maxima,consumed_meals_oranges,8,8,0,200.75,133,-67.75,-67.75,8,"[-281.875, 85.125]",descriptive
maxima,consumed_meals_paper,8,8,0,0,0,0,0,8,"[0, 0]",descriptive
maxima,consumed_meals_prunes,8,8,0,144.875,64.625,-80.25,-80.25,8,"[-232.5, 1.5]",descriptive
maxima,consumed_meals_stone,8,8,0,0,0,0,0,8,"[0, 0]",descriptive
maxima,consumed_meals_wood,8,8,0,0,0,0,0,8,"[0, 0]",descriptive
maxima,consumed_training_algae,8,8,0,0,0,0,0,8,"[0, 0]",descriptive
maxima,consumed_training_cherries,8,8,0,0,0,0,0,8,"[0, 0]",descriptive
maxima,consumed_training_fabric,8,8,0,0,0,0,0,8,"[0, 0]",descriptive
maxima,consumed_training_food,8,8,0,0,0,0,0,8,"[0, 0]",descriptive
maxima,consumed_training_glass,8,8,0,0,0,0,0,8,"[0, 0]",descriptive
maxima,consumed_training_gold,8,8,0,0,0,0,0,8,"[0, 0]",descriptive
maxima,consumed_training_metal,8,8,0,0,0,0,0,8,"[0, 0]",descriptive
maxima,consumed_training_oranges,8,8,0,0,0,0,0,8,"[0, 0]",descriptive
maxima,consumed_training_paper,8,8,0,0,0,0,0,8,"[0, 0]",descriptive
maxima,consumed_training_prunes,8,8,0,0,0,0,0,8,"[0, 0]",descriptive
maxima,consumed_training_stone,8,8,0,0,0,0,0,8,"[0, 0]",descriptive
maxima,consumed_training_wood,8,8,0,0,0,0,0,8,"[0, 0]",descriptive
maxima,consumed_upgrades_algae,8,8,0,24,18,-6,-6,8,"[-16, 0]",descriptive
maxima,consumed_upgrades_cherries,8,8,0,0,0,0,0,8,"[0, 0]",descriptive
maxima,consumed_upgrades_fabric,8,8,0,0,0,0,0,8,"[0, 0]",descriptive
maxima,consumed_upgrades_food,8,8,0,7.5,4,-3.5,-3.5,8,"[-8, 0]",descriptive
maxima,consumed_upgrades_glass,8,8,0,0,0,0,0,8,"[0, 0]",descriptive
maxima,consumed_upgrades_gold,8,8,0,0,0,0,0,8,"[0, 0]",descriptive
maxima,consumed_upgrades_metal,8,8,0,0,0,0,0,8,"[0, 0]",descriptive
maxima,consumed_upgrades_oranges,8,8,0,0,0,0,0,8,"[0, 0]",descriptive
maxima,consumed_upgrades_paper,8,8,0,0,0,0,0,8,"[0, 0]",descriptive
maxima,consumed_upgrades_prunes,8,8,0,0,0,0,0,8,"[0, 0]",descriptive
maxima,consumed_upgrades_stone,8,8,0,46.875,44.875,-2,-2,8,"[-18.75, 12.75]",descriptive
maxima,consumed_upgrades_wood,8,8,0,49.625,38.125,-11.5,-11.5,8,"[-35.625, 1.125]",descriptive
maxima,delivered_algae,8,8,0,30,21.75,-8.25,-8.25,8,"[-21.25, 0]",descriptive
maxima,delivered_algae_per_1000_ticks,8,8,0,0.37894520449296654,0.2550435762295488,-0.12390162826341773,-0.12390162826341773,8,"[-0.2958566851433051, 0.0]",descriptive
maxima,delivered_cherries,8,8,0,393.5,214,-179.5,-179.5,8,"[-440.25, -1.625]",descriptive
maxima,delivered_cherries_per_1000_ticks,8,8,0,4.757407231536843,2.76589659862117,-1.9915106329156722,-1.9915106329156722,8,"[-5.1689936942290675, 0.30255971707182894]",descriptive
maxima,delivered_fabric,8,8,0,0,0,0,0,8,"[0, 0]",descriptive
maxima,delivered_fabric_per_1000_ticks,8,8,0,0.0,0.0,0.0,0.0,8,"[0.0, 0.0]",descriptive
maxima,delivered_food,8,8,0,1405.75,1084.875,-320.875,-320.875,8,"[-1137, 176.625]",descriptive
maxima,delivered_food_per_1000_ticks,8,8,0,18.688312216047127,15.364443682282138,-3.3238685337649905,-3.3238685337649905,8,"[-13.5902664156739, 4.0334502799112935]",descriptive
maxima,delivered_glass,8,8,0,0,0,0,0,8,"[0, 0]",descriptive
maxima,delivered_glass_per_1000_ticks,8,8,0,0.0,0.0,0.0,0.0,8,"[0.0, 0.0]",descriptive
maxima,delivered_gold,8,8,0,0,0,0,0,8,"[0, 0]",descriptive
maxima,delivered_gold_per_1000_ticks,8,8,0,0.0,0.0,0.0,0.0,8,"[0.0, 0.0]",descriptive
maxima,delivered_metal,8,8,0,0,0,0,0,8,"[0, 0]",descriptive
maxima,delivered_metal_per_1000_ticks,8,8,0,0.0,0.0,0.0,0.0,8,"[0.0, 0.0]",descriptive
maxima,delivered_oranges,8,8,0,336.375,220.5,-115.875,-115.875,8,"[-444.375, 101]",descriptive
maxima,delivered_oranges_per_1000_ticks,8,8,0,4.5711603856746565,3.469091979190927,-1.1020684064837296,-1.1020684064837296,8,"[-5.037612438942404, 1.4444320548314398]",descriptive
maxima,delivered_paper,8,8,0,0,0,0,0,8,"[0, 0]",descriptive
maxima,delivered_paper_per_1000_ticks,8,8,0,0.0,0.0,0.0,0.0,8,"[0.0, 0.0]",descriptive
maxima,delivered_prunes,8,8,0,232.25,102.25,-130,-130,8,"[-360.5, 5]",descriptive
maxima,delivered_prunes_per_1000_ticks,8,8,0,2.699865866974603,1.3721186959554514,-1.3277471710191517,-1.3277471710191517,8,"[-4.1258934371366776, 0.24886596772089106]",descriptive
maxima,delivered_stone,8,8,0,66.75,61.5,-5.25,-5.25,8,"[-34.75, 20]",descriptive
maxima,delivered_stone_per_1000_ticks,8,8,0,0.835007637604178,0.739806095917575,-0.09520154168660308,-0.09520154168660308,8,"[-0.4283014682405462, 0.19560010504930014]",descriptive
maxima,delivered_wood,8,8,0,234.25,222.75,-11.5,-11.5,8,"[-56.25, 23.625]",descriptive
maxima,delivered_wood_per_1000_ticks,8,8,0,3.201667813781439,3.1173367187201513,-0.08433109506128794,-0.08433109506128794,8,"[-0.7783381722066415, 0.7029821364017113]",descriptive
maxima,first_upgrade_observed_fraction,8,8,0,0.125,0.125,0.0,0.0,8,"[0.0, 0.0]",descriptive
maxima,first_upgrade_waiting_lower_ticks,8,8,0,66253.25,67403.0,1149.75,1149.75,8,"[-18452.0, 17615.0]",descriptive; CI excludes within512tick interval and competing-event uncertainty
maxima,first_upgrade_waiting_upper_ticks,8,8,0,83582.0,85774.0,2192.0,2192.0,8,"[0.0, 5184.0]",descriptive; CI excludes within512tick interval and competing-event uncertainty
maxima,harvested_algae,8,8,0,38.125,23.5,-14.625,-14.625,8,"[-38.125, 0]",descriptive
maxima,harvested_algae_per_1000_ticks,8,8,0,0.47756903551582464,0.2755287417446879,-0.20204029377113678,-0.20204029377113678,8,"[-0.47735403459314063, 0.0]",descriptive
maxima,harvested_cherries,8,8,0,60.75,33.125,-27.625,-27.625,8,"[-78, 5.5]",descriptive
maxima,harvested_cherries_per_1000_ticks,8,8,0,0.7335182242493216,0.43742291294361063,-0.2960953113057109,-0.2960953113057109,8,"[-0.9348954994621308, 0.15126263212638746]",descriptive
maxima,harvested_fabric,8,8,0,0,0,0,0,8,"[0, 0]",descriptive
maxima,harvested_fabric_per_1000_ticks,8,8,0,0.0,0.0,0.0,0.0,8,"[0.0, 0.0]",descriptive
maxima,harvested_food,8,8,0,1460.5,1120.375,-340.125,-340.125,8,"[-1196.75, 180.25]",descriptive
maxima,harvested_food_per_1000_ticks,8,8,0,19.402033445843042,15.868782854557402,-3.5332505912856393,-3.5332505912856393,8,"[-14.29913417141049, 4.136177845842218]",descriptive
maxima,harvested_glass,8,8,0,0,0,0,0,8,"[0, 0]",descriptive
maxima,harvested_glass_per_1000_ticks,8,8,0,0.0,0.0,0.0,0.0,8,"[0.0, 0.0]",descriptive
maxima,harvested_gold,8,8,0,0,0,0,0,8,"[0, 0]",descriptive
maxima,harvested_gold_per_1000_ticks,8,8,0,0.0,0.0,0.0,0.0,8,"[0.0, 0.0]",descriptive
maxima,harvested_metal,8,8,0,0,0,0,0,8,"[0, 0]",descriptive
maxima,harvested_metal_per_1000_ticks,8,8,0,0.0,0.0,0.0,0.0,8,"[0.0, 0.0]",descriptive
maxima,harvested_oranges,8,8,0,47.875,31.375,-16.5,-16.5,8,"[-65.125, 13.625]",descriptive
maxima,harvested_oranges_per_1000_ticks,8,8,0,0.65679432873985,0.4977037961188374,-0.15909053262101258,-0.15909053262101258,8,"[-0.747083102634413, 0.2051725291685762]",descriptive
maxima,harvested_paper,8,8,0,0,0,0,0,8,"[0, 0]",descriptive
maxima,harvested_paper_per_1000_ticks,8,8,0,0.0,0.0,0.0,0.0,8,"[0.0, 0.0]",descriptive
maxima,harvested_prunes,8,8,0,32.875,12.125,-20.75,-20.75,8,"[-58.75, 0.5]",descriptive
maxima,harvested_prunes_per_1000_ticks,8,8,0,0.38342638852884414,0.15995370816845197,-0.22347268036039217,-0.22347268036039217,8,"[-0.6792572362532558, 0.023672000757504023]",descriptive
maxima,harvested_stone,8,8,0,69.75,65.375,-4.375,-4.375,8,"[-35.375, 22.625]",descriptive
maxima,harvested_stone_per_1000_ticks,8,8,0,0.8725052342483951,0.7850241538112674,-0.08748108043712766,-0.08748108043712766,8,"[-0.4406870345587027, 0.2192620822768612]",descriptive
maxima,harvested_wood,8,8,0,253.625,240,-13.625,-13.625,8,"[-67.25, 26.875]",descriptive
maxima,harvested_wood_per_1000_ticks,8,8,0,3.458028950885305,3.3707454141838795,-0.08728353670142541,-0.08728353670142541,8,"[-0.899390480655014, 0.8053219913427927]",descriptive
maxima,needFood,8,8,0,4.125,2.875,-1.25,-1.25,8,"[-7, 2.375]",descriptive
maxima,needFoodCritical,8,8,0,10.125,12.5,2.375,2.375,8,"[-13, 18.75]",descriptive
maxima,needFoodNoInns,8,8,0,6.375,11.375,5,5,8,"[-9.625, 20.625]",descriptive
maxima,new_buildings,8,8,0,40.375,38.875,-1.5,-1.5,8,"[-5.125, 2]",descriptive
maxima,new_buildings_10_observed_fraction,8,8,0,0.59375,0.59375,0.0,0.0,8,"[-0.15625, 0.125]",descriptive
maxima,new_buildings_10_waiting_lower_ticks,8,8,0,40673.25,44227.875,3554.625,3554.625,8,"[-4036.375, 14335.8125]",descriptive; CI excludes within512tick interval and competing-event uncertainty
maxima,new_buildings_10_waiting_upper_ticks,8,8,0,51650.5,53026.5,1376.0,1376.0,8,"[-5618.0, 11755.0]",descriptive; CI excludes within512tick interval and competing-event uncertainty
maxima,new_buildings_1_observed_fraction,8,8,0,1.0,1.0,0.0,0.0,8,"[0.0, 0.0]",descriptive
maxima,new_buildings_1_waiting_lower_ticks,8,8,0,1472.0,1440.0,-32.0,-32.0,8,"[-80.0, 0.0]",descriptive; CI excludes within512tick interval and competing-event uncertainty
maxima,new_buildings_1_waiting_upper_ticks,8,8,0,1984.0,1952.0,-32.0,-32.0,8,"[-80.0, 0.0]",descriptive; CI excludes within512tick interval and competing-event uncertainty
maxima,new_buildings_5_observed_fraction,8,8,0,0.9375,0.90625,-0.03125,-0.03125,8,"[-0.1875, 0.09375]",descriptive
maxima,new_buildings_5_waiting_lower_ticks,8,8,0,15256.5625,12692.1875,-2564.375,-2564.375,8,"[-7856.625, 1112.25]",descriptive; CI excludes within512tick interval and competing-event uncertainty
maxima,new_buildings_5_waiting_upper_ticks,8,8,0,15897.0,17173.5,1276.5,1276.5,8,"[-7669.5, 11707.0]",descriptive; CI excludes within512tick interval and competing-event uncertainty
maxima,observed_winner_set_change,8,4,4,0,0.25,0.25,0.25,4,"[0, 0.75]","descriptive; unresolved games excluded, resolution-selection bias possible"
maxima,resolution_status_change,8,8,0,0,0.375,0.375,0.375,8,"[0.125, 0.75]",descriptive
maxima,resolved_match_win_maxima,8,4,4,1,1,0,0,4,"[0, 0]","descriptive; unresolved games excluded, resolution-selection bias possible"
maxima,resolved_outcome,8,8,0,0.75,0.625,-0.125,-0.125,8,"[-0.5, 0.25]",descriptive
maxima,resolved_win_team_share_maxima,8,4,4,0.4375,0.4375,0.0,0.0,4,"[0.0, 0.0]","descriptive; unresolved games excluded, resolution-selection bias possible"
maxima,sites,8,8,0,5,5.25,0.25,0.25,8,"[-1.75, 2.625]",descriptive
maxima,starvation_deaths,8,8,0,57,54.875,-2.125,-2.125,8,"[-22.75, 25.5]",descriptive
maxima,stock_algae,8,8,0,3.25,0,-3.25,-3.25,8,"[-8, 0]",descriptive
maxima,stock_cherries,8,8,0,94.25,27.125,-67.125,-67.125,8,"[-163.25, -0.75]",descriptive
maxima,stock_fabric,8,8,0,0,0,0,0,8,"[0, 0]",descriptive
maxima,stock_food,8,8,0,49.875,45.75,-4.125,-4.125,8,"[-28, 20.375]",descriptive
maxima,stock_glass,8,8,0,0,0,0,0,8,"[0, 0]",descriptive
maxima,stock_gold,8,8,0,0,0,0,0,8,"[0, 0]",descriptive
maxima,stock_metal,8,8,0,0,0,0,0,8,"[0, 0]",descriptive
maxima,stock_oranges,8,8,0,93.75,30.375,-63.375,-63.375,8,"[-181, 2.875]",descriptive
maxima,stock_paper,8,8,0,0,0,0,0,8,"[0, 0]",descriptive
maxima,stock_prunes,8,8,0,83.375,20.25,-63.125,-63.125,8,"[-169.125, 0]",descriptive
maxima,stock_stone,8,8,0,7.25,6.5,-0.75,-0.75,8,"[-5.25, 3.875]",descriptive
maxima,stock_wood,8,8,0,8.75,5.75,-3,-3,8,"[-9.875, 2.125]",descriptive
maxima,surviving_teams,8,8,0,1.375,1.5,0.125,0.125,8,"[-0.625, 0.875]",descriptive
maxima,tick_cap,8,8,0,0.25,0.375,0.125,0.125,8,"[-0.25, 0.5]",descriptive
maxima,ticks,8,8,0,71121.5,71143.25,21.75,21.75,8,"[-18708.5, 16349.25]",descriptive
maxima,units,8,8,0,91.375,54.75,-36.625,-36.625,8,"[-131.375, 17.875]",descriptive
maxima,unresolved_outcome,8,8,0,0.25,0.375,0.125,0.125,8,"[-0.25, 0.5]",descriptive
maxima,upgrades,8,8,0,7.375,5.875,-1.5,-1.5,8,"[-5.625, 1.125]",descriptive
maxima,warriors,8,8,0,19.25,16.75,-2.5,-2.5,8,"[-15.125, 6.75]",descriptive
maxima,withdrawn_algae,8,8,0,0,0,0,0,8,"[0, 0]",descriptive
maxima,withdrawn_cherries,8,8,0,0,0,0,0,8,"[0, 0]",descriptive
maxima,withdrawn_fabric,8,8,0,0,0,0,0,8,"[0, 0]",descriptive
maxima,withdrawn_food,8,8,0,0,0,0,0,8,"[0, 0]",descriptive
maxima,withdrawn_glass,8,8,0,0,0,0,0,8,"[0, 0]",descriptive
maxima,withdrawn_gold,8,8,0,0,0,0,0,8,"[0, 0]",descriptive
maxima,withdrawn_metal,8,8,0,0,0,0,0,8,"[0, 0]",descriptive
maxima,withdrawn_oranges,8,8,0,0,0,0,0,8,"[0, 0]",descriptive
maxima,withdrawn_paper,8,8,0,0,0,0,0,8,"[0, 0]",descriptive
maxima,withdrawn_prunes,8,8,0,0,0,0,0,8,"[0, 0]",descriptive
maxima,withdrawn_stone,8,8,0,0,0,0,0,8,"[0, 0]",descriptive
maxima,withdrawn_wood,8,8,0,0,0,0,0,8,"[0, 0]",descriptive
maxima,workers,8,8,0,60.25,34.625,-25.625,-25.625,8,"[-92.625, 12.5]",descriptive
mixed,births,16,16,0,151.625,133.75,-17.875,-17.875,8,"[-48.25, 9.0625]",descriptive
mixed,buildings,16,16,0,29.8125,24.125,-5.6875,-5.6875,8,"[-11.4375, -0.75]",descriptive
mixed,carried_algae,16,16,0,0.125,0,-0.125,-0.125,8,"[-0.375, 0]",descriptive
mixed,carried_cherries,16,16,0,0.75,0.625,-0.125,-0.125,8,"[-0.75, 0.375]",descriptive
mixed,carried_fabric,16,16,0,0,0,0,0,8,"[0, 0]",descriptive
mixed,carried_food,16,16,0,8.375,6,-2.375,-2.375,8,"[-8.0625, 1.6875]",descriptive
mixed,carried_glass,16,16,0,0,0,0,0,8,"[0, 0]",descriptive
mixed,carried_gold,16,16,0,0,0,0,0,8,"[0, 0]",descriptive
mixed,carried_metal,16,16,0,0,0,0,0,8,"[0, 0]",descriptive
mixed,carried_oranges,16,16,0,0.3125,0.4375,0.125,0.125,8,"[-0.25, 0.5625]",descriptive
mixed,carried_paper,16,16,0,0,0,0,0,8,"[0, 0]",descriptive
mixed,carried_prunes,16,16,0,0.5625,0.125,-0.4375,-0.4375,8,"[-1.3125, 0]",descriptive
mixed,carried_stone,16,16,0,0.25,0.75,0.5,0.5,8,"[0, 1.375]",descriptive
mixed,carried_wood,16,16,0,0.6875,1.9375,1.25,1.25,8,"[-0.1875, 2.8125]",descriptive
mixed,consumed_ammunition_algae,16,16,0,0,0,0,0,8,"[0, 0]",descriptive
mixed,consumed_ammunition_cherries,16,16,0,0,0,0,0,8,"[0, 0]",descriptive
mixed,consumed_ammunition_fabric,16,16,0,0,0,0,0,8,"[0, 0]",descriptive
mixed,consumed_ammunition_food,16,16,0,0,0,0,0,8,"[0, 0]",descriptive
mixed,consumed_ammunition_glass,16,16,0,0,0,0,0,8,"[0, 0]",descriptive
mixed,consumed_ammunition_gold,16,16,0,0,0,0,0,8,"[0, 0]",descriptive
mixed,consumed_ammunition_metal,16,16,0,0,0,0,0,8,"[0, 0]",descriptive
mixed,consumed_ammunition_oranges,16,16,0,0,0,0,0,8,"[0, 0]",descriptive
mixed,consumed_ammunition_paper,16,16,0,0,0,0,0,8,"[0, 0]",descriptive
mixed,consumed_ammunition_prunes,16,16,0,0,0,0,0,8,"[0, 0]",descriptive
mixed,consumed_ammunition_stone,16,16,0,9.6875,4.5625,-5.125,-5.125,8,"[-15.5625, 1.9375]",descriptive
mixed,consumed_ammunition_wood,16,16,0,0,0,0,0,8,"[0, 0]",descriptive
mixed,consumed_births_algae,16,16,0,0,0,0,0,8,"[0, 0]",descriptive
mixed,consumed_births_cherries,16,16,0,0,0,0,0,8,"[0, 0]",descriptive
mixed,consumed_births_fabric,16,16,0,0,0,0,0,8,"[0, 0]",descriptive
mixed,consumed_births_food,16,16,0,758.125,668.75,-89.375,-89.375,8,"[-241.25, 45.3125]",descriptive
mixed,consumed_births_glass,16,16,0,0,0,0,0,8,"[0, 0]",descriptive
mixed,consumed_births_gold,16,16,0,0,0,0,0,8,"[0, 0]",descriptive
mixed,consumed_births_metal,16,16,0,0,0,0,0,8,"[0, 0]",descriptive
mixed,consumed_births_oranges,16,16,0,0,0,0,0,8,"[0, 0]",descriptive
mixed,consumed_births_paper,16,16,0,0,0,0,0,8,"[0, 0]",descriptive
mixed,consumed_births_prunes,16,16,0,0,0,0,0,8,"[0, 0]",descriptive
mixed,consumed_births_stone,16,16,0,0,0,0,0,8,"[0, 0]",descriptive
mixed,consumed_births_wood,16,16,0,0,0,0,0,8,"[0, 0]",descriptive
mixed,consumed_construction_algae,16,16,0,3.625,2.25,-1.375,-1.375,8,"[-3.25, 0.125]",descriptive
mixed,consumed_construction_cherries,16,16,0,0,0,0,0,8,"[0, 0]",descriptive
mixed,consumed_construction_fabric,16,16,0,0,0,0,0,8,"[0, 0]",descriptive
mixed,consumed_construction_food,16,16,0,76.5625,65.625,-10.9375,-10.9375,8,"[-30.625, 6.5625]",descriptive
mixed,consumed_construction_glass,16,16,0,0,0,0,0,8,"[0, 0]",descriptive
mixed,consumed_construction_gold,16,16,0,0,0,0,0,8,"[0, 0]",descriptive
mixed,consumed_construction_metal,16,16,0,0,0,0,0,8,"[0, 0]",descriptive
mixed,consumed_construction_oranges,16,16,0,0,0,0,0,8,"[0, 0]",descriptive
mixed,consumed_construction_paper,16,16,0,0,0,0,0,8,"[0, 0]",descriptive
mixed,consumed_construction_prunes,16,16,0,0,0,0,0,8,"[0, 0]",descriptive
mixed,consumed_construction_stone,16,16,0,1.9375,1.4375,-0.5,-0.5,8,"[-1.125, -0.0625]",descriptive
mixed,consumed_construction_wood,16,16,0,164.0625,133.0625,-31,-31.0,8,"[-70.75, -3.8125]",descriptive
mixed,consumed_healing_algae,16,16,0,0,0,0,0,8,"[0, 0]",descriptive
mixed,consumed_healing_cherries,16,16,0,0,0,0,0,8,"[0, 0]",descriptive
mixed,consumed_healing_fabric,16,16,0,0,0,0,0,8,"[0, 0]",descriptive
mixed,consumed_healing_food,16,16,0,0,0,0,0,8,"[0, 0]",descriptive
mixed,consumed_healing_glass,16,16,0,0,0,0,0,8,"[0, 0]",descriptive
mixed,consumed_healing_gold,16,16,0,0,0,0,0,8,"[0, 0]",descriptive
mixed,consumed_healing_metal,16,16,0,0,0,0,0,8,"[0, 0]",descriptive
mixed,consumed_healing_oranges,16,16,0,0,0,0,0,8,"[0, 0]",descriptive
mixed,consumed_healing_paper,16,16,0,0,0,0,0,8,"[0, 0]",descriptive
mixed,consumed_healing_prunes,16,16,0,0,0,0,0,8,"[0, 0]",descriptive
mixed,consumed_healing_stone,16,16,0,0,0,0,0,8,"[0, 0]",descriptive
mixed,consumed_healing_wood,16,16,0,0,0,0,0,8,"[0, 0]",descriptive
mixed,consumed_meals_algae,16,16,0,0,0,0,0,8,"[0, 0]",descriptive
mixed,consumed_meals_cherries,16,16,0,203.625,147.25,-56.375,-56.375,8,"[-187.8125, 19.8125]",descriptive
mixed,consumed_meals_fabric,16,16,0,0,0,0,0,8,"[0, 0]",descriptive
mixed,consumed_meals_food,16,16,0,574.8125,464.3125,-110.5,-110.5,8,"[-288.1875, 4.5625]",descriptive
mixed,consumed_meals_glass,16,16,0,0,0,0,0,8,"[0, 0]",descriptive
mixed,consumed_meals_gold,16,16,0,0,0,0,0,8,"[0, 0]",descriptive
mixed,consumed_meals_metal,16,16,0,0,0,0,0,8,"[0, 0]",descriptive
mixed,consumed_meals_oranges,16,16,0,194.5625,126.9375,-67.625,-67.625,8,"[-184.4375, 11.25]",descriptive
mixed,consumed_meals_paper,16,16,0,0,0,0,0,8,"[0, 0]",descriptive
mixed,consumed_meals_prunes,16,16,0,135.9375,74.125,-61.8125,-61.8125,8,"[-192.0625, 19.125]",descriptive
mixed,consumed_meals_stone,16,16,0,0,0,0,0,8,"[0, 0]",descriptive
mixed,consumed_meals_wood,16,16,0,0,0,0,0,8,"[0, 0]",descriptive
mixed,consumed_training_algae,16,16,0,0,0,0,0,8,"[0, 0]",descriptive
mixed,consumed_training_cherries,16,16,0,0,0,0,0,8,"[0, 0]",descriptive
mixed,consumed_training_fabric,16,16,0,0,0,0,0,8,"[0, 0]",descriptive
mixed,consumed_training_food,16,16,0,0,0,0,0,8,"[0, 0]",descriptive
mixed,consumed_training_glass,16,16,0,0,0,0,0,8,"[0, 0]",descriptive
mixed,consumed_training_gold,16,16,0,0,0,0,0,8,"[0, 0]",descriptive
mixed,consumed_training_metal,16,16,0,0,0,0,0,8,"[0, 0]",descriptive
mixed,consumed_training_oranges,16,16,0,0,0,0,0,8,"[0, 0]",descriptive
mixed,consumed_training_paper,16,16,0,0,0,0,0,8,"[0, 0]",descriptive
mixed,consumed_training_prunes,16,16,0,0,0,0,0,8,"[0, 0]",descriptive
mixed,consumed_training_stone,16,16,0,0,0,0,0,8,"[0, 0]",descriptive
mixed,consumed_training_wood,16,16,0,0,0,0,0,8,"[0, 0]",descriptive
mixed,consumed_upgrades_algae,16,16,0,20.5,20.125,-0.375,-0.375,8,"[-15.75, 14.625]",descriptive
mixed,consumed_upgrades_cherries,16,16,0,0,0,0,0,8,"[0, 0]",descriptive
mixed,consumed_upgrades_fabric,16,16,0,0,0,0,0,8,"[0, 0]",descriptive
mixed,consumed_upgrades_food,16,16,0,4.375,4.5,0.125,0.125,8,"[-3.375, 3.75]",descriptive
mixed,consumed_upgrades_glass,16,16,0,0,0,0,0,8,"[0, 0]",descriptive
mixed,consumed_upgrades_gold,16,16,0,0,0,0,0,8,"[0, 0]",descriptive
mixed,consumed_upgrades_metal,16,16,0,0,0,0,0,8,"[0, 0]",descriptive
mixed,consumed_upgrades_oranges,16,16,0,0,0,0,0,8,"[0, 0]",descriptive
mixed,consumed_upgrades_paper,16,16,0,0,0,0,0,8,"[0, 0]",descriptive
mixed,consumed_upgrades_prunes,16,16,0,0,0,0,0,8,"[0, 0]",descriptive
mixed,consumed_upgrades_stone,16,16,0,69.3125,50.9375,-18.375,-18.375,8,"[-67, 14]",descriptive
mixed,consumed_upgrades_wood,16,16,0,83.375,52.9375,-30.4375,-30.4375,8,"[-98.3125, 8]",descriptive
mixed,delivered_algae,16,16,0,26.25,23.0625,-3.1875,-3.1875,8,"[-21.6875, 13.625]",descriptive
mixed,delivered_algae_per_1000_ticks,16,16,0,0.2917047100219492,0.26477580390265626,-0.02692890611929293,-0.026928906119292936,8,"[-0.22171546829233038, 0.15135084553360637]",descriptive
mixed,delivered_cherries,16,16,0,301.5,212.25,-89.25,-89.25,8,"[-296.5, 32.5]",descriptive
mixed,delivered_cherries_per_1000_ticks,16,16,0,3.3972189475308046,2.5609387747227066,-0.8362801728080977,-0.8362801728080977,8,"[-2.9734091033465604, 0.47329949961551365]",descriptive
mixed,delivered_fabric,16,16,0,0,0,0,0,8,"[0, 0]",descriptive
mixed,delivered_fabric_per_1000_ticks,16,16,0,0.0,0.0,0.0,0.0,8,"[0.0, 0.0]",descriptive
mixed,delivered_food,16,16,0,1520.6875,1287.125,-233.5625,-233.5625,8,"[-591.75, 2.0625]",descriptive
mixed,delivered_food_per_1000_ticks,16,16,0,18.700283544684176,16.028710764128654,-2.6715727805555227,-2.6715727805555227,8,"[-5.917777096527971, -0.0911601902687682]",descriptive
mixed,delivered_glass,16,16,0,0,0,0,0,8,"[0, 0]",descriptive
mixed,delivered_glass_per_1000_ticks,16,16,0,0.0,0.0,0.0,0.0,8,"[0.0, 0.0]",descriptive
mixed,delivered_gold,16,16,0,0,0,0,0,8,"[0, 0]",descriptive
mixed,delivered_gold_per_1000_ticks,16,16,0,0.0,0.0,0.0,0.0,8,"[0.0, 0.0]",descriptive
mixed,delivered_metal,16,16,0,0,0,0,0,8,"[0, 0]",descriptive
mixed,delivered_metal_per_1000_ticks,16,16,0,0.0,0.0,0.0,0.0,8,"[0.0, 0.0]",descriptive
mixed,delivered_oranges,16,16,0,292.625,180.3125,-112.3125,-112.3125,8,"[-311.6875, 17.125]",descriptive
mixed,delivered_oranges_per_1000_ticks,16,16,0,3.3462749930713493,2.222106985535833,-1.1241680075355163,-1.1241680075355163,8,"[-3.2592011627230906, 0.26451771483952313]",descriptive
mixed,delivered_paper,16,16,0,0,0,0,0,8,"[0, 0]",descriptive
mixed,delivered_paper_per_1000_ticks,16,16,0,0.0,0.0,0.0,0.0,8,"[0.0, 0.0]",descriptive
mixed,delivered_prunes,16,16,0,232.0625,98.1875,-133.875,-133.875,8,"[-391.8125, 19.25]",descriptive
mixed,delivered_prunes_per_1000_ticks,16,16,0,2.6077390157071316,1.2021413263620544,-1.4055976893450772,-1.4055976893450772,8,"[-4.168809773168332, 0.24242724958050327]",descriptive
mixed,delivered_stone,16,16,0,88.6875,63.125,-25.5625,-25.5625,8,"[-89.75, 17.75]",descriptive
mixed,delivered_stone_per_1000_ticks,16,16,0,1.0195275852390056,0.7500898751848154,-0.2694377100541901,-0.26943771005419004,8,"[-0.9618778204295296, 0.20397942321928084]",descriptive
mixed,delivered_wood,16,16,0,258.6875,192.5625,-66.125,-66.125,8,"[-178.25, 1.0]",descriptive
mixed,delivered_wood_per_1000_ticks,16,16,0,3.218902409920975,2.4381628635903674,-0.7807395463306075,-0.7807395463306075,8,"[-1.9711584998175364, -0.0477340150796713]",descriptive
mixed,first_upgrade_observed_fraction,16,16,0,0.25,0.171875,-0.078125,-0.078125,8,"[-0.1875, 0.0]",descriptive
mixed,first_upgrade_waiting_lower_ticks,16,16,0,60143.875,64858.90625,4715.03125,4715.03125,8,"[-1928.90625, 11980.5]",descriptive; CI excludes within512tick interval and competing-event uncertainty
mixed,first_upgrade_waiting_upper_ticks,16,16,0,77468.0,79491.25,2023.25,2023.25,8,"[-128.0, 5388.75]",descriptive; CI excludes within512tick interval and competing-event uncertainty
mixed,harvested_algae,16,16,0,29.8125,25,-4.8125,-4.8125,8,"[-28, 15.125]",descriptive
mixed,harvested_algae_per_1000_ticks,16,16,0,0.33130072447371,0.2871096012794459,-0.0441911231942641,-0.0441911231942641,8,"[-0.2895323183991155, 0.16939371997073444]",descriptive
mixed,harvested_cherries,16,16,0,50.75,32.4375,-18.3125,-18.3125,8,"[-59.0, 4.25]",descriptive
mixed,harvested_cherries_per_1000_ticks,16,16,0,0.5692811468142432,0.3878718913418056,-0.18140925547243766,-0.18140925547243766,8,"[-0.6113102995907995, 0.06126651969422525]",descriptive
mixed,harvested_fabric,16,16,0,0,0,0,0,8,"[0, 0]",descriptive
mixed,harvested_fabric_per_1000_ticks,16,16,0,0.0,0.0,0.0,0.0,8,"[0.0, 0.0]",descriptive
mixed,harvested_food,16,16,0,1568.25,1321.125,-247.125,-247.125,8,"[-633.4375, 2.6875]",descriptive
mixed,harvested_food_per_1000_ticks,16,16,0,19.28915486699973,16.453393357298776,-2.835761509700953,-2.835761509700953,8,"[-6.403010607216549, -0.10009254326575823]",descriptive
mixed,harvested_glass,16,16,0,0,0,0,0,8,"[0, 0]",descriptive
mixed,harvested_glass_per_1000_ticks,16,16,0,0.0,0.0,0.0,0.0,8,"[0.0, 0.0]",descriptive
mixed,harvested_gold,16,16,0,0,0,0,0,8,"[0, 0]",descriptive
mixed,harvested_gold_per_1000_ticks,16,16,0,0.0,0.0,0.0,0.0,8,"[0.0, 0.0]",descriptive
mixed,harvested_metal,16,16,0,0,0,0,0,8,"[0, 0]",descriptive
mixed,harvested_metal_per_1000_ticks,16,16,0,0.0,0.0,0.0,0.0,8,"[0.0, 0.0]",descriptive
mixed,harvested_oranges,16,16,0,37.75,22.375,-15.375,-15.375,8,"[-41.75, 1.5]",descriptive
mixed,harvested_oranges_per_1000_ticks,16,16,0,0.4296034180349644,0.273874908051508,-0.15572850998345641,-0.15572850998345641,8,"[-0.4368585972479574, 0.02352073680316897]",descriptive
mixed,harvested_paper,16,16,0,0,0,0,0,8,"[0, 0]",descriptive
mixed,harvested_paper_per_1000_ticks,16,16,0,0.0,0.0,0.0,0.0,8,"[0.0, 0.0]",descriptive
mixed,harvested_prunes,16,16,0,28.5,11.6875,-16.8125,-16.8125,8,"[-48.125, 1.75]",descriptive
mixed,harvested_prunes_per_1000_ticks,16,16,0,0.3195933460151576,0.14256730190525632,-0.17702604410990128,-0.17702604410990128,8,"[-0.5114068682120275, 0.02233995209756513]",descriptive
mixed,harvested_stone,16,16,0,95.25,66.1875,-29.0625,-29.0625,8,"[-101.6875, 19.125]",descriptive
mixed,harvested_stone_per_1000_ticks,16,16,0,1.0931299175976512,0.7859963132292462,-0.3071336043684049,-0.30713360436840487,8,"[-1.0886183259531441, 0.21883304075349122]",descriptive
mixed,harvested_wood,16,16,0,279.6875,207.25,-72.4375,-72.4375,8,"[-195.8125, 2.6875]",descriptive
mixed,harvested_wood_per_1000_ticks,16,16,0,3.4655470247587945,2.621890223919854,-0.8436568008389407,-0.8436568008389407,8,"[-2.136274569705021, -0.029840460151639575]",descriptive
mixed,needFood,16,16,0,3.4375,2.75,-0.6875,-0.6875,8,"[-2.8125, 1.625]",descriptive
mixed,needFoodCritical,16,16,0,6.8125,6.4375,-0.375,-0.375,8,"[-4.0625, 3.1875]",descriptive
mixed,needFoodNoInns,16,16,0,4.125,5.875,1.75,1.75,8,"[-0.375, 4.1875]",descriptive
mixed,new_buildings,16,16,0,39.4375,32.125,-7.3125,-7.3125,8,"[-17.1875, -0.625]",descriptive
mixed,new_buildings_10_observed_fraction,16,16,0,0.5,0.453125,-0.046875,-0.046875,8,"[-0.1875, 0.09375]",descriptive
mixed,new_buildings_10_waiting_lower_ticks,16,16,0,47078.0625,52948.59375,5870.53125,5870.53125,8,"[935.65625, 10139.53125]",descriptive; CI excludes within512tick interval and competing-event uncertainty
mixed,new_buildings_10_waiting_upper_ticks,16,16,0,60096.0,61962.75,1866.75,1866.75,8,"[-6866.0, 9145.25]",descriptive; CI excludes within512tick interval and competing-event uncertainty
mixed,new_buildings_1_observed_fraction,16,16,0,1.0,1.0,0.0,0.0,8,"[0.0, 0.0]",descriptive
mixed,new_buildings_1_waiting_lower_ticks,16,16,0,1600.0,1600.0,0.0,0.0,8,"[-72.0, 88.0]",descriptive; CI excludes within512tick interval and competing-event uncertainty
mixed,new_buildings_1_waiting_upper_ticks,16,16,0,2112.0,2112.0,0.0,0.0,8,"[-72.0, 88.0]",descriptive; CI excludes within512tick interval and competing-event uncertainty
mixed,new_buildings_5_observed_fraction,16,16,0,0.875,0.84375,-0.03125,-0.03125,8,"[-0.078125, 0.0]",descriptive
mixed,new_buildings_5_waiting_lower_ticks,16,16,0,16993.125,18952.1875,1959.0625,1959.0625,8,"[498.5625, 3729.8125]",descriptive; CI excludes within512tick interval and competing-event uncertainty
mixed,new_buildings_5_waiting_upper_ticks,16,16,0,21074.0,22966.5,1892.5,1892.5,8,"[430.25, 3649.0]",descriptive; CI excludes within512tick interval and competing-event uncertainty
mixed,observed_winner_set_change,16,5,11,0,0.2,0.2,0.16666666666666666,3,"[0, 0.5]","descriptive; unresolved games excluded, resolution-selection bias possible"
mixed,resolution_status_change,16,16,0,0,0.3125,0.3125,0.3125,8,"[0.125, 0.5]",descriptive
mixed,resolved_match_win_cortex,16,5,11,0.2,0.4,0.2,0.16666666666666666,3,"[0, 0.5]","descriptive; unresolved games excluded, resolution-selection bias possible"
mixed,resolved_match_win_maxima,16,5,11,0.8,0.6,-0.2,-0.16666666666666666,3,"[-0.5, 0]","descriptive; unresolved games excluded, resolution-selection bias possible"
mixed,resolved_match_win_nicowar,16,0,16,,,,,,,
mixed,resolved_outcome,16,16,0,0.4375,0.5,0.0625,0.0625,8,"[-0.1875, 0.3125]",descriptive
mixed,resolved_win_team_share_cortex,16,5,11,0.2,0.4,0.2,0.16666666666666666,3,"[0.0, 0.5]","descriptive; unresolved games excluded, resolution-selection bias possible"
mixed,resolved_win_team_share_maxima,16,5,11,0.8,0.6,-0.2,-0.16666666666666666,3,"[-0.5, 0.0]","descriptive; unresolved games excluded, resolution-selection bias possible"
mixed,resolved_win_team_share_nicowar,16,0,16,,,,,,,
mixed,sites,16,16,0,3.75,4.0625,0.3125,0.3125,8,"[-1.3125, 1.875]",descriptive
mixed,starvation_deaths,16,16,0,69.625,75.25,5.625,5.625,8,"[-20.6875, 30.5625]",descriptive
mixed,stock_algae,16,16,0,1.25,0.6875,-0.5625,-0.5625,8,"[-1.5625, 0]",descriptive
mixed,stock_cherries,16,16,0,81.75,47.0625,-34.6875,-34.6875,8,"[-119.0625, 18.3125]",descriptive
mixed,stock_fabric,16,16,0,0,0,0,0,8,"[0, 0]",descriptive
mixed,stock_food,16,16,0,64.25,45.4375,-18.8125,-18.8125,8,"[-51.0625, 4.0]",descriptive
mixed,stock_glass,16,16,0,0,0,0,0,8,"[0, 0]",descriptive
mixed,stock_gold,16,16,0,0,0,0,0,8,"[0, 0]",descriptive
mixed,stock_metal,16,16,0,0,0,0,0,8,"[0, 0]",descriptive
mixed,stock_oranges,16,16,0,85.625,40.3125,-45.3125,-45.3125,8,"[-135.8125, 13.4375]",descriptive
mixed,stock_paper,16,16,0,0,0,0,0,8,"[0, 0]",descriptive
mixed,stock_prunes,16,16,0,76.5,13.75,-62.75,-62.75,8,"[-166.5, -0.75]",descriptive
mixed,stock_stone,16,16,0,6.1875,6.125,-0.0625,-0.0625,8,"[-4.875, 4.375]",descriptive
mixed,stock_wood,16,16,0,5.3125,4.25,-1.0625,-1.0625,8,"[-4.1875, 1.5]",descriptive
mixed,surviving_teams,16,16,0,1.75,1.5625,-0.1875,-0.1875,8,"[-0.6875, 0.25]",descriptive
mixed,tick_cap,16,16,0,0.5625,0.5,-0.0625,-0.0625,8,"[-0.3125, 0.1875]",descriptive
mixed,ticks,16,16,0,72803.875,74809,2005.125,2005.125,8,"[-4867.5, 9958.625]",descriptive
mixed,units,16,16,0,67.6875,51.25,-16.4375,-16.4375,8,"[-55.1875, 10.875]",descriptive
mixed,unresolved_outcome,16,16,0,0.5625,0.5,-0.0625,-0.0625,8,"[-0.3125, 0.1875]",descriptive
mixed,upgrades,16,16,0,12.375,7.625,-4.75,-4.75,8,"[-14.25, 0.25]",descriptive
mixed,warriors,16,16,0,22.0625,17.0625,-5,-5.0,8,"[-14.0, 1.3125]",descriptive
mixed,withdrawn_algae,16,16,0,0,0,0,0,8,"[0, 0]",descriptive
mixed,withdrawn_cherries,16,16,0,0,0,0,0,8,"[0, 0]",descriptive
mixed,withdrawn_fabric,16,16,0,0,0,0,0,8,"[0, 0]",descriptive
mixed,withdrawn_food,16,16,0,0,0,0,0,8,"[0, 0]",descriptive
mixed,withdrawn_glass,16,16,0,0,0,0,0,8,"[0, 0]",descriptive
mixed,withdrawn_gold,16,16,0,0,0,0,0,8,"[0, 0]",descriptive
mixed,withdrawn_metal,16,16,0,0,0,0,0,8,"[0, 0]",descriptive
mixed,withdrawn_oranges,16,16,0,0,0,0,0,8,"[0, 0]",descriptive
mixed,withdrawn_paper,16,16,0,0,0,0,0,8,"[0, 0]",descriptive
mixed,withdrawn_prunes,16,16,0,0,0,0,0,8,"[0, 0]",descriptive
mixed,withdrawn_stone,16,16,0,0,0,0,0,8,"[0, 0]",descriptive
mixed,withdrawn_wood,16,16,0,0,0,0,0,8,"[0, 0]",descriptive
mixed,workers,16,16,0,40.25,28.75,-11.5,-11.5,8,"[-35.5625, 5.8125]",descriptive
nicowar,births,8,8,0,102,102,0,0,8,"[-31, 40.375]",descriptive
nicowar,buildings,8,8,0,33.625,29.875,-3.75,-3.75,8,"[-8.625, 0.875]",descriptive
nicowar,carried_algae,8,8,0,0.75,0.125,-0.625,-0.625,8,"[-1.625, 0]",descriptive
nicowar,carried_cherries,8,8,0,0,0.125,0.125,0.125,8,"[0, 0.375]",descriptive
nicowar,carried_fabric,8,8,0,0,0,0,0,8,"[0, 0]",descriptive
nicowar,carried_food,8,8,0,9.875,5.25,-4.625,-4.625,8,"[-14.75, 2.125]",descriptive
nicowar,carried_glass,8,8,0,0,0,0,0,8,"[0, 0]",descriptive
nicowar,carried_gold,8,8,0,0,0,0,0,8,"[0, 0]",descriptive
nicowar,carried_metal,8,8,0,0,0,0,0,8,"[0, 0]",descriptive
nicowar,carried_oranges,8,8,0,0.25,1.125,0.875,0.875,8,"[-0.75, 3.375]",descriptive
nicowar,carried_paper,8,8,0,0,0,0,0,8,"[0, 0]",descriptive
nicowar,carried_prunes,8,8,0,0.375,0.25,-0.125,-0.125,8,"[-0.375, 0]",descriptive
nicowar,carried_stone,8,8,0,1,1,0,0,8,"[-1.875, 2.125]",descriptive
nicowar,carried_wood,8,8,0,1.875,1.625,-0.25,-0.25,8,"[-3.75, 2.375]",descriptive
nicowar,consumed_ammunition_algae,8,8,0,0,0,0,0,8,"[0, 0]",descriptive
nicowar,consumed_ammunition_cherries,8,8,0,0,0,0,0,8,"[0, 0]",descriptive
nicowar,consumed_ammunition_fabric,8,8,0,0,0,0,0,8,"[0, 0]",descriptive
nicowar,consumed_ammunition_food,8,8,0,0,0,0,0,8,"[0, 0]",descriptive
nicowar,consumed_ammunition_glass,8,8,0,0,0,0,0,8,"[0, 0]",descriptive
nicowar,consumed_ammunition_gold,8,8,0,0,0,0,0,8,"[0, 0]",descriptive
nicowar,consumed_ammunition_metal,8,8,0,0,0,0,0,8,"[0, 0]",descriptive
nicowar,consumed_ammunition_oranges,8,8,0,0,0,0,0,8,"[0, 0]",descriptive
nicowar,consumed_ammunition_paper,8,8,0,0,0,0,0,8,"[0, 0]",descriptive
nicowar,consumed_ammunition_prunes,8,8,0,0,0,0,0,8,"[0, 0]",descriptive
nicowar,consumed_ammunition_stone,8,8,0,0,0,0,0,8,"[0, 0]",descriptive
nicowar,consumed_ammunition_wood,8,8,0,0,0,0,0,8,"[0, 0]",descriptive
nicowar,consumed_births_algae,8,8,0,0,0,0,0,8,"[0, 0]",descriptive
nicowar,consumed_births_cherries,8,8,0,0,0,0,0,8,"[0, 0]",descriptive
nicowar,consumed_births_fabric,8,8,0,0,0,0,0,8,"[0, 0]",descriptive
nicowar,consumed_births_food,8,8,0,510,510,0,0,8,"[-155, 201.875]",descriptive
nicowar,consumed_births_glass,8,8,0,0,0,0,0,8,"[0, 0]",descriptive
nicowar,consumed_births_gold,8,8,0,0,0,0,0,8,"[0, 0]",descriptive
nicowar,consumed_births_metal,8,8,0,0,0,0,0,8,"[0, 0]",descriptive
nicowar,consumed_births_oranges,8,8,0,0,0,0,0,8,"[0, 0]",descriptive
nicowar,consumed_births_paper,8,8,0,0,0,0,0,8,"[0, 0]",descriptive
nicowar,consumed_births_prunes,8,8,0,0,0,0,0,8,"[0, 0]",descriptive
nicowar,consumed_births_stone,8,8,0,0,0,0,0,8,"[0, 0]",descriptive
nicowar,consumed_births_wood,8,8,0,0,0,0,0,8,"[0, 0]",descriptive
nicowar,consumed_construction_algae,8,8,0,4.5,3.75,-0.75,-0.75,8,"[-3.25, 1.25]",descriptive
nicowar,consumed_construction_cherries,8,8,0,0,0,0,0,8,"[0, 0]",descriptive
nicowar,consumed_construction_fabric,8,8,0,0,0,0,0,8,"[0, 0]",descriptive
nicowar,consumed_construction_food,8,8,0,153.125,135.625,-17.5,-17.5,8,"[-39.375, 4.375]",descriptive
nicowar,consumed_construction_glass,8,8,0,0,0,0,0,8,"[0, 0]",descriptive
nicowar,consumed_construction_gold,8,8,0,0,0,0,0,8,"[0, 0]",descriptive
nicowar,consumed_construction_metal,8,8,0,0,0,0,0,8,"[0, 0]",descriptive
nicowar,consumed_construction_oranges,8,8,0,0,0,0,0,8,"[0, 0]",descriptive
nicowar,consumed_construction_paper,8,8,0,0,0,0,0,8,"[0, 0]",descriptive
nicowar,consumed_construction_prunes,8,8,0,0,0,0,0,8,"[0, 0]",descriptive
nicowar,consumed_construction_stone,8,8,0,4,3.25,-0.75,-0.75,8,"[-1.875, 0.25]",descriptive
nicowar,consumed_construction_wood,8,8,0,143.75,130.75,-13,-13,8,"[-35.25, 7.75]",descriptive
nicowar,consumed_healing_algae,8,8,0,0,0,0,0,8,"[0, 0]",descriptive
nicowar,consumed_healing_cherries,8,8,0,0,0,0,0,8,"[0, 0]",descriptive
nicowar,consumed_healing_fabric,8,8,0,0,0,0,0,8,"[0, 0]",descriptive
nicowar,consumed_healing_food,8,8,0,0,0,0,0,8,"[0, 0]",descriptive
nicowar,consumed_healing_glass,8,8,0,0,0,0,0,8,"[0, 0]",descriptive
nicowar,consumed_healing_gold,8,8,0,0,0,0,0,8,"[0, 0]",descriptive
nicowar,consumed_healing_metal,8,8,0,0,0,0,0,8,"[0, 0]",descriptive
nicowar,consumed_healing_oranges,8,8,0,0,0,0,0,8,"[0, 0]",descriptive
nicowar,consumed_healing_paper,8,8,0,0,0,0,0,8,"[0, 0]",descriptive
nicowar,consumed_healing_prunes,8,8,0,0,0,0,0,8,"[0, 0]",descriptive
nicowar,consumed_healing_stone,8,8,0,0,0,0,0,8,"[0, 0]",descriptive
nicowar,consumed_healing_wood,8,8,0,0,0,0,0,8,"[0, 0]",descriptive
nicowar,consumed_meals_algae,8,8,0,0,0,0,0,8,"[0, 0]",descriptive
nicowar,consumed_meals_cherries,8,8,0,35.375,80.125,44.75,44.75,8,"[-8.25, 133.625]",descriptive
nicowar,consumed_meals_fabric,8,8,0,0,0,0,0,8,"[0, 0]",descriptive
nicowar,consumed_meals_food,8,8,0,559.375,533.375,-26,-26,8,"[-174.25, 142.125]",descriptive
nicowar,consumed_meals_glass,8,8,0,0,0,0,0,8,"[0, 0]",descriptive
nicowar,consumed_meals_gold,8,8,0,0,0,0,0,8,"[0, 0]",descriptive
nicowar,consumed_meals_metal,8,8,0,0,0,0,0,8,"[0, 0]",descriptive
nicowar,consumed_meals_oranges,8,8,0,28.125,21.75,-6.375,-6.375,8,"[-56, 44.625]",descriptive
nicowar,consumed_meals_paper,8,8,0,0,0,0,0,8,"[0, 0]",descriptive
nicowar,consumed_meals_prunes,8,8,0,14.125,72.25,58.125,58.125,8,"[-7.5, 181.875]",descriptive
nicowar,consumed_meals_stone,8,8,0,0,0,0,0,8,"[0, 0]",descriptive
nicowar,consumed_meals_wood,8,8,0,0,0,0,0,8,"[0, 0]",descriptive
nicowar,consumed_training_algae,8,8,0,0,0,0,0,8,"[0, 0]",descriptive
nicowar,consumed_training_cherries,8,8,0,0,0,0,0,8,"[0, 0]",descriptive
nicowar,consumed_training_fabric,8,8,0,0,0,0,0,8,"[0, 0]",descriptive
nicowar,consumed_training_food,8,8,0,0,0,0,0,8,"[0, 0]",descriptive
nicowar,consumed_training_glass,8,8,0,0,0,0,0,8,"[0, 0]",descriptive
nicowar,consumed_training_gold,8,8,0,0,0,0,0,8,"[0, 0]",descriptive
nicowar,consumed_training_metal,8,8,0,0,0,0,0,8,"[0, 0]",descriptive
nicowar,consumed_training_oranges,8,8,0,0,0,0,0,8,"[0, 0]",descriptive
nicowar,consumed_training_paper,8,8,0,0,0,0,0,8,"[0, 0]",descriptive
nicowar,consumed_training_prunes,8,8,0,0,0,0,0,8,"[0, 0]",descriptive
nicowar,consumed_training_stone,8,8,0,0,0,0,0,8,"[0, 0]",descriptive
nicowar,consumed_training_wood,8,8,0,0,0,0,0,8,"[0, 0]",descriptive
nicowar,consumed_upgrades_algae,8,8,0,16.25,12,-4.25,-4.25,8,"[-15.75, 3]",descriptive
nicowar,consumed_upgrades_cherries,8,8,0,0,0,0,0,8,"[0, 0]",descriptive
nicowar,consumed_upgrades_fabric,8,8,0,0,0,0,0,8,"[0, 0]",descriptive
nicowar,consumed_upgrades_food,8,8,0,4.5,4.25,-0.25,-0.25,8,"[-3, 3]",descriptive
nicowar,consumed_upgrades_glass,8,8,0,0,0,0,0,8,"[0, 0]",descriptive
nicowar,consumed_upgrades_gold,8,8,0,0,0,0,0,8,"[0, 0]",descriptive
nicowar,consumed_upgrades_metal,8,8,0,0,0,0,0,8,"[0, 0]",descriptive
nicowar,consumed_upgrades_oranges,8,8,0,0,0,0,0,8,"[0, 0]",descriptive
nicowar,consumed_upgrades_paper,8,8,0,0,0,0,0,8,"[0, 0]",descriptive
nicowar,consumed_upgrades_prunes,8,8,0,0,0,0,0,8,"[0, 0]",descriptive
nicowar,consumed_upgrades_stone,8,8,0,39.5,34.5,-5,-5,8,"[-33.5, 17.25]",descriptive
nicowar,consumed_upgrades_wood,8,8,0,64.625,63.5,-1.125,-1.125,8,"[-40.625, 37.375]",descriptive
nicowar,delivered_algae,8,8,0,22.875,17.375,-5.5,-5.5,8,"[-17.625, 1.75]",descriptive
nicowar,delivered_algae_per_1000_ticks,8,8,0,0.30478826994041863,0.22662669855251869,-0.07816157138789993,-0.07816157138789993,8,"[-0.20213950062207, 0.016949665303371476]",descriptive
nicowar,delivered_cherries,8,8,0,73.25,154.875,81.625,81.625,8,"[-17.625, 265.125]",descriptive
nicowar,delivered_cherries_per_1000_ticks,8,8,0,1.034241750198162,2.0714790715689997,1.0372373213708375,1.0372373213708375,8,"[-0.19583333333333333, 3.3367119641125123]",descriptive
nicowar,delivered_fabric,8,8,0,0,0,0,0,8,"[0, 0]",descriptive
nicowar,delivered_fabric_per_1000_ticks,8,8,0,0.0,0.0,0.0,0.0,8,"[0.0, 0.0]",descriptive
nicowar,delivered_food,8,8,0,1316.625,1288.375,-28.25,-28.25,8,"[-364.625, 368.125]",descriptive
nicowar,delivered_food_per_1000_ticks,8,8,0,16.408367134670595,16.33406635804836,-0.07430077662223655,-0.07430077662223655,8,"[-2.9843458727284915, 2.987895937308525]",descriptive
nicowar,delivered_glass,8,8,0,0,0,0,0,8,"[0, 0]",descriptive
nicowar,delivered_glass_per_1000_ticks,8,8,0,0.0,0.0,0.0,0.0,8,"[0.0, 0.0]",descriptive
nicowar,delivered_gold,8,8,0,0,0,0,0,8,"[0, 0]",descriptive
nicowar,delivered_gold_per_1000_ticks,8,8,0,0.0,0.0,0.0,0.0,8,"[0.0, 0.0]",descriptive
nicowar,delivered_metal,8,8,0,0,0,0,0,8,"[0, 0]",descriptive
nicowar,delivered_metal_per_1000_ticks,8,8,0,0.0,0.0,0.0,0.0,8,"[0.0, 0.0]",descriptive
nicowar,delivered_oranges,8,8,0,42.5,67.5,25,25,8,"[-82.5, 178.75]",descriptive
nicowar,delivered_oranges_per_1000_ticks,8,8,0,0.47222222222222227,0.928381473746027,0.4561592515238047,0.4561592515238047,8,"[-0.9022832428082883, 2.5068721084908137]",descriptive
nicowar,delivered_paper,8,8,0,0,0,0,0,8,"[0, 0]",descriptive
nicowar,delivered_paper_per_1000_ticks,8,8,0,0.0,0.0,0.0,0.0,8,"[0.0, 0.0]",descriptive
nicowar,delivered_prunes,8,8,0,22.5,182,159.5,159.5,8,"[-8.75, 488.5]",descriptive
nicowar,delivered_prunes_per_1000_ticks,8,8,0,0.3542209479165481,2.524235823696255,2.170014875779707,2.170014875779707,8,"[-0.09722222222222221, 6.6211557384502315]",descriptive
nicowar,delivered_stone,8,8,0,46.5,40,-6.5,-6.5,8,"[-35.75, 14.5]",descriptive
nicowar,delivered_stone_per_1000_ticks,8,8,0,0.6290764033480865,0.5234867108366428,-0.10558969251144362,-0.10558969251144362,8,"[-0.3871309652265244, 0.08611111111111108]",descriptive
nicowar,delivered_wood,8,8,0,224.75,210.625,-14.125,-14.125,8,"[-49.25, 18.5]",descriptive
nicowar,delivered_wood_per_1000_ticks,8,8,0,2.8999617423854547,2.6807622388366905,-0.21919950354876439,-0.21919950354876439,8,"[-0.6846695364783082, 0.21850526425971023]",descriptive
nicowar,first_upgrade_observed_fraction,8,8,0,0.25,0.25,0.0,0.0,8,"[-0.09375, 0.09375]",descriptive
nicowar,first_upgrade_waiting_lower_ticks,8,8,0,77473.125,74450.9375,-3022.1875,-3022.1875,8,"[-16945.6875, 7008.1875]",descriptive; CI excludes within512tick interval and competing-event uncertainty
nicowar,first_upgrade_waiting_upper_ticks,8,8,0,79564.0,82076.0,2512.0,2512.0,8,"[-1929.0, 6972.5]",descriptive; CI excludes within512tick interval and competing-event uncertainty
nicowar,harvested_algae,8,8,0,26.5,19.375,-7.125,-7.125,8,"[-22.375, 1.75]",descriptive
nicowar,harvested_algae_per_1000_ticks,8,8,0,0.3495326597717628,0.2513039619589255,-0.09822869781283727,-0.09822869781283727,8,"[-0.25410161799450287, 0.017232663940076283]",descriptive
nicowar,harvested_cherries,8,8,0,8.5,16.25,7.75,7.75,8,"[-3.125, 26.875]",descriptive
nicowar,harvested_cherries_per_1000_ticks,8,8,0,0.11975524608132042,0.21770317336864098,0.09794792728732056,0.09794792728732056,8,"[-0.034722222222222224, 0.33412155963973944]",descriptive
nicowar,harvested_fabric,8,8,0,0,0,0,0,8,"[0, 0]",descriptive
nicowar,harvested_fabric_per_1000_ticks,8,8,0,0.0,0.0,0.0,0.0,8,"[0.0, 0.0]",descriptive
nicowar,harvested_food,8,8,0,1362.25,1324,-38.25,-38.25,8,"[-395.125, 366.75]",descriptive
nicowar,harvested_food_per_1000_ticks,8,8,0,17.00613269087089,16.79366712785003,-0.21246556302086006,-0.21246556302086006,8,"[-3.3348747345914, 2.859760913963175]",descriptive
nicowar,harvested_glass,8,8,0,0,0,0,0,8,"[0, 0]",descriptive
nicowar,harvested_glass_per_1000_ticks,8,8,0,0.0,0.0,0.0,0.0,8,"[0.0, 0.0]",descriptive
nicowar,harvested_gold,8,8,0,0,0,0,0,8,"[0, 0]",descriptive
nicowar,harvested_gold_per_1000_ticks,8,8,0,0.0,0.0,0.0,0.0,8,"[0.0, 0.0]",descriptive
nicowar,harvested_metal,8,8,0,0,0,0,0,8,"[0, 0]",descriptive
nicowar,harvested_metal_per_1000_ticks,8,8,0,0.0,0.0,0.0,0.0,8,"[0.0, 0.0]",descriptive
nicowar,harvested_oranges,8,8,0,5.375,8.125,2.75,2.75,8,"[-11.25, 21.625]",descriptive
nicowar,harvested_oranges_per_1000_ticks,8,8,0,0.059722222222222225,0.11170752700039831,0.05198530477817608,0.05198530477817608,8,"[-0.1232020720177027, 0.3027690974633421]",descriptive
nicowar,harvested_paper,8,8,0,0,0,0,0,8,"[0, 0]",descriptive
nicowar,harvested_paper_per_1000_ticks,8,8,0,0.0,0.0,0.0,0.0,8,"[0.0, 0.0]",descriptive
nicowar,harvested_prunes,8,8,0,3.125,18.875,15.75,15.75,8,"[-1, 48.5]",descriptive
nicowar,harvested_prunes_per_1000_ticks,8,8,0,0.04961092906744339,0.2617983219601925,0.2121873928927491,0.2121873928927491,8,"[-0.011111111111111112, 0.6504510675671362]",descriptive
nicowar,harvested_stone,8,8,0,56.375,45.875,-10.5,-10.5,8,"[-39.875, 9.125]",descriptive
nicowar,harvested_stone_per_1000_ticks,8,8,0,0.7700649099452731,0.5990516892148987,-0.17101322073037442,-0.17101322073037442,8,"[-0.4684062908777466, 0.05871066484893975]",descriptive
nicowar,harvested_wood,8,8,0,240.125,224.75,-15.375,-15.375,8,"[-50, 17.5]",descriptive
nicowar,harvested_wood_per_1000_ticks,8,8,0,3.1169500669389736,2.861924184510803,-0.25502588242817037,-0.25502588242817037,8,"[-0.8229548223021623, 0.2486111111111111]",descriptive
nicowar,needFood,8,8,0,2.625,2.375,-0.25,-0.25,8,"[-2.125, 1.875]",descriptive
nicowar,needFoodCritical,8,8,0,3,4.875,1.875,1.875,8,"[-0.25, 4.625]",descriptive
nicowar,needFoodNoInns,8,8,0,1.375,2.375,1,1,8,"[-1.25, 3.75]",descriptive
nicowar,new_buildings,8,8,0,35.25,32.125,-3.125,-3.125,8,"[-7.125, 0.75]",descriptive
nicowar,new_buildings_10_observed_fraction,8,8,0,0.75,0.5,-0.25,-0.25,8,"[-0.5, -0.0625]",descriptive
nicowar,new_buildings_10_waiting_lower_ticks,8,8,0,56660.0,58129.375,1469.375,1469.375,8,"[-5063.0, 7208.5]",descriptive; CI excludes within512tick interval and competing-event uncertainty
nicowar,new_buildings_10_waiting_upper_ticks,8,8,0,57044.0,65320.0,8276.0,8276.0,8,"[-3376.0, 21711.0]",descriptive; CI excludes within512tick interval and competing-event uncertainty
nicowar,new_buildings_1_observed_fraction,8,8,0,1.0,1.0,0.0,0.0,8,"[0.0, 0.0]",descriptive
nicowar,new_buildings_1_waiting_lower_ticks,8,8,0,1152.0,1136.0,-16.0,-16.0,8,"[-48.0, 0.0]",descriptive; CI excludes within512tick interval and competing-event uncertainty
nicowar,new_buildings_1_waiting_upper_ticks,8,8,0,1664.0,1648.0,-16.0,-16.0,8,"[-48.0, 0.0]",descriptive; CI excludes within512tick interval and competing-event uncertainty
nicowar,new_buildings_5_observed_fraction,8,8,0,0.90625,0.875,-0.03125,-0.03125,8,"[-0.09375, 0.0]",descriptive
nicowar,new_buildings_5_waiting_lower_ticks,8,8,0,27701.5,32578.0,4876.5,4876.5,8,"[1520.0, 8345.0]",descriptive; CI excludes within512tick interval and competing-event uncertainty
nicowar,new_buildings_5_waiting_upper_ticks,8,8,0,28165.5,33026.0,4860.5,4860.5,8,"[1520.0, 8309.5]",descriptive; CI excludes within512tick interval and competing-event uncertainty
nicowar,observed_winner_set_change,8,1,7,0,0,0,0,1,"[0, 0]","descriptive; unresolved games excluded, resolution-selection bias possible"
nicowar,resolution_status_change,8,8,0,0,0.25,0.25,0.25,8,"[0, 0.625]",descriptive
nicowar,resolved_match_win_nicowar,8,1,7,1,1,0,0,1,"[0, 0]","descriptive; unresolved games excluded, resolution-selection bias possible"
nicowar,resolved_outcome,8,8,0,0.125,0.375,0.25,0.25,8,"[0, 0.625]",descriptive
nicowar,resolved_win_team_share_nicowar,8,1,7,0.25,0.25,0.0,0.0,1,"[0.0, 0.0]","descriptive; unresolved games excluded, resolution-selection bias possible"
nicowar,sites,8,8,0,5.625,5.375,-0.25,-0.25,8,"[-2.75, 2.25]",descriptive
nicowar,starvation_deaths,8,8,0,43.5,43.5,0,0,8,"[-8.875, 6.875]",descriptive
nicowar,stock_algae,8,8,0,2.125,1.625,-0.5,-0.5,8,"[-2.125, 1.625]",descriptive
nicowar,stock_cherries,8,8,0,32.125,71.375,39.25,39.25,8,"[-27.375, 146.875]",descriptive
nicowar,stock_fabric,8,8,0,0,0,0,0,8,"[0, 0]",descriptive
nicowar,stock_food,8,8,0,84.375,94.25,9.875,9.875,8,"[-31.5, 46]",descriptive
nicowar,stock_glass,8,8,0,0,0,0,0,8,"[0, 0]",descriptive
nicowar,stock_gold,8,8,0,0,0,0,0,8,"[0, 0]",descriptive
nicowar,stock_metal,8,8,0,0,0,0,0,8,"[0, 0]",descriptive
nicowar,stock_oranges,8,8,0,14.375,45.75,31.375,31.375,8,"[-29.125, 130.625]",descriptive
nicowar,stock_paper,8,8,0,0,0,0,0,8,"[0, 0]",descriptive
nicowar,stock_prunes,8,8,0,8.375,109.75,101.375,101.375,8,"[-3.75, 307.875]",descriptive
nicowar,stock_stone,8,8,0,3,2.25,-0.75,-0.75,8,"[-3.75, 1.875]",descriptive
nicowar,stock_wood,8,8,0,15.75,15.5,-0.25,-0.25,8,"[-8.25, 7.875]",descriptive
nicowar,surviving_teams,8,8,0,2.25,2.125,-0.125,-0.125,8,"[-0.625, 0.375]",descriptive
nicowar,tick_cap,8,8,0,0.875,0.625,-0.25,-0.25,8,"[-0.625, 0]",descriptive
nicowar,ticks,8,8,0,86074.25,81046.75,-5027.5,-5027.5,8,"[-18323, 4134.25]",descriptive
nicowar,units,8,8,0,66,63.5,-2.5,-2.5,8,"[-37.25, 34.375]",descriptive
nicowar,unresolved_outcome,8,8,0,0.875,0.625,-0.25,-0.25,8,"[-0.625, 0]",descriptive
nicowar,upgrades,8,8,0,9.125,8.625,-0.5,-0.5,8,"[-6.5, 5.125]",descriptive
nicowar,warriors,8,8,0,9.75,13.25,3.5,3.5,8,"[-4.5, 13.875]",descriptive
nicowar,withdrawn_algae,8,8,0,0,0,0,0,8,"[0, 0]",descriptive
nicowar,withdrawn_cherries,8,8,0,0,0,0,0,8,"[0, 0]",descriptive
nicowar,withdrawn_fabric,8,8,0,0,0,0,0,8,"[0, 0]",descriptive
nicowar,withdrawn_food,8,8,0,0,0,0,0,8,"[0, 0]",descriptive
nicowar,withdrawn_glass,8,8,0,0,0,0,0,8,"[0, 0]",descriptive
nicowar,withdrawn_gold,8,8,0,0,0,0,0,8,"[0, 0]",descriptive
nicowar,withdrawn_metal,8,8,0,0,0,0,0,8,"[0, 0]",descriptive
nicowar,withdrawn_oranges,8,8,0,0,0,0,0,8,"[0, 0]",descriptive
nicowar,withdrawn_paper,8,8,0,0,0,0,0,8,"[0, 0]",descriptive
nicowar,withdrawn_prunes,8,8,0,0,0,0,0,8,"[0, 0]",descriptive
nicowar,withdrawn_stone,8,8,0,0,0,0,0,8,"[0, 0]",descriptive
nicowar,withdrawn_wood,8,8,0,0,0,0,0,8,"[0, 0]",descriptive
nicowar,workers,8,8,0,52,44.625,-7.375,-7.375,8,"[-27, 11]",descriptive
control,births,2,2,0,35,38.5,3.5,3.5,1,"[3.5, 3.5]",descriptive
control,buildings,2,2,0,10.5,12.5,2,2,1,"[2, 2]",descriptive
control,carried_algae,2,2,0,0,0,0,0,1,"[0, 0]",descriptive
control,carried_cherries,2,2,0,1,2,1,1,1,"[1, 1]",descriptive
control,carried_fabric,2,2,0,0,0,0,0,1,"[0, 0]",descriptive
control,carried_food,2,2,0,8,4,-4,-4,1,"[-4, -4]",descriptive
control,carried_glass,2,2,0,0,0,0,0,1,"[0, 0]",descriptive
control,carried_gold,2,2,0,0,0,0,0,1,"[0, 0]",descriptive
control,carried_metal,2,2,0,0,0,0,0,1,"[0, 0]",descriptive
control,carried_oranges,2,2,0,0.5,0.5,0,0,1,"[0, 0]",descriptive
control,carried_paper,2,2,0,0,0,0,0,1,"[0, 0]",descriptive
control,carried_prunes,2,2,0,1.5,1,-0.5,-0.5,1,"[-0.5, -0.5]",descriptive
control,carried_stone,2,2,0,0,0,0,0,1,"[0, 0]",descriptive
control,carried_wood,2,2,0,1.5,0.5,-1,-1,1,"[-1, -1]",descriptive
control,consumed_ammunition_algae,2,2,0,0,0,0,0,1,"[0, 0]",descriptive
control,consumed_ammunition_cherries,2,2,0,0,0,0,0,1,"[0, 0]",descriptive
control,consumed_ammunition_fabric,2,2,0,0,0,0,0,1,"[0, 0]",descriptive
control,consumed_ammunition_food,2,2,0,0,0,0,0,1,"[0, 0]",descriptive
control,consumed_ammunition_glass,2,2,0,0,0,0,0,1,"[0, 0]",descriptive
control,consumed_ammunition_gold,2,2,0,0,0,0,0,1,"[0, 0]",descriptive
control,consumed_ammunition_metal,2,2,0,0,0,0,0,1,"[0, 0]",descriptive
control,consumed_ammunition_oranges,2,2,0,0,0,0,0,1,"[0, 0]",descriptive
control,consumed_ammunition_paper,2,2,0,0,0,0,0,1,"[0, 0]",descriptive
control,consumed_ammunition_prunes,2,2,0,0,0,0,0,1,"[0, 0]",descriptive
control,consumed_ammunition_stone,2,2,0,0,0,0,0,1,"[0, 0]",descriptive
control,consumed_ammunition_wood,2,2,0,0,0,0,0,1,"[0, 0]",descriptive
control,consumed_births_algae,2,2,0,0,0,0,0,1,"[0, 0]",descriptive
control,consumed_births_cherries,2,2,0,0,0,0,0,1,"[0, 0]",descriptive
control,consumed_births_fabric,2,2,0,0,0,0,0,1,"[0, 0]",descriptive
control,consumed_births_food,2,2,0,175,192.5,17.5,17.5,1,"[17.5, 17.5]",descriptive
control,consumed_births_glass,2,2,0,0,0,0,0,1,"[0, 0]",descriptive
control,consumed_births_gold,2,2,0,0,0,0,0,1,"[0, 0]",descriptive
control,consumed_births_metal,2,2,0,0,0,0,0,1,"[0, 0]",descriptive
control,consumed_births_oranges,2,2,0,0,0,0,0,1,"[0, 0]",descriptive
control,consumed_births_paper,2,2,0,0,0,0,0,1,"[0, 0]",descriptive
control,consumed_births_prunes,2,2,0,0,0,0,0,1,"[0, 0]",descriptive
control,consumed_births_stone,2,2,0,0,0,0,0,1,"[0, 0]",descriptive
control,consumed_births_wood,2,2,0,0,0,0,0,1,"[0, 0]",descriptive
control,consumed_construction_algae,2,2,0,0,0,0,0,1,"[0, 0]",descriptive
control,consumed_construction_cherries,2,2,0,0,0,0,0,1,"[0, 0]",descriptive
control,consumed_construction_fabric,2,2,0,0,0,0,0,1,"[0, 0]",descriptive
control,consumed_construction_food,2,2,0,35,35,0,0,1,"[0, 0]",descriptive
control,consumed_construction_glass,2,2,0,0,0,0,0,1,"[0, 0]",descriptive
control,consumed_construction_gold,2,2,0,0,0,0,0,1,"[0, 0]",descriptive
control,consumed_construction_metal,2,2,0,0,0,0,0,1,"[0, 0]",descriptive
control,consumed_construction_oranges,2,2,0,0,0,0,0,1,"[0, 0]",descriptive
control,consumed_construction_paper,2,2,0,0,0,0,0,1,"[0, 0]",descriptive
control,consumed_construction_prunes,2,2,0,0,0,0,0,1,"[0, 0]",descriptive
control,consumed_construction_stone,2,2,0,0,0,0,0,1,"[0, 0]",descriptive
control,consumed_construction_wood,2,2,0,52,55,3,3,1,"[3, 3]",descriptive
control,consumed_healing_algae,2,2,0,0,0,0,0,1,"[0, 0]",descriptive
control,consumed_healing_cherries,2,2,0,0,0,0,0,1,"[0, 0]",descriptive
control,consumed_healing_fabric,2,2,0,0,0,0,0,1,"[0, 0]",descriptive
control,consumed_healing_food,2,2,0,0,0,0,0,1,"[0, 0]",descriptive
control,consumed_healing_glass,2,2,0,0,0,0,0,1,"[0, 0]",descriptive
control,consumed_healing_gold,2,2,0,0,0,0,0,1,"[0, 0]",descriptive
control,consumed_healing_metal,2,2,0,0,0,0,0,1,"[0, 0]",descriptive
control,consumed_healing_oranges,2,2,0,0,0,0,0,1,"[0, 0]",descriptive
control,consumed_healing_paper,2,2,0,0,0,0,0,1,"[0, 0]",descriptive
control,consumed_healing_prunes,2,2,0,0,0,0,0,1,"[0, 0]",descriptive
control,consumed_healing_stone,2,2,0,0,0,0,0,1,"[0, 0]",descriptive
control,consumed_healing_wood,2,2,0,0,0,0,0,1,"[0, 0]",descriptive
control,consumed_meals_algae,2,2,0,0,0,0,0,1,"[0, 0]",descriptive
control,consumed_meals_cherries,2,2,0,50,67,17,17,1,"[17, 17]",descriptive
control,consumed_meals_fabric,2,2,0,0,0,0,0,1,"[0, 0]",descriptive
control,consumed_meals_food,2,2,0,52.5,69.5,17,17,1,"[17, 17]",descriptive
control,consumed_meals_glass,2,2,0,0,0,0,0,1,"[0, 0]",descriptive
control,consumed_meals_gold,2,2,0,0,0,0,0,1,"[0, 0]",descriptive
control,consumed_meals_metal,2,2,0,0,0,0,0,1,"[0, 0]",descriptive
control,consumed_meals_oranges,2,2,0,36.5,56,19.5,19.5,1,"[19.5, 19.5]",descriptive
control,consumed_meals_paper,2,2,0,0,0,0,0,1,"[0, 0]",descriptive
control,consumed_meals_prunes,2,2,0,36,51,15,15,1,"[15, 15]",descriptive
control,consumed_meals_stone,2,2,0,0,0,0,0,1,"[0, 0]",descriptive
control,consumed_meals_wood,2,2,0,0,0,0,0,1,"[0, 0]",descriptive
control,consumed_training_algae,2,2,0,0,0,0,0,1,"[0, 0]",descriptive
control,consumed_training_cherries,2,2,0,0,0,0,0,1,"[0, 0]",descriptive
control,consumed_training_fabric,2,2,0,0,0,0,0,1,"[0, 0]",descriptive
control,consumed_training_food,2,2,0,0,0,0,0,1,"[0, 0]",descriptive
control,consumed_training_glass,2,2,0,0,0,0,0,1,"[0, 0]",descriptive
control,consumed_training_gold,2,2,0,0,0,0,0,1,"[0, 0]",descriptive
control,consumed_training_metal,2,2,0,0,0,0,0,1,"[0, 0]",descriptive
control,consumed_training_oranges,2,2,0,0,0,0,0,1,"[0, 0]",descriptive
control,consumed_training_paper,2,2,0,0,0,0,0,1,"[0, 0]",descriptive
control,consumed_training_prunes,2,2,0,0,0,0,0,1,"[0, 0]",descriptive
control,consumed_training_stone,2,2,0,0,0,0,0,1,"[0, 0]",descriptive
control,consumed_training_wood,2,2,0,0,0,0,0,1,"[0, 0]",descriptive
control,consumed_upgrades_algae,2,2,0,0,0,0,0,1,"[0, 0]",descriptive
control,consumed_upgrades_cherries,2,2,0,0,0,0,0,1,"[0, 0]",descriptive
control,consumed_upgrades_fabric,2,2,0,0,0,0,0,1,"[0, 0]",descriptive
control,consumed_upgrades_food,2,2,0,0,0,0,0,1,"[0, 0]",descriptive
control,consumed_upgrades_glass,2,2,0,0,0,0,0,1,"[0, 0]",descriptive
control,consumed_upgrades_gold,2,2,0,0,0,0,0,1,"[0, 0]",descriptive
control,consumed_upgrades_metal,2,2,0,0,0,0,0,1,"[0, 0]",descriptive
control,consumed_upgrades_oranges,2,2,0,0,0,0,0,1,"[0, 0]",descriptive
control,consumed_upgrades_paper,2,2,0,0,0,0,0,1,"[0, 0]",descriptive
control,consumed_upgrades_prunes,2,2,0,0,0,0,0,1,"[0, 0]",descriptive
control,consumed_upgrades_stone,2,2,0,0,0,0,0,1,"[0, 0]",descriptive
control,consumed_upgrades_wood,2,2,0,0,0,0,0,1,"[0, 0]",descriptive
control,delivered_algae,2,2,0,0,0,0,0,1,"[0, 0]",descriptive
control,delivered_algae_per_1000_ticks,2,2,0,0.0,0.0,0.0,0.0,1,"[0.0, 0.0]",descriptive
control,delivered_cherries,2,2,0,172.5,171.5,-1,-1,1,"[-1, -1]",descriptive
control,delivered_cherries_per_1000_ticks,2,2,0,9.54917528425609,8.019677462665804,-1.5294978215902875,-1.5294978215902875,1,"[-1.5294978215902875, -1.5294978215902875]",descriptive
control,delivered_fabric,2,2,0,0,0,0,0,1,"[0, 0]",descriptive
control,delivered_fabric_per_1000_ticks,2,2,0,0.0,0.0,0.0,0.0,1,"[0.0, 0.0]",descriptive
control,delivered_food,2,2,0,316,359,43,43,1,"[43, 43]",descriptive
control,delivered_food_per_1000_ticks,2,2,0,17.70784084666333,17.467027078383047,-0.24081376828028667,-0.24081376828028667,1,"[-0.24081376828028667, -0.24081376828028667]",descriptive
control,delivered_glass,2,2,0,0,0,0,0,1,"[0, 0]",descriptive
control,delivered_glass_per_1000_ticks,2,2,0,0.0,0.0,0.0,0.0,1,"[0.0, 0.0]",descriptive
control,delivered_gold,2,2,0,0,0,0,0,1,"[0, 0]",descriptive
control,delivered_gold_per_1000_ticks,2,2,0,0.0,0.0,0.0,0.0,1,"[0.0, 0.0]",descriptive
control,delivered_metal,2,2,0,0,0,0,0,1,"[0, 0]",descriptive
control,delivered_metal_per_1000_ticks,2,2,0,0.0,0.0,0.0,0.0,1,"[0.0, 0.0]",descriptive
control,delivered_oranges,2,2,0,154.5,163.5,9,9,1,"[9, 9]",descriptive
control,delivered_oranges_per_1000_ticks,2,2,0,8.600708638666461,7.69418311813004,-0.9065255205364213,-0.9065255205364213,1,"[-0.9065255205364213, -0.9065255205364213]",descriptive
control,delivered_paper,2,2,0,0,0,0,0,1,"[0, 0]",descriptive
control,delivered_paper_per_1000_ticks,2,2,0,0.0,0.0,0.0,0.0,1,"[0.0, 0.0]",descriptive
control,delivered_prunes,2,2,0,138,143.5,5.5,5.5,1,"[5.5, 5.5]",descriptive
control,delivered_prunes_per_1000_ticks,2,2,0,7.664170914658623,6.501577274361406,-1.1625936402972177,-1.1625936402972177,1,"[-1.1625936402972177, -1.1625936402972177]",descriptive
control,delivered_stone,2,2,0,0,0,0,0,1,"[0, 0]",descriptive
control,delivered_stone_per_1000_ticks,2,2,0,0.0,0.0,0.0,0.0,1,"[0.0, 0.0]",descriptive
control,delivered_wood,2,2,0,55.5,56.5,1,1,1,"[1, 1]",descriptive
control,delivered_wood_per_1000_ticks,2,2,0,3.102280232610653,2.8292217836847464,-0.27305844892590647,-0.27305844892590647,1,"[-0.27305844892590647, -0.27305844892590647]",descriptive
control,first_upgrade_observed_fraction,2,2,0,0.0,0.0,0.0,0.0,1,"[0.0, 0.0]",descriptive
control,first_upgrade_waiting_lower_ticks,2,2,0,17906.0,20674.0,2768.0,2768.0,1,"[2768.0, 2768.0]",descriptive; CI excludes within512tick interval and competing-event uncertainty
control,first_upgrade_waiting_upper_ticks,2,2,0,90000.0,90000.0,0.0,0.0,1,"[0.0, 0.0]",descriptive; CI excludes within512tick interval and competing-event uncertainty
control,harvested_algae,2,2,0,0,0,0,0,1,"[0, 0]",descriptive
control,harvested_algae_per_1000_ticks,2,2,0,0.0,0.0,0.0,0.0,1,"[0.0, 0.0]",descriptive
control,harvested_cherries,2,2,0,20,20.5,0.5,0.5,1,"[0.5, 0.5]",descriptive
control,harvested_cherries_per_1000_ticks,2,2,0,1.1108952991509975,0.9666837517231234,-0.14421154742787412,-0.14421154742787412,1,"[-0.14421154742787412, -0.14421154742787412]",descriptive
control,harvested_fabric,2,2,0,0,0,0,0,1,"[0, 0]",descriptive
control,harvested_fabric_per_1000_ticks,2,2,0,0.0,0.0,0.0,0.0,1,"[0.0, 0.0]",descriptive
control,harvested_food,2,2,0,330.5,369.5,39,39,1,"[39, 39]",descriptive
control,harvested_food_per_1000_ticks,2,2,0,18.518860398162673,17.96054065251135,-0.5583197456513229,-0.5583197456513229,1,"[-0.5583197456513229, -0.5583197456513229]",descriptive
control,harvested_glass,2,2,0,0,0,0,0,1,"[0, 0]",descriptive
control,harvested_glass_per_1000_ticks,2,2,0,0.0,0.0,0.0,0.0,1,"[0.0, 0.0]",descriptive
control,harvested_gold,2,2,0,0,0,0,0,1,"[0, 0]",descriptive
control,harvested_gold_per_1000_ticks,2,2,0,0.0,0.0,0.0,0.0,1,"[0.0, 0.0]",descriptive
control,harvested_metal,2,2,0,0,0,0,0,1,"[0, 0]",descriptive
control,harvested_metal_per_1000_ticks,2,2,0,0.0,0.0,0.0,0.0,1,"[0.0, 0.0]",descriptive
control,harvested_oranges,2,2,0,16.5,20.5,4,4,1,"[4, 4]",descriptive
control,harvested_oranges_per_1000_ticks,2,2,0,0.9197602326201686,0.9477402526016621,0.02798001998149352,0.02798001998149352,1,"[0.02798001998149352, 0.02798001998149352]",descriptive
control,harvested_paper,2,2,0,0,0,0,0,1,"[0, 0]",descriptive
control,harvested_paper_per_1000_ticks,2,2,0,0.0,0.0,0.0,0.0,1,"[0.0, 0.0]",descriptive
control,harvested_prunes,2,2,0,15.5,17.5,2,2,1,"[2, 2]",descriptive
control,harvested_prunes_per_1000_ticks,2,2,0,0.8637121429209885,0.8067363742792893,-0.056975768641699176,-0.056975768641699176,1,"[-0.056975768641699176, -0.056975768641699176]",descriptive
control,harvested_stone,2,2,0,0,0,0,0,1,"[0, 0]",descriptive
control,harvested_stone_per_1000_ticks,2,2,0,0.0,0.0,0.0,0.0,1,"[0.0, 0.0]",descriptive
control,harvested_wood,2,2,0,61,59,-2,-2,1,"[-2, -2]",descriptive
control,harvested_wood_per_1000_ticks,2,2,0,3.418933471649977,2.949882265473634,-0.46905120617634344,-0.46905120617634344,1,"[-0.46905120617634344, -0.46905120617634344]",descriptive
control,needFood,2,2,0,1,2,1,1,1,"[1, 1]",descriptive
control,needFoodCritical,2,2,0,0.5,2,1.5,1.5,1,"[1.5, 1.5]",descriptive
control,needFoodNoInns,2,2,0,0,0,0,0,1,"[0, 0]",descriptive
control,new_buildings,2,2,0,14,15,1,1,1,"[1, 1]",descriptive
control,new_buildings_10_observed_fraction,2,2,0,0.5,0.5,0.0,0.0,1,"[0.0, 0.0]",descriptive
control,new_buildings_10_waiting_lower_ticks,2,2,0,16249.0,18785.0,2536.0,2536.0,1,"[2536.0, 2536.0]",descriptive; CI excludes within512tick interval and competing-event uncertainty
control,new_buildings_10_waiting_upper_ticks,2,2,0,52552.0,53704.0,1152.0,1152.0,1,"[1152.0, 1152.0]",descriptive; CI excludes within512tick interval and competing-event uncertainty
control,new_buildings_1_observed_fraction,2,2,0,1.0,1.0,0.0,0.0,1,"[0.0, 0.0]",descriptive
control,new_buildings_1_waiting_lower_ticks,2,2,0,1408.0,1408.0,0.0,0.0,1,"[0.0, 0.0]",descriptive; CI excludes within512tick interval and competing-event uncertainty
control,new_buildings_1_waiting_upper_ticks,2,2,0,1920.0,1920.0,0.0,0.0,1,"[0.0, 0.0]",descriptive; CI excludes within512tick interval and competing-event uncertainty
control,new_buildings_5_observed_fraction,2,2,0,0.5,0.5,0.0,0.0,1,"[0.0, 0.0]",descriptive
control,new_buildings_5_waiting_lower_ticks,2,2,0,13433.0,14817.0,1384.0,1384.0,1,"[1384.0, 1384.0]",descriptive; CI excludes within512tick interval and competing-event uncertainty
control,new_buildings_5_waiting_upper_ticks,2,2,0,49736.0,49736.0,0.0,0.0,1,"[0.0, 0.0]",descriptive; CI excludes within512tick interval and competing-event uncertainty
control,observed_winner_set_change,2,2,0,0,0,0,0,1,"[0, 0]","descriptive; unresolved games excluded, resolution-selection bias possible"
control,resolution_status_change,2,2,0,0,0,0,0,1,"[0, 0]",descriptive
control,resolved_match_win_cortex,2,2,0,0,0,0,0,1,"[0, 0]","descriptive; unresolved games excluded, resolution-selection bias possible"
control,resolved_match_win_maxima,2,2,0,1,1,0,0,1,"[0, 0]","descriptive; unresolved games excluded, resolution-selection bias possible"
control,resolved_outcome,2,2,0,1,1,0,0,1,"[0, 0]",descriptive
control,resolved_win_team_share_cortex,2,2,0,0.0,0.0,0.0,0.0,1,"[0.0, 0.0]","descriptive; unresolved games excluded, resolution-selection bias possible"
control,resolved_win_team_share_maxima,2,2,0,1.0,1.0,0.0,0.0,1,"[0.0, 0.0]","descriptive; unresolved games excluded, resolution-selection bias possible"
control,sites,2,2,0,4.5,2.5,-2,-2,1,"[-2, -2]",descriptive
control,starvation_deaths,2,2,0,0,0,0,0,1,"[0, 0]",descriptive
control,stock_algae,2,2,0,0,0,0,0,1,"[0, 0]",descriptive
control,stock_cherries,2,2,0,88.5,86.5,-2,-2,1,"[-2, -2]",descriptive
control,stock_fabric,2,2,0,0,0,0,0,1,"[0, 0]",descriptive
control,stock_food,2,2,0,25,44.5,19.5,19.5,1,"[19.5, 19.5]",descriptive
control,stock_glass,2,2,0,0,0,0,0,1,"[0, 0]",descriptive
control,stock_gold,2,2,0,0,0,0,0,1,"[0, 0]",descriptive
control,stock_metal,2,2,0,0,0,0,0,1,"[0, 0]",descriptive
control,stock_oranges,2,2,0,92,92.5,0.5,0.5,1,"[0.5, 0.5]",descriptive
control,stock_paper,2,2,0,0,0,0,0,1,"[0, 0]",descriptive
control,stock_prunes,2,2,0,80.5,85.5,5,5,1,"[5, 5]",descriptive
control,stock_stone,2,2,0,0,0,0,0,1,"[0, 0]",descriptive
control,stock_wood,2,2,0,1.5,1.5,0,0,1,"[0, 0]",descriptive
control,surviving_teams,2,2,0,1,1,0,0,1,"[0, 0]",descriptive
control,tick_cap,2,2,0,0,0,0,0,1,"[0, 0]",descriptive
control,ticks,2,2,0,17906,20674,2768,2768,1,"[2768, 2768]",descriptive
control,units,2,2,0,42,45,3,3,1,"[3, 3]",descriptive
control,unresolved_outcome,2,2,0,0,0,0,0,1,"[0, 0]",descriptive
control,upgrades,2,2,0,0,0,0,0,1,"[0, 0]",descriptive
control,warriors,2,2,0,11,13.5,2.5,2.5,1,"[2.5, 2.5]",descriptive
control,withdrawn_algae,2,2,0,0,0,0,0,1,"[0, 0]",descriptive
control,withdrawn_cherries,2,2,0,0,0,0,0,1,"[0, 0]",descriptive
control,withdrawn_fabric,2,2,0,0,0,0,0,1,"[0, 0]",descriptive
control,withdrawn_food,2,2,0,0,0,0,0,1,"[0, 0]",descriptive
control,withdrawn_glass,2,2,0,0,0,0,0,1,"[0, 0]",descriptive
control,withdrawn_gold,2,2,0,0,0,0,0,1,"[0, 0]",descriptive
control,withdrawn_metal,2,2,0,0,0,0,0,1,"[0, 0]",descriptive
control,withdrawn_oranges,2,2,0,0,0,0,0,1,"[0, 0]",descriptive
control,withdrawn_paper,2,2,0,0,0,0,0,1,"[0, 0]",descriptive
control,withdrawn_prunes,2,2,0,0,0,0,0,1,"[0, 0]",descriptive
control,withdrawn_stone,2,2,0,0,0,0,0,1,"[0, 0]",descriptive
control,withdrawn_wood,2,2,0,0,0,0,0,1,"[0, 0]",descriptive
control,workers,2,2,0,24,24,0,0,1,"[0, 0]",descriptive
