group,metric,games,available_pairs,missing_pairs,baseline_mean,candidate_mean,paired_mean_change,geometry_balanced_mean_change,geometry_clusters,bootstrap95,directional_interpretation
all,births,40,40,0,141.5,135.725,-5.775,-5.7749999999999995,8,"[-13.674999999999999, 1.8750000000000002]",descriptive
all,buildings,40,40,0,32.325,27.15,-5.175,-5.175,8,"[-7.425, -3.45]",descriptive
all,carried_algae,40,40,0,0.525,0.1,-0.425,-0.425,8,"[-0.875, 0]",descriptive
all,carried_cherries,40,40,0,0.825,0.525,-0.3,-0.3,8,"[-0.875, 0.125]",descriptive
all,carried_fabric,40,40,0,0,0,0,0,8,"[0, 0]",descriptive
all,carried_food,40,40,0,9.6,6.575,-3.025,-3.025,8,"[-8.475, 0.625]",descriptive
all,carried_glass,40,40,0,0,0,0,0,8,"[0, 0]",descriptive
all,carried_gold,40,40,0,0,0,0,0,8,"[0, 0]",descriptive
all,carried_metal,40,40,0,0,0,0,0,8,"[0, 0]",descriptive
all,carried_oranges,40,40,0,0.75,0.575,-0.175,-0.17500000000000002,8,"[-1.175, 0.6]",descriptive
all,carried_paper,40,40,0,0,0,0,0,8,"[0, 0]",descriptive
all,carried_prunes,40,40,0,1.025,0.25,-0.775,-0.775,8,"[-2.325, 0]",descriptive
all,carried_stone,40,40,0,0.375,0.575,0.2,0.2,8,"[-0.22499999999999998, 0.8250000000000001]",descriptive
all,carried_wood,40,40,0,1.1,1.225,0.125,0.12499999999999997,8,"[-0.55, 0.8]",descriptive
all,consumed_ammunition_algae,40,40,0,0,0,0,0,8,"[0, 0]",descriptive
all,consumed_ammunition_cherries,40,40,0,0,0,0,0,8,"[0, 0]",descriptive
all,consumed_ammunition_fabric,40,40,0,0,0,0,0,8,"[0, 0]",descriptive
all,consumed_ammunition_food,40,40,0,0,0,0,0,8,"[0, 0]",descriptive
all,consumed_ammunition_glass,40,40,0,0,0,0,0,8,"[0, 0]",descriptive
all,consumed_ammunition_gold,40,40,0,0,0,0,0,8,"[0, 0]",descriptive
all,consumed_ammunition_metal,40,40,0,0,0,0,0,8,"[0, 0]",descriptive
all,consumed_ammunition_oranges,40,40,0,0,0,0,0,8,"[0, 0]",descriptive
all,consumed_ammunition_paper,40,40,0,0,0,0,0,8,"[0, 0]",descriptive
all,consumed_ammunition_prunes,40,40,0,0,0,0,0,8,"[0, 0]",descriptive
all,consumed_ammunition_stone,40,40,0,5.75,3.1,-2.65,-2.65,8,"[-7.675, 1.45]",descriptive
all,consumed_ammunition_wood,40,40,0,0,0,0,0,8,"[0, 0]",descriptive
all,consumed_births_algae,40,40,0,0,0,0,0,8,"[0, 0]",descriptive
all,consumed_births_cherries,40,40,0,0,0,0,0,8,"[0, 0]",descriptive
all,consumed_births_fabric,40,40,0,0,0,0,0,8,"[0, 0]",descriptive
all,consumed_births_food,40,40,0,707.5,678.625,-28.875,-28.875,8,"[-68.375, 9.375]",descriptive
all,consumed_births_glass,40,40,0,0,0,0,0,8,"[0, 0]",descriptive
all,consumed_births_gold,40,40,0,0,0,0,0,8,"[0, 0]",descriptive
all,consumed_births_metal,40,40,0,0,0,0,0,8,"[0, 0]",descriptive
all,consumed_births_oranges,40,40,0,0,0,0,0,8,"[0, 0]",descriptive
all,consumed_births_paper,40,40,0,0,0,0,0,8,"[0, 0]",descriptive
all,consumed_births_prunes,40,40,0,0,0,0,0,8,"[0, 0]",descriptive
all,consumed_births_stone,40,40,0,0,0,0,0,8,"[0, 0]",descriptive
all,consumed_births_wood,40,40,0,0,0,0,0,8,"[0, 0]",descriptive
all,consumed_construction_algae,40,40,0,3.45,2.6,-0.85,-0.8500000000000001,8,"[-1.9500000000000002, -0.04999999999999999]",descriptive
all,consumed_construction_cherries,40,40,0,0,0,0,0,8,"[0, 0]",descriptive
all,consumed_construction_fabric,40,40,0,0,0,0,0,8,"[0, 0]",descriptive
all,consumed_construction_food,40,40,0,87.5,68.25,-19.25,-19.25,8,"[-34.125, -6.125]",descriptive
all,consumed_construction_glass,40,40,0,0,0,0,0,8,"[0, 0]",descriptive
all,consumed_construction_gold,40,40,0,0,0,0,0,8,"[0, 0]",descriptive
all,consumed_construction_metal,40,40,0,0,0,0,0,8,"[0, 0]",descriptive
all,consumed_construction_oranges,40,40,0,0,0,0,0,8,"[0, 0]",descriptive
all,consumed_construction_paper,40,40,0,0,0,0,0,8,"[0, 0]",descriptive
all,consumed_construction_prunes,40,40,0,0,0,0,0,8,"[0, 0]",descriptive
all,consumed_construction_stone,40,40,0,2.325,1.9,-0.425,-0.425,8,"[-0.7749999999999999, -0.09999999999999998]",descriptive
all,consumed_construction_wood,40,40,0,159.875,141.9,-17.975,-17.975,8,"[-33.875, -5.725]",descriptive
all,consumed_healing_algae,40,40,0,0,0,0,0,8,"[0, 0]",descriptive
all,consumed_healing_cherries,40,40,0,0,0,0,0,8,"[0, 0]",descriptive
all,consumed_healing_fabric,40,40,0,0,0,0,0,8,"[0, 0]",descriptive
all,consumed_healing_food,40,40,0,0,0,0,0,8,"[0, 0]",descriptive
all,consumed_healing_glass,40,40,0,0,0,0,0,8,"[0, 0]",descriptive
all,consumed_healing_gold,40,40,0,0,0,0,0,8,"[0, 0]",descriptive
all,consumed_healing_metal,40,40,0,0,0,0,0,8,"[0, 0]",descriptive
all,consumed_healing_oranges,40,40,0,0,0,0,0,8,"[0, 0]",descriptive
all,consumed_healing_paper,40,40,0,0,0,0,0,8,"[0, 0]",descriptive
all,consumed_healing_prunes,40,40,0,0,0,0,0,8,"[0, 0]",descriptive
all,consumed_healing_stone,40,40,0,0,0,0,0,8,"[0, 0]",descriptive
all,consumed_healing_wood,40,40,0,0,0,0,0,8,"[0, 0]",descriptive
all,consumed_meals_algae,40,40,0,0,0,0,0,8,"[0, 0]",descriptive
all,consumed_meals_cherries,40,40,0,147.975,110.875,-37.1,-37.1,8,"[-96.5, -3.5]",descriptive
all,consumed_meals_fabric,40,40,0,0,0,0,0,8,"[0, 0]",descriptive
all,consumed_meals_food,40,40,0,571.425,490.875,-80.55,-80.55,8,"[-146.2, -28.125]",descriptive
all,consumed_meals_glass,40,40,0,0,0,0,0,8,"[0, 0]",descriptive
all,consumed_meals_gold,40,40,0,0,0,0,0,8,"[0, 0]",descriptive
all,consumed_meals_metal,40,40,0,0,0,0,0,8,"[0, 0]",descriptive
all,consumed_meals_oranges,40,40,0,133.925,83.05,-50.875,-50.875,8,"[-141.225, 4.975]",descriptive
all,consumed_meals_paper,40,40,0,0,0,0,0,8,"[0, 0]",descriptive
all,consumed_meals_prunes,40,40,0,91.775,62.8,-28.975,-28.975,8,"[-77.375, 3.1500000000000004]",descriptive
all,consumed_meals_stone,40,40,0,0,0,0,0,8,"[0, 0]",descriptive
all,consumed_meals_wood,40,40,0,0,0,0,0,8,"[0, 0]",descriptive
all,consumed_training_algae,40,40,0,0,0,0,0,8,"[0, 0]",descriptive
all,consumed_training_cherries,40,40,0,0,0,0,0,8,"[0, 0]",descriptive
all,consumed_training_fabric,40,40,0,0,0,0,0,8,"[0, 0]",descriptive
all,consumed_training_food,40,40,0,0,0,0,0,8,"[0, 0]",descriptive
all,consumed_training_glass,40,40,0,0,0,0,0,8,"[0, 0]",descriptive
all,consumed_training_gold,40,40,0,0,0,0,0,8,"[0, 0]",descriptive
all,consumed_training_metal,40,40,0,0,0,0,0,8,"[0, 0]",descriptive
all,consumed_training_oranges,40,40,0,0,0,0,0,8,"[0, 0]",descriptive
all,consumed_training_paper,40,40,0,0,0,0,0,8,"[0, 0]",descriptive
all,consumed_training_prunes,40,40,0,0,0,0,0,8,"[0, 0]",descriptive
all,consumed_training_stone,40,40,0,0,0,0,0,8,"[0, 0]",descriptive
all,consumed_training_wood,40,40,0,0,0,0,0,8,"[0, 0]",descriptive
all,consumed_upgrades_algae,40,40,0,19.1,15.6,-3.5,-3.5000000000000004,8,"[-12.450000000000001, 1.9500000000000002]",descriptive
all,consumed_upgrades_cherries,40,40,0,0,0,0,0,8,"[0, 0]",descriptive
all,consumed_upgrades_fabric,40,40,0,0,0,0,0,8,"[0, 0]",descriptive
all,consumed_upgrades_food,40,40,0,4.45,3.95,-0.5,-0.5,8,"[-2.25, 0.8999999999999999]",descriptive
all,consumed_upgrades_glass,40,40,0,0,0,0,0,8,"[0, 0]",descriptive
all,consumed_upgrades_gold,40,40,0,0,0,0,0,8,"[0, 0]",descriptive
all,consumed_upgrades_metal,40,40,0,0,0,0,0,8,"[0, 0]",descriptive
all,consumed_upgrades_oranges,40,40,0,0,0,0,0,8,"[0, 0]",descriptive
all,consumed_upgrades_paper,40,40,0,0,0,0,0,8,"[0, 0]",descriptive
all,consumed_upgrades_prunes,40,40,0,0,0,0,0,8,"[0, 0]",descriptive
all,consumed_upgrades_stone,40,40,0,57.525,41.8,-15.725,-15.725000000000001,8,"[-48.175000000000004, 4.3]",descriptive
all,consumed_upgrades_wood,40,40,0,80.25,57.875,-22.375,-22.375,8,"[-65.27499999999999, 2.35]",descriptive
all,delivered_algae,40,40,0,24.725,19.275,-5.45,-5.45,8,"[-16.075, 0.45]",descriptive
all,delivered_algae_per_1000_ticks,40,40,0,0.29398413445101224,0.22803978658098256,-0.0659443478700297,-0.0659443478700297,8,"[-0.18306618725756804, -0.0034508159174028987]",descriptive
all,delivered_cherries,40,40,0,223.75,175.475,-48.275,-48.275,8,"[-117.87499999999999, -7]",descriptive
all,delivered_cherries_per_1000_ticks,40,40,0,2.6261062642482114,2.1686863839244017,-0.4574198803238097,-0.4574198803238097,8,"[-1.134445734326654, -0.03692421153803662]",descriptive
all,delivered_fabric,40,40,0,0,0,0,0,8,"[0, 0]",descriptive
all,delivered_fabric_per_1000_ticks,40,40,0,0.0,0.0,0.0,0.0,8,"[0.0, 0.0]",descriptive
all,delivered_food,40,40,0,1465.725,1329.8,-135.925,-135.925,8,"[-256.025, -44.824999999999996]",descriptive
all,delivered_food_per_1000_ticks,40,40,0,17.976949288017217,16.270610632426415,-1.7063386555907996,-1.7063386555907993,8,"[-3.6879090347851524, -0.0531215588617385]",descriptive
all,delivered_glass,40,40,0,0,0,0,0,8,"[0, 0]",descriptive
all,delivered_glass_per_1000_ticks,40,40,0,0.0,0.0,0.0,0.0,8,"[0.0, 0.0]",descriptive
all,delivered_gold,40,40,0,0,0,0,0,8,"[0, 0]",descriptive
all,delivered_gold_per_1000_ticks,40,40,0,0.0,0.0,0.0,0.0,8,"[0.0, 0.0]",descriptive
all,delivered_metal,40,40,0,0,0,0,0,8,"[0, 0]",descriptive
all,delivered_metal_per_1000_ticks,40,40,0,0.0,0.0,0.0,0.0,8,"[0.0, 0.0]",descriptive
all,delivered_oranges,40,40,0,206,126.025,-79.975,-79.97500000000001,8,"[-219.4, 1.9499999999999993]",descriptive
all,delivered_oranges_per_1000_ticks,40,40,0,2.493575407696804,1.7622614554429998,-0.7313139522538045,-0.7313139522538045,8,"[-2.1353242656509686, 0.07469118560490415]",descriptive
all,delivered_paper,40,40,0,0,0,0,0,8,"[0, 0]",descriptive
all,delivered_paper_per_1000_ticks,40,40,0,0.0,0.0,0.0,0.0,8,"[0.0, 0.0]",descriptive
all,delivered_prunes,40,40,0,153.95,111.75,-42.2,-42.2,8,"[-98.2, 1.5]",descriptive
all,delivered_prunes_per_1000_ticks,40,40,0,1.7669685248166385,1.326598529273919,-0.44036999554271944,-0.4403699955427195,8,"[-1.0902300225052828, 0.037141968219885704]",descriptive
all,delivered_stone,40,40,0,71.6,50.75,-20.85,-20.85,8,"[-61.900000000000006, 5.475]",descriptive
all,delivered_stone_per_1000_ticks,40,40,0,0.8503500645082773,0.6075023401235358,-0.24284772438474156,-0.24284772438474156,8,"[-0.7008602811297429, 0.03975806378667428]",descriptive
all,delivered_wood,40,40,0,252.5,211,-41.5,-41.5,8,"[-102.02499999999999, -3.55]",descriptive
all,delivered_wood_per_1000_ticks,40,40,0,3.143720208535102,2.648133906519203,-0.49558630201589904,-0.49558630201589904,8,"[-1.2645181028336532, 0.03917324641446637]",descriptive
all,first_upgrade_observed_fraction,40,40,0,0.24375,0.1875,-0.05625,-0.056249999999999994,8,"[-0.13125, 0.0]",descriptive
all,first_upgrade_waiting_lower_ticks,40,40,0,66250.525,68141.9875,1891.4625,1891.4625,8,"[-5310.137500000001, 7582.900000000001]",descriptive; CI excludes within512tick interval and competing-event uncertainty
all,first_upgrade_waiting_upper_ticks,40,40,0,77099.3,79672.2,2572.9,2572.9,8,"[438.40000000000003, 5167.2]",descriptive; CI excludes within512tick interval and competing-event uncertainty
all,harvested_algae,40,40,0,28.675,21.05,-7.625,-7.625,8,"[-21.849999999999998, 0.12499999999999999]",descriptive
all,harvested_algae_per_1000_ticks,40,40,0,0.3404406288470015,0.24843786909461493,-0.09200275975238657,-0.09200275975238657,8,"[-0.25218173640187963, -0.006113458089405378]",descriptive
all,harvested_cherries,40,40,0,35.6,25.25,-10.35,-10.350000000000001,8,"[-30.425, 0.8250000000000001]",descriptive
all,harvested_cherries_per_1000_ticks,40,40,0,0.4144782639029368,0.319897654877849,-0.09458060902508782,-0.09458060902508782,8,"[-0.30174383811700867, 0.03448279960244296]",descriptive
all,harvested_fabric,40,40,0,0,0,0,0,8,"[0, 0]",descriptive
all,harvested_fabric_per_1000_ticks,40,40,0,0.0,0.0,0.0,0.0,8,"[0.0, 0.0]",descriptive
all,harvested_food,40,40,0,1510.3,1363.25,-147.05,-147.05,8,"[-285.5, -46.8]",descriptive
all,harvested_food_per_1000_ticks,40,40,0,18.535628507476012,16.685938423616232,-1.8496900838597798,-1.8496900838597796,8,"[-4.074846155012549, -0.05956078500848218]",descriptive
all,harvested_glass,40,40,0,0,0,0,0,8,"[0, 0]",descriptive
all,harvested_glass_per_1000_ticks,40,40,0,0.0,0.0,0.0,0.0,8,"[0.0, 0.0]",descriptive
all,harvested_gold,40,40,0,0,0,0,0,8,"[0, 0]",descriptive
all,harvested_gold_per_1000_ticks,40,40,0,0.0,0.0,0.0,0.0,8,"[0.0, 0.0]",descriptive
all,harvested_metal,40,40,0,0,0,0,0,8,"[0, 0]",descriptive
all,harvested_metal_per_1000_ticks,40,40,0,0.0,0.0,0.0,0.0,8,"[0.0, 0.0]",descriptive
all,harvested_oranges,40,40,0,27.7,16.975,-10.725,-10.725,8,"[-30.05, 0.275]",descriptive
all,harvested_oranges_per_1000_ticks,40,40,0,0.33681134407306684,0.23813476949594353,-0.09867657457712332,-0.09867657457712332,8,"[-0.2950492576719142, 0.012931361172561509]",descriptive
all,harvested_paper,40,40,0,0,0,0,0,8,"[0, 0]",descriptive
all,harvested_paper_per_1000_ticks,40,40,0,0.0,0.0,0.0,0.0,8,"[0.0, 0.0]",descriptive
all,harvested_prunes,40,40,0,20.375,12.5,-7.875,-7.875,8,"[-18.475, -0.09999999999999995]",descriptive
all,harvested_prunes_per_1000_ticks,40,40,0,0.23416702414754276,0.1487573657112943,-0.08540965843624845,-0.08540965843624845,8,"[-0.20796832450553862, 0.001331654599274444]",descriptive
all,harvested_stone,40,40,0,77.85,55.025,-22.825,-22.825,8,"[-67.35, 5.324999999999999]",descriptive
all,harvested_stone_per_1000_ticks,40,40,0,0.927154884766683,0.6566806271690013,-0.2704742575976817,-0.27047425759768173,8,"[-0.7788011343958999, 0.037163581743880084]",descriptive
all,harvested_wood,40,40,0,271.075,224.6,-46.475,-46.474999999999994,8,"[-114.425, -4.225]",descriptive
all,harvested_wood_per_1000_ticks,40,40,0,3.37288128013504,2.8226936228246737,-0.5501876573103662,-0.5501876573103662,8,"[-1.4177287466207782, 0.052511800305378484]",descriptive
all,needFood,40,40,0,3.45,4.025,0.575,0.5750000000000001,8,"[-0.45, 1.6]",descriptive
all,needFoodCritical,40,40,0,7.725,11.25,3.525,3.525,8,"[0.17499999999999996, 7.6000000000000005]",descriptive
all,needFoodNoInns,40,40,0,5.625,11.35,5.725,5.725,8,"[0.525, 12.275]",descriptive
all,new_buildings,40,40,0,39.2,34.675,-4.525,-4.525,8,"[-8.6, -1.425]",descriptive
all,new_buildings_10_observed_fraction,40,40,0,0.59375,0.49375,-0.1,-0.1,8,"[-0.1625, -0.03125]",descriptive
all,new_buildings_10_waiting_lower_ticks,40,40,0,49214.275,55413.3,6199.025,6199.025,8,"[3783.4500000000003, 8801.475]",descriptive; CI excludes within512tick interval and competing-event uncertainty
all,new_buildings_10_waiting_upper_ticks,40,40,0,56757.7,62117.325,5359.625,5359.625,8,"[952.2, 9222.325]",descriptive; CI excludes within512tick interval and competing-event uncertainty
all,new_buildings_1_observed_fraction,40,40,0,1.0,1.0,0.0,0.0,8,"[0.0, 0.0]",descriptive
all,new_buildings_1_waiting_lower_ticks,40,40,0,1577.6,1558.4,-19.2,-19.2,8,"[-57.6, 25.6]",descriptive; CI excludes within512tick interval and competing-event uncertainty
all,new_buildings_1_waiting_upper_ticks,40,40,0,2089.6,2070.4,-19.2,-19.2,8,"[-57.6, 25.6]",descriptive; CI excludes within512tick interval and competing-event uncertainty
all,new_buildings_5_observed_fraction,40,40,0,0.9125,0.875,-0.0375,-0.037500000000000006,8,"[-0.06875, -0.0125]",descriptive
all,new_buildings_5_waiting_lower_ticks,40,40,0,18258.5625,19912.325,1653.7625,1653.7625,8,"[-356.65, 4058.0375]",descriptive; CI excludes within512tick interval and competing-event uncertainty
all,new_buildings_5_waiting_upper_ticks,40,40,0,20211.0,22830.8,2619.8,2619.8,8,"[869.6999999999999, 4863.4]",descriptive; CI excludes within512tick interval and competing-event uncertainty
all,observed_winner_set_change,40,9,31,0,0.3333333333333333,0.3333333333333333,0.3333333333333333,5,"[0, 0.7333333333333333]","descriptive; unresolved games excluded, resolution-selection bias possible"
all,resolution_status_change,40,40,0,0,0.275,0.275,0.275,8,"[0.15000000000000002, 0.4]",descriptive
all,resolved_match_win_cortex,40,6,34,0.16666666666666666,0.5,0.3333333333333333,0.375,4,"[0, 0.75]","descriptive; unresolved games excluded, resolution-selection bias possible"
all,resolved_match_win_maxima,40,9,31,0.8888888888888888,0.6666666666666666,-0.2222222222222222,-0.26666666666666666,5,"[-0.6666666666666666, 0]","descriptive; unresolved games excluded, resolution-selection bias possible"
all,resolved_match_win_nicowar,40,1,39,0,0,0,0,1,"[0, 0]","descriptive; unresolved games excluded, resolution-selection bias possible"
all,resolved_outcome,40,40,0,0.35,0.375,0.025,0.025,8,"[-0.15000000000000002, 0.2]",descriptive
all,resolved_win_team_share_cortex,40,6,34,0.16666666666666666,0.5,0.3333333333333333,0.375,4,"[0.0, 0.75]","descriptive; unresolved games excluded, resolution-selection bias possible"
all,resolved_win_team_share_maxima,40,9,31,0.6666666666666666,0.5,-0.16666666666666666,-0.16666666666666666,5,"[-0.36666666666666664, 0.0]","descriptive; unresolved games excluded, resolution-selection bias possible"
all,resolved_win_team_share_nicowar,40,1,39,0.0,0.0,0.0,0.0,1,"[0.0, 0.0]","descriptive; unresolved games excluded, resolution-selection bias possible"
all,sites,40,40,0,4.6,4.775,0.175,0.175,8,"[-0.8, 1.075]",descriptive
all,starvation_deaths,40,40,0,68.65,75.975,7.325,7.325,8,"[-5.25, 21.175]",descriptive
all,stock_algae,40,40,0,1.825,0.925,-0.9,-0.9,8,"[-1.65, -0.225]",descriptive
all,stock_cherries,40,40,0,58.925,44.425,-14.5,-14.5,8,"[-31.95, -2.75]",descriptive
all,stock_fabric,40,40,0,0,0,0,0,8,"[0, 0]",descriptive
all,stock_food,40,40,0,66.7,56.25,-10.45,-10.45,8,"[-25.15, 3.8500000000000005]",descriptive
all,stock_glass,40,40,0,0,0,0,0,8,"[0, 0]",descriptive
all,stock_gold,40,40,0,0,0,0,0,8,"[0, 0]",descriptive
all,stock_metal,40,40,0,0,0,0,0,8,"[0, 0]",descriptive
all,stock_oranges,40,40,0,58.675,26,-32.675,-32.675000000000004,8,"[-89.0, 0.6750000000000007]",descriptive
all,stock_paper,40,40,0,0,0,0,0,8,"[0, 0]",descriptive
all,stock_prunes,40,40,0,53.525,42.475,-11.05,-11.049999999999999,8,"[-23.599999999999998, -0.125]",descriptive
all,stock_stone,40,40,0,4.9,3.625,-1.275,-1.275,8,"[-3.8249999999999997, 0.8]",descriptive
all,stock_wood,40,40,0,7.875,6.475,-1.4,-1.4000000000000001,8,"[-2.85, 0.32499999999999996]",descriptive
all,surviving_teams,40,40,0,1.95,1.825,-0.125,-0.125,8,"[-0.35000000000000003, 0.05]",descriptive
all,tick_cap,40,40,0,0.65,0.625,-0.025,-0.025,8,"[-0.2, 0.15000000000000002]",descriptive
all,ticks,40,40,0,78560.7,77971.55,-589.15,-589.1500000000001,8,"[-7007.5, 4971.900000000001]",descriptive
all,units,40,40,0,70.275,58.25,-12.025,-12.025,8,"[-27.5, -1.8]",descriptive
all,unresolved_outcome,40,40,0,0.65,0.625,-0.025,-0.025,8,"[-0.2, 0.15000000000000002]",descriptive
all,upgrades,40,40,0,11.8,8.275,-3.525,-3.525,8,"[-9.825, 0.05]",descriptive
all,warriors,40,40,0,19.425,20.325,0.9,0.8999999999999999,8,"[-3.925, 5.7749999999999995]",descriptive
all,withdrawn_algae,40,40,0,0,0,0,0,8,"[0, 0]",descriptive
all,withdrawn_cherries,40,40,0,0,0,0,0,8,"[0, 0]",descriptive
all,withdrawn_fabric,40,40,0,0,0,0,0,8,"[0, 0]",descriptive
all,withdrawn_food,40,40,0,0,0,0,0,8,"[0, 0]",descriptive
all,withdrawn_glass,40,40,0,0,0,0,0,8,"[0, 0]",descriptive
all,withdrawn_gold,40,40,0,0,0,0,0,8,"[0, 0]",descriptive
all,withdrawn_metal,40,40,0,0,0,0,0,8,"[0, 0]",descriptive
all,withdrawn_oranges,40,40,0,0,0,0,0,8,"[0, 0]",descriptive
all,withdrawn_paper,40,40,0,0,0,0,0,8,"[0, 0]",descriptive
all,withdrawn_prunes,40,40,0,0,0,0,0,8,"[0, 0]",descriptive
all,withdrawn_stone,40,40,0,0,0,0,0,8,"[0, 0]",descriptive
all,withdrawn_wood,40,40,0,0,0,0,0,8,"[0, 0]",descriptive
all,workers,40,40,0,45.15,33.275,-11.875,-11.875,8,"[-28.225, -2.55]",descriptive
cortex,births,8,8,0,155.5,214.125,58.625,58.625,8,"[-11.125, 152.75]",descriptive
cortex,buildings,8,8,0,39.875,36.75,-3.125,-3.125,8,"[-9.375, 2.625]",descriptive
cortex,carried_algae,8,8,0,0,0,0,0,8,"[0, 0]",descriptive
cortex,carried_cherries,8,8,0,0.125,0,-0.125,-0.125,8,"[-0.375, 0]",descriptive
cortex,carried_fabric,8,8,0,0,0,0,0,8,"[0, 0]",descriptive
cortex,carried_food,8,8,0,5.625,6.125,0.5,0.5,8,"[-3.125, 4.375]",descriptive
cortex,carried_glass,8,8,0,0,0,0,0,8,"[0, 0]",descriptive
cortex,carried_gold,8,8,0,0,0,0,0,8,"[0, 0]",descriptive
cortex,carried_metal,8,8,0,0,0,0,0,8,"[0, 0]",descriptive
cortex,carried_oranges,8,8,0,0,0,0,0,8,"[0, 0]",descriptive
cortex,carried_paper,8,8,0,0,0,0,0,8,"[0, 0]",descriptive
cortex,carried_prunes,8,8,0,0,0,0,0,8,"[0, 0]",descriptive
cortex,carried_stone,8,8,0,0.125,0.25,0.125,0.125,8,"[-0.375, 0.75]",descriptive
cortex,carried_wood,8,8,0,0.375,0.25,-0.125,-0.125,8,"[-0.5, 0.25]",descriptive
cortex,consumed_ammunition_algae,8,8,0,0,0,0,0,8,"[0, 0]",descriptive
cortex,consumed_ammunition_cherries,8,8,0,0,0,0,0,8,"[0, 0]",descriptive
cortex,consumed_ammunition_fabric,8,8,0,0,0,0,0,8,"[0, 0]",descriptive
cortex,consumed_ammunition_food,8,8,0,0,0,0,0,8,"[0, 0]",descriptive
cortex,consumed_ammunition_glass,8,8,0,0,0,0,0,8,"[0, 0]",descriptive
cortex,consumed_ammunition_gold,8,8,0,0,0,0,0,8,"[0, 0]",descriptive
cortex,consumed_ammunition_metal,8,8,0,0,0,0,0,8,"[0, 0]",descriptive
cortex,consumed_ammunition_oranges,8,8,0,0,0,0,0,8,"[0, 0]",descriptive
cortex,consumed_ammunition_paper,8,8,0,0,0,0,0,8,"[0, 0]",descriptive
cortex,consumed_ammunition_prunes,8,8,0,0,0,0,0,8,"[0, 0]",descriptive
cortex,consumed_ammunition_stone,8,8,0,0,0,0,0,8,"[0, 0]",descriptive
cortex,consumed_ammunition_wood,8,8,0,0,0,0,0,8,"[0, 0]",descriptive
cortex,consumed_births_algae,8,8,0,0,0,0,0,8,"[0, 0]",descriptive
cortex,consumed_births_cherries,8,8,0,0,0,0,0,8,"[0, 0]",descriptive
cortex,consumed_births_fabric,8,8,0,0,0,0,0,8,"[0, 0]",descriptive
cortex,consumed_births_food,8,8,0,777.5,1070.625,293.125,293.125,8,"[-55.625, 763.75]",descriptive
cortex,consumed_births_glass,8,8,0,0,0,0,0,8,"[0, 0]",descriptive
cortex,consumed_births_gold,8,8,0,0,0,0,0,8,"[0, 0]",descriptive
cortex,consumed_births_metal,8,8,0,0,0,0,0,8,"[0, 0]",descriptive
cortex,consumed_births_oranges,8,8,0,0,0,0,0,8,"[0, 0]",descriptive
cortex,consumed_births_paper,8,8,0,0,0,0,0,8,"[0, 0]",descriptive
cortex,consumed_births_prunes,8,8,0,0,0,0,0,8,"[0, 0]",descriptive
cortex,consumed_births_stone,8,8,0,0,0,0,0,8,"[0, 0]",descriptive
cortex,consumed_births_wood,8,8,0,0,0,0,0,8,"[0, 0]",descriptive
cortex,consumed_construction_algae,8,8,0,2.75,2.25,-0.5,-0.5,8,"[-1.25, 0]",descriptive
cortex,consumed_construction_cherries,8,8,0,0,0,0,0,8,"[0, 0]",descriptive
cortex,consumed_construction_fabric,8,8,0,0,0,0,0,8,"[0, 0]",descriptive
cortex,consumed_construction_food,8,8,0,65.625,61.25,-4.375,-4.375,8,"[-26.25, 21.875]",descriptive
cortex,consumed_construction_glass,8,8,0,0,0,0,0,8,"[0, 0]",descriptive
cortex,consumed_construction_gold,8,8,0,0,0,0,0,8,"[0, 0]",descriptive
cortex,consumed_construction_metal,8,8,0,0,0,0,0,8,"[0, 0]",descriptive
cortex,consumed_construction_oranges,8,8,0,0,0,0,0,8,"[0, 0]",descriptive
cortex,consumed_construction_paper,8,8,0,0,0,0,0,8,"[0, 0]",descriptive
cortex,consumed_construction_prunes,8,8,0,0,0,0,0,8,"[0, 0]",descriptive
cortex,consumed_construction_stone,8,8,0,2.875,3.125,0.25,0.25,8,"[-0.25, 0.875]",descriptive
cortex,consumed_construction_wood,8,8,0,160.875,157.5,-3.375,-3.375,8,"[-19.75, 12]",descriptive
cortex,consumed_healing_algae,8,8,0,0,0,0,0,8,"[0, 0]",descriptive
cortex,consumed_healing_cherries,8,8,0,0,0,0,0,8,"[0, 0]",descriptive
cortex,consumed_healing_fabric,8,8,0,0,0,0,0,8,"[0, 0]",descriptive
cortex,consumed_healing_food,8,8,0,0,0,0,0,8,"[0, 0]",descriptive
cortex,consumed_healing_glass,8,8,0,0,0,0,0,8,"[0, 0]",descriptive
cortex,consumed_healing_gold,8,8,0,0,0,0,0,8,"[0, 0]",descriptive
cortex,consumed_healing_metal,8,8,0,0,0,0,0,8,"[0, 0]",descriptive
cortex,consumed_healing_oranges,8,8,0,0,0,0,0,8,"[0, 0]",descriptive
cortex,consumed_healing_paper,8,8,0,0,0,0,0,8,"[0, 0]",descriptive
cortex,consumed_healing_prunes,8,8,0,0,0,0,0,8,"[0, 0]",descriptive
cortex,consumed_healing_stone,8,8,0,0,0,0,0,8,"[0, 0]",descriptive
cortex,consumed_healing_wood,8,8,0,0,0,0,0,8,"[0, 0]",descriptive
cortex,consumed_meals_algae,8,8,0,0,0,0,0,8,"[0, 0]",descriptive
cortex,consumed_meals_cherries,8,8,0,44.125,43.625,-0.5,-0.5,8,"[-17.625, 20.625]",descriptive
cortex,consumed_meals_fabric,8,8,0,0,0,0,0,8,"[0, 0]",descriptive
cortex,consumed_meals_food,8,8,0,642.75,665.125,22.375,22.375,8,"[-135.5, 238.375]",descriptive
cortex,consumed_meals_glass,8,8,0,0,0,0,0,8,"[0, 0]",descriptive
cortex,consumed_meals_gold,8,8,0,0,0,0,0,8,"[0, 0]",descriptive
cortex,consumed_meals_metal,8,8,0,0,0,0,0,8,"[0, 0]",descriptive
cortex,consumed_meals_oranges,8,8,0,51.625,47.125,-4.5,-4.5,8,"[-35, 25]",descriptive
cortex,consumed_meals_paper,8,8,0,0,0,0,0,8,"[0, 0]",descriptive
cortex,consumed_meals_prunes,8,8,0,28,9.125,-18.875,-18.875,8,"[-39.625, -3.5]",descriptive
cortex,consumed_meals_stone,8,8,0,0,0,0,0,8,"[0, 0]",descriptive
cortex,consumed_meals_wood,8,8,0,0,0,0,0,8,"[0, 0]",descriptive
cortex,consumed_training_algae,8,8,0,0,0,0,0,8,"[0, 0]",descriptive
cortex,consumed_training_cherries,8,8,0,0,0,0,0,8,"[0, 0]",descriptive
cortex,consumed_training_fabric,8,8,0,0,0,0,0,8,"[0, 0]",descriptive
cortex,consumed_training_food,8,8,0,0,0,0,0,8,"[0, 0]",descriptive
cortex,consumed_training_glass,8,8,0,0,0,0,0,8,"[0, 0]",descriptive
cortex,consumed_training_gold,8,8,0,0,0,0,0,8,"[0, 0]",descriptive
cortex,consumed_training_metal,8,8,0,0,0,0,0,8,"[0, 0]",descriptive
cortex,consumed_training_oranges,8,8,0,0,0,0,0,8,"[0, 0]",descriptive
cortex,consumed_training_paper,8,8,0,0,0,0,0,8,"[0, 0]",descriptive
cortex,consumed_training_prunes,8,8,0,0,0,0,0,8,"[0, 0]",descriptive
cortex,consumed_training_stone,8,8,0,0,0,0,0,8,"[0, 0]",descriptive
cortex,consumed_training_wood,8,8,0,0,0,0,0,8,"[0, 0]",descriptive
cortex,consumed_upgrades_algae,8,8,0,14.25,12.75,-1.5,-1.5,8,"[-8.25, 3.75]",descriptive
cortex,consumed_upgrades_cherries,8,8,0,0,0,0,0,8,"[0, 0]",descriptive
cortex,consumed_upgrades_fabric,8,8,0,0,0,0,0,8,"[0, 0]",descriptive
cortex,consumed_upgrades_food,8,8,0,1.5,1.5,0,0,8,"[-1.5, 1.5]",descriptive
cortex,consumed_upgrades_glass,8,8,0,0,0,0,0,8,"[0, 0]",descriptive
cortex,consumed_upgrades_gold,8,8,0,0,0,0,0,8,"[0, 0]",descriptive
cortex,consumed_upgrades_metal,8,8,0,0,0,0,0,8,"[0, 0]",descriptive
cortex,consumed_upgrades_oranges,8,8,0,0,0,0,0,8,"[0, 0]",descriptive
cortex,consumed_upgrades_paper,8,8,0,0,0,0,0,8,"[0, 0]",descriptive
cortex,consumed_upgrades_prunes,8,8,0,0,0,0,0,8,"[0, 0]",descriptive
cortex,consumed_upgrades_stone,8,8,0,62.625,49.5,-13.125,-13.125,8,"[-57.625, 20.75]",descriptive
cortex,consumed_upgrades_wood,8,8,0,120.25,91.125,-29.125,-29.125,8,"[-106.125, 22.5]",descriptive
cortex,delivered_algae,8,8,0,18.25,16.125,-2.125,-2.125,8,"[-8.625, 2.625]",descriptive
cortex,delivered_algae_per_1000_ticks,8,8,0,0.20277777777777778,0.17916666666666667,-0.023611111111111117,-0.023611111111111117,8,"[-0.09583333333333334, 0.029166666666666653]",descriptive
cortex,delivered_cherries,8,8,0,49,62.75,13.75,13.75,8,"[-17.5, 63.75]",descriptive
cortex,delivered_cherries_per_1000_ticks,8,8,0,0.5444444444444445,0.6972222222222223,0.15277777777777785,0.15277777777777785,8,"[-0.19444444444444445, 0.7083333333333335]",descriptive
cortex,delivered_fabric,8,8,0,0,0,0,0,8,"[0, 0]",descriptive
cortex,delivered_fabric_per_1000_ticks,8,8,0,0.0,0.0,0.0,0.0,8,"[0.0, 0.0]",descriptive
cortex,delivered_food,8,8,0,1564.875,1870,305.125,305.125,8,"[-116.375, 953.375]",descriptive
cortex,delivered_food_per_1000_ticks,8,8,0,17.3875,20.77777777777778,3.3902777777777766,3.3902777777777766,8,"[-1.293055555555555, 10.593055555555551]",descriptive
cortex,delivered_glass,8,8,0,0,0,0,0,8,"[0, 0]",descriptive
cortex,delivered_glass_per_1000_ticks,8,8,0,0.0,0.0,0.0,0.0,8,"[0.0, 0.0]",descriptive
cortex,delivered_gold,8,8,0,0,0,0,0,8,"[0, 0]",descriptive
cortex,delivered_gold_per_1000_ticks,8,8,0,0.0,0.0,0.0,0.0,8,"[0.0, 0.0]",descriptive
cortex,delivered_metal,8,8,0,0,0,0,0,8,"[0, 0]",descriptive
cortex,delivered_metal_per_1000_ticks,8,8,0,0.0,0.0,0.0,0.0,8,"[0.0, 0.0]",descriptive
cortex,delivered_oranges,8,8,0,65.875,63.5,-2.375,-2.375,8,"[-36.25, 31.625]",descriptive
cortex,delivered_oranges_per_1000_ticks,8,8,0,0.7319444444444444,0.7055555555555555,-0.026388888888888892,-0.026388888888888892,8,"[-0.4027777777777778, 0.35138888888888886]",descriptive
cortex,delivered_paper,8,8,0,0,0,0,0,8,"[0, 0]",descriptive
cortex,delivered_paper_per_1000_ticks,8,8,0,0.0,0.0,0.0,0.0,8,"[0.0, 0.0]",descriptive
cortex,delivered_prunes,8,8,0,50.875,13.75,-37.125,-37.125,8,"[-96.375, -2.5]",descriptive
cortex,delivered_prunes_per_1000_ticks,8,8,0,0.5652777777777778,0.1527777777777778,-0.41250000000000003,-0.41250000000000003,8,"[-1.0708333333333335, -0.027777777777777776]",descriptive
cortex,delivered_stone,8,8,0,67.375,53.5,-13.875,-13.875,8,"[-60.25, 21.25]",descriptive
cortex,delivered_stone_per_1000_ticks,8,8,0,0.748611111111111,0.5944444444444444,-0.1541666666666666,-0.1541666666666666,8,"[-0.6694444444444442, 0.23611111111111105]",descriptive
cortex,delivered_wood,8,8,0,286.125,251.75,-34.375,-34.375,8,"[-104.625, 17.375]",descriptive
cortex,delivered_wood_per_1000_ticks,8,8,0,3.1791666666666667,2.7972222222222225,-0.3819444444444443,-0.3819444444444443,8,"[-1.1624999999999996, 0.19305555555555554]",descriptive
cortex,first_upgrade_observed_fraction,8,8,0,0.34375,0.28125,-0.0625,-0.0625,8,"[-0.1875, 0.0]",descriptive
cortex,first_upgrade_waiting_lower_ticks,8,8,0,67238.5,70207.5,2969.0,2969.0,8,"[-928.0, 10091.0]",descriptive; CI excludes within512tick interval and competing-event uncertainty
cortex,first_upgrade_waiting_upper_ticks,8,8,0,67414.5,70351.5,2937.0,2937.0,8,"[-928.0, 9995.0]",descriptive; CI excludes within512tick interval and competing-event uncertainty
cortex,harvested_algae,8,8,0,19.125,18,-1.125,-1.125,8,"[-6, 3]",descriptive
cortex,harvested_algae_per_1000_ticks,8,8,0,0.2125,0.2,-0.012499999999999983,-0.012499999999999983,8,"[-0.06666666666666661, 0.033333333333333326]",descriptive
cortex,harvested_cherries,8,8,0,7.25,10.125,2.875,2.875,8,"[-1.875, 11.25]",descriptive
cortex,harvested_cherries_per_1000_ticks,8,8,0,0.08055555555555556,0.1125,0.03194444444444444,0.03194444444444444,8,"[-0.020833333333333332, 0.125]",descriptive
cortex,harvested_fabric,8,8,0,0,0,0,0,8,"[0, 0]",descriptive
cortex,harvested_fabric_per_1000_ticks,8,8,0,0.0,0.0,0.0,0.0,8,"[0.0, 0.0]",descriptive
cortex,harvested_food,8,8,0,1592.25,1898,305.75,305.75,8,"[-118.625, 957.75]",descriptive
cortex,harvested_food_per_1000_ticks,8,8,0,17.691666666666666,21.08888888888889,3.3972222222222213,3.3972222222222213,8,"[-1.3180555555555553, 10.641666666666664]",descriptive
cortex,harvested_glass,8,8,0,0,0,0,0,8,"[0, 0]",descriptive
cortex,harvested_glass_per_1000_ticks,8,8,0,0.0,0.0,0.0,0.0,8,"[0.0, 0.0]",descriptive
cortex,harvested_gold,8,8,0,0,0,0,0,8,"[0, 0]",descriptive
cortex,harvested_gold_per_1000_ticks,8,8,0,0.0,0.0,0.0,0.0,8,"[0.0, 0.0]",descriptive
cortex,harvested_metal,8,8,0,0,0,0,0,8,"[0, 0]",descriptive
cortex,harvested_metal_per_1000_ticks,8,8,0,0.0,0.0,0.0,0.0,8,"[0.0, 0.0]",descriptive
cortex,harvested_oranges,8,8,0,9.75,9.875,0.125,0.125,8,"[-3.5, 4.25]",descriptive
cortex,harvested_oranges_per_1000_ticks,8,8,0,0.10833333333333332,0.10972222222222223,0.0013888888888888991,0.0013888888888888991,8,"[-0.03888888888888889, 0.04722222222222225]",descriptive
cortex,harvested_paper,8,8,0,0,0,0,0,8,"[0, 0]",descriptive
cortex,harvested_paper_per_1000_ticks,8,8,0,0.0,0.0,0.0,0.0,8,"[0.0, 0.0]",descriptive
cortex,harvested_prunes,8,8,0,8.875,1.375,-7.5,-7.5,8,"[-21, -0.25]",descriptive
cortex,harvested_prunes_per_1000_ticks,8,8,0,0.09861111111111111,0.015277777777777777,-0.08333333333333333,-0.08333333333333333,8,"[-0.23333333333333334, -0.0027777777777777783]",descriptive
cortex,harvested_stone,8,8,0,72.625,58.625,-14,-14,8,"[-64.25, 24.375]",descriptive
cortex,harvested_stone_per_1000_ticks,8,8,0,0.8069444444444445,0.6513888888888889,-0.1555555555555555,-0.1555555555555555,8,"[-0.7138888888888888, 0.27083333333333337]",descriptive
cortex,harvested_wood,8,8,0,302.25,264.625,-37.625,-37.625,8,"[-106.875, 14.375]",descriptive
cortex,harvested_wood_per_1000_ticks,8,8,0,3.3583333333333334,2.9402777777777778,-0.4180555555555553,-0.4180555555555553,8,"[-1.1874999999999998, 0.15972222222222243]",descriptive
cortex,needFood,8,8,0,3.625,7.625,4,4,8,"[-1.125, 13.125]",descriptive
cortex,needFoodCritical,8,8,0,11.875,23.5,11.625,11.625,8,"[-2, 36.875]",descriptive
cortex,needFoodNoInns,8,8,0,12.125,28.125,16,16,8,"[-1.125, 47.875]",descriptive
cortex,new_buildings,8,8,0,41.5,40.125,-1.375,-1.375,8,"[-6.25, 2.875]",descriptive
cortex,new_buildings_10_observed_fraction,8,8,0,0.625,0.5625,-0.0625,-0.0625,8,"[-0.1875, 0.0]",descriptive
cortex,new_buildings_10_waiting_lower_ticks,8,8,0,54582.0,60975.0,6393.0,6393.0,8,"[880.0, 11897.0]",descriptive; CI excludes within512tick interval and competing-event uncertainty
cortex,new_buildings_10_waiting_upper_ticks,8,8,0,54902.0,61263.0,6361.0,6361.0,8,"[880.0, 11865.0]",descriptive; CI excludes within512tick interval and competing-event uncertainty
cortex,new_buildings_1_observed_fraction,8,8,0,1.0,1.0,0.0,0.0,8,"[0.0, 0.0]",descriptive
cortex,new_buildings_1_waiting_lower_ticks,8,8,0,2064.0,2016.0,-48.0,-48.0,8,"[-128.0, 32.0]",descriptive; CI excludes within512tick interval and competing-event uncertainty
cortex,new_buildings_1_waiting_upper_ticks,8,8,0,2576.0,2528.0,-48.0,-48.0,8,"[-128.0, 32.0]",descriptive; CI excludes within512tick interval and competing-event uncertainty
cortex,new_buildings_5_observed_fraction,8,8,0,0.96875,0.96875,0.0,0.0,8,"[0.0, 0.0]",descriptive
cortex,new_buildings_5_waiting_lower_ticks,8,8,0,14348.5,12204.5,-2144.0,-2144.0,8,"[-6352.0, 128.0]",descriptive; CI excludes within512tick interval and competing-event uncertainty
cortex,new_buildings_5_waiting_upper_ticks,8,8,0,14844.5,12700.5,-2144.0,-2144.0,8,"[-6352.0, 128.0]",descriptive; CI excludes within512tick interval and competing-event uncertainty
cortex,observed_winner_set_change,8,0,8,,,,,,,
cortex,resolution_status_change,8,8,0,0,0,0,0,8,"[0, 0]",descriptive
cortex,resolved_match_win_cortex,8,0,8,,,,,,,
cortex,resolved_outcome,8,8,0,0,0,0,0,8,"[0, 0]",descriptive
cortex,resolved_win_team_share_cortex,8,0,8,,,,,,,
cortex,sites,8,8,0,4.875,4.25,-0.625,-0.625,8,"[-1.875, 0.5]",descriptive
cortex,starvation_deaths,8,8,0,103.5,133.25,29.75,29.75,8,"[-13.625, 85.5]",descriptive
cortex,stock_algae,8,8,0,1.25,1.125,-0.125,-0.125,8,"[-0.375, 0]",descriptive
cortex,stock_cherries,8,8,0,4.75,2.875,-1.875,-1.875,8,"[-6.125, 1.5]",descriptive
cortex,stock_fabric,8,8,0,0,0,0,0,8,"[0, 0]",descriptive
cortex,stock_food,8,8,0,70.75,61.75,-9,-9,8,"[-44.25, 21.5]",descriptive
cortex,stock_glass,8,8,0,0,0,0,0,8,"[0, 0]",descriptive
cortex,stock_gold,8,8,0,0,0,0,0,8,"[0, 0]",descriptive
cortex,stock_metal,8,8,0,0,0,0,0,8,"[0, 0]",descriptive
cortex,stock_oranges,8,8,0,14,5.125,-8.875,-8.875,8,"[-28, 3.25]",descriptive
cortex,stock_paper,8,8,0,0,0,0,0,8,"[0, 0]",descriptive
cortex,stock_prunes,8,8,0,22.875,4.625,-18.25,-18.25,8,"[-57.75, 3]",descriptive
cortex,stock_stone,8,8,0,1.875,0.875,-1,-1,8,"[-2.625, 0.5]",descriptive
cortex,stock_wood,8,8,0,4.25,3,-1.25,-1.25,8,"[-3.125, 0.5]",descriptive
cortex,surviving_teams,8,8,0,2.625,2.5,-0.125,-0.125,8,"[-0.5, 0.25]",descriptive
cortex,tick_cap,8,8,0,1,1,0,0,8,"[0, 0]",descriptive
cortex,ticks,8,8,0,90000,90000,0,0,8,"[0, 0]",descriptive
cortex,units,8,8,0,58.625,78.5,19.875,19.875,8,"[-24.625, 87.75]",descriptive
cortex,unresolved_outcome,8,8,0,1,1,0,0,8,"[0, 0]",descriptive
cortex,upgrades,8,8,0,17.75,13.25,-4.5,-4.5,8,"[-16.375, 3.5]",descriptive
cortex,warriors,8,8,0,24,48.375,24.375,24.375,8,"[-7.625, 79.375]",descriptive
cortex,withdrawn_algae,8,8,0,0,0,0,0,8,"[0, 0]",descriptive
cortex,withdrawn_cherries,8,8,0,0,0,0,0,8,"[0, 0]",descriptive
cortex,withdrawn_fabric,8,8,0,0,0,0,0,8,"[0, 0]",descriptive
cortex,withdrawn_food,8,8,0,0,0,0,0,8,"[0, 0]",descriptive
cortex,withdrawn_glass,8,8,0,0,0,0,0,8,"[0, 0]",descriptive
cortex,withdrawn_gold,8,8,0,0,0,0,0,8,"[0, 0]",descriptive
cortex,withdrawn_metal,8,8,0,0,0,0,0,8,"[0, 0]",descriptive
cortex,withdrawn_oranges,8,8,0,0,0,0,0,8,"[0, 0]",descriptive
cortex,withdrawn_paper,8,8,0,0,0,0,0,8,"[0, 0]",descriptive
cortex,withdrawn_prunes,8,8,0,0,0,0,0,8,"[0, 0]",descriptive
cortex,withdrawn_stone,8,8,0,0,0,0,0,8,"[0, 0]",descriptive
cortex,withdrawn_wood,8,8,0,0,0,0,0,8,"[0, 0]",descriptive
cortex,workers,8,8,0,33,28.75,-4.25,-4.25,8,"[-17.25, 8.375]",descriptive
maxima,births,8,8,0,146.75,116.375,-30.375,-30.375,8,"[-124.75, 33.625]",descriptive
maxima,buildings,8,8,0,28.5,24.25,-4.25,-4.25,8,"[-9.25, 0]",descriptive
maxima,carried_algae,8,8,0,1.625,0.5,-1.125,-1.125,8,"[-3, 0.25]",descriptive
maxima,carried_cherries,8,8,0,2.5,0.375,-2.125,-2.125,8,"[-5.625, 0.5]",descriptive
maxima,carried_fabric,8,8,0,0,0,0,0,8,"[0, 0]",descriptive
maxima,carried_food,8,8,0,15.75,7.25,-8.5,-8.5,8,"[-26, 2]",descriptive
maxima,carried_glass,8,8,0,0,0,0,0,8,"[0, 0]",descriptive
maxima,carried_gold,8,8,0,0,0,0,0,8,"[0, 0]",descriptive
maxima,carried_metal,8,8,0,0,0,0,0,8,"[0, 0]",descriptive
maxima,carried_oranges,8,8,0,2.875,1.75,-1.125,-1.125,8,"[-6.875, 3]",descriptive
maxima,carried_paper,8,8,0,0,0,0,0,8,"[0, 0]",descriptive
maxima,carried_prunes,8,8,0,3.625,0.75,-2.875,-2.875,8,"[-8.625, 0]",descriptive
maxima,carried_stone,8,8,0,0.25,0.5,0.25,0.25,8,"[-0.375, 1.125]",descriptive
maxima,carried_wood,8,8,0,1.875,1,-0.875,-0.875,8,"[-2.625, 0.5]",descriptive
maxima,consumed_ammunition_algae,8,8,0,0,0,0,0,8,"[0, 0]",descriptive
maxima,consumed_ammunition_cherries,8,8,0,0,0,0,0,8,"[0, 0]",descriptive
maxima,consumed_ammunition_fabric,8,8,0,0,0,0,0,8,"[0, 0]",descriptive
maxima,consumed_ammunition_food,8,8,0,0,0,0,0,8,"[0, 0]",descriptive
maxima,consumed_ammunition_glass,8,8,0,0,0,0,0,8,"[0, 0]",descriptive
maxima,consumed_ammunition_gold,8,8,0,0,0,0,0,8,"[0, 0]",descriptive
maxima,consumed_ammunition_metal,8,8,0,0,0,0,0,8,"[0, 0]",descriptive
maxima,consumed_ammunition_oranges,8,8,0,0,0,0,0,8,"[0, 0]",descriptive
maxima,consumed_ammunition_paper,8,8,0,0,0,0,0,8,"[0, 0]",descriptive
maxima,consumed_ammunition_prunes,8,8,0,0,0,0,0,8,"[0, 0]",descriptive
maxima,consumed_ammunition_stone,8,8,0,9.375,9.5,0.125,0.125,8,"[-13.75, 10.875]",descriptive
maxima,consumed_ammunition_wood,8,8,0,0,0,0,0,8,"[0, 0]",descriptive
maxima,consumed_births_algae,8,8,0,0,0,0,0,8,"[0, 0]",descriptive
maxima,consumed_births_cherries,8,8,0,0,0,0,0,8,"[0, 0]",descriptive
maxima,consumed_births_fabric,8,8,0,0,0,0,0,8,"[0, 0]",descriptive
maxima,consumed_births_food,8,8,0,733.75,581.875,-151.875,-151.875,8,"[-623.75, 168.125]",descriptive
maxima,consumed_births_glass,8,8,0,0,0,0,0,8,"[0, 0]",descriptive
maxima,consumed_births_gold,8,8,0,0,0,0,0,8,"[0, 0]",descriptive
maxima,consumed_births_metal,8,8,0,0,0,0,0,8,"[0, 0]",descriptive
maxima,consumed_births_oranges,8,8,0,0,0,0,0,8,"[0, 0]",descriptive
maxima,consumed_births_paper,8,8,0,0,0,0,0,8,"[0, 0]",descriptive
maxima,consumed_births_prunes,8,8,0,0,0,0,0,8,"[0, 0]",descriptive
maxima,consumed_births_stone,8,8,0,0,0,0,0,8,"[0, 0]",descriptive
maxima,consumed_births_wood,8,8,0,0,0,0,0,8,"[0, 0]",descriptive
maxima,consumed_construction_algae,8,8,0,2.75,3,0.25,0.25,8,"[0, 0.75]",descriptive
maxima,consumed_construction_cherries,8,8,0,0,0,0,0,8,"[0, 0]",descriptive
maxima,consumed_construction_fabric,8,8,0,0,0,0,0,8,"[0, 0]",descriptive
maxima,consumed_construction_food,8,8,0,65.625,39.375,-26.25,-26.25,8,"[-56.875, -4.375]",descriptive
maxima,consumed_construction_glass,8,8,0,0,0,0,0,8,"[0, 0]",descriptive
maxima,consumed_construction_gold,8,8,0,0,0,0,0,8,"[0, 0]",descriptive
maxima,consumed_construction_metal,8,8,0,0,0,0,0,8,"[0, 0]",descriptive
maxima,consumed_construction_oranges,8,8,0,0,0,0,0,8,"[0, 0]",descriptive
maxima,consumed_construction_paper,8,8,0,0,0,0,0,8,"[0, 0]",descriptive
maxima,consumed_construction_prunes,8,8,0,0,0,0,0,8,"[0, 0]",descriptive
maxima,consumed_construction_stone,8,8,0,0.875,0.5,-0.375,-0.375,8,"[-0.875, 0]",descriptive
maxima,consumed_construction_wood,8,8,0,166.625,165.5,-1.125,-1.125,8,"[-15.25, 12]",descriptive
maxima,consumed_healing_algae,8,8,0,0,0,0,0,8,"[0, 0]",descriptive
maxima,consumed_healing_cherries,8,8,0,0,0,0,0,8,"[0, 0]",descriptive
maxima,consumed_healing_fabric,8,8,0,0,0,0,0,8,"[0, 0]",descriptive
maxima,consumed_healing_food,8,8,0,0,0,0,0,8,"[0, 0]",descriptive
maxima,consumed_healing_glass,8,8,0,0,0,0,0,8,"[0, 0]",descriptive
maxima,consumed_healing_gold,8,8,0,0,0,0,0,8,"[0, 0]",descriptive
maxima,consumed_healing_metal,8,8,0,0,0,0,0,8,"[0, 0]",descriptive
maxima,consumed_healing_oranges,8,8,0,0,0,0,0,8,"[0, 0]",descriptive
maxima,consumed_healing_paper,8,8,0,0,0,0,0,8,"[0, 0]",descriptive
maxima,consumed_healing_prunes,8,8,0,0,0,0,0,8,"[0, 0]",descriptive
maxima,consumed_healing_stone,8,8,0,0,0,0,0,8,"[0, 0]",descriptive
maxima,consumed_healing_wood,8,8,0,0,0,0,0,8,"[0, 0]",descriptive
maxima,consumed_meals_algae,8,8,0,0,0,0,0,8,"[0, 0]",descriptive
maxima,consumed_meals_cherries,8,8,0,253.125,131.125,-122,-122,8,"[-302.5, -6.625]",descriptive
maxima,consumed_meals_fabric,8,8,0,0,0,0,0,8,"[0, 0]",descriptive
maxima,consumed_meals_food,8,8,0,505.375,386.375,-119,-119,8,"[-390.125, 45.375]",descriptive
maxima,consumed_meals_glass,8,8,0,0,0,0,0,8,"[0, 0]",descriptive
maxima,consumed_meals_gold,8,8,0,0,0,0,0,8,"[0, 0]",descriptive
maxima,consumed_meals_metal,8,8,0,0,0,0,0,8,"[0, 0]",descriptive
maxima,consumed_meals_oranges,8,8,0,200.75,134,-66.75,-66.75,8,"[-278.875, 85.125]",descriptive
maxima,consumed_meals_paper,8,8,0,0,0,0,0,8,"[0, 0]",descriptive
maxima,consumed_meals_prunes,8,8,0,144.875,70.375,-74.5,-74.5,8,"[-215.25, 1.5]",descriptive
maxima,consumed_meals_stone,8,8,0,0,0,0,0,8,"[0, 0]",descriptive
maxima,consumed_meals_wood,8,8,0,0,0,0,0,8,"[0, 0]",descriptive
maxima,consumed_training_algae,8,8,0,0,0,0,0,8,"[0, 0]",descriptive
maxima,consumed_training_cherries,8,8,0,0,0,0,0,8,"[0, 0]",descriptive
maxima,consumed_training_fabric,8,8,0,0,0,0,0,8,"[0, 0]",descriptive
maxima,consumed_training_food,8,8,0,0,0,0,0,8,"[0, 0]",descriptive
maxima,consumed_training_glass,8,8,0,0,0,0,0,8,"[0, 0]",descriptive
maxima,consumed_training_gold,8,8,0,0,0,0,0,8,"[0, 0]",descriptive
maxima,consumed_training_metal,8,8,0,0,0,0,0,8,"[0, 0]",descriptive
maxima,consumed_training_oranges,8,8,0,0,0,0,0,8,"[0, 0]",descriptive
maxima,consumed_training_paper,8,8,0,0,0,0,0,8,"[0, 0]",descriptive
maxima,consumed_training_prunes,8,8,0,0,0,0,0,8,"[0, 0]",descriptive
maxima,consumed_training_stone,8,8,0,0,0,0,0,8,"[0, 0]",descriptive
maxima,consumed_training_wood,8,8,0,0,0,0,0,8,"[0, 0]",descriptive
maxima,consumed_upgrades_algae,8,8,0,24,20.25,-3.75,-3.75,8,"[-9.25, 0]",descriptive
maxima,consumed_upgrades_cherries,8,8,0,0,0,0,0,8,"[0, 0]",descriptive
maxima,consumed_upgrades_fabric,8,8,0,0,0,0,0,8,"[0, 0]",descriptive
maxima,consumed_upgrades_food,8,8,0,7.5,5,-2.5,-2.5,8,"[-6.5, 0]",descriptive
maxima,consumed_upgrades_glass,8,8,0,0,0,0,0,8,"[0, 0]",descriptive
maxima,consumed_upgrades_gold,8,8,0,0,0,0,0,8,"[0, 0]",descriptive
maxima,consumed_upgrades_metal,8,8,0,0,0,0,0,8,"[0, 0]",descriptive
maxima,consumed_upgrades_oranges,8,8,0,0,0,0,0,8,"[0, 0]",descriptive
maxima,consumed_upgrades_paper,8,8,0,0,0,0,0,8,"[0, 0]",descriptive
maxima,consumed_upgrades_prunes,8,8,0,0,0,0,0,8,"[0, 0]",descriptive
maxima,consumed_upgrades_stone,8,8,0,46.875,49.625,2.75,2.75,8,"[-4.5, 12.75]",descriptive
maxima,consumed_upgrades_wood,8,8,0,49.625,45.875,-3.75,-3.75,8,"[-12.375, 1.125]",descriptive
maxima,delivered_algae,8,8,0,30,24.125,-5.875,-5.875,8,"[-14.125, 0]",descriptive
maxima,delivered_algae_per_1000_ticks,8,8,0,0.37894520449296654,0.27136296313379404,-0.1075822413591725,-0.1075822413591725,8,"[-0.2402671430823481, 0.0]",descriptive
maxima,delivered_cherries,8,8,0,393.5,201,-192.5,-192.5,8,"[-479.25, -1.625]",descriptive
maxima,delivered_cherries_per_1000_ticks,8,8,0,4.757407231536843,2.521573580437152,-2.2358336510996906,-2.2358336510996906,8,"[-5.901962748781123, 0.30255971707182894]",descriptive
maxima,delivered_fabric,8,8,0,0,0,0,0,8,"[0, 0]",descriptive
maxima,delivered_fabric_per_1000_ticks,8,8,0,0.0,0.0,0.0,0.0,8,"[0.0, 0.0]",descriptive
maxima,delivered_food,8,8,0,1405.75,1106,-299.75,-299.75,8,"[-1073.625, 176.625]",descriptive
maxima,delivered_food_per_1000_ticks,8,8,0,18.688312216047127,15.382354105015185,-3.305958111031943,-3.305958111031943,8,"[-13.536535147474758, 4.0334502799112935]",descriptive
maxima,delivered_glass,8,8,0,0,0,0,0,8,"[0, 0]",descriptive
maxima,delivered_glass_per_1000_ticks,8,8,0,0.0,0.0,0.0,0.0,8,"[0.0, 0.0]",descriptive
maxima,delivered_gold,8,8,0,0,0,0,0,8,"[0, 0]",descriptive
maxima,delivered_gold_per_1000_ticks,8,8,0,0.0,0.0,0.0,0.0,8,"[0.0, 0.0]",descriptive
maxima,delivered_metal,8,8,0,0,0,0,0,8,"[0, 0]",descriptive
maxima,delivered_metal_per_1000_ticks,8,8,0,0.0,0.0,0.0,0.0,8,"[0.0, 0.0]",descriptive
maxima,delivered_oranges,8,8,0,336.375,218.375,-118,-118,8,"[-450.75, 101]",descriptive
maxima,delivered_oranges_per_1000_ticks,8,8,0,4.5711603856746565,3.3846102750014744,-1.1865501106731822,-1.1865501106731822,8,"[-5.291057551510762, 1.4444320548314398]",descriptive
maxima,delivered_paper,8,8,0,0,0,0,0,8,"[0, 0]",descriptive
maxima,delivered_paper_per_1000_ticks,8,8,0,0.0,0.0,0.0,0.0,8,"[0.0, 0.0]",descriptive
maxima,delivered_prunes,8,8,0,232.25,108.75,-123.5,-123.5,8,"[-341, 5]",descriptive
maxima,delivered_prunes_per_1000_ticks,8,8,0,2.699865866974603,1.398257071256962,-1.3016087957176412,-1.3016087957176412,8,"[-4.047478311232146, 0.24886596772089106]",descriptive
maxima,delivered_stone,8,8,0,66.75,66.375,-0.375,-0.375,8,"[-22.375, 20.25]",descriptive
maxima,delivered_stone_per_1000_ticks,8,8,0,0.835007637604178,0.7758295157650638,-0.059178121839114216,-0.059178121839114216,8,"[-0.32566771930651467, 0.19615064457607304]",descriptive
maxima,delivered_wood,8,8,0,234.25,230.75,-3.5,-3.5,8,"[-33.75, 23.75]",descriptive
maxima,delivered_wood_per_1000_ticks,8,8,0,3.201667813781439,3.1544266379402877,-0.04724117584115167,-0.04724117584115167,8,"[-0.694578870616541, 0.7158683841912498]",descriptive
maxima,first_upgrade_observed_fraction,8,8,0,0.125,0.125,0.0,0.0,8,"[0.0, 0.0]",descriptive
maxima,first_upgrade_waiting_lower_ticks,8,8,0,66253.25,67747.875,1494.625,1494.625,8,"[-18403.5, 18031.0]",descriptive; CI excludes within512tick interval and competing-event uncertainty
maxima,first_upgrade_waiting_upper_ticks,8,8,0,83582.0,85774.0,2192.0,2192.0,8,"[0.0, 5184.0]",descriptive; CI excludes within512tick interval and competing-event uncertainty
maxima,harvested_algae,8,8,0,38.125,26.625,-11.5,-11.5,8,"[-28.75, 0]",descriptive
maxima,harvested_algae_per_1000_ticks,8,8,0,0.47756903551582464,0.2994557321094993,-0.17811330340632536,-0.17811330340632536,8,"[-0.40672114128389664, 0.0]",descriptive
maxima,harvested_cherries,8,8,0,60.75,31.75,-29,-29,8,"[-82.125, 5.5]",descriptive
maxima,harvested_cherries_per_1000_ticks,8,8,0,0.7335182242493216,0.40899128122192896,-0.32452694302739254,-0.32452694302739254,8,"[-1.0168794566851567, 0.15126263212638746]",descriptive
maxima,harvested_fabric,8,8,0,0,0,0,0,8,"[0, 0]",descriptive
maxima,harvested_fabric_per_1000_ticks,8,8,0,0.0,0.0,0.0,0.0,8,"[0.0, 0.0]",descriptive
maxima,harvested_food,8,8,0,1460.5,1142.875,-317.625,-317.625,8,"[-1129.25, 180.25]",descriptive
maxima,harvested_food_per_1000_ticks,8,8,0,19.402033445843042,15.890903674508529,-3.5111297713345127,-3.5111297713345127,8,"[-14.23277171155711, 4.136177845842218]",descriptive
maxima,harvested_glass,8,8,0,0,0,0,0,8,"[0, 0]",descriptive
maxima,harvested_glass_per_1000_ticks,8,8,0,0.0,0.0,0.0,0.0,8,"[0.0, 0.0]",descriptive
maxima,harvested_gold,8,8,0,0,0,0,0,8,"[0, 0]",descriptive
maxima,harvested_gold_per_1000_ticks,8,8,0,0.0,0.0,0.0,0.0,8,"[0.0, 0.0]",descriptive
maxima,harvested_metal,8,8,0,0,0,0,0,8,"[0, 0]",descriptive
maxima,harvested_metal_per_1000_ticks,8,8,0,0.0,0.0,0.0,0.0,8,"[0.0, 0.0]",descriptive
maxima,harvested_oranges,8,8,0,47.875,30.875,-17,-17,8,"[-66.625, 13.625]",descriptive
maxima,harvested_oranges_per_1000_ticks,8,8,0,0.65679432873985,0.48325804962188473,-0.17353627911796526,-0.17353627911796526,8,"[-0.7904203421252711, 0.2051725291685762]",descriptive
maxima,harvested_paper,8,8,0,0,0,0,0,8,"[0, 0]",descriptive
maxima,harvested_paper_per_1000_ticks,8,8,0,0.0,0.0,0.0,0.0,8,"[0.0, 0.0]",descriptive
maxima,harvested_prunes,8,8,0,32.875,13.375,-19.5,-19.5,8,"[-55, 0.5]",descriptive
maxima,harvested_prunes_per_1000_ticks,8,8,0,0.38342638852884414,0.16794604184110806,-0.21548034668773605,-0.21548034668773605,8,"[-0.6552802352352874, 0.023672000757504023]",descriptive
maxima,harvested_stone,8,8,0,69.75,71,1.25,1.25,8,"[-21.375, 23.125]",descriptive
maxima,harvested_stone_per_1000_ticks,8,8,0,0.8725052342483951,0.8281108797147472,-0.04439435453364788,-0.04439435453364788,8,"[-0.32290711775516323, 0.22212827823441753]",descriptive
maxima,harvested_wood,8,8,0,253.625,248.125,-5.5,-5.5,8,"[-43.625, 26.875]",descriptive
maxima,harvested_wood_per_1000_ticks,8,8,0,3.458028950885305,3.404597694354014,-0.05343125653129055,-0.05343125653129055,8,"[-0.819551705186585, 0.8130559399146364]",descriptive
maxima,needFood,8,8,0,4.125,3.5,-0.625,-0.625,8,"[-5.125, 2.375]",descriptive
maxima,needFoodCritical,8,8,0,10.125,13.5,3.375,3.375,8,"[-11.25, 19]",descriptive
maxima,needFoodNoInns,8,8,0,6.375,11.625,5.25,5.25,8,"[-9.125, 20.625]",descriptive
maxima,new_buildings,8,8,0,40.375,38.75,-1.625,-1.625,8,"[-5.5, 2]",descriptive
maxima,new_buildings_10_observed_fraction,8,8,0,0.59375,0.59375,0.0,0.0,8,"[-0.15625, 0.125]",descriptive
maxima,new_buildings_10_waiting_lower_ticks,8,8,0,40673.25,44400.3125,3727.0625,3727.0625,8,"[-3687.1875, 14399.0]",descriptive; CI excludes within512tick interval and competing-event uncertainty
maxima,new_buildings_10_waiting_upper_ticks,8,8,0,51650.5,53026.5,1376.0,1376.0,8,"[-5618.0, 11755.0]",descriptive; CI excludes within512tick interval and competing-event uncertainty
maxima,new_buildings_1_observed_fraction,8,8,0,1.0,1.0,0.0,0.0,8,"[0.0, 0.0]",descriptive
maxima,new_buildings_1_waiting_lower_ticks,8,8,0,1472.0,1440.0,-32.0,-32.0,8,"[-80.0, 0.0]",descriptive; CI excludes within512tick interval and competing-event uncertainty
maxima,new_buildings_1_waiting_upper_ticks,8,8,0,1984.0,1952.0,-32.0,-32.0,8,"[-80.0, 0.0]",descriptive; CI excludes within512tick interval and competing-event uncertainty
maxima,new_buildings_5_observed_fraction,8,8,0,0.9375,0.90625,-0.03125,-0.03125,8,"[-0.1875, 0.09375]",descriptive
maxima,new_buildings_5_waiting_lower_ticks,8,8,0,15256.5625,12692.1875,-2564.375,-2564.375,8,"[-7856.625, 1112.25]",descriptive; CI excludes within512tick interval and competing-event uncertainty
maxima,new_buildings_5_waiting_upper_ticks,8,8,0,15897.0,17173.5,1276.5,1276.5,8,"[-7669.5, 11707.0]",descriptive; CI excludes within512tick interval and competing-event uncertainty
maxima,observed_winner_set_change,8,3,5,0,0.3333333333333333,0.3333333333333333,0.3333333333333333,3,"[0, 1]","descriptive; unresolved games excluded, resolution-selection bias possible"
maxima,resolution_status_change,8,8,0,0,0.5,0.5,0.5,8,"[0.125, 0.875]",descriptive
maxima,resolved_match_win_maxima,8,3,5,1,1,0,0,3,"[0, 0]","descriptive; unresolved games excluded, resolution-selection bias possible"
maxima,resolved_outcome,8,8,0,0.75,0.5,-0.25,-0.25,8,"[-0.75, 0.25]",descriptive
maxima,resolved_win_team_share_maxima,8,3,5,0.5,0.5,0.0,0.0,3,"[0.0, 0.0]","descriptive; unresolved games excluded, resolution-selection bias possible"
maxima,sites,8,8,0,5,5.25,0.25,0.25,8,"[-1.75, 2.625]",descriptive
maxima,starvation_deaths,8,8,0,57,54.75,-2.25,-2.25,8,"[-23.125, 25.375]",descriptive
maxima,stock_algae,8,8,0,3.25,0.125,-3.125,-3.125,8,"[-7.625, 0]",descriptive
maxima,stock_cherries,8,8,0,94.25,22,-72.25,-72.25,8,"[-178.625, -0.75]",descriptive
maxima,stock_fabric,8,8,0,0,0,0,0,8,"[0, 0]",descriptive
maxima,stock_food,8,8,0,49.875,42.375,-7.5,-7.5,8,"[-38.5, 19.75]",descriptive
maxima,stock_glass,8,8,0,0,0,0,0,8,"[0, 0]",descriptive
maxima,stock_gold,8,8,0,0,0,0,0,8,"[0, 0]",descriptive
maxima,stock_metal,8,8,0,0,0,0,0,8,"[0, 0]",descriptive
maxima,stock_oranges,8,8,0,93.75,28.5,-65.25,-65.25,8,"[-186.625, 2.875]",descriptive
maxima,stock_paper,8,8,0,0,0,0,0,8,"[0, 0]",descriptive
maxima,stock_prunes,8,8,0,83.375,28.5,-54.875,-54.875,8,"[-144.375, 0]",descriptive
maxima,stock_stone,8,8,0,7.25,6.375,-0.875,-0.875,8,"[-5.625, 3.875]",descriptive
maxima,stock_wood,8,8,0,8.75,6.25,-2.5,-2.5,8,"[-8.375, 2.125]",descriptive
maxima,surviving_teams,8,8,0,1.375,1.625,0.25,0.25,8,"[-0.5, 1]",descriptive
maxima,tick_cap,8,8,0,0.25,0.5,0.25,0.25,8,"[-0.25, 0.75]",descriptive
maxima,ticks,8,8,0,71121.5,71833,711.5,711.5,8,"[-18388, 17088.75]",descriptive
maxima,units,8,8,0,91.375,56.875,-34.5,-34.5,8,"[-125, 17.875]",descriptive
maxima,unresolved_outcome,8,8,0,0.25,0.5,0.25,0.25,8,"[-0.25, 0.75]",descriptive
maxima,upgrades,8,8,0,7.375,6.875,-0.5,-0.5,8,"[-2.625, 1.125]",descriptive
maxima,warriors,8,8,0,19.25,17.875,-1.375,-1.375,8,"[-11.75, 6.75]",descriptive
maxima,withdrawn_algae,8,8,0,0,0,0,0,8,"[0, 0]",descriptive
maxima,withdrawn_cherries,8,8,0,0,0,0,0,8,"[0, 0]",descriptive
maxima,withdrawn_fabric,8,8,0,0,0,0,0,8,"[0, 0]",descriptive
maxima,withdrawn_food,8,8,0,0,0,0,0,8,"[0, 0]",descriptive
maxima,withdrawn_glass,8,8,0,0,0,0,0,8,"[0, 0]",descriptive
maxima,withdrawn_gold,8,8,0,0,0,0,0,8,"[0, 0]",descriptive
maxima,withdrawn_metal,8,8,0,0,0,0,0,8,"[0, 0]",descriptive
maxima,withdrawn_oranges,8,8,0,0,0,0,0,8,"[0, 0]",descriptive
maxima,withdrawn_paper,8,8,0,0,0,0,0,8,"[0, 0]",descriptive
maxima,withdrawn_prunes,8,8,0,0,0,0,0,8,"[0, 0]",descriptive
maxima,withdrawn_stone,8,8,0,0,0,0,0,8,"[0, 0]",descriptive
maxima,withdrawn_wood,8,8,0,0,0,0,0,8,"[0, 0]",descriptive
maxima,workers,8,8,0,60.25,35,-25.25,-25.25,8,"[-91.5, 12.5]",descriptive
mixed,births,16,16,0,151.625,121.5,-30.125,-30.125,8,"[-68.5625, -3.0]",descriptive
mixed,buildings,16,16,0,29.8125,23.9375,-5.875,-5.875,8,"[-12.75, -0.5]",descriptive
mixed,carried_algae,16,16,0,0.125,0,-0.125,-0.125,8,"[-0.375, 0]",descriptive
mixed,carried_cherries,16,16,0,0.75,0.75,0,0.0,8,"[-0.5, 0.4375]",descriptive
mixed,carried_fabric,16,16,0,0,0,0,0,8,"[0, 0]",descriptive
mixed,carried_food,16,16,0,8.375,5.375,-3,-3.0,8,"[-10.1875, 1.4375]",descriptive
mixed,carried_glass,16,16,0,0,0,0,0,8,"[0, 0]",descriptive
mixed,carried_gold,16,16,0,0,0,0,0,8,"[0, 0]",descriptive
mixed,carried_metal,16,16,0,0,0,0,0,8,"[0, 0]",descriptive
mixed,carried_oranges,16,16,0,0.3125,0.5625,0.25,0.25,8,"[-0.25, 0.75]",descriptive
mixed,carried_paper,16,16,0,0,0,0,0,8,"[0, 0]",descriptive
mixed,carried_prunes,16,16,0,0.5625,0.125,-0.4375,-0.4375,8,"[-1.3125, 0]",descriptive
mixed,carried_stone,16,16,0,0.25,1,0.75,0.75,8,"[0.0625, 1.625]",descriptive
mixed,carried_wood,16,16,0,0.6875,1.75,1.0625,1.0625,8,"[-0.3125, 2.5625]",descriptive
mixed,consumed_ammunition_algae,16,16,0,0,0,0,0,8,"[0, 0]",descriptive
mixed,consumed_ammunition_cherries,16,16,0,0,0,0,0,8,"[0, 0]",descriptive
mixed,consumed_ammunition_fabric,16,16,0,0,0,0,0,8,"[0, 0]",descriptive
mixed,consumed_ammunition_food,16,16,0,0,0,0,0,8,"[0, 0]",descriptive
mixed,consumed_ammunition_glass,16,16,0,0,0,0,0,8,"[0, 0]",descriptive
mixed,consumed_ammunition_gold,16,16,0,0,0,0,0,8,"[0, 0]",descriptive
mixed,consumed_ammunition_metal,16,16,0,0,0,0,0,8,"[0, 0]",descriptive
mixed,consumed_ammunition_oranges,16,16,0,0,0,0,0,8,"[0, 0]",descriptive
mixed,consumed_ammunition_paper,16,16,0,0,0,0,0,8,"[0, 0]",descriptive
mixed,consumed_ammunition_prunes,16,16,0,0,0,0,0,8,"[0, 0]",descriptive
mixed,consumed_ammunition_stone,16,16,0,9.6875,3,-6.6875,-6.6875,8,"[-17.375, 0.625]",descriptive
mixed,consumed_ammunition_wood,16,16,0,0,0,0,0,8,"[0, 0]",descriptive
mixed,consumed_births_algae,16,16,0,0,0,0,0,8,"[0, 0]",descriptive
mixed,consumed_births_cherries,16,16,0,0,0,0,0,8,"[0, 0]",descriptive
mixed,consumed_births_fabric,16,16,0,0,0,0,0,8,"[0, 0]",descriptive
mixed,consumed_births_food,16,16,0,758.125,607.5,-150.625,-150.625,8,"[-342.8125, -15.0]",descriptive
mixed,consumed_births_glass,16,16,0,0,0,0,0,8,"[0, 0]",descriptive
mixed,consumed_births_gold,16,16,0,0,0,0,0,8,"[0, 0]",descriptive
mixed,consumed_births_metal,16,16,0,0,0,0,0,8,"[0, 0]",descriptive
mixed,consumed_births_oranges,16,16,0,0,0,0,0,8,"[0, 0]",descriptive
mixed,consumed_births_paper,16,16,0,0,0,0,0,8,"[0, 0]",descriptive
mixed,consumed_births_prunes,16,16,0,0,0,0,0,8,"[0, 0]",descriptive
mixed,consumed_births_stone,16,16,0,0,0,0,0,8,"[0, 0]",descriptive
mixed,consumed_births_wood,16,16,0,0,0,0,0,8,"[0, 0]",descriptive
mixed,consumed_construction_algae,16,16,0,3.625,2.25,-1.375,-1.375,8,"[-3.5, 0.25]",descriptive
mixed,consumed_construction_cherries,16,16,0,0,0,0,0,8,"[0, 0]",descriptive
mixed,consumed_construction_fabric,16,16,0,0,0,0,0,8,"[0, 0]",descriptive
mixed,consumed_construction_food,16,16,0,76.5625,56.875,-19.6875,-19.6875,8,"[-43.75, 0]",descriptive
mixed,consumed_construction_glass,16,16,0,0,0,0,0,8,"[0, 0]",descriptive
mixed,consumed_construction_gold,16,16,0,0,0,0,0,8,"[0, 0]",descriptive
mixed,consumed_construction_metal,16,16,0,0,0,0,0,8,"[0, 0]",descriptive
mixed,consumed_construction_oranges,16,16,0,0,0,0,0,8,"[0, 0]",descriptive
mixed,consumed_construction_paper,16,16,0,0,0,0,0,8,"[0, 0]",descriptive
mixed,consumed_construction_prunes,16,16,0,0,0,0,0,8,"[0, 0]",descriptive
mixed,consumed_construction_stone,16,16,0,1.9375,1.625,-0.3125,-0.3125,8,"[-1.0625, 0.25]",descriptive
mixed,consumed_construction_wood,16,16,0,164.0625,136.5,-27.5625,-27.5625,8,"[-65.5, -2.125]",descriptive
mixed,consumed_healing_algae,16,16,0,0,0,0,0,8,"[0, 0]",descriptive
mixed,consumed_healing_cherries,16,16,0,0,0,0,0,8,"[0, 0]",descriptive
mixed,consumed_healing_fabric,16,16,0,0,0,0,0,8,"[0, 0]",descriptive
mixed,consumed_healing_food,16,16,0,0,0,0,0,8,"[0, 0]",descriptive
mixed,consumed_healing_glass,16,16,0,0,0,0,0,8,"[0, 0]",descriptive
mixed,consumed_healing_gold,16,16,0,0,0,0,0,8,"[0, 0]",descriptive
mixed,consumed_healing_metal,16,16,0,0,0,0,0,8,"[0, 0]",descriptive
mixed,consumed_healing_oranges,16,16,0,0,0,0,0,8,"[0, 0]",descriptive
mixed,consumed_healing_paper,16,16,0,0,0,0,0,8,"[0, 0]",descriptive
mixed,consumed_healing_prunes,16,16,0,0,0,0,0,8,"[0, 0]",descriptive
mixed,consumed_healing_stone,16,16,0,0,0,0,0,8,"[0, 0]",descriptive
mixed,consumed_healing_wood,16,16,0,0,0,0,0,8,"[0, 0]",descriptive
mixed,consumed_meals_algae,16,16,0,0,0,0,0,8,"[0, 0]",descriptive
mixed,consumed_meals_cherries,16,16,0,203.625,123.3125,-80.3125,-80.3125,8,"[-262.3125, 20.9375]",descriptive
mixed,consumed_meals_fabric,16,16,0,0,0,0,0,8,"[0, 0]",descriptive
mixed,consumed_meals_food,16,16,0,574.8125,422,-152.8125,-152.8125,8,"[-406.875, 2.6875]",descriptive
mixed,consumed_meals_glass,16,16,0,0,0,0,0,8,"[0, 0]",descriptive
mixed,consumed_meals_gold,16,16,0,0,0,0,0,8,"[0, 0]",descriptive
mixed,consumed_meals_metal,16,16,0,0,0,0,0,8,"[0, 0]",descriptive
mixed,consumed_meals_oranges,16,16,0,194.5625,113.9375,-80.625,-80.625,8,"[-220.8125, 7.8125]",descriptive
mixed,consumed_meals_paper,16,16,0,0,0,0,0,8,"[0, 0]",descriptive
mixed,consumed_meals_prunes,16,16,0,135.9375,50.4375,-85.5,-85.5,8,"[-259.125, 16.875]",descriptive
mixed,consumed_meals_stone,16,16,0,0,0,0,0,8,"[0, 0]",descriptive
mixed,consumed_meals_wood,16,16,0,0,0,0,0,8,"[0, 0]",descriptive
mixed,consumed_training_algae,16,16,0,0,0,0,0,8,"[0, 0]",descriptive
mixed,consumed_training_cherries,16,16,0,0,0,0,0,8,"[0, 0]",descriptive
mixed,consumed_training_fabric,16,16,0,0,0,0,0,8,"[0, 0]",descriptive
mixed,consumed_training_food,16,16,0,0,0,0,0,8,"[0, 0]",descriptive
mixed,consumed_training_glass,16,16,0,0,0,0,0,8,"[0, 0]",descriptive
mixed,consumed_training_gold,16,16,0,0,0,0,0,8,"[0, 0]",descriptive
mixed,consumed_training_metal,16,16,0,0,0,0,0,8,"[0, 0]",descriptive
mixed,consumed_training_oranges,16,16,0,0,0,0,0,8,"[0, 0]",descriptive
mixed,consumed_training_paper,16,16,0,0,0,0,0,8,"[0, 0]",descriptive
mixed,consumed_training_prunes,16,16,0,0,0,0,0,8,"[0, 0]",descriptive
mixed,consumed_training_stone,16,16,0,0,0,0,0,8,"[0, 0]",descriptive
mixed,consumed_training_wood,16,16,0,0,0,0,0,8,"[0, 0]",descriptive
mixed,consumed_upgrades_algae,16,16,0,20.5,17.25,-3.25,-3.25,8,"[-24.375, 14.625]",descriptive
mixed,consumed_upgrades_cherries,16,16,0,0,0,0,0,8,"[0, 0]",descriptive
mixed,consumed_upgrades_fabric,16,16,0,0,0,0,0,8,"[0, 0]",descriptive
mixed,consumed_upgrades_food,16,16,0,4.375,3.75,-0.625,-0.625,8,"[-5.625, 3.75]",descriptive
mixed,consumed_upgrades_glass,16,16,0,0,0,0,0,8,"[0, 0]",descriptive
mixed,consumed_upgrades_gold,16,16,0,0,0,0,0,8,"[0, 0]",descriptive
mixed,consumed_upgrades_metal,16,16,0,0,0,0,0,8,"[0, 0]",descriptive
mixed,consumed_upgrades_oranges,16,16,0,0,0,0,0,8,"[0, 0]",descriptive
mixed,consumed_upgrades_paper,16,16,0,0,0,0,0,8,"[0, 0]",descriptive
mixed,consumed_upgrades_prunes,16,16,0,0,0,0,0,8,"[0, 0]",descriptive
mixed,consumed_upgrades_stone,16,16,0,69.3125,38.625,-30.6875,-30.6875,8,"[-100.5625, 12.75]",descriptive
mixed,consumed_upgrades_wood,16,16,0,83.375,44.75,-38.625,-38.625,8,"[-121.75, 7.625]",descriptive
mixed,delivered_algae,16,16,0,26.25,20.375,-5.875,-5.875,8,"[-29.5625, 13.5]",descriptive
mixed,delivered_algae_per_1000_ticks,16,16,0,0.2917047100219492,0.25732594657574925,-0.03437876344619992,-0.03437876344619992,8,"[-0.23890694665777767, 0.15135084553360637]",descriptive
mixed,delivered_cherries,16,16,0,301.5,194.125,-107.375,-107.375,8,"[-364.1875, 39.9375]",descriptive
mixed,delivered_cherries_per_1000_ticks,16,16,0,3.3972189475308046,2.560234725147984,-0.8369842223828203,-0.8369842223828203,8,"[-3.094093062795461, 0.5253427017363288]",descriptive
mixed,delivered_fabric,16,16,0,0,0,0,0,8,"[0, 0]",descriptive
mixed,delivered_fabric_per_1000_ticks,16,16,0,0.0,0.0,0.0,0.0,8,"[0.0, 0.0]",descriptive
mixed,delivered_food,16,16,0,1520.6875,1182.6875,-338,-338.0,8,"[-832.3125, -41.75]",descriptive
mixed,delivered_food_per_1000_ticks,16,16,0,18.700283544684176,14.969431489170487,-3.7308520555136897,-3.73085205551369,8,"[-8.074336938125938, -1.0900270132263803]",descriptive
mixed,delivered_glass,16,16,0,0,0,0,0,8,"[0, 0]",descriptive
mixed,delivered_glass_per_1000_ticks,16,16,0,0.0,0.0,0.0,0.0,8,"[0.0, 0.0]",descriptive
mixed,delivered_gold,16,16,0,0,0,0,0,8,"[0, 0]",descriptive
mixed,delivered_gold_per_1000_ticks,16,16,0,0.0,0.0,0.0,0.0,8,"[0.0, 0.0]",descriptive
mixed,delivered_metal,16,16,0,0,0,0,0,8,"[0, 0]",descriptive
mixed,delivered_metal_per_1000_ticks,16,16,0,0.0,0.0,0.0,0.0,8,"[0.0, 0.0]",descriptive
mixed,delivered_oranges,16,16,0,292.625,171,-121.625,-121.625,8,"[-332.8125, 11.75]",descriptive
mixed,delivered_oranges_per_1000_ticks,16,16,0,3.3462749930713493,2.3132962712479017,-1.0329787218234474,-1.0329787218234474,8,"[-2.846217862555166, 0.15872369490130733]",descriptive
mixed,delivered_paper,16,16,0,0,0,0,0,8,"[0, 0]",descriptive
mixed,delivered_paper_per_1000_ticks,16,16,0,0.0,0.0,0.0,0.0,8,"[0.0, 0.0]",descriptive
mixed,delivered_prunes,16,16,0,232.0625,79.6875,-152.375,-152.375,8,"[-441.75, 16.375]",descriptive
mixed,delivered_prunes_per_1000_ticks,16,16,0,2.6077390157071316,1.0027844542229833,-1.6049545614841483,-1.6049545614841483,8,"[-4.668697737894709, 0.19506234717467769]",descriptive
mixed,delivered_stone,16,16,0,88.6875,48.625,-40.0625,-40.0625,8,"[-124.75, 14.6875]",descriptive
mixed,delivered_stone_per_1000_ticks,16,16,0,1.0195275852390056,0.6288914249959769,-0.39063616024302855,-0.39063616024302855,8,"[-1.2189164723446482, 0.1597108584011062]",descriptive
mixed,delivered_wood,16,16,0,258.6875,191.5,-67.1875,-67.1875,8,"[-184.6875, 1.8125]",descriptive
mixed,delivered_wood_per_1000_ticks,16,16,0,3.218902409920975,2.527679075505471,-0.6912233344155037,-0.6912233344155037,8,"[-1.6899976279286415, -0.06588237190418049]",descriptive
mixed,first_upgrade_observed_fraction,16,16,0,0.25,0.171875,-0.078125,-0.078125,8,"[-0.1875, 0.0]",descriptive
mixed,first_upgrade_waiting_lower_ticks,16,16,0,60143.875,63760.53125,3616.65625,3616.65625,8,"[-1541.125, 10009.84375]",descriptive; CI excludes within512tick interval and competing-event uncertainty
mixed,first_upgrade_waiting_upper_ticks,16,16,0,77468.0,79427.25,1959.25,1959.25,8,"[-168.0, 5276.75]",descriptive; CI excludes within512tick interval and competing-event uncertainty
mixed,harvested_algae,16,16,0,29.8125,21.6875,-8.125,-8.125,8,"[-38.0, 15.125]",descriptive
mixed,harvested_algae_per_1000_ticks,16,16,0,0.33130072447371,0.27302302737668216,-0.05827769709702783,-0.05827769709702783,8,"[-0.3288941586815021, 0.16939371997073444]",descriptive
mixed,harvested_cherries,16,16,0,50.75,30.0625,-20.6875,-20.6875,8,"[-71.0, 7.5]",descriptive
mixed,harvested_cherries_per_1000_ticks,16,16,0,0.5692811468142432,0.40427627436143576,-0.16500487245280748,-0.16500487245280748,8,"[-0.6143823859240369, 0.10440701650896811]",descriptive
mixed,harvested_fabric,16,16,0,0,0,0,0,8,"[0, 0]",descriptive
mixed,harvested_fabric_per_1000_ticks,16,16,0,0.0,0.0,0.0,0.0,8,"[0.0, 0.0]",descriptive
mixed,harvested_food,16,16,0,1568.25,1216.0625,-352.1875,-352.1875,8,"[-876.8125, -42.875]",descriptive
mixed,harvested_food_per_1000_ticks,16,16,0,19.28915486699973,15.39319664945592,-3.895958217543809,-3.895958217543809,8,"[-8.519362395346707, -1.1096846460416359]",descriptive
mixed,harvested_glass,16,16,0,0,0,0,0,8,"[0, 0]",descriptive
mixed,harvested_glass_per_1000_ticks,16,16,0,0.0,0.0,0.0,0.0,8,"[0.0, 0.0]",descriptive
mixed,harvested_gold,16,16,0,0,0,0,0,8,"[0, 0]",descriptive
mixed,harvested_gold_per_1000_ticks,16,16,0,0.0,0.0,0.0,0.0,8,"[0.0, 0.0]",descriptive
mixed,harvested_metal,16,16,0,0,0,0,0,8,"[0, 0]",descriptive
mixed,harvested_metal_per_1000_ticks,16,16,0,0.0,0.0,0.0,0.0,8,"[0.0, 0.0]",descriptive
mixed,harvested_oranges,16,16,0,37.75,21.625,-16.125,-16.125,8,"[-43.375, 0.875]",descriptive
mixed,harvested_oranges_per_1000_ticks,16,16,0,0.4296034180349644,0.2927304537208082,-0.1368729643141562,-0.13687296431415621,8,"[-0.3653981789058668, 0.012240228780891906]",descriptive
mixed,harvested_paper,16,16,0,0,0,0,0,8,"[0, 0]",descriptive
mixed,harvested_paper_per_1000_ticks,16,16,0,0.0,0.0,0.0,0.0,8,"[0.0, 0.0]",descriptive
mixed,harvested_prunes,16,16,0,28.5,8.9375,-19.5625,-19.5625,8,"[-55.5625, 1.375]",descriptive
mixed,harvested_prunes_per_1000_ticks,16,16,0,0.3195933460151576,0.11430928224657062,-0.20528406376858696,-0.205284063768587,8,"[-0.5839839039209009, 0.01622163807415606]",descriptive
mixed,harvested_stone,16,16,0,95.25,51.875,-43.375,-43.375,8,"[-135.625, 15.9375]",descriptive
mixed,harvested_stone_per_1000_ticks,16,16,0,1.0931299175976512,0.6687520161903546,-0.42437790140729653,-0.42437790140729653,8,"[-1.3313049340252492, 0.1744133216084743]",descriptive
mixed,harvested_wood,16,16,0,279.6875,205.3125,-74.375,-74.375,8,"[-204.5, 3.0625]",descriptive
mixed,harvested_wood_per_1000_ticks,16,16,0,3.4655470247587945,2.7088268621259926,-0.7567201626328022,-0.7567201626328022,8,"[-1.8657292419449831, -0.05807569757244582]",descriptive
mixed,needFood,16,16,0,3.4375,2.8125,-0.625,-0.625,8,"[-3.4375, 1.9375]",descriptive
mixed,needFoodCritical,16,16,0,6.8125,6.5625,-0.25,-0.25,8,"[-3.8125, 3.1875]",descriptive
mixed,needFoodNoInns,16,16,0,4.125,6.5,2.375,2.375,8,"[0.0625, 4.9375]",descriptive
mixed,new_buildings,16,16,0,39.4375,33.3125,-6.125,-6.125,8,"[-15.625, 0.25]",descriptive
mixed,new_buildings_10_observed_fraction,16,16,0,0.5,0.4375,-0.0625,-0.0625,8,"[-0.171875, 0.0625]",descriptive
mixed,new_buildings_10_waiting_lower_ticks,16,16,0,47078.0625,52825.96875,5747.90625,5747.90625,8,"[2527.375, 8716.25]",descriptive; CI excludes within512tick interval and competing-event uncertainty
mixed,new_buildings_10_waiting_upper_ticks,16,16,0,60096.0,63009.0,2913.0,2913.0,8,"[-5518.25, 9512.25]",descriptive; CI excludes within512tick interval and competing-event uncertainty
mixed,new_buildings_1_observed_fraction,16,16,0,1.0,1.0,0.0,0.0,8,"[0.0, 0.0]",descriptive
mixed,new_buildings_1_waiting_lower_ticks,16,16,0,1600.0,1600.0,0.0,0.0,8,"[-72.0, 88.0]",descriptive; CI excludes within512tick interval and competing-event uncertainty
mixed,new_buildings_1_waiting_upper_ticks,16,16,0,2112.0,2112.0,0.0,0.0,8,"[-72.0, 88.0]",descriptive; CI excludes within512tick interval and competing-event uncertainty
mixed,new_buildings_5_observed_fraction,16,16,0,0.875,0.84375,-0.03125,-0.03125,8,"[-0.078125, 0.0]",descriptive
mixed,new_buildings_5_waiting_lower_ticks,16,16,0,16993.125,19166.96875,2173.84375,2173.84375,8,"[-131.375, 5186.75]",descriptive; CI excludes within512tick interval and competing-event uncertainty
mixed,new_buildings_5_waiting_upper_ticks,16,16,0,21074.0,23766.5,2692.5,2692.5,8,"[454.25, 5669.5]",descriptive; CI excludes within512tick interval and competing-event uncertainty
mixed,observed_winner_set_change,16,6,10,0,0.3333333333333333,0.3333333333333333,0.375,4,"[0, 0.75]","descriptive; unresolved games excluded, resolution-selection bias possible"
mixed,resolution_status_change,16,16,0,0,0.25,0.25,0.25,8,"[0.0625, 0.4375]",descriptive
mixed,resolved_match_win_cortex,16,6,10,0.16666666666666666,0.5,0.3333333333333333,0.375,4,"[0, 0.75]","descriptive; unresolved games excluded, resolution-selection bias possible"
mixed,resolved_match_win_maxima,16,6,10,0.8333333333333334,0.5,-0.3333333333333333,-0.375,4,"[-0.75, 0]","descriptive; unresolved games excluded, resolution-selection bias possible"
mixed,resolved_match_win_nicowar,16,1,15,0,0,0,0,1,"[0, 0]","descriptive; unresolved games excluded, resolution-selection bias possible"
mixed,resolved_outcome,16,16,0,0.4375,0.5625,0.125,0.125,8,"[-0.125, 0.375]",descriptive
mixed,resolved_win_team_share_cortex,16,6,10,0.16666666666666666,0.5,0.3333333333333333,0.375,4,"[0.0, 0.75]","descriptive; unresolved games excluded, resolution-selection bias possible"
mixed,resolved_win_team_share_maxima,16,6,10,0.75,0.5,-0.25,-0.25,4,"[-0.5, 0.0]","descriptive; unresolved games excluded, resolution-selection bias possible"
mixed,resolved_win_team_share_nicowar,16,1,15,0.0,0.0,0.0,0.0,1,"[0.0, 0.0]","descriptive; unresolved games excluded, resolution-selection bias possible"
mixed,sites,16,16,0,3.75,4.6875,0.9375,0.9375,8,"[-1.0625, 3.25]",descriptive
mixed,starvation_deaths,16,16,0,69.625,72.25,2.625,2.625,8,"[-24.0625, 30.5]",descriptive
mixed,stock_algae,16,16,0,1.25,0.875,-0.375,-0.375,8,"[-1.6875, 0.875]",descriptive
mixed,stock_cherries,16,16,0,81.75,53.5625,-28.1875,-28.1875,8,"[-112, 26.5]",descriptive
mixed,stock_fabric,16,16,0,0,0,0,0,8,"[0, 0]",descriptive
mixed,stock_food,16,16,0,64.25,48.375,-15.875,-15.875,8,"[-57.25, 10.6875]",descriptive
mixed,stock_glass,16,16,0,0,0,0,0,8,"[0, 0]",descriptive
mixed,stock_gold,16,16,0,0,0,0,0,8,"[0, 0]",descriptive
mixed,stock_metal,16,16,0,0,0,0,0,8,"[0, 0]",descriptive
mixed,stock_oranges,16,16,0,85.625,48.1875,-37.4375,-37.4375,8,"[-113.5, 13.75]",descriptive
mixed,stock_paper,16,16,0,0,0,0,0,8,"[0, 0]",descriptive
mixed,stock_prunes,16,16,0,76.5,18,-58.5,-58.5,8,"[-163.125, 2.25]",descriptive
mixed,stock_stone,16,16,0,6.1875,4.75,-1.4375,-1.4375,8,"[-6.1875, 3.4375]",descriptive
mixed,stock_wood,16,16,0,5.3125,5,-0.3125,-0.3125,8,"[-4.125, 3.375]",descriptive
mixed,surviving_teams,16,16,0,1.75,1.5,-0.25,-0.25,8,"[-0.5, 0]",descriptive
mixed,tick_cap,16,16,0,0.5625,0.4375,-0.125,-0.125,8,"[-0.375, 0.125]",descriptive
mixed,ticks,16,16,0,72803.875,73038.125,234.25,234.25,8,"[-7178.625, 8440.875]",descriptive
mixed,units,16,16,0,67.6875,44.9375,-22.75,-22.75,8,"[-70.3125, 9.5625]",descriptive
mixed,unresolved_outcome,16,16,0,0.5625,0.4375,-0.125,-0.125,8,"[-0.375, 0.125]",descriptive
mixed,upgrades,16,16,0,12.375,6.375,-6,-6.0,8,"[-17.75, 0.1875]",descriptive
mixed,warriors,16,16,0,22.0625,11.8125,-10.25,-10.25,8,"[-27.6875, 0.1875]",descriptive
mixed,withdrawn_algae,16,16,0,0,0,0,0,8,"[0, 0]",descriptive
mixed,withdrawn_cherries,16,16,0,0,0,0,0,8,"[0, 0]",descriptive
mixed,withdrawn_fabric,16,16,0,0,0,0,0,8,"[0, 0]",descriptive
mixed,withdrawn_food,16,16,0,0,0,0,0,8,"[0, 0]",descriptive
mixed,withdrawn_glass,16,16,0,0,0,0,0,8,"[0, 0]",descriptive
mixed,withdrawn_gold,16,16,0,0,0,0,0,8,"[0, 0]",descriptive
mixed,withdrawn_metal,16,16,0,0,0,0,0,8,"[0, 0]",descriptive
mixed,withdrawn_oranges,16,16,0,0,0,0,0,8,"[0, 0]",descriptive
mixed,withdrawn_paper,16,16,0,0,0,0,0,8,"[0, 0]",descriptive
mixed,withdrawn_prunes,16,16,0,0,0,0,0,8,"[0, 0]",descriptive
mixed,withdrawn_stone,16,16,0,0,0,0,0,8,"[0, 0]",descriptive
mixed,withdrawn_wood,16,16,0,0,0,0,0,8,"[0, 0]",descriptive
mixed,workers,16,16,0,40.25,27.875,-12.375,-12.375,8,"[-36.875, 5.3125]",descriptive
nicowar,births,8,8,0,102,105.125,3.125,3.125,8,"[-32.75, 55.5]",descriptive
nicowar,buildings,8,8,0,33.625,26.875,-6.75,-6.75,8,"[-12.25, -2.375]",descriptive
nicowar,carried_algae,8,8,0,0.75,0,-0.75,-0.75,8,"[-2, 0]",descriptive
nicowar,carried_cherries,8,8,0,0,0.75,0.75,0.75,8,"[0, 2.25]",descriptive
nicowar,carried_fabric,8,8,0,0,0,0,0,8,"[0, 0]",descriptive
nicowar,carried_food,8,8,0,9.875,8.75,-1.125,-1.125,8,"[-11.625, 6]",descriptive
nicowar,carried_glass,8,8,0,0,0,0,0,8,"[0, 0]",descriptive
nicowar,carried_gold,8,8,0,0,0,0,0,8,"[0, 0]",descriptive
nicowar,carried_metal,8,8,0,0,0,0,0,8,"[0, 0]",descriptive
nicowar,carried_oranges,8,8,0,0.25,0,-0.25,-0.25,8,"[-0.75, 0]",descriptive
nicowar,carried_paper,8,8,0,0,0,0,0,8,"[0, 0]",descriptive
nicowar,carried_prunes,8,8,0,0.375,0.25,-0.125,-0.125,8,"[-0.375, 0]",descriptive
nicowar,carried_stone,8,8,0,1,0.125,-0.875,-0.875,8,"[-2.125, -0.125]",descriptive
nicowar,carried_wood,8,8,0,1.875,1.375,-0.5,-0.5,8,"[-3.875, 2]",descriptive
nicowar,consumed_ammunition_algae,8,8,0,0,0,0,0,8,"[0, 0]",descriptive
nicowar,consumed_ammunition_cherries,8,8,0,0,0,0,0,8,"[0, 0]",descriptive
nicowar,consumed_ammunition_fabric,8,8,0,0,0,0,0,8,"[0, 0]",descriptive
nicowar,consumed_ammunition_food,8,8,0,0,0,0,0,8,"[0, 0]",descriptive
nicowar,consumed_ammunition_glass,8,8,0,0,0,0,0,8,"[0, 0]",descriptive
nicowar,consumed_ammunition_gold,8,8,0,0,0,0,0,8,"[0, 0]",descriptive
nicowar,consumed_ammunition_metal,8,8,0,0,0,0,0,8,"[0, 0]",descriptive
nicowar,consumed_ammunition_oranges,8,8,0,0,0,0,0,8,"[0, 0]",descriptive
nicowar,consumed_ammunition_paper,8,8,0,0,0,0,0,8,"[0, 0]",descriptive
nicowar,consumed_ammunition_prunes,8,8,0,0,0,0,0,8,"[0, 0]",descriptive
nicowar,consumed_ammunition_stone,8,8,0,0,0,0,0,8,"[0, 0]",descriptive
nicowar,consumed_ammunition_wood,8,8,0,0,0,0,0,8,"[0, 0]",descriptive
nicowar,consumed_births_algae,8,8,0,0,0,0,0,8,"[0, 0]",descriptive
nicowar,consumed_births_cherries,8,8,0,0,0,0,0,8,"[0, 0]",descriptive
nicowar,consumed_births_fabric,8,8,0,0,0,0,0,8,"[0, 0]",descriptive
nicowar,consumed_births_food,8,8,0,510,525.625,15.625,15.625,8,"[-163.75, 277.5]",descriptive
nicowar,consumed_births_glass,8,8,0,0,0,0,0,8,"[0, 0]",descriptive
nicowar,consumed_births_gold,8,8,0,0,0,0,0,8,"[0, 0]",descriptive
nicowar,consumed_births_metal,8,8,0,0,0,0,0,8,"[0, 0]",descriptive
nicowar,consumed_births_oranges,8,8,0,0,0,0,0,8,"[0, 0]",descriptive
nicowar,consumed_births_paper,8,8,0,0,0,0,0,8,"[0, 0]",descriptive
nicowar,consumed_births_prunes,8,8,0,0,0,0,0,8,"[0, 0]",descriptive
nicowar,consumed_births_stone,8,8,0,0,0,0,0,8,"[0, 0]",descriptive
nicowar,consumed_births_wood,8,8,0,0,0,0,0,8,"[0, 0]",descriptive
nicowar,consumed_construction_algae,8,8,0,4.5,3.25,-1.25,-1.25,8,"[-3.25, 0]",descriptive
nicowar,consumed_construction_cherries,8,8,0,0,0,0,0,8,"[0, 0]",descriptive
nicowar,consumed_construction_fabric,8,8,0,0,0,0,0,8,"[0, 0]",descriptive
nicowar,consumed_construction_food,8,8,0,153.125,126.875,-26.25,-26.25,8,"[-56.875, 0]",descriptive
nicowar,consumed_construction_glass,8,8,0,0,0,0,0,8,"[0, 0]",descriptive
nicowar,consumed_construction_gold,8,8,0,0,0,0,0,8,"[0, 0]",descriptive
nicowar,consumed_construction_metal,8,8,0,0,0,0,0,8,"[0, 0]",descriptive
nicowar,consumed_construction_oranges,8,8,0,0,0,0,0,8,"[0, 0]",descriptive
nicowar,consumed_construction_paper,8,8,0,0,0,0,0,8,"[0, 0]",descriptive
nicowar,consumed_construction_prunes,8,8,0,0,0,0,0,8,"[0, 0]",descriptive
nicowar,consumed_construction_stone,8,8,0,4,2.625,-1.375,-1.375,8,"[-2.125, -0.5]",descriptive
nicowar,consumed_construction_wood,8,8,0,143.75,113.5,-30.25,-30.25,8,"[-49.5, -13]",descriptive
nicowar,consumed_healing_algae,8,8,0,0,0,0,0,8,"[0, 0]",descriptive
nicowar,consumed_healing_cherries,8,8,0,0,0,0,0,8,"[0, 0]",descriptive
nicowar,consumed_healing_fabric,8,8,0,0,0,0,0,8,"[0, 0]",descriptive
nicowar,consumed_healing_food,8,8,0,0,0,0,0,8,"[0, 0]",descriptive
nicowar,consumed_healing_glass,8,8,0,0,0,0,0,8,"[0, 0]",descriptive
nicowar,consumed_healing_gold,8,8,0,0,0,0,0,8,"[0, 0]",descriptive
nicowar,consumed_healing_metal,8,8,0,0,0,0,0,8,"[0, 0]",descriptive
nicowar,consumed_healing_oranges,8,8,0,0,0,0,0,8,"[0, 0]",descriptive
nicowar,consumed_healing_paper,8,8,0,0,0,0,0,8,"[0, 0]",descriptive
nicowar,consumed_healing_prunes,8,8,0,0,0,0,0,8,"[0, 0]",descriptive
nicowar,consumed_healing_stone,8,8,0,0,0,0,0,8,"[0, 0]",descriptive
nicowar,consumed_healing_wood,8,8,0,0,0,0,0,8,"[0, 0]",descriptive
nicowar,consumed_meals_algae,8,8,0,0,0,0,0,8,"[0, 0]",descriptive
nicowar,consumed_meals_cherries,8,8,0,35.375,133,97.625,97.625,8,"[-20.25, 317.25]",descriptive
nicowar,consumed_meals_fabric,8,8,0,0,0,0,0,8,"[0, 0]",descriptive
nicowar,consumed_meals_food,8,8,0,559.375,558.875,-0.5,-0.5,8,"[-188.125, 282.5]",descriptive
nicowar,consumed_meals_glass,8,8,0,0,0,0,0,8,"[0, 0]",descriptive
nicowar,consumed_meals_gold,8,8,0,0,0,0,0,8,"[0, 0]",descriptive
nicowar,consumed_meals_metal,8,8,0,0,0,0,0,8,"[0, 0]",descriptive
nicowar,consumed_meals_oranges,8,8,0,28.125,6.25,-21.875,-21.875,8,"[-62.125, 0.5]",descriptive
nicowar,consumed_meals_paper,8,8,0,0,0,0,0,8,"[0, 0]",descriptive
nicowar,consumed_meals_prunes,8,8,0,14.125,133.625,119.5,119.5,8,"[-8.75, 368.5]",descriptive
nicowar,consumed_meals_stone,8,8,0,0,0,0,0,8,"[0, 0]",descriptive
nicowar,consumed_meals_wood,8,8,0,0,0,0,0,8,"[0, 0]",descriptive
nicowar,consumed_training_algae,8,8,0,0,0,0,0,8,"[0, 0]",descriptive
nicowar,consumed_training_cherries,8,8,0,0,0,0,0,8,"[0, 0]",descriptive
nicowar,consumed_training_fabric,8,8,0,0,0,0,0,8,"[0, 0]",descriptive
nicowar,consumed_training_food,8,8,0,0,0,0,0,8,"[0, 0]",descriptive
nicowar,consumed_training_glass,8,8,0,0,0,0,0,8,"[0, 0]",descriptive
nicowar,consumed_training_gold,8,8,0,0,0,0,0,8,"[0, 0]",descriptive
nicowar,consumed_training_metal,8,8,0,0,0,0,0,8,"[0, 0]",descriptive
nicowar,consumed_training_oranges,8,8,0,0,0,0,0,8,"[0, 0]",descriptive
nicowar,consumed_training_paper,8,8,0,0,0,0,0,8,"[0, 0]",descriptive
nicowar,consumed_training_prunes,8,8,0,0,0,0,0,8,"[0, 0]",descriptive
nicowar,consumed_training_stone,8,8,0,0,0,0,0,8,"[0, 0]",descriptive
nicowar,consumed_training_wood,8,8,0,0,0,0,0,8,"[0, 0]",descriptive
nicowar,consumed_upgrades_algae,8,8,0,16.25,10.5,-5.75,-5.75,8,"[-20.25, 3]",descriptive
nicowar,consumed_upgrades_cherries,8,8,0,0,0,0,0,8,"[0, 0]",descriptive
nicowar,consumed_upgrades_fabric,8,8,0,0,0,0,0,8,"[0, 0]",descriptive
nicowar,consumed_upgrades_food,8,8,0,4.5,5.75,1.25,1.25,8,"[-1.5, 4.5]",descriptive
nicowar,consumed_upgrades_glass,8,8,0,0,0,0,0,8,"[0, 0]",descriptive
nicowar,consumed_upgrades_gold,8,8,0,0,0,0,0,8,"[0, 0]",descriptive
nicowar,consumed_upgrades_metal,8,8,0,0,0,0,0,8,"[0, 0]",descriptive
nicowar,consumed_upgrades_oranges,8,8,0,0,0,0,0,8,"[0, 0]",descriptive
nicowar,consumed_upgrades_paper,8,8,0,0,0,0,0,8,"[0, 0]",descriptive
nicowar,consumed_upgrades_prunes,8,8,0,0,0,0,0,8,"[0, 0]",descriptive
nicowar,consumed_upgrades_stone,8,8,0,39.5,32.625,-6.875,-6.875,8,"[-39.125, 21.625]",descriptive
nicowar,consumed_upgrades_wood,8,8,0,64.625,62.875,-1.75,-1.75,8,"[-34.125, 36.375]",descriptive
nicowar,delivered_algae,8,8,0,22.875,15.375,-7.5,-7.5,8,"[-23.25, 1.75]",descriptive
nicowar,delivered_algae_per_1000_ticks,8,8,0,0.30478826994041863,0.17501740995295356,-0.12977085998746504,-0.12977085998746504,8,"[-0.31158703204347804, 0.013923708794796007]",descriptive
nicowar,delivered_cherries,8,8,0,73.25,225.375,152.125,152.125,8,"[-93.75, 560.125]",descriptive
nicowar,delivered_cherries_per_1000_ticks,8,8,0,1.034241750198162,2.504166666666667,1.4699249164685049,1.4699249164685049,8,"[-1.0416666666666665, 5.562552527183292]",descriptive
nicowar,delivered_fabric,8,8,0,0,0,0,0,8,"[0, 0]",descriptive
nicowar,delivered_fabric_per_1000_ticks,8,8,0,0.0,0.0,0.0,0.0,8,"[0.0, 0.0]",descriptive
nicowar,delivered_food,8,8,0,1316.625,1307.625,-9,-9,8,"[-422.75, 591.75]",descriptive
nicowar,delivered_food_per_1000_ticks,8,8,0,16.408367134670595,15.254058300998144,-1.1543088336724519,-1.1543088336724519,8,"[-4.11270599849673, 1.7137767520367861]",descriptive
nicowar,delivered_glass,8,8,0,0,0,0,0,8,"[0, 0]",descriptive
nicowar,delivered_glass_per_1000_ticks,8,8,0,0.0,0.0,0.0,0.0,8,"[0.0, 0.0]",descriptive
nicowar,delivered_gold,8,8,0,0,0,0,0,8,"[0, 0]",descriptive
nicowar,delivered_gold_per_1000_ticks,8,8,0,0.0,0.0,0.0,0.0,8,"[0.0, 0.0]",descriptive
nicowar,delivered_metal,8,8,0,0,0,0,0,8,"[0, 0]",descriptive
nicowar,delivered_metal_per_1000_ticks,8,8,0,0.0,0.0,0.0,0.0,8,"[0.0, 0.0]",descriptive
nicowar,delivered_oranges,8,8,0,42.5,6.25,-36.25,-36.25,8,"[-91.25, 0]",descriptive
nicowar,delivered_oranges_per_1000_ticks,8,8,0,0.47222222222222227,0.0945489041621658,-0.37767331806005644,-0.37767331806005644,8,"[-1.013888888888889, 0.050208919435442714]",descriptive
nicowar,delivered_paper,8,8,0,0,0,0,0,8,"[0, 0]",descriptive
nicowar,delivered_paper_per_1000_ticks,8,8,0,0.0,0.0,0.0,0.0,8,"[0.0, 0.0]",descriptive
nicowar,delivered_prunes,8,8,0,22.5,276.875,254.375,254.375,8,"[-10, 775.625]",descriptive
nicowar,delivered_prunes_per_1000_ticks,8,8,0,0.3542209479165481,3.076388888888889,2.7221679409723407,2.7221679409723407,8,"[-0.1111111111111111, 8.30539271180591]",descriptive
nicowar,delivered_stone,8,8,0,46.5,36.625,-9.875,-9.875,8,"[-44, 17.625]",descriptive
nicowar,delivered_stone_per_1000_ticks,8,8,0,0.6290764033480865,0.4094548904162166,-0.21962151293186988,-0.21962151293186988,8,"[-0.5262986255703087, -0.02275688583423351]",descriptive
nicowar,delivered_wood,8,8,0,224.75,189.5,-35.25,-35.25,8,"[-69.875, 0.125]",descriptive
nicowar,delivered_wood_per_1000_ticks,8,8,0,2.8999617423854547,2.2336625214225627,-0.6662992209628921,-0.6662992209628921,8,"[-1.342979040326465, -0.08141138184932128]",descriptive
nicowar,first_upgrade_observed_fraction,8,8,0,0.25,0.1875,-0.0625,-0.0625,8,"[-0.1875, 0.0]",descriptive
nicowar,first_upgrade_waiting_lower_ticks,8,8,0,77473.125,75233.5,-2239.625,-2239.625,8,"[-15695.0, 9708.875]",descriptive; CI excludes within512tick interval and competing-event uncertainty
nicowar,first_upgrade_waiting_upper_ticks,8,8,0,79564.0,83381.0,3817.0,3817.0,8,"[-96.0, 9067.0]",descriptive; CI excludes within512tick interval and competing-event uncertainty
nicowar,harvested_algae,8,8,0,26.5,17.25,-9.25,-9.25,8,"[-27, 1.25]",descriptive
nicowar,harvested_algae_per_1000_ticks,8,8,0,0.3495326597717628,0.19668755861021095,-0.15284510116155184,-0.15284510116155184,8,"[-0.3610979793152883, 0.011965336387988714]",descriptive
nicowar,harvested_cherries,8,8,0,8.5,24.25,15.75,15.75,8,"[-11.25, 59.5]",descriptive
nicowar,harvested_cherries_per_1000_ticks,8,8,0,0.11975524608132042,0.26944444444444443,0.149689198363124,0.149689198363124,8,"[-0.125, 0.5851787062004831]",descriptive
nicowar,harvested_fabric,8,8,0,0,0,0,0,8,"[0, 0]",descriptive
nicowar,harvested_fabric_per_1000_ticks,8,8,0,0.0,0.0,0.0,0.0,8,"[0.0, 0.0]",descriptive
nicowar,harvested_food,8,8,0,1362.25,1343.25,-19,-19,8,"[-454, 594.375]",descriptive
nicowar,harvested_food_per_1000_ticks,8,8,0,17.00613269087089,15.6635062557719,-1.3426264350989892,-1.3426264350989892,8,"[-4.504927165066138, 1.5225080956545276]",descriptive
nicowar,harvested_glass,8,8,0,0,0,0,0,8,"[0, 0]",descriptive
nicowar,harvested_glass_per_1000_ticks,8,8,0,0.0,0.0,0.0,0.0,8,"[0.0, 0.0]",descriptive
nicowar,harvested_gold,8,8,0,0,0,0,0,8,"[0, 0]",descriptive
nicowar,harvested_gold_per_1000_ticks,8,8,0,0.0,0.0,0.0,0.0,8,"[0.0, 0.0]",descriptive
nicowar,harvested_metal,8,8,0,0,0,0,0,8,"[0, 0]",descriptive
nicowar,harvested_metal_per_1000_ticks,8,8,0,0.0,0.0,0.0,0.0,8,"[0.0, 0.0]",descriptive
nicowar,harvested_oranges,8,8,0,5.375,0.875,-4.5,-4.5,8,"[-11.75, 0]",descriptive
nicowar,harvested_oranges_per_1000_ticks,8,8,0,0.059722222222222225,0.012232668193994357,-0.04748955402822787,-0.04748955402822787,8,"[-0.13055555555555556, 0.00502089194354427]",descriptive
nicowar,harvested_paper,8,8,0,0,0,0,0,8,"[0, 0]",descriptive
nicowar,harvested_paper_per_1000_ticks,8,8,0,0.0,0.0,0.0,0.0,8,"[0.0, 0.0]",descriptive
nicowar,harvested_prunes,8,8,0,3.125,29.875,26.75,26.75,8,"[-1.25, 81.875]",descriptive
nicowar,harvested_prunes_per_1000_ticks,8,8,0,0.04961092906744339,0.33194444444444443,0.2823335153770011,0.2823335153770011,8,"[-0.01388888888888889, 0.8650561016865587]",descriptive
nicowar,harvested_stone,8,8,0,56.375,41.75,-14.625,-14.625,8,"[-55.75, 15.625]",descriptive
nicowar,harvested_stone_per_1000_ticks,8,8,0,0.7700649099452731,0.46639933486066104,-0.30366557508461206,-0.30366557508461206,8,"[-0.692554463973501, -0.027190884306905815]",descriptive
nicowar,harvested_wood,8,8,0,240.125,199.625,-40.5,-40.5,8,"[-76.25, -6]",descriptive
nicowar,harvested_wood_per_1000_ticks,8,8,0,3.1169500669389736,2.3509389177395925,-0.7660111491993811,-0.7660111491993811,8,"[-1.6260924722506742, -0.058052086458580204]",descriptive
nicowar,needFood,8,8,0,2.625,3.375,0.75,0.75,8,"[-1.5, 3.125]",descriptive
nicowar,needFoodCritical,8,8,0,3,6.125,3.125,3.125,8,"[1, 5.625]",descriptive
nicowar,needFoodNoInns,8,8,0,1.375,4,2.625,2.625,8,"[0.625, 4.625]",descriptive
nicowar,new_buildings,8,8,0,35.25,27.875,-7.375,-7.375,8,"[-12.5, -3.125]",descriptive
nicowar,new_buildings_10_observed_fraction,8,8,0,0.75,0.4375,-0.3125,-0.3125,8,"[-0.5, -0.125]",descriptive
nicowar,new_buildings_10_waiting_lower_ticks,8,8,0,56660.0,66039.25,9379.25,9379.25,8,"[-385.5, 17893.125]",descriptive; CI excludes within512tick interval and competing-event uncertainty
nicowar,new_buildings_10_waiting_upper_ticks,8,8,0,57044.0,70279.125,13235.125,13235.125,8,"[4886.0, 21396.25]",descriptive; CI excludes within512tick interval and competing-event uncertainty
nicowar,new_buildings_1_observed_fraction,8,8,0,1.0,1.0,0.0,0.0,8,"[0.0, 0.0]",descriptive
nicowar,new_buildings_1_waiting_lower_ticks,8,8,0,1152.0,1136.0,-16.0,-16.0,8,"[-48.0, 0.0]",descriptive; CI excludes within512tick interval and competing-event uncertainty
nicowar,new_buildings_1_waiting_upper_ticks,8,8,0,1664.0,1648.0,-16.0,-16.0,8,"[-48.0, 0.0]",descriptive; CI excludes within512tick interval and competing-event uncertainty
nicowar,new_buildings_5_observed_fraction,8,8,0,0.90625,0.8125,-0.09375,-0.09375,8,"[-0.21875, 0.0]",descriptive
nicowar,new_buildings_5_waiting_lower_ticks,8,8,0,27701.5,36331.0,8629.5,8629.5,8,"[-560.0, 18999.5]",descriptive; CI excludes within512tick interval and competing-event uncertainty
nicowar,new_buildings_5_waiting_upper_ticks,8,8,0,28165.5,36747.0,8581.5,8581.5,8,"[-560.0, 18884.0]",descriptive; CI excludes within512tick interval and competing-event uncertainty
nicowar,observed_winner_set_change,8,0,8,,,,,,,
nicowar,resolution_status_change,8,8,0,0,0.375,0.375,0.375,8,"[0.125, 0.75]",descriptive
nicowar,resolved_match_win_nicowar,8,0,8,,,,,,,
nicowar,resolved_outcome,8,8,0,0.125,0.25,0.125,0.125,8,"[-0.25, 0.5]",descriptive
nicowar,resolved_win_team_share_nicowar,8,0,8,,,,,,,
nicowar,sites,8,8,0,5.625,5,-0.625,-0.625,8,"[-3.125, 1.75]",descriptive
nicowar,starvation_deaths,8,8,0,43.5,47.375,3.875,3.875,8,"[-12.75, 17.375]",descriptive
nicowar,stock_algae,8,8,0,2.125,1.625,-0.5,-0.5,8,"[-2.75, 2.125]",descriptive
nicowar,stock_cherries,8,8,0,32.125,90.125,58,58,8,"[-77.625, 253.375]",descriptive
nicowar,stock_fabric,8,8,0,0,0,0,0,8,"[0, 0]",descriptive
nicowar,stock_food,8,8,0,84.375,80.375,-4,-4,8,"[-41, 34.5]",descriptive
nicowar,stock_glass,8,8,0,0,0,0,0,8,"[0, 0]",descriptive
nicowar,stock_gold,8,8,0,0,0,0,0,8,"[0, 0]",descriptive
nicowar,stock_metal,8,8,0,0,0,0,0,8,"[0, 0]",descriptive
nicowar,stock_oranges,8,8,0,14.375,0,-14.375,-14.375,8,"[-34, -0.25]",descriptive
nicowar,stock_paper,8,8,0,0,0,0,0,8,"[0, 0]",descriptive
nicowar,stock_prunes,8,8,0,8.375,143.25,134.875,134.875,8,"[-3.75, 408.375]",descriptive
nicowar,stock_stone,8,8,0,3,1.375,-1.625,-1.625,8,"[-5.625, 2]",descriptive
nicowar,stock_wood,8,8,0,15.75,13.125,-2.625,-2.625,8,"[-10.875, 6.375]",descriptive
nicowar,surviving_teams,8,8,0,2.25,2,-0.25,-0.25,8,"[-0.75, 0.25]",descriptive
nicowar,tick_cap,8,8,0,0.875,0.75,-0.125,-0.125,8,"[-0.5, 0.25]",descriptive
nicowar,ticks,8,8,0,86074.25,81948.5,-4125.75,-4125.75,8,"[-16511, 7955.5]",descriptive
nicowar,units,8,8,0,66,66,0,0,8,"[-38.625, 46]",descriptive
nicowar,unresolved_outcome,8,8,0,0.875,0.75,-0.125,-0.125,8,"[-0.5, 0.25]",descriptive
nicowar,upgrades,8,8,0,9.125,8.5,-0.625,-0.625,8,"[-6.25, 5.375]",descriptive
nicowar,warriors,8,8,0,9.75,11.75,2,2,8,"[-6.375, 12.125]",descriptive
nicowar,withdrawn_algae,8,8,0,0,0,0,0,8,"[0, 0]",descriptive
nicowar,withdrawn_cherries,8,8,0,0,0,0,0,8,"[0, 0]",descriptive
nicowar,withdrawn_fabric,8,8,0,0,0,0,0,8,"[0, 0]",descriptive
nicowar,withdrawn_food,8,8,0,0,0,0,0,8,"[0, 0]",descriptive
nicowar,withdrawn_glass,8,8,0,0,0,0,0,8,"[0, 0]",descriptive
nicowar,withdrawn_gold,8,8,0,0,0,0,0,8,"[0, 0]",descriptive
nicowar,withdrawn_metal,8,8,0,0,0,0,0,8,"[0, 0]",descriptive
nicowar,withdrawn_oranges,8,8,0,0,0,0,0,8,"[0, 0]",descriptive
nicowar,withdrawn_paper,8,8,0,0,0,0,0,8,"[0, 0]",descriptive
nicowar,withdrawn_prunes,8,8,0,0,0,0,0,8,"[0, 0]",descriptive
nicowar,withdrawn_stone,8,8,0,0,0,0,0,8,"[0, 0]",descriptive
nicowar,withdrawn_wood,8,8,0,0,0,0,0,8,"[0, 0]",descriptive
nicowar,workers,8,8,0,52,46.875,-5.125,-5.125,8,"[-27.125, 18.875]",descriptive
control,births,2,2,0,35,38.5,3.5,3.5,1,"[3.5, 3.5]",descriptive
control,buildings,2,2,0,10.5,12.5,2,2,1,"[2, 2]",descriptive
control,carried_algae,2,2,0,0,0,0,0,1,"[0, 0]",descriptive
control,carried_cherries,2,2,0,1,2,1,1,1,"[1, 1]",descriptive
control,carried_fabric,2,2,0,0,0,0,0,1,"[0, 0]",descriptive
control,carried_food,2,2,0,8,4,-4,-4,1,"[-4, -4]",descriptive
control,carried_glass,2,2,0,0,0,0,0,1,"[0, 0]",descriptive
control,carried_gold,2,2,0,0,0,0,0,1,"[0, 0]",descriptive
control,carried_metal,2,2,0,0,0,0,0,1,"[0, 0]",descriptive
control,carried_oranges,2,2,0,0.5,0.5,0,0,1,"[0, 0]",descriptive
control,carried_paper,2,2,0,0,0,0,0,1,"[0, 0]",descriptive
control,carried_prunes,2,2,0,1.5,1,-0.5,-0.5,1,"[-0.5, -0.5]",descriptive
control,carried_stone,2,2,0,0,0,0,0,1,"[0, 0]",descriptive
control,carried_wood,2,2,0,1.5,0.5,-1,-1,1,"[-1, -1]",descriptive
control,consumed_ammunition_algae,2,2,0,0,0,0,0,1,"[0, 0]",descriptive
control,consumed_ammunition_cherries,2,2,0,0,0,0,0,1,"[0, 0]",descriptive
control,consumed_ammunition_fabric,2,2,0,0,0,0,0,1,"[0, 0]",descriptive
control,consumed_ammunition_food,2,2,0,0,0,0,0,1,"[0, 0]",descriptive
control,consumed_ammunition_glass,2,2,0,0,0,0,0,1,"[0, 0]",descriptive
control,consumed_ammunition_gold,2,2,0,0,0,0,0,1,"[0, 0]",descriptive
control,consumed_ammunition_metal,2,2,0,0,0,0,0,1,"[0, 0]",descriptive
control,consumed_ammunition_oranges,2,2,0,0,0,0,0,1,"[0, 0]",descriptive
control,consumed_ammunition_paper,2,2,0,0,0,0,0,1,"[0, 0]",descriptive
control,consumed_ammunition_prunes,2,2,0,0,0,0,0,1,"[0, 0]",descriptive
control,consumed_ammunition_stone,2,2,0,0,0,0,0,1,"[0, 0]",descriptive
control,consumed_ammunition_wood,2,2,0,0,0,0,0,1,"[0, 0]",descriptive
control,consumed_births_algae,2,2,0,0,0,0,0,1,"[0, 0]",descriptive
control,consumed_births_cherries,2,2,0,0,0,0,0,1,"[0, 0]",descriptive
control,consumed_births_fabric,2,2,0,0,0,0,0,1,"[0, 0]",descriptive
control,consumed_births_food,2,2,0,175,192.5,17.5,17.5,1,"[17.5, 17.5]",descriptive
control,consumed_births_glass,2,2,0,0,0,0,0,1,"[0, 0]",descriptive
control,consumed_births_gold,2,2,0,0,0,0,0,1,"[0, 0]",descriptive
control,consumed_births_metal,2,2,0,0,0,0,0,1,"[0, 0]",descriptive
control,consumed_births_oranges,2,2,0,0,0,0,0,1,"[0, 0]",descriptive
control,consumed_births_paper,2,2,0,0,0,0,0,1,"[0, 0]",descriptive
control,consumed_births_prunes,2,2,0,0,0,0,0,1,"[0, 0]",descriptive
control,consumed_births_stone,2,2,0,0,0,0,0,1,"[0, 0]",descriptive
control,consumed_births_wood,2,2,0,0,0,0,0,1,"[0, 0]",descriptive
control,consumed_construction_algae,2,2,0,0,0,0,0,1,"[0, 0]",descriptive
control,consumed_construction_cherries,2,2,0,0,0,0,0,1,"[0, 0]",descriptive
control,consumed_construction_fabric,2,2,0,0,0,0,0,1,"[0, 0]",descriptive
control,consumed_construction_food,2,2,0,35,35,0,0,1,"[0, 0]",descriptive
control,consumed_construction_glass,2,2,0,0,0,0,0,1,"[0, 0]",descriptive
control,consumed_construction_gold,2,2,0,0,0,0,0,1,"[0, 0]",descriptive
control,consumed_construction_metal,2,2,0,0,0,0,0,1,"[0, 0]",descriptive
control,consumed_construction_oranges,2,2,0,0,0,0,0,1,"[0, 0]",descriptive
control,consumed_construction_paper,2,2,0,0,0,0,0,1,"[0, 0]",descriptive
control,consumed_construction_prunes,2,2,0,0,0,0,0,1,"[0, 0]",descriptive
control,consumed_construction_stone,2,2,0,0,0,0,0,1,"[0, 0]",descriptive
control,consumed_construction_wood,2,2,0,52,55,3,3,1,"[3, 3]",descriptive
control,consumed_healing_algae,2,2,0,0,0,0,0,1,"[0, 0]",descriptive
control,consumed_healing_cherries,2,2,0,0,0,0,0,1,"[0, 0]",descriptive
control,consumed_healing_fabric,2,2,0,0,0,0,0,1,"[0, 0]",descriptive
control,consumed_healing_food,2,2,0,0,0,0,0,1,"[0, 0]",descriptive
control,consumed_healing_glass,2,2,0,0,0,0,0,1,"[0, 0]",descriptive
control,consumed_healing_gold,2,2,0,0,0,0,0,1,"[0, 0]",descriptive
control,consumed_healing_metal,2,2,0,0,0,0,0,1,"[0, 0]",descriptive
control,consumed_healing_oranges,2,2,0,0,0,0,0,1,"[0, 0]",descriptive
control,consumed_healing_paper,2,2,0,0,0,0,0,1,"[0, 0]",descriptive
control,consumed_healing_prunes,2,2,0,0,0,0,0,1,"[0, 0]",descriptive
control,consumed_healing_stone,2,2,0,0,0,0,0,1,"[0, 0]",descriptive
control,consumed_healing_wood,2,2,0,0,0,0,0,1,"[0, 0]",descriptive
control,consumed_meals_algae,2,2,0,0,0,0,0,1,"[0, 0]",descriptive
control,consumed_meals_cherries,2,2,0,50,67,17,17,1,"[17, 17]",descriptive
control,consumed_meals_fabric,2,2,0,0,0,0,0,1,"[0, 0]",descriptive
control,consumed_meals_food,2,2,0,52.5,69.5,17,17,1,"[17, 17]",descriptive
control,consumed_meals_glass,2,2,0,0,0,0,0,1,"[0, 0]",descriptive
control,consumed_meals_gold,2,2,0,0,0,0,0,1,"[0, 0]",descriptive
control,consumed_meals_metal,2,2,0,0,0,0,0,1,"[0, 0]",descriptive
control,consumed_meals_oranges,2,2,0,36.5,56,19.5,19.5,1,"[19.5, 19.5]",descriptive
control,consumed_meals_paper,2,2,0,0,0,0,0,1,"[0, 0]",descriptive
control,consumed_meals_prunes,2,2,0,36,51,15,15,1,"[15, 15]",descriptive
control,consumed_meals_stone,2,2,0,0,0,0,0,1,"[0, 0]",descriptive
control,consumed_meals_wood,2,2,0,0,0,0,0,1,"[0, 0]",descriptive
control,consumed_training_algae,2,2,0,0,0,0,0,1,"[0, 0]",descriptive
control,consumed_training_cherries,2,2,0,0,0,0,0,1,"[0, 0]",descriptive
control,consumed_training_fabric,2,2,0,0,0,0,0,1,"[0, 0]",descriptive
control,consumed_training_food,2,2,0,0,0,0,0,1,"[0, 0]",descriptive
control,consumed_training_glass,2,2,0,0,0,0,0,1,"[0, 0]",descriptive
control,consumed_training_gold,2,2,0,0,0,0,0,1,"[0, 0]",descriptive
control,consumed_training_metal,2,2,0,0,0,0,0,1,"[0, 0]",descriptive
control,consumed_training_oranges,2,2,0,0,0,0,0,1,"[0, 0]",descriptive
control,consumed_training_paper,2,2,0,0,0,0,0,1,"[0, 0]",descriptive
control,consumed_training_prunes,2,2,0,0,0,0,0,1,"[0, 0]",descriptive
control,consumed_training_stone,2,2,0,0,0,0,0,1,"[0, 0]",descriptive
control,consumed_training_wood,2,2,0,0,0,0,0,1,"[0, 0]",descriptive
control,consumed_upgrades_algae,2,2,0,0,0,0,0,1,"[0, 0]",descriptive
control,consumed_upgrades_cherries,2,2,0,0,0,0,0,1,"[0, 0]",descriptive
control,consumed_upgrades_fabric,2,2,0,0,0,0,0,1,"[0, 0]",descriptive
control,consumed_upgrades_food,2,2,0,0,0,0,0,1,"[0, 0]",descriptive
control,consumed_upgrades_glass,2,2,0,0,0,0,0,1,"[0, 0]",descriptive
control,consumed_upgrades_gold,2,2,0,0,0,0,0,1,"[0, 0]",descriptive
control,consumed_upgrades_metal,2,2,0,0,0,0,0,1,"[0, 0]",descriptive
control,consumed_upgrades_oranges,2,2,0,0,0,0,0,1,"[0, 0]",descriptive
control,consumed_upgrades_paper,2,2,0,0,0,0,0,1,"[0, 0]",descriptive
control,consumed_upgrades_prunes,2,2,0,0,0,0,0,1,"[0, 0]",descriptive
control,consumed_upgrades_stone,2,2,0,0,0,0,0,1,"[0, 0]",descriptive
control,consumed_upgrades_wood,2,2,0,0,0,0,0,1,"[0, 0]",descriptive
control,delivered_algae,2,2,0,0,0,0,0,1,"[0, 0]",descriptive
control,delivered_algae_per_1000_ticks,2,2,0,0.0,0.0,0.0,0.0,1,"[0.0, 0.0]",descriptive
control,delivered_cherries,2,2,0,172.5,171.5,-1,-1,1,"[-1, -1]",descriptive
control,delivered_cherries_per_1000_ticks,2,2,0,9.54917528425609,8.019677462665804,-1.5294978215902875,-1.5294978215902875,1,"[-1.5294978215902875, -1.5294978215902875]",descriptive
control,delivered_fabric,2,2,0,0,0,0,0,1,"[0, 0]",descriptive
control,delivered_fabric_per_1000_ticks,2,2,0,0.0,0.0,0.0,0.0,1,"[0.0, 0.0]",descriptive
control,delivered_food,2,2,0,316,359,43,43,1,"[43, 43]",descriptive
control,delivered_food_per_1000_ticks,2,2,0,17.70784084666333,17.467027078383047,-0.24081376828028667,-0.24081376828028667,1,"[-0.24081376828028667, -0.24081376828028667]",descriptive
control,delivered_glass,2,2,0,0,0,0,0,1,"[0, 0]",descriptive
control,delivered_glass_per_1000_ticks,2,2,0,0.0,0.0,0.0,0.0,1,"[0.0, 0.0]",descriptive
control,delivered_gold,2,2,0,0,0,0,0,1,"[0, 0]",descriptive
control,delivered_gold_per_1000_ticks,2,2,0,0.0,0.0,0.0,0.0,1,"[0.0, 0.0]",descriptive
control,delivered_metal,2,2,0,0,0,0,0,1,"[0, 0]",descriptive
control,delivered_metal_per_1000_ticks,2,2,0,0.0,0.0,0.0,0.0,1,"[0.0, 0.0]",descriptive
control,delivered_oranges,2,2,0,154.5,163.5,9,9,1,"[9, 9]",descriptive
control,delivered_oranges_per_1000_ticks,2,2,0,8.600708638666461,7.69418311813004,-0.9065255205364213,-0.9065255205364213,1,"[-0.9065255205364213, -0.9065255205364213]",descriptive
control,delivered_paper,2,2,0,0,0,0,0,1,"[0, 0]",descriptive
control,delivered_paper_per_1000_ticks,2,2,0,0.0,0.0,0.0,0.0,1,"[0.0, 0.0]",descriptive
control,delivered_prunes,2,2,0,138,143.5,5.5,5.5,1,"[5.5, 5.5]",descriptive
control,delivered_prunes_per_1000_ticks,2,2,0,7.664170914658623,6.501577274361406,-1.1625936402972177,-1.1625936402972177,1,"[-1.1625936402972177, -1.1625936402972177]",descriptive
control,delivered_stone,2,2,0,0,0,0,0,1,"[0, 0]",descriptive
control,delivered_stone_per_1000_ticks,2,2,0,0.0,0.0,0.0,0.0,1,"[0.0, 0.0]",descriptive
control,delivered_wood,2,2,0,55.5,56.5,1,1,1,"[1, 1]",descriptive
control,delivered_wood_per_1000_ticks,2,2,0,3.102280232610653,2.8292217836847464,-0.27305844892590647,-0.27305844892590647,1,"[-0.27305844892590647, -0.27305844892590647]",descriptive
control,first_upgrade_observed_fraction,2,2,0,0.0,0.0,0.0,0.0,1,"[0.0, 0.0]",descriptive
control,first_upgrade_waiting_lower_ticks,2,2,0,17906.0,20674.0,2768.0,2768.0,1,"[2768.0, 2768.0]",descriptive; CI excludes within512tick interval and competing-event uncertainty
control,first_upgrade_waiting_upper_ticks,2,2,0,90000.0,90000.0,0.0,0.0,1,"[0.0, 0.0]",descriptive; CI excludes within512tick interval and competing-event uncertainty
control,harvested_algae,2,2,0,0,0,0,0,1,"[0, 0]",descriptive
control,harvested_algae_per_1000_ticks,2,2,0,0.0,0.0,0.0,0.0,1,"[0.0, 0.0]",descriptive
control,harvested_cherries,2,2,0,20,20.5,0.5,0.5,1,"[0.5, 0.5]",descriptive
control,harvested_cherries_per_1000_ticks,2,2,0,1.1108952991509975,0.9666837517231234,-0.14421154742787412,-0.14421154742787412,1,"[-0.14421154742787412, -0.14421154742787412]",descriptive
control,harvested_fabric,2,2,0,0,0,0,0,1,"[0, 0]",descriptive
control,harvested_fabric_per_1000_ticks,2,2,0,0.0,0.0,0.0,0.0,1,"[0.0, 0.0]",descriptive
control,harvested_food,2,2,0,330.5,369.5,39,39,1,"[39, 39]",descriptive
control,harvested_food_per_1000_ticks,2,2,0,18.518860398162673,17.96054065251135,-0.5583197456513229,-0.5583197456513229,1,"[-0.5583197456513229, -0.5583197456513229]",descriptive
control,harvested_glass,2,2,0,0,0,0,0,1,"[0, 0]",descriptive
control,harvested_glass_per_1000_ticks,2,2,0,0.0,0.0,0.0,0.0,1,"[0.0, 0.0]",descriptive
control,harvested_gold,2,2,0,0,0,0,0,1,"[0, 0]",descriptive
control,harvested_gold_per_1000_ticks,2,2,0,0.0,0.0,0.0,0.0,1,"[0.0, 0.0]",descriptive
control,harvested_metal,2,2,0,0,0,0,0,1,"[0, 0]",descriptive
control,harvested_metal_per_1000_ticks,2,2,0,0.0,0.0,0.0,0.0,1,"[0.0, 0.0]",descriptive
control,harvested_oranges,2,2,0,16.5,20.5,4,4,1,"[4, 4]",descriptive
control,harvested_oranges_per_1000_ticks,2,2,0,0.9197602326201686,0.9477402526016621,0.02798001998149352,0.02798001998149352,1,"[0.02798001998149352, 0.02798001998149352]",descriptive
control,harvested_paper,2,2,0,0,0,0,0,1,"[0, 0]",descriptive
control,harvested_paper_per_1000_ticks,2,2,0,0.0,0.0,0.0,0.0,1,"[0.0, 0.0]",descriptive
control,harvested_prunes,2,2,0,15.5,17.5,2,2,1,"[2, 2]",descriptive
control,harvested_prunes_per_1000_ticks,2,2,0,0.8637121429209885,0.8067363742792893,-0.056975768641699176,-0.056975768641699176,1,"[-0.056975768641699176, -0.056975768641699176]",descriptive
control,harvested_stone,2,2,0,0,0,0,0,1,"[0, 0]",descriptive
control,harvested_stone_per_1000_ticks,2,2,0,0.0,0.0,0.0,0.0,1,"[0.0, 0.0]",descriptive
control,harvested_wood,2,2,0,61,59,-2,-2,1,"[-2, -2]",descriptive
control,harvested_wood_per_1000_ticks,2,2,0,3.418933471649977,2.949882265473634,-0.46905120617634344,-0.46905120617634344,1,"[-0.46905120617634344, -0.46905120617634344]",descriptive
control,needFood,2,2,0,1,2,1,1,1,"[1, 1]",descriptive
control,needFoodCritical,2,2,0,0.5,2,1.5,1.5,1,"[1.5, 1.5]",descriptive
control,needFoodNoInns,2,2,0,0,0,0,0,1,"[0, 0]",descriptive
control,new_buildings,2,2,0,14,15,1,1,1,"[1, 1]",descriptive
control,new_buildings_10_observed_fraction,2,2,0,0.5,0.5,0.0,0.0,1,"[0.0, 0.0]",descriptive
control,new_buildings_10_waiting_lower_ticks,2,2,0,16249.0,18785.0,2536.0,2536.0,1,"[2536.0, 2536.0]",descriptive; CI excludes within512tick interval and competing-event uncertainty
control,new_buildings_10_waiting_upper_ticks,2,2,0,52552.0,53704.0,1152.0,1152.0,1,"[1152.0, 1152.0]",descriptive; CI excludes within512tick interval and competing-event uncertainty
control,new_buildings_1_observed_fraction,2,2,0,1.0,1.0,0.0,0.0,1,"[0.0, 0.0]",descriptive
control,new_buildings_1_waiting_lower_ticks,2,2,0,1408.0,1408.0,0.0,0.0,1,"[0.0, 0.0]",descriptive; CI excludes within512tick interval and competing-event uncertainty
control,new_buildings_1_waiting_upper_ticks,2,2,0,1920.0,1920.0,0.0,0.0,1,"[0.0, 0.0]",descriptive; CI excludes within512tick interval and competing-event uncertainty
control,new_buildings_5_observed_fraction,2,2,0,0.5,0.5,0.0,0.0,1,"[0.0, 0.0]",descriptive
control,new_buildings_5_waiting_lower_ticks,2,2,0,13433.0,14817.0,1384.0,1384.0,1,"[1384.0, 1384.0]",descriptive; CI excludes within512tick interval and competing-event uncertainty
control,new_buildings_5_waiting_upper_ticks,2,2,0,49736.0,49736.0,0.0,0.0,1,"[0.0, 0.0]",descriptive; CI excludes within512tick interval and competing-event uncertainty
control,observed_winner_set_change,2,2,0,0,0,0,0,1,"[0, 0]","descriptive; unresolved games excluded, resolution-selection bias possible"
control,resolution_status_change,2,2,0,0,0,0,0,1,"[0, 0]",descriptive
control,resolved_match_win_cortex,2,2,0,0,0,0,0,1,"[0, 0]","descriptive; unresolved games excluded, resolution-selection bias possible"
control,resolved_match_win_maxima,2,2,0,1,1,0,0,1,"[0, 0]","descriptive; unresolved games excluded, resolution-selection bias possible"
control,resolved_outcome,2,2,0,1,1,0,0,1,"[0, 0]",descriptive
control,resolved_win_team_share_cortex,2,2,0,0.0,0.0,0.0,0.0,1,"[0.0, 0.0]","descriptive; unresolved games excluded, resolution-selection bias possible"
control,resolved_win_team_share_maxima,2,2,0,1.0,1.0,0.0,0.0,1,"[0.0, 0.0]","descriptive; unresolved games excluded, resolution-selection bias possible"
control,sites,2,2,0,4.5,2.5,-2,-2,1,"[-2, -2]",descriptive
control,starvation_deaths,2,2,0,0,0,0,0,1,"[0, 0]",descriptive
control,stock_algae,2,2,0,0,0,0,0,1,"[0, 0]",descriptive
control,stock_cherries,2,2,0,88.5,86.5,-2,-2,1,"[-2, -2]",descriptive
control,stock_fabric,2,2,0,0,0,0,0,1,"[0, 0]",descriptive
control,stock_food,2,2,0,25,44.5,19.5,19.5,1,"[19.5, 19.5]",descriptive
control,stock_glass,2,2,0,0,0,0,0,1,"[0, 0]",descriptive
control,stock_gold,2,2,0,0,0,0,0,1,"[0, 0]",descriptive
control,stock_metal,2,2,0,0,0,0,0,1,"[0, 0]",descriptive
control,stock_oranges,2,2,0,92,92.5,0.5,0.5,1,"[0.5, 0.5]",descriptive
control,stock_paper,2,2,0,0,0,0,0,1,"[0, 0]",descriptive
control,stock_prunes,2,2,0,80.5,85.5,5,5,1,"[5, 5]",descriptive
control,stock_stone,2,2,0,0,0,0,0,1,"[0, 0]",descriptive
control,stock_wood,2,2,0,1.5,1.5,0,0,1,"[0, 0]",descriptive
control,surviving_teams,2,2,0,1,1,0,0,1,"[0, 0]",descriptive
control,tick_cap,2,2,0,0,0,0,0,1,"[0, 0]",descriptive
control,ticks,2,2,0,17906,20674,2768,2768,1,"[2768, 2768]",descriptive
control,units,2,2,0,42,45,3,3,1,"[3, 3]",descriptive
control,unresolved_outcome,2,2,0,0,0,0,0,1,"[0, 0]",descriptive
control,upgrades,2,2,0,0,0,0,0,1,"[0, 0]",descriptive
control,warriors,2,2,0,11,13.5,2.5,2.5,1,"[2.5, 2.5]",descriptive
control,withdrawn_algae,2,2,0,0,0,0,0,1,"[0, 0]",descriptive
control,withdrawn_cherries,2,2,0,0,0,0,0,1,"[0, 0]",descriptive
control,withdrawn_fabric,2,2,0,0,0,0,0,1,"[0, 0]",descriptive
control,withdrawn_food,2,2,0,0,0,0,0,1,"[0, 0]",descriptive
control,withdrawn_glass,2,2,0,0,0,0,0,1,"[0, 0]",descriptive
control,withdrawn_gold,2,2,0,0,0,0,0,1,"[0, 0]",descriptive
control,withdrawn_metal,2,2,0,0,0,0,0,1,"[0, 0]",descriptive
control,withdrawn_oranges,2,2,0,0,0,0,0,1,"[0, 0]",descriptive
control,withdrawn_paper,2,2,0,0,0,0,0,1,"[0, 0]",descriptive
control,withdrawn_prunes,2,2,0,0,0,0,0,1,"[0, 0]",descriptive
control,withdrawn_stone,2,2,0,0,0,0,0,1,"[0, 0]",descriptive
control,withdrawn_wood,2,2,0,0,0,0,0,1,"[0, 0]",descriptive
control,workers,2,2,0,24,24,0,0,1,"[0, 0]",descriptive
