scenario,generator,size,mode,runtime_s_median,runtime_s_min,runtime_s_max,runtime_s_delta_pct,wall_s_median,wall_s_min,wall_s_max,wall_s_delta_pct,cpu_s_median,cpu_s_min,cpu_s_max,cpu_s_delta_pct,p99_ms_median,p99_ms_min,p99_ms_max,p99_ms_delta_pct,gradient_join_wait_s_median,gradient_join_wait_s_min,gradient_join_wait_s_max,gradient_join_wait_s_delta_pct,warm_cpu_s_median,warm_cpu_s_min,warm_cpu_s_max,warm_cpu_s_delta_pct,warm_cpu_ms_per_tick_median,warm_cpu_ms_per_tick_min,warm_cpu_ms_per_tick_max,warm_cpu_ms_per_tick_delta_pct,gradient_active_s_median,gradient_active_s_min,gradient_active_s_max,gradient_active_s_delta_pct,gradient_preparation_s_median,gradient_preparation_s_min,gradient_preparation_s_max,gradient_preparation_s_delta_pct,gradient_active_ms_per_published_median,gradient_active_ms_per_published_min,gradient_active_ms_per_published_max,gradient_active_ms_per_published_delta_pct,p95_ms_median,p95_ms_min,p95_ms_max,p95_ms_delta_pct,peak_rss_mib_median,peak_rss_mib_min,peak_rss_mib_max,peak_rss_mib_delta_pct
open-small,even-ground,128,master,1.262642166,1.262642166,1.262642166,0,1.755075882654637,1.755075882654637,1.755075882654637,0,4.353872,4.353872,4.353872,0,3.413875,3.413875,3.413875,0,0.016586871,0.016586871,0.016586871,0,3.146829412,3.146829412,3.146829412,0,0.786707353,0.786707353,0.786707353,0,1.214569986,1.214569986,1.214569986,0,0.244496056,0.244496056,0.244496056,0,0.24418375271411338,0.24418375271411338,0.24418375271411338,0,1.013222,1.013222,1.013222,0,81.21484375,81.21484375,81.21484375,0
open-small,even-ground,128,pr-cpu,1.282823901,1.282823901,1.282823901,1.598373279734111,1.735209045931697,1.735209045931697,1.735209045931697,-1.1319645446264515,4.337304,4.337304,4.337304,-0.3805348434680722,3.515045,3.515045,3.515045,2.963494562630453,0.016899695,0.016899695,0.016899695,1.8859735510091014,3.131021021,3.131021021,3.131021021,-0.5023593252216685,0.78275525525,0.78275525525,0.78275525525,-0.5023593252216685,1.254348434,1.254348434,1.254348434,3.2751054660097534,0.245738971,0.245738971,0.245738971,0.5083578935113797,0.25218102814636106,0.25218102814636106,0.25218102814636106,3.2751054660097534,0.975363,0.975363,0.975363,-3.7364960492369925,80.10546875,80.10546875,80.10546875,-1.3659756625462927
open-small,even-ground,128,pr-opencl,1.354585134,1.354585134,1.354585134,7.281791348000954,1.9479664447717369,1.9479664447717369,1.9479664447717369,10.99044001592362,4.60421,4.60421,4.60421,5.7497785878868335,3.659454,3.659454,3.659454,7.193555710153432,0.184693875,0.184693875,0.184693875,1013.4943715424085,3.112558425,3.112558425,3.112558425,-1.0890640232772864,0.77813960625,0.77813960625,0.77813960625,-1.0890640232772864,2.578944653,2.578944653,2.578944653,112.33396862484301,0.248188531,0.248188531,0.248188531,1.5102390854108583,0.5184850528749497,0.5184850528749497,0.5184850528749497,112.33396862484301,1.052342,1.052342,1.052342,3.8609505123260224,195.1796875,195.1796875,195.1796875,140.3251406858737
open-small,even-ground,128,pr-auto,1.268618184,1.268618184,1.268618184,0.47329466423029487,1.7505547162145376,1.7505547162145376,1.7505547162145376,-0.25760518304547286,4.4803500000000005,4.4803500000000005,4.4803500000000005,2.9049544864892862,3.703134,3.703134,3.703134,8.473040166965685,0.017814775,0.017814775,0.017814775,7.402867002462377,3.140672867,3.140672867,3.140672867,-0.19564279450684507,0.78516821675,0.78516821675,0.78516821675,-0.19564279450684507,1.377821639,1.377821639,1.377821639,13.441107131063257,0.255805133,0.255805133,0.255805133,4.625463978854549,0.277004752513068,0.277004752513068,0.277004752513068,13.44110713106328,0.940194,0.940194,0.940194,-7.207502403224575,81.20703125,81.20703125,81.20703125,-0.009619546919337196
ocean-islands,islands,256,master,3.941483984,3.941483984,3.941483984,0,4.738027412910014,4.738027412910014,4.738027412910014,0,11.270347,11.270347,11.270347,0,8.723887,8.723887,8.723887,0,0.017217972,0.017217972,0.017217972,0,8.199794581,8.199794581,8.199794581,0,2.04994864525,2.04994864525,2.04994864525,0,2.947001061,2.947001061,2.947001061,0,1.245313173,1.245313173,1.245313173,0,0.5968005388821386,0.5968005388821386,0.5968005388821386,0,3.751023,3.751023,3.751023,0,180.93359375,180.93359375,180.93359375,0
ocean-islands,islands,256,pr-cpu,3.934670482,3.934670482,3.934670482,-0.1728664134538871,4.729572523850948,4.729572523850948,4.729572523850948,-0.17844744916479804,11.465843,11.465843,11.465843,1.7346049771138405,9.057335,9.057335,9.057335,3.8222411638298537,0.015078955,0.015078955,0.015078955,-12.42316458639845,8.351356388,8.351356388,8.351356388,1.8483610229844905,2.0878390970000003,2.0878390970000003,2.0878390970000003,1.8483610229845127,3.194354766,3.194354766,3.194354766,8.393404002239002,1.258400111,1.258400111,1.258400111,1.0508953316918035,0.6468924191980558,0.6468924191980558,0.6468924191980558,8.39340400223898,3.835822,3.835822,3.835822,2.2606899504481692,183.54296875,183.54296875,183.54296875,1.4421727584792432
ocean-islands,islands,256,pr-opencl,4.170064529,4.170064529,4.170064529,5.799352374077804,5.091797397937626,5.091797397937626,5.091797397937626,7.4666090800503016,11.973309,11.973309,11.973309,6.237270245539039,9.423662,9.423662,9.423662,8.021367080981223,0.124935881,0.124935881,0.124935881,625.6132197218116,8.399984217,8.399984217,8.399984217,2.4413981840943233,2.09999605425,2.09999605425,2.09999605425,2.4413981840943233,4.308404291,4.308404291,4.308404291,46.19622463040574,1.261975739,1.261975739,1.261975739,1.33802214264378,0.8724998564196031,0.8724998564196031,0.8724998564196031,46.196224630405716,3.921952,3.921952,3.921952,4.556863554289059,296.00390625,296.00390625,296.00390625,63.59809149593039
ocean-islands,islands,256,pr-auto,4.031177929,4.031177929,4.031177929,2.2756389563956647,4.857227656058967,4.857227656058967,4.857227656058967,2.5158200398790465,11.631336999999998,11.631336999999998,11.631336999999998,3.2030069704153785,9.193003,9.193003,9.193003,5.3773736409011175,0.016616565,0.016616565,0.016616565,-3.492902648465235,8.339696357,8.339696357,8.339696357,1.7061619607419143,2.08492408925,2.08492408925,2.08492408925,1.7061619607419143,3.125446391,3.125446391,3.125446391,6.055149838984075,1.253288699,1.253288699,1.253288699,0.6404433979275037,0.6329377057513162,0.6329377057513162,0.6329377057513162,6.055149838984031,3.791183,3.791183,3.791183,1.0706412623969541,182.47265625,182.47265625,182.47265625,0.8506228545521299
maze-routes,maze,256,master,2.970451616,2.970451616,2.970451616,0,3.886683611664921,3.886683611664921,3.886683611664921,0,10.249184,10.249184,10.249184,0,5.327493,5.327493,5.327493,0,0.069834663,0.069834663,0.069834663,0,6.966957198,6.966957198,6.966957198,0,1.7417392995,1.7417392995,1.7417392995,0,3.767797362,3.767797362,3.767797362,0,1.057972068,1.057972068,1.057972068,0,0.7588715734138973,0.7588715734138973,0.7588715734138973,0,2.578142,2.578142,2.578142,0,179.67578125,179.67578125,179.67578125,0
maze-routes,maze,256,pr-cpu,2.952571375,2.952571375,2.952571375,-0.6019367864364411,3.822706558275968,3.822706558275968,3.822706558275968,-1.6460576620371592,10.32341,10.32341,10.32341,0.7242137520411474,5.419861,5.419861,5.419861,1.7337986178489695,0.082904162,0.082904162,0.082904162,18.71491668829275,7.064850905,7.064850905,7.064850905,1.405114230185056,1.76621272625,1.76621272625,1.76621272625,1.405114230185056,3.986538835,3.986538835,3.986538835,5.805553005745745,1.084405804,1.084405804,1.084405804,2.4985287229719155,0.8029282648539778,0.8029282648539778,0.8029282648539778,5.805553005745745,2.84145,2.84145,2.84145,10.21309144337279,180.40234375,180.40234375,180.40234375,0.40437419831729216
maze-routes,maze,256,pr-opencl,4.750801083,4.750801083,4.750801083,59.93531277905184,5.783526483923197,5.783526483923197,5.783526483923197,48.80363471226139,13.638409,13.638409,13.638409,33.068242310802496,7.579126,7.579126,7.579126,42.264400910522085,2.210095008,2.210095008,2.210095008,3064.7535952167477,9.508103626,9.508103626,9.508103626,36.474264959306566,2.3770259065,2.3770259065,2.3770259065,36.474264959306566,14.229001862,14.229001862,14.229001862,277.64774734188586,1.074924056,1.074924056,1.074924056,1.6023095989713854,2.8658614022155087,2.8658614022155087,2.8658614022155087,277.6477473418858,4.508258,4.508258,4.508258,74.86461180183245,295.79296875,295.79296875,295.79296875,64.62595386655651
maze-routes,maze,256,pr-auto,2.956432927,2.956432927,2.956432927,-0.4719379681018987,3.822194502223283,3.822194502223283,3.822194502223283,-1.6592322886300748,10.278177,10.278177,10.278177,0.2828810566772866,5.438081,5.438081,5.438081,2.075798128688322,0.075456469,0.075456469,0.075456469,8.050165574651658,7.105853273,7.105853273,7.105853273,1.9936404236827077,1.77646331825,1.77646331825,1.77646331825,1.9936404236827077,3.895656673,3.895656673,3.895656673,3.393476312965249,1.078267892,1.078267892,1.078267892,1.9183704952028924,0.7846237005035246,0.7846237005035246,0.7846237005035246,3.393476312965249,2.81614,2.81614,2.81614,9.231376704619043,180.828125,180.828125,180.828125,0.6413461747505345
urban-canals,canals,256,master,3.322352591,3.322352591,3.322352591,0,4.3314511850476265,4.3314511850476265,4.3314511850476265,0,11.42227,11.42227,11.42227,0,6.142837,6.142837,6.142837,0,0.018608282,0.018608282,0.018608282,0,7.993737958,7.993737958,7.993737958,0,1.9984344895,1.9984344895,1.9984344895,0,4.020942223,4.020942223,4.020942223,0,1.466022644,1.466022644,1.466022644,0,0.8113281321630348,0.8113281321630348,0.8113281321630348,0,2.435553,2.435553,2.435553,0,187.515625,187.515625,187.515625,0
urban-canals,canals,256,pr-cpu,3.355069038,3.355069038,3.355069038,0.9847373541455706,4.342833714094013,4.342833714094013,4.342833714094013,0.2627878870176348,11.602635,11.602635,11.602635,1.5790644066372206,6.526904,6.526904,6.526904,6.252273990014712,0.019950238,0.019950238,0.019950238,7.211606100982348,8.097701342,8.097701342,8.097701342,1.3005603204187643,2.0244253355,2.0244253355,2.0244253355,1.3005603204187643,4.228229333,4.228229333,4.228229333,5.155187478554324,1.465319672,1.465319672,1.465319672,-0.047950964664633666,0.8531536184422922,0.8531536184422922,0.8531536184422922,5.155187478554324,2.498852,2.498852,2.498852,2.598958018979669,183.46484375,183.46484375,183.46484375,-2.16023664694609
urban-canals,canals,256,pr-opencl,3.442781355,3.442781355,3.442781355,3.624803831063339,4.5041547156870365,4.5041547156870365,4.5041547156870365,3.9871978988379464,11.291622,11.291622,11.291622,-1.1438006630905995,5.60938,5.60938,5.60938,-8.68421219706791,0.279677608,0.279677608,0.279677608,1402.9738263854772,7.475137925,7.475137925,7.475137925,-6.4875785987079215,1.8687844812499999,1.8687844812499999,1.8687844812499999,-6.487578598707932,5.797019522,5.797019522,5.797019522,44.17067444642069,1.551451709,1.551451709,1.551451709,5.827267767632116,1.1696972401129944,1.1696972401129944,1.1696972401129944,44.17067444642064,2.493442,2.493442,2.493442,2.3768318735005955,294.56640625,294.56640625,294.56640625,57.088992583951345
urban-canals,canals,256,pr-auto,3.050474077,3.050474077,3.050474077,-8.183313075695164,3.9919835929758847,3.9919835929758847,3.9919835929758847,-7.837271564864912,10.570033,10.570033,10.570033,-7.461187662347313,5.066794,5.066794,5.066794,-17.51703650935228,0.024978397,0.024978397,0.024978397,34.23268735931666,7.240189052,7.240189052,7.240189052,-9.42674015534698,1.810047263,1.810047263,1.810047263,-9.42674015534698,3.780136365,3.780136365,3.780136365,-5.988791796673365,1.355945203,1.355945203,1.355945203,-7.5085771321824035,0.7627393795399515,0.7627393795399515,0.7627393795399515,-5.988791796673388,2.188735,2.188735,2.188735,-10.133961363189393,183.66796875,183.66796875,183.66796875,-2.0519123406382844
river-network,watershed,512,master,9.775870375,9.775870375,9.775870375,0,12.345262628048658,12.345262628048658,12.345262628048658,0,32.477706,32.477706,32.477706,0,25.198851,25.198851,25.198851,0,0.648053376,0.648053376,0.648053376,0,23.057319576,23.057319576,23.057319576,0,5.764329894,5.764329894,5.764329894,0,13.260883153,13.260883153,13.260883153,0,3.850815304,3.850815304,3.850815304,0,2.6773436610135275,2.6773436610135275,2.6773436610135275,0,8.49298,8.49298,8.49298,0,565.9609375,565.9609375,565.9609375,0
river-network,watershed,512,pr-cpu,9.58007653,9.58007653,9.58007653,-2.0028277533293393,12.115640873089433,12.115640873089433,12.115640873089433,-1.8599989475924228,32.58127,32.58127,32.58127,0.31887720148708887,24.631464,24.631464,24.631464,-2.2516383782736793,0.613465111,0.613465111,0.613465111,-5.337255584330136,23.133266226,23.133266226,23.133266226,0.32938195504323975,5.7833165565,5.7833165565,5.7833165565,0.32938195504323975,13.606817712,13.606817712,13.606817712,2.6086841653660153,3.840143378,3.840143378,3.840143378,-0.277134195164197,2.7471871011508178,2.7471871011508178,2.7471871011508178,2.608684165365993,8.273501,8.273501,8.273501,-2.5842401606974152,577.73828125,577.73828125,577.73828125,2.080946399238015
river-network,watershed,512,pr-opencl,9.997566906,9.997566906,9.997566906,2.2677932756447694,12.536752563901246,12.536752563901246,12.536752563901246,1.551120795255656,28.160631000000002,28.160631000000002,28.160631000000002,-13.292425887468761,27.423775,27.423775,27.423775,8.829466073671366,0.220999547,0.220999547,0.220999547,-65.89794063506275,19.352295206,19.352295206,19.352295206,-16.06875577097219,4.8380738015,4.8380738015,4.8380738015,-16.06875577097219,8.914704714,8.914704714,8.914704714,-32.77442677727513,4.059534052,4.059534052,4.059534052,5.420118378131389,1.7998596232586312,1.7998596232586312,1.7998596232586312,-32.774426777275146,9.151105,9.151105,9.151105,7.749046859877207,667.22265625,667.22265625,667.22265625,17.89199784658284
river-network,watershed,512,pr-auto,9.61919919,9.61919919,9.61919919,-1.6026315713090655,12.153181915637106,12.153181915637106,12.153181915637106,-1.5559062467828122,33.212272,33.212272,33.212272,2.2617545709663123,25.740906,25.740906,25.740906,2.1511099851338367,0.716233305,0.716233305,0.716233305,10.52072738527019,23.630446829,23.630446829,23.630446829,2.485662963168367,5.90761170725,5.90761170725,5.90761170725,2.485662963168367,14.15680291,14.15680291,14.15680291,6.75610927766388,3.942215747,3.942215747,3.942215747,2.373534843518943,2.858227924490208,2.858227924490208,2.858227924490208,6.756109277663858,7.424068,7.424068,7.424068,-12.585829708771234,560.72265625,560.72265625,560.72265625,-0.9255552641386999
mountain-passes,bajada,512,master,9.365188779,9.365188779,9.365188779,0,11.70515550673008,11.70515550673008,11.70515550673008,0,33.740764,33.740764,33.740764,0,22.5552,22.5552,22.5552,0,0.927708099,0.927708099,0.927708099,0,24.235154956,24.235154956,24.235154956,0,6.058788739,6.058788739,6.058788739,0,15.38397689,15.38397689,15.38397689,0,3.890306513,3.890306513,3.890306513,0,3.1003580995566304,3.1003580995566304,3.1003580995566304,0,7.531266,7.531266,7.531266,0,566.59375,566.59375,566.59375,0
mountain-passes,bajada,512,pr-cpu,9.147674439,9.147674439,9.147674439,-2.3225836139869727,11.541812249924988,11.541812249924988,11.541812249924988,-1.3954813048931758,33.666233,33.666233,33.666233,-0.22089304201884374,23.101315,23.101315,23.101315,2.4212376746825637,0.911272966,0.911272966,0.911272966,-1.7715845121666907,23.758298448,23.758298448,23.758298448,-1.9676231031563463,5.9395746119999995,5.9395746119999995,5.9395746119999995,-1.9676231031563685,15.65655898,15.65655898,15.65655898,1.771857120880016,3.782928348,3.782928348,3.782928348,-2.760146652742679,3.155292015316405,3.155292015316405,3.155292015316405,1.771857120880016,6.893801,6.893801,6.893801,-8.464247578030037,547.078125,547.078125,547.078125,-3.444377033809498
mountain-passes,bajada,512,pr-opencl,10.037396293,10.037396293,10.037396293,7.177725189131512,12.524067434947938,12.524067434947938,12.524067434947938,6.996164448622744,28.7006,28.7006,28.7006,-14.937907155866414,24.966933,24.966933,24.966933,10.692580868269852,0.289749221,0.289749221,0.289749221,-68.76719936881783,19.732130005,19.732130005,19.732130005,-18.580549450479854,4.93303250125,4.93303250125,4.93303250125,-18.580549450479854,9.425240139,9.425240139,9.425240139,-38.733396400727436,4.207122561,4.207122561,4.207122561,8.143729727755765,1.899484107013301,1.899484107013301,1.899484107013301,-38.733396400727436,9.806281,9.806281,9.806281,30.207603874302148,676.4921875,676.4921875,676.4921875,19.39633776405052
mountain-passes,bajada,512,pr-auto,9.288447346,9.288447346,9.288447346,-0.8194328465869427,11.709038778673857,11.709038778673857,11.709038778673857,0.03317573988268485,34.042352,34.042352,34.042352,0.8938386813055033,21.297608,21.297608,21.297608,-5.575618926012627,0.890289633,0.890289633,0.890289633,-4.033430994117038,24.219452824,24.219452824,24.219452824,-0.06479072252068008,6.054863206,6.054863206,6.054863206,-0.06479072252068008,15.732169987,15.732169987,15.732169987,2.2633490643523713,3.799303673,3.799303673,3.799303673,-2.339220308114587,3.1705300255945184,3.1705300255945184,3.1705300255945184,2.2633490643523713,7.475706,7.475706,7.475706,-0.7377245737967497,564.9765625,564.9765625,564.9765625,-0.28542275660471406
wet-small,swamp,128,master,1.67814302,1.67814302,1.67814302,0,2.1711423289962113,2.1711423289962113,2.1711423289962113,0,5.24124,5.24124,5.24124,0,3.051299,3.051299,3.051299,0,0.018162359,0.018162359,0.018162359,0,3.896562397,3.896562397,3.896562397,0,0.97414059925,0.97414059925,0.97414059925,0,1.06342205,1.06342205,1.06342205,0,0.393029212,0.393029212,0.393029212,0,0.21574803205518361,0.21574803205518361,0.21574803205518361,0,1.311441,1.311441,1.311441,0,84.14453125,84.14453125,84.14453125,0
wet-small,swamp,128,pr-cpu,1.636255698,1.636255698,1.636255698,-2.4960519753554733,2.1611071499064565,2.1611071499064565,2.1611071499064565,-0.4622073346243649,5.170965000000001,5.170965000000001,5.170965000000001,-1.3408086635986805,2.681191,2.681191,2.681191,-12.12952254105547,0.017442566,0.017442566,0.017442566,-3.9631030308342696,3.783600731,3.783600731,3.783600731,-2.899008266542069,0.94590018275,0.94590018275,0.94590018275,-2.899008266542069,1.011252921,1.011252921,1.011252921,-4.90577837839642,0.36717605,0.36717605,0.36717605,-6.577923780383033,0.20516391174680462,0.20516391174680462,0.20516391174680462,-4.90577837839643,1.179491,1.179491,1.179491,-10.061451487333395,85.06640625,85.06640625,85.06640625,1.095585163177204
wet-small,swamp,128,pr-opencl,1.671952764,1.671952764,1.671952764,-0.368875353663245,2.4185484666377306,2.4185484666377306,2.4185484666377306,11.395205847969581,5.708909,5.708909,5.708909,8.92286939731819,2.85072,2.85072,2.85072,-6.573560965346248,0.080375315,0.080375315,0.080375315,342.53786085827295,4.025022172,4.025022172,4.025022172,3.296746257647576,1.006255543,1.006255543,1.006255543,3.296746257647576,1.871372003,1.871372003,1.871372003,75.9764152906177,0.378392605,0.378392605,0.378392605,-3.724050669292245,0.3796656528707648,0.3796656528707648,0.3796656528707648,75.97641529061765,1.188191,1.188191,1.188191,-9.39805908157516,198.96875,198.96875,198.96875,136.46070284573602
wet-small,swamp,128,pr-auto,1.691913651,1.691913651,1.691913651,0.8205874490959664,2.214798368047923,2.214798368047923,2.214798368047923,2.0107405428319014,5.389748999999999,5.389748999999999,5.389748999999999,2.833470705405561,3.211207,3.211207,3.211207,5.240653243094151,0.017802925,0.017802925,0.017802925,-1.9790050400391168,3.943911328,3.943911328,3.943911328,1.215146228287134,0.985977832,0.985977832,0.985977832,1.215146228287134,1.157919195,1.157919195,1.157919195,8.886137446557552,0.42247012,0.42247012,0.42247012,7.490768396116065,0.23491969872185026,0.23491969872185026,0.23491969872185026,8.886137446557552,1.34025,1.34025,1.34025,2.1967438870677203,83.359375,83.359375,83.359375,-0.9331043127060012
central-chokes,contested-commons,512,master,9.227712338,9.227712338,9.227712338,0,11.0857203877531,11.0857203877531,11.0857203877531,0,25.618856,25.618856,25.618856,0,28.231899,28.231899,28.231899,0,0.021470958,0.021470958,0.021470958,0,17.918638218,17.918638218,17.918638218,0,4.4796595544999995,4.4796595544999995,4.4796595544999995,0,6.641812546,6.641812546,6.641812546,0,3.581315053,3.581315053,3.581315053,0,1.3350376976884422,1.3350376976884422,1.3350376976884422,0,9.403552,9.403552,9.403552,0,574.8359375,574.8359375,574.8359375,0
central-chokes,contested-commons,512,pr-cpu,9.174322489,9.174322489,9.174322489,-0.5785816358854112,10.910665263887495,10.910665263887495,10.910665263887495,-1.5791046295827171,26.039133,26.039133,26.039133,1.6404987014252193,25.078141,25.078141,25.078141,-11.170902814578643,0.027726065,0.027726065,0.027726065,29.132873344542908,18.442920266,18.442920266,18.442920266,2.9259034175562304,4.6107300664999995,4.6107300664999995,4.6107300664999995,2.9259034175562304,7.212563978,7.212563978,7.212563978,8.593308348392537,3.602924878,3.602924878,3.602924878,0.6034047460275138,1.4497616036180905,1.4497616036180905,1.4497616036180905,8.593308348392537,9.209795,9.209795,9.209795,-2.060466087708135,549.05078125,549.05078125,549.05078125,-4.48565487435274
central-chokes,contested-commons,512,pr-opencl,9.340959192,9.340959192,9.340959192,1.227247337713866,11.261926522944123,11.261926522944123,11.261926522944123,1.5894874579886142,25.86751,25.86751,25.86751,0.9705897874596747,26.534231,26.534231,26.534231,-6.013297228075231,0.045938858,0.045938858,0.045938858,113.95811961441127,17.813985281,17.813985281,17.813985281,-0.584045147442469,4.45349632025,4.45349632025,4.45349632025,-0.5840451474424468,6.707989554,6.707989554,6.707989554,0.9963697039275132,3.73097771,3.73097771,3.73097771,4.178986064759371,1.348339608844221,1.348339608844221,1.348339608844221,0.996369703927491,9.332054,9.332054,9.332054,-0.7603297137081855,671.71875,671.71875,671.71875,16.853993666671197
central-chokes,contested-commons,512,pr-auto,9.356346612,9.356346612,9.356346612,1.3939996099605168,11.184644682798535,11.184644682798535,11.184644682798535,0.8923578404045118,26.192816999999998,26.192816999999998,26.192816999999998,2.240384972693543,28.10216,28.10216,28.10216,-0.4595475493872958,0.024277894,0.024277894,0.024277894,13.073175402792936,18.354537922,18.354537922,18.354537922,2.432660890279692,4.5886344805,4.5886344805,4.5886344805,2.432660890279714,7.203255174,7.203255174,7.203255174,8.453153775592881,3.543595155,3.543595155,3.543595155,-1.0532415451246724,1.4478904872361809,1.4478904872361809,1.4478904872361809,8.453153775592881,9.401273,9.401273,9.401273,-0.02423552291729303,542.734375,542.734375,542.734375,-5.58447383084848
fingerprint-512-seed1,fingerprint,512,master,10.105497948,10.105497948,10.105497948,0,12.711517610121518,12.711517610121518,12.711517610121518,0,38.008559000000005,38.008559000000005,38.008559000000005,0,20.018448,20.018448,20.018448,0,0.377833678,0.377833678,0.377833678,0,26.138274099,26.138274099,26.138274099,0,6.53456852475,6.53456852475,6.53456852475,0,17.064768773,17.064768773,17.064768773,0,7.798912205,7.798912205,7.798912205,0,3.4349373536634458,3.4349373536634458,3.4349373536634458,0,5.637569,5.637569,5.637569,0,557.4609375,557.4609375,557.4609375,0
fingerprint-512-seed1,fingerprint,512,pr-cpu,10.288836802,10.288836802,10.288836802,1.8142485896628813,12.829287942033261,12.829287942033261,12.829287942033261,0.9264852201279927,38.902079,38.902079,38.902079,2.3508389255167295,19.388511,19.388511,19.388511,-3.146782407906934,0.377613849,0.377613849,0.377613849,-0.05818142023856776,26.521057645,26.521057645,26.521057645,1.4644560866956535,6.63026441125,6.63026441125,6.63026441125,1.4644560866956535,17.781499589,17.781499589,17.781499589,4.200061691629919,7.613907923,7.613907923,7.613907923,-2.3721805956655184,3.579206841586151,3.579206841586151,3.579206841586151,4.200061691629942,5.52757,5.52757,5.52757,-1.9511778924568457,551.61328125,551.61328125,551.61328125,-1.048980449863357
fingerprint-512-seed1,fingerprint,512,pr-opencl,10.591733435,10.591733435,10.591733435,4.811593545434656,13.316025165840983,13.316025165840983,13.316025165840983,4.755589177157948,34.092378,34.092378,34.092378,-10.303418764178895,20.831802,20.831802,20.831802,4.063022268259764,0.018283079,0.018283079,0.018283079,-95.16107746223723,22.962828711,22.962828711,22.962828711,-12.148642163491152,5.74070717775,5.74070717775,5.74070717775,-12.148642163491152,11.487268455,11.487268455,11.487268455,-32.68430057385109,8.394992139,8.394992139,8.394992139,7.643116351763046,2.312252104468599,2.312252104468599,2.312252104468599,-32.684300573851075,8.145602,8.145602,8.145602,44.48784573634488,678.67578125,678.67578125,678.67578125,21.744096419311898
fingerprint-512-seed1,fingerprint,512,pr-auto,9.971301563,9.971301563,9.971301563,-1.3279542056268356,12.534881107043475,12.534881107043475,12.534881107043475,-1.3895784004373857,38.453342,38.453342,38.453342,1.1702180027398423,17.264067,17.264067,17.264067,-13.759213501466238,0.396269848,0.396269848,0.396269848,4.8794406304881965,26.342339028,26.342339028,26.342339028,0.7807130961558384,6.585584757,6.585584757,6.585584757,0.7807130961558384,17.598857347,17.598857347,17.598857347,3.1297732838023284,7.734935911,7.734935911,7.734935911,-0.8203233004595689,3.542443105273752,3.542443105273752,3.542443105273752,3.1297732838023506,5.191754,5.191754,5.191754,-7.907929818686021,562.58984375,562.58984375,562.58984375,0.9200476490785592
old-town-512-seed1,old-town,512,master,9.275806566,9.275806566,9.275806566,0,11.454209862742573,11.454209862742573,11.454209862742573,0,32.402681,32.402681,32.402681,0,18.120671,18.120671,18.120671,0,0.305174337,0.305174337,0.305174337,0,22.165550849,22.165550849,22.165550849,0,5.54138771225,5.54138771225,5.54138771225,0,13.098717628,13.098717628,13.098717628,0,5.327326585,5.327326585,5.327326585,0,2.6339669471144176,2.6339669471144176,2.6339669471144176,0,5.949238,5.949238,5.949238,0,562.234375,562.234375,562.234375,0
old-town-512-seed1,old-town,512,pr-cpu,9.480862386,9.480862386,9.480862386,2.210652179311512,11.590220365207642,11.590220365207642,11.590220365207642,1.187428064396423,33.517994,33.517994,33.517994,3.442039255949214,20.757412,20.757412,20.757412,14.551011935485159,0.381473519,0.381473519,0.381473519,25.001834279400747,23.242252645,23.242252645,23.242252645,4.8575458527283955,5.81056316125,5.81056316125,5.81056316125,4.8575458527283955,14.068434447,14.068434447,14.068434447,7.403143166680071,5.390681912,5.390681912,5.390681912,1.1892517942937442,2.8289632911723306,2.8289632911723306,2.8289632911723306,7.403143166680093,5.921698,5.921698,5.921698,-0.4629164272802688,568.7890625,568.7890625,568.7890625,1.1658283078120224
old-town-512-seed1,old-town,512,pr-opencl,9.748835958,9.748835958,9.748835958,5.099603884948034,12.093521371018142,12.093521371018142,12.093521371018142,5.581454469025182,29.656803999999998,29.656803999999998,29.656803999999998,-8.47422779615058,22.3995,22.3995,22.3995,23.612972168635473,0.053332913,0.053332913,0.053332913,-82.52378836166686,19.976144676,19.976144676,19.976144676,-9.877517540236425,4.994036169,4.994036169,4.994036169,-9.877517540236425,9.344757942,9.344757942,9.344757942,-28.658986265766075,5.624026426,5.624026426,5.624026426,5.5693946347387335,1.8790987214960788,1.8790987214960788,1.8790987214960788,-28.658986265766075,8.030452,8.030452,8.030452,34.98286671335051,673.3203125,673.3203125,673.3203125,19.75794125003474
old-town-512-seed1,old-town,512,pr-auto,9.419362346,9.419362346,9.419362346,1.5476366284544518,11.573273037094623,11.573273037094623,11.573273037094623,1.0394708651124906,33.574107,33.574107,33.574107,3.615213197944933,19.206753,19.206753,19.206753,5.993608073343415,0.350935263,0.350935263,0.350935263,14.995011195846386,22.991773818,22.991773818,22.991773818,3.7275092986794656,5.7479434545,5.7479434545,5.7479434545,3.7275092986794656,14.211468017,14.211468017,14.211468017,8.49510937331277,5.251932661,5.251932661,5.251932661,-1.4152299994576012,2.857725320128695,2.857725320128695,2.857725320128695,8.49510937331277,5.921698,5.921698,5.921698,-0.4629164272802688,572.671875,572.671875,572.671875,1.8564322040963699
symmetric-arena-512-seed1,symmetric-arena,512,master,9.088200383,9.088200383,9.088200383,0,11.32840771926567,11.32840771926567,11.32840771926567,0,32.461711,32.461711,32.461711,0,17.933442,17.933442,17.933442,0,0.720232335,0.720232335,0.720232335,0,22.543453248,22.543453248,22.543453248,0,5.635863312,5.635863312,5.635863312,0,14.43649467,14.43649467,14.43649467,0,4.348173676,4.348173676,4.348173676,0,2.908824233326617,2.908824233326617,2.908824233326617,0,6.357095,6.357095,6.357095,0,544.66015625,544.66015625,544.66015625,0
symmetric-arena-512-seed1,symmetric-arena,512,pr-cpu,8.898057198,8.898057198,8.898057198,-2.092198421985436,11.070589387323707,11.070589387323707,11.070589387323707,-2.2758567517260464,31.909039999999997,31.909039999999997,31.909039999999997,-1.7025319460209687,18.19946,18.19946,18.19946,1.4833627588055842,0.752635936,0.752635936,0.752635936,4.4990483522237446,22.017031737,22.017031737,22.017031737,-2.33514140539538,5.50425793425,5.50425793425,5.50425793425,-2.33514140539538,14.435628934,14.435628934,14.435628934,-0.005996857407486456,4.29308743,4.29308743,4.29308743,-1.266882376480316,2.90864979528511,2.90864979528511,2.90864979528511,-0.005996857407497558,5.835948,5.835948,5.835948,-8.197879691903298,565.08984375,565.08984375,565.08984375,3.7509054527981256
symmetric-arena-512-seed1,symmetric-arena,512,pr-opencl,9.501148422,9.501148422,9.501148422,4.543782284691278,11.779868044890463,11.779868044890463,11.779868044890463,3.9852054835298523,27.170927,27.170927,27.170927,-16.298537067254404,22.45926,22.45926,22.45926,25.236750424151722,0.078491374,0.078491374,0.078491374,-89.10193694649935,18.148337127,18.148337127,18.148337127,-19.496197289072924,4.53708428175,4.53708428175,4.53708428175,-19.496197289072924,8.056510142,8.056510142,8.056510142,-44.193446358263365,4.697554453,4.697554453,4.697554453,8.035115499834511,1.6233145561152529,1.6233145561152529,1.6233145561152529,-44.193446358263365,8.726738,8.726738,8.726738,37.27556375986201,679.28125,679.28125,679.28125,24.71653052003471
symmetric-arena-512-seed1,symmetric-arena,512,pr-auto,9.190249966,9.190249966,9.190249966,1.12287998392826,11.405930347274989,11.405930347274989,11.405930347274989,0.6843206029518267,33.149,33.149,33.149,2.117229741833393,19.73034,19.73034,19.73034,10.019816608546206,0.791385785,0.791385785,0.791385785,9.879235705239475,22.893491651,22.893491651,22.893491651,1.5527275220403869,5.72337291275,5.72337291275,5.72337291275,1.5527275220403869,15.074455342,15.074455342,15.074455342,4.419082932408269,4.350773807,4.350773807,4.350773807,0.059798232401608864,3.0373675885553095,3.0373675885553095,3.0373675885553095,4.419082932408269,6.827202,6.827202,6.827202,7.3949972432376665,573.5078125,573.5078125,573.5078125,5.296450625031368
swamp-512-seed1,swamp,512,master,11.750578473,11.750578473,11.750578473,0,14.490595172159374,14.490595172159374,14.490595172159374,0,40.920059,40.920059,40.920059,0,22.743138,22.743138,22.743138,0,0.247179201,0.247179201,0.247179201,0,29.659872156,29.659872156,29.659872156,0,7.414968039,7.414968039,7.414968039,0,16.238076244,16.238076244,16.238076244,0,6.721022092,6.721022092,6.721022092,0,3.273805694354839,3.273805694354839,3.273805694354839,0,9.113135,9.113135,9.113135,0,568.30859375,568.30859375,568.30859375,0
swamp-512-seed1,swamp,512,pr-cpu,11.434678702,11.434678702,11.434678702,-2.68837633590433,14.056838780175894,14.056838780175894,14.056838780175894,-2.9933649158652265,40.187152,40.187152,40.187152,-1.7910702425917968,21.317898,21.317898,21.317898,-6.266681405178121,0.214897226,0.214897226,0.214897226,-13.0601502348897,28.940741185,28.940741185,28.940741185,-2.42459228150963,7.23518529625,7.23518529625,7.23518529625,-2.42459228150963,16.145723684,16.145723684,16.145723684,-0.568740770841758,6.59925168,6.59925168,6.59925168,-1.8117841354061692,3.2551862266129032,3.2551862266129032,3.2551862266129032,-0.5687407708417691,8.273541,8.273541,8.273541,-9.213009573544117,559.16015625,559.16015625,559.16015625,-1.6097658210011856
swamp-512-seed1,swamp,512,pr-opencl,11.97864579,11.97864579,11.97864579,1.940902888517737,14.652462508063763,14.652462508063763,14.652462508063763,1.1170509836295972,36.012105,36.012105,36.012105,-11.994005189484213,24.743434,24.743434,24.743434,8.795162743153572,0.020822431,0.020822431,0.020822431,-91.57597770534099,25.517987696,25.517987696,25.517987696,-13.964606584327854,6.379496924,6.379496924,6.379496924,-13.964606584327854,10.5957011,10.5957011,10.5957011,-34.7478054617761,7.072497291,7.072497291,7.072497291,5.229490309492646,2.136230060483871,2.136230060483871,2.136230060483871,-34.7478054617761,9.652421,9.652421,9.652421,5.9176781645394305,684.38671875,684.38671875,684.38671875,20.425192628894685
swamp-512-seed1,swamp,512,pr-auto,11.720653346,11.720653346,11.720653346,-0.2546693940962963,14.320651041343808,14.320651041343808,14.320651041343808,-1.1727891697787318,41.594261,41.594261,41.594261,1.6476075950916824,22.310671,22.310671,22.310671,-1.90152739696694,0.327793435,0.327793435,0.327793435,32.613680145361435,30.143103966,30.143103966,30.143103966,1.6292444129845984,7.5357759914999995,7.5357759914999995,7.5357759914999995,1.6292444129845762,17.303770162,17.303770162,17.303770162,6.5629320985223005,6.855822447,6.855822447,6.855822447,2.0056526098977123,3.4886633391129034,3.4886633391129034,3.4886633391129034,6.5629320985223005,8.681549,8.681549,8.681549,-4.7358675143076345,566.73828125,566.73828125,566.73828125,-0.2763133475843227
tidal-flats-512-seed1,tidal-flats,512,master,9.776382211,9.776382211,9.776382211,0,11.963200769387186,11.963200769387186,11.963200769387186,0,34.988751,34.988751,34.988751,0,22.943077,22.943077,22.943077,0,1.029907235,1.029907235,1.029907235,0,25.537809997,25.537809997,25.537809997,0,6.38445249925,6.38445249925,6.38445249925,0,15.244330772,15.244330772,15.244330772,0,3.227506394,3.227506394,3.227506394,0,3.0827766980788676,3.0827766980788676,3.0827766980788676,0,8.733078,8.733078,8.733078,0,572.10546875,572.10546875,572.10546875,0
tidal-flats-512-seed1,tidal-flats,512,pr-cpu,9.515157732,9.515157732,9.515157732,-2.6719953594498302,11.595871104858816,11.595871104858816,11.595871104858816,-3.070496530229061,34.123408000000005,34.123408000000005,34.123408000000005,-2.47320345902029,19.843468,19.843468,19.843468,-13.50999693720244,0.885828868,0.885828868,0.885828868,-13.989450904284595,24.912379855,24.912379855,24.912379855,-2.449035927800658,6.22809496375,6.22809496375,6.22809496375,-2.449035927800658,14.739300269,14.739300269,14.739300269,-3.312907011487931,3.149143794,3.149143794,3.149143794,-2.427961107859544,2.980647172699697,2.980647172699697,2.980647172699697,-3.31290701148792,8.023543,8.023543,8.023543,-8.12468410335967,564.8203125,564.8203125,564.8203125,-1.2733939191172938
tidal-flats-512-seed1,tidal-flats,512,pr-opencl,10.444907761,10.444907761,10.444907761,6.838169126078175,12.681014778092504,12.681014778092504,12.681014778092504,6.000183584163721,29.799212999999998,29.799212999999998,29.799212999999998,-14.832018439297823,23.764101,23.764101,23.764101,3.5785261061539453,0.582689768,0.582689768,0.582689768,-43.423082371103064,21.05571169,21.05571169,21.05571169,-17.55083269679948,5.263927922500001,5.263927922500001,5.263927922500001,-17.550832696799457,11.051876319,11.051876319,11.051876319,-27.50172845042489,3.579276299,3.579276299,3.579276299,10.899123411620405,2.2349598218402424,2.2349598218402424,2.2349598218402424,-27.5017284504249,10.730353,10.730353,10.730353,22.870229717403156,712.0234375,712.0234375,712.0234375,24.45667388142756
tidal-flats-512-seed1,tidal-flats,512,pr-auto,9.584700626,9.584700626,9.584700626,-1.9606596884512828,11.620634127873927,11.620634127873927,11.620634127873927,-2.8635032389480397,34.591989,34.591989,34.591989,-1.1339701722991036,22.980506,22.980506,22.980506,0.16313853630007813,0.97570671,0.97570671,0.97570671,-5.262660864791391,25.155214674,25.155214674,25.155214674,-1.4981524376794453,6.2888036685,6.2888036685,6.2888036685,-1.4981524376794453,15.307528767,15.307528767,15.307528767,0.4145671984242094,3.233113729,3.233113729,3.233113729,0.17373582932085352,3.0955568790697674,3.0955568790697674,3.0955568790697674,0.4145671984242094,7.610326,7.610326,7.610326,-12.85631480676116,577.2734375,577.2734375,577.2734375,0.9033244798885676
river-512-seed1,river,512,master,8.81054743,8.81054743,8.81054743,0,10.75337880384177,10.75337880384177,10.75337880384177,0,27.706940000000003,27.706940000000003,27.706940000000003,0,22.655389,22.655389,22.655389,0,0.381749985,0.381749985,0.381749985,0,19.568158458,19.568158458,19.568158458,0,4.8920396145,4.8920396145,4.8920396145,0,10.306146895,10.306146895,10.306146895,0,3.438464938,3.438464938,3.438464938,0,2.070754851316054,2.070754851316054,2.070754851316054,0,8.312261,8.312261,8.312261,0,544.28515625,544.28515625,544.28515625,0
river-512-seed1,river,512,pr-cpu,8.901285632,8.901285632,8.901285632,1.029881545056277,10.872676463797688,10.872676463797688,10.872676463797688,1.1093969824005345,28.449218,28.449218,28.449218,2.6790327621888155,24.398216,24.398216,24.398216,7.692770139590199,0.450398673,0.450398673,0.450398673,17.982630176134773,20.014410299,20.014410299,20.014410299,2.280499935432423,5.0036025747499995,5.0036025747499995,5.0036025747499995,2.2804999354324007,11.159895543,11.159895543,11.159895543,8.28387812339637,3.451693208,3.451693208,3.451693208,0.384714407112563,2.2422936594333938,2.2422936594333938,2.2422936594333938,8.28387812339637,7.543277,7.543277,7.543277,-9.251201327773506,535.1328125,535.1328125,535.1328125,-1.6815346964553557
river-512-seed1,river,512,pr-opencl,9.548353064,9.548353064,9.548353064,8.374117951942072,11.595228679012507,11.595228679012507,11.595228679012507,7.828701011350758,25.977569,25.977569,25.977569,-6.241652813338472,25.506688,25.506688,25.506688,12.585522146629224,0.251358095,0.251358095,0.251358095,-34.15635759618956,17.879793954,17.879793954,17.879793954,-8.628121586524406,4.4699484885,4.4699484885,4.4699484885,-8.628121586524406,8.296208569,8.296208569,8.296208569,-19.50232561671634,3.778902419,3.778902419,3.778902419,9.900856549027859,1.6669094974884469,1.6669094974884469,1.6669094974884469,-19.50232561671634,10.082448,10.082448,10.082448,21.296095009528692,658.57421875,658.57421875,658.57421875,20.998012014037904
river-512-seed1,river,512,pr-auto,8.77806126,8.77806126,8.77806126,-0.36871908650516483,10.684959792066365,10.684959792066365,10.684959792066365,-0.6362559435826864,28.249985,28.249985,28.249985,1.9599602121345594,24.058699,24.058699,24.058699,6.194155394992351,0.416897375,0.416897375,0.416897375,9.206913262878057,19.95524577,19.95524577,19.95524577,1.9781489036427402,4.9888114425,4.9888114425,4.9888114425,1.9781489036427402,11.018713518,11.018713518,11.018713518,6.91399637769281,3.46028943,3.46028943,3.46028943,0.6347161420437342,2.213926766726944,2.213926766726944,2.213926766726944,6.91399637769281,7.193029,7.193029,7.193029,-13.464832252019033,541.9609375,541.9609375,541.9609375,-0.427022255395193
isles-512-seed1,isles,512,master,8.770855482,8.770855482,8.770855482,0,10.650974133983254,10.650974133983254,10.650974133983254,0,28.411564,28.411564,28.411564,0,20.878342,20.878342,20.878342,0,0.081808466,0.081808466,0.081808466,0,20.680358362,20.680358362,20.680358362,0,5.1700895905,5.1700895905,5.1700895905,0,10.261510838,10.261510838,10.261510838,0,4.152406973,4.152406973,4.152406973,0,2.0651058237069835,2.0651058237069835,2.0651058237069835,0,8.045053,8.045053,8.045053,0,544.6015625,544.6015625,544.6015625,0
isles-512-seed1,isles,512,pr-cpu,8.602831829,8.602831829,8.602831829,-1.9157042701801186,10.582099173683673,10.582099173683673,10.582099173683673,-0.6466540941060694,28.939325,28.939325,28.939325,1.8575570144607312,19.398012,19.398012,19.398012,-7.090266075725737,0.10960479,0.10960479,0.10960479,33.97731965784567,21.03635925,21.03635925,21.03635925,1.7214444825779607,5.2590898125,5.2590898125,5.2590898125,1.7214444825779607,10.899938393,10.899938393,10.899938393,6.2215746304706165,4.119669353,4.119669353,4.119669353,-0.7884010457758106,2.193587923727108,2.193587923727108,2.193587923727108,6.221574630470594,7.586726,7.586726,7.586726,-5.6970041092333386,557.71875,557.71875,557.71875,2.408584257412949
isles-512-seed1,isles,512,pr-opencl,9.215481955,9.215481955,9.215481955,5.069362662655719,11.211133254226297,11.211133254226297,11.211133254226297,5.259228998179477,27.956619999999997,27.956619999999997,27.956619999999997,-1.6012634855300467,19.843368,19.843368,19.843368,-4.95716565999349,0.369504096,0.369504096,0.369504096,351.66975261460107,19.931479319,19.931479319,19.931479319,-3.6212092164517706,4.982869829749999,4.982869829749999,4.982869829749999,-3.621209216451793,11.537181199,11.537181199,11.537181199,12.43160369987617,4.392932007,4.392932007,4.392932007,5.792424383350547,2.3218315956932987,2.3218315956932987,2.3218315956932987,12.431603699876149,8.648698,8.648698,8.648698,7.503306690459355,651.67578125,651.67578125,651.67578125,19.66101938056779
isles-512-seed1,isles,512,pr-auto,8.477849448,8.477849448,8.477849448,-3.340677937304082,10.467629320919514,10.467629320919514,10.467629320919514,-1.7213900884310296,28.908117,28.908117,28.908117,1.7477144165664482,19.913978,19.913978,19.913978,-4.618968306966131,0.132195911,0.132195911,0.132195911,61.59196897788062,20.951726334,20.951726334,20.951726334,1.312201496946197,5.2379315835,5.2379315835,5.2379315835,1.312201496946197,11.155366396,11.155366396,11.155366396,8.7107597712601,4.088267318,4.088267318,4.088267318,-1.5446379754453843,2.2449922310324006,2.2449922310324006,2.2449922310324006,8.71075977126008,6.844031,6.844031,6.844031,-14.92870214776707,544.4140625,544.4140625,544.4140625,-0.034428839891553764
ring-world-512-seed1,ring-world,512,master,9.704112726,9.704112726,9.704112726,0,12.015383168123662,12.015383168123662,12.015383168123662,0,30.70721,30.70721,30.70721,0,25.175301,25.175301,25.175301,0,0.089888912,0.089888912,0.089888912,0,21.338598396,21.338598396,21.338598396,0,5.3346495990000005,5.3346495990000005,5.3346495990000005,0,10.558004748,10.558004748,10.558004748,0,4.530857343,4.530857343,4.530857343,0,2.135518759708738,2.135518759708738,2.135518759708738,0,9.163125,9.163125,9.163125,0,587.9453125,587.9453125,587.9453125,0
ring-world-512-seed1,ring-world,512,pr-cpu,9.513214516,9.513214516,9.513214516,-1.9671887104993235,11.666149964090437,11.666149964090437,11.666149964090437,-2.9065507037655536,30.551623,30.551623,30.551623,-0.5066790502947005,25.137151,25.137151,25.137151,-0.15153741359438255,0.131058499,0.131058499,0.131058499,45.800517643377404,21.626439339,21.626439339,21.626439339,1.348921506737577,5.40660983475,5.40660983475,5.40660983475,1.3489215067375548,10.995399821,10.995399821,10.995399821,4.142781552384278,4.76905224,4.76905224,4.76905224,5.257170530164701,2.223988636933657,2.223988636933657,2.223988636933657,4.142781552384256,8.962316,8.962316,8.962316,-2.1914903485437676,582.1875,582.1875,582.1875,-0.9793108946676066
ring-world-512-seed1,ring-world,512,pr-opencl,9.944713903,9.944713903,9.944713903,2.4793732698030535,12.35602581081912,12.35602581081912,12.35602581081912,2.8350543459918054,29.101252,29.101252,29.101252,-5.229905289344106,24.622355,24.622355,24.622355,-2.1963828754222314,0.041457734,0.041457734,0.041457734,-53.87892335375024,19.993897419,19.993897419,19.993897419,-6.301730563765928,4.99847435475,4.99847435475,4.99847435475,-6.30173056376595,8.303194793,8.303194793,8.303194793,-21.35640216895269,4.955369909,4.955369909,4.955369909,9.369365086187397,1.6794487849919093,1.6794487849919093,1.6794487849919093,-21.35640216895269,9.74527,9.74527,9.74527,6.353127344655873,679.66796875,679.66796875,679.66796875,15.600542142259188
ring-world-512-seed1,ring-world,512,pr-auto,9.66418717,9.66418717,9.66418717,-0.4114292272494824,11.795199945103377,11.795199945103377,11.795199945103377,-1.83251103971801,30.843583,30.843583,30.843583,0.4441074262363731,23.85196,23.85196,23.85196,-5.256505175449555,0.121282964,0.121282964,0.121282964,34.92538879545008,21.57061275,21.57061275,21.57061275,1.087298939200676,5.3926531875,5.3926531875,5.3926531875,1.0872989392006538,11.150066998,11.150066998,11.150066998,5.607709639571379,4.553850504,4.553850504,4.553850504,0.5074792530275429,2.25527245105178,2.25527245105178,2.25527245105178,5.607709639571379,9.208975,9.208975,9.208975,0.5003751449423666,568.60546875,568.60546875,568.60546875,-3.2893950064445843
amphitheatre-512-seed1,amphitheatre,512,master,7.815169378,7.815169378,7.815169378,0,9.804509380832314,9.804509380832314,9.804509380832314,0,33.308267,33.308267,33.308267,0,13.267596,13.267596,13.267596,0,0.668112035,0.668112035,0.668112035,0,23.04051026,23.04051026,23.04051026,0,5.760127565,5.760127565,5.760127565,0,17.287139166,17.287139166,17.287139166,0,3.781164801,3.781164801,3.781164801,0,3.481099308497785,3.481099308497785,3.481099308497785,0,6.215396,6.215396,6.215396,0,530.9765625,530.9765625,530.9765625,0
amphitheatre-512-seed1,amphitheatre,512,pr-cpu,7.796230673,7.796230673,7.796230673,-0.24233262369608433,9.818167943973094,9.818167943973094,9.818167943973094,0.13930899150835785,33.166071,33.166071,33.166071,-0.4269090313224644,14.383267,14.383267,14.383267,8.408991350053174,0.630749412,0.630749412,0.630749412,-5.592269116960303,23.145700321,23.145700321,23.145700321,0.45654397325833873,5.78642508025,5.78642508025,5.78642508025,0.45654397325833873,17.203668039,17.203668039,17.203668039,-0.48285101541941655,3.622150618,3.622150618,3.622150618,-4.205428521865684,3.4642907851389446,3.4642907851389446,3.4642907851389446,-0.48285101541942765,6.422894,6.422894,6.422894,3.3384518058060975,542.46484375,542.46484375,542.46484375,2.163613624659755
amphitheatre-512-seed1,amphitheatre,512,pr-opencl,10.154926915,10.154926915,10.154926915,29.938667018356725,12.315400280058384,12.315400280058384,12.315400280058384,25.60955170418653,30.4772,30.4772,30.4772,-8.499592608645779,19.910608,19.910608,19.910608,50.069447396498965,1.094964201,1.094964201,1.094964201,63.88930952276588,21.144696009,21.144696009,21.144696009,-8.228178237403327,5.28617400225,5.28617400225,5.28617400225,-8.228178237403327,17.993245698,17.993245698,17.993245698,4.08457712533925,4.002901315,4.002901315,4.002901315,5.864238288195156,3.6232874945630287,3.6232874945630287,3.6232874945630287,4.08457712533925,8.936317,8.936317,8.936317,43.77711412112761,676.27734375,676.27734375,676.27734375,27.36482012800707
amphitheatre-512-seed1,amphitheatre,512,pr-auto,7.714758443,7.714758443,7.714758443,-1.2848209698776425,9.784852261189371,9.784852261189371,9.784852261189371,-0.20049059957424342,32.951662999999996,32.951662999999996,32.951662999999996,-1.0706170933480363,13.055827,13.055827,13.055827,-1.5961369339253184,0.710342964,0.710342964,0.710342964,6.320935230571001,22.489105563,22.489105563,22.489105563,-2.3931965515420095,5.622276390750001,5.622276390750001,5.622276390750001,-2.3931965515419873,17.231025155,17.231025155,17.231025155,-0.32459975280560993,3.456839978,3.456839978,3.456839978,-8.577378666865465,3.469799668747483,3.469799668747483,3.469799668747483,-0.32459975280563214,5.933678,5.933678,5.933678,-4.532583281901914,558.9375,558.9375,558.9375,5.265945707349373
shattered-coast-512-seed1,shattered-coast,512,master,7.623584292,7.623584292,7.623584292,0,9.749221394769847,9.749221394769847,9.749221394769847,0,27.740885,27.740885,27.740885,0,16.528843,16.528843,16.528843,0,0.78368452,0.78368452,0.78368452,0,19.655885463,19.655885463,19.655885463,0,4.91397136575,4.91397136575,4.91397136575,0,13.380406754,13.380406754,13.380406754,0,3.044222573,3.044222573,3.044222573,0,2.6857500509835406,2.6857500509835406,2.6857500509835406,0,6.231436,6.231436,6.231436,0,512.7734375,512.7734375,512.7734375,0
shattered-coast-512-seed1,shattered-coast,512,pr-cpu,7.483965686,7.483965686,7.483965686,-1.8314037157890706,9.784959200304002,9.784959200304002,9.784959200304002,0.3665708684523983,28.074066,28.074066,28.074066,1.2010467582414863,16.758711,16.758711,16.758711,1.3907083514557161,0.90624024,0.90624024,0.90624024,15.638400003103303,19.920429572,19.920429572,19.920429572,1.3458773429361637,4.980107393,4.980107393,4.980107393,1.3458773429361637,13.834089197,13.834089197,13.834089197,3.390647618872844,2.86704947,2.86704947,2.86704947,-5.819978623488121,2.7768143711360898,2.7768143711360898,2.7768143711360898,3.390647618872822,6.124846,6.124846,6.124846,-1.7105206568758913,524.328125,524.328125,524.328125,2.2533709149082037
shattered-coast-512-seed1,shattered-coast,512,pr-opencl,8.994067682,8.994067682,8.994067682,17.9768903642628,11.2513909782283,11.2513909782283,11.2513909782283,15.408097966308576,25.10598,25.10598,25.10598,-9.498273036350502,23.902389,23.902389,23.902389,44.610176283966176,0.889921177,0.889921177,0.889921177,13.556048931526664,17.126862164,17.126862164,17.126862164,-12.866493874115237,4.2817155410000005,4.2817155410000005,4.2817155410000005,-12.866493874115214,14.291217756,14.291217756,14.291217756,6.807050179754204,3.252925363,3.252925363,3.252925363,6.855700757593719,2.868570404656764,2.868570404656764,2.868570404656764,6.807050179754204,8.331361,8.331361,8.331361,33.698893802327405,634.23046875,634.23046875,634.23046875,23.686295421650037
shattered-coast-512-seed1,shattered-coast,512,pr-auto,7.691890216,7.691890216,7.691890216,0.8959817506271728,9.985719020944089,9.985719020944089,9.985719020944089,2.425810396521655,28.827364,28.827364,28.827364,3.916526094967776,16.582642,16.582642,16.582642,0.32548557693965474,0.995427653,0.995427653,0.995427653,27.018925038866403,20.019688314,20.019688314,20.019688314,1.8508596404105848,5.0049220785,5.0049220785,5.0049220785,1.8508596404105848,14.372902782,14.372902782,14.372902782,7.417532562702545,2.806772893,2.806772893,2.806772893,-7.800010488917675,2.884966435568045,2.884966435568045,2.884966435568045,7.417532562702545,6.004538,6.004538,6.004538,-3.6411831879521905,512.8515625,512.8515625,512.8515625,0.015235773596411484
crater-lakes-512-seed1,crater-lakes,512,master,10.448338317,10.448338317,10.448338317,0,12.937423351220787,12.937423351220787,12.937423351220787,0,38.095613,38.095613,38.095613,0,22.906847,22.906847,22.906847,0,0.504217677,0.504217677,0.504217677,0,26.25141142,26.25141142,26.25141142,0,6.562852855,6.562852855,6.562852855,0,16.826953352,16.826953352,16.826953352,0,6.225250586,6.225250586,6.225250586,0,3.395954258728557,3.395954258728557,3.395954258728557,0,7.311118,7.311118,7.311118,0,541.8125,541.8125,541.8125,0
crater-lakes-512-seed1,crater-lakes,512,pr-cpu,10.556410378,10.556410378,10.556410378,1.0343468762316288,12.94743646029383,12.94743646029383,12.94743646029383,0.07739647069753275,38.458901999999995,38.458901999999995,38.458901999999995,0.9536242401454231,22.630868,22.630868,22.630868,-1.2047882451914904,0.481366757,0.481366757,0.481366757,-4.531955352291228,26.685120179,26.685120179,26.685120179,1.652135011184841,6.6712800447500005,6.6712800447500005,6.6712800447500005,1.6521350111848632,17.41454236,17.41454236,17.41454236,3.491951250522485,6.135037268,6.135037268,6.135037268,-1.449151592433584,3.5145393259334003,3.5145393259334003,3.5145393259334003,3.491951250522485,7.392857,7.392857,7.392857,1.118009584854196,568.19140625,568.19140625,568.19140625,4.86864113507901
crater-lakes-512-seed1,crater-lakes,512,pr-opencl,10.752048634,10.752048634,10.752048634,2.906781038146966,13.363377917557955,13.363377917557955,13.363377917557955,3.2924219512146857,32.455115,32.455115,32.455115,-14.80616153886276,25.147212,25.147212,25.147212,9.780328999447207,0.015482606,0.015482606,0.015482606,-96.92938056195915,21.919331085,21.919331085,21.919331085,-16.502275880296267,5.47983277125,5.47983277125,5.47983277125,-16.502275880296267,9.799584048,9.799584048,9.799584048,-41.76257672435247,6.416101848,6.416101848,6.416101848,3.065760315403332,1.977716255903128,1.977716255903128,1.977716255903128,-41.76257672435247,8.034433,8.034433,8.034433,9.89335693939013,677.5625,677.5625,677.5625,25.054792940362212
crater-lakes-512-seed1,crater-lakes,512,pr-auto,10.589514802,10.589514802,10.589514802,1.3511860040969381,13.107912888284773,13.107912888284773,13.107912888284773,1.3178013305709557,39.22276900000001,39.22276900000001,39.22276900000001,2.9587553821486035,22.397701,22.397701,22.397701,-2.222680406430433,0.513301742,0.513301742,0.513301742,1.8016157335158267,27.296135971,27.296135971,27.296135971,3.9796890699905996,6.82403399275,6.82403399275,6.82403399275,3.9796890699905996,17.924752463,17.924752463,17.924752463,6.524051550125209,6.17353825,6.17353825,6.17353825,-0.8306868179137394,3.6175080651866804,3.6175080651866804,3.6175080651866804,6.524051550125209,7.121659,7.121659,7.121659,-2.591382056752456,552.36328125,552.36328125,552.36328125,1.9473122620832894
fjord-continent-512-seed1,fjord-continent,512,master,9.473349259,9.473349259,9.473349259,0,11.391748717986047,11.391748717986047,11.391748717986047,0,28.312244999999997,28.312244999999997,28.312244999999997,0,24.007679,24.007679,24.007679,0,0.051424732,0.051424732,0.051424732,0,20.152589305,20.152589305,20.152589305,0,5.03814732625,5.03814732625,5.03814732625,0,8.564425282,8.564425282,8.564425282,0,3.663769902,3.663769902,3.663769902,0,1.7315861872219978,1.7315861872219978,1.7315861872219978,0,9.069776,9.069776,9.069776,0,577.02734375,577.02734375,577.02734375,0
fjord-continent-512-seed1,fjord-continent,512,pr-cpu,9.339261755,9.339261755,9.339261755,-1.4154181412937228,11.2862279699184,11.2862279699184,11.2862279699184,-0.9262910434553739,28.88091,28.88091,28.88091,2.0085478915571775,24.252857,24.252857,24.252857,1.0212482431142034,0.074054918,0.074054918,0.074054918,44.006424768533535,20.595009367,20.595009367,20.595009367,2.1953509561683626,5.14875234175,5.14875234175,5.14875234175,2.1953509561683626,9.199874703,9.199874703,9.199874703,7.419638797427952,3.642706988,3.642706988,3.642706988,-0.5748972933180663,1.8600636277800242,1.8600636277800242,1.8600636277800242,7.41963879742793,8.55092,8.55092,8.55092,-5.720714601992372,561.86328125,561.86328125,561.86328125,-2.6279625505182147
fjord-continent-512-seed1,fjord-continent,512,pr-opencl,9.839003005,9.839003005,9.839003005,3.8598148975940605,11.823754771146923,11.823754771146923,11.823754771146923,3.792271615672105,28.292238,28.292238,28.292238,-0.07066553712005152,22.025604,22.025604,22.025604,-8.256004255971593,0.30644209,0.30644209,0.30644209,495.90410699661015,19.758380558,19.758380558,19.758380558,-1.9561195885741345,4.9395951395,4.9395951395,4.9395951395,-1.9561195885741345,9.396931684,9.396931684,9.396931684,9.720516842498395,3.777598255,3.777598255,3.777598255,3.106864132975784,1.8999053141932873,1.8999053141932873,1.8999053141932873,9.720516842498373,9.232605,9.232605,9.232605,1.7952924085446131,696.75,696.75,696.75,20.74817728254321
fjord-continent-512-seed1,fjord-continent,512,pr-auto,9.441683545,9.441683545,9.441683545,-0.33426102146415504,11.29479276901111,11.29479276901111,11.29479276901111,-0.8511068087540985,28.989355,28.989355,28.989355,2.391580038954877,24.471806,24.471806,24.471806,1.933243942490237,0.048184087,0.048184087,0.048184087,-6.301724625419536,20.764838073,20.764838073,20.764838073,3.038065028438286,5.19120951825,5.19120951825,5.19120951825,3.038065028438286,9.150991656,9.150991656,9.150991656,6.848870235727289,3.682351183,3.682351183,3.682351183,0.5071628813222429,1.85018027820461,1.85018027820461,1.85018027820461,6.848870235727267,9.011596,9.011596,9.011596,-0.6414711895861402,581.0078125,581.0078125,581.0078125,0.6898232454863651
spider-web-512-seed1,spider-web,512,master,9.319285346,9.319285346,9.319285346,0,11.676354312337935,11.676354312337935,11.676354312337935,0,29.181282999999997,29.181282999999997,29.181282999999997,0,25.469499,25.469499,25.469499,0,0.097162799,0.097162799,0.097162799,0,20.34868112,20.34868112,20.34868112,0,5.0871702800000005,5.0871702800000005,5.0871702800000005,0,9.645837388,9.645837388,9.645837388,0,4.526462517,4.526462517,4.526462517,0,1.9423756318968988,1.9423756318968988,1.9423756318968988,0,9.478063,9.478063,9.478063,0,562.1875,562.1875,562.1875,0
spider-web-512-seed1,spider-web,512,pr-cpu,9.322925361,9.322925361,9.322925361,0.03905894996081294,11.669132783077657,11.669132783077657,11.669132783077657,-0.0618474659735746,29.685859,29.685859,29.685859,1.7291083466069779,24.934262,24.934262,24.934262,-2.1014822474521355,0.065317325,0.065317325,0.065317325,-32.775377333458664,20.687347073,20.687347073,20.687347073,1.6643140211536345,5.1718367682499995,5.1718367682499995,5.1718367682499995,1.6643140211536123,10.032867725,10.032867725,10.032867725,4.012407854620137,4.450005907,4.450005907,4.450005907,-1.6891029079077025,2.020311664317358,2.020311664317358,2.020311664317358,4.012407854620159,8.711937,8.711937,8.711937,-8.083149478959994,567.8359375,567.8359375,567.8359375,1.004724847137295
spider-web-512-seed1,spider-web,512,pr-opencl,9.446292402,9.446292402,9.446292402,1.3628411544938324,11.801096042618155,11.801096042618155,11.801096042618155,1.0683277240774558,27.846526,27.846526,27.846526,-4.574017530346408,24.320147,24.320147,24.320147,-4.512660417859027,0.137664488,0.137664488,0.137664488,41.68435802266257,19.150544543,19.150544543,19.150544543,-5.888030629279428,4.787636135750001,4.787636135750001,4.787636135750001,-5.888030629279428,8.378368478,8.378368478,8.378368478,-13.140060930083763,4.694714455,4.694714455,4.694714455,3.717073484384281,1.687146290374547,1.687146290374547,1.687146290374547,-13.140060930083742,9.710881,9.710881,9.710881,2.4563879771636987,682.92578125,682.92578125,682.92578125,21.47651473040577
spider-web-512-seed1,spider-web,512,pr-auto,9.297561581,9.297561581,9.297561581,-0.23310548173443024,11.628454641904682,11.628454641904682,11.628454641904682,-0.41022796287227825,29.807831999999998,29.807831999999998,29.807831999999998,2.1470920247063763,24.568716,24.568716,24.568716,-3.536712677387177,0.084244246,0.084244246,0.084244246,-13.295781032409327,20.805848067,20.805848067,20.805848067,2.2466662301305895,5.201462016750001,5.201462016750001,5.201462016750001,2.2466662301305895,10.211254322,10.211254322,10.211254322,5.86177136578534,4.673624702,4.673624702,4.673624702,3.251152184455397,2.0562332505034235,2.0562332505034235,2.0562332505034235,5.861771365785362,8.751408,8.751408,8.751408,-7.666703629212012,559.34765625,559.34765625,559.34765625,-0.5051417454141172
concrete-islands-512-seed1,concrete-islands,512,master,8.265806768,8.265806768,8.265806768,0,10.233700364362448,10.233700364362448,10.233700364362448,0,32.478473,32.478473,32.478473,0,14.04517,14.04517,14.04517,0,0.498594964,0.498594964,0.498594964,0,23.044107853,23.044107853,23.044107853,0,5.76102696325,5.76102696325,5.76102696325,0,15.130994283,15.130994283,15.130994283,0,4.984786987,4.984786987,4.984786987,0,3.038962499096204,3.038962499096204,3.038962499096204,0,5.467751,5.467751,5.467751,0,526.0546875,526.0546875,526.0546875,0
concrete-islands-512-seed1,concrete-islands,512,pr-cpu,8.374957581,8.374957581,8.374957581,1.3205100973635586,10.309677604120225,10.309677604120225,10.309677604120225,0.7424219691086309,33.293512,33.293512,33.293512,2.509474506390741,13.380504,13.380504,13.380504,-4.732345710304687,0.441684321,0.441684321,0.441684321,-11.4142033331889,23.621351988,23.621351988,23.621351988,2.5049532777848604,5.905337997,5.905337997,5.905337997,2.5049532777848604,15.662262414,15.662262414,15.662262414,3.5111250527461557,5.108105329,5.108105329,5.108105329,2.473893916061143,3.145664272745531,3.145664272745531,3.145664272745531,3.5111250527461335,5.177753,5.177753,5.177753,-5.303789437375617,518.3046875,518.3046875,518.3046875,-1.4732308606222655
concrete-islands-512-seed1,concrete-islands,512,pr-opencl,9.563515928,9.563515928,9.563515928,15.699727763101269,11.602254900150001,11.602254900150001,11.602254900150001,13.373017452742397,30.933121,30.933121,30.933121,-4.758080837113255,15.674468,15.674468,15.674468,11.600414946917681,0.461536516,0.461536516,0.461536516,-7.432575672785968,21.752169848,21.752169848,21.752169848,-5.606370241110492,5.438042462,5.438042462,5.438042462,-5.606370241110492,15.795664411,15.795664411,15.795664411,4.392772316005522,5.620654488,5.620654488,5.620654488,12.756161951519719,3.1724572024502913,3.1724572024502913,3.1724572024502913,4.3927723160055,7.809404,7.809404,7.809404,42.82662103669315,652.24609375,652.24609375,652.24609375,23.98826761713819
concrete-islands-512-seed1,concrete-islands,512,pr-auto,8.049347629,8.049347629,8.049347629,-2.6187297268790877,9.878045555669814,9.878045555669814,9.878045555669814,-3.4753295096576875,32.242658999999996,32.242658999999996,32.242658999999996,-0.7260624598946053,14.253559,14.253559,14.253559,1.483705786402001,0.480019768,0.480019768,0.480019768,-3.725508146127199,22.949106402,22.949106402,22.949106402,-0.4122591840223122,5.7372766004999995,5.7372766004999995,5.7372766004999995,-0.4122591840223233,15.258302899,15.258302899,15.258302899,0.8413764067245477,4.948897489,4.948897489,4.948897489,-0.7199805747687305,3.064531612572806,3.064531612572806,3.064531612572806,0.8413764067245477,5.248973,5.248973,5.248973,-4.0012429241931375,530.13671875,530.13671875,530.13671875,0.7759708918096075
watershed-512-seed1,watershed,512,master,9.14316881,9.14316881,9.14316881,0,11.577719633933157,11.577719633933157,11.577719633933157,0,31.572769,31.572769,31.572769,0,22.38125,22.38125,22.38125,0,0.626763902,0.626763902,0.626763902,0,22.293462208,22.293462208,22.293462208,0,5.573365552,5.573365552,5.573365552,0,13.686583643,13.686583643,13.686583643,0,3.84628209,3.84628209,3.84628209,0,2.756613019738167,2.756613019738167,2.756613019738167,0,7.520506,7.520506,7.520506,0,549.4375,549.4375,549.4375,0
watershed-512-seed1,watershed,512,pr-cpu,9.035974854,9.035974854,9.035974854,-1.1723939284896678,11.37874250113964,11.37874250113964,11.37874250113964,-1.7186211022966358,31.826274,31.826274,31.826274,0.8029229238651903,21.10846,21.10846,21.10846,-5.686858419435914,0.725443548,0.725443548,0.725443548,15.744309090729992,22.434709856,22.434709856,22.434709856,0.6335832751420467,5.6086774639999994,5.6086774639999994,5.6086774639999994,0.6335832751420245,14.360288429,14.360288429,14.360288429,4.922373643948519,3.867126033,3.867126033,3.867126033,0.5419244483963581,2.8923038124874116,2.8923038124874116,2.8923038124874116,4.922373643948519,6.910151,6.910151,6.910151,-8.115876777440246,561.71484375,561.71484375,561.71484375,2.2345296325787745
watershed-512-seed1,watershed,512,pr-opencl,9.707987959,9.707987959,9.707987959,6.1774988599384795,12.209131767973304,12.209131767973304,12.209131767973304,5.453683056804559,27.585594,27.585594,27.585594,-12.628524916519046,23.597912,23.597912,23.597912,5.43607707344318,0.318526377,0.318526377,0.318526377,-49.17920831375512,18.774444326,18.774444326,18.774444326,-15.784976999836308,4.6936110815,4.6936110815,4.6936110815,-15.784976999836308,9.951226881,9.951226881,9.951226881,-27.2921048775415,4.233728611,4.233728611,4.233728611,10.073273668806749,2.0042753033232628,2.0042753033232628,2.0042753033232628,-27.29210487754149,9.013105,9.013105,9.013105,19.84705550397805,668.09375,668.09375,668.09375,21.595950403822094
watershed-512-seed1,watershed,512,pr-auto,9.214420913,9.214420913,9.214420913,0.7792933115493783,11.569806670770049,11.569806670770049,11.569806670770049,-0.06834647420478346,32.230055,32.230055,32.230055,2.0818129699045285,22.067953,22.067953,22.067953,-1.399819044959516,0.665870968,0.665870968,0.665870968,6.239521113964863,22.672152862,22.672152862,22.672152862,1.6986623722541783,5.6680382155,5.6680382155,5.6680382155,1.6986623722541783,14.364052851,14.364052851,14.364052851,4.949878111814199,3.75852484,3.75852484,3.75852484,-2.2816124232843182,2.893062004229607,2.893062004229607,2.893062004229607,4.949878111814199,7.304498,7.304498,7.304498,-2.8722535425143025,537.52734375,537.52734375,537.52734375,-2.1676999203731118
maze-512-seed1,maze,512,master,11.060054531,11.060054531,11.060054531,0,13.669144640676677,13.669144640676677,13.669144640676677,0,37.470766999999995,37.470766999999995,37.470766999999995,0,27.583533,27.583533,27.583533,0,0.422061616,0.422061616,0.422061616,0,27.153320814,27.153320814,27.153320814,0,6.7883302035,6.7883302035,6.7883302035,0,15.181757832,15.181757832,15.181757832,0,5.039874329,5.039874329,5.039874329,0,3.0670217842424243,3.0670217842424243,3.0670217842424243,0,10.260827,10.260827,10.260827,0,536.10546875,536.10546875,536.10546875,0
maze-512-seed1,maze,512,pr-cpu,11.086104425,11.086104425,11.086104425,0.23553133419897954,13.64076621318236,13.64076621318236,13.64076621318236,-0.20760938771449133,38.198641,38.198641,38.198641,1.9425116117852914,27.998881,27.998881,27.998881,1.5057824536110154,0.485727173,0.485727173,0.485727173,15.084422412864008,27.723649143,27.723649143,27.723649143,2.1003999212720226,6.93091228575,6.93091228575,6.93091228575,2.1003999212720226,15.923694454,15.923694454,15.923694454,4.8870271164262125,5.092798961,5.092798961,5.092798961,1.0501180891647532,3.2169079705050505,3.2169079705050505,3.2169079705050505,4.8870271164262125,10.294987,10.294987,10.294987,0.3329166352770585,548.87890625,548.87890625,548.87890625,2.38263517993631
maze-512-seed1,maze,512,pr-opencl,11.775588524,11.775588524,11.775588524,6.469534042480918,14.443414796609432,14.443414796609432,14.443414796609432,5.664364349680517,33.470875,33.470875,33.470875,-10.674700093542244,29.953087,29.953087,29.953087,8.59046591312287,0.334573803,0.334573803,0.334573803,-20.72868265755775,23.809171548,23.809171548,23.809171548,-12.315802140398935,5.9522928870000005,5.9522928870000005,5.9522928870000005,-12.315802140398924,10.903615575,10.903615575,10.903615575,-28.179492153290465,5.42216071,5.42216071,5.42216071,7.585236377825555,2.2027506212121213,2.2027506212121213,2.2027506212121213,-28.179492153290465,11.105311,11.105311,11.105311,8.230174819242153,672.4765625,672.4765625,672.4765625,25.437362925613694
maze-512-seed1,maze,512,pr-auto,10.847252666,10.847252666,10.847252666,-1.92405800896861,13.25861041387543,13.25861041387543,13.25861041387543,-3.0033644210595067,37.505853,37.505853,37.505853,0.09363566003335322,26.818979,26.818979,26.818979,-2.7717769148716376,0.501226842,0.501226842,0.501226842,18.756793557839213,27.152278688,27.152278688,27.152278688,-0.003837932042050074,6.788069672000001,6.788069672000001,6.788069672000001,-0.0038379320420389718,15.887446416,15.887446416,15.887446416,4.648266635583886,4.97945629,4.97945629,4.97945629,-1.1988005068370056,3.209585134545455,3.209585134545455,3.209585134545455,4.648266635583909,9.979069,9.979069,9.979069,-2.7459580012410334,571.50390625,571.50390625,571.50390625,6.602886850331169
islands-512-seed1,islands,512,master,10.319738372,10.319738372,10.319738372,0,12.43738802196458,12.43738802196458,12.43738802196458,0,31.241785999999998,31.241785999999998,31.241785999999998,0,31.197928,31.197928,31.197928,0,0.161924898,0.161924898,0.161924898,0,22.53604445,22.53604445,22.53604445,0,5.6340111125,5.6340111125,5.6340111125,0,9.707817708,9.707817708,9.707817708,0,4.340375,4.340375,4.340375,0,1.9524975277554304,1.9524975277554304,1.9524975277554304,0,9.447393,9.447393,9.447393,0,595.7265625,595.7265625,595.7265625,0
islands-512-seed1,islands,512,pr-cpu,10.27785418,10.27785418,10.27785418,-0.40586486294692525,12.316003256011754,12.316003256011754,12.316003256011754,-0.9759667040897813,31.53766,31.53766,31.53766,0.9470457290758016,29.429021,29.429021,29.429021,-5.669950260799384,0.196540725,0.196540725,0.196540725,21.377704990124478,22.77544271,22.77544271,22.77544271,1.062290503247576,5.6938606775,5.6938606775,5.6938606775,1.062290503247576,10.294654334,10.294654334,10.294654334,6.044990168247599,4.237151541,4.237151541,4.237151541,-2.3782152233389864,2.070525811343524,2.070525811343524,2.070525811343524,6.0449901682476215,9.593302,9.593302,9.593302,1.544436650407155,592.4765625,592.4765625,592.4765625,-0.5455523061387746
islands-512-seed1,islands,512,pr-opencl,11.24977531,11.24977531,11.24977531,9.012214306938438,13.53803023416549,13.53803023416549,13.53803023416549,8.849464294731035,32.627649,32.627649,32.627649,4.435927574691156,30.047896,30.047896,30.047896,-3.6862448044626572,0.490642647,0.490642647,0.490642647,203.00630295904213,23.029877458,23.029877458,23.029877458,2.191302955119978,5.7574693645,5.7574693645,5.7574693645,2.191302955119978,12.806967352,12.806967352,12.806967352,31.924266989954475,4.452093887,4.452093887,4.452093887,2.573945500100816,2.575818051488335,2.575818051488335,2.575818051488335,31.924266989954496,10.172268,10.172268,10.172268,7.672751625765972,705.9140625,705.9140625,705.9140625,18.49632145620501
islands-512-seed1,islands,512,pr-auto,10.498905016,10.498905016,10.498905016,1.7361549056914338,12.60545539483428,12.60545539483428,12.60545539483428,1.3513076264316304,32.102074,32.102074,32.102074,2.7536453901835234,29.323091,29.323091,29.323091,-6.009492040625264,0.196974715,0.196974715,0.196974715,21.645724303621282,23.052845349,23.052845349,23.052845349,2.29321920333716,5.76321133725,5.76321133725,5.76321133725,2.29321920333716,10.400354843,10.400354843,10.400354843,7.133808604886505,4.320229953,4.320229953,4.320229953,-0.4641314863346957,2.091784964400644,2.091784964400644,2.091784964400644,7.133808604886527,10.085158,10.085158,10.085158,6.75069831433921,592.23046875,592.23046875,592.23046875,-0.5868621562430287
stone-highlands-512-seed1,stone-highlands,512,master,10.242083693,10.242083693,10.242083693,0,13.230897331610322,13.230897331610322,13.230897331610322,0,36.462652,36.462652,36.462652,0,25.258998,25.258998,25.258998,0,0.823093593,0.823093593,0.823093593,0,25.251663122,25.251663122,25.251663122,0,6.3129157805,6.3129157805,6.3129157805,0,15.981471604,15.981471604,15.981471604,0,4.38650623,4.38650623,4.38650623,0,3.223370634126664,3.223370634126664,3.223370634126664,0,8.052064,8.052064,8.052064,0,566.69921875,566.69921875,566.69921875,0
stone-highlands-512-seed1,stone-highlands,512,pr-cpu,10.113616111,10.113616111,10.113616111,-1.2543109961872356,12.875824111048132,12.875824111048132,12.875824111048132,-2.6836669627378518,36.516023000000004,36.516023000000004,36.516023000000004,0.14637169013380635,23.89556,23.89556,23.89556,-5.397830903664502,0.930566532,0.930566532,0.930566532,13.057195428807077,25.516439069,25.516439069,25.516439069,1.0485485479541312,6.379109767249999,6.379109767249999,6.379109767249999,1.048548547954109,16.579347283,16.579347283,16.579347283,3.7410552282954868,4.482323238,4.482323238,4.482323238,2.1843581879513296,3.343958709762001,3.343958709762001,3.343958709762001,3.7410552282954868,7.910894,7.910894,7.910894,-1.753215076283543,567.2421875,567.2421875,567.2421875,0.09581251077028785
stone-highlands-512-seed1,stone-highlands,512,pr-opencl,10.613399089,10.613399089,10.613399089,3.625389199404583,13.531912915408611,13.531912915408611,13.531912915408611,2.275095756953105,30.584273,30.584273,30.584273,-16.121644141517734,26.583041,26.583041,26.583041,5.241866680538965,0.26279604,0.26279604,0.26279604,-68.07215579917654,20.54372134,20.54372134,20.54372134,-18.644085972691038,5.135930335,5.135930335,5.135930335,-18.644085972691038,9.869689492,9.869689492,9.869689492,-38.24292445302899,4.998572293,4.998572293,4.998572293,13.953384103594434,1.9906594376764823,1.9906594376764823,1.9906594376764823,-38.24292445302899,11.173554,11.173554,11.173554,38.76633370027858,681.5390625,681.5390625,681.5390625,20.264690677235908
stone-highlands-512-seed1,stone-highlands,512,pr-auto,10.262362025,10.262362025,10.262362025,0.1979902977541581,13.096373348962516,13.096373348962516,13.096373348962516,-1.0167411875112276,36.712317,36.712317,36.712317,0.6847143208343676,25.210298,25.210298,25.210298,-0.19280258068826717,0.896548413,0.896548413,0.896548413,8.924236639028237,25.440045343,25.440045343,25.440045343,0.7460190645260045,6.360011335749999,6.360011335749999,6.360011335749999,0.7460190645259823,16.593118394,16.593118394,16.593118394,3.827224458146361,4.418394877,4.418394877,4.418394877,0.7269714284664275,3.3467362634126667,3.3467362634126667,3.3467362634126667,3.827224458146339,8.133715,8.133715,8.133715,1.0140381397862885,538.9921875,538.9921875,538.9921875,-4.889195243839395
switchbacks-512-seed1,switchbacks,512,master,9.986407868,9.986407868,9.986407868,0,12.646135000977665,12.646135000977665,12.646135000977665,0,36.320291999999995,36.320291999999995,36.320291999999995,0,21.325274,21.325274,21.325274,0,0.26092919,0.26092919,0.26092919,0,24.78789998,24.78789998,24.78789998,0,6.196974995,6.196974995,6.196974995,0,15.572139163,15.572139163,15.572139163,0,6.199730206,6.199730206,6.199730206,0,3.124425995786517,3.124425995786517,3.124425995786517,0,6.515846,6.515846,6.515846,0,568.46484375,568.46484375,568.46484375,0
switchbacks-512-seed1,switchbacks,512,pr-cpu,9.763472488,9.763472488,9.763472488,-2.2323880913613148,12.240307080093771,12.240307080093771,12.240307080093771,-3.209106346346291,35.577501999999996,35.577501999999996,35.577501999999996,-2.0451102100170315,20.296191,20.296191,20.296191,-4.825649602438875,0.222789726,0.222789726,0.222789726,-14.616787029461896,24.01725823,24.01725823,24.01725823,-3.1089432772513526,6.0043145575,6.0043145575,6.0043145575,-3.1089432772513526,15.334930173,15.334930173,15.334930173,-1.5232909718891907,6.163701041,6.163701041,6.163701041,-0.5811408529540651,3.0768318966693418,3.0768318966693418,3.0768318966693418,-1.5232909718891907,5.73321,5.73321,5.73321,-12.01127221238808,580.91015625,580.91015625,580.91015625,2.1892844626770325
switchbacks-512-seed1,switchbacks,512,pr-opencl,10.360101147,10.360101147,10.360101147,3.7420189916080426,13.073530393652618,13.073530393652618,13.073530393652618,3.3796523020030333,33.533138,33.533138,33.533138,-7.673820463778192,23.859107,23.859107,23.859107,11.88183092043742,0.172618076,0.172618076,0.172618076,-33.84485806283305,22.336510123,22.336510123,22.336510123,-9.889461628366625,5.58412753075,5.58412753075,5.58412753075,-9.889461628366625,13.407932565,13.407932565,13.407932565,-13.897940259500363,6.84410257,6.84410257,6.84410257,10.393554922380122,2.690195137439807,2.690195137439807,2.690195137439807,-13.897940259500363,7.427699,7.427699,7.427699,13.994391518768246,688.9609375,688.9609375,688.9609375,21.19675386698001
switchbacks-512-seed1,switchbacks,512,pr-auto,9.632250874,9.632250874,9.632250874,-3.546390240427144,12.302030278835446,12.302030278835446,12.302030278835446,-2.721026796848347,35.652836,35.652836,35.652836,-1.8376944766853587,21.192845,21.192845,21.192845,-0.6209955379705923,0.341735377,0.341735377,0.341735377,30.968626775716434,24.086640325,24.086640325,24.086640325,-2.8290401993142034,6.021660081249999,6.021660081249999,6.021660081249999,-2.8290401993142145,15.624089788,15.624089788,15.624089788,0.33361264278601865,6.363641965,6.363641965,6.363641965,2.643853096081017,3.1348494759229535,3.1348494759229535,3.1348494759229535,0.33361264278601865,6.090078,6.090078,6.090078,-6.5343471899120935,556.15234375,556.15234375,556.15234375,-2.165921100551793
city-states-512-seed1,city-states,512,master,9.126324015,9.126324015,9.126324015,0,11.344008164014667,11.344008164014667,11.344008164014667,0,29.815644,29.815644,29.815644,0,22.697774,22.697774,22.697774,0,0.345235741,0.345235741,0.345235741,0,20.622033716,20.622033716,20.622033716,0,5.155508428999999,5.155508428999999,5.155508428999999,0,11.818942856,11.818942856,11.818942856,0,4.115679435,4.115679435,4.115679435,0,2.3804517333333335,2.3804517333333335,2.3804517333333335,0,8.214154,8.214154,8.214154,0,554.56640625,554.56640625,554.56640625,0
city-states-512-seed1,city-states,512,pr-cpu,8.981776862,8.981776862,8.981776862,-1.583848576518021,11.103253708221018,11.103253708221018,11.103253708221018,-2.1223050293402212,30.233227999999997,30.233227999999997,30.233227999999997,1.4005533470952347,21.163016,21.163016,21.163016,-6.761711522900882,0.380534393,0.380534393,0.380534393,10.22450685370957,20.853171743,20.853171743,20.853171743,1.120830419458918,5.21329293575,5.21329293575,5.21329293575,1.120830419458918,12.512913017,12.512913017,12.512913017,5.871677098833761,4.085475426,4.085475426,4.085475426,-0.7338766168993316,2.5202241726082577,2.5202241726082577,2.5202241726082577,5.871677098833739,7.325569,7.325569,7.325569,-10.817729981687718,551.7265625,551.7265625,551.7265625,-0.5120836238897253
city-states-512-seed1,city-states,512,pr-opencl,9.576116587,9.576116587,9.576116587,4.928518549864358,11.84092691494152,11.84092691494152,11.84092691494152,4.380451280907671,28.708056999999997,28.708056999999997,28.708056999999997,-3.714784761986034,21.830851,21.830851,21.830851,-3.819418591444257,0.819064715,0.819064715,0.819064715,137.24794907604888,19.563420488,19.563420488,19.563420488,-5.1334084823004495,4.8908551220000005,4.8908551220000005,4.8908551220000005,-5.133408482300417,14.525338169,14.525338169,14.525338169,22.898793453646938,4.418916917,4.418916917,4.418916917,7.367859591328929,2.9255464590130917,2.9255464590130917,2.9255464590130917,22.898793453646938,7.966145,7.966145,7.966145,-3.0192884136333475,657.703125,657.703125,657.703125,18.59772203790968
city-states-512-seed1,city-states,512,pr-auto,9.082912392,9.082912392,9.082912392,-0.47567479445883576,11.17160737188533,11.17160737188533,11.17160737188533,-1.5197520103716555,30.254674,30.254674,30.254674,1.4724820299035102,21.563833,21.563833,21.563833,-4.995824700695318,0.429989362,0.429989362,0.429989362,24.549492110667657,20.97163571,20.97163571,20.97163571,1.6952837863355663,5.2429089275,5.2429089275,5.2429089275,1.6952837863355663,12.612362502,12.612362502,12.612362502,6.713118556091624,4.071860915,4.071860915,4.071860915,-1.0646728126433747,2.5402542803625376,2.5402542803625376,2.5402542803625376,6.713118556091602,7.926095,7.926095,7.926095,-3.5068614491522876,541.375,541.375,541.375,-2.3786883051933883
canals-512-seed1,canals,512,master,9.673904649,9.673904649,9.673904649,0,12.523026951123029,12.523026951123029,12.523026951123029,0,35.917369,35.917369,35.917369,0,20.304231,20.304231,20.304231,0,0.223214671,0.223214671,0.223214671,0,24.471592201,24.471592201,24.471592201,0,6.11789805025,6.11789805025,6.11789805025,0,15.239888796,15.239888796,15.239888796,0,6.157300276,6.157300276,6.157300276,0,3.0682280644252065,3.0682280644252065,3.0682280644252065,0,6.122558,6.122558,6.122558,0,567.7578125,567.7578125,567.7578125,0
canals-512-seed1,canals,512,pr-cpu,9.708502703,9.708502703,9.708502703,0.3576431157358506,12.6224135030061,12.6224135030061,12.6224135030061,0.7936304239460235,36.492427,36.492427,36.492427,1.601058251232157,19.964644,19.964644,19.964644,-1.6724937772821913,0.213476559,0.213476559,0.213476559,-4.362666645688352,24.640989819,24.640989819,24.640989819,0.6922214811714511,6.1602474547499995,6.1602474547499995,6.1602474547499995,0.6922214811714511,15.745849956,15.745849956,15.745849956,3.31997934350281,6.085878778,6.085878778,6.085878778,-1.1599482695100582,3.1700926023756795,3.1700926023756795,3.1700926023756795,3.31997934350281,5.737921,5.737921,5.737921,-6.282292466645467,568.69921875,568.69921875,568.69921875,0.16581123663534925
canals-512-seed1,canals,512,pr-opencl,10.052514145,10.052514145,10.052514145,3.9137195345329,12.995412827003747,12.995412827003747,12.995412827003747,3.7721381397997966,32.98659,32.98659,32.98659,-8.15978197066718,18.859561,18.859561,18.859561,-7.115118026385748,0.061136403,0.061136403,0.061136403,-72.61093873171087,21.997873147,21.997873147,21.997873147,-10.108533329919233,5.49946828675,5.49946828675,5.49946828675,-10.108533329919233,11.845557619,11.845557619,11.845557619,-22.272676805167425,6.644393564,6.644393564,6.644393564,7.910825624317819,2.384851543990336,2.384851543990336,2.384851543990336,-22.272676805167425,7.837586,7.837586,7.837586,28.01162520632716,679.35546875,679.35546875,679.35546875,19.655855682302924
canals-512-seed1,canals,512,pr-auto,9.458989156,9.458989156,9.458989156,-2.221600282386671,12.212430871091783,12.212430871091783,12.212430871091783,-2.480199725222121,35.422504,35.422504,35.422504,-1.3777874431726844,19.489327,19.489327,19.489327,-4.013468916897178,0.278680422,0.278680422,0.278680422,24.8486135573051,24.138840095,24.138840095,24.138840095,-1.3597484923208336,6.03471002375,6.03471002375,6.03471002375,-1.3597484923208336,15.518648682,15.518648682,15.518648682,1.8291464572442573,6.143973095,6.143973095,6.143973095,-0.21644520167299897,3.124350449365814,3.124350449365814,3.124350449365814,1.8291464572442573,5.971089,5.971089,5.971089,-2.473949613870541,549.5078125,549.5078125,549.5078125,-3.214398745063507
sierpinski-gardens-512-seed1,sierpinski-gardens,512,master,8.537921068,8.537921068,8.537921068,0,10.705661377869546,10.705661377869546,10.705661377869546,0,31.24375,31.24375,31.24375,0,15.698923,15.698923,15.698923,0,0.658358523,0.658358523,0.658358523,0,21.647432778,21.647432778,21.647432778,0,5.411858194500001,5.411858194500001,5.411858194500001,0,14.28570514,14.28570514,14.28570514,0,4.095738587,4.095738587,4.095738587,0,2.879601922999395,2.879601922999395,2.879601922999395,0,6.173398,6.173398,6.173398,0,545.15234375,545.15234375,545.15234375,0
sierpinski-gardens-512-seed1,sierpinski-gardens,512,pr-cpu,8.426179703,8.426179703,8.426179703,-1.3087654958395367,10.618722912855446,10.618722912855446,10.618722912855446,-0.8120793470435816,31.821544,31.821544,31.821544,1.8493106621324307,16.509277,16.509277,16.509277,5.161844541819849,0.776198737,0.776198737,0.776198737,17.899094472572052,22.093966149,22.093966149,22.093966149,2.0627543948481764,5.52349153725,5.52349153725,5.52349153725,2.0627543948481764,15.089574853,15.089574853,15.089574853,5.62709159346404,4.078046508,4.078046508,4.078046508,-0.43196309100768104,3.041639760733723,3.041639760733723,3.041639760733723,5.62709159346404,5.729492,5.729492,5.729492,-7.190626620865848,553.8671875,553.8671875,553.8671875,1.5986070407497888
sierpinski-gardens-512-seed1,sierpinski-gardens,512,pr-opencl,9.001159679,9.001159679,9.001159679,5.4256605010816195,11.242441067937762,11.242441067937762,11.242441067937762,5.013979717104,26.853963999999998,26.853963999999998,26.853963999999998,-14.050125225045008,21.417924,21.417924,21.417924,36.42925696240435,0.130121396,0.130121396,0.130121396,-80.2354809037689,18.261385956,18.261385956,18.261385956,-15.641793910274625,4.565346489,4.565346489,4.565346489,-15.641793910274638,9.477428668,9.477428668,9.477428668,-33.657956851823975,4.559253765,4.559253765,4.559253765,11.31701079437082,1.9103867502519654,1.9103867502519654,1.9103867502519654,-33.657956851823975,7.842836,7.842836,7.842836,27.042448907392668,667.65625,667.65625,667.65625,22.471499509168158
sierpinski-gardens-512-seed1,sierpinski-gardens,512,pr-auto,8.213127836,8.213127836,8.213127836,-3.8041254939369162,10.363844143226743,10.363844143226743,10.363844143226743,-3.192864247970695,31.207932,31.207932,31.207932,-0.11464052810561398,16.10081,16.10081,16.10081,2.5599654192838495,0.654946618,0.654946618,0.654946618,-0.5182442211657978,21.695903687,21.695903687,21.695903687,0.22391065719933323,5.423975921749999,5.423975921749999,5.423975921749999,0.22391065719928882,14.680935319,14.680935319,14.680935319,2.76661302418566,3.974905365,3.974905365,3.974905365,-2.950218121428161,2.9592693648457975,2.9592693648457975,2.9592693648457975,2.76661302418566,5.406544,5.406544,5.406544,-12.421910915188029,552.140625,552.140625,552.140625,1.2818951124613953
hilbert-river-512-seed1,hilbert-river,512,master,8.558698767,8.558698767,8.558698767,0,10.97747263405472,10.97747263405472,10.97747263405472,0,33.059157,33.059157,33.059157,0,16.870295,16.870295,16.870295,0,0.82319494,0.82319494,0.82319494,0,23.215171313,23.215171313,23.215171313,0,5.803792828250001,5.803792828250001,5.803792828250001,0,16.01807961,16.01807961,16.01807961,0,4.115464277,4.115464277,4.115464277,0,3.2294515342741934,3.2294515342741934,3.2294515342741934,0,6.242328,6.242328,6.242328,0,559.24609375,559.24609375,559.24609375,0
hilbert-river-512-seed1,hilbert-river,512,pr-cpu,8.728578929,8.728578929,8.728578929,1.9848830602031686,11.135903573594987,11.135903573594987,11.135903573594987,1.443236934599823,33.470242,33.470242,33.470242,1.243483008353774,22.147659,22.147659,22.147659,31.281990030405527,0.835506166,0.835506166,0.835506166,1.4955419915481993,23.731567722,23.731567722,23.731567722,2.2243919807338752,5.932891930499999,5.932891930499999,5.932891930499999,2.224391980733831,16.376000767,16.376000767,16.376000767,2.234482320693121,4.067186144,4.067186144,4.067186144,-1.1730908045979427,3.3016130578629035,3.3016130578629035,3.3016130578629035,2.234482320693143,6.069709,6.069709,6.069709,-2.7652984591646,556.5625,556.5625,556.5625,-0.47985918542681194
hilbert-river-512-seed1,hilbert-river,512,pr-opencl,9.56251317,9.56251317,9.56251317,11.728586673367158,12.029519718140364,12.029519718140364,12.029519718140364,9.583691248037773,27.809462,27.809462,27.809462,-15.879700138754293,22.925673,22.925673,22.925673,35.89372918493721,0.178451596,0.178451596,0.178451596,-78.32207326250087,19.005380569,19.005380569,19.005380569,-18.133791421313383,4.75134514225,4.75134514225,4.75134514225,-18.133791421313393,9.487290221,9.487290221,9.487290221,-40.77136303482263,4.62389573,4.62389573,4.62389573,12.354169998302723,1.9127601252016129,1.9127601252016129,1.9127601252016129,-40.77136303482263,9.720834,9.720834,9.720834,55.72449893693508,663.62109375,663.62109375,663.62109375,18.663518827662795
hilbert-river-512-seed1,hilbert-river,512,pr-auto,8.628886338,8.628886338,8.628886338,0.8200729212555435,10.98751794686541,10.98751794686541,10.98751794686541,0.09150842954075422,33.872489,33.872489,33.872489,2.4602321226763424,18.563304,18.563304,18.563304,10.035443956374213,0.907103574,0.907103574,0.907103574,10.193045404287826,23.936459751,23.936459751,23.936459751,3.1069701286076556,5.984114937749999,5.984114937749999,5.984114937749999,3.1069701286076112,17.055881404,17.055881404,17.055881404,6.478940168034297,4.182196784,4.182196784,4.182196784,1.6215061657307128,3.438685766935484,3.438685766935484,3.438685766935484,6.478940168034297,5.90747,5.90747,5.90747,-5.364312801249782,554.27734375,554.27734375,554.27734375,-0.8884729022749616
lava-shield-512-seed1,lava-shield,512,master,8.560116238,8.560116238,8.560116238,0,10.523306215181947,10.523306215181947,10.523306215181947,0,29.573298,29.573298,29.573298,0,18.652963,18.652963,18.652963,0,0.73256403,0.73256403,0.73256403,0,20.962462368,20.962462368,20.962462368,0,5.240615592,5.240615592,5.240615592,0,12.909290447,12.909290447,12.909290447,0,3.254731318,3.254731318,3.254731318,0,2.59953492690294,2.59953492690294,2.59953492690294,0,6.819364,6.819364,6.819364,0,546.625,546.625,546.625,0
lava-shield-512-seed1,lava-shield,512,pr-cpu,8.740887506,8.740887506,8.740887506,2.1117852021391936,10.635663067921996,10.635663067921996,10.635663067921996,1.0676953653401489,30.339074999999998,30.339074999999998,30.339074999999998,2.589420361570749,20.247972,20.247972,20.247972,8.550968551216243,0.717752736,0.717752736,0.717752736,-2.0218429234097113,21.557525924,21.557525924,21.557525924,2.8387101932661585,5.389381481,5.389381481,5.389381481,2.8387101932661585,13.522469658,13.522469658,13.522469658,4.74990638344881,3.243977549,3.243977549,3.243977549,-0.33040420081766886,2.723010402335884,2.723010402335884,2.723010402335884,4.74990638344881,7.554368,7.554368,7.554368,10.778189872252009,552.015625,552.015625,552.015625,0.986165104047565
lava-shield-512-seed1,lava-shield,512,pr-opencl,9.202272356,9.202272356,9.202272356,7.50172194098655,11.41041241120547,11.41041241120547,11.41041241120547,8.429919056652535,26.156437999999998,26.156437999999998,26.156437999999998,-11.55386862838228,22.449397,22.449397,22.449397,20.3529809178306,0.394719256,0.394719256,0.394719256,-46.118122125106254,17.900572858,17.900572858,17.900572858,-14.606535512135688,4.4751432145,4.4751432145,4.4751432145,-14.606535512135688,9.792648104,9.792648104,9.792648104,-24.14263088893689,3.582111287,3.582111287,3.582111287,10.058586624015753,1.971938804671768,1.971938804671768,1.971938804671768,-24.14263088893688,8.266584,8.266584,8.266584,21.222213684443304,666.5078125,666.5078125,666.5078125,21.931454379144743
lava-shield-512-seed1,lava-shield,512,pr-auto,8.541388465,8.541388465,8.541388465,-0.21877942400903017,10.51745429309085,10.51745429309085,10.51745429309085,-0.05560915905549191,29.642849000000002,29.642849000000002,29.642849000000002,0.2351817507807219,18.99744,18.99744,18.99744,1.8467682587479661,0.636985782,0.636985782,0.636985782,-13.047084498538652,20.888272131,20.888272131,20.888272131,-0.3539194761453923,5.22206803275,5.22206803275,5.22206803275,-0.3539194761453923,12.994447224,12.994447224,12.994447224,0.6596549775498284,3.172335668,3.172335668,3.172335668,-2.531565341333042,2.6166828884414017,2.6166828884414017,2.6166828884414017,0.6596549775498284,6.770374,6.770374,6.770374,-0.7183954398093384,551.5,551.5,551.5,0.8918362680082392
honeycomb-isle-512-seed1,honeycomb-isle,512,master,9.080954235,9.080954235,9.080954235,0,10.8712946199812,10.8712946199812,10.8712946199812,0,23.060012,23.060012,23.060012,0,26.194331,26.194331,26.194331,0,0.012589108,0.012589108,0.012589108,0,16.100072366,16.100072366,16.100072366,0,4.0250180915,4.0250180915,4.0250180915,0,5.155332043,5.155332043,5.155332043,0,3.190423765,3.190423765,3.190423765,0,1.035623150462033,1.035623150462033,1.035623150462033,0,9.411645,9.411645,9.411645,0,552.24609375,552.24609375,552.24609375,0
honeycomb-isle-512-seed1,honeycomb-isle,512,pr-cpu,9.0040427,9.0040427,9.0040427,-0.8469543289136627,10.776707174722105,10.776707174722105,10.776707174722105,-0.8700660644891833,23.569903999999998,23.569903999999998,23.569903999999998,2.2111523619328333,25.064958,25.064958,25.064958,-4.3115168698143025,0.011121186,0.011121186,0.011121186,-11.66025424517766,16.43171928,16.43171928,16.43171928,2.0599094616516656,4.10792982,4.10792982,4.10792982,2.0599094616516656,5.861412079,5.861412079,5.861412079,13.696111717163362,3.163862317,3.163862317,3.163862317,-0.8325366771457676,1.1774632541181198,1.1774632541181198,1.1774632541181198,13.696111717163362,9.711034,9.711034,9.711034,3.1810485839616653,559.55078125,559.55078125,559.55078125,1.3227232537577294
honeycomb-isle-512-seed1,honeycomb-isle,512,pr-opencl,9.080565339,9.080565339,9.080565339,-0.004282545533618176,10.977853293996304,10.977853293996304,10.977853293996304,0.9801838487502046,24.122311000000003,24.122311000000003,24.122311000000003,4.606671496961945,24.89826,24.89826,24.89826,-4.947906476405139,0.038512389,0.038512389,0.038512389,205.91833035350876,16.668793117,16.668793117,16.668793117,3.53241114742453,4.16719827925,4.16719827925,4.16719827925,3.53241114742453,6.392478873,6.392478873,6.392478873,23.997422856202256,3.241043386,3.241043386,3.241043386,1.5866112068031235,1.2841460170751304,1.2841460170751304,1.2841460170751304,23.99742285620221,9.170038,9.170038,9.170038,-2.567107025392479,671.40234375,671.40234375,671.40234375,21.576657824933676
honeycomb-isle-512-seed1,honeycomb-isle,512,pr-auto,9.032911783,9.032911783,9.032911783,-0.5290462957607933,10.77464403025806,10.77464403025806,10.77464403025806,-0.8890439740773637,23.502677,23.502677,23.502677,1.9196217243945934,27.159205,27.159205,27.159205,3.6835222094429687,0.015314203,0.015314203,0.015314203,21.646450248897708,16.622015692,16.622015692,16.622015692,3.2418694409239945,4.155503923,4.155503923,4.155503923,3.2418694409239945,5.844855282,5.844855282,5.844855282,13.374953024340064,3.192510409,3.192510409,3.192510409,0.06540334932592096,1.1741372603455202,1.1741372603455202,1.1741372603455202,13.37495302434004,9.306977,9.306977,9.306977,-1.1121116446699775,560.60546875,560.60546875,560.60546875,1.5137046861184889
karst-towers-512-seed1,karst-towers,512,master,9.573866392,9.573866392,9.573866392,0,11.948229782748967,11.948229782748967,11.948229782748967,0,33.471432,33.471432,33.471432,0,26.015312,26.015312,26.015312,0,0.675181807,0.675181807,0.675181807,0,24.052454111,24.052454111,24.052454111,0,6.013113527750001,6.013113527750001,6.013113527750001,0,13.951717615,13.951717615,13.951717615,0,4.004168105,4.004168105,4.004168105,0,2.8043653497487435,2.8043653497487435,2.8043653497487435,0,7.591038,7.591038,7.591038,0,561.2890625,561.2890625,561.2890625,0
karst-towers-512-seed1,karst-towers,512,pr-cpu,9.676600148,9.676600148,9.676600148,1.0730644422387803,12.175282691139728,12.175282691139728,12.175282691139728,1.9003058404399198,34.376095,34.376095,34.376095,2.702791443162633,24.554213,24.554213,24.554213,-5.6163039674481,0.76462577,0.76462577,0.76462577,13.247389380561314,24.623662912,24.623662912,24.623662912,2.3748462354981292,6.155915728,6.155915728,6.155915728,2.3748462354981292,14.77456832,14.77456832,14.77456832,5.897845180835115,3.850341018,3.850341018,3.850341018,-3.841674049796162,2.9697624763819097,2.9697624763819097,2.9697624763819097,5.897845180835115,8.391482,8.391482,8.391482,10.544592188841628,589.0625,589.0625,589.0625,4.948152272252759
karst-towers-512-seed1,karst-towers,512,pr-opencl,10.203276889,10.203276889,10.203276889,6.5742561179456205,12.901709167286754,12.901709167286754,12.901709167286754,7.980089116752964,29.40818,29.40818,29.40818,-12.139462691647008,28.143378,28.143378,28.143378,8.180051809488177,0.211642614,0.211642614,0.211642614,-68.65398151938061,20.524155432,20.524155432,20.524155432,-14.669183704570044,5.131038858,5.131038858,5.131038858,-14.669183704570054,9.310323175,9.310323175,9.310323175,-33.267548613583365,4.310736592,4.310736592,4.310736592,7.656234178010357,1.871421743718593,1.871421743718593,1.871421743718593,-33.26754861358337,10.973055,10.973055,10.973055,44.552760768685395,663.29296875,663.29296875,663.29296875,18.17315053239612
karst-towers-512-seed1,karst-towers,512,pr-auto,9.645884371,9.645884371,9.645884371,0.7522350537519484,12.174094303045422,12.174094303045422,12.174094303045422,1.8903596968193659,34.100853,34.100853,34.100853,1.8804722785687789,24.397493,24.397493,24.397493,-6.218718422442904,0.656023411,0.656023411,0.656023411,-2.8375166216526915,24.471001856,24.471001856,24.471001856,1.7401456960210337,6.117750463999999,6.117750463999999,6.117750463999999,1.7401456960210115,14.348433613,14.348433613,14.348433613,2.8434921702649385,3.871275064,3.871275064,3.871275064,-3.318867677759485,2.8841072588944723,2.8841072588944723,2.8841072588944723,2.8434921702649385,8.556311,8.556311,8.556311,12.715955314675021,570.296875,570.296875,570.296875,1.6048437608741084
bajada-512-seed1,bajada,512,master,9.158397256,9.158397256,9.158397256,0,11.588703756220639,11.588703756220639,11.588703756220639,0,33.472295,33.472295,33.472295,0,21.222665,21.222665,21.222665,0,0.855387235,0.855387235,0.855387235,0,23.515824419,23.515824419,23.515824419,0,5.87895610475,5.87895610475,5.87895610475,0,15.374671545,15.374671545,15.374671545,0,3.786502026,3.786502026,3.786502026,0,3.100982562525212,3.100982562525212,3.100982562525212,0,7.639278,7.639278,7.639278,0,556.12890625,556.12890625,556.12890625,0
bajada-512-seed1,bajada,512,pr-cpu,9.053081245,9.053081245,9.053081245,-1.149939318596438,11.404767099302262,11.404767099302262,11.404767099302262,-1.5872064795826923,33.579844,33.579844,33.579844,0.32130751715708783,20.933757,20.933757,20.933757,-1.3613181944868824,0.885453308,0.885453308,0.885453308,3.5149078417098467,23.642230135,23.642230135,23.642230135,0.5375346989658025,5.9105575337500005,5.9105575337500005,5.9105575337500005,0.5375346989658025,15.761634267,15.761634267,15.761634267,2.516884480214099,3.713501634,3.713501634,3.713501634,-1.9279110772618901,3.1790307113755545,3.1790307113755545,3.1790307113755545,2.516884480214099,7.220041,7.220041,7.220041,-5.48791391018889,549.80859375,549.80859375,549.80859375,-1.1364833636536065
bajada-512-seed1,bajada,512,pr-opencl,9.779859936,9.779859936,9.779859936,6.785714384608688,12.270087178330868,12.270087178330868,12.270087178330868,5.879720773295927,28.372076,28.372076,28.372076,-15.237135666974744,25.147798,25.147798,25.147798,18.495005222011486,0.473252277,0.473252277,0.473252277,-44.673914031462026,19.359795271,19.359795271,19.359795271,-17.673329558635707,4.839948817750001,4.839948817750001,4.839948817750001,-17.673329558635697,10.97364978,10.97364978,10.97364978,-28.6251433217203,4.21047971,4.21047971,4.21047971,11.197080606025288,2.2133218596208146,2.2133218596208146,2.2133218596208146,-28.625143321720316,9.643184,9.643184,9.643184,26.231615081948846,678.03125,678.03125,678.03125,21.919799956451193
bajada-512-seed1,bajada,512,pr-auto,9.011580876,9.011580876,9.011580876,-1.6030794023901507,11.385217012371868,11.385217012371868,11.385217012371868,-1.755905993709972,33.787995,33.787995,33.787995,0.9431680737756354,20.025074,20.025074,20.025074,-5.6429812184285,0.936862882,0.936862882,0.936862882,9.525001504143326,23.880406554,23.880406554,23.880406554,1.5503693534360208,5.9701016385,5.9701016385,5.9701016385,1.5503693534360208,16.054095206,16.054095206,16.054095206,4.419110086426237,3.780707026,3.780707026,3.780707026,-0.15304362602234223,3.2380183957240822,3.2380183957240822,3.2380183957240822,4.419110086426237,7.328621,7.328621,7.328621,-4.066575401497364,559.78515625,559.78515625,559.78515625,0.657446494672298
central-quarry-512-seed1,central-quarry,512,master,10.814008571,10.814008571,10.814008571,0,13.271526213735342,13.271526213735342,13.271526213735342,0,36.746023,36.746023,36.746023,0,29.502729,29.502729,29.502729,0,0.846496868,0.846496868,0.846496868,0,26.423096041,26.423096041,26.423096041,0,6.60577401025,6.60577401025,6.60577401025,0,14.896520679,14.896520679,14.896520679,0,3.999520727,3.999520727,3.999520727,0,3.000306279758308,3.000306279758308,3.000306279758308,0,8.74548,8.74548,8.74548,0,559.99609375,559.99609375,559.99609375,0
central-quarry-512-seed1,central-quarry,512,pr-cpu,10.582353932,10.582353932,10.582353932,-2.1421717717260758,13.07322176778689,13.07322176778689,13.07322176778689,-1.4942098049221864,37.061240999999995,37.061240999999995,37.061240999999995,0.857828886679779,28.523405,28.523405,28.523405,-3.3194352969855734,0.908668162,0.908668162,0.908668162,7.344539164910402,26.511509987,26.511509987,26.511509987,0.3346085782786723,6.62787749675,6.62787749675,6.62787749675,0.3346085782786723,15.47222964,15.47222964,15.47222964,3.86472098690529,4.008312049,4.008312049,4.008312049,0.21980938717609533,3.1162597462235646,3.1162597462235646,3.1162597462235646,3.86472098690529,8.087365,8.087365,8.087365,-7.52520158984985,567.05859375,567.05859375,567.05859375,1.2611695115060773
central-quarry-512-seed1,central-quarry,512,pr-opencl,11.243918728,11.243918728,11.243918728,3.9754930299657154,13.762133196927607,13.762133196927607,13.762133196927607,3.6966884990553117,31.271928,31.271928,31.271928,-14.897108729290242,33.061265,33.061265,33.061265,12.061718087164074,0.199291377,0.199291377,0.199291377,-76.45692683177181,21.819141024,21.819141024,21.819141024,-17.42398017952237,5.454785256,5.454785256,5.454785256,-17.42398017952237,8.594412657,8.594412657,8.594412657,-42.30590590784223,4.306030512,4.306030512,4.306030512,7.663662871673882,1.7309995280966768,1.7309995280966768,1.7309995280966768,-42.305905907842224,11.78307,11.78307,11.78307,34.73325649364014,685.40234375,685.40234375,685.40234375,22.39412942333583
central-quarry-512-seed1,central-quarry,512,pr-auto,10.62518289,10.62518289,10.62518289,-1.7461210591822152,13.18770613707602,13.18770613707602,13.18770613707602,-0.6315782775049072,37.015847,37.015847,37.015847,0.7342944296311993,29.956936,29.956936,29.956936,1.539542325050669,0.887656096,0.887656096,0.887656096,4.862301274338554,26.698080678,26.698080678,26.698080678,1.0406980187837034,6.6745201695,6.6745201695,6.6745201695,1.0406980187837034,15.22677175,15.22677175,15.22677175,2.216967828370575,4.01097328,4.01097328,4.01097328,0.28634813473238374,3.0668221047331317,3.0668221047331317,3.0668221047331317,2.216967828370575,8.340933,8.340933,8.340933,-4.625783833477415,573.125,573.125,573.125,2.3444638983251886
hidden-oasis-512-seed1,hidden-oasis,512,master,9.516797832,9.516797832,9.516797832,0,11.637131766881794,11.637131766881794,11.637131766881794,0,32.979305000000004,32.979305000000004,32.979305000000004,0,20.335122,20.335122,20.335122,0,1.108051705,1.108051705,1.108051705,0,23.499186387,23.499186387,23.499186387,0,5.8747965967499995,5.8747965967499995,5.8747965967499995,0,14.776876665,14.776876665,14.776876665,0,2.907443737,2.907443737,2.907443737,0,2.975010401650896,2.975010401650896,2.975010401650896,0,8.368423,8.368423,8.368423,0,558.546875,558.546875,558.546875,0
hidden-oasis-512-seed1,hidden-oasis,512,pr-cpu,9.622822778,9.622822778,9.622822778,1.1140821510728482,11.851693151984364,11.851693151984364,11.851693151984364,1.8437651940419908,33.564798999999994,33.564798999999994,33.564798999999994,1.7753375942882732,20.46135,20.46135,20.46135,0.620738837957302,1.137576207,1.137576207,1.137576207,2.66454190420653,23.88437656,23.88437656,23.88437656,1.6391638700014255,5.97109414,5.97109414,5.97109414,1.6391638700014477,15.303902679,15.303902679,15.303902679,3.5665589281684618,2.888454303,2.888454303,2.888454303,-0.6531316069281479,3.0811159007449165,3.0811159007449165,3.0811159007449165,3.5665589281684618,8.266294,8.266294,8.266294,-1.2204091499676828,586.59765625,586.59765625,586.59765625,5.022099756622933
hidden-oasis-512-seed1,hidden-oasis,512,pr-opencl,10.009320153,10.009320153,10.009320153,5.175294565404198,12.46693995501846,12.46693995501846,12.46693995501846,7.130693411053612,27.323538000000003,27.323538000000003,27.323538000000003,-17.149442658054802,23.762518,23.762518,23.762518,16.854563252681753,0.31495608,0.31495608,0.31495608,-71.57568743599379,18.504924749,18.504924749,18.504924749,-21.25291299771501,4.62623118725,4.62623118725,4.62623118725,-21.252912997715,8.428048121,8.428048121,8.428048121,-42.964617543554496,3.219174474,3.219174474,3.219174474,10.721814941177655,1.696808560700624,1.696808560700624,1.696808560700624,-42.964617543554496,11.318323,11.318323,11.318323,35.25036915557447,681.05859375,681.05859375,681.05859375,21.934008448261388
hidden-oasis-512-seed1,hidden-oasis,512,pr-auto,9.39676343,9.39676343,9.39676343,-1.261289817425637,11.60649693524465,11.60649693524465,11.60649693524465,-0.2632507068823231,33.71907,33.71907,33.71907,2.243118828610857,20.104593,20.104593,20.104593,-1.133649456344532,1.127723776,1.127723776,1.127723776,1.7753748233255928,24.11610847,24.11610847,24.11610847,2.625291245578132,6.0290271175,6.0290271175,6.0290271175,2.625291245578154,15.6914735,15.6914735,15.6914735,6.189378552277458,2.861871686,2.861871686,2.861871686,-1.5674267543014486,3.1591450573786997,3.1591450573786997,3.1591450573786997,6.189378552277458,8.106705,8.106705,8.106705,-3.127447070971434,552.1953125,552.1953125,552.1953125,-1.1371583629395499
drowned-forest-512-seed1,drowned-forest,512,master,10.258328401,10.258328401,10.258328401,0,12.831868513021618,12.831868513021618,12.831868513021618,0,35.753786000000005,35.753786000000005,35.753786000000005,0,23.341671,23.341671,23.341671,0,0.369328514,0.369328514,0.369328514,0,24.453707242,24.453707242,24.453707242,0,6.1134268105,6.1134268105,6.1134268105,0,14.401604484,14.401604484,14.401604484,0,7.059372215,7.059372215,7.059372215,0,2.8982902966391624,2.8982902966391624,2.8982902966391624,0,6.686835,6.686835,6.686835,0,561.67578125,561.67578125,561.67578125,0
drowned-forest-512-seed1,drowned-forest,512,pr-cpu,10.178299089,10.178299089,10.178299089,-0.7801398909416779,12.605607207864523,12.605607207864523,12.605607207864523,-1.763276368733735,35.867399000000006,35.867399000000006,35.867399000000006,0.3177649494238155,22.171909,22.171909,22.171909,-5.011474971093555,0.363306775,0.363306775,0.363306775,-1.6304560226833686,24.619525052,24.619525052,24.619525052,0.6780886364551098,6.154881263,6.154881263,6.154881263,0.6780886364551098,14.830264254,14.830264254,14.830264254,2.9764723123471004,6.909508283,6.909508283,6.909508283,-2.122907355438264,2.9845571048500705,2.9845571048500705,2.9845571048500705,2.9764723123471226,5.91361,5.91361,5.91361,-11.563392845793263,539.9921875,539.9921875,539.9921875,-3.8605178421158737
drowned-forest-512-seed1,drowned-forest,512,pr-opencl,10.507932777,10.507932777,10.507932777,2.433187613448484,13.25775153702125,13.25775153702125,13.25775153702125,3.318947849001508,33.438956,33.438956,33.438956,-6.474363302392671,25.817824,25.817824,25.817824,10.608293639302868,0.082296876,0.082296876,0.082296876,-77.71716158368427,22.295068731,22.295068731,22.295068731,-8.827448900232483,5.573767182749999,5.573767182749999,5.573767182749999,-8.827448900232493,11.179459182,11.179459182,11.179459182,-22.37351612856583,7.436413335,7.436413335,7.436413335,5.3410007082336675,2.249840849667941,2.249840849667941,2.249840849667941,-22.373516128565818,7.935136,7.935136,7.935136,18.6680395134619,675.046875,675.046875,675.046875,20.184436917983994
drowned-forest-512-seed1,drowned-forest,512,pr-auto,10.228940453,10.228940453,10.228940453,-0.2864789159716885,12.79393780278042,12.79393780278042,12.79393780278042,-0.2955977159733725,36.11282,36.11282,36.11282,1.0041845638389058,21.692702,21.692702,21.692702,-7.064485657432151,0.327262614,0.327262614,0.327262614,-11.389832738449213,24.606077767,24.606077767,24.606077767,0.6230978538023013,6.1515194417500005,6.1515194417500005,6.1515194417500005,0.6230978538023013,14.727097522,14.727097522,14.727097522,2.260116491614661,6.983785426,6.983785426,6.983785426,-1.0707296158628754,2.963795033608372,2.963795033608372,2.963795033608372,2.260116491614661,6.039749,6.039749,6.039749,-9.677014611546431,550.28125,550.28125,550.28125,-2.0286670051255618
portage-lakes-512-seed1,portage-lakes,512,master,9.076938773,9.076938773,9.076938773,0,11.470376883167773,11.470376883167773,11.470376883167773,0,31.65539,31.65539,31.65539,0,25.932783,25.932783,25.932783,0,0.786203799,0.786203799,0.786203799,0,23.073931005,23.073931005,23.073931005,0,5.76848275125,5.76848275125,5.76848275125,0,13.351301938,13.351301938,13.351301938,0,4.211870831,4.211870831,4.211870831,0,2.686378659557344,2.686378659557344,2.686378659557344,0,6.609565,6.609565,6.609565,0,552.19921875,552.19921875,552.19921875,0
portage-lakes-512-seed1,portage-lakes,512,pr-cpu,8.972122868,8.972122868,8.972122868,-1.1547494989366136,11.131068068090826,11.131068068090826,11.131068068090826,-2.958131354645077,31.608649,31.608649,31.608649,-0.14765573888049222,25.597255,25.597255,25.597255,-1.293837225260397,0.822020123,0.822020123,0.822020123,4.555603018651921,23.114420374,23.114420374,23.114420374,0.17547668401725058,5.7786050935,5.7786050935,5.7786050935,0.17547668401725058,13.732208677,13.732208677,13.732208677,2.8529557699229047,4.197735094,4.197735094,4.197735094,-0.33561658386954685,2.7630198545271627,2.7630198545271627,2.7630198545271627,2.8529557699229047,6.610075,6.610075,6.610075,0.007716090241949303,551.89453125,551.89453125,551.89453125,-0.05517709726023945
portage-lakes-512-seed1,portage-lakes,512,pr-opencl,9.601351754,9.601351754,9.601351754,5.777421156127027,11.989286901894957,11.989286901894957,11.989286901894957,4.523914288192743,28.154794,28.154794,28.154794,-11.058451657047986,30.122925,30.122925,30.122925,16.157702781070583,0.576897849,0.576897849,0.576897849,-26.62235291488334,19.99597771,19.99597771,19.99597771,-13.339527167403876,4.9989944275000004,4.9989944275000004,4.9989944275000004,-13.339527167403853,10.789375728,10.789375728,10.789375728,-19.188587164734383,4.519394213,4.519394213,4.519394213,7.3013488385394565,2.17090054889336,2.17090054889336,2.17090054889336,-19.188587164734372,8.82768,8.82768,8.82768,33.559167660806736,664.0078125,664.0078125,664.0078125,20.247872498461405
portage-lakes-512-seed1,portage-lakes,512,pr-auto,9.036161213,9.036161213,9.036161213,-0.44924352823989544,11.430743084754795,11.430743084754795,11.430743084754795,-0.3455317886820186,32.032419,32.032419,32.032419,1.191042031072742,25.749904,25.749904,25.749904,-0.7052039112038222,0.784467786,0.784467786,0.784467786,-0.2208095410131783,23.491234444,23.491234444,23.491234444,1.8085493924272056,5.872808611,5.872808611,5.872808611,1.8085493924272056,13.798345213,13.798345213,13.798345213,3.3483122250994812,4.05199989,4.05199989,4.05199989,-3.795722789581424,2.7763270046277664,2.7763270046277664,2.7763270046277664,3.3483122250995034,6.615975,6.615975,6.615975,0.0969806636291537,560.5234375,560.5234375,560.5234375,1.5074665930971953
orchard-commons-512-seed1,orchard-commons,512,master,8.500186638,8.500186638,8.500186638,0,10.735272509045899,10.735272509045899,10.735272509045899,0,31.116568,31.116568,31.116568,0,16.515778,16.515778,16.515778,0,0.55461504,0.55461504,0.55461504,0,21.319160679,21.319160679,21.319160679,0,5.329790169750001,5.329790169750001,5.329790169750001,0,13.413508047,13.413508047,13.413508047,0,4.402970877,4.402970877,4.402970877,0,2.697809341713596,2.697809341713596,2.697809341713596,0,5.605982,5.605982,5.605982,0,580.125,580.125,580.125,0
orchard-commons-512-seed1,orchard-commons,512,pr-cpu,8.603613902,8.603613902,8.603613902,1.216764624174571,10.900248802732676,10.900248802732676,10.900248802732676,1.5367685687323052,31.328508,31.328508,31.328508,0.6811162464960718,18.005777,18.005777,18.005777,9.021670066042287,0.576487141,0.576487141,0.576487141,3.943654503130678,21.5752519,21.5752519,21.5752519,1.2012256244790187,5.3938129749999995,5.3938129749999995,5.3938129749999995,1.2012256244789743,13.666998321,13.666998321,13.666998321,1.8898134113148224,4.358365243,4.358365243,4.358365243,-1.0130803779104802,2.7487929044650037,2.7487929044650037,2.7487929044650037,1.8898134113148224,5.86065,5.86065,5.86065,4.54279018377155,552.8984375,552.8984375,552.8984375,-4.693223443223449
orchard-commons-512-seed1,orchard-commons,512,pr-opencl,9.712853443,9.712853443,9.712853443,14.266355041885603,11.942439891863614,11.942439891863614,11.942439891863614,11.244869487947472,29.606589999999997,29.606589999999997,29.606589999999997,-4.8526495595529795,21.649023,21.649023,21.649023,31.080854925514245,0.723391894,0.723391894,0.723391894,30.431351807552875,20.497751766,20.497751766,20.497751766,-3.8529139367531995,5.1244379415,5.1244379415,5.1244379415,-3.8529139367532106,13.252815199,13.252815199,13.252815199,-1.1979927058376028,4.727614636,4.727614636,4.727614636,7.373288810422451,2.665489782582462,2.665489782582462,2.665489782582462,-1.1979927058375917,7.998176,7.998176,7.998176,42.67216698162783,683.12890625,683.12890625,683.12890625,17.755467571644033
orchard-commons-512-seed1,orchard-commons,512,pr-auto,8.679565241,8.679565241,8.679565241,2.1102901693721643,10.833689633756876,10.833689633756876,10.833689633756876,0.9167641028958284,32.056678000000005,32.056678000000005,32.056678000000005,3.021252215218606,17.907937,17.907937,17.907937,8.429266850159877,0.675222087,0.675222087,0.675222087,21.746083012822748,22.149479451,22.149479451,22.149479451,3.8947066655297125,5.53736986275,5.53736986275,5.53736986275,3.8947066655296902,14.530631637,14.530631637,14.530631637,8.328347708039363,4.336157173,4.336157173,4.336157173,-1.5174686789098946,2.9224922841914727,2.9224922841914727,2.9224922841914727,8.328347708039384,5.90919,5.90919,5.90919,5.408650973192564,551.76953125,551.76953125,551.76953125,-4.887820512820518
last-treeline-512-seed1,last-treeline,512,master,9.612091572,9.612091572,9.612091572,0,11.787293259985745,11.787293259985745,11.787293259985745,0,33.507583000000004,33.507583000000004,33.507583000000004,0,24.342524,24.342524,24.342524,0,0.508600806,0.508600806,0.508600806,0,24.115468532,24.115468532,24.115468532,0,6.028867133,6.028867133,6.028867133,0,14.039142164,14.039142164,14.039142164,0,4.144106979,4.144106979,4.144106979,0,2.829901665793187,2.829901665793187,2.829901665793187,0,8.355763,8.355763,8.355763,0,551.265625,551.265625,551.265625,0
last-treeline-512-seed1,last-treeline,512,pr-cpu,9.533796872,9.533796872,9.533796872,-0.8145438421339302,11.643704387359321,11.643704387359321,11.643704387359321,-1.218166626208106,33.772366999999996,33.772366999999996,33.772366999999996,0.7902211269609882,22.541206,22.541206,22.541206,-7.399881787114603,0.71012244,0.71012244,0.71012244,39.622751600594206,24.272088843,24.272088843,24.272088843,0.6494599546849722,6.06802221075,6.06802221075,6.06802221075,0.6494599546849722,14.783592057,14.783592057,14.783592057,5.302673655581058,4.018276268,4.018276268,4.018276268,-3.036376996000323,2.9799621159040517,2.9799621159040517,2.9799621159040517,5.302673655581058,7.721827,7.721827,7.721827,-7.58681164125885,563.9453125,563.9453125,563.9453125,2.300104872310871
last-treeline-512-seed1,last-treeline,512,pr-opencl,10.075690819,10.075690819,10.075690819,4.823083961772312,12.369660267606378,12.369660267606378,12.369660267606378,4.940633907850511,29.431382,29.431382,29.431382,-12.1650105291092,24.476693,24.476693,24.476693,0.5511712754191045,0.278289198,0.278289198,0.278289198,-45.28337456075522,20.651609102,20.651609102,20.651609102,-14.36364143372806,5.1629022755000005,5.1629022755000005,5.1629022755000005,-14.363641433728036,10.85939011,10.85939011,10.85939011,-22.649190505055994,4.30502416,4.30502416,4.30502416,3.8830363650223854,2.188951846401935,2.188951846401935,2.188951846401935,-22.649190505055994,10.33486,10.33486,10.33486,23.68541328900786,681.91015625,681.91015625,681.91015625,23.699016467787203
last-treeline-512-seed1,last-treeline,512,pr-auto,9.391666883,9.391666883,9.391666883,-2.2932021334679975,11.496692921966314,11.496692921966314,11.496692921966314,-2.4653695433703215,32.870289,32.870289,32.870289,-1.9019396296056423,23.007713,23.007713,23.007713,-5.483453564634477,0.524060125,0.524060125,0.524060125,3.039578155918221,23.818389543,23.818389543,23.818389543,-1.2319022066927476,5.9545973857500005,5.9545973857500005,5.9545973857500005,-1.2319022066927365,13.925329115,13.925329115,13.925329115,-0.8106837844540471,4.022060627,4.022060627,4.022060627,-2.9450579489975093,2.8069601118726064,2.8069601118726064,2.8069601118726064,-0.8106837844540471,7.862416,7.862416,7.862416,-5.904272296856671,560.98828125,560.98828125,560.98828125,1.7636971741163743
gauntlet-512-seed1,gauntlet,512,master,9.008726198,9.008726198,9.008726198,0,11.295163028873503,11.295163028873503,11.295163028873503,0,31.657802,31.657802,31.657802,0,19.922364,19.922364,19.922364,0,0.255843066,0.255843066,0.255843066,0,22.206074,22.206074,22.206074,0,5.5515185,5.5515185,5.5515185,0,13.095576643,13.095576643,13.095576643,0,4.641657981,4.641657981,4.641657981,0,2.6418351105507365,2.6418351105507365,2.6418351105507365,0,5.87159,5.87159,5.87159,0,542.51171875,542.51171875,542.51171875,0
gauntlet-512-seed1,gauntlet,512,pr-cpu,8.8882165,8.8882165,8.8882165,-1.3376996408965502,11.200596024282277,11.200596024282277,11.200596024282277,-0.8372345255175828,30.885233,30.885233,30.885233,-2.440374729742767,19.381297,19.381297,19.381297,-2.715877493253316,0.273566612,0.273566612,0.273566612,6.92750688033108,21.524287002,21.524287002,21.524287002,-3.070272565965504,5.3810717505,5.3810717505,5.3810717505,-3.070272565965504,12.871691897,12.871691897,12.871691897,-1.7096211347033208,4.466560653,4.466560653,4.466560653,-3.7723013784457415,2.596669739156748,2.596669739156748,2.596669739156748,-1.7096211347033208,6.530895,6.530895,6.530895,11.228730207660952,553.5859375,553.5859375,553.5859375,2.041286550549737
gauntlet-512-seed1,gauntlet,512,pr-opencl,9.481893969,9.481893969,9.481893969,5.252327139269108,11.948364670854062,11.948364670854062,11.948364670854062,5.783020929496963,28.783514,28.783514,28.783514,-9.079240561299862,21.471604,21.471604,21.471604,7.7763863766368235,0.192700574,0.192700574,0.192700574,-24.680165457366744,19.885536371,19.885536371,19.885536371,-10.450013041476847,4.97138409275,4.97138409275,4.97138409275,-10.450013041476847,10.675902444,10.675902444,10.675902444,-18.477034383158617,4.950770926,4.950770926,4.950770926,6.659537308981234,2.15370232882792,2.15370232882792,2.15370232882792,-18.47703438315863,8.488472,8.488472,8.488472,44.5685410595767,669.5,669.5,669.5,23.407472476833014
gauntlet-512-seed1,gauntlet,512,pr-auto,8.926767598,8.926767598,8.926767598,-0.9097690194890706,11.346199101768434,11.346199101768434,11.346199101768434,0.4518400731752914,31.55589,31.55589,31.55589,-0.32191748498521244,19.638136,19.638136,19.638136,-1.4266780789669475,0.233510948,0.233510948,0.233510948,-8.72883457392588,21.78010164,21.78010164,21.78010164,-1.9182695689476614,5.44502541,5.44502541,5.44502541,-1.9182695689476614,13.068446055,13.068446055,13.068446055,-0.20717367962945765,4.538690985,4.538690985,4.538690985,-2.218323633957553,2.636361923542465,2.636361923542465,2.636361923542465,-0.20717367962947986,5.342013,5.342013,5.342013,-9.019311634497651,566.03125,566.03125,566.03125,4.33530381688183
faulted-city-512-seed1,faulted-city,512,master,9.185352523,9.185352523,9.185352523,0,11.515023468062282,11.515023468062282,11.515023468062282,0,32.956779,32.956779,32.956779,0,27.026915,27.026915,27.026915,0,0.882243184,0.882243184,0.882243184,0,23.477752545,23.477752545,23.477752545,0,5.86943813625,5.86943813625,5.86943813625,0,14.887495817,14.887495817,14.887495817,0,3.848323354,3.848323354,3.848323354,0,2.994267058930008,2.994267058930008,2.994267058930008,0,7.31489,7.31489,7.31489,0,538.6015625,538.6015625,538.6015625,0
faulted-city-512-seed1,faulted-city,512,pr-cpu,9.311065746,9.311065746,9.311065746,1.3686270906338782,11.640472473111004,11.640472473111004,11.640472473111004,1.0894376845749676,33.971357,33.971357,33.971357,3.0785107974295567,25.132998,25.132998,25.132998,-7.007521946178463,1.006712606,1.006712606,1.006712606,14.108289444149458,24.282653612,24.282653612,24.282653612,3.428356549278888,6.070663403,6.070663403,6.070663403,3.428356549278888,15.948609197,15.948609197,15.948609197,7.127547796106293,3.963122051,3.963122051,3.963122051,2.983083448033974,3.2076848746983107,3.2076848746983107,3.2076848746983107,7.127547796106293,7.425849,7.425849,7.425849,1.5168922567529997,547.90625,547.90625,547.90625,1.7275641490549942
faulted-city-512-seed1,faulted-city,512,pr-opencl,9.938598875,9.938598875,9.938598875,8.200516530137314,12.572743353899568,12.572743353899568,12.572743353899568,9.185564308843542,28.0945,28.0945,28.0945,-14.753501851622087,28.389176,28.389176,28.389176,5.040386592402424,0.340368112,0.340368112,0.340368112,-61.42014830233021,19.263702878,19.263702878,19.263702878,-17.94911867702369,4.8159257195,4.8159257195,4.8159257195,-17.94911867702369,9.332009146,9.332009146,9.332009146,-37.31646167555057,4.150003327,4.150003327,4.150003327,7.83925739209077,1.8769125394207562,1.8769125394207562,1.8769125394207562,-37.316461675550585,9.581835,9.581835,9.581835,30.990828296802817,662.578125,662.578125,662.578125,23.018232981825037
faulted-city-512-seed1,faulted-city,512,pr-auto,9.265409146,9.265409146,9.265409146,0.8715683235840821,11.619017838966101,11.619017838966101,11.619017838966101,0.9031190530549571,34.030855,34.030855,34.030855,3.25904421666936,25.095789,25.095789,25.095789,-7.145195816836658,1.070147008,1.070147008,1.070147008,21.298416061211523,24.300284349,24.300284349,24.300284349,3.503452054976064,6.07507108725,6.07507108725,6.07507108725,3.503452054976064,16.130677763,16.130677763,16.130677763,8.350510799676702,3.825599068,3.825599068,3.825599068,-0.5904983523897567,3.24430365305712,3.24430365305712,3.24430365305712,8.35051079967668,7.182622,7.182622,7.182622,-1.8082021739219578,556.48828125,556.48828125,556.48828125,3.3209555997157025
comb-512-seed1,comb,512,master,9.13722939,9.13722939,9.13722939,0,11.075812244322151,11.075812244322151,11.075812244322151,0,27.734433,27.734433,27.734433,0,26.30464,26.30464,26.30464,0,0.122455656,0.122455656,0.122455656,0,19.930207408,19.930207408,19.930207408,0,4.982551852,4.982551852,4.982551852,0,9.167160862,9.167160862,9.167160862,0,3.592127955,3.592127955,3.592127955,0,1.8504563710133226,1.8504563710133226,1.8504563710133226,0,8.190874,8.190874,8.190874,0,557.328125,557.328125,557.328125,0
comb-512-seed1,comb,512,pr-cpu,9.177550435,9.177550435,9.177550435,0.44128305505966026,11.083581981249154,11.083581981249154,11.083581981249154,0.07015049330567624,28.334852,28.334852,28.334852,2.16488651489648,24.652362,24.652362,24.652362,-6.281317668669861,0.167922734,0.167922734,0.167922734,37.129422588696094,20.528166329,20.528166329,20.528166329,3.0002644165157077,5.13204158225,5.13204158225,5.13204158225,3.0002644165157077,9.844412862,9.844412862,9.844412862,7.387805343390097,3.524732652,3.524732652,3.524732652,-1.8761943851746787,1.987164485668147,1.987164485668147,1.987164485668147,7.387805343390075,8.915449,8.915449,8.915449,8.846125578296027,574.2109375,574.2109375,574.2109375,3.0292410776865175
comb-512-seed1,comb,512,pr-opencl,9.621619116,9.621619116,9.621619116,5.301275751379597,11.678263004869223,11.678263004869223,11.678263004869223,5.439337064023531,27.019685,27.019685,27.019685,-2.5771141598604164,24.444093,24.444093,24.444093,-7.073075320551814,0.520086912,0.520086912,0.520086912,324.71448766727445,19.228726933,19.228726933,19.228726933,-3.5196847711601142,4.807181733249999,4.807181733249999,4.807181733249999,-3.5196847711601253,10.154611387,10.154611387,10.154611387,10.771606824237278,3.652301153,3.652301153,3.652301153,1.6751407175304767,2.049780255752927,2.049780255752927,2.049780255752927,10.771606824237278,8.645861,8.645861,8.645861,5.554804041668793,690.3828125,690.3828125,690.3828125,23.873671815862508
comb-512-seed1,comb,512,pr-auto,9.246650205,9.246650205,9.246650205,1.197527284580957,11.04651427641511,11.04651427641511,11.04651427641511,-0.26452207080397416,28.687934000000002,28.687934000000002,28.687934000000002,3.4379682469080963,25.882763,25.882763,25.882763,-1.6038121031118457,0.167363074,0.167363074,0.167363074,36.672391841173926,20.755115161,20.755115161,20.755115161,4.138982280078429,5.18877879025,5.18877879025,5.18877879025,4.138982280078429,10.100606387,10.100606387,10.100606387,10.18249313011783,3.602115307,3.602115307,3.602115307,0.27803441651064187,2.0388789638675817,2.0388789638675817,2.0388789638675817,10.18249313011783,8.6983,8.6983,8.6983,6.195016551347243,542.31640625,542.31640625,542.31640625,-2.6935153774986675
encircled-kingdom-512-seed1,encircled-kingdom,512,master,8.345639759,8.345639759,8.345639759,0,10.390904015861452,10.390904015861452,10.390904015861452,0,30.374865,30.374865,30.374865,0,17.015654,17.015654,17.015654,0,0.986829549,0.986829549,0.986829549,0,21.514913212,21.514913212,21.514913212,0,5.378728303,5.378728303,5.378728303,0,13.969673064,13.969673064,13.969673064,0,3.410786467,3.410786467,3.410786467,0,2.8130634442207008,2.8130634442207008,2.8130634442207008,0,6.877993,6.877993,6.877993,0,549.29296875,549.29296875,549.29296875,0
encircled-kingdom-512-seed1,encircled-kingdom,512,pr-cpu,8.286536705,8.286536705,8.286536705,-0.7081908122892999,10.313327296636999,10.313327296636999,10.313327296636999,-0.7465829643506838,30.661848,30.661848,30.661848,0.9448041991297673,17.068374,17.068374,17.068374,0.3098323461443009,1.043009776,1.043009776,1.043009776,5.693002105270373,21.667089051,21.667089051,21.667089051,0.7073039872413922,5.4167722627499995,5.4167722627499995,5.4167722627499995,0.70730398724137,14.525567983,14.525567983,14.525567983,3.9792979868122025,3.344530444,3.344530444,3.344530444,-1.9425438572903686,2.9250036212243256,2.9250036212243256,2.9250036212243256,3.9792979868122247,6.370826,6.370826,6.370826,-7.373764410635486,541.09765625,541.09765625,541.09765625,-1.491974768701243
encircled-kingdom-512-seed1,encircled-kingdom,512,pr-opencl,9.325079519,9.325079519,9.325079519,11.735945814624515,11.441012092866004,11.441012092866004,11.441012092866004,10.106031923705473,27.266486,27.266486,27.266486,-10.233391983799766,18.917811,18.917811,18.917811,11.178865061548615,0.657025713,0.657025713,0.657025713,-33.42054728034902,18.749404671,18.749404671,18.749404671,-12.85391446272499,4.68735116775,4.68735116775,4.68735116775,-12.85391446272499,12.500973391,12.500973391,12.500973391,-10.513486366297686,3.744420295,3.744420295,3.744420295,9.781727212417724,2.5173124025372533,2.5173124025372533,2.5173124025372533,-10.513486366297686,8.80933,8.80933,8.80933,28.079950066829085,685.66015625,685.66015625,685.66015625,24.8259481293424
encircled-kingdom-512-seed1,encircled-kingdom,512,pr-auto,8.248280536,8.248280536,8.248280536,-1.166587892737747,10.194923275150359,10.194923275150359,10.194923275150359,-1.8860797906701254,30.16881,30.16881,30.16881,-0.6783733853631957,18.397434,18.397434,18.397434,8.120639970699916,1.027230538,1.027230538,1.027230538,4.094018976320712,21.179865231,21.179865231,21.179865231,-1.557282512360425,5.294966307749999,5.294966307749999,5.294966307749999,-1.5572825123604472,14.073127579,14.073127579,14.073127579,0.7405650406135944,3.312759773,3.312759773,3.312759773,-2.8740202574516704,2.8338960086588805,2.8338960086588805,2.8338960086588805,0.7405650406136166,6.480036,6.480036,6.480036,-5.785946569006395,542.19140625,542.19140625,542.19140625,-1.2928551618202389
bastion-keys-512-seed1,bastion-keys,512,master,7.660303757,7.660303757,7.660303757,0,9.50115053774789,9.50115053774789,9.50115053774789,0,25.08113,25.08113,25.08113,0,14.220023,14.220023,14.220023,0,1.146934861,1.146934861,1.146934861,0,18.525572743,18.525572743,18.525572743,0,4.63139318575,4.63139318575,4.63139318575,0,10.178132293,10.178132293,10.178132293,0,3.60786935,3.60786935,3.60786935,0,2.0429811908871938,2.0429811908871938,2.0429811908871938,0,7.3768,7.3768,7.3768,0,549.83203125,549.83203125,549.83203125,0
bastion-keys-512-seed1,bastion-keys,512,pr-cpu,7.791713501,7.791713501,7.791713501,1.7154638793522636,9.534247062169015,9.534247062169015,9.534247062169015,0.3483422801231706,26.020092,26.020092,26.020092,3.7436989481733907,12.790873,12.790873,12.790873,-10.05026503824924,1.28295788,1.28295788,1.28295788,11.859698717449652,19.134029793,19.134029793,19.134029793,3.284416943221946,4.78350744825,4.78350744825,4.78350744825,3.284416943221946,11.10257099,11.10257099,11.10257099,9.08259659422761,3.591406154,3.591406154,3.591406154,-0.45631353031118094,2.2285369309514254,2.2285369309514254,2.2285369309514254,9.082596594227631,7.464969,7.464969,7.464969,1.1952201496583825,524.484375,524.484375,524.484375,-4.610072678445832
bastion-keys-512-seed1,bastion-keys,512,pr-opencl,7.904062835,7.904062835,7.904062835,3.1821072079191604,9.752097917255014,9.752097917255014,9.752097917255014,2.641231485703921,23.880262000000002,23.880262000000002,23.880262000000002,-4.787934195947308,15.199356,15.199356,15.199356,6.8870001124470726,0.500553863,0.500553863,0.500553863,-56.35725445091341,16.487076118,16.487076118,16.487076118,-11.00369015997229,4.1217690295,4.1217690295,4.1217690295,-11.00369015997229,11.211967285,11.211967285,11.211967285,10.157413582755437,3.848832275,3.848832275,3.848832275,6.678815157206275,2.250495239863509,2.250495239863509,2.250495239863509,10.15741358275546,8.357963,8.357963,8.357963,13.300658822253553,646.7421875,646.7421875,646.7421875,17.625411169604345
bastion-keys-512-seed1,bastion-keys,512,pr-auto,7.459768655,7.459768655,7.459768655,-2.6178479125811505,9.172504669986665,9.172504669986665,9.172504669986665,-3.4590112687460373,24.853499,24.853499,24.853499,-0.907578725519953,13.136471,13.136471,13.136471,-7.619903287076257,1.092083416,1.092083416,1.092083416,-4.782437683703833,18.143933367,18.143933367,18.143933367,-2.0600678926064875,4.53598334175,4.53598334175,4.53598334175,-2.0600678926064875,10.347754443,10.347754443,10.347754443,1.6665351276349272,3.475793314,3.475793314,3.475793314,-3.660776574406721,2.0770281900843033,2.0770281900843033,2.0770281900843033,1.6665351276349272,6.868343,6.868343,6.868343,-6.892649929508732,521.390625,521.390625,521.390625,-5.172744517146577
even-ground-512-seed1,even-ground,512,master,7.597400597,7.597400597,7.597400597,0,9.468381031882018,9.468381031882018,9.468381031882018,0,29.661997999999997,29.661997999999997,29.661997999999997,0,16.829135,16.829135,16.829135,0,0.874500166,0.874500166,0.874500166,0,21.367760456,21.367760456,21.367760456,0,5.341940114,5.341940114,5.341940114,0,14.849882554,14.849882554,14.849882554,0,3.963005375,3.963005375,3.963005375,0,2.981904127309237,2.981904127309237,2.981904127309237,0,5.965179,5.965179,5.965179,0,510.1171875,510.1171875,510.1171875,0
even-ground-512-seed1,even-ground,512,pr-cpu,7.66849183,7.66849183,7.66849183,0.9357310055240653,9.595246965996921,9.595246965996921,9.595246965996921,1.3398904594958738,30.273564,30.273564,30.273564,2.061782891361541,16.421978,16.421978,16.421978,-2.419357857667681,0.824715548,0.824715548,0.824715548,-5.692922647198218,21.623115117,21.623115117,21.623115117,1.1950464416981,5.405778779249999,5.405778779249999,5.405778779249999,1.1950464416980777,15.185447371,15.185447371,15.185447371,2.2597136090454217,3.975960763,3.975960763,3.975960763,0.326908161208328,3.049286620682731,3.049286620682731,3.049286620682731,2.2597136090454217,6.051218,6.051218,6.051218,1.4423540349753239,517.56640625,517.56640625,517.56640625,1.4602955815912422
even-ground-512-seed1,even-ground,512,pr-opencl,8.868744013,8.868744013,8.868744013,16.73392629186907,10.970106615684927,10.970106615684927,10.970106615684927,15.860426177889163,27.230314999999997,27.230314999999997,27.230314999999997,-8.197974391340734,20.50505,20.50505,20.50505,21.842566477718538,0.467548342,0.467548342,0.467548342,-46.535362693115836,19.050437137,19.050437137,19.050437137,-10.844951785058521,4.76260928425,4.76260928425,4.76260928425,-10.844951785058521,12.62273111,12.62273111,12.62273111,-14.997771436246744,4.884653454,4.884653454,4.884653454,23.256291419993367,2.5346849618473897,2.5346849618473897,2.5346849618473897,-14.997771436246744,8.051746,8.051746,8.051746,34.97911797785112,652.734375,652.734375,652.734375,27.957730300941886
even-ground-512-seed1,even-ground,512,pr-auto,7.681649022,7.681649022,7.681649022,1.1089111851396494,9.602097529917955,9.602097529917955,9.602097529917955,1.4122424687566637,30.390262,30.390262,30.390262,2.4552088500579217,16.730065,16.730065,16.730065,-0.5886814741221214,0.911530442,0.911530442,0.911530442,4.2344504254788085,21.5890631,21.5890631,21.5890631,1.035684785289992,5.397265775,5.397265775,5.397265775,1.035684785289992,15.424659871,15.424659871,15.424659871,3.870584934997856,3.989806191,3.989806191,3.989806191,0.6762750353322522,3.0973212592369475,3.0973212592369475,3.0973212592369475,3.870584934997856,6.140638,6.140638,6.140638,2.9413870061568925,513.09375,513.09375,513.09375,0.5835056283023166
marchland-512-seed1,marchland,512,master,10.004090353,10.004090353,10.004090353,0,12.255272649694234,12.255272649694234,12.255272649694234,0,34.149837,34.149837,34.149837,0,28.20773,28.20773,28.20773,0,1.11373486,1.11373486,1.11373486,0,23.998057706,23.998057706,23.998057706,0,5.9995144265,5.9995144265,5.9995144265,0,14.961119565,14.961119565,14.961119565,0,3.81083299,3.81083299,3.81083299,0,3.0139241670024175,3.0139241670024175,3.0139241670024175,0,7.658632,7.658632,7.658632,0,571.08984375,571.08984375,571.08984375,0
marchland-512-seed1,marchland,512,pr-cpu,9.820344441,9.820344441,9.820344441,-1.8367078416569815,12.12629175093025,12.12629175093025,12.12629175093025,-1.05245229911064,34.346174,34.346174,34.346174,0.5749280735952045,27.502675,27.502675,27.502675,-2.4995098861198772,1.078547318,1.078547318,1.078547318,-3.1594182119791148,24.348182034,24.348182034,24.348182034,1.458969439482849,6.0870455085,6.0870455085,6.0870455085,1.458969439482849,15.277311613,15.277311613,15.277311613,2.1134250456743775,3.806401069,3.806401069,3.806401069,-0.11629795930784281,3.0776211952054795,3.0776211952054795,3.0776211952054795,2.1134250456743775,7.860501,7.860501,7.860501,2.635836269453873,550.34375,550.34375,550.34375,-3.6327197860450466
marchland-512-seed1,marchland,512,pr-opencl,10.271045278,10.271045278,10.271045278,2.6684577565809997,12.566050538327545,12.566050538327545,12.566050538327545,2.535870865680523,28.597087000000002,28.597087000000002,28.597087000000002,-16.259960479459966,29.787931,29.787931,29.787931,5.602014057848681,0.31625323,0.31625323,0.31625323,-71.60426225681758,19.658152634,19.658152634,19.658152634,-18.084401351009905,4.9145381585,4.9145381585,4.9145381585,-18.084401351009905,8.832778345,8.832778345,8.832778345,-40.96178226084513,4.225074294,4.225074294,4.225074294,10.870098613269308,1.7793671122078967,1.7793671122078967,1.7793671122078967,-40.96178226084513,10.225285,10.225285,10.225285,33.51320444695607,679.58984375,679.58984375,679.58984375,18.998761961436127
marchland-512-seed1,marchland,512,pr-auto,9.715904125,9.715904125,9.715904125,-2.8806839785646243,12.003769440110773,12.003769440110773,12.003769440110773,-2.0522041146896597,34.126087,34.126087,34.126087,-0.0695464520079514,27.366616,27.366616,27.366616,-2.981856391847204,1.08340111,1.08340111,1.08340111,-2.72360604749321,24.057409815,24.057409815,24.057409815,0.24732046954432096,6.01435245375,6.01435245375,6.01435245375,0.24732046954432096,15.300388454,15.300388454,15.300388454,2.2676704609305043,3.783689666,3.783689666,3.783689666,-0.7122674772478077,3.0822700350523773,3.0822700350523773,3.0822700350523773,2.2676704609305043,7.80727,7.80727,7.80727,1.9407904701518541,545.39453125,545.39453125,545.39453125,-4.49934678075773
who-ate-the-map-512-seed1,who-ate-the-map,512,master,10.167158849,10.167158849,10.167158849,0,12.276124729309231,12.276124729309231,12.276124729309231,0,32.018886,32.018886,32.018886,0,28.731528,28.731528,28.731528,0,0.05935112,0.05935112,0.05935112,0,23.178602983,23.178602983,23.178602983,0,5.794650745749999,5.794650745749999,5.794650745749999,0,10.240925623,10.240925623,10.240925623,0,4.29765944,4.29765944,4.29765944,0,2.0663691733252625,2.0663691733252625,2.0663691733252625,0,9.118362,9.118362,9.118362,0,606.4453125,606.4453125,606.4453125,0
who-ate-the-map-512-seed1,who-ate-the-map,512,pr-cpu,10.003829096,10.003829096,10.003829096,-1.6064443904706405,12.233861508313566,12.233861508313566,12.233861508313566,-0.34427168123146723,32.205581,32.205581,32.205581,0.5830777498005313,30.623926,30.623926,30.623926,6.5864857587803805,0.110107217,0.110107217,0.110107217,85.51834742124495,23.426414972,23.426414972,23.426414972,1.0691411781018623,5.856603743,5.856603743,5.856603743,1.0691411781018845,10.810359685,10.810359685,10.810359685,5.560376893286989,4.162628076,4.162628076,4.162628076,-3.1419745069423244,2.181267087368846,2.181267087368846,2.181267087368846,5.560376893287011,9.281561,9.281561,9.281561,1.7897841739558107,579.70703125,579.70703125,579.70703125,-4.409017713365538
who-ate-the-map-512-seed1,who-ate-the-map,512,pr-opencl,10.463121627,10.463121627,10.463121627,2.910968367816036,12.799123635981232,12.799123635981232,12.799123635981232,4.260293196788245,30.835681,30.835681,30.835681,-3.6953346846608004,29.561432,29.561432,29.561432,2.8884784686703746,0.118440434,0.118440434,0.118440434,99.55888616760728,21.914611137,21.914611137,21.914611137,-5.453270185985993,5.4786527842499995,5.4786527842499995,5.4786527842499995,-5.453270185985993,9.164214272,9.164214272,9.164214272,-10.513808913735534,4.472134219,4.472134219,4.472134219,4.059762794978461,1.8491150669895078,1.8491150669895078,1.8491150669895078,-10.513808913735534,9.46427,9.46427,9.46427,3.793532215544859,700.828125,700.828125,700.828125,15.563285024154583
who-ate-the-map-512-seed1,who-ate-the-map,512,pr-auto,10.265021896,10.265021896,10.265021896,0.9625407496178351,12.403578978963196,12.403578978963196,12.403578978963196,1.0382286956539977,32.39128,32.39128,32.39128,1.163044835476157,29.088726,29.088726,29.088726,1.2432266045857343,0.096869245,0.096869245,0.096869245,63.21384499567995,23.607055528,23.607055528,23.607055528,1.84848303978562,5.901763882,5.901763882,5.901763882,1.8484830397856422,10.682936598,10.682936598,10.682936598,4.3161232809590055,4.140518485,4.140518485,4.140518485,-3.656431068907595,2.155556214285714,2.155556214285714,2.155556214285714,4.316123280958983,9.546259,9.546259,9.546259,4.692695903058031,578.30078125,578.30078125,578.30078125,-4.640901771336559
rugged-archipelago-512-seed1,rugged-archipelago,512,master,8.151804681,8.151804681,8.151804681,0,9.997376006096601,9.997376006096601,9.997376006096601,0,26.540778,26.540778,26.540778,0,20.52895,20.52895,20.52895,0,0.323345731,0.323345731,0.323345731,0,18.914037775,18.914037775,18.914037775,0,4.728509443749999,4.728509443749999,4.728509443749999,0,10.625168923,10.625168923,10.625168923,0,3.726827072,3.726827072,3.726827072,0,2.134854113522202,2.134854113522202,2.134854113522202,0,6.928296,6.928296,6.928296,0,536.7109375,536.7109375,536.7109375,0
rugged-archipelago-512-seed1,rugged-archipelago,512,pr-cpu,8.28717634,8.28717634,8.28717634,1.6606342312828204,10.04861713014543,10.04861713014543,10.04861713014543,0.5125457321759397,27.052197,27.052197,27.052197,1.926917892158242,20.44952,20.44952,20.44952,-0.38691701231674536,0.367672687,0.367672687,0.367672687,13.708842192816828,19.55606662,19.55606662,19.55606662,3.3944568189908875,4.889016655,4.889016655,4.889016655,3.3944568189909097,11.153229046,11.153229046,11.153229046,4.969898613629775,3.839025109,3.839025109,3.839025109,3.0105511962965625,2.2409541985131605,2.2409541985131605,2.2409541985131605,4.969898613629775,7.429833,7.429833,7.429833,7.238966118075796,525.08203125,525.08203125,525.08203125,-2.166698205214046
rugged-archipelago-512-seed1,rugged-archipelago,512,pr-opencl,8.976238349,8.976238349,8.976238349,10.113511059968939,10.9093824387528,10.9093824387528,10.9093824387528,9.122458053993764,25.724156999999998,25.724156999999998,25.724156999999998,-3.0768540394708888,21.815651,21.815651,21.815651,6.267738973498416,0.475864558,0.475864558,0.475864558,47.16896262347745,18.152991552,18.152991552,18.152991552,-4.023711023808618,4.538247888,4.538247888,4.538247888,-4.0237110238085965,11.868482608,11.868482608,11.868482608,11.701589819514634,4.147439432,4.147439432,4.147439432,11.28607128460828,2.3846659851316057,2.3846659851316057,2.3846659851316057,11.701589819514634,8.728795,8.728795,8.728795,25.98761657989208,636.3984375,636.3984375,636.3984375,18.57377836649734
rugged-archipelago-512-seed1,rugged-archipelago,512,pr-auto,8.167772691,8.167772691,8.167772691,0.19588312802951702,9.938653170131147,9.938653170131147,9.938653170131147,-0.5873824884614187,27.147980999999998,27.147980999999998,27.147980999999998,2.287811608235435,20.46216,20.46216,20.46216,-0.325345426824053,0.418952264,0.418952264,0.418952264,29.567897094024097,19.680232234,19.680232234,19.680232234,4.050930151005261,4.9200580585,4.9200580585,4.9200580585,4.050930151005283,11.403533561,11.403533561,11.403533561,7.325668360105753,3.729567156,3.729567156,3.729567156,0.07352323966374197,2.2912464458509145,2.2912464458509145,2.2912464458509145,7.325668360105775,6.878086,6.878086,6.878086,-0.7247092214304862,529.8515625,529.8515625,529.8515625,-1.2780389816445692
hungry-marches-512-seed1,hungry-marches,512,master,9.272664811,9.272664811,9.272664811,0,11.15543776890263,11.15543776890263,11.15543776890263,0,33.33372,33.33372,33.33372,0,25.150171,25.150171,25.150171,0,1.10303806,1.10303806,1.10303806,0,24.778985327,24.778985327,24.778985327,0,6.19474633175,6.19474633175,6.19474633175,0,16.312744546,16.312744546,16.312744546,0,3.430645441,3.430645441,3.430645441,0,3.2802623257590993,3.2802623257590993,3.2802623257590993,0,7.413553,7.413553,7.413553,0,516.29296875,516.29296875,516.29296875,0
hungry-marches-512-seed1,hungry-marches,512,pr-cpu,9.305310583,9.305310583,9.305310583,0.3520646185902532,11.145655422005802,11.145655422005802,11.145655422005802,-0.08769128652303948,33.781034000000005,33.781034000000005,33.781034000000005,1.3419264336533843,24.589994,24.589994,24.589994,-2.2273287923171514,1.189281805,1.189281805,1.189281805,7.818746073004945,25.306814551,25.306814551,25.306814551,2.1301486603846342,6.32670363775,6.32670363775,6.32670363775,2.1301486603846342,16.943888175,16.943888175,16.943888175,3.8690217162430818,3.407144084,3.407144084,3.407144084,-0.6850418501175515,3.407176387492459,3.407176387492459,3.407176387492459,3.8690217162430818,7.765701,7.765701,7.765701,4.7500570913838525,523.4296875,523.4296875,523.4296875,1.382300202011022
hungry-marches-512-seed1,hungry-marches,512,pr-opencl,9.909312424,9.909312424,9.909312424,6.8658538400391045,11.906342327129096,11.906342327129096,11.906342327129096,6.7312872321310335,27.494973,27.494973,27.494973,-17.51603781396135,29.167455,29.167455,29.167455,15.973187617690554,0.845355284,0.845355284,0.845355284,-23.361186285811385,19.633768688,19.633768688,19.633768688,-20.764436360489725,4.908442172,4.908442172,4.908442172,-20.764436360489725,14.139355485,14.139355485,14.139355485,-13.323258111909386,3.894924002,3.894924002,3.894924002,13.53327147863661,2.8432245093504926,2.8432245093504926,2.8432245093504926,-13.323258111909386,9.594089,9.594089,9.594089,29.412833495626177,649.921875,649.921875,649.921875,25.882379644551378
hungry-marches-512-seed1,hungry-marches,512,pr-auto,9.076486587,9.076486587,9.076486587,-2.115661764968335,10.96515565784648,10.96515565784648,10.96515565784648,-1.7057341450694818,33.96122,33.96122,33.96122,1.8824781632533094,24.486095,24.486095,24.486095,-2.6404432796898303,1.295509678,1.295509678,1.295509678,17.44922727326379,25.36247858,25.36247858,25.36247858,2.354790744252977,6.340619644999999,6.340619644999999,6.340619644999999,2.354790744252977,17.366881426,17.366881426,17.366881426,6.462044918483567,3.43723561,3.43723561,3.43723561,0.19209705909100094,3.492234350693746,3.492234350693746,3.492234350693746,6.462044918483567,7.391883,7.391883,7.391883,-0.29230248977785145,518.08984375,518.08984375,518.08984375,0.3480339862753645
contested-commons-512-seed1,contested-commons,512,master,9.518347091,9.518347091,9.518347091,0,11.46325851418078,11.46325851418078,11.46325851418078,0,26.813488,26.813488,26.813488,0,24.097417,24.097417,24.097417,0,0.078911,0.078911,0.078911,0,18.792530399,18.792530399,18.792530399,0,4.69813259975,4.69813259975,4.69813259975,0,7.021052779,7.021052779,7.021052779,0,3.534315933,3.534315933,3.534315933,0,1.410699774763914,1.410699774763914,1.410699774763914,0,8.690165,8.690165,8.690165,0,568.25,568.25,568.25,0
contested-commons-512-seed1,contested-commons,512,pr-cpu,9.384271301,9.384271301,9.384271301,-1.4086037073261948,11.291176916100085,11.291176916100085,11.291176916100085,-1.5011577891907324,26.996497,26.996497,26.996497,0.6825258989058058,23.360781,23.360781,23.360781,-3.0569085475011692,0.071534487,0.071534487,0.071534487,-9.347889394381015,19.065982619,19.065982619,19.065982619,1.4551112287387813,4.76649565475,4.76649565475,4.76649565475,1.4551112287387813,7.471990674,7.471990674,7.471990674,6.422653542055068,3.39655971,3.39655971,3.39655971,-3.8976771067285254,1.5013041338155517,1.5013041338155517,1.5013041338155517,6.42265354205509,9.40403,9.40403,9.40403,8.214631137613605,572.484375,572.484375,572.484375,0.7451605807303086
contested-commons-512-seed1,contested-commons,512,pr-opencl,9.761876591,9.761876591,9.761876591,2.558527207210859,11.772942414041609,11.772942414041609,11.772942414041609,2.701534641984482,27.482675999999998,27.482675999999998,27.482675999999998,2.495714097322943,22.976864,22.976864,22.976864,-4.65009590031994,0.085647869,0.085647869,0.085647869,8.53730024964834,19.096750281,19.096750281,19.096750281,1.6188340555574499,4.77418757025,4.77418757025,4.77418757025,1.6188340555574499,7.516358721,7.516358721,7.516358721,7.054582234183782,3.760068049,3.760068049,3.760068049,6.3874345214061545,1.5102187504520797,1.5102187504520797,1.5102187504520797,7.054582234183782,8.865274,8.865274,8.865274,2.015025031170281,706.0,706.0,706.0,24.241091069071707
contested-commons-512-seed1,contested-commons,512,pr-auto,9.692462154,9.692462154,9.692462154,1.8292573420088054,11.599823146127164,11.599823146127164,11.599823146127164,1.191324716069575,27.483266,27.483266,27.483266,2.4979144824425648,22.10687,22.10687,22.10687,-8.260416458743268,0.059669234,0.059669234,0.059669234,-24.384136558908132,19.452457955,19.452457955,19.452457955,3.5116482027088614,4.86311448875,4.86311448875,4.86311448875,3.5116482027088614,7.575042944,7.575042944,7.575042944,7.890414478252983,3.422031383,3.422031383,3.422031383,-3.1769811224739652,1.5220098340365682,1.5220098340365682,1.5220098340365682,7.890414478252983,9.183832,9.183832,9.183832,5.680755198549159,576.2734375,576.2734375,576.2734375,1.411955565332157
rain-shadow-512-seed1,rain-shadow,512,master,10.201174412,10.201174412,10.201174412,0,12.605087189935148,12.605087189935148,12.605087189935148,0,35.910999999999994,35.910999999999994,35.910999999999994,0,24.071247,24.071247,24.071247,0,0.864693545,0.864693545,0.864693545,0,25.341486208,25.341486208,25.341486208,0,6.335371552,6.335371552,6.335371552,0,15.876772309,15.876772309,15.876772309,0,4.501234312,4.501234312,4.501234312,0,3.194521591348088,3.194521591348088,3.194521591348088,0,8.474436,8.474436,8.474436,0,568.296875,568.296875,568.296875,0
rain-shadow-512-seed1,rain-shadow,512,pr-cpu,10.12749728,10.12749728,10.12749728,-0.7222416657569508,12.520108028780669,12.520108028780669,12.520108028780669,-0.6741655957947845,36.183347000000005,36.183347000000005,36.183347000000005,0.7583943638439727,24.588684,24.588684,24.588684,2.1496061255156462,0.883784432,0.883784432,0.883784432,2.2078211535625725,25.53906644,25.53906644,25.53906644,0.7796710515645566,6.384766610000001,6.384766610000001,6.384766610000001,0.7796710515645788,16.480242126,16.480242126,16.480242126,3.8009603290582783,4.463109789,4.463109789,4.463109789,-0.8469793029517003,3.3159440897384305,3.3159440897384305,3.3159440897384305,3.8009603290582783,7.953439,7.953439,7.953439,-6.147866359483989,556.16796875,556.16796875,556.16796875,-2.1342553132990605
rain-shadow-512-seed1,rain-shadow,512,pr-opencl,10.405681144,10.405681144,10.405681144,2.004737138494872,12.89947679080069,12.89947679080069,12.89947679080069,2.3354824637833893,30.085746999999998,30.085746999999998,30.085746999999998,-16.22136114282531,25.619987,25.619987,25.619987,6.433983249808373,0.067483994,0.067483994,0.067483994,-92.19561723454291,20.615206224,20.615206224,20.615206224,-18.650366222435554,5.1538015559999995,5.1538015559999995,5.1538015559999995,-18.650366222435576,8.919714334,8.919714334,8.919714334,-43.8190952140586,5.059090683,5.059090683,5.059090683,12.393408837055887,1.7947111336016097,1.7947111336016097,1.7947111336016097,-43.81909521405859,10.369435,10.369435,10.369435,22.361358325202985,680.6796875,680.6796875,680.6796875,19.775370487476284
rain-shadow-512-seed1,rain-shadow,512,pr-auto,10.017558199,10.017558199,10.017558199,-1.7999517073642668,12.371498614083976,12.371498614083976,12.371498614083976,-1.8531293939615612,35.952628000000004,35.952628000000004,35.952628000000004,0.11591991311856731,22.882804,22.882804,22.882804,-4.937189170133149,0.908112451,0.908112451,0.908112451,5.021305669628906,25.281221952,25.281221952,25.281221952,-0.23780868850925563,6.320305488,6.320305488,6.320305488,-0.23780868850925563,16.538914335,16.538914335,16.538914335,4.170507790331257,4.47157168,4.47157168,4.47157168,-0.658988844924635,3.3277493631790747,3.3277493631790747,3.3277493631790747,4.170507790331279,7.070445,7.070445,7.070445,-16.567368023075524,570.9921875,570.9921875,570.9921875,0.47427895851090973
everglades-512-seed1,everglades,512,master,12.351856468,12.351856468,12.351856468,0,15.190560083836317,15.190560083836317,15.190560083836317,0,41.27966,41.27966,41.27966,0,28.25166,28.25166,28.25166,0,0.180294924,0.180294924,0.180294924,0,28.725308375,28.725308375,28.725308375,0,7.18132709375,7.18132709375,7.18132709375,0,15.703570619,15.703570619,15.703570619,0,8.101834113,8.101834113,8.101834113,0,3.1666809072393627,3.1666809072393627,3.1666809072393627,0,10.351905,10.351905,10.351905,0,578.546875,578.546875,578.546875,0
everglades-512-seed1,everglades,512,pr-cpu,12.473374988,12.473374988,12.473374988,0.9838077402762879,15.299147814977914,15.299147814977914,15.299147814977914,0.7148369154415857,42.017673,42.017673,42.017673,1.7878369153234264,32.333155,32.333155,32.333155,14.446920995084888,0.15527947,0.15527947,0.15527947,-13.874741143572066,29.317492932,29.317492932,29.317492932,2.0615429058905566,7.329373233,7.329373233,7.329373233,2.0615429058905566,16.273419556,16.273419556,16.273419556,3.6287857763414033,7.963477784,7.963477784,7.963477784,-1.7077161426694354,3.281592973583384,3.281592973583384,3.281592973583384,3.6287857763414255,9.655419,9.655419,9.655419,-6.728094973823662,569.12890625,569.12890625,569.12890625,-1.6278661517271198
everglades-512-seed1,everglades,512,pr-opencl,12.838197467,12.838197467,12.838197467,3.937391923715805,15.865196437109262,15.865196437109262,15.865196437109262,4.441155227652205,38.822389,38.822389,38.822389,-5.952740405323098,31.190352,31.190352,31.190352,10.401838334455382,0.0388591,0.0388591,0.0388591,-78.44692510588929,26.639010822,26.639010822,26.639010822,-7.262924824910611,6.6597527055,6.6597527055,6.6597527055,-7.262924824910611,12.164275208,12.164275208,12.164275208,-22.538157065487717,8.51323872,8.51323872,8.51323872,5.077919410123077,2.452969390602944,2.452969390602944,2.452969390602944,-22.538157065487706,10.842651,10.842651,10.842651,4.740634694773571,677.62109375,677.62109375,677.62109375,17.124665784427574
everglades-512-seed1,everglades,512,pr-auto,12.265244138,12.265244138,12.265244138,-0.7012090063091891,15.108015018049628,15.108015018049628,15.108015018049628,-0.5433971185468178,41.900859999999994,41.900859999999994,41.900859999999994,1.5048573558987588,29.87009,29.87009,29.87009,5.728619132468671,0.187936141,0.187936141,0.187936141,4.238176444723418,29.315678634,29.315678634,29.315678634,2.0552268797009887,7.3289196585,7.3289196585,7.3289196585,2.0552268797009887,16.48673106,16.48673106,16.48673106,4.987148846596967,8.017152462,8.017152462,8.017152462,-1.0452158093945951,3.324607997580157,3.324607997580157,3.324607997580157,4.987148846596967,9.714548,9.714548,9.714548,-6.156905419823689,570.32421875,570.32421875,570.32421875,-1.4212601615037679
polder-512-seed1,polder,512,master,9.796098055,9.796098055,9.796098055,0,12.573910037986934,12.573910037986934,12.573910037986934,0,36.828874,36.828874,36.828874,0,23.431341,23.431341,23.431341,0,0.568399023,0.568399023,0.568399023,0,24.950808272,24.950808272,24.950808272,0,6.237702068,6.237702068,6.237702068,0,16.559182346,16.559182346,16.559182346,0,7.035416159,7.035416159,7.035416159,0,3.3351827484390735,3.3351827484390735,3.3351827484390735,0,4.891709,4.891709,4.891709,0,557.0234375,557.0234375,557.0234375,0
polder-512-seed1,polder,512,pr-cpu,9.699494809,9.699494809,9.699494809,-0.9861400473701099,12.385905602015555,12.385905602015555,12.385905602015555,-1.4951946960285234,37.376301999999995,37.376301999999995,37.376301999999995,1.4864098207292287,20.028983,20.028983,20.028983,-14.520543233099637,0.61650322,0.61650322,0.61650322,8.46310339277272,25.366005109,25.366005109,25.366005109,1.6640616707633393,6.34150127725,6.34150127725,6.34150127725,1.6640616707633393,17.454792674,17.454792674,17.454792674,5.408541975602699,6.965539808,6.965539808,6.965539808,-0.9932084957136711,3.5155675073514603,3.5155675073514603,3.5155675073514603,5.408541975602699,5.035278,5.035278,5.035278,2.9349456396527307,539.7890625,539.7890625,539.7890625,-3.0940125387452833
polder-512-seed1,polder,512,pr-opencl,10.140420417,10.140420417,10.140420417,3.5148929713321397,13.095704241655767,13.095704241655767,13.095704241655767,4.1498165812579035,32.192914,32.192914,32.192914,-12.587840725187515,25.18968,25.18968,25.18968,7.504218388524997,0.041781718,0.041781718,0.041781718,-92.64922768876751,21.315529977,21.315529977,21.315529977,-14.569781689515594,5.32888249425,5.32888249425,5.32888249425,-14.569781689515594,10.504840044,10.504840044,10.504840044,-36.561843305400124,7.542622483,7.542622483,7.542622483,7.20932937778187,2.1157784580060426,2.1157784580060426,2.1157784580060426,-36.56184330540011,8.382607,8.382607,8.382607,71.36356639366734,673.79296875,673.79296875,673.79296875,20.963127112582214
polder-512-seed1,polder,512,pr-auto,9.626106145,9.626106145,9.626106145,-1.7353022504019822,12.36437837826088,12.36437837826088,12.36437837826088,-1.666400181749661,36.565351,36.565351,36.565351,-0.7155336869652862,19.282858,19.282858,19.282858,-17.704846683764274,0.563766996,0.563766996,0.563766996,-0.8149252219949665,24.54845485,24.54845485,24.54845485,-1.6125867251023052,6.137113712500001,6.137113712500001,6.137113712500001,-1.612586725102294,16.698651977,16.698651977,16.698651977,0.8422495029393184,6.929899639,6.929899639,6.929899639,-1.499790738960327,3.3632733085599194,3.3632733085599194,3.3632733085599194,0.8422495029393184,4.60197,4.60197,4.60197,-5.9230628804779695,541.6953125,541.6953125,541.6953125,-2.751791750234922
carousel-512-seed1,carousel,512,master,9.452553569,9.452553569,9.452553569,0,11.89671960985288,11.89671960985288,11.89671960985288,0,35.451032999999995,35.451032999999995,35.451032999999995,0,19.484226,19.484226,19.484226,0,0.228336159,0.228336159,0.228336159,0,23.49140771,23.49140771,23.49140771,0,5.8728519275,5.8728519275,5.8728519275,0,16.283010461,16.283010461,16.283010461,0,6.025961123,6.025961123,6.025961123,0,3.267712314067831,3.267712314067831,3.267712314067831,0,5.326396,5.326396,5.326396,0,546.13671875,546.13671875,546.13671875,0
carousel-512-seed1,carousel,512,pr-cpu,9.342069639,9.342069639,9.342069639,-1.1688262774023017,11.734275551978499,11.734275551978499,11.734275551978499,-1.3654525213811497,35.807629,35.807629,35.807629,1.0058832418226027,17.30738,17.30738,17.30738,-11.172350392568841,0.232545649,0.232545649,0.232545649,1.8435494485128823,23.751628125,23.751628125,23.751628125,1.107725932019088,5.93790703125,5.93790703125,5.93790703125,1.107725932019088,16.763244926,16.763244926,16.763244926,2.94929777359183,5.85830712,5.85830712,5.85830712,-2.7821952312319986,3.36408688059402,3.36408688059402,3.36408688059402,2.9492977735918524,5.035298,5.035298,5.035298,-5.465196354157664,564.16015625,564.16015625,564.16015625,3.300169514558937
carousel-512-seed1,carousel,512,pr-opencl,10.242395869,10.242395869,10.242395869,8.355861664622722,12.798049503006041,12.798049503006041,12.798049503006041,7.576289285717697,33.953224999999996,33.953224999999996,33.953224999999996,-4.2250052346852645,19.820734,19.820734,19.820734,1.727079125442299,0.435382139,0.435382139,0.435382139,90.67594940142615,22.687831252,22.687831252,22.687831252,-3.420725006862524,5.671957813,5.671957813,5.671957813,-3.420725006862524,17.197794796,17.197794796,17.197794796,5.618029523416634,6.554522616,6.554522616,6.554522616,8.771405626607454,3.4512933566124824,3.4512933566124824,3.4512933566124824,5.618029523416634,7.523352,7.523352,7.523352,41.24657648436203,664.0078125,664.0078125,664.0078125,21.582708084485482
carousel-512-seed1,carousel,512,pr-auto,9.290384919,9.290384919,9.290384919,-1.715606780921508,11.7011080943048,11.7011080943048,11.7011080943048,-1.6442475065653772,35.305916999999994,35.305916999999994,35.305916999999994,-0.409342091667686,18.021776,18.021776,18.021776,-7.505815216883649,0.266437577,0.266437577,0.266437577,16.686545909708485,23.460946368,23.460946368,23.460946368,-0.1296701431265701,5.8652365920000005,5.8652365920000005,5.8652365920000005,-0.1296701431265479,16.611387925,16.611387925,16.611387925,2.0166876683307855,5.853127671,5.853127671,5.853127671,-2.8681474784217564,3.3336118653421636,3.3336118653421636,3.3336118653421636,2.0166876683307855,5.313766,5.313766,5.313766,-0.23712093505626752,543.98828125,543.98828125,543.98828125,-0.39338821695003023
old-growth-512-seed1,old-growth,512,master,9.988775091,9.988775091,9.988775091,0,12.034374385140836,12.034374385140836,12.034374385140836,0,29.076874,29.076874,29.076874,0,29.323674,29.323674,29.323674,0,0.471616893,0.471616893,0.471616893,0,20.862323308,20.862323308,20.862323308,0,5.215580826999999,5.215580826999999,5.215580826999999,0,8.673113924,8.673113924,8.673113924,0,4.52412911,4.52412911,4.52412911,0,1.7461473573585664,1.7461473573585664,1.7461473573585664,0,7.348763,7.348763,7.348763,0,552.50390625,552.50390625,552.50390625,0
old-growth-512-seed1,old-growth,512,pr-cpu,9.906714532,9.906714532,9.906714532,-0.8215277474205807,11.941260215826333,11.941260215826333,11.941260215826333,-0.7737350221501682,29.490512000000003,29.490512000000003,29.490512000000003,1.422566951316706,29.046905,29.046905,29.046905,-0.9438414845288512,0.53275528,0.53275528,0.53275528,12.963570200187903,21.200935563,21.200935563,21.200935563,1.6230802773061992,5.30023389075,5.30023389075,5.30023389075,1.6230802773062214,9.303057126,9.303057126,9.303057126,7.263172229951209,4.478845319,4.478845319,4.478845319,-1.000939405109047,1.8729730473122608,1.8729730473122608,1.8729730473122608,7.263172229951209,7.291654,7.291654,7.291654,-0.7771239867172208,577.640625,577.640625,577.640625,4.549600186650271
old-growth-512-seed1,old-growth,512,pr-opencl,10.120770063,10.120770063,10.120770063,1.3214330165360222,12.161239068955183,12.161239068955183,12.161239068955183,1.0541859489678895,28.400308000000003,28.400308000000003,28.400308000000003,-2.3268182129894677,31.930327,31.930327,31.930327,8.889244233174875,0.059584589,0.059584589,0.059584589,-87.36589170481643,19.764192328,19.764192328,19.764192328,-5.263704160786853,4.941048082,4.941048082,4.941048082,-5.263704160786831,7.842392994,7.842392994,7.842392994,-9.578116202316366,4.710827958,4.710827958,4.710827958,4.126735631556744,1.5788993344070867,1.5788993344070867,1.5788993344070867,-9.578116202316355,8.636265,8.636265,8.636265,17.519982614761155,673.64453125,673.64453125,673.64453125,21.925749959346994
old-growth-512-seed1,old-growth,512,pr-auto,10.034308852,10.034308852,10.034308852,0.455849296687294,12.027187371160835,12.027187371160835,12.027187371160835,-0.0597207112724929,29.533700999999997,29.533700999999997,29.533700999999997,1.5711007999002824,30.240718,30.240718,30.240718,3.1273161746375955,0.472228107,0.472228107,0.472228107,0.12959968335994887,21.182404568,21.182404568,21.182404568,1.5342551032044405,5.295601142,5.295601142,5.295601142,1.5342551032044627,9.256778549,9.256778549,9.256778549,6.729585591916409,4.42434539,4.42434539,4.42434539,-2.2055895747855825,1.863655838332998,1.863655838332998,1.863655838332998,6.729585591916432,7.108194,7.108194,7.108194,-3.2735985634589126,580.875,580.875,580.875,5.135003287589868
anthill-512-seed1,anthill,512,master,9.537652337,9.537652337,9.537652337,0,11.919092896860093,11.919092896860093,11.919092896860093,0,29.559365999999997,29.559365999999997,29.559365999999997,0,26.90889,26.90889,26.90889,0,0.184996156,0.184996156,0.184996156,0,21.057692969,21.057692969,21.057692969,0,5.26442324225,5.26442324225,5.26442324225,0,9.456703745,9.456703745,9.456703745,0,4.434972786,4.434972786,4.434972786,0,1.9019919036604989,1.9019919036604989,1.9019919036604989,0,9.366341,9.366341,9.366341,0,572.09765625,572.09765625,572.09765625,0
anthill-512-seed1,anthill,512,pr-cpu,9.380723414,9.380723414,9.380723414,-1.6453621651862593,11.707329671829939,11.707329671829939,11.707329671829939,-1.776672326179618,29.779545,29.779545,29.779545,0.7448705090630225,26.437262,26.437262,26.437262,-1.752684707544605,0.208932192,0.208932192,0.208932192,12.938666682349865,21.247101197,21.247101197,21.247101197,0.8994728353140857,5.31177529925,5.31177529925,5.31177529925,0.8994728353140857,10.012434734,10.012434734,10.012434734,5.876582411644526,4.380455523,4.380455523,4.380455523,-1.2292581179324524,2.013764025341915,2.013764025341915,2.013764025341915,5.876582411644549,8.988033,8.988033,8.988033,-4.039015876103602,566.9375,566.9375,566.9375,-0.9019712270495805
anthill-512-seed1,anthill,512,pr-opencl,10.028876916,10.028876916,10.028876916,5.15037203751243,12.579372773412615,12.579372773412615,12.579372773412615,5.539682275036739,29.257023,29.257023,29.257023,-1.022833169019921,28.059192,28.059192,28.059192,4.274802862548399,0.452420677,0.452420677,0.452420677,144.55679879099756,20.435648794,20.435648794,20.435648794,-2.9539996423907477,5.1089121985,5.1089121985,5.1089121985,-2.9539996423907477,9.994299596,9.994299596,9.994299596,5.68481222946462,4.589324139,4.589324139,4.589324139,3.4803224382175424,2.010116572003218,2.010116572003218,2.010116572003218,5.684812229464642,9.44647,9.44647,9.44647,0.8554994954806716,670.296875,670.296875,670.296875,17.16476508463234
anthill-512-seed1,anthill,512,pr-auto,9.45514169,9.45514169,9.45514169,-0.865104368293157,11.845695291645825,11.845695291645825,11.845695291645825,-0.6157985834106872,29.838364,29.838364,29.838364,0.9438565089657347,24.977051,24.977051,24.977051,-7.179185020266532,0.211183321,0.211183321,0.211183321,14.15551845304288,21.383951719,21.383951719,21.383951719,1.5493565723476932,5.34598792975,5.34598792975,5.34598792975,1.5493565723476932,10.016833209,10.016833209,10.016833209,5.923094125647688,4.366770333,4.366770333,4.366770333,-1.5378325029478668,2.0146486743765086,2.0146486743765086,2.0146486743765086,5.923094125647688,9.174482,9.174482,9.174482,-2.0483879457303678,565.1171875,565.1171875,565.1171875,-1.2201533555924238
coral-512-seed1,coral,512,master,9.994188126,9.994188126,9.994188126,0,12.373702885117382,12.373702885117382,12.373702885117382,0,30.155658000000003,30.155658000000003,30.155658000000003,0,27.070488,27.070488,27.070488,0,0.166828233,0.166828233,0.166828233,0,21.210404308,21.210404308,21.210404308,0,5.302601076999999,5.302601076999999,5.302601076999999,0,9.577062632,9.577062632,9.577062632,0,4.406017314,4.406017314,4.406017314,0,1.935933420658985,1.935933420658985,1.935933420658985,0,9.846008,9.846008,9.846008,0,570.32421875,570.32421875,570.32421875,0
coral-512-seed1,coral,512,pr-cpu,9.632751601,9.632751601,9.632751601,-3.616467095108178,12.009972186293453,12.009972186293453,12.009972186293453,-2.9395460857671862,30.045955,30.045955,30.045955,-0.3637891104879998,23.713369,23.713369,23.713369,-12.401398157284794,0.161855461,0.161855461,0.161855461,-2.9807736439910526,21.081736039,21.081736039,21.081736039,-0.6066280827634718,5.27043400975,5.27043400975,5.27043400975,-0.6066280827634607,10.005227105,10.005227105,10.005227105,4.4707285464477,4.334094814,4.334094814,4.334094814,-1.632369890410268,2.022483748736608,2.022483748736608,2.022483748736608,4.470728546447722,9.561859,9.561859,9.561859,-2.8859310291033613,592.859375,592.859375,592.859375,3.951288672150577
coral-512-seed1,coral,512,pr-opencl,10.285478936,10.285478936,10.285478936,2.9146020299758435,12.774204934947193,12.774204934947193,12.774204934947193,3.236719465048088,30.397686999999998,30.397686999999998,30.397686999999998,0.8025989683262624,29.590672,29.590672,29.590672,9.30971026455083,0.557285315,0.557285315,0.557285315,234.04736415328452,20.890966623,20.890966623,20.890966623,-1.5060424137201212,5.22274165575,5.22274165575,5.22274165575,-1.50604241372011,11.360454967,11.360454967,11.360454967,18.621496000674796,4.595824143,4.595824143,4.595824143,4.307900207221027,2.296433185162725,2.296433185162725,2.296433185162725,18.62149600067482,9.030373,9.030373,9.030373,-8.283915674250908,691.41015625,691.41015625,691.41015625,21.23107059443985
coral-512-seed1,coral,512,pr-auto,9.861383761,9.861383761,9.861383761,-1.3288159410818623,12.247139984741807,12.247139984741807,12.247139984741807,-1.0228377192392446,30.771991999999997,30.771991999999997,30.771991999999997,2.0438419881270598,24.879372,24.879372,24.879372,-8.094113412362569,0.170817362,0.170817362,0.170817362,2.3911594148455784,21.645252144,21.645252144,21.645252144,2.050162880846096,5.411313036,5.411313036,5.411313036,2.050162880846118,10.255562073,10.255562073,10.255562073,7.084629881535065,4.462398454,4.462398454,4.462398454,1.2796395470542121,2.0730871382656155,2.0730871382656155,2.0730871382656155,7.084629881535065,9.512559,9.512559,9.512559,-3.3866415708782682,565.8984375,565.8984375,565.8984375,-0.7760114518194805
emoji-512-seed1,emoji,512,master,9.039421982,9.039421982,9.039421982,0,11.100384368095547,11.100384368095547,11.100384368095547,0,31.038186,31.038186,31.038186,0,24.191277,24.191277,24.191277,0,0.866966952,0.866966952,0.866966952,0,22.2426081,22.2426081,22.2426081,0,5.560652025,5.560652025,5.560652025,0,13.352063413,13.352063413,13.352063413,0,3.096762122,3.096762122,3.096762122,0,2.6995680171856047,2.6995680171856047,2.6995680171856047,0,7.414153,7.414153,7.414153,0,581.52734375,581.52734375,581.52734375,0
emoji-512-seed1,emoji,512,pr-cpu,8.930117517,8.930117517,8.930117517,-1.2091975041950365,10.998198967892677,10.998198967892677,10.998198967892677,-0.9205573141824686,30.617533,30.617533,30.617533,-1.3552757239098878,22.224488,22.224488,22.224488,-8.130157825070572,0.685793262,0.685793262,0.685793262,-20.89741593748777,21.974243835,21.974243835,21.974243835,-1.2065323625425117,5.49356095875,5.49356095875,5.49356095875,-1.2065323625425117,12.980507612,12.980507612,12.980507612,-2.7827594095923835,3.043458984,3.043458984,3.043458984,-1.7212538742102268,2.624445534169025,2.624445534169025,2.624445534169025,-2.7827594095924058,7.342113,7.342113,7.342113,-0.9716551573726528,604.7421875,604.7421875,604.7421875,3.9920468056236613
emoji-512-seed1,emoji,512,pr-opencl,9.82054213,9.82054213,9.82054213,8.64126212445251,12.047562662046403,12.047562662046403,12.047562662046403,8.532842310156497,27.649485,27.649485,27.649485,-10.917844876630356,24.425335,24.425335,24.425335,0.9675305689732738,0.590452097,0.590452097,0.590452097,-31.89450928459381,19.220490006,19.220490006,19.220490006,-13.587067129955877,4.8051225015000005,4.8051225015000005,4.8051225015000005,-13.587067129955855,11.47188455,11.47188455,11.47188455,-14.081560316508057,3.34350158,3.34350158,3.34350158,7.967659390016268,2.319426718560453,2.319426718560453,2.319426718560453,-14.081560316508067,9.50265,9.50265,9.50265,28.16905720720897,714.22265625,714.22265625,714.22265625,22.81841325711522
emoji-512-seed1,emoji,512,pr-auto,8.748510091,8.748510091,8.748510091,-3.218257667130564,10.807329322211444,10.807329322211444,10.807329322211444,-2.640044129700536,30.544750999999998,30.544750999999998,30.544750999999998,-1.5897675205632233,20.279821,20.279821,20.279821,-16.1688694648075,0.730414267,0.730414267,0.730414267,-15.75062171458641,21.894478968,21.894478968,21.894478968,-1.5651452852779468,5.4736197419999995,5.4736197419999995,5.4736197419999995,-1.565145285277958,13.105644645,13.105644645,13.105644645,-1.845548215117665,3.053934514,3.053934514,3.053934514,-1.3829802326676743,2.649746187828548,2.649746187828548,2.649746187828548,-1.845548215117676,6.905986,6.905986,6.905986,-6.854012858919956,590.2890625,590.2890625,590.2890625,1.5066735630176353
forts-512-seed1,forts,512,master,8.688402562,8.688402562,8.688402562,0,10.718945241998881,10.718945241998881,10.718945241998881,0,32.166946,32.166946,32.166946,0,19.374937,19.374937,19.374937,0,0.949650818,0.949650818,0.949650818,0,22.850195806,22.850195806,22.850195806,0,5.7125489515000005,5.7125489515000005,5.7125489515000005,0,15.117589637,15.117589637,15.117589637,0,4.065986201,4.065986201,4.065986201,0,3.038100811294212,3.038100811294212,3.038100811294212,0,7.180134,7.180134,7.180134,0,542.18359375,542.18359375,542.18359375,0
forts-512-seed1,forts,512,pr-cpu,8.667348356,8.667348356,8.667348356,-0.24232539698475497,10.585560638923198,10.585560638923198,10.585560638923198,-1.244381793770688,31.888998,31.888998,31.888998,-0.8640795430191028,19.628786,19.628786,19.628786,1.3101926473360948,0.767440529,0.767440529,0.767440529,-19.18708282521586,22.648528639,22.648528639,22.648528639,-0.8825620958007097,5.66213215975,5.66213215975,5.66213215975,-0.8825620958007319,14.812421447,14.812421447,14.812421447,-2.018629935906624,4.141472223,4.141472223,4.141472223,1.8565243035363554,2.9767727988344053,2.9767727988344053,2.9767727988344053,-2.018629935906613,7.427642,7.427642,7.427642,3.44712229604629,537.90234375,537.90234375,537.90234375,-0.789631049215056
forts-512-seed1,forts,512,pr-opencl,9.68467833,9.68467833,9.68467833,11.466731207383951,11.828806607984006,11.828806607984006,11.828806607984006,10.354203150851781,28.165775,28.165775,28.165775,-12.438765557662833,23.097474,23.097474,23.097474,19.213156667296506,0.446351668,0.446351668,0.446351668,-52.998337963838836,19.57180604,19.57180604,19.57180604,-14.347315855994381,4.89295151,4.89295151,4.89295151,-14.347315855994392,11.68053903,11.68053903,11.68053903,-22.735440566450404,4.498416527,4.498416527,4.498416527,10.635312188065127,2.347375206993569,2.347375206993569,2.347375206993569,-22.735440566450393,9.928447,9.928447,9.928447,38.276625478020335,673.5859375,673.5859375,673.5859375,24.235765387358697
forts-512-seed1,forts,512,pr-auto,8.882215791,8.882215791,8.882215791,2.230711889981607,10.919237689115107,10.919237689115107,10.919237689115107,1.868583546181779,32.538803,32.538803,32.538803,1.1560220855284076,19.791694,19.791694,19.791694,2.1510108652224247,0.833736137,0.833736137,0.833736137,-12.206031817475871,23.051983784,23.051983784,23.051983784,0.8830908046180364,5.762995946,5.762995946,5.762995946,0.8830908046180141,15.245421053,15.245421053,15.245421053,0.8455806717172276,3.976145806,3.976145806,3.976145806,-2.209559761366253,3.0637904045418005,3.0637904045418005,3.0637904045418005,0.8455806717172498,7.228694,7.228694,7.228694,0.6763104978263712,540.51171875,540.51171875,540.51171875,-0.3083595703139097
braided-delta-512-seed1,braided-delta,512,master,9.248064137,9.248064137,9.248064137,0,11.59106881171465,11.59106881171465,11.59106881171465,0,34.684111,34.684111,34.684111,0,17.173351,17.173351,17.173351,0,0.809290537,0.809290537,0.809290537,0,24.355738572,24.355738572,24.355738572,0,6.088934643,6.088934643,6.088934643,0,16.95590927,16.95590927,16.95590927,0,4.824327987,4.824327987,4.824327987,0,3.4143997724526782,3.4143997724526782,3.4143997724526782,0,5.890703,5.890703,5.890703,0,539.01953125,539.01953125,539.01953125,0
braided-delta-512-seed1,braided-delta,512,pr-cpu,8.796059429,8.796059429,8.796059429,-4.8875602645488065,11.081959245726466,11.081959245726466,11.081959245726466,-4.392257299634405,33.446419999999996,33.446419999999996,33.446419999999996,-3.5684668406233744,15.577041,15.577041,15.577041,-9.295273822796734,0.72481259,0.72481259,0.72481259,-10.43851906549601,23.66664345,23.66664345,23.66664345,-2.82929265299392,5.9166608625,5.9166608625,5.9166608625,-2.82929265299392,16.446565477,16.446565477,16.446565477,-3.003930870880389,4.845136439,4.845136439,4.845136439,0.4313233274369388,3.3118335636327023,3.3118335636327023,3.3118335636327023,-3.003930870880389,5.805723,5.805723,5.805723,-1.4426121975594342,542.1796875,542.1796875,542.1796875,0.5862786164114508
braided-delta-512-seed1,braided-delta,512,pr-opencl,9.466996954,9.466996954,9.466996954,2.3673367069772633,11.837467913050205,11.837467913050205,11.837467913050205,2.1257668756700765,28.412941,28.412941,28.412941,-18.080815160578865,22.743696,22.743696,22.743696,32.43598177199081,0.143642802,0.143642802,0.143642802,-82.25077454476649,19.553540755,19.553540755,19.553540755,-19.716904920800605,4.88838518875,4.88838518875,4.88838518875,-19.716904920800605,9.989208159,9.989208159,9.989208159,-41.087157285785594,5.501432547,5.501432547,5.501432547,14.035209915755665,2.0115199675795408,2.0115199675795408,2.0115199675795408,-41.0871572857856,9.140022,9.140022,9.140022,55.160122654291,650.17578125,650.17578125,650.17578125,20.621933632391
braided-delta-512-seed1,braided-delta,512,pr-auto,9.002752736,9.002752736,9.002752736,-2.6525702824502395,11.361749159172177,11.361749159172177,11.361749159172177,-1.9784167988952661,34.455886,34.455886,34.455886,-0.6580102341386285,15.330042,15.330042,15.330042,-10.733542917745053,0.752794939,0.752794939,0.752794939,-6.980879599732659,24.184574503,24.184574503,24.184574503,-0.7027669002687253,6.04614362575,6.04614362575,6.04614362575,-0.7027669002687253,16.939750207,16.939750207,16.939750207,-0.09530048045603978,4.86368487,4.86368487,4.86368487,0.8158003167706207,3.411145833064841,3.411145833064841,3.411145833064841,-0.09530048045603978,5.697754,5.697754,5.697754,-3.2754834185325654,551.66796875,551.66796875,551.66796875,2.3465638565392855
breachable-highlands-512-seed1,breachable-highlands,512,master,8.464576354,8.464576354,8.464576354,0,10.501642831601202,10.501642831601202,10.501642831601202,0,29.647137,29.647137,29.647137,0,17.21831,17.21831,17.21831,0,0.848611543,0.848611543,0.848611543,0,20.787578912,20.787578912,20.787578912,0,5.196894728,5.196894728,5.196894728,0,13.287135527,13.287135527,13.287135527,0,3.287690492,3.287690492,3.287690492,0,2.6713179587856857,2.6713179587856857,2.6713179587856857,0,6.204421,6.204421,6.204421,0,542.81640625,542.81640625,542.81640625,0
breachable-highlands-512-seed1,breachable-highlands,512,pr-cpu,8.446161031,8.446161031,8.446161031,-0.2175575271560648,10.473665331024677,10.473665331024677,10.473665331024677,-0.2664107037837593,30.278114000000002,30.278114000000002,30.278114000000002,2.1282898244103787,17.749357,17.749357,17.749357,3.0841993203746476,0.94299953,0.94299953,0.94299953,11.1226376518897,21.205714918,21.205714918,21.205714918,2.011470444779051,5.3014287295,5.3014287295,5.3014287295,2.011470444779051,14.049616489,14.049616489,14.049616489,5.738490139207264,3.198598294,3.198598294,3.198598294,-2.7098718147827383,2.8246112764374747,2.8246112764374747,2.8246112764374747,5.738490139207242,6.054771,6.054771,6.054771,-2.4119897730988993,550.4375,550.4375,550.4375,1.4039910478479634
breachable-highlands-512-seed1,breachable-highlands,512,pr-opencl,9.236367321,9.236367321,9.236367321,9.117892434572749,11.420922692865133,11.420922692865133,11.420922692865133,8.75367669616094,26.080712000000002,26.080712000000002,26.080712000000002,-12.029576414073295,20.067453,20.067453,20.067453,16.547169844194933,0.599338713,0.599338713,0.599338713,-29.374197423567217,17.860633576,17.860633576,17.860633576,-14.080260853804226,4.465158394,4.465158394,4.465158394,-14.080260853804226,9.513006279,9.513006279,9.513006279,-28.404385883855966,3.480767789,3.480767789,3.480767789,5.87273338137575,1.9125464975874547,1.9125464975874547,1.9125464975874547,-28.404385883855976,7.959129,7.959129,7.959129,28.28157534764324,685.74609375,685.74609375,685.74609375,26.3311288778866
breachable-highlands-512-seed1,breachable-highlands,512,pr-auto,8.37724947,8.37724947,8.37724947,-1.0316745971430952,10.520037236157805,10.520037236157805,10.520037236157805,0.17515740014744097,30.237106999999998,30.237106999999998,30.237106999999998,1.989972927234085,16.441825,16.441825,16.441825,-4.509646997876082,0.929365921,0.929365921,0.929365921,9.51605934023927,21.164115932,21.164115932,21.164115932,1.8113558177890399,5.291028983,5.291028983,5.291028983,1.8113558177890399,13.952800623,13.952800623,13.952800623,5.009846513925753,3.100004298,3.100004298,3.100004298,-5.708754959041928,2.8051468884197828,2.8051468884197828,2.8051468884197828,5.009846513925753,6.2221,6.2221,6.2221,0.2849419792757546,545.52734375,545.52734375,545.52734375,0.4994207007721574
hedgerow-country-512-seed1,hedgerow-country,512,master,8.878747541,8.878747541,8.878747541,0,11.098335850052536,11.098335850052536,11.098335850052536,0,30.613234000000002,30.613234000000002,30.613234000000002,0,19.273367,19.273367,19.273367,0,1.069848539,1.069848539,1.069848539,0,21.65680713,21.65680713,21.65680713,0,5.4142017825,5.4142017825,5.4142017825,0,13.475619359,13.475619359,13.475619359,0,3.211959456,3.211959456,3.211959456,0,2.7048613727418704,2.7048613727418704,2.7048613727418704,0,7.115064,7.115064,7.115064,0,571.8671875,571.8671875,571.8671875,0
hedgerow-country-512-seed1,hedgerow-country,512,pr-cpu,9.081590934,9.081590934,9.081590934,2.284594669048934,11.069035737775266,11.069035737775266,11.069035737775266,-0.2640045559364701,30.681092,30.681092,30.681092,0.2216623046098265,20.832468,20.832468,20.832468,8.089406485125284,1.075361002,1.075361002,1.075361002,0.5152563936902999,21.850125697,21.850125697,21.850125697,0.8926457433894086,5.46253142425,5.46253142425,5.46253142425,0.8926457433894086,13.75754239,13.75754239,13.75754239,2.092097019731498,3.226873051,3.226873051,3.226873051,0.4643145470638155,2.761449696908872,2.761449696908872,2.761449696908872,2.0920970197315203,8.033329,8.033329,8.033329,12.90592748006203,558.48828125,558.48828125,558.48828125,-2.3395128348747907
hedgerow-country-512-seed1,hedgerow-country,512,pr-opencl,9.216026241,9.216026241,9.216026241,3.798719340115553,11.390180576127023,11.390180576127023,11.390180576127023,2.6296260089579526,25.048992,25.048992,25.048992,-18.175936590038166,23.414721,23.414721,23.414721,21.48744430591707,0.180868155,0.180868155,0.180868155,-83.09404103415801,16.971596964,16.971596964,16.971596964,-21.63389154216474,4.242899241000001,4.242899241000001,4.242899241000001,-21.63389154216473,7.188312601,7.188312601,7.188312601,-46.65690377934932,3.562573771,3.562573771,3.562573771,10.915901019393171,1.442856804696909,1.442856804696909,1.442856804696909,-46.656903779349314,9.152272,9.152272,9.152272,28.63232150828159,666.4140625,666.4140625,666.4140625,16.53301274607577
hedgerow-country-512-seed1,hedgerow-country,512,pr-auto,8.937842248,8.937842248,8.937842248,0.6655748091396463,11.004278879147023,11.004278879147023,11.004278879147023,-0.8474871564196462,30.990288,30.990288,30.990288,1.231669937256541,20.081412,20.081412,20.081412,4.192547155875781,1.103630671,1.103630671,1.103630671,3.157655571654683,21.86436232,21.86436232,21.86436232,0.9583831483288563,5.46609058,5.46609058,5.46609058,0.9583831483288563,14.124748706,14.124748706,14.124748706,4.817065024669653,3.261722336,3.261722336,3.261722336,1.5492997555446086,2.8351563038940184,2.8351563038940184,2.8351563038940184,4.817065024669653,7.028716,7.028716,7.028716,-1.2135941433555675,565.875,565.875,565.875,-1.0478285222475736
glacis-512-seed1,glacis,512,master,9.59856345,9.59856345,9.59856345,0,11.938447094988078,11.938447094988078,11.938447094988078,0,34.400839000000005,34.400839000000005,34.400839000000005,0,20.958237,20.958237,20.958237,0,0.666266579,0.666266579,0.666266579,0,24.141401627,24.141401627,24.141401627,0,6.03535040675,6.03535040675,6.03535040675,0,15.277024566,15.277024566,15.277024566,0,5.240749499,5.240749499,5.240749499,0,3.076323915827628,3.076323915827628,3.076323915827628,0,5.974512,5.974512,5.974512,0,567.2578125,567.2578125,567.2578125,0
glacis-512-seed1,glacis,512,pr-cpu,9.491729229,9.491729229,9.491729229,-1.1130230222106796,11.736338468734175,11.736338468734175,11.736338468734175,-1.6929222422801593,34.619327999999996,34.619327999999996,34.619327999999996,0.6351269514095037,22.16399,22.16399,22.16399,5.753122268824407,0.718294377,0.718294377,0.718294377,7.808856040488865,24.494922058,24.494922058,24.494922058,1.464374092532461,6.123730514499999,6.123730514499999,6.123730514499999,1.464374092532461,15.936284608,15.936284608,15.936284608,4.315369391152424,5.105548848,5.105548848,5.105548848,-2.5797960964514255,3.209078656463955,3.209078656463955,3.209078656463955,4.315369391152424,6.198631,6.198631,6.198631,3.7512519850993575,551.765625,551.765625,551.765625,-2.731066396727677
glacis-512-seed1,glacis,512,pr-opencl,9.996406061,9.996406061,9.996406061,4.144814097155347,12.467811008915305,12.467811008915305,12.467811008915305,4.434110313639206,29.950554,29.950554,29.950554,-12.936559483331223,23.452301,23.452301,23.452301,11.900161258792895,0.120498912,0.120498912,0.120498912,-81.91430940737612,20.628810524,20.628810524,20.628810524,-14.550071107186591,5.157202631,5.157202631,5.157202631,-14.550071107186591,10.198436374,10.198436374,10.198436374,-33.243307098574185,5.656172629,5.656172629,5.656172629,7.926788526703454,2.053652109142167,2.053652109142167,2.053652109142167,-33.243307098574185,9.118212,9.118212,9.118212,52.61852348777607,662.4765625,662.4765625,662.4765625,16.785797903841114
glacis-512-seed1,glacis,512,pr-auto,9.454600515,9.454600515,9.454600515,-1.4998383429970619,11.712222431786358,11.712222431786358,11.712222431786358,-1.8949253734741767,34.677398000000004,34.677398000000004,34.677398000000004,0.8039309738928191,18.965429,18.965429,18.965429,-9.508471537944718,0.786048254,0.786048254,0.786048254,17.97804043837534,24.556354388,24.556354388,24.556354388,1.718842871724191,6.139088597,6.139088597,6.139088597,1.718842871724191,16.089594421,16.089594421,16.089594421,5.318901278776678,5.080047207,5.080047207,5.080047207,-3.066399033776823,3.239950547925896,3.239950547925896,3.239950547925896,5.318901278776678,6.055001,6.055001,6.055001,1.3472062655493833,555.0859375,555.0859375,555.0859375,-2.14573950887631
allotments-512-seed1,allotments,512,master,9.235139397,9.235139397,9.235139397,0,11.631509232800454,11.631509232800454,11.631509232800454,0,33.963023,33.963023,33.963023,0,23.46372,23.46372,23.46372,0,0.756583555,0.756583555,0.756583555,0,23.487685493,23.487685493,23.487685493,0,5.87192137325,5.87192137325,5.87192137325,0,16.107029452,16.107029452,16.107029452,0,5.096402144,5.096402144,5.096402144,0,3.244114693252769,3.244114693252769,3.244114693252769,0,6.28963,6.28963,6.28963,0,547.4921875,547.4921875,547.4921875,0
allotments-512-seed1,allotments,512,pr-cpu,9.098461375,9.098461375,9.098461375,-1.4799778988111356,11.482007572893053,11.482007572893053,11.482007572893053,-1.285316091963462,34.529607,34.529607,34.529607,1.6682378361902561,18.608282,18.608282,18.608282,-20.69338536259383,0.78390462,0.78390462,0.78390462,3.611110077590851,23.908479996,23.908479996,23.908479996,1.7915537191836473,5.977119999,5.977119999,5.977119999,1.7915537191836473,16.691415668,16.691415668,16.691415668,3.6281439587697584,4.964446626,4.964446626,4.964446626,-2.5891896728626684,3.361815844511581,3.361815844511581,3.361815844511581,3.628143958769736,5.988382,5.988382,5.988382,-4.7895981162643935,555.1796875,555.1796875,555.1796875,1.4041296251373403
allotments-512-seed1,allotments,512,pr-opencl,9.417566,9.417566,9.417566,1.9753529985617968,11.928552616853267,11.928552616853267,11.928552616853267,2.5537819564735553,28.423229000000003,28.423229000000003,28.423229000000003,-16.311251209881984,24.191167,24.191167,24.191167,3.100305492905653,0.122451716,0.122451716,0.122451716,-83.8151761043762,18.980242671,18.980242671,18.980242671,-19.19066407519526,4.74506066775,4.74506066775,4.74506066775,-19.19066407519526,9.656095996,9.656095996,9.656095996,-40.05042317221933,5.604737851,5.604737851,5.604737851,9.974403366077865,1.9448330304128902,1.9448330304128902,1.9448330304128902,-40.05042317221933,7.97327,7.97327,7.97327,26.76850625553491,661.55078125,661.55078125,661.55078125,20.832917136374675
allotments-512-seed1,allotments,512,pr-auto,9.15468999,9.15468999,9.15468999,-0.871122822749526,11.510892760939896,11.510892760939896,11.510892760939896,-1.0369804076707734,34.524666,34.524666,34.524666,1.6536896612530771,17.590728,17.590728,17.590728,-25.03009752929203,0.76710584,0.76710584,0.76710584,1.390763112740423,23.807081463,23.807081463,23.807081463,1.359844375024477,5.95177036575,5.95177036575,5.95177036575,1.359844375024477,16.645571017,16.645571017,16.645571017,3.3435188443958097,4.989451299,4.989451299,4.989451299,-2.0985558434770235,3.3525822793554885,3.3525822793554885,3.3525822793554885,3.3435188443958097,5.747503,5.747503,5.747503,-8.619378246415133,538.91015625,538.91015625,538.91015625,-1.5675166597696855
caravanserai-512-seed1,caravanserai,512,master,7.58533195,7.58533195,7.58533195,0,9.718848396092653,9.718848396092653,9.718848396092653,0,28.171881,28.171881,28.171881,0,15.74888,15.74888,15.74888,0,1.009533695,1.009533695,1.009533695,0,19.391827089,19.391827089,19.391827089,0,4.847956772250001,4.847956772250001,4.847956772250001,0,13.519026195,13.519026195,13.519026195,0,2.999195631,2.999195631,2.999195631,0,2.716300220012055,2.716300220012055,2.716300220012055,0,5.876093,5.876093,5.876093,0,533.4296875,533.4296875,533.4296875,0
caravanserai-512-seed1,caravanserai,512,pr-cpu,7.589334805,7.589334805,7.589334805,0.052770993100703656,9.720286447089165,9.720286447089165,9.720286447089165,0.014796516396842208,28.551666,28.551666,28.551666,1.3480995464946188,14.962015,14.962015,14.962015,-4.996323548087234,1.038622913,1.038622913,1.038622913,2.881450925716744,19.594357955,19.594357955,19.594357955,1.0444135308677716,4.89858948875,4.89858948875,4.89858948875,1.0444135308677716,13.915989001,13.915989001,13.915989001,2.936326923804722,2.863711481,2.863711481,2.863711481,-4.517349538643678,2.7960596747036366,2.7960596747036366,2.7960596747036366,2.936326923804744,5.884553,5.884553,5.884553,0.1439732148555306,554.04296875,554.04296875,554.04296875,3.8642920956662996
caravanserai-512-seed1,caravanserai,512,pr-opencl,8.369824386,8.369824386,8.369824386,10.342229465646513,10.541074213106185,10.541074213106185,10.541074213106185,8.460115679385405,23.502931,23.502931,23.502931,-16.573085765909624,17.775547,17.775547,17.775547,12.86864208756433,0.141769007,0.141769007,0.141769007,-85.95698115851398,15.551483532,15.551483532,15.551483532,-19.80392842497255,3.8878708829999997,3.8878708829999997,3.8878708829999997,-19.803928424972582,7.730226668,7.730226668,7.730226668,-42.8196487195282,3.37563396,3.37563396,3.37563396,12.551309594782477,1.5531900076351215,1.5531900076351215,1.5531900076351215,-42.8196487195282,9.31108,9.31108,9.31108,58.45698834242412,659.58203125,659.58203125,659.58203125,23.64929187597944
caravanserai-512-seed1,caravanserai,512,pr-auto,7.388810779,7.388810779,7.388810779,-2.5908051525681652,9.405014608055353,9.405014608055353,9.405014608055353,-3.229125254834442,28.104561999999998,28.104561999999998,28.104561999999998,-0.23895812991685528,14.568708,14.568708,14.568708,-7.493688440066837,0.990755728,0.990755728,0.990755728,-1.8600634226478174,19.347811371,19.347811371,19.347811371,-0.22698076771202613,4.83695284275,4.83695284275,4.83695284275,-0.22698076771204834,13.770243771,13.770243771,13.770243771,1.8582520099925004,2.865234427,2.865234427,2.865234427,-4.4665710570982124,2.76677592344786,2.76677592344786,2.76677592344786,1.8582520099925004,5.799443,5.799443,5.799443,-1.304438170056188,547.12890625,547.12890625,547.12890625,2.568139545101711
braided-river-512-seed1,braided-river,512,master,9.685728017,9.685728017,9.685728017,0,11.894055637065321,11.894055637065321,11.894055637065321,0,33.483087,33.483087,33.483087,0,26.866559,26.866559,26.866559,0,0.762761289,0.762761289,0.762761289,0,23.870572158,23.870572158,23.870572158,0,5.9676430394999995,5.9676430394999995,5.9676430394999995,0,14.894741977,14.894741977,14.894741977,0,3.850686718,3.850686718,3.850686718,0,3.0090387832323233,3.0090387832323233,3.0090387832323233,0,7.92948,7.92948,7.92948,0,555.06640625,555.06640625,555.06640625,0
braided-river-512-seed1,braided-river,512,pr-cpu,9.58439306,9.58439306,9.58439306,-1.0462296362456325,11.739790415856987,11.739790415856987,11.739790415856987,-1.2969942794583744,34.245686,34.245686,34.245686,2.277564789650377,23.993988,23.993988,23.993988,-10.691994460474064,0.8697474,0.8697474,0.8697474,14.026158975668723,24.676824394,24.676824394,24.676824394,3.377599123571029,6.1692060985,6.1692060985,6.1692060985,3.377599123571051,15.968919147,15.968919147,15.968919147,7.211787701047179,3.767933899,3.767933899,3.767933899,-2.14904054939532,3.226044272121212,3.226044272121212,3.226044272121212,7.211787701047201,8.286127,8.286127,8.286127,4.497735034327599,552.8125,552.8125,552.8125,-0.40606064871179237
braided-river-512-seed1,braided-river,512,pr-opencl,10.440170762,10.440170762,10.440170762,7.789220837874344,12.760428584646434,12.760428584646434,12.760428584646434,7.284083528928886,29.524153,29.524153,29.524153,-11.82368280439614,28.134794,28.134794,28.134794,4.720496584620304,0.419852318,0.419852318,0.419852318,-44.956262980986175,20.301262567,20.301262567,20.301262567,-14.95276094504413,5.0753156417500005,5.0753156417500005,5.0753156417500005,-14.952760945044108,11.478879297,11.478879297,11.478879297,-22.933345775809133,4.186291948,4.186291948,4.186291948,8.715464398368656,2.3189655145454546,2.3189655145454546,2.3189655145454546,-22.933345775809133,9.844982,9.844982,9.844982,24.156716455555728,666.43359375,666.43359375,666.43359375,20.063759263038627
braided-river-512-seed1,braided-river,512,pr-auto,9.623981017,9.623981017,9.623981017,-0.6375049959241541,11.77285483572632,11.77285483572632,11.77285483572632,-1.019003147768227,33.917719000000005,33.917719000000005,33.917719000000005,1.2980643033302375,24.967811,24.967811,24.967811,-7.067328570063614,0.822654858,0.822654858,0.822654858,7.85220354831091,24.57180473,24.57180473,24.57180473,2.937644591669275,6.1429511825,6.1429511825,6.1429511825,2.9376445916692973,15.534701717,15.534701717,15.534701717,4.2965480099501185,3.821039621,3.821039621,3.821039621,-0.769917138712295,3.1383235791919195,3.1383235791919195,3.1383235791919195,4.296548009950141,7.893799,7.893799,7.893799,-0.44997906546204725,564.390625,564.390625,564.390625,1.67983842023407
drumlin-field-512-seed1,drumlin-field,512,master,9.919453381,9.919453381,9.919453381,0,12.409629785921425,12.409629785921425,12.409629785921425,0,33.873560999999995,33.873560999999995,33.873560999999995,0,23.511981,23.511981,23.511981,0,0.132372924,0.132372924,0.132372924,0,23.473657223,23.473657223,23.473657223,0,5.86841430575,5.86841430575,5.86841430575,0,13.467805305,13.467805305,13.467805305,0,6.93207933,6.93207933,6.93207933,0,2.7109108907004833,2.7109108907004833,2.7109108907004833,0,7.179948,7.179948,7.179948,0,563.54296875,563.54296875,563.54296875,0
drumlin-field-512-seed1,drumlin-field,512,pr-cpu,9.70976112,9.70976112,9.70976112,-2.1139497605951907,12.152707852888852,12.152707852888852,12.152707852888852,-2.070343253301943,34.218739,34.218739,34.218739,1.0190189333799449,20.054342,20.054342,20.054342,-14.705859961353319,0.167606199,0.167606199,0.167606199,26.616678045126505,23.747581775,23.747581775,23.747581775,1.1669445003721135,5.936895443749999,5.936895443749999,5.936895443749999,1.1669445003720913,13.984963766,13.984963766,13.984963766,3.8399609237594223,6.914669524,6.914669524,6.914669524,-0.25114839532570654,2.8150088095813204,2.8150088095813204,2.8150088095813204,3.8399609237594223,6.419092,6.419092,6.419092,-10.596956969604799,553.7109375,553.7109375,553.7109375,-1.7446817359479283
drumlin-field-512-seed1,drumlin-field,512,pr-opencl,10.065077842,10.065077842,10.065077842,1.4680694127655602,12.632180633023381,12.632180633023381,12.632180633023381,1.793372170976748,31.693436,31.693436,31.693436,-6.436066760149595,23.056284,23.056284,23.056284,-1.938148044607546,0.052762589,0.052762589,0.052762589,-60.14095072796004,21.610005758,21.610005758,21.610005758,-7.9393315123216235,5.4025014395,5.4025014395,5.4025014395,-7.9393315123216235,10.690372146,10.690372146,10.690372146,-20.62275995309245,7.217966336,7.217966336,7.217966336,4.12411619068993,2.1518462451690823,2.1518462451690823,2.1518462451690823,-20.62275995309245,7.750664,7.750664,7.750664,7.948748375336412,671.59375,671.59375,671.59375,19.173476955922
drumlin-field-512-seed1,drumlin-field,512,pr-auto,9.683834742,9.683834742,9.683834742,-2.3753187796750064,12.331175750121474,12.331175750121474,12.331175750121474,-0.6322028711038263,34.309843,34.309843,34.309843,1.287972055846165,21.233265,21.233265,21.233265,-9.691722700864712,0.133514146,0.133514146,0.133514146,0.8621264572202136,23.583250849,23.583250849,23.583250849,0.46687921255241793,5.89581271225,5.89581271225,5.89581271225,0.46687921255241793,13.93118032,13.93118032,13.93118032,3.4406126648413027,6.898846459,6.898846459,6.898846459,-0.47940696316295384,2.8041828341384867,2.8041828341384867,2.8041828341384867,3.440612664841325,6.095984,6.095984,6.095984,-15.097100981789847,540.9296875,540.9296875,540.9296875,-4.012698676759063
continents-512-seed1,continents,512,master,9.305439166,9.305439166,9.305439166,0,11.261145974043757,11.261145974043757,11.261145974043757,0,26.386325,26.386325,26.386325,0,26.132746,26.132746,26.132746,0,0.020138486,0.020138486,0.020138486,0,18.389615003,18.389615003,18.389615003,0,4.59740375075,4.59740375075,4.59740375075,0,7.459250069,7.459250069,7.459250069,0,3.462647014,3.462647014,3.462647014,0,1.5050948484665052,1.5050948484665052,1.5050948484665052,0,9.019457,9.019457,9.019457,0,571.21484375,571.21484375,571.21484375,0
continents-512-seed1,continents,512,pr-cpu,9.305344245,9.305344245,9.305344245,-0.0010200593255738077,11.240315847098827,11.240315847098827,11.240315847098827,-0.18497342093727331,26.995889,26.995889,26.995889,2.3101511862678725,22.611437,22.611437,22.611437,-13.474699520670352,0.023744747,0.023744747,0.023744747,17.907309417401084,18.793737365,18.793737365,18.793737365,2.197557490649338,4.69843434125,4.69843434125,4.69843434125,2.197557490649338,8.183241658,8.183241658,8.183241658,9.705956795963267,3.488059589,3.488059589,3.488059589,0.733906023260622,1.651178704196933,1.651178704196933,1.651178704196933,9.705956795963267,8.825778,8.825778,8.825778,-2.1473465642111167,554.24609375,554.24609375,554.24609375,-2.9706423398595416
continents-512-seed1,continents,512,pr-opencl,9.464590796,9.464590796,9.464590796,1.7103075648649213,11.503934730309993,11.503934730309993,11.503934730309993,2.1559862275637887,26.659299999999998,26.659299999999998,26.659299999999998,1.0345320919074474,23.774339,23.774339,23.774339,-9.024719407596892,0.273438603,0.273438603,0.273438603,1257.791260971654,18.304704178,18.304704178,18.304704178,-0.4617324777389076,4.5761760444999995,4.5761760444999995,4.5761760444999995,-0.4617324777389298,9.044132155,9.044132155,9.044132155,21.247204093433368,3.558754904,3.558754904,3.558754904,2.7755612862478296,1.8248854227199354,1.8248854227199354,1.8248854227199354,21.247204093433368,8.861087,8.861087,8.861087,-1.7558706693762138,681.984375,681.984375,681.984375,19.391921001702794
continents-512-seed1,continents,512,pr-auto,9.077042213,9.077042213,9.077042213,-2.4544457163774736,11.107136042788625,11.107136042788625,11.107136042788625,-1.367622190584472,26.797902999999998,26.797902999999998,26.797902999999998,1.5598155483948606,21.908401,21.908401,21.908401,-16.164948758159593,0.02275804,0.02275804,0.02275804,13.007700777506304,18.466322687,18.466322687,18.466322687,0.41712501315274153,4.6165806717499995,4.6165806717499995,4.6165806717499995,0.4171250131527193,8.216855057,8.216855057,8.216855057,10.156583852156142,3.485445003,3.485445003,3.485445003,0.6583977202361257,1.6579610688054882,1.6579610688054882,1.6579610688054882,10.156583852156142,9.033557,9.033557,9.033557,0.15632870138413413,550.84765625,550.84765625,550.84765625,-3.565591427262349
savannah-512-seed1,savannah,512,master,8.095103317,8.095103317,8.095103317,0,10.278178404085338,10.278178404085338,10.278178404085338,0,29.686766,29.686766,29.686766,0,15.956586,15.956586,15.956586,0,1.107822659,1.107822659,1.107822659,0,20.748464415,20.748464415,20.748464415,0,5.18711610375,5.18711610375,5.18711610375,0,14.129609866,14.129609866,14.129609866,0,2.842116297,2.842116297,2.842116297,0,2.849860803953207,2.849860803953207,2.849860803953207,0,6.171393,6.171393,6.171393,0,539.0390625,539.0390625,539.0390625,0
savannah-512-seed1,savannah,512,pr-cpu,8.263126307,8.263126307,8.263126307,2.0756126687987653,10.323408195748925,10.323408195748925,10.323408195748925,0.44005649527945057,31.360751,31.360751,31.360751,5.638825731303987,16.496703,16.496703,16.496703,3.3849157958977028,1.309723588,1.309723588,1.309723588,18.225022512380296,21.933495576,21.933495576,21.933495576,5.711416215184029,5.4833738940000005,5.4833738940000005,5.4833738940000005,5.711416215184051,15.841884026,15.841884026,15.841884026,12.118339970024493,2.900924114,2.900924114,2.900924114,2.06915589844352,3.1952166248487295,3.1952166248487295,3.1952166248487295,12.118339970024472,6.469192,6.469192,6.469192,4.825474572758526,550.78515625,550.78515625,550.78515625,2.179080249865928
savannah-512-seed1,savannah,512,pr-opencl,8.988097018,8.988097018,8.988097018,11.031282320074688,11.290557810105383,11.290557810105383,11.290557810105383,9.849794060955851,25.069058000000002,25.069058000000002,25.069058000000002,-15.554769421499115,20.24994,20.24994,20.24994,26.906469842609184,0.451814162,0.451814162,0.451814162,-59.216020873969136,16.900311721,16.900311721,16.900311721,-18.546686718743366,4.22507793025,4.22507793025,4.22507793025,-18.546686718743366,9.42333249,9.42333249,9.42333249,-33.30790744141272,3.237626075,3.237626075,3.237626075,13.916030755584519,1.9006318051633724,1.9006318051633724,1.9006318051633724,-33.30790744141272,8.876707,8.876707,8.876707,43.836359149384904,672.69921875,672.69921875,672.69921875,24.796005623432894
savannah-512-seed1,savannah,512,pr-auto,8.247287189,8.247287189,8.247287189,1.8799497182501623,10.368671839125454,10.368671839125454,10.368671839125454,0.8804423457384969,31.022072,31.022072,31.022072,4.497984051209891,16.751891,16.751891,16.751891,4.984180199950039,1.253637968,1.253637968,1.253637968,13.162333141987137,21.845982098,21.845982098,21.845982098,5.2896333003157325,5.4614955245,5.4614955245,5.4614955245,5.2896333003157325,15.44139671,15.44139671,15.44139671,9.283956573751873,2.872279032,2.872279032,2.872279032,1.0612772964933903,3.114440643404599,3.114440643404599,3.114440643404599,9.283956573751873,6.583721,6.583721,6.583721,6.681279250891969,545.875,545.875,545.875,1.2681710799020252
hills-512-seed1,hills,512,master,8.558803021,8.558803021,8.558803021,0,10.440411267336458,10.440411267336458,10.440411267336458,0,27.236912,27.236912,27.236912,0,17.243309,17.243309,17.243309,0,0.878450486,0.878450486,0.878450486,0,19.708183055,19.708183055,19.708183055,0,4.92704576375,4.92704576375,4.92704576375,0,11.081453531,11.081453531,11.081453531,0,2.755685776,2.755685776,2.755685776,0,2.2278756596300764,2.2278756596300764,2.2278756596300764,0,7.757984,7.757984,7.757984,0,546.94921875,546.94921875,546.94921875,0
hills-512-seed1,hills,512,pr-cpu,8.676489646,8.676489646,8.676489646,1.375036026781351,10.695129153318703,10.695129153318703,10.695129153318703,2.4397303847516705,28.383809,28.383809,28.383809,4.210818759483459,16.132395,16.132395,16.132395,-6.4425801335462936,1.134210834,1.134210834,1.134210834,29.114941829515928,20.497542443,20.497542443,20.497542443,4.005236737436024,5.12438561075,5.12438561075,5.12438561075,4.005236737436024,12.219343392,12.219343392,12.219343392,10.268417025048127,2.716137323,2.716137323,2.716137323,-1.4351582950580921,2.4566432231604343,2.4566432231604343,2.4566432231604343,10.268417025048127,7.412727,7.412727,7.412727,-4.450344316255361,517.83984375,517.83984375,517.83984375,-5.32213485312708
hills-512-seed1,hills,512,pr-opencl,8.573760503,8.573760503,8.573760503,0.17476137683389847,10.599403559230268,10.599403559230268,10.599403559230268,1.522854682853625,22.735686,22.735686,22.735686,-16.526197977215617,18.147452,18.147452,18.147452,5.24344254342366,0.193080887,0.193080887,0.193080887,-78.02028798695434,15.575828295,15.575828295,15.575828295,-20.967710460511547,3.8939570737499998,3.8939570737499998,3.8939570737499998,-20.967710460511558,6.310461571,6.310461571,6.310461571,-43.053846200350044,2.81954998,2.81954998,2.81954998,2.317543043412651,1.2686894995979092,1.2686894995979092,1.2686894995979092,-43.053846200350044,9.643783,9.643783,9.643783,24.30784853384591,648.08203125,648.08203125,648.08203125,18.49034773852121
hills-512-seed1,hills,512,pr-auto,8.649388977,8.649388977,8.649388977,1.0583951491550447,10.542119247373194,10.542119247373194,10.542119247373194,0.9741759920409931,27.964568,27.964568,27.964568,2.6715803906110835,17.531507,17.531507,17.531507,1.6713613378963377,0.947369276,0.947369276,0.947369276,7.84549511877668,20.135174151,20.135174151,20.135174151,2.1665675359742176,5.03379353775,5.03379353775,5.03379353775,2.1665675359742176,11.873609103,11.873609103,11.873609103,7.148480745634789,2.771068672,2.771068672,2.771068672,0.5582238778446325,2.387134922195416,2.387134922195416,2.387134922195416,7.1484807456347665,7.537516,7.537516,7.537516,-2.841820761682423,551.25390625,551.25390625,551.25390625,0.7870360451081693
rice-terraces-512-seed1,rice-terraces,512,master,10.44155277,10.44155277,10.44155277,0,13.129975845105946,13.129975845105946,13.129975845105946,0,34.227667,34.227667,34.227667,0,29.073739,29.073739,29.073739,0,0.553836407,0.553836407,0.553836407,0,25.023910587,25.023910587,25.023910587,0,6.25597764675,6.25597764675,6.25597764675,0,13.199413533,13.199413533,13.199413533,0,6.013587157,6.013587157,6.013587157,0,2.648888928958459,2.648888928958459,2.648888928958459,0,8.480459,8.480459,8.480459,0,551.58984375,551.58984375,551.58984375,0
rice-terraces-512-seed1,rice-terraces,512,pr-cpu,10.347752135,10.347752135,10.347752135,-0.898339902753742,13.020781049039215,13.020781049039215,13.020781049039215,-0.8316450643542694,34.740224,34.740224,34.740224,1.4974932413593933,29.992313,29.992313,29.992313,3.1594629091222126,0.60653139,0.60653139,0.60653139,9.5145393719124,25.29026487,25.29026487,25.29026487,1.0643991156936705,6.3225662175,6.3225662175,6.3225662175,1.0643991156936705,13.890530197,13.890530197,13.890530197,5.23596493338232,5.947352512,5.947352512,5.947352512,-1.1014165633718376,2.7875838244029705,2.7875838244029705,2.7875838244029705,5.23596493338232,7.380286,7.380286,7.380286,-12.973036011376271,568.00390625,568.00390625,568.00390625,2.9757731557217504
rice-terraces-512-seed1,rice-terraces,512,pr-opencl,10.299895447,10.299895447,10.299895447,-1.3566691288196098,13.128220945131034,13.128220945131034,13.128220945131034,-0.013365599416292895,30.534947,30.534947,30.534947,-10.788699095383858,33.612532,33.612532,33.612532,15.611315077156052,0.037177264,0.037177264,0.037177264,-93.28732031153741,21.734966728,21.734966728,21.734966728,-13.143204966167898,5.433741682,5.433741682,5.433741682,-13.143204966167898,8.968943793,8.968943793,8.968943793,-32.05043716088867,6.486738073,6.486738073,6.486738073,7.8680312373828,1.799908447320891,1.799908447320891,1.799908447320891,-32.05043716088868,9.285585,9.285585,9.285585,9.493896497819264,664.26171875,664.26171875,664.26171875,20.426749382112774
rice-terraces-512-seed1,rice-terraces,512,pr-auto,9.946217624,9.946217624,9.946217624,-4.743883950126304,12.564644282218069,12.564644282218069,12.564644282218069,-4.305655772387418,33.820037,33.820037,33.820037,-1.19093714450359,30.575029,30.575029,30.575029,5.16373212265544,0.667294968,0.667294968,0.667294968,20.485934035029942,24.700960085,24.700960085,24.700960085,-1.2905676787695053,6.1752400212500005,6.1752400212500005,6.1752400212500005,-1.290567678769483,13.701000813,13.701000813,13.701000813,3.800072470992566,6.108778777,6.108778777,6.108778777,1.5829423855476144,2.749548627934979,2.749548627934979,2.749548627934979,3.800072470992566,7.007669,7.007669,7.007669,-17.366866581160288,558.7421875,558.7421875,558.7421875,1.2966779267316708
locust-512-seed1,locust,512,master,11.273692998,11.273692998,11.273692998,0,13.517481917049736,13.517481917049736,13.517481917049736,0,36.427011,36.427011,36.427011,0,31.875272,31.875272,31.875272,0,0.744805404,0.744805404,0.744805404,0,26.991796565,26.991796565,26.991796565,0,6.74794914125,6.74794914125,6.74794914125,0,14.005927674,14.005927674,14.005927674,0,4.67637107,4.67637107,4.67637107,0,2.822068844247431,2.822068844247431,2.822068844247431,0,9.181316,9.181316,9.181316,0,566.74609375,566.74609375,566.74609375,0
locust-512-seed1,locust,512,pr-cpu,11.090098723,11.090098723,11.090098723,-1.6285193772135664,13.279140594881028,13.279140594881028,13.279140594881028,-1.763207997105476,36.510387,36.510387,36.510387,0.22888509847815985,29.106888,29.106888,29.106888,-8.685052162064677,0.780032154,0.780032154,0.780032154,4.729658218215627,26.943202612,26.943202612,26.943202612,-0.1800323030850537,6.735800653,6.735800653,6.735800653,-0.1800323030850537,14.472829755,14.472829755,14.472829755,3.333603398986096,4.627981683,4.627981683,4.627981683,-1.0347636292258655,2.9161454271609912,2.9161454271609912,2.9161454271609912,3.333603398986118,8.52303,8.52303,8.52303,-7.169843625902872,582.203125,582.203125,582.203125,2.727329119769517
locust-512-seed1,locust,512,pr-opencl,12.052485097,12.052485097,12.052485097,6.908047781132254,14.351991625968367,14.351991625968367,14.351991625968367,6.173558907195997,34.346222999999995,34.346222999999995,34.346222999999995,-5.71221174309362,35.871149,35.871149,35.871149,12.535977732205716,0.774817884,0.774817884,0.774817884,4.0295733407433865,25.422663143,25.422663143,25.422663143,-5.813371548727064,6.355665785749999,6.355665785749999,6.355665785749999,-5.813371548727087,14.31120513,14.31120513,14.31120513,2.179630390114773,5.069868278,5.069868278,5.069868278,8.414584773316559,2.883579514406609,2.883579514406609,2.883579514406609,2.179630390114795,10.419468,10.419468,10.419468,13.485561329116646,677.73828125,677.73828125,677.73828125,19.584111602004306
locust-512-seed1,locust,512,pr-auto,11.0517248,11.0517248,11.0517248,-1.9689040498031773,13.26911593414843,13.26911593414843,13.26911593414843,-1.83736870835417,36.267628,36.267628,36.267628,-0.43754070296900816,29.137438,29.137438,29.137438,-8.589209842664246,0.779084466,0.779084466,0.779084466,4.6024185399170525,26.796231896,26.796231896,26.796231896,-0.7245337246413186,6.6990579740000005,6.6990579740000005,6.6990579740000005,-0.7245337246413075,14.476643777,14.476643777,14.476643777,3.3608348833174206,4.653528988,4.653528988,4.653528988,-0.48845743115933926,2.9169139183961317,2.9169139183961317,2.9169139183961317,3.360834883317443,8.862917,8.862917,8.862917,-3.4679015513680356,555.04296875,555.04296875,555.04296875,-2.0649679158022405
plantations-512-seed1,plantations,512,master,10.314296481,10.314296481,10.314296481,0,13.230053034145385,13.230053034145385,13.230053034145385,0,31.799128999999997,31.799128999999997,31.799128999999997,0,29.230997,29.230997,29.230997,0,0.588623591,0.588623591,0.588623591,0,22.553051269,22.553051269,22.553051269,0,5.63826281725,5.63826281725,5.63826281725,0,9.814692357,9.814692357,9.814692357,0,4.968606172,4.968606172,4.968606172,0,1.978369755492844,1.978369755492844,1.978369755492844,0,8.45098,8.45098,8.45098,0,602.25390625,602.25390625,602.25390625,0
plantations-512-seed1,plantations,512,pr-cpu,10.345465557,10.345465557,10.345465557,0.30219294216933257,13.08985972078517,13.08985972078517,13.08985972078517,-1.05965798472909,32.151383,32.151383,32.151383,1.1077473222615764,29.686905,29.686905,29.686905,1.5596731100208538,0.681060282,0.681060282,0.681060282,15.70387127076598,22.933230193,22.933230193,22.933230193,1.6857094832332997,5.73330754825,5.73330754825,5.73330754825,1.6857094832332997,10.662621281,10.662621281,10.662621281,8.639383621588937,5.046880748,5.046880748,5.046880748,1.5753829804645791,2.149288708123362,2.149288708123362,2.149288708123362,8.639383621588937,8.242332,8.242332,8.242332,-2.4689207642190625,610.55078125,610.55078125,610.55078125,1.3776373907911088
plantations-512-seed1,plantations,512,pr-opencl,10.163476892,10.163476892,10.163476892,-1.4622382561702008,13.110983787104487,13.110983787104487,13.110983787104487,-0.8999907009714314,29.789192,29.789192,29.789192,-6.320729728163299,32.21762,32.21762,32.21762,10.217314859291315,0.031375476,0.031375476,0.031375476,-94.66968764423851,20.42131624,20.42131624,20.42131624,-9.45209144241227,5.10532906,5.10532906,5.10532906,-9.45209144241227,7.476467911,7.476467911,7.476467911,-23.82371612832408,5.130007101,5.130007101,5.130007101,3.2484146139325043,1.50704856097561,1.50704856097561,1.50704856097561,-23.82371612832407,8.987627,8.987627,8.987627,6.350115607894002,699.953125,699.953125,699.953125,16.222264021222355
plantations-512-seed1,plantations,512,pr-auto,10.412992079,10.412992079,10.412992079,0.9568815302314349,13.18677153903991,13.18677153903991,13.18677153903991,-0.327145288033015,32.412397,32.412397,32.412397,1.9285685466416513,27.271199,27.271199,27.271199,-6.704519862938641,0.659684219,0.659684219,0.659684219,12.072337753109185,23.119509402,23.119509402,23.119509402,2.5116696017918105,5.7798773505,5.7798773505,5.7798773505,2.5116696017918105,10.649921548,10.649921548,10.649921548,8.509988501109778,5.049247379,5.049247379,5.049247379,1.6230146686699198,2.146728794194719,2.146728794194719,2.146728794194719,8.509988501109778,8.263411,8.263411,8.263411,-2.219494070510164,612.3125,612.3125,612.3125,1.6701583245231078
fingerprint-512-seed2,fingerprint,512,master,10.697851937,10.697851937,10.697851937,0,13.606143874116242,13.606143874116242,13.606143874116242,0,38.684244,38.684244,38.684244,0,24.069018,24.069018,24.069018,0,0.302467941,0.302467941,0.302467941,0,26.908484183,26.908484183,26.908484183,0,6.72712104575,6.72712104575,6.72712104575,0,16.800393523,16.800393523,16.800393523,0,7.03062327,7.03062327,7.03062327,0,3.3776424453156415,3.3776424453156415,3.3776424453156415,0,6.6803,6.6803,6.6803,0,562.46875,562.46875,562.46875,0
fingerprint-512-seed2,fingerprint,512,pr-cpu,10.497044885,10.497044885,10.497044885,-1.8770782506858374,13.186911981087178,13.186911981087178,13.186911981087178,-3.0811955018834825,38.838910999999996,38.838910999999996,38.838910999999996,0.39981910981639057,24.448996,24.448996,24.448996,1.578701715209152,0.335365405,0.335365405,0.335365405,10.876347387837694,27.249316261,27.249316261,27.249316261,1.2666342543937503,6.81232906525,6.81232906525,6.81232906525,1.2666342543937503,17.562104031,17.562104031,17.562104031,4.533884917381292,7.198257727,7.198257727,7.198257727,2.3843470281689427,3.5307808667068756,3.5307808667068756,3.5307808667068756,4.53388491738127,6.010974,6.010974,6.010974,-10.01940032633265,562.38671875,562.38671875,562.38671875,-0.014584143563534102
fingerprint-512-seed2,fingerprint,512,pr-opencl,10.963733839,10.963733839,10.963733839,2.4853765369514225,13.77877418603748,13.77877418603748,13.77877418603748,1.2687673562650215,34.199963000000004,34.199963000000004,34.199963000000004,-11.592008880928361,27.255689,27.255689,27.255689,13.239721703644092,0.023703598,0.023703598,0.023703598,-92.16326929669549,23.475648574,23.475648574,23.475648574,-12.757447003160305,5.8689121435,5.8689121435,5.8689121435,-12.757447003160305,11.4493712,11.4493712,11.4493712,-31.850577283647365,7.928343628,7.928343628,7.928343628,12.768716563588534,2.3018438279051066,2.3018438279051066,2.3018438279051066,-31.850577283647365,8.950178,8.950178,8.950178,33.978683592054246,665.3984375,665.3984375,665.3984375,18.299627757097614
fingerprint-512-seed2,fingerprint,512,pr-auto,10.409386941,10.409386941,10.409386941,-2.696475869163084,12.992774093989283,12.992774093989283,12.992774093989283,-4.508035383146347,38.411505999999996,38.411505999999996,38.411505999999996,-0.7050363967304185,25.161902,25.161902,25.161902,4.540625629180228,0.480821005,0.480821005,0.480821005,58.965939798558686,26.955894249,26.955894249,26.955894249,0.17619002868229927,6.73897356225,6.73897356225,6.73897356225,0.17619002868229927,17.650585266,17.650585266,17.650585266,5.060546598721483,7.280214833,7.280214833,7.280214833,3.550063108416257,3.548569615199035,3.548569615199035,3.548569615199035,5.06054659872146,6.117614,6.117614,6.117614,-8.423064832417715,574.48046875,574.48046875,574.48046875,2.135535307517089
old-town-512-seed2,old-town,512,master,9.555558929,9.555558929,9.555558929,0,11.763313029892743,11.763313029892743,11.763313029892743,0,32.087656,32.087656,32.087656,0,22.740945,22.740945,22.740945,0,0.360744378,0.360744378,0.360744378,0,22.32334374,22.32334374,22.32334374,0,5.580835935,5.580835935,5.580835935,0,13.010921482,13.010921482,13.010921482,0,4.85356763,4.85356763,4.85356763,0,2.6178916462776662,2.6178916462776662,2.6178916462776662,0,7.083909,7.083909,7.083909,0,547.14453125,547.14453125,547.14453125,0
old-town-512-seed2,old-town,512,pr-cpu,9.397523092,9.397523092,9.397523092,-1.6538628265938438,11.471189173869789,11.471189173869789,11.471189173869789,-2.4833467857279135,31.670763,31.670763,31.670763,-1.2992317045533053,24.565935,24.565935,24.565935,8.025128243351354,0.423821232,0.423821232,0.423821232,17.48519390647303,22.134018373,22.134018373,22.134018373,-0.8481048771414867,5.53350459325,5.53350459325,5.53350459325,-0.8481048771414867,13.14578201,13.14578201,13.14578201,1.0365178837376865,4.748433983,4.748433983,4.748433983,-2.1661106842349676,2.6450265613682094,2.6450265613682094,2.6450265613682094,1.0365178837376865,6.597501,6.597501,6.597501,-6.866378435973697,553.98828125,553.98828125,553.98828125,1.250812099750842
old-town-512-seed2,old-town,512,pr-opencl,9.854332315,9.854332315,9.854332315,3.1266971217482453,12.047502250876278,12.047502250876278,12.047502250876278,2.4158944020392648,28.814214,28.814214,28.814214,-10.20156162232605,23.192193,23.192193,23.192193,1.9842974863181873,0.093180829,0.093180829,0.093180829,-74.16984582917048,19.694962795,19.694962795,19.694962795,-11.77413641797015,4.9237406987500005,4.9237406987500005,4.9237406987500005,-11.774136417970137,9.285610408,9.285610408,9.285610408,-28.63218473152569,5.104984332,5.104984332,5.104984332,5.180039121037239,1.8683320740442655,1.8683320740442655,1.8683320740442655,-28.6321847315257,9.133506,9.133506,9.133506,28.933135645870102,668.43359375,668.43359375,668.43359375,22.16764594592664
old-town-512-seed2,old-town,512,pr-auto,9.59279524,9.59279524,9.59279524,0.3896821868471845,11.642675621900707,11.642675621900707,11.642675621900707,-1.025539384061902,32.217364,32.217364,32.217364,0.40423021239071044,22.601587,22.601587,22.601587,-0.6128065478369638,0.375145737,0.375145737,0.375145737,3.9921229209010756,22.508841288,22.508841288,22.508841288,0.8309577192399553,5.627210322,5.627210322,5.627210322,0.8309577192399553,13.376943809,13.376943809,13.376943809,2.813192958749111,4.735518634,4.735518634,4.735518634,-2.432210798307133,2.69153798973843,2.69153798973843,2.69153798973843,2.813192958749089,7.163237,7.163237,7.163237,1.119833696339123,543.2421875,543.2421875,543.2421875,-0.7132199130428618
symmetric-arena-512-seed2,symmetric-arena,512,master,9.491964624,9.491964624,9.491964624,0,11.657280966173857,11.657280966173857,11.657280966173857,0,32.507045,32.507045,32.507045,0,23.538952,23.538952,23.538952,0,0.774086727,0.774086727,0.774086727,0,22.922914427,22.922914427,22.922914427,0,5.7307286067500005,5.7307286067500005,5.7307286067500005,0,14.242505813,14.242505813,14.242505813,0,3.904877367,3.904877367,3.904877367,0,2.8680035869915423,2.8680035869915423,2.8680035869915423,0,7.604125,7.604125,7.604125,0,543.7421875,543.7421875,543.7421875,0
symmetric-arena-512-seed2,symmetric-arena,512,pr-cpu,9.259264028,9.259264028,9.259264028,-2.4515535531140276,11.374160937033594,11.374160937033594,11.374160937033594,-2.4286969659717217,32.309089,32.309089,32.309089,-0.6089633800919092,21.314324,21.314324,21.314324,-9.45083706360419,0.780485906,0.780485906,0.780485906,0.8266746834427963,22.846439052,22.846439052,22.846439052,-0.33361977266694876,5.711609763,5.711609763,5.711609763,-0.33361977266697096,14.384896396,14.384896396,14.384896396,0.9997579419629421,3.823275324,3.823275324,3.823275324,-2.089746625325972,2.896676680628272,2.896676680628272,2.896676680628272,0.9997579419629421,7.450426,7.450426,7.450426,-2.0212581986750577,548.5234375,548.5234375,548.5234375,0.8793229787784407
symmetric-arena-512-seed2,symmetric-arena,512,pr-opencl,9.441635591,9.441635591,9.441635591,-0.5302277767949559,11.753452388104051,11.753452388104051,11.753452388104051,0.8249901688846428,27.169218,27.169218,27.169218,-16.42052361265073,23.549231,23.549231,23.549231,0.04366804435473881,0.164791826,0.164791826,0.164791826,-78.7114517983461,18.431794602,18.431794602,18.431794602,-19.592272349584327,4.6079486505,4.6079486505,4.6079486505,-19.59227234958435,8.569094238,8.569094238,8.569094238,-39.83436376639238,4.225635909,4.225635909,4.225635909,8.214305133132239,1.7255526053161498,1.7255526053161498,1.7255526053161498,-39.83436376639238,9.717023,9.717023,9.717023,27.78620814360626,663.96875,663.96875,663.96875,22.1109498699694
symmetric-arena-512-seed2,symmetric-arena,512,pr-auto,9.256264055,9.256264055,9.256264055,-2.4831589490340145,11.428244677837938,11.428244677837938,11.428244677837938,-1.964748803777816,32.725758,32.725758,32.725758,0.6728172308495095,20.22827,20.22827,20.22827,-14.064695828429407,0.822017589,0.822017589,0.822017589,6.191924021970729,23.193249005,23.193249005,23.193249005,1.1793202773622058,5.79831225125,5.79831225125,5.79831225125,1.1793202773622058,14.766693606,14.766693606,14.766693606,3.6804464037609286,3.857294552,3.857294552,3.857294552,-1.2185482546038684,2.973558921868707,2.973558921868707,2.973558921868707,3.6804464037609286,7.410416,7.410416,7.410416,-2.547419985862942,549.625,549.625,549.625,1.0819120964381757
swamp-512-seed2,swamp,512,master,10.432288095,10.432288095,10.432288095,0,13.090339959133416,13.090339959133416,13.090339959133416,0,37.65063,37.65063,37.65063,0,23.768269,23.768269,23.768269,0,0.270714571,0.270714571,0.270714571,0,26.661532869,26.661532869,26.661532869,0,6.66538321725,6.66538321725,6.66538321725,0,15.695699811,15.695699811,15.695699811,0,6.27372397,6.27372397,6.27372397,0,3.173412820663162,3.173412820663162,3.173412820663162,0,7.881334,7.881334,7.881334,0,573.44140625,573.44140625,573.44140625,0
swamp-512-seed2,swamp,512,pr-cpu,10.744536703,10.744536703,10.744536703,2.993098016049367,13.41679167188704,13.41679167188704,13.41679167188704,2.4938367817243012,39.216832999999994,39.216832999999994,39.216832999999994,4.159832119675011,25.57071,25.57071,25.57071,7.58339195841311,0.242099706,0.242099706,0.242099706,-10.570123689426392,27.902474419,27.902474419,27.902474419,4.6544268707178205,6.97561860475,6.97561860475,6.97561860475,4.6544268707178205,16.805485873,16.805485873,16.805485873,7.070637661037749,6.265251852,6.265251852,6.265251852,-0.13504129350466743,3.3977933427011724,3.3977933427011724,3.3977933427011724,7.070637661037749,7.437046,7.437046,7.437046,-5.637218267871913,565.6328125,565.6328125,565.6328125,-1.3617073453178086
swamp-512-seed2,swamp,512,pr-opencl,11.079546604,11.079546604,11.079546604,6.204377247885051,13.838591881096363,13.838591881096363,13.838591881096363,5.716061800525463,34.273326,34.273326,34.273326,-8.970112850701305,27.332289,27.332289,27.332289,14.994865633673204,0.045032871,0.045032871,0.045032871,-83.3651839154236,23.938214842,23.938214842,23.938214842,-10.214409052851058,5.9845537105,5.9845537105,5.9845537105,-10.214409052851058,10.786140745,10.786140745,10.786140745,-31.279644266382046,6.662402397,6.662402397,6.662402397,6.195338348620405,2.1807805792559645,2.1807805792559645,2.1807805792559645,-31.279644266382057,8.728529,8.728529,8.728529,10.749385827323144,704.4375,704.4375,704.4375,22.843849837535156
swamp-512-seed2,swamp,512,pr-auto,10.584250038,10.584250038,10.584250038,1.4566501769907259,13.172759932931513,13.172759932931513,13.172759932931513,0.6296243952059521,38.693718999999994,38.693718999999994,38.693718999999994,2.770442353819824,23.835289,23.835289,23.835289,0.2819725744436896,0.353271515,0.353271515,0.353271515,30.495936622487886,27.679719443,27.679719443,27.679719443,3.818934863958523,6.91992986075,6.91992986075,6.91992986075,3.818934863958523,16.868729945,16.868729945,16.868729945,7.473576509012392,6.371920009,6.371920009,6.371920009,1.5651954002050328,3.410580255762232,3.410580255762232,3.410580255762232,7.473576509012392,7.930833,7.930833,7.930833,0.6280535757017702,572.4375,572.4375,572.4375,-0.17506692733700868
tidal-flats-512-seed2,tidal-flats,512,master,9.63162762,9.63162762,9.63162762,0,11.689776193816215,11.689776193816215,11.689776193816215,0,34.114636000000004,34.114636000000004,34.114636000000004,0,21.434084,21.434084,21.434084,0,1.049355138,1.049355138,1.049355138,0,24.897234466,24.897234466,24.897234466,0,6.224308616499999,6.224308616499999,6.224308616499999,0,15.413982893,15.413982893,15.413982893,0,2.84948642,2.84948642,2.84948642,0,3.1114216578522407,3.1114216578522407,3.1114216578522407,0,8.895778,8.895778,8.895778,0,590.30078125,590.30078125,590.30078125,0
tidal-flats-512-seed2,tidal-flats,512,pr-cpu,9.77396289,9.77396289,9.77396289,1.4777904173168155,11.784332026261836,11.784332026261836,11.784332026261836,0.808876328151098,35.025244,35.025244,35.025244,2.6692590241912395,21.503533,21.503533,21.503533,0.3240119801714014,1.082877783,1.082877783,1.082877783,3.1945948312495975,25.481231782,25.481231782,25.481231782,2.345631265984638,6.3703079455000005,6.3703079455000005,6.3703079455000005,2.34563126598466,16.188891621,16.188891621,16.188891621,5.027310159737564,2.888746036,2.888746036,2.888746036,1.3777786665149394,3.2678424749697212,3.2678424749697212,3.2678424749697212,5.027310159737564,9.093836,9.093836,9.093836,2.2264269634426626,569.6796875,569.6796875,569.6796875,-3.4933197456275655
tidal-flats-512-seed2,tidal-flats,512,pr-opencl,10.522728469,10.522728469,10.522728469,9.251819984709918,12.8437235718593,12.8437235718593,12.8437235718593,9.871424045342403,29.449355,29.449355,29.449355,-13.675306399282706,24.368076,24.368076,24.368076,13.688441269521956,0.709111265,0.709111265,0.709111265,-32.42409177587693,20.739167965,20.739167965,20.739167965,-16.700917150771556,5.18479199125,5.18479199125,5.18479199125,-16.700917150771545,11.906920401,11.906920401,11.906920401,-22.752474271868262,3.189755539,3.189755539,3.189755539,11.941419218976312,2.403496245660073,2.403496245660073,2.403496245660073,-22.752474271868262,11.581802,11.581802,11.581802,30.194368609468448,687.82421875,687.82421875,687.82421875,16.520973814991024
tidal-flats-512-seed2,tidal-flats,512,pr-auto,9.619998709,9.619998709,9.619998709,-0.12073671718632051,11.667026178911328,11.667026178911328,11.667026178911328,-0.19461463186027927,34.607885,34.607885,34.607885,1.4458574319831552,25.486859,25.486859,25.486859,18.908085831892805,1.138272538,1.138272538,1.138272538,8.473527862975994,25.121267632,25.121267632,25.121267632,0.8998315307105376,6.280316908,6.280316908,6.280316908,0.8998315307105376,16.227365578,16.227365578,16.227365578,5.276914413661271,2.832499161,2.832499161,2.832499161,-0.5961516040494108,3.275608715785224,3.275608715785224,3.275608715785224,5.276914413661271,7.644524,7.644524,7.644524,-14.065706226032171,582.1171875,582.1171875,582.1171875,-1.386343032220072
river-512-seed2,river,512,master,9.787747059,9.787747059,9.787747059,0,11.938898333813995,11.938898333813995,11.938898333813995,0,31.188806999999997,31.188806999999997,31.188806999999997,0,24.335937,24.335937,24.335937,0,0.502246286,0.502246286,0.502246286,0,22.232791777,22.232791777,22.232791777,0,5.55819794425,5.55819794425,5.55819794425,0,11.528455733,11.528455733,11.528455733,0,3.479299158,3.479299158,3.479299158,0,2.3186757306918744,2.3186757306918744,2.3186757306918744,0,10.2551,10.2551,10.2551,0,553.75,553.75,553.75,0
river-512-seed2,river,512,pr-cpu,9.869886214,9.869886214,9.869886214,0.8392038995784112,12.011177937034518,12.011177937034518,12.011177937034518,0.6054126704120533,31.528223999999998,31.528223999999998,31.528223999999998,1.0882654152177151,30.126302,30.126302,30.126302,23.793474646158064,0.498810806,0.498810806,0.498810806,-0.6840229775238127,22.59318104,22.59318104,22.59318104,1.6209806965080675,5.648295259999999,5.648295259999999,5.648295259999999,1.6209806965080453,11.884275618,11.884275618,11.884275618,3.0864488118861555,3.453830075,3.453830075,3.453830075,-0.7320176231882414,2.3902404702333064,2.3902404702333064,2.3902404702333064,3.0864488118861555,9.742503,9.742503,9.742503,-4.998459303175995,573.49609375,573.49609375,573.49609375,3.5658860045146623
river-512-seed2,river,512,pr-opencl,10.108147728,10.108147728,10.108147728,3.2734874232920097,12.413944369647652,12.413944369647652,12.413944369647652,3.9789771430434717,28.01489,28.01489,28.01489,-10.17646170307186,26.558903,26.558903,26.558903,9.134499320901423,0.214380208,0.214380208,0.214380208,-57.315720598479444,19.527371914,19.527371914,19.527371914,-12.168601631931708,4.8818429785,4.8818429785,4.8818429785,-12.168601631931708,8.611007976,8.611007976,8.611007976,-25.30649225332806,3.582586166,3.582586166,3.582586166,2.968615324799284,1.7319002365245375,1.7319002365245375,1.7319002365245375,-25.30649225332805,11.045335,11.045335,11.045335,7.705775662840919,685.69140625,685.69140625,685.69140625,23.82689051918736
river-512-seed2,river,512,pr-auto,9.484277,9.484277,9.484277,-3.1005098228499284,11.568657257128507,11.568657257128507,11.568657257128507,-3.101132670146556,30.893254,30.893254,30.893254,-0.9476252169568378,25.216171,25.216171,25.216171,3.617012979611167,0.551405104,0.551405104,0.551405104,9.787791243119326,21.937955385,21.937955385,21.937955385,-1.3261330154002993,5.4844888462500005,5.4844888462500005,5.4844888462500005,-1.3261330154002882,11.896313377,11.896313377,11.896313377,3.1908666045098677,3.332768383,3.332768383,3.332768383,-4.211502614343465,2.3926615802493965,2.3926615802493965,2.3926615802493965,3.1908666045098677,8.033012,8.033012,8.033012,-21.668126103109685,586.41796875,586.41796875,586.41796875,5.899407449209937
isles-512-seed2,isles,512,master,8.166843884,8.166843884,8.166843884,0,9.94392254576087,9.94392254576087,9.94392254576087,0,26.697747,26.697747,26.697747,0,16.350674,16.350674,16.350674,0,0.066403929,0.066403929,0.066403929,0,18.92255872,18.92255872,18.92255872,0,4.7306396799999995,4.7306396799999995,4.7306396799999995,0,9.848846324,9.848846324,9.848846324,0,3.823029508,3.823029508,3.823029508,0,1.9784745528324628,1.9784745528324628,1.9784745528324628,0,7.929233,7.929233,7.929233,0,526.84765625,526.84765625,526.84765625,0
isles-512-seed2,isles,512,pr-cpu,8.100492066,8.100492066,8.100492066,-0.8124536105066693,9.901149808894843,9.901149808894843,9.901149808894843,-0.4301394813685633,27.449333,27.449333,27.449333,2.815166388384749,16.373603,16.373603,16.373603,0.14023275126149315,0.109846631,0.109846631,0.109846631,65.42188490081664,19.646590831,19.646590831,19.646590831,3.826290734321991,4.91164770775,4.91164770775,4.91164770775,3.826290734322013,10.776572162,10.776572162,10.776572162,9.419639696674809,3.793339852,3.793339852,3.793339852,-0.776600231253044,2.164839727199679,2.164839727199679,2.164839727199679,9.419639696674809,7.724015,7.724015,7.724015,-2.5881191787402447,525.90234375,525.90234375,525.90234375,-0.17942805454019828
isles-512-seed2,isles,512,pr-opencl,8.753689711,8.753689711,8.753689711,7.185711338865097,10.84724721685052,10.84724721685052,10.84724721685052,9.08418852754178,26.522175999999998,26.522175999999998,26.522175999999998,-0.6576247800984869,15.789107,15.789107,15.789107,-3.434518968453548,0.50071442,0.50071442,0.50071442,654.0433639099879,18.518631059,18.518631059,18.518631059,-2.1346355267116923,4.62965776475,4.62965776475,4.62965776475,-2.13463552671167,12.595429888,12.595429888,12.595429888,27.887363389019804,3.946539933,3.946539933,3.946539933,3.2306950480383234,2.5302189409401366,2.5302189409401366,2.5302189409401366,27.887363389019825,8.541159,8.541159,8.541159,7.717341639475106,651.55078125,651.55078125,651.55078125,23.669674434467993
isles-512-seed2,isles,512,pr-auto,7.8453801,7.8453801,7.8453801,-3.936205816665528,9.58645291486755,9.58645291486755,9.58645291486755,-3.5948553425299012,26.729722000000002,26.729722000000002,26.729722000000002,0.11976666046016327,16.122384,16.122384,16.122384,-1.3962115567835331,0.083087208,0.083087208,0.083087208,25.123933555196707,18.922675125,18.922675125,18.922675125,0.0006151652201191737,4.73066878125,4.73066878125,4.73066878125,0.0006151652201191737,10.307008391,10.307008391,10.307008391,4.651936398718459,3.763259544,3.763259544,3.763259544,-1.5634188508073632,2.070511930695058,2.070511930695058,2.070511930695058,4.651936398718437,6.71342,6.71342,6.71342,-15.33329894581229,546.328125,546.328125,546.328125,3.697552512363478
ring-world-512-seed2,ring-world,512,master,10.043071343,10.043071343,10.043071343,0,12.224435369018465,12.224435369018465,12.224435369018465,0,31.095996,31.095996,31.095996,0,27.25051,27.25051,27.25051,0,0.083332533,0.083332533,0.083332533,0,22.357388475,22.357388475,22.357388475,0,5.58934711875,5.58934711875,5.58934711875,0,10.728507844,10.728507844,10.728507844,0,4.506846968,4.506846968,4.506846968,0,2.1664999684975768,2.1664999684975768,2.1664999684975768,0,9.551793,9.551793,9.551793,0,567.36328125,567.36328125,567.36328125,0
ring-world-512-seed2,ring-world,512,pr-cpu,10.023602765,10.023602765,10.023602765,-0.19385083840481876,12.166080680675805,12.166080680675805,12.166080680675805,-0.4773610116223015,31.253171,31.253171,31.253171,0.505450926865314,29.346527,29.346527,29.346527,7.691661550554474,0.077991405,0.077991405,0.077991405,-6.409415156023157,22.467197732,22.467197732,22.467197732,0.49115422010395093,5.616799433000001,5.616799433000001,5.616799433000001,0.49115422010397314,11.095519902,11.095519902,11.095519902,3.42090496960632,4.433021518,4.433021518,4.433021518,-1.638073147905461,2.2406138735864296,2.2406138735864296,2.2406138735864296,3.42090496960632,9.348885,9.348885,9.348885,-2.1242922663839203,576.69921875,576.69921875,576.69921875,1.6454955420152073
ring-world-512-seed2,ring-world,512,pr-opencl,10.495323873,10.495323873,10.495323873,4.503129715544829,12.835242974106222,12.835242974106222,12.835242974106222,4.996612004148537,29.905459,29.905459,29.905459,-3.828586162668657,29.499346,29.499346,29.499346,8.252454724700575,0.095026093,0.095026093,0.095026093,14.032406767234606,20.995864265,20.995864265,20.995864265,-6.089817742007098,5.24896606625,5.24896606625,5.24896606625,-6.089817742007098,9.23333465,9.23333465,9.23333465,-13.93645058325783,4.74138167,4.74138167,4.74138167,5.2039641830589956,1.8645667710016156,1.8645667710016156,1.8645667710016156,-13.93645058325783,9.423014,9.423014,9.423014,-1.3482180780090114,691.9453125,691.9453125,691.9453125,21.95807084581225
ring-world-512-seed2,ring-world,512,pr-auto,9.95176706,9.95176706,9.95176706,-0.9091270974953103,12.098579410929233,12.098579410929233,12.098579410929233,-1.0295441408132544,31.371271,31.371271,31.371271,0.8852425887885929,29.244797,29.244797,29.244797,7.318347436433292,0.08750199,0.08750199,0.08750199,5.003396452619535,22.616770235,22.616770235,22.616770235,1.160161260739545,5.65419255875,5.65419255875,5.65419255875,1.160161260739545,11.252896636,11.252896636,11.252896636,4.8878073225557594,4.446599357,4.446599357,4.446599357,-1.3368017913138797,2.2723943126009694,2.2723943126009694,2.2723943126009694,4.8878073225557594,8.948097,8.948097,8.948097,-6.3202374674576784,559.05078125,559.05078125,559.05078125,-1.4651106750662723
amphitheatre-512-seed2,amphitheatre,512,master,7.879376831,7.879376831,7.879376831,0,9.85880109993741,9.85880109993741,9.85880109993741,0,31.599389000000002,31.599389000000002,31.599389000000002,0,14.423995,14.423995,14.423995,0,0.670050768,0.670050768,0.670050768,0,21.864529651,21.864529651,21.864529651,0,5.46613241275,5.46613241275,5.46613241275,0,15.539899215,15.539899215,15.539899215,0,3.160087311,3.160087311,3.160087311,0,3.1336759860859043,3.1336759860859043,3.1336759860859043,0,5.953415,5.953415,5.953415,0,565.1484375,565.1484375,565.1484375,0
amphitheatre-512-seed2,amphitheatre,512,pr-cpu,7.801164593,7.801164593,7.801164593,-0.9926195900707202,9.793667093850672,9.793667093850672,9.793667093850672,-0.6606686292428665,31.575048000000002,31.575048000000002,31.575048000000002,-0.0770299704212607,14.420275,14.420275,14.420275,-0.025790358357724585,0.668251517,0.668251517,0.668251517,-0.26852457842417854,21.954087242,21.954087242,21.954087242,0.4096021841288655,5.4885218105,5.4885218105,5.4885218105,0.4096021841288655,15.733947526,15.733947526,15.733947526,1.2487102285238416,3.149760086,3.149760086,3.149760086,-0.3268018881646517,3.172806518652954,3.172806518652954,3.172806518652954,1.2487102285238194,5.967625,5.967625,5.967625,0.23868653537508777,568.1875,568.1875,568.1875,0.5377458908749189
amphitheatre-512-seed2,amphitheatre,512,pr-opencl,9.671089067,9.671089067,9.671089067,22.73926319846551,11.784223657101393,11.784223657101393,11.784223657101393,19.52998683761058,29.321654000000002,29.321654000000002,29.321654000000002,-7.208161524895306,17.638586,17.638586,17.638586,22.28641232890056,1.228192912,1.228192912,1.228192912,83.29848582458456,20.094471228,20.094471228,20.094471228,-8.095570548525588,5.023617807,5.023617807,5.023617807,-8.095570548525588,17.805671205,17.805671205,17.805671205,14.580351897089173,3.507977652,3.507977652,3.507977652,11.008883830172135,3.5905769721718093,3.5905769721718093,3.5905769721718093,14.580351897089216,8.43577,8.43577,8.43577,41.696320515200114,692.03125,692.03125,692.03125,22.451236539072973
amphitheatre-512-seed2,amphitheatre,512,pr-auto,7.794563972,7.794563972,7.794563972,-1.076390440755659,9.793585694860667,9.793585694860667,9.793585694860667,-0.6614942772012689,32.580402,32.580402,32.580402,3.104531546480205,14.105246,14.105246,14.105246,-2.2098524021951005,0.849308712,0.849308712,0.849308712,26.752889864607997,22.591780483,22.591780483,22.591780483,3.3261672837619827,5.647945120749999,5.647945120749999,5.647945120749999,3.3261672837619605,16.885115542,16.885115542,16.885115542,8.656531862841943,3.089574307,3.089574307,3.089574307,-2.231362524527414,3.4049436462996576,3.4049436462996576,3.4049436462996576,8.656531862841966,5.542337,5.542337,5.542337,-6.90491087888212,566.1171875,566.1171875,566.1171875,0.17141514259251256
shattered-coast-512-seed2,shattered-coast,512,master,7.334669794,7.334669794,7.334669794,0,9.723462434951216,9.723462434951216,9.723462434951216,0,27.682288,27.682288,27.682288,0,14.257796,14.257796,14.257796,0,1.033202306,1.033202306,1.033202306,0,19.133495073,19.133495073,19.133495073,0,4.78337376825,4.78337376825,4.78337376825,0,13.894866533,13.894866533,13.894866533,0,2.657535475,2.657535475,2.657535475,0,2.7923767148311898,2.7923767148311898,2.7923767148311898,0,6.008374,6.008374,6.008374,0,499.953125,499.953125,499.953125,0
shattered-coast-512-seed2,shattered-coast,512,pr-cpu,7.173934934,7.173934934,7.173934934,-2.1914396218829957,9.418611568864435,9.418611568864435,9.418611568864435,-3.1352089662113336,27.234272,27.234272,27.234272,-1.6184211362875733,14.495464,14.495464,14.495464,1.6669336551034863,0.907743997,0.907743997,0.907743997,-12.14266637534973,18.817247347,18.817247347,18.817247347,-1.6528487074286224,4.70431183675,4.70431183675,4.70431183675,-1.6528487074286224,13.829944608,13.829944608,13.829944608,-0.467236765792689,2.661740494,2.661740494,2.661740494,0.1582300232511491,2.779329704180064,2.779329704180064,2.779329704180064,-0.4672367657927001,5.714436,5.714436,5.714436,-4.892138871514984,510.12890625,510.12890625,510.12890625,2.0353470637872295
shattered-coast-512-seed2,shattered-coast,512,pr-opencl,8.641469042,8.641469042,8.641469042,17.816742739652792,11.085063681937754,11.085063681937754,11.085063681937754,14.003255076013144,24.198857,24.198857,24.198857,-12.583609418412234,22.764936,22.764936,22.764936,59.66658521415229,1.076850324,1.076850324,1.076850324,4.224537416005347,16.398327136,16.398327136,16.398327136,-14.295181965263104,4.099581784,4.099581784,4.099581784,-14.295181965263104,15.013713755,15.013713755,15.013713755,8.052234394211432,2.967504175,2.967504175,2.967504175,11.663765278617788,3.017225433078778,3.017225433078778,3.017225433078778,8.052234394211432,8.300391,8.300391,8.300391,38.147042777297145,631.95703125,631.95703125,631.95703125,26.403256555302068
shattered-coast-512-seed2,shattered-coast,512,pr-auto,7.190468227,7.190468227,7.190468227,-1.9660267067232007,9.522856172639877,9.522856172639877,9.522856172639877,-2.0631155172693982,27.588765,27.588765,27.588765,-0.33784418397786453,15.629738,15.629738,15.629738,9.62239886164733,0.982028678,0.982028678,0.982028678,-4.9529146134135615,19.143095615,19.143095615,19.143095615,0.050176624622810806,4.78577390375,4.78577390375,4.78577390375,0.050176624622810806,14.168731339,14.168731339,14.168731339,1.9709783131027336,2.562711663,2.562711663,2.562711663,-3.5681108640704062,2.8474138543006435,2.8474138543006435,2.8474138543006435,1.9709783131027558,5.791405,5.791405,5.791405,-3.6111100940121155,507.43359375,507.43359375,507.43359375,1.4962340219395465
crater-lakes-512-seed2,crater-lakes,512,master,10.126187692,10.126187692,10.126187692,0,12.49176620086655,12.49176620086655,12.49176620086655,0,37.849591999999994,37.849591999999994,37.849591999999994,0,24.349267,24.349267,24.349267,0,0.519828708,0.519828708,0.519828708,0,27.563762355,27.563762355,27.563762355,0,6.89094058875,6.89094058875,6.89094058875,0,17.445047755,17.445047755,17.445047755,0,6.002006121,6.002006121,6.002006121,0,3.5256765875101053,3.5256765875101053,3.5256765875101053,0,6.980838,6.980838,6.980838,0,527.25,527.25,527.25,0
crater-lakes-512-seed2,crater-lakes,512,pr-cpu,9.982289791,9.982289791,9.982289791,-1.4210471440667116,12.357322833966464,12.357322833966464,12.357322833966464,-1.076255869172127,38.158825,38.158825,38.158825,0.8170048438038702,23.864219,23.864219,23.864219,-1.992043538723376,0.438192412,0.438192412,0.438192412,-15.704460862519365,27.825980255,27.825980255,27.825980255,0.9513138904001295,6.956495063749999,6.956495063749999,6.956495063749999,0.9513138904001295,17.978258074,17.978258074,17.978258074,3.056513954495621,5.869138502,5.869138502,5.869138502,-2.213720151585963,3.6334393843977364,3.6334393843977364,3.6334393843977364,3.056513954495621,6.332273,6.332273,6.332273,-9.290646767623034,539.671875,539.671875,539.671875,2.3559743954480794
crater-lakes-512-seed2,crater-lakes,512,pr-opencl,10.757403376,10.757403376,10.757403376,6.233497770327512,13.261154509615153,13.261154509615153,13.261154509615153,6.159163535219148,32.92169,32.92169,32.92169,-13.019696487084975,26.894331,26.894331,26.894331,10.45232285637181,0.029237722,0.029237722,0.029237722,-94.3755084030488,23.176695754,23.176695754,23.176695754,-15.916065972772387,5.7941739385,5.7941739385,5.7941739385,-15.916065972772387,10.702521559,10.702521559,10.702521559,-38.65008735254105,6.545647253,6.545647253,6.545647253,9.057657073988846,2.1629995066693612,2.1629995066693612,2.1629995066693612,-38.65008735254105,9.593163,9.593163,9.593163,37.42136689033608,668.7109375,668.7109375,668.7109375,26.82995495495495
crater-lakes-512-seed2,crater-lakes,512,pr-auto,10.015540825,10.015540825,10.015540825,-1.0926803883697933,12.552768172230572,12.552768172230572,12.552768172230572,0.48833744070386764,38.559234,38.559234,38.559234,1.8748999989220527,24.002509,24.002509,24.002509,-1.4241003640889982,0.42817109,0.42817109,0.42817109,-17.632273206427072,27.861125992,27.861125992,27.861125992,1.0788209286170192,6.9652814979999995,6.9652814979999995,6.9652814979999995,1.0788209286170192,18.110757636,18.110757636,18.110757636,3.8160393158522377,5.972020294,5.972020294,5.972020294,-0.49959674141425436,3.6602177922392887,3.6602177922392887,3.6602177922392887,3.8160393158522377,6.550552,6.550552,6.550552,-6.163815862794708,546.9375,546.9375,546.9375,3.733997155049784
fjord-continent-512-seed2,fjord-continent,512,master,9.896966634,9.896966634,9.896966634,0,11.888896559365094,11.888896559365094,11.888896559365094,0,29.591531,29.591531,29.591531,0,26.549694,26.549694,26.549694,0,0.226553462,0.226553462,0.226553462,0,21.152143806,21.152143806,21.152143806,0,5.2880359515,5.2880359515,5.2880359515,0,9.397302817,9.397302817,9.397302817,0,3.580916924,3.580916924,3.580916924,0,1.9015181742209633,1.9015181742209633,1.9015181742209633,0,10.068801,10.068801,10.068801,0,592.8125,592.8125,592.8125,0
fjord-continent-512-seed2,fjord-continent,512,pr-cpu,9.661151746,9.661151746,9.661151746,-2.382698625959623,11.714179779868573,11.714179779868573,11.714179779868573,-1.4695794401448747,29.937307999999998,29.937307999999998,29.937307999999998,1.1684998657217172,25.793688,25.793688,25.793688,-2.847513044783112,0.227899315,0.227899315,0.227899315,0.5940553669402604,21.407557793,21.407557793,21.407557793,1.2075087487233738,5.351889448250001,5.351889448250001,5.351889448250001,1.2075087487233738,9.978442166,9.978442166,9.978442166,6.184107933062477,3.397895393,3.397895393,3.397895393,-5.111024212076909,2.0191101104815865,2.0191101104815865,2.0191101104815865,6.184107933062477,8.50329,8.50329,8.50329,-15.548137260831762,571.078125,571.078125,571.078125,-3.666315234580919
fjord-continent-512-seed2,fjord-continent,512,pr-opencl,10.170674017,10.170674017,10.170674017,2.765568412241648,12.226569953840226,12.226569953840226,12.226569953840226,2.8402416724632173,28.921048,28.921048,28.921048,-2.265793547484929,25.612119,25.612119,25.612119,-3.5313966330459357,0.465224133,0.465224133,0.465224133,105.34849871329706,20.288706762,20.288706762,20.288706762,-4.0820308897251305,5.072176690499999,5.072176690499999,5.072176690499999,-4.082030889725152,10.357385546,10.357385546,10.357385546,10.216577540346815,3.645816463,3.645816463,3.645816463,1.8123720928857834,2.095788252934035,2.095788252934035,2.095788252934035,10.216577540346794,9.707923,9.707923,9.707923,-3.5841208898656496,691.82421875,691.82421875,691.82421875,16.702029520295202
fjord-continent-512-seed2,fjord-continent,512,pr-auto,9.929664321,9.929664321,9.929664321,0.3303808955733123,11.88125436520204,11.88125436520204,11.88125436520204,-0.06428009634783516,30.239334,30.239334,30.239334,2.189149997004214,27.173639,27.173639,27.173639,2.350102415493005,0.236060407,0.236060407,0.236060407,4.196336227252173,21.832481008,21.832481008,21.832481008,3.2163983388152406,5.4581202520000005,5.4581202520000005,5.4581202520000005,3.216398338815263,10.071306159,10.071306159,10.071306159,7.172306300279141,3.455553952,3.455553952,3.455553952,-3.500862339469346,2.037900882031566,2.037900882031566,2.037900882031566,7.172306300279119,9.582263,9.582263,9.582263,-4.832134431895129,593.30859375,593.30859375,593.30859375,0.08368476541908976
spider-web-512-seed2,spider-web,512,master,9.183799523,9.183799523,9.183799523,0,11.398677171673626,11.398677171673626,11.398677171673626,0,28.055556000000003,28.055556000000003,28.055556000000003,0,24.529615,24.529615,24.529615,0,0.066079169,0.066079169,0.066079169,0,19.582033757,19.582033757,19.582033757,0,4.8955084392499995,4.8955084392499995,4.8955084392499995,0,9.339394507,9.339394507,9.339394507,0,4.029470991,4.029470991,4.029470991,0,1.8799103274959743,1.8799103274959743,1.8799103274959743,0,9.619713,9.619713,9.619713,0,558.17578125,558.17578125,558.17578125,0
spider-web-512-seed2,spider-web,512,pr-cpu,9.134184516,9.134184516,9.134184516,-0.5402448831308138,11.209680517669767,11.209680517669767,11.209680517669767,-1.6580577829989451,28.428442999999998,28.428442999999998,28.428442999999998,1.3291021571627315,21.99794,21.99794,21.99794,-10.320891705801339,0.079950303,0.079950303,0.079950303,20.991689529267553,20.047883006,20.047883006,20.047883006,2.3789625468982223,5.0119707515,5.0119707515,5.0119707515,2.3789625468982445,9.920388466,9.920388466,9.920388466,6.220895354238842,4.00917899,4.00917899,4.00917899,-0.503589703098084,1.9968575817230274,1.9968575817230274,1.9968575817230274,6.220895354238842,9.952501,9.952501,9.952501,3.459437927098219,565.11328125,565.11328125,565.11328125,1.2428880351031957
spider-web-512-seed2,spider-web,512,pr-opencl,9.462947726,9.462947726,9.462947726,3.039572045327188,11.661247262265533,11.661247262265533,11.661247262265533,2.3035137028392105,26.504759,26.504759,26.504759,-5.527593179760915,23.886649,23.886649,23.886649,-2.621182599074634,0.200307887,0.200307887,0.200307887,203.13318104832706,18.263612573,18.263612573,18.263612573,-6.732810291110369,4.56590314325,4.56590314325,4.56590314325,-6.732810291110347,8.026892926,8.026892926,8.026892926,-14.053390506378783,4.100671948,4.100671948,4.100671948,1.7670050773173518,1.6157191880032207,1.6157191880032207,1.6157191880032207,-14.053390506378793,9.624074,9.624074,9.624074,0.045333992812457424,691.9296875,691.9296875,691.9296875,23.962685365973147
spider-web-512-seed2,spider-web,512,pr-auto,8.850865818,8.850865818,8.850865818,-3.625228361814692,10.9224269320257,10.9224269320257,10.9224269320257,-4.178118499850447,28.214340999999997,28.214340999999997,28.214340999999997,0.5659663276678328,23.902679,23.902679,23.902679,-2.555833020616105,0.142612954,0.142612954,0.142612954,115.82134908506494,20.039937878,20.039937878,20.039937878,2.338388987999318,5.0099844695,5.0099844695,5.0099844695,2.3383889879993403,10.20476259,10.20476259,10.20476259,9.26578358320118,4.155515274,4.155515274,4.155515274,3.1280603156475184,2.05409875,2.05409875,2.05409875,9.265783583201204,9.097856,9.097856,9.097856,-5.424870783567037,565.05078125,565.05078125,565.05078125,1.2316908455977549
concrete-islands-512-seed2,concrete-islands,512,master,8.73620155,8.73620155,8.73620155,0,10.715539252385497,10.715539252385497,10.715539252385497,0,32.475231,32.475231,32.475231,0,14.621103,14.621103,14.621103,0,0.554469267,0.554469267,0.554469267,0,23.165531842,23.165531842,23.165531842,0,5.7913829605,5.7913829605,5.7913829605,0,14.829732604,14.829732604,14.829732604,0,4.351924421,4.351924421,4.351924421,0,2.9796529242515573,2.9796529242515573,2.9796529242515573,0,5.689698,5.689698,5.689698,0,533.2421875,533.2421875,533.2421875,0
concrete-islands-512-seed2,concrete-islands,512,pr-cpu,8.6605378,8.6605378,8.6605378,-0.8660943725594339,10.543302782811224,10.543302782811224,10.543302782811224,-1.6073523274708679,32.399567,32.399567,32.399567,-0.23298987465247833,14.533558,14.533558,14.533558,-0.5987578365325819,0.572992632,0.572992632,0.572992632,3.340737909645042,23.289086853,23.289086853,23.289086853,0.5333571093584455,5.82227171325,5.82227171325,5.82227171325,0.5333571093584455,15.074754386,15.074754386,15.074754386,1.652233310895368,4.322962779,4.322962779,4.322962779,-0.6654904634889047,3.02888374241511,3.02888374241511,3.02888374241511,1.6522333108953902,5.579808,5.579808,5.579808,-1.931385461934887,545.5078125,545.5078125,545.5078125,2.3001977877078694
concrete-islands-512-seed2,concrete-islands,512,pr-opencl,9.987953341,9.987953341,9.987953341,14.32833003950098,11.991044032853097,11.991044032853097,11.991044032853097,11.903318633111692,29.899937,29.899937,29.899937,-7.930025193662205,19.42767,19.42767,19.42767,32.87417508788495,0.391634225,0.391634225,0.391634225,-29.367730853872555,21.326579665,21.326579665,21.326579665,-7.9383119262813935,5.33164491625,5.33164491625,5.33164491625,-7.9383119262813935,14.319990155,14.319990155,14.319990155,-3.437300338527405,4.762226844,4.762226844,4.762226844,9.42806867279462,2.877233304199317,2.877233304199317,2.877233304199317,-3.4373003385273937,8.227124,8.227124,8.227124,44.59684854978243,644.61328125,644.61328125,644.61328125,20.88564940297415
concrete-islands-512-seed2,concrete-islands,512,pr-auto,8.73312632,8.73312632,8.73312632,-0.03520099647884578,10.743890149053186,10.743890149053186,10.743890149053186,0.26457741416399116,32.785688,32.785688,32.785688,0.9559808827841687,15.244974,15.244974,15.244974,4.266921585874872,0.492704261,0.492704261,0.492704261,-11.139482325897788,23.364719922,23.364719922,23.364719922,0.8598467816692379,5.8411799805,5.8411799805,5.8411799805,0.8598467816692379,15.094026233,15.094026233,15.094026233,1.7821874207543775,4.28372386,4.28372386,4.28372386,-1.5671356945194392,3.032755923849709,3.032755923849709,3.032755923849709,1.7821874207543997,5.215221,5.215221,5.215221,-8.339229955614524,549.0546875,549.0546875,549.0546875,2.9653505237711597
watershed-512-seed2,watershed,512,master,8.690472441,8.690472441,8.690472441,0,11.006309347227216,11.006309347227216,11.006309347227216,0,30.879762,30.879762,30.879762,0,17.243513,17.243513,17.243513,0,0.688880866,0.688880866,0.688880866,0,21.563178961,21.563178961,21.563178961,0,5.39079474025,5.39079474025,5.39079474025,0,14.023939554,14.023939554,14.023939554,0,3.435080088,3.435080088,3.435080088,0,2.8291183284244505,2.8291183284244505,2.8291183284244505,0,6.730822,6.730822,6.730822,0,544.65234375,544.65234375,544.65234375,0
watershed-512-seed2,watershed,512,pr-cpu,8.485732578,8.485732578,8.485732578,-2.35591176877884,10.929875448346138,10.929875448346138,10.929875448346138,-0.6944553025881817,31.177154,31.177154,31.177154,0.9630644174006386,15.337313,15.337313,15.337313,-11.054591950027815,0.739868686,0.739868686,0.739868686,7.40154394127126,21.5368411,21.5368411,21.5368411,-0.12214275570237021,5.384210275,5.384210275,5.384210275,-0.12214275570237021,14.529352051,14.529352051,14.529352051,3.6039266645002233,3.377786406,3.377786406,3.377786406,-1.6678994530621827,2.931077678232802,2.931077678232802,2.931077678232802,3.6039266645002233,6.198215,6.198215,6.198215,-7.912956248137293,576.75390625,576.75390625,576.75390625,5.893954715952687
watershed-512-seed2,watershed,512,pr-opencl,9.251184434,9.251184434,9.251184434,6.4520311963095045,11.643469037953764,11.643469037953764,11.643469037953764,5.789040364262221,26.350979,26.350979,26.350979,-14.665861090509702,21.582557,21.582557,21.582557,25.16334113588108,0.586168049,0.586168049,0.586168049,-14.91009869332036,17.956264959,17.956264959,17.956264959,-16.72719040417744,4.48906623975,4.48906623975,4.48906623975,-16.72719040417744,10.929101509,10.929101509,10.929101509,-22.06825003119234,3.814313063,3.814313063,3.814313063,11.040003880107507,2.2047814220294533,2.2047814220294533,2.2047814220294533,-22.06825003119235,8.331873,8.331873,8.331873,23.78685693961302,673.4609375,673.4609375,673.4609375,23.649690527931376
watershed-512-seed2,watershed,512,pr-auto,8.741262564,8.741262564,8.741262564,0.5844345442070686,11.040611333213747,11.040611333213747,11.040611333213747,0.31165747667425414,31.469603000000003,31.469603000000003,31.469603000000003,1.9101215870770183,16.783055,16.783055,16.783055,-2.6703259364840526,0.736431189,0.736431189,0.736431189,6.9025466298841875,22.054084685,22.054084685,22.054084685,2.276592541794842,5.51352117125,5.51352117125,5.51352117125,2.276592541794842,14.703017624,14.703017624,14.703017624,4.842277502588832,3.41269839,3.41269839,3.41269839,-0.6515626252263318,2.966112088763365,2.966112088763365,2.966112088763365,4.842277502588832,6.743023,6.743023,6.743023,0.18127057883865483,556.33984375,556.33984375,556.33984375,2.1458642626101865
maze-512-seed2,maze,512,master,9.095483414,9.095483414,9.095483414,0,11.691539616789669,11.691539616789669,11.691539616789669,0,33.325466999999996,33.325466999999996,33.325466999999996,0,19.756599,19.756599,19.756599,0,0.818555205,0.818555205,0.818555205,0,22.888737545,22.888737545,22.888737545,0,5.72218438625,5.72218438625,5.72218438625,0,15.411548758,15.411548758,15.411548758,0,4.338127324,4.338127324,4.338127324,0,3.097798745326633,3.097798745326633,3.097798745326633,0,6.297305,6.297305,6.297305,0,555.81640625,555.81640625,555.81640625,0
maze-512-seed2,maze,512,pr-cpu,8.906831709,8.906831709,8.906831709,-2.074125105979774,11.366542642004788,11.366542642004788,11.366542642004788,-2.779761994033425,33.344408,33.344408,33.344408,0.056836412825078675,19.160951,19.160951,19.160951,-3.01493187162426,0.831410944,0.831410944,0.831410944,1.5705402545207692,22.958461167,22.958461167,22.958461167,0.30461978019939995,5.73961529175,5.73961529175,5.73961529175,0.30461978019939995,15.813891297,15.813891297,15.813891297,2.6106561080770474,4.293592726,4.293592726,4.293592726,-1.0265857747793539,3.178671617487437,3.178671617487437,3.178671617487437,2.6106561080770696,6.026866,6.026866,6.026866,-4.294519639750649,559.359375,559.359375,559.359375,0.6374350793104222
maze-512-seed2,maze,512,pr-opencl,13.660558431,13.660558431,13.660558431,50.19057051957589,16.412301554810256,16.412301554810256,16.412301554810256,40.37759005872352,39.032458,39.032458,39.032458,17.12501433213225,23.455937,23.455937,23.455937,18.724568940231045,5.920905736,5.920905736,5.920905736,623.3361537295459,27.136441189,27.136441189,27.136441189,18.55805124965444,6.78411029725,6.78411029725,6.78411029725,18.55805124965444,39.308076727,39.308076727,39.308076727,155.0559800590808,4.625892486,4.625892486,4.625892486,6.633395945019505,7.901120950150753,7.901120950150753,7.901120950150753,155.05598005908087,12.500939,12.500939,12.500939,98.51252242030522,671.15234375,671.15234375,671.15234375,20.750725635853783
maze-512-seed2,maze,512,pr-auto,8.920974549,8.920974549,8.920974549,-1.9186321062538703,11.490105914417654,11.490105914417654,11.490105914417654,-1.7229014225187633,33.583219,33.583219,33.583219,0.7734385237572416,15.486003,15.486003,15.486003,-21.616048389705135,0.851397654,0.851397654,0.851397654,4.012246064698832,22.899022215,22.899022215,22.899022215,0.04493332137596173,5.72475555375,5.72475555375,5.72475555375,0.04493332137596173,15.97463851,15.97463851,15.97463851,3.6536869904636005,4.244174041,4.244174041,4.244174041,-2.165756695987664,3.210982615075377,3.210982615075377,3.210982615075377,3.6536869904636005,5.932067,5.932067,5.932067,-5.7999096438873465,551.578125,551.578125,551.578125,-0.7625325921188586
islands-512-seed2,islands,512,master,10.364860861,10.364860861,10.364860861,0,12.569377335719764,12.569377335719764,12.569377335719764,0,31.612973,31.612973,31.612973,0,27.664894,27.664894,27.664894,0,0.140224113,0.140224113,0.140224113,0,22.556097393,22.556097393,22.556097393,0,5.6390243482499995,5.6390243482499995,5.6390243482499995,0,10.530338539,10.530338539,10.530338539,0,4.107288315,4.107288315,4.107288315,0,2.1247656454802257,2.1247656454802257,2.1247656454802257,0,9.322177,9.322177,9.322177,0,566.75,566.75,566.75,0
islands-512-seed2,islands,512,pr-cpu,10.381816956,10.381816956,10.381816956,0.16359211404177731,12.530184437986463,12.530184437986463,12.530184437986463,-0.3118125638723712,32.236661,32.236661,32.236661,1.9728862578030748,30.365718,30.365718,30.365718,9.76263997252258,0.142484929,0.142484929,0.142484929,1.6122876099062822,23.258400042,23.258400042,23.258400042,3.113582268969761,5.8146000104999995,5.8146000104999995,5.8146000104999995,3.113582268969761,11.274051535,11.274051535,11.274051535,7.062574420049228,4.096768042,4.096768042,4.096768042,-0.25613670609826444,2.274828800443906,2.274828800443906,2.274828800443906,7.062574420049228,9.565016,9.565016,9.565016,2.6049601933110678,583.15234375,583.15234375,583.15234375,2.8941056462284953
islands-512-seed2,islands,512,pr-opencl,10.883931768,10.883931768,10.883931768,5.007987217205345,13.1362060951069,13.1362060951069,13.1362060951069,4.509600947187065,31.010423,31.010423,31.010423,-1.9060213033427753,31.438492,31.438492,31.438492,13.640384814053498,0.275948564,0.275948564,0.275948564,96.79109255624243,21.910847749,21.910847749,21.910847749,-2.860643987998779,5.4777119372500005,5.4777119372500005,5.4777119372500005,-2.8606439879987455,11.440484194,11.440484194,11.440484194,8.643080672375314,4.257852803,4.257852803,4.257852803,3.665788141780335,2.3084108543179984,2.3084108543179984,2.3084108543179984,8.643080672375358,9.936463,9.936463,9.936463,6.589512299541189,679.1484375,679.1484375,679.1484375,19.832101896779886
islands-512-seed2,islands,512,pr-auto,10.270140696,10.270140696,10.270140696,-0.913858529026712,12.325630753301084,12.325630753301084,12.325630753301084,-1.939209683251364,32.132503,32.132503,32.132503,1.6434075972544537,29.772451,29.772451,29.772451,7.618164016822182,0.163572612,0.163572612,0.163572612,16.65084449491223,23.337571936,23.337571936,23.337571936,3.464582234170166,5.834392984,5.834392984,5.834392984,3.464582234170188,11.380385102,11.380385102,11.380385102,8.072357406666274,4.053457392,4.053457392,4.053457392,-1.3106195346308303,2.296284322437449,2.296284322437449,2.296284322437449,8.072357406666274,9.515466,9.515466,9.515466,2.073431989115848,569.4921875,569.4921875,569.4921875,0.48384428760477327
stone-highlands-512-seed2,stone-highlands,512,master,10.111201515,10.111201515,10.111201515,0,12.916905793361366,12.916905793361366,12.916905793361366,0,36.266445000000004,36.266445000000004,36.266445000000004,0,26.320491,26.320491,26.320491,0,0.976705132,0.976705132,0.976705132,0,25.331841524,25.331841524,25.331841524,0,6.332960381,6.332960381,6.332960381,0,16.377629618,16.377629618,16.377629618,0,4.177785463,4.177785463,4.177785463,0,3.3059405769075494,3.3059405769075494,3.3059405769075494,0,9.255348,9.255348,9.255348,0,579.5078125,579.5078125,579.5078125,0
stone-highlands-512-seed2,stone-highlands,512,pr-cpu,10.00427138,10.00427138,10.00427138,-1.0575413301907588,12.874121005181223,12.874121005181223,12.874121005181223,-0.3312309376919953,36.611209,36.611209,36.611209,0.950641839860511,24.67938,24.67938,24.67938,-6.235107848102084,0.852836578,0.852836578,0.852836578,-12.682287615951626,25.632049837,25.632049837,25.632049837,1.1851026018600885,6.40801245925,6.40801245925,6.40801245925,1.1851026018600885,16.76119336,16.76119336,16.76119336,2.3419979016892745,4.080991834,4.080991834,4.080991834,-2.3168645172721325,3.383365635849818,3.383365635849818,3.383365635849818,2.3419979016892523,7.352389,7.352389,7.352389,-20.56064234429651,584.55078125,584.55078125,584.55078125,0.8702158350971434
stone-highlands-512-seed2,stone-highlands,512,pr-opencl,10.524151911,10.524151911,10.524151911,4.084088279591569,13.527683852240443,13.527683852240443,13.527683852240443,4.728516787611681,30.216145,30.216145,30.216145,-16.682914468181266,26.58155,26.58155,26.58155,0.9918469985989331,0.356181878,0.356181878,0.356181878,-63.53230198855964,20.237391208,20.237391208,20.237391208,-20.11085657224485,5.0593478020000004,5.0593478020000004,5.0593478020000004,-20.110856572244828,10.17928159,10.17928159,10.17928159,-37.846429383087546,4.505098504,4.505098504,4.505098504,7.834606250100795,2.054760111021397,2.054760111021397,2.054760111021397,-37.846429383087546,12.078682,12.078682,12.078682,30.504892954862427,693.84765625,693.84765625,693.84765625,19.730509457109346
stone-highlands-512-seed2,stone-highlands,512,pr-auto,10.033452195,10.033452195,10.033452195,-0.768942443533116,12.873594258911908,12.873594258911908,12.873594258911908,-0.33530889782998896,36.866855,36.866855,36.866855,1.6555523983671216,25.947033,25.947033,25.947033,-1.4188869045034136,0.972661531,0.972661531,0.972661531,-0.41400427493607506,25.78541271,25.78541271,25.78541271,1.7905180149270672,6.4463531775,6.4463531775,6.4463531775,1.7905180149270672,17.188010216,17.188010216,17.188010216,4.948094546657367,4.085385437,4.085385437,4.085385437,-2.2116986814743944,3.469521642309245,3.469521642309245,3.469521642309245,4.948094546657367,7.751776,7.751776,7.751776,-16.245439933755044,569.67578125,569.67578125,569.67578125,-1.696617549914392
switchbacks-512-seed2,switchbacks,512,master,9.199171517,9.199171517,9.199171517,0,11.738034673035145,11.738034673035145,11.738034673035145,0,35.441067,35.441067,35.441067,0,18.023528,18.023528,18.023528,0,0.303914895,0.303914895,0.303914895,0,24.012555577,24.012555577,24.012555577,0,6.00313889425,6.00313889425,6.00313889425,0,16.620672613,16.620672613,16.620672613,0,5.912299134,5.912299134,5.912299134,0,3.3341369334002007,3.3341369334002007,3.3341369334002007,0,5.29154,5.29154,5.29154,0,589.0390625,589.0390625,589.0390625,0
switchbacks-512-seed2,switchbacks,512,pr-cpu,8.859150328,8.859150328,8.859150328,-3.69621534256257,11.48746039904654,11.48746039904654,11.48746039904654,-2.134720853774852,35.618218000000006,35.618218000000006,35.618218000000006,0.4998466891530384,17.108724,17.108724,17.108724,-5.075610058141777,0.313861804,0.313861804,0.313861804,3.272925797203863,24.202367938,24.202367938,24.202367938,0.7904713031952504,6.0505919845000005,6.0505919845000005,6.0505919845000005,0.7904713031952726,17.197344499,17.197344499,17.197344499,3.469606191201624,5.82161454,5.82161454,5.82161454,-1.533829597330394,3.4498183548645938,3.4498183548645938,3.4498183548645938,3.469606191201624,4.769983,4.769983,4.769983,-9.856431209062022,546.27734375,546.27734375,546.27734375,-7.259572662042258
switchbacks-512-seed2,switchbacks,512,pr-opencl,9.879061376,9.879061376,9.879061376,7.390772720603889,12.656733113341033,12.656733113341033,12.656733113341033,7.8266802398900825,32.496175,32.496175,32.496175,-8.309264503802883,20.718263,20.718263,20.718263,14.951207111060615,0.390323921,0.390323921,0.390323921,28.431981262385975,21.639722703,21.639722703,21.639722703,-9.881634074270607,5.40993067575,5.40993067575,5.40993067575,-9.881634074270607,15.828146075,15.828146075,15.828146075,-4.768318084673173,6.429312493,6.429312493,6.429312493,8.744709076487677,3.1751546790371115,3.1751546790371115,3.1751546790371115,-4.768318084673173,7.851136,7.851136,7.851136,48.371475978637605,657.15625,657.15625,657.15625,11.564120588352322
switchbacks-512-seed2,switchbacks,512,pr-auto,8.831606314,8.831606314,8.831606314,-3.99563376246157,11.49811824876815,11.49811824876815,11.49811824876815,-2.043923288266769,35.482406,35.482406,35.482406,0.11664152210766332,17.479201,17.479201,17.479201,-3.0200912940019253,0.382997834,0.382997834,0.382997834,26.02140938172839,24.045820657,24.045820657,24.045820657,0.138532027102789,6.01145516425,6.01145516425,6.01145516425,0.138532027102789,17.157493225,17.157493225,17.157493225,3.229836869418401,5.839934364,5.839934364,5.839934364,-1.223970038725719,3.4418241173520565,3.4418241173520565,3.4418241173520565,3.229836869418401,4.095997,4.095997,4.095997,-22.59347940297155,546.9921875,546.9921875,546.9921875,-7.138215048344099
city-states-512-seed2,city-states,512,master,8.412432992,8.412432992,8.412432992,0,10.554170391056687,10.554170391056687,10.554170391056687,0,28.397494000000002,28.397494000000002,28.397494000000002,0,21.452559,21.452559,21.452559,0,0.357871875,0.357871875,0.357871875,0,19.629587073,19.629587073,19.629587073,0,4.90739676825,4.90739676825,4.90739676825,0,11.445966479,11.445966479,11.445966479,0,3.793499181,3.793499181,3.793499181,0,2.3002344210209005,2.3002344210209005,2.3002344210209005,0,5.916597,5.916597,5.916597,0,565.4140625,565.4140625,565.4140625,0
city-states-512-seed2,city-states,512,pr-cpu,8.34719752,8.34719752,8.34719752,-0.7754649821524517,10.560185757,10.560185757,10.560185757,0.05699515661041765,28.988296,28.988296,28.988296,2.0804723120990687,18.517055,18.517055,18.517055,-13.683700858251935,0.409933736,0.409933736,0.409933736,14.547625738960335,19.964111377,19.964111377,19.964111377,1.7041841112395595,4.9910278442500005,4.9910278442500005,4.9910278442500005,1.7041841112395595,12.148060013,12.148060013,12.148060013,6.133982091316925,3.719971993,3.719971993,3.719971993,-1.9382418314010996,2.44133038846463,2.44133038846463,2.44133038846463,6.133982091316925,6.688362,6.688362,6.688362,13.044069082278199,548.6640625,548.6640625,548.6640625,-2.9624307407458583
city-states-512-seed2,city-states,512,pr-opencl,9.147063982,9.147063982,9.147063982,8.73268162371832,11.413820225279778,11.413820225279778,11.413820225279778,8.145119913466004,27.091924,27.091924,27.091924,-4.597483144111248,22.120756,22.120756,22.120756,3.114765935383268,0.693878456,0.693878456,0.693878456,93.89018933102804,18.276146997,18.276146997,18.276146997,-6.894898354034263,4.56903674925,4.56903674925,4.56903674925,-6.894898354034263,12.961655872,12.961655872,12.961655872,13.242126785718323,3.919947178,3.919947178,3.919947178,3.333281252130571,2.604834379421222,2.604834379421222,2.604834379421222,13.242126785718323,8.430003,8.430003,8.430003,42.480601602576606,664.95703125,664.95703125,664.95703125,17.605322426871894
city-states-512-seed2,city-states,512,pr-auto,8.228303852,8.228303852,8.228303852,-2.1887739275320395,10.371200355235487,10.371200355235487,10.371200355235487,-1.7336278365966407,28.465504,28.465504,28.465504,0.23949296371010842,21.329429,21.329429,21.329429,-0.5739641597070078,0.424311425,0.424311425,0.424311425,18.565177830752976,19.693056734,19.693056734,19.693056734,0.32333670985520424,4.923264183500001,4.923264183500001,4.923264183500001,0.32333670985520424,12.026610773,12.026610773,12.026610773,5.072916254519111,3.741198956,3.741198956,3.741198956,-1.3786802765623163,2.416923386856913,2.416923386856913,2.416923386856913,5.072916254519089,5.3318,5.3318,5.3318,-9.884009338476151,567.51953125,567.51953125,567.51953125,0.37237643872714
canals-512-seed2,canals,512,master,10.423151821,10.423151821,10.423151821,0,13.193748018238693,13.193748018238693,13.193748018238693,0,37.911408,37.911408,37.911408,0,22.470893,22.470893,22.470893,0,0.376831038,0.376831038,0.376831038,0,26.526514865,26.526514865,26.526514865,0,6.63162871625,6.63162871625,6.63162871625,0,16.88379901,16.88379901,16.88379901,0,6.069290076,6.069290076,6.069290076,0,3.407426641775984,3.407426641775984,3.407426641775984,0,7.708156,7.708156,7.708156,0,544.578125,544.578125,544.578125,0
canals-512-seed2,canals,512,pr-cpu,10.3650312,10.3650312,10.3650312,-0.5576108071543184,13.238601905293763,13.238601905293763,13.238601905293763,0.33996319312044054,38.551637,38.551637,38.551637,1.6887502569147506,19.909798,19.909798,19.909798,-11.397388612904713,0.325774757,0.325774757,0.325774757,-13.548852363907448,27.009317472,27.009317472,27.009317472,1.820075533695631,6.752329368,6.752329368,6.752329368,1.820075533695631,17.401490065,17.401490065,17.401490065,3.0662000577795334,5.981076384,5.981076384,5.981076384,-1.4534433334934205,3.511905159434914,3.511905159434914,3.511905159434914,3.0662000577795334,7.361538,7.361538,7.361538,-4.496769395948908,550.3046875,550.3046875,550.3046875,1.0515594066507816
canals-512-seed2,canals,512,pr-opencl,11.212644491,11.212644491,11.212644491,7.574413992602258,14.222178598865867,14.222178598865867,14.222178598865867,7.794832667756713,34.775828,34.775828,34.775828,-8.270808617817638,23.179589,23.179589,23.179589,3.153839947526782,0.095658133,0.095658133,0.095658133,-74.6151130470309,23.782837033,23.782837033,23.782837033,-10.343152298608604,5.94570925825,5.94570925825,5.94570925825,-10.343152298608604,12.627045703,12.627045703,12.627045703,-25.212058639639068,6.576100673,6.576100673,6.576100673,8.350409861016516,2.5483442387487387,2.5483442387487387,2.5483442387487387,-25.212058639639068,9.789254,9.789254,9.789254,26.998649222978877,694.05078125,694.05078125,694.05078125,27.447422029667457
canals-512-seed2,canals,512,pr-auto,10.386811657,10.386811657,10.386811657,-0.34864851461514634,13.258858031127602,13.258858031127602,13.258858031127602,0.4934914081950126,38.568113,38.568113,38.568113,1.7322094710911173,20.335745,20.335745,20.335745,-9.501838667470853,0.340212961,0.340212961,0.340212961,-9.717372856107465,26.895653481,26.895653481,26.895653481,1.3915835452890768,6.72391337025,6.72391337025,6.72391337025,1.3915835452890768,17.335333908,17.335333908,17.335333908,2.67436788208959,5.920123767,5.920123767,5.920123767,-2.45772251996742,3.4985537654894046,3.4985537654894046,3.4985537654894046,2.67436788208959,6.414733,6.414733,6.414733,-16.7799276506599,556.44140625,556.44140625,556.44140625,2.1784351418816073
sierpinski-gardens-512-seed2,sierpinski-gardens,512,master,8.638438975,8.638438975,8.638438975,0,10.87961448309943,10.87961448309943,10.87961448309943,0,31.752364999999998,31.752364999999998,31.752364999999998,0,20.268515,20.268515,20.268515,0,0.67443489,0.67443489,0.67443489,0,22.432450001,22.432450001,22.432450001,0,5.60811250025,5.60811250025,5.60811250025,0,14.738660292,14.738660292,14.738660292,0,4.121954544,4.121954544,4.121954544,0,2.9739023995157385,2.9739023995157385,2.9739023995157385,0,6.149205,6.149205,6.149205,0,561.26953125,561.26953125,561.26953125,0
sierpinski-gardens-512-seed2,sierpinski-gardens,512,pr-cpu,8.505759355,8.505759355,8.505759355,-1.5359212513276987,10.803953749593347,10.803953749593347,10.803953749593347,-0.6954357952996926,32.30639,32.30639,32.30639,1.7448306606452801,18.288987,18.288987,18.288987,-9.766517181944522,0.709638086,0.709638086,0.709638086,5.219658194136434,22.912831675,22.912831675,22.912831675,2.1414587973163313,5.72820791875,5.72820791875,5.72820791875,2.1414587973163313,15.362885063,15.362885063,15.362885063,4.2352884090749,4.202052457,4.202052457,4.202052457,1.9432022392530168,3.0998557431396287,3.0998557431396287,3.0998557431396287,4.2352884090749,6.058616,6.058616,6.058616,-1.4731823056801763,548.0,548.0,548.0,-2.3641994641055097
sierpinski-gardens-512-seed2,sierpinski-gardens,512,pr-opencl,9.421109033,9.421109033,9.421109033,9.060318192500748,11.863929911982268,11.863929911982268,11.863929911982268,9.047337388764,27.874011,27.874011,27.874011,-12.214378362052713,23.666266,23.666266,23.666266,16.76368989045325,0.21967679,0.21967679,0.21967679,-67.42802110964337,19.190910281,19.190910281,19.190910281,-14.45022598893788,4.79772757025,4.79772757025,4.79772757025,-14.45022598893788,10.442965994,10.442965994,10.442965994,-29.145758250033495,4.614669651,4.614669651,4.614669651,11.95343378342697,2.1071359955609363,2.1071359955609363,2.1071359955609363,-29.14575825003348,9.262088,9.262088,9.262088,50.6225276275551,657.76171875,657.76171875,657.76171875,17.19177367157323
sierpinski-gardens-512-seed2,sierpinski-gardens,512,pr-auto,8.87121618,8.87121618,8.87121618,2.694667470287926,11.126997055951506,11.126997055951506,11.126997055951506,2.2738174522301646,33.500535,33.500535,33.500535,5.50563713915484,21.979446,21.979446,21.979446,8.441323895707198,0.760408567,0.760408567,0.760408567,12.747513255134235,23.633731197,23.633731197,23.633731197,5.35510475202865,5.90843279925,5.90843279925,5.90843279925,5.35510475202865,16.197708695,16.197708695,16.197708695,9.899464226012157,4.260527145,4.260527145,4.260527145,3.3618177862176912,3.2683028036723165,3.2683028036723165,3.2683028036723165,9.899464226012178,6.013436,6.013436,6.013436,-2.207911429201026,564.14453125,564.14453125,564.14453125,0.512231617774983
hilbert-river-512-seed2,hilbert-river,512,master,8.780455683,8.780455683,8.780455683,0,11.141237255185843,11.141237255185843,11.141237255185843,0,33.228291,33.228291,33.228291,0,20.364994,20.364994,20.364994,0,0.889654689,0.889654689,0.889654689,0,23.099291744,23.099291744,23.099291744,0,5.774822936,5.774822936,5.774822936,0,15.685535421,15.685535421,15.685535421,0,4.203347519,4.203347519,4.203347519,0,3.161768881475509,3.161768881475509,3.161768881475509,0,6.346074,6.346074,6.346074,0,551.30078125,551.30078125,551.30078125,0
hilbert-river-512-seed2,hilbert-river,512,pr-cpu,8.45153348,8.45153348,8.45153348,-3.7460721274048647,10.800664319191128,10.800664319191128,10.800664319191128,-3.0568681753562865,32.665812,32.665812,32.665812,-1.6927713796655919,16.195649,16.195649,16.195649,-20.473097119498295,0.73504072,0.73504072,0.73504072,-17.37909898207708,23.215023754,23.215023754,23.215023754,0.50101973377632,5.8037559385,5.8037559385,5.8037559385,0.50101973377632,15.553557163,15.553557163,15.553557163,-0.8414010389680815,4.120932479,4.120932479,4.120932479,-1.9607001235911858,3.1351657252570044,3.1351657252570044,3.1351657252570044,-0.8414010389680815,5.842528,5.842528,5.842528,-7.934764076183165,570.98828125,570.98828125,570.98828125,3.5710996010855034
hilbert-river-512-seed2,hilbert-river,512,pr-opencl,9.566306373,9.566306373,9.566306373,8.949998933671521,12.131532399915159,12.131532399915159,12.131532399915159,8.88855628909948,28.547421,28.547421,28.547421,-14.087001946624333,25.114868,25.114868,25.114868,23.323719123118835,0.150727955,0.150727955,0.150727955,-83.05770127852381,19.414383605,19.414383605,19.414383605,-15.952472395423756,4.85359590125,4.85359590125,4.85359590125,-15.952472395423756,9.510441446,9.510441446,9.510441446,-39.36807899290899,4.790852547,4.790852547,4.790852547,13.97707482772612,1.9170412106430155,1.9170412106430155,1.9170412106430155,-39.36807899290899,9.446056,9.446056,9.446056,48.84881581904026,671.96484375,671.96484375,671.96484375,21.887156086811732
hilbert-river-512-seed2,hilbert-river,512,pr-auto,8.724827507,8.724827507,8.724827507,-0.6335454332706436,11.18020468391478,11.18020468391478,11.18020468391478,0.34975853970617976,33.534033,33.534033,33.534033,0.9201255640863382,16.653035,16.653035,16.653035,-18.227154891378806,0.878642864,0.878642864,0.878642864,-1.2377639477601843,23.292555822,23.292555822,23.292555822,0.8366666828657277,5.8231389555,5.8231389555,5.8231389555,0.8366666828657277,15.953828472,15.953828472,15.953828472,1.71044879118889,4.194197742,4.194197742,4.194197742,-0.21767833753076893,3.2158493190888935,3.2158493190888935,3.2158493190888935,1.71044879118889,6.216905,6.216905,6.216905,-2.0354159122632387,558.5078125,558.5078125,558.5078125,1.3072775325402297
lava-shield-512-seed2,lava-shield,512,master,8.755390965,8.755390965,8.755390965,0,10.733633739408106,10.733633739408106,10.733633739408106,0,29.920604,29.920604,29.920604,0,19.400201,19.400201,19.400201,0,0.697383239,0.697383239,0.697383239,0,20.695704485,20.695704485,20.695704485,0,5.17392612125,5.17392612125,5.17392612125,0,13.118498993,13.118498993,13.118498993,0,3.045146609,3.045146609,3.045146609,0,2.6459255734167,2.6459255734167,2.6459255734167,0,7.720296,7.720296,7.720296,0,547.45703125,547.45703125,547.45703125,0
lava-shield-512-seed2,lava-shield,512,pr-cpu,8.619919899,8.619919899,8.619919899,-1.5472874545700122,10.513227201998234,10.513227201998234,10.513227201998234,-2.053419585211469,30.126231999999998,30.126231999999998,30.126231999999998,0.6872454847502318,15.063555,15.063555,15.063555,-22.35361375895023,0.79563968,0.79563968,0.79563968,14.089303485540183,21.051156342,21.051156342,21.051156342,1.7175151358467922,5.2627890855,5.2627890855,5.2627890855,1.7175151358467922,13.86963902,13.86963902,13.86963902,5.725807711696329,3.088640612,3.088640612,3.088640612,1.4283057134737653,2.797426183945139,2.797426183945139,2.797426183945139,5.725807711696329,7.10336,7.10336,7.10336,-7.991092569507696,538.12109375,538.12109375,538.12109375,-1.7053279010196265
lava-shield-512-seed2,lava-shield,512,pr-opencl,9.647380335,9.647380335,9.647380335,10.187887366375303,11.690547502133995,11.690547502133995,11.690547502133995,8.915096098468677,26.689481999999998,26.689481999999998,26.689481999999998,-10.79898654452297,22.830861,22.830861,22.830861,17.683631215985862,0.4959401,0.4959401,0.4959401,-28.885572198273035,18.195378598,18.195378598,18.195378598,-12.081376059520977,4.5488446495,4.5488446495,4.5488446495,-12.081376059520977,10.625202713,10.625202713,10.625202713,-19.005957017875417,3.710896404,3.710896404,3.710896404,21.862651638261397,2.1430420962081485,2.1430420962081485,2.1430420962081485,-19.005957017875406,8.458202,8.458202,8.458202,9.558001403055005,664.12109375,664.12109375,664.12109375,21.310177025879607
lava-shield-512-seed2,lava-shield,512,pr-auto,8.794687143,8.794687143,8.794687143,0.4488226528899686,10.70841216109693,10.70841216109693,10.70841216109693,-0.23497707228983256,30.757479,30.757479,30.757479,2.796985649086503,16.982464,16.982464,16.982464,-12.462432734588669,0.76843023,0.76843023,0.76843023,10.187653936431929,21.497519613,21.497519613,21.497519613,3.8743070021179937,5.37437990325,5.37437990325,5.37437990325,3.8743070021179937,14.026771067,14.026771067,14.026771067,6.92359754332148,3.203279914,3.203279914,3.203279914,5.192961958962283,2.8291188114158934,2.8291188114158934,2.8291188114158934,6.92359754332148,7.06196,7.06196,7.06196,-8.527341438722047,575.44921875,575.44921875,575.44921875,5.113129597785204
honeycomb-isle-512-seed2,honeycomb-isle,512,master,7.934099335,7.934099335,7.934099335,0,9.635505452286452,9.635505452286452,9.635505452286452,0,20.852113,20.852113,20.852113,0,18.680984,18.680984,18.680984,0,0.018796442,0.018796442,0.018796442,0,14.098863996,14.098863996,14.098863996,0,3.5247159989999997,3.5247159989999997,3.5247159989999997,0,5.056038222,5.056038222,5.056038222,0,2.980575226,2.980575226,2.980575226,0,1.0148611445202729,1.0148611445202729,1.0148611445202729,0,8.459722,8.459722,8.459722,0,543.5859375,543.5859375,543.5859375,0
honeycomb-isle-512-seed2,honeycomb-isle,512,pr-cpu,7.736310252,7.736310252,7.736310252,-2.4928990002366813,9.467918048147112,9.467918048147112,9.467918048147112,-1.7392694650966378,21.051734,21.051734,21.051734,0.9573178507137348,18.423646,18.423646,18.423646,-1.3775398555022411,0.013549394,0.013549394,0.013549394,-27.915112870829496,14.447912158,14.447912158,14.447912158,2.4757183422652096,3.6119780395,3.6119780395,3.6119780395,2.475718342265232,5.712163921,5.712163921,5.712163921,12.977071576418165,2.938187804,2.938187804,2.938187804,-1.4221222007835377,1.1465604016459254,1.1465604016459254,1.1465604016459254,12.977071576418187,8.676641,8.676641,8.676641,2.564138632451529,545.6015625,545.6015625,545.6015625,0.37080153494588597
honeycomb-isle-512-seed2,honeycomb-isle,512,pr-opencl,7.907402565,7.907402565,7.907402565,-0.3364814186561982,9.788359567988664,9.788359567988664,9.788359567988664,1.5863632318939835,22.015407,22.015407,22.015407,5.578782351697398,18.692704,18.692704,18.692704,0.06273759455068806,0.104140209,0.104140209,0.104140209,454.04213733641717,14.733670947,14.733670947,14.733670947,4.502539716533915,3.68341773675,3.68341773675,3.68341773675,4.502539716533915,6.811791702,6.811791702,6.811791702,34.72587434881935,3.081977927,3.081977927,3.081977927,3.402118494290951,1.367280550381373,1.367280550381373,1.367280550381373,34.725874348819374,8.020615,8.020615,8.020615,-5.1905606354440526,645.87890625,645.87890625,645.87890625,18.818177898503862
honeycomb-isle-512-seed2,honeycomb-isle,512,pr-auto,7.910255968,7.910255968,7.910255968,-0.30051762642822055,9.6751643368043,9.6751643368043,9.6751643368043,0.41159111698119144,21.579722999999998,21.579722999999998,21.579722999999998,3.489382586791079,19.48007,19.48007,19.48007,4.2775369862743995,0.020343953,0.020343953,0.020343953,8.232999628333925,14.685116433,14.685116433,14.685116433,4.158153714840607,3.6712791082500003,3.6712791082500003,3.6712791082500003,4.158153714840629,5.772898063,5.772898063,5.772898063,14.178291569885214,3.064633242,3.064633242,3.064633242,2.8201944130364476,1.1587511166198314,1.1587511166198314,1.1587511166198314,14.178291569885214,8.571001,8.571001,8.571001,1.315397834586074,554.30859375,554.30859375,554.30859375,1.9725779329970328
karst-towers-512-seed2,karst-towers,512,master,8.766127913,8.766127913,8.766127913,0,11.643068398348987,11.643068398348987,11.643068398348987,0,32.952076000000005,32.952076000000005,32.952076000000005,0,18.219077,18.219077,18.219077,0,0.625025789,0.625025789,0.625025789,0,23.080429864,23.080429864,23.080429864,0,5.770107466,5.770107466,5.770107466,0,13.904086606,13.904086606,13.904086606,0,4.213984248,4.213984248,4.213984248,0,2.794229623392283,2.794229623392283,2.794229623392283,0,7.0811,7.0811,7.0811,0,575.47265625,575.47265625,575.47265625,0
karst-towers-512-seed2,karst-towers,512,pr-cpu,8.817663493,8.817663493,8.817663493,0.5878944559270405,11.656573912594467,11.656573912594467,11.656573912594467,0.11599617715374322,32.620319,32.620319,32.620319,-1.0067863402597244,18.806364,18.806364,18.806364,3.223472846621145,0.647120323,0.647120323,0.647120323,3.5349795782586346,22.806879841,22.806879841,22.806879841,-1.1852033285856267,5.701719960249999,5.701719960249999,5.701719960249999,-1.1852033285856378,13.755381643,13.755381643,13.755381643,-1.069505442636054,4.145193158,4.145193158,4.145193158,-1.6324477252768421,2.7643451854903534,2.7643451854903534,2.7643451854903534,-1.0695054426360762,7.163869,7.163869,7.163869,1.1688720678990627,571.64453125,571.64453125,571.64453125,-0.6652140563802811
karst-towers-512-seed2,karst-towers,512,pr-opencl,9.861868482,9.861868482,9.861868482,12.499710018776234,12.753166408278048,12.753166408278048,12.753166408278048,9.53441113586926,29.724536999999998,29.724536999999998,29.724536999999998,-9.79464541171854,21.869006,21.869006,21.869006,20.033556035796995,0.205013977,0.205013977,0.205013977,-67.19911712314962,20.427988232,20.427988232,20.427988232,-11.49216738002432,5.106997058,5.106997058,5.106997058,-11.49216738002432,9.768426999,9.768426999,9.768426999,-29.74420200472102,4.653153379,4.653153379,4.653153379,10.421707940850379,1.9631083197347268,1.9631083197347268,1.9631083197347268,-29.744202004721032,11.040677,11.040677,11.040677,55.917541060004794,687.4296875,687.4296875,687.4296875,19.454795989709538
karst-towers-512-seed2,karst-towers,512,pr-auto,8.6394292,8.6394292,8.6394292,-1.4453212895982004,11.318456342909485,11.318456342909485,11.318456342909485,-2.788028415993271,32.826726,32.826726,32.826726,-0.3804009192015845,19.220841,19.220841,19.220841,5.498434415750042,0.64014014,0.64014014,0.64014014,2.418196379413695,22.988592006,22.988592006,22.988592006,-0.3979035855967483,5.7471480015,5.7471480015,5.7471480015,-0.3979035855967483,14.182524074,14.182524074,14.182524074,2.0025584987355183,4.220635867,4.220635867,4.220635867,0.15784631855606523,2.8501857061897105,2.8501857061897105,2.8501857061897105,2.002558498735496,7.09596,7.09596,7.09596,0.209854401152354,550.2578125,550.2578125,550.2578125,-4.381588504015044
bajada-512-seed2,bajada,512,master,9.302278236,9.302278236,9.302278236,0,11.638492717407644,11.638492717407644,11.638492717407644,0,33.222079,33.222079,33.222079,0,25.108798,25.108798,25.108798,0,1.014199567,1.014199567,1.014199567,0,24.156172598,24.156172598,24.156172598,0,6.0390431495,6.0390431495,6.0390431495,0,14.987502882,14.987502882,14.987502882,0,3.821565884,3.821565884,3.821565884,0,3.019847447511586,3.019847447511586,3.019847447511586,0,8.165694,8.165694,8.165694,0,548.8359375,548.8359375,548.8359375,0
bajada-512-seed2,bajada,512,pr-cpu,8.827557526,8.827557526,8.827557526,-5.103273606274438,11.084833293687552,11.084833293687552,11.084833293687552,-4.75714026861902,32.378800999999996,32.378800999999996,32.378800999999996,-2.5383059260078333,22.825541,22.825541,22.825541,-9.093454015600422,1.029805361,1.029805361,1.029805361,1.5387300988662478,23.816202493,23.816202493,23.816202493,-1.4073839869323979,5.954050623250001,5.954050623250001,5.954050623250001,-1.4073839869323757,15.008445367,15.008445367,15.008445367,0.13973298397262912,3.448188952,3.448188952,3.448188952,-9.770260237125349,3.0240671704614144,3.0240671704614144,3.0240671704614144,0.13973298397260692,7.245389,7.245389,7.245389,-11.270383141959517,550.16796875,550.16796875,550.16796875,0.24270117151357073
bajada-512-seed2,bajada,512,pr-opencl,9.487452768,9.487452768,9.487452768,1.9906363506025038,11.942641898989677,11.942641898989677,11.942641898989677,2.6133038784921014,27.141932,27.141932,27.141932,-18.30152471794435,25.128998,25.128998,25.128998,0.0804498885211391,0.340850146,0.340850146,0.340850146,-66.39220158531185,19.16233886,19.16233886,19.16233886,-20.67311664437049,4.790584715,4.790584715,4.790584715,-20.67311664437049,8.854203854,8.854203854,8.854203854,-40.92275461955771,3.806460731,3.806460731,3.806460731,-0.39526082916014893,1.7840426866814427,1.7840426866814427,1.7840426866814427,-40.92275461955771,9.601386,9.601386,9.601386,17.58199609243256,680.01171875,680.01171875,680.01171875,23.900727391780908
bajada-512-seed2,bajada,512,pr-auto,9.176492945,9.176492945,9.176492945,-1.3521987604413699,11.516606224235147,11.516606224235147,11.516606224235147,-1.047270433826808,33.09843,33.09843,33.09843,-0.3721892299395235,24.68271,24.68271,24.68271,-1.6969669356533879,0.971227879,0.971227879,0.971227879,-4.237005161332307,24.261855723,24.261855723,24.261855723,0.4374994613540295,6.06546393075,6.06546393075,6.06546393075,0.4374994613540295,15.122276399,15.122276399,15.122276399,0.8992393066483695,3.614187619,3.614187619,3.614187619,-5.426525965919993,3.047003102760427,3.047003102760427,3.047003102760427,0.8992393066483473,7.704777,7.704777,7.704777,-5.644553910543304,549.6484375,549.6484375,549.6484375,0.14804059728688035
central-quarry-512-seed2,central-quarry,512,master,9.633789821,9.633789821,9.633789821,0,12.159913950134069,12.159913950134069,12.159913950134069,0,34.847827,34.847827,34.847827,0,24.547041,24.547041,24.547041,0,0.935558762,0.935558762,0.935558762,0,24.8982995,24.8982995,24.8982995,0,6.224574875,6.224574875,6.224574875,0,15.553762574,15.553762574,15.553762574,0,3.645933514,3.645933514,3.645933514,0,3.1352071304172546,3.1352071304172546,3.1352071304172546,0,7.263419,7.263419,7.263419,0,591.9921875,591.9921875,591.9921875,0
central-quarry-512-seed2,central-quarry,512,pr-cpu,9.645006738,9.645006738,9.645006738,0.11643306744713033,12.044984739273787,12.044984739273787,12.044984739273787,-0.9451482249922871,34.816501,34.816501,34.816501,-0.08989369695849847,23.906495,23.906495,23.906495,-2.6094631935474455,0.897746898,0.897746898,0.897746898,-4.041634319063759,24.955366163,24.955366163,24.955366163,0.22919903827167687,6.238841540749999,6.238841540749999,6.238841540749999,0.22919903827165466,15.542448017,15.542448017,15.542448017,-0.07274482265091642,3.572451465,3.572451465,3.572451465,-2.0154522488640247,3.132926429550494,3.132926429550494,3.132926429550494,-0.07274482265090532,7.207279,7.207279,7.207279,-0.7729142432785441,570.1796875,570.1796875,570.1796875,-3.6845925437149485
central-quarry-512-seed2,central-quarry,512,pr-opencl,10.321601115,10.321601115,10.321601115,7.139571308694004,12.78374578524381,12.78374578524381,12.78374578524381,5.130232316346794,30.12013,30.12013,30.12013,-13.566690973299433,26.154082,26.154082,26.154082,6.546780933799723,0.299472224,0.299472224,0.299472224,-67.99001450643247,20.958050075,20.958050075,20.958050075,-15.825375644629869,5.23951251875,5.23951251875,5.23951251875,-15.825375644629869,9.830879378,9.830879378,9.830879378,-36.79420441692027,4.460389423,4.460389423,4.460389423,22.33874824849589,1.9816326099576698,1.9816326099576698,1.9816326099576698,-36.79420441692027,10.67563,10.67563,10.67563,46.97802784060785,696.21875,696.21875,696.21875,17.606070603761136
central-quarry-512-seed2,central-quarry,512,pr-auto,9.790849984,9.790849984,9.790849984,1.6303050608145409,12.109926473349333,12.109926473349333,12.109926473349333,-0.4110841325829062,35.154812,35.154812,35.154812,0.8809301079232279,23.697295,23.697295,23.697295,-3.461704406653332,1.01061093,1.01061093,1.01061093,8.022175735873226,25.108971485,25.108971485,25.108971485,0.8461300138188133,6.2772428712499995,6.2772428712499995,6.2772428712499995,0.8461300138188133,15.962777334,15.962777334,15.962777334,2.629683705495922,3.751218773,3.751218773,3.751218773,2.8877448970398234,3.217653161459383,3.217653161459383,3.217653161459383,2.6296837054959,7.921995,7.921995,7.921995,9.067024771667453,573.51171875,573.51171875,573.51171875,-3.121741999340155
