2026-10-04T03:07:03.5523220Z Current runner version: '2.337.0'
2026-10-04T03:07:03.5537752Z ##[group]Runner Image Provisioner
2026-10-04T03:07:03.5538269Z Hosted Compute Agent
2026-10-04T03:07:03.5538578Z Version: 20260901.588
2026-10-04T03:07:03.5539029Z Commit: f88ec8081b781fac6c440065ac7ff9e710ce3d0b
2026-10-04T03:07:03.5539414Z Build Date: 2026-09-01T19:56:44Z
2026-10-04T03:07:03.5539775Z Worker ID: {8bc06df9-852a-467f-a7b8-ccd1882f360b}
2026-10-04T03:07:03.5540160Z Azure Region: centralus
2026-10-04T03:07:03.5540465Z ##[endgroup]
2026-10-04T03:07:03.5541244Z ##[group]Operating System
2026-10-04T03:07:03.5541567Z Ubuntu
2026-10-04T03:07:03.5541844Z 22.04.5
2026-10-04T03:07:03.5542127Z LTS
2026-10-04T03:07:03.5542396Z ##[endgroup]
2026-10-04T03:07:03.5542677Z ##[group]Runner Image
2026-10-04T03:07:03.5543000Z Image: ubuntu-22.04
2026-10-04T03:07:03.5543298Z Version: 20260927.309.1
2026-10-04T03:07:03.5543968Z Included Software: https://github.com/actions/runner-images/blob/ubuntu22/20260927.309/images/ubuntu/Ubuntu2204-Readme.md
2026-10-04T03:07:03.5544747Z Image Release: https://github.com/actions/runner-images/releases/tag/ubuntu22%2F20260927.309
2026-10-04T03:07:03.5545271Z ##[endgroup]
2026-10-04T03:07:03.5545846Z ##[group]GITHUB_TOKEN Permissions
2026-10-04T03:07:03.5546964Z Contents: read
2026-10-04T03:07:03.5547262Z Metadata: read
2026-10-04T03:07:03.5547600Z ##[endgroup]
2026-10-04T03:07:03.5548939Z Secret source: Actions
2026-10-04T03:07:03.5549434Z Cache mode: write
2026-10-04T03:07:03.5549897Z Prepare workflow directory
2026-10-04T03:07:03.5843278Z Prepare all required actions
2026-10-04T03:07:03.5871571Z Getting action download info
2026-10-04T03:07:03.8447450Z Download action repository 'actions/checkout@v4' (SHA:11d5960a326750d5838078e36cf38b85af677262)
2026-10-04T03:07:03.9239847Z Download action repository 'actions/download-artifact@v4' (SHA:d3f86a106a0bac45b974a628896c90dbdf5c8093)
2026-10-04T03:07:04.3085640Z Download action repository 'actions/upload-artifact@v4' (SHA:ea165f8d65b6e75b540449e92b4886f43607fa02)
2026-10-04T03:07:04.4918353Z Uses: Globulation2/glob2/.github/workflows/ci-linux-build.yml@refs/heads/master (69db1fb5db1c40e8037d571b8adbcbbfe7dd04ea)
2026-10-04T03:07:04.4921191Z ##[group] Inputs
2026-10-04T03:07:04.4921537Z   revision: 69db1fb5db1c40e8037d571b8adbcbbfe7dd04ea
2026-10-04T03:07:04.4921894Z   image: ubuntu:22.04
2026-10-04T03:07:04.4922158Z   runner: ubuntu-22.04
2026-10-04T03:07:04.4922427Z   compiler: g++-11
2026-10-04T03:07:04.4922682Z   c_compiler: gcc-11
2026-10-04T03:07:04.4923118Z   build_only: false
2026-10-04T03:07:04.4923374Z   reuse_build: false
2026-10-04T03:07:04.4923639Z   web_native: false
2026-10-04T03:07:04.4923895Z   generator_only: false
2026-10-04T03:07:04.4924168Z   coverage_profile: full
2026-10-04T03:07:04.4924439Z   run_tests: true
2026-10-04T03:07:04.4924696Z   runtime_packages: false
2026-10-04T03:07:04.4924987Z   map_generators: true
2026-10-04T03:07:04.4925274Z   validate_runtime: false
2026-10-04T03:07:04.4925551Z   browser_only: false
2026-10-04T03:07:04.4925844Z ##[endgroup]
2026-10-04T03:07:04.4926268Z Complete job name: Linux GCC 11 build and tests / Linux tests (ubuntu-22.04, shard 1/4)
2026-10-04T03:07:04.5332473Z ##[group]Run # Fetch immutable package indexes to avoid mirror-sync mismatches,
2026-10-04T03:07:04.5333136Z [36;1m# Fetch immutable package indexes to avoid mirror-sync mismatches,[0m
2026-10-04T03:07:04.5333680Z [36;1m# and bound network stalls without weakening signature verification.[0m
2026-10-04T03:07:04.5334197Z [36;1msudo tee /etc/apt/apt.conf.d/80-ci-network >/dev/null <<'EOF'[0m
2026-10-04T03:07:04.5334610Z [36;1mAcquire::By-Hash "force";[0m
2026-10-04T03:07:04.5334920Z [36;1mAcquire::Retries "3";[0m
2026-10-04T03:07:04.5335219Z [36;1mAcquire::http::Timeout "30";[0m
2026-10-04T03:07:04.5335538Z [36;1mAcquire::https::Timeout "30";[0m
2026-10-04T03:07:04.5335845Z [36;1mEOF[0m
2026-10-04T03:07:04.5336107Z [36;1msudo apt-get update -qq[0m
2026-10-04T03:07:04.5557841Z shell: /usr/bin/bash -e {0}
2026-10-04T03:07:04.5558299Z env:
2026-10-04T03:07:04.5558687Z   GLOB2_DEV_MODE: isolated
2026-10-04T03:07:04.5559103Z   CI_RUNNER_FAMILY: ubuntu-22.04
2026-10-04T03:07:04.5559443Z   DEBIAN_FRONTEND: noninteractive
2026-10-04T03:07:04.5559743Z ##[endgroup]
2026-10-04T03:07:11.9166510Z ##[group]Run actions/checkout@v4
2026-10-04T03:07:11.9166738Z with:
2026-10-04T03:07:11.9166919Z   ref: 69db1fb5db1c40e8037d571b8adbcbbfe7dd04ea
2026-10-04T03:07:11.9167137Z   repository: Globulation2/glob2
2026-10-04T03:07:11.9168837Z   token: ***
2026-10-04T03:07:11.9168983Z   ssh-strict: true
2026-10-04T03:07:11.9169144Z   ssh-user: git
2026-10-04T03:07:11.9169299Z   persist-credentials: true
2026-10-04T03:07:11.9169463Z   clean: true
2026-10-04T03:07:11.9169624Z   sparse-checkout-cone-mode: true
2026-10-04T03:07:11.9169800Z   fetch-depth: 1
2026-10-04T03:07:11.9169947Z   fetch-tags: false
2026-10-04T03:07:11.9170103Z   show-progress: true
2026-10-04T03:07:11.9170255Z   lfs: false
2026-10-04T03:07:11.9170398Z   submodules: false
2026-10-04T03:07:11.9170566Z   set-safe-directory: true
2026-10-04T03:07:11.9170769Z   allow-unsafe-pr-checkout: false
2026-10-04T03:07:11.9170947Z env:
2026-10-04T03:07:11.9171093Z   GLOB2_DEV_MODE: isolated
2026-10-04T03:07:11.9171288Z   CI_RUNNER_FAMILY: ubuntu-22.04
2026-10-04T03:07:11.9171458Z ##[endgroup]
2026-10-04T03:07:11.9748263Z Syncing repository: Globulation2/glob2
2026-10-04T03:07:11.9749889Z ##[group]Getting Git version info
2026-10-04T03:07:11.9750288Z Working directory is '/home/runner/work/glob2/glob2'
2026-10-04T03:07:11.9750969Z [command]/usr/bin/git version
2026-10-04T03:07:11.9751833Z git version 2.55.0
2026-10-04T03:07:11.9764535Z ##[endgroup]
2026-10-04T03:07:11.9774766Z Temporarily overriding HOME='/home/runner/work/_temp/0d44d9f6-1251-46cb-b3cc-821611f687eb' before making global git config changes
2026-10-04T03:07:11.9775698Z Adding repository directory to the temporary git global config as a safe directory
2026-10-04T03:07:11.9778328Z [command]/usr/bin/git config --global --add safe.directory /home/runner/work/glob2/glob2
2026-10-04T03:07:11.9800469Z Deleting the contents of '/home/runner/work/glob2/glob2'
2026-10-04T03:07:11.9803616Z ##[group]Initializing the repository
2026-10-04T03:07:11.9806569Z [command]/usr/bin/git init /home/runner/work/glob2/glob2
2026-10-04T03:07:11.9880603Z hint: Using 'master' as the name for the initial branch. This default branch name
2026-10-04T03:07:11.9881492Z hint: will change to "main" in Git 3.0. To configure the initial branch name
2026-10-04T03:07:11.9882379Z hint: to use in all of your new repositories, which will suppress this warning,
2026-10-04T03:07:11.9882834Z hint: call:
2026-10-04T03:07:11.9883055Z hint:
2026-10-04T03:07:11.9883400Z hint: 	git config --global init.defaultBranch <name>
2026-10-04T03:07:11.9883744Z hint:
2026-10-04T03:07:11.9884076Z hint: Names commonly chosen instead of 'master' are 'main', 'trunk' and
2026-10-04T03:07:11.9884596Z hint: 'development'. The just-created branch can be renamed via this command:
2026-10-04T03:07:11.9884998Z hint:
2026-10-04T03:07:11.9885282Z hint: 	git branch -m <name>
2026-10-04T03:07:11.9885537Z hint:
2026-10-04T03:07:11.9885901Z hint: Disable this message with "git config set advice.defaultBranchName false"
2026-10-04T03:07:11.9886482Z Initialized empty Git repository in /home/runner/work/glob2/glob2/.git/
2026-10-04T03:07:11.9889211Z [command]/usr/bin/git remote add origin https://github.com/Globulation2/glob2
2026-10-04T03:07:11.9914192Z ##[endgroup]
2026-10-04T03:07:11.9914590Z ##[group]Disabling automatic garbage collection
2026-10-04T03:07:11.9919353Z [command]/usr/bin/git config --local gc.auto 0
2026-10-04T03:07:11.9935096Z ##[endgroup]
2026-10-04T03:07:11.9935370Z ##[group]Setting up auth
2026-10-04T03:07:11.9940836Z [command]/usr/bin/git config --local --name-only --get-regexp core\.sshCommand
2026-10-04T03:07:11.9960684Z [command]/usr/bin/git submodule foreach --recursive sh -c "git config --local --name-only --get-regexp 'core\.sshCommand' && git config --local --unset-all 'core.sshCommand' || :"
2026-10-04T03:07:12.0127248Z [command]/usr/bin/git config --local --name-only --get-regexp http\.https\:\/\/github\.com\/\.extraheader
2026-10-04T03:07:12.0147941Z [command]/usr/bin/git submodule foreach --recursive sh -c "git config --local --name-only --get-regexp 'http\.https\:\/\/github\.com\/\.extraheader' && git config --local --unset-all 'http.https://github.com/.extraheader' || :"
2026-10-04T03:07:12.0268326Z [command]/usr/bin/git config --local --name-only --get-regexp ^includeIf\.gitdir:
2026-10-04T03:07:12.0284855Z [command]/usr/bin/git submodule foreach --recursive git config --local --show-origin --name-only --get-regexp remote.origin.url
2026-10-04T03:07:12.0383617Z [command]/usr/bin/git config --local http.https://github.com/.extraheader AUTHORIZATION: basic ***
2026-10-04T03:07:12.0404380Z ##[endgroup]
2026-10-04T03:07:12.0404681Z ##[group]Fetching the repository
2026-10-04T03:07:12.0410067Z [command]/usr/bin/git -c protocol.version=2 fetch --no-tags --prune --no-recurse-submodules --depth=1 origin 69db1fb5db1c40e8037d571b8adbcbbfe7dd04ea
2026-10-04T03:07:15.7077699Z From https://github.com/Globulation2/glob2
2026-10-04T03:07:15.7078264Z  * branch            69db1fb5db1c40e8037d571b8adbcbbfe7dd04ea -> FETCH_HEAD
2026-10-04T03:07:15.7084054Z ##[endgroup]
2026-10-04T03:07:15.7084392Z ##[group]Determining the checkout info
2026-10-04T03:07:15.7084677Z ##[endgroup]
2026-10-04T03:07:15.7086976Z [command]/usr/bin/git sparse-checkout disable
2026-10-04T03:07:15.7112391Z [command]/usr/bin/git config --local --unset-all extensions.worktreeConfig
2026-10-04T03:07:15.7127662Z ##[group]Checking out the ref
2026-10-04T03:07:15.7130298Z [command]/usr/bin/git checkout --progress --force 69db1fb5db1c40e8037d571b8adbcbbfe7dd04ea
2026-10-04T03:07:16.4296590Z Note: switching to '69db1fb5db1c40e8037d571b8adbcbbfe7dd04ea'.
2026-10-04T03:07:16.4296899Z 
2026-10-04T03:07:16.4297082Z You are in 'detached HEAD' state. You can look around, make experimental
2026-10-04T03:07:16.4297505Z changes and commit them, and you can discard any commits you make in this
2026-10-04T03:07:16.4297963Z state without impacting any branches by switching back to a branch.
2026-10-04T03:07:16.4298291Z 
2026-10-04T03:07:16.4298473Z If you want to create a new branch to retain commits you create, you may
2026-10-04T03:07:16.4299155Z do so (now or later) by using -c with the switch command. Example:
2026-10-04T03:07:16.4299550Z 
2026-10-04T03:07:16.4299648Z   git switch -c <new-branch-name>
2026-10-04T03:07:16.4299803Z 
2026-10-04T03:07:16.4299949Z Or undo this operation with:
2026-10-04T03:07:16.4300087Z 
2026-10-04T03:07:16.4300219Z   git switch -
2026-10-04T03:07:16.4300541Z 
2026-10-04T03:07:16.4300766Z Turn off this advice by setting config variable advice.detachedHead to false
2026-10-04T03:07:16.4301040Z 
2026-10-04T03:07:16.4301287Z HEAD is now at 69db1fb Repair native and browser master build failures (#676)
2026-10-04T03:07:16.4319210Z ##[endgroup]
2026-10-04T03:07:16.4346685Z [command]/usr/bin/git log -1 --format=%H
2026-10-04T03:07:16.4359923Z 69db1fb5db1c40e8037d571b8adbcbbfe7dd04ea
2026-10-04T03:07:16.4474711Z ##[group]Run actions/download-artifact@v4
2026-10-04T03:07:16.4474865Z with:
2026-10-04T03:07:16.4474988Z   name: linux-test-programs-ubuntu-22.04
2026-10-04T03:07:16.4475142Z   path: artifacts/ci-native
2026-10-04T03:07:16.4475273Z   merge-multiple: false
2026-10-04T03:07:16.4475398Z   repository: Globulation2/glob2
2026-10-04T03:07:16.4475534Z   run-id: 37171997415
2026-10-04T03:07:16.4475647Z env:
2026-10-04T03:07:16.4475750Z   GLOB2_DEV_MODE: isolated
2026-10-04T03:07:16.4475880Z   CI_RUNNER_FAMILY: ubuntu-22.04
2026-10-04T03:07:16.4476010Z ##[endgroup]
2026-10-04T03:07:16.5348533Z Downloading single artifact
2026-10-04T03:07:16.5439570Z (node:2386) [DEP0040] DeprecationWarning: The `punycode` module is deprecated. Please use a userland alternative instead.
2026-10-04T03:07:16.5440195Z (Use `node --trace-deprecation ...` to show where the warning was created)
2026-10-04T03:07:16.7087490Z Preparing to download the following artifacts:
2026-10-04T03:07:16.7088585Z - linux-test-programs-ubuntu-22.04 (ID: 11291449397, Size: 98115051, Expected Digest: sha256:049709f5917abb27e1ebcda3e4c9b08e05e94bc2f048fe18d3efc68b203b83d6)
2026-10-04T03:07:16.8803020Z Redirecting to blob download url: https://productionresultssa16.blob.core.windows.net/actions-results/66b6b429-39fe-400b-a58b-a5e401aaf6ee/workflow-job-run-f6a719f0-407e-5052-8747-26dd76ddb006/artifacts/8cb5484f653ad1140329cf3596c350c71fc4728f011578cc6adf85b1058eeab2.zip
2026-10-04T03:07:16.8804245Z Starting download of artifact to: /home/runner/work/glob2/glob2/artifacts/ci-native
2026-10-04T03:07:17.1288236Z (node:2386) [DEP0005] DeprecationWarning: Buffer() is deprecated due to security and usability issues. Please use the Buffer.alloc(), Buffer.allocUnsafe(), or Buffer.from() methods instead.
2026-10-04T03:07:18.8684453Z SHA256 digest of downloaded artifact is 049709f5917abb27e1ebcda3e4c9b08e05e94bc2f048fe18d3efc68b203b83d6
2026-10-04T03:07:18.8684786Z Artifact download completed successfully.
2026-10-04T03:07:18.8685004Z Total of 1 artifact(s) downloaded
2026-10-04T03:07:18.8687764Z Download artifact has finished successfully
2026-10-04T03:07:18.8768824Z ##[group]Run tar -xzf artifacts/ci-native/linux-test-programs.tar.gz
2026-10-04T03:07:18.8769167Z [36;1mtar -xzf artifacts/ci-native/linux-test-programs.tar.gz[0m
2026-10-04T03:07:18.8769499Z [36;1mecho "LD_LIBRARY_PATH=$PWD/build/sdl3-ci/prefix/lib${LD_LIBRARY_PATH:+:$LD_LIBRARY_PATH}" >> "$GITHUB_ENV"[0m
2026-10-04T03:07:18.8799481Z shell: /usr/bin/bash -e {0}
2026-10-04T03:07:18.8799617Z env:
2026-10-04T03:07:18.8799728Z   GLOB2_DEV_MODE: isolated
2026-10-04T03:07:18.8799863Z   CI_RUNNER_FAMILY: ubuntu-22.04
2026-10-04T03:07:18.8800008Z ##[endgroup]
2026-10-04T03:07:20.1357935Z ##[group]Run if [ "false" = true ]; then
2026-10-04T03:07:20.1358138Z [36;1mif [ "false" = true ]; then[0m
2026-10-04T03:07:20.1358414Z [36;1m  xargs sudo apt-get install -y --no-install-recommends < artifacts/ci-native/runtime-packages.txt[0m
2026-10-04T03:07:20.1359060Z [36;1m  sudo apt-get install -y --no-install-recommends python3 libgl1 libglu1-mesa libepoxy0 libgl1-mesa-dri xvfb xauth openbox x11-utils gdb[0m
2026-10-04T03:07:20.1359495Z [36;1m  python3 .github/scripts/linux_runtime_packages.py build/linux/client/release --verify[0m
2026-10-04T03:07:20.1359735Z [36;1melse[0m
2026-10-04T03:07:20.1359951Z [36;1msudo env DEBIAN_FRONTEND=noninteractive apt-get install -y --no-install-recommends \[0m
2026-10-04T03:07:20.1360266Z [36;1m  ca-certificates git g++-11 python3 python3-venv scons pkg-config ccache \[0m
2026-10-04T03:07:20.1360739Z [36;1m  libfreetype-dev libx11-dev libxext-dev libxcursor-dev libxi-dev libxrandr-dev libxss-dev libxtst-dev libasound2-dev libpulse-dev libwayland-dev libxkbcommon-dev \[0m
2026-10-04T03:07:20.1361135Z [36;1m  libvorbis-dev libogg-dev libspeex-dev \[0m
2026-10-04T03:07:20.1361381Z [36;1m  libboost-date-time-dev libboost-thread-dev libboost-system-dev libssl-dev \[0m
2026-10-04T03:07:20.1361634Z [36;1m  zlib1g-dev libfribidi-dev libpcre3-dev \[0m
2026-10-04T03:07:20.1361915Z [36;1m  libgl1-mesa-dev libglu1-mesa-dev libepoxy-dev libgl1-mesa-dri xvfb xauth openbox x11-utils gdb[0m
2026-10-04T03:07:20.1362163Z [36;1mfi[0m
2026-10-04T03:07:20.1390242Z shell: /usr/bin/bash -e {0}
2026-10-04T03:07:20.1390383Z env:
2026-10-04T03:07:20.1390501Z   GLOB2_DEV_MODE: isolated
2026-10-04T03:07:20.1390638Z   CI_RUNNER_FAMILY: ubuntu-22.04
2026-10-04T03:07:20.1390836Z   LD_LIBRARY_PATH: /home/runner/work/glob2/glob2/build/sdl3-ci/prefix/lib
2026-10-04T03:07:20.1391042Z ##[endgroup]
2026-10-04T03:07:20.1710172Z Reading package lists...
2026-10-04T03:07:20.3496717Z Building dependency tree...
2026-10-04T03:07:20.3505411Z Reading state information...
2026-10-04T03:07:20.4863973Z libxext-dev is already the newest version (2:1.3.4-1build1).
2026-10-04T03:07:20.4864313Z libxext-dev set to manually installed.
2026-10-04T03:07:20.4864583Z xauth is already the newest version (1:1.1-1build2).
2026-10-04T03:07:20.4864851Z xauth set to manually installed.
2026-10-04T03:07:20.4865386Z ca-certificates is already the newest version (20260601~22.04.1).
2026-10-04T03:07:20.4865742Z g++-11 is already the newest version (11.4.0-1ubuntu1~22.04.3).
2026-10-04T03:07:20.4866036Z g++-11 set to manually installed.
2026-10-04T03:07:20.4866341Z libfreetype-dev is already the newest version (2.11.1+dfsg-1ubuntu0.3).
2026-10-04T03:07:20.4866683Z libfreetype-dev set to manually installed.
2026-10-04T03:07:20.4867007Z libgl1-mesa-dri is already the newest version (23.2.1-1ubuntu3.1~22.04.4).
2026-10-04T03:07:20.4867341Z libgl1-mesa-dri set to manually installed.
2026-10-04T03:07:20.4867655Z libpcre3-dev is already the newest version (2:8.39-13ubuntu0.22.04.1).
2026-10-04T03:07:20.4867934Z libpcre3-dev set to manually installed.
2026-10-04T03:07:20.4868126Z libx11-dev is already the newest version (2:1.7.5-1ubuntu0.3).
2026-10-04T03:07:20.4868316Z libx11-dev set to manually installed.
2026-10-04T03:07:20.4868490Z python3 is already the newest version (3.10.6-1~22.04.1).
2026-10-04T03:07:20.4868718Z zlib1g-dev is already the newest version (1:1.2.11.dfsg-2ubuntu9.2).
2026-10-04T03:07:20.4869102Z python3-venv is already the newest version (3.10.6-1~22.04.1).
2026-10-04T03:07:20.4869323Z xvfb is already the newest version (2:21.1.4-2ubuntu1.7~22.04.16).
2026-10-04T03:07:20.4869556Z git is already the newest version (1:2.55.0-0ppa1~ubuntu22.04.2).
2026-10-04T03:07:20.4869770Z The following additional packages will be installed:
2026-10-04T03:07:20.4870002Z   libasyncns0 libbabeltrace1 libboost-atomic1.74-dev libboost-atomic1.74.0
2026-10-04T03:07:20.4870276Z   libboost-chrono1.74-dev libboost-chrono1.74.0 libboost-date-time1.74-dev
2026-10-04T03:07:20.4870694Z   libboost-date-time1.74.0 libboost-regex1.74.0 libboost-serialization1.74-dev
2026-10-04T03:07:20.4870998Z   libboost-serialization1.74.0 libboost-system1.74-dev libboost-system1.74.0
2026-10-04T03:07:20.4871413Z   libboost-thread1.74-dev libboost-thread1.74.0 libboost1.74-dev
2026-10-04T03:07:20.4871831Z   libdebuginfod-common libdebuginfod1 libegl-dev libegl-mesa0 libegl1 libflac8
2026-10-04T03:07:20.4872277Z   libgl-dev libgles-dev libgles1 libgles2 libglu1-mesa libglvnd-core-dev
2026-10-04T03:07:20.4872682Z   libglvnd-dev libglx-dev libhiredis0.14 libid3tag0 libimlib2 libipt2
2026-10-04T03:07:20.4872921Z   libobrender32v5 libobt2v5 libopengl-dev libopengl0 libopus0
2026-10-04T03:07:20.4873154Z   libpangoxft-1.0-0 libpulse-mainloop-glib0 libpulse0 libsndfile1
2026-10-04T03:07:20.4873408Z   libsource-highlight-common libsource-highlight4v5 libspeex1 libssl3
2026-10-04T03:07:20.4873667Z   libstartup-notification0 libvorbisenc2 libwayland-bin libxcb-shape0
2026-10-04T03:07:20.4873894Z   libxcb-util1 libxfixes-dev libxv1 libxxf86dga1
2026-10-04T03:07:20.4877320Z Suggested packages:
2026-10-04T03:07:20.4877577Z   distcc | icecc gdb-doc gdbserver libasound2-doc libboost1.74-doc
2026-10-04T03:07:20.4877849Z   libboost-container1.74-dev libboost-context1.74-dev
2026-10-04T03:07:20.4878054Z   libboost-contract1.74-dev libboost-coroutine1.74-dev
2026-10-04T03:07:20.4878260Z   libboost-exception1.74-dev libboost-fiber1.74-dev
2026-10-04T03:07:20.4878465Z   libboost-filesystem1.74-dev libboost-graph1.74-dev
2026-10-04T03:07:20.4878686Z   libboost-graph-parallel1.74-dev libboost-iostreams1.74-dev
2026-10-04T03:07:20.4879064Z   libboost-locale1.74-dev libboost-log1.74-dev libboost-math1.74-dev
2026-10-04T03:07:20.4879324Z   libboost-mpi1.74-dev libboost-mpi-python1.74-dev libboost-numpy1.74-dev
2026-10-04T03:07:20.4879570Z   libboost-program-options1.74-dev libboost-python1.74-dev
2026-10-04T03:07:20.4879820Z   libboost-random1.74-dev libboost-regex1.74-dev libboost-stacktrace1.74-dev
2026-10-04T03:07:20.4880099Z   libboost-test1.74-dev libboost-timer1.74-dev libboost-type-erasure1.74-dev
2026-10-04T03:07:20.4880362Z   libboost-wave1.74-dev libboost1.74-tools-dev libmpfrc++-dev libntl-dev
2026-10-04T03:07:20.4880608Z   libboost-nowide1.74-dev opus-tools pulseaudio speex libssl-doc
2026-10-04T03:07:20.4880862Z   libwayland-doc tint2 openbox-gnome-session openbox-kde-session mesa-utils
2026-10-04T03:07:20.4881125Z Recommended packages:
2026-10-04T03:07:20.4881256Z   libc-dbg obconf | obconf-qt scrot
2026-10-04T03:07:20.5083555Z The following packages will be REMOVED:
2026-10-04T03:07:20.5084620Z   pkgconf r-base-dev
2026-10-04T03:07:20.5084835Z The following NEW packages will be installed:
2026-10-04T03:07:20.5085828Z   ccache gdb libasound2-dev libasyncns0 libbabeltrace1 libboost-atomic1.74-dev
2026-10-04T03:07:20.5086276Z   libboost-atomic1.74.0 libboost-chrono1.74-dev libboost-chrono1.74.0
2026-10-04T03:07:20.5086713Z   libboost-date-time-dev libboost-date-time1.74-dev libboost-date-time1.74.0
2026-10-04T03:07:20.5087091Z   libboost-regex1.74.0 libboost-serialization1.74-dev
2026-10-04T03:07:20.5087340Z   libboost-serialization1.74.0 libboost-system-dev libboost-system1.74-dev
2026-10-04T03:07:20.5087609Z   libboost-system1.74.0 libboost-thread-dev libboost-thread1.74-dev
2026-10-04T03:07:20.5087872Z   libboost-thread1.74.0 libboost1.74-dev libdebuginfod-common libdebuginfod1
2026-10-04T03:07:20.5088144Z   libegl-dev libegl-mesa0 libegl1 libepoxy-dev libflac8 libfribidi-dev
2026-10-04T03:07:20.5088392Z   libgl-dev libgl1-mesa-dev libgles-dev libgles1 libgles2 libglu1-mesa
2026-10-04T03:07:20.5088684Z   libglu1-mesa-dev libglvnd-core-dev libglvnd-dev libglx-dev libhiredis0.14
2026-10-04T03:07:20.5089399Z   libid3tag0 libimlib2 libipt2 libobrender32v5 libobt2v5 libogg-dev
2026-10-04T03:07:20.5089762Z   libopengl-dev libopengl0 libopus0 libpangoxft-1.0-0 libpulse-dev
2026-10-04T03:07:20.5090178Z   libpulse-mainloop-glib0 libpulse0 libsndfile1 libsource-highlight-common
2026-10-04T03:07:20.5090667Z   libsource-highlight4v5 libspeex-dev libspeex1 libstartup-notification0
2026-10-04T03:07:20.5090934Z   libvorbis-dev libvorbisenc2 libwayland-bin libwayland-dev libxcb-shape0
2026-10-04T03:07:20.5091191Z   libxcb-util1 libxcursor-dev libxfixes-dev libxi-dev libxkbcommon-dev
2026-10-04T03:07:20.5091450Z   libxrandr-dev libxss-dev libxtst-dev libxv1 libxxf86dga1 openbox pkg-config
2026-10-04T03:07:20.5091662Z   scons x11-utils
2026-10-04T03:07:20.5093280Z The following packages will be upgraded:
2026-10-04T03:07:20.5095237Z   libssl-dev libssl3
2026-10-04T03:07:20.5186271Z 2 upgraded, 79 newly installed, 2 to remove and 18 not upgraded.
2026-10-04T03:07:20.5186597Z Need to get 27.0 MB of archives.
2026-10-04T03:07:20.5186799Z After this operation, 210 MB of additional disk space will be used.
2026-10-04T03:07:20.5187026Z Get:1 file:/etc/apt/apt-mirrors.txt Mirrorlist [144 B]
2026-10-04T03:07:20.5984654Z Get:2 http://azure.archive.ubuntu.com/ubuntu jammy/main amd64 pkg-config amd64 0.29.2-1ubuntu3 [48.2 kB]
2026-10-04T03:07:20.6343813Z Get:3 http://azure.archive.ubuntu.com/ubuntu jammy-updates/main amd64 libdebuginfod-common all 0.186-1ubuntu0.1 [7996 B]
2026-10-04T03:07:20.6690040Z Get:4 http://azure.archive.ubuntu.com/ubuntu jammy-updates/main amd64 libssl-dev amd64 3.0.2-0ubuntu1.30 [2377 kB]
2026-10-04T03:07:20.7115031Z Get:5 http://azure.archive.ubuntu.com/ubuntu jammy-updates/main amd64 libssl3 amd64 3.0.2-0ubuntu1.30 [1907 kB]
2026-10-04T03:07:20.7613349Z Get:6 http://azure.archive.ubuntu.com/ubuntu jammy/universe amd64 libhiredis0.14 amd64 0.14.1-2 [32.8 kB]
2026-10-04T03:07:20.7931154Z Get:7 http://azure.archive.ubuntu.com/ubuntu jammy/universe amd64 ccache amd64 4.5.1-1 [495 kB]
2026-10-04T03:07:20.8286556Z Get:8 http://azure.archive.ubuntu.com/ubuntu jammy/main amd64 libbabeltrace1 amd64 1.5.8-2build1 [160 kB]
2026-10-04T03:07:20.8941952Z Get:9 http://azure.archive.ubuntu.com/ubuntu jammy-updates/main amd64 libdebuginfod1 amd64 0.186-1ubuntu0.1 [12.8 kB]
2026-10-04T03:07:20.9257975Z Get:10 http://azure.archive.ubuntu.com/ubuntu jammy/main amd64 libipt2 amd64 2.0.5-1 [46.4 kB]
2026-10-04T03:07:20.9997108Z Get:11 http://azure.archive.ubuntu.com/ubuntu jammy/main amd64 libsource-highlight-common all 3.1.9-4.1build2 [64.5 kB]
2026-10-04T03:07:21.0616800Z Get:12 http://azure.archive.ubuntu.com/ubuntu jammy/main amd64 libboost-regex1.74.0 amd64 1.74.0-14ubuntu3 [511 kB]
2026-10-04T03:07:21.1711602Z Get:13 http://azure.archive.ubuntu.com/ubuntu jammy/main amd64 libsource-highlight4v5 amd64 3.1.9-4.1build2 [207 kB]
2026-10-04T03:07:21.2096920Z Get:14 http://azure.archive.ubuntu.com/ubuntu jammy-updates/main amd64 gdb amd64 12.1-0ubuntu1~22.04.2 [3920 kB]
2026-10-04T03:07:21.3362076Z Get:15 http://azure.archive.ubuntu.com/ubuntu jammy-updates/main amd64 libasound2-dev amd64 1.2.6.1-1ubuntu1.2 [110 kB]
2026-10-04T03:07:21.3717047Z Get:16 http://azure.archive.ubuntu.com/ubuntu jammy/main amd64 libasyncns0 amd64 0.8-6build2 [12.8 kB]
2026-10-04T03:07:21.4033345Z Get:17 http://azure.archive.ubuntu.com/ubuntu jammy/main amd64 libboost1.74-dev amd64 1.74.0-14ubuntu3 [9609 kB]
2026-10-04T03:07:21.5290698Z Get:18 http://azure.archive.ubuntu.com/ubuntu jammy/main amd64 libboost-atomic1.74.0 amd64 1.74.0-14ubuntu3 [224 kB]
2026-10-04T03:07:21.5629487Z Get:19 http://azure.archive.ubuntu.com/ubuntu jammy/main amd64 libboost-atomic1.74-dev amd64 1.74.0-14ubuntu3 [221 kB]
2026-10-04T03:07:21.6334466Z Get:20 http://azure.archive.ubuntu.com/ubuntu jammy/main amd64 libboost-chrono1.74.0 amd64 1.74.0-14ubuntu3 [232 kB]
2026-10-04T03:07:21.6624954Z Get:21 http://azure.archive.ubuntu.com/ubuntu jammy/main amd64 libboost-chrono1.74-dev amd64 1.74.0-14ubuntu3 [239 kB]
2026-10-04T03:07:21.6916502Z Get:22 http://azure.archive.ubuntu.com/ubuntu jammy/main amd64 libboost-date-time1.74.0 amd64 1.74.0-14ubuntu3 [221 kB]
2026-10-04T03:07:21.7206869Z Get:23 http://azure.archive.ubuntu.com/ubuntu jammy/main amd64 libboost-serialization1.74.0 amd64 1.74.0-14ubuntu3 [327 kB]
2026-10-04T03:07:21.7507013Z Get:24 http://azure.archive.ubuntu.com/ubuntu jammy/main amd64 libboost-serialization1.74-dev amd64 1.74.0-14ubuntu3 [375 kB]
2026-10-04T03:07:21.7831270Z Get:25 http://azure.archive.ubuntu.com/ubuntu jammy/main amd64 libboost-date-time1.74-dev amd64 1.74.0-14ubuntu3 [226 kB]
2026-10-04T03:07:21.8113384Z Get:26 http://azure.archive.ubuntu.com/ubuntu jammy/universe amd64 libboost-date-time-dev amd64 1.74.0.3ubuntu7 [3248 B]
2026-10-04T03:07:21.8389397Z Get:27 http://azure.archive.ubuntu.com/ubuntu jammy/main amd64 libboost-system1.74.0 amd64 1.74.0-14ubuntu3 [221 kB]
2026-10-04T03:07:21.8681408Z Get:28 http://azure.archive.ubuntu.com/ubuntu jammy/main amd64 libboost-system1.74-dev amd64 1.74.0-14ubuntu3 [218 kB]
2026-10-04T03:07:21.8971794Z Get:29 http://azure.archive.ubuntu.com/ubuntu jammy/main amd64 libboost-system-dev amd64 1.74.0.3ubuntu7 [3390 B]
2026-10-04T03:07:21.9250234Z Get:30 http://azure.archive.ubuntu.com/ubuntu jammy/main amd64 libboost-thread1.74.0 amd64 1.74.0-14ubuntu3 [262 kB]
2026-10-04T03:07:21.9542072Z Get:31 http://azure.archive.ubuntu.com/ubuntu jammy/main amd64 libboost-thread1.74-dev amd64 1.74.0-14ubuntu3 [272 kB]
2026-10-04T03:07:21.9836976Z Get:32 http://azure.archive.ubuntu.com/ubuntu jammy/main amd64 libboost-thread-dev amd64 1.74.0.3ubuntu7 [3266 B]
2026-10-04T03:07:22.0114108Z Get:33 http://azure.archive.ubuntu.com/ubuntu jammy-updates/main amd64 libegl-mesa0 amd64 23.2.1-1ubuntu3.1~22.04.4 [118 kB]
2026-10-04T03:07:22.0395544Z Get:34 http://azure.archive.ubuntu.com/ubuntu jammy/main amd64 libegl1 amd64 1.4.0-1 [28.6 kB]
2026-10-04T03:07:22.0673459Z Get:35 http://azure.archive.ubuntu.com/ubuntu jammy/main amd64 libglx-dev amd64 1.4.0-1 [14.1 kB]
2026-10-04T03:07:22.1297518Z Get:36 http://azure.archive.ubuntu.com/ubuntu jammy/main amd64 libgl-dev amd64 1.4.0-1 [101 kB]
2026-10-04T03:07:22.2615358Z Get:37 http://azure.archive.ubuntu.com/ubuntu jammy/main amd64 libegl-dev amd64 1.4.0-1 [18.0 kB]
2026-10-04T03:07:22.3411330Z Get:38 http://azure.archive.ubuntu.com/ubuntu jammy/main amd64 libepoxy-dev amd64 1.5.10-1 [132 kB]
2026-10-04T03:07:22.4009584Z Get:39 http://azure.archive.ubuntu.com/ubuntu jammy-updates/main amd64 libflac8 amd64 1.3.3-2ubuntu0.2 [111 kB]
2026-10-04T03:07:22.4491139Z Get:40 http://azure.archive.ubuntu.com/ubuntu jammy-updates/main amd64 libfribidi-dev amd64 1.0.8-2ubuntu3.1 [64.8 kB]
2026-10-04T03:07:22.4886394Z Get:41 http://azure.archive.ubuntu.com/ubuntu jammy/main amd64 libgles1 amd64 1.4.0-1 [11.5 kB]
2026-10-04T03:07:22.5210512Z Get:42 http://azure.archive.ubuntu.com/ubuntu jammy/main amd64 libgles2 amd64 1.4.0-1 [18.0 kB]
2026-10-04T03:07:22.5543376Z Get:43 http://azure.archive.ubuntu.com/ubuntu jammy/main amd64 libgles-dev amd64 1.4.0-1 [49.4 kB]
2026-10-04T03:07:22.5920408Z Get:44 http://azure.archive.ubuntu.com/ubuntu jammy/main amd64 libopengl0 amd64 1.4.0-1 [36.5 kB]
2026-10-04T03:07:22.6281395Z Get:45 http://azure.archive.ubuntu.com/ubuntu jammy/main amd64 libglu1-mesa amd64 9.0.2-1 [145 kB]
2026-10-04T03:07:22.6797556Z Get:46 http://azure.archive.ubuntu.com/ubuntu jammy/main amd64 libglu1-mesa-dev amd64 9.0.2-1 [231 kB]
2026-10-04T03:07:22.7388107Z Get:47 http://azure.archive.ubuntu.com/ubuntu jammy/universe amd64 libid3tag0 amd64 0.15.1b-14 [31.3 kB]
2026-10-04T03:07:22.7721953Z Get:48 http://azure.archive.ubuntu.com/ubuntu jammy/universe amd64 libimlib2 amd64 1.7.4-1build1 [195 kB]
2026-10-04T03:07:22.8201739Z Get:49 http://azure.archive.ubuntu.com/ubuntu jammy/universe amd64 libobt2v5 amd64 3.6.1-10 [35.5 kB]
2026-10-04T03:07:22.8537446Z Get:50 http://azure.archive.ubuntu.com/ubuntu jammy-updates/main amd64 libpangoxft-1.0-0 amd64 1.50.6+ds-2ubuntu1 [31.0 kB]
2026-10-04T03:07:22.8869398Z Get:51 http://azure.archive.ubuntu.com/ubuntu jammy/universe amd64 libobrender32v5 amd64 3.6.1-10 [42.4 kB]
2026-10-04T03:07:22.9243953Z Get:52 http://azure.archive.ubuntu.com/ubuntu jammy/main amd64 libogg-dev amd64 1.3.5-0ubuntu3 [161 kB]
2026-10-04T03:07:22.9563327Z Get:53 http://azure.archive.ubuntu.com/ubuntu jammy/main amd64 libopengl-dev amd64 1.4.0-1 [3400 B]
2026-10-04T03:07:22.9878629Z Get:54 http://azure.archive.ubuntu.com/ubuntu jammy/main amd64 libopus0 amd64 1.3.1-0.1build2 [203 kB]
2026-10-04T03:07:23.0200531Z Get:55 http://azure.archive.ubuntu.com/ubuntu jammy/main amd64 libvorbisenc2 amd64 1.3.7-1build2 [82.6 kB]
2026-10-04T03:07:23.0519615Z Get:56 http://azure.archive.ubuntu.com/ubuntu jammy-updates/main amd64 libsndfile1 amd64 1.0.31-2ubuntu0.2 [196 kB]
2026-10-04T03:07:23.1213661Z Get:57 http://azure.archive.ubuntu.com/ubuntu jammy-updates/main amd64 libpulse0 amd64 1:15.99.1+dfsg1-1ubuntu2.2 [298 kB]
2026-10-04T03:07:23.1509054Z Get:58 http://azure.archive.ubuntu.com/ubuntu jammy-updates/main amd64 libpulse-mainloop-glib0 amd64 1:15.99.1+dfsg1-1ubuntu2.2 [12.4 kB]
2026-10-04T03:07:23.1786110Z Get:59 http://azure.archive.ubuntu.com/ubuntu jammy-updates/main amd64 libpulse-dev amd64 1:15.99.1+dfsg1-1ubuntu2.2 [75.6 kB]
2026-10-04T03:07:23.2066657Z Get:60 http://azure.archive.ubuntu.com/ubuntu jammy/main amd64 libspeex1 amd64 1.2~rc1.2-1.1ubuntu3 [57.9 kB]
2026-10-04T03:07:23.2345199Z Get:61 http://azure.archive.ubuntu.com/ubuntu jammy/main amd64 libspeex-dev amd64 1.2~rc1.2-1.1ubuntu3 [72.3 kB]
2026-10-04T03:07:23.2626922Z Get:62 http://azure.archive.ubuntu.com/ubuntu jammy/main amd64 libxcb-util1 amd64 0.4.0-1build2 [11.4 kB]
2026-10-04T03:07:23.2902936Z Get:63 http://azure.archive.ubuntu.com/ubuntu jammy/main amd64 libstartup-notification0 amd64 0.12-6build2 [19.5 kB]
2026-10-04T03:07:23.3181214Z Get:64 http://azure.archive.ubuntu.com/ubuntu jammy/main amd64 libvorbis-dev amd64 1.3.7-1build2 [347 kB]
2026-10-04T03:07:23.3481260Z Get:65 http://azure.archive.ubuntu.com/ubuntu jammy/main amd64 libxcb-shape0 amd64 1.14-3ubuntu3 [6158 B]
2026-10-04T03:07:23.3757820Z Get:66 http://azure.archive.ubuntu.com/ubuntu jammy/main amd64 libxfixes-dev amd64 1:6.0.0-1 [12.2 kB]
2026-10-04T03:07:23.4034705Z Get:67 http://azure.archive.ubuntu.com/ubuntu jammy/main amd64 libxcursor-dev amd64 1:1.2.0-2build4 [28.2 kB]
2026-10-04T03:07:23.4311819Z Get:68 http://azure.archive.ubuntu.com/ubuntu jammy/main amd64 libxi-dev amd64 2:1.8-1build1 [193 kB]
2026-10-04T03:07:23.4639437Z Get:69 http://azure.archive.ubuntu.com/ubuntu jammy/main amd64 libxkbcommon-dev amd64 1.4.0-1 [54.9 kB]
2026-10-04T03:07:23.4960994Z Get:70 http://azure.archive.ubuntu.com/ubuntu jammy/main amd64 libxrandr-dev amd64 2:1.5.2-1build1 [26.7 kB]
2026-10-04T03:07:23.5278172Z Get:71 http://azure.archive.ubuntu.com/ubuntu jammy/main amd64 libxss-dev amd64 1:1.2.3-1build2 [12.3 kB]
2026-10-04T03:07:23.5592262Z Get:72 http://azure.archive.ubuntu.com/ubuntu jammy/main amd64 libxtst-dev amd64 2:1.2.3-1build4 [16.3 kB]
2026-10-04T03:07:23.5907524Z Get:73 http://azure.archive.ubuntu.com/ubuntu jammy/main amd64 libxv1 amd64 2:1.0.11-1build2 [11.2 kB]
2026-10-04T03:07:23.6221478Z Get:74 http://azure.archive.ubuntu.com/ubuntu jammy/main amd64 libxxf86dga1 amd64 2:1.1.5-0ubuntu3 [12.6 kB]
2026-10-04T03:07:23.6534605Z Get:75 http://azure.archive.ubuntu.com/ubuntu jammy/universe amd64 openbox amd64 3.6.1-10 [311 kB]
2026-10-04T03:07:23.7333126Z Get:76 http://azure.archive.ubuntu.com/ubuntu jammy/universe amd64 scons all 4.0.1+dfsg-2 [469 kB]
2026-10-04T03:07:23.7643676Z Get:77 http://azure.archive.ubuntu.com/ubuntu jammy/main amd64 x11-utils amd64 7.7+5build2 [206 kB]
2026-10-04T03:07:23.7933865Z Get:78 http://azure.archive.ubuntu.com/ubuntu jammy/main amd64 libglvnd-core-dev amd64 1.4.0-1 [12.7 kB]
2026-10-04T03:07:23.8210885Z Get:79 http://azure.archive.ubuntu.com/ubuntu jammy/main amd64 libglvnd-dev amd64 1.4.0-1 [3162 B]
2026-10-04T03:07:23.8486748Z Get:80 http://azure.archive.ubuntu.com/ubuntu jammy-updates/main amd64 libgl1-mesa-dev amd64 23.2.1-1ubuntu3.1~22.04.4 [7012 B]
2026-10-04T03:07:23.8762018Z Get:81 http://azure.archive.ubuntu.com/ubuntu jammy-updates/main amd64 libwayland-bin amd64 1.20.0-1ubuntu0.1 [20.4 kB]
2026-10-04T03:07:23.9038175Z Get:82 http://azure.archive.ubuntu.com/ubuntu jammy-updates/main amd64 libwayland-dev amd64 1.20.0-1ubuntu0.1 [69.5 kB]
2026-10-04T03:07:24.1347064Z Preconfiguring packages ...
2026-10-04T03:07:24.2221359Z Fetched 27.0 MB in 3s (7961 kB/s)
2026-10-04T03:07:24.2489703Z (Reading database ... 
2026-10-04T03:07:24.2489901Z (Reading database ... 5%
2026-10-04T03:07:24.2490043Z (Reading database ... 10%
2026-10-04T03:07:24.2490174Z (Reading database ... 15%
2026-10-04T03:07:24.2490297Z (Reading database ... 20%
2026-10-04T03:07:24.2490419Z (Reading database ... 25%
2026-10-04T03:07:24.2490544Z (Reading database ... 30%
2026-10-04T03:07:24.2490677Z (Reading database ... 35%
2026-10-04T03:07:24.2490798Z (Reading database ... 40%
2026-10-04T03:07:24.2490918Z (Reading database ... 45%
2026-10-04T03:07:24.2491039Z (Reading database ... 50%
2026-10-04T03:07:24.3000567Z (Reading database ... 55%
2026-10-04T03:07:24.4860134Z (Reading database ... 60%
2026-10-04T03:07:24.6932730Z (Reading database ... 65%
2026-10-04T03:07:24.9126935Z (Reading database ... 70%
2026-10-04T03:07:25.0370357Z (Reading database ... 75%
2026-10-04T03:07:25.1545492Z (Reading database ... 80%
2026-10-04T03:07:25.2879615Z (Reading database ... 85%
2026-10-04T03:07:25.4990827Z (Reading database ... 90%
2026-10-04T03:07:25.6449393Z (Reading database ... 95%
2026-10-04T03:07:25.6449578Z (Reading database ... 100%
2026-10-04T03:07:25.6449776Z (Reading database ... 260410 files and directories currently installed.)
2026-10-04T03:07:25.6493133Z Removing r-base-dev (4.6.1-6.2204.0) ...
2026-10-04T03:07:25.6813102Z dpkg: pkgconf: dependency problems, but removing anyway as you requested:
2026-10-04T03:07:25.6813364Z  php8.1-dev depends on pkg-config; however:
2026-10-04T03:07:25.6813537Z   Package pkg-config is not installed.
2026-10-04T03:07:25.6813725Z   Package pkgconf which provides pkg-config is to be removed.
2026-10-04T03:07:25.6813915Z  mono-devel depends on pkg-config; however:
2026-10-04T03:07:25.6814081Z   Package pkg-config is not installed.
2026-10-04T03:07:25.6814260Z   Package pkgconf which provides pkg-config is to be removed.
2026-10-04T03:07:25.6814480Z  libmagickwand-6.q16-dev:amd64 depends on pkg-config; however:
2026-10-04T03:07:25.6814671Z   Package pkg-config is not installed.
2026-10-04T03:07:25.6814855Z   Package pkgconf which provides pkg-config is to be removed.
2026-10-04T03:07:25.6815072Z  libmagickcore-6.q16-dev:amd64 depends on pkg-config; however:
2026-10-04T03:07:25.6815258Z   Package pkg-config is not installed.
2026-10-04T03:07:25.6815432Z   Package pkgconf which provides pkg-config is to be removed.
2026-10-04T03:07:25.6815772Z  libglib2.0-dev:amd64 depends on pkg-config; however:
2026-10-04T03:07:25.6815943Z   Package pkg-config is not installed.
2026-10-04T03:07:25.6816115Z   Package pkgconf which provides pkg-config is to be removed.
2026-10-04T03:07:25.6816323Z  libfontconfig-dev:amd64 depends on pkg-config; however:
2026-10-04T03:07:25.6816505Z   Package pkg-config is not installed.
2026-10-04T03:07:25.6816676Z   Package pkgconf which provides pkg-config is to be removed.
2026-10-04T03:07:25.6816809Z 
2026-10-04T03:07:25.6858996Z Removing pkgconf (1.8.0-1) ...
2026-10-04T03:07:25.7238654Z Removing 'diversion of /usr/bin/pkg-config to /usr/bin/pkg-config.real by pkgconf'
2026-10-04T03:07:25.7300660Z Removing 'diversion of /usr/share/aclocal/pkg.m4 to /usr/share/aclocal/pkg.real.m4 by pkgconf'
2026-10-04T03:07:25.7360174Z Removing 'diversion of /usr/share/man/man1/pkg-config.1.gz to /usr/share/man/man1/pkg-config.real.1.gz by pkgconf'
2026-10-04T03:07:25.7423338Z Removing 'diversion of /usr/share/pkg-config-crosswrapper to /usr/share/pkg-config-crosswrapper.real by pkgconf'
2026-10-04T03:07:25.7682423Z Selecting previously unselected package pkg-config.
2026-10-04T03:07:25.7706646Z (Reading database ... 
2026-10-04T03:07:25.7706871Z (Reading database ... 5%
2026-10-04T03:07:25.7707079Z (Reading database ... 10%
2026-10-04T03:07:25.7707269Z (Reading database ... 15%
2026-10-04T03:07:25.7707394Z (Reading database ... 20%
2026-10-04T03:07:25.7707568Z (Reading database ... 25%
2026-10-04T03:07:25.7707762Z (Reading database ... 30%
2026-10-04T03:07:25.7707957Z (Reading database ... 35%
2026-10-04T03:07:25.7708133Z (Reading database ... 40%
2026-10-04T03:07:25.7708325Z (Reading database ... 45%
2026-10-04T03:07:25.7708913Z (Reading database ... 50%
2026-10-04T03:07:25.7719732Z (Reading database ... 55%
2026-10-04T03:07:25.7729995Z (Reading database ... 60%
2026-10-04T03:07:25.7738443Z (Reading database ... 65%
2026-10-04T03:07:25.7785544Z (Reading database ... 70%
2026-10-04T03:07:25.7801240Z (Reading database ... 75%
2026-10-04T03:07:25.7827374Z (Reading database ... 80%
2026-10-04T03:07:25.7992933Z (Reading database ... 85%
2026-10-04T03:07:25.8000615Z (Reading database ... 90%
2026-10-04T03:07:25.8185913Z (Reading database ... 95%
2026-10-04T03:07:25.8186158Z (Reading database ... 100%
2026-10-04T03:07:25.8186467Z (Reading database ... 260388 files and directories currently installed.)
2026-10-04T03:07:25.8227159Z Preparing to unpack .../pkg-config_0.29.2-1ubuntu3_amd64.deb ...
2026-10-04T03:07:25.8235955Z Unpacking pkg-config (0.29.2-1ubuntu3) ...
2026-10-04T03:07:25.8369075Z Selecting previously unselected package libdebuginfod-common.
2026-10-04T03:07:25.8454244Z Preparing to unpack .../libdebuginfod-common_0.186-1ubuntu0.1_all.deb ...
2026-10-04T03:07:25.8459313Z Unpacking libdebuginfod-common (0.186-1ubuntu0.1) ...
2026-10-04T03:07:25.8643668Z Preparing to unpack .../libssl-dev_3.0.2-0ubuntu1.30_amd64.deb ...
2026-10-04T03:07:25.8662102Z Unpacking libssl-dev:amd64 (3.0.2-0ubuntu1.30) over (3.0.2-0ubuntu1.29) ...
2026-10-04T03:07:25.9766484Z Preparing to unpack .../libssl3_3.0.2-0ubuntu1.30_amd64.deb ...
2026-10-04T03:07:25.9790017Z Unpacking libssl3:amd64 (3.0.2-0ubuntu1.30) over (3.0.2-0ubuntu1.29) ...
2026-10-04T03:07:26.0286735Z Setting up libssl3:amd64 (3.0.2-0ubuntu1.30) ...
2026-10-04T03:07:26.1062028Z Selecting previously unselected package libhiredis0.14:amd64.
2026-10-04T03:07:26.1086694Z (Reading database ... 
2026-10-04T03:07:26.1086945Z (Reading database ... 5%
2026-10-04T03:07:26.1087457Z (Reading database ... 10%
2026-10-04T03:07:26.1087710Z (Reading database ... 15%
2026-10-04T03:07:26.1087935Z (Reading database ... 20%
2026-10-04T03:07:26.1088144Z (Reading database ... 25%
2026-10-04T03:07:26.1088386Z (Reading database ... 30%
2026-10-04T03:07:26.1088592Z (Reading database ... 35%
2026-10-04T03:07:26.1088888Z (Reading database ... 40%
2026-10-04T03:07:26.1089092Z (Reading database ... 45%
2026-10-04T03:07:26.1089298Z (Reading database ... 50%
2026-10-04T03:07:26.1099024Z (Reading database ... 55%
2026-10-04T03:07:26.1109878Z (Reading database ... 60%
2026-10-04T03:07:26.1118987Z (Reading database ... 65%
2026-10-04T03:07:26.1167524Z (Reading database ... 70%
2026-10-04T03:07:26.1198488Z (Reading database ... 75%
2026-10-04T03:07:26.1212049Z (Reading database ... 80%
2026-10-04T03:07:26.1390846Z (Reading database ... 85%
2026-10-04T03:07:26.1398708Z (Reading database ... 90%
2026-10-04T03:07:26.1590873Z (Reading database ... 95%
2026-10-04T03:07:26.1591099Z (Reading database ... 100%
2026-10-04T03:07:26.1591333Z (Reading database ... 260409 files and directories currently installed.)
2026-10-04T03:07:26.1630386Z Preparing to unpack .../00-libhiredis0.14_0.14.1-2_amd64.deb ...
2026-10-04T03:07:26.1637818Z Unpacking libhiredis0.14:amd64 (0.14.1-2) ...
2026-10-04T03:07:26.1746382Z Selecting previously unselected package ccache.
2026-10-04T03:07:26.1830889Z Preparing to unpack .../01-ccache_4.5.1-1_amd64.deb ...
2026-10-04T03:07:26.1835163Z Unpacking ccache (4.5.1-1) ...
2026-10-04T03:07:26.1987647Z Selecting previously unselected package libbabeltrace1:amd64.
2026-10-04T03:07:26.2070510Z Preparing to unpack .../02-libbabeltrace1_1.5.8-2build1_amd64.deb ...
2026-10-04T03:07:26.2075218Z Unpacking libbabeltrace1:amd64 (1.5.8-2build1) ...
2026-10-04T03:07:26.2185114Z Selecting previously unselected package libdebuginfod1:amd64.
2026-10-04T03:07:26.2266254Z Preparing to unpack .../03-libdebuginfod1_0.186-1ubuntu0.1_amd64.deb ...
2026-10-04T03:07:26.2270925Z Unpacking libdebuginfod1:amd64 (0.186-1ubuntu0.1) ...
2026-10-04T03:07:26.2364676Z Selecting previously unselected package libipt2.
2026-10-04T03:07:26.2444378Z Preparing to unpack .../04-libipt2_2.0.5-1_amd64.deb ...
2026-10-04T03:07:26.2449465Z Unpacking libipt2 (2.0.5-1) ...
2026-10-04T03:07:26.2539670Z Selecting previously unselected package libsource-highlight-common.
2026-10-04T03:07:26.2620892Z Preparing to unpack .../05-libsource-highlight-common_3.1.9-4.1build2_all.deb ...
2026-10-04T03:07:26.2625008Z Unpacking libsource-highlight-common (3.1.9-4.1build2) ...
2026-10-04T03:07:26.2806835Z Selecting previously unselected package libboost-regex1.74.0:amd64.
2026-10-04T03:07:26.2890853Z Preparing to unpack .../06-libboost-regex1.74.0_1.74.0-14ubuntu3_amd64.deb ...
2026-10-04T03:07:26.2895445Z Unpacking libboost-regex1.74.0:amd64 (1.74.0-14ubuntu3) ...
2026-10-04T03:07:26.3105538Z Selecting previously unselected package libsource-highlight4v5.
2026-10-04T03:07:26.3188521Z Preparing to unpack .../07-libsource-highlight4v5_3.1.9-4.1build2_amd64.deb ...
2026-10-04T03:07:26.3192799Z Unpacking libsource-highlight4v5 (3.1.9-4.1build2) ...
2026-10-04T03:07:26.3294727Z Selecting previously unselected package gdb.
2026-10-04T03:07:26.3376162Z Preparing to unpack .../08-gdb_12.1-0ubuntu1~22.04.2_amd64.deb ...
2026-10-04T03:07:26.3380837Z Unpacking gdb (12.1-0ubuntu1~22.04.2) ...
2026-10-04T03:07:26.4228010Z Selecting previously unselected package libasound2-dev:amd64.
2026-10-04T03:07:26.4317494Z Preparing to unpack .../09-libasound2-dev_1.2.6.1-1ubuntu1.2_amd64.deb ...
2026-10-04T03:07:26.4331498Z Unpacking libasound2-dev:amd64 (1.2.6.1-1ubuntu1.2) ...
2026-10-04T03:07:26.4462233Z Selecting previously unselected package libasyncns0:amd64.
2026-10-04T03:07:26.4550323Z Preparing to unpack .../10-libasyncns0_0.8-6build2_amd64.deb ...
2026-10-04T03:07:26.4554500Z Unpacking libasyncns0:amd64 (0.8-6build2) ...
2026-10-04T03:07:26.4656629Z Selecting previously unselected package libboost1.74-dev:amd64.
2026-10-04T03:07:26.4741203Z Preparing to unpack .../11-libboost1.74-dev_1.74.0-14ubuntu3_amd64.deb ...
2026-10-04T03:07:26.4745384Z Unpacking libboost1.74-dev:amd64 (1.74.0-14ubuntu3) ...
2026-10-04T03:07:28.7299093Z Selecting previously unselected package libboost-atomic1.74.0:amd64.
2026-10-04T03:07:28.7455108Z Preparing to unpack .../12-libboost-atomic1.74.0_1.74.0-14ubuntu3_amd64.deb ...
2026-10-04T03:07:28.7460094Z Unpacking libboost-atomic1.74.0:amd64 (1.74.0-14ubuntu3) ...
2026-10-04T03:07:28.7646390Z Selecting previously unselected package libboost-atomic1.74-dev:amd64.
2026-10-04T03:07:28.7741544Z Preparing to unpack .../13-libboost-atomic1.74-dev_1.74.0-14ubuntu3_amd64.deb ...
2026-10-04T03:07:28.7746118Z Unpacking libboost-atomic1.74-dev:amd64 (1.74.0-14ubuntu3) ...
2026-10-04T03:07:28.7975775Z Selecting previously unselected package libboost-chrono1.74.0:amd64.
2026-10-04T03:07:28.8075178Z Preparing to unpack .../14-libboost-chrono1.74.0_1.74.0-14ubuntu3_amd64.deb ...
2026-10-04T03:07:28.8079997Z Unpacking libboost-chrono1.74.0:amd64 (1.74.0-14ubuntu3) ...
2026-10-04T03:07:28.8274074Z Selecting previously unselected package libboost-chrono1.74-dev:amd64.
2026-10-04T03:07:28.8371029Z Preparing to unpack .../15-libboost-chrono1.74-dev_1.74.0-14ubuntu3_amd64.deb ...
2026-10-04T03:07:28.8375325Z Unpacking libboost-chrono1.74-dev:amd64 (1.74.0-14ubuntu3) ...
2026-10-04T03:07:28.8581082Z Selecting previously unselected package libboost-date-time1.74.0:amd64.
2026-10-04T03:07:28.8677144Z Preparing to unpack .../16-libboost-date-time1.74.0_1.74.0-14ubuntu3_amd64.deb ...
2026-10-04T03:07:28.8682507Z Unpacking libboost-date-time1.74.0:amd64 (1.74.0-14ubuntu3) ...
2026-10-04T03:07:28.8877034Z Selecting previously unselected package libboost-serialization1.74.0:amd64.
2026-10-04T03:07:28.8970435Z Preparing to unpack .../17-libboost-serialization1.74.0_1.74.0-14ubuntu3_amd64.deb ...
2026-10-04T03:07:28.8975071Z Unpacking libboost-serialization1.74.0:amd64 (1.74.0-14ubuntu3) ...
2026-10-04T03:07:28.9175153Z Selecting previously unselected package libboost-serialization1.74-dev:amd64.
2026-10-04T03:07:28.9267432Z Preparing to unpack .../18-libboost-serialization1.74-dev_1.74.0-14ubuntu3_amd64.deb ...
2026-10-04T03:07:28.9271668Z Unpacking libboost-serialization1.74-dev:amd64 (1.74.0-14ubuntu3) ...
2026-10-04T03:07:28.9570170Z Selecting previously unselected package libboost-date-time1.74-dev:amd64.
2026-10-04T03:07:28.9659780Z Preparing to unpack .../19-libboost-date-time1.74-dev_1.74.0-14ubuntu3_amd64.deb ...
2026-10-04T03:07:28.9664389Z Unpacking libboost-date-time1.74-dev:amd64 (1.74.0-14ubuntu3) ...
2026-10-04T03:07:28.9850629Z Selecting previously unselected package libboost-date-time-dev:amd64.
2026-10-04T03:07:28.9940184Z Preparing to unpack .../20-libboost-date-time-dev_1.74.0.3ubuntu7_amd64.deb ...
2026-10-04T03:07:28.9945344Z Unpacking libboost-date-time-dev:amd64 (1.74.0.3ubuntu7) ...
2026-10-04T03:07:29.0039555Z Selecting previously unselected package libboost-system1.74.0:amd64.
2026-10-04T03:07:29.0131965Z Preparing to unpack .../21-libboost-system1.74.0_1.74.0-14ubuntu3_amd64.deb ...
2026-10-04T03:07:29.0136585Z Unpacking libboost-system1.74.0:amd64 (1.74.0-14ubuntu3) ...
2026-10-04T03:07:29.0274887Z Selecting previously unselected package libboost-system1.74-dev:amd64.
2026-10-04T03:07:29.0364395Z Preparing to unpack .../22-libboost-system1.74-dev_1.74.0-14ubuntu3_amd64.deb ...
2026-10-04T03:07:29.0368840Z Unpacking libboost-system1.74-dev:amd64 (1.74.0-14ubuntu3) ...
2026-10-04T03:07:29.0577021Z Selecting previously unselected package libboost-system-dev:amd64.
2026-10-04T03:07:29.0671601Z Preparing to unpack .../23-libboost-system-dev_1.74.0.3ubuntu7_amd64.deb ...
2026-10-04T03:07:29.0677295Z Unpacking libboost-system-dev:amd64 (1.74.0.3ubuntu7) ...
2026-10-04T03:07:29.0773481Z Selecting previously unselected package libboost-thread1.74.0:amd64.
2026-10-04T03:07:29.0865437Z Preparing to unpack .../24-libboost-thread1.74.0_1.74.0-14ubuntu3_amd64.deb ...
2026-10-04T03:07:29.0870719Z Unpacking libboost-thread1.74.0:amd64 (1.74.0-14ubuntu3) ...
2026-10-04T03:07:29.1072859Z Selecting previously unselected package libboost-thread1.74-dev:amd64.
2026-10-04T03:07:29.1164028Z Preparing to unpack .../25-libboost-thread1.74-dev_1.74.0-14ubuntu3_amd64.deb ...
2026-10-04T03:07:29.1168467Z Unpacking libboost-thread1.74-dev:amd64 (1.74.0-14ubuntu3) ...
2026-10-04T03:07:29.1379814Z Selecting previously unselected package libboost-thread-dev:amd64.
2026-10-04T03:07:29.1470152Z Preparing to unpack .../26-libboost-thread-dev_1.74.0.3ubuntu7_amd64.deb ...
2026-10-04T03:07:29.1474601Z Unpacking libboost-thread-dev:amd64 (1.74.0.3ubuntu7) ...
2026-10-04T03:07:29.1571397Z Selecting previously unselected package libegl-mesa0:amd64.
2026-10-04T03:07:29.1659765Z Preparing to unpack .../27-libegl-mesa0_23.2.1-1ubuntu3.1~22.04.4_amd64.deb ...
2026-10-04T03:07:29.1664589Z Unpacking libegl-mesa0:amd64 (23.2.1-1ubuntu3.1~22.04.4) ...
2026-10-04T03:07:29.1773967Z Selecting previously unselected package libegl1:amd64.
2026-10-04T03:07:29.1862819Z Preparing to unpack .../28-libegl1_1.4.0-1_amd64.deb ...
2026-10-04T03:07:29.1868004Z Unpacking libegl1:amd64 (1.4.0-1) ...
2026-10-04T03:07:29.1963676Z Selecting previously unselected package libglx-dev:amd64.
2026-10-04T03:07:29.2053100Z Preparing to unpack .../29-libglx-dev_1.4.0-1_amd64.deb ...
2026-10-04T03:07:29.2057078Z Unpacking libglx-dev:amd64 (1.4.0-1) ...
2026-10-04T03:07:29.2154185Z Selecting previously unselected package libgl-dev:amd64.
2026-10-04T03:07:29.2241810Z Preparing to unpack .../30-libgl-dev_1.4.0-1_amd64.deb ...
2026-10-04T03:07:29.2246820Z Unpacking libgl-dev:amd64 (1.4.0-1) ...
2026-10-04T03:07:29.2359097Z Selecting previously unselected package libegl-dev:amd64.
2026-10-04T03:07:29.2449301Z Preparing to unpack .../31-libegl-dev_1.4.0-1_amd64.deb ...
2026-10-04T03:07:29.2453307Z Unpacking libegl-dev:amd64 (1.4.0-1) ...
2026-10-04T03:07:29.2545745Z Selecting previously unselected package libepoxy-dev:amd64.
2026-10-04T03:07:29.2635522Z Preparing to unpack .../32-libepoxy-dev_1.5.10-1_amd64.deb ...
2026-10-04T03:07:29.2640285Z Unpacking libepoxy-dev:amd64 (1.5.10-1) ...
2026-10-04T03:07:29.2779789Z Selecting previously unselected package libflac8:amd64.
2026-10-04T03:07:29.2869312Z Preparing to unpack .../33-libflac8_1.3.3-2ubuntu0.2_amd64.deb ...
2026-10-04T03:07:29.2874387Z Unpacking libflac8:amd64 (1.3.3-2ubuntu0.2) ...
2026-10-04T03:07:29.2971975Z Selecting previously unselected package libfribidi-dev:amd64.
2026-10-04T03:07:29.3062108Z Preparing to unpack .../34-libfribidi-dev_1.0.8-2ubuntu3.1_amd64.deb ...
2026-10-04T03:07:29.3070826Z Unpacking libfribidi-dev:amd64 (1.0.8-2ubuntu3.1) ...
2026-10-04T03:07:29.3804937Z Selecting previously unselected package libgles1:amd64.
2026-10-04T03:07:29.3899628Z Preparing to unpack .../35-libgles1_1.4.0-1_amd64.deb ...
2026-10-04T03:07:29.3904209Z Unpacking libgles1:amd64 (1.4.0-1) ...
2026-10-04T03:07:29.4004944Z Selecting previously unselected package libgles2:amd64.
2026-10-04T03:07:29.4097608Z Preparing to unpack .../36-libgles2_1.4.0-1_amd64.deb ...
2026-10-04T03:07:29.4102403Z Unpacking libgles2:amd64 (1.4.0-1) ...
2026-10-04T03:07:29.4193370Z Selecting previously unselected package libgles-dev:amd64.
2026-10-04T03:07:29.4285939Z Preparing to unpack .../37-libgles-dev_1.4.0-1_amd64.deb ...
2026-10-04T03:07:29.4290327Z Unpacking libgles-dev:amd64 (1.4.0-1) ...
2026-10-04T03:07:29.4401160Z Selecting previously unselected package libopengl0:amd64.
2026-10-04T03:07:29.4490766Z Preparing to unpack .../38-libopengl0_1.4.0-1_amd64.deb ...
2026-10-04T03:07:29.4495119Z Unpacking libopengl0:amd64 (1.4.0-1) ...
2026-10-04T03:07:29.4591590Z Selecting previously unselected package libglu1-mesa:amd64.
2026-10-04T03:07:29.4679071Z Preparing to unpack .../39-libglu1-mesa_9.0.2-1_amd64.deb ...
2026-10-04T03:07:29.4683724Z Unpacking libglu1-mesa:amd64 (9.0.2-1) ...
2026-10-04T03:07:29.4800098Z Selecting previously unselected package libglu1-mesa-dev:amd64.
2026-10-04T03:07:29.4889052Z Preparing to unpack .../40-libglu1-mesa-dev_9.0.2-1_amd64.deb ...
2026-10-04T03:07:29.4893501Z Unpacking libglu1-mesa-dev:amd64 (9.0.2-1) ...
2026-10-04T03:07:29.5009833Z Selecting previously unselected package libid3tag0:amd64.
2026-10-04T03:07:29.5097243Z Preparing to unpack .../41-libid3tag0_0.15.1b-14_amd64.deb ...
2026-10-04T03:07:29.5102289Z Unpacking libid3tag0:amd64 (0.15.1b-14) ...
2026-10-04T03:07:29.5220191Z Selecting previously unselected package libimlib2:amd64.
2026-10-04T03:07:29.5309505Z Preparing to unpack .../42-libimlib2_1.7.4-1build1_amd64.deb ...
2026-10-04T03:07:29.5319371Z Unpacking libimlib2:amd64 (1.7.4-1build1) ...
2026-10-04T03:07:29.5439928Z Selecting previously unselected package libobt2v5.
2026-10-04T03:07:29.5529087Z Preparing to unpack .../43-libobt2v5_3.6.1-10_amd64.deb ...
2026-10-04T03:07:29.5533851Z Unpacking libobt2v5 (3.6.1-10) ...
2026-10-04T03:07:29.5633673Z Selecting previously unselected package libpangoxft-1.0-0:amd64.
2026-10-04T03:07:29.5724540Z Preparing to unpack .../44-libpangoxft-1.0-0_1.50.6+ds-2ubuntu1_amd64.deb ...
2026-10-04T03:07:29.5729301Z Unpacking libpangoxft-1.0-0:amd64 (1.50.6+ds-2ubuntu1) ...
2026-10-04T03:07:29.5830201Z Selecting previously unselected package libobrender32v5.
2026-10-04T03:07:29.5921528Z Preparing to unpack .../45-libobrender32v5_3.6.1-10_amd64.deb ...
2026-10-04T03:07:29.5926049Z Unpacking libobrender32v5 (3.6.1-10) ...
2026-10-04T03:07:29.6022703Z Selecting previously unselected package libogg-dev:amd64.
2026-10-04T03:07:29.6114606Z Preparing to unpack .../46-libogg-dev_1.3.5-0ubuntu3_amd64.deb ...
2026-10-04T03:07:29.6119829Z Unpacking libogg-dev:amd64 (1.3.5-0ubuntu3) ...
2026-10-04T03:07:29.6257363Z Selecting previously unselected package libopengl-dev:amd64.
2026-10-04T03:07:29.6349240Z Preparing to unpack .../47-libopengl-dev_1.4.0-1_amd64.deb ...
2026-10-04T03:07:29.6428149Z Unpacking libopengl-dev:amd64 (1.4.0-1) ...
2026-10-04T03:07:29.6527544Z Selecting previously unselected package libopus0:amd64.
2026-10-04T03:07:29.6620422Z Preparing to unpack .../48-libopus0_1.3.1-0.1build2_amd64.deb ...
2026-10-04T03:07:29.6624767Z Unpacking libopus0:amd64 (1.3.1-0.1build2) ...
2026-10-04T03:07:29.6734244Z Selecting previously unselected package libvorbisenc2:amd64.
2026-10-04T03:07:29.6825451Z Preparing to unpack .../49-libvorbisenc2_1.3.7-1build2_amd64.deb ...
2026-10-04T03:07:29.6830348Z Unpacking libvorbisenc2:amd64 (1.3.7-1build2) ...
2026-10-04T03:07:29.6938555Z Selecting previously unselected package libsndfile1:amd64.
2026-10-04T03:07:29.7027321Z Preparing to unpack .../50-libsndfile1_1.0.31-2ubuntu0.2_amd64.deb ...
2026-10-04T03:07:29.7032176Z Unpacking libsndfile1:amd64 (1.0.31-2ubuntu0.2) ...
2026-10-04T03:07:29.7157142Z Selecting previously unselected package libpulse0:amd64.
2026-10-04T03:07:29.7254545Z Preparing to unpack .../51-libpulse0_1%3a15.99.1+dfsg1-1ubuntu2.2_amd64.deb ...
2026-10-04T03:07:29.7300501Z Unpacking libpulse0:amd64 (1:15.99.1+dfsg1-1ubuntu2.2) ...
2026-10-04T03:07:29.7440879Z Selecting previously unselected package libpulse-mainloop-glib0:amd64.
2026-10-04T03:07:29.7542710Z Preparing to unpack .../52-libpulse-mainloop-glib0_1%3a15.99.1+dfsg1-1ubuntu2.2_amd64.deb ...
2026-10-04T03:07:29.7547366Z Unpacking libpulse-mainloop-glib0:amd64 (1:15.99.1+dfsg1-1ubuntu2.2) ...
2026-10-04T03:07:29.7650200Z Selecting previously unselected package libpulse-dev:amd64.
2026-10-04T03:07:29.7752371Z Preparing to unpack .../53-libpulse-dev_1%3a15.99.1+dfsg1-1ubuntu2.2_amd64.deb ...
2026-10-04T03:07:29.7756543Z Unpacking libpulse-dev:amd64 (1:15.99.1+dfsg1-1ubuntu2.2) ...
2026-10-04T03:07:29.7891224Z Selecting previously unselected package libspeex1:amd64.
2026-10-04T03:07:29.7990043Z Preparing to unpack .../54-libspeex1_1.2~rc1.2-1.1ubuntu3_amd64.deb ...
2026-10-04T03:07:29.7994997Z Unpacking libspeex1:amd64 (1.2~rc1.2-1.1ubuntu3) ...
2026-10-04T03:07:29.8097042Z Selecting previously unselected package libspeex-dev:amd64.
2026-10-04T03:07:29.8196617Z Preparing to unpack .../55-libspeex-dev_1.2~rc1.2-1.1ubuntu3_amd64.deb ...
2026-10-04T03:07:29.8201087Z Unpacking libspeex-dev:amd64 (1.2~rc1.2-1.1ubuntu3) ...
2026-10-04T03:07:29.8315723Z Selecting previously unselected package libxcb-util1:amd64.
2026-10-04T03:07:29.8415275Z Preparing to unpack .../56-libxcb-util1_0.4.0-1build2_amd64.deb ...
2026-10-04T03:07:29.8424435Z Unpacking libxcb-util1:amd64 (0.4.0-1build2) ...
2026-10-04T03:07:29.8535817Z Selecting previously unselected package libstartup-notification0:amd64.
2026-10-04T03:07:29.8635954Z Preparing to unpack .../57-libstartup-notification0_0.12-6build2_amd64.deb ...
2026-10-04T03:07:29.8642571Z Unpacking libstartup-notification0:amd64 (0.12-6build2) ...
2026-10-04T03:07:29.8746785Z Selecting previously unselected package libvorbis-dev:amd64.
2026-10-04T03:07:29.8846578Z Preparing to unpack .../58-libvorbis-dev_1.3.7-1build2_amd64.deb ...
2026-10-04T03:07:29.8853880Z Unpacking libvorbis-dev:amd64 (1.3.7-1build2) ...
2026-10-04T03:07:29.9131894Z Selecting previously unselected package libxcb-shape0:amd64.
2026-10-04T03:07:29.9236812Z Preparing to unpack .../59-libxcb-shape0_1.14-3ubuntu3_amd64.deb ...
2026-10-04T03:07:29.9242084Z Unpacking libxcb-shape0:amd64 (1.14-3ubuntu3) ...
2026-10-04T03:07:29.9353056Z Selecting previously unselected package libxfixes-dev:amd64.
2026-10-04T03:07:29.9453614Z Preparing to unpack .../60-libxfixes-dev_1%3a6.0.0-1_amd64.deb ...
2026-10-04T03:07:29.9457862Z Unpacking libxfixes-dev:amd64 (1:6.0.0-1) ...
2026-10-04T03:07:29.9559891Z Selecting previously unselected package libxcursor-dev:amd64.
2026-10-04T03:07:29.9661122Z Preparing to unpack .../61-libxcursor-dev_1%3a1.2.0-2build4_amd64.deb ...
2026-10-04T03:07:29.9673512Z Unpacking libxcursor-dev:amd64 (1:1.2.0-2build4) ...
2026-10-04T03:07:29.9786900Z Selecting previously unselected package libxi-dev:amd64.
2026-10-04T03:07:29.9888941Z Preparing to unpack .../62-libxi-dev_2%3a1.8-1build1_amd64.deb ...
2026-10-04T03:07:29.9893971Z Unpacking libxi-dev:amd64 (2:1.8-1build1) ...
2026-10-04T03:07:30.0039363Z Selecting previously unselected package libxkbcommon-dev:amd64.
2026-10-04T03:07:30.0141799Z Preparing to unpack .../63-libxkbcommon-dev_1.4.0-1_amd64.deb ...
2026-10-04T03:07:30.0146262Z Unpacking libxkbcommon-dev:amd64 (1.4.0-1) ...
2026-10-04T03:07:30.0256061Z Selecting previously unselected package libxrandr-dev:amd64.
2026-10-04T03:07:30.0356868Z Preparing to unpack .../64-libxrandr-dev_2%3a1.5.2-1build1_amd64.deb ...
2026-10-04T03:07:30.0364510Z Unpacking libxrandr-dev:amd64 (2:1.5.2-1build1) ...
2026-10-04T03:07:30.0478301Z Selecting previously unselected package libxss-dev:amd64.
2026-10-04T03:07:30.0581548Z Preparing to unpack .../65-libxss-dev_1%3a1.2.3-1build2_amd64.deb ...
2026-10-04T03:07:30.0586362Z Unpacking libxss-dev:amd64 (1:1.2.3-1build2) ...
2026-10-04T03:07:30.0705091Z Selecting previously unselected package libxtst-dev:amd64.
2026-10-04T03:07:30.0815003Z Preparing to unpack .../66-libxtst-dev_2%3a1.2.3-1build4_amd64.deb ...
2026-10-04T03:07:30.0822461Z Unpacking libxtst-dev:amd64 (2:1.2.3-1build4) ...
2026-10-04T03:07:30.0956430Z Selecting previously unselected package libxv1:amd64.
2026-10-04T03:07:30.1060836Z Preparing to unpack .../67-libxv1_2%3a1.0.11-1build2_amd64.deb ...
2026-10-04T03:07:30.1067040Z Unpacking libxv1:amd64 (2:1.0.11-1build2) ...
2026-10-04T03:07:30.1189598Z Selecting previously unselected package libxxf86dga1:amd64.
2026-10-04T03:07:30.1296181Z Preparing to unpack .../68-libxxf86dga1_2%3a1.1.5-0ubuntu3_amd64.deb ...
2026-10-04T03:07:30.1304785Z Unpacking libxxf86dga1:amd64 (2:1.1.5-0ubuntu3) ...
2026-10-04T03:07:30.1429921Z Selecting previously unselected package openbox.
2026-10-04T03:07:30.1533379Z Preparing to unpack .../69-openbox_3.6.1-10_amd64.deb ...
2026-10-04T03:07:30.1565872Z Unpacking openbox (3.6.1-10) ...
2026-10-04T03:07:30.2439216Z Selecting previously unselected package scons.
2026-10-04T03:07:30.2541843Z Preparing to unpack .../70-scons_4.0.1+dfsg-2_all.deb ...
2026-10-04T03:07:30.2546302Z Unpacking scons (4.0.1+dfsg-2) ...
2026-10-04T03:07:30.2983667Z Selecting previously unselected package x11-utils.
2026-10-04T03:07:30.3084555Z Preparing to unpack .../71-x11-utils_7.7+5build2_amd64.deb ...
2026-10-04T03:07:30.3089243Z Unpacking x11-utils (7.7+5build2) ...
2026-10-04T03:07:30.3227118Z Selecting previously unselected package libglvnd-core-dev:amd64.
2026-10-04T03:07:30.3326698Z Preparing to unpack .../72-libglvnd-core-dev_1.4.0-1_amd64.deb ...
2026-10-04T03:07:30.3332940Z Unpacking libglvnd-core-dev:amd64 (1.4.0-1) ...
2026-10-04T03:07:30.3438327Z Selecting previously unselected package libglvnd-dev:amd64.
2026-10-04T03:07:30.3534345Z Preparing to unpack .../73-libglvnd-dev_1.4.0-1_amd64.deb ...
2026-10-04T03:07:30.3539976Z Unpacking libglvnd-dev:amd64 (1.4.0-1) ...
2026-10-04T03:07:30.3680184Z Selecting previously unselected package libgl1-mesa-dev:amd64.
2026-10-04T03:07:30.3775377Z Preparing to unpack .../74-libgl1-mesa-dev_23.2.1-1ubuntu3.1~22.04.4_amd64.deb ...
2026-10-04T03:07:30.3780908Z Unpacking libgl1-mesa-dev:amd64 (23.2.1-1ubuntu3.1~22.04.4) ...
2026-10-04T03:07:30.3890729Z Selecting previously unselected package libwayland-bin.
2026-10-04T03:07:30.3986805Z Preparing to unpack .../75-libwayland-bin_1.20.0-1ubuntu0.1_amd64.deb ...
2026-10-04T03:07:30.3991279Z Unpacking libwayland-bin (1.20.0-1ubuntu0.1) ...
2026-10-04T03:07:30.4091177Z Selecting previously unselected package libwayland-dev:amd64.
2026-10-04T03:07:30.4188975Z Preparing to unpack .../76-libwayland-dev_1.20.0-1ubuntu0.1_amd64.deb ...
2026-10-04T03:07:30.4193894Z Unpacking libwayland-dev:amd64 (1.20.0-1ubuntu0.1) ...
2026-10-04T03:07:30.4678993Z Setting up libboost-chrono1.74.0:amd64 (1.74.0-14ubuntu3) ...
2026-10-04T03:07:30.4691297Z Setting up libboost-system1.74.0:amd64 (1.74.0-14ubuntu3) ...
2026-10-04T03:07:30.4703211Z Setting up libboost1.74-dev:amd64 (1.74.0-14ubuntu3) ...
2026-10-04T03:07:30.4715593Z Setting up libboost-atomic1.74.0:amd64 (1.74.0-14ubuntu3) ...
2026-10-04T03:07:30.4726950Z Setting up libspeex1:amd64 (1.2~rc1.2-1.1ubuntu3) ...
2026-10-04T03:07:30.4742614Z Setting up libpangoxft-1.0-0:amd64 (1.50.6+ds-2ubuntu1) ...
2026-10-04T03:07:30.4753951Z Setting up libglvnd-core-dev:amd64 (1.4.0-1) ...
2026-10-04T03:07:30.4766047Z Setting up libdebuginfod-common (0.186-1ubuntu0.1) ...
2026-10-04T03:07:30.5636264Z 
2026-10-04T03:07:30.5636991Z Creating config file /etc/profile.d/debuginfod.sh with new version
2026-10-04T03:07:30.6778053Z 
2026-10-04T03:07:30.6778615Z Creating config file /etc/profile.d/debuginfod.csh with new version
2026-10-04T03:07:30.7190693Z Setting up libfribidi-dev:amd64 (1.0.8-2ubuntu3.1) ...
2026-10-04T03:07:30.7201992Z Setting up libxkbcommon-dev:amd64 (1.4.0-1) ...
2026-10-04T03:07:30.7213489Z Setting up libdebuginfod1:amd64 (0.186-1ubuntu0.1) ...
2026-10-04T03:07:30.7225262Z Setting up libboost-chrono1.74-dev:amd64 (1.74.0-14ubuntu3) ...
2026-10-04T03:07:30.7235878Z Setting up libxcb-shape0:amd64 (1.14-3ubuntu3) ...
2026-10-04T03:07:30.7250130Z Setting up libxxf86dga1:amd64 (2:1.1.5-0ubuntu3) ...
2026-10-04T03:07:30.7261813Z Setting up libogg-dev:amd64 (1.3.5-0ubuntu3) ...
2026-10-04T03:07:30.7273075Z Setting up libxss-dev:amd64 (1:1.2.3-1build2) ...
2026-10-04T03:07:30.7284921Z Setting up libsource-highlight-common (3.1.9-4.1build2) ...
2026-10-04T03:07:30.7296045Z Setting up libopengl0:amd64 (1.4.0-1) ...
2026-10-04T03:07:30.7308595Z Setting up libxcb-util1:amd64 (0.4.0-1build2) ...
2026-10-04T03:07:30.7319959Z Setting up libflac8:amd64 (1.3.3-2ubuntu0.2) ...
2026-10-04T03:07:30.7330739Z Setting up libxfixes-dev:amd64 (1:6.0.0-1) ...
2026-10-04T03:07:30.7342475Z Setting up libid3tag0:amd64 (0.15.1b-14) ...
2026-10-04T03:07:30.7355194Z Setting up libwayland-bin (1.20.0-1ubuntu0.1) ...
2026-10-04T03:07:30.7366767Z Setting up libxrandr-dev:amd64 (2:1.5.2-1build1) ...
2026-10-04T03:07:30.7379208Z Setting up libegl-mesa0:amd64 (23.2.1-1ubuntu3.1~22.04.4) ...
2026-10-04T03:07:30.7390919Z Setting up libgles2:amd64 (1.4.0-1) ...
2026-10-04T03:07:30.7403138Z Setting up libboost-system1.74-dev:amd64 (1.74.0-14ubuntu3) ...
2026-10-04T03:07:30.7416054Z Setting up libgles1:amd64 (1.4.0-1) ...
2026-10-04T03:07:30.7428537Z Setting up libboost-regex1.74.0:amd64 (1.74.0-14ubuntu3) ...
2026-10-04T03:07:30.7441255Z Setting up libopus0:amd64 (1.3.1-0.1build2) ...
2026-10-04T03:07:30.7460940Z Setting up libxv1:amd64 (2:1.0.11-1build2) ...
2026-10-04T03:07:30.7473385Z Setting up libssl-dev:amd64 (3.0.2-0ubuntu1.30) ...
2026-10-04T03:07:30.7486232Z Setting up scons (4.0.1+dfsg-2) ...
2026-10-04T03:07:30.9280615Z Setting up libobt2v5 (3.6.1-10) ...
2026-10-04T03:07:30.9292977Z Setting up libspeex-dev:amd64 (1.2~rc1.2-1.1ubuntu3) ...
2026-10-04T03:07:30.9304975Z Setting up libimlib2:amd64 (1.7.4-1build1) ...
2026-10-04T03:07:30.9316759Z Setting up libipt2 (2.0.5-1) ...
2026-10-04T03:07:30.9328224Z Setting up pkg-config (0.29.2-1ubuntu3) ...
2026-10-04T03:07:30.9515589Z Setting up libbabeltrace1:amd64 (1.5.8-2build1) ...
2026-10-04T03:07:30.9527976Z Setting up libboost-atomic1.74-dev:amd64 (1.74.0-14ubuntu3) ...
2026-10-04T03:07:30.9539582Z Setting up libboost-serialization1.74.0:amd64 (1.74.0-14ubuntu3) ...
2026-10-04T03:07:30.9555570Z Setting up libasyncns0:amd64 (0.8-6build2) ...
2026-10-04T03:07:30.9568141Z Setting up libegl1:amd64 (1.4.0-1) ...
2026-10-04T03:07:30.9581000Z Setting up x11-utils (7.7+5build2) ...
2026-10-04T03:07:30.9640442Z Setting up libglx-dev:amd64 (1.4.0-1) ...
2026-10-04T03:07:30.9655536Z Setting up libglu1-mesa:amd64 (9.0.2-1) ...
2026-10-04T03:07:30.9668091Z Setting up libobrender32v5 (3.6.1-10) ...
2026-10-04T03:07:30.9679820Z Setting up libopengl-dev:amd64 (1.4.0-1) ...
2026-10-04T03:07:30.9692076Z Setting up libboost-date-time1.74.0:amd64 (1.74.0-14ubuntu3) ...
2026-10-04T03:07:30.9703624Z Setting up libxi-dev:amd64 (2:1.8-1build1) ...
2026-10-04T03:07:30.9714506Z Setting up libasound2-dev:amd64 (1.2.6.1-1ubuntu1.2) ...
2026-10-04T03:07:30.9725661Z Setting up libgl-dev:amd64 (1.4.0-1) ...
2026-10-04T03:07:30.9737170Z Setting up libsource-highlight4v5 (3.1.9-4.1build2) ...
2026-10-04T03:07:30.9750051Z Setting up libvorbisenc2:amd64 (1.3.7-1build2) ...
2026-10-04T03:07:30.9761402Z Setting up libboost-thread1.74.0:amd64 (1.74.0-14ubuntu3) ...
2026-10-04T03:07:30.9773062Z Setting up libhiredis0.14:amd64 (0.14.1-2) ...
2026-10-04T03:07:30.9785589Z Setting up libxtst-dev:amd64 (2:1.2.3-1build4) ...
2026-10-04T03:07:30.9797435Z Setting up libstartup-notification0:amd64 (0.12-6build2) ...
2026-10-04T03:07:30.9808682Z Setting up libvorbis-dev:amd64 (1.3.7-1build2) ...
2026-10-04T03:07:30.9820011Z Setting up libegl-dev:amd64 (1.4.0-1) ...
2026-10-04T03:07:30.9831508Z Setting up libxcursor-dev:amd64 (1:1.2.0-2build4) ...
2026-10-04T03:07:30.9843106Z Setting up libboost-system-dev:amd64 (1.74.0.3ubuntu7) ...
2026-10-04T03:07:30.9857809Z Setting up ccache (4.5.1-1) ...
2026-10-04T03:07:30.9869872Z Updating symlinks in /usr/lib/ccache ...
2026-10-04T03:07:30.9920075Z Setting up libepoxy-dev:amd64 (1.5.10-1) ...
2026-10-04T03:07:30.9930928Z Setting up libwayland-dev:amd64 (1.20.0-1ubuntu0.1) ...
2026-10-04T03:07:30.9942309Z Setting up gdb (12.1-0ubuntu1~22.04.2) ...
2026-10-04T03:07:30.9961512Z Setting up openbox (3.6.1-10) ...
2026-10-04T03:07:31.0016633Z update-alternatives: using /usr/bin/openbox to provide /usr/bin/x-window-manager (x-window-manager) in auto mode
2026-10-04T03:07:31.0042364Z update-alternatives: using /usr/bin/openbox-session to provide /usr/bin/x-session-manager (x-session-manager) in auto mode
2026-10-04T03:07:31.0074195Z Setting up libglu1-mesa-dev:amd64 (9.0.2-1) ...
2026-10-04T03:07:31.0085529Z Setting up libboost-serialization1.74-dev:amd64 (1.74.0-14ubuntu3) ...
2026-10-04T03:07:31.0096781Z Setting up libsndfile1:amd64 (1.0.31-2ubuntu0.2) ...
2026-10-04T03:07:31.0108906Z Setting up libgles-dev:amd64 (1.4.0-1) ...
2026-10-04T03:07:31.0120008Z Setting up libpulse0:amd64 (1:15.99.1+dfsg1-1ubuntu2.2) ...
2026-10-04T03:07:31.0156316Z Setting up libglvnd-dev:amd64 (1.4.0-1) ...
2026-10-04T03:07:31.0169035Z Setting up libboost-date-time1.74-dev:amd64 (1.74.0-14ubuntu3) ...
2026-10-04T03:07:31.0182331Z Setting up libpulse-mainloop-glib0:amd64 (1:15.99.1+dfsg1-1ubuntu2.2) ...
2026-10-04T03:07:31.0194322Z Setting up libboost-date-time-dev:amd64 (1.74.0.3ubuntu7) ...
2026-10-04T03:07:31.0205461Z Setting up libpulse-dev:amd64 (1:15.99.1+dfsg1-1ubuntu2.2) ...
2026-10-04T03:07:31.0218061Z Setting up libgl1-mesa-dev:amd64 (23.2.1-1ubuntu3.1~22.04.4) ...
2026-10-04T03:07:31.0229663Z Setting up libboost-thread1.74-dev:amd64 (1.74.0-14ubuntu3) ...
2026-10-04T03:07:31.0593004Z Setting up libboost-thread-dev:amd64 (1.74.0.3ubuntu7) ...
2026-10-04T03:07:31.0608477Z Processing triggers for man-db (2.10.2-1) ...
2026-10-04T03:07:31.0622689Z Not building database; man-db/auto-update is not 'true'.
2026-10-04T03:07:31.0630245Z Processing triggers for mailcap (3.70+nmu1ubuntu1.22.04.1) ...
2026-10-04T03:07:31.1435343Z Processing triggers for libc-bin (2.35-0ubuntu3.15) ...
2026-10-04T03:07:33.7346513Z 
2026-10-04T03:07:33.7346993Z Running kernel seems to be up-to-date.
2026-10-04T03:07:33.7347167Z 
2026-10-04T03:07:33.7347226Z Services to be restarted:
2026-10-04T03:07:33.7390195Z  systemctl restart packagekit.service
2026-10-04T03:07:33.7410224Z  systemctl restart php8.1-fpm.service
2026-10-04T03:07:33.7431136Z  systemctl restart ssh.service
2026-10-04T03:07:33.7453707Z  systemctl restart systemd-journald.service
2026-10-04T03:07:33.7497002Z  /etc/needrestart/restart.d/systemd-manager
2026-10-04T03:07:33.7518847Z  systemctl restart systemd-networkd.service
2026-10-04T03:07:33.7540551Z  systemctl restart systemd-resolved.service
2026-10-04T03:07:33.7562019Z  systemctl restart systemd-udevd.service
2026-10-04T03:07:33.7600719Z 
2026-10-04T03:07:33.7601393Z Service restarts being deferred:
2026-10-04T03:07:33.7601680Z  systemctl restart hosted-compute-agent.service
2026-10-04T03:07:33.7601955Z  systemctl restart systemd-logind.service
2026-10-04T03:07:33.7602222Z  systemctl restart user@1001.service
2026-10-04T03:07:33.7602458Z  systemctl restart walinuxagent.service
2026-10-04T03:07:33.7602619Z 
2026-10-04T03:07:33.7602709Z No containers need to be restarted.
2026-10-04T03:07:33.7602857Z 
2026-10-04T03:07:33.7602961Z No user sessions are running outdated binaries.
2026-10-04T03:07:33.7603139Z 
2026-10-04T03:07:33.7603305Z No VM guests are running outdated hypervisor (qemu) binaries on this host.
2026-10-04T03:07:34.9529312Z ##[group]Run python3 test/ci_native_shard_plan.py --build-dir build/linux/client/release --timing-profile test/ci-timings/ubuntu-22.04.json --auxiliary-jobs test/ci-native-auxiliary.json --coverage-profile full --count 4
2026-10-04T03:07:34.9530120Z [36;1mpython3 test/ci_native_shard_plan.py --build-dir build/linux/client/release --timing-profile test/ci-timings/ubuntu-22.04.json --auxiliary-jobs test/ci-native-auxiliary.json --coverage-profile full --count 4[0m
2026-10-04T03:07:34.9558843Z shell: /usr/bin/bash -e {0}
2026-10-04T03:07:34.9559000Z env:
2026-10-04T03:07:34.9559112Z   GLOB2_DEV_MODE: isolated
2026-10-04T03:07:34.9559251Z   CI_RUNNER_FAMILY: ubuntu-22.04
2026-10-04T03:07:34.9559446Z   LD_LIBRARY_PATH: /home/runner/work/glob2/glob2/build/sdl3-ci/prefix/lib
2026-10-04T03:07:34.9559647Z ##[endgroup]
2026-10-04T03:07:35.0382108Z run_the_unit_tests=4
2026-10-04T03:07:35.0382355Z test_map_json_reports=2
2026-10-04T03:07:35.0382657Z test_headless_map_cli_with_the_shared_preview_renderer=3
2026-10-04T03:07:35.0382988Z test_tournament_protocol_ai_configuration_and_main_cli=1
2026-10-04T03:07:35.0383308Z verify_save_continuation_traces=3
2026-10-04T03:07:35.0383585Z verify_default_gradient_schedule_against_cross_platform=4
2026-10-04T03:07:35.0383903Z verify_parallel_compute_and_save_continuation=1
2026-10-04T03:07:35.0384171Z build_and_run_the_lan_session_regression=3
2026-10-04T03:07:35.0384444Z test_front_end_colony_isolation_and_menu_navigation=2
2026-10-04T03:07:35.0384716Z retain_browser_native_simulation_trace=4
2026-10-04T03:07:35.0384888Z 
2026-10-04T03:07:35.0453347Z ##[group]Run python3 test/run_tests.py --binary engine --coverage-profile full --write-inventory artifacts/tests/engine.inventory.json --build-dir build/linux/client/release --display-jobs 1 --fullscreen --shard 1/4 --exclude-tag map-generators --junit artifacts/tests/engine-junit.xml --timing-profile test/ci-timings/ubuntu-22.04.json --auxiliary-jobs test/ci-native-auxiliary.json --write-timings artifacts/tests/engine.timings.json
2026-10-04T03:07:35.0454860Z [36;1mpython3 test/run_tests.py --binary engine --coverage-profile full --write-inventory artifacts/tests/engine.inventory.json --build-dir build/linux/client/release --display-jobs 1 --fullscreen --shard 1/4 --exclude-tag map-generators --junit artifacts/tests/engine-junit.xml --timing-profile test/ci-timings/ubuntu-22.04.json --auxiliary-jobs test/ci-native-auxiliary.json --write-timings artifacts/tests/engine.timings.json[0m
2026-10-04T03:07:35.0483676Z shell: /usr/bin/bash -e {0}
2026-10-04T03:07:35.0483811Z env:
2026-10-04T03:07:35.0483943Z   GLOB2_DEV_MODE: isolated
2026-10-04T03:07:35.0484079Z   CI_RUNNER_FAMILY: ubuntu-22.04
2026-10-04T03:07:35.0484275Z   LD_LIBRARY_PATH: /home/runner/work/glob2/glob2/build/sdl3-ci/prefix/lib
2026-10-04T03:07:35.0484479Z   LIBGL_ALWAYS_SOFTWARE: 1
2026-10-04T03:07:35.0484609Z ##[endgroup]
2026-10-04T03:07:35.1487216Z PASS AIRecoveryCoverage/Castor food lock backs off growth and boot projects wait for their cadence (0.0s)
2026-10-04T03:07:35.1562015Z PASS AIDecisionCoverage/Econo retains wheat-starved swarms while still retiring starved inns (0.0s)
2026-10-04T03:07:35.1588306Z PASS AIRecoveryCoverage/Cortex wheat protection emits real area orders and food burst releases only our paint (0.0s)
2026-10-04T03:07:35.3607488Z PASS AIDecisionCoverage/Warrush growth and attack preparation survive save-load (0.2s)
2026-10-04T03:07:35.3933660Z PASS AITargetTelemetrySave/Cortex records its committed target until the offense stands down, across saves (0.0s)
2026-10-04T03:07:35.4019089Z PASS BuildingExpel/destroyed inn expels everyone (0.0s)
2026-10-04T03:07:35.4059496Z PASS AIDecisionCoverage/Cabino specialist modules survive save-load (0.3s)
2026-10-04T03:07:35.4139487Z PASS BuildingGradientInvalidation/a rival teams ring cuts off a cached field (0.0s)
2026-10-04T03:07:35.4730097Z PASS BuildingFootprint/generated fixtures round-trip through binary saves [save-format] (0.1s)
2026-10-04T03:07:35.4785454Z PASS BuildingGradientInvalidation/parallel fields (0.1s)
2026-10-04T03:07:35.4882380Z PASS ClientChannels/LosslessQueue hands every item over once, in order (0.0s)
2026-10-04T03:07:35.5901245Z PASS CastorContinuation/Castor seeded boot and active decisions repeat exactly (0.1s)
2026-10-04T03:07:35.6050018Z PASS CortexActionCoverage/flag rediscovery excludes claimed flags and stale defense teardown is idempotent (0.0s)
2026-10-04T03:07:35.6109704Z PASS CortexActionCoverage/war flags create once reconcile force limits and retarget through real orders (0.0s)
2026-10-04T03:07:35.6201055Z PASS CortexNetCoverage/integer inference matches an independent two-signal oracle (0.0s)
2026-10-04T03:07:35.6291165Z PASS CortexPolicyCoverage/first tech buildings require prerequisites and feasible locations (0.0s)
2026-10-04T03:07:35.6409341Z PASS CortexPolicyCoverage/tech upgrades require trained units and decline below the boundary (0.0s)
2026-10-04T03:07:36.2065922Z PASS CombGenerator/contracts (0.7s)
2026-10-04T03:07:36.4260135Z PASS CustomGameSetup/experiments from settings are baked into a new game; a save keeps them; campaigns never take them (0.2s)
2026-10-04T03:07:36.8825268Z PASS AIStateContinuation/Numbi growth and attack preparation survive save-load (1.7s)
2026-10-04T03:07:37.1861766Z PASS AIStateContinuation/Castor and Maxima active full games preserve decisions and RNG [slow] (2.0s)
2026-10-04T03:07:39.8260913Z PASS CustomGameSetup/AI strategy profiles in English at the large layout [display:1024x768][artifacts][writes-preferences] (4.2s)
2026-10-04T03:07:40.3417684Z PASS EditorActionCoverage/resource brushes add erase and retain painted wheat through editor save-load [display] (0.5s)
2026-10-04T03:07:41.3097799Z PASS EngineSession/momentum uses the SDL clock after session suspension [display][artifacts] (1.0s)
2026-10-04T03:07:41.3268119Z PASS EnteringUnitSave/the retained fixture loads [save-format] (0.0s)
2026-10-04T03:07:41.3349941Z PASS FarmAreas/a worker out of reach of any wheat, or on an exhausted field, gets nothing (0.0s)
2026-10-04T03:07:41.3514844Z PASS FarmAreas/growth ignores the farm mask (0.0s)
2026-10-04T03:07:41.3598395Z PASS FarmAreas/the brush refuses ground that can never grow, and a refused tile connects nothing (0.0s)
2026-10-04T03:07:41.3682733Z PASS FarmAreas/wood inside a farm is a clearing target and the crop never is (0.0s)
2026-10-04T03:07:41.3765178Z PASS FetchApportionment/a loaded unit far enough ahead is still hired (0.0s)
2026-10-04T03:07:41.3844404Z PASS FontKerning/pair advances equal the glyph advances plus kerning (0.0s)
2026-10-04T03:07:41.8257990Z PASS EditorActionCoverage/base terrain brush changes water sand and grass and saves the final terrain [display] (0.5s)
2026-10-04T03:07:42.2914230Z PASS GUIInteractionCoverage/match dialogs accept return and distinguish continuing from ending a game [display] (0.5s)
2026-10-04T03:07:42.3001034Z PASS GUIOrderCoverage/worker requests clamp deduplicate and retain newer pending changes (0.0s)
2026-10-04T03:07:42.3164926Z PASS GameDiagnostics/field reader rejects malformed counts and retains unsigned food values [artifacts] (0.0s)
2026-10-04T03:07:42.3244964Z PASS GameGUISelection/a converted unit stays selected (0.0s)
2026-10-04T03:07:42.7576607Z PASS CustomGameSetup/probability statistics fit sixteen colonies [display][artifacts] (0.5s)
2026-10-04T03:07:57.8597088Z PASS GameSpeed/live engine speed; pause; hard pause and replay playback [display][writes-preferences] (15.1s)
2026-10-04T03:07:57.9743708Z PASS GameplayRecording.Integration/production presentation records menus and gameplay without changing per-tick state [display][artifacts][recording] (0.1s)
2026-10-04T03:07:58.1396839Z PASS GuardAreaBalance/a saved game continues identically for 1000 ticks after loading [save-format] (0.2s)
2026-10-04T03:07:59.1566840Z PASS GuardAreaBalance/settled guards keep moving on every paint layout and stay around the area (1.0s)
2026-10-04T03:07:59.5719360Z PASS GuardAreaBalance/without the experiment every warrior takes the nearest area; nobody leaves it; the default game's checksums are unchanged [golden] (0.4s)
2026-10-04T03:07:59.5800253Z PASS HiveMindEvaluation/Hive Mind evaluation gameplay fixture (0.0s)
2026-10-04T03:08:00.1952681Z PASS HiveMindScheduler/Hive Mind cadence replacement cancellation and lost acknowledgements (0.6s)
2026-10-04T03:08:00.2033577Z PASS ImmobileUnitGradient/painting forbidden area refreshes gradients (0.0s)
2026-10-04T03:08:00.3198101Z PASS JavaScriptCompatibility/JavaScript current saves reject truncated generation tables (0.1s)
2026-10-04T03:08:00.3859741Z PASS JavaScriptCompatibility/JavaScript upgrade retains genuine master124 experiments and continuation (0.1s)
2026-10-04T03:08:00.4047495Z PASS JavaScriptIntegration/JavaScript custom library atomic updates and frozen source (0.0s)
2026-10-04T03:08:00.4116943Z PASS JavaScriptIntegration/JavaScript native spatial answers exclude hidden terrain resources and enemies (0.0s)
2026-10-04T03:08:00.4205017Z PASS JavaScriptIntegration/JavaScript profile two spatial cache and queued save continuity (0.0s)
2026-10-04T03:08:00.4331855Z PASS JavaScriptIntegration/JavaScript telemetry scene permissions and replay diagnostic roundtrip (0.0s)
2026-10-04T03:08:00.4491465Z PASS JavaScriptLifecycle/Scripting conversion back never resurrects the original reference (0.0s)
2026-10-04T03:08:00.4653769Z PASS JavaScriptLifecycle/Scripting normal death invalidates lookup before cleanup and slot reuse (0.0s)
2026-10-04T03:08:00.5799507Z PASS JavaScriptPresentation/JavaScript load restores presentation without a callback or history entry (0.1s)
2026-10-04T03:08:00.5962356Z PASS JavaScriptRealistic/JavaScript realistic economic planner and scenario survey (0.0s)
2026-10-04T03:08:01.4626078Z PASS JavaScriptSimulation/JavaScript conversion boundary resumes globals RNG references and complete tick records (0.9s)
2026-10-04T03:08:01.4787842Z PASS LanIdentity/a scoped IPv6 LAN address has an unscoped certificate identity (0.0s)
2026-10-04T03:08:01.4868505Z PASS LegacyAIState/Cabino saving leaves its pending FIFO intact (0.0s)
2026-10-04T03:08:01.4948551Z PASS LegacyAIState/Numbi wrapper preserves an active phase clock and the next decision (0.0s)
2026-10-04T03:08:01.5027976Z PASS LegacyAIState/old layouts default omitted clocks without consuming the following field (0.0s)
2026-10-04T03:08:01.5107146Z PASS LegacyAreaWait/legacy setArea waits retain the area name across team-selector tokens (0.0s)
2026-10-04T03:08:01.5186323Z PASS LegacyScriptCoverage/flag lifecycle and GUI commands change their real game objects (0.0s)
2026-10-04T03:08:01.5265492Z PASS LegacyScriptCoverage/named highlights target distinct GUI elements and unhighlight restores state (0.0s)
2026-10-04T03:08:01.5344484Z PASS LegacyScriptCoverage/summons respect painted area capacity and unit attributes (0.0s)
2026-10-04T03:08:01.5423162Z PASS LevelGate/completed buildings hire any worker while sites keep the schooling gate (0.0s)
2026-10-04T03:08:01.5460861Z PASS LockstepSession/single player executes the local order on the tick after it is submitted (0.0s)
2026-10-04T03:08:08.3407189Z PASS MapGeneratorDefaults/Faulted City contracts (6.8s)
2026-10-04T03:08:10.0951730Z PASS GameGUITouch/actual gameplay touch; toroidal pan; preview; confirmation; validation; cancellation and duplicate suppression [display][artifacts][writes-preferences] (12.1s)
2026-10-04T03:08:10.2105516Z PASS MapGeneratorDefaults/search domains preserve legal values and constrain deterministic rolls (0.1s)
2026-10-04T03:08:10.3764078Z PASS MapPreview/preview geometry (0.2s)
2026-10-04T03:08:10.4418530Z PASS MapTiling/a repeated starting map has portable per-tick checksums [save-format][golden] (0.1s)
2026-10-04T03:08:10.4598872Z PASS MapTiling/rejects invalid requests without mutating the source [save-format] (0.0s)
2026-10-04T03:08:10.4775870Z PASS MatchSetup/a map file is found and checked by the hash of its decompressed bytes (0.0s)
2026-10-04T03:08:10.4886369Z PASS MatchSetup/the vendored fixtures match the protocol package when it is present (0.0s)
2026-10-04T03:08:10.5210868Z PASS Maxima.Combat/defense coverage (0.0s)
2026-10-04T03:08:10.5374088Z PASS Maxima.Combat/fitted force uses only visible units (0.0s)
2026-10-04T03:08:10.5536943Z PASS Maxima.Combat/forbidden defense zones (0.0s)
2026-10-04T03:08:10.5699625Z PASS Maxima.Combat/offense follows destroyed targets (0.0s)
2026-10-04T03:08:10.5861913Z PASS Maxima.Combat/rally rejects blocked ground (0.0s)
2026-10-04T03:08:10.6187990Z PASS Maxima.Combat/streaming scales with army (0.0s)
2026-10-04T03:08:10.6358643Z PASS Maxima.Combat/warrior eligibility (0.0s)
2026-10-04T03:08:10.7137050Z PASS GUIInteractionCoverage/configured keyboard actions toggle presentation and queue pause without changing simulation [display] (0.6s)
2026-10-04T03:08:10.7310991Z PASS Maxima.Director/fortification uses only spare labour (0.0s)
2026-10-04T03:08:10.7519824Z PASS Maxima.Director/third party tower (0.0s)
2026-10-04T03:08:10.7607896Z PASS Maxima.Economy/barracks upgrades keep training open (0.0s)
2026-10-04T03:08:10.7769615Z PASS Maxima.Economy/corn pile interior is supply (0.0s)
2026-10-04T03:08:10.8010611Z PASS Maxima.Economy/explorer target always gets production (0.0s)
2026-10-04T03:08:10.8169456Z PASS Maxima.Economy/nearby corn determines staffing (0.0s)
2026-10-04T03:08:10.8351800Z PASS Maxima.Economy/stranded algae keeps pool demand (0.0s)
2026-10-04T03:08:10.8579319Z PASS Maxima.FarmingIntegration/coastal wheat crosses fertility dips (0.0s)
2026-10-04T03:08:10.8815820Z PASS Maxima.FarmingIntegration/firebreak management radius (0.0s)
2026-10-04T03:08:11.1056565Z PASS Maxima.FarmingIntegration/seed stability across maps (0.2s)
2026-10-04T03:08:11.3721578Z PASS Maxima.Implementation/category maintenance capacity regressions (0.3s)
2026-10-04T03:08:11.3862373Z PASS Maxima.Implementation/director upgrade regressions (0.0s)
2026-10-04T03:08:11.4071237Z PASS Maxima.Implementation/execution state save regression (0.0s)
2026-10-04T03:08:11.4239686Z PASS Maxima.Implementation/fruit supply routes (0.0s)
2026-10-04T03:08:11.4563119Z PASS Maxima.Implementation/maxima bootstrap regression (0.0s)
2026-10-04T03:08:11.4711814Z PASS Maxima.Implementation/rejected placement upgrade regressions (0.0s)
2026-10-04T03:08:11.5055283Z PASS Maxima.Implementation/upgrade clearing regressions (0.0s)
2026-10-04T03:08:11.5759759Z PASS Maxima.Relocation/deletion safety (0.1s)
2026-10-04T03:08:11.5839408Z PASS NetFrame/frames carry at most 65535 bytes (0.0s)
2026-10-04T03:08:11.5980073Z PASS NicowarFarming/zone boundaries; eight-way adjacency; wrap seams; discovery; protection and building clearance (0.0s)
2026-10-04T03:08:11.6048030Z PASS OnlineServices/an owner's services are the ones services() returns, until the owner goes (0.0s)
2026-10-04T03:08:11.8096400Z PASS Maxima.Diagnostics/names; descriptions and two seeded diagnostic runs (1.2s)
2026-10-04T03:08:14.2277420Z PASS OrchardCommons/contracts; feeding courts and fruit conversion scenarios [artifacts] (2.4s)
2026-10-04T03:08:14.3424243Z PASS OrderValidation/orders a client builds for its own team and buildings pass [orders] (0.1s)
2026-10-04T03:08:14.4694294Z PASS PlatformRoom/a member without a seat is listed, and Ready says why it is unavailable (0.1s)
2026-10-04T03:08:14.7909150Z PASS PointBarRender/status-bar pixel bounds in software rendering (0.3s)
2026-10-04T03:08:23.4663741Z PASS CustomGameSetup/player control widgets [display][artifacts][writes-preferences] (12.7s)
2026-10-04T03:08:23.4772019Z PASS RelayTransport/relay URLs are accepted WebSocket endpoints (0.0s)
2026-10-04T03:08:23.4876746Z PASS RoundTripHungerGate/the fallback scores a whole round trip (0.0s)
2026-10-04T03:08:24.2897553Z PASS OnlineWording/an unserved version blames the side that is out of date [display] (0.8s)
2026-10-04T03:08:24.3031085Z PASS SceneExtract/smooth unit motion advances the drawn delta within the current action only (0.0s)
2026-10-04T03:08:24.4725615Z PASS ScriptEditor/Cancelling script drafts preserves the source, globals and scenario text (0.2s)
2026-10-04T03:08:24.6446983Z PASS ScriptEditor/JavaScript maps reopen in the editor without resetting live globals (0.2s)
2026-10-04T03:08:24.7139086Z PASS PortableRenderer/software targets resize and destroy safely during an active transform [display] (0.4s)
2026-10-04T03:08:27.5928233Z PASS Settings/layout; persistence; live display changes; bindings and localization at 640x480 in OpenGL [display:1600x1400][artifacts][writes-preferences] (2.9s)
2026-10-04T03:08:27.6106524Z PASS SettingsExperiments/preferences keep the enabled experiments and drop unknown keys (0.0s)
2026-10-04T03:08:27.7295643Z PASS SharedWorkerLifecycle/pending gradient work survives a save and continues at the same deadlines (0.1s)
2026-10-04T03:08:27.7730111Z PASS SoftwareRenderer/large owned images retain SDL geometry sampling and overflow behavior (0.0s)
2026-10-04T03:08:27.7828404Z PASS SoftwareRenderer/opaque row copies retain SDL clipping and color modulation (0.0s)
2026-10-04T03:08:27.7961393Z PASS TeamLimit/alliance and chat controls include the sixteenth controller (0.0s)
2026-10-04T03:08:28.2662042Z PASS ScriptEditor/Script language dropdown selects JavaScript on desktop and phone [display][artifacts] (0.7s)
2026-10-04T03:08:28.8191952Z PASS TeamLimit/retained format126 Maxima save preserves identities and subsequent AI decisions [save-format][artifacts] (1.0s)
2026-10-04T03:08:28.8344973Z PASS TeamStatsSave/combat deaths are attributed by place and assignment (0.0s)
2026-10-04T03:08:28.8540065Z PASS TeamStatsSave/legacy version 84 fixture replays the golden trace [save-format][golden] (0.0s)
2026-10-04T03:08:28.8871955Z PASS TeamStatsSave/place lookup agrees with a brute-force scan of every building tile (0.0s)
2026-10-04T03:08:29.3551402Z PASS TextRaster/scaled and unscaled text rasterisation [display:1600x1400][artifacts] (0.5s)
2026-10-04T03:08:29.4866098Z PASS TeamStatsSave/32 sampling phases; ring wrap; repeated loads; text streams and corruption controls [save-format] (1.2s)
2026-10-04T03:08:32.0059948Z PASS SavegameSafety/autosave defaults; atomic and background writes; truncated and malformed loads; imports and campaign progress [save-format][writes-preferences] (8.5s)
2026-10-04T03:08:32.5948979Z PASS TurnEngineHarness/a player who quits leaves through the relay's quit order and the rest play on [network-sim] (0.6s)
2026-10-04T03:08:33.3351674Z PASS TorusRender/native tiled capture pixels and allocation fallback [display] (4.0s)
2026-10-04T03:08:34.5152078Z PASS TurnEngineHarness/four engines survive a stall and a restart: the restarted client reloads and fast-forwards [network-sim][artifacts] (1.9s)
2026-10-04T03:08:34.5469557Z PASS UIIcons/all semantic icons have the pinned raster sizes (0.0s)
2026-10-04T03:08:35.0065013Z PASS TurnEngineHarness/two engines with AI seats under latency, jitter and loss agree at every tick and the record verifies [network-sim][artifacts] (1.7s)
2026-10-04T03:08:35.3297477Z PASS UnitHighResolutionCache/HD layer mappings and fallbacks in software rendering (0.3s)
2026-10-04T03:08:35.9189886Z PASS MapGeneratorDefaults/Portage Lakes contracts [slow] (27.6s)
2026-10-04T03:08:35.9306800Z PASS UntrustedFiles/compressed file size is checked before allocation (0.0s)
2026-10-04T03:08:35.9434267Z PASS UntrustedFiles/legacy create order reads only its twenty byte payload (0.0s)
2026-10-04T03:08:35.9538676Z PASS UntrustedFiles/terrain loaders reject invalid resources occupants and sector dimensions [save-format] (0.0s)
2026-10-04T03:08:35.9729703Z PASS WinProbability/enabled rule preserves the per-tick checksum trace across its decision boundary [golden][artifacts] (0.0s)
2026-10-04T03:08:35.9913084Z PASS WinProbability/the rule waits for the minimum tick and sample boundary then ends all teams (0.0s)
2026-10-04T03:08:37.3369670Z PASS TurnEngineHarness/a client sending hostile orders of every type crashes no one and is refused identically everywhere [network-sim][fuzz][artifacts] (7.8s)
2026-10-04T03:08:57.7590617Z PASS UIPresentation/every screen lays out; navigates and captures at small portrait across presentations and insets [display:1600x1400][artifacts][slow] (23.2s)
2026-10-04T03:08:59.5764586Z PASS UnitTeamShader/shader hue shifts match the CPU reference over every pose and hue [display] (1.8s)
2026-10-04T03:08:59.8415865Z FAIL WindowResize/native display and live preferences in software [display] (0.3s)
2026-10-04T03:08:59.8445094Z 
2026-10-04T03:08:59.8445320Z ===== FAIL WindowResize/native display and live preferences in software [display] =====
2026-10-04T03:08:59.8445612Z GLOB2_TEST_BUILD compiler=11.4.0 platform=Linux pointer_bits=64
2026-10-04T03:08:59.8446933Z GLOB2_TEST_PROVENANCE {"compiler": "g++-11", "dirty": false, "flags": {"CCFLAGS": "", "CPPDEFINES": "GLOB2_OFFICIAL_INSTANCE_ORIGIN \\\"https://app.glob2online.com\\\" GLOB2_OFFICIAL_INSTANCE_FORMER_ORIGINS \\\"https://glob2online.com\\\" HAVE_CONFIG_H SDL_MAIN_HANDLED", "CXXFLAGS": "-std=gnu++20 -Wall -fPIC -O3 -s", "LINKFLAGS": "-Wl,-rpath,$ORIGIN/../lib/glob2 -Wall -O3 -fwhole-program -Wl,-rpath,/home/runner/work/glob2/glob2/build/sdl3-ci/prefix/lib -Wl,--enable-new-dtags"}, "revision": "69db1fb5db1c40e8037d571b8adbcbbfe7dd04ea", "sourceStatus": [], "sourceTreeSha256": "d64f9cd5b266300bb9469d570242bd852185b55deabe9355b335bd065bbc7a4f"}
2026-10-04T03:08:59.8448066Z 
2026-10-04T03:08:59.8448182Z [failure] native display and live preferences in software [display]: false
2026-10-04T03:08:59.8448407Z test/WindowResizeHarness.cpp:19:
2026-10-04T03:08:59.8448571Z REQUIRE( static_cast<bool>(ok) ) is NOT correct!
2026-10-04T03:08:59.8448847Z   values: REQUIRE( false )
2026-10-04T03:08:59.8449010Z   logged: Fullscreen overwrote remembered window size
2026-10-04T03:08:59.8449133Z 
2026-10-04T03:08:59.8466328Z ##[error]fail
2026-10-04T03:08:59.8471329Z 
2026-10-04T03:08:59.8471468Z 145 passed, 1 failed, 0 skipped (155.3s of test time)
2026-10-04T03:08:59.8471708Z [run_tests] JUnit report: artifacts/tests/engine-junit.xml (146 cases)
2026-10-04T03:08:59.8515437Z ##[error]Process completed with exit code 1.
2026-10-04T03:08:59.8600823Z ##[group]Run actions/upload-artifact@v4
2026-10-04T03:08:59.8601065Z with:
2026-10-04T03:08:59.8601270Z   name: ci-observation-inventory-ubuntu-22.04-1
2026-10-04T03:08:59.8601502Z   path: artifacts/tests/*.inventory.json
artifacts/tests/*.timings.json

2026-10-04T03:08:59.8601712Z   if-no-files-found: error
2026-10-04T03:08:59.8601849Z   compression-level: 6
2026-10-04T03:08:59.8601968Z   overwrite: false
2026-10-04T03:08:59.8602090Z   include-hidden-files: false
2026-10-04T03:08:59.8602221Z env:
2026-10-04T03:08:59.8602331Z   GLOB2_DEV_MODE: isolated
2026-10-04T03:08:59.8602462Z   CI_RUNNER_FAMILY: ubuntu-22.04
2026-10-04T03:08:59.8602659Z   LD_LIBRARY_PATH: /home/runner/work/glob2/glob2/build/sdl3-ci/prefix/lib
2026-10-04T03:08:59.8602961Z ##[endgroup]
2026-10-04T03:08:59.9536029Z (node:5042) [DEP0040] DeprecationWarning: The `punycode` module is deprecated. Please use a userland alternative instead.
2026-10-04T03:08:59.9536472Z (Use `node --trace-deprecation ...` to show where the warning was created)
2026-10-04T03:08:59.9581746Z With the provided path, there will be 2 files uploaded
2026-10-04T03:08:59.9585722Z Artifact name is valid!
2026-10-04T03:08:59.9586160Z Root directory input is valid!
2026-10-04T03:09:00.2514648Z Beginning upload of artifact content to blob storage
2026-10-04T03:09:00.2649222Z (node:5042) [DEP0169] DeprecationWarning: `url.parse()` behavior is not standardized and prone to errors that have security implications. Use the WHATWG URL API instead. CVEs are not issued for `url.parse()` vulnerabilities.
2026-10-04T03:09:00.5002558Z Uploaded bytes 24844
2026-10-04T03:09:00.5526847Z Finished uploading artifact content to blob storage!
2026-10-04T03:09:00.5527451Z SHA256 digest of uploaded artifact zip is 533aa7e49cf6a183624bbfe5609eb0e9116405fca0d3df51d3a1c8d02a4d621c
2026-10-04T03:09:00.5527895Z Finalizing artifact upload
2026-10-04T03:09:00.7713738Z Artifact ci-observation-inventory-ubuntu-22.04-1.zip successfully finalized. Artifact ID 11292535997
2026-10-04T03:09:00.7714440Z Artifact ci-observation-inventory-ubuntu-22.04-1 has been successfully uploaded! Final size is 24844 bytes. Artifact ID is 11292535997
2026-10-04T03:09:00.7718333Z Artifact download URL: https://github.com/Globulation2/glob2/actions/runs/37171997415/artifacts/11292535997
2026-10-04T03:09:00.7794217Z ##[group]Run # Retain the original failure; this separate invocation only collects a trace.
2026-10-04T03:09:00.7794787Z [36;1m# Retain the original failure; this separate invocation only collects a trace.[0m
2026-10-04T03:09:00.7795174Z [36;1mif ! python3 - <<'PYTRACE'[0m
2026-10-04T03:09:00.7795438Z [36;1mimport xml.etree.ElementTree as ET[0m
2026-10-04T03:09:00.7795780Z [36;1mreport = ET.parse('artifacts/tests/engine-junit.xml')[0m
2026-10-04T03:09:00.7796144Z [36;1mcrashes = [case for case in report.iter('testcase')[0m
2026-10-04T03:09:00.7796617Z [36;1m           if 'each accelerated backend uploads surface revisions independently' in case.get('name', '')[0m
2026-10-04T03:09:00.7797110Z [36;1m           and case.find('error') is not None][0m
2026-10-04T03:09:00.7797394Z [36;1mraise SystemExit(0 if crashes else 1)[0m
2026-10-04T03:09:00.7797646Z [36;1mPYTRACE[0m
2026-10-04T03:09:00.7797828Z [36;1mthen[0m
2026-10-04T03:09:00.7798001Z [36;1m  exit 0[0m
2026-10-04T03:09:00.7798201Z [36;1mfi[0m
2026-10-04T03:09:00.7798443Z [36;1msudo apt-get install -y --no-install-recommends gdb[0m
2026-10-04T03:09:00.7798987Z [36;1mxvfb-run -a -s '-screen 0 1600x1400x24 -noreset' \[0m
2026-10-04T03:09:00.7799375Z [36;1m  gdb --batch -ex run -ex 'thread apply all bt' -ex 'info sharedlibrary' \[0m
2026-10-04T03:09:00.7799796Z [36;1m  --args build/linux/client/release/test/glob2-engine-tests \[0m
2026-10-04T03:09:00.7800267Z [36;1m  '-tc=each accelerated backend uploads surface revisions independently [display]' \[0m
2026-10-04T03:09:00.7800761Z [36;1m  --no-breaks=true > artifacts/tests/accelerated-renderer-gdb.log 2>&1[0m
2026-10-04T03:09:00.7839410Z shell: /usr/bin/bash -e {0}
2026-10-04T03:09:00.7839647Z env:
2026-10-04T03:09:00.7839833Z   GLOB2_DEV_MODE: isolated
2026-10-04T03:09:00.7840061Z   CI_RUNNER_FAMILY: ubuntu-22.04
2026-10-04T03:09:00.7840396Z   LD_LIBRARY_PATH: /home/runner/work/glob2/glob2/build/sdl3-ci/prefix/lib
2026-10-04T03:09:00.7840754Z   LIBGL_ALWAYS_SOFTWARE: 1
2026-10-04T03:09:00.7840976Z   GLOB2_TEST_DISPLAY: 1
2026-10-04T03:09:00.7841175Z   GLOB2_TEST_FULLSCREEN: 1
2026-10-04T03:09:00.7841387Z   SDL_AUDIODRIVER: dummy
2026-10-04T03:09:00.7841593Z ##[endgroup]
2026-10-04T03:09:00.8034163Z ##[group]Run actions/upload-artifact@v4
2026-10-04T03:09:00.8034425Z with:
2026-10-04T03:09:00.8034632Z   name: native-test-results-ubuntu-22.04-1
2026-10-04T03:09:00.8035024Z   path: artifacts/tests/
2026-10-04T03:09:00.8035239Z   if-no-files-found: ignore
2026-10-04T03:09:00.8035458Z   compression-level: 6
2026-10-04T03:09:00.8035657Z   overwrite: false
2026-10-04T03:09:00.8035862Z   include-hidden-files: false
2026-10-04T03:09:00.8036080Z env:
2026-10-04T03:09:00.8036252Z   GLOB2_DEV_MODE: isolated
2026-10-04T03:09:00.8036469Z   CI_RUNNER_FAMILY: ubuntu-22.04
2026-10-04T03:09:00.8036789Z   LD_LIBRARY_PATH: /home/runner/work/glob2/glob2/build/sdl3-ci/prefix/lib
2026-10-04T03:09:00.8037122Z ##[endgroup]
2026-10-04T03:09:00.8937071Z (node:5056) [DEP0040] DeprecationWarning: The `punycode` module is deprecated. Please use a userland alternative instead.
2026-10-04T03:09:00.8937466Z (Use `node --trace-deprecation ...` to show where the warning was created)
2026-10-04T03:09:00.9309164Z With the provided path, there will be 466 files uploaded
2026-10-04T03:09:00.9309717Z Artifact name is valid!
2026-10-04T03:09:00.9349222Z Root directory input is valid!
2026-10-04T03:09:01.2470454Z Beginning upload of artifact content to blob storage
2026-10-04T03:09:01.8948316Z (node:5056) [DEP0169] DeprecationWarning: `url.parse()` behavior is not standardized and prone to errors that have security implications. Use the WHATWG URL API instead. CVEs are not issued for `url.parse()` vulnerabilities.
2026-10-04T03:09:02.4855973Z Uploaded bytes 8388608
2026-10-04T03:09:02.6829522Z Uploaded bytes 16777216
2026-10-04T03:09:03.0114664Z Uploaded bytes 25165824
2026-10-04T03:09:03.7267513Z Uploaded bytes 33554432
2026-10-04T03:09:04.5739010Z Uploaded bytes 41943040
2026-10-04T03:09:05.1809102Z Uploaded bytes 50331648
2026-10-04T03:09:05.9124355Z Uploaded bytes 57071287
2026-10-04T03:09:05.9535620Z Finished uploading artifact content to blob storage!
2026-10-04T03:09:05.9537739Z SHA256 digest of uploaded artifact zip is 63cebae0b0632f915153ea73535269a75039b2d4e85eb0db1edd55f033d79a71
2026-10-04T03:09:05.9539373Z Finalizing artifact upload
2026-10-04T03:09:06.1858528Z Artifact native-test-results-ubuntu-22.04-1.zip successfully finalized. Artifact ID 11292775125
2026-10-04T03:09:06.1859205Z Artifact native-test-results-ubuntu-22.04-1 has been successfully uploaded! Final size is 57071287 bytes. Artifact ID is 11292775125
2026-10-04T03:09:06.1864828Z Artifact download URL: https://github.com/Globulation2/glob2/actions/runs/37171997415/artifacts/11292775125
2026-10-04T03:09:06.1979729Z ##[group]Run python3 test/ci_run_commands.py \
2026-10-04T03:09:06.1980072Z [36;1mpython3 test/ci_run_commands.py \[0m
2026-10-04T03:09:06.1980401Z [36;1m  --check tournaments 'python3 test/test_tournaments.py' \[0m
2026-10-04T03:09:06.1980837Z [36;1m  --check 'tournament pipeline' 'python3 test/test_tournament_pipeline.py' \[0m
2026-10-04T03:09:06.1981358Z [36;1m  --check 'distributed map telemetry' 'python3 test/test_distributed_map_telemetry.py' \[0m
2026-10-04T03:09:06.1981928Z [36;1m  --check 'distributed game telemetry' 'python3 test/test_distributed_game_telemetry.py' \[0m
2026-10-04T03:09:06.1982460Z [36;1m  --check 'map fairness' 'python3 test/test_map_fairness_tournament.py' \[0m
2026-10-04T03:09:06.1982937Z [36;1m  --check 'map generation study' 'python3 test/test_map_generation_study.py' \[0m
2026-10-04T03:09:06.1983395Z [36;1m  --check 'fairness model' 'python3 test/test_fairness_model.py' \[0m
2026-10-04T03:09:06.1984110Z [36;1m  --check 'tournament CLI' 'python3 test/tournament_cli_integration.py --binary build/linux/client/release/src/glob2 --output artifacts/tournament-cli'[0m
2026-10-04T03:09:06.2023058Z shell: /usr/bin/bash -e {0}
2026-10-04T03:09:06.2023290Z env:
2026-10-04T03:09:06.2023473Z   GLOB2_DEV_MODE: isolated
2026-10-04T03:09:06.2023705Z   CI_RUNNER_FAMILY: ubuntu-22.04
2026-10-04T03:09:06.2024059Z   LD_LIBRARY_PATH: /home/runner/work/glob2/glob2/build/sdl3-ci/prefix/lib
2026-10-04T03:09:06.2024396Z ##[endgroup]
2026-10-04T03:09:06.2190680Z ##[group]tournaments
2026-10-04T03:09:11.7965338Z .......................
2026-10-04T03:09:11.7965627Z ----------------------------------------------------------------------
2026-10-04T03:09:11.7965987Z Ran 23 tests in 5.533s
2026-10-04T03:09:11.7966074Z 
2026-10-04T03:09:11.7966127Z OK
2026-10-04T03:09:11.8063113Z ##[endgroup]
2026-10-04T03:09:11.8063451Z ##[group]tournament pipeline
2026-10-04T03:09:20.9523419Z ...........
2026-10-04T03:09:20.9523846Z ----------------------------------------------------------------------
2026-10-04T03:09:20.9524195Z Ran 11 tests in 9.105s
2026-10-04T03:09:20.9524332Z 
2026-10-04T03:09:20.9524411Z OK
2026-10-04T03:09:20.9627074Z ##[endgroup]
2026-10-04T03:09:20.9627351Z ##[group]distributed map telemetry
2026-10-04T03:09:20.9913716Z ..
2026-10-04T03:09:20.9913989Z ----------------------------------------------------------------------
2026-10-04T03:09:20.9914212Z Ran 2 tests in 0.002s
2026-10-04T03:09:20.9914300Z 
2026-10-04T03:09:20.9914350Z OK
2026-10-04T03:09:20.9952869Z ##[endgroup]
2026-10-04T03:09:20.9953180Z ##[group]distributed game telemetry
2026-10-04T03:09:21.0310991Z ..
2026-10-04T03:09:21.0311256Z ----------------------------------------------------------------------
2026-10-04T03:09:21.0311485Z Ran 2 tests in 0.010s
2026-10-04T03:09:21.0311577Z 
2026-10-04T03:09:21.0311628Z OK
2026-10-04T03:09:21.0348354Z ##[endgroup]
2026-10-04T03:09:21.0348589Z ##[group]map fairness
2026-10-04T03:09:21.7027828Z verification coverage checks passed
2026-10-04T03:09:21.7028170Z adjudication checks passed
2026-10-04T03:09:21.7028404Z parsing checks passed
2026-10-04T03:09:21.7028615Z statistics checks passed
2026-10-04T03:09:21.7028958Z scorer checks passed
2026-10-04T03:09:21.7029159Z all harness checks passed
2026-10-04T03:09:21.7080213Z ##[endgroup]
2026-10-04T03:09:21.7080460Z ##[group]map generation study
2026-10-04T03:09:21.7515295Z ......
2026-10-04T03:09:21.7515496Z ----------------------------------------------------------------------
2026-10-04T03:09:21.7515718Z Ran 6 tests in 0.008s
2026-10-04T03:09:21.7515805Z 
2026-10-04T03:09:21.7515857Z OK
2026-10-04T03:09:21.7573127Z ##[endgroup]
2026-10-04T03:09:21.7573364Z ##[group]fairness model
2026-10-04T03:09:21.8030852Z test_a_drawn_map_has_room_for_its_colonies (__main__.Drawing) ... ok
2026-10-04T03:09:21.8031201Z test_best_of_k_curves_never_fall (__main__.Drawing) ... ok
2026-10-04T03:09:21.8041528Z test_draws_are_deterministic_in_seed_and_round (__main__.Drawing) ... ok
2026-10-04T03:09:21.8044625Z test_a_share_term_sums_over_the_map (__main__.Emission) ... ok
2026-10-04T03:09:21.8044992Z test_derived_composites_are_the_consolidated_four (__main__.Emission) ... ok
2026-10-04T03:09:21.8045340Z test_diagnostics_read_absence_as_absence (__main__.Emission) ... ok
2026-10-04T03:09:21.8050003Z test_every_measurement_the_model_may_use_has_a_cpp_expression (__main__.Emission) ... ok
2026-10-04T03:09:21.8051316Z test_every_shipped_label_is_a_phrase_not_code (__main__.Emission) ... ok
2026-10-04T03:09:21.8053212Z test_header_carries_the_coefficients_and_the_function (__main__.Emission) ... ok
2026-10-04T03:09:21.8053565Z test_labels_read_as_english (__main__.Emission) ... ok
2026-10-04T03:09:21.8054003Z test_the_legacy_factors_and_the_team_index_cannot_enter_the_model (__main__.Emission) ... ok
2026-10-04T03:09:21.8054432Z test_transforms_all_have_a_cpp_form (__main__.Emission) ... ok
2026-10-04T03:09:21.8054752Z test_a_single_colony_has_nobody_to_be_unfair_to (__main__.Fairness) ... ok
2026-10-04T03:09:21.8055105Z test_equal_chances_are_perfectly_fair (__main__.Fairness) ... ok
2026-10-04T03:09:21.8055455Z test_fairness_ignores_the_unidentified_offset (__main__.Fairness) ... ok
2026-10-04T03:09:21.8055885Z test_one_colony_taking_everything_is_zero_at_every_count (__main__.Fairness) ... ok
2026-10-04T03:09:21.8056405Z test_sharper_differences_are_less_fair (__main__.Fairness) ... ok
2026-10-04T03:09:21.8056827Z test_softmax_sums_to_one_and_ranks_with_fitness (__main__.Fairness) ... ok
2026-10-04T03:09:21.8057183Z test_a_measurement_that_decides_nothing_is_fitted_near_zero (__main__.Likelihood) ... skipped 'fitting needs numpy and scipy'
2026-10-04T03:09:21.8057675Z test_cross_validation_keeps_a_map_whole (__main__.Likelihood) ... skipped 'fitting needs numpy and scipy'
2026-10-04T03:09:21.8058037Z test_gradient_matches_a_numeric_one (__main__.Likelihood) ... skipped 'fitting needs numpy and scipy'
2026-10-04T03:09:21.8058428Z test_predictions_are_probabilities_of_the_right_shape (__main__.Likelihood) ... skipped 'fitting needs numpy and scipy'
2026-10-04T03:09:21.8058975Z test_the_fit_recovers_the_coefficients_it_generated (__main__.Likelihood) ... skipped 'fitting needs numpy and scipy'
2026-10-04T03:09:21.8059208Z 
2026-10-04T03:09:21.8059304Z ----------------------------------------------------------------------
2026-10-04T03:09:21.8059499Z Ran 23 tests in 0.006s
2026-10-04T03:09:21.8059583Z 
2026-10-04T03:09:21.8059638Z OK (skipped=5)
2026-10-04T03:09:21.8105425Z ##[endgroup]
2026-10-04T03:09:21.8105638Z ##[group]tournament CLI
2026-10-04T03:09:21.8349674Z Settings::load("preferences.txt") : error, can't open file.
2026-10-04T03:09:22.0770021Z Settings::load("preferences.txt") : error, can't open file.
2026-10-04T03:09:29.8783720Z PASS 20 main-binary cases; retained artifacts: /home/runner/work/glob2/glob2/artifacts/tournament-cli
2026-10-04T03:09:29.8842164Z ##[endgroup]
2026-10-04T03:09:29.8910790Z ##[group]Run actions/upload-artifact@v4
2026-10-04T03:09:29.8910961Z with:
2026-10-04T03:09:29.8911096Z   name: tournament-cli-ubuntu-22.04
2026-10-04T03:09:29.8911264Z   path: artifacts/tournament-cli/
2026-10-04T03:09:29.8911426Z   if-no-files-found: ignore
2026-10-04T03:09:29.8911572Z   compression-level: 6
2026-10-04T03:09:29.8911709Z   overwrite: false
2026-10-04T03:09:29.8911839Z   include-hidden-files: false
2026-10-04T03:09:29.8911983Z env:
2026-10-04T03:09:29.8912100Z   GLOB2_DEV_MODE: isolated
2026-10-04T03:09:29.8912272Z   CI_RUNNER_FAMILY: ubuntu-22.04
2026-10-04T03:09:29.8912482Z   LD_LIBRARY_PATH: /home/runner/work/glob2/glob2/build/sdl3-ci/prefix/lib
2026-10-04T03:09:29.8912693Z ##[endgroup]
2026-10-04T03:09:29.9973009Z (node:5328) [DEP0040] DeprecationWarning: The `punycode` module is deprecated. Please use a userland alternative instead.
2026-10-04T03:09:29.9973469Z (Use `node --trace-deprecation ...` to show where the warning was created)
2026-10-04T03:09:30.0309443Z With the provided path, there will be 153 files uploaded
2026-10-04T03:09:30.0309960Z Artifact name is valid!
2026-10-04T03:09:30.0310187Z Root directory input is valid!
2026-10-04T03:09:30.3029831Z Beginning upload of artifact content to blob storage
2026-10-04T03:09:30.6174294Z (node:5328) [DEP0169] DeprecationWarning: `url.parse()` behavior is not standardized and prone to errors that have security implications. Use the WHATWG URL API instead. CVEs are not issued for `url.parse()` vulnerabilities.
2026-10-04T03:09:31.1027096Z Uploaded bytes 8388608
2026-10-04T03:09:31.1778018Z Uploaded bytes 10216841
2026-10-04T03:09:31.2180376Z Finished uploading artifact content to blob storage!
2026-10-04T03:09:31.2180958Z SHA256 digest of uploaded artifact zip is 39a9c0d616e75cb87f83fd64073753fe0564228aaa4caeb96e56db2cb85ea25d
2026-10-04T03:09:31.2182207Z Finalizing artifact upload
2026-10-04T03:09:31.4594451Z Artifact tournament-cli-ubuntu-22.04.zip successfully finalized. Artifact ID 11291828479
2026-10-04T03:09:31.4594891Z Artifact tournament-cli-ubuntu-22.04 has been successfully uploaded! Final size is 10216841 bytes. Artifact ID is 11291828479
2026-10-04T03:09:31.4598606Z Artifact download URL: https://github.com/Globulation2/glob2/actions/runs/37171997415/artifacts/11291828479
2026-10-04T03:09:31.4685885Z ##[group]Run python3 test/ci_run_commands.py \
2026-10-04T03:09:31.4686109Z [36;1mpython3 test/ci_run_commands.py \[0m
2026-10-04T03:09:31.4686438Z [36;1m  --check 'parallel compute' 'python3 test/check_parallel_compute.py build/linux/client/release/src/glob2' \[0m
2026-10-04T03:09:31.4686873Z [36;1m  --check 'gradient pipeline' 'python3 test/check_gradient_pipeline.py build/linux/client/release/src/glob2'[0m
2026-10-04T03:09:31.4715941Z shell: /usr/bin/bash -e {0}
2026-10-04T03:09:31.4716185Z env:
2026-10-04T03:09:31.4716309Z   GLOB2_DEV_MODE: isolated
2026-10-04T03:09:31.4716466Z   CI_RUNNER_FAMILY: ubuntu-22.04
2026-10-04T03:09:31.4716684Z   LD_LIBRARY_PATH: /home/runner/work/glob2/glob2/build/sdl3-ci/prefix/lib
2026-10-04T03:09:31.4716901Z ##[endgroup]
2026-10-04T03:09:31.4877418Z ##[group]parallel compute
2026-10-04T03:09:47.7091191Z PASS compute experiments: exact traces, replay bytes, final saves, and runtime/Castor/Numbi continuation at 1/2/4/8 threads
2026-10-04T03:09:47.7141388Z ##[endgroup]
2026-10-04T03:09:47.7141646Z ##[group]gradient pipeline
2026-10-04T03:09:48.4588106Z mixed-water 0 d1-w1: wall=0.258s cpu=0.296s
2026-10-04T03:09:48.7179087Z mixed-water 0 d1-w2: wall=0.256s cpu=0.295s
2026-10-04T03:09:48.9880680Z mixed-water 0 d1-w4: wall=0.267s cpu=0.306s
2026-10-04T03:09:49.2599446Z mixed-water 0 d1-w8: wall=0.269s cpu=0.308s
2026-10-04T03:09:49.5518604Z mixed-water 0 d3-w0: wall=0.289s cpu=0.300s
2026-10-04T03:09:49.8080827Z mixed-water 0 d3-w1: wall=0.254s cpu=0.299s
2026-10-04T03:09:50.0753581Z mixed-water 0 d3-w2: wall=0.264s cpu=0.307s
2026-10-04T03:09:50.3359870Z mixed-water 0 d3-w4: wall=0.258s cpu=0.302s
2026-10-04T03:09:50.5891431Z mixed-water 0 d3-w8: wall=0.250s cpu=0.296s
2026-10-04T03:09:50.8829001Z mixed-water 0 d8-w0: wall=0.291s cpu=0.302s
2026-10-04T03:09:51.1431175Z mixed-water 0 d8-w1: wall=0.257s cpu=0.302s
2026-10-04T03:09:51.3968045Z mixed-water 0 d8-w2: wall=0.251s cpu=0.296s
2026-10-04T03:09:51.6910141Z mixed-water 0 d8-w4: wall=0.292s cpu=0.337s
2026-10-04T03:09:51.9532734Z mixed-water 0 d8-w8: wall=0.260s cpu=0.304s
2026-10-04T03:09:52.2417389Z mixed-water 0 d1-w0: wall=0.286s cpu=0.297s
2026-10-04T03:09:52.2425806Z PASS exact same-schedule traces and outcomes
2026-10-04T03:09:57.2557148Z PASS pipeline defaults, trace determinism, eight-phase save continuation and invalid option rejection
2026-10-04T03:09:57.2604545Z ##[endgroup]
2026-10-04T03:09:57.2686071Z ##[group]Run python3 test/ci_step_summary.py
2026-10-04T03:09:57.2686288Z [36;1mpython3 test/ci_step_summary.py[0m
2026-10-04T03:09:57.2714030Z shell: /usr/bin/bash -e {0}
2026-10-04T03:09:57.2714180Z env:
2026-10-04T03:09:57.2714300Z   GLOB2_DEV_MODE: isolated
2026-10-04T03:09:57.2714449Z   CI_RUNNER_FAMILY: ubuntu-22.04
2026-10-04T03:09:57.2714661Z   LD_LIBRARY_PATH: /home/runner/work/glob2/glob2/build/sdl3-ci/prefix/lib
2026-10-04T03:09:57.2719660Z   CI_STEPS_JSON: {
  "install_dependencies": {
    "outputs": {},
    "outcome": "success",
    "conclusion": "success"
  },
  "actions_checkout_v4_1": {
    "outputs": {
      "commit": "69db1fb5db1c40e8037d571b8adbcbbfe7dd04ea",
      "ref": ""
    },
    "outcome": "success",
    "conclusion": "success"
  },
  "download_linux_test_programs": {
    "outputs": {
      "download-path": "/home/runner/work/glob2/glob2/artifacts/ci-native"
    },
    "outcome": "success",
    "conclusion": "success"
  },
  "unpack_linux_test_programs": {
    "outputs": {},
    "outcome": "success",
    "conclusion": "success"
  },
  "shard_plan": {
    "outputs": {
      "run_the_unit_tests": "4",
      "test_map_json_reports": "2",
      "test_headless_map_cli_with_the_shared_preview_renderer": "3",
      "test_tournament_protocol_ai_configuration_and_main_cli": "1",
      "verify_save_continuation_traces": "3",
      "verify_default_gradient_schedule_against_cross_platform": "4",
      "verify_parallel_compute_and_save_continuation": "1",
      "build_and_run_the_lan_session_regression": "3",
      "test_front_end_colony_isolation_and_menu_navigation": "2",
      "retain_browser_native_simulation_trace": "4"
    },
    "outcome": "success",
    "conclusion": "success"
  },
  "run_the_unit_tests": {
    "outputs": {},
    "outcome": "skipped",
    "conclusion": "skipped"
  },
  "run_the_engine_tests": {
    "outputs": {},
    "outcome": "failure",
    "conclusion": "success"
  },
  "test_map_json_reports": {
    "outputs": {},
    "outcome": "skipped",
    "conclusion": "skipped"
  },
  "upload_map_json_reports_and_command_log": {
    "outputs": {},
    "outcome": "skipped",
    "conclusion": "skipped"
  },
  "test_headless_map_cli_with_the_shared_preview_renderer": {
    "outputs": {},
    "outcome": "skipped",
    "conclusion": "skipped"
  },
  "upload_map_cli_previews_and_command_log": {
    "outputs": {},
    "outcome": "skipped",
    "conclusion": "skipped"
  },
  "test_tournament_protocol_ai_configuration_and_main_cli": {
    "outputs": {},
    "outcome": "success",
    "conclusion": "success"
  },
  "retain_tournament_cli_compatibility_evidence": {
    "outputs": {
      "artifact-id": "11291828479",
      "artifact-digest": "39a9c0d616e75cb87f83fd64073753fe0564228aaa4caeb96e56db2cb85ea25d",
      "artifact-url": "https://github.com/Globulation2/glob2/actions/runs/37171997415/artifacts/11291828479"
    },
    "outcome": "success",
    "conclusion": "success"
  },
  "verify_save_continuation_traces": {
    "outputs": {},
    "outcome": "skipped",
    "conclusion": "skipped"
  },
  "verify_default_gradient_schedule_against_cross_platform": {
    "outputs": {},
    "outcome": "skipped",
    "conclusion": "skipped"
  },
  "verify_parallel_compute_and_save_continuation": {
    "outputs": {},
    "outcome": "success",
    "conclusion": "success"
  },
  "build_and_run_the_lan_session_regression": {
    "outputs": {},
    "outcome": "skipped",
    "conclusion": "skipped"
  },
  "test_front_end_colony_isolation_and_menu_navigation": {
    "outputs": {},
    "outcome": "skipped",
    "conclusion": "skipped"
  },
  "retain_browser_native_simulation_trace": {
    "outputs": {},
    "outcome": "skipped",
    "conclusion": "skipped"
  },
  "upload_artifact_1": {
    "outputs": {},
    "outcome": "skipped",
    "conclusion": "skipped"
  }
}
2026-10-04T03:09:57.2724606Z ##[endgroup]
2026-10-04T03:09:57.2870385Z ## CI check results
2026-10-04T03:09:57.2870548Z 
2026-10-04T03:09:57.2870654Z - Failed: `run_the_engine_tests`
2026-10-04T03:09:57.2870832Z 
2026-10-04T03:09:57.2890434Z ##[error]Process completed with exit code 1.
2026-10-04T03:09:57.2918414Z ##[group]Run actions/upload-artifact@v4
2026-10-04T03:09:57.2918598Z with:
2026-10-04T03:09:57.2918869Z   name: ci-observation-tests-g++-11-1
2026-10-04T03:09:57.2919078Z   path: artifacts/ci-observation/
2026-10-04T03:09:57.2919246Z   if-no-files-found: ignore
2026-10-04T03:09:57.2919403Z   compression-level: 6
2026-10-04T03:09:57.2919541Z   overwrite: false
2026-10-04T03:09:57.2919682Z   include-hidden-files: false
2026-10-04T03:09:57.2919834Z env:
2026-10-04T03:09:57.2919957Z   GLOB2_DEV_MODE: isolated
2026-10-04T03:09:57.2920111Z   CI_RUNNER_FAMILY: ubuntu-22.04
2026-10-04T03:09:57.2920329Z   LD_LIBRARY_PATH: /home/runner/work/glob2/glob2/build/sdl3-ci/prefix/lib
2026-10-04T03:09:57.2920547Z ##[endgroup]
2026-10-04T03:09:57.3872514Z (node:6007) [DEP0040] DeprecationWarning: The `punycode` module is deprecated. Please use a userland alternative instead.
2026-10-04T03:09:57.3872925Z (Use `node --trace-deprecation ...` to show where the warning was created)
2026-10-04T03:09:57.3901443Z With the provided path, there will be 1 file uploaded
2026-10-04T03:09:57.3904205Z Artifact name is valid!
2026-10-04T03:09:57.3904584Z Root directory input is valid!
2026-10-04T03:09:57.6359686Z Beginning upload of artifact content to blob storage
2026-10-04T03:09:57.6462214Z (node:6007) [DEP0169] DeprecationWarning: `url.parse()` behavior is not standardized and prone to errors that have security implications. Use the WHATWG URL API instead. CVEs are not issued for `url.parse()` vulnerabilities.
2026-10-04T03:09:57.8133337Z Uploaded bytes 167
2026-10-04T03:09:57.8561837Z Finished uploading artifact content to blob storage!
2026-10-04T03:09:57.8562393Z SHA256 digest of uploaded artifact zip is 0091d52b3482d4d7728466734bed1b9f39ab0cffc41bc089025a4b24e16eaa1f
2026-10-04T03:09:57.8563557Z Finalizing artifact upload
2026-10-04T03:09:58.1271794Z Artifact ci-observation-tests-g++-11-1.zip successfully finalized. Artifact ID 11291244254
2026-10-04T03:09:58.1272422Z Artifact ci-observation-tests-g++-11-1 has been successfully uploaded! Final size is 167 bytes. Artifact ID is 11291244254
2026-10-04T03:09:58.1275340Z Artifact download URL: https://github.com/Globulation2/glob2/actions/runs/37171997415/artifacts/11291244254
2026-10-04T03:09:58.1393660Z Post job cleanup.
2026-10-04T03:09:58.1879492Z [command]/usr/bin/git version
2026-10-04T03:09:58.1905297Z git version 2.55.0
2026-10-04T03:09:58.1929614Z Temporarily overriding HOME='/home/runner/work/_temp/98b4e8cb-164d-47c8-b8f0-a8fda2218341' before making global git config changes
2026-10-04T03:09:58.1930335Z Adding repository directory to the temporary git global config as a safe directory
2026-10-04T03:09:58.1933183Z [command]/usr/bin/git config --global --add safe.directory /home/runner/work/glob2/glob2
2026-10-04T03:09:58.1954337Z [command]/usr/bin/git config --local --name-only --get-regexp core\.sshCommand
2026-10-04T03:09:58.1972134Z [command]/usr/bin/git submodule foreach --recursive sh -c "git config --local --name-only --get-regexp 'core\.sshCommand' && git config --local --unset-all 'core.sshCommand' || :"
2026-10-04T03:09:58.2099877Z [command]/usr/bin/git config --local --name-only --get-regexp http\.https\:\/\/github\.com\/\.extraheader
2026-10-04T03:09:58.2113517Z http.https://github.com/.extraheader
2026-10-04T03:09:58.2120599Z [command]/usr/bin/git config --local --unset-all http.https://github.com/.extraheader
2026-10-04T03:09:58.2140039Z [command]/usr/bin/git submodule foreach --recursive sh -c "git config --local --name-only --get-regexp 'http\.https\:\/\/github\.com\/\.extraheader' && git config --local --unset-all 'http.https://github.com/.extraheader' || :"
2026-10-04T03:09:58.2266177Z [command]/usr/bin/git config --local --name-only --get-regexp ^includeIf\.gitdir:
2026-10-04T03:09:58.2285712Z [command]/usr/bin/git submodule foreach --recursive git config --local --show-origin --name-only --get-regexp remote.origin.url
2026-10-04T03:09:58.2498062Z Cleaning up orphan processes
2026-10-04T03:09:58.2637139Z ##[warning]Node.js 20 is deprecated. The following actions target Node.js 20 but are being forced to run on Node.js 24: actions/checkout@v4, actions/download-artifact@v4, actions/upload-artifact@v4. For more information see: https://github.blog/changelog/2025-09-19-deprecation-of-node-20-on-github-actions-runners/
