2026-10-06T13:12:18.3553362Z Current runner version: '2.337.0'
2026-10-06T13:12:18.3578083Z ##[group]Runner Image Provisioner
2026-10-06T13:12:18.3579127Z Hosted Compute Agent
2026-10-06T13:12:18.3579738Z Version: 20260901.588
2026-10-06T13:12:18.3580435Z Commit: f88ec8081b781fac6c440065ac7ff9e710ce3d0b
2026-10-06T13:12:18.3581187Z Build Date: 2026-09-01T19:56:44Z
2026-10-06T13:12:18.3581869Z Worker ID: {15c69e7c-edcb-4e08-bae9-9461eb106e5e}
2026-10-06T13:12:18.3582681Z Azure Region: westus
2026-10-06T13:12:18.3583248Z ##[endgroup]
2026-10-06T13:12:18.3584752Z ##[group]Operating System
2026-10-06T13:12:18.3585882Z Ubuntu
2026-10-06T13:12:18.3586434Z 24.04.5
2026-10-06T13:12:18.3587108Z LTS
2026-10-06T13:12:18.3587624Z ##[endgroup]
2026-10-06T13:12:18.3588210Z ##[group]Runner Image
2026-10-06T13:12:18.3588830Z Image: ubuntu-24.04
2026-10-06T13:12:18.3589405Z Version: 20260927.320.1
2026-10-06T13:12:18.3590741Z Included Software: https://github.com/actions/runner-images/blob/ubuntu24/20260927.320/images/ubuntu/Ubuntu2404-Readme.md
2026-10-06T13:12:18.3592397Z Image Release: https://github.com/actions/runner-images/releases/tag/ubuntu24%2F20260927.320
2026-10-06T13:12:18.3593424Z ##[endgroup]
2026-10-06T13:12:18.3597014Z ##[group]GITHUB_TOKEN Permissions
2026-10-06T13:12:18.3599459Z Actions: write
2026-10-06T13:12:18.3600129Z ArtifactMetadata: write
2026-10-06T13:12:18.3600858Z Attestations: write
2026-10-06T13:12:18.3601433Z Checks: write
2026-10-06T13:12:18.3602029Z CodeQuality: write
2026-10-06T13:12:18.3602644Z Contents: write
2026-10-06T13:12:18.3603210Z CopilotRequests: write
2026-10-06T13:12:18.3603845Z Deployments: write
2026-10-06T13:12:18.3604412Z Discussions: write
2026-10-06T13:12:18.3604946Z Drives: write
2026-10-06T13:12:18.3605980Z Issues: write
2026-10-06T13:12:18.3606575Z Metadata: read
2026-10-06T13:12:18.3607280Z Models: read
2026-10-06T13:12:18.3607845Z Packages: write
2026-10-06T13:12:18.3608387Z Pages: write
2026-10-06T13:12:18.3609023Z PullRequests: write
2026-10-06T13:12:18.3609619Z RepositoryProjects: write
2026-10-06T13:12:18.3610271Z SecurityEvents: write
2026-10-06T13:12:18.3610869Z Statuses: write
2026-10-06T13:12:18.3611486Z VulnerabilityAlerts: read
2026-10-06T13:12:18.3612147Z ##[endgroup]
2026-10-06T13:12:18.3614178Z Secret source: Actions
2026-10-06T13:12:18.3615440Z Cache mode: write
2026-10-06T13:12:18.3616165Z Prepare workflow directory
2026-10-06T13:12:18.4128229Z Prepare all required actions
2026-10-06T13:12:18.4175907Z Getting action download info
2026-10-06T13:12:18.7794436Z Download action repository 'actions/checkout@v4' (SHA:11d5960a326750d5838078e36cf38b85af677262)
2026-10-06T13:12:18.8926508Z Download action repository 'actions/setup-node@v4' (SHA:49933ea5288caeca8642d1e84afbd3f7d6820020)
2026-10-06T13:12:19.0857234Z Complete job name: platform (TypeScript)
2026-10-06T13:12:19.1402946Z ##[group]Checking docker version
2026-10-06T13:12:19.1416543Z ##[command]/usr/bin/docker version --format '{{.Server.APIVersion}}'
2026-10-06T13:12:19.2576081Z '1.48'
2026-10-06T13:12:19.2588990Z Docker daemon API version: '1.48'
2026-10-06T13:12:19.2589824Z ##[command]/usr/bin/docker version --format '{{.Client.APIVersion}}'
2026-10-06T13:12:19.2746470Z '1.48'
2026-10-06T13:12:19.2758840Z Docker client API version: '1.48'
2026-10-06T13:12:19.2763355Z ##[endgroup]
2026-10-06T13:12:19.2767309Z ##[group]Clean up resources from previous jobs
2026-10-06T13:12:19.2772570Z ##[command]/usr/bin/docker ps --all --quiet --no-trunc --filter "label=072c28"
2026-10-06T13:12:19.3116906Z ##[command]/usr/bin/docker network prune --force --filter "label=072c28"
2026-10-06T13:12:19.3252824Z ##[endgroup]
2026-10-06T13:12:19.3253364Z ##[group]Create local container network
2026-10-06T13:12:19.3262921Z ##[command]/usr/bin/docker network create --label 072c28 github_network_d87749c303ce491e883ba205ee798fb2
2026-10-06T13:12:19.3766865Z d275c21110dd5f2576ad6cd8fa77f987627a794b0a0e9554cf98610b799af552
2026-10-06T13:12:19.3782640Z ##[endgroup]
2026-10-06T13:12:19.3807451Z ##[group]Starting postgres service container
2026-10-06T13:12:19.3829024Z ##[command]/usr/bin/docker pull postgres:16
2026-10-06T13:12:20.2847956Z 16: Pulling from library/postgres
2026-10-06T13:12:20.6455040Z ecc510c1e359: Pulling fs layer
2026-10-06T13:12:20.6459936Z 79faf13a8736: Pulling fs layer
2026-10-06T13:12:20.6460567Z 6456bfbf35e7: Pulling fs layer
2026-10-06T13:12:20.6461113Z b353db459ed1: Pulling fs layer
2026-10-06T13:12:20.6462208Z 99f49de4fe2b: Pulling fs layer
2026-10-06T13:12:20.6462577Z 83d1a2a3917c: Pulling fs layer
2026-10-06T13:12:20.6462898Z 715ea0948cb1: Pulling fs layer
2026-10-06T13:12:20.6463201Z 486e8305f56f: Pulling fs layer
2026-10-06T13:12:20.6463502Z e7d675f11ded: Pulling fs layer
2026-10-06T13:12:20.6463803Z c49864c27f35: Pulling fs layer
2026-10-06T13:12:20.6464102Z 770ef8b308ea: Pulling fs layer
2026-10-06T13:12:20.6464465Z 50c25daa0302: Pulling fs layer
2026-10-06T13:12:20.6464785Z 8309db3ae5b6: Pulling fs layer
2026-10-06T13:12:20.6466952Z 9731e27f2541: Pulling fs layer
2026-10-06T13:12:20.6467683Z b353db459ed1: Waiting
2026-10-06T13:12:20.6468189Z 99f49de4fe2b: Waiting
2026-10-06T13:12:20.6468715Z 83d1a2a3917c: Waiting
2026-10-06T13:12:20.6468974Z 715ea0948cb1: Waiting
2026-10-06T13:12:20.6469700Z 486e8305f56f: Waiting
2026-10-06T13:12:20.6470409Z e7d675f11ded: Waiting
2026-10-06T13:12:20.6471116Z 50c25daa0302: Waiting
2026-10-06T13:12:20.6471802Z 770ef8b308ea: Waiting
2026-10-06T13:12:20.6472465Z c49864c27f35: Waiting
2026-10-06T13:12:20.6473117Z 8309db3ae5b6: Waiting
2026-10-06T13:12:20.6473819Z 9731e27f2541: Waiting
2026-10-06T13:12:20.8694865Z 79faf13a8736: Verifying Checksum
2026-10-06T13:12:20.8695721Z 79faf13a8736: Download complete
2026-10-06T13:12:20.8868986Z 6456bfbf35e7: Verifying Checksum
2026-10-06T13:12:20.8870118Z 6456bfbf35e7: Download complete
2026-10-06T13:12:20.9851035Z ecc510c1e359: Verifying Checksum
2026-10-06T13:12:20.9851770Z ecc510c1e359: Download complete
2026-10-06T13:12:21.1051095Z b353db459ed1: Verifying Checksum
2026-10-06T13:12:21.1055968Z b353db459ed1: Download complete
2026-10-06T13:12:21.1484923Z 99f49de4fe2b: Verifying Checksum
2026-10-06T13:12:21.1486431Z 99f49de4fe2b: Download complete
2026-10-06T13:12:21.2108610Z 83d1a2a3917c: Verifying Checksum
2026-10-06T13:12:21.2116249Z 83d1a2a3917c: Download complete
2026-10-06T13:12:21.3267871Z 715ea0948cb1: Verifying Checksum
2026-10-06T13:12:21.3268514Z 715ea0948cb1: Download complete
2026-10-06T13:12:21.3716988Z 486e8305f56f: Verifying Checksum
2026-10-06T13:12:21.3718839Z 486e8305f56f: Download complete
2026-10-06T13:12:21.5666375Z c49864c27f35: Verifying Checksum
2026-10-06T13:12:21.5666997Z c49864c27f35: Download complete
2026-10-06T13:12:21.5926527Z 770ef8b308ea: Download complete
2026-10-06T13:12:21.7891578Z 50c25daa0302: Verifying Checksum
2026-10-06T13:12:21.7895659Z 50c25daa0302: Download complete
2026-10-06T13:12:21.8090813Z e7d675f11ded: Verifying Checksum
2026-10-06T13:12:21.8091418Z e7d675f11ded: Download complete
2026-10-06T13:12:21.8141509Z 8309db3ae5b6: Verifying Checksum
2026-10-06T13:12:21.8143644Z 8309db3ae5b6: Download complete
2026-10-06T13:12:22.0102179Z 9731e27f2541: Verifying Checksum
2026-10-06T13:12:22.0103605Z 9731e27f2541: Download complete
2026-10-06T13:12:22.0828870Z ecc510c1e359: Pull complete
2026-10-06T13:12:22.3980651Z 79faf13a8736: Pull complete
2026-10-06T13:12:22.5657199Z 6456bfbf35e7: Pull complete
2026-10-06T13:12:22.6066412Z b353db459ed1: Pull complete
2026-10-06T13:12:22.9055867Z 99f49de4fe2b: Pull complete
2026-10-06T13:12:22.9854051Z 83d1a2a3917c: Pull complete
2026-10-06T13:12:22.9931927Z 715ea0948cb1: Pull complete
2026-10-06T13:12:23.0029455Z 486e8305f56f: Pull complete
2026-10-06T13:12:26.0065428Z e7d675f11ded: Pull complete
2026-10-06T13:12:26.0185472Z c49864c27f35: Pull complete
2026-10-06T13:12:26.0320382Z 770ef8b308ea: Pull complete
2026-10-06T13:12:26.0399660Z 50c25daa0302: Pull complete
2026-10-06T13:12:26.0476697Z 8309db3ae5b6: Pull complete
2026-10-06T13:12:26.0562418Z 9731e27f2541: Pull complete
2026-10-06T13:12:26.0598841Z Digest: sha256:65b16a8b326e0cfbdf33fa7e783f2a0cb352a61448616ccccfd616ef42aa0f65
2026-10-06T13:12:26.0609403Z Status: Downloaded newer image for postgres:16
2026-10-06T13:12:26.0617534Z docker.io/library/postgres:16
2026-10-06T13:12:26.0679601Z ##[command]/usr/bin/docker create --name 462ff8ff7b0b496891f8dc151a1d1388_postgres16_25ed5e --label 072c28 --network github_network_d87749c303ce491e883ba205ee798fb2 --network-alias postgres -p 5432:5432 --health-cmd "pg_isready -U glob2" --health-interval 5s --health-timeout 5s --health-retries 20 -e "POSTGRES_USER=glob2" -e "POSTGRES_PASSWORD=glob2" -e "POSTGRES_DB=glob2" -e GITHUB_ACTIONS=true -e CI=true postgres:16
2026-10-06T13:12:26.0944885Z 07e8db2bef4fc65e73d42eead71486c7ebe1fd06dc1cce24d887491933bb6dc6
2026-10-06T13:12:26.0967642Z ##[command]/usr/bin/docker start 07e8db2bef4fc65e73d42eead71486c7ebe1fd06dc1cce24d887491933bb6dc6
2026-10-06T13:12:26.3191561Z 07e8db2bef4fc65e73d42eead71486c7ebe1fd06dc1cce24d887491933bb6dc6
2026-10-06T13:12:26.3223318Z ##[command]/usr/bin/docker ps --all --filter id=07e8db2bef4fc65e73d42eead71486c7ebe1fd06dc1cce24d887491933bb6dc6 --filter status=running --no-trunc --format "{{.ID}} {{.Status}}"
2026-10-06T13:12:26.3443567Z 07e8db2bef4fc65e73d42eead71486c7ebe1fd06dc1cce24d887491933bb6dc6 Up Less than a second (health: starting)
2026-10-06T13:12:26.3468627Z ##[command]/usr/bin/docker port 07e8db2bef4fc65e73d42eead71486c7ebe1fd06dc1cce24d887491933bb6dc6
2026-10-06T13:12:26.3616454Z 5432/tcp -> 0.0.0.0:5432
2026-10-06T13:12:26.3616963Z 5432/tcp -> [::]:5432
2026-10-06T13:12:26.3669440Z ##[endgroup]
2026-10-06T13:12:26.3678213Z ##[group]Waiting for all services to be ready
2026-10-06T13:12:26.3692049Z ##[command]/usr/bin/docker inspect --format="{{if .Config.Healthcheck}}{{print .State.Health.Status}}{{end}}" 07e8db2bef4fc65e73d42eead71486c7ebe1fd06dc1cce24d887491933bb6dc6
2026-10-06T13:12:26.3833350Z starting
2026-10-06T13:12:26.3853994Z postgres service is starting, waiting 2 seconds before checking again.
2026-10-06T13:12:28.3842958Z ##[command]/usr/bin/docker inspect --format="{{if .Config.Healthcheck}}{{print .State.Health.Status}}{{end}}" 07e8db2bef4fc65e73d42eead71486c7ebe1fd06dc1cce24d887491933bb6dc6
2026-10-06T13:12:28.3976140Z starting
2026-10-06T13:12:28.3989207Z postgres service is starting, waiting 4 seconds before checking again.
2026-10-06T13:12:32.7188167Z ##[command]/usr/bin/docker inspect --format="{{if .Config.Healthcheck}}{{print .State.Health.Status}}{{end}}" 07e8db2bef4fc65e73d42eead71486c7ebe1fd06dc1cce24d887491933bb6dc6
2026-10-06T13:12:32.7319983Z healthy
2026-10-06T13:12:32.7335758Z postgres service is healthy.
2026-10-06T13:12:32.7336594Z ##[endgroup]
2026-10-06T13:12:32.7697485Z ##[group]Run actions/checkout@v4
2026-10-06T13:12:32.7698049Z with:
2026-10-06T13:12:32.7698289Z   ref: 3bbe89f0e879a2ed42399369caea49c029ca2a3e
2026-10-06T13:12:32.7698608Z   repository: Globulation2/glob2
2026-10-06T13:12:32.7701254Z   token: ***
2026-10-06T13:12:32.7701458Z   ssh-strict: true
2026-10-06T13:12:32.7701658Z   ssh-user: git
2026-10-06T13:12:32.7701862Z   persist-credentials: true
2026-10-06T13:12:32.7702099Z   clean: true
2026-10-06T13:12:32.7702314Z   sparse-checkout-cone-mode: true
2026-10-06T13:12:32.7702568Z   fetch-depth: 1
2026-10-06T13:12:32.7702760Z   fetch-tags: false
2026-10-06T13:12:32.7702955Z   show-progress: true
2026-10-06T13:12:32.7703154Z   lfs: false
2026-10-06T13:12:32.7703332Z   submodules: false
2026-10-06T13:12:32.7703536Z   set-safe-directory: true
2026-10-06T13:12:32.7703778Z   allow-unsafe-pr-checkout: false
2026-10-06T13:12:32.7704200Z env:
2026-10-06T13:12:32.7704394Z   GLOB2_DEV_MODE: isolated
2026-10-06T13:12:32.7704861Z   TEST_DATABASE_URL: ***localhost:5432/postgres
2026-10-06T13:12:32.7705363Z ##[endgroup]
2026-10-06T13:12:32.8697096Z Syncing repository: Globulation2/glob2
2026-10-06T13:12:32.8698895Z ##[group]Getting Git version info
2026-10-06T13:12:32.8699457Z Working directory is '/home/runner/work/glob2/glob2'
2026-10-06T13:12:32.8700322Z [command]/usr/bin/git version
2026-10-06T13:12:32.8779623Z git version 2.55.0
2026-10-06T13:12:32.8800608Z ##[endgroup]
2026-10-06T13:12:32.8816561Z Temporarily overriding HOME='/home/runner/work/_temp/bdf466af-cea7-4ace-93da-46488dc1f797' before making global git config changes
2026-10-06T13:12:32.8818742Z Adding repository directory to the temporary git global config as a safe directory
2026-10-06T13:12:32.8821577Z [command]/usr/bin/git config --global --add safe.directory /home/runner/work/glob2/glob2
2026-10-06T13:12:32.8876073Z Deleting the contents of '/home/runner/work/glob2/glob2'
2026-10-06T13:12:32.8881131Z ##[group]Initializing the repository
2026-10-06T13:12:32.8884917Z [command]/usr/bin/git init /home/runner/work/glob2/glob2
2026-10-06T13:12:32.8994699Z hint: Using 'master' as the name for the initial branch. This default branch name
2026-10-06T13:12:32.8995838Z hint: will change to "main" in Git 3.0. To configure the initial branch name
2026-10-06T13:12:32.9006100Z hint: to use in all of your new repositories, which will suppress this warning,
2026-10-06T13:12:32.9007052Z hint: call:
2026-10-06T13:12:32.9007775Z hint:
2026-10-06T13:12:32.9008245Z hint: 	git config --global init.defaultBranch <name>
2026-10-06T13:12:32.9008786Z hint:
2026-10-06T13:12:32.9009274Z hint: Names commonly chosen instead of 'master' are 'main', 'trunk' and
2026-10-06T13:12:32.9010111Z hint: 'development'. The just-created branch can be renamed via this command:
2026-10-06T13:12:32.9010777Z hint:
2026-10-06T13:12:32.9011105Z hint: 	git branch -m <name>
2026-10-06T13:12:32.9011483Z hint:
2026-10-06T13:12:32.9012027Z hint: Disable this message with "git config set advice.defaultBranchName false"
2026-10-06T13:12:32.9012648Z Initialized empty Git repository in /home/runner/work/glob2/glob2/.git/
2026-10-06T13:12:32.9013610Z [command]/usr/bin/git remote add origin https://github.com/Globulation2/glob2
2026-10-06T13:12:32.9058007Z ##[endgroup]
2026-10-06T13:12:32.9058647Z ##[group]Disabling automatic garbage collection
2026-10-06T13:12:32.9063376Z [command]/usr/bin/git config --local gc.auto 0
2026-10-06T13:12:32.9094837Z ##[endgroup]
2026-10-06T13:12:32.9095669Z ##[group]Setting up auth
2026-10-06T13:12:32.9102708Z [command]/usr/bin/git config --local --name-only --get-regexp core\.sshCommand
2026-10-06T13:12:32.9138024Z [command]/usr/bin/git submodule foreach --recursive sh -c "git config --local --name-only --get-regexp 'core\.sshCommand' && git config --local --unset-all 'core.sshCommand' || :"
2026-10-06T13:12:32.9548053Z [command]/usr/bin/git config --local --name-only --get-regexp http\.https\:\/\/github\.com\/\.extraheader
2026-10-06T13:12:32.9588479Z [command]/usr/bin/git submodule foreach --recursive sh -c "git config --local --name-only --get-regexp 'http\.https\:\/\/github\.com\/\.extraheader' && git config --local --unset-all 'http.https://github.com/.extraheader' || :"
2026-10-06T13:12:32.9825878Z [command]/usr/bin/git config --local --name-only --get-regexp ^includeIf\.gitdir:
2026-10-06T13:12:32.9866582Z [command]/usr/bin/git submodule foreach --recursive git config --local --show-origin --name-only --get-regexp remote.origin.url
2026-10-06T13:12:33.0091770Z [command]/usr/bin/git config --local http.https://github.com/.extraheader AUTHORIZATION: basic ***
2026-10-06T13:12:33.0133351Z ##[endgroup]
2026-10-06T13:12:33.0133945Z ##[group]Fetching the repository
2026-10-06T13:12:33.0142833Z [command]/usr/bin/git -c protocol.version=2 fetch --no-tags --prune --no-recurse-submodules --depth=1 origin 3bbe89f0e879a2ed42399369caea49c029ca2a3e
2026-10-06T13:12:40.4568924Z From https://github.com/Globulation2/glob2
2026-10-06T13:12:40.4569929Z  * branch            3bbe89f0e879a2ed42399369caea49c029ca2a3e -> FETCH_HEAD
2026-10-06T13:12:40.4574579Z ##[endgroup]
2026-10-06T13:12:40.4575552Z ##[group]Determining the checkout info
2026-10-06T13:12:40.4578164Z ##[endgroup]
2026-10-06T13:12:40.4585849Z [command]/usr/bin/git sparse-checkout disable
2026-10-06T13:12:40.4641945Z [command]/usr/bin/git config --local --unset-all extensions.worktreeConfig
2026-10-06T13:12:40.4708260Z ##[group]Checking out the ref
2026-10-06T13:12:40.4711816Z [command]/usr/bin/git checkout --progress --force 3bbe89f0e879a2ed42399369caea49c029ca2a3e
2026-10-06T13:12:41.4977934Z Updating files:  50% (8012/15740)
2026-10-06T13:12:41.6280974Z Updating files:  51% (8028/15740)
2026-10-06T13:12:41.6912709Z Updating files:  52% (8185/15740)
2026-10-06T13:12:41.7024424Z Updating files:  53% (8343/15740)
2026-10-06T13:12:41.7173271Z Updating files:  54% (8500/15740)
2026-10-06T13:12:41.7638539Z Updating files:  55% (8657/15740)
2026-10-06T13:12:41.7779249Z Updating files:  56% (8815/15740)
2026-10-06T13:12:41.7892528Z Updating files:  57% (8972/15740)
2026-10-06T13:12:41.8007385Z Updating files:  58% (9130/15740)
2026-10-06T13:12:41.8123662Z Updating files:  59% (9287/15740)
2026-10-06T13:12:41.8260430Z Updating files:  60% (9444/15740)
2026-10-06T13:12:41.8398302Z Updating files:  61% (9602/15740)
2026-10-06T13:12:41.8515651Z Updating files:  62% (9759/15740)
2026-10-06T13:12:41.8630398Z Updating files:  63% (9917/15740)
2026-10-06T13:12:41.8747725Z Updating files:  64% (10074/15740)
2026-10-06T13:12:41.8874580Z Updating files:  65% (10231/15740)
2026-10-06T13:12:41.8971811Z Updating files:  66% (10389/15740)
2026-10-06T13:12:41.9070009Z Updating files:  67% (10546/15740)
2026-10-06T13:12:41.9168365Z Updating files:  68% (10704/15740)
2026-10-06T13:12:41.9281953Z Updating files:  69% (10861/15740)
2026-10-06T13:12:41.9403180Z Updating files:  70% (11018/15740)
2026-10-06T13:12:41.9511133Z Updating files:  71% (11176/15740)
2026-10-06T13:12:41.9618515Z Updating files:  72% (11333/15740)
2026-10-06T13:12:41.9725057Z Updating files:  73% (11491/15740)
2026-10-06T13:12:41.9905418Z Updating files:  74% (11648/15740)
2026-10-06T13:12:42.0088830Z Updating files:  75% (11805/15740)
2026-10-06T13:12:42.0284196Z Updating files:  76% (11963/15740)
2026-10-06T13:12:42.0395365Z Updating files:  77% (12120/15740)
2026-10-06T13:12:42.0548550Z Updating files:  78% (12278/15740)
2026-10-06T13:12:42.0661174Z Updating files:  79% (12435/15740)
2026-10-06T13:12:42.3156096Z Updating files:  80% (12592/15740)
2026-10-06T13:12:42.5518574Z Updating files:  81% (12750/15740)
2026-10-06T13:12:42.5689675Z Updating files:  81% (12756/15740)
2026-10-06T13:12:42.5796726Z Updating files:  82% (12907/15740)
2026-10-06T13:12:42.5888605Z Updating files:  83% (13065/15740)
2026-10-06T13:12:42.5956132Z Updating files:  84% (13222/15740)
2026-10-06T13:12:42.6051376Z Updating files:  85% (13379/15740)
2026-10-06T13:12:42.6210873Z Updating files:  86% (13537/15740)
2026-10-06T13:12:42.6336063Z Updating files:  87% (13694/15740)
2026-10-06T13:12:42.6438607Z Updating files:  88% (13852/15740)
2026-10-06T13:12:42.6555356Z Updating files:  89% (14009/15740)
2026-10-06T13:12:42.6699204Z Updating files:  90% (14166/15740)
2026-10-06T13:12:42.6830638Z Updating files:  91% (14324/15740)
2026-10-06T13:12:42.6936532Z Updating files:  92% (14481/15740)
2026-10-06T13:12:42.7042238Z Updating files:  93% (14639/15740)
2026-10-06T13:12:42.7149777Z Updating files:  94% (14796/15740)
2026-10-06T13:12:42.7526792Z Updating files:  95% (14953/15740)
2026-10-06T13:12:42.8020617Z Updating files:  96% (15111/15740)
2026-10-06T13:12:42.8161389Z Updating files:  97% (15268/15740)
2026-10-06T13:12:42.8324940Z Updating files:  98% (15426/15740)
2026-10-06T13:12:42.8467806Z Updating files:  99% (15583/15740)
2026-10-06T13:12:42.8468220Z Updating files: 100% (15740/15740)
2026-10-06T13:12:42.8468523Z Updating files: 100% (15740/15740), done.
2026-10-06T13:12:42.8587521Z Note: switching to '3bbe89f0e879a2ed42399369caea49c029ca2a3e'.
2026-10-06T13:12:42.8588084Z 
2026-10-06T13:12:42.8588441Z You are in 'detached HEAD' state. You can look around, make experimental
2026-10-06T13:12:42.8589218Z changes and commit them, and you can discard any commits you make in this
2026-10-06T13:12:42.8590124Z state without impacting any branches by switching back to a branch.
2026-10-06T13:12:42.8590698Z 
2026-10-06T13:12:42.8591124Z If you want to create a new branch to retain commits you create, you may
2026-10-06T13:12:42.8592000Z do so (now or later) by using -c with the switch command. Example:
2026-10-06T13:12:42.8592547Z 
2026-10-06T13:12:42.8593059Z   git switch -c <new-branch-name>
2026-10-06T13:12:42.8593413Z 
2026-10-06T13:12:42.8593590Z Or undo this operation with:
2026-10-06T13:12:42.8593915Z 
2026-10-06T13:12:42.8594097Z   git switch -
2026-10-06T13:12:42.8594357Z 
2026-10-06T13:12:42.8594810Z Turn off this advice by setting config variable advice.detachedHead to false
2026-10-06T13:12:42.8595794Z 
2026-10-06T13:12:42.8596512Z HEAD is now at 3bbe89f Rebuild colony-skin materials around a shared registry and add a catalogue (#819)
2026-10-06T13:12:42.8642602Z ##[endgroup]
2026-10-06T13:12:42.8697425Z [command]/usr/bin/git log -1 --format=%H
2026-10-06T13:12:42.8725230Z 3bbe89f0e879a2ed42399369caea49c029ca2a3e
2026-10-06T13:12:42.8982555Z ##[group]Run actions/setup-node@v4
2026-10-06T13:12:42.8982835Z with:
2026-10-06T13:12:42.8983023Z   node-version: 22
2026-10-06T13:12:42.8983220Z   cache: npm
2026-10-06T13:12:42.8983465Z   cache-dependency-path: platform/package-lock.json
2026-10-06T13:12:42.8983781Z   always-auth: false
2026-10-06T13:12:42.8984008Z   check-latest: false
2026-10-06T13:12:42.8986868Z   token: ***
2026-10-06T13:12:42.8987067Z env:
2026-10-06T13:12:42.8987255Z   GLOB2_DEV_MODE: isolated
2026-10-06T13:12:42.8987642Z   TEST_DATABASE_URL: ***localhost:5432/postgres
2026-10-06T13:12:42.8987930Z ##[endgroup]
2026-10-06T13:12:43.0389574Z Found in cache @ /opt/hostedtoolcache/node/22.23.3/x64
2026-10-06T13:12:43.0393724Z (node:2870) [DEP0040] DeprecationWarning: The `punycode` module is deprecated. Please use a userland alternative instead.
2026-10-06T13:12:43.0394434Z (Use `node --trace-deprecation ...` to show where the warning was created)
2026-10-06T13:12:43.0397346Z ##[group]Environment details
2026-10-06T13:12:43.4638868Z node: v22.23.3
2026-10-06T13:12:43.4639301Z npm: 10.9.9
2026-10-06T13:12:43.4639645Z yarn: 1.22.22
2026-10-06T13:12:43.4640483Z ##[endgroup]
2026-10-06T13:12:43.4662847Z [command]/opt/hostedtoolcache/node/22.23.3/x64/bin/npm config get cache
2026-10-06T13:12:43.5739612Z /home/runner/.npm
2026-10-06T13:12:43.8569828Z Cache hit for: node-cache-Linux-x64-npm-067879deca33605257d8fa5049de7990c9cfbc159d83ee75a5323aaab5edd5ce
2026-10-06T13:12:43.8681705Z (node:2870) [DEP0169] DeprecationWarning: `url.parse()` behavior is not standardized and prone to errors that have security implications. Use the WHATWG URL API instead. CVEs are not issued for `url.parse()` vulnerabilities.
2026-10-06T13:12:45.1396590Z Received 4194304 of 99120429 (4.2%), 4.0 MBs/sec
2026-10-06T13:12:45.8736462Z Received 99120429 of 99120429 (100.0%), 54.5 MBs/sec
2026-10-06T13:12:45.8738490Z Cache Size: ~95 MB (99120429 B)
2026-10-06T13:12:45.8854809Z [command]/usr/bin/tar -xf /home/runner/work/_temp/8b79e7c4-3af2-4c6b-80eb-e0f359a8d321/cache.tzst -P -C /home/runner/work/glob2/glob2 --use-compress-program unzstd
2026-10-06T13:12:46.1141808Z Cache restored successfully
2026-10-06T13:12:46.1193809Z Cache restored from key: node-cache-Linux-x64-npm-067879deca33605257d8fa5049de7990c9cfbc159d83ee75a5323aaab5edd5ce
2026-10-06T13:12:46.1348819Z ##[group]Run sudo apt-get update -qq
2026-10-06T13:12:46.1349233Z [36;1msudo apt-get update -qq[0m
2026-10-06T13:12:46.1349616Z [36;1msudo apt-get install -y --no-install-recommends ffmpeg[0m
2026-10-06T13:12:46.1569435Z shell: /usr/bin/bash -e {0}
2026-10-06T13:12:46.1569747Z env:
2026-10-06T13:12:46.1569976Z   GLOB2_DEV_MODE: isolated
2026-10-06T13:12:46.1570546Z   TEST_DATABASE_URL: ***localhost:5432/postgres
2026-10-06T13:12:46.1570911Z ##[endgroup]
2026-10-06T13:12:51.6189289Z Reading package lists...
2026-10-06T13:12:51.7976290Z Building dependency tree...
2026-10-06T13:12:51.7983104Z Reading state information...
2026-10-06T13:12:51.9331599Z The following additional packages will be installed:
2026-10-06T13:12:51.9332638Z   libass9 libasyncns0 libavc1394-0 libavcodec60 libavdevice60 libavfilter9
2026-10-06T13:12:51.9333616Z   libavformat60 libavutil58 libblas3 libbluray2 libbs2b0 libcaca0
2026-10-06T13:12:51.9334721Z   libcdio-cdda2t64 libcdio-paranoia2t64 libcdio19t64 libchromaprint1 libcjson1
2026-10-06T13:12:51.9336662Z   libcodec2-1.2 libdav1d7 libdc1394-25 libdecor-0-0 libflac12t64 libflite1
2026-10-06T13:12:51.9337603Z   libgme0 libgsm1 libhwy1t64 libiec61883-0 libjack-jackd2-0 libjxl0.7
2026-10-06T13:12:51.9338531Z   liblapack3 liblilv-0-0 libmbedcrypto7t64 libmp3lame0 libmpg123-0t64
2026-10-06T13:12:51.9339491Z   libmysofa1 libopenal-data libopenal1 libopenmpt0t64 libopus0 libplacebo338
2026-10-06T13:12:51.9340516Z   libpocketsphinx3 libpostproc57 libpulse0 librav1e0 libraw1394-11 librist4
2026-10-06T13:12:51.9341745Z   librsvg2-2 librubberband2 libsamplerate0 libsdl2-2.0-0 libserd-0-0 libshine3
2026-10-06T13:12:51.9342817Z   libsndfile1 libsndio7.0 libsord-0-0 libsoxr0 libspeex1 libsphinxbase3t64
2026-10-06T13:12:51.9343738Z   libsratom-0-0 libsrt1.5-gnutls libssh-gcrypt-4 libsvtav1enc1d1
2026-10-06T13:12:51.9344675Z   libswresample4 libswscale7 libtheora0 libtwolame0 libudfread0 libunibreak5
2026-10-06T13:12:51.9345864Z   libva-drm2 libva-x11-2 libva2 libvdpau1 libvidstab1.1 libvorbisenc2 libvpl2
2026-10-06T13:12:51.9346596Z   libvpx9 libx264-164 libx265-199 libxcb-shape0 libxv1 libxvidcore4 libzimg2
2026-10-06T13:12:51.9347116Z   libzix-0-0 libzvbi-common libzvbi0t64 ocl-icd-libopencl1
2026-10-06T13:12:51.9347508Z Suggested packages:
2026-10-06T13:12:51.9347913Z   ffmpeg-doc libcuda1 libnvcuvid1 libnvidia-encode1 libbluray-bdj jackd2
2026-10-06T13:12:51.9348731Z   libportaudio2 opus-tools pulseaudio libraw1394-doc librsvg2-bin serdi sndiod
2026-10-06T13:12:51.9349198Z   sordi speex opencl-icd
2026-10-06T13:12:51.9349467Z Recommended packages:
2026-10-06T13:12:51.9349820Z   libaacs0 default-libdecor-0-plugin-1 | libdecor-0-plugin-1
2026-10-06T13:12:51.9350298Z   pocketsphinx-en-us librsvg2-common va-driver-all | va-driver
2026-10-06T13:12:51.9350720Z   vdpau-driver-all | vdpau-driver
2026-10-06T13:12:51.9715520Z The following NEW packages will be installed:
2026-10-06T13:12:51.9716475Z   ffmpeg libass9 libasyncns0 libavc1394-0 libavcodec60 libavdevice60
2026-10-06T13:12:51.9717581Z   libavfilter9 libavformat60 libavutil58 libblas3 libbluray2 libbs2b0 libcaca0
2026-10-06T13:12:51.9718723Z   libcdio-cdda2t64 libcdio-paranoia2t64 libcdio19t64 libchromaprint1 libcjson1
2026-10-06T13:12:51.9719847Z   libcodec2-1.2 libdav1d7 libdc1394-25 libdecor-0-0 libflac12t64 libflite1
2026-10-06T13:12:51.9721015Z   libgme0 libgsm1 libhwy1t64 libiec61883-0 libjack-jackd2-0 libjxl0.7
2026-10-06T13:12:51.9722040Z   liblapack3 liblilv-0-0 libmbedcrypto7t64 libmp3lame0 libmpg123-0t64
2026-10-06T13:12:51.9723120Z   libmysofa1 libopenal-data libopenal1 libopenmpt0t64 libopus0 libplacebo338
2026-10-06T13:12:51.9724216Z   libpocketsphinx3 libpostproc57 libpulse0 librav1e0 libraw1394-11 librist4
2026-10-06T13:12:51.9725609Z   librsvg2-2 librubberband2 libsamplerate0 libsdl2-2.0-0 libserd-0-0 libshine3
2026-10-06T13:12:51.9732503Z   libsndfile1 libsndio7.0 libsord-0-0 libsoxr0 libspeex1 libsphinxbase3t64
2026-10-06T13:12:51.9733220Z   libsratom-0-0 libsrt1.5-gnutls libssh-gcrypt-4 libsvtav1enc1d1
2026-10-06T13:12:51.9734178Z   libswresample4 libswscale7 libtheora0 libtwolame0 libudfread0 libunibreak5
2026-10-06T13:12:51.9734833Z   libva-drm2 libva-x11-2 libva2 libvdpau1 libvidstab1.1 libvorbisenc2 libvpl2
2026-10-06T13:12:51.9735675Z   libvpx9 libx264-164 libx265-199 libxcb-shape0 libxv1 libxvidcore4 libzimg2
2026-10-06T13:12:51.9736181Z   libzix-0-0 libzvbi-common libzvbi0t64 ocl-icd-libopencl1
2026-10-06T13:12:51.9921963Z 0 upgraded, 87 newly installed, 0 to remove and 28 not upgraded.
2026-10-06T13:12:51.9922479Z Need to get 62.8 MB of archives.
2026-10-06T13:12:51.9922931Z After this operation, 173 MB of additional disk space will be used.
2026-10-06T13:12:51.9923458Z Get:1 file:/etc/apt/apt-mirrors.txt Mirrorlist [144 B]
2026-10-06T13:12:52.0784575Z Get:2 http://azure.archive.ubuntu.com/ubuntu noble-updates/universe amd64 libva2 amd64 2.20.0-2ubuntu0.2 [66.4 kB]
2026-10-06T13:12:52.1594991Z Get:3 http://azure.archive.ubuntu.com/ubuntu noble-updates/universe amd64 libva-drm2 amd64 2.20.0-2ubuntu0.2 [7124 B]
2026-10-06T13:12:52.2316691Z Get:4 http://azure.archive.ubuntu.com/ubuntu noble-updates/universe amd64 libva-x11-2 amd64 2.20.0-2ubuntu0.2 [12.0 kB]
2026-10-06T13:12:52.3039209Z Get:5 http://azure.archive.ubuntu.com/ubuntu noble/main amd64 libvdpau1 amd64 1.5-2build1 [27.8 kB]
2026-10-06T13:12:52.3792248Z Get:6 http://azure.archive.ubuntu.com/ubuntu noble/universe amd64 libvpl2 amd64 2023.3.0-1build1 [99.8 kB]
2026-10-06T13:12:52.4657547Z Get:7 http://azure.archive.ubuntu.com/ubuntu noble/universe amd64 ocl-icd-libopencl1 amd64 2.3.2-1build1 [38.5 kB]
2026-10-06T13:12:52.5428285Z Get:8 http://azure.archive.ubuntu.com/ubuntu noble/universe amd64 libavutil58 amd64 7:6.1.1-3ubuntu5 [401 kB]
2026-10-06T13:12:52.6770068Z Get:9 http://azure.archive.ubuntu.com/ubuntu noble/universe amd64 libcodec2-1.2 amd64 1.2.0-2build1 [8998 kB]
2026-10-06T13:12:53.1115602Z Get:10 http://azure.archive.ubuntu.com/ubuntu noble/universe amd64 libdav1d7 amd64 1.4.1-1build1 [604 kB]
2026-10-06T13:12:53.1888157Z Get:11 http://azure.archive.ubuntu.com/ubuntu noble/universe amd64 libgsm1 amd64 1.0.22-1build1 [27.8 kB]
2026-10-06T13:12:53.2614992Z Get:12 http://azure.archive.ubuntu.com/ubuntu noble/universe amd64 libhwy1t64 amd64 1.0.7-8.1build1 [584 kB]
2026-10-06T13:12:53.3374402Z Get:13 http://azure.archive.ubuntu.com/ubuntu noble-updates/universe amd64 libjxl0.7 amd64 0.7.0-10.2ubuntu6.1 [1001 kB]
2026-10-06T13:12:53.4168972Z Get:14 http://azure.archive.ubuntu.com/ubuntu noble/main amd64 libmp3lame0 amd64 3.100-6build1 [142 kB]
2026-10-06T13:12:53.4897169Z Get:15 http://azure.archive.ubuntu.com/ubuntu noble/main amd64 libopus0 amd64 1.4-1build1 [208 kB]
2026-10-06T13:12:53.5630453Z Get:16 http://azure.archive.ubuntu.com/ubuntu noble/universe amd64 librav1e0 amd64 0.7.1-2 [1022 kB]
2026-10-06T13:12:53.6456011Z Get:17 http://azure.archive.ubuntu.com/ubuntu noble/main amd64 librsvg2-2 amd64 2.58.0+dfsg-1build1 [2135 kB]
2026-10-06T13:12:53.7337635Z Get:18 http://azure.archive.ubuntu.com/ubuntu noble/universe amd64 libshine3 amd64 3.1.1-2build1 [23.2 kB]
2026-10-06T13:12:53.8103051Z Get:19 http://azure.archive.ubuntu.com/ubuntu noble-updates/main amd64 libspeex1 amd64 1.2.1-2ubuntu2.24.04.1 [59.6 kB]
2026-10-06T13:12:53.8839806Z Get:20 http://azure.archive.ubuntu.com/ubuntu noble/universe amd64 libsvtav1enc1d1 amd64 1.7.0+dfsg-2build1 [2425 kB]
2026-10-06T13:12:54.0120841Z Get:21 http://azure.archive.ubuntu.com/ubuntu noble/universe amd64 libsoxr0 amd64 0.1.3-4build3 [80.0 kB]
2026-10-06T13:12:54.0861159Z Get:22 http://azure.archive.ubuntu.com/ubuntu noble/universe amd64 libswresample4 amd64 7:6.1.1-3ubuntu5 [63.8 kB]
2026-10-06T13:12:54.1597164Z Get:23 http://azure.archive.ubuntu.com/ubuntu noble/main amd64 libtheora0 amd64 1.1.1+dfsg.1-16.1build3 [211 kB]
2026-10-06T13:12:54.2364361Z Get:24 http://azure.archive.ubuntu.com/ubuntu noble/main amd64 libtwolame0 amd64 0.4.0-2build3 [52.3 kB]
2026-10-06T13:12:54.3099516Z Get:25 http://azure.archive.ubuntu.com/ubuntu noble/main amd64 libvorbisenc2 amd64 1.3.7-1build3 [80.8 kB]
2026-10-06T13:12:54.3842038Z Get:26 http://azure.archive.ubuntu.com/ubuntu noble-updates/main amd64 libvpx9 amd64 1.14.0-1ubuntu2.3 [1143 kB]
2026-10-06T13:12:54.4826974Z Get:27 http://azure.archive.ubuntu.com/ubuntu noble/universe amd64 libx264-164 amd64 2:0.164.3108+git31e19f9-1 [604 kB]
2026-10-06T13:12:54.5689592Z Get:28 http://azure.archive.ubuntu.com/ubuntu noble/universe amd64 libx265-199 amd64 3.5-2build1 [1226 kB]
2026-10-06T13:12:54.6697735Z Get:29 http://azure.archive.ubuntu.com/ubuntu noble/universe amd64 libxvidcore4 amd64 2:1.3.7-1build1 [219 kB]
2026-10-06T13:12:54.7466666Z Get:30 http://azure.archive.ubuntu.com/ubuntu noble/universe amd64 libzvbi-common all 0.2.42-2 [42.4 kB]
2026-10-06T13:12:54.8198952Z Get:31 http://azure.archive.ubuntu.com/ubuntu noble/universe amd64 libzvbi0t64 amd64 0.2.42-2 [261 kB]
2026-10-06T13:12:54.8981206Z Get:32 http://azure.archive.ubuntu.com/ubuntu noble/universe amd64 libavcodec60 amd64 7:6.1.1-3ubuntu5 [5851 kB]
2026-10-06T13:12:55.2187153Z Get:33 http://azure.archive.ubuntu.com/ubuntu noble/main amd64 libraw1394-11 amd64 2.1.2-2build3 [26.2 kB]
2026-10-06T13:12:55.2916736Z Get:34 http://azure.archive.ubuntu.com/ubuntu noble/main amd64 libavc1394-0 amd64 0.5.4-5build3 [15.4 kB]
2026-10-06T13:12:55.3646759Z Get:35 http://azure.archive.ubuntu.com/ubuntu noble/universe amd64 libunibreak5 amd64 5.1-2build1 [25.0 kB]
2026-10-06T13:12:55.4376774Z Get:36 http://azure.archive.ubuntu.com/ubuntu noble/universe amd64 libass9 amd64 1:0.17.1-2build1 [104 kB]
2026-10-06T13:12:55.5120189Z Get:37 http://azure.archive.ubuntu.com/ubuntu noble/universe amd64 libudfread0 amd64 1.1.2-1build1 [19.0 kB]
2026-10-06T13:12:55.5849654Z Get:38 http://azure.archive.ubuntu.com/ubuntu noble/universe amd64 libbluray2 amd64 1:1.3.4-1build1 [159 kB]
2026-10-06T13:12:55.6609463Z Get:39 http://azure.archive.ubuntu.com/ubuntu noble/universe amd64 libchromaprint1 amd64 1.5.1-5 [30.5 kB]
2026-10-06T13:12:55.7337230Z Get:40 http://azure.archive.ubuntu.com/ubuntu noble/universe amd64 libgme0 amd64 0.6.3-7build1 [134 kB]
2026-10-06T13:12:55.8084850Z Get:41 http://azure.archive.ubuntu.com/ubuntu noble-updates/main amd64 libmpg123-0t64 amd64 1.32.5-1ubuntu1.1 [169 kB]
2026-10-06T13:12:55.8842561Z Get:42 http://azure.archive.ubuntu.com/ubuntu noble/universe amd64 libopenmpt0t64 amd64 0.7.3-1.1build3 [647 kB]
2026-10-06T13:12:55.9710089Z Get:43 http://azure.archive.ubuntu.com/ubuntu noble/universe amd64 libcjson1 amd64 1.7.17-1 [24.8 kB]
2026-10-06T13:12:56.0448974Z Get:44 http://azure.archive.ubuntu.com/ubuntu noble/universe amd64 libmbedcrypto7t64 amd64 2.28.8-1 [209 kB]
2026-10-06T13:12:56.1208835Z Get:45 http://azure.archive.ubuntu.com/ubuntu noble/universe amd64 librist4 amd64 0.2.10+dfsg-2 [74.9 kB]
2026-10-06T13:12:56.1943857Z Get:46 http://azure.archive.ubuntu.com/ubuntu noble/universe amd64 libsrt1.5-gnutls amd64 1.5.3-1build2 [316 kB]
2026-10-06T13:12:56.2736713Z Get:47 http://azure.archive.ubuntu.com/ubuntu noble-updates/main amd64 libssh-gcrypt-4 amd64 0.10.6-2ubuntu0.5 [226 kB]
2026-10-06T13:12:56.3507047Z Get:48 http://azure.archive.ubuntu.com/ubuntu noble/universe amd64 libavformat60 amd64 7:6.1.1-3ubuntu5 [1153 kB]
2026-10-06T13:12:56.4554099Z Get:49 http://azure.archive.ubuntu.com/ubuntu noble/universe amd64 libbs2b0 amd64 3.1.0+dfsg-7build1 [10.6 kB]
2026-10-06T13:12:56.5281606Z Get:50 http://azure.archive.ubuntu.com/ubuntu noble/universe amd64 libflite1 amd64 2.2-6build3 [13.6 MB]
2026-10-06T13:12:56.9147583Z Get:51 http://azure.archive.ubuntu.com/ubuntu noble/universe amd64 libserd-0-0 amd64 0.32.2-1 [43.6 kB]
2026-10-06T13:12:56.9874743Z Get:52 http://azure.archive.ubuntu.com/ubuntu noble/universe amd64 libzix-0-0 amd64 0.4.2-2build1 [23.6 kB]
2026-10-06T13:12:57.0604499Z Get:53 http://azure.archive.ubuntu.com/ubuntu noble/universe amd64 libsord-0-0 amd64 0.16.16-2build1 [15.8 kB]
2026-10-06T13:12:57.1332333Z Get:54 http://azure.archive.ubuntu.com/ubuntu noble/universe amd64 libsratom-0-0 amd64 0.6.16-1build1 [17.3 kB]
2026-10-06T13:12:57.2059908Z Get:55 http://azure.archive.ubuntu.com/ubuntu noble/universe amd64 liblilv-0-0 amd64 0.24.22-1build1 [41.0 kB]
2026-10-06T13:12:57.2787780Z Get:56 http://azure.archive.ubuntu.com/ubuntu noble/universe amd64 libmysofa1 amd64 1.3.2+dfsg-2ubuntu2 [1158 kB]
2026-10-06T13:12:57.3775843Z Get:57 http://azure.archive.ubuntu.com/ubuntu noble/universe amd64 libplacebo338 amd64 6.338.2-2build1 [2654 kB]
2026-10-06T13:12:57.5103614Z Get:58 http://azure.archive.ubuntu.com/ubuntu noble-updates/main amd64 libblas3 amd64 3.12.0-3build1.1 [238 kB]
2026-10-06T13:12:57.5877501Z Get:59 http://azure.archive.ubuntu.com/ubuntu noble-updates/main amd64 liblapack3 amd64 3.12.0-3build1.1 [2646 kB]
2026-10-06T13:12:57.7198964Z Get:60 http://azure.archive.ubuntu.com/ubuntu noble/main amd64 libasyncns0 amd64 0.8-6build4 [11.3 kB]
2026-10-06T13:12:57.7914672Z Get:61 http://azure.archive.ubuntu.com/ubuntu noble/main amd64 libflac12t64 amd64 1.4.3+ds-2.1ubuntu2 [197 kB]
2026-10-06T13:12:57.8648062Z Get:62 http://azure.archive.ubuntu.com/ubuntu noble-updates/main amd64 libsndfile1 amd64 1.2.2-1ubuntu5.24.04.1 [209 kB]
2026-10-06T13:12:57.9378238Z Get:63 http://azure.archive.ubuntu.com/ubuntu noble-updates/main amd64 libpulse0 amd64 1:16.1+dfsg1-2ubuntu10.1 [292 kB]
2026-10-06T13:12:58.0111612Z Get:64 http://azure.archive.ubuntu.com/ubuntu noble/universe amd64 libsphinxbase3t64 amd64 0.8+5prealpha+1-17build2 [126 kB]
2026-10-06T13:12:58.0886764Z Get:65 http://azure.archive.ubuntu.com/ubuntu noble/universe amd64 libpocketsphinx3 amd64 0.8.0+real5prealpha+1-15ubuntu5 [133 kB]
2026-10-06T13:12:58.1615502Z Get:66 http://azure.archive.ubuntu.com/ubuntu noble/universe amd64 libpostproc57 amd64 7:6.1.1-3ubuntu5 [49.9 kB]
2026-10-06T13:12:58.2341827Z Get:67 http://azure.archive.ubuntu.com/ubuntu noble/main amd64 libsamplerate0 amd64 0.2.2-4build1 [1344 kB]
2026-10-06T13:12:58.3168467Z Get:68 http://azure.archive.ubuntu.com/ubuntu noble/universe amd64 librubberband2 amd64 3.3.0+dfsg-2build1 [130 kB]
2026-10-06T13:12:58.3894715Z Get:69 http://azure.archive.ubuntu.com/ubuntu noble/universe amd64 libswscale7 amd64 7:6.1.1-3ubuntu5 [193 kB]
2026-10-06T13:12:58.4624347Z Get:70 http://azure.archive.ubuntu.com/ubuntu noble/universe amd64 libvidstab1.1 amd64 1.1.0-2build1 [38.5 kB]
2026-10-06T13:12:58.5343246Z Get:71 http://azure.archive.ubuntu.com/ubuntu noble/universe amd64 libzimg2 amd64 3.0.5+ds1-1build1 [254 kB]
2026-10-06T13:12:58.6076171Z Get:72 http://azure.archive.ubuntu.com/ubuntu noble/universe amd64 libavfilter9 amd64 7:6.1.1-3ubuntu5 [4235 kB]
2026-10-06T13:12:58.7603536Z Get:73 http://azure.archive.ubuntu.com/ubuntu noble-updates/main amd64 libcaca0 amd64 0.99.beta20-4ubuntu0.2 [209 kB]
2026-10-06T13:12:58.8335886Z Get:74 http://azure.archive.ubuntu.com/ubuntu noble-updates/main amd64 libcdio19t64 amd64 2.1.0-4.1ubuntu1.2 [62.4 kB]
2026-10-06T13:12:58.9083784Z Get:75 http://azure.archive.ubuntu.com/ubuntu noble/main amd64 libcdio-cdda2t64 amd64 10.2+2.0.1-1.1build2 [16.5 kB]
2026-10-06T13:12:58.9801270Z Get:76 http://azure.archive.ubuntu.com/ubuntu noble/main amd64 libcdio-paranoia2t64 amd64 10.2+2.0.1-1.1build2 [16.6 kB]
2026-10-06T13:12:59.0526362Z Get:77 http://azure.archive.ubuntu.com/ubuntu noble/universe amd64 libdc1394-25 amd64 2.2.6-4build1 [90.1 kB]
2026-10-06T13:12:59.1254412Z Get:78 http://azure.archive.ubuntu.com/ubuntu noble/main amd64 libiec61883-0 amd64 1.2.0-6build1 [24.5 kB]
2026-10-06T13:12:59.1979919Z Get:79 http://azure.archive.ubuntu.com/ubuntu noble/main amd64 libjack-jackd2-0 amd64 1.9.21~dfsg-3ubuntu3 [289 kB]
2026-10-06T13:12:59.2750701Z Get:80 http://azure.archive.ubuntu.com/ubuntu noble/universe amd64 libopenal-data all 1:1.23.1-4build1 [161 kB]
2026-10-06T13:12:59.3482960Z Get:81 http://azure.archive.ubuntu.com/ubuntu noble/universe amd64 libsndio7.0 amd64 1.9.0-0.3build3 [29.6 kB]
2026-10-06T13:12:59.4208273Z Get:82 http://azure.archive.ubuntu.com/ubuntu noble/universe amd64 libopenal1 amd64 1:1.23.1-4build1 [540 kB]
2026-10-06T13:12:59.5043553Z Get:83 http://azure.archive.ubuntu.com/ubuntu noble/main amd64 libdecor-0-0 amd64 0.2.2-1build2 [16.5 kB]
2026-10-06T13:12:59.5779271Z Get:84 http://azure.archive.ubuntu.com/ubuntu noble-updates/main amd64 libsdl2-2.0-0 amd64 2.30.0+dfsg-1ubuntu3.1 [686 kB]
2026-10-06T13:12:59.6650023Z Get:85 http://azure.archive.ubuntu.com/ubuntu noble/main amd64 libxcb-shape0 amd64 1.15-1ubuntu2 [6100 B]
2026-10-06T13:12:59.7372203Z Get:86 http://azure.archive.ubuntu.com/ubuntu noble/main amd64 libxv1 amd64 2:1.0.11-1.1build1 [10.7 kB]
2026-10-06T13:12:59.8095586Z Get:87 http://azure.archive.ubuntu.com/ubuntu noble/universe amd64 libavdevice60 amd64 7:6.1.1-3ubuntu5 [82.3 kB]
2026-10-06T13:12:59.8823686Z Get:88 http://azure.archive.ubuntu.com/ubuntu noble/universe amd64 ffmpeg amd64 7:6.1.1-3ubuntu5 [1879 kB]
2026-10-06T13:13:00.2337559Z Fetched 62.8 MB in 8s (7911 kB/s)
2026-10-06T13:13:00.2574510Z Selecting previously unselected package libva2:amd64.
2026-10-06T13:13:00.2828241Z (Reading database ... 
2026-10-06T13:13:00.2828751Z (Reading database ... 5%
2026-10-06T13:13:00.2829077Z (Reading database ... 10%
2026-10-06T13:13:00.2829375Z (Reading database ... 15%
2026-10-06T13:13:00.2829684Z (Reading database ... 20%
2026-10-06T13:13:00.2830218Z (Reading database ... 25%
2026-10-06T13:13:00.2830615Z (Reading database ... 30%
2026-10-06T13:13:00.2830887Z (Reading database ... 35%
2026-10-06T13:13:00.2831157Z (Reading database ... 40%
2026-10-06T13:13:00.2831432Z (Reading database ... 45%
2026-10-06T13:13:00.2831711Z (Reading database ... 50%
2026-10-06T13:13:00.2863226Z (Reading database ... 55%
2026-10-06T13:13:00.3984763Z (Reading database ... 60%
2026-10-06T13:13:00.6165691Z (Reading database ... 65%
2026-10-06T13:13:00.7989019Z (Reading database ... 70%
2026-10-06T13:13:01.0008323Z (Reading database ... 75%
2026-10-06T13:13:01.1426524Z (Reading database ... 80%
2026-10-06T13:13:01.3479016Z (Reading database ... 85%
2026-10-06T13:13:01.5571312Z (Reading database ... 90%
2026-10-06T13:13:01.7077930Z (Reading database ... 95%
2026-10-06T13:13:01.7078593Z (Reading database ... 100%
2026-10-06T13:13:01.7079577Z (Reading database ... 202296 files and directories currently installed.)
2026-10-06T13:13:01.7122078Z Preparing to unpack .../00-libva2_2.20.0-2ubuntu0.2_amd64.deb ...
2026-10-06T13:13:01.7158696Z Unpacking libva2:amd64 (2.20.0-2ubuntu0.2) ...
2026-10-06T13:13:01.7402722Z Selecting previously unselected package libva-drm2:amd64.
2026-10-06T13:13:01.7546703Z Preparing to unpack .../01-libva-drm2_2.20.0-2ubuntu0.2_amd64.deb ...
2026-10-06T13:13:01.7555873Z Unpacking libva-drm2:amd64 (2.20.0-2ubuntu0.2) ...
2026-10-06T13:13:01.7769069Z Selecting previously unselected package libva-x11-2:amd64.
2026-10-06T13:13:01.7891688Z Preparing to unpack .../02-libva-x11-2_2.20.0-2ubuntu0.2_amd64.deb ...
2026-10-06T13:13:01.7906507Z Unpacking libva-x11-2:amd64 (2.20.0-2ubuntu0.2) ...
2026-10-06T13:13:01.8114055Z Selecting previously unselected package libvdpau1:amd64.
2026-10-06T13:13:01.8236349Z Preparing to unpack .../03-libvdpau1_1.5-2build1_amd64.deb ...
2026-10-06T13:13:01.8244899Z Unpacking libvdpau1:amd64 (1.5-2build1) ...
2026-10-06T13:13:01.8446887Z Selecting previously unselected package libvpl2.
2026-10-06T13:13:01.8567537Z Preparing to unpack .../04-libvpl2_2023.3.0-1build1_amd64.deb ...
2026-10-06T13:13:01.8574948Z Unpacking libvpl2 (2023.3.0-1build1) ...
2026-10-06T13:13:01.8782822Z Selecting previously unselected package ocl-icd-libopencl1:amd64.
2026-10-06T13:13:01.8904046Z Preparing to unpack .../05-ocl-icd-libopencl1_2.3.2-1build1_amd64.deb ...
2026-10-06T13:13:01.8911039Z Unpacking ocl-icd-libopencl1:amd64 (2.3.2-1build1) ...
2026-10-06T13:13:01.9140195Z Selecting previously unselected package libavutil58:amd64.
2026-10-06T13:13:01.9260707Z Preparing to unpack .../06-libavutil58_7%3a6.1.1-3ubuntu5_amd64.deb ...
2026-10-06T13:13:01.9267729Z Unpacking libavutil58:amd64 (7:6.1.1-3ubuntu5) ...
2026-10-06T13:13:01.9529780Z Selecting previously unselected package libcodec2-1.2:amd64.
2026-10-06T13:13:01.9649557Z Preparing to unpack .../07-libcodec2-1.2_1.2.0-2build1_amd64.deb ...
2026-10-06T13:13:01.9656760Z Unpacking libcodec2-1.2:amd64 (1.2.0-2build1) ...
2026-10-06T13:13:02.0374028Z Selecting previously unselected package libdav1d7:amd64.
2026-10-06T13:13:02.0497277Z Preparing to unpack .../08-libdav1d7_1.4.1-1build1_amd64.deb ...
2026-10-06T13:13:02.0508829Z Unpacking libdav1d7:amd64 (1.4.1-1build1) ...
2026-10-06T13:13:02.0820859Z Selecting previously unselected package libgsm1:amd64.
2026-10-06T13:13:02.0942840Z Preparing to unpack .../09-libgsm1_1.0.22-1build1_amd64.deb ...
2026-10-06T13:13:02.0951524Z Unpacking libgsm1:amd64 (1.0.22-1build1) ...
2026-10-06T13:13:02.1153582Z Selecting previously unselected package libhwy1t64:amd64.
2026-10-06T13:13:02.1274840Z Preparing to unpack .../10-libhwy1t64_1.0.7-8.1build1_amd64.deb ...
2026-10-06T13:13:02.1281838Z Unpacking libhwy1t64:amd64 (1.0.7-8.1build1) ...
2026-10-06T13:13:02.1584007Z Selecting previously unselected package libjxl0.7:amd64.
2026-10-06T13:13:02.1706018Z Preparing to unpack .../11-libjxl0.7_0.7.0-10.2ubuntu6.1_amd64.deb ...
2026-10-06T13:13:02.1713706Z Unpacking libjxl0.7:amd64 (0.7.0-10.2ubuntu6.1) ...
2026-10-06T13:13:02.2038146Z Selecting previously unselected package libmp3lame0:amd64.
2026-10-06T13:13:02.2158889Z Preparing to unpack .../12-libmp3lame0_3.100-6build1_amd64.deb ...
2026-10-06T13:13:02.2165383Z Unpacking libmp3lame0:amd64 (3.100-6build1) ...
2026-10-06T13:13:02.2368572Z Selecting previously unselected package libopus0:amd64.
2026-10-06T13:13:02.2489481Z Preparing to unpack .../13-libopus0_1.4-1build1_amd64.deb ...
2026-10-06T13:13:02.2496710Z Unpacking libopus0:amd64 (1.4-1build1) ...
2026-10-06T13:13:02.2703529Z Selecting previously unselected package librav1e0:amd64.
2026-10-06T13:13:02.2823151Z Preparing to unpack .../14-librav1e0_0.7.1-2_amd64.deb ...
2026-10-06T13:13:02.2830706Z Unpacking librav1e0:amd64 (0.7.1-2) ...
2026-10-06T13:13:02.3140637Z Selecting previously unselected package librsvg2-2:amd64.
2026-10-06T13:13:02.3261731Z Preparing to unpack .../15-librsvg2-2_2.58.0+dfsg-1build1_amd64.deb ...
2026-10-06T13:13:02.3270028Z Unpacking librsvg2-2:amd64 (2.58.0+dfsg-1build1) ...
2026-10-06T13:13:02.3714198Z Selecting previously unselected package libshine3:amd64.
2026-10-06T13:13:02.3836162Z Preparing to unpack .../16-libshine3_3.1.1-2build1_amd64.deb ...
2026-10-06T13:13:02.3846168Z Unpacking libshine3:amd64 (3.1.1-2build1) ...
2026-10-06T13:13:02.4033918Z Selecting previously unselected package libspeex1:amd64.
2026-10-06T13:13:02.4155656Z Preparing to unpack .../17-libspeex1_1.2.1-2ubuntu2.24.04.1_amd64.deb ...
2026-10-06T13:13:02.4163864Z Unpacking libspeex1:amd64 (1.2.1-2ubuntu2.24.04.1) ...
2026-10-06T13:13:02.4363345Z Selecting previously unselected package libsvtav1enc1d1:amd64.
2026-10-06T13:13:02.4486432Z Preparing to unpack .../18-libsvtav1enc1d1_1.7.0+dfsg-2build1_amd64.deb ...
2026-10-06T13:13:02.4494568Z Unpacking libsvtav1enc1d1:amd64 (1.7.0+dfsg-2build1) ...
2026-10-06T13:13:02.4961078Z Selecting previously unselected package libsoxr0:amd64.
2026-10-06T13:13:02.5084774Z Preparing to unpack .../19-libsoxr0_0.1.3-4build3_amd64.deb ...
2026-10-06T13:13:02.5092073Z Unpacking libsoxr0:amd64 (0.1.3-4build3) ...
2026-10-06T13:13:02.5294618Z Selecting previously unselected package libswresample4:amd64.
2026-10-06T13:13:02.5416037Z Preparing to unpack .../20-libswresample4_7%3a6.1.1-3ubuntu5_amd64.deb ...
2026-10-06T13:13:02.5423514Z Unpacking libswresample4:amd64 (7:6.1.1-3ubuntu5) ...
2026-10-06T13:13:02.5638132Z Selecting previously unselected package libtheora0:amd64.
2026-10-06T13:13:02.5762657Z Preparing to unpack .../21-libtheora0_1.1.1+dfsg.1-16.1build3_amd64.deb ...
2026-10-06T13:13:02.5771044Z Unpacking libtheora0:amd64 (1.1.1+dfsg.1-16.1build3) ...
2026-10-06T13:13:02.6000708Z Selecting previously unselected package libtwolame0:amd64.
2026-10-06T13:13:02.6121382Z Preparing to unpack .../22-libtwolame0_0.4.0-2build3_amd64.deb ...
2026-10-06T13:13:02.6128525Z Unpacking libtwolame0:amd64 (0.4.0-2build3) ...
2026-10-06T13:13:02.6325457Z Selecting previously unselected package libvorbisenc2:amd64.
2026-10-06T13:13:02.6445751Z Preparing to unpack .../23-libvorbisenc2_1.3.7-1build3_amd64.deb ...
2026-10-06T13:13:02.6452328Z Unpacking libvorbisenc2:amd64 (1.3.7-1build3) ...
2026-10-06T13:13:02.6662908Z Selecting previously unselected package libvpx9:amd64.
2026-10-06T13:13:02.6781991Z Preparing to unpack .../24-libvpx9_1.14.0-1ubuntu2.3_amd64.deb ...
2026-10-06T13:13:02.6788780Z Unpacking libvpx9:amd64 (1.14.0-1ubuntu2.3) ...
2026-10-06T13:13:02.7095943Z Selecting previously unselected package libx264-164:amd64.
2026-10-06T13:13:02.7214544Z Preparing to unpack .../25-libx264-164_2%3a0.164.3108+git31e19f9-1_amd64.deb ...
2026-10-06T13:13:02.7221503Z Unpacking libx264-164:amd64 (2:0.164.3108+git31e19f9-1) ...
2026-10-06T13:13:02.7491131Z Selecting previously unselected package libx265-199:amd64.
2026-10-06T13:13:02.7610891Z Preparing to unpack .../26-libx265-199_3.5-2build1_amd64.deb ...
2026-10-06T13:13:02.7617561Z Unpacking libx265-199:amd64 (3.5-2build1) ...
2026-10-06T13:13:02.8286243Z Selecting previously unselected package libxvidcore4:amd64.
2026-10-06T13:13:02.8408227Z Preparing to unpack .../27-libxvidcore4_2%3a1.3.7-1build1_amd64.deb ...
2026-10-06T13:13:02.8415320Z Unpacking libxvidcore4:amd64 (2:1.3.7-1build1) ...
2026-10-06T13:13:02.8625637Z Selecting previously unselected package libzvbi-common.
2026-10-06T13:13:02.8746652Z Preparing to unpack .../28-libzvbi-common_0.2.42-2_all.deb ...
2026-10-06T13:13:02.8752935Z Unpacking libzvbi-common (0.2.42-2) ...
2026-10-06T13:13:02.9015569Z Selecting previously unselected package libzvbi0t64:amd64.
2026-10-06T13:13:02.9135759Z Preparing to unpack .../29-libzvbi0t64_0.2.42-2_amd64.deb ...
2026-10-06T13:13:02.9142805Z Unpacking libzvbi0t64:amd64 (0.2.42-2) ...
2026-10-06T13:13:02.9363559Z Selecting previously unselected package libavcodec60:amd64.
2026-10-06T13:13:02.9482803Z Preparing to unpack .../30-libavcodec60_7%3a6.1.1-3ubuntu5_amd64.deb ...
2026-10-06T13:13:02.9489352Z Unpacking libavcodec60:amd64 (7:6.1.1-3ubuntu5) ...
2026-10-06T13:13:03.0284679Z Selecting previously unselected package libraw1394-11:amd64.
2026-10-06T13:13:03.0407857Z Preparing to unpack .../31-libraw1394-11_2.1.2-2build3_amd64.deb ...
2026-10-06T13:13:03.0414303Z Unpacking libraw1394-11:amd64 (2.1.2-2build3) ...
2026-10-06T13:13:03.0607549Z Selecting previously unselected package libavc1394-0:amd64.
2026-10-06T13:13:03.0731288Z Preparing to unpack .../32-libavc1394-0_0.5.4-5build3_amd64.deb ...
2026-10-06T13:13:03.0741634Z Unpacking libavc1394-0:amd64 (0.5.4-5build3) ...
2026-10-06T13:13:03.0937052Z Selecting previously unselected package libunibreak5:amd64.
2026-10-06T13:13:03.1057749Z Preparing to unpack .../33-libunibreak5_5.1-2build1_amd64.deb ...
2026-10-06T13:13:03.1065317Z Unpacking libunibreak5:amd64 (5.1-2build1) ...
2026-10-06T13:13:03.1262890Z Selecting previously unselected package libass9:amd64.
2026-10-06T13:13:03.1384621Z Preparing to unpack .../34-libass9_1%3a0.17.1-2build1_amd64.deb ...
2026-10-06T13:13:03.1394507Z Unpacking libass9:amd64 (1:0.17.1-2build1) ...
2026-10-06T13:13:03.1597490Z Selecting previously unselected package libudfread0:amd64.
2026-10-06T13:13:03.1719455Z Preparing to unpack .../35-libudfread0_1.1.2-1build1_amd64.deb ...
2026-10-06T13:13:03.1729026Z Unpacking libudfread0:amd64 (1.1.2-1build1) ...
2026-10-06T13:13:03.1934399Z Selecting previously unselected package libbluray2:amd64.
2026-10-06T13:13:03.2057629Z Preparing to unpack .../36-libbluray2_1%3a1.3.4-1build1_amd64.deb ...
2026-10-06T13:13:03.2065168Z Unpacking libbluray2:amd64 (1:1.3.4-1build1) ...
2026-10-06T13:13:03.2275704Z Selecting previously unselected package libchromaprint1:amd64.
2026-10-06T13:13:03.2397967Z Preparing to unpack .../37-libchromaprint1_1.5.1-5_amd64.deb ...
2026-10-06T13:13:03.2405462Z Unpacking libchromaprint1:amd64 (1.5.1-5) ...
2026-10-06T13:13:03.2597421Z Selecting previously unselected package libgme0:amd64.
2026-10-06T13:13:03.2718392Z Preparing to unpack .../38-libgme0_0.6.3-7build1_amd64.deb ...
2026-10-06T13:13:03.2724830Z Unpacking libgme0:amd64 (0.6.3-7build1) ...
2026-10-06T13:13:03.2929188Z Selecting previously unselected package libmpg123-0t64:amd64.
2026-10-06T13:13:03.3049511Z Preparing to unpack .../39-libmpg123-0t64_1.32.5-1ubuntu1.1_amd64.deb ...
2026-10-06T13:13:03.3056901Z Unpacking libmpg123-0t64:amd64 (1.32.5-1ubuntu1.1) ...
2026-10-06T13:13:03.3286938Z Selecting previously unselected package libopenmpt0t64:amd64.
2026-10-06T13:13:03.3408076Z Preparing to unpack .../40-libopenmpt0t64_0.7.3-1.1build3_amd64.deb ...
2026-10-06T13:13:03.3414914Z Unpacking libopenmpt0t64:amd64 (0.7.3-1.1build3) ...
2026-10-06T13:13:03.3667212Z Selecting previously unselected package libcjson1:amd64.
2026-10-06T13:13:03.3786688Z Preparing to unpack .../41-libcjson1_1.7.17-1_amd64.deb ...
2026-10-06T13:13:03.3794096Z Unpacking libcjson1:amd64 (1.7.17-1) ...
2026-10-06T13:13:03.3987232Z Selecting previously unselected package libmbedcrypto7t64:amd64.
2026-10-06T13:13:03.4104914Z Preparing to unpack .../42-libmbedcrypto7t64_2.28.8-1_amd64.deb ...
2026-10-06T13:13:03.4112055Z Unpacking libmbedcrypto7t64:amd64 (2.28.8-1) ...
2026-10-06T13:13:03.4356927Z Selecting previously unselected package librist4:amd64.
2026-10-06T13:13:03.4475332Z Preparing to unpack .../43-librist4_0.2.10+dfsg-2_amd64.deb ...
2026-10-06T13:13:03.4482559Z Unpacking librist4:amd64 (0.2.10+dfsg-2) ...
2026-10-06T13:13:03.4674645Z Selecting previously unselected package libsrt1.5-gnutls:amd64.
2026-10-06T13:13:03.4795438Z Preparing to unpack .../44-libsrt1.5-gnutls_1.5.3-1build2_amd64.deb ...
2026-10-06T13:13:03.4802930Z Unpacking libsrt1.5-gnutls:amd64 (1.5.3-1build2) ...
2026-10-06T13:13:03.5049683Z Selecting previously unselected package libssh-gcrypt-4:amd64.
2026-10-06T13:13:03.5170948Z Preparing to unpack .../45-libssh-gcrypt-4_0.10.6-2ubuntu0.5_amd64.deb ...
2026-10-06T13:13:03.5178029Z Unpacking libssh-gcrypt-4:amd64 (0.10.6-2ubuntu0.5) ...
2026-10-06T13:13:03.5395346Z Selecting previously unselected package libavformat60:amd64.
2026-10-06T13:13:03.5514898Z Preparing to unpack .../46-libavformat60_7%3a6.1.1-3ubuntu5_amd64.deb ...
2026-10-06T13:13:03.5541987Z Unpacking libavformat60:amd64 (7:6.1.1-3ubuntu5) ...
2026-10-06T13:13:03.5837753Z Selecting previously unselected package libbs2b0:amd64.
2026-10-06T13:13:03.5957374Z Preparing to unpack .../47-libbs2b0_3.1.0+dfsg-7build1_amd64.deb ...
2026-10-06T13:13:03.5963925Z Unpacking libbs2b0:amd64 (3.1.0+dfsg-7build1) ...
2026-10-06T13:13:03.6176161Z Selecting previously unselected package libflite1:amd64.
2026-10-06T13:13:03.6295783Z Preparing to unpack .../48-libflite1_2.2-6build3_amd64.deb ...
2026-10-06T13:13:03.6302769Z Unpacking libflite1:amd64 (2.2-6build3) ...
2026-10-06T13:13:03.7327698Z Selecting previously unselected package libserd-0-0:amd64.
2026-10-06T13:13:03.7451429Z Preparing to unpack .../49-libserd-0-0_0.32.2-1_amd64.deb ...
2026-10-06T13:13:03.7459706Z Unpacking libserd-0-0:amd64 (0.32.2-1) ...
2026-10-06T13:13:03.7654604Z Selecting previously unselected package libzix-0-0:amd64.
2026-10-06T13:13:03.7777386Z Preparing to unpack .../50-libzix-0-0_0.4.2-2build1_amd64.deb ...
2026-10-06T13:13:03.7783565Z Unpacking libzix-0-0:amd64 (0.4.2-2build1) ...
2026-10-06T13:13:03.7994749Z Selecting previously unselected package libsord-0-0:amd64.
2026-10-06T13:13:03.8117180Z Preparing to unpack .../51-libsord-0-0_0.16.16-2build1_amd64.deb ...
2026-10-06T13:13:03.8123065Z Unpacking libsord-0-0:amd64 (0.16.16-2build1) ...
2026-10-06T13:13:03.8312086Z Selecting previously unselected package libsratom-0-0:amd64.
2026-10-06T13:13:03.8431520Z Preparing to unpack .../52-libsratom-0-0_0.6.16-1build1_amd64.deb ...
2026-10-06T13:13:03.8439043Z Unpacking libsratom-0-0:amd64 (0.6.16-1build1) ...
2026-10-06T13:13:03.8629707Z Selecting previously unselected package liblilv-0-0:amd64.
2026-10-06T13:13:03.8747916Z Preparing to unpack .../53-liblilv-0-0_0.24.22-1build1_amd64.deb ...
2026-10-06T13:13:03.8755189Z Unpacking liblilv-0-0:amd64 (0.24.22-1build1) ...
2026-10-06T13:13:03.8943072Z Selecting previously unselected package libmysofa1:amd64.
2026-10-06T13:13:03.9060956Z Preparing to unpack .../54-libmysofa1_1.3.2+dfsg-2ubuntu2_amd64.deb ...
2026-10-06T13:13:03.9068650Z Unpacking libmysofa1:amd64 (1.3.2+dfsg-2ubuntu2) ...
2026-10-06T13:13:03.9326148Z Selecting previously unselected package libplacebo338:amd64.
2026-10-06T13:13:03.9444121Z Preparing to unpack .../55-libplacebo338_6.338.2-2build1_amd64.deb ...
2026-10-06T13:13:03.9451870Z Unpacking libplacebo338:amd64 (6.338.2-2build1) ...
2026-10-06T13:13:03.9967400Z Selecting previously unselected package libblas3:amd64.
2026-10-06T13:13:04.0090363Z Preparing to unpack .../56-libblas3_3.12.0-3build1.1_amd64.deb ...
2026-10-06T13:13:04.0121313Z Unpacking libblas3:amd64 (3.12.0-3build1.1) ...
2026-10-06T13:13:04.0351541Z Selecting previously unselected package liblapack3:amd64.
2026-10-06T13:13:04.0474609Z Preparing to unpack .../57-liblapack3_3.12.0-3build1.1_amd64.deb ...
2026-10-06T13:13:04.0501787Z Unpacking liblapack3:amd64 (3.12.0-3build1.1) ...
2026-10-06T13:13:04.0956747Z Selecting previously unselected package libasyncns0:amd64.
2026-10-06T13:13:04.1078847Z Preparing to unpack .../58-libasyncns0_0.8-6build4_amd64.deb ...
2026-10-06T13:13:04.1086401Z Unpacking libasyncns0:amd64 (0.8-6build4) ...
2026-10-06T13:13:04.1277130Z Selecting previously unselected package libflac12t64:amd64.
2026-10-06T13:13:04.1398635Z Preparing to unpack .../59-libflac12t64_1.4.3+ds-2.1ubuntu2_amd64.deb ...
2026-10-06T13:13:04.1406216Z Unpacking libflac12t64:amd64 (1.4.3+ds-2.1ubuntu2) ...
2026-10-06T13:13:04.1657173Z Selecting previously unselected package libsndfile1:amd64.
2026-10-06T13:13:04.1778349Z Preparing to unpack .../60-libsndfile1_1.2.2-1ubuntu5.24.04.1_amd64.deb ...
2026-10-06T13:13:04.1786656Z Unpacking libsndfile1:amd64 (1.2.2-1ubuntu5.24.04.1) ...
2026-10-06T13:13:04.2025497Z Selecting previously unselected package libpulse0:amd64.
2026-10-06T13:13:04.2146202Z Preparing to unpack .../61-libpulse0_1%3a16.1+dfsg1-2ubuntu10.1_amd64.deb ...
2026-10-06T13:13:04.2211399Z Unpacking libpulse0:amd64 (1:16.1+dfsg1-2ubuntu10.1) ...
2026-10-06T13:13:04.2445603Z Selecting previously unselected package libsphinxbase3t64:amd64.
2026-10-06T13:13:04.2567444Z Preparing to unpack .../62-libsphinxbase3t64_0.8+5prealpha+1-17build2_amd64.deb ...
2026-10-06T13:13:04.2574572Z Unpacking libsphinxbase3t64:amd64 (0.8+5prealpha+1-17build2) ...
2026-10-06T13:13:04.2823615Z Selecting previously unselected package libpocketsphinx3:amd64.
2026-10-06T13:13:04.2942361Z Preparing to unpack .../63-libpocketsphinx3_0.8.0+real5prealpha+1-15ubuntu5_amd64.deb ...
2026-10-06T13:13:04.2949737Z Unpacking libpocketsphinx3:amd64 (0.8.0+real5prealpha+1-15ubuntu5) ...
2026-10-06T13:13:04.3153498Z Selecting previously unselected package libpostproc57:amd64.
2026-10-06T13:13:04.3268858Z Preparing to unpack .../64-libpostproc57_7%3a6.1.1-3ubuntu5_amd64.deb ...
2026-10-06T13:13:04.3275947Z Unpacking libpostproc57:amd64 (7:6.1.1-3ubuntu5) ...
2026-10-06T13:13:04.3474385Z Selecting previously unselected package libsamplerate0:amd64.
2026-10-06T13:13:04.3589945Z Preparing to unpack .../65-libsamplerate0_0.2.2-4build1_amd64.deb ...
2026-10-06T13:13:04.3597550Z Unpacking libsamplerate0:amd64 (0.2.2-4build1) ...
2026-10-06T13:13:04.3840229Z Selecting previously unselected package librubberband2:amd64.
2026-10-06T13:13:04.3958078Z Preparing to unpack .../66-librubberband2_3.3.0+dfsg-2build1_amd64.deb ...
2026-10-06T13:13:04.3965505Z Unpacking librubberband2:amd64 (3.3.0+dfsg-2build1) ...
2026-10-06T13:13:04.4169843Z Selecting previously unselected package libswscale7:amd64.
2026-10-06T13:13:04.4285894Z Preparing to unpack .../67-libswscale7_7%3a6.1.1-3ubuntu5_amd64.deb ...
2026-10-06T13:13:04.4292644Z Unpacking libswscale7:amd64 (7:6.1.1-3ubuntu5) ...
2026-10-06T13:13:04.4506377Z Selecting previously unselected package libvidstab1.1:amd64.
2026-10-06T13:13:04.4621657Z Preparing to unpack .../68-libvidstab1.1_1.1.0-2build1_amd64.deb ...
2026-10-06T13:13:04.4628873Z Unpacking libvidstab1.1:amd64 (1.1.0-2build1) ...
2026-10-06T13:13:04.4825391Z Selecting previously unselected package libzimg2:amd64.
2026-10-06T13:13:04.4941043Z Preparing to unpack .../69-libzimg2_3.0.5+ds1-1build1_amd64.deb ...
2026-10-06T13:13:04.4949553Z Unpacking libzimg2:amd64 (3.0.5+ds1-1build1) ...
2026-10-06T13:13:04.5204608Z Selecting previously unselected package libavfilter9:amd64.
2026-10-06T13:13:04.5322085Z Preparing to unpack .../70-libavfilter9_7%3a6.1.1-3ubuntu5_amd64.deb ...
2026-10-06T13:13:04.5329373Z Unpacking libavfilter9:amd64 (7:6.1.1-3ubuntu5) ...
2026-10-06T13:13:04.5994003Z Selecting previously unselected package libcaca0:amd64.
2026-10-06T13:13:04.6117770Z Preparing to unpack .../71-libcaca0_0.99.beta20-4ubuntu0.2_amd64.deb ...
2026-10-06T13:13:04.6125274Z Unpacking libcaca0:amd64 (0.99.beta20-4ubuntu0.2) ...
2026-10-06T13:13:04.6357042Z Selecting previously unselected package libcdio19t64:amd64.
2026-10-06T13:13:04.6480021Z Preparing to unpack .../72-libcdio19t64_2.1.0-4.1ubuntu1.2_amd64.deb ...
2026-10-06T13:13:04.6488594Z Unpacking libcdio19t64:amd64 (2.1.0-4.1ubuntu1.2) ...
2026-10-06T13:13:04.6688499Z Selecting previously unselected package libcdio-cdda2t64:amd64.
2026-10-06T13:13:04.6809220Z Preparing to unpack .../73-libcdio-cdda2t64_10.2+2.0.1-1.1build2_amd64.deb ...
2026-10-06T13:13:04.6816793Z Unpacking libcdio-cdda2t64:amd64 (10.2+2.0.1-1.1build2) ...
2026-10-06T13:13:04.7008194Z Selecting previously unselected package libcdio-paranoia2t64:amd64.
2026-10-06T13:13:04.7129468Z Preparing to unpack .../74-libcdio-paranoia2t64_10.2+2.0.1-1.1build2_amd64.deb ...
2026-10-06T13:13:04.7137375Z Unpacking libcdio-paranoia2t64:amd64 (10.2+2.0.1-1.1build2) ...
2026-10-06T13:13:04.7331459Z Selecting previously unselected package libdc1394-25:amd64.
2026-10-06T13:13:04.7453142Z Preparing to unpack .../75-libdc1394-25_2.2.6-4build1_amd64.deb ...
2026-10-06T13:13:04.7461372Z Unpacking libdc1394-25:amd64 (2.2.6-4build1) ...
2026-10-06T13:13:04.7661978Z Selecting previously unselected package libiec61883-0:amd64.
2026-10-06T13:13:04.7781327Z Preparing to unpack .../76-libiec61883-0_1.2.0-6build1_amd64.deb ...
2026-10-06T13:13:04.7789415Z Unpacking libiec61883-0:amd64 (1.2.0-6build1) ...
2026-10-06T13:13:04.7980621Z Selecting previously unselected package libjack-jackd2-0:amd64.
2026-10-06T13:13:04.8100126Z Preparing to unpack .../77-libjack-jackd2-0_1.9.21~dfsg-3ubuntu3_amd64.deb ...
2026-10-06T13:13:04.8107560Z Unpacking libjack-jackd2-0:amd64 (1.9.21~dfsg-3ubuntu3) ...
2026-10-06T13:13:04.8341890Z Selecting previously unselected package libopenal-data.
2026-10-06T13:13:04.8461369Z Preparing to unpack .../78-libopenal-data_1%3a1.23.1-4build1_all.deb ...
2026-10-06T13:13:04.8469897Z Unpacking libopenal-data (1:1.23.1-4build1) ...
2026-10-06T13:13:04.8685019Z Selecting previously unselected package libsndio7.0:amd64.
2026-10-06T13:13:04.8805945Z Preparing to unpack .../79-libsndio7.0_1.9.0-0.3build3_amd64.deb ...
2026-10-06T13:13:04.8823888Z Unpacking libsndio7.0:amd64 (1.9.0-0.3build3) ...
2026-10-06T13:13:04.9020626Z Selecting previously unselected package libopenal1:amd64.
2026-10-06T13:13:04.9138834Z Preparing to unpack .../80-libopenal1_1%3a1.23.1-4build1_amd64.deb ...
2026-10-06T13:13:04.9147464Z Unpacking libopenal1:amd64 (1:1.23.1-4build1) ...
2026-10-06T13:13:04.9410233Z Selecting previously unselected package libdecor-0-0:amd64.
2026-10-06T13:13:04.9528150Z Preparing to unpack .../81-libdecor-0-0_0.2.2-1build2_amd64.deb ...
2026-10-06T13:13:04.9535263Z Unpacking libdecor-0-0:amd64 (0.2.2-1build2) ...
2026-10-06T13:13:04.9731669Z Selecting previously unselected package libsdl2-2.0-0:amd64.
2026-10-06T13:13:04.9849298Z Preparing to unpack .../82-libsdl2-2.0-0_2.30.0+dfsg-1ubuntu3.1_amd64.deb ...
2026-10-06T13:13:04.9856743Z Unpacking libsdl2-2.0-0:amd64 (2.30.0+dfsg-1ubuntu3.1) ...
2026-10-06T13:13:05.0444951Z Selecting previously unselected package libxcb-shape0:amd64.
2026-10-06T13:13:05.0568853Z Preparing to unpack .../83-libxcb-shape0_1.15-1ubuntu2_amd64.deb ...
2026-10-06T13:13:05.0576951Z Unpacking libxcb-shape0:amd64 (1.15-1ubuntu2) ...
2026-10-06T13:13:05.0777397Z Selecting previously unselected package libxv1:amd64.
2026-10-06T13:13:05.0899475Z Preparing to unpack .../84-libxv1_2%3a1.0.11-1.1build1_amd64.deb ...
2026-10-06T13:13:05.0906233Z Unpacking libxv1:amd64 (2:1.0.11-1.1build1) ...
2026-10-06T13:13:05.1097522Z Selecting previously unselected package libavdevice60:amd64.
2026-10-06T13:13:05.1217801Z Preparing to unpack .../85-libavdevice60_7%3a6.1.1-3ubuntu5_amd64.deb ...
2026-10-06T13:13:05.1224802Z Unpacking libavdevice60:amd64 (7:6.1.1-3ubuntu5) ...
2026-10-06T13:13:05.1461121Z Selecting previously unselected package ffmpeg.
2026-10-06T13:13:05.1580922Z Preparing to unpack .../86-ffmpeg_7%3a6.1.1-3ubuntu5_amd64.deb ...
2026-10-06T13:13:05.1587475Z Unpacking ffmpeg (7:6.1.1-3ubuntu5) ...
2026-10-06T13:13:05.2151289Z Setting up libgme0:amd64 (0.6.3-7build1) ...
2026-10-06T13:13:05.2183466Z Setting up libchromaprint1:amd64 (1.5.1-5) ...
2026-10-06T13:13:05.2200304Z Setting up libssh-gcrypt-4:amd64 (0.10.6-2ubuntu0.5) ...
2026-10-06T13:13:05.2221554Z Setting up libhwy1t64:amd64 (1.0.7-8.1build1) ...
2026-10-06T13:13:05.2240034Z Setting up libudfread0:amd64 (1.1.2-1build1) ...
2026-10-06T13:13:05.2260677Z Setting up libraw1394-11:amd64 (2.1.2-2build3) ...
2026-10-06T13:13:05.2283547Z Setting up libspeex1:amd64 (1.2.1-2ubuntu2.24.04.1) ...
2026-10-06T13:13:05.2300866Z Setting up libshine3:amd64 (3.1.1-2build1) ...
2026-10-06T13:13:05.2320653Z Setting up libcaca0:amd64 (0.99.beta20-4ubuntu0.2) ...
2026-10-06T13:13:05.2337942Z Setting up libvpl2 (2023.3.0-1build1) ...
2026-10-06T13:13:05.2354419Z Setting up libx264-164:amd64 (2:0.164.3108+git31e19f9-1) ...
2026-10-06T13:13:05.2379323Z Setting up libtwolame0:amd64 (0.4.0-2build3) ...
2026-10-06T13:13:05.2399150Z Setting up libmbedcrypto7t64:amd64 (2.28.8-1) ...
2026-10-06T13:13:05.2417038Z Setting up libgsm1:amd64 (1.0.22-1build1) ...
2026-10-06T13:13:05.2435604Z Setting up libsoxr0:amd64 (0.1.3-4build3) ...
2026-10-06T13:13:05.2455828Z Setting up libzix-0-0:amd64 (0.4.2-2build1) ...
2026-10-06T13:13:05.2473773Z Setting up libcodec2-1.2:amd64 (1.2.0-2build1) ...
2026-10-06T13:13:05.2492491Z Setting up libmysofa1:amd64 (1.3.2+dfsg-2ubuntu2) ...
2026-10-06T13:13:05.2510522Z Setting up libxcb-shape0:amd64 (1.15-1ubuntu2) ...
2026-10-06T13:13:05.2530913Z Setting up libcdio19t64:amd64 (2.1.0-4.1ubuntu1.2) ...
2026-10-06T13:13:05.2548763Z Setting up libsvtav1enc1d1:amd64 (1.7.0+dfsg-2build1) ...
2026-10-06T13:13:05.2615903Z Setting up libmpg123-0t64:amd64 (1.32.5-1ubuntu1.1) ...
2026-10-06T13:13:05.2636141Z Setting up libcjson1:amd64 (1.7.17-1) ...
2026-10-06T13:13:05.2655659Z Setting up libxvidcore4:amd64 (2:1.3.7-1build1) ...
2026-10-06T13:13:05.2674680Z Setting up librav1e0:amd64 (0.7.1-2) ...
2026-10-06T13:13:05.2691796Z Setting up libcdio-cdda2t64:amd64 (10.2+2.0.1-1.1build2) ...
2026-10-06T13:13:05.2709473Z Setting up librist4:amd64 (0.2.10+dfsg-2) ...
2026-10-06T13:13:05.2731251Z Setting up librsvg2-2:amd64 (2.58.0+dfsg-1build1) ...
2026-10-06T13:13:05.2748590Z Setting up libblas3:amd64 (3.12.0-3build1.1) ...
2026-10-06T13:13:05.2804927Z update-alternatives: using /usr/lib/x86_64-linux-gnu/blas/libblas.so.3 to provide /usr/lib/x86_64-linux-gnu/libblas.so.3 (libblas.so.3-x86_64-linux-gnu) in auto mode
2026-10-06T13:13:05.2822704Z Setting up libplacebo338:amd64 (6.338.2-2build1) ...
2026-10-06T13:13:05.2840186Z Setting up libva2:amd64 (2.20.0-2ubuntu0.2) ...
2026-10-06T13:13:05.2859784Z Setting up libopus0:amd64 (1.4-1build1) ...
2026-10-06T13:13:05.2879941Z Setting up libcdio-paranoia2t64:amd64 (10.2+2.0.1-1.1build2) ...
2026-10-06T13:13:05.2897214Z Setting up libdc1394-25:amd64 (2.2.6-4build1) ...
2026-10-06T13:13:05.2917405Z Setting up libxv1:amd64 (2:1.0.11-1.1build1) ...
2026-10-06T13:13:05.2934636Z Setting up libunibreak5:amd64 (5.1-2build1) ...
2026-10-06T13:13:05.2955357Z Setting up libjxl0.7:amd64 (0.7.0-10.2ubuntu6.1) ...
2026-10-06T13:13:05.2974092Z Setting up libx265-199:amd64 (3.5-2build1) ...
2026-10-06T13:13:05.2993461Z Setting up libsndio7.0:amd64 (1.9.0-0.3build3) ...
2026-10-06T13:13:05.3014041Z Setting up libvidstab1.1:amd64 (1.1.0-2build1) ...
2026-10-06T13:13:05.3035563Z Setting up libvpx9:amd64 (1.14.0-1ubuntu2.3) ...
2026-10-06T13:13:05.3055465Z Setting up libsrt1.5-gnutls:amd64 (1.5.3-1build2) ...
2026-10-06T13:13:05.3078181Z Setting up libflite1:amd64 (2.2-6build3) ...
2026-10-06T13:13:05.3099680Z Setting up libdav1d7:amd64 (1.4.1-1build1) ...
2026-10-06T13:13:05.3120435Z Setting up libva-drm2:amd64 (2.20.0-2ubuntu0.2) ...
2026-10-06T13:13:05.3138726Z Setting up ocl-icd-libopencl1:amd64 (2.3.2-1build1) ...
2026-10-06T13:13:05.3158062Z Setting up libasyncns0:amd64 (0.8-6build4) ...
2026-10-06T13:13:05.3174955Z Setting up libvdpau1:amd64 (1.5-2build1) ...
2026-10-06T13:13:05.3203065Z Setting up libbs2b0:amd64 (3.1.0+dfsg-7build1) ...
2026-10-06T13:13:05.3224113Z Setting up libtheora0:amd64 (1.1.1+dfsg.1-16.1build3) ...
2026-10-06T13:13:05.3243833Z Setting up libdecor-0-0:amd64 (0.2.2-1build2) ...
2026-10-06T13:13:05.3267522Z Setting up libzimg2:amd64 (3.0.5+ds1-1build1) ...
2026-10-06T13:13:05.3288476Z Setting up libopenal-data (1:1.23.1-4build1) ...
2026-10-06T13:13:05.3316906Z Setting up libflac12t64:amd64 (1.4.3+ds-2.1ubuntu2) ...
2026-10-06T13:13:05.3333964Z Setting up libbluray2:amd64 (1:1.3.4-1build1) ...
2026-10-06T13:13:05.3355639Z Setting up libsamplerate0:amd64 (0.2.2-4build1) ...
2026-10-06T13:13:05.3374642Z Setting up libva-x11-2:amd64 (2.20.0-2ubuntu0.2) ...
2026-10-06T13:13:05.3392162Z Setting up libopenmpt0t64:amd64 (0.7.3-1.1build3) ...
2026-10-06T13:13:05.3411892Z Setting up libzvbi-common (0.2.42-2) ...
2026-10-06T13:13:05.3430263Z Setting up libmp3lame0:amd64 (3.100-6build1) ...
2026-10-06T13:13:05.3449364Z Setting up libvorbisenc2:amd64 (1.3.7-1build3) ...
2026-10-06T13:13:05.3466388Z Setting up libiec61883-0:amd64 (1.2.0-6build1) ...
2026-10-06T13:13:05.3485886Z Setting up libserd-0-0:amd64 (0.32.2-1) ...
2026-10-06T13:13:05.3506107Z Setting up libavc1394-0:amd64 (0.5.4-5build3) ...
2026-10-06T13:13:05.3525206Z Setting up liblapack3:amd64 (3.12.0-3build1.1) ...
2026-10-06T13:13:05.3582553Z update-alternatives: using /usr/lib/x86_64-linux-gnu/lapack/liblapack.so.3 to provide /usr/lib/x86_64-linux-gnu/liblapack.so.3 (liblapack.so.3-x86_64-linux-gnu) in auto mode
2026-10-06T13:13:05.3598124Z Setting up libzvbi0t64:amd64 (0.2.42-2) ...
2026-10-06T13:13:05.3616129Z Setting up libavutil58:amd64 (7:6.1.1-3ubuntu5) ...
2026-10-06T13:13:05.3647671Z Setting up libopenal1:amd64 (1:1.23.1-4build1) ...
2026-10-06T13:13:05.3698091Z Setting up libass9:amd64 (1:0.17.1-2build1) ...
2026-10-06T13:13:05.3723531Z Setting up libswresample4:amd64 (7:6.1.1-3ubuntu5) ...
2026-10-06T13:13:05.3742846Z Setting up libavcodec60:amd64 (7:6.1.1-3ubuntu5) ...
2026-10-06T13:13:05.3762762Z Setting up librubberband2:amd64 (3.3.0+dfsg-2build1) ...
2026-10-06T13:13:05.3782254Z Setting up libjack-jackd2-0:amd64 (1.9.21~dfsg-3ubuntu3) ...
2026-10-06T13:13:05.3800620Z Setting up libsord-0-0:amd64 (0.16.16-2build1) ...
2026-10-06T13:13:05.3820060Z Setting up libpostproc57:amd64 (7:6.1.1-3ubuntu5) ...
2026-10-06T13:13:05.3840560Z Setting up libsratom-0-0:amd64 (0.6.16-1build1) ...
2026-10-06T13:13:05.3858564Z Setting up libsndfile1:amd64 (1.2.2-1ubuntu5.24.04.1) ...
2026-10-06T13:13:05.3878842Z Setting up liblilv-0-0:amd64 (0.24.22-1build1) ...
2026-10-06T13:13:05.3896608Z Setting up libswscale7:amd64 (7:6.1.1-3ubuntu5) ...
2026-10-06T13:13:05.3914722Z Setting up libpulse0:amd64 (1:16.1+dfsg1-2ubuntu10.1) ...
2026-10-06T13:13:05.3992053Z Setting up libavformat60:amd64 (7:6.1.1-3ubuntu5) ...
2026-10-06T13:13:05.4011934Z Setting up libsphinxbase3t64:amd64 (0.8+5prealpha+1-17build2) ...
2026-10-06T13:13:05.4031188Z Setting up libsdl2-2.0-0:amd64 (2.30.0+dfsg-1ubuntu3.1) ...
2026-10-06T13:13:05.4296604Z Setting up libpocketsphinx3:amd64 (0.8.0+real5prealpha+1-15ubuntu5) ...
2026-10-06T13:13:05.4316493Z Setting up libavfilter9:amd64 (7:6.1.1-3ubuntu5) ...
2026-10-06T13:13:05.4336818Z Setting up libavdevice60:amd64 (7:6.1.1-3ubuntu5) ...
2026-10-06T13:13:05.4355721Z Setting up ffmpeg (7:6.1.1-3ubuntu5) ...
2026-10-06T13:13:05.4375499Z Processing triggers for man-db (2.12.0-4build2) ...
2026-10-06T13:13:05.4395777Z Not building database; man-db/auto-update is not 'true'.
2026-10-06T13:13:05.4408286Z Processing triggers for libc-bin (2.39-0ubuntu8.9) ...
2026-10-06T13:13:06.1132477Z 
2026-10-06T13:13:06.1133235Z Running kernel seems to be up-to-date.
2026-10-06T13:13:06.1133771Z 
2026-10-06T13:13:06.1134007Z No services need to be restarted.
2026-10-06T13:13:06.1134272Z 
2026-10-06T13:13:06.1134480Z No containers need to be restarted.
2026-10-06T13:13:06.1134759Z 
2026-10-06T13:13:06.1135336Z No user sessions are running outdated binaries.
2026-10-06T13:13:06.1135684Z 
2026-10-06T13:13:06.1136099Z No VM guests are running outdated hypervisor (qemu) binaries on this host.
2026-10-06T13:13:06.9773863Z ##[group]Run npm ci
2026-10-06T13:13:06.9774140Z [36;1mnpm ci[0m
2026-10-06T13:13:06.9838521Z shell: /usr/bin/bash -e {0}
2026-10-06T13:13:06.9838783Z env:
2026-10-06T13:13:06.9838977Z   GLOB2_DEV_MODE: isolated
2026-10-06T13:13:06.9839465Z   TEST_DATABASE_URL: ***localhost:5432/postgres
2026-10-06T13:13:06.9839784Z ##[endgroup]
2026-10-06T13:13:15.2231630Z 
2026-10-06T13:13:15.2232482Z added 576 packages, and audited 595 packages in 8s
2026-10-06T13:13:15.2233415Z 
2026-10-06T13:13:15.2233953Z 251 packages are looking for funding
2026-10-06T13:13:15.2234549Z   run `npm fund` for details
2026-10-06T13:13:15.2434229Z 
2026-10-06T13:13:15.2434525Z 2 moderate severity vulnerabilities
2026-10-06T13:13:15.2434752Z 
2026-10-06T13:13:15.2435123Z To address all issues (including breaking changes), run:
2026-10-06T13:13:15.2435650Z   npm audit fix --force
2026-10-06T13:13:15.2435811Z 
2026-10-06T13:13:15.2435941Z Run `npm audit` for details.
2026-10-06T13:13:15.3393113Z ##[group]Run npm run lint
2026-10-06T13:13:15.3393407Z [36;1mnpm run lint[0m
2026-10-06T13:13:15.3461854Z shell: /usr/bin/bash -e {0}
2026-10-06T13:13:15.3462110Z env:
2026-10-06T13:13:15.3462314Z   GLOB2_DEV_MODE: isolated
2026-10-06T13:13:15.3462794Z   TEST_DATABASE_URL: ***localhost:5432/postgres
2026-10-06T13:13:15.3463098Z ##[endgroup]
2026-10-06T13:13:15.4522122Z 
2026-10-06T13:13:15.4522641Z > lint
2026-10-06T13:13:15.4523276Z > eslint . && prettier --check .
2026-10-06T13:13:15.4523686Z 
2026-10-06T13:13:32.0092564Z Checking formatting...
2026-10-06T13:13:43.9424978Z All matched files use Prettier code style!
2026-10-06T13:13:43.9793578Z ##[group]Run npm run typecheck
2026-10-06T13:13:43.9794118Z [36;1mnpm run typecheck[0m
2026-10-06T13:13:43.9880754Z shell: /usr/bin/bash -e {0}
2026-10-06T13:13:43.9881029Z env:
2026-10-06T13:13:43.9881242Z   GLOB2_DEV_MODE: isolated
2026-10-06T13:13:43.9882036Z   TEST_DATABASE_URL: ***localhost:5432/postgres
2026-10-06T13:13:43.9882605Z ##[endgroup]
2026-10-06T13:13:44.0895984Z 
2026-10-06T13:13:44.0896248Z > typecheck
2026-10-06T13:13:44.0896891Z > tsc -p tsconfig.json && tsc -p apps/web/tsconfig.json && tsc -p apps/web/e2e/tsconfig.json
2026-10-06T13:13:44.0897317Z 
2026-10-06T13:14:31.5196793Z ##[group]Run npm run build -w @glob2/web
2026-10-06T13:14:31.5197162Z [36;1mnpm run build -w @glob2/web[0m
2026-10-06T13:14:31.5258983Z shell: /usr/bin/bash -e {0}
2026-10-06T13:14:31.5259243Z env:
2026-10-06T13:14:31.5259452Z   GLOB2_DEV_MODE: isolated
2026-10-06T13:14:31.5259962Z   TEST_DATABASE_URL: ***localhost:5432/postgres
2026-10-06T13:14:31.5260277Z ##[endgroup]
2026-10-06T13:14:31.6528874Z 
2026-10-06T13:14:31.6529422Z > @glob2/web@0.1.0 build
2026-10-06T13:14:31.6530358Z > python3 ../../../tools/music/build_web.py && vite build
2026-10-06T13:14:31.6530841Z 
2026-10-06T13:14:31.7583924Z Cloning into '/home/runner/work/glob2/glob2/tools/.install-e8px6r_a/emsdk'...
2026-10-06T13:14:32.5779260Z HEAD is now at 5eb0bde Release 6.0.9 (#1792)
2026-10-06T13:14:32.8028933Z Resolving SDK version '4.0.15' to 'sdk-releases-b412b6307e541b93dd93f01b61181e15c17302ec-64bit'
2026-10-06T13:14:32.8030480Z Installing SDK 'sdk-releases-b412b6307e541b93dd93f01b61181e15c17302ec-64bit'..
2026-10-06T13:14:32.8031428Z Installing tool 'node-24.19.0-64bit'..
2026-10-06T13:14:32.8033788Z Downloading: /home/runner/work/glob2/glob2/tools/.install-e8px6r_a/emsdk/downloads/node-v24.19.0-linux-x64.tar.xz from https://storage.googleapis.com/webassembly/emscripten-releases-builds/deps/node-v24.19.0-linux-x64.tar.xz, 31633904 Bytes
2026-10-06T13:14:32.9738485Z  [----------------------------------------------------------------------------]
2026-10-06T13:14:35.3693435Z Unpacking '/home/runner/work/glob2/glob2/tools/.install-e8px6r_a/emsdk/downloads/node-v24.19.0-linux-x64.tar.xz' to '/home/runner/work/glob2/glob2/tools/.install-e8px6r_a/emsdk/node/24.19.0_64bit'
2026-10-06T13:14:35.3695773Z Done installing tool 'node-24.19.0-64bit'.
2026-10-06T13:14:35.3696377Z Installing tool 'releases-b412b6307e541b93dd93f01b61181e15c17302ec-64bit'..
2026-10-06T13:14:35.3699153Z Downloading: /home/runner/work/glob2/glob2/tools/.install-e8px6r_a/emsdk/downloads/b412b6307e541b93dd93f01b61181e15c17302ec-wasm-binaries.tar.xz from https://storage.googleapis.com/webassembly/emscripten-releases-builds/linux/b412b6307e541b93dd93f01b61181e15c17302ec/wasm-binaries.tar.xz, 353229388 Bytes
2026-10-06T13:14:37.6141690Z  [----------------------------------------------------------------------------]
2026-10-06T13:15:00.6807043Z Unpacking '/home/runner/work/glob2/glob2/tools/.install-e8px6r_a/emsdk/downloads/b412b6307e541b93dd93f01b61181e15c17302ec-wasm-binaries.tar.xz' to '/home/runner/work/glob2/glob2/tools/.install-e8px6r_a/emsdk/upstream'
2026-10-06T13:15:00.6809173Z Done installing tool 'releases-b412b6307e541b93dd93f01b61181e15c17302ec-64bit'.
2026-10-06T13:15:00.6809968Z Done installing SDK 'sdk-releases-b412b6307e541b93dd93f01b61181e15c17302ec-64bit'.
2026-10-06T13:15:00.8001279Z Resolving SDK version '4.0.15' to 'sdk-releases-b412b6307e541b93dd93f01b61181e15c17302ec-64bit'
2026-10-06T13:15:00.8002319Z Setting the following tools as active:
2026-10-06T13:15:00.8002884Z    node-24.19.0-64bit
2026-10-06T13:15:00.8003483Z    releases-b412b6307e541b93dd93f01b61181e15c17302ec-64bit
2026-10-06T13:15:00.8003928Z 
2026-10-06T13:15:00.8004080Z Next steps:
2026-10-06T13:15:00.8004626Z - To conveniently access emsdk tools from the command line,
2026-10-06T13:15:00.8005433Z   consider adding the following directories to your PATH:
2026-10-06T13:15:00.8005961Z     /home/runner/work/glob2/glob2/tools/.install-e8px6r_a/emsdk
2026-10-06T13:15:00.8006549Z     /home/runner/work/glob2/glob2/tools/.install-e8px6r_a/emsdk/upstream/emscripten
2026-10-06T13:15:00.8007147Z - This can be done for the current shell by running:
2026-10-06T13:15:00.8007700Z     source "/home/runner/work/glob2/glob2/tools/.install-e8px6r_a/emsdk/emsdk_env.sh"
2026-10-06T13:15:00.8008312Z - Configure emsdk in your shell startup scripts by running:
2026-10-06T13:15:00.8009027Z     echo 'source "/home/runner/work/glob2/glob2/tools/.install-e8px6r_a/emsdk/emsdk_env.sh"' >> $HOME/.bash_profile
2026-10-06T13:15:00.9169438Z Resolving SDK version '4.0.15' to 'sdk-releases-b412b6307e541b93dd93f01b61181e15c17302ec-64bit'
2026-10-06T13:15:00.9170928Z Setting the following tools as active:
2026-10-06T13:15:00.9171623Z    node-24.19.0-64bit
2026-10-06T13:15:00.9172362Z    releases-b412b6307e541b93dd93f01b61181e15c17302ec-64bit
2026-10-06T13:15:00.9172935Z 
2026-10-06T13:15:00.9173119Z Next steps:
2026-10-06T13:15:00.9173752Z - To conveniently access emsdk tools from the command line,
2026-10-06T13:15:00.9174576Z   consider adding the following directories to your PATH:
2026-10-06T13:15:00.9175624Z     /home/runner/work/glob2/glob2/tools/browser-emsdk
2026-10-06T13:15:00.9176493Z     /home/runner/work/glob2/glob2/tools/browser-emsdk/upstream/emscripten
2026-10-06T13:15:00.9177169Z - This can be done for the current shell by running:
2026-10-06T13:15:00.9177757Z     source "/home/runner/work/glob2/glob2/tools/browser-emsdk/emsdk_env.sh"
2026-10-06T13:15:00.9178404Z - Configure emsdk in your shell startup scripts by running:
2026-10-06T13:15:00.9179169Z     echo 'source "/home/runner/work/glob2/glob2/tools/browser-emsdk/emsdk_env.sh"' >> $HOME/.bash_profile
2026-10-06T13:15:00.9254021Z /home/runner/work/glob2/glob2/tools/browser-emsdk
2026-10-06T13:15:01.1937889Z shared:INFO: (Emscripten: Running sanity checks)
2026-10-06T13:15:06.7721865Z checking build system type... x86_64-pc-linux-gnux32
2026-10-06T13:15:06.7755494Z checking host system type... wasm32-unknown-emscripten
2026-10-06T13:15:06.7774370Z checking how to print strings... printf
2026-10-06T13:15:06.7781969Z checking for wasm32-unknown-emscripten-gcc... /tmp/glob2-opus-tools-eyjj1ef5/cc
2026-10-06T13:15:07.9941638Z checking whether the C compiler works... yes
2026-10-06T13:15:07.9942684Z checking for C compiler default output file name... a.out
2026-10-06T13:15:08.4646291Z checking for suffix of executables... 
2026-10-06T13:15:09.2121395Z checking whether we are cross compiling... no
2026-10-06T13:15:09.3208280Z checking for suffix of object files... o
2026-10-06T13:15:09.4233373Z checking whether the compiler supports GNU C... yes
2026-10-06T13:15:09.5244158Z checking whether /tmp/glob2-opus-tools-eyjj1ef5/cc accepts -g... yes
2026-10-06T13:15:09.6417821Z checking for /tmp/glob2-opus-tools-eyjj1ef5/cc option to enable C11 features... none needed
2026-10-06T13:15:09.8403136Z checking whether /tmp/glob2-opus-tools-eyjj1ef5/cc understands -c and -o together... yes
2026-10-06T13:15:09.8445937Z checking for a sed that does not truncate output... /usr/bin/sed
2026-10-06T13:15:09.8480071Z checking for grep that handles long lines and -e... /usr/bin/grep
2026-10-06T13:15:09.8494780Z checking for egrep... /usr/bin/grep -E
2026-10-06T13:15:09.8510091Z checking for fgrep... /usr/bin/grep -F
2026-10-06T13:15:10.0296642Z checking for ld used by /tmp/glob2-opus-tools-eyjj1ef5/cc... /bin/ld
2026-10-06T13:15:10.0319428Z checking if the linker (/bin/ld) is GNU ld... yes
2026-10-06T13:15:10.0321759Z checking for BSD- or MS-compatible name lister (nm)... /tmp/glob2-opus-tools-eyjj1ef5/nm
2026-10-06T13:15:10.1401889Z checking the name lister (/tmp/glob2-opus-tools-eyjj1ef5/nm) interface... BSD nm
2026-10-06T13:15:10.1402914Z checking whether ln -s works... yes
2026-10-06T13:15:10.1548894Z checking the maximum length of command line arguments... 3145728
2026-10-06T13:15:10.1574413Z checking how to convert x86_64-pc-linux-gnux32 file names to wasm32-unknown-emscripten format... func_convert_file_noop
2026-10-06T13:15:10.1576168Z checking how to convert x86_64-pc-linux-gnux32 file names to toolchain format... func_convert_file_noop
2026-10-06T13:15:10.1577123Z checking for /bin/ld option to reload object files... -r
2026-10-06T13:15:10.1583000Z checking for wasm32-unknown-emscripten-file... no
2026-10-06T13:15:10.1588905Z checking for file... file
2026-10-06T13:15:10.1594973Z checking for wasm32-unknown-emscripten-objdump... no
2026-10-06T13:15:10.1600469Z checking for objdump... objdump
2026-10-06T13:15:10.1603594Z checking how to recognize dependent libraries... unknown
2026-10-06T13:15:10.1610268Z checking for wasm32-unknown-emscripten-dlltool... no
2026-10-06T13:15:10.1616725Z checking for dlltool... no
2026-10-06T13:15:10.1618175Z checking how to associate runtime and link libraries... printf %s\n
2026-10-06T13:15:10.1619935Z checking for wasm32-unknown-emscripten-ar... /tmp/glob2-opus-tools-eyjj1ef5/ar
2026-10-06T13:15:10.3682985Z checking for archiver @FILE support... @
2026-10-06T13:15:10.3689977Z checking for wasm32-unknown-emscripten-strip... no
2026-10-06T13:15:10.3695333Z checking for strip... strip
2026-10-06T13:15:10.3697582Z checking for wasm32-unknown-emscripten-ranlib... /tmp/glob2-opus-tools-eyjj1ef5/ranlib
2026-10-06T13:15:10.3703618Z checking for gawk... gawk
2026-10-06T13:15:10.9722623Z checking command to parse /tmp/glob2-opus-tools-eyjj1ef5/nm output from /tmp/glob2-opus-tools-eyjj1ef5/cc object... ok
2026-10-06T13:15:10.9751024Z checking for sysroot... no
2026-10-06T13:15:10.9805772Z checking for a working dd... /usr/bin/dd
2026-10-06T13:15:10.9843413Z checking how to truncate binary pipes... /usr/bin/dd bs=4096 count=1
2026-10-06T13:15:10.9852886Z checking for wasm32-unknown-emscripten-mt... no
2026-10-06T13:15:10.9858447Z checking for mt... mt
2026-10-06T13:15:11.0265675Z checking if mt is a manifest tool... no
2026-10-06T13:15:11.1317747Z checking for stdio.h... yes
2026-10-06T13:15:11.2360164Z checking for stdlib.h... yes
2026-10-06T13:15:11.3414543Z checking for string.h... yes
2026-10-06T13:15:11.4472033Z checking for inttypes.h... yes
2026-10-06T13:15:11.5534431Z checking for stdint.h... yes
2026-10-06T13:15:11.6600806Z checking for strings.h... yes
2026-10-06T13:15:11.7669812Z checking for sys/stat.h... yes
2026-10-06T13:15:11.8740286Z checking for sys/types.h... yes
2026-10-06T13:15:11.9823507Z checking for unistd.h... yes
2026-10-06T13:15:12.0921160Z checking for dlfcn.h... yes
2026-10-06T13:15:12.0957131Z checking for objdir... .libs
2026-10-06T13:15:12.7774355Z checking if /tmp/glob2-opus-tools-eyjj1ef5/cc supports -fno-rtti -fno-exceptions... no
2026-10-06T13:15:12.7775981Z checking for /tmp/glob2-opus-tools-eyjj1ef5/cc option to produce PIC... -fPIC -DPIC
2026-10-06T13:15:12.8828186Z checking if /tmp/glob2-opus-tools-eyjj1ef5/cc PIC flag -fPIC -DPIC works... yes
2026-10-06T13:15:13.3730308Z checking if /tmp/glob2-opus-tools-eyjj1ef5/cc static flag -static works... yes
2026-10-06T13:15:13.4874144Z checking if /tmp/glob2-opus-tools-eyjj1ef5/cc supports -c -o file.o... yes
2026-10-06T13:15:13.4875623Z checking if /tmp/glob2-opus-tools-eyjj1ef5/cc supports -c -o file.o... (cached) yes
2026-10-06T13:15:13.4987066Z checking whether the /tmp/glob2-opus-tools-eyjj1ef5/cc linker (/bin/ld) supports shared libraries... yes
2026-10-06T13:15:13.7045582Z checking dynamic linker characteristics... no
2026-10-06T13:15:13.7046450Z checking how to hardcode library paths into programs... immediate
2026-10-06T13:15:13.7289624Z checking whether stripping libraries is possible... yes
2026-10-06T13:15:13.7290447Z checking if libtool supports shared libraries... no
2026-10-06T13:15:13.7291366Z checking whether to build shared libraries... no
2026-10-06T13:15:13.7292207Z checking whether to build static libraries... yes
2026-10-06T13:15:13.7399757Z checking for a BSD-compatible install... /usr/bin/install -c
2026-10-06T13:15:13.7430376Z checking whether build environment is sane... yes
2026-10-06T13:15:13.7519491Z checking for a race-free mkdir -p... /usr/bin/mkdir -p
2026-10-06T13:15:13.7874182Z checking whether make sets $(MAKE)... yes
2026-10-06T13:15:13.7981084Z checking whether make supports the include directive... yes (GNU style)
2026-10-06T13:15:13.8006578Z checking whether make supports nested variables... yes
2026-10-06T13:15:13.9188411Z checking dependency style of /tmp/glob2-opus-tools-eyjj1ef5/cc... gcc3
2026-10-06T13:15:13.9216334Z checking whether to enable maintainer-specific portions of Makefiles... yes
2026-10-06T13:15:13.9218503Z checking for wasm32-unknown-emscripten-gcc... (cached) /tmp/glob2-opus-tools-eyjj1ef5/cc
2026-10-06T13:15:14.4432486Z checking whether the compiler supports GNU C... (cached) yes
2026-10-06T13:15:14.4433985Z checking whether /tmp/glob2-opus-tools-eyjj1ef5/cc accepts -g... (cached) yes
2026-10-06T13:15:14.4436566Z checking for /tmp/glob2-opus-tools-eyjj1ef5/cc option to enable C11 features... (cached) none needed
2026-10-06T13:15:14.4440560Z checking whether /tmp/glob2-opus-tools-eyjj1ef5/cc understands -c and -o together... (cached) yes
2026-10-06T13:15:14.4443261Z checking for inttypes.h... (cached) yes
2026-10-06T13:15:14.4444684Z checking for stdint.h... (cached) yes
2026-10-06T13:15:14.4446897Z checking for sys/types.h... (cached) yes
2026-10-06T13:15:14.5481416Z checking for an ANSI C-conforming const... yes
2026-10-06T13:15:15.3042850Z checking size of int16_t... 2
2026-10-06T13:15:16.0837743Z checking size of uint16_t... 2
2026-10-06T13:15:16.8578862Z checking size of u_int16_t... 2
2026-10-06T13:15:17.6253466Z checking size of int32_t... 4
2026-10-06T13:15:18.3994771Z checking size of uint32_t... 4
2026-10-06T13:15:19.1825236Z checking size of u_int32_t... 4
2026-10-06T13:15:19.9544520Z checking size of int64_t... 8
2026-10-06T13:15:20.7261649Z checking size of uint64_t... 8
2026-10-06T13:15:21.4873870Z checking size of short... 2
2026-10-06T13:15:22.2656385Z checking size of int... 4
2026-10-06T13:15:23.0533929Z checking size of long... 4
2026-10-06T13:15:23.8389783Z checking size of long long... 8
2026-10-06T13:15:24.3913964Z checking for working memcmp... yes
2026-10-06T13:15:24.4177851Z checking that generated files are newer than configure... done
2026-10-06T13:15:24.4178713Z configure: creating ./config.status
2026-10-06T13:15:24.7983486Z config.status: creating Makefile
2026-10-06T13:15:24.8071487Z config.status: creating src/Makefile
2026-10-06T13:15:24.8194549Z config.status: creating doc/Makefile
2026-10-06T13:15:24.8312574Z config.status: creating doc/libogg/Makefile
2026-10-06T13:15:24.8429019Z config.status: creating include/Makefile
2026-10-06T13:15:24.8546021Z config.status: creating include/ogg/Makefile
2026-10-06T13:15:24.8662744Z config.status: creating include/ogg/config_types.h
2026-10-06T13:15:24.8773754Z config.status: creating libogg.spec
2026-10-06T13:15:24.8859681Z config.status: creating ogg.pc
2026-10-06T13:15:24.8944626Z config.status: creating ogg-uninstalled.pc
2026-10-06T13:15:24.9029324Z config.status: creating config.h
2026-10-06T13:15:24.9096843Z config.status: executing libtool commands
2026-10-06T13:15:24.9161669Z config.status: executing depfiles commands
2026-10-06T13:15:24.9895963Z make  all-recursive
2026-10-06T13:15:24.9913604Z make[1]: Entering directory '/home/runner/work/glob2/glob2/build/music-web/sources/ogg-build'
2026-10-06T13:15:24.9937634Z Making all in src
2026-10-06T13:15:24.9959148Z make[2]: Entering directory '/home/runner/work/glob2/glob2/build/music-web/sources/ogg-build/src'
2026-10-06T13:15:24.9962650Z /tmp/glob2-opus-tools-eyjj1ef5/cc -DHAVE_CONFIG_H -I. -I/home/runner/work/glob2/glob2/build/music-web/sources/libogg-1.3.6/src -I..  -I/home/runner/work/glob2/glob2/build/music-web/sources/libogg-1.3.6/include -I../include  -D_V_SELFTEST -O2 -fsigned-char -O2 -fwasm-exceptions -MT test_bitwise-bitwise.o -MD -MP -MF .deps/test_bitwise-bitwise.Tpo -c -o test_bitwise-bitwise.o `test -f 'bitwise.c' || echo '/home/runner/work/glob2/glob2/build/music-web/sources/libogg-1.3.6/src/'`bitwise.c
2026-10-06T13:15:24.9969545Z /tmp/glob2-opus-tools-eyjj1ef5/cc -DHAVE_CONFIG_H -I. -I/home/runner/work/glob2/glob2/build/music-web/sources/libogg-1.3.6/src -I..  -I/home/runner/work/glob2/glob2/build/music-web/sources/libogg-1.3.6/include -I../include  -D_V_SELFTEST -O2 -fsigned-char -O2 -fwasm-exceptions -MT test_framing-framing.o -MD -MP -MF .deps/test_framing-framing.Tpo -c -o test_framing-framing.o `test -f 'framing.c' || echo '/home/runner/work/glob2/glob2/build/music-web/sources/libogg-1.3.6/src/'`framing.c
2026-10-06T13:15:24.9983630Z /bin/sh ../libtool  --tag=CC   --mode=compile /tmp/glob2-opus-tools-eyjj1ef5/cc -DHAVE_CONFIG_H -I. -I/home/runner/work/glob2/glob2/build/music-web/sources/libogg-1.3.6/src -I..  -I/home/runner/work/glob2/glob2/build/music-web/sources/libogg-1.3.6/include -I../include   -O2 -fsigned-char -O2 -fwasm-exceptions -MT framing.lo -MD -MP -MF .deps/framing.Tpo -c -o framing.lo /home/runner/work/glob2/glob2/build/music-web/sources/libogg-1.3.6/src/framing.c
2026-10-06T13:15:24.9999148Z /bin/sh ../libtool  --tag=CC   --mode=compile /tmp/glob2-opus-tools-eyjj1ef5/cc -DHAVE_CONFIG_H -I. -I/home/runner/work/glob2/glob2/build/music-web/sources/libogg-1.3.6/src -I..  -I/home/runner/work/glob2/glob2/build/music-web/sources/libogg-1.3.6/include -I../include   -O2 -fsigned-char -O2 -fwasm-exceptions -MT bitwise.lo -MD -MP -MF .deps/bitwise.Tpo -c -o bitwise.lo /home/runner/work/glob2/glob2/build/music-web/sources/libogg-1.3.6/src/bitwise.c
2026-10-06T13:15:25.0261075Z libtool: compile:  /tmp/glob2-opus-tools-eyjj1ef5/cc -DHAVE_CONFIG_H -I. -I/home/runner/work/glob2/glob2/build/music-web/sources/libogg-1.3.6/src -I.. -I/home/runner/work/glob2/glob2/build/music-web/sources/libogg-1.3.6/include -I../include -O2 -fsigned-char -O2 -fwasm-exceptions -MT bitwise.lo -MD -MP -MF .deps/bitwise.Tpo -c /home/runner/work/glob2/glob2/build/music-web/sources/libogg-1.3.6/src/bitwise.c -o bitwise.o
2026-10-06T13:15:25.0329143Z libtool: compile:  /tmp/glob2-opus-tools-eyjj1ef5/cc -DHAVE_CONFIG_H -I. -I/home/runner/work/glob2/glob2/build/music-web/sources/libogg-1.3.6/src -I.. -I/home/runner/work/glob2/glob2/build/music-web/sources/libogg-1.3.6/include -I../include -O2 -fsigned-char -O2 -fwasm-exceptions -MT framing.lo -MD -MP -MF .deps/framing.Tpo -c /home/runner/work/glob2/glob2/build/music-web/sources/libogg-1.3.6/src/framing.c -o framing.o
2026-10-06T13:15:25.2727042Z mv -f .deps/bitwise.Tpo .deps/bitwise.Plo
2026-10-06T13:15:25.3636473Z mv -f .deps/framing.Tpo .deps/framing.Plo
2026-10-06T13:15:25.3659476Z /bin/sh ../libtool  --tag=CC   --mode=link /tmp/glob2-opus-tools-eyjj1ef5/cc  -O2 -fsigned-char -O2 -fwasm-exceptions -no-undefined -version-info 8:6:8 -O2 -fwasm-exceptions -o libogg.la -rpath /home/runner/work/glob2/glob2/build/music-web/opus/lib framing.lo bitwise.lo  
2026-10-06T13:15:25.4220666Z libtool: link: /tmp/glob2-opus-tools-eyjj1ef5/ar cr .libs/libogg.a  framing.o bitwise.o
2026-10-06T13:15:25.4621175Z mv -f .deps/test_bitwise-bitwise.Tpo .deps/test_bitwise-bitwise.Po
2026-10-06T13:15:25.4902798Z libtool: link: /tmp/glob2-opus-tools-eyjj1ef5/ranlib .libs/libogg.a
2026-10-06T13:15:25.4960573Z /bin/sh ../libtool  --tag=CC   --mode=link /tmp/glob2-opus-tools-eyjj1ef5/cc -D_V_SELFTEST -O2 -fsigned-char -O2 -fwasm-exceptions  -O2 -fwasm-exceptions -o test_bitwise test_bitwise-bitwise.o  
2026-10-06T13:15:25.5060795Z mv -f .deps/test_framing-framing.Tpo .deps/test_framing-framing.Po
2026-10-06T13:15:25.5089736Z /bin/sh ../libtool  --tag=CC   --mode=link /tmp/glob2-opus-tools-eyjj1ef5/cc -D_V_SELFTEST -O2 -fsigned-char -O2 -fwasm-exceptions  -O2 -fwasm-exceptions -o test_framing test_framing-framing.o  
2026-10-06T13:15:25.5300796Z libtool: link: /tmp/glob2-opus-tools-eyjj1ef5/cc -D_V_SELFTEST -O2 -fsigned-char -O2 -fwasm-exceptions -O2 -fwasm-exceptions -o test_bitwise test_bitwise-bitwise.o 
2026-10-06T13:15:25.5476586Z libtool: link: /tmp/glob2-opus-tools-eyjj1ef5/cc -D_V_SELFTEST -O2 -fsigned-char -O2 -fwasm-exceptions -O2 -fwasm-exceptions -o test_framing test_framing-framing.o 
2026-10-06T13:15:25.5644634Z libtool: link: ( cd ".libs" && rm -f "libogg.la" && ln -s "../libogg.la" "libogg.la" )
2026-10-06T13:15:26.4611006Z make[2]: Leaving directory '/home/runner/work/glob2/glob2/build/music-web/sources/ogg-build/src'
2026-10-06T13:15:26.4612217Z Making all in include
2026-10-06T13:15:26.4632702Z make[2]: Entering directory '/home/runner/work/glob2/glob2/build/music-web/sources/ogg-build/include'
2026-10-06T13:15:26.4658967Z Making all in ogg
2026-10-06T13:15:26.4676705Z make[3]: Entering directory '/home/runner/work/glob2/glob2/build/music-web/sources/ogg-build/include/ogg'
2026-10-06T13:15:26.4677726Z make[3]: Nothing to be done for 'all'.
2026-10-06T13:15:26.4678809Z make[3]: Leaving directory '/home/runner/work/glob2/glob2/build/music-web/sources/ogg-build/include/ogg'
2026-10-06T13:15:26.4693430Z make[3]: Entering directory '/home/runner/work/glob2/glob2/build/music-web/sources/ogg-build/include'
2026-10-06T13:15:26.4694094Z make[3]: Nothing to be done for 'all-am'.
2026-10-06T13:15:26.4694738Z make[3]: Leaving directory '/home/runner/work/glob2/glob2/build/music-web/sources/ogg-build/include'
2026-10-06T13:15:26.4696037Z make[2]: Leaving directory '/home/runner/work/glob2/glob2/build/music-web/sources/ogg-build/include'
2026-10-06T13:15:26.4698055Z Making all in doc
2026-10-06T13:15:26.4716026Z make[2]: Entering directory '/home/runner/work/glob2/glob2/build/music-web/sources/ogg-build/doc'
2026-10-06T13:15:26.4740370Z Making all in libogg
2026-10-06T13:15:26.4769342Z make[3]: Entering directory '/home/runner/work/glob2/glob2/build/music-web/sources/ogg-build/doc/libogg'
2026-10-06T13:15:26.4770349Z make[3]: Nothing to be done for 'all'.
2026-10-06T13:15:26.4771414Z make[3]: Leaving directory '/home/runner/work/glob2/glob2/build/music-web/sources/ogg-build/doc/libogg'
2026-10-06T13:15:26.4788756Z make[3]: Entering directory '/home/runner/work/glob2/glob2/build/music-web/sources/ogg-build/doc'
2026-10-06T13:15:26.4789468Z make[3]: Nothing to be done for 'all-am'.
2026-10-06T13:15:26.4790080Z make[3]: Leaving directory '/home/runner/work/glob2/glob2/build/music-web/sources/ogg-build/doc'
2026-10-06T13:15:26.4791549Z make[2]: Leaving directory '/home/runner/work/glob2/glob2/build/music-web/sources/ogg-build/doc'
2026-10-06T13:15:26.4809957Z make[2]: Entering directory '/home/runner/work/glob2/glob2/build/music-web/sources/ogg-build'
2026-10-06T13:15:26.4823127Z make[2]: Leaving directory '/home/runner/work/glob2/glob2/build/music-web/sources/ogg-build'
2026-10-06T13:15:26.4826604Z make[1]: Leaving directory '/home/runner/work/glob2/glob2/build/music-web/sources/ogg-build'
2026-10-06T13:15:26.4873414Z Making install in src
2026-10-06T13:15:26.4924178Z make[1]: Entering directory '/home/runner/work/glob2/glob2/build/music-web/sources/ogg-build/src'
2026-10-06T13:15:26.4970543Z make[2]: Entering directory '/home/runner/work/glob2/glob2/build/music-web/sources/ogg-build/src'
2026-10-06T13:15:26.4976867Z  /usr/bin/mkdir -p '/home/runner/work/glob2/glob2/build/music-web/opus/lib'
2026-10-06T13:15:26.4987954Z  /bin/sh ../libtool   --mode=install /usr/bin/install -c   libogg.la '/home/runner/work/glob2/glob2/build/music-web/opus/lib'
2026-10-06T13:15:26.5133528Z libtool: install: /usr/bin/install -c .libs/libogg.lai /home/runner/work/glob2/glob2/build/music-web/opus/lib/libogg.la
2026-10-06T13:15:26.5171247Z libtool: install: /usr/bin/install -c .libs/libogg.a /home/runner/work/glob2/glob2/build/music-web/opus/lib/libogg.a
2026-10-06T13:15:26.5194580Z libtool: install: chmod 644 /home/runner/work/glob2/glob2/build/music-web/opus/lib/libogg.a
2026-10-06T13:15:26.5215784Z libtool: install: /tmp/glob2-opus-tools-eyjj1ef5/ranlib /home/runner/work/glob2/glob2/build/music-web/opus/lib/libogg.a
2026-10-06T13:15:26.5844050Z make[2]: Nothing to be done for 'install-data-am'.
2026-10-06T13:15:26.5844813Z make[2]: Leaving directory '/home/runner/work/glob2/glob2/build/music-web/sources/ogg-build/src'
2026-10-06T13:15:26.5846697Z make[1]: Leaving directory '/home/runner/work/glob2/glob2/build/music-web/sources/ogg-build/src'
2026-10-06T13:15:26.5849229Z Making install in include
2026-10-06T13:15:26.5866591Z make[1]: Entering directory '/home/runner/work/glob2/glob2/build/music-web/sources/ogg-build/include'
2026-10-06T13:15:26.5890946Z Making install in ogg
2026-10-06T13:15:26.5908901Z make[2]: Entering directory '/home/runner/work/glob2/glob2/build/music-web/sources/ogg-build/include/ogg'
2026-10-06T13:15:26.5923997Z make[3]: Entering directory '/home/runner/work/glob2/glob2/build/music-web/sources/ogg-build/include/ogg'
2026-10-06T13:15:26.5924784Z make[3]: Nothing to be done for 'install-exec-am'.
2026-10-06T13:15:26.5930486Z  /usr/bin/mkdir -p '/home/runner/work/glob2/glob2/build/music-web/opus/include/ogg'
2026-10-06T13:15:26.5956877Z  /usr/bin/install -c -m 644 config_types.h '/home/runner/work/glob2/glob2/build/music-web/opus/include/ogg'
2026-10-06T13:15:26.5976314Z  /usr/bin/mkdir -p '/home/runner/work/glob2/glob2/build/music-web/opus/include/ogg'
2026-10-06T13:15:26.6001583Z  /usr/bin/install -c -m 644 /home/runner/work/glob2/glob2/build/music-web/sources/libogg-1.3.6/include/ogg/ogg.h /home/runner/work/glob2/glob2/build/music-web/sources/libogg-1.3.6/include/ogg/os_types.h '/home/runner/work/glob2/glob2/build/music-web/opus/include/ogg'
2026-10-06T13:15:26.6015917Z make[3]: Leaving directory '/home/runner/work/glob2/glob2/build/music-web/sources/ogg-build/include/ogg'
2026-10-06T13:15:26.6017865Z make[2]: Leaving directory '/home/runner/work/glob2/glob2/build/music-web/sources/ogg-build/include/ogg'
2026-10-06T13:15:26.6034267Z make[2]: Entering directory '/home/runner/work/glob2/glob2/build/music-web/sources/ogg-build/include'
2026-10-06T13:15:26.6050305Z make[3]: Entering directory '/home/runner/work/glob2/glob2/build/music-web/sources/ogg-build/include'
2026-10-06T13:15:26.6050989Z make[3]: Nothing to be done for 'install-exec-am'.
2026-10-06T13:15:26.6051590Z make[3]: Nothing to be done for 'install-data-am'.
2026-10-06T13:15:26.6052708Z make[3]: Leaving directory '/home/runner/work/glob2/glob2/build/music-web/sources/ogg-build/include'
2026-10-06T13:15:26.6053603Z make[2]: Leaving directory '/home/runner/work/glob2/glob2/build/music-web/sources/ogg-build/include'
2026-10-06T13:15:26.6055230Z make[1]: Leaving directory '/home/runner/work/glob2/glob2/build/music-web/sources/ogg-build/include'
2026-10-06T13:15:26.6056979Z Making install in doc
2026-10-06T13:15:26.6075235Z make[1]: Entering directory '/home/runner/work/glob2/glob2/build/music-web/sources/ogg-build/doc'
2026-10-06T13:15:26.6099451Z Making install in libogg
2026-10-06T13:15:26.6127194Z make[2]: Entering directory '/home/runner/work/glob2/glob2/build/music-web/sources/ogg-build/doc/libogg'
2026-10-06T13:15:26.6142999Z make[3]: Entering directory '/home/runner/work/glob2/glob2/build/music-web/sources/ogg-build/doc/libogg'
2026-10-06T13:15:26.6143792Z make[3]: Nothing to be done for 'install-exec-am'.
2026-10-06T13:15:26.6159995Z  /usr/bin/mkdir -p '/home/runner/work/glob2/glob2/build/music-web/opus/share/doc/libogg/libogg'
2026-10-06T13:15:26.6219345Z  /usr/bin/install -c -m 644 /home/runner/work/glob2/glob2/build/music-web/sources/libogg-1.3.6/doc/libogg/bitpacking.html /home/runner/work/glob2/glob2/build/music-web/sources/libogg-1.3.6/doc/libogg/datastructures.html /home/runner/work/glob2/glob2/build/music-web/sources/libogg-1.3.6/doc/libogg/decoding.html /home/runner/work/glob2/glob2/build/music-web/sources/libogg-1.3.6/doc/libogg/encoding.html /home/runner/work/glob2/glob2/build/music-web/sources/libogg-1.3.6/doc/libogg/general.html /home/runner/work/glob2/glob2/build/music-web/sources/libogg-1.3.6/doc/libogg/index.html /home/runner/work/glob2/glob2/build/music-web/sources/libogg-1.3.6/doc/libogg/ogg_iovec_t.html /home/runner/work/glob2/glob2/build/music-web/sources/libogg-1.3.6/doc/libogg/ogg_packet.html /home/runner/work/glob2/glob2/build/music-web/sources/libogg-1.3.6/doc/libogg/ogg_packet_clear.html /home/runner/work/glob2/glob2/build/music-web/sources/libogg-1.3.6/doc/libogg/ogg_page.html /home/runner/work/glob2/glob2/build/music-web/sources/libogg-1.3.6/doc/libogg/ogg_page_bos.html /home/runner/work/glob2/glob2/build/music-web/sources/libogg-1.3.6/doc/libogg/ogg_page_checksum_set.html /home/runner/work/glob2/glob2/build/music-web/sources/libogg-1.3.6/doc/libogg/ogg_page_continued.html /home/runner/work/glob2/glob2/build/music-web/sources/libogg-1.3.6/doc/libogg/ogg_page_eos.html /home/runner/work/glob2/glob2/build/music-web/sources/libogg-1.3.6/doc/libogg/ogg_page_granulepos.html /home/runner/work/glob2/glob2/build/music-web/sources/libogg-1.3.6/doc/libogg/ogg_page_packets.html /home/runner/work/glob2/glob2/build/music-web/sources/libogg-1.3.6/doc/libogg/ogg_page_pageno.html /home/runner/work/glob2/glob2/build/music-web/sources/libogg-1.3.6/doc/libogg/ogg_page_serialno.html /home/runner/work/glob2/glob2/build/music-web/sources/libogg-1.3.6/doc/libogg/ogg_page_version.html /home/runner/work/glob2/glob2/build/music-web/sources/libogg-1.3.6/doc/libogg/ogg_stream_check.html /home/runner/work/glob2/glob2/build/music-web/sources/libogg-1.3.6/doc/libogg/ogg_stream_clear.html /home/runner/work/glob2/glob2/build/music-web/sources/libogg-1.3.6/doc/libogg/ogg_stream_destroy.html /home/runner/work/glob2/glob2/build/music-web/sources/libogg-1.3.6/doc/libogg/ogg_stream_eos.html /home/runner/work/glob2/glob2/build/music-web/sources/libogg-1.3.6/doc/libogg/ogg_stream_flush.html /home/runner/work/glob2/glob2/build/music-web/sources/libogg-1.3.6/doc/libogg/ogg_stream_flush_fill.html /home/runner/work/glob2/glob2/build/music-web/sources/libogg-1.3.6/doc/libogg/ogg_stream_init.html /home/runner/work/glob2/glob2/build/music-web/sources/libogg-1.3.6/doc/libogg/ogg_stream_iovecin.html /home/runner/work/glob2/glob2/build/music-web/sources/libogg-1.3.6/doc/libogg/ogg_stream_packetin.html /home/runner/work/glob2/glob2/build/music-web/sources/libogg-1.3.6/doc/libogg/ogg_stream_packetout.html /home/runner/work/glob2/glob2/build/music-web/sources/libogg-1.3.6/doc/libogg/ogg_stream_packetpeek.html /home/runner/work/glob2/glob2/build/music-web/sources/libogg-1.3.6/doc/libogg/ogg_stream_pagein.html /home/runner/work/glob2/glob2/build/music-web/sources/libogg-1.3.6/doc/libogg/ogg_stream_pageout.html /home/runner/work/glob2/glob2/build/music-web/sources/libogg-1.3.6/doc/libogg/ogg_stream_pageout_fill.html /home/runner/work/glob2/glob2/build/music-web/sources/libogg-1.3.6/doc/libogg/ogg_stream_reset.html /home/runner/work/glob2/glob2/build/music-web/sources/libogg-1.3.6/doc/libogg/ogg_stream_reset_serialno.html /home/runner/work/glob2/glob2/build/music-web/sources/libogg-1.3.6/doc/libogg/ogg_stream_state.html /home/runner/work/glob2/glob2/build/music-web/sources/libogg-1.3.6/doc/libogg/ogg_sync_buffer.html /home/runner/work/glob2/glob2/build/music-web/sources/libogg-1.3.6/doc/libogg/ogg_sync_check.html /home/runner/work/glob2/glob2/build/music-web/sources/libogg-1.3.6/doc/libogg/ogg_sync_clear.html /home/runner/work/glob2/glob2/build/music-web/sources/libogg-1.3.6/doc/libogg/ogg_sync_destroy.html '/home/runner/work/glob2/glob2/build/music-web/opus/share/doc/libogg/libogg'
2026-10-06T13:15:26.6257209Z  /usr/bin/install -c -m 644 /home/runner/work/glob2/glob2/build/music-web/sources/libogg-1.3.6/doc/libogg/ogg_sync_init.html /home/runner/work/glob2/glob2/build/music-web/sources/libogg-1.3.6/doc/libogg/ogg_sync_pageout.html /home/runner/work/glob2/glob2/build/music-web/sources/libogg-1.3.6/doc/libogg/ogg_sync_pageseek.html /home/runner/work/glob2/glob2/build/music-web/sources/libogg-1.3.6/doc/libogg/ogg_sync_reset.html /home/runner/work/glob2/glob2/build/music-web/sources/libogg-1.3.6/doc/libogg/ogg_sync_state.html /home/runner/work/glob2/glob2/build/music-web/sources/libogg-1.3.6/doc/libogg/ogg_sync_wrote.html /home/runner/work/glob2/glob2/build/music-web/sources/libogg-1.3.6/doc/libogg/oggpack_adv.html /home/runner/work/glob2/glob2/build/music-web/sources/libogg-1.3.6/doc/libogg/oggpack_adv1.html /home/runner/work/glob2/glob2/build/music-web/sources/libogg-1.3.6/doc/libogg/oggpack_bits.html /home/runner/work/glob2/glob2/build/music-web/sources/libogg-1.3.6/doc/libogg/oggpack_buffer.html /home/runner/work/glob2/glob2/build/music-web/sources/libogg-1.3.6/doc/libogg/oggpack_bytes.html /home/runner/work/glob2/glob2/build/music-web/sources/libogg-1.3.6/doc/libogg/oggpack_get_buffer.html /home/runner/work/glob2/glob2/build/music-web/sources/libogg-1.3.6/doc/libogg/oggpack_look.html /home/runner/work/glob2/glob2/build/music-web/sources/libogg-1.3.6/doc/libogg/oggpack_look1.html /home/runner/work/glob2/glob2/build/music-web/sources/libogg-1.3.6/doc/libogg/oggpack_read.html /home/runner/work/glob2/glob2/build/music-web/sources/libogg-1.3.6/doc/libogg/oggpack_read1.html /home/runner/work/glob2/glob2/build/music-web/sources/libogg-1.3.6/doc/libogg/oggpack_readinit.html /home/runner/work/glob2/glob2/build/music-web/sources/libogg-1.3.6/doc/libogg/oggpack_reset.html /home/runner/work/glob2/glob2/build/music-web/sources/libogg-1.3.6/doc/libogg/oggpack_write.html /home/runner/work/glob2/glob2/build/music-web/sources/libogg-1.3.6/doc/libogg/oggpack_writealign.html /home/runner/work/glob2/glob2/build/music-web/sources/libogg-1.3.6/doc/libogg/oggpack_writecheck.html /home/runner/work/glob2/glob2/build/music-web/sources/libogg-1.3.6/doc/libogg/oggpack_writeclear.html /home/runner/work/glob2/glob2/build/music-web/sources/libogg-1.3.6/doc/libogg/oggpack_writecopy.html /home/runner/work/glob2/glob2/build/music-web/sources/libogg-1.3.6/doc/libogg/oggpack_writeinit.html /home/runner/work/glob2/glob2/build/music-web/sources/libogg-1.3.6/doc/libogg/oggpack_writetrunc.html /home/runner/work/glob2/glob2/build/music-web/sources/libogg-1.3.6/doc/libogg/overview.html /home/runner/work/glob2/glob2/build/music-web/sources/libogg-1.3.6/doc/libogg/reference.html /home/runner/work/glob2/glob2/build/music-web/sources/libogg-1.3.6/doc/libogg/style.css '/home/runner/work/glob2/glob2/build/music-web/opus/share/doc/libogg/libogg'
2026-10-06T13:15:26.6273849Z make[3]: Leaving directory '/home/runner/work/glob2/glob2/build/music-web/sources/ogg-build/doc/libogg'
2026-10-06T13:15:26.6275890Z make[2]: Leaving directory '/home/runner/work/glob2/glob2/build/music-web/sources/ogg-build/doc/libogg'
2026-10-06T13:15:26.6294311Z make[2]: Entering directory '/home/runner/work/glob2/glob2/build/music-web/sources/ogg-build/doc'
2026-10-06T13:15:26.6309899Z make[3]: Entering directory '/home/runner/work/glob2/glob2/build/music-web/sources/ogg-build/doc'
2026-10-06T13:15:26.6310667Z make[3]: Nothing to be done for 'install-exec-am'.
2026-10-06T13:15:26.6318514Z  /usr/bin/mkdir -p '/home/runner/work/glob2/glob2/build/music-web/opus/share/doc/libogg'
2026-10-06T13:15:26.6353659Z  /usr/bin/install -c -m 644 /home/runner/work/glob2/glob2/build/music-web/sources/libogg-1.3.6/doc/framing.html /home/runner/work/glob2/glob2/build/music-web/sources/libogg-1.3.6/doc/index.html /home/runner/work/glob2/glob2/build/music-web/sources/libogg-1.3.6/doc/oggstream.html /home/runner/work/glob2/glob2/build/music-web/sources/libogg-1.3.6/doc/ogg-multiplex.html /home/runner/work/glob2/glob2/build/music-web/sources/libogg-1.3.6/doc/fish_xiph_org.png /home/runner/work/glob2/glob2/build/music-web/sources/libogg-1.3.6/doc/multiplex1.png /home/runner/work/glob2/glob2/build/music-web/sources/libogg-1.3.6/doc/packets.png /home/runner/work/glob2/glob2/build/music-web/sources/libogg-1.3.6/doc/pages.png /home/runner/work/glob2/glob2/build/music-web/sources/libogg-1.3.6/doc/stream.png /home/runner/work/glob2/glob2/build/music-web/sources/libogg-1.3.6/doc/vorbisword2.png /home/runner/work/glob2/glob2/build/music-web/sources/libogg-1.3.6/doc/white-ogg.png /home/runner/work/glob2/glob2/build/music-web/sources/libogg-1.3.6/doc/white-xifish.png /home/runner/work/glob2/glob2/build/music-web/sources/libogg-1.3.6/doc/rfc3533.txt /home/runner/work/glob2/glob2/build/music-web/sources/libogg-1.3.6/doc/rfc5334.txt /home/runner/work/glob2/glob2/build/music-web/sources/libogg-1.3.6/doc/skeleton.html '/home/runner/work/glob2/glob2/build/music-web/opus/share/doc/libogg'
2026-10-06T13:15:26.6370481Z make[3]: Leaving directory '/home/runner/work/glob2/glob2/build/music-web/sources/ogg-build/doc'
2026-10-06T13:15:26.6371907Z make[2]: Leaving directory '/home/runner/work/glob2/glob2/build/music-web/sources/ogg-build/doc'
2026-10-06T13:15:26.6374849Z make[1]: Leaving directory '/home/runner/work/glob2/glob2/build/music-web/sources/ogg-build/doc'
2026-10-06T13:15:26.6392805Z make[1]: Entering directory '/home/runner/work/glob2/glob2/build/music-web/sources/ogg-build'
2026-10-06T13:15:26.6422409Z make[2]: Entering directory '/home/runner/work/glob2/glob2/build/music-web/sources/ogg-build'
2026-10-06T13:15:26.6423253Z make[2]: Nothing to be done for 'install-exec-am'.
2026-10-06T13:15:26.6428936Z  /usr/bin/mkdir -p '/home/runner/work/glob2/glob2/build/music-web/opus/share/aclocal'
2026-10-06T13:15:26.6454002Z  /usr/bin/install -c -m 644 /home/runner/work/glob2/glob2/build/music-web/sources/libogg-1.3.6/ogg.m4 '/home/runner/work/glob2/glob2/build/music-web/opus/share/aclocal'
2026-10-06T13:15:26.6473853Z  /usr/bin/mkdir -p '/home/runner/work/glob2/glob2/build/music-web/opus/lib/pkgconfig'
2026-10-06T13:15:26.6498098Z  /usr/bin/install -c -m 644 ogg.pc '/home/runner/work/glob2/glob2/build/music-web/opus/lib/pkgconfig'
2026-10-06T13:15:26.6512438Z make[2]: Leaving directory '/home/runner/work/glob2/glob2/build/music-web/sources/ogg-build'
2026-10-06T13:15:26.6513876Z make[1]: Leaving directory '/home/runner/work/glob2/glob2/build/music-web/sources/ogg-build'
2026-10-06T13:15:26.9528243Z checking whether make supports nested variables... yes
2026-10-06T13:15:26.9608748Z checking for a BSD-compatible install... /usr/bin/install -c
2026-10-06T13:15:26.9636790Z checking whether build environment is sane... yes
2026-10-06T13:15:26.9696423Z checking for wasm32-unknown-emscripten-strip... no
2026-10-06T13:15:26.9700522Z checking for strip... strip
2026-10-06T13:15:26.9723691Z checking for a race-free mkdir -p... /usr/bin/mkdir -p
2026-10-06T13:15:26.9729406Z checking for gawk... gawk
2026-10-06T13:15:26.9791221Z checking whether make sets $(MAKE)... yes
2026-10-06T13:15:26.9859096Z checking whether to enable maintainer-specific portions of Makefiles... yes
2026-10-06T13:15:27.1943248Z checking build system type... x86_64-pc-linux-gnux32
2026-10-06T13:15:27.1976762Z checking host system type... wasm32-unknown-emscripten
2026-10-06T13:15:27.2000477Z checking how to print strings... printf
2026-10-06T13:15:27.2073158Z checking whether make supports the include directive... yes (GNU style)
2026-10-06T13:15:27.2075503Z checking for wasm32-unknown-emscripten-gcc... /tmp/glob2-opus-tools-eyjj1ef5/cc
2026-10-06T13:15:28.2045826Z checking whether the C compiler works... yes
2026-10-06T13:15:28.2046615Z checking for C compiler default output file name... a.out
2026-10-06T13:15:28.6967641Z checking for suffix of executables... 
2026-10-06T13:15:29.4443149Z checking whether we are cross compiling... no
2026-10-06T13:15:29.5532352Z checking for suffix of object files... o
2026-10-06T13:15:29.6564747Z checking whether the compiler supports GNU C... yes
2026-10-06T13:15:29.7577536Z checking whether /tmp/glob2-opus-tools-eyjj1ef5/cc accepts -g... yes
2026-10-06T13:15:29.8748196Z checking for /tmp/glob2-opus-tools-eyjj1ef5/cc option to enable C11 features... none needed
2026-10-06T13:15:30.0758577Z checking whether /tmp/glob2-opus-tools-eyjj1ef5/cc understands -c and -o together... yes
2026-10-06T13:15:30.1933002Z checking dependency style of /tmp/glob2-opus-tools-eyjj1ef5/cc... gcc3
2026-10-06T13:15:30.1962211Z checking for a sed that does not truncate output... /usr/bin/sed
2026-10-06T13:15:30.1995549Z checking for grep that handles long lines and -e... /usr/bin/grep
2026-10-06T13:15:30.2011093Z checking for egrep... /usr/bin/grep -E
2026-10-06T13:15:30.2027027Z checking for fgrep... /usr/bin/grep -F
2026-10-06T13:15:30.3099574Z checking for ld used by /tmp/glob2-opus-tools-eyjj1ef5/cc... /bin/ld
2026-10-06T13:15:30.3122017Z checking if the linker (/bin/ld) is GNU ld... yes
2026-10-06T13:15:30.3124177Z checking for BSD- or MS-compatible name lister (nm)... /tmp/glob2-opus-tools-eyjj1ef5/nm
2026-10-06T13:15:30.4196432Z checking the name lister (/tmp/glob2-opus-tools-eyjj1ef5/nm) interface... BSD nm
2026-10-06T13:15:30.4197021Z checking whether ln -s works... yes
2026-10-06T13:15:30.4241868Z checking the maximum length of command line arguments... 3145728
2026-10-06T13:15:30.4268663Z checking how to convert x86_64-pc-linux-gnux32 file names to wasm32-unknown-emscripten format... func_convert_file_noop
2026-10-06T13:15:30.4270404Z checking how to convert x86_64-pc-linux-gnux32 file names to toolchain format... func_convert_file_noop
2026-10-06T13:15:30.4271584Z checking for /bin/ld option to reload object files... -r
2026-10-06T13:15:30.4277491Z checking for wasm32-unknown-emscripten-objdump... no
2026-10-06T13:15:30.4282929Z checking for objdump... objdump
2026-10-06T13:15:30.4286997Z checking how to recognize dependent libraries... unknown
2026-10-06T13:15:30.4293625Z checking for wasm32-unknown-emscripten-dlltool... no
2026-10-06T13:15:30.4299530Z checking for dlltool... no
2026-10-06T13:15:30.4301311Z checking how to associate runtime and link libraries... printf %s\n
2026-10-06T13:15:30.4303343Z checking for wasm32-unknown-emscripten-ar... /tmp/glob2-opus-tools-eyjj1ef5/ar
2026-10-06T13:15:30.6380615Z checking for archiver @FILE support... @
2026-10-06T13:15:30.6382003Z checking for wasm32-unknown-emscripten-strip... strip
2026-10-06T13:15:30.6385485Z checking for wasm32-unknown-emscripten-ranlib... /tmp/glob2-opus-tools-eyjj1ef5/ranlib
2026-10-06T13:15:31.4067002Z checking command to parse /tmp/glob2-opus-tools-eyjj1ef5/nm output from /tmp/glob2-opus-tools-eyjj1ef5/cc object... ok
2026-10-06T13:15:31.4093119Z checking for sysroot... no
2026-10-06T13:15:31.4137583Z checking for a working dd... /usr/bin/dd
2026-10-06T13:15:31.4175783Z checking how to truncate binary pipes... /usr/bin/dd bs=4096 count=1
2026-10-06T13:15:31.4184505Z checking for wasm32-unknown-emscripten-mt... no
2026-10-06T13:15:31.4189844Z checking for mt... mt
2026-10-06T13:15:31.4229367Z checking if mt is a manifest tool... no
2026-10-06T13:15:31.5277142Z checking for stdio.h... yes
2026-10-06T13:15:31.6328865Z checking for stdlib.h... yes
2026-10-06T13:15:31.7383581Z checking for string.h... yes
2026-10-06T13:15:31.8444644Z checking for inttypes.h... yes
2026-10-06T13:15:31.9499531Z checking for stdint.h... yes
2026-10-06T13:15:32.0557136Z checking for strings.h... yes
2026-10-06T13:15:32.1623091Z checking for sys/stat.h... yes
2026-10-06T13:15:32.2699917Z checking for sys/types.h... yes
2026-10-06T13:15:32.3784886Z checking for unistd.h... yes
2026-10-06T13:15:32.4867383Z checking for dlfcn.h... yes
2026-10-06T13:15:32.4901320Z checking for objdir... .libs
2026-10-06T13:15:33.1625462Z checking if /tmp/glob2-opus-tools-eyjj1ef5/cc supports -fno-rtti -fno-exceptions... no
2026-10-06T13:15:33.1626602Z checking for /tmp/glob2-opus-tools-eyjj1ef5/cc option to produce PIC... -fPIC -DPIC
2026-10-06T13:15:33.2683382Z checking if /tmp/glob2-opus-tools-eyjj1ef5/cc PIC flag -fPIC -DPIC works... yes
2026-10-06T13:15:33.7392800Z checking if /tmp/glob2-opus-tools-eyjj1ef5/cc static flag -static works... yes
2026-10-06T13:15:33.8533225Z checking if /tmp/glob2-opus-tools-eyjj1ef5/cc supports -c -o file.o... yes
2026-10-06T13:15:33.8534849Z checking if /tmp/glob2-opus-tools-eyjj1ef5/cc supports -c -o file.o... (cached) yes
2026-10-06T13:15:33.8595724Z checking whether the /tmp/glob2-opus-tools-eyjj1ef5/cc linker (/bin/ld) supports shared libraries... yes
2026-10-06T13:15:34.0852771Z checking dynamic linker characteristics... no
2026-10-06T13:15:34.0853762Z checking how to hardcode library paths into programs... immediate
2026-10-06T13:15:34.0871331Z checking whether stripping libraries is possible... yes
2026-10-06T13:15:34.0872202Z checking if libtool supports shared libraries... no
2026-10-06T13:15:34.0872863Z checking whether to build shared libraries... no
2026-10-06T13:15:34.0873521Z checking whether to build static libraries... yes
2026-10-06T13:15:34.1922318Z checking for an ANSI C-conforming const... yes
2026-10-06T13:15:34.2940422Z checking for inline... inline
2026-10-06T13:15:34.4102753Z checking dependency style of /tmp/glob2-opus-tools-eyjj1ef5/cc... gcc3
2026-10-06T13:15:34.5156903Z checking for C/C++ restrict keyword... __restrict
2026-10-06T13:15:34.6202718Z checking for C99 variable-size arrays... yes
2026-10-06T13:15:35.1108248Z checking for cos in -lm... yes
2026-10-06T13:15:35.3131146Z checking how to run the C preprocessor... /tmp/glob2-opus-tools-eyjj1ef5/cc -E
2026-10-06T13:15:35.5181516Z checking argument osce training data... no
2026-10-06T13:15:35.6196340Z checking if /tmp/glob2-opus-tools-eyjj1ef5/cc supports -fvisibility=hidden... yes
2026-10-06T13:15:36.0943035Z checking whether to add -D_FORTIFY_SOURCE=2 to CFLAGS... yes
2026-10-06T13:15:36.1971263Z checking if /tmp/glob2-opus-tools-eyjj1ef5/cc supports -Wall -Wextra -Wcast-align -Wnested-externs -Wshadow -Wstrict-prototypes... yes
2026-10-06T13:15:36.6992736Z checking for lrintf... yes
2026-10-06T13:15:37.1963048Z checking for lrint... yes
2026-10-06T13:15:37.3885359Z checking for __malloc_hook... no
2026-10-06T13:15:37.4094896Z checking that generated files are newer than configure... done
2026-10-06T13:15:37.4099503Z configure: creating ./config.status
2026-10-06T13:15:37.7653584Z config.status: creating Makefile
2026-10-06T13:15:37.7797834Z config.status: creating opus.pc
2026-10-06T13:15:37.7883080Z config.status: creating opus-uninstalled.pc
2026-10-06T13:15:37.7968185Z config.status: creating celt/arm/armopts.s
2026-10-06T13:15:37.8088033Z config.status: creating doc/Makefile
2026-10-06T13:15:37.8204850Z config.status: creating doc/Doxyfile
2026-10-06T13:15:37.8320994Z config.status: creating config.h
2026-10-06T13:15:37.8389793Z config.status: executing depfiles commands
2026-10-06T13:15:38.4469501Z config.status: executing libtool commands
2026-10-06T13:15:38.4536757Z configure:
2026-10-06T13:15:38.4537284Z ------------------------------------------------------------------------
2026-10-06T13:15:38.4537774Z   opus 1.5.2:  Automatic configuration OK.
2026-10-06T13:15:38.4538011Z 
2026-10-06T13:15:38.4538124Z     Compiler support:
2026-10-06T13:15:38.4538277Z 
2026-10-06T13:15:38.4538425Z       C99 var arrays: ................ yes
2026-10-06T13:15:38.4538809Z       C99 lrintf: .................... yes
2026-10-06T13:15:38.4539265Z       Use alloca: .................... no (using var arrays)
2026-10-06T13:15:38.4539614Z 
2026-10-06T13:15:38.4539770Z     General configuration:
2026-10-06T13:15:38.4539998Z 
2026-10-06T13:15:38.4540200Z       Floating point support: ........ yes
2026-10-06T13:15:38.4540607Z       Fast float approximations: ..... no
2026-10-06T13:15:38.4540988Z       Fixed point debugging: ......... no
2026-10-06T13:15:38.4541583Z       Inline Assembly Optimizations: . No inline ASM for your platform, please send patches
2026-10-06T13:15:38.4542182Z       External Assembly Optimizations: 
2026-10-06T13:15:38.4542576Z       Intrinsics Optimizations: ...... no
2026-10-06T13:15:38.4542957Z       Run-time CPU detection: ........ no
2026-10-06T13:15:38.4543315Z       Custom modes: .................. no
2026-10-06T13:15:38.4543675Z       Assertion checking: ............ no
2026-10-06T13:15:38.4544024Z       Hardening: ..................... yes
2026-10-06T13:15:38.4544611Z       Fuzzing: ....................... no
2026-10-06T13:15:38.4544959Z       Check ASM: ..................... no
2026-10-06T13:15:38.4545476Z 
2026-10-06T13:15:38.4545638Z       API documentation: ............. no
2026-10-06T13:15:38.4545998Z       Extra programs: ................ no
2026-10-06T13:15:38.4546544Z ------------------------------------------------------------------------
2026-10-06T13:15:38.4547053Z 
2026-10-06T13:15:38.4547367Z  Type "make; make install" to compile and install
2026-10-06T13:15:38.4548043Z  Type "make check" to run the test suite
2026-10-06T13:15:38.4548398Z 
2026-10-06T13:15:38.4973003Z make  all-recursive
2026-10-06T13:15:38.5050763Z make[1]: Entering directory '/home/runner/work/glob2/glob2/build/music-web/sources/opus-build'
2026-10-06T13:15:38.5160883Z make[2]: Entering directory '/home/runner/work/glob2/glob2/build/music-web/sources/opus-build'
2026-10-06T13:15:38.5382566Z   CC       celt/bands.lo
2026-10-06T13:15:38.5383255Z   CC       celt/celt.lo
2026-10-06T13:15:38.5385546Z   CC       celt/celt_encoder.lo
2026-10-06T13:15:38.5417477Z make[3]: Entering directory '/home/runner/work/glob2/glob2/build/music-web/sources/opus-build/doc'
2026-10-06T13:15:38.5422532Z make[3]: Nothing to be done for 'all'.
2026-10-06T13:15:38.5424060Z make[3]: Leaving directory '/home/runner/work/glob2/glob2/build/music-web/sources/opus-build/doc'
2026-10-06T13:15:38.5425761Z   CC       celt/celt_decoder.lo
2026-10-06T13:15:38.7726284Z   CC       celt/cwrs.lo
2026-10-06T13:15:38.9816349Z   CC       celt/entcode.lo
2026-10-06T13:15:39.0207763Z   CC       celt/entdec.lo
2026-10-06T13:15:39.0877404Z   CC       celt/entenc.lo
2026-10-06T13:15:39.1995455Z   CC       celt/kiss_fft.lo
2026-10-06T13:15:39.2626453Z   CC       celt/laplace.lo
2026-10-06T13:15:39.3256240Z   CC       celt/mathops.lo
2026-10-06T13:15:39.3784726Z   CC       celt/mdct.lo
2026-10-06T13:15:39.4869498Z   CC       celt/modes.lo
2026-10-06T13:15:39.4936600Z   CC       celt/pitch.lo
2026-10-06T13:15:39.5276344Z   CC       celt/celt_lpc.lo
2026-10-06T13:15:39.6136474Z   CC       celt/quant_bands.lo
2026-10-06T13:15:39.7116289Z   CC       celt/rate.lo
2026-10-06T13:15:39.7972566Z   CC       celt/vq.lo
2026-10-06T13:15:39.8016226Z   CC       silk/CNG.lo
2026-10-06T13:15:39.9106285Z   CC       silk/code_signs.lo
2026-10-06T13:15:40.0036187Z   CC       silk/init_decoder.lo
2026-10-06T13:15:40.0846251Z   CC       silk/decode_core.lo
2026-10-06T13:15:40.0966076Z   CC       silk/decode_frame.lo
2026-10-06T13:15:40.1266231Z   CC       silk/decode_parameters.lo
2026-10-06T13:15:40.2014128Z   CC       silk/decode_indices.lo
2026-10-06T13:15:40.3046574Z   CC       silk/decode_pulses.lo
2026-10-06T13:15:40.3551340Z   CC       silk/decoder_set_fs.lo
2026-10-06T13:15:40.3746065Z   CC       silk/dec_API.lo
2026-10-06T13:15:40.4196316Z   CC       silk/enc_API.lo
2026-10-06T13:15:40.5276356Z   CC       silk/encode_indices.lo
2026-10-06T13:15:40.5786541Z   CC       silk/encode_pulses.lo
2026-10-06T13:15:40.6466238Z   CC       silk/gain_quant.lo
2026-10-06T13:15:40.7514381Z   CC       silk/interpolate.lo
2026-10-06T13:15:40.7619396Z   CC       silk/LP_variable_cutoff.lo
2026-10-06T13:15:40.8382374Z   CC       silk/NLSF_decode.lo
2026-10-06T13:15:40.8757236Z   CC       silk/NSQ.lo
2026-10-06T13:15:40.9646356Z   CC       silk/NSQ_del_dec.lo
2026-10-06T13:15:40.9802064Z   CC       silk/PLC.lo
2026-10-06T13:15:41.0554131Z   CC       silk/shell_coder.lo
2026-10-06T13:15:41.2297068Z   CC       silk/tables_gain.lo
2026-10-06T13:15:41.2896235Z   CC       silk/tables_LTP.lo
2026-10-06T13:15:41.3116745Z   CC       silk/tables_NLSF_CB_NB_MB.lo
2026-10-06T13:15:41.4006227Z   CC       silk/tables_NLSF_CB_WB.lo
2026-10-06T13:15:41.4317074Z   CC       silk/tables_other.lo
2026-10-06T13:15:41.4906183Z   CC       silk/tables_pitch_lag.lo
2026-10-06T13:15:41.5119884Z   CC       silk/tables_pulses_per_block.lo
2026-10-06T13:15:41.6046251Z   CC       silk/VAD.lo
2026-10-06T13:15:41.6356151Z   CC       silk/control_audio_bandwidth.lo
2026-10-06T13:15:41.6876452Z   CC       silk/quant_LTP_gains.lo
2026-10-06T13:15:41.7245747Z   CC       silk/VQ_WMat_EC.lo
2026-10-06T13:15:41.8446408Z   CC       silk/HP_variable_cutoff.lo
2026-10-06T13:15:41.8932517Z   CC       silk/NLSF_encode.lo
2026-10-06T13:15:41.9146692Z   CC       silk/NLSF_VQ.lo
2026-10-06T13:15:41.9556329Z   CC       silk/NLSF_unpack.lo
2026-10-06T13:15:42.0617481Z   CC       silk/NLSF_del_dec_quant.lo
2026-10-06T13:15:42.1192635Z   CC       silk/process_NLSFs.lo
2026-10-06T13:15:42.1301994Z   CC       silk/stereo_LR_to_MS.lo
2026-10-06T13:15:42.1562836Z   CC       silk/stereo_MS_to_LR.lo
2026-10-06T13:15:42.3186669Z   CC       silk/check_control_input.lo
2026-10-06T13:15:42.3407085Z   CC       silk/control_SNR.lo
2026-10-06T13:15:42.3816519Z   CC       silk/init_encoder.lo
2026-10-06T13:15:42.3896057Z   CC       silk/control_codec.lo
2026-10-06T13:15:42.5388372Z   CC       silk/A2NLSF.lo
2026-10-06T13:15:42.5507609Z   CC       silk/ana_filt_bank_1.lo
2026-10-06T13:15:42.5876283Z   CC       silk/biquad_alt.lo
2026-10-06T13:15:42.6416391Z   CC       silk/bwexpander_32.lo
2026-10-06T13:15:42.7606407Z   CC       silk/bwexpander.lo
2026-10-06T13:15:42.7901172Z   CC       silk/debug.lo
2026-10-06T13:15:42.8110424Z   CC       silk/decode_pitch.lo
2026-10-06T13:15:42.8537318Z   CC       silk/inner_prod_aligned.lo
2026-10-06T13:15:42.9646168Z   CC       silk/lin2log.lo
2026-10-06T13:15:42.9725751Z   CC       silk/log2lin.lo
2026-10-06T13:15:43.0193334Z   CC       silk/LPC_analysis_filter.lo
2026-10-06T13:15:43.0546498Z   CC       silk/LPC_inv_pred_gain.lo
2026-10-06T13:15:43.1696751Z   CC       silk/table_LSF_cos.lo
2026-10-06T13:15:43.1705598Z   CC       silk/NLSF2A.lo
2026-10-06T13:15:43.2356827Z   CC       silk/NLSF_stabilize.lo
2026-10-06T13:15:43.3056521Z   CC       silk/NLSF_VQ_weights_laroia.lo
2026-10-06T13:15:43.3736333Z   CC       silk/pitch_est_tables.lo
2026-10-06T13:15:43.4066348Z   CC       silk/resampler.lo
2026-10-06T13:15:43.4566334Z   CC       silk/resampler_down2_3.lo
2026-10-06T13:15:43.5126368Z   CC       silk/resampler_down2.lo
2026-10-06T13:15:43.5746943Z   CC       silk/resampler_private_AR2.lo
2026-10-06T13:15:43.6342213Z   CC       silk/resampler_private_down_FIR.lo
2026-10-06T13:15:43.6726344Z   CC       silk/resampler_private_IIR_FIR.lo
2026-10-06T13:15:43.7206351Z   CC       silk/resampler_private_up2_HQ.lo
2026-10-06T13:15:43.7826500Z   CC       silk/resampler_rom.lo
2026-10-06T13:15:43.8781040Z   CC       silk/sigm_Q15.lo
2026-10-06T13:15:43.9333116Z   CC       silk/sort.lo
2026-10-06T13:15:43.9351733Z   CC       silk/sum_sqr_shift.lo
2026-10-06T13:15:43.9926451Z   CC       silk/stereo_decode_pred.lo
2026-10-06T13:15:44.0786382Z   CC       silk/stereo_encode_pred.lo
2026-10-06T13:15:44.1356233Z   CC       silk/stereo_find_predictor.lo
2026-10-06T13:15:44.1385708Z   CC       silk/stereo_quant_pred.lo
2026-10-06T13:15:44.2036078Z   CC       silk/LPC_fit.lo
2026-10-06T13:15:44.3097994Z   CC       silk/float/apply_sine_window_FLP.lo
2026-10-06T13:15:44.3786148Z   CC       silk/float/corrMatrix_FLP.lo
2026-10-06T13:15:44.3875940Z   CC       silk/float/encode_frame_FLP.lo
2026-10-06T13:15:44.4705867Z   CC       silk/float/find_LPC_FLP.lo
2026-10-06T13:15:44.5286332Z   CC       silk/float/find_LTP_FLP.lo
2026-10-06T13:15:44.5926294Z   CC       silk/float/find_pitch_lags_FLP.lo
2026-10-06T13:15:44.6696339Z   CC       silk/float/find_pred_coefs_FLP.lo
2026-10-06T13:15:44.6976349Z   CC       silk/float/LPC_analysis_filter_FLP.lo
2026-10-06T13:15:44.7358738Z   CC       silk/float/LTP_analysis_filter_FLP.lo
2026-10-06T13:15:44.8116369Z   CC       silk/float/LTP_scale_ctrl_FLP.lo
2026-10-06T13:15:44.8936354Z   CC       silk/float/noise_shape_analysis_FLP.lo
2026-10-06T13:15:44.9386892Z   CC       silk/float/process_gains_FLP.lo
2026-10-06T13:15:44.9513584Z   CC       silk/float/regularize_correlations_FLP.lo
2026-10-06T13:15:45.0246326Z   CC       silk/float/residual_energy_FLP.lo
2026-10-06T13:15:45.1634103Z   CC       silk/float/warped_autocorrelation_FLP.lo
2026-10-06T13:15:45.1649685Z   CC       silk/float/wrappers_FLP.lo
2026-10-06T13:15:45.1689359Z   CC       silk/float/autocorrelation_FLP.lo
2026-10-06T13:15:45.2566362Z   CC       silk/float/burg_modified_FLP.lo
2026-10-06T13:15:45.3721568Z   CC       silk/float/bwexpander_FLP.lo
2026-10-06T13:15:45.3805784Z   CC       silk/float/energy_FLP.lo
2026-10-06T13:15:45.4186097Z   CC       silk/float/inner_product_FLP.lo
2026-10-06T13:15:45.5056281Z   CC       silk/float/k2a_FLP.lo
2026-10-06T13:15:45.5836048Z   CC       silk/float/LPC_inv_pred_gain_FLP.lo
2026-10-06T13:15:45.5846359Z   CC       silk/float/pitch_analysis_core_FLP.lo
2026-10-06T13:15:45.6296196Z   CC       silk/float/scale_copy_vector_FLP.lo
2026-10-06T13:15:45.7183129Z   CC       silk/float/scale_vector_FLP.lo
2026-10-06T13:15:45.7938143Z   CC       silk/float/schur_FLP.lo
2026-10-06T13:15:45.8406180Z   CC       silk/float/sort_FLP.lo
2026-10-06T13:15:45.9156042Z   CC       src/opus.lo
2026-10-06T13:15:45.9403272Z   CC       src/opus_decoder.lo
2026-10-06T13:15:46.0156161Z   CC       src/opus_encoder.lo
2026-10-06T13:15:46.0576138Z   CC       src/extensions.lo
2026-10-06T13:15:46.1826425Z   CC       src/opus_multistream.lo
2026-10-06T13:15:46.3026299Z   CC       src/opus_multistream_encoder.lo
2026-10-06T13:15:46.3211742Z   CC       src/opus_multistream_decoder.lo
2026-10-06T13:15:46.4046281Z   CC       src/repacketizer.lo
2026-10-06T13:15:46.5947095Z   CC       src/opus_projection_encoder.lo
2026-10-06T13:15:46.6882094Z   CC       src/opus_projection_decoder.lo
2026-10-06T13:15:46.6899516Z   CC       src/mapping_matrix.lo
2026-10-06T13:15:46.7606549Z   CC       src/analysis.lo
2026-10-06T13:15:46.8446267Z   CC       src/mlp.lo
2026-10-06T13:15:46.9164323Z   CC       src/mlp_data.lo
2026-10-06T13:15:47.1344802Z   CCLD     libopus.la
2026-10-06T13:15:47.6932969Z make[2]: Leaving directory '/home/runner/work/glob2/glob2/build/music-web/sources/opus-build'
2026-10-06T13:15:47.6937869Z make[1]: Leaving directory '/home/runner/work/glob2/glob2/build/music-web/sources/opus-build'
2026-10-06T13:15:47.7222581Z make  install-recursive
2026-10-06T13:15:47.7485064Z make[1]: Entering directory '/home/runner/work/glob2/glob2/build/music-web/sources/opus-build'
2026-10-06T13:15:47.7778234Z make[2]: Entering directory '/home/runner/work/glob2/glob2/build/music-web/sources/opus-build'
2026-10-06T13:15:47.7999299Z make[3]: Entering directory '/home/runner/work/glob2/glob2/build/music-web/sources/opus-build/doc'
2026-10-06T13:15:47.8000062Z make[3]: Nothing to be done for 'all'.
2026-10-06T13:15:47.8001140Z make[3]: Leaving directory '/home/runner/work/glob2/glob2/build/music-web/sources/opus-build/doc'
2026-10-06T13:15:47.8265527Z make[3]: Entering directory '/home/runner/work/glob2/glob2/build/music-web/sources/opus-build'
2026-10-06T13:15:47.8432809Z  /usr/bin/mkdir -p '/home/runner/work/glob2/glob2/build/music-web/opus/lib'
2026-10-06T13:15:47.8443271Z  /bin/sh ./libtool   --mode=install /usr/bin/install -c   libopus.la '/home/runner/work/glob2/glob2/build/music-web/opus/lib'
2026-10-06T13:15:47.8543877Z libtool: install: /usr/bin/install -c .libs/libopus.lai /home/runner/work/glob2/glob2/build/music-web/opus/lib/libopus.la
2026-10-06T13:15:47.8567998Z libtool: install: /usr/bin/install -c .libs/libopus.a /home/runner/work/glob2/glob2/build/music-web/opus/lib/libopus.a
2026-10-06T13:15:47.8579685Z libtool: install: chmod 644 /home/runner/work/glob2/glob2/build/music-web/opus/lib/libopus.a
2026-10-06T13:15:47.8586965Z libtool: install: /tmp/glob2-opus-tools-eyjj1ef5/ranlib /home/runner/work/glob2/glob2/build/music-web/opus/lib/libopus.a
2026-10-06T13:15:47.9201584Z make[4]: Entering directory '/home/runner/work/glob2/glob2/build/music-web/sources/opus-build/doc'
2026-10-06T13:15:47.9216616Z make[5]: Entering directory '/home/runner/work/glob2/glob2/build/music-web/sources/opus-build/doc'
2026-10-06T13:15:47.9217255Z make[5]: Nothing to be done for 'install-exec-am'.
2026-10-06T13:15:47.9218042Z make[5]: Nothing to be done for 'install-data-am'.
2026-10-06T13:15:47.9219143Z make[5]: Leaving directory '/home/runner/work/glob2/glob2/build/music-web/sources/opus-build/doc'
2026-10-06T13:15:47.9220357Z make[4]: Leaving directory '/home/runner/work/glob2/glob2/build/music-web/sources/opus-build/doc'
2026-10-06T13:15:47.9230059Z  /usr/bin/mkdir -p '/home/runner/work/glob2/glob2/build/music-web/opus/share/aclocal'
2026-10-06T13:15:47.9253949Z  /usr/bin/install -c -m 644 /home/runner/work/glob2/glob2/build/music-web/sources/opus-1.5.2/opus.m4 '/home/runner/work/glob2/glob2/build/music-web/opus/share/aclocal'
2026-10-06T13:15:47.9274142Z  /usr/bin/mkdir -p '/home/runner/work/glob2/glob2/build/music-web/opus/lib/pkgconfig'
2026-10-06T13:15:47.9298421Z  /usr/bin/install -c -m 644 opus.pc '/home/runner/work/glob2/glob2/build/music-web/opus/lib/pkgconfig'
2026-10-06T13:15:47.9321071Z  /usr/bin/mkdir -p '/home/runner/work/glob2/glob2/build/music-web/opus/include/opus'
2026-10-06T13:15:47.9348211Z  /usr/bin/install -c -m 644 /home/runner/work/glob2/glob2/build/music-web/sources/opus-1.5.2/include/opus.h /home/runner/work/glob2/glob2/build/music-web/sources/opus-1.5.2/include/opus_multistream.h /home/runner/work/glob2/glob2/build/music-web/sources/opus-1.5.2/include/opus_types.h /home/runner/work/glob2/glob2/build/music-web/sources/opus-1.5.2/include/opus_defines.h /home/runner/work/glob2/glob2/build/music-web/sources/opus-1.5.2/include/opus_projection.h '/home/runner/work/glob2/glob2/build/music-web/opus/include/opus'
2026-10-06T13:15:47.9362973Z make[3]: Leaving directory '/home/runner/work/glob2/glob2/build/music-web/sources/opus-build'
2026-10-06T13:15:47.9366838Z make[2]: Leaving directory '/home/runner/work/glob2/glob2/build/music-web/sources/opus-build'
2026-10-06T13:15:47.9372710Z make[1]: Leaving directory '/home/runner/work/glob2/glob2/build/music-web/sources/opus-build'
2026-10-06T13:15:48.0446289Z checking for wasm32-unknown-emscripten-gcc... /tmp/glob2-opus-tools-eyjj1ef5/cc
2026-10-06T13:15:48.9301228Z checking whether the C compiler works... yes
2026-10-06T13:15:48.9302253Z checking for C compiler default output file name... a.out
2026-10-06T13:15:49.4111984Z checking for suffix of executables... 
2026-10-06T13:15:50.1414469Z checking whether we are cross compiling... no
2026-10-06T13:15:50.2493340Z checking for suffix of object files... o
2026-10-06T13:15:50.3519758Z checking whether we are using the GNU C compiler... yes
2026-10-06T13:15:50.4527886Z checking whether /tmp/glob2-opus-tools-eyjj1ef5/cc accepts -g... yes
2026-10-06T13:15:50.5660772Z checking for /tmp/glob2-opus-tools-eyjj1ef5/cc option to accept ISO C89... none needed
2026-10-06T13:15:50.7668128Z checking whether /tmp/glob2-opus-tools-eyjj1ef5/cc understands -c and -o together... yes
2026-10-06T13:15:50.9682300Z checking how to run the C preprocessor... /tmp/glob2-opus-tools-eyjj1ef5/cc -E
2026-10-06T13:15:51.1725527Z checking for grep that handles long lines and -e... /usr/bin/grep
2026-10-06T13:15:51.1740288Z checking for egrep... /usr/bin/grep -E
2026-10-06T13:15:51.9954555Z checking for ANSI C header files... yes
2026-10-06T13:15:52.1084958Z checking for sys/types.h... yes
2026-10-06T13:15:52.2204255Z checking for sys/stat.h... yes
2026-10-06T13:15:52.3330311Z checking for stdlib.h... yes
2026-10-06T13:15:52.4464771Z checking for string.h... yes
2026-10-06T13:15:52.5593166Z checking for memory.h... yes
2026-10-06T13:15:52.6718468Z checking for strings.h... yes
2026-10-06T13:15:52.7849653Z checking for inttypes.h... yes
2026-10-06T13:15:52.8981269Z checking for stdint.h... yes
2026-10-06T13:15:53.0122767Z checking for unistd.h... yes
2026-10-06T13:15:53.1283988Z checking minix/config.h usability... no
2026-10-06T13:15:53.2322607Z checking minix/config.h presence... no
2026-10-06T13:15:53.2323018Z checking for minix/config.h... no
2026-10-06T13:15:53.3435553Z checking whether it is safe to define __EXTENSIONS__... yes
2026-10-06T13:15:53.3438831Z checking for special C compiler options needed for large files... no
2026-10-06T13:15:53.4478276Z checking for _FILE_OFFSET_BITS value needed for large files... no
2026-10-06T13:15:53.4574737Z checking for a BSD-compatible install... /usr/bin/install -c
2026-10-06T13:15:53.4604525Z checking whether build environment is sane... yes
2026-10-06T13:15:53.4681398Z checking for a thread-safe mkdir -p... /usr/bin/mkdir -p
2026-10-06T13:15:53.4686677Z checking for gawk... gawk
2026-10-06T13:15:53.4749355Z checking whether make sets $(MAKE)... yes
2026-10-06T13:15:53.4849412Z checking whether make supports the include directive... yes (GNU style)
2026-10-06T13:15:53.4874231Z checking whether make supports nested variables... yes
2026-10-06T13:15:53.6044181Z checking dependency style of /tmp/glob2-opus-tools-eyjj1ef5/cc... gcc3
2026-10-06T13:15:53.6069512Z checking whether to enable maintainer-specific portions of Makefiles... yes
2026-10-06T13:15:53.8181365Z checking build system type... x86_64-pc-linux-gnux32
2026-10-06T13:15:53.8214306Z checking host system type... wasm32-unknown-emscripten
2026-10-06T13:15:53.8232879Z checking how to print strings... printf
2026-10-06T13:15:53.8273981Z checking for a sed that does not truncate output... /usr/bin/sed
2026-10-06T13:15:53.8298621Z checking for fgrep... /usr/bin/grep -F
2026-10-06T13:15:53.9383058Z checking for ld used by /tmp/glob2-opus-tools-eyjj1ef5/cc... /bin/ld
2026-10-06T13:15:53.9406236Z checking if the linker (/bin/ld) is GNU ld... yes
2026-10-06T13:15:53.9408413Z checking for BSD- or MS-compatible name lister (nm)... /tmp/glob2-opus-tools-eyjj1ef5/nm
2026-10-06T13:15:54.0493329Z checking the name lister (/tmp/glob2-opus-tools-eyjj1ef5/nm) interface... BSD nm
2026-10-06T13:15:54.0493900Z checking whether ln -s works... yes
2026-10-06T13:15:54.0536762Z checking the maximum length of command line arguments... 3145728
2026-10-06T13:15:54.0563449Z checking how to convert x86_64-pc-linux-gnux32 file names to wasm32-unknown-emscripten format... func_convert_file_noop
2026-10-06T13:15:54.0566151Z checking how to convert x86_64-pc-linux-gnux32 file names to toolchain format... func_convert_file_noop
2026-10-06T13:15:54.0567777Z checking for /bin/ld option to reload object files... -r
2026-10-06T13:15:54.0572269Z checking for wasm32-unknown-emscripten-objdump... no
2026-10-06T13:15:54.0577378Z checking for objdump... objdump
2026-10-06T13:15:54.0580398Z checking how to recognize dependent libraries... unknown
2026-10-06T13:15:54.0586179Z checking for wasm32-unknown-emscripten-dlltool... no
2026-10-06T13:15:54.0591168Z checking for dlltool... no
2026-10-06T13:15:54.0592578Z checking how to associate runtime and link libraries... printf %s\n
2026-10-06T13:15:54.0594046Z checking for wasm32-unknown-emscripten-ar... /tmp/glob2-opus-tools-eyjj1ef5/ar
2026-10-06T13:15:54.2664715Z checking for archiver @FILE support... @
2026-10-06T13:15:54.2670574Z checking for wasm32-unknown-emscripten-strip... no
2026-10-06T13:15:54.2675576Z checking for strip... strip
2026-10-06T13:15:54.2677811Z checking for wasm32-unknown-emscripten-ranlib... /tmp/glob2-opus-tools-eyjj1ef5/ranlib
2026-10-06T13:15:54.8757827Z checking command to parse /tmp/glob2-opus-tools-eyjj1ef5/nm output from /tmp/glob2-opus-tools-eyjj1ef5/cc object... ok
2026-10-06T13:15:54.8783674Z checking for sysroot... no
2026-10-06T13:15:54.8830375Z checking for a working dd... /usr/bin/dd
2026-10-06T13:15:54.8867961Z checking how to truncate binary pipes... /usr/bin/dd bs=4096 count=1
2026-10-06T13:15:54.8876681Z checking for wasm32-unknown-emscripten-mt... no
2026-10-06T13:15:54.8881583Z checking for mt... mt
2026-10-06T13:15:54.8921192Z checking if mt is a manifest tool... no
2026-10-06T13:15:55.0018409Z checking for dlfcn.h... yes
2026-10-06T13:15:55.0061466Z checking for objdir... .libs
2026-10-06T13:15:55.6933979Z checking if /tmp/glob2-opus-tools-eyjj1ef5/cc supports -fno-rtti -fno-exceptions... no
2026-10-06T13:15:55.6935563Z checking for /tmp/glob2-opus-tools-eyjj1ef5/cc option to produce PIC... -fPIC -DPIC
2026-10-06T13:15:55.7986151Z checking if /tmp/glob2-opus-tools-eyjj1ef5/cc PIC flag -fPIC -DPIC works... yes
2026-10-06T13:15:56.2775868Z checking if /tmp/glob2-opus-tools-eyjj1ef5/cc static flag -static works... yes
2026-10-06T13:15:56.3913052Z checking if /tmp/glob2-opus-tools-eyjj1ef5/cc supports -c -o file.o... yes
2026-10-06T13:15:56.3913893Z checking if /tmp/glob2-opus-tools-eyjj1ef5/cc supports -c -o file.o... (cached) yes
2026-10-06T13:15:56.3974761Z checking whether the /tmp/glob2-opus-tools-eyjj1ef5/cc linker (/bin/ld) supports shared libraries... yes
2026-10-06T13:15:56.6080864Z checking dynamic linker characteristics... no
2026-10-06T13:15:56.6081828Z checking how to hardcode library paths into programs... immediate
2026-10-06T13:15:56.6099224Z checking whether stripping libraries is possible... yes
2026-10-06T13:15:56.6101325Z checking if libtool supports shared libraries... no
2026-10-06T13:15:56.6101994Z checking whether to build shared libraries... no
2026-10-06T13:15:56.6102683Z checking whether to build static libraries... yes
2026-10-06T13:15:56.6108254Z checking whether make supports nested variables... (cached) yes
2026-10-06T13:15:57.0894028Z checking if /tmp/glob2-opus-tools-eyjj1ef5/cc supports -std=c89 flag... yes
2026-10-06T13:15:57.5738665Z checking if /tmp/glob2-opus-tools-eyjj1ef5/cc supports -pedantic flag... yes
2026-10-06T13:15:58.0838789Z checking if /tmp/glob2-opus-tools-eyjj1ef5/cc supports -Wall flag... yes
2026-10-06T13:15:58.5801766Z checking if /tmp/glob2-opus-tools-eyjj1ef5/cc supports -Wextra flag... yes
2026-10-06T13:15:59.0739060Z checking if /tmp/glob2-opus-tools-eyjj1ef5/cc supports -Wno-parentheses flag... yes
2026-10-06T13:15:59.6072291Z checking if /tmp/glob2-opus-tools-eyjj1ef5/cc supports -Wno-long-long flag... yes
2026-10-06T13:15:59.6104178Z checking for wasm32-unknown-emscripten-pkg-config... no
2026-10-06T13:15:59.6109062Z checking for pkg-config... /usr/bin/pkg-config
2026-10-06T13:15:59.6326982Z checking pkg-config is at least version 0.9.0... yes
2026-10-06T13:15:59.6398397Z checking for ogg >= 1.3 opus >= 1.0.1... yes
2026-10-06T13:16:00.1147347Z checking for library containing lrintf... none required
2026-10-06T13:16:00.3505728Z checking for /tmp/glob2-opus-tools-eyjj1ef5/cc way to treat warnings as errors... 
2026-10-06T13:16:00.4581631Z checking if /tmp/glob2-opus-tools-eyjj1ef5/cc supports __attribute__(( visibility("default") ))... yes
2026-10-06T13:16:00.9342096Z checking if /tmp/glob2-opus-tools-eyjj1ef5/cc supports -fvisibility=hidden... yes
2026-10-06T13:16:00.9541438Z checking that generated files are newer than configure... done
2026-10-06T13:16:00.9543050Z configure: creating ./config.status
2026-10-06T13:16:01.3076468Z config.status: creating Makefile
2026-10-06T13:16:01.3167860Z config.status: creating opusfile.pc
2026-10-06T13:16:01.3251875Z config.status: creating opusurl.pc
2026-10-06T13:16:01.3336811Z config.status: creating opusfile-uninstalled.pc
2026-10-06T13:16:01.3420913Z config.status: creating opusurl-uninstalled.pc
2026-10-06T13:16:01.3505776Z config.status: creating doc/Doxyfile
2026-10-06T13:16:01.3623599Z config.status: creating config.h
2026-10-06T13:16:01.3690521Z config.status: executing depfiles commands
2026-10-06T13:16:01.4122692Z config.status: executing libtool commands
2026-10-06T13:16:01.4188664Z configure:
2026-10-06T13:16:01.4189337Z ------------------------------------------------------------------------
2026-10-06T13:16:01.4190093Z   opusfile 0.12: Automatic configuration OK.
2026-10-06T13:16:01.4190450Z 
2026-10-06T13:16:01.4190655Z     Assertions ................... no
2026-10-06T13:16:01.4190958Z 
2026-10-06T13:16:01.4191212Z     HTTP support ................. no
2026-10-06T13:16:01.4191941Z     Fixed-point .................. no
2026-10-06T13:16:01.4192546Z     Floating-point API ........... yes
2026-10-06T13:16:01.4193134Z     Library for lrintf() ......... none required
2026-10-06T13:16:01.4193503Z 
2026-10-06T13:16:01.4193712Z     Hidden visibility ............ yes
2026-10-06T13:16:01.4194048Z 
2026-10-06T13:16:01.4194269Z     API code examples ............ no
2026-10-06T13:16:01.4194786Z     API documentation ............ no
2026-10-06T13:16:01.4195802Z ------------------------------------------------------------------------
2026-10-06T13:16:01.4196224Z 
2026-10-06T13:16:01.4460254Z make  all-am
2026-10-06T13:16:01.4483621Z make[1]: Entering directory '/home/runner/work/glob2/glob2/build/music-web/sources/opusfile-build'
2026-10-06T13:16:01.4521113Z   CC       src/info.lo
2026-10-06T13:16:01.4531365Z   CC       src/internal.lo
2026-10-06T13:16:01.4550009Z   CC       src/opusfile.lo
2026-10-06T13:16:01.4557551Z   CC       src/stream.lo
2026-10-06T13:16:01.6626127Z   CC       src/libopusurl_la-http.lo
2026-10-06T13:16:01.6716025Z   CC       src/libopusurl_la-internal.lo
2026-10-06T13:16:01.8647441Z /home/runner/work/glob2/glob2/build/music-web/sources/opusfile-0.12/src/http.c:3470:31: warning: performing pointer subtraction with a null pointer has undefined behavior [-Wnull-pointer-subtraction]
2026-10-06T13:16:01.8648461Z  3470 |     request=va_arg(_ap,char *)-(char *)NULL;
2026-10-06T13:16:01.8648844Z       |                               ^~~~~~~~~~~~~
2026-10-06T13:16:01.9017827Z 1 warning generated.
2026-10-06T13:16:02.1142021Z   CCLD     libopusfile.la
2026-10-06T13:16:02.2834098Z   CCLD     libopusurl.la
2026-10-06T13:16:02.4453278Z make[1]: Leaving directory '/home/runner/work/glob2/glob2/build/music-web/sources/opusfile-build'
2026-10-06T13:16:02.4580851Z make[1]: Entering directory '/home/runner/work/glob2/glob2/build/music-web/sources/opusfile-build'
2026-10-06T13:16:02.4639852Z  /usr/bin/mkdir -p '/home/runner/work/glob2/glob2/build/music-web/opus/lib'
2026-10-06T13:16:02.4650101Z  /bin/sh ./libtool   --mode=install /usr/bin/install -c   libopusfile.la libopusurl.la '/home/runner/work/glob2/glob2/build/music-web/opus/lib'
2026-10-06T13:16:02.4749179Z libtool: install: /usr/bin/install -c .libs/libopusfile.lai /home/runner/work/glob2/glob2/build/music-web/opus/lib/libopusfile.la
2026-10-06T13:16:02.4787312Z libtool: install: /usr/bin/install -c .libs/libopusurl.lai /home/runner/work/glob2/glob2/build/music-web/opus/lib/libopusurl.la
2026-10-06T13:16:02.4810660Z libtool: install: /usr/bin/install -c .libs/libopusfile.a /home/runner/work/glob2/glob2/build/music-web/opus/lib/libopusfile.a
2026-10-06T13:16:02.4821022Z libtool: install: chmod 644 /home/runner/work/glob2/glob2/build/music-web/opus/lib/libopusfile.a
2026-10-06T13:16:02.4828186Z libtool: install: /tmp/glob2-opus-tools-eyjj1ef5/ranlib /home/runner/work/glob2/glob2/build/music-web/opus/lib/libopusfile.a
2026-10-06T13:16:02.5346576Z libtool: install: /usr/bin/install -c .libs/libopusurl.a /home/runner/work/glob2/glob2/build/music-web/opus/lib/libopusurl.a
2026-10-06T13:16:02.5356578Z libtool: install: chmod 644 /home/runner/work/glob2/glob2/build/music-web/opus/lib/libopusurl.a
2026-10-06T13:16:02.5363061Z libtool: install: /tmp/glob2-opus-tools-eyjj1ef5/ranlib /home/runner/work/glob2/glob2/build/music-web/opus/lib/libopusurl.a
2026-10-06T13:16:02.5964743Z  /usr/bin/mkdir -p '/home/runner/work/glob2/glob2/build/music-web/opus/share/doc/opusfile'
2026-10-06T13:16:02.5991895Z  /usr/bin/install -c -m 644 /home/runner/work/glob2/glob2/build/music-web/sources/opusfile-0.12/COPYING /home/runner/work/glob2/glob2/build/music-web/sources/opusfile-0.12/AUTHORS /home/runner/work/glob2/glob2/build/music-web/sources/opusfile-0.12/README.md '/home/runner/work/glob2/glob2/build/music-web/opus/share/doc/opusfile'
2026-10-06T13:16:02.6013229Z  /usr/bin/mkdir -p '/home/runner/work/glob2/glob2/build/music-web/opus/include/opus'
2026-10-06T13:16:02.6038141Z  /usr/bin/install -c -m 644 /home/runner/work/glob2/glob2/build/music-web/sources/opusfile-0.12/include/opusfile.h '/home/runner/work/glob2/glob2/build/music-web/opus/include/opus'
2026-10-06T13:16:02.6060840Z  /usr/bin/mkdir -p '/home/runner/work/glob2/glob2/build/music-web/opus/lib/pkgconfig'
2026-10-06T13:16:02.6083361Z  /usr/bin/install -c -m 644 opusfile.pc opusurl.pc '/home/runner/work/glob2/glob2/build/music-web/opus/lib/pkgconfig'
2026-10-06T13:16:02.6099597Z make[1]: Leaving directory '/home/runner/work/glob2/glob2/build/music-web/sources/opusfile-build'
2026-10-06T13:16:05.9372926Z [36mvite v8.3.2 [32mbuilding client environment for production...[36m[39m
2026-10-06T13:16:05.9498292Z transforming...
2026-10-06T13:16:08.6440210Z ✓ 2049 modules transformed.
2026-10-06T13:16:08.9128775Z rendering chunks...
2026-10-06T13:16:09.7776491Z computing gzip size...
2026-10-06T13:16:09.8312106Z dist/index.html                                          1.57 kB │ gzip:   0.67 kB
2026-10-06T13:16:09.8313230Z dist/assets/hospital-CZ8mxl8H.webp                       4.16 kB
2026-10-06T13:16:09.8314229Z dist/assets/glob-64-DRYAgOz9.png                         4.51 kB
2026-10-06T13:16:09.8315421Z dist/assets/school-3kPEHozp.webp                         4.60 kB
2026-10-06T13:16:09.8316332Z dist/assets/war-flag-ClpBapaP.webp                       4.61 kB
2026-10-06T13:16:09.8317416Z dist/assets/exploration-flag-DEYVuIyb.webp               5.54 kB
2026-10-06T13:16:09.8318473Z dist/assets/wood-BvhIq-A_.webp                           5.59 kB
2026-10-06T13:16:09.8319482Z dist/assets/clearing-flag-Dr2FX3nZ.webp                  5.94 kB
2026-10-06T13:16:09.8320438Z dist/assets/stone-CR7HLFDE.webp                          6.14 kB
2026-10-06T13:16:09.8321352Z dist/assets/racetrack-BEfp0i51.webp                      6.45 kB
2026-10-06T13:16:09.8322258Z dist/assets/inn-pEFHk1BY.webp                            6.51 kB
2026-10-06T13:16:09.8323157Z dist/assets/fruit-C8P4nJfl.webp                          7.36 kB
2026-10-06T13:16:09.8324058Z dist/assets/papyrus-sl-e5iDV.webp                        7.49 kB
2026-10-06T13:16:09.8324961Z dist/assets/algae-Cf7k497T.webp                          7.53 kB
2026-10-06T13:16:09.8326064Z dist/assets/swarm-C7Cw-oud.webp                          9.26 kB
2026-10-06T13:16:09.8326995Z dist/assets/wordmark-letters-Cs-rHGsD.webp              14.87 kB
2026-10-06T13:16:09.8328269Z dist/assets/studio-demo-ready-6TPlwnsP.png              15.58 kB
2026-10-06T13:16:09.8329216Z dist/assets/studio-river-LCG01wyA.webp                  18.11 kB
2026-10-06T13:16:09.8330128Z dist/assets/worker-east-Bqinqqlq.webp                   22.38 kB
2026-10-06T13:16:09.8331044Z dist/assets/studio-islands-I4eUbnJe.webp                26.99 kB
2026-10-06T13:16:09.8331981Z dist/assets/nunito-latin-wght-normal-BzFMHfZw.woff2     39.12 kB
2026-10-06T13:16:09.8332941Z dist/assets/studio-demo-layout-DGT4ihyt.png             58.33 kB
2026-10-06T13:16:09.8333880Z dist/assets/studio-demo-crop-CdI6sdAV.png               58.96 kB
2026-10-06T13:16:09.8334800Z dist/assets/studio-hills-JCRT_X_C.webp                 116.12 kB
2026-10-06T13:16:09.8336202Z dist/assets/codicon-ngg6Pgfi.ttf                       121.97 kB
2026-10-06T13:16:09.8337111Z dist/assets/colony-960-DI2K-hM_.webp                   159.77 kB
2026-10-06T13:16:09.8338012Z dist/assets/editor.worker-O-CH8JUO.js                  280.62 kB
2026-10-06T13:16:09.8338919Z dist/assets/colony-1600-yR11DKDO.webp                  385.40 kB
2026-10-06T13:16:09.8339833Z dist/assets/json.worker-B4dEhy0e.js                    409.98 kB
2026-10-06T13:16:09.8340725Z dist/assets/html.worker-JUzsMP-j.js                    720.23 kB
2026-10-06T13:16:09.8341613Z dist/assets/css.worker-DFdt6_zu.js                   1,055.17 kB
2026-10-06T13:16:09.8342524Z dist/assets/colony-loop-DySpPHVm.mp4                 6,831.27 kB
2026-10-06T13:16:09.8343419Z dist/assets/ts.worker-CmEKzkmF.js                    6,905.53 kB
2026-10-06T13:16:09.8344599Z dist/assets/Account-BY2xzm8t.css                         1.05 kB │ gzip:   0.43 kB
2026-10-06T13:16:09.8346180Z dist/assets/AiStudio-BxPoZYIn.css                        2.87 kB │ gzip:   1.08 kB
2026-10-06T13:16:09.8347409Z dist/assets/Ais-Cl7SnRIn.css                             3.00 kB │ gzip:   1.10 kB
2026-10-06T13:16:09.8348648Z dist/assets/MusicStudio-C67Q_0oH.css                     7.29 kB │ gzip:   2.23 kB
2026-10-06T13:16:09.8349904Z dist/assets/studio-DaAahn2K.css                         34.57 kB │ gzip:   7.19 kB
2026-10-06T13:16:09.8351081Z dist/assets/index-43pOvdHj.css                          81.46 kB │ gzip:  20.06 kB
2026-10-06T13:16:09.8352297Z dist/assets/editor-Br_kD0ds.css                        145.98 kB │ gzip:  22.61 kB
2026-10-06T13:16:09.8353936Z dist/assets/studio-Df1pgbLs.js                           0.56 kB │ gzip:   0.34 kB │ map:      2.47 kB
2026-10-06T13:16:09.8355592Z dist/assets/rolldown-runtime-hePW80VL.js                 0.71 kB │ gzip:   0.42 kB
2026-10-06T13:16:09.8357189Z dist/assets/javascript-B4R-vfPS.js                       0.73 kB │ gzip:   0.44 kB │ map:      1.94 kB
2026-10-06T13:16:09.8358712Z dist/assets/azcli-Bc_sGQ0U.js                            0.75 kB │ gzip:   0.32 kB │ map:      2.33 kB
2026-10-06T13:16:09.8360146Z dist/assets/ini-sBoK_t0W.js                              1.00 kB │ gzip:   0.52 kB │ map:      3.04 kB
2026-10-06T13:16:09.8361627Z dist/assets/csp-bTuwJoIa.js                              1.31 kB │ gzip:   0.51 kB │ map:      2.89 kB
2026-10-06T13:16:09.8363040Z dist/assets/preload-helper-DjzSQ1t3.js                   1.38 kB │ gzip:   0.75 kB
2026-10-06T13:16:09.8364547Z dist/assets/pla-CopQ2nXW.js                              1.58 kB │ gzip:   0.64 kB │ map:      4.95 kB
2026-10-06T13:16:09.8366448Z dist/assets/scheme-BeGwcela.js                           1.67 kB │ gzip:   0.81 kB │ map:      4.37 kB
2026-10-06T13:16:09.8367848Z dist/assets/flow9-C5_-GSwl.js                            1.71 kB │ gzip:   0.85 kB │ map:      4.94 kB
2026-10-06T13:16:09.8369034Z dist/assets/sb-CcwsVR0C.js                               1.72 kB │ gzip:   0.82 kB │ map:      4.85 kB
2026-10-06T13:16:09.8370080Z dist/assets/bat-i0X4ZdIN.js                              1.73 kB │ gzip:   0.85 kB │ map:      4.59 kB
2026-10-06T13:16:09.8371400Z dist/assets/dockerfile-DZFCIeNp.js                       1.77 kB │ gzip:   0.66 kB │ map:      5.39 kB
2026-10-06T13:16:09.8373175Z dist/assets/pascaligo-D-ptJ9y-.js                        1.90 kB │ gzip:   0.90 kB │ map:      5.74 kB
2026-10-06T13:16:09.8374618Z dist/assets/xml-B_K0K6Px.js                              1.96 kB │ gzip:   0.77 kB │ map:     10.22 kB
2026-10-06T13:16:09.8376107Z dist/assets/cameligo-DMUM7wLl.js                         2.02 kB │ gzip:   0.95 kB │ map:      6.04 kB
2026-10-06T13:16:09.8377457Z dist/assets/lua-CsQS60Ue.js                              2.02 kB │ gzip:   0.92 kB │ map:      5.93 kB
2026-10-06T13:16:09.8378775Z dist/assets/objective-c-FvmIjYaQ.js                      2.15 kB │ gzip:   1.04 kB │ map:      5.73 kB
2026-10-06T13:16:09.8380071Z dist/assets/graphql-fmXr3nnJ.js                          2.16 kB │ gzip:   1.03 kB │ map:      6.21 kB
2026-10-06T13:16:09.8381343Z dist/assets/sparql-D_Lu-MrJ.js                           2.26 kB │ gzip:   1.14 kB │ map:      6.10 kB
2026-10-06T13:16:09.8382546Z dist/assets/lexon-CfSJPG6W.js                            2.33 kB │ gzip:   0.92 kB │ map:      6.49 kB
2026-10-06T13:16:09.8383760Z dist/assets/mips-CIPQ_RoX.js                             2.36 kB │ gzip:   1.06 kB │ map:      6.67 kB
2026-10-06T13:16:09.8384906Z dist/assets/go-C-y9NEjX.js                               2.39 kB │ gzip:   1.15 kB │ map:      7.14 kB
2026-10-06T13:16:09.8386555Z dist/assets/bicep-B5-_aFwp.js                            2.41 kB │ gzip:   0.95 kB │ map:      6.35 kB
2026-10-06T13:16:09.8387897Z dist/assets/sophia-CRfGWb83.js                           2.52 kB │ gzip:   1.19 kB │ map:      6.79 kB
2026-10-06T13:16:09.8389137Z dist/assets/m3-D-oSqn_W.js                               2.56 kB │ gzip:   1.32 kB │ map:      6.80 kB
2026-10-06T13:16:09.8390346Z dist/assets/typespec-B8J7ngcE.js                         2.67 kB │ gzip:   1.05 kB │ map:      7.12 kB
2026-10-06T13:16:09.8391605Z dist/assets/pascal-DrH0SRf2.js                           2.68 kB │ gzip:   1.38 kB │ map:      7.44 kB
2026-10-06T13:16:09.8392860Z dist/assets/fsharp-C8Ef5oNN.js                           2.69 kB │ gzip:   1.31 kB │ map:      7.11 kB
2026-10-06T13:16:09.8394164Z dist/assets/qsharp-DkqhCAOL.js                           2.76 kB │ gzip:   1.41 kB │ map:      7.82 kB
2026-10-06T13:16:09.8395853Z dist/assets/shell-CC2rA5mh.js                            2.85 kB │ gzip:   1.20 kB │ map:      7.52 kB
2026-10-06T13:16:09.8397134Z dist/assets/r-BwWrilGY.js                                2.87 kB │ gzip:   1.28 kB │ map:      7.66 kB
2026-10-06T13:16:09.8398710Z dist/assets/java-BEtHBSE6.js                             2.94 kB │ gzip:   1.38 kB │ map:      7.99 kB
2026-10-06T13:16:09.8400003Z dist/assets/cssMode-DjXow13a.js                          3.00 kB │ gzip:   1.17 kB │ map:     14.83 kB
2026-10-06T13:16:09.8401308Z dist/assets/redis-ClamHrr6.js                            3.07 kB │ gzip:   1.45 kB │ map:      7.81 kB
2026-10-06T13:16:09.8402501Z dist/assets/kotlin-BOotOW0E.js                           3.08 kB │ gzip:   1.45 kB │ map:      8.13 kB
2026-10-06T13:16:09.8403709Z dist/assets/cypher-CVaqCwHa.js                           3.09 kB │ gzip:   1.43 kB │ map:      8.27 kB
2026-10-06T13:16:09.8404943Z dist/assets/powershell-DmHpPYUd.js                       3.10 kB │ gzip:   1.37 kB │ map:      8.64 kB
2026-10-06T13:16:09.8406375Z dist/assets/tcl-DISqw1ZD.js                              3.31 kB │ gzip:   1.36 kB │ map:      8.37 kB
2026-10-06T13:16:09.8407584Z dist/assets/liquid-BPYKTQik.js                           3.38 kB │ gzip:   1.46 kB │ map:     13.59 kB
2026-10-06T13:16:09.8408812Z dist/assets/coffee-Ba7i2nA0.js                           3.40 kB │ gzip:   1.28 kB │ map:      9.33 kB
2026-10-06T13:16:09.8410049Z dist/assets/htmlMode-lM-QaNF2.js                         3.45 kB │ gzip:   1.28 kB │ map:     16.12 kB
2026-10-06T13:16:09.8411260Z dist/assets/hcl-CpzslTdj.js                              3.49 kB │ gzip:   1.49 kB │ map:      8.14 kB
2026-10-06T13:16:09.8412559Z dist/assets/python-CYcnbbI0.js                           3.50 kB │ gzip:   1.46 kB │ map:     15.20 kB
2026-10-06T13:16:09.8413958Z dist/assets/apex-BWPQTe0t.js                             3.51 kB │ gzip:   1.74 kB │ map:      9.70 kB
2026-10-06T13:16:09.8415348Z dist/assets/yaml-BOA8zHmy.js                             3.58 kB │ gzip:   1.33 kB │ map:     14.63 kB
2026-10-06T13:16:09.8416589Z dist/assets/markdown-Cimd5fb3.js                         3.68 kB │ gzip:   1.38 kB │ map:     10.49 kB
2026-10-06T13:16:09.8418060Z dist/assets/rust-DdL9SqIa.js                             3.70 kB │ gzip:   1.84 kB │ map:      9.62 kB
2026-10-06T13:16:09.8419349Z dist/assets/less-B9JPFI3C.js                             3.79 kB │ gzip:   1.40 kB │ map:      8.80 kB
2026-10-06T13:16:09.8420695Z dist/assets/restructuredtext-BYgofb2h.js                 3.79 kB │ gzip:   1.37 kB │ map:      9.01 kB
2026-10-06T13:16:09.8422095Z dist/assets/dart-onAF5SnQ.js                             3.97 kB │ gzip:   1.64 kB │ map:     10.31 kB
2026-10-06T13:16:09.8423417Z dist/assets/csharp-BKxtCVv1.js                           4.16 kB │ gzip:   1.70 kB │ map:     11.20 kB
2026-10-06T13:16:09.8424765Z dist/assets/msdax-DauUninz.js                            4.31 kB │ gzip:   1.91 kB │ map:     10.16 kB
2026-10-06T13:16:09.8426263Z dist/assets/mdx-E_zH5w06.js                              4.36 kB │ gzip:   1.25 kB │ map:     15.76 kB
2026-10-06T13:16:09.8427572Z dist/assets/css-DIMkf-bt.js                              4.40 kB │ gzip:   1.37 kB │ map:     10.80 kB
2026-10-06T13:16:09.8428864Z dist/assets/LineChart-BDMt7faY.js                        4.41 kB │ gzip:   1.93 kB │ map:     16.65 kB
2026-10-06T13:16:09.8430178Z dist/assets/pug-Z5eAx3Zn.js                              4.50 kB │ gzip:   1.64 kB │ map:     13.21 kB
2026-10-06T13:16:09.8431477Z dist/assets/swift-Bxkupp3x.js                            4.52 kB │ gzip:   2.02 kB │ map:     10.78 kB
2026-10-06T13:16:09.8432781Z dist/assets/html-BOEK-QRu.js                             4.55 kB │ gzip:   1.19 kB │ map:     17.64 kB
2026-10-06T13:16:09.8434080Z dist/assets/ecl-D05T4iGw.js                              4.66 kB │ gzip:   2.23 kB │ map:     11.67 kB
2026-10-06T13:16:09.8435920Z dist/assets/typescript-eigtfLzs.js                       4.72 kB │ gzip:   1.98 kB │ map:     17.32 kB
2026-10-06T13:16:09.8437418Z dist/assets/cpp-C7h46wYY.js                              4.78 kB │ gzip:   2.06 kB │ map:     12.12 kB
2026-10-06T13:16:09.8438815Z dist/assets/vb-DV3o63ZY.js                               5.34 kB │ gzip:   2.05 kB │ map:     12.82 kB
2026-10-06T13:16:09.8440502Z dist/assets/twig-De2hgUGE.js                             5.82 kB │ gzip:   1.52 kB │ map:     16.01 kB
2026-10-06T13:16:09.8441881Z dist/assets/art-CMkPXVvl.js                              6.07 kB │ gzip:   4.46 kB │ map:     10.17 kB
2026-10-06T13:16:09.8458240Z dist/assets/scss-gp-XZpBa.js                             6.30 kB │ gzip:   1.74 kB │ map:     15.77 kB
2026-10-06T13:16:09.8459676Z dist/assets/handlebars-CSh1zEJR.js                       6.33 kB │ gzip:   1.41 kB │ map:     21.64 kB
2026-10-06T13:16:09.8460938Z dist/assets/state-BjWvAdEt.js                            6.51 kB │ gzip:   2.48 kB │ map:     23.15 kB
2026-10-06T13:16:09.8462136Z dist/assets/julia-Bri6UV-V.js                            6.54 kB │ gzip:   2.68 kB │ map:     16.24 kB
2026-10-06T13:16:09.8463358Z dist/assets/systemverilog-Bz4Y3fRF.js                    6.90 kB │ gzip:   2.76 kB │ map:     17.05 kB
2026-10-06T13:16:09.8464583Z dist/assets/st-DbInun42.js                               6.98 kB │ gzip:   2.28 kB │ map:     16.61 kB
2026-10-06T13:16:09.8466015Z dist/assets/scala-DHpiXF5c.js                            7.15 kB │ gzip:   2.11 kB │ map:     17.55 kB
2026-10-06T13:16:09.8467222Z dist/assets/wgsl-DpFanUEy.js                             7.22 kB │ gzip:   2.76 kB │ map:     13.92 kB
2026-10-06T13:16:09.8468411Z dist/assets/perl-oz_6vUea.js                             7.39 kB │ gzip:   3.13 kB │ map:     18.59 kB
2026-10-06T13:16:09.8469626Z dist/assets/postiats-43DmfD33.js                         7.41 kB │ gzip:   2.43 kB │ map:     26.26 kB
2026-10-06T13:16:09.8471032Z dist/assets/php-nr791fC2.js                              7.78 kB │ gzip:   2.06 kB │ map:     19.44 kB
2026-10-06T13:16:09.8472241Z dist/assets/razor-B4ublwSK.js                            8.15 kB │ gzip:   2.08 kB │ map:     25.96 kB
2026-10-06T13:16:09.8473481Z dist/assets/clojure-Cm7r79vr.js                          8.25 kB │ gzip:   3.53 kB │ map:     17.86 kB
2026-10-06T13:16:09.8474712Z dist/assets/ruby-DezsRK8O.js                             8.25 kB │ gzip:   2.59 kB │ map:     22.89 kB
2026-10-06T13:16:09.8476197Z dist/assets/jsx-runtime-BNakU3Ej.js                      8.29 kB │ gzip:   3.15 kB │ map:     32.65 kB
2026-10-06T13:16:09.8477411Z dist/assets/sql-NEE52Syq.js                              8.88 kB │ gzip:   3.78 kB │ map:     20.58 kB
2026-10-06T13:16:09.8478609Z dist/assets/protobuf-C531GsRP.js                         8.94 kB │ gzip:   2.08 kB │ map:     21.63 kB
2026-10-06T13:16:09.8479847Z dist/assets/Player-B7aNgqLl.js                           9.00 kB │ gzip:   3.06 kB │ map:     26.65 kB
2026-10-06T13:16:09.8481073Z dist/assets/mysql-SOo6toE5.js                            9.70 kB │ gzip:   4.02 kB │ map:     20.92 kB
2026-10-06T13:16:09.8482277Z dist/assets/elixir-6RTg0lbw.js                          10.16 kB │ gzip:   2.54 kB │ map:     27.30 kB
2026-10-06T13:16:09.8483444Z dist/assets/redshift-DT7zqm-g.js                        10.37 kB │ gzip:   4.28 kB │ map:     20.80 kB
2026-10-06T13:16:09.8484611Z dist/assets/abap-08VXUWAP.js                            11.73 kB │ gzip:   5.18 kB │ map:     28.58 kB
2026-10-06T13:16:09.8485986Z dist/assets/pgsql-DTj74zXo.js                           11.95 kB │ gzip:   4.47 kB │ map:     22.84 kB
2026-10-06T13:16:09.8487286Z dist/assets/Admin-DGaHxKkn.js                           12.22 kB │ gzip:   3.80 kB │ map:     35.67 kB
2026-10-06T13:16:09.8488472Z dist/assets/jsonMode-CmFDvNnd.js                        12.22 kB │ gzip:   4.48 kB │ map:     79.41 kB
2026-10-06T13:16:09.8489649Z dist/assets/Library-BKa2aK2M.js                         15.31 kB │ gzip:   4.85 kB │ map:     44.62 kB
2026-10-06T13:16:09.8490848Z dist/assets/powerquery-D3hlyOfw.js                      15.39 kB │ gzip:   4.77 kB │ map:     26.37 kB
2026-10-06T13:16:09.8492226Z dist/assets/freemarker2-BlDkF-qS.js                     15.59 kB │ gzip:   4.01 kB │ map:     63.64 kB
2026-10-06T13:16:09.8493420Z dist/assets/solidity-BEEn4gHE.js                        16.03 kB │ gzip:   4.43 kB │ map:     32.04 kB
2026-10-06T13:16:09.8494802Z dist/assets/Match-D3cbc6xs.js                           16.09 kB │ gzip:   5.16 kB │ map:     46.54 kB
2026-10-06T13:16:09.8496187Z dist/assets/Cover--dre6p6k.js                           17.48 kB │ gzip:   6.02 kB │ map:     50.36 kB
2026-10-06T13:16:09.8497363Z dist/assets/Ais-j8i-d2vQ.js                             20.99 kB │ gzip:   6.80 kB │ map:     64.15 kB
2026-10-06T13:16:09.8498534Z dist/assets/Maps-ChAFoJFI.js                            21.76 kB │ gzip:   6.75 kB │ map:     65.90 kB
2026-10-06T13:16:09.8499718Z dist/assets/tsMode-DB5Vc9YP.js                          21.85 kB │ gzip:   6.17 kB │ map:     82.96 kB
2026-10-06T13:16:09.8500918Z dist/assets/AiStudio-DyLJSnmR.js                        23.02 kB │ gzip:   7.73 kB │ map:     74.36 kB
2026-10-06T13:16:09.8502133Z dist/assets/MusicStudio-5GLkcYle.js                     27.98 kB │ gzip:   9.16 kB │ map:     89.27 kB
2026-10-06T13:16:09.8503425Z dist/assets/lspLanguageFeatures-CVqJuzBb.js             28.28 kB │ gzip:   7.21 kB │ map:    138.83 kB
2026-10-06T13:16:09.8504695Z dist/assets/Account-BK-ErSRZ.js                         33.68 kB │ gzip:  10.21 kB │ map:    110.30 kB
2026-10-06T13:16:09.8506113Z dist/assets/MapStudio-DdB4kMnq.js                       44.02 kB │ gzip:  13.51 kB │ map:    136.45 kB
2026-10-06T13:16:09.8507341Z dist/assets/Editor-DsQBa_q8.js                          76.98 kB │ gzip:  21.95 kB │ map:    298.86 kB
2026-10-06T13:16:09.8508544Z dist/assets/index-DiD4QOQX.js                          534.84 kB │ gzip: 164.73 kB │ map:  2,568.33 kB
2026-10-06T13:16:09.8510045Z dist/assets/editor.api2-C21O8rKV.js                  3,624.78 kB │ gzip: 926.27 kB │ map: 14,175.80 kB
2026-10-06T13:16:09.8510630Z 
2026-10-06T13:16:09.8511013Z [33m[plugin builtin:vite-reporter] 
2026-10-06T13:16:09.8511779Z (!) Some chunks are larger than 500 kB after minification. Consider:
2026-10-06T13:16:09.8512628Z - Using dynamic import() to code-split the application
2026-10-06T13:16:09.8514069Z - Use build.rolldownOptions.output.codeSplitting to improve chunking: https://rolldown.rs/reference/OutputOptions.codeSplitting
2026-10-06T13:16:09.8515949Z - Adjust chunk size limit for this warning via build.chunkSizeWarningLimit.[39m
2026-10-06T13:16:09.8517315Z [33m[33m[PLUGIN_TIMINGS] [0mJavaScript callbacks ran for 3.1s of this 3.9s build (80%).
2026-10-06T13:16:09.8519312Z 4 callbacks are listed without a time. Their calls overlapped, so the time inside one call includes work from other calls. To find their cost, profile the build with `node --cpu-prof`:
2026-10-06T13:16:09.8520717Z   - plugin vite:asset load (28 calls)
2026-10-06T13:16:09.8521290Z   - plugin vite:css transform (111 calls)
2026-10-06T13:16:09.8521945Z   - plugin vite:worker-import-meta-url transform (4 calls)
2026-10-06T13:16:09.8522590Z   … and 1 more
2026-10-06T13:16:09.8523443Z See https://rolldown.rs/reference/InputOptions.checks#bundlertimings for more details.
2026-10-06T13:16:09.8524286Z [39m
2026-10-06T13:16:09.8524734Z [32m✓ built in 3.90s[39m
2026-10-06T13:16:09.8965445Z ##[group]Run npm test
2026-10-06T13:16:09.8965737Z [36;1mnpm test[0m
2026-10-06T13:16:09.9027363Z shell: /usr/bin/bash -e {0}
2026-10-06T13:16:09.9027628Z env:
2026-10-06T13:16:09.9027834Z   GLOB2_DEV_MODE: isolated
2026-10-06T13:16:09.9028506Z   TEST_DATABASE_URL: ***localhost:5432/postgres
2026-10-06T13:16:09.9028843Z ##[endgroup]
2026-10-06T13:16:10.0156077Z 
2026-10-06T13:16:10.0156513Z > test
2026-10-06T13:16:10.0156925Z > vitest run
2026-10-06T13:16:10.0157144Z 
2026-10-06T13:16:10.3174574Z 
2026-10-06T13:16:10.3178739Z [1m[30m[46m RUN [49m[39m[22m [36mv5.0.3 [39m[90m/home/runner/work/glob2/glob2/platform[39m
2026-10-06T13:16:10.3179489Z 
2026-10-06T13:16:13.6850209Z  [32m✓[39m packages/play/test/ratings.test.ts [2m([22m[2m35 tests[22m[2m)[22m[33m 1877[2mms[22m[39m
2026-10-06T13:16:18.4091428Z  [32m✓[39m packages/db/test/schema.test.ts [2m([22m[2m9 tests[22m[2m)[22m[33m 6881[2mms[22m[39m
2026-10-06T13:16:18.4093043Z    [32m✓[39m migrations [2m(7)[22m
2026-10-06T13:16:18.4094176Z      [33m[2m✓[22m[39m upgrades the online foundation without replacing account data[33m 1172[2mms[22m[39m
2026-10-06T13:16:18.4095968Z      [33m[2m✓[22m[39m apply from an empty database and are idempotent[33m 881[2mms[22m[39m
2026-10-06T13:16:18.4097589Z      [33m[2m✓[22m[39m upgrades an existing platform database through all skin migrations[33m 1148[2mms[22m[39m
2026-10-06T13:16:18.4099295Z      [33m[2m✓[22m[39m keeps published skin versions on the classic swarm and keys versions by mesh[33m 891[2mms[22m[39m
2026-10-06T13:16:18.4101501Z      [33m[2m✓[22m[39m replaces colony-v1 skins with colony-v2, keeping purchases and preset products[33m 1167[2mms[22m[39m
2026-10-06T13:16:18.4108718Z      [33m[2m✓[22m[39m preserves legacy skin content at angle zero and keys new versions by validated angle[33m 1241[2mms[22m[39m
2026-10-06T13:16:18.7779696Z  [32m✓[39m apps/api/test/matches.test.ts [2m([22m[2m22 tests[22m[2m)[22m[33m 5597[2mms[22m[39m
2026-10-06T13:16:18.7783831Z    [32m✓[39m AccessPolicy [2m(2)[22m
2026-10-06T13:16:18.7785771Z      [33m[2m✓[22m[39m denies hosting, joining and queueing through an injected policy[33m 319[2mms[22m[39m
2026-10-06T13:16:18.7814804Z      [33m[2m✓[22m[39m checks every seated player again at start[33m 482[2mms[22m[39m
2026-10-06T13:16:18.7816095Z    [32m✓[39m relays [2m(3)[22m
2026-10-06T13:16:18.7817653Z      [33m[2m✓[22m[39m places matches on healthy, non-draining relays and moves a refused match to another[33m 378[2mms[22m[39m
2026-10-06T13:16:19.3944276Z  [32m✓[39m apps/api/test/rooms.test.ts [2m([22m[2m20 tests[22m[2m)[22m[33m 4147[2mms[22m[39m
2026-10-06T13:16:24.7641635Z  [32m✓[39m apps/api/test/realtime.test.ts [2m([22m[2m19 tests[22m[2m)[22m[33m 3762[2mms[22m[39m
2026-10-06T13:16:24.7647090Z    [32m✓[39m realtime envelope [2m(5)[22m
2026-10-06T13:16:24.7648292Z      [33m[2m✓[22m[39m drops sockets that stop answering pings[33m 532[2mms[22m[39m
2026-10-06T13:16:25.7178306Z  [32m✓[39m apps/api/test/catalog.test.ts [2m([22m[2m19 tests[22m[2m)[22m[33m 5356[2mms[22m[39m
2026-10-06T13:16:25.7179818Z    [32m✓[39m creating maps and uploading versions [2m(8)[22m
2026-10-06T13:16:25.7181073Z      [33m[2m✓[22m[39m limits version uploads per account[33m 718[2mms[22m[39m
2026-10-06T13:16:25.7182136Z    [32m✓[39m browsing [2m(1)[22m
2026-10-06T13:16:25.7183561Z      [33m[2m✓[22m[39m filters by teams, size, how a map was made and title, and pages by sort order[33m 352[2mms[22m[39m
2026-10-06T13:16:26.8573771Z  [32m✓[39m apps/worker/test/matchmaker.test.ts [2m([22m[2m30 tests[22m[2m)[22m[33m 7296[2mms[22m[39m
2026-10-06T13:16:26.8575715Z    [32m✓[39m matchmaker leader failover [2m(1)[22m
2026-10-06T13:16:26.8585545Z      [33m[2m✓[22m[39m runs on one leader at a time and a new leader resumes open proposals[33m 528[2mms[22m[39m
2026-10-06T13:16:29.3591991Z  [32m✓[39m apps/api/test/identity.test.ts [2m([22m[2m17 tests[22m[2m)[22m[33m 3070[2mms[22m[39m
2026-10-06T13:16:30.6122007Z  [32m✓[39m apps/api/test/accountExport.test.ts [2m([22m[2m7 tests[22m[2m)[22m[33m 3246[2mms[22m[39m
2026-10-06T13:16:30.6130200Z    [32m✓[39m downloading my data [2m(7)[22m
2026-10-06T13:16:30.6131709Z      [33m[2m✓[22m[39m returns everything stored about the account and nothing secret[33m 329[2mms[22m[39m
2026-10-06T13:16:30.6132727Z      [33m[2m✓[22m[39m is rate limited per account[33m 544[2mms[22m[39m
2026-10-06T13:16:33.4473328Z  [32m✓[39m apps/worker/test/reliability.test.ts [2m([22m[2m8 tests[22m[2m)[22m[33m 1748[2mms[22m[39m
2026-10-06T13:16:33.5737443Z  [32m✓[39m apps/api/test/history.test.ts [2m([22m[2m21 tests[22m[2m)[22m[33m 2589[2mms[22m[39m
2026-10-06T13:16:36.1987549Z  [32m✓[39m packages/map-studio/test/studio.test.ts [2m([22m[2m18 tests[22m[2m)[22m[33m 2216[2mms[22m[39m
2026-10-06T13:16:37.3030251Z  [32m✓[39m apps/api/test/deletion.test.ts [2m([22m[2m5 tests[22m[2m)[22m[33m 2199[2mms[22m[39m
2026-10-06T13:16:37.3031651Z    [32m✓[39m deleting my account [2m(5)[22m
2026-10-06T13:16:37.3033387Z      [33m[2m✓[22m[39m purges private studio history, fences leased work, and retains financial audit records[33m 319[2mms[22m[39m
2026-10-06T13:16:38.7647110Z  [32m✓[39m apps/api/test/music.test.ts [2m([22m[2m13 tests[22m[2m)[22m[33m 10258[2mms[22m[39m
2026-10-06T13:16:38.7649366Z    [33m[2m✓[22m[39m processes real uploads, retains sources for inspection, cleans them after conversion, and retries idempotently[33m 5556[2mms[22m[39m
2026-10-06T13:16:38.7651451Z    [33m[2m✓[22m[39m cleans technically failed jobs and safely ignores cancelled jobs[33m 424[2mms[22m[39m
2026-10-06T13:16:38.7653152Z    [33m[2m✓[22m[39m cancels an active decoder and removes its nested temporary PCM[33m 1082[2mms[22m[39m
2026-10-06T13:16:38.7656579Z    [33m[2m✓[22m[39m retains sources across transient processing failures and cleans only a final failed attempt[33m 687[2mms[22m[39m
2026-10-06T13:16:41.5647167Z  [32m✓[39m apps/api/test/ais.test.ts [2m([22m[2m13 tests[22m[2m)[22m[33m 2778[2mms[22m[39m
2026-10-06T13:16:43.3304804Z  [32m✓[39m apps/ai-music-worker/test/pipeline.test.ts [2m([22m[2m15 tests[22m[2m)[22m[33m 6099[2mms[22m[39m
2026-10-06T13:16:43.3307664Z    [33m[2m✓[22m[39m repairs failed candidates, retains evidence, and edits the exact parent source[33m 783[2mms[22m[39m
2026-10-06T13:16:43.3309798Z    [33m[2m✓[22m[39m stops after three failed renders and refunds the reservation[33m 489[2mms[22m[39m
2026-10-06T13:16:43.3311601Z    [33m[2m✓[22m[39m refuses a passing headline with missing mandatory checks[33m 374[2mms[22m[39m
2026-10-06T13:16:43.3313669Z    [33m[2m✓[22m[39m recovers completed candidate bytes without repeating a render or provider call[33m 346[2mms[22m[39m
2026-10-06T13:16:43.3316421Z    [33m[2m✓[22m[39m keeps the three-cycle limit across repeated worker deaths during rendering[33m 393[2mms[22m[39m
2026-10-06T13:16:43.3318532Z    [33m[2m✓[22m[39m rejects inconsistent audio bytes and unfinished validation[33m 1804[2mms[22m[39m
2026-10-06T13:16:43.4442692Z  [32m✓[39m apps/api/test/skinPublishing.test.ts [2m([22m[2m4 tests[22m[2m)[22m[33m 3063[2mms[22m[39m
2026-10-06T13:16:43.4445333Z    [33m[2m✓[22m[39m publishes canonical paint, retains old versions, equips and serves verified content[33m 458[2mms[22m[39m
2026-10-06T13:16:43.4447526Z    [33m[2m✓[22m[39m validates and canonicalizes material maps[33m 549[2mms[22m[39m
2026-10-06T13:16:45.6860478Z  [31m❯[39m apps/web/test/pages.test.tsx [2m([22m[2m0 test[22m[2m)[22m
2026-10-06T13:16:46.2510805Z  [32m✓[39m apps/web/test/studio.test.tsx [2m([22m[2m15 tests[22m[2m)[22m[33m 2961[2mms[22m[39m
2026-10-06T13:16:46.2521896Z    [33m[2m✓[22m[39m releases a definitively rejected submission so the draft can be corrected[33m 632[2mms[22m[39m
2026-10-06T13:16:46.2523982Z    [33m[2m✓[22m[39m shows private versions and submits edits through a single server-directed turn[33m 303[2mms[22m[39m
2026-10-06T13:16:48.0820778Z  [32m✓[39m apps/api/test/skins.test.ts [2m([22m[2m3 tests[22m[2m)[22m[33m 1450[2mms[22m[39m
2026-10-06T13:16:48.8719721Z  [32m✓[39m apps/engine-agent/test/runners.test.ts [2m([22m[2m15 tests[22m[2m)[22m[33m 1628[2mms[22m[39m
2026-10-06T13:16:48.8721181Z    [32m✓[39m render-preview [2m(3)[22m
2026-10-06T13:16:48.8722538Z      [33m[2m✓[22m[39m kills a hung engine at the timeout and lets the queue retry[33m 551[2mms[22m[39m
2026-10-06T13:16:50.0035845Z  [32m✓[39m apps/api/test/aiStudio.test.ts [2m([22m[2m15 tests[22m[2m)[22m[33m 1323[2mms[22m[39m
2026-10-06T13:16:51.0830252Z  [32m✓[39m packages/hive/test/sessions.test.ts [2m([22m[2m16 tests[22m[2m)[22m[33m 1516[2mms[22m[39m
2026-10-06T13:16:53.5437218Z  [32m✓[39m apps/web/test/musicStudio.test.tsx [2m([22m[2m10 tests[22m[2m)[22m[33m 1009[2mms[22m[39m
2026-10-06T13:16:54.8049338Z  [31m❯[39m apps/web/test/forms.test.tsx [2m([22m[2m0 test[22m[2m)[22m
2026-10-06T13:16:57.2009812Z  [32m✓[39m apps/api/test/avatars.test.ts [2m([22m[2m11 tests[22m[2m)[22m[33m 5876[2mms[22m[39m
2026-10-06T13:16:57.2010971Z    [32m✓[39m account avatars [2m(11)[22m
2026-10-06T13:16:57.2012464Z      [33m[2m✓[22m[39m validates and normalizes photos, including EXIF orientation and metadata removal[33m 373[2mms[22m[39m
2026-10-06T13:16:57.2014325Z      [33m[2m✓[22m[39m coalesces concurrent refreshes and enforces the upstream timeout[33m 3020[2mms[22m[39m
2026-10-06T13:16:59.3662901Z  [32m✓[39m apps/api/test/skinBilling.test.ts [2m([22m[2m5 tests[22m[2m)[22m[33m 4270[2mms[22m[39m
2026-10-06T13:16:59.3664376Z    [33m[2m✓[22m[39m fulfills once, rejects mismatches, and reconciles delayed/refunded/disputed payments[33m 800[2mms[22m[39m
2026-10-06T13:16:59.3666202Z    [33m[2m✓[22m[39m durably schedules missed-payment recovery across concurrent replicas and backs off failures[33m 748[2mms[22m[39m
2026-10-06T13:16:59.3667385Z    [33m[2m✓[22m[39m reuses a known pending session and replaces expired checkout only for a new request[33m 871[2mms[22m[39m
2026-10-06T13:16:59.3668925Z    [33m[2m✓[22m[39m recovers an unrecorded checkout across paginated restart without creating a second session[33m 947[2mms[22m[39m
2026-10-06T13:16:59.3670079Z    [33m[2m✓[22m[39m allows a replacement only after a complete scan finds no old checkout[33m 902[2mms[22m[39m
2026-10-06T13:17:00.2229639Z  [32m✓[39m apps/ai-map-worker/test/progress.test.ts [2m([22m[2m16 tests[22m[2m)[22m[33m 2211[2mms[22m[39m
2026-10-06T13:17:01.0356028Z  [32m✓[39m packages/billing/test/products.test.ts [2m([22m[2m6 tests[22m[2m)[22m[33m 1127[2mms[22m[39m
2026-10-06T13:17:02.9579794Z  [32m✓[39m packages/music-studio/test/studio.test.ts [2m([22m[2m10 tests[22m[2m)[22m[33m 1478[2mms[22m[39m
2026-10-06T13:17:03.5323830Z  [32m✓[39m apps/api/test/studio.test.ts [2m([22m[2m5 tests[22m[2m)[22m[33m 18166[2mms[22m[39m
2026-10-06T13:17:03.5326647Z    [33m[2m✓[22m[39m keeps studio history and previews private while supporting owner download, room play and selected publication[33m 592[2mms[22m[39m
2026-10-06T13:17:03.5338256Z    [33m[2m✓[22m[39m streams durable progress, resumes by event id and closes after authorization is revoked[33m 15362[2mms[22m[39m
2026-10-06T13:17:03.5341994Z    [33m[2m✓[22m[39m accepts idempotent conversation turns with fixed settings while enforcing ownership and schema[33m 350[2mms[22m[39m
2026-10-06T13:17:04.2913008Z  [32m✓[39m apps/api/test/reliability.test.ts [2m([22m[2m6 tests[22m[2m)[22m[33m 2791[2mms[22m[39m
2026-10-06T13:17:04.2914432Z    [32m✓[39m realtime after a pub/sub reconnect [2m(2)[22m
2026-10-06T13:17:04.2920696Z      [33m[2m✓[22m[39m re-sends room state the sockets missed and match tickets of starting matches[33m 795[2mms[22m[39m
2026-10-06T13:17:04.8884451Z  [32m✓[39m packages/db/test/coordination.test.ts [2m([22m[2m10 tests[22m[2m)[22m[33m 1438[2mms[22m[39m
2026-10-06T13:17:04.8886617Z    [32m✓[39m LeaderElection [2m(1)[22m
2026-10-06T13:17:04.8888206Z      [33m[2m✓[22m[39m elects exactly one leader and fails over when it stops or dies[33m 436[2mms[22m[39m
2026-10-06T13:17:06.5324060Z  [32m✓[39m apps/web/test/studioReview.test.tsx [2m([22m[2m8 tests[22m[2m)[22m[33m 947[2mms[22m[39m
2026-10-06T13:17:06.5326742Z    [33m[2m✓[22m[39m compares delivered previews and keeps both versions pinned when a newer generation arrives[33m 479[2mms[22m[39m
2026-10-06T13:17:06.6741792Z [90mstdout[2m | apps/api/test/historyScaling.test.ts[2m > [22m[2mmatch page[2m > [22m[2mreads only the match players’ history for the economy curves
2026-10-06T13:17:06.6746751Z [22m[39mmatch_team_stats rows read for one match's economy: function 8, view 1204 (1200 stored)
2026-10-06T13:17:06.6771307Z 
2026-10-06T13:17:07.0429144Z [90mstdout[2m | apps/api/test/historyScaling.test.ts[2m > [22m[2mmatch page[2m > [22m[2mserves the whole match detail quickly
2026-10-06T13:17:07.0449211Z [22m[39mmatch detail on 600 seeded matches: 40.1 ms
2026-10-06T13:17:07.0455560Z 
2026-10-06T13:17:07.2259012Z  [32m✓[39m apps/api/test/historyScaling.test.ts [2m([22m[2m7 tests[22m[2m)[22m[33m 2875[2mms[22m[39m
2026-10-06T13:17:07.6277653Z  [32m✓[39m packages/play/test/warmMaps.test.ts [2m([22m[2m6 tests[22m[2m)[22m[33m 1615[2mms[22m[39m
2026-10-06T13:17:08.1237309Z  [2m[90m↓[39m[22m apps/ai-map-worker/test/pipeline.test.ts [2m([22m[2m1 test[22m[2m | [22m[33m1 skipped[39m[2m)[22m
2026-10-06T13:17:08.5281070Z  [32m✓[39m apps/engine-agent/test/engineCli.test.ts [2m([22m[2m12 tests[22m[2m)[22m[33m 334[2mms[22m[39m
2026-10-06T13:17:08.5286762Z    [32m✓[39m process limits [2m(2)[22m
2026-10-06T13:17:08.5288177Z      [33m[2m✓[22m[39m kills the whole process group on timeout[33m 304[2mms[22m[39m
2026-10-06T13:17:10.5115914Z  [32m✓[39m apps/web/test/musicPlayer.test.tsx [2m([22m[2m10 tests[22m[2m)[22m[33m 1556[2mms[22m[39m
2026-10-06T13:17:10.5118203Z    [33m[2m✓[22m[39m applies a preselected mood and seek before starting; uses one volume gain[33m 441[2mms[22m[39m
2026-10-06T13:17:11.4691296Z  [32m✓[39m packages/db/test/roles.test.ts [2m([22m[2m4 tests[22m[2m)[22m[33m 2971[2mms[22m[39m
2026-10-06T13:17:11.4692669Z    [32m✓[39m service roles on a fresh database [2m(3)[22m
2026-10-06T13:17:11.4694126Z      [33m[2m✓[22m[39m give the API and the worker data access but no DDL or server-side programs[33m 386[2mms[22m[39m
2026-10-06T13:17:11.4695808Z    [32m✓[39m upgrading a database the superuser migrated [2m(1)[22m
2026-10-06T13:17:11.4697421Z      [33m[2m✓[22m[39m hands every object to the migrator, then migrates and serves as the roles[33m 1162[2mms[22m[39m
2026-10-06T13:17:11.8487385Z  [32m✓[39m apps/web/test/musicStudioStream.test.tsx [2m([22m[2m11 tests[22m[2m)[22m[32m 71[2mms[22m[39m
2026-10-06T13:17:12.6718882Z  [2m[90m↓[39m[22m apps/skin-render-worker/test/native.test.ts [2m([22m[2m2 tests[22m[2m | [22m[33m2 skipped[39m[2m)[22m
2026-10-06T13:17:13.0716940Z  [32m✓[39m apps/web/test/studioStream.test.tsx [2m([22m[2m11 tests[22m[2m)[22m[32m 112[2mms[22m[39m
2026-10-06T13:17:15.0789257Z [90mstdout[2m | packages/play/test/history.test.ts[2m > [22m[2mverified history[2m > [22m[2mstores team statistics, timelines and artifacts, and aggregates them in views
2026-10-06T13:17:15.0791516Z [22m[39morderBy(array) is deprecated, use multiple orderBy calls instead.
2026-10-06T13:17:15.0792790Z 
2026-10-06T13:17:15.1973937Z  [32m✓[39m packages/play/test/history.test.ts [2m([22m[2m2 tests[22m[2m)[22m[33m 1119[2mms[22m[39m
2026-10-06T13:17:17.5245845Z  [32m✓[39m apps/skin-render-worker/test/process.test.ts [2m([22m[2m5 tests[22m[2m)[22m[33m 3928[2mms[22m[39m
2026-10-06T13:17:17.5247875Z    [33m[2m✓[22m[39m valid output publishes all references atomically and an already-ready retry is a no-op[33m 2725[2mms[22m[39m
2026-10-06T13:17:22.1830665Z  [32m✓[39m apps/api/test/abuse.test.ts [2m([22m[2m7 tests[22m[2m)[22m[33m 3195[2mms[22m[39m
2026-10-06T13:17:22.1831817Z    [32m✓[39m uploads [2m(2)[22m
2026-10-06T13:17:22.1833222Z      [33m[2m✓[22m[39m refuse decompression bombs by ratio, and keep real compressed maps[33m 319[2mms[22m[39m
2026-10-06T13:17:22.1836157Z      [33m[2m✓[22m[39m take the quota before unpacking, on every replica[33m 1149[2mms[22m[39m
2026-10-06T13:17:22.7144104Z  [32m✓[39m apps/api/test/musicStudio.test.ts [2m([22m[2m4 tests[22m[2m)[22m[33m 5935[2mms[22m[39m
2026-10-06T13:17:23.8145413Z  [32m✓[39m packages/db/test/reliability.test.ts [2m([22m[2m6 tests[22m[2m)[22m[33m 1299[2mms[22m[39m
2026-10-06T13:17:24.7961170Z  [32m✓[39m apps/web/test/skin-projection.test.ts [2m([22m[2m10 tests[22m[2m)[22m[33m 15988[2mms[22m[39m
2026-10-06T13:17:24.7962962Z    [32m✓[39m skin projection [2m(10)[22m
2026-10-06T13:17:24.7977785Z      [33m[2m✓[22m[39m paints shared UVs at every projected position without accumulating opacity[33m 412[2mms[22m[39m
2026-10-06T13:17:24.7979853Z      [33m[2m✓[22m[39m rotates upright around model Z through a fixed camera basis[33m 321[2mms[22m[39m
2026-10-06T13:17:24.7996636Z      [33m[2m✓[22m[39m retains zero-angle framing and makes true 3D rotations[33m 345[2mms[22m[39m
2026-10-06T13:17:24.7998604Z      [33m[2m✓[22m[39m keeps every swarm angle inside the standardized frame[33m 9770[2mms[22m[39m
2026-10-06T13:17:24.8000628Z      [33m[2m✓[22m[39m curated fill masks follow every model topology and stay fixed across views[33m 4876[2mms[22m[39m
2026-10-06T13:17:24.9735661Z  [32m✓[39m apps/ai-map-worker/test/playability.test.ts [2m([22m[2m15 tests[22m[2m)[22m[32m 25[2mms[22m[39m
2026-10-06T13:17:26.1511256Z  [32m✓[39m packages/core/test/engineJobs.test.ts [2m([22m[2m4 tests[22m[2m)[22m[33m 1504[2mms[22m[39m
2026-10-06T13:17:26.2345796Z  [32m✓[39m apps/api/test/aiStudioRoutes.test.ts [2m([22m[2m3 tests[22m[2m)[22m[33m 2105[2mms[22m[39m
2026-10-06T13:17:28.2597682Z  [32m✓[39m apps/api/test/engine.test.ts [2m([22m[2m2 tests[22m[2m)[22m[33m 1723[2mms[22m[39m
2026-10-06T13:17:29.0644819Z  [32m✓[39m apps/engine-agent/test/agent.test.ts [2m([22m[2m5 tests[22m[2m)[22m[32m 30[2mms[22m[39m
2026-10-06T13:17:29.2802802Z  [32m✓[39m apps/ai-music-worker/test/runner.test.ts [2m([22m[2m3 tests[22m[2m | [22m[33m2 skipped[39m[2m)[22m[32m 14[2mms[22m[39m
2026-10-06T13:17:29.8947891Z  [32m✓[39m apps/api/test/skinModeration.test.ts [2m([22m[2m2 tests[22m[2m)[22m[33m 2008[2mms[22m[39m
2026-10-06T13:17:30.2053124Z  [32m✓[39m packages/core/test/core.test.ts [2m([22m[2m10 tests[22m[2m)[22m[32m 73[2mms[22m[39m
2026-10-06T13:17:30.4797364Z  [32m✓[39m apps/api/test/skinDrafts.test.ts [2m([22m[2m3 tests[22m[2m)[22m[33m 2641[2mms[22m[39m
2026-10-06T13:17:30.4816812Z    [33m[2m✓[22m[39m keeps drafts private, canonical and independent of paid publishing, and rejects stale writes[33m 458[2mms[22m[39m
2026-10-06T13:17:30.4818956Z    [33m[2m✓[22m[39m retains an owned design in a draft and rejects another account or a disabled design[33m 352[2mms[22m[39m
2026-10-06T13:17:30.5852764Z  [32m✓[39m apps/api/test/skinStripe.test.ts [2m([22m[2m3 tests[22m[2m)[22m[32m 76[2mms[22m[39m
2026-10-06T13:17:31.4481998Z  [2m[90m↓[39m[22m apps/engine-agent/test/real-binary.test.ts [2m([22m[2m5 tests[22m[2m | [22m[33m5 skipped[39m[2m)[22m
2026-10-06T13:17:31.8278499Z  [31m❯[39m apps/web/test/ais.test.tsx [2m([22m[2m0 test[22m[2m)[22m
2026-10-06T13:17:32.3654997Z  [32m✓[39m packages/play/test/stored.test.ts [2m([22m[2m14 tests[22m[2m)[22m[32m 48[2mms[22m[39m
2026-10-06T13:17:32.4802412Z  [32m✓[39m packages/hive/test/credits.test.ts [2m([22m[2m8 tests[22m[2m)[22m[33m 1303[2mms[22m[39m
2026-10-06T13:17:34.3342362Z  [31m❯[39m apps/web/test/skins-workspace.test.tsx [2m([22m[2m0 test[22m[2m)[22m
2026-10-06T13:17:34.6217085Z  [32m✓[39m apps/web/test/skin-document.test.tsx [2m([22m[2m6 tests[22m[2m)[22m[33m 445[2mms[22m[39m
2026-10-06T13:17:35.1397436Z  [32m✓[39m apps/engine-agent/test/queue.test.ts [2m([22m[2m3 tests[22m[2m)[22m[33m 2112[2mms[22m[39m
2026-10-06T13:17:35.1446342Z    [32m✓[39m engine jobs over the internal API [2m(3)[22m
2026-10-06T13:17:35.1466591Z      [33m[2m✓[22m[39m registers the agent, then generates, validates and previews a pool map[33m 373[2mms[22m[39m
2026-10-06T13:17:35.6207886Z  [32m✓[39m apps/engine-agent/test/aiValidation.test.ts [2m([22m[2m5 tests[22m[2m)[22m[32m 35[2mms[22m[39m
2026-10-06T13:17:36.7527171Z  [32m✓[39m packages/hive/test/commander.test.ts [2m([22m[2m5 tests[22m[2m)[22m[33m 1370[2mms[22m[39m
2026-10-06T13:17:37.7034271Z  [32m✓[39m apps/web/test/players.test.tsx [2m([22m[2m5 tests[22m[2m)[22m[33m 1073[2mms[22m[39m
2026-10-06T13:17:37.7036309Z    [33m[2m✓[22m[39m debounces search, discards stale results, and navigates by keyboard[33m 718[2mms[22m[39m
2026-10-06T13:17:37.8477446Z  [32m✓[39m apps/web/test/studioViewer.test.tsx [2m([22m[2m4 tests[22m[2m)[22m[33m 784[2mms[22m[39m
2026-10-06T13:17:37.8479527Z    [33m[2m✓[22m[39m retains the last decoded image and zoom during delayed stage loads, then retires the old layer[33m 685[2mms[22m[39m
2026-10-06T13:17:38.1497383Z  [32m✓[39m apps/api/test/studioEvents.test.ts [2m([22m[2m4 tests[22m[2m)[22m[32m 121[2mms[22m[39m
2026-10-06T13:17:38.6462316Z  [32m✓[39m apps/worker/test/worker.test.ts [2m([22m[2m2 tests[22m[2m)[22m[33m 1198[2mms[22m[39m
2026-10-06T13:17:39.2290176Z  [32m✓[39m apps/api/test/network.test.ts [2m([22m[2m4 tests[22m[2m)[22m[32m 30[2mms[22m[39m
2026-10-06T13:17:39.5215331Z  [32m✓[39m apps/web/test/aiStudioDraft.test.tsx [2m([22m[2m4 tests[22m[2m)[22m[32m 31[2mms[22m[39m
2026-10-06T13:17:39.5377045Z  [32m✓[39m apps/ai-map-worker/test/attempts.test.ts [2m([22m[2m5 tests[22m[2m)[22m[33m 1348[2mms[22m[39m
2026-10-06T13:17:39.7229935Z  [32m✓[39m packages/core/test/mapFile.test.ts [2m([22m[2m5 tests[22m[2m)[22m[32m 49[2mms[22m[39m
2026-10-06T13:17:39.7317996Z  [32m✓[39m apps/web/test/musicPlayback.test.ts [2m([22m[2m4 tests[22m[2m)[22m[32m 15[2mms[22m[39m
2026-10-06T13:17:40.2807168Z  [32m✓[39m apps/ai-music-worker/test/provider.test.ts [2m([22m[2m5 tests[22m[2m)[22m[32m 12[2mms[22m[39m
2026-10-06T13:17:40.9678371Z  [32m✓[39m packages/protocol/test/buildingCatalog.test.ts [2m([22m[2m3 tests[22m[2m)[22m[32m 28[2mms[22m[39m
2026-10-06T13:17:42.3588923Z  [32m✓[39m apps/api/test/app.test.ts [2m([22m[2m3 tests[22m[2m)[22m[33m 1524[2mms[22m[39m
2026-10-06T13:17:43.3385562Z  [32m✓[39m packages/protocol/test/fixtures.test.ts [2m([22m[2m5 tests[22m[2m)[22m[33m 2898[2mms[22m[39m
2026-10-06T13:17:43.3439634Z    [32m✓[39m protocol fixtures [2m(5)[22m
2026-10-06T13:17:43.3468765Z      [33m[2m✓[22m[39m validate as declared with an independent JSON Schema 2020-12 validator[33m 2567[2mms[22m[39m
2026-10-06T13:17:44.1531697Z  [32m✓[39m packages/hive/test/checkout.test.ts [2m([22m[2m4 tests[22m[2m)[22m[33m 1222[2mms[22m[39m
2026-10-06T13:17:44.1731662Z  [32m✓[39m packages/core/test/queueConfig.test.ts [2m([22m[2m4 tests[22m[2m)[22m[32m 37[2mms[22m[39m
2026-10-06T13:17:45.2663007Z  [32m✓[39m apps/api/test/roomSeats.test.ts [2m([22m[2m3 tests[22m[2m)[22m[32m 20[2mms[22m[39m
2026-10-06T13:17:45.6033630Z  [32m✓[39m apps/api/test/keys.test.ts [2m([22m[2m2 tests[22m[2m)[22m[32m 18[2mms[22m[39m
2026-10-06T13:17:45.8445868Z  [32m✓[39m packages/protocol/test/protocol.test.ts [2m([22m[2m6 tests[22m[2m)[22m[32m 31[2mms[22m[39m
2026-10-06T13:17:46.4168960Z  [32m✓[39m packages/protocol/test/connectionQuality.test.ts [2m([22m[2m4 tests[22m[2m)[22m[32m 9[2mms[22m[39m
2026-10-06T13:17:46.6049489Z  [32m✓[39m apps/api/test/ratingNotes.test.ts [2m([22m[2m2 tests[22m[2m)[22m[32m 9[2mms[22m[39m
2026-10-06T13:17:46.6546583Z  [32m✓[39m apps/api/test/webpRendition.test.ts [2m([22m[2m1 test[22m[2m)[22m[33m 4750[2mms[22m[39m
2026-10-06T13:17:46.6548620Z    [33m[2m✓[22m[39m keeps old published sources immutable and deduplicates persistent lossless wire renditions[33m 3757[2mms[22m[39m
2026-10-06T13:17:47.2590743Z  [32m✓[39m apps/web/test/aiStudioPlaytest.test.tsx [2m([22m[2m3 tests[22m[2m)[22m[33m 308[2mms[22m[39m
2026-10-06T13:17:48.4630273Z  [32m✓[39m apps/web/test/mapPreview.test.tsx [2m([22m[2m2 tests[22m[2m)[22m[32m 280[2mms[22m[39m
2026-10-06T13:17:48.5251335Z  [32m✓[39m apps/web/test/musicValidation.test.tsx [2m([22m[2m3 tests[22m[2m)[22m[32m 90[2mms[22m[39m
2026-10-06T13:17:48.6818358Z  [32m✓[39m packages/db/test/upgrades.test.ts [2m([22m[2m1 test[22m[2m)[22m[33m 984[2mms[22m[39m
2026-10-06T13:17:48.6843880Z    [32m✓[39m 0019_warm_maps_over_generated [2m(1)[22m
2026-10-06T13:17:48.6846788Z      [33m[2m✓[22m[39m keeps taken pool rows and drops the rest, which the next refill replaces[33m 817[2mms[22m[39m
2026-10-06T13:17:48.8717343Z  [32m✓[39m apps/api/test/aiStudioProvider.test.ts [2m([22m[2m5 tests[22m[2m)[22m[32m 10[2mms[22m[39m
2026-10-06T13:17:50.6553688Z  [32m✓[39m packages/map-studio/test/queue.test.ts [2m([22m[2m1 test[22m[2m)[22m[33m 1388[2mms[22m[39m
2026-10-06T13:17:51.1614107Z  [32m✓[39m apps/api/test/playersScaling.test.ts [2m([22m[2m2 tests[22m[2m)[22m[33m 1645[2mms[22m[39m
2026-10-06T13:17:51.7617214Z  [32m✓[39m apps/web/test/aiBrowse.test.ts [2m([22m[2m3 tests[22m[2m)[22m[32m 9[2mms[22m[39m
2026-10-06T13:17:51.8401182Z  [32m✓[39m apps/web/test/musicStudioDraft.test.ts [2m([22m[2m2 tests[22m[2m)[22m[32m 8[2mms[22m[39m
2026-10-06T13:17:51.9629420Z  [32m✓[39m apps/api/test/skinWebhook.test.ts [2m([22m[2m1 test[22m[2m)[22m[33m 1565[2mms[22m[39m
2026-10-06T13:17:52.3827260Z  [32m✓[39m packages/hive/test/contract.test.ts [2m([22m[2m3 tests[22m[2m)[22m[32m 18[2mms[22m[39m
2026-10-06T13:17:52.7808379Z  [32m✓[39m packages/protocol/test/skinMaterials.test.ts [2m([22m[2m2 tests[22m[2m)[22m[32m 10[2mms[22m[39m
2026-10-06T13:17:53.7081973Z  [32m✓[39m apps/web/test/musicCatalogue.test.tsx [2m([22m[2m1 test[22m[2m)[22m[33m 536[2mms[22m[39m
2026-10-06T13:17:53.7084154Z    [33m[2m✓[22m[39m discards an old continuation after filters change and preserves the new cursor[33m 532[2mms[22m[39m
2026-10-06T13:17:53.8748116Z  [32m✓[39m apps/api/test/pages.test.ts [2m([22m[2m1 test[22m[2m)[22m[32m 4[2mms[22m[39m
2026-10-06T13:17:54.3192661Z  [32m✓[39m packages/hive/test/load.test.ts [2m([22m[2m1 test[22m[2m)[22m[33m 1463[2mms[22m[39m
2026-10-06T13:17:54.3226710Z    [33m[2m✓[22m[39m fences 50 competing clients and conserves credit under 100 reservations[33m 366[2mms[22m[39m
2026-10-06T13:17:54.6502018Z  [32m✓[39m apps/web/test/charts.test.ts [2m([22m[2m3 tests[22m[2m)[22m[32m 7[2mms[22m[39m
2026-10-06T13:17:55.4403659Z  [32m✓[39m apps/api/test/hive.test.ts [2m([22m[2m1 test[22m[2m)[22m[33m 1151[2mms[22m[39m
2026-10-06T13:17:55.4462125Z 
2026-10-06T13:17:55.4462774Z [31m⎯⎯⎯⎯⎯⎯[39m[1m[41m Failed Suites 4 [49m[22m[31m⎯⎯⎯⎯⎯⎯⎯[39m
2026-10-06T13:17:55.4463093Z 
2026-10-06T13:17:55.4468441Z [41m[1m FAIL [22m[49m apps/web/test/ais.test.tsx[2m [ apps/web/test/ais.test.tsx ][22m
2026-10-06T13:17:55.4470488Z [41m[1m FAIL [22m[49m apps/web/test/forms.test.tsx[2m [ apps/web/test/forms.test.tsx ][22m
2026-10-06T13:17:55.4472235Z [41m[1m FAIL [22m[49m apps/web/test/pages.test.tsx[2m [ apps/web/test/pages.test.tsx ][22m
2026-10-06T13:17:55.4474520Z [41m[1m FAIL [22m[49m apps/web/test/skins-workspace.test.tsx[2m [ apps/web/test/skins-workspace.test.tsx ][22m
2026-10-06T13:17:55.4477436Z [31m[1mError[22m: Denied ID /home/runner/work/glob2/glob2/libgag/shaders/skin-material.glsl?raw[39m
2026-10-06T13:17:55.4478974Z   File: [36m/home/runner/work/glob2/glob2/libgag/shaders/skin-material.glsl?raw[39m
2026-10-06T13:17:55.4480447Z [90m [2m❯[22m loadAndTransform node_modules/vite/dist/node/chunks/node.js:[2m19932:31[22m[39m
2026-10-06T13:17:55.4481326Z [90m [2m❯[22m doTransform node_modules/vite/dist/node/chunks/node.js:[2m19909:17[22m[39m
2026-10-06T13:17:55.4482284Z [90m [2m❯[22m fetchModule node_modules/vite/dist/node/chunks/node.js:[2m35939:15[22m[39m
2026-10-06T13:17:55.4482873Z 
2026-10-06T13:17:55.4483929Z [31m[2m⎯⎯⎯⎯⎯⎯⎯⎯⎯⎯⎯⎯⎯⎯⎯⎯⎯⎯⎯⎯⎯⎯⎯⎯[1/4]⎯[22m[39m
2026-10-06T13:17:55.4484314Z 
2026-10-06T13:17:55.4487233Z 
2026-10-06T13:17:55.4496353Z [2m Test Files [22m [1m[31m4 failed[39m[22m[2m | [22m[1m[32m99 passed[39m[22m[2m | [22m[33m3 skipped[39m[90m (106)[39m
2026-10-06T13:17:55.4501427Z [2m      Tests [22m [1m[32m724 passed[39m[22m[2m | [22m[33m10 skipped[39m[90m (734)[39m
2026-10-06T13:17:55.4502334Z [2m   Start at [22m 13:16:10
2026-10-06T13:17:55.4508463Z [2m   Duration [22m 105.11s[2m (tests 68%, import 24%, environment 6%, transform 2%)[22m
2026-10-06T13:17:55.4529663Z 
2026-10-06T13:17:55.4530560Z [2m    Isolate [22m [33m106 workers spawned[39m[2m · ~314ms startup each (spawn + environment, per file)[22m
2026-10-06T13:17:55.4531995Z [2m            [22m [2mat least ~10.77s faster with [22m[33misolate: false[39m[2m — reuses workers across files instead of one per file[22m
2026-10-06T13:17:55.4532627Z 
2026-10-06T13:17:55.5122371Z ##[error]Process completed with exit code 1.
2026-10-06T13:17:55.5288970Z Post job cleanup.
2026-10-06T13:17:55.6182562Z [command]/usr/bin/git version
2026-10-06T13:17:55.6226243Z git version 2.55.0
2026-10-06T13:17:55.6267631Z Temporarily overriding HOME='/home/runner/work/_temp/6b24712c-3ed6-4b91-ac13-c7034dd48c15' before making global git config changes
2026-10-06T13:17:55.6269514Z Adding repository directory to the temporary git global config as a safe directory
2026-10-06T13:17:55.6273439Z [command]/usr/bin/git config --global --add safe.directory /home/runner/work/glob2/glob2
2026-10-06T13:17:55.6312641Z [command]/usr/bin/git config --local --name-only --get-regexp core\.sshCommand
2026-10-06T13:17:55.6348278Z [command]/usr/bin/git submodule foreach --recursive sh -c "git config --local --name-only --get-regexp 'core\.sshCommand' && git config --local --unset-all 'core.sshCommand' || :"
2026-10-06T13:17:55.6609207Z [command]/usr/bin/git config --local --name-only --get-regexp http\.https\:\/\/github\.com\/\.extraheader
2026-10-06T13:17:55.6634395Z http.https://github.com/.extraheader
2026-10-06T13:17:55.6654431Z [command]/usr/bin/git config --local --unset-all http.https://github.com/.extraheader
2026-10-06T13:17:55.6686199Z [command]/usr/bin/git submodule foreach --recursive sh -c "git config --local --name-only --get-regexp 'http\.https\:\/\/github\.com\/\.extraheader' && git config --local --unset-all 'http.https://github.com/.extraheader' || :"
2026-10-06T13:17:55.6953624Z [command]/usr/bin/git config --local --name-only --get-regexp ^includeIf\.gitdir:
2026-10-06T13:17:55.6992923Z [command]/usr/bin/git submodule foreach --recursive git config --local --show-origin --name-only --get-regexp remote.origin.url
2026-10-06T13:17:55.7529225Z Print service container logs: 462ff8ff7b0b496891f8dc151a1d1388_postgres16_25ed5e
2026-10-06T13:17:55.7535869Z ##[command]/usr/bin/docker logs --details 07e8db2bef4fc65e73d42eead71486c7ebe1fd06dc1cce24d887491933bb6dc6
2026-10-06T13:17:55.7675939Z  The files belonging to this database system will be owned by user "postgres".
2026-10-06T13:17:55.7690001Z  initdb: warning: enabling "trust" authentication for local connections
2026-10-06T13:17:55.7691349Z  initdb: hint: You can change this by editing pg_hba.conf or using the option -A, or --auth-local and --auth-host, the next time you run initdb.
2026-10-06T13:17:55.7693125Z  2026-10-06 13:12:27.241 UTC [1] LOG:  starting PostgreSQL 16.15 (Debian 16.15-1.pgdg13+2) on x86_64-pc-linux-gnu, compiled by gcc (Debian 14.2.0-19) 14.2.0, 64-bit
2026-10-06T13:17:55.7694478Z  2026-10-06 13:12:27.241 UTC [1] LOG:  listening on IPv4 address "0.0.0.0", port 5432
2026-10-06T13:17:55.7695643Z  2026-10-06 13:12:27.241 UTC [1] LOG:  listening on IPv6 address "::", port 5432
2026-10-06T13:17:55.7696668Z  2026-10-06 13:12:27.242 UTC [1] LOG:  listening on Unix socket "/var/run/postgresql/.s.PGSQL.5432"
2026-10-06T13:17:55.7697743Z  2026-10-06 13:12:27.244 UTC [64] LOG:  database system was shut down at 2026-10-06 13:12:27 UTC
2026-10-06T13:17:55.7698731Z  2026-10-06 13:12:27.248 UTC [1] LOG:  database system is ready to accept connections
2026-10-06T13:17:55.7699607Z  2026-10-06 13:16:12.723 UTC [62] LOG:  checkpoint starting: immediate force wait
2026-10-06T13:17:55.7701035Z  2026-10-06 13:16:12.734 UTC [436] ERROR:  relation "graphile_worker.migrations" does not exist at character 85
2026-10-06T13:17:55.7702001Z  This user must also own the server process.
2026-10-06T13:17:55.7703010Z  2026-10-06 13:16:12.734 UTC [436] STATEMENT:  select current_setting('server_version_num') as server_version_num,
2026-10-06T13:17:55.7704155Z  	(select id from "graphile_worker".migrations order by id desc limit 1) as id,
2026-10-06T13:17:55.7705579Z  	(select id from "graphile_worker".migrations where breaking is true order by id desc limit 1) as biggest_breaking_id;
2026-10-06T13:17:55.7706561Z  	
2026-10-06T13:17:55.7707863Z  2026-10-06 13:16:12.787 UTC [62] LOG:  checkpoint complete: wrote 2245 buffers (13.7%); 0 WAL file(s) added, 0 removed, 1 recycled; write=0.046 s, sync=0.016 s, total=0.065 s; sync files=1256, longest=0.001 s, average=0.001 s; distance=21337 kB, estimate=21337 kB; lsn=0/2E78E40, redo lsn=0/2DF5700
2026-10-06T13:17:55.7710057Z  2026-10-06 13:16:12.848 UTC [436] WARNING:  no privileges were granted for "set_limit"
2026-10-06T13:17:55.7711021Z  2026-10-06 13:16:12.848 UTC [436] WARNING:  no privileges were granted for "show_limit"
2026-10-06T13:17:55.7711966Z  2026-10-06 13:16:12.848 UTC [436] WARNING:  no privileges were granted for "show_trgm"
2026-10-06T13:17:55.7712911Z  2026-10-06 13:16:12.848 UTC [436] WARNING:  no privileges were granted for "similarity"
2026-10-06T13:17:55.7713588Z  2026-10-06 13:16:12.849 UTC [436] WARNING:  no privileges were granted for "similarity_op"
2026-10-06T13:17:55.7714288Z  2026-10-06 13:16:12.849 UTC [436] WARNING:  no privileges were granted for "word_similarity"
2026-10-06T13:17:55.7717803Z  2026-10-06 13:16:12.849 UTC [436] WARNING:  no privileges were granted for "word_similarity_op"
2026-10-06T13:17:55.7718972Z  2026-10-06 13:16:12.849 UTC [436] WARNING:  no privileges were granted for "word_similarity_commutator_op"
2026-10-06T13:17:55.7720155Z  2026-10-06 13:16:12.849 UTC [436] WARNING:  no privileges were granted for "similarity_dist"
2026-10-06T13:17:55.7721275Z  2026-10-06 13:16:12.849 UTC [436] WARNING:  no privileges were granted for "word_similarity_dist_op"
2026-10-06T13:17:55.7722254Z  2026-10-06 13:16:12.849 UTC [436] WARNING:  no privileges were granted for "word_similarity_dist_commutator_op"
2026-10-06T13:17:55.7723100Z  2026-10-06 13:16:12.849 UTC [436] WARNING:  no privileges were granted for "gtrgm_in"
2026-10-06T13:17:55.7724154Z  2026-10-06 13:16:12.849 UTC [436] WARNING:  no privileges were granted for "gtrgm_out"
2026-10-06T13:17:55.7725417Z  2026-10-06 13:16:12.850 UTC [436] WARNING:  no privileges were granted for "gtrgm_consistent"
2026-10-06T13:17:55.7726842Z  2026-10-06 13:16:12.850 UTC [436] WARNING:  no privileges were granted for "gtrgm_distance"
2026-10-06T13:17:55.7727841Z  2026-10-06 13:16:12.850 UTC [436] WARNING:  no privileges were granted for "gtrgm_compress"
2026-10-06T13:17:55.7728822Z  2026-10-06 13:16:12.850 UTC [436] WARNING:  no privileges were granted for "gtrgm_decompress"
2026-10-06T13:17:55.7729816Z  2026-10-06 13:16:12.850 UTC [436] WARNING:  no privileges were granted for "gtrgm_penalty"
2026-10-06T13:17:55.7730811Z  2026-10-06 13:16:12.850 UTC [436] WARNING:  no privileges were granted for "gtrgm_picksplit"
2026-10-06T13:17:55.7731739Z  2026-10-06 13:16:12.850 UTC [436] WARNING:  no privileges were granted for "gtrgm_union"
2026-10-06T13:17:55.7732546Z  2026-10-06 13:16:12.850 UTC [436] WARNING:  no privileges were granted for "gtrgm_same"
2026-10-06T13:17:55.7733100Z  2026-10-06 13:16:12.851 UTC [436] WARNING:  no privileges were granted for "gin_extract_value_trgm"
2026-10-06T13:17:55.7733935Z  2026-10-06 13:16:12.851 UTC [436] WARNING:  no privileges were granted for "gin_extract_query_trgm"
2026-10-06T13:17:55.7734566Z  2026-10-06 13:16:12.851 UTC [436] WARNING:  no privileges were granted for "gin_trgm_consistent"
2026-10-06T13:17:55.7735865Z  2026-10-06 13:16:12.851 UTC [436] WARNING:  no privileges were granted for "gin_trgm_triconsistent"
2026-10-06T13:17:55.7737204Z  2026-10-06 13:16:12.851 UTC [436] WARNING:  no privileges were granted for "strict_word_similarity"
2026-10-06T13:17:55.7738329Z  2026-10-06 13:16:12.851 UTC [436] WARNING:  no privileges were granted for "strict_word_similarity_op"
2026-10-06T13:17:55.7739525Z  2026-10-06 13:16:12.851 UTC [436] WARNING:  no privileges were granted for "strict_word_similarity_commutator_op"
2026-10-06T13:17:55.7740757Z  2026-10-06 13:16:12.851 UTC [436] WARNING:  no privileges were granted for "strict_word_similarity_dist_op"
2026-10-06T13:17:55.7741696Z  2026-10-06 13:16:12.851 UTC [436] WARNING:  no privileges were granted for "strict_word_similarity_dist_commutator_op"
2026-10-06T13:17:55.7742317Z  2026-10-06 13:16:12.852 UTC [436] WARNING:  no privileges were granted for "gtrgm_options"
2026-10-06T13:17:55.7742828Z  2026-10-06 13:16:13.508 UTC [62] LOG:  checkpoint starting: immediate force wait
2026-10-06T13:17:55.7743936Z  2026-10-06 13:16:13.561 UTC [62] LOG:  checkpoint complete: wrote 1497 buffers (9.1%); 0 WAL file(s) added, 0 removed, 1 recycled; write=0.030 s, sync=0.021 s, total=0.054 s; sync files=1133, longest=0.002 s, average=0.001 s; distance=11091 kB, estimate=20312 kB; lsn=0/3A256A0, redo lsn=0/38CA418
2026-10-06T13:17:55.7746493Z  2026-10-06 13:16:14.051 UTC [445] ERROR:  relation "graphile_worker.migrations" does not exist at character 85
2026-10-06T13:17:55.7747753Z  2026-10-06 13:16:14.051 UTC [445] STATEMENT:  select current_setting('server_version_num') as server_version_num,
2026-10-06T13:17:55.7748389Z  	(select id from "graphile_worker".migrations order by id desc limit 1) as id,
2026-10-06T13:17:55.7749035Z  	(select id from "graphile_worker".migrations where breaking is true order by id desc limit 1) as biggest_breaking_id;
2026-10-06T13:17:55.7749554Z  	
2026-10-06T13:17:55.7749858Z  2026-10-06 13:16:14.162 UTC [445] WARNING:  no privileges were granted for "set_limit"
2026-10-06T13:17:55.7750373Z  2026-10-06 13:16:14.162 UTC [445] WARNING:  no privileges were granted for "show_limit"
2026-10-06T13:17:55.7750878Z  2026-10-06 13:16:14.162 UTC [445] WARNING:  no privileges were granted for "show_trgm"
2026-10-06T13:17:55.7751368Z  2026-10-06 13:16:14.162 UTC [445] WARNING:  no privileges were granted for "similarity"
2026-10-06T13:17:55.7752067Z  2026-10-06 13:16:14.163 UTC [445] WARNING:  no privileges were granted for "similarity_op"
2026-10-06T13:17:55.7752618Z  2026-10-06 13:16:14.163 UTC [445] WARNING:  no privileges were granted for "word_similarity"
2026-10-06T13:17:55.7753342Z  2026-10-06 13:16:14.163 UTC [445] WARNING:  no privileges were granted for "word_similarity_op"
2026-10-06T13:17:55.7753949Z  2026-10-06 13:16:14.163 UTC [445] WARNING:  no privileges were granted for "word_similarity_commutator_op"
2026-10-06T13:17:55.7754541Z  2026-10-06 13:16:14.163 UTC [445] WARNING:  no privileges were granted for "similarity_dist"
2026-10-06T13:17:55.7755476Z  2026-10-06 13:16:14.163 UTC [445] WARNING:  no privileges were granted for "word_similarity_dist_op"
2026-10-06T13:17:55.7756185Z  2026-10-06 13:16:14.163 UTC [445] WARNING:  no privileges were granted for "word_similarity_dist_commutator_op"
2026-10-06T13:17:55.7757173Z  2026-10-06 13:16:14.163 UTC [445] WARNING:  no privileges were granted for "gtrgm_in"
2026-10-06T13:17:55.7758118Z  2026-10-06 13:16:14.163 UTC [445] WARNING:  no privileges were granted for "gtrgm_out"
2026-10-06T13:17:55.7759068Z  2026-10-06 13:16:14.163 UTC [445] WARNING:  no privileges were granted for "gtrgm_consistent"
2026-10-06T13:17:55.7760061Z  2026-10-06 13:16:14.163 UTC [445] WARNING:  no privileges were granted for "gtrgm_distance"
2026-10-06T13:17:55.7761080Z  2026-10-06 13:16:14.163 UTC [445] WARNING:  no privileges were granted for "gtrgm_compress"
2026-10-06T13:17:55.7762098Z  2026-10-06 13:16:14.163 UTC [445] WARNING:  no privileges were granted for "gtrgm_decompress"
2026-10-06T13:17:55.7763077Z  2026-10-06 13:16:14.163 UTC [445] WARNING:  no privileges were granted for "gtrgm_penalty"
2026-10-06T13:17:55.7764037Z  2026-10-06 13:16:14.163 UTC [445] WARNING:  no privileges were granted for "gtrgm_picksplit"
2026-10-06T13:17:55.7765413Z  2026-10-06 13:16:14.163 UTC [445] WARNING:  no privileges were granted for "gtrgm_union"
2026-10-06T13:17:55.7766347Z  2026-10-06 13:16:14.163 UTC [445] WARNING:  no privileges were granted for "gtrgm_same"
2026-10-06T13:17:55.7767307Z  2026-10-06 13:16:14.163 UTC [445] WARNING:  no privileges were granted for "gin_extract_value_trgm"
2026-10-06T13:17:55.7768320Z  2026-10-06 13:16:14.163 UTC [445] WARNING:  no privileges were granted for "gin_extract_query_trgm"
2026-10-06T13:17:55.7769298Z  2026-10-06 13:16:14.163 UTC [445] WARNING:  no privileges were granted for "gin_trgm_consistent"
2026-10-06T13:17:55.7770008Z  2026-10-06 13:16:14.163 UTC [445] WARNING:  no privileges were granted for "gin_trgm_triconsistent"
2026-10-06T13:17:55.7770616Z  2026-10-06 13:16:14.163 UTC [445] WARNING:  no privileges were granted for "strict_word_similarity"
2026-10-06T13:17:55.7771218Z  2026-10-06 13:16:14.163 UTC [445] WARNING:  no privileges were granted for "strict_word_similarity_op"
2026-10-06T13:17:55.7771862Z  2026-10-06 13:16:14.163 UTC [445] WARNING:  no privileges were granted for "strict_word_similarity_commutator_op"
2026-10-06T13:17:55.7772522Z  2026-10-06 13:16:14.164 UTC [445] WARNING:  no privileges were granted for "strict_word_similarity_dist_op"
2026-10-06T13:17:55.7773188Z  2026-10-06 13:16:14.164 UTC [445] WARNING:  no privileges were granted for "strict_word_similarity_dist_commutator_op"
2026-10-06T13:17:55.7773812Z  2026-10-06 13:16:14.164 UTC [445] WARNING:  no privileges were granted for "gtrgm_options"
2026-10-06T13:17:55.7774317Z  2026-10-06 13:16:14.794 UTC [62] LOG:  checkpoint starting: immediate force wait
2026-10-06T13:17:55.7775967Z  2026-10-06 13:16:14.820 UTC [62] LOG:  checkpoint complete: wrote 832 buffers (5.1%); 0 WAL file(s) added, 0 removed, 1 recycled; write=0.016 s, sync=0.006 s, total=0.027 s; sync files=721, longest=0.001 s, average=0.001 s; distance=15176 kB, estimate=19799 kB; lsn=0/479C6D0, redo lsn=0/479C698
2026-10-06T13:17:55.7778228Z  2026-10-06 13:16:15.653 UTC [465] ERROR:  duplicate key value violates unique constraint "colony_skin_versions_content_key"
2026-10-06T13:17:55.7780482Z  2026-10-06 13:16:15.653 UTC [465] DETAIL:  Key (skin_id, texture_sha256, layout, building_color, swarm_mesh)=(9b6b5024-6415-4e9c-af45-464cf117102a, aaaaaaaaaaaaaaaaaaaaaaaaaaaaaaaaaaaaaaaaaaaaaaaaaaaaaaaaaaaaaaaa, colony-v1, 7, crown) already exists.
2026-10-06T13:17:55.7782528Z  2026-10-06 13:16:15.653 UTC [465] STATEMENT:  
2026-10-06T13:17:55.7783277Z  	          INSERT INTO colony_skin_versions
2026-10-06T13:17:55.7783990Z  	            (skin_id, texture_sha256, layout, building_color, manifest_sha256, swarm_mesh)
2026-10-06T13:17:55.7784734Z  	          VALUES ($1, $2, 'colony-v1', 7, $3, $4)
2026-10-06T13:17:55.7785539Z  	          RETURNING id
2026-10-06T13:17:55.7786557Z  2026-10-06 13:16:15.664 UTC [465] ERROR:  new row for relation "colony_skin_versions" violates check constraint "colony_skin_versions_swarm_mesh_check"
2026-10-06T13:17:55.7789640Z  2026-10-06 13:16:15.664 UTC [465] DETAIL:  Failing row contains (c3af489c-49e9-4250-acd8-94b9fd4192e1, 9b6b5024-6415-4e9c-af45-464cf117102a, aaaaaaaaaaaaaaaaaaaaaaaaaaaaaaaaaaaaaaaaaaaaaaaaaaaaaaaaaaaaaaaa, colony-v1, 7, eeeeeeeeeeeeeeeeeeeeeeeeeeeeeeeeeeeeeeeeeeeeeeeeeeeeeeeeeeeeeeee, 2026-10-06 13:16:15.66419+00, Crown!).
2026-10-06T13:17:55.7792238Z  2026-10-06 13:16:15.664 UTC [465] STATEMENT:  
2026-10-06T13:17:55.7792714Z  
2026-10-06T13:17:55.7793207Z  The database cluster will be initialized with locale "en_US.utf8".
2026-10-06T13:17:55.7794013Z  The default database encoding has accordingly been set to "UTF8".
2026-10-06T13:17:55.7794815Z  The default text search configuration will be set to "english".
2026-10-06T13:17:55.7795642Z  
2026-10-06T13:17:55.7795999Z  Data page checksums are disabled.
2026-10-06T13:17:55.7796451Z  
2026-10-06T13:17:55.7796989Z  fixing permissions on existing directory /var/lib/postgresql/data ... ok
2026-10-06T13:17:55.7797889Z  creating subdirectories ... ok
2026-10-06T13:17:55.7798473Z  selecting dynamic shared memory implementation ... posix
2026-10-06T13:17:55.7799119Z  selecting default max_connections ... 100
2026-10-06T13:17:55.7799643Z  selecting default shared_buffers ... 128MB
2026-10-06T13:17:55.7800187Z  selecting default time zone ... Etc/UTC
2026-10-06T13:17:55.7800686Z  creating configuration files ... ok
2026-10-06T13:17:55.7801186Z  running bootstrap script ... ok
2026-10-06T13:17:55.7801718Z  performing post-bootstrap initialization ... ok
2026-10-06T13:17:55.7802285Z  syncing data to disk ... ok
2026-10-06T13:17:55.7802688Z  
2026-10-06T13:17:55.7802977Z  
2026-10-06T13:17:55.7803383Z  Success. You can now start the database server using:
2026-10-06T13:17:55.7803910Z  
2026-10-06T13:17:55.7804337Z      pg_ctl -D /var/lib/postgresql/data -l logfile start
2026-10-06T13:17:55.7804867Z  
2026-10-06T13:17:55.7806226Z  waiting for server to start....2026-10-06 13:12:26.938 UTC [48] LOG:  starting PostgreSQL 16.15 (Debian 16.15-1.pgdg13+2) on x86_64-pc-linux-gnu, compiled by gcc (Debian 14.2.0-19) 14.2.0, 64-bit
2026-10-06T13:17:55.7807891Z  2026-10-06 13:12:26.938 UTC [48] LOG:  listening on Unix socket "/var/run/postgresql/.s.PGSQL.5432"
2026-10-06T13:17:55.7808999Z  2026-10-06 13:12:26.940 UTC [51] LOG:  database system was shut down at 2026-10-06 13:12:26 UTC
2026-10-06T13:17:55.7809978Z  2026-10-06 13:12:26.944 UTC [48] LOG:  database system is ready to accept connections
2026-10-06T13:17:55.7810648Z   done
2026-10-06T13:17:55.7810980Z  server started
2026-10-06T13:17:55.7811330Z  CREATE DATABASE
2026-10-06T13:17:55.7811672Z  
2026-10-06T13:17:55.7811963Z  
2026-10-06T13:17:55.7812523Z  /usr/local/bin/docker-entrypoint.sh: ignoring /docker-entrypoint-initdb.d/*
2026-10-06T13:17:55.7813239Z  
2026-10-06T13:17:55.7813866Z  waiting for server to shut down...2026-10-06 13:12:27.122 UTC [48] LOG:  received fast shutdown request
2026-10-06T13:17:55.7814823Z  .2026-10-06 13:12:27.125 UTC [48] LOG:  aborting any active transactions
2026-10-06T13:17:55.7816087Z  2026-10-06 13:12:27.126 UTC [48] LOG:  background worker "logical replication launcher" (PID 54) exited with exit code 1
2026-10-06T13:17:55.7817085Z  2026-10-06 13:12:27.127 UTC [49] LOG:  shutting down
2026-10-06T13:17:55.7817801Z  2026-10-06 13:12:27.128 UTC [49] LOG:  checkpoint starting: shutdown immediate
2026-10-06T13:17:55.7819998Z  2026-10-06 13:12:27.142 UTC [49] LOG:  checkpoint complete: wrote 926 buffers (5.7%); 0 WAL file(s) added, 0 removed, 0 recycled; write=0.011 s, sync=0.003 s, total=0.015 s; sync files=301, longest=0.002 s, average=0.001 s; distance=4273 kB, estimate=4273 kB; lsn=0/191F0E0, redo lsn=0/191F0E0
2026-10-06T13:17:55.7822015Z  2026-10-06 13:12:27.148 UTC [48] LOG:  database system is shut down
2026-10-06T13:17:55.7822624Z   done
2026-10-06T13:17:55.7822956Z  server stopped
2026-10-06T13:17:55.7823295Z  
2026-10-06T13:17:55.7823720Z  PostgreSQL init process complete; ready for start up.
2026-10-06T13:17:55.7824344Z  
2026-10-06T13:17:55.7824982Z  	          INSERT INTO colony_skin_versions
2026-10-06T13:17:55.7825933Z  	            (skin_id, texture_sha256, layout, building_color, manifest_sha256, swarm_mesh)
2026-10-06T13:17:55.7826701Z  	          VALUES ($1, $2, 'colony-v1', 7, $3, $4)
2026-10-06T13:17:55.7827198Z  	          RETURNING id
2026-10-06T13:17:55.7827778Z  2026-10-06 13:16:15.676 UTC [62] LOG:  checkpoint starting: immediate force wait
2026-10-06T13:17:55.7829786Z  2026-10-06 13:16:15.713 UTC [62] LOG:  checkpoint complete: wrote 1237 buffers (7.6%); 0 WAL file(s) added, 0 removed, 1 recycled; write=0.025 s, sync=0.010 s, total=0.037 s; sync files=585, longest=0.002 s, average=0.001 s; distance=12718 kB, estimate=19091 kB; lsn=0/54910B8, redo lsn=0/54081B0
2026-10-06T13:17:55.7831960Z  2026-10-06 13:16:16.204 UTC [472] ERROR:  relation "graphile_worker.migrations" does not exist at character 85
2026-10-06T13:17:55.7833192Z  2026-10-06 13:16:16.204 UTC [472] STATEMENT:  select current_setting('server_version_num') as server_version_num,
2026-10-06T13:17:55.7834469Z  	(select id from "graphile_worker".migrations order by id desc limit 1) as id,
2026-10-06T13:17:55.7835690Z  	(select id from "graphile_worker".migrations where breaking is true order by id desc limit 1) as biggest_breaking_id;
2026-10-06T13:17:55.7836319Z  	
2026-10-06T13:17:55.7836752Z  2026-10-06 13:16:16.333 UTC [472] WARNING:  no privileges were granted for "set_limit"
2026-10-06T13:17:55.7837286Z  2026-10-06 13:16:16.333 UTC [472] WARNING:  no privileges were granted for "show_limit"
2026-10-06T13:17:55.7837787Z  2026-10-06 13:16:16.333 UTC [472] WARNING:  no privileges were granted for "show_trgm"
2026-10-06T13:17:55.7838272Z  2026-10-06 13:16:16.333 UTC [472] WARNING:  no privileges were granted for "similarity"
2026-10-06T13:17:55.7838788Z  2026-10-06 13:16:16.333 UTC [472] WARNING:  no privileges were granted for "similarity_op"
2026-10-06T13:17:55.7839351Z  2026-10-06 13:16:16.333 UTC [472] WARNING:  no privileges were granted for "word_similarity"
2026-10-06T13:17:55.7839906Z  2026-10-06 13:16:16.334 UTC [472] WARNING:  no privileges were granted for "word_similarity_op"
2026-10-06T13:17:55.7840495Z  2026-10-06 13:16:16.334 UTC [472] WARNING:  no privileges were granted for "word_similarity_commutator_op"
2026-10-06T13:17:55.7841085Z  2026-10-06 13:16:16.334 UTC [472] WARNING:  no privileges were granted for "similarity_dist"
2026-10-06T13:17:55.7841644Z  2026-10-06 13:16:16.334 UTC [472] WARNING:  no privileges were granted for "word_similarity_dist_op"
2026-10-06T13:17:55.7842272Z  2026-10-06 13:16:16.334 UTC [472] WARNING:  no privileges were granted for "word_similarity_dist_commutator_op"
2026-10-06T13:17:55.7842850Z  2026-10-06 13:16:16.334 UTC [472] WARNING:  no privileges were granted for "gtrgm_in"
2026-10-06T13:17:55.7843334Z  2026-10-06 13:16:16.334 UTC [472] WARNING:  no privileges were granted for "gtrgm_out"
2026-10-06T13:17:55.7843849Z  2026-10-06 13:16:16.334 UTC [472] WARNING:  no privileges were granted for "gtrgm_consistent"
2026-10-06T13:17:55.7844390Z  2026-10-06 13:16:16.334 UTC [472] WARNING:  no privileges were granted for "gtrgm_distance"
2026-10-06T13:17:55.7844910Z  2026-10-06 13:16:16.334 UTC [472] WARNING:  no privileges were granted for "gtrgm_compress"
2026-10-06T13:17:55.7846017Z  2026-10-06 13:16:16.334 UTC [472] WARNING:  no privileges were granted for "gtrgm_decompress"
2026-10-06T13:17:55.7847002Z  2026-10-06 13:16:16.334 UTC [472] WARNING:  no privileges were granted for "gtrgm_penalty"
2026-10-06T13:17:55.7848209Z  2026-10-06 13:16:16.334 UTC [472] WARNING:  no privileges were granted for "gtrgm_picksplit"
2026-10-06T13:17:55.7849244Z  2026-10-06 13:16:16.334 UTC [472] WARNING:  no privileges were granted for "gtrgm_union"
2026-10-06T13:17:55.7850169Z  2026-10-06 13:16:16.334 UTC [472] WARNING:  no privileges were granted for "gtrgm_same"
2026-10-06T13:17:55.7851193Z  2026-10-06 13:16:16.334 UTC [472] WARNING:  no privileges were granted for "gin_extract_value_trgm"
2026-10-06T13:17:55.7852271Z  2026-10-06 13:16:16.334 UTC [472] WARNING:  no privileges were granted for "gin_extract_query_trgm"
2026-10-06T13:17:55.7853347Z  2026-10-06 13:16:16.335 UTC [472] WARNING:  no privileges were granted for "gin_trgm_consistent"
2026-10-06T13:17:55.7854396Z  2026-10-06 13:16:16.335 UTC [472] WARNING:  no privileges were granted for "gin_trgm_triconsistent"
2026-10-06T13:17:55.7855676Z  2026-10-06 13:16:16.335 UTC [472] WARNING:  no privileges were granted for "strict_word_similarity"
2026-10-06T13:17:55.7856813Z  2026-10-06 13:16:16.335 UTC [472] WARNING:  no privileges were granted for "strict_word_similarity_op"
2026-10-06T13:17:55.7858003Z  2026-10-06 13:16:16.335 UTC [472] WARNING:  no privileges were granted for "strict_word_similarity_commutator_op"
2026-10-06T13:17:55.7859229Z  2026-10-06 13:16:16.335 UTC [472] WARNING:  no privileges were granted for "strict_word_similarity_dist_op"
2026-10-06T13:17:55.7860477Z  2026-10-06 13:16:16.335 UTC [472] WARNING:  no privileges were granted for "strict_word_similarity_dist_commutator_op"
2026-10-06T13:17:55.7861847Z  2026-10-06 13:16:16.335 UTC [472] WARNING:  no privileges were granted for "gtrgm_options"
2026-10-06T13:17:55.7863057Z  2026-10-06 13:16:16.784 UTC [477] ERROR:  duplicate key value violates unique constraint "colony_skin_versions_content_key"
2026-10-06T13:17:55.7866304Z  2026-10-06 13:16:16.784 UTC [477] DETAIL:  Key (skin_id, texture_sha256, material_sha256, layout, building_color, swarm_mesh, swarm_view_angle)=(99ec9d8e-b4b1-4d05-89fb-13d65bfd0ee1, aaaaaaaaaaaaaaaaaaaaaaaaaaaaaaaaaaaaaaaaaaaaaaaaaaaaaaaaaaaaaaaa, cccccccccccccccccccccccccccccccccccccccccccccccccccccccccccccccc, colony-v2, 1, classic, 0) already exists.
2026-10-06T13:17:55.7870087Z  2026-10-06 13:16:16.784 UTC [477] STATEMENT:  insert into "colony_skin_versions" ("skin_id", "texture_sha256", "material_sha256", "layout", "building_color", "manifest_sha256") values ($1, $2, $3, $4, $5, $6)
2026-10-06T13:17:55.7872120Z  2026-10-06 13:16:16.787 UTC [477] ERROR:  new row for relation "colony_skin_versions" violates check constraint "colony_skin_versions_layout_check"
2026-10-06T13:17:55.7875997Z  2026-10-06 13:16:16.787 UTC [477] DETAIL:  Failing row contains (d3713bff-49ec-4019-acf4-a8585b8cf8a6, 99ec9d8e-b4b1-4d05-89fb-13d65bfd0ee1, aaaaaaaaaaaaaaaaaaaaaaaaaaaaaaaaaaaaaaaaaaaaaaaaaaaaaaaaaaaaaaaa, colony-v1, 1, ffffffffffffffffffffffffffffffffffffffffffffffffffffffffffffffff, 2026-10-06 13:16:16.787019+00, classic, cccccccccccccccccccccccccccccccccccccccccccccccccccccccccccccccc, 0).
2026-10-06T13:17:55.7880021Z  2026-10-06 13:16:16.787 UTC [477] STATEMENT:  insert into "colony_skin_versions" ("skin_id", "texture_sha256", "material_sha256", "layout", "building_color", "manifest_sha256") values ($1, $2, $3, $4, $5, $6)
2026-10-06T13:17:55.7881638Z  2026-10-06 13:16:16.788 UTC [477] ERROR:  published colony skin versions are immutable
2026-10-06T13:17:55.7882726Z  2026-10-06 13:16:16.788 UTC [477] CONTEXT:  PL/pgSQL function colony_skin_version_immutable() line 3 at RAISE
2026-10-06T13:17:55.7883845Z  2026-10-06 13:16:16.788 UTC [477] STATEMENT:  delete from "colony_skin_versions" where "id" = $1
2026-10-06T13:17:55.7885360Z  2026-10-06 13:16:16.802 UTC [477] ERROR:  new row for relation "colony_skin_drafts" violates check constraint "colony_skin_drafts_material_check"
2026-10-06T13:17:55.7888362Z  2026-10-06 13:16:16.802 UTC [477] DETAIL:  Failing row contains (f838de98-f767-4a08-b0ee-5652139b9b4e, 9f0581a0-b614-4acc-b59d-29abc3fa9f5b, Draft, 1, \x01010101010101010101010101010101010101010101010101010101010101..., 2026-10-06 13:16:16.793474+00, null, classic, \x01010101010101010101010101010101010101010101010101010101010101..., 0).
2026-10-06T13:17:55.7892066Z  2026-10-06 13:16:16.802 UTC [477] STATEMENT:  insert into "colony_skin_drafts" ("account_id", "revision", "name", "building_color", "image", "material") values ($1, $2, $3, $4, $5, $6)
2026-10-06T13:17:55.7893476Z  2026-10-06 13:16:16.833 UTC [62] LOG:  checkpoint starting: immediate force wait
2026-10-06T13:17:55.7895653Z  2026-10-06 13:16:16.861 UTC [62] LOG:  checkpoint complete: wrote 706 buffers (4.3%); 0 WAL file(s) added, 0 removed, 1 recycled; write=0.015 s, sync=0.010 s, total=0.029 s; sync files=665, longest=0.002 s, average=0.001 s; distance=13288 kB, estimate=18510 kB; lsn=0/61053D8, redo lsn=0/61021D8
2026-10-06T13:17:55.7897796Z  2026-10-06 13:16:17.903 UTC [473] ERROR:  duplicate key value violates unique constraint "matches_proposal_id_key"
2026-10-06T13:17:55.7899035Z  2026-10-06 13:16:17.903 UTC [473] DETAIL:  Key (proposal_id)=(f5c64fe5-faa0-4c57-9733-f35e0fbeb1ae) already exists.
2026-10-06T13:17:55.7900342Z  2026-10-06 13:16:17.903 UTC [473] STATEMENT:  insert into "matches" ("sim_version", "rules_identity", "origin", "room_id", "queue_id", "rated", "status", "setup", "seed", "map_hash", "relay_id", "relay_assigned_at", "relay_attempts", "proposal_id") values ($1, $2, $3, $4, $5, $6, $7, $8, $9, $10, $11, now(), $12, $13) returning "id"
2026-10-06T13:17:55.7901695Z  2026-10-06 13:16:18.006 UTC [484] ERROR:  duplicate key value violates unique constraint "colony_skin_versions_content_key"
2026-10-06T13:17:55.7903541Z  2026-10-06 13:16:18.006 UTC [484] DETAIL:  Key (skin_id, texture_sha256, material_sha256, layout, building_color, swarm_mesh, swarm_view_angle)=(28004602-58f8-49b4-8ebf-4e2cb79d2f7a, abababababababababababababababababababababababababababababababab, abababababababababababababababababababababababababababababababab, colony-v2, 7, crown, 359) already exists.
2026-10-06T13:17:55.7906210Z  2026-10-06 13:16:18.006 UTC [484] STATEMENT:  insert into "colony_skin_versions" ("skin_id", "texture_sha256", "material_sha256", "layout", "building_color", "swarm_mesh", "swarm_view_angle", "manifest_sha256") values ($1, $2, $3, $4, $5, $6, $7, $8)
2026-10-06T13:17:55.7908027Z  2026-10-06 13:16:18.008 UTC [484] ERROR:  duplicate key value violates unique constraint "colony_skin_versions_content_key"
2026-10-06T13:17:55.7909928Z  2026-10-06 13:16:18.008 UTC [484] DETAIL:  Key (skin_id, texture_sha256, material_sha256, layout, building_color, swarm_mesh, swarm_view_angle)=(28004602-58f8-49b4-8ebf-4e2cb79d2f7a, abababababababababababababababababababababababababababababababab, abababababababababababababababababababababababababababababababab, colony-v2, 7, crown, 0) already exists.
2026-10-06T13:17:55.7911928Z  2026-10-06 13:16:18.008 UTC [484] STATEMENT:  insert into "colony_skin_versions" ("skin_id", "texture_sha256", "material_sha256", "layout", "building_color", "swarm_mesh", "swarm_view_angle", "manifest_sha256") values ($1, $2, $3, $4, $5, $6, $7, $8)
2026-10-06T13:17:55.7913157Z  2026-10-06 13:16:18.009 UTC [484] ERROR:  new row for relation "colony_skin_versions" violates check constraint "colony_skin_versions_swarm_view_angle_check"
2026-10-06T13:17:55.7915253Z  2026-10-06 13:16:18.009 UTC [484] DETAIL:  Failing row contains (322dbbdb-f05b-4023-8dbf-cd273c0b1925, 28004602-58f8-49b4-8ebf-4e2cb79d2f7a, abababababababababababababababababababababababababababababababab, colony-v2, 7, 2222222222222222222222222222222222222222222222222222222222222222, 2026-10-06 13:16:18.009626+00, crown, abababababababababababababababababababababababababababababababab, -1).
2026-10-06T13:17:55.7917389Z  2026-10-06 13:16:18.009 UTC [484] STATEMENT:  insert into "colony_skin_versions" ("skin_id", "texture_sha256", "material_sha256", "layout", "building_color", "swarm_mesh", "swarm_view_angle", "manifest_sha256") values ($1, $2, $3, $4, $5, $6, $7, $8)
2026-10-06T13:17:55.7918763Z  2026-10-06 13:16:18.013 UTC [484] ERROR:  new row for relation "colony_skin_drafts" violates check constraint "colony_skin_drafts_swarm_view_angle_check"
2026-10-06T13:17:55.7920033Z  2026-10-06 13:16:18.013 UTC [484] DETAIL:  Failing row contains (901264c9-6a79-4e74-8d7c-2d0e635b5556, 5af3668c-100c-4082-9b0a-2c4b87c051d7, Existing draft, 7, \x010203, 2026-10-06 13:16:17.730321+00, 28004602-58f8-49b4-8ebf-4e2cb79d2f7a, crown, \x0001, -1).
2026-10-06T13:17:55.7921207Z  2026-10-06 13:16:18.013 UTC [484] STATEMENT:  update "colony_skin_drafts" set "swarm_view_angle" = $1 where "account_id" = $2
2026-10-06T13:17:55.7922074Z  2026-10-06 13:16:18.014 UTC [484] ERROR:  new row for relation "colony_skin_versions" violates check constraint "colony_skin_versions_swarm_view_angle_check"
2026-10-06T13:17:55.7923925Z  2026-10-06 13:16:18.014 UTC [484] DETAIL:  Failing row contains (d57e1bb9-f616-404d-9b99-b510589a6e71, 28004602-58f8-49b4-8ebf-4e2cb79d2f7a, abababababababababababababababababababababababababababababababab, colony-v2, 7, 2222222222222222222222222222222222222222222222222222222222222222, 2026-10-06 13:16:18.014237+00, crown, abababababababababababababababababababababababababababababababab, 360).
2026-10-06T13:17:55.7926350Z  2026-10-06 13:16:18.014 UTC [484] STATEMENT:  insert into "colony_skin_versions" ("skin_id", "texture_sha256", "material_sha256", "layout", "building_color", "swarm_mesh", "swarm_view_angle", "manifest_sha256") values ($1, $2, $3, $4, $5, $6, $7, $8)
2026-10-06T13:17:55.7927577Z  2026-10-06 13:16:18.015 UTC [484] ERROR:  new row for relation "colony_skin_drafts" violates check constraint "colony_skin_drafts_swarm_view_angle_check"
2026-10-06T13:17:55.7928972Z  2026-10-06 13:16:18.015 UTC [484] DETAIL:  Failing row contains (901264c9-6a79-4e74-8d7c-2d0e635b5556, 5af3668c-100c-4082-9b0a-2c4b87c051d7, Existing draft, 7, \x010203, 2026-10-06 13:16:17.730321+00, 28004602-58f8-49b4-8ebf-4e2cb79d2f7a, crown, \x0001, 360).
2026-10-06T13:17:55.7930131Z  2026-10-06 13:16:18.015 UTC [484] STATEMENT:  update "colony_skin_drafts" set "swarm_view_angle" = $1 where "account_id" = $2
2026-10-06T13:17:55.7930755Z  2026-10-06 13:16:18.100 UTC [62] LOG:  checkpoint starting: immediate force wait
2026-10-06T13:17:55.7931883Z  2026-10-06 13:16:18.114 UTC [62] LOG:  checkpoint complete: wrote 434 buffers (2.6%); 0 WAL file(s) added, 0 removed, 0 recycled; write=0.009 s, sync=0.004 s, total=0.014 s; sync files=209, longest=0.001 s, average=0.001 s; distance=9334 kB, estimate=17593 kB; lsn=0/6A28250, redo lsn=0/6A1FA00
2026-10-06T13:17:55.7933090Z  2026-10-06 13:16:18.260 UTC [438] ERROR:  value for domain sha256_hex violates check constraint "sha256_hex_check"
2026-10-06T13:17:55.7933670Z  2026-10-06 13:16:18.260 UTC [438] CONTEXT:  unnamed portal parameter $1 = '...'
2026-10-06T13:17:55.7934301Z  2026-10-06 13:16:18.260 UTC [438] STATEMENT:  insert into "blobs" ("sha256", "size", "content_type", "storage_key") values ($1, $2, $3, $4)
2026-10-06T13:17:55.7935396Z  2026-10-06 13:16:18.262 UTC [438] ERROR:  new row for relation "rating_entities" violates check constraint "rating_entities_check"
2026-10-06T13:17:55.7936304Z  2026-10-06 13:16:18.262 UTC [438] DETAIL:  Failing row contains (9c385bd0-3e55-4fd1-bbe9-e49d7ead5da0, ai, null, numbi, null, 2026-10-06 13:16:18.262403+00).
2026-10-06T13:17:55.7937108Z  2026-10-06 13:16:18.262 UTC [438] STATEMENT:  insert into "rating_entities" ("kind", "ai_id") values ($1, $2)
2026-10-06T13:17:55.7937795Z  2026-10-06 13:16:18.266 UTC [438] ERROR:  duplicate key value violates unique constraint "queue_tickets_one_active_idx"
2026-10-06T13:17:55.7938531Z  2026-10-06 13:16:18.266 UTC [438] DETAIL:  Key (account_id, queue_id)=(017a12d3-a488-4acd-85d3-b4d125185fec, q) already exists.
2026-10-06T13:17:55.7939306Z  2026-10-06 13:16:18.266 UTC [438] STATEMENT:  insert into "queue_tickets" ("queue_id", "account_id", "sim_version") values ($1, $2, $3)
2026-10-06T13:17:55.7940048Z  2026-10-06 13:16:18.267 UTC [438] ERROR:  new row for relation "matches" violates check constraint "matches_check"
2026-10-06T13:17:55.7941903Z  2026-10-06 13:16:18.267 UTC [438] DETAIL:  Failing row contains (a0ea6249-5f52-4d22-9d6d-ff858bd44321, 125-49-3f3f3f3f3f3f3f3f3f3f3f3f3f3f3f3f3f3f3f3f3f3f3f3f3f3f3f3f3..., queue, null, null, f, starting, pending, {}, 1, abababababababababababababababababababababababababababababababab, null, null, null, f, 2026-10-06 13:16:18.267611+00, null, null, pending, null, null, null, null, 0, null, null, null, null).
2026-10-06T13:17:55.7943696Z  2026-10-06 13:16:18.267 UTC [438] STATEMENT:  insert into "matches" ("sim_version", "origin", "setup", "seed", "map_hash") values ($1, $2, $3, $4, $5)
2026-10-06T13:17:55.7944367Z  2026-10-06 13:16:18.284 UTC [62] LOG:  checkpoint starting: immediate force wait
2026-10-06T13:17:55.7945775Z  2026-10-06 13:16:18.294 UTC [62] LOG:  checkpoint complete: wrote 159 buffers (1.0%); 0 WAL file(s) added, 0 removed, 0 recycled; write=0.004 s, sync=0.002 s, total=0.011 s; sync files=126, longest=0.001 s, average=0.001 s; distance=462 kB, estimate=15880 kB; lsn=0/6AA0988, redo lsn=0/6A93248
2026-10-06T13:17:55.7946855Z  2026-10-06 13:16:18.653 UTC [62] LOG:  checkpoint starting: immediate force wait
2026-10-06T13:17:55.7947913Z  2026-10-06 13:16:18.658 UTC [62] LOG:  checkpoint complete: wrote 39 buffers (0.2%); 0 WAL file(s) added, 0 removed, 0 recycled; write=0.002 s, sync=0.001 s, total=0.005 s; sync files=35, longest=0.001 s, average=0.001 s; distance=379 kB, estimate=14330 kB; lsn=0/6AF8248, redo lsn=0/6AF20C8
2026-10-06T13:17:55.7948968Z  2026-10-06 13:16:19.287 UTC [62] LOG:  checkpoint starting: immediate force wait
2026-10-06T13:17:55.7950003Z  2026-10-06 13:16:19.291 UTC [62] LOG:  checkpoint complete: wrote 9 buffers (0.1%); 0 WAL file(s) added, 0 removed, 0 recycled; write=0.001 s, sync=0.001 s, total=0.005 s; sync files=4, longest=0.001 s, average=0.001 s; distance=161 kB, estimate=12913 kB; lsn=0/6B1A658, redo lsn=0/6B1A620
2026-10-06T13:17:55.7951294Z  2026-10-06 13:16:20.509 UTC [497] ERROR:  relation "graphile_worker.migrations" does not exist at character 85
2026-10-06T13:17:55.7951967Z  2026-10-06 13:16:20.509 UTC [497] STATEMENT:  select current_setting('server_version_num') as server_version_num,
2026-10-06T13:17:55.7952556Z  	(select id from "graphile_worker".migrations order by id desc limit 1) as id,
2026-10-06T13:17:55.7953190Z  	(select id from "graphile_worker".migrations where breaking is true order by id desc limit 1) as biggest_breaking_id;
2026-10-06T13:17:55.7953694Z  	
2026-10-06T13:17:55.7953991Z  2026-10-06 13:16:20.619 UTC [497] WARNING:  no privileges were granted for "set_limit"
2026-10-06T13:17:55.7954659Z  2026-10-06 13:16:20.619 UTC [497] WARNING:  no privileges were granted for "show_limit"
2026-10-06T13:17:55.7955374Z  2026-10-06 13:16:20.620 UTC [497] WARNING:  no privileges were granted for "show_trgm"
2026-10-06T13:17:55.7955998Z  2026-10-06 13:16:20.620 UTC [497] WARNING:  no privileges were granted for "similarity"
2026-10-06T13:17:55.7956524Z  2026-10-06 13:16:20.620 UTC [497] WARNING:  no privileges were granted for "similarity_op"
2026-10-06T13:17:55.7957062Z  2026-10-06 13:16:20.621 UTC [497] WARNING:  no privileges were granted for "word_similarity"
2026-10-06T13:17:55.7957631Z  2026-10-06 13:16:20.621 UTC [497] WARNING:  no privileges were granted for "word_similarity_op"
2026-10-06T13:17:55.7958229Z  2026-10-06 13:16:20.621 UTC [497] WARNING:  no privileges were granted for "word_similarity_commutator_op"
2026-10-06T13:17:55.7958813Z  2026-10-06 13:16:20.621 UTC [497] WARNING:  no privileges were granted for "similarity_dist"
2026-10-06T13:17:55.7959371Z  2026-10-06 13:16:20.622 UTC [497] WARNING:  no privileges were granted for "word_similarity_dist_op"
2026-10-06T13:17:55.7960003Z  2026-10-06 13:16:20.622 UTC [497] WARNING:  no privileges were granted for "word_similarity_dist_commutator_op"
2026-10-06T13:17:55.7960576Z  2026-10-06 13:16:20.622 UTC [497] WARNING:  no privileges were granted for "gtrgm_in"
2026-10-06T13:17:55.7961062Z  2026-10-06 13:16:20.623 UTC [497] WARNING:  no privileges were granted for "gtrgm_out"
2026-10-06T13:17:55.7961592Z  2026-10-06 13:16:20.623 UTC [497] WARNING:  no privileges were granted for "gtrgm_consistent"
2026-10-06T13:17:55.7962272Z  2026-10-06 13:16:20.623 UTC [497] WARNING:  no privileges were granted for "gtrgm_distance"
2026-10-06T13:17:55.7962806Z  2026-10-06 13:16:20.623 UTC [497] WARNING:  no privileges were granted for "gtrgm_compress"
2026-10-06T13:17:55.7963342Z  2026-10-06 13:16:20.624 UTC [497] WARNING:  no privileges were granted for "gtrgm_decompress"
2026-10-06T13:17:55.7963878Z  2026-10-06 13:16:20.624 UTC [497] WARNING:  no privileges were granted for "gtrgm_penalty"
2026-10-06T13:17:55.7964409Z  2026-10-06 13:16:20.624 UTC [497] WARNING:  no privileges were granted for "gtrgm_picksplit"
2026-10-06T13:17:55.7964970Z  2026-10-06 13:16:20.624 UTC [497] WARNING:  no privileges were granted for "gtrgm_union"
2026-10-06T13:17:55.7965810Z  2026-10-06 13:16:20.624 UTC [497] WARNING:  no privileges were granted for "gtrgm_same"
2026-10-06T13:17:55.7966366Z  2026-10-06 13:16:20.625 UTC [497] WARNING:  no privileges were granted for "gin_extract_value_trgm"
2026-10-06T13:17:55.7966961Z  2026-10-06 13:16:20.625 UTC [497] WARNING:  no privileges were granted for "gin_extract_query_trgm"
2026-10-06T13:17:55.7967541Z  2026-10-06 13:16:20.625 UTC [497] WARNING:  no privileges were granted for "gin_trgm_consistent"
2026-10-06T13:17:55.7968113Z  2026-10-06 13:16:20.625 UTC [497] WARNING:  no privileges were granted for "gin_trgm_triconsistent"
2026-10-06T13:17:55.7968694Z  2026-10-06 13:16:20.625 UTC [497] WARNING:  no privileges were granted for "strict_word_similarity"
2026-10-06T13:17:55.7969427Z  2026-10-06 13:16:20.626 UTC [497] WARNING:  no privileges were granted for "strict_word_similarity_op"
2026-10-06T13:17:55.7970069Z  2026-10-06 13:16:20.626 UTC [497] WARNING:  no privileges were granted for "strict_word_similarity_commutator_op"
2026-10-06T13:17:55.7970736Z  2026-10-06 13:16:20.626 UTC [497] WARNING:  no privileges were granted for "strict_word_similarity_dist_op"
2026-10-06T13:17:55.7971412Z  2026-10-06 13:16:20.626 UTC [497] WARNING:  no privileges were granted for "strict_word_similarity_dist_commutator_op"
2026-10-06T13:17:55.7972041Z  2026-10-06 13:16:20.627 UTC [497] WARNING:  no privileges were granted for "gtrgm_options"
2026-10-06T13:17:55.7972641Z  2026-10-06 13:16:21.245 UTC [507] ERROR:  relation "graphile_worker.migrations" does not exist at character 85
2026-10-06T13:17:55.7973315Z  2026-10-06 13:16:21.245 UTC [507] STATEMENT:  select current_setting('server_version_num') as server_version_num,
2026-10-06T13:17:55.7973919Z  	(select id from "graphile_worker".migrations order by id desc limit 1) as id,
2026-10-06T13:17:55.7974555Z  	(select id from "graphile_worker".migrations where breaking is true order by id desc limit 1) as biggest_breaking_id;
2026-10-06T13:17:55.7975302Z  	
2026-10-06T13:17:55.7975622Z  2026-10-06 13:16:21.351 UTC [507] WARNING:  no privileges were granted for "set_limit"
2026-10-06T13:17:55.7976134Z  2026-10-06 13:16:21.351 UTC [507] WARNING:  no privileges were granted for "show_limit"
2026-10-06T13:17:55.7976635Z  2026-10-06 13:16:21.351 UTC [507] WARNING:  no privileges were granted for "show_trgm"
2026-10-06T13:17:55.7977141Z  2026-10-06 13:16:21.351 UTC [507] WARNING:  no privileges were granted for "similarity"
2026-10-06T13:17:55.7977647Z  2026-10-06 13:16:21.351 UTC [507] WARNING:  no privileges were granted for "similarity_op"
2026-10-06T13:17:55.7978181Z  2026-10-06 13:16:21.351 UTC [507] WARNING:  no privileges were granted for "word_similarity"
2026-10-06T13:17:55.7978736Z  2026-10-06 13:16:21.351 UTC [507] WARNING:  no privileges were granted for "word_similarity_op"
2026-10-06T13:17:55.7979337Z  2026-10-06 13:16:21.351 UTC [507] WARNING:  no privileges were granted for "word_similarity_commutator_op"
2026-10-06T13:17:55.7979923Z  2026-10-06 13:16:21.351 UTC [507] WARNING:  no privileges were granted for "similarity_dist"
2026-10-06T13:17:55.7980481Z  2026-10-06 13:16:21.351 UTC [507] WARNING:  no privileges were granted for "word_similarity_dist_op"
2026-10-06T13:17:55.7981226Z  2026-10-06 13:16:21.351 UTC [507] WARNING:  no privileges were granted for "word_similarity_dist_commutator_op"
2026-10-06T13:17:55.7981806Z  2026-10-06 13:16:21.351 UTC [507] WARNING:  no privileges were granted for "gtrgm_in"
2026-10-06T13:17:55.7982298Z  2026-10-06 13:16:21.351 UTC [507] WARNING:  no privileges were granted for "gtrgm_out"
2026-10-06T13:17:55.7982812Z  2026-10-06 13:16:21.351 UTC [507] WARNING:  no privileges were granted for "gtrgm_consistent"
2026-10-06T13:17:55.7983344Z  2026-10-06 13:16:21.351 UTC [507] WARNING:  no privileges were granted for "gtrgm_distance"
2026-10-06T13:17:55.7983875Z  2026-10-06 13:16:21.351 UTC [507] WARNING:  no privileges were granted for "gtrgm_compress"
2026-10-06T13:17:55.7984402Z  2026-10-06 13:16:21.351 UTC [507] WARNING:  no privileges were granted for "gtrgm_decompress"
2026-10-06T13:17:55.7984925Z  2026-10-06 13:16:21.352 UTC [507] WARNING:  no privileges were granted for "gtrgm_penalty"
2026-10-06T13:17:55.7985693Z  2026-10-06 13:16:21.352 UTC [507] WARNING:  no privileges were granted for "gtrgm_picksplit"
2026-10-06T13:17:55.7986220Z  2026-10-06 13:16:21.352 UTC [507] WARNING:  no privileges were granted for "gtrgm_union"
2026-10-06T13:17:55.7986718Z  2026-10-06 13:16:21.352 UTC [507] WARNING:  no privileges were granted for "gtrgm_same"
2026-10-06T13:17:55.7987259Z  2026-10-06 13:16:21.352 UTC [507] WARNING:  no privileges were granted for "gin_extract_value_trgm"
2026-10-06T13:17:55.7987832Z  2026-10-06 13:16:21.352 UTC [507] WARNING:  no privileges were granted for "gin_extract_query_trgm"
2026-10-06T13:17:55.7988522Z  2026-10-06 13:16:21.352 UTC [507] WARNING:  no privileges were granted for "gin_trgm_consistent"
2026-10-06T13:17:55.7989088Z  2026-10-06 13:16:21.352 UTC [507] WARNING:  no privileges were granted for "gin_trgm_triconsistent"
2026-10-06T13:17:55.7989657Z  2026-10-06 13:16:21.352 UTC [507] WARNING:  no privileges were granted for "strict_word_similarity"
2026-10-06T13:17:55.7990246Z  2026-10-06 13:16:21.352 UTC [507] WARNING:  no privileges were granted for "strict_word_similarity_op"
2026-10-06T13:17:55.7990882Z  2026-10-06 13:16:21.352 UTC [507] WARNING:  no privileges were granted for "strict_word_similarity_commutator_op"
2026-10-06T13:17:55.7991535Z  2026-10-06 13:16:21.352 UTC [507] WARNING:  no privileges were granted for "strict_word_similarity_dist_op"
2026-10-06T13:17:55.7992206Z  2026-10-06 13:16:21.352 UTC [507] WARNING:  no privileges were granted for "strict_word_similarity_dist_commutator_op"
2026-10-06T13:17:55.7992851Z  2026-10-06 13:16:21.352 UTC [507] WARNING:  no privileges were granted for "gtrgm_options"
2026-10-06T13:17:55.7993467Z  2026-10-06 13:16:21.988 UTC [515] ERROR:  relation "graphile_worker.migrations" does not exist at character 85
2026-10-06T13:17:55.7994151Z  2026-10-06 13:16:21.988 UTC [515] STATEMENT:  select current_setting('server_version_num') as server_version_num,
2026-10-06T13:17:55.7994748Z  	(select id from "graphile_worker".migrations order by id desc limit 1) as id,
2026-10-06T13:17:55.7995681Z  	(select id from "graphile_worker".migrations where breaking is true order by id desc limit 1) as biggest_breaking_id;
2026-10-06T13:17:55.7996199Z  	
2026-10-06T13:17:55.7996495Z  2026-10-06 13:16:22.097 UTC [515] WARNING:  no privileges were granted for "set_limit"
2026-10-06T13:17:55.7996992Z  2026-10-06 13:16:22.097 UTC [515] WARNING:  no privileges were granted for "show_limit"
2026-10-06T13:17:55.7997489Z  2026-10-06 13:16:22.097 UTC [515] WARNING:  no privileges were granted for "show_trgm"
2026-10-06T13:17:55.7997977Z  2026-10-06 13:16:22.097 UTC [515] WARNING:  no privileges were granted for "similarity"
2026-10-06T13:17:55.7998489Z  2026-10-06 13:16:22.097 UTC [515] WARNING:  no privileges were granted for "similarity_op"
2026-10-06T13:17:55.7999025Z  2026-10-06 13:16:22.097 UTC [515] WARNING:  no privileges were granted for "word_similarity"
2026-10-06T13:17:55.7999572Z  2026-10-06 13:16:22.097 UTC [515] WARNING:  no privileges were granted for "word_similarity_op"
2026-10-06T13:17:55.8000290Z  2026-10-06 13:16:22.097 UTC [515] WARNING:  no privileges were granted for "word_similarity_commutator_op"
2026-10-06T13:17:55.8000885Z  2026-10-06 13:16:22.097 UTC [515] WARNING:  no privileges were granted for "similarity_dist"
2026-10-06T13:17:55.8001446Z  2026-10-06 13:16:22.098 UTC [515] WARNING:  no privileges were granted for "word_similarity_dist_op"
2026-10-06T13:17:55.8002068Z  2026-10-06 13:16:22.098 UTC [515] WARNING:  no privileges were granted for "word_similarity_dist_commutator_op"
2026-10-06T13:17:55.8002650Z  2026-10-06 13:16:22.098 UTC [515] WARNING:  no privileges were granted for "gtrgm_in"
2026-10-06T13:17:55.8003140Z  2026-10-06 13:16:22.098 UTC [515] WARNING:  no privileges were granted for "gtrgm_out"
2026-10-06T13:17:55.8003653Z  2026-10-06 13:16:22.098 UTC [515] WARNING:  no privileges were granted for "gtrgm_consistent"
2026-10-06T13:17:55.8004188Z  2026-10-06 13:16:22.098 UTC [515] WARNING:  no privileges were granted for "gtrgm_distance"
2026-10-06T13:17:55.8004710Z  2026-10-06 13:16:22.098 UTC [515] WARNING:  no privileges were granted for "gtrgm_compress"
2026-10-06T13:17:55.8005514Z  2026-10-06 13:16:22.098 UTC [515] WARNING:  no privileges were granted for "gtrgm_decompress"
2026-10-06T13:17:55.8006069Z  2026-10-06 13:16:22.098 UTC [515] WARNING:  no privileges were granted for "gtrgm_penalty"
2026-10-06T13:17:55.8006595Z  2026-10-06 13:16:22.098 UTC [515] WARNING:  no privileges were granted for "gtrgm_picksplit"
2026-10-06T13:17:55.8007110Z  2026-10-06 13:16:22.098 UTC [515] WARNING:  no privileges were granted for "gtrgm_union"
2026-10-06T13:17:55.8007744Z  2026-10-06 13:16:22.098 UTC [515] WARNING:  no privileges were granted for "gtrgm_same"
2026-10-06T13:17:55.8008277Z  2026-10-06 13:16:22.099 UTC [515] WARNING:  no privileges were granted for "gin_extract_value_trgm"
2026-10-06T13:17:55.8008850Z  2026-10-06 13:16:22.099 UTC [515] WARNING:  no privileges were granted for "gin_extract_query_trgm"
2026-10-06T13:17:55.8009419Z  2026-10-06 13:16:22.099 UTC [515] WARNING:  no privileges were granted for "gin_trgm_consistent"
2026-10-06T13:17:55.8009984Z  2026-10-06 13:16:22.099 UTC [515] WARNING:  no privileges were granted for "gin_trgm_triconsistent"
2026-10-06T13:17:55.8010549Z  2026-10-06 13:16:22.100 UTC [515] WARNING:  no privileges were granted for "strict_word_similarity"
2026-10-06T13:17:55.8011132Z  2026-10-06 13:16:22.100 UTC [515] WARNING:  no privileges were granted for "strict_word_similarity_op"
2026-10-06T13:17:55.8011764Z  2026-10-06 13:16:22.100 UTC [515] WARNING:  no privileges were granted for "strict_word_similarity_commutator_op"
2026-10-06T13:17:55.8012429Z  2026-10-06 13:16:22.100 UTC [515] WARNING:  no privileges were granted for "strict_word_similarity_dist_op"
2026-10-06T13:17:55.8013098Z  2026-10-06 13:16:22.100 UTC [515] WARNING:  no privileges were granted for "strict_word_similarity_dist_commutator_op"
2026-10-06T13:17:55.8013713Z  2026-10-06 13:16:22.101 UTC [515] WARNING:  no privileges were granted for "gtrgm_options"
2026-10-06T13:17:55.8014217Z  2026-10-06 13:16:24.467 UTC [62] LOG:  checkpoint starting: immediate force wait
2026-10-06T13:17:55.8015568Z  2026-10-06 13:16:24.661 UTC [62] LOG:  checkpoint complete: wrote 2853 buffers (17.4%); 0 WAL file(s) added, 0 removed, 2 recycled; write=0.037 s, sync=0.051 s, total=0.195 s; sync files=5055, longest=0.002 s, average=0.001 s; distance=29605 kB, estimate=29605 kB; lsn=0/8829658, redo lsn=0/8803CD0
2026-10-06T13:17:55.8016695Z  2026-10-06 13:16:25.561 UTC [62] LOG:  checkpoint starting: immediate force wait
2026-10-06T13:17:55.8017779Z  2026-10-06 13:16:25.599 UTC [62] LOG:  checkpoint complete: wrote 76 buffers (0.5%); 0 WAL file(s) added, 0 removed, 0 recycled; write=0.003 s, sync=0.011 s, total=0.039 s; sync files=966, longest=0.001 s, average=0.001 s; distance=1222 kB, estimate=26767 kB; lsn=0/893B050, redo lsn=0/8935540
2026-10-06T13:17:55.8018908Z  2026-10-06 13:16:26.386 UTC [568] FATAL:  terminating connection due to administrator command
2026-10-06T13:17:55.8019417Z  2026-10-06 13:16:26.692 UTC [62] LOG:  checkpoint starting: immediate force wait
2026-10-06T13:17:55.8020628Z  2026-10-06 13:16:26.728 UTC [62] LOG:  checkpoint complete: wrote 1064 buffers (6.5%); 0 WAL file(s) added, 0 removed, 1 recycled; write=0.026 s, sync=0.009 s, total=0.036 s; sync files=482, longest=0.002 s, average=0.001 s; distance=7292 kB, estimate=24819 kB; lsn=0/90DE7E0, redo lsn=0/90546B8
2026-10-06T13:17:55.8021822Z  2026-10-06 13:16:27.231 UTC [572] ERROR:  relation "graphile_worker.migrations" does not exist at character 85
2026-10-06T13:17:55.8022497Z  2026-10-06 13:16:27.231 UTC [572] STATEMENT:  select current_setting('server_version_num') as server_version_num,
2026-10-06T13:17:55.8023093Z  	(select id from "graphile_worker".migrations order by id desc limit 1) as id,
2026-10-06T13:17:55.8023720Z  	(select id from "graphile_worker".migrations where breaking is true order by id desc limit 1) as biggest_breaking_id;
2026-10-06T13:17:55.8024266Z  	
2026-10-06T13:17:55.8024558Z  2026-10-06 13:16:27.359 UTC [572] WARNING:  no privileges were granted for "set_limit"
2026-10-06T13:17:55.8025313Z  2026-10-06 13:16:27.359 UTC [572] WARNING:  no privileges were granted for "show_limit"
2026-10-06T13:17:55.8025932Z  2026-10-06 13:16:27.359 UTC [572] WARNING:  no privileges were granted for "show_trgm"
2026-10-06T13:17:55.8026425Z  2026-10-06 13:16:27.359 UTC [572] WARNING:  no privileges were granted for "similarity"
2026-10-06T13:17:55.8026932Z  2026-10-06 13:16:27.359 UTC [572] WARNING:  no privileges were granted for "similarity_op"
2026-10-06T13:17:55.8027466Z  2026-10-06 13:16:27.359 UTC [572] WARNING:  no privileges were granted for "word_similarity"
2026-10-06T13:17:55.8028170Z  2026-10-06 13:16:27.359 UTC [572] WARNING:  no privileges were granted for "word_similarity_op"
2026-10-06T13:17:55.8028764Z  2026-10-06 13:16:27.359 UTC [572] WARNING:  no privileges were granted for "word_similarity_commutator_op"
2026-10-06T13:17:55.8029351Z  2026-10-06 13:16:27.359 UTC [572] WARNING:  no privileges were granted for "similarity_dist"
2026-10-06T13:17:55.8029911Z  2026-10-06 13:16:27.359 UTC [572] WARNING:  no privileges were granted for "word_similarity_dist_op"
2026-10-06T13:17:55.8030529Z  2026-10-06 13:16:27.360 UTC [572] WARNING:  no privileges were granted for "word_similarity_dist_commutator_op"
2026-10-06T13:17:55.8031107Z  2026-10-06 13:16:27.360 UTC [572] WARNING:  no privileges were granted for "gtrgm_in"
2026-10-06T13:17:55.8031590Z  2026-10-06 13:16:27.360 UTC [572] WARNING:  no privileges were granted for "gtrgm_out"
2026-10-06T13:17:55.8032100Z  2026-10-06 13:16:27.360 UTC [572] WARNING:  no privileges were granted for "gtrgm_consistent"
2026-10-06T13:17:55.8032644Z  2026-10-06 13:16:27.360 UTC [572] WARNING:  no privileges were granted for "gtrgm_distance"
2026-10-06T13:17:55.8033161Z  2026-10-06 13:16:27.360 UTC [572] WARNING:  no privileges were granted for "gtrgm_compress"
2026-10-06T13:17:55.8033686Z  2026-10-06 13:16:27.360 UTC [572] WARNING:  no privileges were granted for "gtrgm_decompress"
2026-10-06T13:17:55.8034663Z  2026-10-06 13:16:27.360 UTC [572] WARNING:  no privileges were granted for "gtrgm_penalty"
2026-10-06T13:17:55.8035796Z  2026-10-06 13:16:27.360 UTC [572] WARNING:  no privileges were granted for "gtrgm_picksplit"
2026-10-06T13:17:55.8036431Z  2026-10-06 13:16:27.360 UTC [572] WARNING:  no privileges were granted for "gtrgm_union"
2026-10-06T13:17:55.8036939Z  2026-10-06 13:16:27.360 UTC [572] WARNING:  no privileges were granted for "gtrgm_same"
2026-10-06T13:17:55.8037485Z  2026-10-06 13:16:27.360 UTC [572] WARNING:  no privileges were granted for "gin_extract_value_trgm"
2026-10-06T13:17:55.8038092Z  2026-10-06 13:16:27.360 UTC [572] WARNING:  no privileges were granted for "gin_extract_query_trgm"
2026-10-06T13:17:55.8038666Z  2026-10-06 13:16:27.360 UTC [572] WARNING:  no privileges were granted for "gin_trgm_consistent"
2026-10-06T13:17:55.8039244Z  2026-10-06 13:16:27.360 UTC [572] WARNING:  no privileges were granted for "gin_trgm_triconsistent"
2026-10-06T13:17:55.8039980Z  2026-10-06 13:16:27.360 UTC [572] WARNING:  no privileges were granted for "strict_word_similarity"
2026-10-06T13:17:55.8040574Z  2026-10-06 13:16:27.360 UTC [572] WARNING:  no privileges were granted for "strict_word_similarity_op"
2026-10-06T13:17:55.8041209Z  2026-10-06 13:16:27.360 UTC [572] WARNING:  no privileges were granted for "strict_word_similarity_commutator_op"
2026-10-06T13:17:55.8041866Z  2026-10-06 13:16:27.360 UTC [572] WARNING:  no privileges were granted for "strict_word_similarity_dist_op"
2026-10-06T13:17:55.8042547Z  2026-10-06 13:16:27.360 UTC [572] WARNING:  no privileges were granted for "strict_word_similarity_dist_commutator_op"
2026-10-06T13:17:55.8043173Z  2026-10-06 13:16:27.360 UTC [572] WARNING:  no privileges were granted for "gtrgm_options"
2026-10-06T13:17:55.8043770Z  2026-10-06 13:16:28.303 UTC [579] ERROR:  relation "graphile_worker.migrations" does not exist at character 85
2026-10-06T13:17:55.8044446Z  2026-10-06 13:16:28.303 UTC [579] STATEMENT:  select current_setting('server_version_num') as server_version_num,
2026-10-06T13:17:55.8045299Z  	(select id from "graphile_worker".migrations order by id desc limit 1) as id,
2026-10-06T13:17:55.8046094Z  	(select id from "graphile_worker".migrations where breaking is true order by id desc limit 1) as biggest_breaking_id;
2026-10-06T13:17:55.8046608Z  	
2026-10-06T13:17:55.8047067Z  2026-10-06 13:16:28.353 UTC [581] ERROR:  duplicate key value violates unique constraint "accounts_registered_display_name_key"
2026-10-06T13:17:55.8047730Z  2026-10-06 13:16:28.353 UTC [581] DETAIL:  Key (lower(display_name))=(bob) already exists.
2026-10-06T13:17:55.8048818Z  2026-10-06 13:16:28.353 UTC [581] STATEMENT:  update "accounts" set "display_name" = $1, "updated_at" = now(), "display_name_changed_at" = now() where "id" = $2 returning *
2026-10-06T13:17:55.8049589Z  2026-10-06 13:16:28.428 UTC [579] WARNING:  no privileges were granted for "set_limit"
2026-10-06T13:17:55.8050090Z  2026-10-06 13:16:28.428 UTC [579] WARNING:  no privileges were granted for "show_limit"
2026-10-06T13:17:55.8050596Z  2026-10-06 13:16:28.428 UTC [579] WARNING:  no privileges were granted for "show_trgm"
2026-10-06T13:17:55.8051084Z  2026-10-06 13:16:28.428 UTC [579] WARNING:  no privileges were granted for "similarity"
2026-10-06T13:17:55.8051591Z  2026-10-06 13:16:28.428 UTC [579] WARNING:  no privileges were granted for "similarity_op"
2026-10-06T13:17:55.8052125Z  2026-10-06 13:16:28.428 UTC [579] WARNING:  no privileges were granted for "word_similarity"
2026-10-06T13:17:55.8052669Z  2026-10-06 13:16:28.428 UTC [579] WARNING:  no privileges were granted for "word_similarity_op"
2026-10-06T13:17:55.8053272Z  2026-10-06 13:16:28.429 UTC [579] WARNING:  no privileges were granted for "word_similarity_commutator_op"
2026-10-06T13:17:55.8053862Z  2026-10-06 13:16:28.429 UTC [579] WARNING:  no privileges were granted for "similarity_dist"
2026-10-06T13:17:55.8054424Z  2026-10-06 13:16:28.429 UTC [579] WARNING:  no privileges were granted for "word_similarity_dist_op"
2026-10-06T13:17:55.8055297Z  2026-10-06 13:16:28.429 UTC [579] WARNING:  no privileges were granted for "word_similarity_dist_commutator_op"
2026-10-06T13:17:55.8056179Z  2026-10-06 13:16:28.429 UTC [579] WARNING:  no privileges were granted for "gtrgm_in"
2026-10-06T13:17:55.8056675Z  2026-10-06 13:16:28.429 UTC [579] WARNING:  no privileges were granted for "gtrgm_out"
2026-10-06T13:17:55.8057196Z  2026-10-06 13:16:28.429 UTC [579] WARNING:  no privileges were granted for "gtrgm_consistent"
2026-10-06T13:17:55.8057729Z  2026-10-06 13:16:28.429 UTC [579] WARNING:  no privileges were granted for "gtrgm_distance"
2026-10-06T13:17:55.8058256Z  2026-10-06 13:16:28.429 UTC [579] WARNING:  no privileges were granted for "gtrgm_compress"
2026-10-06T13:17:55.8058790Z  2026-10-06 13:16:28.429 UTC [579] WARNING:  no privileges were granted for "gtrgm_decompress"
2026-10-06T13:17:55.8059333Z  2026-10-06 13:16:28.429 UTC [579] WARNING:  no privileges were granted for "gtrgm_penalty"
2026-10-06T13:17:55.8059886Z  2026-10-06 13:16:28.429 UTC [579] WARNING:  no privileges were granted for "gtrgm_picksplit"
2026-10-06T13:17:55.8060567Z  2026-10-06 13:16:28.429 UTC [579] WARNING:  no privileges were granted for "gtrgm_union"
2026-10-06T13:17:55.8061090Z  2026-10-06 13:16:28.429 UTC [579] WARNING:  no privileges were granted for "gtrgm_same"
2026-10-06T13:17:55.8061635Z  2026-10-06 13:16:28.429 UTC [579] WARNING:  no privileges were granted for "gin_extract_value_trgm"
2026-10-06T13:17:55.8062219Z  2026-10-06 13:16:28.429 UTC [579] WARNING:  no privileges were granted for "gin_extract_query_trgm"
2026-10-06T13:17:55.8062792Z  2026-10-06 13:16:28.429 UTC [579] WARNING:  no privileges were granted for "gin_trgm_consistent"
2026-10-06T13:17:55.8063360Z  2026-10-06 13:16:28.429 UTC [579] WARNING:  no privileges were granted for "gin_trgm_triconsistent"
2026-10-06T13:17:55.8063933Z  2026-10-06 13:16:28.429 UTC [579] WARNING:  no privileges were granted for "strict_word_similarity"
2026-10-06T13:17:55.8064515Z  2026-10-06 13:16:28.429 UTC [579] WARNING:  no privileges were granted for "strict_word_similarity_op"
2026-10-06T13:17:55.8065550Z  2026-10-06 13:16:28.429 UTC [579] WARNING:  no privileges were granted for "strict_word_similarity_commutator_op"
2026-10-06T13:17:55.8066265Z  2026-10-06 13:16:28.430 UTC [579] WARNING:  no privileges were granted for "strict_word_similarity_dist_op"
2026-10-06T13:17:55.8066945Z  2026-10-06 13:16:28.430 UTC [579] WARNING:  no privileges were granted for "strict_word_similarity_dist_commutator_op"
2026-10-06T13:17:55.8067570Z  2026-10-06 13:16:28.430 UTC [579] WARNING:  no privileges were granted for "gtrgm_options"
2026-10-06T13:17:55.8068228Z  2026-10-06 13:16:29.155 UTC [62] LOG:  checkpoint starting: immediate force wait
2026-10-06T13:17:55.8069348Z  2026-10-06 13:16:29.232 UTC [62] LOG:  checkpoint complete: wrote 2671 buffers (16.3%); 0 WAL file(s) added, 0 removed, 1 recycled; write=0.051 s, sync=0.022 s, total=0.078 s; sync files=1708, longest=0.002 s, average=0.001 s; distance=20503 kB, estimate=24388 kB; lsn=0/A57FF88, redo lsn=0/A45A3D0
2026-10-06T13:17:55.8070569Z  2026-10-06 13:16:29.425 UTC [590] ERROR:  relation "graphile_worker.migrations" does not exist at character 85
2026-10-06T13:17:55.8071260Z  2026-10-06 13:16:29.425 UTC [590] STATEMENT:  select current_setting('server_version_num') as server_version_num,
2026-10-06T13:17:55.8071854Z  	(select id from "graphile_worker".migrations order by id desc limit 1) as id,
2026-10-06T13:17:55.8072489Z  	(select id from "graphile_worker".migrations where breaking is true order by id desc limit 1) as biggest_breaking_id;
2026-10-06T13:17:55.8073003Z  	
2026-10-06T13:17:55.8073302Z  2026-10-06 13:16:29.547 UTC [590] WARNING:  no privileges were granted for "set_limit"
2026-10-06T13:17:55.8091935Z  2026-10-06 13:16:29.547 UTC [590] WARNING:  no privileges were granted for "show_limit"
2026-10-06T13:17:55.8092516Z  2026-10-06 13:16:29.548 UTC [590] WARNING:  no privileges were granted for "show_trgm"
2026-10-06T13:17:55.8093059Z  2026-10-06 13:16:29.548 UTC [590] WARNING:  no privileges were granted for "similarity"
2026-10-06T13:17:55.8093614Z  2026-10-06 13:16:29.548 UTC [590] WARNING:  no privileges were granted for "similarity_op"
2026-10-06T13:17:55.8094159Z  2026-10-06 13:16:29.548 UTC [590] WARNING:  no privileges were granted for "word_similarity"
2026-10-06T13:17:55.8094709Z  2026-10-06 13:16:29.548 UTC [590] WARNING:  no privileges were granted for "word_similarity_op"
2026-10-06T13:17:55.8095780Z  2026-10-06 13:16:29.548 UTC [590] WARNING:  no privileges were granted for "word_similarity_commutator_op"
2026-10-06T13:17:55.8096399Z  2026-10-06 13:16:29.548 UTC [590] WARNING:  no privileges were granted for "similarity_dist"
2026-10-06T13:17:55.8096967Z  2026-10-06 13:16:29.548 UTC [590] WARNING:  no privileges were granted for "word_similarity_dist_op"
2026-10-06T13:17:55.8097603Z  2026-10-06 13:16:29.548 UTC [590] WARNING:  no privileges were granted for "word_similarity_dist_commutator_op"
2026-10-06T13:17:55.8098184Z  2026-10-06 13:16:29.548 UTC [590] WARNING:  no privileges were granted for "gtrgm_in"
2026-10-06T13:17:55.8098891Z  2026-10-06 13:16:29.548 UTC [590] WARNING:  no privileges were granted for "gtrgm_out"
2026-10-06T13:17:55.8099423Z  2026-10-06 13:16:29.548 UTC [590] WARNING:  no privileges were granted for "gtrgm_consistent"
2026-10-06T13:17:55.8099994Z  2026-10-06 13:16:29.548 UTC [590] WARNING:  no privileges were granted for "gtrgm_distance"
2026-10-06T13:17:55.8100510Z  2026-10-06 13:16:29.548 UTC [590] WARNING:  no privileges were granted for "gtrgm_compress"
2026-10-06T13:17:55.8101071Z  2026-10-06 13:16:29.548 UTC [590] WARNING:  no privileges were granted for "gtrgm_decompress"
2026-10-06T13:17:55.8101613Z  2026-10-06 13:16:29.548 UTC [590] WARNING:  no privileges were granted for "gtrgm_penalty"
2026-10-06T13:17:55.8102138Z  2026-10-06 13:16:29.548 UTC [590] WARNING:  no privileges were granted for "gtrgm_picksplit"
2026-10-06T13:17:55.8102649Z  2026-10-06 13:16:29.548 UTC [590] WARNING:  no privileges were granted for "gtrgm_union"
2026-10-06T13:17:55.8103154Z  2026-10-06 13:16:29.548 UTC [590] WARNING:  no privileges were granted for "gtrgm_same"
2026-10-06T13:17:55.8103698Z  2026-10-06 13:16:29.548 UTC [590] WARNING:  no privileges were granted for "gin_extract_value_trgm"
2026-10-06T13:17:55.8104280Z  2026-10-06 13:16:29.549 UTC [590] WARNING:  no privileges were granted for "gin_extract_query_trgm"
2026-10-06T13:17:55.8104849Z  2026-10-06 13:16:29.549 UTC [590] WARNING:  no privileges were granted for "gin_trgm_consistent"
2026-10-06T13:17:55.8105709Z  2026-10-06 13:16:29.549 UTC [590] WARNING:  no privileges were granted for "gin_trgm_triconsistent"
2026-10-06T13:17:55.8106466Z  2026-10-06 13:16:29.549 UTC [590] WARNING:  no privileges were granted for "strict_word_similarity"
2026-10-06T13:17:55.8107073Z  2026-10-06 13:16:29.549 UTC [590] WARNING:  no privileges were granted for "strict_word_similarity_op"
2026-10-06T13:17:55.8107719Z  2026-10-06 13:16:29.549 UTC [590] WARNING:  no privileges were granted for "strict_word_similarity_commutator_op"
2026-10-06T13:17:55.8108387Z  2026-10-06 13:16:29.549 UTC [590] WARNING:  no privileges were granted for "strict_word_similarity_dist_op"
2026-10-06T13:17:55.8109068Z  2026-10-06 13:16:29.549 UTC [590] WARNING:  no privileges were granted for "strict_word_similarity_dist_commutator_op"
2026-10-06T13:17:55.8109693Z  2026-10-06 13:16:29.549 UTC [590] WARNING:  no privileges were granted for "gtrgm_options"
2026-10-06T13:17:55.8110199Z  2026-10-06 13:16:30.485 UTC [62] LOG:  checkpoint starting: immediate force wait
2026-10-06T13:17:55.8111315Z  2026-10-06 13:16:30.502 UTC [62] LOG:  checkpoint complete: wrote 550 buffers (3.4%); 0 WAL file(s) added, 0 removed, 0 recycled; write=0.009 s, sync=0.004 s, total=0.018 s; sync files=386, longest=0.001 s, average=0.001 s; distance=3775 kB, estimate=22326 kB; lsn=0/A80A150, redo lsn=0/A80A118
2026-10-06T13:17:55.8112517Z  2026-10-06 13:16:31.852 UTC [613] ERROR:  relation "graphile_worker.migrations" does not exist at character 85
2026-10-06T13:17:55.8113212Z  2026-10-06 13:16:31.852 UTC [613] STATEMENT:  select current_setting('server_version_num') as server_version_num,
2026-10-06T13:17:55.8113810Z  	(select id from "graphile_worker".migrations order by id desc limit 1) as id,
2026-10-06T13:17:55.8114444Z  	(select id from "graphile_worker".migrations where breaking is true order by id desc limit 1) as biggest_breaking_id;
2026-10-06T13:17:55.8114961Z  	
2026-10-06T13:17:55.8115404Z  2026-10-06 13:16:31.949 UTC [613] WARNING:  no privileges were granted for "set_limit"
2026-10-06T13:17:55.8115908Z  2026-10-06 13:16:31.949 UTC [613] WARNING:  no privileges were granted for "show_limit"
2026-10-06T13:17:55.8116416Z  2026-10-06 13:16:31.949 UTC [613] WARNING:  no privileges were granted for "show_trgm"
2026-10-06T13:17:55.8116907Z  2026-10-06 13:16:31.949 UTC [613] WARNING:  no privileges were granted for "similarity"
2026-10-06T13:17:55.8117445Z  2026-10-06 13:16:31.950 UTC [613] WARNING:  no privileges were granted for "similarity_op"
2026-10-06T13:17:55.8118113Z  2026-10-06 13:16:31.950 UTC [613] WARNING:  no privileges were granted for "word_similarity"
2026-10-06T13:17:55.8118684Z  2026-10-06 13:16:31.950 UTC [613] WARNING:  no privileges were granted for "word_similarity_op"
2026-10-06T13:17:55.8119286Z  2026-10-06 13:16:31.950 UTC [613] WARNING:  no privileges were granted for "word_similarity_commutator_op"
2026-10-06T13:17:55.8119880Z  2026-10-06 13:16:31.950 UTC [613] WARNING:  no privileges were granted for "similarity_dist"
2026-10-06T13:17:55.8120448Z  2026-10-06 13:16:31.951 UTC [613] WARNING:  no privileges were granted for "word_similarity_dist_op"
2026-10-06T13:17:55.8121086Z  2026-10-06 13:16:31.951 UTC [613] WARNING:  no privileges were granted for "word_similarity_dist_commutator_op"
2026-10-06T13:17:55.8121671Z  2026-10-06 13:16:31.951 UTC [613] WARNING:  no privileges were granted for "gtrgm_in"
2026-10-06T13:17:55.8122165Z  2026-10-06 13:16:31.951 UTC [613] WARNING:  no privileges were granted for "gtrgm_out"
2026-10-06T13:17:55.8122692Z  2026-10-06 13:16:31.951 UTC [613] WARNING:  no privileges were granted for "gtrgm_consistent"
2026-10-06T13:17:55.8123224Z  2026-10-06 13:16:31.951 UTC [613] WARNING:  no privileges were granted for "gtrgm_distance"
2026-10-06T13:17:55.8123748Z  2026-10-06 13:16:31.951 UTC [613] WARNING:  no privileges were granted for "gtrgm_compress"
2026-10-06T13:17:55.8124318Z  2026-10-06 13:16:31.951 UTC [613] WARNING:  no privileges were granted for "gtrgm_decompress"
2026-10-06T13:17:55.8124843Z  2026-10-06 13:16:31.951 UTC [613] WARNING:  no privileges were granted for "gtrgm_penalty"
2026-10-06T13:17:55.8125621Z  2026-10-06 13:16:31.951 UTC [613] WARNING:  no privileges were granted for "gtrgm_picksplit"
2026-10-06T13:17:55.8126149Z  2026-10-06 13:16:31.952 UTC [613] WARNING:  no privileges were granted for "gtrgm_union"
2026-10-06T13:17:55.8126648Z  2026-10-06 13:16:31.952 UTC [613] WARNING:  no privileges were granted for "gtrgm_same"
2026-10-06T13:17:55.8127185Z  2026-10-06 13:16:31.952 UTC [613] WARNING:  no privileges were granted for "gin_extract_value_trgm"
2026-10-06T13:17:55.8127769Z  2026-10-06 13:16:31.952 UTC [613] WARNING:  no privileges were granted for "gin_extract_query_trgm"
2026-10-06T13:17:55.8128340Z  2026-10-06 13:16:31.952 UTC [613] WARNING:  no privileges were granted for "gin_trgm_consistent"
2026-10-06T13:17:55.8128907Z  2026-10-06 13:16:31.952 UTC [613] WARNING:  no privileges were granted for "gin_trgm_triconsistent"
2026-10-06T13:17:55.8129481Z  2026-10-06 13:16:31.952 UTC [613] WARNING:  no privileges were granted for "strict_word_similarity"
2026-10-06T13:17:55.8130069Z  2026-10-06 13:16:31.952 UTC [613] WARNING:  no privileges were granted for "strict_word_similarity_op"
2026-10-06T13:17:55.8130708Z  2026-10-06 13:16:31.952 UTC [613] WARNING:  no privileges were granted for "strict_word_similarity_commutator_op"
2026-10-06T13:17:55.8131367Z  2026-10-06 13:16:31.952 UTC [613] WARNING:  no privileges were granted for "strict_word_similarity_dist_op"
2026-10-06T13:17:55.8132038Z  2026-10-06 13:16:31.953 UTC [613] WARNING:  no privileges were granted for "strict_word_similarity_dist_commutator_op"
2026-10-06T13:17:55.8132656Z  2026-10-06 13:16:31.953 UTC [613] WARNING:  no privileges were granted for "gtrgm_options"
2026-10-06T13:17:55.8133267Z  2026-10-06 13:16:32.470 UTC [616] ERROR:  relation "graphile_worker.migrations" does not exist at character 85
2026-10-06T13:17:55.8133938Z  2026-10-06 13:16:32.470 UTC [616] STATEMENT:  select current_setting('server_version_num') as server_version_num,
2026-10-06T13:17:55.8134537Z  	(select id from "graphile_worker".migrations order by id desc limit 1) as id,
2026-10-06T13:17:55.8135640Z  	(select id from "graphile_worker".migrations where breaking is true order by id desc limit 1) as biggest_breaking_id;
2026-10-06T13:17:55.8136232Z  	
2026-10-06T13:17:55.8136544Z  2026-10-06 13:16:32.561 UTC [616] WARNING:  no privileges were granted for "set_limit"
2026-10-06T13:17:55.8137064Z  2026-10-06 13:16:32.562 UTC [616] WARNING:  no privileges were granted for "show_limit"
2026-10-06T13:17:55.8137705Z  2026-10-06 13:16:32.562 UTC [616] WARNING:  no privileges were granted for "show_trgm"
2026-10-06T13:17:55.8138209Z  2026-10-06 13:16:32.562 UTC [616] WARNING:  no privileges were granted for "similarity"
2026-10-06T13:17:55.8138723Z  2026-10-06 13:16:32.562 UTC [616] WARNING:  no privileges were granted for "similarity_op"
2026-10-06T13:17:55.8139256Z  2026-10-06 13:16:32.562 UTC [616] WARNING:  no privileges were granted for "word_similarity"
2026-10-06T13:17:55.8139812Z  2026-10-06 13:16:32.562 UTC [616] WARNING:  no privileges were granted for "word_similarity_op"
2026-10-06T13:17:55.8140427Z  2026-10-06 13:16:32.562 UTC [616] WARNING:  no privileges were granted for "word_similarity_commutator_op"
2026-10-06T13:17:55.8141020Z  2026-10-06 13:16:32.562 UTC [616] WARNING:  no privileges were granted for "similarity_dist"
2026-10-06T13:17:55.8141593Z  2026-10-06 13:16:32.562 UTC [616] WARNING:  no privileges were granted for "word_similarity_dist_op"
2026-10-06T13:17:55.8142228Z  2026-10-06 13:16:32.562 UTC [616] WARNING:  no privileges were granted for "word_similarity_dist_commutator_op"
2026-10-06T13:17:55.8142805Z  2026-10-06 13:16:32.562 UTC [616] WARNING:  no privileges were granted for "gtrgm_in"
2026-10-06T13:17:55.8143299Z  2026-10-06 13:16:32.562 UTC [616] WARNING:  no privileges were granted for "gtrgm_out"
2026-10-06T13:17:55.8143821Z  2026-10-06 13:16:32.562 UTC [616] WARNING:  no privileges were granted for "gtrgm_consistent"
2026-10-06T13:17:55.8144361Z  2026-10-06 13:16:32.562 UTC [616] WARNING:  no privileges were granted for "gtrgm_distance"
2026-10-06T13:17:55.8145225Z  2026-10-06 13:16:32.563 UTC [616] WARNING:  no privileges were granted for "gtrgm_compress"
2026-10-06T13:17:55.8145873Z  2026-10-06 13:16:32.563 UTC [616] WARNING:  no privileges were granted for "gtrgm_decompress"
2026-10-06T13:17:55.8146418Z  2026-10-06 13:16:32.563 UTC [616] WARNING:  no privileges were granted for "gtrgm_penalty"
2026-10-06T13:17:55.8146962Z  2026-10-06 13:16:32.563 UTC [616] WARNING:  no privileges were granted for "gtrgm_picksplit"
2026-10-06T13:17:55.8147493Z  2026-10-06 13:16:32.563 UTC [616] WARNING:  no privileges were granted for "gtrgm_union"
2026-10-06T13:17:55.8148000Z  2026-10-06 13:16:32.563 UTC [616] WARNING:  no privileges were granted for "gtrgm_same"
2026-10-06T13:17:55.8148554Z  2026-10-06 13:16:32.563 UTC [616] WARNING:  no privileges were granted for "gin_extract_value_trgm"
2026-10-06T13:17:55.8149154Z  2026-10-06 13:16:32.563 UTC [616] WARNING:  no privileges were granted for "gin_extract_query_trgm"
2026-10-06T13:17:55.8149741Z  2026-10-06 13:16:32.563 UTC [616] WARNING:  no privileges were granted for "gin_trgm_consistent"
2026-10-06T13:17:55.8150317Z  2026-10-06 13:16:32.563 UTC [616] WARNING:  no privileges were granted for "gin_trgm_triconsistent"
2026-10-06T13:17:55.8150890Z  2026-10-06 13:16:32.563 UTC [616] WARNING:  no privileges were granted for "strict_word_similarity"
2026-10-06T13:17:55.8151481Z  2026-10-06 13:16:32.563 UTC [616] WARNING:  no privileges were granted for "strict_word_similarity_op"
2026-10-06T13:17:55.8152133Z  2026-10-06 13:16:32.564 UTC [616] WARNING:  no privileges were granted for "strict_word_similarity_commutator_op"
2026-10-06T13:17:55.8152794Z  2026-10-06 13:16:32.564 UTC [616] WARNING:  no privileges were granted for "strict_word_similarity_dist_op"
2026-10-06T13:17:55.8153482Z  2026-10-06 13:16:32.564 UTC [616] WARNING:  no privileges were granted for "strict_word_similarity_dist_commutator_op"
2026-10-06T13:17:55.8154109Z  2026-10-06 13:16:32.564 UTC [616] WARNING:  no privileges were granted for "gtrgm_options"
2026-10-06T13:17:55.8154765Z  2026-10-06 13:16:32.664 UTC [619] ERROR:  duplicate key value violates unique constraint "engine_jobs_one_active_verify_idx"
2026-10-06T13:17:55.8155740Z  2026-10-06 13:16:32.664 UTC [619] DETAIL:  Key (match_id)=(0e47d833-e099-4470-bad9-520498b2623c) already exists.
2026-10-06T13:17:55.8156719Z  2026-10-06 13:16:32.664 UTC [619] STATEMENT:  insert into "engine_jobs" ("id", "kind", "sim_version", "payload", "max_attempts", "match_id") values ($1, $2, $3, $4, $5, $6)
2026-10-06T13:17:55.8157475Z  2026-10-06 13:16:33.327 UTC [62] LOG:  checkpoint starting: immediate force wait
2026-10-06T13:17:55.8158587Z  2026-10-06 13:16:33.367 UTC [62] LOG:  checkpoint complete: wrote 1532 buffers (9.4%); 0 WAL file(s) added, 0 removed, 1 recycled; write=0.026 s, sync=0.010 s, total=0.040 s; sync files=999, longest=0.001 s, average=0.001 s; distance=18180 kB, estimate=21912 kB; lsn=0/B9CB280, redo lsn=0/B9CB248
2026-10-06T13:17:55.8159685Z  2026-10-06 13:16:33.486 UTC [62] LOG:  checkpoint starting: immediate force wait
2026-10-06T13:17:55.8160745Z  2026-10-06 13:16:33.492 UTC [62] LOG:  checkpoint complete: wrote 9 buffers (0.1%); 0 WAL file(s) added, 0 removed, 0 recycled; write=0.001 s, sync=0.001 s, total=0.006 s; sync files=3, longest=0.001 s, average=0.001 s; distance=84 kB, estimate=19729 kB; lsn=0/B9E04F8, redo lsn=0/B9E04C0
2026-10-06T13:17:55.8161919Z  2026-10-06 13:16:34.825 UTC [639] ERROR:  relation "graphile_worker.migrations" does not exist at character 85
2026-10-06T13:17:55.8162596Z  2026-10-06 13:16:34.825 UTC [639] STATEMENT:  select current_setting('server_version_num') as server_version_num,
2026-10-06T13:17:55.8163190Z  	(select id from "graphile_worker".migrations order by id desc limit 1) as id,
2026-10-06T13:17:55.8163815Z  	(select id from "graphile_worker".migrations where breaking is true order by id desc limit 1) as biggest_breaking_id;
2026-10-06T13:17:55.8164321Z  	
2026-10-06T13:17:55.8164623Z  2026-10-06 13:16:34.938 UTC [639] WARNING:  no privileges were granted for "set_limit"
2026-10-06T13:17:55.8165485Z  2026-10-06 13:16:34.938 UTC [639] WARNING:  no privileges were granted for "show_limit"
2026-10-06T13:17:55.8166005Z  2026-10-06 13:16:34.939 UTC [639] WARNING:  no privileges were granted for "show_trgm"
2026-10-06T13:17:55.8166500Z  2026-10-06 13:16:34.939 UTC [639] WARNING:  no privileges were granted for "similarity"
2026-10-06T13:17:55.8167014Z  2026-10-06 13:16:34.939 UTC [639] WARNING:  no privileges were granted for "similarity_op"
2026-10-06T13:17:55.8167555Z  2026-10-06 13:16:34.939 UTC [639] WARNING:  no privileges were granted for "word_similarity"
2026-10-06T13:17:55.8168101Z  2026-10-06 13:16:34.940 UTC [639] WARNING:  no privileges were granted for "word_similarity_op"
2026-10-06T13:17:55.8168701Z  2026-10-06 13:16:34.940 UTC [639] WARNING:  no privileges were granted for "word_similarity_commutator_op"
2026-10-06T13:17:55.8169286Z  2026-10-06 13:16:34.940 UTC [639] WARNING:  no privileges were granted for "similarity_dist"
2026-10-06T13:17:55.8169857Z  2026-10-06 13:16:34.941 UTC [639] WARNING:  no privileges were granted for "word_similarity_dist_op"
2026-10-06T13:17:55.8170487Z  2026-10-06 13:16:34.941 UTC [639] WARNING:  no privileges were granted for "word_similarity_dist_commutator_op"
2026-10-06T13:17:55.8171073Z  2026-10-06 13:16:34.941 UTC [639] WARNING:  no privileges were granted for "gtrgm_in"
2026-10-06T13:17:55.8171562Z  2026-10-06 13:16:34.941 UTC [639] WARNING:  no privileges were granted for "gtrgm_out"
2026-10-06T13:17:55.8172081Z  2026-10-06 13:16:34.942 UTC [639] WARNING:  no privileges were granted for "gtrgm_consistent"
2026-10-06T13:17:55.8172618Z  2026-10-06 13:16:34.942 UTC [639] WARNING:  no privileges were granted for "gtrgm_distance"
2026-10-06T13:17:55.8173150Z  2026-10-06 13:16:34.942 UTC [639] WARNING:  no privileges were granted for "gtrgm_compress"
2026-10-06T13:17:55.8173672Z  2026-10-06 13:16:34.942 UTC [639] WARNING:  no privileges were granted for "gtrgm_decompress"
2026-10-06T13:17:55.8174198Z  2026-10-06 13:16:34.942 UTC [639] WARNING:  no privileges were granted for "gtrgm_penalty"
2026-10-06T13:17:55.8174724Z  2026-10-06 13:16:34.943 UTC [639] WARNING:  no privileges were granted for "gtrgm_picksplit"
2026-10-06T13:17:55.8175672Z  2026-10-06 13:16:34.943 UTC [639] WARNING:  no privileges were granted for "gtrgm_union"
2026-10-06T13:17:55.8176247Z  2026-10-06 13:16:34.943 UTC [639] WARNING:  no privileges were granted for "gtrgm_same"
2026-10-06T13:17:55.8176951Z  2026-10-06 13:16:34.943 UTC [639] WARNING:  no privileges were granted for "gin_extract_value_trgm"
2026-10-06T13:17:55.8177560Z  2026-10-06 13:16:34.944 UTC [639] WARNING:  no privileges were granted for "gin_extract_query_trgm"
2026-10-06T13:17:55.8178129Z  2026-10-06 13:16:34.944 UTC [639] WARNING:  no privileges were granted for "gin_trgm_consistent"
2026-10-06T13:17:55.8178691Z  2026-10-06 13:16:34.945 UTC [639] WARNING:  no privileges were granted for "gin_trgm_triconsistent"
2026-10-06T13:17:55.8179263Z  2026-10-06 13:16:34.945 UTC [639] WARNING:  no privileges were granted for "strict_word_similarity"
2026-10-06T13:17:55.8179857Z  2026-10-06 13:16:34.945 UTC [639] WARNING:  no privileges were granted for "strict_word_similarity_op"
2026-10-06T13:17:55.8180538Z  2026-10-06 13:16:34.945 UTC [639] WARNING:  no privileges were granted for "strict_word_similarity_commutator_op"
2026-10-06T13:17:55.8181208Z  2026-10-06 13:16:34.946 UTC [639] WARNING:  no privileges were granted for "strict_word_similarity_dist_op"
2026-10-06T13:17:55.8181888Z  2026-10-06 13:16:34.946 UTC [639] WARNING:  no privileges were granted for "strict_word_similarity_dist_commutator_op"
2026-10-06T13:17:55.8182516Z  2026-10-06 13:16:34.946 UTC [639] WARNING:  no privileges were granted for "gtrgm_options"
2026-10-06T13:17:55.8183117Z  2026-10-06 13:16:35.920 UTC [655] ERROR:  relation "graphile_worker.migrations" does not exist at character 85
2026-10-06T13:17:55.8183788Z  2026-10-06 13:16:35.920 UTC [655] STATEMENT:  select current_setting('server_version_num') as server_version_num,
2026-10-06T13:17:55.8184504Z  	(select id from "graphile_worker".migrations order by id desc limit 1) as id,
2026-10-06T13:17:55.8185271Z  	(select id from "graphile_worker".migrations where breaking is true order by id desc limit 1) as biggest_breaking_id;
2026-10-06T13:17:55.8185781Z  	
2026-10-06T13:17:55.8186161Z  2026-10-06 13:16:35.970 UTC [641] ERROR:  duplicate key value violates unique constraint "studio_requests_pkey"
2026-10-06T13:17:55.8186805Z  2026-10-06 13:16:35.970 UTC [641] DETAIL:  Key (id)=(b5750038-ad83-41c4-9ff8-ecb35bf609c9) already exists.
2026-10-06T13:17:55.8187656Z  2026-10-06 13:16:35.970 UTC [641] STATEMENT:  INSERT INTO studio_requests(id,thread_id,account_id,kind,input,checkpoints) VALUES($1,$2,$3,'generate',$4::jsonb,$5::jsonb)
2026-10-06T13:17:55.8188451Z  2026-10-06 13:16:36.047 UTC [655] WARNING:  no privileges were granted for "set_limit"
2026-10-06T13:17:55.8188957Z  2026-10-06 13:16:36.047 UTC [655] WARNING:  no privileges were granted for "show_limit"
2026-10-06T13:17:55.8189456Z  2026-10-06 13:16:36.047 UTC [655] WARNING:  no privileges were granted for "show_trgm"
2026-10-06T13:17:55.8189953Z  2026-10-06 13:16:36.047 UTC [655] WARNING:  no privileges were granted for "similarity"
2026-10-06T13:17:55.8190477Z  2026-10-06 13:16:36.048 UTC [655] WARNING:  no privileges were granted for "similarity_op"
2026-10-06T13:17:55.8191019Z  2026-10-06 13:16:36.048 UTC [655] WARNING:  no privileges were granted for "word_similarity"
2026-10-06T13:17:55.8191569Z  2026-10-06 13:16:36.048 UTC [655] WARNING:  no privileges were granted for "word_similarity_op"
2026-10-06T13:17:55.8192168Z  2026-10-06 13:16:36.048 UTC [655] WARNING:  no privileges were granted for "word_similarity_commutator_op"
2026-10-06T13:17:55.8192763Z  2026-10-06 13:16:36.048 UTC [655] WARNING:  no privileges were granted for "similarity_dist"
2026-10-06T13:17:55.8193324Z  2026-10-06 13:16:36.048 UTC [655] WARNING:  no privileges were granted for "word_similarity_dist_op"
2026-10-06T13:17:55.8193954Z  2026-10-06 13:16:36.048 UTC [655] WARNING:  no privileges were granted for "word_similarity_dist_commutator_op"
2026-10-06T13:17:55.8194533Z  2026-10-06 13:16:36.049 UTC [655] WARNING:  no privileges were granted for "gtrgm_in"
2026-10-06T13:17:55.8195135Z  2026-10-06 13:16:36.049 UTC [655] WARNING:  no privileges were granted for "gtrgm_out"
2026-10-06T13:17:55.8195658Z  2026-10-06 13:16:36.049 UTC [655] WARNING:  no privileges were granted for "gtrgm_consistent"
2026-10-06T13:17:55.8196314Z  2026-10-06 13:16:36.049 UTC [655] WARNING:  no privileges were granted for "gtrgm_distance"
2026-10-06T13:17:55.8196839Z  2026-10-06 13:16:36.049 UTC [655] WARNING:  no privileges were granted for "gtrgm_compress"
2026-10-06T13:17:55.8197364Z  2026-10-06 13:16:36.049 UTC [655] WARNING:  no privileges were granted for "gtrgm_decompress"
2026-10-06T13:17:55.8197894Z  2026-10-06 13:16:36.049 UTC [655] WARNING:  no privileges were granted for "gtrgm_penalty"
2026-10-06T13:17:55.8198418Z  2026-10-06 13:16:36.049 UTC [655] WARNING:  no privileges were granted for "gtrgm_picksplit"
2026-10-06T13:17:55.8198939Z  2026-10-06 13:16:36.049 UTC [655] WARNING:  no privileges were granted for "gtrgm_union"
2026-10-06T13:17:55.8199440Z  2026-10-06 13:16:36.050 UTC [655] WARNING:  no privileges were granted for "gtrgm_same"
2026-10-06T13:17:55.8199978Z  2026-10-06 13:16:36.050 UTC [655] WARNING:  no privileges were granted for "gin_extract_value_trgm"
2026-10-06T13:17:55.8200553Z  2026-10-06 13:16:36.050 UTC [655] WARNING:  no privileges were granted for "gin_extract_query_trgm"
2026-10-06T13:17:55.8201121Z  2026-10-06 13:16:36.050 UTC [655] WARNING:  no privileges were granted for "gin_trgm_consistent"
2026-10-06T13:17:55.8201682Z  2026-10-06 13:16:36.050 UTC [655] WARNING:  no privileges were granted for "gin_trgm_triconsistent"
2026-10-06T13:17:55.8202246Z  2026-10-06 13:16:36.050 UTC [655] WARNING:  no privileges were granted for "strict_word_similarity"
2026-10-06T13:17:55.8202835Z  2026-10-06 13:16:36.050 UTC [655] WARNING:  no privileges were granted for "strict_word_similarity_op"
2026-10-06T13:17:55.8203587Z  2026-10-06 13:16:36.050 UTC [655] WARNING:  no privileges were granted for "strict_word_similarity_commutator_op"
2026-10-06T13:17:55.8204245Z  2026-10-06 13:16:36.050 UTC [655] WARNING:  no privileges were granted for "strict_word_similarity_dist_op"
2026-10-06T13:17:55.8204923Z  2026-10-06 13:16:36.050 UTC [655] WARNING:  no privileges were granted for "strict_word_similarity_dist_commutator_op"
2026-10-06T13:17:55.8205661Z  2026-10-06 13:16:36.050 UTC [655] WARNING:  no privileges were granted for "gtrgm_options"
2026-10-06T13:17:55.8206160Z  2026-10-06 13:16:36.079 UTC [62] LOG:  checkpoint starting: immediate force wait
2026-10-06T13:17:55.8207268Z  2026-10-06 13:16:36.126 UTC [62] LOG:  checkpoint complete: wrote 1347 buffers (8.2%); 0 WAL file(s) added, 0 removed, 1 recycled; write=0.023 s, sync=0.009 s, total=0.047 s; sync files=1004, longest=0.001 s, average=0.001 s; distance=18129 kB, estimate=19569 kB; lsn=0/CBA1A30, redo lsn=0/CB94970
2026-10-06T13:17:55.8208367Z  2026-10-06 13:16:37.220 UTC [62] LOG:  checkpoint starting: immediate force wait
2026-10-06T13:17:55.8209436Z  2026-10-06 13:16:37.224 UTC [62] LOG:  checkpoint complete: wrote 27 buffers (0.2%); 0 WAL file(s) added, 0 removed, 0 recycled; write=0.002 s, sync=0.001 s, total=0.004 s; sync files=19, longest=0.001 s, average=0.001 s; distance=731 kB, estimate=17685 kB; lsn=0/CC4B738, redo lsn=0/CC4B700
2026-10-06T13:17:55.8210605Z  2026-10-06 13:16:38.011 UTC [670] ERROR:  relation "graphile_worker.migrations" does not exist at character 85
2026-10-06T13:17:55.8211319Z  2026-10-06 13:16:38.011 UTC [670] STATEMENT:  select current_setting('server_version_num') as server_version_num,
2026-10-06T13:17:55.8211927Z  	(select id from "graphile_worker".migrations order by id desc limit 1) as id,
2026-10-06T13:17:55.8212571Z  	(select id from "graphile_worker".migrations where breaking is true order by id desc limit 1) as biggest_breaking_id;
2026-10-06T13:17:55.8213087Z  	
2026-10-06T13:17:55.8213386Z  2026-10-06 13:16:38.123 UTC [670] WARNING:  no privileges were granted for "set_limit"
2026-10-06T13:17:55.8213886Z  2026-10-06 13:16:38.123 UTC [670] WARNING:  no privileges were granted for "show_limit"
2026-10-06T13:17:55.8214387Z  2026-10-06 13:16:38.123 UTC [670] WARNING:  no privileges were granted for "show_trgm"
2026-10-06T13:17:55.8214882Z  2026-10-06 13:16:38.123 UTC [670] WARNING:  no privileges were granted for "similarity"
2026-10-06T13:17:55.8215796Z  2026-10-06 13:16:38.124 UTC [670] WARNING:  no privileges were granted for "similarity_op"
2026-10-06T13:17:55.8216352Z  2026-10-06 13:16:38.124 UTC [670] WARNING:  no privileges were granted for "word_similarity"
2026-10-06T13:17:55.8216902Z  2026-10-06 13:16:38.124 UTC [670] WARNING:  no privileges were granted for "word_similarity_op"
2026-10-06T13:17:55.8217496Z  2026-10-06 13:16:38.124 UTC [670] WARNING:  no privileges were granted for "word_similarity_commutator_op"
2026-10-06T13:17:55.8218091Z  2026-10-06 13:16:38.124 UTC [670] WARNING:  no privileges were granted for "similarity_dist"
2026-10-06T13:17:55.8218657Z  2026-10-06 13:16:38.124 UTC [670] WARNING:  no privileges were granted for "word_similarity_dist_op"
2026-10-06T13:17:55.8219282Z  2026-10-06 13:16:38.124 UTC [670] WARNING:  no privileges were granted for "word_similarity_dist_commutator_op"
2026-10-06T13:17:55.8219863Z  2026-10-06 13:16:38.124 UTC [670] WARNING:  no privileges were granted for "gtrgm_in"
2026-10-06T13:17:55.8220354Z  2026-10-06 13:16:38.124 UTC [670] WARNING:  no privileges were granted for "gtrgm_out"
2026-10-06T13:17:55.8220872Z  2026-10-06 13:16:38.124 UTC [670] WARNING:  no privileges were granted for "gtrgm_consistent"
2026-10-06T13:17:55.8221415Z  2026-10-06 13:16:38.124 UTC [670] WARNING:  no privileges were granted for "gtrgm_distance"
2026-10-06T13:17:55.8221934Z  2026-10-06 13:16:38.124 UTC [670] WARNING:  no privileges were granted for "gtrgm_compress"
2026-10-06T13:17:55.8222464Z  2026-10-06 13:16:38.124 UTC [670] WARNING:  no privileges were granted for "gtrgm_decompress"
2026-10-06T13:17:55.8223117Z  2026-10-06 13:16:38.124 UTC [670] WARNING:  no privileges were granted for "gtrgm_penalty"
2026-10-06T13:17:55.8223640Z  2026-10-06 13:16:38.124 UTC [670] WARNING:  no privileges were granted for "gtrgm_picksplit"
2026-10-06T13:17:55.8224191Z  2026-10-06 13:16:38.124 UTC [670] WARNING:  no privileges were granted for "gtrgm_union"
2026-10-06T13:17:55.8224698Z  2026-10-06 13:16:38.124 UTC [670] WARNING:  no privileges were granted for "gtrgm_same"
2026-10-06T13:17:55.8225374Z  2026-10-06 13:16:38.124 UTC [670] WARNING:  no privileges were granted for "gin_extract_value_trgm"
2026-10-06T13:17:55.8225959Z  2026-10-06 13:16:38.124 UTC [670] WARNING:  no privileges were granted for "gin_extract_query_trgm"
2026-10-06T13:17:55.8226526Z  2026-10-06 13:16:38.124 UTC [670] WARNING:  no privileges were granted for "gin_trgm_consistent"
2026-10-06T13:17:55.8227090Z  2026-10-06 13:16:38.124 UTC [670] WARNING:  no privileges were granted for "gin_trgm_triconsistent"
2026-10-06T13:17:55.8227662Z  2026-10-06 13:16:38.124 UTC [670] WARNING:  no privileges were granted for "strict_word_similarity"
2026-10-06T13:17:55.8228247Z  2026-10-06 13:16:38.124 UTC [670] WARNING:  no privileges were granted for "strict_word_similarity_op"
2026-10-06T13:17:55.8228882Z  2026-10-06 13:16:38.124 UTC [670] WARNING:  no privileges were granted for "strict_word_similarity_commutator_op"
2026-10-06T13:17:55.8229545Z  2026-10-06 13:16:38.124 UTC [670] WARNING:  no privileges were granted for "strict_word_similarity_dist_op"
2026-10-06T13:17:55.8230223Z  2026-10-06 13:16:38.124 UTC [670] WARNING:  no privileges were granted for "strict_word_similarity_dist_commutator_op"
2026-10-06T13:17:55.8230841Z  2026-10-06 13:16:38.125 UTC [670] WARNING:  no privileges were granted for "gtrgm_options"
2026-10-06T13:17:55.8231314Z  2026-10-06 13:16:38.362 UTC [660] ERROR:  simulated queue outage
2026-10-06T13:17:55.8231808Z  2026-10-06 13:16:38.362 UTC [660] CONTEXT:  PL/pgSQL function reject_music_test_job() line 1 at RAISE
2026-10-06T13:17:55.8232345Z  	SQL statement "insert into "graphile_worker"._private_jobs as jobs (
2026-10-06T13:17:55.8232699Z  	    job_queue_id,
2026-10-06T13:17:55.8232902Z  	    task_id,
2026-10-06T13:17:55.8233090Z  	    payload,
2026-10-06T13:17:55.8233275Z  	    run_at,
2026-10-06T13:17:55.8233461Z  	    max_attempts,
2026-10-06T13:17:55.8233652Z  	    key,
2026-10-06T13:17:55.8233830Z  	    priority,
2026-10-06T13:17:55.8234013Z  	    flags
2026-10-06T13:17:55.8234315Z  	  )
2026-10-06T13:17:55.8234491Z  	    select
2026-10-06T13:17:55.8234674Z  	      job_queues.id,
2026-10-06T13:17:55.8234878Z  	      tasks.id,
2026-10-06T13:17:55.8235322Z  	      coalesce(spec.payload, '{}'::json),
2026-10-06T13:17:55.8235612Z  	      coalesce(spec.run_at, now()),
2026-10-06T13:17:55.8235883Z  	      coalesce(spec.max_attempts, 25),
2026-10-06T13:17:55.8236141Z  	      spec.job_key,
2026-10-06T13:17:55.8236360Z  	      coalesce(spec.priority, 0),
2026-10-06T13:17:55.8236621Z  	      (
2026-10-06T13:17:55.8236824Z  	        select jsonb_object_agg(flag, true)
2026-10-06T13:17:55.8237121Z  	        from unnest(spec.flags) as item(flag)
2026-10-06T13:17:55.8237386Z  	      )
2026-10-06T13:17:55.8237570Z  	    from unnest(specs) spec
2026-10-06T13:17:55.8237865Z  	    inner join "graphile_worker"._private_tasks as tasks
2026-10-06T13:17:55.8238203Z  	    on tasks.identifier = spec.identifier
2026-10-06T13:17:55.8238559Z  	    left join "graphile_worker"._private_job_queues as job_queues
2026-10-06T13:17:55.8238930Z  	    on job_queues.queue_name = spec.queue_name
2026-10-06T13:17:55.8239223Z  	  on conflict (key) do update set
2026-10-06T13:17:55.8239481Z  	    job_queue_id = excluded.job_queue_id,
2026-10-06T13:17:55.8239754Z  	    task_id = excluded.task_id,
2026-10-06T13:17:55.8239992Z  	    payload =
2026-10-06T13:17:55.8240177Z  	      case
2026-10-06T13:17:55.8240535Z  	      when json_typeof(jobs.payload) = 'array' and json_typeof(excluded.payload) = 'array' then
2026-10-06T13:17:55.8241204Z  	        (jobs.payload::jsonb || excluded.payload::jsonb)::json
2026-10-06T13:17:55.8241518Z  	      else
2026-10-06T13:17:55.8241709Z  	        excluded.payload
2026-10-06T13:17:55.8241924Z  	      end,
2026-10-06T13:17:55.8242125Z  	    max_attempts = excluded.max_attempts,
2026-10-06T13:17:55.8242385Z  	    run_at = (case
2026-10-06T13:17:55.8242715Z  	      when job_key_preserve_run_at is true and jobs.attempts = 0 then jobs.run_at
2026-10-06T13:17:55.8243108Z  	      else excluded.run_at
2026-10-06T13:17:55.8243329Z  	    end),
2026-10-06T13:17:55.8243526Z  	    priority = excluded.priority,
2026-10-06T13:17:55.8243781Z  	    revision = jobs.revision + 1,
2026-10-06T13:17:55.8244028Z  	    flags = excluded.flags,
2026-10-06T13:17:55.8244280Z  	    -- always reset error/retry state
2026-10-06T13:17:55.8244547Z  	    attempts = 0,
2026-10-06T13:17:55.8244750Z  	    last_error = null,
2026-10-06T13:17:55.8244967Z  	    updated_at = now()
2026-10-06T13:17:55.8245354Z  	  where jobs.locked_at is null
2026-10-06T13:17:55.8245593Z  	  returning *"
2026-10-06T13:17:55.8246012Z  	PL/pgSQL function graphile_worker.add_jobs(graphile_worker.job_spec[],boolean) line 44 at RETURN QUERY
2026-10-06T13:17:55.8246589Z  	SQL statement "select *                from "graphile_worker".add_jobs(
2026-10-06T13:17:55.8246939Z  	      ARRAY[(
2026-10-06T13:17:55.8247128Z  	        identifier,
2026-10-06T13:17:55.8247329Z  	        payload,
2026-10-06T13:17:55.8247524Z  	        queue_name,
2026-10-06T13:17:55.8247724Z  	        run_at,
2026-10-06T13:17:55.8247920Z  	        max_attempts::smallint,
2026-10-06T13:17:55.8248156Z  	        job_key,
2026-10-06T13:17:55.8248349Z  	        priority::smallint,
2026-10-06T13:17:55.8248569Z  	        flags
2026-10-06T13:17:55.8248770Z  	      )::"graphile_worker".job_spec],
2026-10-06T13:17:55.8249044Z  	      (job_key_mode = 'preserve_run_at')
2026-10-06T13:17:55.8249300Z  	    )
2026-10-06T13:17:55.8249467Z  	    limit 1"
2026-10-06T13:17:55.8250005Z  	PL/pgSQL function graphile_worker.add_job(text,json,text,timestamp with time zone,integer,text,integer,text[],text) line 6 at SQL statement
2026-10-06T13:17:55.8250717Z  2026-10-06 13:16:38.362 UTC [660] STATEMENT:  SELECT graphile_worker.add_job(
2026-10-06T13:17:55.8251104Z  	          identifier => $1::text,
2026-10-06T13:17:55.8251355Z  	          payload => $2::json,
2026-10-06T13:17:55.8251600Z  	          job_key => $3::text,
2026-10-06T13:17:55.8251842Z  	          max_attempts => 3)
2026-10-06T13:17:55.8252343Z  2026-10-06 13:16:38.607 UTC [62] LOG:  checkpoint starting: immediate force wait
2026-10-06T13:17:55.8253692Z  2026-10-06 13:16:38.647 UTC [62] LOG:  checkpoint complete: wrote 1392 buffers (8.5%); 0 WAL file(s) added, 0 removed, 1 recycled; write=0.023 s, sync=0.013 s, total=0.040 s; sync files=980, longest=0.003 s, average=0.001 s; distance=9485 kB, estimate=16865 kB; lsn=0/D598C78, redo lsn=0/D58ECD0
2026-10-06T13:17:55.8254911Z  2026-10-06 13:16:39.709 UTC [680] ERROR:  relation "graphile_worker.migrations" does not exist at character 85
2026-10-06T13:17:55.8255874Z  2026-10-06 13:16:39.709 UTC [680] STATEMENT:  select current_setting('server_version_num') as server_version_num,
2026-10-06T13:17:55.8256481Z  	(select id from "graphile_worker".migrations order by id desc limit 1) as id,
2026-10-06T13:17:55.8257121Z  	(select id from "graphile_worker".migrations where breaking is true order by id desc limit 1) as biggest_breaking_id;
2026-10-06T13:17:55.8257633Z  	
2026-10-06T13:17:55.8257936Z  2026-10-06 13:16:39.824 UTC [680] WARNING:  no privileges were granted for "set_limit"
2026-10-06T13:17:55.8258435Z  2026-10-06 13:16:39.824 UTC [680] WARNING:  no privileges were granted for "show_limit"
2026-10-06T13:17:55.8258930Z  2026-10-06 13:16:39.824 UTC [680] WARNING:  no privileges were granted for "show_trgm"
2026-10-06T13:17:55.8259416Z  2026-10-06 13:16:39.824 UTC [680] WARNING:  no privileges were granted for "similarity"
2026-10-06T13:17:55.8259925Z  2026-10-06 13:16:39.824 UTC [680] WARNING:  no privileges were granted for "similarity_op"
2026-10-06T13:17:55.8260652Z  2026-10-06 13:16:39.825 UTC [680] WARNING:  no privileges were granted for "word_similarity"
2026-10-06T13:17:55.8261208Z  2026-10-06 13:16:39.825 UTC [680] WARNING:  no privileges were granted for "word_similarity_op"
2026-10-06T13:17:55.8261811Z  2026-10-06 13:16:39.825 UTC [680] WARNING:  no privileges were granted for "word_similarity_commutator_op"
2026-10-06T13:17:55.8262406Z  2026-10-06 13:16:39.825 UTC [680] WARNING:  no privileges were granted for "similarity_dist"
2026-10-06T13:17:55.8262976Z  2026-10-06 13:16:39.825 UTC [680] WARNING:  no privileges were granted for "word_similarity_dist_op"
2026-10-06T13:17:55.8263600Z  2026-10-06 13:16:39.825 UTC [680] WARNING:  no privileges were granted for "word_similarity_dist_commutator_op"
2026-10-06T13:17:55.8264179Z  2026-10-06 13:16:39.825 UTC [680] WARNING:  no privileges were granted for "gtrgm_in"
2026-10-06T13:17:55.8264665Z  2026-10-06 13:16:39.825 UTC [680] WARNING:  no privileges were granted for "gtrgm_out"
2026-10-06T13:17:55.8265425Z  2026-10-06 13:16:39.825 UTC [680] WARNING:  no privileges were granted for "gtrgm_consistent"
2026-10-06T13:17:55.8265980Z  2026-10-06 13:16:39.825 UTC [680] WARNING:  no privileges were granted for "gtrgm_distance"
2026-10-06T13:17:55.8266515Z  2026-10-06 13:16:39.825 UTC [680] WARNING:  no privileges were granted for "gtrgm_compress"
2026-10-06T13:17:55.8267043Z  2026-10-06 13:16:39.825 UTC [680] WARNING:  no privileges were granted for "gtrgm_decompress"
2026-10-06T13:17:55.8267574Z  2026-10-06 13:16:39.825 UTC [680] WARNING:  no privileges were granted for "gtrgm_penalty"
2026-10-06T13:17:55.8268102Z  2026-10-06 13:16:39.825 UTC [680] WARNING:  no privileges were granted for "gtrgm_picksplit"
2026-10-06T13:17:55.8268626Z  2026-10-06 13:16:39.825 UTC [680] WARNING:  no privileges were granted for "gtrgm_union"
2026-10-06T13:17:55.8269133Z  2026-10-06 13:16:39.826 UTC [680] WARNING:  no privileges were granted for "gtrgm_same"
2026-10-06T13:17:55.8269679Z  2026-10-06 13:16:39.826 UTC [680] WARNING:  no privileges were granted for "gin_extract_value_trgm"
2026-10-06T13:17:55.8270257Z  2026-10-06 13:16:39.826 UTC [680] WARNING:  no privileges were granted for "gin_extract_query_trgm"
2026-10-06T13:17:55.8270827Z  2026-10-06 13:16:39.826 UTC [680] WARNING:  no privileges were granted for "gin_trgm_consistent"
2026-10-06T13:17:55.8271403Z  2026-10-06 13:16:39.826 UTC [680] WARNING:  no privileges were granted for "gin_trgm_triconsistent"
2026-10-06T13:17:55.8272098Z  2026-10-06 13:16:39.826 UTC [680] WARNING:  no privileges were granted for "strict_word_similarity"
2026-10-06T13:17:55.8272690Z  2026-10-06 13:16:39.826 UTC [680] WARNING:  no privileges were granted for "strict_word_similarity_op"
2026-10-06T13:17:55.8273322Z  2026-10-06 13:16:39.826 UTC [680] WARNING:  no privileges were granted for "strict_word_similarity_commutator_op"
2026-10-06T13:17:55.8273982Z  2026-10-06 13:16:39.826 UTC [680] WARNING:  no privileges were granted for "strict_word_similarity_dist_op"
2026-10-06T13:17:55.8274657Z  2026-10-06 13:16:39.826 UTC [680] WARNING:  no privileges were granted for "strict_word_similarity_dist_commutator_op"
2026-10-06T13:17:55.8275404Z  2026-10-06 13:16:39.826 UTC [680] WARNING:  no privileges were granted for "gtrgm_options"
2026-10-06T13:17:55.8275906Z  2026-10-06 13:16:41.171 UTC [696] ERROR:  Published AI versions are immutable
2026-10-06T13:17:55.8276428Z  2026-10-06 13:16:41.171 UTC [696] CONTEXT:  PL/pgSQL function ai_version_immutable() line 3 at RAISE
2026-10-06T13:17:55.8277012Z  2026-10-06 13:16:41.171 UTC [696] STATEMENT:  update "ai_versions" set "label" = $1 where "id" = $2
2026-10-06T13:17:55.8277633Z  2026-10-06 13:16:41.303 UTC [694] ERROR:  relation "graphile_worker.migrations" does not exist at character 85
2026-10-06T13:17:55.8278304Z  2026-10-06 13:16:41.303 UTC [694] STATEMENT:  select current_setting('server_version_num') as server_version_num,
2026-10-06T13:17:55.8278892Z  	(select id from "graphile_worker".migrations order by id desc limit 1) as id,
2026-10-06T13:17:55.8279641Z  	(select id from "graphile_worker".migrations where breaking is true order by id desc limit 1) as biggest_breaking_id;
2026-10-06T13:17:55.8280139Z  	
2026-10-06T13:17:55.8280424Z  2026-10-06 13:16:41.419 UTC [694] WARNING:  no privileges were granted for "set_limit"
2026-10-06T13:17:55.8280916Z  2026-10-06 13:16:41.419 UTC [694] WARNING:  no privileges were granted for "show_limit"
2026-10-06T13:17:55.8281413Z  2026-10-06 13:16:41.419 UTC [694] WARNING:  no privileges were granted for "show_trgm"
2026-10-06T13:17:55.8281894Z  2026-10-06 13:16:41.419 UTC [694] WARNING:  no privileges were granted for "similarity"
2026-10-06T13:17:55.8282403Z  2026-10-06 13:16:41.419 UTC [694] WARNING:  no privileges were granted for "similarity_op"
2026-10-06T13:17:55.8282931Z  2026-10-06 13:16:41.419 UTC [694] WARNING:  no privileges were granted for "word_similarity"
2026-10-06T13:17:55.8283470Z  2026-10-06 13:16:41.419 UTC [694] WARNING:  no privileges were granted for "word_similarity_op"
2026-10-06T13:17:55.8284068Z  2026-10-06 13:16:41.419 UTC [694] WARNING:  no privileges were granted for "word_similarity_commutator_op"
2026-10-06T13:17:55.8284650Z  2026-10-06 13:16:41.419 UTC [694] WARNING:  no privileges were granted for "similarity_dist"
2026-10-06T13:17:55.8285323Z  2026-10-06 13:16:41.420 UTC [694] WARNING:  no privileges were granted for "word_similarity_dist_op"
2026-10-06T13:17:55.8285954Z  2026-10-06 13:16:41.420 UTC [694] WARNING:  no privileges were granted for "word_similarity_dist_commutator_op"
2026-10-06T13:17:55.8286529Z  2026-10-06 13:16:41.420 UTC [694] WARNING:  no privileges were granted for "gtrgm_in"
2026-10-06T13:17:55.8287012Z  2026-10-06 13:16:41.420 UTC [694] WARNING:  no privileges were granted for "gtrgm_out"
2026-10-06T13:17:55.8287535Z  2026-10-06 13:16:41.420 UTC [694] WARNING:  no privileges were granted for "gtrgm_consistent"
2026-10-06T13:17:55.8288064Z  2026-10-06 13:16:41.420 UTC [694] WARNING:  no privileges were granted for "gtrgm_distance"
2026-10-06T13:17:55.8288588Z  2026-10-06 13:16:41.420 UTC [694] WARNING:  no privileges were granted for "gtrgm_compress"
2026-10-06T13:17:55.8289122Z  2026-10-06 13:16:41.420 UTC [694] WARNING:  no privileges were granted for "gtrgm_decompress"
2026-10-06T13:17:55.8289643Z  2026-10-06 13:16:41.420 UTC [694] WARNING:  no privileges were granted for "gtrgm_penalty"
2026-10-06T13:17:55.8290162Z  2026-10-06 13:16:41.420 UTC [694] WARNING:  no privileges were granted for "gtrgm_picksplit"
2026-10-06T13:17:55.8290813Z  2026-10-06 13:16:41.420 UTC [694] WARNING:  no privileges were granted for "gtrgm_union"
2026-10-06T13:17:55.8291329Z  2026-10-06 13:16:41.421 UTC [694] WARNING:  no privileges were granted for "gtrgm_same"
2026-10-06T13:17:55.8291863Z  2026-10-06 13:16:41.421 UTC [694] WARNING:  no privileges were granted for "gin_extract_value_trgm"
2026-10-06T13:17:55.8292439Z  2026-10-06 13:16:41.421 UTC [694] WARNING:  no privileges were granted for "gin_extract_query_trgm"
2026-10-06T13:17:55.8293008Z  2026-10-06 13:16:41.421 UTC [694] WARNING:  no privileges were granted for "gin_trgm_consistent"
2026-10-06T13:17:55.8293569Z  2026-10-06 13:16:41.421 UTC [694] WARNING:  no privileges were granted for "gin_trgm_triconsistent"
2026-10-06T13:17:55.8294142Z  2026-10-06 13:16:41.421 UTC [694] WARNING:  no privileges were granted for "strict_word_similarity"
2026-10-06T13:17:55.8294720Z  2026-10-06 13:16:41.421 UTC [694] WARNING:  no privileges were granted for "strict_word_similarity_op"
2026-10-06T13:17:55.8295473Z  2026-10-06 13:16:41.421 UTC [694] WARNING:  no privileges were granted for "strict_word_similarity_commutator_op"
2026-10-06T13:17:55.8296128Z  2026-10-06 13:16:41.421 UTC [694] WARNING:  no privileges were granted for "strict_word_similarity_dist_op"
2026-10-06T13:17:55.8296796Z  2026-10-06 13:16:41.421 UTC [694] WARNING:  no privileges were granted for "strict_word_similarity_dist_commutator_op"
2026-10-06T13:17:55.8297423Z  2026-10-06 13:16:41.421 UTC [694] WARNING:  no privileges were granted for "gtrgm_options"
2026-10-06T13:17:55.8298036Z  2026-10-06 13:16:41.440 UTC [62] LOG:  checkpoint starting: immediate force wait
2026-10-06T13:17:55.8299214Z  2026-10-06 13:16:41.478 UTC [62] LOG:  checkpoint complete: wrote 1498 buffers (9.1%); 0 WAL file(s) added, 0 removed, 1 recycled; write=0.022 s, sync=0.012 s, total=0.038 s; sync files=1040, longest=0.001 s, average=0.001 s; distance=18782 kB, estimate=18782 kB; lsn=0/E82CF80, redo lsn=0/E7E6598
2026-10-06T13:17:55.8300690Z  2026-10-06 13:16:43.215 UTC [62] LOG:  checkpoint starting: immediate force wait
2026-10-06T13:17:55.8301784Z  2026-10-06 13:16:43.229 UTC [62] LOG:  checkpoint complete: wrote 196 buffers (1.2%); 0 WAL file(s) added, 0 removed, 0 recycled; write=0.004 s, sync=0.005 s, total=0.014 s; sync files=74, longest=0.004 s, average=0.001 s; distance=1281 kB, estimate=17032 kB; lsn=0/E926BF0, redo lsn=0/E926BB8
2026-10-06T13:17:55.8302877Z  2026-10-06 13:16:43.340 UTC [62] LOG:  checkpoint starting: immediate force wait
2026-10-06T13:17:55.8303937Z  2026-10-06 13:16:43.343 UTC [62] LOG:  checkpoint complete: wrote 10 buffers (0.1%); 0 WAL file(s) added, 0 removed, 0 recycled; write=0.001 s, sync=0.001 s, total=0.004 s; sync files=4, longest=0.001 s, average=0.001 s; distance=87 kB, estimate=15337 kB; lsn=0/E93CB60, redo lsn=0/E93CB28
2026-10-06T13:17:55.8305229Z  2026-10-06 13:16:46.187 UTC [718] ERROR:  relation "graphile_worker.migrations" does not exist at character 85
2026-10-06T13:17:55.8305910Z  2026-10-06 13:16:46.187 UTC [718] STATEMENT:  select current_setting('server_version_num') as server_version_num,
2026-10-06T13:17:55.8306497Z  	(select id from "graphile_worker".migrations order by id desc limit 1) as id,
2026-10-06T13:17:55.8307122Z  	(select id from "graphile_worker".migrations where breaking is true order by id desc limit 1) as biggest_breaking_id;
2026-10-06T13:17:55.8307625Z  	
2026-10-06T13:17:55.8307917Z  2026-10-06 13:16:46.315 UTC [718] WARNING:  no privileges were granted for "set_limit"
2026-10-06T13:17:55.8308419Z  2026-10-06 13:16:46.316 UTC [718] WARNING:  no privileges were granted for "show_limit"
2026-10-06T13:17:55.8308914Z  2026-10-06 13:16:46.316 UTC [718] WARNING:  no privileges were granted for "show_trgm"
2026-10-06T13:17:55.8309405Z  2026-10-06 13:16:46.316 UTC [718] WARNING:  no privileges were granted for "similarity"
2026-10-06T13:17:55.8309918Z  2026-10-06 13:16:46.316 UTC [718] WARNING:  no privileges were granted for "similarity_op"
2026-10-06T13:17:55.8310587Z  2026-10-06 13:16:46.316 UTC [718] WARNING:  no privileges were granted for "word_similarity"
2026-10-06T13:17:55.8311148Z  2026-10-06 13:16:46.316 UTC [718] WARNING:  no privileges were granted for "word_similarity_op"
2026-10-06T13:17:55.8311747Z  2026-10-06 13:16:46.317 UTC [718] WARNING:  no privileges were granted for "word_similarity_commutator_op"
2026-10-06T13:17:55.8312332Z  2026-10-06 13:16:46.317 UTC [718] WARNING:  no privileges were granted for "similarity_dist"
2026-10-06T13:17:55.8312891Z  2026-10-06 13:16:46.317 UTC [718] WARNING:  no privileges were granted for "word_similarity_dist_op"
2026-10-06T13:17:55.8313526Z  2026-10-06 13:16:46.317 UTC [718] WARNING:  no privileges were granted for "word_similarity_dist_commutator_op"
2026-10-06T13:17:55.8314110Z  2026-10-06 13:16:46.317 UTC [718] WARNING:  no privileges were granted for "gtrgm_in"
2026-10-06T13:17:55.8314600Z  2026-10-06 13:16:46.317 UTC [718] WARNING:  no privileges were granted for "gtrgm_out"
2026-10-06T13:17:55.8315230Z  2026-10-06 13:16:46.317 UTC [718] WARNING:  no privileges were granted for "gtrgm_consistent"
2026-10-06T13:17:55.8315768Z  2026-10-06 13:16:46.317 UTC [718] WARNING:  no privileges were granted for "gtrgm_distance"
2026-10-06T13:17:55.8316294Z  2026-10-06 13:16:46.317 UTC [718] WARNING:  no privileges were granted for "gtrgm_compress"
2026-10-06T13:17:55.8316821Z  2026-10-06 13:16:46.317 UTC [718] WARNING:  no privileges were granted for "gtrgm_decompress"
2026-10-06T13:17:55.8317348Z  2026-10-06 13:16:46.317 UTC [718] WARNING:  no privileges were granted for "gtrgm_penalty"
2026-10-06T13:17:55.8317994Z  2026-10-06 13:16:46.317 UTC [718] WARNING:  no privileges were granted for "gtrgm_picksplit"
2026-10-06T13:17:55.8318511Z  2026-10-06 13:16:46.317 UTC [718] WARNING:  no privileges were granted for "gtrgm_union"
2026-10-06T13:17:55.8319014Z  2026-10-06 13:16:46.317 UTC [718] WARNING:  no privileges were granted for "gtrgm_same"
2026-10-06T13:17:55.8319550Z  2026-10-06 13:16:46.318 UTC [718] WARNING:  no privileges were granted for "gin_extract_value_trgm"
2026-10-06T13:17:55.8320128Z  2026-10-06 13:16:46.318 UTC [718] WARNING:  no privileges were granted for "gin_extract_query_trgm"
2026-10-06T13:17:55.8320692Z  2026-10-06 13:16:46.318 UTC [718] WARNING:  no privileges were granted for "gin_trgm_consistent"
2026-10-06T13:17:55.8321255Z  2026-10-06 13:16:46.318 UTC [718] WARNING:  no privileges were granted for "gin_trgm_triconsistent"
2026-10-06T13:17:55.8321832Z  2026-10-06 13:16:46.318 UTC [718] WARNING:  no privileges were granted for "strict_word_similarity"
2026-10-06T13:17:55.8322419Z  2026-10-06 13:16:46.318 UTC [718] WARNING:  no privileges were granted for "strict_word_similarity_op"
2026-10-06T13:17:55.8323048Z  2026-10-06 13:16:46.318 UTC [718] WARNING:  no privileges were granted for "strict_word_similarity_commutator_op"
2026-10-06T13:17:55.8323709Z  2026-10-06 13:16:46.318 UTC [718] WARNING:  no privileges were granted for "strict_word_similarity_dist_op"
2026-10-06T13:17:55.8324415Z  2026-10-06 13:16:46.318 UTC [718] WARNING:  no privileges were granted for "strict_word_similarity_dist_commutator_op"
2026-10-06T13:17:55.8325142Z  2026-10-06 13:16:46.318 UTC [718] WARNING:  no privileges were granted for "gtrgm_options"
2026-10-06T13:17:55.8325743Z  2026-10-06 13:16:47.509 UTC [723] ERROR:  relation "graphile_worker.migrations" does not exist at character 85
2026-10-06T13:17:55.8326405Z  2026-10-06 13:16:47.509 UTC [723] STATEMENT:  select current_setting('server_version_num') as server_version_num,
2026-10-06T13:17:55.8327001Z  	(select id from "graphile_worker".migrations order by id desc limit 1) as id,
2026-10-06T13:17:55.8327628Z  	(select id from "graphile_worker".migrations where breaking is true order by id desc limit 1) as biggest_breaking_id;
2026-10-06T13:17:55.8328130Z  	
2026-10-06T13:17:55.8328420Z  2026-10-06 13:16:47.645 UTC [723] WARNING:  no privileges were granted for "set_limit"
2026-10-06T13:17:55.8328914Z  2026-10-06 13:16:47.645 UTC [723] WARNING:  no privileges were granted for "show_limit"
2026-10-06T13:17:55.8329517Z  2026-10-06 13:16:47.646 UTC [723] WARNING:  no privileges were granted for "show_trgm"
2026-10-06T13:17:55.8330008Z  2026-10-06 13:16:47.646 UTC [723] WARNING:  no privileges were granted for "similarity"
2026-10-06T13:17:55.8330515Z  2026-10-06 13:16:47.646 UTC [723] WARNING:  no privileges were granted for "similarity_op"
2026-10-06T13:17:55.8331041Z  2026-10-06 13:16:47.646 UTC [723] WARNING:  no privileges were granted for "word_similarity"
2026-10-06T13:17:55.8331582Z  2026-10-06 13:16:47.646 UTC [723] WARNING:  no privileges were granted for "word_similarity_op"
2026-10-06T13:17:55.8332179Z  2026-10-06 13:16:47.646 UTC [723] WARNING:  no privileges were granted for "word_similarity_commutator_op"
2026-10-06T13:17:55.8332759Z  2026-10-06 13:16:47.646 UTC [723] WARNING:  no privileges were granted for "similarity_dist"
2026-10-06T13:17:55.8333318Z  2026-10-06 13:16:47.646 UTC [723] WARNING:  no privileges were granted for "word_similarity_dist_op"
2026-10-06T13:17:55.8333945Z  2026-10-06 13:16:47.646 UTC [723] WARNING:  no privileges were granted for "word_similarity_dist_commutator_op"
2026-10-06T13:17:55.8334518Z  2026-10-06 13:16:47.646 UTC [723] WARNING:  no privileges were granted for "gtrgm_in"
2026-10-06T13:17:55.8335107Z  2026-10-06 13:16:47.646 UTC [723] WARNING:  no privileges were granted for "gtrgm_out"
2026-10-06T13:17:55.8335627Z  2026-10-06 13:16:47.647 UTC [723] WARNING:  no privileges were granted for "gtrgm_consistent"
2026-10-06T13:17:55.8336151Z  2026-10-06 13:16:47.647 UTC [723] WARNING:  no privileges were granted for "gtrgm_distance"
2026-10-06T13:17:55.8336801Z  2026-10-06 13:16:47.647 UTC [723] WARNING:  no privileges were granted for "gtrgm_compress"
2026-10-06T13:17:55.8337330Z  2026-10-06 13:16:47.647 UTC [723] WARNING:  no privileges were granted for "gtrgm_decompress"
2026-10-06T13:17:55.8337853Z  2026-10-06 13:16:47.647 UTC [723] WARNING:  no privileges were granted for "gtrgm_penalty"
2026-10-06T13:17:55.8338374Z  2026-10-06 13:16:47.647 UTC [723] WARNING:  no privileges were granted for "gtrgm_picksplit"
2026-10-06T13:17:55.8338893Z  2026-10-06 13:16:47.647 UTC [723] WARNING:  no privileges were granted for "gtrgm_union"
2026-10-06T13:17:55.8339387Z  2026-10-06 13:16:47.647 UTC [723] WARNING:  no privileges were granted for "gtrgm_same"
2026-10-06T13:17:55.8339917Z  2026-10-06 13:16:47.647 UTC [723] WARNING:  no privileges were granted for "gin_extract_value_trgm"
2026-10-06T13:17:55.8340491Z  2026-10-06 13:16:47.647 UTC [723] WARNING:  no privileges were granted for "gin_extract_query_trgm"
2026-10-06T13:17:55.8341052Z  2026-10-06 13:16:47.647 UTC [723] WARNING:  no privileges were granted for "gin_trgm_consistent"
2026-10-06T13:17:55.8341618Z  2026-10-06 13:16:47.647 UTC [723] WARNING:  no privileges were granted for "gin_trgm_triconsistent"
2026-10-06T13:17:55.8342185Z  2026-10-06 13:16:47.647 UTC [723] WARNING:  no privileges were granted for "strict_word_similarity"
2026-10-06T13:17:55.8342764Z  2026-10-06 13:16:47.647 UTC [723] WARNING:  no privileges were granted for "strict_word_similarity_op"
2026-10-06T13:17:55.8343397Z  2026-10-06 13:16:47.647 UTC [723] WARNING:  no privileges were granted for "strict_word_similarity_commutator_op"
2026-10-06T13:17:55.8344090Z  2026-10-06 13:16:47.648 UTC [723] WARNING:  no privileges were granted for "strict_word_similarity_dist_op"
2026-10-06T13:17:55.8344763Z  2026-10-06 13:16:47.648 UTC [723] WARNING:  no privileges were granted for "strict_word_similarity_dist_commutator_op"
2026-10-06T13:17:55.8345493Z  2026-10-06 13:16:47.648 UTC [723] WARNING:  no privileges were granted for "gtrgm_options"
2026-10-06T13:17:55.8346004Z  2026-10-06 13:16:47.734 UTC [729] ERROR:  published colony skin versions are immutable
2026-10-06T13:17:55.8346573Z  2026-10-06 13:16:47.734 UTC [729] CONTEXT:  PL/pgSQL function colony_skin_version_immutable() line 3 at RAISE
2026-10-06T13:17:55.8347246Z  2026-10-06 13:16:47.734 UTC [729] STATEMENT:  update "colony_skin_versions" set "building_color" = $1 where "id" = $2
2026-10-06T13:17:55.8347950Z  2026-10-06 13:16:47.742 UTC [729] ERROR:  published colony skin versions are immutable
2026-10-06T13:17:55.8348520Z  2026-10-06 13:16:47.742 UTC [729] CONTEXT:  PL/pgSQL function colony_skin_version_immutable() line 3 at RAISE
2026-10-06T13:17:55.8349131Z  2026-10-06 13:16:47.742 UTC [729] STATEMENT:  delete from "colony_skin_versions" where "id" = $1
2026-10-06T13:17:55.8349647Z  2026-10-06 13:16:47.997 UTC [62] LOG:  checkpoint starting: immediate force wait
2026-10-06T13:17:55.8350752Z  2026-10-06 13:16:48.023 UTC [62] LOG:  checkpoint complete: wrote 1489 buffers (9.1%); 0 WAL file(s) added, 0 removed, 1 recycled; write=0.016 s, sync=0.007 s, total=0.026 s; sync files=983, longest=0.001 s, average=0.001 s; distance=17919 kB, estimate=17919 kB; lsn=0/FABC990, redo lsn=0/FABC958
2026-10-06T13:17:55.8351953Z  2026-10-06 13:16:49.396 UTC [736] ERROR:  relation "graphile_worker.migrations" does not exist at character 85
2026-10-06T13:17:55.8352628Z  2026-10-06 13:16:49.396 UTC [736] STATEMENT:  select current_setting('server_version_num') as server_version_num,
2026-10-06T13:17:55.8353223Z  	(select id from "graphile_worker".migrations order by id desc limit 1) as id,
2026-10-06T13:17:55.8353848Z  	(select id from "graphile_worker".migrations where breaking is true order by id desc limit 1) as biggest_breaking_id;
2026-10-06T13:17:55.8354352Z  	
2026-10-06T13:17:55.8354649Z  2026-10-06 13:16:49.483 UTC [736] WARNING:  no privileges were granted for "set_limit"
2026-10-06T13:17:55.8355262Z  2026-10-06 13:16:49.483 UTC [736] WARNING:  no privileges were granted for "show_limit"
2026-10-06T13:17:55.8355877Z  2026-10-06 13:16:49.483 UTC [736] WARNING:  no privileges were granted for "show_trgm"
2026-10-06T13:17:55.8356370Z  2026-10-06 13:16:49.483 UTC [736] WARNING:  no privileges were granted for "similarity"
2026-10-06T13:17:55.8356882Z  2026-10-06 13:16:49.483 UTC [736] WARNING:  no privileges were granted for "similarity_op"
2026-10-06T13:17:55.8357416Z  2026-10-06 13:16:49.483 UTC [736] WARNING:  no privileges were granted for "word_similarity"
2026-10-06T13:17:55.8357967Z  2026-10-06 13:16:49.483 UTC [736] WARNING:  no privileges were granted for "word_similarity_op"
2026-10-06T13:17:55.8358557Z  2026-10-06 13:16:49.483 UTC [736] WARNING:  no privileges were granted for "word_similarity_commutator_op"
2026-10-06T13:17:55.8359138Z  2026-10-06 13:16:49.483 UTC [736] WARNING:  no privileges were granted for "similarity_dist"
2026-10-06T13:17:55.8359696Z  2026-10-06 13:16:49.484 UTC [736] WARNING:  no privileges were granted for "word_similarity_dist_op"
2026-10-06T13:17:55.8360325Z  2026-10-06 13:16:49.484 UTC [736] WARNING:  no privileges were granted for "word_similarity_dist_commutator_op"
2026-10-06T13:17:55.8360901Z  2026-10-06 13:16:49.484 UTC [736] WARNING:  no privileges were granted for "gtrgm_in"
2026-10-06T13:17:55.8361394Z  2026-10-06 13:16:49.484 UTC [736] WARNING:  no privileges were granted for "gtrgm_out"
2026-10-06T13:17:55.8361911Z  2026-10-06 13:16:49.484 UTC [736] WARNING:  no privileges were granted for "gtrgm_consistent"
2026-10-06T13:17:55.8362446Z  2026-10-06 13:16:49.484 UTC [736] WARNING:  no privileges were granted for "gtrgm_distance"
2026-10-06T13:17:55.8362976Z  2026-10-06 13:16:49.484 UTC [736] WARNING:  no privileges were granted for "gtrgm_compress"
2026-10-06T13:17:55.8363503Z  2026-10-06 13:16:49.484 UTC [736] WARNING:  no privileges were granted for "gtrgm_decompress"
2026-10-06T13:17:55.8364029Z  2026-10-06 13:16:49.484 UTC [736] WARNING:  no privileges were granted for "gtrgm_penalty"
2026-10-06T13:17:55.8364562Z  2026-10-06 13:16:49.484 UTC [736] WARNING:  no privileges were granted for "gtrgm_picksplit"
2026-10-06T13:17:55.8365193Z  2026-10-06 13:16:49.484 UTC [736] WARNING:  no privileges were granted for "gtrgm_union"
2026-10-06T13:17:55.8365694Z  2026-10-06 13:16:49.484 UTC [736] WARNING:  no privileges were granted for "gtrgm_same"
2026-10-06T13:17:55.8366232Z  2026-10-06 13:16:49.484 UTC [736] WARNING:  no privileges were granted for "gin_extract_value_trgm"
2026-10-06T13:17:55.8366921Z  2026-10-06 13:16:49.484 UTC [736] WARNING:  no privileges were granted for "gin_extract_query_trgm"
2026-10-06T13:17:55.8367489Z  2026-10-06 13:16:49.485 UTC [736] WARNING:  no privileges were granted for "gin_trgm_consistent"
2026-10-06T13:17:55.8368059Z  2026-10-06 13:16:49.485 UTC [736] WARNING:  no privileges were granted for "gin_trgm_triconsistent"
2026-10-06T13:17:55.8368624Z  2026-10-06 13:16:49.485 UTC [736] WARNING:  no privileges were granted for "strict_word_similarity"
2026-10-06T13:17:55.8369214Z  2026-10-06 13:16:49.485 UTC [736] WARNING:  no privileges were granted for "strict_word_similarity_op"
2026-10-06T13:17:55.8369853Z  2026-10-06 13:16:49.485 UTC [736] WARNING:  no privileges were granted for "strict_word_similarity_commutator_op"
2026-10-06T13:17:55.8370511Z  2026-10-06 13:16:49.485 UTC [736] WARNING:  no privileges were granted for "strict_word_similarity_dist_op"
2026-10-06T13:17:55.8371185Z  2026-10-06 13:16:49.485 UTC [736] WARNING:  no privileges were granted for "strict_word_similarity_dist_commutator_op"
2026-10-06T13:17:55.8371812Z  2026-10-06 13:16:49.485 UTC [736] WARNING:  no privileges were granted for "gtrgm_options"
2026-10-06T13:17:55.8372309Z  2026-10-06 13:16:49.913 UTC [62] LOG:  checkpoint starting: immediate force wait
2026-10-06T13:17:55.8373421Z  2026-10-06 13:16:49.936 UTC [62] LOG:  checkpoint complete: wrote 1075 buffers (6.6%); 0 WAL file(s) added, 0 removed, 1 recycled; write=0.017 s, sync=0.005 s, total=0.024 s; sync files=522, longest=0.001 s, average=0.001 s; distance=14642 kB, estimate=17591 kB; lsn=0/10981718, redo lsn=0/10909280
2026-10-06T13:17:55.8374735Z  2026-10-06 13:16:50.294 UTC [741] ERROR:  relation "graphile_worker.migrations" does not exist at character 85
2026-10-06T13:17:55.8375519Z  2026-10-06 13:16:50.294 UTC [741] STATEMENT:  select current_setting('server_version_num') as server_version_num,
2026-10-06T13:17:55.8376114Z  	(select id from "graphile_worker".migrations order by id desc limit 1) as id,
2026-10-06T13:17:55.8376743Z  	(select id from "graphile_worker".migrations where breaking is true order by id desc limit 1) as biggest_breaking_id;
2026-10-06T13:17:55.8377246Z  	
2026-10-06T13:17:55.8377544Z  2026-10-06 13:16:50.399 UTC [741] WARNING:  no privileges were granted for "set_limit"
2026-10-06T13:17:55.8378040Z  2026-10-06 13:16:50.399 UTC [741] WARNING:  no privileges were granted for "show_limit"
2026-10-06T13:17:55.8378531Z  2026-10-06 13:16:50.399 UTC [741] WARNING:  no privileges were granted for "show_trgm"
2026-10-06T13:17:55.8379022Z  2026-10-06 13:16:50.399 UTC [741] WARNING:  no privileges were granted for "similarity"
2026-10-06T13:17:55.8379525Z  2026-10-06 13:16:50.400 UTC [741] WARNING:  no privileges were granted for "similarity_op"
2026-10-06T13:17:55.8380053Z  2026-10-06 13:16:50.400 UTC [741] WARNING:  no privileges were granted for "word_similarity"
2026-10-06T13:17:55.8380602Z  2026-10-06 13:16:50.400 UTC [741] WARNING:  no privileges were granted for "word_similarity_op"
2026-10-06T13:17:55.8381199Z  2026-10-06 13:16:50.400 UTC [741] WARNING:  no privileges were granted for "word_similarity_commutator_op"
2026-10-06T13:17:55.8381777Z  2026-10-06 13:16:50.401 UTC [741] WARNING:  no privileges were granted for "similarity_dist"
2026-10-06T13:17:55.8382337Z  2026-10-06 13:16:50.401 UTC [741] WARNING:  no privileges were granted for "word_similarity_dist_op"
2026-10-06T13:17:55.8382960Z  2026-10-06 13:16:50.401 UTC [741] WARNING:  no privileges were granted for "word_similarity_dist_commutator_op"
2026-10-06T13:17:55.8383538Z  2026-10-06 13:16:50.401 UTC [741] WARNING:  no privileges were granted for "gtrgm_in"
2026-10-06T13:17:55.8384033Z  2026-10-06 13:16:50.402 UTC [741] WARNING:  no privileges were granted for "gtrgm_out"
2026-10-06T13:17:55.8384545Z  2026-10-06 13:16:50.402 UTC [741] WARNING:  no privileges were granted for "gtrgm_consistent"
2026-10-06T13:17:55.8385179Z  2026-10-06 13:16:50.402 UTC [741] WARNING:  no privileges were granted for "gtrgm_distance"
2026-10-06T13:17:55.8385828Z  2026-10-06 13:16:50.402 UTC [741] WARNING:  no privileges were granted for "gtrgm_compress"
2026-10-06T13:17:55.8386362Z  2026-10-06 13:16:50.402 UTC [741] WARNING:  no privileges were granted for "gtrgm_decompress"
2026-10-06T13:17:55.8386887Z  2026-10-06 13:16:50.403 UTC [741] WARNING:  no privileges were granted for "gtrgm_penalty"
2026-10-06T13:17:55.8387412Z  2026-10-06 13:16:50.403 UTC [741] WARNING:  no privileges were granted for "gtrgm_picksplit"
2026-10-06T13:17:55.8387930Z  2026-10-06 13:16:50.403 UTC [741] WARNING:  no privileges were granted for "gtrgm_union"
2026-10-06T13:17:55.8388430Z  2026-10-06 13:16:50.403 UTC [741] WARNING:  no privileges were granted for "gtrgm_same"
2026-10-06T13:17:55.8388969Z  2026-10-06 13:16:50.403 UTC [741] WARNING:  no privileges were granted for "gin_extract_value_trgm"
2026-10-06T13:17:55.8389544Z  2026-10-06 13:16:50.404 UTC [741] WARNING:  no privileges were granted for "gin_extract_query_trgm"
2026-10-06T13:17:55.8390110Z  2026-10-06 13:16:50.404 UTC [741] WARNING:  no privileges were granted for "gin_trgm_consistent"
2026-10-06T13:17:55.8390679Z  2026-10-06 13:16:50.404 UTC [741] WARNING:  no privileges were granted for "gin_trgm_triconsistent"
2026-10-06T13:17:55.8391244Z  2026-10-06 13:16:50.404 UTC [741] WARNING:  no privileges were granted for "strict_word_similarity"
2026-10-06T13:17:55.8391824Z  2026-10-06 13:16:50.405 UTC [741] WARNING:  no privileges were granted for "strict_word_similarity_op"
2026-10-06T13:17:55.8392458Z  2026-10-06 13:16:50.405 UTC [741] WARNING:  no privileges were granted for "strict_word_similarity_commutator_op"
2026-10-06T13:17:55.8393262Z  2026-10-06 13:16:50.405 UTC [741] WARNING:  no privileges were granted for "strict_word_similarity_dist_op"
2026-10-06T13:17:55.8393939Z  2026-10-06 13:16:50.405 UTC [741] WARNING:  no privileges were granted for "strict_word_similarity_dist_commutator_op"
2026-10-06T13:17:55.8394553Z  2026-10-06 13:16:50.405 UTC [741] WARNING:  no privileges were granted for "gtrgm_options"
2026-10-06T13:17:55.8395163Z  2026-10-06 13:16:51.009 UTC [62] LOG:  checkpoint starting: immediate force wait
2026-10-06T13:17:55.8396251Z  2026-10-06 13:16:51.012 UTC [62] LOG:  checkpoint complete: wrote 20 buffers (0.1%); 0 WAL file(s) added, 0 removed, 0 recycled; write=0.001 s, sync=0.001 s, total=0.003 s; sync files=8, longest=0.001 s, average=0.001 s; distance=4657 kB, estimate=16298 kB; lsn=0/10D95910, redo lsn=0/10D958D8
2026-10-06T13:17:55.8397425Z  2026-10-06 13:16:52.029 UTC [761] ERROR:  relation "graphile_worker.migrations" does not exist at character 85
2026-10-06T13:17:55.8398102Z  2026-10-06 13:16:52.029 UTC [761] STATEMENT:  select current_setting('server_version_num') as server_version_num,
2026-10-06T13:17:55.8398697Z  	(select id from "graphile_worker".migrations order by id desc limit 1) as id,
2026-10-06T13:17:55.8399318Z  	(select id from "graphile_worker".migrations where breaking is true order by id desc limit 1) as biggest_breaking_id;
2026-10-06T13:17:55.8399818Z  	
2026-10-06T13:17:55.8400116Z  2026-10-06 13:16:52.162 UTC [761] WARNING:  no privileges were granted for "set_limit"
2026-10-06T13:17:55.8400613Z  2026-10-06 13:16:52.162 UTC [761] WARNING:  no privileges were granted for "show_limit"
2026-10-06T13:17:55.8401099Z  2026-10-06 13:16:52.162 UTC [761] WARNING:  no privileges were granted for "show_trgm"
2026-10-06T13:17:55.8401589Z  2026-10-06 13:16:52.162 UTC [761] WARNING:  no privileges were granted for "similarity"
2026-10-06T13:17:55.8402095Z  2026-10-06 13:16:52.162 UTC [761] WARNING:  no privileges were granted for "similarity_op"
2026-10-06T13:17:55.8402627Z  2026-10-06 13:16:52.162 UTC [761] WARNING:  no privileges were granted for "word_similarity"
2026-10-06T13:17:55.8403176Z  2026-10-06 13:16:52.162 UTC [761] WARNING:  no privileges were granted for "word_similarity_op"
2026-10-06T13:17:55.8403774Z  2026-10-06 13:16:52.162 UTC [761] WARNING:  no privileges were granted for "word_similarity_commutator_op"
2026-10-06T13:17:55.8404477Z  2026-10-06 13:16:52.162 UTC [761] WARNING:  no privileges were granted for "similarity_dist"
2026-10-06T13:17:55.8405147Z  2026-10-06 13:16:52.162 UTC [761] WARNING:  no privileges were granted for "word_similarity_dist_op"
2026-10-06T13:17:55.8405768Z  2026-10-06 13:16:52.162 UTC [761] WARNING:  no privileges were granted for "word_similarity_dist_commutator_op"
2026-10-06T13:17:55.8406335Z  2026-10-06 13:16:52.162 UTC [761] WARNING:  no privileges were granted for "gtrgm_in"
2026-10-06T13:17:55.8406818Z  2026-10-06 13:16:52.162 UTC [761] WARNING:  no privileges were granted for "gtrgm_out"
2026-10-06T13:17:55.8407330Z  2026-10-06 13:16:52.162 UTC [761] WARNING:  no privileges were granted for "gtrgm_consistent"
2026-10-06T13:17:55.8407860Z  2026-10-06 13:16:52.162 UTC [761] WARNING:  no privileges were granted for "gtrgm_distance"
2026-10-06T13:17:55.8408393Z  2026-10-06 13:16:52.162 UTC [761] WARNING:  no privileges were granted for "gtrgm_compress"
2026-10-06T13:17:55.8408918Z  2026-10-06 13:16:52.162 UTC [761] WARNING:  no privileges were granted for "gtrgm_decompress"
2026-10-06T13:17:55.8409450Z  2026-10-06 13:16:52.162 UTC [761] WARNING:  no privileges were granted for "gtrgm_penalty"
2026-10-06T13:17:55.8409976Z  2026-10-06 13:16:52.163 UTC [761] WARNING:  no privileges were granted for "gtrgm_picksplit"
2026-10-06T13:17:55.8410485Z  2026-10-06 13:16:52.163 UTC [761] WARNING:  no privileges were granted for "gtrgm_union"
2026-10-06T13:17:55.8410985Z  2026-10-06 13:16:52.163 UTC [761] WARNING:  no privileges were granted for "gtrgm_same"
2026-10-06T13:17:55.8411640Z  2026-10-06 13:16:52.163 UTC [761] WARNING:  no privileges were granted for "gin_extract_value_trgm"
2026-10-06T13:17:55.8412210Z  2026-10-06 13:16:52.163 UTC [761] WARNING:  no privileges were granted for "gin_extract_query_trgm"
2026-10-06T13:17:55.8412776Z  2026-10-06 13:16:52.163 UTC [761] WARNING:  no privileges were granted for "gin_trgm_consistent"
2026-10-06T13:17:55.8413337Z  2026-10-06 13:16:52.163 UTC [761] WARNING:  no privileges were granted for "gin_trgm_triconsistent"
2026-10-06T13:17:55.8413907Z  2026-10-06 13:16:52.163 UTC [761] WARNING:  no privileges were granted for "strict_word_similarity"
2026-10-06T13:17:55.8414494Z  2026-10-06 13:16:52.163 UTC [761] WARNING:  no privileges were granted for "strict_word_similarity_op"
2026-10-06T13:17:55.8415232Z  2026-10-06 13:16:52.163 UTC [761] WARNING:  no privileges were granted for "strict_word_similarity_commutator_op"
2026-10-06T13:17:55.8415890Z  2026-10-06 13:16:52.163 UTC [761] WARNING:  no privileges were granted for "strict_word_similarity_dist_op"
2026-10-06T13:17:55.8416569Z  2026-10-06 13:16:52.163 UTC [761] WARNING:  no privileges were granted for "strict_word_similarity_dist_commutator_op"
2026-10-06T13:17:55.8417183Z  2026-10-06 13:16:52.163 UTC [761] WARNING:  no privileges were granted for "gtrgm_options"
2026-10-06T13:17:55.8417775Z  2026-10-06 13:16:55.664 UTC [770] ERROR:  relation "graphile_worker.migrations" does not exist at character 85
2026-10-06T13:17:55.8418450Z  2026-10-06 13:16:55.664 UTC [770] STATEMENT:  select current_setting('server_version_num') as server_version_num,
2026-10-06T13:17:55.8419029Z  	(select id from "graphile_worker".migrations order by id desc limit 1) as id,
2026-10-06T13:17:55.8419644Z  	(select id from "graphile_worker".migrations where breaking is true order by id desc limit 1) as biggest_breaking_id;
2026-10-06T13:17:55.8420147Z  	
2026-10-06T13:17:55.8420437Z  2026-10-06 13:16:55.741 UTC [770] WARNING:  no privileges were granted for "set_limit"
2026-10-06T13:17:55.8420928Z  2026-10-06 13:16:55.741 UTC [770] WARNING:  no privileges were granted for "show_limit"
2026-10-06T13:17:55.8421419Z  2026-10-06 13:16:55.741 UTC [770] WARNING:  no privileges were granted for "show_trgm"
2026-10-06T13:17:55.8421905Z  2026-10-06 13:16:55.742 UTC [770] WARNING:  no privileges were granted for "similarity"
2026-10-06T13:17:55.8422410Z  2026-10-06 13:16:55.742 UTC [770] WARNING:  no privileges were granted for "similarity_op"
2026-10-06T13:17:55.8423057Z  2026-10-06 13:16:55.742 UTC [770] WARNING:  no privileges were granted for "word_similarity"
2026-10-06T13:17:55.8423605Z  2026-10-06 13:16:55.742 UTC [770] WARNING:  no privileges were granted for "word_similarity_op"
2026-10-06T13:17:55.8424229Z  2026-10-06 13:16:55.742 UTC [770] WARNING:  no privileges were granted for "word_similarity_commutator_op"
2026-10-06T13:17:55.8424819Z  2026-10-06 13:16:55.742 UTC [770] WARNING:  no privileges were granted for "similarity_dist"
2026-10-06T13:17:55.8425486Z  2026-10-06 13:16:55.742 UTC [770] WARNING:  no privileges were granted for "word_similarity_dist_op"
2026-10-06T13:17:55.8426114Z  2026-10-06 13:16:55.742 UTC [770] WARNING:  no privileges were granted for "word_similarity_dist_commutator_op"
2026-10-06T13:17:55.8426688Z  2026-10-06 13:16:55.742 UTC [770] WARNING:  no privileges were granted for "gtrgm_in"
2026-10-06T13:17:55.8427170Z  2026-10-06 13:16:55.742 UTC [770] WARNING:  no privileges were granted for "gtrgm_out"
2026-10-06T13:17:55.8427684Z  2026-10-06 13:16:55.742 UTC [770] WARNING:  no privileges were granted for "gtrgm_consistent"
2026-10-06T13:17:55.8428218Z  2026-10-06 13:16:55.742 UTC [770] WARNING:  no privileges were granted for "gtrgm_distance"
2026-10-06T13:17:55.8428739Z  2026-10-06 13:16:55.742 UTC [770] WARNING:  no privileges were granted for "gtrgm_compress"
2026-10-06T13:17:55.8429267Z  2026-10-06 13:16:55.743 UTC [770] WARNING:  no privileges were granted for "gtrgm_decompress"
2026-10-06T13:17:55.8429805Z  2026-10-06 13:16:55.743 UTC [770] WARNING:  no privileges were granted for "gtrgm_penalty"
2026-10-06T13:17:55.8430452Z  2026-10-06 13:16:55.743 UTC [770] WARNING:  no privileges were granted for "gtrgm_picksplit"
2026-10-06T13:17:55.8430966Z  2026-10-06 13:16:55.743 UTC [770] WARNING:  no privileges were granted for "gtrgm_union"
2026-10-06T13:17:55.8439003Z  2026-10-06 13:16:55.743 UTC [770] WARNING:  no privileges were granted for "gtrgm_same"
2026-10-06T13:17:55.8439600Z  2026-10-06 13:16:55.743 UTC [770] WARNING:  no privileges were granted for "gin_extract_value_trgm"
2026-10-06T13:17:55.8440204Z  2026-10-06 13:16:55.743 UTC [770] WARNING:  no privileges were granted for "gin_extract_query_trgm"
2026-10-06T13:17:55.8440808Z  2026-10-06 13:16:55.743 UTC [770] WARNING:  no privileges were granted for "gin_trgm_consistent"
2026-10-06T13:17:55.8441389Z  2026-10-06 13:16:55.743 UTC [770] WARNING:  no privileges were granted for "gin_trgm_triconsistent"
2026-10-06T13:17:55.8441984Z  2026-10-06 13:16:55.743 UTC [770] WARNING:  no privileges were granted for "strict_word_similarity"
2026-10-06T13:17:55.8442597Z  2026-10-06 13:16:55.743 UTC [770] WARNING:  no privileges were granted for "strict_word_similarity_op"
2026-10-06T13:17:55.8443240Z  2026-10-06 13:16:55.743 UTC [770] WARNING:  no privileges were granted for "strict_word_similarity_commutator_op"
2026-10-06T13:17:55.8443899Z  2026-10-06 13:16:55.743 UTC [770] WARNING:  no privileges were granted for "strict_word_similarity_dist_op"
2026-10-06T13:17:55.8444577Z  2026-10-06 13:16:55.744 UTC [770] WARNING:  no privileges were granted for "strict_word_similarity_dist_commutator_op"
2026-10-06T13:17:55.8445337Z  2026-10-06 13:16:55.744 UTC [770] WARNING:  no privileges were granted for "gtrgm_options"
2026-10-06T13:17:55.8445844Z  2026-10-06 13:16:55.818 UTC [62] LOG:  checkpoint starting: immediate force wait
2026-10-06T13:17:55.8446962Z  2026-10-06 13:16:55.848 UTC [62] LOG:  checkpoint complete: wrote 1847 buffers (11.3%); 0 WAL file(s) added, 0 removed, 2 recycled; write=0.019 s, sync=0.009 s, total=0.031 s; sync files=1012, longest=0.002 s, average=0.001 s; distance=19438 kB, estimate=19438 kB; lsn=0/12091500, redo lsn=0/120914C8
2026-10-06T13:17:55.8448175Z  2026-10-06 13:16:56.446 UTC [784] ERROR:  relation "graphile_worker.migrations" does not exist at character 85
2026-10-06T13:17:55.8448846Z  2026-10-06 13:16:56.446 UTC [784] STATEMENT:  select current_setting('server_version_num') as server_version_num,
2026-10-06T13:17:55.8449433Z  	(select id from "graphile_worker".migrations order by id desc limit 1) as id,
2026-10-06T13:17:55.8450222Z  	(select id from "graphile_worker".migrations where breaking is true order by id desc limit 1) as biggest_breaking_id;
2026-10-06T13:17:55.8450731Z  	
2026-10-06T13:17:55.8451027Z  2026-10-06 13:16:56.523 UTC [784] WARNING:  no privileges were granted for "set_limit"
2026-10-06T13:17:55.8451517Z  2026-10-06 13:16:56.523 UTC [784] WARNING:  no privileges were granted for "show_limit"
2026-10-06T13:17:55.8452006Z  2026-10-06 13:16:56.523 UTC [784] WARNING:  no privileges were granted for "show_trgm"
2026-10-06T13:17:55.8452496Z  2026-10-06 13:16:56.523 UTC [784] WARNING:  no privileges were granted for "similarity"
2026-10-06T13:17:55.8453003Z  2026-10-06 13:16:56.523 UTC [784] WARNING:  no privileges were granted for "similarity_op"
2026-10-06T13:17:55.8453546Z  2026-10-06 13:16:56.523 UTC [784] WARNING:  no privileges were granted for "word_similarity"
2026-10-06T13:17:55.8454094Z  2026-10-06 13:16:56.523 UTC [784] WARNING:  no privileges were granted for "word_similarity_op"
2026-10-06T13:17:55.8454689Z  2026-10-06 13:16:56.523 UTC [784] WARNING:  no privileges were granted for "word_similarity_commutator_op"
2026-10-06T13:17:55.8455396Z  2026-10-06 13:16:56.523 UTC [784] WARNING:  no privileges were granted for "similarity_dist"
2026-10-06T13:17:55.8455959Z  2026-10-06 13:16:56.524 UTC [784] WARNING:  no privileges were granted for "word_similarity_dist_op"
2026-10-06T13:17:55.8456584Z  2026-10-06 13:16:56.524 UTC [784] WARNING:  no privileges were granted for "word_similarity_dist_commutator_op"
2026-10-06T13:17:55.8457289Z  2026-10-06 13:16:56.524 UTC [784] WARNING:  no privileges were granted for "gtrgm_in"
2026-10-06T13:17:55.8457775Z  2026-10-06 13:16:56.524 UTC [784] WARNING:  no privileges were granted for "gtrgm_out"
2026-10-06T13:17:55.8458299Z  2026-10-06 13:16:56.524 UTC [784] WARNING:  no privileges were granted for "gtrgm_consistent"
2026-10-06T13:17:55.8458838Z  2026-10-06 13:16:56.524 UTC [784] WARNING:  no privileges were granted for "gtrgm_distance"
2026-10-06T13:17:55.8459362Z  2026-10-06 13:16:56.524 UTC [784] WARNING:  no privileges were granted for "gtrgm_compress"
2026-10-06T13:17:55.8459891Z  2026-10-06 13:16:56.524 UTC [784] WARNING:  no privileges were granted for "gtrgm_decompress"
2026-10-06T13:17:55.8460415Z  2026-10-06 13:16:56.524 UTC [784] WARNING:  no privileges were granted for "gtrgm_penalty"
2026-10-06T13:17:55.8460934Z  2026-10-06 13:16:56.524 UTC [784] WARNING:  no privileges were granted for "gtrgm_picksplit"
2026-10-06T13:17:55.8461456Z  2026-10-06 13:16:56.524 UTC [784] WARNING:  no privileges were granted for "gtrgm_union"
2026-10-06T13:17:55.8461955Z  2026-10-06 13:16:56.524 UTC [784] WARNING:  no privileges were granted for "gtrgm_same"
2026-10-06T13:17:55.8462492Z  2026-10-06 13:16:56.525 UTC [784] WARNING:  no privileges were granted for "gin_extract_value_trgm"
2026-10-06T13:17:55.8463069Z  2026-10-06 13:16:56.525 UTC [784] WARNING:  no privileges were granted for "gin_extract_query_trgm"
2026-10-06T13:17:55.8463633Z  2026-10-06 13:16:56.525 UTC [784] WARNING:  no privileges were granted for "gin_trgm_consistent"
2026-10-06T13:17:55.8464196Z  2026-10-06 13:16:56.525 UTC [784] WARNING:  no privileges were granted for "gin_trgm_triconsistent"
2026-10-06T13:17:55.8464770Z  2026-10-06 13:16:56.525 UTC [784] WARNING:  no privileges were granted for "strict_word_similarity"
2026-10-06T13:17:55.8465483Z  2026-10-06 13:16:56.525 UTC [784] WARNING:  no privileges were granted for "strict_word_similarity_op"
2026-10-06T13:17:55.8466114Z  2026-10-06 13:16:56.525 UTC [784] WARNING:  no privileges were granted for "strict_word_similarity_commutator_op"
2026-10-06T13:17:55.8466779Z  2026-10-06 13:16:56.525 UTC [784] WARNING:  no privileges were granted for "strict_word_similarity_dist_op"
2026-10-06T13:17:55.8467453Z  2026-10-06 13:16:56.525 UTC [784] WARNING:  no privileges were granted for "strict_word_similarity_dist_commutator_op"
2026-10-06T13:17:55.8468071Z  2026-10-06 13:16:56.525 UTC [784] WARNING:  no privileges were granted for "gtrgm_options"
2026-10-06T13:17:55.8468700Z  2026-10-06 13:16:56.597 UTC [62] LOG:  checkpoint starting: immediate force wait
2026-10-06T13:17:55.8469802Z  2026-10-06 13:16:56.600 UTC [62] LOG:  checkpoint complete: wrote 20 buffers (0.1%); 0 WAL file(s) added, 0 removed, 0 recycled; write=0.001 s, sync=0.001 s, total=0.004 s; sync files=10, longest=0.001 s, average=0.001 s; distance=8960 kB, estimate=18391 kB; lsn=0/12951858, redo lsn=0/12951820
2026-10-06T13:17:55.8470886Z  2026-10-06 13:16:57.070 UTC [62] LOG:  checkpoint starting: immediate force wait
2026-10-06T13:17:55.8471976Z  2026-10-06 13:16:57.101 UTC [62] LOG:  checkpoint complete: wrote 1170 buffers (7.1%); 0 WAL file(s) added, 0 removed, 1 recycled; write=0.018 s, sync=0.011 s, total=0.031 s; sync files=731, longest=0.001 s, average=0.001 s; distance=7077 kB, estimate=17259 kB; lsn=0/13115030, redo lsn=0/1303AD28
2026-10-06T13:17:55.8473171Z  2026-10-06 13:16:57.275 UTC [790] ERROR:  relation "graphile_worker.migrations" does not exist at character 85
2026-10-06T13:17:55.8473853Z  2026-10-06 13:16:57.275 UTC [790] STATEMENT:  select current_setting('server_version_num') as server_version_num,
2026-10-06T13:17:55.8474444Z  	(select id from "graphile_worker".migrations order by id desc limit 1) as id,
2026-10-06T13:17:55.8475182Z  	(select id from "graphile_worker".migrations where breaking is true order by id desc limit 1) as biggest_breaking_id;
2026-10-06T13:17:55.8475688Z  	
2026-10-06T13:17:55.8475985Z  2026-10-06 13:16:57.368 UTC [790] WARNING:  no privileges were granted for "set_limit"
2026-10-06T13:17:55.8476603Z  2026-10-06 13:16:57.368 UTC [790] WARNING:  no privileges were granted for "show_limit"
2026-10-06T13:17:55.8477096Z  2026-10-06 13:16:57.368 UTC [790] WARNING:  no privileges were granted for "show_trgm"
2026-10-06T13:17:55.8477580Z  2026-10-06 13:16:57.368 UTC [790] WARNING:  no privileges were granted for "similarity"
2026-10-06T13:17:55.8478085Z  2026-10-06 13:16:57.368 UTC [790] WARNING:  no privileges were granted for "similarity_op"
2026-10-06T13:17:55.8478624Z  2026-10-06 13:16:57.368 UTC [790] WARNING:  no privileges were granted for "word_similarity"
2026-10-06T13:17:55.8479170Z  2026-10-06 13:16:57.368 UTC [790] WARNING:  no privileges were granted for "word_similarity_op"
2026-10-06T13:17:55.8479763Z  2026-10-06 13:16:57.369 UTC [790] WARNING:  no privileges were granted for "word_similarity_commutator_op"
2026-10-06T13:17:55.8480346Z  2026-10-06 13:16:57.369 UTC [790] WARNING:  no privileges were granted for "similarity_dist"
2026-10-06T13:17:55.8480906Z  2026-10-06 13:16:57.369 UTC [790] WARNING:  no privileges were granted for "word_similarity_dist_op"
2026-10-06T13:17:55.8481535Z  2026-10-06 13:16:57.369 UTC [790] WARNING:  no privileges were granted for "word_similarity_dist_commutator_op"
2026-10-06T13:17:55.8482112Z  2026-10-06 13:16:57.369 UTC [790] WARNING:  no privileges were granted for "gtrgm_in"
2026-10-06T13:17:55.8482597Z  2026-10-06 13:16:57.369 UTC [790] WARNING:  no privileges were granted for "gtrgm_out"
2026-10-06T13:17:55.8483113Z  2026-10-06 13:16:57.369 UTC [790] WARNING:  no privileges were granted for "gtrgm_consistent"
2026-10-06T13:17:55.8483649Z  2026-10-06 13:16:57.369 UTC [790] WARNING:  no privileges were granted for "gtrgm_distance"
2026-10-06T13:17:55.8484171Z  2026-10-06 13:16:57.369 UTC [790] WARNING:  no privileges were granted for "gtrgm_compress"
2026-10-06T13:17:55.8484695Z  2026-10-06 13:16:57.369 UTC [790] WARNING:  no privileges were granted for "gtrgm_decompress"
2026-10-06T13:17:55.8485336Z  2026-10-06 13:16:57.369 UTC [790] WARNING:  no privileges were granted for "gtrgm_penalty"
2026-10-06T13:17:55.8485862Z  2026-10-06 13:16:57.370 UTC [790] WARNING:  no privileges were granted for "gtrgm_picksplit"
2026-10-06T13:17:55.8486376Z  2026-10-06 13:16:57.370 UTC [790] WARNING:  no privileges were granted for "gtrgm_union"
2026-10-06T13:17:55.8486875Z  2026-10-06 13:16:57.370 UTC [790] WARNING:  no privileges were granted for "gtrgm_same"
2026-10-06T13:17:55.8487535Z  2026-10-06 13:16:57.370 UTC [790] WARNING:  no privileges were granted for "gin_extract_value_trgm"
2026-10-06T13:17:55.8488114Z  2026-10-06 13:16:57.370 UTC [790] WARNING:  no privileges were granted for "gin_extract_query_trgm"
2026-10-06T13:17:55.8488684Z  2026-10-06 13:16:57.370 UTC [790] WARNING:  no privileges were granted for "gin_trgm_consistent"
2026-10-06T13:17:55.8489247Z  2026-10-06 13:16:57.370 UTC [790] WARNING:  no privileges were granted for "gin_trgm_triconsistent"
2026-10-06T13:17:55.8489813Z  2026-10-06 13:16:57.370 UTC [790] WARNING:  no privileges were granted for "strict_word_similarity"
2026-10-06T13:17:55.8490395Z  2026-10-06 13:16:57.370 UTC [790] WARNING:  no privileges were granted for "strict_word_similarity_op"
2026-10-06T13:17:55.8491028Z  2026-10-06 13:16:57.370 UTC [790] WARNING:  no privileges were granted for "strict_word_similarity_commutator_op"
2026-10-06T13:17:55.8491693Z  2026-10-06 13:16:57.370 UTC [790] WARNING:  no privileges were granted for "strict_word_similarity_dist_op"
2026-10-06T13:17:55.8492371Z  2026-10-06 13:16:57.371 UTC [790] WARNING:  no privileges were granted for "strict_word_similarity_dist_commutator_op"
2026-10-06T13:17:55.8492983Z  2026-10-06 13:16:57.371 UTC [790] WARNING:  no privileges were granted for "gtrgm_options"
2026-10-06T13:17:55.8493483Z  2026-10-06 13:16:57.437 UTC [62] LOG:  checkpoint starting: immediate force wait
2026-10-06T13:17:55.8494568Z  2026-10-06 13:16:57.440 UTC [62] LOG:  checkpoint complete: wrote 18 buffers (0.1%); 0 WAL file(s) added, 0 removed, 0 recycled; write=0.001 s, sync=0.001 s, total=0.004 s; sync files=9, longest=0.001 s, average=0.001 s; distance=3545 kB, estimate=15888 kB; lsn=0/133B1408, redo lsn=0/133B13D0
2026-10-06T13:17:55.8495986Z  2026-10-06 13:16:58.214 UTC [796] ERROR:  relation "graphile_worker.migrations" does not exist at character 85
2026-10-06T13:17:55.8496669Z  2026-10-06 13:16:58.214 UTC [796] STATEMENT:  select current_setting('server_version_num') as server_version_num,
2026-10-06T13:17:55.8497266Z  	(select id from "graphile_worker".migrations order by id desc limit 1) as id,
2026-10-06T13:17:55.8497895Z  	(select id from "graphile_worker".migrations where breaking is true order by id desc limit 1) as biggest_breaking_id;
2026-10-06T13:17:55.8498399Z  	
2026-10-06T13:17:55.8498698Z  2026-10-06 13:16:58.311 UTC [796] WARNING:  no privileges were granted for "set_limit"
2026-10-06T13:17:55.8499195Z  2026-10-06 13:16:58.311 UTC [796] WARNING:  no privileges were granted for "show_limit"
2026-10-06T13:17:55.8499689Z  2026-10-06 13:16:58.313 UTC [796] WARNING:  no privileges were granted for "show_trgm"
2026-10-06T13:17:55.8500185Z  2026-10-06 13:16:58.313 UTC [796] WARNING:  no privileges were granted for "similarity"
2026-10-06T13:17:55.8500707Z  2026-10-06 13:16:58.313 UTC [796] WARNING:  no privileges were granted for "similarity_op"
2026-10-06T13:17:55.8501245Z  2026-10-06 13:16:58.313 UTC [796] WARNING:  no privileges were granted for "word_similarity"
2026-10-06T13:17:55.8501792Z  2026-10-06 13:16:58.313 UTC [796] WARNING:  no privileges were granted for "word_similarity_op"
2026-10-06T13:17:55.8502392Z  2026-10-06 13:16:58.313 UTC [796] WARNING:  no privileges were granted for "word_similarity_commutator_op"
2026-10-06T13:17:55.8502982Z  2026-10-06 13:16:58.314 UTC [796] WARNING:  no privileges were granted for "similarity_dist"
2026-10-06T13:17:55.8503540Z  2026-10-06 13:16:58.314 UTC [796] WARNING:  no privileges were granted for "word_similarity_dist_op"
2026-10-06T13:17:55.8504165Z  2026-10-06 13:16:58.314 UTC [796] WARNING:  no privileges were granted for "word_similarity_dist_commutator_op"
2026-10-06T13:17:55.8504748Z  2026-10-06 13:16:58.314 UTC [796] WARNING:  no privileges were granted for "gtrgm_in"
2026-10-06T13:17:55.8505346Z  2026-10-06 13:16:58.314 UTC [796] WARNING:  no privileges were granted for "gtrgm_out"
2026-10-06T13:17:55.8505866Z  2026-10-06 13:16:58.314 UTC [796] WARNING:  no privileges were granted for "gtrgm_consistent"
2026-10-06T13:17:55.8506396Z  2026-10-06 13:16:58.314 UTC [796] WARNING:  no privileges were granted for "gtrgm_distance"
2026-10-06T13:17:55.8507035Z  2026-10-06 13:16:58.314 UTC [796] WARNING:  no privileges were granted for "gtrgm_compress"
2026-10-06T13:17:55.8507566Z  2026-10-06 13:16:58.314 UTC [796] WARNING:  no privileges were granted for "gtrgm_decompress"
2026-10-06T13:17:55.8508091Z  2026-10-06 13:16:58.314 UTC [796] WARNING:  no privileges were granted for "gtrgm_penalty"
2026-10-06T13:17:55.8508616Z  2026-10-06 13:16:58.314 UTC [796] WARNING:  no privileges were granted for "gtrgm_picksplit"
2026-10-06T13:17:55.8509135Z  2026-10-06 13:16:58.314 UTC [796] WARNING:  no privileges were granted for "gtrgm_union"
2026-10-06T13:17:55.8509628Z  2026-10-06 13:16:58.314 UTC [796] WARNING:  no privileges were granted for "gtrgm_same"
2026-10-06T13:17:55.8510160Z  2026-10-06 13:16:58.314 UTC [796] WARNING:  no privileges were granted for "gin_extract_value_trgm"
2026-10-06T13:17:55.8510740Z  2026-10-06 13:16:58.314 UTC [796] WARNING:  no privileges were granted for "gin_extract_query_trgm"
2026-10-06T13:17:55.8511298Z  2026-10-06 13:16:58.314 UTC [796] WARNING:  no privileges were granted for "gin_trgm_consistent"
2026-10-06T13:17:55.8511863Z  2026-10-06 13:16:58.315 UTC [796] WARNING:  no privileges were granted for "gin_trgm_triconsistent"
2026-10-06T13:17:55.8512430Z  2026-10-06 13:16:58.315 UTC [796] WARNING:  no privileges were granted for "strict_word_similarity"
2026-10-06T13:17:55.8513004Z  2026-10-06 13:16:58.315 UTC [796] WARNING:  no privileges were granted for "strict_word_similarity_op"
2026-10-06T13:17:55.8513755Z  2026-10-06 13:16:58.315 UTC [796] WARNING:  no privileges were granted for "strict_word_similarity_commutator_op"
2026-10-06T13:17:55.8514421Z  2026-10-06 13:16:58.315 UTC [796] WARNING:  no privileges were granted for "strict_word_similarity_dist_op"
2026-10-06T13:17:55.8515190Z  2026-10-06 13:16:58.315 UTC [796] WARNING:  no privileges were granted for "strict_word_similarity_dist_commutator_op"
2026-10-06T13:17:55.8515809Z  2026-10-06 13:16:58.315 UTC [796] WARNING:  no privileges were granted for "gtrgm_options"
2026-10-06T13:17:55.8516312Z  2026-10-06 13:16:58.373 UTC [62] LOG:  checkpoint starting: immediate force wait
2026-10-06T13:17:55.8517418Z  2026-10-06 13:16:58.395 UTC [62] LOG:  checkpoint complete: wrote 1075 buffers (6.6%); 0 WAL file(s) added, 0 removed, 1 recycled; write=0.015 s, sync=0.006 s, total=0.022 s; sync files=537, longest=0.001 s, average=0.001 s; distance=14600 kB, estimate=15759 kB; lsn=0/1426AEE0, redo lsn=0/141F35A8
2026-10-06T13:17:55.8518906Z  2026-10-06 13:16:58.745 UTC [799] ERROR:  relation "graphile_worker.migrations" does not exist at character 85
2026-10-06T13:17:55.8519591Z  2026-10-06 13:16:58.745 UTC [799] STATEMENT:  select current_setting('server_version_num') as server_version_num,
2026-10-06T13:17:55.8520180Z  	(select id from "graphile_worker".migrations order by id desc limit 1) as id,
2026-10-06T13:17:55.8520802Z  	(select id from "graphile_worker".migrations where breaking is true order by id desc limit 1) as biggest_breaking_id;
2026-10-06T13:17:55.8521302Z  	
2026-10-06T13:17:55.8521595Z  2026-10-06 13:16:58.837 UTC [799] WARNING:  no privileges were granted for "set_limit"
2026-10-06T13:17:55.8522086Z  2026-10-06 13:16:58.837 UTC [799] WARNING:  no privileges were granted for "show_limit"
2026-10-06T13:17:55.8522573Z  2026-10-06 13:16:58.837 UTC [799] WARNING:  no privileges were granted for "show_trgm"
2026-10-06T13:17:55.8523059Z  2026-10-06 13:16:58.838 UTC [799] WARNING:  no privileges were granted for "similarity"
2026-10-06T13:17:55.8523564Z  2026-10-06 13:16:58.838 UTC [799] WARNING:  no privileges were granted for "similarity_op"
2026-10-06T13:17:55.8524095Z  2026-10-06 13:16:58.838 UTC [799] WARNING:  no privileges were granted for "word_similarity"
2026-10-06T13:17:55.8524675Z  2026-10-06 13:16:58.838 UTC [799] WARNING:  no privileges were granted for "word_similarity_op"
2026-10-06T13:17:55.8525387Z  2026-10-06 13:16:58.838 UTC [799] WARNING:  no privileges were granted for "word_similarity_commutator_op"
2026-10-06T13:17:55.8526101Z  2026-10-06 13:16:58.838 UTC [799] WARNING:  no privileges were granted for "similarity_dist"
2026-10-06T13:17:55.8526662Z  2026-10-06 13:16:58.838 UTC [799] WARNING:  no privileges were granted for "word_similarity_dist_op"
2026-10-06T13:17:55.8527281Z  2026-10-06 13:16:58.838 UTC [799] WARNING:  no privileges were granted for "word_similarity_dist_commutator_op"
2026-10-06T13:17:55.8527850Z  2026-10-06 13:16:58.838 UTC [799] WARNING:  no privileges were granted for "gtrgm_in"
2026-10-06T13:17:55.8528340Z  2026-10-06 13:16:58.838 UTC [799] WARNING:  no privileges were granted for "gtrgm_out"
2026-10-06T13:17:55.8528864Z  2026-10-06 13:16:58.838 UTC [799] WARNING:  no privileges were granted for "gtrgm_consistent"
2026-10-06T13:17:55.8529391Z  2026-10-06 13:16:58.838 UTC [799] WARNING:  no privileges were granted for "gtrgm_distance"
2026-10-06T13:17:55.8529910Z  2026-10-06 13:16:58.839 UTC [799] WARNING:  no privileges were granted for "gtrgm_compress"
2026-10-06T13:17:55.8530445Z  2026-10-06 13:16:58.839 UTC [799] WARNING:  no privileges were granted for "gtrgm_decompress"
2026-10-06T13:17:55.8530971Z  2026-10-06 13:16:58.839 UTC [799] WARNING:  no privileges were granted for "gtrgm_penalty"
2026-10-06T13:17:55.8531487Z  2026-10-06 13:16:58.839 UTC [799] WARNING:  no privileges were granted for "gtrgm_picksplit"
2026-10-06T13:17:55.8532000Z  2026-10-06 13:16:58.839 UTC [799] WARNING:  no privileges were granted for "gtrgm_union"
2026-10-06T13:17:55.8532495Z  2026-10-06 13:16:58.839 UTC [799] WARNING:  no privileges were granted for "gtrgm_same"
2026-10-06T13:17:55.8533146Z  2026-10-06 13:16:58.839 UTC [799] WARNING:  no privileges were granted for "gin_extract_value_trgm"
2026-10-06T13:17:55.8533721Z  2026-10-06 13:16:58.839 UTC [799] WARNING:  no privileges were granted for "gin_extract_query_trgm"
2026-10-06T13:17:55.8534284Z  2026-10-06 13:16:58.839 UTC [799] WARNING:  no privileges were granted for "gin_trgm_consistent"
2026-10-06T13:17:55.8534839Z  2026-10-06 13:16:58.839 UTC [799] WARNING:  no privileges were granted for "gin_trgm_triconsistent"
2026-10-06T13:17:55.8535526Z  2026-10-06 13:16:58.840 UTC [799] WARNING:  no privileges were granted for "strict_word_similarity"
2026-10-06T13:17:55.8536110Z  2026-10-06 13:16:58.840 UTC [799] WARNING:  no privileges were granted for "strict_word_similarity_op"
2026-10-06T13:17:55.8536739Z  2026-10-06 13:16:58.840 UTC [799] WARNING:  no privileges were granted for "strict_word_similarity_commutator_op"
2026-10-06T13:17:55.8537393Z  2026-10-06 13:16:58.840 UTC [799] WARNING:  no privileges were granted for "strict_word_similarity_dist_op"
2026-10-06T13:17:55.8538063Z  2026-10-06 13:16:58.840 UTC [799] WARNING:  no privileges were granted for "strict_word_similarity_dist_commutator_op"
2026-10-06T13:17:55.8538673Z  2026-10-06 13:16:58.840 UTC [799] WARNING:  no privileges were granted for "gtrgm_options"
2026-10-06T13:17:55.8539263Z  2026-10-06 13:16:59.126 UTC [804] ERROR:  relation "graphile_worker.migrations" does not exist at character 85
2026-10-06T13:17:55.8539931Z  2026-10-06 13:16:59.126 UTC [804] STATEMENT:  select current_setting('server_version_num') as server_version_num,
2026-10-06T13:17:55.8540516Z  	(select id from "graphile_worker".migrations order by id desc limit 1) as id,
2026-10-06T13:17:55.8541133Z  	(select id from "graphile_worker".migrations where breaking is true order by id desc limit 1) as biggest_breaking_id;
2026-10-06T13:17:55.8541634Z  	
2026-10-06T13:17:55.8541923Z  2026-10-06 13:16:59.228 UTC [804] WARNING:  no privileges were granted for "set_limit"
2026-10-06T13:17:55.8542415Z  2026-10-06 13:16:59.228 UTC [804] WARNING:  no privileges were granted for "show_limit"
2026-10-06T13:17:55.8542905Z  2026-10-06 13:16:59.228 UTC [804] WARNING:  no privileges were granted for "show_trgm"
2026-10-06T13:17:55.8543384Z  2026-10-06 13:16:59.228 UTC [804] WARNING:  no privileges were granted for "similarity"
2026-10-06T13:17:55.8543882Z  2026-10-06 13:16:59.228 UTC [804] WARNING:  no privileges were granted for "similarity_op"
2026-10-06T13:17:55.8544565Z  2026-10-06 13:16:59.228 UTC [804] WARNING:  no privileges were granted for "word_similarity"
2026-10-06T13:17:55.8545225Z  2026-10-06 13:16:59.228 UTC [804] WARNING:  no privileges were granted for "word_similarity_op"
2026-10-06T13:17:55.8545822Z  2026-10-06 13:16:59.228 UTC [804] WARNING:  no privileges were granted for "word_similarity_commutator_op"
2026-10-06T13:17:55.8546398Z  2026-10-06 13:16:59.228 UTC [804] WARNING:  no privileges were granted for "similarity_dist"
2026-10-06T13:17:55.8546951Z  2026-10-06 13:16:59.229 UTC [804] WARNING:  no privileges were granted for "word_similarity_dist_op"
2026-10-06T13:17:55.8547577Z  2026-10-06 13:16:59.229 UTC [804] WARNING:  no privileges were granted for "word_similarity_dist_commutator_op"
2026-10-06T13:17:55.8548144Z  2026-10-06 13:16:59.229 UTC [804] WARNING:  no privileges were granted for "gtrgm_in"
2026-10-06T13:17:55.8548621Z  2026-10-06 13:16:59.229 UTC [804] WARNING:  no privileges were granted for "gtrgm_out"
2026-10-06T13:17:55.8549128Z  2026-10-06 13:16:59.229 UTC [804] WARNING:  no privileges were granted for "gtrgm_consistent"
2026-10-06T13:17:55.8549658Z  2026-10-06 13:16:59.229 UTC [804] WARNING:  no privileges were granted for "gtrgm_distance"
2026-10-06T13:17:55.8550170Z  2026-10-06 13:16:59.229 UTC [804] WARNING:  no privileges were granted for "gtrgm_compress"
2026-10-06T13:17:55.8550686Z  2026-10-06 13:16:59.229 UTC [804] WARNING:  no privileges were granted for "gtrgm_decompress"
2026-10-06T13:17:55.8551202Z  2026-10-06 13:16:59.229 UTC [804] WARNING:  no privileges were granted for "gtrgm_penalty"
2026-10-06T13:17:55.8551843Z  2026-10-06 13:16:59.229 UTC [804] WARNING:  no privileges were granted for "gtrgm_picksplit"
2026-10-06T13:17:55.8552353Z  2026-10-06 13:16:59.229 UTC [804] WARNING:  no privileges were granted for "gtrgm_union"
2026-10-06T13:17:55.8552850Z  2026-10-06 13:16:59.229 UTC [804] WARNING:  no privileges were granted for "gtrgm_same"
2026-10-06T13:17:55.8553381Z  2026-10-06 13:16:59.229 UTC [804] WARNING:  no privileges were granted for "gin_extract_value_trgm"
2026-10-06T13:17:55.8553949Z  2026-10-06 13:16:59.229 UTC [804] WARNING:  no privileges were granted for "gin_extract_query_trgm"
2026-10-06T13:17:55.8554505Z  2026-10-06 13:16:59.229 UTC [804] WARNING:  no privileges were granted for "gin_trgm_consistent"
2026-10-06T13:17:55.8555177Z  2026-10-06 13:16:59.229 UTC [804] WARNING:  no privileges were granted for "gin_trgm_triconsistent"
2026-10-06T13:17:55.8555746Z  2026-10-06 13:16:59.230 UTC [804] WARNING:  no privileges were granted for "strict_word_similarity"
2026-10-06T13:17:55.8556327Z  2026-10-06 13:16:59.230 UTC [804] WARNING:  no privileges were granted for "strict_word_similarity_op"
2026-10-06T13:17:55.8556957Z  2026-10-06 13:16:59.230 UTC [804] WARNING:  no privileges were granted for "strict_word_similarity_commutator_op"
2026-10-06T13:17:55.8557611Z  2026-10-06 13:16:59.230 UTC [804] WARNING:  no privileges were granted for "strict_word_similarity_dist_op"
2026-10-06T13:17:55.8558276Z  2026-10-06 13:16:59.230 UTC [804] WARNING:  no privileges were granted for "strict_word_similarity_dist_commutator_op"
2026-10-06T13:17:55.8558885Z  2026-10-06 13:16:59.230 UTC [804] WARNING:  no privileges were granted for "gtrgm_options"
2026-10-06T13:17:55.8559379Z  2026-10-06 13:16:59.280 UTC [62] LOG:  checkpoint starting: immediate force wait
2026-10-06T13:17:55.8560479Z  2026-10-06 13:16:59.302 UTC [62] LOG:  checkpoint complete: wrote 603 buffers (3.7%); 0 WAL file(s) added, 0 removed, 0 recycled; write=0.013 s, sync=0.006 s, total=0.023 s; sync files=560, longest=0.001 s, average=0.001 s; distance=13517 kB, estimate=15535 kB; lsn=0/14F2EC58, redo lsn=0/14F26A90
2026-10-06T13:17:55.8561571Z  2026-10-06 13:17:00.104 UTC [62] LOG:  checkpoint starting: immediate force wait
2026-10-06T13:17:55.8562770Z  2026-10-06 13:17:00.131 UTC [62] LOG:  checkpoint complete: wrote 962 buffers (5.9%); 0 WAL file(s) added, 0 removed, 1 recycled; write=0.018 s, sync=0.008 s, total=0.027 s; sync files=343, longest=0.003 s, average=0.001 s; distance=4771 kB, estimate=14459 kB; lsn=0/15433CF0, redo lsn=0/153CFA60
2026-10-06T13:17:55.8563962Z  2026-10-06 13:17:00.673 UTC [811] ERROR:  relation "graphile_worker.migrations" does not exist at character 85
2026-10-06T13:17:55.8564634Z  2026-10-06 13:17:00.673 UTC [811] STATEMENT:  select current_setting('server_version_num') as server_version_num,
2026-10-06T13:17:55.8565332Z  	(select id from "graphile_worker".migrations order by id desc limit 1) as id,
2026-10-06T13:17:55.8565949Z  	(select id from "graphile_worker".migrations where breaking is true order by id desc limit 1) as biggest_breaking_id;
2026-10-06T13:17:55.8566451Z  	
2026-10-06T13:17:55.8566736Z  2026-10-06 13:17:00.775 UTC [811] WARNING:  no privileges were granted for "set_limit"
2026-10-06T13:17:55.8567222Z  2026-10-06 13:17:00.775 UTC [811] WARNING:  no privileges were granted for "show_limit"
2026-10-06T13:17:55.8567707Z  2026-10-06 13:17:00.775 UTC [811] WARNING:  no privileges were granted for "show_trgm"
2026-10-06T13:17:55.8568186Z  2026-10-06 13:17:00.775 UTC [811] WARNING:  no privileges were granted for "similarity"
2026-10-06T13:17:55.8568689Z  2026-10-06 13:17:00.775 UTC [811] WARNING:  no privileges were granted for "similarity_op"
2026-10-06T13:17:55.8569215Z  2026-10-06 13:17:00.775 UTC [811] WARNING:  no privileges were granted for "word_similarity"
2026-10-06T13:17:55.8569754Z  2026-10-06 13:17:00.775 UTC [811] WARNING:  no privileges were granted for "word_similarity_op"
2026-10-06T13:17:55.8570340Z  2026-10-06 13:17:00.775 UTC [811] WARNING:  no privileges were granted for "word_similarity_commutator_op"
2026-10-06T13:17:55.8571036Z  2026-10-06 13:17:00.775 UTC [811] WARNING:  no privileges were granted for "similarity_dist"
2026-10-06T13:17:55.8571589Z  2026-10-06 13:17:00.776 UTC [811] WARNING:  no privileges were granted for "word_similarity_dist_op"
2026-10-06T13:17:55.8572205Z  2026-10-06 13:17:00.776 UTC [811] WARNING:  no privileges were granted for "word_similarity_dist_commutator_op"
2026-10-06T13:17:55.8572777Z  2026-10-06 13:17:00.776 UTC [811] WARNING:  no privileges were granted for "gtrgm_in"
2026-10-06T13:17:55.8573255Z  2026-10-06 13:17:00.776 UTC [811] WARNING:  no privileges were granted for "gtrgm_out"
2026-10-06T13:17:55.8573762Z  2026-10-06 13:17:00.776 UTC [811] WARNING:  no privileges were granted for "gtrgm_consistent"
2026-10-06T13:17:55.8574287Z  2026-10-06 13:17:00.776 UTC [811] WARNING:  no privileges were granted for "gtrgm_distance"
2026-10-06T13:17:55.8574804Z  2026-10-06 13:17:00.776 UTC [811] WARNING:  no privileges were granted for "gtrgm_compress"
2026-10-06T13:17:55.8575445Z  2026-10-06 13:17:00.776 UTC [811] WARNING:  no privileges were granted for "gtrgm_decompress"
2026-10-06T13:17:55.8575962Z  2026-10-06 13:17:00.776 UTC [811] WARNING:  no privileges were granted for "gtrgm_penalty"
2026-10-06T13:17:55.8576478Z  2026-10-06 13:17:00.777 UTC [811] WARNING:  no privileges were granted for "gtrgm_picksplit"
2026-10-06T13:17:55.8576984Z  2026-10-06 13:17:00.777 UTC [811] WARNING:  no privileges were granted for "gtrgm_union"
2026-10-06T13:17:55.8577483Z  2026-10-06 13:17:00.777 UTC [811] WARNING:  no privileges were granted for "gtrgm_same"
2026-10-06T13:17:55.8578011Z  2026-10-06 13:17:00.777 UTC [811] WARNING:  no privileges were granted for "gin_extract_value_trgm"
2026-10-06T13:17:55.8578574Z  2026-10-06 13:17:00.777 UTC [811] WARNING:  no privileges were granted for "gin_extract_query_trgm"
2026-10-06T13:17:55.8579130Z  2026-10-06 13:17:00.777 UTC [811] WARNING:  no privileges were granted for "gin_trgm_consistent"
2026-10-06T13:17:55.8579690Z  2026-10-06 13:17:00.777 UTC [811] WARNING:  no privileges were granted for "gin_trgm_triconsistent"
2026-10-06T13:17:55.8580250Z  2026-10-06 13:17:00.778 UTC [811] WARNING:  no privileges were granted for "strict_word_similarity"
2026-10-06T13:17:55.8580825Z  2026-10-06 13:17:00.778 UTC [811] WARNING:  no privileges were granted for "strict_word_similarity_op"
2026-10-06T13:17:55.8581564Z  2026-10-06 13:17:00.778 UTC [811] WARNING:  no privileges were granted for "strict_word_similarity_commutator_op"
2026-10-06T13:17:55.8582220Z  2026-10-06 13:17:00.778 UTC [811] WARNING:  no privileges were granted for "strict_word_similarity_dist_op"
2026-10-06T13:17:55.8582882Z  2026-10-06 13:17:00.778 UTC [811] WARNING:  no privileges were granted for "strict_word_similarity_dist_commutator_op"
2026-10-06T13:17:55.8583482Z  2026-10-06 13:17:00.778 UTC [811] WARNING:  no privileges were granted for "gtrgm_options"
2026-10-06T13:17:55.8583969Z  2026-10-06 13:17:00.954 UTC [62] LOG:  checkpoint starting: immediate force wait
2026-10-06T13:17:55.8585329Z  2026-10-06 13:17:00.956 UTC [62] LOG:  checkpoint complete: wrote 21 buffers (0.1%); 0 WAL file(s) added, 0 removed, 0 recycled; write=0.001 s, sync=0.001 s, total=0.003 s; sync files=7, longest=0.001 s, average=0.001 s; distance=5298 kB, estimate=13542 kB; lsn=0/158FC638, redo lsn=0/158FC600
2026-10-06T13:17:55.8586531Z  2026-10-06 13:17:02.196 UTC [829] ERROR:  relation "graphile_worker.migrations" does not exist at character 85
2026-10-06T13:17:55.8587205Z  2026-10-06 13:17:02.196 UTC [829] STATEMENT:  select current_setting('server_version_num') as server_version_num,
2026-10-06T13:17:55.8587790Z  	(select id from "graphile_worker".migrations order by id desc limit 1) as id,
2026-10-06T13:17:55.8588404Z  	(select id from "graphile_worker".migrations where breaking is true order by id desc limit 1) as biggest_breaking_id;
2026-10-06T13:17:55.8588905Z  	
2026-10-06T13:17:55.8589269Z  2026-10-06 13:17:02.215 UTC [830] ERROR:  relation "graphile_worker.migrations" does not exist at character 85
2026-10-06T13:17:55.8590072Z  2026-10-06 13:17:02.215 UTC [830] STATEMENT:  select current_setting('server_version_num') as server_version_num,
2026-10-06T13:17:55.8590652Z  	(select id from "graphile_worker".migrations order by id desc limit 1) as id,
2026-10-06T13:17:55.8591265Z  	(select id from "graphile_worker".migrations where breaking is true order by id desc limit 1) as biggest_breaking_id;
2026-10-06T13:17:55.8591763Z  	
2026-10-06T13:17:55.8592053Z  2026-10-06 13:17:02.290 UTC [829] WARNING:  no privileges were granted for "set_limit"
2026-10-06T13:17:55.8592542Z  2026-10-06 13:17:02.290 UTC [829] WARNING:  no privileges were granted for "show_limit"
2026-10-06T13:17:55.8593026Z  2026-10-06 13:17:02.290 UTC [829] WARNING:  no privileges were granted for "show_trgm"
2026-10-06T13:17:55.8593511Z  2026-10-06 13:17:02.290 UTC [829] WARNING:  no privileges were granted for "similarity"
2026-10-06T13:17:55.8594009Z  2026-10-06 13:17:02.290 UTC [829] WARNING:  no privileges were granted for "similarity_op"
2026-10-06T13:17:55.8594534Z  2026-10-06 13:17:02.291 UTC [829] WARNING:  no privileges were granted for "word_similarity"
2026-10-06T13:17:55.8595193Z  2026-10-06 13:17:02.291 UTC [829] WARNING:  no privileges were granted for "word_similarity_op"
2026-10-06T13:17:55.8595785Z  2026-10-06 13:17:02.291 UTC [829] WARNING:  no privileges were granted for "word_similarity_commutator_op"
2026-10-06T13:17:55.8596363Z  2026-10-06 13:17:02.291 UTC [829] WARNING:  no privileges were granted for "similarity_dist"
2026-10-06T13:17:55.8596917Z  2026-10-06 13:17:02.291 UTC [829] WARNING:  no privileges were granted for "word_similarity_dist_op"
2026-10-06T13:17:55.8597535Z  2026-10-06 13:17:02.291 UTC [829] WARNING:  no privileges were granted for "word_similarity_dist_commutator_op"
2026-10-06T13:17:55.8598104Z  2026-10-06 13:17:02.291 UTC [829] WARNING:  no privileges were granted for "gtrgm_in"
2026-10-06T13:17:55.8598588Z  2026-10-06 13:17:02.291 UTC [829] WARNING:  no privileges were granted for "gtrgm_out"
2026-10-06T13:17:55.8599098Z  2026-10-06 13:17:02.291 UTC [829] WARNING:  no privileges were granted for "gtrgm_consistent"
2026-10-06T13:17:55.8599621Z  2026-10-06 13:17:02.291 UTC [829] WARNING:  no privileges were granted for "gtrgm_distance"
2026-10-06T13:17:55.8600146Z  2026-10-06 13:17:02.291 UTC [829] WARNING:  no privileges were granted for "gtrgm_compress"
2026-10-06T13:17:55.8600788Z  2026-10-06 13:17:02.291 UTC [829] WARNING:  no privileges were granted for "gtrgm_decompress"
2026-10-06T13:17:55.8601315Z  2026-10-06 13:17:02.291 UTC [829] WARNING:  no privileges were granted for "gtrgm_penalty"
2026-10-06T13:17:55.8601831Z  2026-10-06 13:17:02.291 UTC [829] WARNING:  no privileges were granted for "gtrgm_picksplit"
2026-10-06T13:17:55.8602341Z  2026-10-06 13:17:02.291 UTC [829] WARNING:  no privileges were granted for "gtrgm_union"
2026-10-06T13:17:55.8602828Z  2026-10-06 13:17:02.292 UTC [829] WARNING:  no privileges were granted for "gtrgm_same"
2026-10-06T13:17:55.8603362Z  2026-10-06 13:17:02.292 UTC [829] WARNING:  no privileges were granted for "gin_extract_value_trgm"
2026-10-06T13:17:55.8603925Z  2026-10-06 13:17:02.292 UTC [829] WARNING:  no privileges were granted for "gin_extract_query_trgm"
2026-10-06T13:17:55.8604486Z  2026-10-06 13:17:02.292 UTC [829] WARNING:  no privileges were granted for "gin_trgm_consistent"
2026-10-06T13:17:55.8605148Z  2026-10-06 13:17:02.292 UTC [829] WARNING:  no privileges were granted for "gin_trgm_triconsistent"
2026-10-06T13:17:55.8605717Z  2026-10-06 13:17:02.292 UTC [829] WARNING:  no privileges were granted for "strict_word_similarity"
2026-10-06T13:17:55.8606294Z  2026-10-06 13:17:02.292 UTC [829] WARNING:  no privileges were granted for "strict_word_similarity_op"
2026-10-06T13:17:55.8606914Z  2026-10-06 13:17:02.292 UTC [829] WARNING:  no privileges were granted for "strict_word_similarity_commutator_op"
2026-10-06T13:17:55.8607555Z  2026-10-06 13:17:02.292 UTC [829] WARNING:  no privileges were granted for "strict_word_similarity_dist_op"
2026-10-06T13:17:55.8608347Z  2026-10-06 13:17:02.293 UTC [829] WARNING:  no privileges were granted for "strict_word_similarity_dist_commutator_op"
2026-10-06T13:17:55.8608951Z  2026-10-06 13:17:02.293 UTC [829] WARNING:  no privileges were granted for "gtrgm_options"
2026-10-06T13:17:55.8609450Z  2026-10-06 13:17:02.310 UTC [830] WARNING:  no privileges were granted for "set_limit"
2026-10-06T13:17:55.8609941Z  2026-10-06 13:17:02.311 UTC [830] WARNING:  no privileges were granted for "show_limit"
2026-10-06T13:17:55.8610423Z  2026-10-06 13:17:02.311 UTC [830] WARNING:  no privileges were granted for "show_trgm"
2026-10-06T13:17:55.8610898Z  2026-10-06 13:17:02.311 UTC [830] WARNING:  no privileges were granted for "similarity"
2026-10-06T13:17:55.8611397Z  2026-10-06 13:17:02.311 UTC [830] WARNING:  no privileges were granted for "similarity_op"
2026-10-06T13:17:55.8611915Z  2026-10-06 13:17:02.311 UTC [830] WARNING:  no privileges were granted for "word_similarity"
2026-10-06T13:17:55.8612453Z  2026-10-06 13:17:02.311 UTC [830] WARNING:  no privileges were granted for "word_similarity_op"
2026-10-06T13:17:55.8613036Z  2026-10-06 13:17:02.311 UTC [830] WARNING:  no privileges were granted for "word_similarity_commutator_op"
2026-10-06T13:17:55.8613608Z  2026-10-06 13:17:02.311 UTC [830] WARNING:  no privileges were granted for "similarity_dist"
2026-10-06T13:17:55.8614157Z  2026-10-06 13:17:02.311 UTC [830] WARNING:  no privileges were granted for "word_similarity_dist_op"
2026-10-06T13:17:55.8614779Z  2026-10-06 13:17:02.311 UTC [830] WARNING:  no privileges were granted for "word_similarity_dist_commutator_op"
2026-10-06T13:17:55.8615456Z  2026-10-06 13:17:02.311 UTC [830] WARNING:  no privileges were granted for "gtrgm_in"
2026-10-06T13:17:55.8615932Z  2026-10-06 13:17:02.312 UTC [830] WARNING:  no privileges were granted for "gtrgm_out"
2026-10-06T13:17:55.8616438Z  2026-10-06 13:17:02.312 UTC [830] WARNING:  no privileges were granted for "gtrgm_consistent"
2026-10-06T13:17:55.8616965Z  2026-10-06 13:17:02.312 UTC [830] WARNING:  no privileges were granted for "gtrgm_distance"
2026-10-06T13:17:55.8617475Z  2026-10-06 13:17:02.312 UTC [830] WARNING:  no privileges were granted for "gtrgm_compress"
2026-10-06T13:17:55.8617995Z  2026-10-06 13:17:02.312 UTC [830] WARNING:  no privileges were granted for "gtrgm_decompress"
2026-10-06T13:17:55.8618512Z  2026-10-06 13:17:02.312 UTC [830] WARNING:  no privileges were granted for "gtrgm_penalty"
2026-10-06T13:17:55.8619138Z  2026-10-06 13:17:02.312 UTC [830] WARNING:  no privileges were granted for "gtrgm_picksplit"
2026-10-06T13:17:55.8619658Z  2026-10-06 13:17:02.312 UTC [830] WARNING:  no privileges were granted for "gtrgm_union"
2026-10-06T13:17:55.8620147Z  2026-10-06 13:17:02.312 UTC [830] WARNING:  no privileges were granted for "gtrgm_same"
2026-10-06T13:17:55.8620674Z  2026-10-06 13:17:02.312 UTC [830] WARNING:  no privileges were granted for "gin_extract_value_trgm"
2026-10-06T13:17:55.8621241Z  2026-10-06 13:17:02.312 UTC [830] WARNING:  no privileges were granted for "gin_extract_query_trgm"
2026-10-06T13:17:55.8621800Z  2026-10-06 13:17:02.312 UTC [830] WARNING:  no privileges were granted for "gin_trgm_consistent"
2026-10-06T13:17:55.8622357Z  2026-10-06 13:17:02.313 UTC [830] WARNING:  no privileges were granted for "gin_trgm_triconsistent"
2026-10-06T13:17:55.8622919Z  2026-10-06 13:17:02.313 UTC [830] WARNING:  no privileges were granted for "strict_word_similarity"
2026-10-06T13:17:55.8623499Z  2026-10-06 13:17:02.313 UTC [830] WARNING:  no privileges were granted for "strict_word_similarity_op"
2026-10-06T13:17:55.8624130Z  2026-10-06 13:17:02.313 UTC [830] WARNING:  no privileges were granted for "strict_word_similarity_commutator_op"
2026-10-06T13:17:55.8624811Z  2026-10-06 13:17:02.313 UTC [830] WARNING:  no privileges were granted for "strict_word_similarity_dist_op"
2026-10-06T13:17:55.8625583Z  2026-10-06 13:17:02.313 UTC [830] WARNING:  no privileges were granted for "strict_word_similarity_dist_commutator_op"
2026-10-06T13:17:55.8626316Z  2026-10-06 13:17:02.313 UTC [830] WARNING:  no privileges were granted for "gtrgm_options"
2026-10-06T13:17:55.8626806Z  2026-10-06 13:17:02.845 UTC [62] LOG:  checkpoint starting: immediate force wait
2026-10-06T13:17:55.8627910Z  2026-10-06 13:17:02.895 UTC [62] LOG:  checkpoint complete: wrote 1416 buffers (8.6%); 0 WAL file(s) added, 0 removed, 1 recycled; write=0.032 s, sync=0.012 s, total=0.050 s; sync files=981, longest=0.004 s, average=0.001 s; distance=17965 kB, estimate=17965 kB; lsn=0/16A89B40, redo lsn=0/16A87BE0
2026-10-06T13:17:55.8629055Z  2026-10-06 13:17:03.245 UTC [837] FATAL:  terminating connection due to administrator command
2026-10-06T13:17:55.8629554Z  2026-10-06 13:17:03.430 UTC [62] LOG:  checkpoint starting: immediate force wait
2026-10-06T13:17:55.8630623Z  2026-10-06 13:17:03.436 UTC [62] LOG:  checkpoint complete: wrote 124 buffers (0.8%); 0 WAL file(s) added, 0 removed, 0 recycled; write=0.003 s, sync=0.002 s, total=0.007 s; sync files=74, longest=0.001 s, average=0.001 s; distance=216 kB, estimate=16190 kB; lsn=0/16ABDC18, redo lsn=0/16ABDBE0
2026-10-06T13:17:55.8631741Z  2026-10-06 13:17:03.609 UTC [847] FATAL:  terminating connection due to administrator command
2026-10-06T13:17:55.8632232Z  2026-10-06 13:17:04.186 UTC [62] LOG:  checkpoint starting: immediate force wait
2026-10-06T13:17:55.8633316Z  2026-10-06 13:17:04.206 UTC [62] LOG:  checkpoint complete: wrote 948 buffers (5.8%); 0 WAL file(s) added, 0 removed, 0 recycled; write=0.017 s, sync=0.002 s, total=0.020 s; sync files=304, longest=0.001 s, average=0.001 s; distance=4484 kB, estimate=15019 kB; lsn=0/16F1ED90, redo lsn=0/16F1ED30
2026-10-06T13:17:55.8634431Z  2026-10-06 13:17:04.230 UTC [864] FATAL:  terminating connection due to administrator command
2026-10-06T13:17:55.8634957Z  2026-10-06 13:17:04.647 UTC [871] FATAL:  terminating connection due to administrator command
2026-10-06T13:17:55.8635601Z  2026-10-06 13:17:04.648 UTC [867] FATAL:  terminating connection due to administrator command
2026-10-06T13:17:55.8636127Z  2026-10-06 13:17:04.719 UTC [851] FATAL:  terminating connection due to administrator command
2026-10-06T13:17:55.8636610Z  2026-10-06 13:17:04.820 UTC [62] LOG:  checkpoint starting: immediate force wait
2026-10-06T13:17:55.8637809Z  2026-10-06 13:17:04.845 UTC [62] LOG:  checkpoint complete: wrote 1158 buffers (7.1%); 0 WAL file(s) added, 0 removed, 1 recycled; write=0.018 s, sync=0.006 s, total=0.026 s; sync files=719, longest=0.001 s, average=0.001 s; distance=6745 kB, estimate=14192 kB; lsn=0/17633F18, redo lsn=0/175B53D0
2026-10-06T13:17:55.8638998Z  2026-10-06 13:17:05.076 UTC [870] ERROR:  relation "graphile_worker.migrations" does not exist at character 85
2026-10-06T13:17:55.8639666Z  2026-10-06 13:17:05.076 UTC [870] STATEMENT:  select current_setting('server_version_num') as server_version_num,
2026-10-06T13:17:55.8640251Z  	(select id from "graphile_worker".migrations order by id desc limit 1) as id,
2026-10-06T13:17:55.8640869Z  	(select id from "graphile_worker".migrations where breaking is true order by id desc limit 1) as biggest_breaking_id;
2026-10-06T13:17:55.8641373Z  	
2026-10-06T13:17:55.8641657Z  2026-10-06 13:17:05.181 UTC [870] WARNING:  no privileges were granted for "set_limit"
2026-10-06T13:17:55.8642146Z  2026-10-06 13:17:05.181 UTC [870] WARNING:  no privileges were granted for "show_limit"
2026-10-06T13:17:55.8642637Z  2026-10-06 13:17:05.181 UTC [870] WARNING:  no privileges were granted for "show_trgm"
2026-10-06T13:17:55.8643121Z  2026-10-06 13:17:05.182 UTC [870] WARNING:  no privileges were granted for "similarity"
2026-10-06T13:17:55.8643619Z  2026-10-06 13:17:05.182 UTC [870] WARNING:  no privileges were granted for "similarity_op"
2026-10-06T13:17:55.8644144Z  2026-10-06 13:17:05.182 UTC [870] WARNING:  no privileges were granted for "word_similarity"
2026-10-06T13:17:55.8644683Z  2026-10-06 13:17:05.182 UTC [870] WARNING:  no privileges were granted for "word_similarity_op"
2026-10-06T13:17:55.8645382Z  2026-10-06 13:17:05.182 UTC [870] WARNING:  no privileges were granted for "word_similarity_commutator_op"
2026-10-06T13:17:55.8646083Z  2026-10-06 13:17:05.182 UTC [870] WARNING:  no privileges were granted for "similarity_dist"
2026-10-06T13:17:55.8646637Z  2026-10-06 13:17:05.182 UTC [870] WARNING:  no privileges were granted for "word_similarity_dist_op"
2026-10-06T13:17:55.8647256Z  2026-10-06 13:17:05.183 UTC [870] WARNING:  no privileges were granted for "word_similarity_dist_commutator_op"
2026-10-06T13:17:55.8647829Z  2026-10-06 13:17:05.183 UTC [870] WARNING:  no privileges were granted for "gtrgm_in"
2026-10-06T13:17:55.8648310Z  2026-10-06 13:17:05.183 UTC [870] WARNING:  no privileges were granted for "gtrgm_out"
2026-10-06T13:17:55.8648816Z  2026-10-06 13:17:05.183 UTC [870] WARNING:  no privileges were granted for "gtrgm_consistent"
2026-10-06T13:17:55.8649348Z  2026-10-06 13:17:05.183 UTC [870] WARNING:  no privileges were granted for "gtrgm_distance"
2026-10-06T13:17:55.8649863Z  2026-10-06 13:17:05.183 UTC [870] WARNING:  no privileges were granted for "gtrgm_compress"
2026-10-06T13:17:55.8650385Z  2026-10-06 13:17:05.183 UTC [870] WARNING:  no privileges were granted for "gtrgm_decompress"
2026-10-06T13:17:55.8650903Z  2026-10-06 13:17:05.183 UTC [870] WARNING:  no privileges were granted for "gtrgm_penalty"
2026-10-06T13:17:55.8651418Z  2026-10-06 13:17:05.183 UTC [870] WARNING:  no privileges were granted for "gtrgm_picksplit"
2026-10-06T13:17:55.8651931Z  2026-10-06 13:17:05.183 UTC [870] WARNING:  no privileges were granted for "gtrgm_union"
2026-10-06T13:17:55.8652420Z  2026-10-06 13:17:05.183 UTC [870] WARNING:  no privileges were granted for "gtrgm_same"
2026-10-06T13:17:55.8652946Z  2026-10-06 13:17:05.183 UTC [870] WARNING:  no privileges were granted for "gin_extract_value_trgm"
2026-10-06T13:17:55.8653508Z  2026-10-06 13:17:05.183 UTC [870] WARNING:  no privileges were granted for "gin_extract_query_trgm"
2026-10-06T13:17:55.8654065Z  2026-10-06 13:17:05.183 UTC [870] WARNING:  no privileges were granted for "gin_trgm_consistent"
2026-10-06T13:17:55.8654628Z  2026-10-06 13:17:05.183 UTC [870] WARNING:  no privileges were granted for "gin_trgm_triconsistent"
2026-10-06T13:17:55.8655298Z  2026-10-06 13:17:05.183 UTC [870] WARNING:  no privileges were granted for "strict_word_similarity"
2026-10-06T13:17:55.8655883Z  2026-10-06 13:17:05.183 UTC [870] WARNING:  no privileges were granted for "strict_word_similarity_op"
2026-10-06T13:17:55.8656633Z  2026-10-06 13:17:05.183 UTC [870] WARNING:  no privileges were granted for "strict_word_similarity_commutator_op"
2026-10-06T13:17:55.8657294Z  2026-10-06 13:17:05.183 UTC [870] WARNING:  no privileges were granted for "strict_word_similarity_dist_op"
2026-10-06T13:17:55.8657962Z  2026-10-06 13:17:05.183 UTC [870] WARNING:  no privileges were granted for "strict_word_similarity_dist_commutator_op"
2026-10-06T13:17:55.8658171Z  2026-10-06 13:17:05.183 UTC [870] WARNING:  no privileges were granted for "gtrgm_options"
2026-10-06T13:17:55.8658412Z  2026-10-06 13:17:06.319 UTC [888] WARNING:  permission denied to analyze "pg_statistic", skipping it
2026-10-06T13:17:55.8658644Z  2026-10-06 13:17:06.319 UTC [888] WARNING:  permission denied to analyze "pg_type", skipping it
2026-10-06T13:17:55.8658902Z  2026-10-06 13:17:06.320 UTC [888] WARNING:  permission denied to analyze "pg_foreign_table", skipping it
2026-10-06T13:17:55.8659128Z  2026-10-06 13:17:06.320 UTC [888] WARNING:  permission denied to analyze "pg_authid", skipping it
2026-10-06T13:17:55.8659405Z  2026-10-06 13:17:06.320 UTC [888] WARNING:  permission denied to analyze "pg_statistic_ext_data", skipping it
2026-10-06T13:17:55.8659659Z  2026-10-06 13:17:06.320 UTC [888] WARNING:  permission denied to analyze "pg_user_mapping", skipping it
2026-10-06T13:17:55.8659905Z  2026-10-06 13:17:06.320 UTC [888] WARNING:  permission denied to analyze "pg_subscription", skipping it
2026-10-06T13:17:55.8660143Z  2026-10-06 13:17:06.321 UTC [888] WARNING:  permission denied to analyze "pg_attribute", skipping it
2026-10-06T13:17:55.8660472Z  2026-10-06 13:17:06.321 UTC [888] WARNING:  permission denied to analyze "pg_proc", skipping it
2026-10-06T13:17:55.8660694Z  2026-10-06 13:17:06.321 UTC [888] WARNING:  permission denied to analyze "pg_class", skipping it
2026-10-06T13:17:55.8660923Z  2026-10-06 13:17:06.322 UTC [888] WARNING:  permission denied to analyze "pg_attrdef", skipping it
2026-10-06T13:17:55.8661167Z  2026-10-06 13:17:06.322 UTC [888] WARNING:  permission denied to analyze "pg_constraint", skipping it
2026-10-06T13:17:55.8661403Z  2026-10-06 13:17:06.322 UTC [888] WARNING:  permission denied to analyze "pg_inherits", skipping it
2026-10-06T13:17:55.8661622Z  2026-10-06 13:17:06.323 UTC [888] WARNING:  permission denied to analyze "pg_index", skipping it
2026-10-06T13:17:55.8661856Z  2026-10-06 13:17:06.323 UTC [888] WARNING:  permission denied to analyze "pg_operator", skipping it
2026-10-06T13:17:55.8662087Z  2026-10-06 13:17:06.323 UTC [888] WARNING:  permission denied to analyze "pg_opfamily", skipping it
2026-10-06T13:17:55.8662316Z  2026-10-06 13:17:06.323 UTC [888] WARNING:  permission denied to analyze "pg_opclass", skipping it
2026-10-06T13:17:55.8662532Z  2026-10-06 13:17:06.323 UTC [888] WARNING:  permission denied to analyze "pg_am", skipping it
2026-10-06T13:17:55.8662752Z  2026-10-06 13:17:06.323 UTC [888] WARNING:  permission denied to analyze "pg_amop", skipping it
2026-10-06T13:17:55.8662976Z  2026-10-06 13:17:06.323 UTC [888] WARNING:  permission denied to analyze "pg_amproc", skipping it
2026-10-06T13:17:55.8663218Z  2026-10-06 13:17:06.323 UTC [888] WARNING:  permission denied to analyze "pg_language", skipping it
2026-10-06T13:17:55.8663501Z  2026-10-06 13:17:06.323 UTC [888] WARNING:  permission denied to analyze "pg_largeobject_metadata", skipping it
2026-10-06T13:17:55.8663739Z  2026-10-06 13:17:06.323 UTC [888] WARNING:  permission denied to analyze "pg_aggregate", skipping it
2026-10-06T13:17:55.8663988Z  2026-10-06 13:17:06.323 UTC [888] WARNING:  permission denied to analyze "pg_statistic_ext", skipping it
2026-10-06T13:17:55.8664221Z  2026-10-06 13:17:06.323 UTC [888] WARNING:  permission denied to analyze "pg_rewrite", skipping it
2026-10-06T13:17:55.8664448Z  2026-10-06 13:17:06.323 UTC [888] WARNING:  permission denied to analyze "pg_trigger", skipping it
2026-10-06T13:17:55.8664694Z  2026-10-06 13:17:06.323 UTC [888] WARNING:  permission denied to analyze "pg_event_trigger", skipping it
2026-10-06T13:17:55.8664941Z  2026-10-06 13:17:06.323 UTC [888] WARNING:  permission denied to analyze "pg_description", skipping it
2026-10-06T13:17:55.8665384Z  2026-10-06 13:17:06.323 UTC [888] WARNING:  permission denied to analyze "pg_cast", skipping it
2026-10-06T13:17:55.8665607Z  2026-10-06 13:17:06.323 UTC [888] WARNING:  permission denied to analyze "pg_enum", skipping it
2026-10-06T13:17:55.8665843Z  2026-10-06 13:17:06.323 UTC [888] WARNING:  permission denied to analyze "pg_namespace", skipping it
2026-10-06T13:17:55.8666088Z  2026-10-06 13:17:06.323 UTC [888] WARNING:  permission denied to analyze "pg_conversion", skipping it
2026-10-06T13:17:55.8666318Z  2026-10-06 13:17:06.324 UTC [888] WARNING:  permission denied to analyze "pg_depend", skipping it
2026-10-06T13:17:55.8666546Z  2026-10-06 13:17:06.324 UTC [888] WARNING:  permission denied to analyze "pg_database", skipping it
2026-10-06T13:17:55.8666805Z  2026-10-06 13:17:06.324 UTC [888] WARNING:  permission denied to analyze "pg_db_role_setting", skipping it
2026-10-06T13:17:55.8667048Z  2026-10-06 13:17:06.324 UTC [888] WARNING:  permission denied to analyze "pg_tablespace", skipping it
2026-10-06T13:17:55.8667295Z  2026-10-06 13:17:06.324 UTC [888] WARNING:  permission denied to analyze "pg_auth_members", skipping it
2026-10-06T13:17:55.8667525Z  2026-10-06 13:17:06.324 UTC [888] WARNING:  permission denied to analyze "pg_shdepend", skipping it
2026-10-06T13:17:55.8667775Z  2026-10-06 13:17:06.324 UTC [888] WARNING:  permission denied to analyze "pg_shdescription", skipping it
2026-10-06T13:17:55.8668006Z  2026-10-06 13:17:06.324 UTC [888] WARNING:  permission denied to analyze "pg_ts_config", skipping it
2026-10-06T13:17:55.8668370Z  2026-10-06 13:17:06.324 UTC [888] WARNING:  permission denied to analyze "pg_ts_config_map", skipping it
2026-10-06T13:17:55.8668599Z  2026-10-06 13:17:06.324 UTC [888] WARNING:  permission denied to analyze "pg_ts_dict", skipping it
2026-10-06T13:17:55.8668832Z  2026-10-06 13:17:06.324 UTC [888] WARNING:  permission denied to analyze "pg_ts_parser", skipping it
2026-10-06T13:17:55.8669082Z  2026-10-06 13:17:06.324 UTC [888] WARNING:  permission denied to analyze "pg_ts_template", skipping it
2026-10-06T13:17:55.8669318Z  2026-10-06 13:17:06.324 UTC [888] WARNING:  permission denied to analyze "pg_extension", skipping it
2026-10-06T13:17:55.8669596Z  2026-10-06 13:17:06.324 UTC [888] WARNING:  permission denied to analyze "pg_foreign_data_wrapper", skipping it
2026-10-06T13:17:55.8669852Z  2026-10-06 13:17:06.324 UTC [888] WARNING:  permission denied to analyze "pg_foreign_server", skipping it
2026-10-06T13:17:55.8670080Z  2026-10-06 13:17:06.324 UTC [888] WARNING:  permission denied to analyze "pg_policy", skipping it
2026-10-06T13:17:55.8670354Z  2026-10-06 13:17:06.324 UTC [888] WARNING:  permission denied to analyze "pg_replication_origin", skipping it
2026-10-06T13:17:55.8670596Z  2026-10-06 13:17:06.324 UTC [888] WARNING:  permission denied to analyze "pg_default_acl", skipping it
2026-10-06T13:17:55.8671016Z  2026-10-06 13:17:06.324 UTC [888] WARNING:  permission denied to analyze "pg_init_privs", skipping it
2026-10-06T13:17:55.8671256Z  2026-10-06 13:17:06.324 UTC [888] WARNING:  permission denied to analyze "pg_seclabel", skipping it
2026-10-06T13:17:55.8671494Z  2026-10-06 13:17:06.324 UTC [888] WARNING:  permission denied to analyze "pg_shseclabel", skipping it
2026-10-06T13:17:55.8671730Z  2026-10-06 13:17:06.324 UTC [888] WARNING:  permission denied to analyze "pg_collation", skipping it
2026-10-06T13:17:55.8671989Z  2026-10-06 13:17:06.325 UTC [888] WARNING:  permission denied to analyze "pg_parameter_acl", skipping it
2026-10-06T13:17:55.8672263Z  2026-10-06 13:17:06.325 UTC [888] WARNING:  permission denied to analyze "pg_partitioned_table", skipping it
2026-10-06T13:17:55.8672485Z  2026-10-06 13:17:06.325 UTC [888] WARNING:  permission denied to analyze "pg_range", skipping it
2026-10-06T13:17:55.8672723Z  2026-10-06 13:17:06.325 UTC [888] WARNING:  permission denied to analyze "pg_transform", skipping it
2026-10-06T13:17:55.8672956Z  2026-10-06 13:17:06.325 UTC [888] WARNING:  permission denied to analyze "pg_sequence", skipping it
2026-10-06T13:17:55.8673316Z  2026-10-06 13:17:06.326 UTC [888] WARNING:  permission denied to analyze "pg_publication", skipping it
2026-10-06T13:17:55.8673605Z  2026-10-06 13:17:06.326 UTC [888] WARNING:  permission denied to analyze "pg_publication_namespace", skipping it
2026-10-06T13:17:55.8673870Z  2026-10-06 13:17:06.326 UTC [888] WARNING:  permission denied to analyze "pg_publication_rel", skipping it
2026-10-06T13:17:55.8674130Z  2026-10-06 13:17:06.326 UTC [888] WARNING:  permission denied to analyze "pg_subscription_rel", skipping it
2026-10-06T13:17:55.8674378Z  2026-10-06 13:17:06.326 UTC [888] WARNING:  permission denied to analyze "pg_largeobject", skipping it
2026-10-06T13:17:55.8674613Z  2026-10-06 13:17:06.326 UTC [888] WARNING:  permission denied to analyze "sql_features", skipping it
2026-10-06T13:17:55.8674891Z  2026-10-06 13:17:06.327 UTC [888] WARNING:  permission denied to analyze "sql_implementation_info", skipping it
2026-10-06T13:17:55.8675236Z  2026-10-06 13:17:06.327 UTC [888] WARNING:  permission denied to analyze "sql_parts", skipping it
2026-10-06T13:17:55.8675471Z  2026-10-06 13:17:06.327 UTC [888] WARNING:  permission denied to analyze "sql_sizing", skipping it
2026-10-06T13:17:55.8675746Z  2026-10-06 13:17:06.828 UTC [887] ERROR:  relation "graphile_worker.migrations" does not exist at character 85
2026-10-06T13:17:55.8676027Z  2026-10-06 13:17:06.828 UTC [887] STATEMENT:  select current_setting('server_version_num') as server_version_num,
2026-10-06T13:17:55.8676348Z  	(select id from "graphile_worker".migrations order by id desc limit 1) as id,
2026-10-06T13:17:55.8676682Z  	(select id from "graphile_worker".migrations where breaking is true order by id desc limit 1) as biggest_breaking_id;
2026-10-06T13:17:55.8676756Z  	
2026-10-06T13:17:55.8676955Z  2026-10-06 13:17:06.970 UTC [887] WARNING:  no privileges were granted for "set_limit"
2026-10-06T13:17:55.8677152Z  2026-10-06 13:17:06.970 UTC [887] WARNING:  no privileges were granted for "show_limit"
2026-10-06T13:17:55.8677340Z  2026-10-06 13:17:06.971 UTC [887] WARNING:  no privileges were granted for "show_trgm"
2026-10-06T13:17:55.8677534Z  2026-10-06 13:17:06.971 UTC [887] WARNING:  no privileges were granted for "similarity"
2026-10-06T13:17:55.8677742Z  2026-10-06 13:17:06.971 UTC [887] WARNING:  no privileges were granted for "similarity_op"
2026-10-06T13:17:55.8677954Z  2026-10-06 13:17:06.972 UTC [887] WARNING:  no privileges were granted for "word_similarity"
2026-10-06T13:17:55.8678179Z  2026-10-06 13:17:06.972 UTC [887] WARNING:  no privileges were granted for "word_similarity_op"
2026-10-06T13:17:55.8678441Z  2026-10-06 13:17:06.972 UTC [887] WARNING:  no privileges were granted for "word_similarity_commutator_op"
2026-10-06T13:17:55.8678652Z  2026-10-06 13:17:06.972 UTC [887] WARNING:  no privileges were granted for "similarity_dist"
2026-10-06T13:17:55.8678882Z  2026-10-06 13:17:06.972 UTC [887] WARNING:  no privileges were granted for "word_similarity_dist_op"
2026-10-06T13:17:55.8679158Z  2026-10-06 13:17:06.972 UTC [887] WARNING:  no privileges were granted for "word_similarity_dist_commutator_op"
2026-10-06T13:17:55.8679346Z  2026-10-06 13:17:06.972 UTC [887] WARNING:  no privileges were granted for "gtrgm_in"
2026-10-06T13:17:55.8679531Z  2026-10-06 13:17:06.973 UTC [887] WARNING:  no privileges were granted for "gtrgm_out"
2026-10-06T13:17:55.8679743Z  2026-10-06 13:17:06.973 UTC [887] WARNING:  no privileges were granted for "gtrgm_consistent"
2026-10-06T13:17:55.8679950Z  2026-10-06 13:17:06.973 UTC [887] WARNING:  no privileges were granted for "gtrgm_distance"
2026-10-06T13:17:55.8680155Z  2026-10-06 13:17:06.973 UTC [887] WARNING:  no privileges were granted for "gtrgm_compress"
2026-10-06T13:17:55.8680365Z  2026-10-06 13:17:06.973 UTC [887] WARNING:  no privileges were granted for "gtrgm_decompress"
2026-10-06T13:17:55.8680568Z  2026-10-06 13:17:06.973 UTC [887] WARNING:  no privileges were granted for "gtrgm_penalty"
2026-10-06T13:17:55.8680887Z  2026-10-06 13:17:06.973 UTC [887] WARNING:  no privileges were granted for "gtrgm_picksplit"
2026-10-06T13:17:55.8681087Z  2026-10-06 13:17:06.973 UTC [887] WARNING:  no privileges were granted for "gtrgm_union"
2026-10-06T13:17:55.8681280Z  2026-10-06 13:17:06.973 UTC [887] WARNING:  no privileges were granted for "gtrgm_same"
2026-10-06T13:17:55.8681511Z  2026-10-06 13:17:06.973 UTC [887] WARNING:  no privileges were granted for "gin_extract_value_trgm"
2026-10-06T13:17:55.8681738Z  2026-10-06 13:17:06.973 UTC [887] WARNING:  no privileges were granted for "gin_extract_query_trgm"
2026-10-06T13:17:55.8681965Z  2026-10-06 13:17:06.973 UTC [887] WARNING:  no privileges were granted for "gin_trgm_consistent"
2026-10-06T13:17:55.8682193Z  2026-10-06 13:17:06.973 UTC [887] WARNING:  no privileges were granted for "gin_trgm_triconsistent"
2026-10-06T13:17:55.8682416Z  2026-10-06 13:17:06.973 UTC [887] WARNING:  no privileges were granted for "strict_word_similarity"
2026-10-06T13:17:55.8682663Z  2026-10-06 13:17:06.973 UTC [887] WARNING:  no privileges were granted for "strict_word_similarity_op"
2026-10-06T13:17:55.8683067Z  2026-10-06 13:17:06.973 UTC [887] WARNING:  no privileges were granted for "strict_word_similarity_commutator_op"
2026-10-06T13:17:55.8683329Z  2026-10-06 13:17:06.973 UTC [887] WARNING:  no privileges were granted for "strict_word_similarity_dist_op"
2026-10-06T13:17:55.8683629Z  2026-10-06 13:17:06.973 UTC [887] WARNING:  no privileges were granted for "strict_word_similarity_dist_commutator_op"
2026-10-06T13:17:55.8683918Z  2026-10-06 13:17:06.973 UTC [887] WARNING:  no privileges were granted for "gtrgm_options"
2026-10-06T13:17:55.8684102Z  2026-10-06 13:17:07.094 UTC [62] LOG:  checkpoint starting: immediate force wait
2026-10-06T13:17:55.8684929Z  2026-10-06 13:17:07.129 UTC [62] LOG:  checkpoint complete: wrote 1411 buffers (8.6%); 0 WAL file(s) added, 0 removed, 1 recycled; write=0.019 s, sync=0.010 s, total=0.036 s; sync files=982, longest=0.001 s, average=0.001 s; distance=20777 kB, estimate=20777 kB; lsn=0/18A04610, redo lsn=0/189FF8F0
2026-10-06T13:17:55.8685232Z  2026-10-06 13:17:07.542 UTC [62] LOG:  checkpoint starting: immediate force wait
2026-10-06T13:17:55.8686032Z  2026-10-06 13:17:07.545 UTC [62] LOG:  checkpoint complete: wrote 12 buffers (0.1%); 0 WAL file(s) added, 0 removed, 0 recycled; write=0.001 s, sync=0.001 s, total=0.003 s; sync files=4, longest=0.001 s, average=0.001 s; distance=223 kB, estimate=18721 kB; lsn=0/18A375D0, redo lsn=0/18A37598
2026-10-06T13:17:55.8686314Z  2026-10-06 13:17:09.322 UTC [903] ERROR:  relation "graphile_worker.migrations" does not exist at character 85
2026-10-06T13:17:55.8686600Z  2026-10-06 13:17:09.322 UTC [903] STATEMENT:  select current_setting('server_version_num') as server_version_num,
2026-10-06T13:17:55.8686798Z  	(select id from "graphile_worker".migrations order by id desc limit 1) as id,
2026-10-06T13:17:55.8687128Z  	(select id from "graphile_worker".migrations where breaking is true order by id desc limit 1) as biggest_breaking_id;
2026-10-06T13:17:55.8687197Z  	
2026-10-06T13:17:55.8687394Z  2026-10-06 13:17:09.428 UTC [903] WARNING:  no privileges were granted for "set_limit"
2026-10-06T13:17:55.8687588Z  2026-10-06 13:17:09.428 UTC [903] WARNING:  no privileges were granted for "show_limit"
2026-10-06T13:17:55.8687773Z  2026-10-06 13:17:09.428 UTC [903] WARNING:  no privileges were granted for "show_trgm"
2026-10-06T13:17:55.8687965Z  2026-10-06 13:17:09.428 UTC [903] WARNING:  no privileges were granted for "similarity"
2026-10-06T13:17:55.8688171Z  2026-10-06 13:17:09.429 UTC [903] WARNING:  no privileges were granted for "similarity_op"
2026-10-06T13:17:55.8688384Z  2026-10-06 13:17:09.429 UTC [903] WARNING:  no privileges were granted for "word_similarity"
2026-10-06T13:17:55.8688607Z  2026-10-06 13:17:09.429 UTC [903] WARNING:  no privileges were granted for "word_similarity_op"
2026-10-06T13:17:55.8688868Z  2026-10-06 13:17:09.429 UTC [903] WARNING:  no privileges were granted for "word_similarity_commutator_op"
2026-10-06T13:17:55.8689192Z  2026-10-06 13:17:09.430 UTC [903] WARNING:  no privileges were granted for "similarity_dist"
2026-10-06T13:17:55.8689428Z  2026-10-06 13:17:09.430 UTC [903] WARNING:  no privileges were granted for "word_similarity_dist_op"
2026-10-06T13:17:55.8689703Z  2026-10-06 13:17:09.430 UTC [903] WARNING:  no privileges were granted for "word_similarity_dist_commutator_op"
2026-10-06T13:17:55.8689895Z  2026-10-06 13:17:09.430 UTC [903] WARNING:  no privileges were granted for "gtrgm_in"
2026-10-06T13:17:55.8690081Z  2026-10-06 13:17:09.430 UTC [903] WARNING:  no privileges were granted for "gtrgm_out"
2026-10-06T13:17:55.8690301Z  2026-10-06 13:17:09.430 UTC [903] WARNING:  no privileges were granted for "gtrgm_consistent"
2026-10-06T13:17:55.8690506Z  2026-10-06 13:17:09.430 UTC [903] WARNING:  no privileges were granted for "gtrgm_distance"
2026-10-06T13:17:55.8690710Z  2026-10-06 13:17:09.430 UTC [903] WARNING:  no privileges were granted for "gtrgm_compress"
2026-10-06T13:17:55.8690925Z  2026-10-06 13:17:09.430 UTC [903] WARNING:  no privileges were granted for "gtrgm_decompress"
2026-10-06T13:17:55.8691126Z  2026-10-06 13:17:09.431 UTC [903] WARNING:  no privileges were granted for "gtrgm_penalty"
2026-10-06T13:17:55.8691332Z  2026-10-06 13:17:09.431 UTC [903] WARNING:  no privileges were granted for "gtrgm_picksplit"
2026-10-06T13:17:55.8691529Z  2026-10-06 13:17:09.431 UTC [903] WARNING:  no privileges were granted for "gtrgm_union"
2026-10-06T13:17:55.8691722Z  2026-10-06 13:17:09.431 UTC [903] WARNING:  no privileges were granted for "gtrgm_same"
2026-10-06T13:17:55.8692063Z  2026-10-06 13:17:09.431 UTC [903] WARNING:  no privileges were granted for "gin_extract_value_trgm"
2026-10-06T13:17:55.8692289Z  2026-10-06 13:17:09.431 UTC [903] WARNING:  no privileges were granted for "gin_extract_query_trgm"
2026-10-06T13:17:55.8692515Z  2026-10-06 13:17:09.431 UTC [903] WARNING:  no privileges were granted for "gin_trgm_consistent"
2026-10-06T13:17:55.8692745Z  2026-10-06 13:17:09.431 UTC [903] WARNING:  no privileges were granted for "gin_trgm_triconsistent"
2026-10-06T13:17:55.8692976Z  2026-10-06 13:17:09.431 UTC [903] WARNING:  no privileges were granted for "strict_word_similarity"
2026-10-06T13:17:55.8693221Z  2026-10-06 13:17:09.431 UTC [903] WARNING:  no privileges were granted for "strict_word_similarity_op"
2026-10-06T13:17:55.8693503Z  2026-10-06 13:17:09.431 UTC [903] WARNING:  no privileges were granted for "strict_word_similarity_commutator_op"
2026-10-06T13:17:55.8693761Z  2026-10-06 13:17:09.431 UTC [903] WARNING:  no privileges were granted for "strict_word_similarity_dist_op"
2026-10-06T13:17:55.8694066Z  2026-10-06 13:17:09.431 UTC [903] WARNING:  no privileges were granted for "strict_word_similarity_dist_commutator_op"
2026-10-06T13:17:55.8694270Z  2026-10-06 13:17:09.431 UTC [903] WARNING:  no privileges were granted for "gtrgm_options"
2026-10-06T13:17:55.8694482Z  2026-10-06 13:17:09.469 UTC [905] ERROR:  permission denied for schema public at character 14
2026-10-06T13:17:55.8694647Z  2026-10-06 13:17:09.469 UTC [905] STATEMENT:  CREATE TABLE evil (x int)
2026-10-06T13:17:55.8694809Z  2026-10-06 13:17:09.477 UTC [906] ERROR:  must be owner of table accounts
2026-10-06T13:17:55.8695113Z  2026-10-06 13:17:09.477 UTC [906] STATEMENT:  ALTER TABLE accounts ADD COLUMN evil int
2026-10-06T13:17:55.8695273Z  2026-10-06 13:17:09.488 UTC [907] ERROR:  must be owner of table matches
2026-10-06T13:17:55.8695421Z  2026-10-06 13:17:09.488 UTC [907] STATEMENT:  DROP TABLE matches
2026-10-06T13:17:55.8695594Z  2026-10-06 13:17:09.496 UTC [908] ERROR:  permission denied for table matches
2026-10-06T13:17:55.8695733Z  2026-10-06 13:17:09.496 UTC [908] STATEMENT:  TRUNCATE matches
2026-10-06T13:17:55.8695968Z  2026-10-06 13:17:09.505 UTC [909] ERROR:  permission denied to COPY to or from an external program
2026-10-06T13:17:55.8696384Z  2026-10-06 13:17:09.505 UTC [909] DETAIL:  Only roles with privileges of the "pg_execute_server_program" role may COPY to or from an external program.
2026-10-06T13:17:55.8696821Z  2026-10-06 13:17:09.505 UTC [909] HINT:  Anyone can COPY to stdout or from stdin. psql's \copy command also works for anyone.
2026-10-06T13:17:55.8697000Z  2026-10-06 13:17:09.505 UTC [909] STATEMENT:  COPY (SELECT 1) TO PROGRAM 'id'
2026-10-06T13:17:55.8697179Z  2026-10-06 13:17:09.513 UTC [910] ERROR:  permission denied for table pg_authid
2026-10-06T13:17:55.8697353Z  2026-10-06 13:17:09.513 UTC [910] STATEMENT:  SELECT rolpassword FROM pg_authid
2026-10-06T13:17:55.8697581Z  2026-10-06 13:17:09.524 UTC [911] ERROR:  permission denied for database glob2_test_33fc7f21ac90
2026-10-06T13:17:55.8697727Z  2026-10-06 13:17:09.524 UTC [911] STATEMENT:  CREATE SCHEMA evil
2026-10-06T13:17:55.8697930Z  2026-10-06 13:17:09.532 UTC [912] ERROR:  permission denied for table platform_migrations
2026-10-06T13:17:55.8698098Z  2026-10-06 13:17:09.532 UTC [912] STATEMENT:  DELETE FROM platform_migrations
2026-10-06T13:17:55.8698311Z  2026-10-06 13:17:09.643 UTC [923] ERROR:  permission denied for schema public at character 14
2026-10-06T13:17:55.8698470Z  2026-10-06 13:17:09.643 UTC [923] STATEMENT:  CREATE TABLE evil (x int)
2026-10-06T13:17:55.8698625Z  2026-10-06 13:17:09.653 UTC [924] ERROR:  must be owner of table accounts
2026-10-06T13:17:55.8698819Z  2026-10-06 13:17:09.653 UTC [924] STATEMENT:  ALTER TABLE accounts ADD COLUMN evil int
2026-10-06T13:17:55.8698974Z  2026-10-06 13:17:09.661 UTC [925] ERROR:  must be owner of table matches
2026-10-06T13:17:55.8699110Z  2026-10-06 13:17:09.661 UTC [925] STATEMENT:  DROP TABLE matches
2026-10-06T13:17:55.8699394Z  2026-10-06 13:17:09.674 UTC [926] ERROR:  permission denied for table matches
2026-10-06T13:17:55.8699530Z  2026-10-06 13:17:09.674 UTC [926] STATEMENT:  TRUNCATE matches
2026-10-06T13:17:55.8699759Z  2026-10-06 13:17:09.688 UTC [927] ERROR:  permission denied to COPY to or from an external program
2026-10-06T13:17:55.8700172Z  2026-10-06 13:17:09.688 UTC [927] DETAIL:  Only roles with privileges of the "pg_execute_server_program" role may COPY to or from an external program.
2026-10-06T13:17:55.8700495Z  2026-10-06 13:17:09.688 UTC [927] HINT:  Anyone can COPY to stdout or from stdin. psql's \copy command also works for anyone.
2026-10-06T13:17:55.8700661Z  2026-10-06 13:17:09.688 UTC [927] STATEMENT:  COPY (SELECT 1) TO PROGRAM 'id'
2026-10-06T13:17:55.8700834Z  2026-10-06 13:17:09.697 UTC [928] ERROR:  permission denied for table pg_authid
2026-10-06T13:17:55.8701008Z  2026-10-06 13:17:09.697 UTC [928] STATEMENT:  SELECT rolpassword FROM pg_authid
2026-10-06T13:17:55.8701238Z  2026-10-06 13:17:09.717 UTC [929] ERROR:  permission denied for database glob2_test_33fc7f21ac90
2026-10-06T13:17:55.8701379Z  2026-10-06 13:17:09.717 UTC [929] STATEMENT:  CREATE SCHEMA evil
2026-10-06T13:17:55.8701584Z  2026-10-06 13:17:09.732 UTC [930] ERROR:  permission denied for table platform_migrations
2026-10-06T13:17:55.8701753Z  2026-10-06 13:17:09.732 UTC [930] STATEMENT:  DELETE FROM platform_migrations
2026-10-06T13:17:55.8701925Z  2026-10-06 13:17:09.860 UTC [941] ERROR:  permission denied for table identities
2026-10-06T13:17:55.8702093Z  2026-10-06 13:17:09.860 UTC [941] STATEMENT:  SELECT count(*) FROM identities
2026-10-06T13:17:55.8702282Z  2026-10-06 13:17:09.870 UTC [942] ERROR:  permission denied for table admin_audit_log
2026-10-06T13:17:55.8702461Z  2026-10-06 13:17:09.870 UTC [942] STATEMENT:  SELECT count(*) FROM admin_audit_log
2026-10-06T13:17:55.8702664Z  2026-10-06 13:17:09.888 UTC [944] ERROR:  permission denied for table device_credentials
2026-10-06T13:17:55.8702879Z  2026-10-06 13:17:09.888 UTC [944] STATEMENT:  SELECT credential_hash FROM device_credentials
2026-10-06T13:17:55.8703077Z  2026-10-06 13:17:09.901 UTC [945] ERROR:  permission denied for table device_credentials
2026-10-06T13:17:55.8703247Z  2026-10-06 13:17:09.901 UTC [945] STATEMENT:  DELETE FROM device_credentials
2026-10-06T13:17:55.8703432Z  2026-10-06 13:17:09.923 UTC [947] ERROR:  permission denied for table refresh_tokens
2026-10-06T13:17:55.8703612Z  2026-10-06 13:17:09.923 UTC [947] STATEMENT:  SELECT token_hash FROM refresh_tokens
2026-10-06T13:17:55.8703879Z  2026-10-06 13:17:09.960 UTC [950] ERROR:  permission denied for table admin_audit_log
2026-10-06T13:17:55.8704091Z  2026-10-06 13:17:09.960 UTC [950] STATEMENT:  UPDATE admin_audit_log SET action = 'forged'
2026-10-06T13:17:55.8704273Z  2026-10-06 13:17:09.978 UTC [951] ERROR:  permission denied for table admin_audit_log
2026-10-06T13:17:55.8704429Z  2026-10-06 13:17:09.978 UTC [951] STATEMENT:  DELETE FROM admin_audit_log
2026-10-06T13:17:55.8704651Z  2026-10-06 13:17:09.987 UTC [904] FATAL:  terminating connection due to administrator command
2026-10-06T13:17:55.8704829Z  2026-10-06 13:17:10.091 UTC [62] LOG:  checkpoint starting: immediate force wait
2026-10-06T13:17:55.8705753Z  2026-10-06 13:17:10.094 UTC [62] LOG:  checkpoint complete: wrote 23 buffers (0.1%); 0 WAL file(s) added, 0 removed, 1 recycled; write=0.001 s, sync=0.001 s, total=0.004 s; sync files=11, longest=0.001 s, average=0.001 s; distance=8953 kB, estimate=17745 kB; lsn=0/192F5D48, redo lsn=0/192F5D10
2026-10-06T13:17:55.8706040Z  2026-10-06 13:17:10.446 UTC [954] ERROR:  relation "graphile_worker.migrations" does not exist at character 85
2026-10-06T13:17:55.8706329Z  2026-10-06 13:17:10.446 UTC [954] STATEMENT:  select current_setting('server_version_num') as server_version_num,
2026-10-06T13:17:55.8706525Z  	(select id from "graphile_worker".migrations order by id desc limit 1) as id,
2026-10-06T13:17:55.8706856Z  	(select id from "graphile_worker".migrations where breaking is true order by id desc limit 1) as biggest_breaking_id;
2026-10-06T13:17:55.8707041Z  	
2026-10-06T13:17:55.8707218Z  2026-10-06 13:17:10.548 UTC [955] ERROR:  permission denied for table accounts
2026-10-06T13:17:55.8707380Z  2026-10-06 13:17:10.548 UTC [955] STATEMENT:  SELECT count(*) FROM accounts
2026-10-06T13:17:55.8707573Z  2026-10-06 13:17:11.147 UTC [957] WARNING:  no privileges were granted for "set_limit"
2026-10-06T13:17:55.8707767Z  2026-10-06 13:17:11.147 UTC [957] WARNING:  no privileges were granted for "show_limit"
2026-10-06T13:17:55.8707956Z  2026-10-06 13:17:11.147 UTC [957] WARNING:  no privileges were granted for "show_trgm"
2026-10-06T13:17:55.8708148Z  2026-10-06 13:17:11.147 UTC [957] WARNING:  no privileges were granted for "similarity"
2026-10-06T13:17:55.8708356Z  2026-10-06 13:17:11.148 UTC [957] WARNING:  no privileges were granted for "similarity_op"
2026-10-06T13:17:55.8708566Z  2026-10-06 13:17:11.148 UTC [957] WARNING:  no privileges were granted for "word_similarity"
2026-10-06T13:17:55.8708793Z  2026-10-06 13:17:11.148 UTC [957] WARNING:  no privileges were granted for "word_similarity_op"
2026-10-06T13:17:55.8709057Z  2026-10-06 13:17:11.148 UTC [957] WARNING:  no privileges were granted for "word_similarity_commutator_op"
2026-10-06T13:17:55.8709263Z  2026-10-06 13:17:11.148 UTC [957] WARNING:  no privileges were granted for "similarity_dist"
2026-10-06T13:17:55.8709503Z  2026-10-06 13:17:11.148 UTC [957] WARNING:  no privileges were granted for "word_similarity_dist_op"
2026-10-06T13:17:55.8709788Z  2026-10-06 13:17:11.148 UTC [957] WARNING:  no privileges were granted for "word_similarity_dist_commutator_op"
2026-10-06T13:17:55.8709978Z  2026-10-06 13:17:11.148 UTC [957] WARNING:  no privileges were granted for "gtrgm_in"
2026-10-06T13:17:55.8710162Z  2026-10-06 13:17:11.148 UTC [957] WARNING:  no privileges were granted for "gtrgm_out"
2026-10-06T13:17:55.8710374Z  2026-10-06 13:17:11.148 UTC [957] WARNING:  no privileges were granted for "gtrgm_consistent"
2026-10-06T13:17:55.8710582Z  2026-10-06 13:17:11.149 UTC [957] WARNING:  no privileges were granted for "gtrgm_distance"
2026-10-06T13:17:55.8710783Z  2026-10-06 13:17:11.149 UTC [957] WARNING:  no privileges were granted for "gtrgm_compress"
2026-10-06T13:17:55.8710996Z  2026-10-06 13:17:11.149 UTC [957] WARNING:  no privileges were granted for "gtrgm_decompress"
2026-10-06T13:17:55.8711196Z  2026-10-06 13:17:11.149 UTC [957] WARNING:  no privileges were granted for "gtrgm_penalty"
2026-10-06T13:17:55.8711511Z  2026-10-06 13:17:11.149 UTC [957] WARNING:  no privileges were granted for "gtrgm_picksplit"
2026-10-06T13:17:55.8711714Z  2026-10-06 13:17:11.149 UTC [957] WARNING:  no privileges were granted for "gtrgm_union"
2026-10-06T13:17:55.8711909Z  2026-10-06 13:17:11.149 UTC [957] WARNING:  no privileges were granted for "gtrgm_same"
2026-10-06T13:17:55.8712140Z  2026-10-06 13:17:11.149 UTC [957] WARNING:  no privileges were granted for "gin_extract_value_trgm"
2026-10-06T13:17:55.8712371Z  2026-10-06 13:17:11.149 UTC [957] WARNING:  no privileges were granted for "gin_extract_query_trgm"
2026-10-06T13:17:55.8712595Z  2026-10-06 13:17:11.149 UTC [957] WARNING:  no privileges were granted for "gin_trgm_consistent"
2026-10-06T13:17:55.8712826Z  2026-10-06 13:17:11.149 UTC [957] WARNING:  no privileges were granted for "gin_trgm_triconsistent"
2026-10-06T13:17:55.8713055Z  2026-10-06 13:17:11.150 UTC [957] WARNING:  no privileges were granted for "strict_word_similarity"
2026-10-06T13:17:55.8713303Z  2026-10-06 13:17:11.150 UTC [957] WARNING:  no privileges were granted for "strict_word_similarity_op"
2026-10-06T13:17:55.8713584Z  2026-10-06 13:17:11.150 UTC [957] WARNING:  no privileges were granted for "strict_word_similarity_commutator_op"
2026-10-06T13:17:55.8713847Z  2026-10-06 13:17:11.150 UTC [957] WARNING:  no privileges were granted for "strict_word_similarity_dist_op"
2026-10-06T13:17:55.8714149Z  2026-10-06 13:17:11.150 UTC [957] WARNING:  no privileges were granted for "strict_word_similarity_dist_commutator_op"
2026-10-06T13:17:55.8714435Z  2026-10-06 13:17:11.150 UTC [957] WARNING:  no privileges were granted for "gtrgm_options"
2026-10-06T13:17:55.8714645Z  2026-10-06 13:17:11.283 UTC [975] ERROR:  permission denied for schema public at character 14
2026-10-06T13:17:55.8714804Z  2026-10-06 13:17:11.283 UTC [975] STATEMENT:  CREATE TABLE evil (x int)
2026-10-06T13:17:55.8715123Z  2026-10-06 13:17:11.382 UTC [984] ERROR:  permission denied for schema public at character 14
2026-10-06T13:17:55.8715280Z  2026-10-06 13:17:11.382 UTC [984] STATEMENT:  CREATE TABLE evil (x int)
2026-10-06T13:17:55.8715464Z  2026-10-06 13:17:11.403 UTC [62] LOG:  checkpoint starting: immediate force wait
2026-10-06T13:17:55.8716271Z  2026-10-06 13:17:11.406 UTC [62] LOG:  checkpoint complete: wrote 22 buffers (0.1%); 0 WAL file(s) added, 0 removed, 0 recycled; write=0.001 s, sync=0.001 s, total=0.003 s; sync files=11, longest=0.001 s, average=0.001 s; distance=9101 kB, estimate=16880 kB; lsn=0/19BD9178, redo lsn=0/19BD9140
2026-10-06T13:17:55.8716552Z  2026-10-06 13:17:14.407 UTC [988] ERROR:  relation "graphile_worker.migrations" does not exist at character 85
2026-10-06T13:17:55.8716835Z  2026-10-06 13:17:14.407 UTC [988] STATEMENT:  select current_setting('server_version_num') as server_version_num,
2026-10-06T13:17:55.8717031Z  	(select id from "graphile_worker".migrations order by id desc limit 1) as id,
2026-10-06T13:17:55.8717359Z  	(select id from "graphile_worker".migrations where breaking is true order by id desc limit 1) as biggest_breaking_id;
2026-10-06T13:17:55.8717433Z  	
2026-10-06T13:17:55.8717626Z  2026-10-06 13:17:14.512 UTC [988] WARNING:  no privileges were granted for "set_limit"
2026-10-06T13:17:55.8717820Z  2026-10-06 13:17:14.512 UTC [988] WARNING:  no privileges were granted for "show_limit"
2026-10-06T13:17:55.8718004Z  2026-10-06 13:17:14.512 UTC [988] WARNING:  no privileges were granted for "show_trgm"
2026-10-06T13:17:55.8718194Z  2026-10-06 13:17:14.512 UTC [988] WARNING:  no privileges were granted for "similarity"
2026-10-06T13:17:55.8718401Z  2026-10-06 13:17:14.513 UTC [988] WARNING:  no privileges were granted for "similarity_op"
2026-10-06T13:17:55.8718608Z  2026-10-06 13:17:14.513 UTC [988] WARNING:  no privileges were granted for "word_similarity"
2026-10-06T13:17:55.8718831Z  2026-10-06 13:17:14.513 UTC [988] WARNING:  no privileges were granted for "word_similarity_op"
2026-10-06T13:17:55.8719092Z  2026-10-06 13:17:14.513 UTC [988] WARNING:  no privileges were granted for "word_similarity_commutator_op"
2026-10-06T13:17:55.8719430Z  2026-10-06 13:17:14.514 UTC [988] WARNING:  no privileges were granted for "similarity_dist"
2026-10-06T13:17:55.8719670Z  2026-10-06 13:17:14.514 UTC [988] WARNING:  no privileges were granted for "word_similarity_dist_op"
2026-10-06T13:17:55.8719945Z  2026-10-06 13:17:14.514 UTC [988] WARNING:  no privileges were granted for "word_similarity_dist_commutator_op"
2026-10-06T13:17:55.8720133Z  2026-10-06 13:17:14.514 UTC [988] WARNING:  no privileges were granted for "gtrgm_in"
2026-10-06T13:17:55.8720339Z  2026-10-06 13:17:14.514 UTC [988] WARNING:  no privileges were granted for "gtrgm_out"
2026-10-06T13:17:55.8720572Z  2026-10-06 13:17:14.514 UTC [988] WARNING:  no privileges were granted for "gtrgm_consistent"
2026-10-06T13:17:55.8720779Z  2026-10-06 13:17:14.514 UTC [988] WARNING:  no privileges were granted for "gtrgm_distance"
2026-10-06T13:17:55.8720979Z  2026-10-06 13:17:14.515 UTC [988] WARNING:  no privileges were granted for "gtrgm_compress"
2026-10-06T13:17:55.8721194Z  2026-10-06 13:17:14.515 UTC [988] WARNING:  no privileges were granted for "gtrgm_decompress"
2026-10-06T13:17:55.8721395Z  2026-10-06 13:17:14.515 UTC [988] WARNING:  no privileges were granted for "gtrgm_penalty"
2026-10-06T13:17:55.8721603Z  2026-10-06 13:17:14.515 UTC [988] WARNING:  no privileges were granted for "gtrgm_picksplit"
2026-10-06T13:17:55.8721796Z  2026-10-06 13:17:14.515 UTC [988] WARNING:  no privileges were granted for "gtrgm_union"
2026-10-06T13:17:55.8721988Z  2026-10-06 13:17:14.515 UTC [988] WARNING:  no privileges were granted for "gtrgm_same"
2026-10-06T13:17:55.8722330Z  2026-10-06 13:17:14.515 UTC [988] WARNING:  no privileges were granted for "gin_extract_value_trgm"
2026-10-06T13:17:55.8722552Z  2026-10-06 13:17:14.515 UTC [988] WARNING:  no privileges were granted for "gin_extract_query_trgm"
2026-10-06T13:17:55.8722776Z  2026-10-06 13:17:14.516 UTC [988] WARNING:  no privileges were granted for "gin_trgm_consistent"
2026-10-06T13:17:55.8723008Z  2026-10-06 13:17:14.516 UTC [988] WARNING:  no privileges were granted for "gin_trgm_triconsistent"
2026-10-06T13:17:55.8723231Z  2026-10-06 13:17:14.516 UTC [988] WARNING:  no privileges were granted for "strict_word_similarity"
2026-10-06T13:17:55.8723473Z  2026-10-06 13:17:14.516 UTC [988] WARNING:  no privileges were granted for "strict_word_similarity_op"
2026-10-06T13:17:55.8723751Z  2026-10-06 13:17:14.516 UTC [988] WARNING:  no privileges were granted for "strict_word_similarity_commutator_op"
2026-10-06T13:17:55.8724012Z  2026-10-06 13:17:14.516 UTC [988] WARNING:  no privileges were granted for "strict_word_similarity_dist_op"
2026-10-06T13:17:55.8724346Z  2026-10-06 13:17:14.516 UTC [988] WARNING:  no privileges were granted for "strict_word_similarity_dist_commutator_op"
2026-10-06T13:17:55.8724550Z  2026-10-06 13:17:14.516 UTC [988] WARNING:  no privileges were granted for "gtrgm_options"
2026-10-06T13:17:55.8724825Z  2026-10-06 13:17:14.865 UTC [991] ERROR:  relation "graphile_worker.migrations" does not exist at character 85
2026-10-06T13:17:55.8725211Z  2026-10-06 13:17:14.865 UTC [991] STATEMENT:  select current_setting('server_version_num') as server_version_num,
2026-10-06T13:17:55.8725412Z  	(select id from "graphile_worker".migrations order by id desc limit 1) as id,
2026-10-06T13:17:55.8725738Z  	(select id from "graphile_worker".migrations where breaking is true order by id desc limit 1) as biggest_breaking_id;
2026-10-06T13:17:55.8725809Z  	
2026-10-06T13:17:55.8725998Z  2026-10-06 13:17:14.955 UTC [991] WARNING:  no privileges were granted for "set_limit"
2026-10-06T13:17:55.8726193Z  2026-10-06 13:17:14.955 UTC [991] WARNING:  no privileges were granted for "show_limit"
2026-10-06T13:17:55.8726378Z  2026-10-06 13:17:14.956 UTC [991] WARNING:  no privileges were granted for "show_trgm"
2026-10-06T13:17:55.8726569Z  2026-10-06 13:17:14.956 UTC [991] WARNING:  no privileges were granted for "similarity"
2026-10-06T13:17:55.8726771Z  2026-10-06 13:17:14.956 UTC [991] WARNING:  no privileges were granted for "similarity_op"
2026-10-06T13:17:55.8727092Z  2026-10-06 13:17:14.956 UTC [991] WARNING:  no privileges were granted for "word_similarity"
2026-10-06T13:17:55.8727320Z  2026-10-06 13:17:14.956 UTC [991] WARNING:  no privileges were granted for "word_similarity_op"
2026-10-06T13:17:55.8727580Z  2026-10-06 13:17:14.956 UTC [991] WARNING:  no privileges were granted for "word_similarity_commutator_op"
2026-10-06T13:17:55.8727791Z  2026-10-06 13:17:14.956 UTC [991] WARNING:  no privileges were granted for "similarity_dist"
2026-10-06T13:17:55.8728024Z  2026-10-06 13:17:14.956 UTC [991] WARNING:  no privileges were granted for "word_similarity_dist_op"
2026-10-06T13:17:55.8728300Z  2026-10-06 13:17:14.956 UTC [991] WARNING:  no privileges were granted for "word_similarity_dist_commutator_op"
2026-10-06T13:17:55.8728490Z  2026-10-06 13:17:14.956 UTC [991] WARNING:  no privileges were granted for "gtrgm_in"
2026-10-06T13:17:55.8728673Z  2026-10-06 13:17:14.956 UTC [991] WARNING:  no privileges were granted for "gtrgm_out"
2026-10-06T13:17:55.8728890Z  2026-10-06 13:17:14.956 UTC [991] WARNING:  no privileges were granted for "gtrgm_consistent"
2026-10-06T13:17:55.8729098Z  2026-10-06 13:17:14.956 UTC [991] WARNING:  no privileges were granted for "gtrgm_distance"
2026-10-06T13:17:55.8729298Z  2026-10-06 13:17:14.956 UTC [991] WARNING:  no privileges were granted for "gtrgm_compress"
2026-10-06T13:17:55.8729509Z  2026-10-06 13:17:14.956 UTC [991] WARNING:  no privileges were granted for "gtrgm_decompress"
2026-10-06T13:17:55.8729711Z  2026-10-06 13:17:14.956 UTC [991] WARNING:  no privileges were granted for "gtrgm_penalty"
2026-10-06T13:17:55.8730061Z  2026-10-06 13:17:14.956 UTC [991] WARNING:  no privileges were granted for "gtrgm_picksplit"
2026-10-06T13:17:55.8730258Z  2026-10-06 13:17:14.956 UTC [991] WARNING:  no privileges were granted for "gtrgm_union"
2026-10-06T13:17:55.8730447Z  2026-10-06 13:17:14.956 UTC [991] WARNING:  no privileges were granted for "gtrgm_same"
2026-10-06T13:17:55.8730680Z  2026-10-06 13:17:14.956 UTC [991] WARNING:  no privileges were granted for "gin_extract_value_trgm"
2026-10-06T13:17:55.8730908Z  2026-10-06 13:17:14.957 UTC [991] WARNING:  no privileges were granted for "gin_extract_query_trgm"
2026-10-06T13:17:55.8731129Z  2026-10-06 13:17:14.957 UTC [991] WARNING:  no privileges were granted for "gin_trgm_consistent"
2026-10-06T13:17:55.8731356Z  2026-10-06 13:17:14.957 UTC [991] WARNING:  no privileges were granted for "gin_trgm_triconsistent"
2026-10-06T13:17:55.8731582Z  2026-10-06 13:17:14.957 UTC [991] WARNING:  no privileges were granted for "strict_word_similarity"
2026-10-06T13:17:55.8731828Z  2026-10-06 13:17:14.957 UTC [991] WARNING:  no privileges were granted for "strict_word_similarity_op"
2026-10-06T13:17:55.8732105Z  2026-10-06 13:17:14.957 UTC [991] WARNING:  no privileges were granted for "strict_word_similarity_commutator_op"
2026-10-06T13:17:55.8732363Z  2026-10-06 13:17:14.957 UTC [991] WARNING:  no privileges were granted for "strict_word_similarity_dist_op"
2026-10-06T13:17:55.8732662Z  2026-10-06 13:17:14.957 UTC [991] WARNING:  no privileges were granted for "strict_word_similarity_dist_commutator_op"
2026-10-06T13:17:55.8732865Z  2026-10-06 13:17:14.957 UTC [991] WARNING:  no privileges were granted for "gtrgm_options"
2026-10-06T13:17:55.8733042Z  2026-10-06 13:17:15.119 UTC [62] LOG:  checkpoint starting: immediate force wait
2026-10-06T13:17:55.8733872Z  2026-10-06 13:17:15.146 UTC [62] LOG:  checkpoint complete: wrote 1363 buffers (8.3%); 0 WAL file(s) added, 0 removed, 1 recycled; write=0.017 s, sync=0.007 s, total=0.027 s; sync files=981, longest=0.001 s, average=0.001 s; distance=17939 kB, estimate=17939 kB; lsn=0/1AD5DFF8, redo lsn=0/1AD5DFC0
2026-10-06T13:17:55.8734046Z  2026-10-06 13:17:17.343 UTC [992] ERROR:  ready skin sprites are immutable
2026-10-06T13:17:55.8734317Z  2026-10-06 13:17:17.343 UTC [992] CONTEXT:  PL/pgSQL function colony_skin_sprites_immutable() line 3 at RAISE
2026-10-06T13:17:55.8734693Z  2026-10-06 13:17:17.343 UTC [992] STATEMENT:  update "colony_skin_sprites" set "manifest_sha256" = $1 where "id" = $2
2026-10-06T13:17:55.8734877Z  2026-10-06 13:17:17.350 UTC [992] ERROR:  ready skin sprite pages are immutable
2026-10-06T13:17:55.8735276Z  2026-10-06 13:17:17.350 UTC [992] CONTEXT:  PL/pgSQL function colony_skin_sprite_pages_immutable() line 5 at RAISE
2026-10-06T13:17:55.8735543Z  2026-10-06 13:17:17.350 UTC [992] STATEMENT:  delete from "colony_skin_sprite_pages" where "sprites_id" = $1
2026-10-06T13:17:55.8735718Z  2026-10-06 13:17:17.382 UTC [62] LOG:  checkpoint starting: immediate force wait
2026-10-06T13:17:55.8736538Z  2026-10-06 13:17:17.417 UTC [62] LOG:  checkpoint complete: wrote 1174 buffers (7.2%); 0 WAL file(s) added, 0 removed, 1 recycled; write=0.022 s, sync=0.011 s, total=0.035 s; sync files=736, longest=0.003 s, average=0.001 s; distance=7240 kB, estimate=16869 kB; lsn=0/1B558020, redo lsn=0/1B470300
2026-10-06T13:17:55.8736817Z  2026-10-06 13:17:17.587 UTC [1006] ERROR:  relation "graphile_worker.migrations" does not exist at character 85
2026-10-06T13:17:55.8737104Z  2026-10-06 13:17:17.587 UTC [1006] STATEMENT:  select current_setting('server_version_num') as server_version_num,
2026-10-06T13:17:55.8737299Z  	(select id from "graphile_worker".migrations order by id desc limit 1) as id,
2026-10-06T13:17:55.8737624Z  	(select id from "graphile_worker".migrations where breaking is true order by id desc limit 1) as biggest_breaking_id;
2026-10-06T13:17:55.8737692Z  	
2026-10-06T13:17:55.8737895Z  2026-10-06 13:17:17.690 UTC [1006] WARNING:  no privileges were granted for "set_limit"
2026-10-06T13:17:55.8738212Z  2026-10-06 13:17:17.690 UTC [1006] WARNING:  no privileges were granted for "show_limit"
2026-10-06T13:17:55.8738401Z  2026-10-06 13:17:17.690 UTC [1006] WARNING:  no privileges were granted for "show_trgm"
2026-10-06T13:17:55.8738597Z  2026-10-06 13:17:17.690 UTC [1006] WARNING:  no privileges were granted for "similarity"
2026-10-06T13:17:55.8738809Z  2026-10-06 13:17:17.690 UTC [1006] WARNING:  no privileges were granted for "similarity_op"
2026-10-06T13:17:55.8739025Z  2026-10-06 13:17:17.690 UTC [1006] WARNING:  no privileges were granted for "word_similarity"
2026-10-06T13:17:55.8739251Z  2026-10-06 13:17:17.690 UTC [1006] WARNING:  no privileges were granted for "word_similarity_op"
2026-10-06T13:17:55.8739516Z  2026-10-06 13:17:17.690 UTC [1006] WARNING:  no privileges were granted for "word_similarity_commutator_op"
2026-10-06T13:17:55.8739730Z  2026-10-06 13:17:17.690 UTC [1006] WARNING:  no privileges were granted for "similarity_dist"
2026-10-06T13:17:55.8739971Z  2026-10-06 13:17:17.690 UTC [1006] WARNING:  no privileges were granted for "word_similarity_dist_op"
2026-10-06T13:17:55.8740254Z  2026-10-06 13:17:17.690 UTC [1006] WARNING:  no privileges were granted for "word_similarity_dist_commutator_op"
2026-10-06T13:17:55.8740448Z  2026-10-06 13:17:17.690 UTC [1006] WARNING:  no privileges were granted for "gtrgm_in"
2026-10-06T13:17:55.8740639Z  2026-10-06 13:17:17.691 UTC [1006] WARNING:  no privileges were granted for "gtrgm_out"
2026-10-06T13:17:55.8740863Z  2026-10-06 13:17:17.691 UTC [1006] WARNING:  no privileges were granted for "gtrgm_consistent"
2026-10-06T13:17:55.8741074Z  2026-10-06 13:17:17.691 UTC [1006] WARNING:  no privileges were granted for "gtrgm_distance"
2026-10-06T13:17:55.8741279Z  2026-10-06 13:17:17.691 UTC [1006] WARNING:  no privileges were granted for "gtrgm_compress"
2026-10-06T13:17:55.8741498Z  2026-10-06 13:17:17.691 UTC [1006] WARNING:  no privileges were granted for "gtrgm_decompress"
2026-10-06T13:17:55.8741709Z  2026-10-06 13:17:17.691 UTC [1006] WARNING:  no privileges were granted for "gtrgm_penalty"
2026-10-06T13:17:55.8741922Z  2026-10-06 13:17:17.691 UTC [1006] WARNING:  no privileges were granted for "gtrgm_picksplit"
2026-10-06T13:17:55.8742120Z  2026-10-06 13:17:17.691 UTC [1006] WARNING:  no privileges were granted for "gtrgm_union"
2026-10-06T13:17:55.8742317Z  2026-10-06 13:17:17.691 UTC [1006] WARNING:  no privileges were granted for "gtrgm_same"
2026-10-06T13:17:55.8742661Z  2026-10-06 13:17:17.691 UTC [1006] WARNING:  no privileges were granted for "gin_extract_value_trgm"
2026-10-06T13:17:55.8742896Z  2026-10-06 13:17:17.691 UTC [1006] WARNING:  no privileges were granted for "gin_extract_query_trgm"
2026-10-06T13:17:55.8743126Z  2026-10-06 13:17:17.691 UTC [1006] WARNING:  no privileges were granted for "gin_trgm_consistent"
2026-10-06T13:17:55.8743357Z  2026-10-06 13:17:17.691 UTC [1006] WARNING:  no privileges were granted for "gin_trgm_triconsistent"
2026-10-06T13:17:55.8743589Z  2026-10-06 13:17:17.691 UTC [1006] WARNING:  no privileges were granted for "strict_word_similarity"
2026-10-06T13:17:55.8743836Z  2026-10-06 13:17:17.691 UTC [1006] WARNING:  no privileges were granted for "strict_word_similarity_op"
2026-10-06T13:17:55.8744123Z  2026-10-06 13:17:17.691 UTC [1006] WARNING:  no privileges were granted for "strict_word_similarity_commutator_op"
2026-10-06T13:17:55.8744386Z  2026-10-06 13:17:17.691 UTC [1006] WARNING:  no privileges were granted for "strict_word_similarity_dist_op"
2026-10-06T13:17:55.8744698Z  2026-10-06 13:17:17.691 UTC [1006] WARNING:  no privileges were granted for "strict_word_similarity_dist_commutator_op"
2026-10-06T13:17:55.8744907Z  2026-10-06 13:17:17.691 UTC [1006] WARNING:  no privileges were granted for "gtrgm_options"
2026-10-06T13:17:55.8745296Z  2026-10-06 13:17:19.628 UTC [1014] ERROR:  relation "graphile_worker.migrations" does not exist at character 85
2026-10-06T13:17:55.8745582Z  2026-10-06 13:17:19.628 UTC [1014] STATEMENT:  select current_setting('server_version_num') as server_version_num,
2026-10-06T13:17:55.8745899Z  	(select id from "graphile_worker".migrations order by id desc limit 1) as id,
2026-10-06T13:17:55.8746229Z  	(select id from "graphile_worker".migrations where breaking is true order by id desc limit 1) as biggest_breaking_id;
2026-10-06T13:17:55.8746297Z  	
2026-10-06T13:17:55.8746496Z  2026-10-06 13:17:19.710 UTC [1014] WARNING:  no privileges were granted for "set_limit"
2026-10-06T13:17:55.8746695Z  2026-10-06 13:17:19.711 UTC [1014] WARNING:  no privileges were granted for "show_limit"
2026-10-06T13:17:55.8746884Z  2026-10-06 13:17:19.711 UTC [1014] WARNING:  no privileges were granted for "show_trgm"
2026-10-06T13:17:55.8747079Z  2026-10-06 13:17:19.711 UTC [1014] WARNING:  no privileges were granted for "similarity"
2026-10-06T13:17:55.8747288Z  2026-10-06 13:17:19.711 UTC [1014] WARNING:  no privileges were granted for "similarity_op"
2026-10-06T13:17:55.8747498Z  2026-10-06 13:17:19.711 UTC [1014] WARNING:  no privileges were granted for "word_similarity"
2026-10-06T13:17:55.8747724Z  2026-10-06 13:17:19.711 UTC [1014] WARNING:  no privileges were granted for "word_similarity_op"
2026-10-06T13:17:55.8747986Z  2026-10-06 13:17:19.711 UTC [1014] WARNING:  no privileges were granted for "word_similarity_commutator_op"
2026-10-06T13:17:55.8748197Z  2026-10-06 13:17:19.711 UTC [1014] WARNING:  no privileges were granted for "similarity_dist"
2026-10-06T13:17:55.8748435Z  2026-10-06 13:17:19.712 UTC [1014] WARNING:  no privileges were granted for "word_similarity_dist_op"
2026-10-06T13:17:55.8748717Z  2026-10-06 13:17:19.712 UTC [1014] WARNING:  no privileges were granted for "word_similarity_dist_commutator_op"
2026-10-06T13:17:55.8748907Z  2026-10-06 13:17:19.712 UTC [1014] WARNING:  no privileges were granted for "gtrgm_in"
2026-10-06T13:17:55.8749092Z  2026-10-06 13:17:19.712 UTC [1014] WARNING:  no privileges were granted for "gtrgm_out"
2026-10-06T13:17:55.8749307Z  2026-10-06 13:17:19.712 UTC [1014] WARNING:  no privileges were granted for "gtrgm_consistent"
2026-10-06T13:17:55.8749518Z  2026-10-06 13:17:19.712 UTC [1014] WARNING:  no privileges were granted for "gtrgm_distance"
2026-10-06T13:17:55.8749725Z  2026-10-06 13:17:19.712 UTC [1014] WARNING:  no privileges were granted for "gtrgm_compress"
2026-10-06T13:17:55.8749942Z  2026-10-06 13:17:19.712 UTC [1014] WARNING:  no privileges were granted for "gtrgm_decompress"
2026-10-06T13:17:55.8750145Z  2026-10-06 13:17:19.712 UTC [1014] WARNING:  no privileges were granted for "gtrgm_penalty"
2026-10-06T13:17:55.8750467Z  2026-10-06 13:17:19.713 UTC [1014] WARNING:  no privileges were granted for "gtrgm_picksplit"
2026-10-06T13:17:55.8750674Z  2026-10-06 13:17:19.713 UTC [1014] WARNING:  no privileges were granted for "gtrgm_union"
2026-10-06T13:17:55.8750871Z  2026-10-06 13:17:19.713 UTC [1014] WARNING:  no privileges were granted for "gtrgm_same"
2026-10-06T13:17:55.8751106Z  2026-10-06 13:17:19.713 UTC [1014] WARNING:  no privileges were granted for "gin_extract_value_trgm"
2026-10-06T13:17:55.8751339Z  2026-10-06 13:17:19.713 UTC [1014] WARNING:  no privileges were granted for "gin_extract_query_trgm"
2026-10-06T13:17:55.8751570Z  2026-10-06 13:17:19.713 UTC [1014] WARNING:  no privileges were granted for "gin_trgm_consistent"
2026-10-06T13:17:55.8751801Z  2026-10-06 13:17:19.713 UTC [1014] WARNING:  no privileges were granted for "gin_trgm_triconsistent"
2026-10-06T13:17:55.8752029Z  2026-10-06 13:17:19.713 UTC [1014] WARNING:  no privileges were granted for "strict_word_similarity"
2026-10-06T13:17:55.8752283Z  2026-10-06 13:17:19.713 UTC [1014] WARNING:  no privileges were granted for "strict_word_similarity_op"
2026-10-06T13:17:55.8752565Z  2026-10-06 13:17:19.714 UTC [1014] WARNING:  no privileges were granted for "strict_word_similarity_commutator_op"
2026-10-06T13:17:55.8752828Z  2026-10-06 13:17:19.714 UTC [1014] WARNING:  no privileges were granted for "strict_word_similarity_dist_op"
2026-10-06T13:17:55.8753130Z  2026-10-06 13:17:19.714 UTC [1014] WARNING:  no privileges were granted for "strict_word_similarity_dist_commutator_op"
2026-10-06T13:17:55.8753415Z  2026-10-06 13:17:19.714 UTC [1014] WARNING:  no privileges were granted for "gtrgm_options"
2026-10-06T13:17:55.8753595Z  2026-10-06 13:17:22.114 UTC [62] LOG:  checkpoint starting: immediate force wait
2026-10-06T13:17:55.8754414Z  2026-10-06 13:17:22.130 UTC [62] LOG:  checkpoint complete: wrote 727 buffers (4.4%); 0 WAL file(s) added, 0 removed, 1 recycled; write=0.009 s, sync=0.004 s, total=0.017 s; sync files=390, longest=0.001 s, average=0.001 s; distance=13160 kB, estimate=16498 kB; lsn=0/1C14A3C8, redo lsn=0/1C14A390
2026-10-06T13:17:55.8754596Z  2026-10-06 13:17:22.580 UTC [62] LOG:  checkpoint starting: immediate force wait
2026-10-06T13:17:55.8755515Z  2026-10-06 13:17:22.611 UTC [62] LOG:  checkpoint complete: wrote 388 buffers (2.4%); 0 WAL file(s) added, 0 removed, 0 recycled; write=0.008 s, sync=0.022 s, total=0.032 s; sync files=183, longest=0.003 s, average=0.001 s; distance=1544 kB, estimate=15003 kB; lsn=0/1C588C90, redo lsn=0/1C2CC650
2026-10-06T13:17:55.8755798Z  2026-10-06 13:17:23.301 UTC [1033] ERROR:  relation "graphile_worker.migrations" does not exist at character 85
2026-10-06T13:17:55.8756082Z  2026-10-06 13:17:23.301 UTC [1033] STATEMENT:  select current_setting('server_version_num') as server_version_num,
2026-10-06T13:17:55.8756281Z  	(select id from "graphile_worker".migrations order by id desc limit 1) as id,
2026-10-06T13:17:55.8756612Z  	(select id from "graphile_worker".migrations where breaking is true order by id desc limit 1) as biggest_breaking_id;
2026-10-06T13:17:55.8756681Z  	
2026-10-06T13:17:55.8756882Z  2026-10-06 13:17:23.391 UTC [1033] WARNING:  no privileges were granted for "set_limit"
2026-10-06T13:17:55.8757081Z  2026-10-06 13:17:23.391 UTC [1033] WARNING:  no privileges were granted for "show_limit"
2026-10-06T13:17:55.8757271Z  2026-10-06 13:17:23.391 UTC [1033] WARNING:  no privileges were granted for "show_trgm"
2026-10-06T13:17:55.8757468Z  2026-10-06 13:17:23.391 UTC [1033] WARNING:  no privileges were granted for "similarity"
2026-10-06T13:17:55.8757681Z  2026-10-06 13:17:23.391 UTC [1033] WARNING:  no privileges were granted for "similarity_op"
2026-10-06T13:17:55.8757892Z  2026-10-06 13:17:23.391 UTC [1033] WARNING:  no privileges were granted for "word_similarity"
2026-10-06T13:17:55.8758119Z  2026-10-06 13:17:23.391 UTC [1033] WARNING:  no privileges were granted for "word_similarity_op"
2026-10-06T13:17:55.8758495Z  2026-10-06 13:17:23.391 UTC [1033] WARNING:  no privileges were granted for "word_similarity_commutator_op"
2026-10-06T13:17:55.8758710Z  2026-10-06 13:17:23.391 UTC [1033] WARNING:  no privileges were granted for "similarity_dist"
2026-10-06T13:17:55.8758951Z  2026-10-06 13:17:23.391 UTC [1033] WARNING:  no privileges were granted for "word_similarity_dist_op"
2026-10-06T13:17:55.8759230Z  2026-10-06 13:17:23.392 UTC [1033] WARNING:  no privileges were granted for "word_similarity_dist_commutator_op"
2026-10-06T13:17:55.8759420Z  2026-10-06 13:17:23.392 UTC [1033] WARNING:  no privileges were granted for "gtrgm_in"
2026-10-06T13:17:55.8759611Z  2026-10-06 13:17:23.392 UTC [1033] WARNING:  no privileges were granted for "gtrgm_out"
2026-10-06T13:17:55.8759826Z  2026-10-06 13:17:23.392 UTC [1033] WARNING:  no privileges were granted for "gtrgm_consistent"
2026-10-06T13:17:55.8760037Z  2026-10-06 13:17:23.392 UTC [1033] WARNING:  no privileges were granted for "gtrgm_distance"
2026-10-06T13:17:55.8760248Z  2026-10-06 13:17:23.392 UTC [1033] WARNING:  no privileges were granted for "gtrgm_compress"
2026-10-06T13:17:55.8760466Z  2026-10-06 13:17:23.392 UTC [1033] WARNING:  no privileges were granted for "gtrgm_decompress"
2026-10-06T13:17:55.8760671Z  2026-10-06 13:17:23.392 UTC [1033] WARNING:  no privileges were granted for "gtrgm_penalty"
2026-10-06T13:17:55.8760879Z  2026-10-06 13:17:23.392 UTC [1033] WARNING:  no privileges were granted for "gtrgm_picksplit"
2026-10-06T13:17:55.8761081Z  2026-10-06 13:17:23.392 UTC [1033] WARNING:  no privileges were granted for "gtrgm_union"
2026-10-06T13:17:55.8761385Z  2026-10-06 13:17:23.392 UTC [1033] WARNING:  no privileges were granted for "gtrgm_same"
2026-10-06T13:17:55.8761620Z  2026-10-06 13:17:23.392 UTC [1033] WARNING:  no privileges were granted for "gin_extract_value_trgm"
2026-10-06T13:17:55.8761850Z  2026-10-06 13:17:23.392 UTC [1033] WARNING:  no privileges were granted for "gin_extract_query_trgm"
2026-10-06T13:17:55.8762081Z  2026-10-06 13:17:23.392 UTC [1033] WARNING:  no privileges were granted for "gin_trgm_consistent"
2026-10-06T13:17:55.8762314Z  2026-10-06 13:17:23.392 UTC [1033] WARNING:  no privileges were granted for "gin_trgm_triconsistent"
2026-10-06T13:17:55.8762544Z  2026-10-06 13:17:23.392 UTC [1033] WARNING:  no privileges were granted for "strict_word_similarity"
2026-10-06T13:17:55.8762792Z  2026-10-06 13:17:23.392 UTC [1033] WARNING:  no privileges were granted for "strict_word_similarity_op"
2026-10-06T13:17:55.8763076Z  2026-10-06 13:17:23.392 UTC [1033] WARNING:  no privileges were granted for "strict_word_similarity_commutator_op"
2026-10-06T13:17:55.8763343Z  2026-10-06 13:17:23.392 UTC [1033] WARNING:  no privileges were granted for "strict_word_similarity_dist_op"
2026-10-06T13:17:55.8763646Z  2026-10-06 13:17:23.392 UTC [1033] WARNING:  no privileges were granted for "strict_word_similarity_dist_commutator_op"
2026-10-06T13:17:55.8763856Z  2026-10-06 13:17:23.392 UTC [1033] WARNING:  no privileges were granted for "gtrgm_options"
2026-10-06T13:17:55.8764075Z  2026-10-06 13:17:23.541 UTC [1037] FATAL:  terminating connection due to administrator command
2026-10-06T13:17:55.8764292Z  2026-10-06 13:17:23.732 UTC [1042] FATAL:  terminating connection due to administrator command
2026-10-06T13:17:55.8764470Z  2026-10-06 13:17:23.748 UTC [62] LOG:  checkpoint starting: immediate force wait
2026-10-06T13:17:55.8765383Z  2026-10-06 13:17:23.750 UTC [62] LOG:  checkpoint complete: wrote 20 buffers (0.1%); 0 WAL file(s) added, 0 removed, 0 recycled; write=0.001 s, sync=0.001 s, total=0.003 s; sync files=9, longest=0.001 s, average=0.001 s; distance=7736 kB, estimate=14276 kB; lsn=0/1CA5A7B8, redo lsn=0/1CA5A780
2026-10-06T13:17:55.8765670Z  2026-10-06 13:17:24.976 UTC [1046] ERROR:  relation "graphile_worker.migrations" does not exist at character 85
2026-10-06T13:17:55.8765958Z  2026-10-06 13:17:24.976 UTC [1046] STATEMENT:  select current_setting('server_version_num') as server_version_num,
2026-10-06T13:17:55.8766155Z  	(select id from "graphile_worker".migrations order by id desc limit 1) as id,
2026-10-06T13:17:55.8766594Z  	(select id from "graphile_worker".migrations where breaking is true order by id desc limit 1) as biggest_breaking_id;
2026-10-06T13:17:55.8766669Z  	
2026-10-06T13:17:55.8766870Z  2026-10-06 13:17:25.084 UTC [1046] WARNING:  no privileges were granted for "set_limit"
2026-10-06T13:17:55.8767065Z  2026-10-06 13:17:25.084 UTC [1046] WARNING:  no privileges were granted for "show_limit"
2026-10-06T13:17:55.8767257Z  2026-10-06 13:17:25.084 UTC [1046] WARNING:  no privileges were granted for "show_trgm"
2026-10-06T13:17:55.8767457Z  2026-10-06 13:17:25.084 UTC [1046] WARNING:  no privileges were granted for "similarity"
2026-10-06T13:17:55.8767662Z  2026-10-06 13:17:25.085 UTC [1046] WARNING:  no privileges were granted for "similarity_op"
2026-10-06T13:17:55.8767877Z  2026-10-06 13:17:25.085 UTC [1046] WARNING:  no privileges were granted for "word_similarity"
2026-10-06T13:17:55.8768102Z  2026-10-06 13:17:25.085 UTC [1046] WARNING:  no privileges were granted for "word_similarity_op"
2026-10-06T13:17:55.8768365Z  2026-10-06 13:17:25.085 UTC [1046] WARNING:  no privileges were granted for "word_similarity_commutator_op"
2026-10-06T13:17:55.8768576Z  2026-10-06 13:17:25.085 UTC [1046] WARNING:  no privileges were granted for "similarity_dist"
2026-10-06T13:17:55.8768814Z  2026-10-06 13:17:25.085 UTC [1046] WARNING:  no privileges were granted for "word_similarity_dist_op"
2026-10-06T13:17:55.8769093Z  2026-10-06 13:17:25.085 UTC [1046] WARNING:  no privileges were granted for "word_similarity_dist_commutator_op"
2026-10-06T13:17:55.8769393Z  2026-10-06 13:17:25.085 UTC [1046] WARNING:  no privileges were granted for "gtrgm_in"
2026-10-06T13:17:55.8769584Z  2026-10-06 13:17:25.085 UTC [1046] WARNING:  no privileges were granted for "gtrgm_out"
2026-10-06T13:17:55.8769797Z  2026-10-06 13:17:25.086 UTC [1046] WARNING:  no privileges were granted for "gtrgm_consistent"
2026-10-06T13:17:55.8770004Z  2026-10-06 13:17:25.086 UTC [1046] WARNING:  no privileges were granted for "gtrgm_distance"
2026-10-06T13:17:55.8770215Z  2026-10-06 13:17:25.086 UTC [1046] WARNING:  no privileges were granted for "gtrgm_compress"
2026-10-06T13:17:55.8770427Z  2026-10-06 13:17:25.086 UTC [1046] WARNING:  no privileges were granted for "gtrgm_decompress"
2026-10-06T13:17:55.8770632Z  2026-10-06 13:17:25.086 UTC [1046] WARNING:  no privileges were granted for "gtrgm_penalty"
2026-10-06T13:17:55.8770839Z  2026-10-06 13:17:25.086 UTC [1046] WARNING:  no privileges were granted for "gtrgm_picksplit"
2026-10-06T13:17:55.8771048Z  2026-10-06 13:17:25.086 UTC [1046] WARNING:  no privileges were granted for "gtrgm_union"
2026-10-06T13:17:55.8771245Z  2026-10-06 13:17:25.086 UTC [1046] WARNING:  no privileges were granted for "gtrgm_same"
2026-10-06T13:17:55.8771477Z  2026-10-06 13:17:25.086 UTC [1046] WARNING:  no privileges were granted for "gin_extract_value_trgm"
2026-10-06T13:17:55.8771709Z  2026-10-06 13:17:25.086 UTC [1046] WARNING:  no privileges were granted for "gin_extract_query_trgm"
2026-10-06T13:17:55.8771940Z  2026-10-06 13:17:25.086 UTC [1046] WARNING:  no privileges were granted for "gin_trgm_consistent"
2026-10-06T13:17:55.8772170Z  2026-10-06 13:17:25.086 UTC [1046] WARNING:  no privileges were granted for "gin_trgm_triconsistent"
2026-10-06T13:17:55.8772403Z  2026-10-06 13:17:25.086 UTC [1046] WARNING:  no privileges were granted for "strict_word_similarity"
2026-10-06T13:17:55.8772649Z  2026-10-06 13:17:25.086 UTC [1046] WARNING:  no privileges were granted for "strict_word_similarity_op"
2026-10-06T13:17:55.8772933Z  2026-10-06 13:17:25.086 UTC [1046] WARNING:  no privileges were granted for "strict_word_similarity_commutator_op"
2026-10-06T13:17:55.8773199Z  2026-10-06 13:17:25.086 UTC [1046] WARNING:  no privileges were granted for "strict_word_similarity_dist_op"
2026-10-06T13:17:55.8773502Z  2026-10-06 13:17:25.086 UTC [1046] WARNING:  no privileges were granted for "strict_word_similarity_dist_commutator_op"
2026-10-06T13:17:55.8773790Z  2026-10-06 13:17:25.086 UTC [1046] WARNING:  no privileges were granted for "gtrgm_options"
2026-10-06T13:17:55.8774071Z  2026-10-06 13:17:25.482 UTC [1049] ERROR:  relation "graphile_worker.migrations" does not exist at character 85
2026-10-06T13:17:55.8774355Z  2026-10-06 13:17:25.482 UTC [1049] STATEMENT:  select current_setting('server_version_num') as server_version_num,
2026-10-06T13:17:55.8774558Z  	(select id from "graphile_worker".migrations order by id desc limit 1) as id,
2026-10-06T13:17:55.8774886Z  	(select id from "graphile_worker".migrations where breaking is true order by id desc limit 1) as biggest_breaking_id;
2026-10-06T13:17:55.8774964Z  	
2026-10-06T13:17:55.8775379Z  2026-10-06 13:17:25.598 UTC [1049] WARNING:  no privileges were granted for "set_limit"
2026-10-06T13:17:55.8775578Z  2026-10-06 13:17:25.598 UTC [1049] WARNING:  no privileges were granted for "show_limit"
2026-10-06T13:17:55.8780452Z  2026-10-06 13:17:25.598 UTC [1049] WARNING:  no privileges were granted for "show_trgm"
2026-10-06T13:17:55.8780726Z  2026-10-06 13:17:25.598 UTC [1049] WARNING:  no privileges were granted for "similarity"
2026-10-06T13:17:55.8780966Z  2026-10-06 13:17:25.598 UTC [1049] WARNING:  no privileges were granted for "similarity_op"
2026-10-06T13:17:55.8781204Z  2026-10-06 13:17:25.598 UTC [1049] WARNING:  no privileges were granted for "word_similarity"
2026-10-06T13:17:55.8781442Z  2026-10-06 13:17:25.598 UTC [1049] WARNING:  no privileges were granted for "word_similarity_op"
2026-10-06T13:17:55.8781715Z  2026-10-06 13:17:25.598 UTC [1049] WARNING:  no privileges were granted for "word_similarity_commutator_op"
2026-10-06T13:17:55.8782108Z  2026-10-06 13:17:25.598 UTC [1049] WARNING:  no privileges were granted for "similarity_dist"
2026-10-06T13:17:55.8782368Z  2026-10-06 13:17:25.598 UTC [1049] WARNING:  no privileges were granted for "word_similarity_dist_op"
2026-10-06T13:17:55.8782670Z  2026-10-06 13:17:25.599 UTC [1049] WARNING:  no privileges were granted for "word_similarity_dist_commutator_op"
2026-10-06T13:17:55.8782888Z  2026-10-06 13:17:25.599 UTC [1049] WARNING:  no privileges were granted for "gtrgm_in"
2026-10-06T13:17:55.8783097Z  2026-10-06 13:17:25.599 UTC [1049] WARNING:  no privileges were granted for "gtrgm_out"
2026-10-06T13:17:55.8783327Z  2026-10-06 13:17:25.599 UTC [1049] WARNING:  no privileges were granted for "gtrgm_consistent"
2026-10-06T13:17:55.8783543Z  2026-10-06 13:17:25.599 UTC [1049] WARNING:  no privileges were granted for "gtrgm_distance"
2026-10-06T13:17:55.8783753Z  2026-10-06 13:17:25.599 UTC [1049] WARNING:  no privileges were granted for "gtrgm_compress"
2026-10-06T13:17:55.8783971Z  2026-10-06 13:17:25.599 UTC [1049] WARNING:  no privileges were granted for "gtrgm_decompress"
2026-10-06T13:17:55.8784179Z  2026-10-06 13:17:25.600 UTC [1049] WARNING:  no privileges were granted for "gtrgm_penalty"
2026-10-06T13:17:55.8784390Z  2026-10-06 13:17:25.600 UTC [1049] WARNING:  no privileges were granted for "gtrgm_picksplit"
2026-10-06T13:17:55.8784597Z  2026-10-06 13:17:25.600 UTC [1049] WARNING:  no privileges were granted for "gtrgm_union"
2026-10-06T13:17:55.8784802Z  2026-10-06 13:17:25.600 UTC [1049] WARNING:  no privileges were granted for "gtrgm_same"
2026-10-06T13:17:55.8785466Z  2026-10-06 13:17:25.600 UTC [1049] WARNING:  no privileges were granted for "gin_extract_value_trgm"
2026-10-06T13:17:55.8785741Z  2026-10-06 13:17:25.601 UTC [1049] WARNING:  no privileges were granted for "gin_extract_query_trgm"
2026-10-06T13:17:55.8785987Z  2026-10-06 13:17:25.601 UTC [1049] WARNING:  no privileges were granted for "gin_trgm_consistent"
2026-10-06T13:17:55.8786236Z  2026-10-06 13:17:25.601 UTC [1049] WARNING:  no privileges were granted for "gin_trgm_triconsistent"
2026-10-06T13:17:55.8786470Z  2026-10-06 13:17:25.601 UTC [1049] WARNING:  no privileges were granted for "strict_word_similarity"
2026-10-06T13:17:55.8786724Z  2026-10-06 13:17:25.601 UTC [1049] WARNING:  no privileges were granted for "strict_word_similarity_op"
2026-10-06T13:17:55.8787150Z  2026-10-06 13:17:25.602 UTC [1049] WARNING:  no privileges were granted for "strict_word_similarity_commutator_op"
2026-10-06T13:17:55.8787430Z  2026-10-06 13:17:25.602 UTC [1049] WARNING:  no privileges were granted for "strict_word_similarity_dist_op"
2026-10-06T13:17:55.8787736Z  2026-10-06 13:17:25.602 UTC [1049] WARNING:  no privileges were granted for "strict_word_similarity_dist_commutator_op"
2026-10-06T13:17:55.8787950Z  2026-10-06 13:17:25.602 UTC [1049] WARNING:  no privileges were granted for "gtrgm_options"
2026-10-06T13:17:55.8788138Z  2026-10-06 13:17:26.012 UTC [62] LOG:  checkpoint starting: immediate force wait
2026-10-06T13:17:55.8788967Z  2026-10-06 13:17:26.056 UTC [62] LOG:  checkpoint complete: wrote 1431 buffers (8.7%); 0 WAL file(s) added, 0 removed, 1 recycled; write=0.025 s, sync=0.014 s, total=0.045 s; sync files=983, longest=0.002 s, average=0.001 s; distance=17891 kB, estimate=17891 kB; lsn=0/1DBD5378, redo lsn=0/1DBD36F0
2026-10-06T13:17:55.8789146Z  2026-10-06 13:17:26.103 UTC [62] LOG:  checkpoint starting: immediate force wait
2026-10-06T13:17:55.8789927Z  2026-10-06 13:17:26.107 UTC [62] LOG:  checkpoint complete: wrote 9 buffers (0.1%); 0 WAL file(s) added, 0 removed, 0 recycled; write=0.002 s, sync=0.001 s, total=0.005 s; sync files=4, longest=0.001 s, average=0.001 s; distance=65 kB, estimate=16109 kB; lsn=0/1DBE3CE8, redo lsn=0/1DBE3CA8
2026-10-06T13:17:55.8790218Z  2026-10-06 13:17:27.375 UTC [1073] ERROR:  relation "graphile_worker.migrations" does not exist at character 85
2026-10-06T13:17:55.8790505Z  2026-10-06 13:17:27.375 UTC [1073] STATEMENT:  select current_setting('server_version_num') as server_version_num,
2026-10-06T13:17:55.8790823Z  	(select id from "graphile_worker".migrations order by id desc limit 1) as id,
2026-10-06T13:17:55.8791156Z  	(select id from "graphile_worker".migrations where breaking is true order by id desc limit 1) as biggest_breaking_id;
2026-10-06T13:17:55.8791225Z  	
2026-10-06T13:17:55.8791440Z  2026-10-06 13:17:27.465 UTC [1073] WARNING:  no privileges were granted for "set_limit"
2026-10-06T13:17:55.8791648Z  2026-10-06 13:17:27.465 UTC [1073] WARNING:  no privileges were granted for "show_limit"
2026-10-06T13:17:55.8791840Z  2026-10-06 13:17:27.465 UTC [1073] WARNING:  no privileges were granted for "show_trgm"
2026-10-06T13:17:55.8792037Z  2026-10-06 13:17:27.465 UTC [1073] WARNING:  no privileges were granted for "similarity"
2026-10-06T13:17:55.8792254Z  2026-10-06 13:17:27.466 UTC [1073] WARNING:  no privileges were granted for "similarity_op"
2026-10-06T13:17:55.8792470Z  2026-10-06 13:17:27.466 UTC [1073] WARNING:  no privileges were granted for "word_similarity"
2026-10-06T13:17:55.8792701Z  2026-10-06 13:17:27.466 UTC [1073] WARNING:  no privileges were granted for "word_similarity_op"
2026-10-06T13:17:55.8792967Z  2026-10-06 13:17:27.466 UTC [1073] WARNING:  no privileges were granted for "word_similarity_commutator_op"
2026-10-06T13:17:55.8793182Z  2026-10-06 13:17:27.466 UTC [1073] WARNING:  no privileges were granted for "similarity_dist"
2026-10-06T13:17:55.8793426Z  2026-10-06 13:17:27.467 UTC [1073] WARNING:  no privileges were granted for "word_similarity_dist_op"
2026-10-06T13:17:55.8793709Z  2026-10-06 13:17:27.467 UTC [1073] WARNING:  no privileges were granted for "word_similarity_dist_commutator_op"
2026-10-06T13:17:55.8793901Z  2026-10-06 13:17:27.467 UTC [1073] WARNING:  no privileges were granted for "gtrgm_in"
2026-10-06T13:17:55.8794089Z  2026-10-06 13:17:27.467 UTC [1073] WARNING:  no privileges were granted for "gtrgm_out"
2026-10-06T13:17:55.8794310Z  2026-10-06 13:17:27.468 UTC [1073] WARNING:  no privileges were granted for "gtrgm_consistent"
2026-10-06T13:17:55.8794523Z  2026-10-06 13:17:27.468 UTC [1073] WARNING:  no privileges were granted for "gtrgm_distance"
2026-10-06T13:17:55.8794732Z  2026-10-06 13:17:27.468 UTC [1073] WARNING:  no privileges were granted for "gtrgm_compress"
2026-10-06T13:17:55.8794948Z  2026-10-06 13:17:27.468 UTC [1073] WARNING:  no privileges were granted for "gtrgm_decompress"
2026-10-06T13:17:55.8795410Z  2026-10-06 13:17:27.468 UTC [1073] WARNING:  no privileges were granted for "gtrgm_penalty"
2026-10-06T13:17:55.8795627Z  2026-10-06 13:17:27.468 UTC [1073] WARNING:  no privileges were granted for "gtrgm_picksplit"
2026-10-06T13:17:55.8795829Z  2026-10-06 13:17:27.469 UTC [1073] WARNING:  no privileges were granted for "gtrgm_union"
2026-10-06T13:17:55.8796024Z  2026-10-06 13:17:27.469 UTC [1073] WARNING:  no privileges were granted for "gtrgm_same"
2026-10-06T13:17:55.8796262Z  2026-10-06 13:17:27.469 UTC [1073] WARNING:  no privileges were granted for "gin_extract_value_trgm"
2026-10-06T13:17:55.8796495Z  2026-10-06 13:17:27.469 UTC [1073] WARNING:  no privileges were granted for "gin_extract_query_trgm"
2026-10-06T13:17:55.8796723Z  2026-10-06 13:17:27.469 UTC [1073] WARNING:  no privileges were granted for "gin_trgm_consistent"
2026-10-06T13:17:55.8796956Z  2026-10-06 13:17:27.469 UTC [1073] WARNING:  no privileges were granted for "gin_trgm_triconsistent"
2026-10-06T13:17:55.8797184Z  2026-10-06 13:17:27.469 UTC [1073] WARNING:  no privileges were granted for "strict_word_similarity"
2026-10-06T13:17:55.8797434Z  2026-10-06 13:17:27.469 UTC [1073] WARNING:  no privileges were granted for "strict_word_similarity_op"
2026-10-06T13:17:55.8797725Z  2026-10-06 13:17:27.469 UTC [1073] WARNING:  no privileges were granted for "strict_word_similarity_commutator_op"
2026-10-06T13:17:55.8797989Z  2026-10-06 13:17:27.469 UTC [1073] WARNING:  no privileges were granted for "strict_word_similarity_dist_op"
2026-10-06T13:17:55.8798296Z  2026-10-06 13:17:27.469 UTC [1073] WARNING:  no privileges were granted for "strict_word_similarity_dist_commutator_op"
2026-10-06T13:17:55.8798654Z  2026-10-06 13:17:27.469 UTC [1073] WARNING:  no privileges were granted for "gtrgm_options"
2026-10-06T13:17:55.8798837Z  2026-10-06 13:17:28.101 UTC [62] LOG:  checkpoint starting: immediate force wait
2026-10-06T13:17:55.8799661Z  2026-10-06 13:17:28.161 UTC [62] LOG:  checkpoint complete: wrote 1898 buffers (11.6%); 0 WAL file(s) added, 0 removed, 1 recycled; write=0.037 s, sync=0.021 s, total=0.061 s; sync files=658, longest=0.002 s, average=0.001 s; distance=17580 kB, estimate=17580 kB; lsn=0/1EDEE578, redo lsn=0/1ED0F058
2026-10-06T13:17:55.8799951Z  2026-10-06 13:17:28.799 UTC [1080] ERROR:  relation "graphile_worker.migrations" does not exist at character 85
2026-10-06T13:17:55.8800238Z  2026-10-06 13:17:28.799 UTC [1080] STATEMENT:  select current_setting('server_version_num') as server_version_num,
2026-10-06T13:17:55.8800442Z  	(select id from "graphile_worker".migrations order by id desc limit 1) as id,
2026-10-06T13:17:55.8800785Z  	(select id from "graphile_worker".migrations where breaking is true order by id desc limit 1) as biggest_breaking_id;
2026-10-06T13:17:55.8800859Z  	
2026-10-06T13:17:55.8801144Z  2026-10-06 13:17:28.829 UTC [1081] ERROR:  relation "graphile_worker.migrations" does not exist at character 85
2026-10-06T13:17:55.8801433Z  2026-10-06 13:17:28.829 UTC [1081] STATEMENT:  select current_setting('server_version_num') as server_version_num,
2026-10-06T13:17:55.8801633Z  	(select id from "graphile_worker".migrations order by id desc limit 1) as id,
2026-10-06T13:17:55.8801957Z  	(select id from "graphile_worker".migrations where breaking is true order by id desc limit 1) as biggest_breaking_id;
2026-10-06T13:17:55.8802025Z  	
2026-10-06T13:17:55.8802232Z  2026-10-06 13:17:28.916 UTC [1080] WARNING:  no privileges were granted for "set_limit"
2026-10-06T13:17:55.8802434Z  2026-10-06 13:17:28.916 UTC [1080] WARNING:  no privileges were granted for "show_limit"
2026-10-06T13:17:55.8802628Z  2026-10-06 13:17:28.916 UTC [1080] WARNING:  no privileges were granted for "show_trgm"
2026-10-06T13:17:55.8802824Z  2026-10-06 13:17:28.916 UTC [1080] WARNING:  no privileges were granted for "similarity"
2026-10-06T13:17:55.8803035Z  2026-10-06 13:17:28.916 UTC [1080] WARNING:  no privileges were granted for "similarity_op"
2026-10-06T13:17:55.8803249Z  2026-10-06 13:17:28.916 UTC [1080] WARNING:  no privileges were granted for "word_similarity"
2026-10-06T13:17:55.8803558Z  2026-10-06 13:17:28.916 UTC [1080] WARNING:  no privileges were granted for "word_similarity_op"
2026-10-06T13:17:55.8803829Z  2026-10-06 13:17:28.916 UTC [1080] WARNING:  no privileges were granted for "word_similarity_commutator_op"
2026-10-06T13:17:55.8804040Z  2026-10-06 13:17:28.916 UTC [1080] WARNING:  no privileges were granted for "similarity_dist"
2026-10-06T13:17:55.8804284Z  2026-10-06 13:17:28.917 UTC [1080] WARNING:  no privileges were granted for "word_similarity_dist_op"
2026-10-06T13:17:55.8804576Z  2026-10-06 13:17:28.917 UTC [1080] WARNING:  no privileges were granted for "word_similarity_dist_commutator_op"
2026-10-06T13:17:55.8804775Z  2026-10-06 13:17:28.917 UTC [1080] WARNING:  no privileges were granted for "gtrgm_in"
2026-10-06T13:17:55.8804967Z  2026-10-06 13:17:28.917 UTC [1080] WARNING:  no privileges were granted for "gtrgm_out"
2026-10-06T13:17:55.8805309Z  2026-10-06 13:17:28.919 UTC [1080] WARNING:  no privileges were granted for "gtrgm_consistent"
2026-10-06T13:17:55.8805529Z  2026-10-06 13:17:28.919 UTC [1080] WARNING:  no privileges were granted for "gtrgm_distance"
2026-10-06T13:17:55.8805745Z  2026-10-06 13:17:28.919 UTC [1080] WARNING:  no privileges were granted for "gtrgm_compress"
2026-10-06T13:17:55.8805965Z  2026-10-06 13:17:28.919 UTC [1080] WARNING:  no privileges were granted for "gtrgm_decompress"
2026-10-06T13:17:55.8806178Z  2026-10-06 13:17:28.919 UTC [1080] WARNING:  no privileges were granted for "gtrgm_penalty"
2026-10-06T13:17:55.8806390Z  2026-10-06 13:17:28.919 UTC [1080] WARNING:  no privileges were granted for "gtrgm_picksplit"
2026-10-06T13:17:55.8806712Z  2026-10-06 13:17:28.919 UTC [1080] WARNING:  no privileges were granted for "gtrgm_union"
2026-10-06T13:17:55.8806916Z  2026-10-06 13:17:28.919 UTC [1080] WARNING:  no privileges were granted for "gtrgm_same"
2026-10-06T13:17:55.8807156Z  2026-10-06 13:17:28.920 UTC [1080] WARNING:  no privileges were granted for "gin_extract_value_trgm"
2026-10-06T13:17:55.8807394Z  2026-10-06 13:17:28.920 UTC [1080] WARNING:  no privileges were granted for "gin_extract_query_trgm"
2026-10-06T13:17:55.8807626Z  2026-10-06 13:17:28.920 UTC [1080] WARNING:  no privileges were granted for "gin_trgm_consistent"
2026-10-06T13:17:55.8807858Z  2026-10-06 13:17:28.920 UTC [1080] WARNING:  no privileges were granted for "gin_trgm_triconsistent"
2026-10-06T13:17:55.8808085Z  2026-10-06 13:17:28.920 UTC [1080] WARNING:  no privileges were granted for "strict_word_similarity"
2026-10-06T13:17:55.8808332Z  2026-10-06 13:17:28.920 UTC [1080] WARNING:  no privileges were granted for "strict_word_similarity_op"
2026-10-06T13:17:55.8808630Z  2026-10-06 13:17:28.920 UTC [1080] WARNING:  no privileges were granted for "strict_word_similarity_commutator_op"
2026-10-06T13:17:55.8808899Z  2026-10-06 13:17:28.920 UTC [1080] WARNING:  no privileges were granted for "strict_word_similarity_dist_op"
2026-10-06T13:17:55.8809206Z  2026-10-06 13:17:28.920 UTC [1080] WARNING:  no privileges were granted for "strict_word_similarity_dist_commutator_op"
2026-10-06T13:17:55.8809419Z  2026-10-06 13:17:28.920 UTC [1080] WARNING:  no privileges were granted for "gtrgm_options"
2026-10-06T13:17:55.8809610Z  2026-10-06 13:17:28.956 UTC [1081] WARNING:  no privileges were granted for "set_limit"
2026-10-06T13:17:55.8809803Z  2026-10-06 13:17:28.957 UTC [1081] WARNING:  no privileges were granted for "show_limit"
2026-10-06T13:17:55.8809993Z  2026-10-06 13:17:28.957 UTC [1081] WARNING:  no privileges were granted for "show_trgm"
2026-10-06T13:17:55.8810187Z  2026-10-06 13:17:28.957 UTC [1081] WARNING:  no privileges were granted for "similarity"
2026-10-06T13:17:55.8810395Z  2026-10-06 13:17:28.957 UTC [1081] WARNING:  no privileges were granted for "similarity_op"
2026-10-06T13:17:55.8810609Z  2026-10-06 13:17:28.957 UTC [1081] WARNING:  no privileges were granted for "word_similarity"
2026-10-06T13:17:55.8810834Z  2026-10-06 13:17:28.958 UTC [1081] WARNING:  no privileges were granted for "word_similarity_op"
2026-10-06T13:17:55.8811205Z  2026-10-06 13:17:28.958 UTC [1081] WARNING:  no privileges were granted for "word_similarity_commutator_op"
2026-10-06T13:17:55.8811427Z  2026-10-06 13:17:28.958 UTC [1081] WARNING:  no privileges were granted for "similarity_dist"
2026-10-06T13:17:55.8811667Z  2026-10-06 13:17:28.958 UTC [1081] WARNING:  no privileges were granted for "word_similarity_dist_op"
2026-10-06T13:17:55.8811946Z  2026-10-06 13:17:28.958 UTC [1081] WARNING:  no privileges were granted for "word_similarity_dist_commutator_op"
2026-10-06T13:17:55.8812142Z  2026-10-06 13:17:28.958 UTC [1081] WARNING:  no privileges were granted for "gtrgm_in"
2026-10-06T13:17:55.8812333Z  2026-10-06 13:17:28.958 UTC [1081] WARNING:  no privileges were granted for "gtrgm_out"
2026-10-06T13:17:55.8812546Z  2026-10-06 13:17:28.958 UTC [1081] WARNING:  no privileges were granted for "gtrgm_consistent"
2026-10-06T13:17:55.8812757Z  2026-10-06 13:17:28.958 UTC [1081] WARNING:  no privileges were granted for "gtrgm_distance"
2026-10-06T13:17:55.8812966Z  2026-10-06 13:17:28.958 UTC [1081] WARNING:  no privileges were granted for "gtrgm_compress"
2026-10-06T13:17:55.8813177Z  2026-10-06 13:17:28.958 UTC [1081] WARNING:  no privileges were granted for "gtrgm_decompress"
2026-10-06T13:17:55.8813383Z  2026-10-06 13:17:28.958 UTC [1081] WARNING:  no privileges were granted for "gtrgm_penalty"
2026-10-06T13:17:55.8813595Z  2026-10-06 13:17:28.958 UTC [1081] WARNING:  no privileges were granted for "gtrgm_picksplit"
2026-10-06T13:17:55.8813795Z  2026-10-06 13:17:28.958 UTC [1081] WARNING:  no privileges were granted for "gtrgm_union"
2026-10-06T13:17:55.8814065Z  2026-10-06 13:17:28.958 UTC [1081] WARNING:  no privileges were granted for "gtrgm_same"
2026-10-06T13:17:55.8814298Z  2026-10-06 13:17:28.958 UTC [1081] WARNING:  no privileges were granted for "gin_extract_value_trgm"
2026-10-06T13:17:55.8814530Z  2026-10-06 13:17:28.958 UTC [1081] WARNING:  no privileges were granted for "gin_extract_query_trgm"
2026-10-06T13:17:55.8814754Z  2026-10-06 13:17:28.958 UTC [1081] WARNING:  no privileges were granted for "gin_trgm_consistent"
2026-10-06T13:17:55.8815097Z  2026-10-06 13:17:28.958 UTC [1081] WARNING:  no privileges were granted for "gin_trgm_triconsistent"
2026-10-06T13:17:55.8815330Z  2026-10-06 13:17:28.958 UTC [1081] WARNING:  no privileges were granted for "strict_word_similarity"
2026-10-06T13:17:55.8815573Z  2026-10-06 13:17:28.959 UTC [1081] WARNING:  no privileges were granted for "strict_word_similarity_op"
2026-10-06T13:17:55.8815858Z  2026-10-06 13:17:28.959 UTC [1081] WARNING:  no privileges were granted for "strict_word_similarity_commutator_op"
2026-10-06T13:17:55.8816127Z  2026-10-06 13:17:28.959 UTC [1081] WARNING:  no privileges were granted for "strict_word_similarity_dist_op"
2026-10-06T13:17:55.8816427Z  2026-10-06 13:17:28.959 UTC [1081] WARNING:  no privileges were granted for "strict_word_similarity_dist_commutator_op"
2026-10-06T13:17:55.8816630Z  2026-10-06 13:17:28.959 UTC [1081] WARNING:  no privileges were granted for "gtrgm_options"
2026-10-06T13:17:55.8816814Z  2026-10-06 13:17:29.768 UTC [62] LOG:  checkpoint starting: immediate force wait
2026-10-06T13:17:55.8817641Z  2026-10-06 13:17:29.792 UTC [62] LOG:  checkpoint complete: wrote 638 buffers (3.9%); 0 WAL file(s) added, 0 removed, 1 recycled; write=0.010 s, sync=0.011 s, total=0.025 s; sync files=754, longest=0.001 s, average=0.001 s; distance=10796 kB, estimate=16902 kB; lsn=0/1F79A5E0, redo lsn=0/1F79A348
2026-10-06T13:17:55.8817815Z  2026-10-06 13:17:30.364 UTC [62] LOG:  checkpoint starting: immediate force wait
2026-10-06T13:17:55.8818604Z  2026-10-06 13:17:30.368 UTC [62] LOG:  checkpoint complete: wrote 14 buffers (0.1%); 0 WAL file(s) added, 0 removed, 0 recycled; write=0.001 s, sync=0.001 s, total=0.005 s; sync files=4, longest=0.001 s, average=0.001 s; distance=77 kB, estimate=15220 kB; lsn=0/1F7ADA98, redo lsn=0/1F7ADA60
2026-10-06T13:17:55.8818890Z  2026-10-06 13:17:32.078 UTC [1103] ERROR:  relation "graphile_worker.migrations" does not exist at character 85
2026-10-06T13:17:55.8819293Z  2026-10-06 13:17:32.078 UTC [1103] STATEMENT:  select current_setting('server_version_num') as server_version_num,
2026-10-06T13:17:55.8819496Z  	(select id from "graphile_worker".migrations order by id desc limit 1) as id,
2026-10-06T13:17:55.8819827Z  	(select id from "graphile_worker".migrations where breaking is true order by id desc limit 1) as biggest_breaking_id;
2026-10-06T13:17:55.8819901Z  	
2026-10-06T13:17:55.8820094Z  2026-10-06 13:17:32.201 UTC [1103] WARNING:  no privileges were granted for "set_limit"
2026-10-06T13:17:55.8820294Z  2026-10-06 13:17:32.201 UTC [1103] WARNING:  no privileges were granted for "show_limit"
2026-10-06T13:17:55.8820484Z  2026-10-06 13:17:32.201 UTC [1103] WARNING:  no privileges were granted for "show_trgm"
2026-10-06T13:17:55.8820674Z  2026-10-06 13:17:32.201 UTC [1103] WARNING:  no privileges were granted for "similarity"
2026-10-06T13:17:55.8820881Z  2026-10-06 13:17:32.201 UTC [1103] WARNING:  no privileges were granted for "similarity_op"
2026-10-06T13:17:55.8821098Z  2026-10-06 13:17:32.201 UTC [1103] WARNING:  no privileges were granted for "word_similarity"
2026-10-06T13:17:55.8821319Z  2026-10-06 13:17:32.201 UTC [1103] WARNING:  no privileges were granted for "word_similarity_op"
2026-10-06T13:17:55.8821582Z  2026-10-06 13:17:32.202 UTC [1103] WARNING:  no privileges were granted for "word_similarity_commutator_op"
2026-10-06T13:17:55.8821794Z  2026-10-06 13:17:32.202 UTC [1103] WARNING:  no privileges were granted for "similarity_dist"
2026-10-06T13:17:55.8822147Z  2026-10-06 13:17:32.202 UTC [1103] WARNING:  no privileges were granted for "word_similarity_dist_op"
2026-10-06T13:17:55.8822422Z  2026-10-06 13:17:32.202 UTC [1103] WARNING:  no privileges were granted for "word_similarity_dist_commutator_op"
2026-10-06T13:17:55.8822613Z  2026-10-06 13:17:32.202 UTC [1103] WARNING:  no privileges were granted for "gtrgm_in"
2026-10-06T13:17:55.8822803Z  2026-10-06 13:17:32.202 UTC [1103] WARNING:  no privileges were granted for "gtrgm_out"
2026-10-06T13:17:55.8823020Z  2026-10-06 13:17:32.202 UTC [1103] WARNING:  no privileges were granted for "gtrgm_consistent"
2026-10-06T13:17:55.8823233Z  2026-10-06 13:17:32.202 UTC [1103] WARNING:  no privileges were granted for "gtrgm_distance"
2026-10-06T13:17:55.8823440Z  2026-10-06 13:17:32.202 UTC [1103] WARNING:  no privileges were granted for "gtrgm_compress"
2026-10-06T13:17:55.8823651Z  2026-10-06 13:17:32.202 UTC [1103] WARNING:  no privileges were granted for "gtrgm_decompress"
2026-10-06T13:17:55.8823855Z  2026-10-06 13:17:32.202 UTC [1103] WARNING:  no privileges were granted for "gtrgm_penalty"
2026-10-06T13:17:55.8824084Z  2026-10-06 13:17:32.203 UTC [1103] WARNING:  no privileges were granted for "gtrgm_picksplit"
2026-10-06T13:17:55.8824317Z  2026-10-06 13:17:32.203 UTC [1103] WARNING:  no privileges were granted for "gtrgm_union"
2026-10-06T13:17:55.8824517Z  2026-10-06 13:17:32.203 UTC [1103] WARNING:  no privileges were granted for "gtrgm_same"
2026-10-06T13:17:55.8824755Z  2026-10-06 13:17:32.203 UTC [1103] WARNING:  no privileges were granted for "gin_extract_value_trgm"
2026-10-06T13:17:55.8825100Z  2026-10-06 13:17:32.203 UTC [1103] WARNING:  no privileges were granted for "gin_extract_query_trgm"
2026-10-06T13:17:55.8825326Z  2026-10-06 13:17:32.203 UTC [1103] WARNING:  no privileges were granted for "gin_trgm_consistent"
2026-10-06T13:17:55.8825558Z  2026-10-06 13:17:32.203 UTC [1103] WARNING:  no privileges were granted for "gin_trgm_triconsistent"
2026-10-06T13:17:55.8825790Z  2026-10-06 13:17:32.204 UTC [1103] WARNING:  no privileges were granted for "strict_word_similarity"
2026-10-06T13:17:55.8826037Z  2026-10-06 13:17:32.204 UTC [1103] WARNING:  no privileges were granted for "strict_word_similarity_op"
2026-10-06T13:17:55.8826320Z  2026-10-06 13:17:32.204 UTC [1103] WARNING:  no privileges were granted for "strict_word_similarity_commutator_op"
2026-10-06T13:17:55.8826587Z  2026-10-06 13:17:32.204 UTC [1103] WARNING:  no privileges were granted for "strict_word_similarity_dist_op"
2026-10-06T13:17:55.8827023Z  2026-10-06 13:17:32.204 UTC [1103] WARNING:  no privileges were granted for "strict_word_similarity_dist_commutator_op"
2026-10-06T13:17:55.8827238Z  2026-10-06 13:17:32.204 UTC [1103] WARNING:  no privileges were granted for "gtrgm_options"
2026-10-06T13:17:55.8827416Z  2026-10-06 13:17:32.410 UTC [62] LOG:  checkpoint starting: immediate force wait
2026-10-06T13:17:55.8828214Z  2026-10-06 13:17:32.413 UTC [62] LOG:  checkpoint complete: wrote 36 buffers (0.2%); 0 WAL file(s) added, 0 removed, 1 recycled; write=0.002 s, sync=0.001 s, total=0.004 s; sync files=11, longest=0.001 s, average=0.001 s; distance=9050 kB, estimate=14603 kB; lsn=0/20084450, redo lsn=0/20084418
2026-10-06T13:17:55.8828499Z  2026-10-06 13:17:33.944 UTC [1109] ERROR:  relation "graphile_worker.migrations" does not exist at character 85
2026-10-06T13:17:55.8828782Z  2026-10-06 13:17:33.944 UTC [1109] STATEMENT:  select current_setting('server_version_num') as server_version_num,
2026-10-06T13:17:55.8828982Z  	(select id from "graphile_worker".migrations order by id desc limit 1) as id,
2026-10-06T13:17:55.8829305Z  	(select id from "graphile_worker".migrations where breaking is true order by id desc limit 1) as biggest_breaking_id;
2026-10-06T13:17:55.8829378Z  	
2026-10-06T13:17:55.8829580Z  2026-10-06 13:17:34.066 UTC [1109] WARNING:  no privileges were granted for "set_limit"
2026-10-06T13:17:55.8829773Z  2026-10-06 13:17:34.066 UTC [1109] WARNING:  no privileges were granted for "show_limit"
2026-10-06T13:17:55.8829961Z  2026-10-06 13:17:34.067 UTC [1109] WARNING:  no privileges were granted for "show_trgm"
2026-10-06T13:17:55.8830275Z  2026-10-06 13:17:34.067 UTC [1109] WARNING:  no privileges were granted for "similarity"
2026-10-06T13:17:55.8830482Z  2026-10-06 13:17:34.068 UTC [1109] WARNING:  no privileges were granted for "similarity_op"
2026-10-06T13:17:55.8830690Z  2026-10-06 13:17:34.068 UTC [1109] WARNING:  no privileges were granted for "word_similarity"
2026-10-06T13:17:55.8830917Z  2026-10-06 13:17:34.068 UTC [1109] WARNING:  no privileges were granted for "word_similarity_op"
2026-10-06T13:17:55.8831178Z  2026-10-06 13:17:34.069 UTC [1109] WARNING:  no privileges were granted for "word_similarity_commutator_op"
2026-10-06T13:17:55.8831385Z  2026-10-06 13:17:34.069 UTC [1109] WARNING:  no privileges were granted for "similarity_dist"
2026-10-06T13:17:55.8831624Z  2026-10-06 13:17:34.070 UTC [1109] WARNING:  no privileges were granted for "word_similarity_dist_op"
2026-10-06T13:17:55.8831901Z  2026-10-06 13:17:34.070 UTC [1109] WARNING:  no privileges were granted for "word_similarity_dist_commutator_op"
2026-10-06T13:17:55.8832091Z  2026-10-06 13:17:34.070 UTC [1109] WARNING:  no privileges were granted for "gtrgm_in"
2026-10-06T13:17:55.8832287Z  2026-10-06 13:17:34.071 UTC [1109] WARNING:  no privileges were granted for "gtrgm_out"
2026-10-06T13:17:55.8832505Z  2026-10-06 13:17:34.071 UTC [1109] WARNING:  no privileges were granted for "gtrgm_consistent"
2026-10-06T13:17:55.8832716Z  2026-10-06 13:17:34.071 UTC [1109] WARNING:  no privileges were granted for "gtrgm_distance"
2026-10-06T13:17:55.8832923Z  2026-10-06 13:17:34.072 UTC [1109] WARNING:  no privileges were granted for "gtrgm_compress"
2026-10-06T13:17:55.8833137Z  2026-10-06 13:17:34.072 UTC [1109] WARNING:  no privileges were granted for "gtrgm_decompress"
2026-10-06T13:17:55.8833340Z  2026-10-06 13:17:34.072 UTC [1109] WARNING:  no privileges were granted for "gtrgm_penalty"
2026-10-06T13:17:55.8833547Z  2026-10-06 13:17:34.072 UTC [1109] WARNING:  no privileges were granted for "gtrgm_picksplit"
2026-10-06T13:17:55.8833753Z  2026-10-06 13:17:34.072 UTC [1109] WARNING:  no privileges were granted for "gtrgm_union"
2026-10-06T13:17:55.8833950Z  2026-10-06 13:17:34.072 UTC [1109] WARNING:  no privileges were granted for "gtrgm_same"
2026-10-06T13:17:55.8834181Z  2026-10-06 13:17:34.072 UTC [1109] WARNING:  no privileges were granted for "gin_extract_value_trgm"
2026-10-06T13:17:55.8834412Z  2026-10-06 13:17:34.072 UTC [1109] WARNING:  no privileges were granted for "gin_extract_query_trgm"
2026-10-06T13:17:55.8834722Z  2026-10-06 13:17:34.072 UTC [1109] WARNING:  no privileges were granted for "gin_trgm_consistent"
2026-10-06T13:17:55.8834954Z  2026-10-06 13:17:34.072 UTC [1109] WARNING:  no privileges were granted for "gin_trgm_triconsistent"
2026-10-06T13:17:55.8835304Z  2026-10-06 13:17:34.073 UTC [1109] WARNING:  no privileges were granted for "strict_word_similarity"
2026-10-06T13:17:55.8835552Z  2026-10-06 13:17:34.073 UTC [1109] WARNING:  no privileges were granted for "strict_word_similarity_op"
2026-10-06T13:17:55.8835838Z  2026-10-06 13:17:34.073 UTC [1109] WARNING:  no privileges were granted for "strict_word_similarity_commutator_op"
2026-10-06T13:17:55.8836102Z  2026-10-06 13:17:34.073 UTC [1109] WARNING:  no privileges were granted for "strict_word_similarity_dist_op"
2026-10-06T13:17:55.8836403Z  2026-10-06 13:17:34.073 UTC [1109] WARNING:  no privileges were granted for "strict_word_similarity_dist_commutator_op"
2026-10-06T13:17:55.8836614Z  2026-10-06 13:17:34.073 UTC [1109] WARNING:  no privileges were granted for "gtrgm_options"
2026-10-06T13:17:55.8836790Z  2026-10-06 13:17:35.057 UTC [62] LOG:  checkpoint starting: immediate force wait
2026-10-06T13:17:55.8837590Z  2026-10-06 13:17:35.061 UTC [62] LOG:  checkpoint complete: wrote 30 buffers (0.2%); 0 WAL file(s) added, 0 removed, 0 recycled; write=0.001 s, sync=0.001 s, total=0.005 s; sync files=10, longest=0.001 s, average=0.001 s; distance=9028 kB, estimate=14045 kB; lsn=0/20955490, redo lsn=0/20955458
2026-10-06T13:17:55.8837992Z  2026-10-06 13:17:36.246 UTC [1119] ERROR:  relation "graphile_worker.migrations" does not exist at character 85
2026-10-06T13:17:55.8838275Z  2026-10-06 13:17:36.246 UTC [1119] STATEMENT:  select current_setting('server_version_num') as server_version_num,
2026-10-06T13:17:55.8838474Z  	(select id from "graphile_worker".migrations order by id desc limit 1) as id,
2026-10-06T13:17:55.8838804Z  	(select id from "graphile_worker".migrations where breaking is true order by id desc limit 1) as biggest_breaking_id;
2026-10-06T13:17:55.8838877Z  	
2026-10-06T13:17:55.8839072Z  2026-10-06 13:17:36.372 UTC [1119] WARNING:  no privileges were granted for "set_limit"
2026-10-06T13:17:55.8839272Z  2026-10-06 13:17:36.372 UTC [1119] WARNING:  no privileges were granted for "show_limit"
2026-10-06T13:17:55.8839463Z  2026-10-06 13:17:36.372 UTC [1119] WARNING:  no privileges were granted for "show_trgm"
2026-10-06T13:17:55.8839652Z  2026-10-06 13:17:36.373 UTC [1119] WARNING:  no privileges were granted for "similarity"
2026-10-06T13:17:55.8839864Z  2026-10-06 13:17:36.373 UTC [1119] WARNING:  no privileges were granted for "similarity_op"
2026-10-06T13:17:55.8840077Z  2026-10-06 13:17:36.373 UTC [1119] WARNING:  no privileges were granted for "word_similarity"
2026-10-06T13:17:55.8840296Z  2026-10-06 13:17:36.374 UTC [1119] WARNING:  no privileges were granted for "word_similarity_op"
2026-10-06T13:17:55.8840561Z  2026-10-06 13:17:36.374 UTC [1119] WARNING:  no privileges were granted for "word_similarity_commutator_op"
2026-10-06T13:17:55.8840774Z  2026-10-06 13:17:36.374 UTC [1119] WARNING:  no privileges were granted for "similarity_dist"
2026-10-06T13:17:55.8841009Z  2026-10-06 13:17:36.375 UTC [1119] WARNING:  no privileges were granted for "word_similarity_dist_op"
2026-10-06T13:17:55.8841285Z  2026-10-06 13:17:36.375 UTC [1119] WARNING:  no privileges were granted for "word_similarity_dist_commutator_op"
2026-10-06T13:17:55.8841474Z  2026-10-06 13:17:36.375 UTC [1119] WARNING:  no privileges were granted for "gtrgm_in"
2026-10-06T13:17:55.8841667Z  2026-10-06 13:17:36.375 UTC [1119] WARNING:  no privileges were granted for "gtrgm_out"
2026-10-06T13:17:55.8841879Z  2026-10-06 13:17:36.376 UTC [1119] WARNING:  no privileges were granted for "gtrgm_consistent"
2026-10-06T13:17:55.8842087Z  2026-10-06 13:17:36.376 UTC [1119] WARNING:  no privileges were granted for "gtrgm_distance"
2026-10-06T13:17:55.8842296Z  2026-10-06 13:17:36.376 UTC [1119] WARNING:  no privileges were granted for "gtrgm_compress"
2026-10-06T13:17:55.8842615Z  2026-10-06 13:17:36.376 UTC [1119] WARNING:  no privileges were granted for "gtrgm_decompress"
2026-10-06T13:17:55.8842825Z  2026-10-06 13:17:36.377 UTC [1119] WARNING:  no privileges were granted for "gtrgm_penalty"
2026-10-06T13:17:55.8843035Z  2026-10-06 13:17:36.377 UTC [1119] WARNING:  no privileges were granted for "gtrgm_picksplit"
2026-10-06T13:17:55.8843232Z  2026-10-06 13:17:36.377 UTC [1119] WARNING:  no privileges were granted for "gtrgm_union"
2026-10-06T13:17:55.8843429Z  2026-10-06 13:17:36.377 UTC [1119] WARNING:  no privileges were granted for "gtrgm_same"
2026-10-06T13:17:55.8843665Z  2026-10-06 13:17:36.378 UTC [1119] WARNING:  no privileges were granted for "gin_extract_value_trgm"
2026-10-06T13:17:55.8843894Z  2026-10-06 13:17:36.378 UTC [1119] WARNING:  no privileges were granted for "gin_extract_query_trgm"
2026-10-06T13:17:55.8844121Z  2026-10-06 13:17:36.378 UTC [1119] WARNING:  no privileges were granted for "gin_trgm_consistent"
2026-10-06T13:17:55.8844358Z  2026-10-06 13:17:36.378 UTC [1119] WARNING:  no privileges were granted for "gin_trgm_triconsistent"
2026-10-06T13:17:55.8844586Z  2026-10-06 13:17:36.379 UTC [1119] WARNING:  no privileges were granted for "strict_word_similarity"
2026-10-06T13:17:55.8844829Z  2026-10-06 13:17:36.379 UTC [1119] WARNING:  no privileges were granted for "strict_word_similarity_op"
2026-10-06T13:17:55.8845224Z  2026-10-06 13:17:36.379 UTC [1119] WARNING:  no privileges were granted for "strict_word_similarity_commutator_op"
2026-10-06T13:17:55.8845625Z  2026-10-06 13:17:36.379 UTC [1119] WARNING:  no privileges were granted for "strict_word_similarity_dist_op"
2026-10-06T13:17:55.8845933Z  2026-10-06 13:17:36.380 UTC [1119] WARNING:  no privileges were granted for "strict_word_similarity_dist_commutator_op"
2026-10-06T13:17:55.8846146Z  2026-10-06 13:17:36.380 UTC [1119] WARNING:  no privileges were granted for "gtrgm_options"
2026-10-06T13:17:55.8846330Z  2026-10-06 13:17:36.694 UTC [62] LOG:  checkpoint starting: immediate force wait
2026-10-06T13:17:55.8847128Z  2026-10-06 13:17:36.697 UTC [62] LOG:  checkpoint complete: wrote 28 buffers (0.2%); 0 WAL file(s) added, 0 removed, 1 recycled; write=0.001 s, sync=0.001 s, total=0.003 s; sync files=10, longest=0.001 s, average=0.001 s; distance=9029 kB, estimate=13543 kB; lsn=0/212269C8, redo lsn=0/21226990
2026-10-06T13:17:55.8847413Z  2026-10-06 13:17:38.137 UTC [1132] ERROR:  relation "graphile_worker.migrations" does not exist at character 85
2026-10-06T13:17:55.8847702Z  2026-10-06 13:17:38.137 UTC [1132] STATEMENT:  select current_setting('server_version_num') as server_version_num,
2026-10-06T13:17:55.8847901Z  	(select id from "graphile_worker".migrations order by id desc limit 1) as id,
2026-10-06T13:17:55.8848221Z  	(select id from "graphile_worker".migrations where breaking is true order by id desc limit 1) as biggest_breaking_id;
2026-10-06T13:17:55.8848293Z  	
2026-10-06T13:17:55.8848490Z  2026-10-06 13:17:38.253 UTC [1132] WARNING:  no privileges were granted for "set_limit"
2026-10-06T13:17:55.8848686Z  2026-10-06 13:17:38.253 UTC [1132] WARNING:  no privileges were granted for "show_limit"
2026-10-06T13:17:55.8848877Z  2026-10-06 13:17:38.254 UTC [1132] WARNING:  no privileges were granted for "show_trgm"
2026-10-06T13:17:55.8849071Z  2026-10-06 13:17:38.254 UTC [1132] WARNING:  no privileges were granted for "similarity"
2026-10-06T13:17:55.8849275Z  2026-10-06 13:17:38.254 UTC [1132] WARNING:  no privileges were granted for "similarity_op"
2026-10-06T13:17:55.8849497Z  2026-10-06 13:17:38.255 UTC [1132] WARNING:  no privileges were granted for "word_similarity"
2026-10-06T13:17:55.8849724Z  2026-10-06 13:17:38.255 UTC [1132] WARNING:  no privileges were granted for "word_similarity_op"
2026-10-06T13:17:55.8849984Z  2026-10-06 13:17:38.255 UTC [1132] WARNING:  no privileges were granted for "word_similarity_commutator_op"
2026-10-06T13:17:55.8850195Z  2026-10-06 13:17:38.256 UTC [1132] WARNING:  no privileges were granted for "similarity_dist"
2026-10-06T13:17:55.8850543Z  2026-10-06 13:17:38.256 UTC [1132] WARNING:  no privileges were granted for "word_similarity_dist_op"
2026-10-06T13:17:55.8850827Z  2026-10-06 13:17:38.256 UTC [1132] WARNING:  no privileges were granted for "word_similarity_dist_commutator_op"
2026-10-06T13:17:55.8851012Z  2026-10-06 13:17:38.257 UTC [1132] WARNING:  no privileges were granted for "gtrgm_in"
2026-10-06T13:17:55.8851200Z  2026-10-06 13:17:38.257 UTC [1132] WARNING:  no privileges were granted for "gtrgm_out"
2026-10-06T13:17:55.8851418Z  2026-10-06 13:17:38.258 UTC [1132] WARNING:  no privileges were granted for "gtrgm_consistent"
2026-10-06T13:17:55.8851622Z  2026-10-06 13:17:38.258 UTC [1132] WARNING:  no privileges were granted for "gtrgm_distance"
2026-10-06T13:17:55.8851830Z  2026-10-06 13:17:38.258 UTC [1132] WARNING:  no privileges were granted for "gtrgm_compress"
2026-10-06T13:17:55.8852041Z  2026-10-06 13:17:38.259 UTC [1132] WARNING:  no privileges were granted for "gtrgm_decompress"
2026-10-06T13:17:55.8852243Z  2026-10-06 13:17:38.259 UTC [1132] WARNING:  no privileges were granted for "gtrgm_penalty"
2026-10-06T13:17:55.8852453Z  2026-10-06 13:17:38.259 UTC [1132] WARNING:  no privileges were granted for "gtrgm_picksplit"
2026-10-06T13:17:55.8852653Z  2026-10-06 13:17:38.260 UTC [1132] WARNING:  no privileges were granted for "gtrgm_union"
2026-10-06T13:17:55.8852843Z  2026-10-06 13:17:38.260 UTC [1132] WARNING:  no privileges were granted for "gtrgm_same"
2026-10-06T13:17:55.8853077Z  2026-10-06 13:17:38.260 UTC [1132] WARNING:  no privileges were granted for "gin_extract_value_trgm"
2026-10-06T13:17:55.8853390Z  2026-10-06 13:17:38.261 UTC [1132] WARNING:  no privileges were granted for "gin_extract_query_trgm"
2026-10-06T13:17:55.8853616Z  2026-10-06 13:17:38.261 UTC [1132] WARNING:  no privileges were granted for "gin_trgm_consistent"
2026-10-06T13:17:55.8853844Z  2026-10-06 13:17:38.261 UTC [1132] WARNING:  no privileges were granted for "gin_trgm_triconsistent"
2026-10-06T13:17:55.8854078Z  2026-10-06 13:17:38.261 UTC [1132] WARNING:  no privileges were granted for "strict_word_similarity"
2026-10-06T13:17:55.8854322Z  2026-10-06 13:17:38.262 UTC [1132] WARNING:  no privileges were granted for "strict_word_similarity_op"
2026-10-06T13:17:55.8854597Z  2026-10-06 13:17:38.262 UTC [1132] WARNING:  no privileges were granted for "strict_word_similarity_commutator_op"
2026-10-06T13:17:55.8854866Z  2026-10-06 13:17:38.262 UTC [1132] WARNING:  no privileges were granted for "strict_word_similarity_dist_op"
2026-10-06T13:17:55.8855284Z  2026-10-06 13:17:38.262 UTC [1132] WARNING:  no privileges were granted for "strict_word_similarity_dist_commutator_op"
2026-10-06T13:17:55.8855490Z  2026-10-06 13:17:38.263 UTC [1132] WARNING:  no privileges were granted for "gtrgm_options"
2026-10-06T13:17:55.8855665Z  2026-10-06 13:17:38.532 UTC [62] LOG:  checkpoint starting: immediate force wait
2026-10-06T13:17:55.8856478Z  2026-10-06 13:17:38.565 UTC [62] LOG:  checkpoint complete: wrote 1054 buffers (6.4%); 0 WAL file(s) added, 0 removed, 1 recycled; write=0.022 s, sync=0.010 s, total=0.034 s; sync files=497, longest=0.001 s, average=0.001 s; distance=14299 kB, estimate=14299 kB; lsn=0/220B1330, redo lsn=0/2201D960
2026-10-06T13:17:55.8856762Z  2026-10-06 13:17:39.032 UTC [1137] ERROR:  relation "graphile_worker.migrations" does not exist at character 85
2026-10-06T13:17:55.8857045Z  2026-10-06 13:17:39.032 UTC [1137] STATEMENT:  select current_setting('server_version_num') as server_version_num,
2026-10-06T13:17:55.8857246Z  	(select id from "graphile_worker".migrations order by id desc limit 1) as id,
2026-10-06T13:17:55.8857573Z  	(select id from "graphile_worker".migrations where breaking is true order by id desc limit 1) as biggest_breaking_id;
2026-10-06T13:17:55.8857642Z  	
2026-10-06T13:17:55.8857837Z  2026-10-06 13:17:39.164 UTC [1137] WARNING:  no privileges were granted for "set_limit"
2026-10-06T13:17:55.8858032Z  2026-10-06 13:17:39.164 UTC [1137] WARNING:  no privileges were granted for "show_limit"
2026-10-06T13:17:55.8858367Z  2026-10-06 13:17:39.164 UTC [1137] WARNING:  no privileges were granted for "show_trgm"
2026-10-06T13:17:55.8858563Z  2026-10-06 13:17:39.164 UTC [1137] WARNING:  no privileges were granted for "similarity"
2026-10-06T13:17:55.8858772Z  2026-10-06 13:17:39.164 UTC [1137] WARNING:  no privileges were granted for "similarity_op"
2026-10-06T13:17:55.8858983Z  2026-10-06 13:17:39.164 UTC [1137] WARNING:  no privileges were granted for "word_similarity"
2026-10-06T13:17:55.8859204Z  2026-10-06 13:17:39.164 UTC [1137] WARNING:  no privileges were granted for "word_similarity_op"
2026-10-06T13:17:55.8859470Z  2026-10-06 13:17:39.164 UTC [1137] WARNING:  no privileges were granted for "word_similarity_commutator_op"
2026-10-06T13:17:55.8859680Z  2026-10-06 13:17:39.165 UTC [1137] WARNING:  no privileges were granted for "similarity_dist"
2026-10-06T13:17:55.8859914Z  2026-10-06 13:17:39.165 UTC [1137] WARNING:  no privileges were granted for "word_similarity_dist_op"
2026-10-06T13:17:55.8860197Z  2026-10-06 13:17:39.165 UTC [1137] WARNING:  no privileges were granted for "word_similarity_dist_commutator_op"
2026-10-06T13:17:55.8860389Z  2026-10-06 13:17:39.165 UTC [1137] WARNING:  no privileges were granted for "gtrgm_in"
2026-10-06T13:17:55.8860577Z  2026-10-06 13:17:39.165 UTC [1137] WARNING:  no privileges were granted for "gtrgm_out"
2026-10-06T13:17:55.8860792Z  2026-10-06 13:17:39.165 UTC [1137] WARNING:  no privileges were granted for "gtrgm_consistent"
2026-10-06T13:17:55.8861001Z  2026-10-06 13:17:39.165 UTC [1137] WARNING:  no privileges were granted for "gtrgm_distance"
2026-10-06T13:17:55.8861318Z  2026-10-06 13:17:39.165 UTC [1137] WARNING:  no privileges were granted for "gtrgm_compress"
2026-10-06T13:17:55.8861529Z  2026-10-06 13:17:39.165 UTC [1137] WARNING:  no privileges were granted for "gtrgm_decompress"
2026-10-06T13:17:55.8861732Z  2026-10-06 13:17:39.166 UTC [1137] WARNING:  no privileges were granted for "gtrgm_penalty"
2026-10-06T13:17:55.8861945Z  2026-10-06 13:17:39.166 UTC [1137] WARNING:  no privileges were granted for "gtrgm_picksplit"
2026-10-06T13:17:55.8862143Z  2026-10-06 13:17:39.166 UTC [1137] WARNING:  no privileges were granted for "gtrgm_union"
2026-10-06T13:17:55.8862337Z  2026-10-06 13:17:39.166 UTC [1137] WARNING:  no privileges were granted for "gtrgm_same"
2026-10-06T13:17:55.8862571Z  2026-10-06 13:17:39.166 UTC [1137] WARNING:  no privileges were granted for "gin_extract_value_trgm"
2026-10-06T13:17:55.8862801Z  2026-10-06 13:17:39.166 UTC [1137] WARNING:  no privileges were granted for "gin_extract_query_trgm"
2026-10-06T13:17:55.8863029Z  2026-10-06 13:17:39.166 UTC [1137] WARNING:  no privileges were granted for "gin_trgm_consistent"
2026-10-06T13:17:55.8863260Z  2026-10-06 13:17:39.166 UTC [1137] WARNING:  no privileges were granted for "gin_trgm_triconsistent"
2026-10-06T13:17:55.8863488Z  2026-10-06 13:17:39.166 UTC [1137] WARNING:  no privileges were granted for "strict_word_similarity"
2026-10-06T13:17:55.8863738Z  2026-10-06 13:17:39.166 UTC [1137] WARNING:  no privileges were granted for "strict_word_similarity_op"
2026-10-06T13:17:55.8864021Z  2026-10-06 13:17:39.166 UTC [1137] WARNING:  no privileges were granted for "strict_word_similarity_commutator_op"
2026-10-06T13:17:55.8864287Z  2026-10-06 13:17:39.166 UTC [1137] WARNING:  no privileges were granted for "strict_word_similarity_dist_op"
2026-10-06T13:17:55.8864584Z  2026-10-06 13:17:39.166 UTC [1137] WARNING:  no privileges were granted for "strict_word_similarity_dist_commutator_op"
2026-10-06T13:17:55.8864793Z  2026-10-06 13:17:39.166 UTC [1137] WARNING:  no privileges were granted for "gtrgm_options"
2026-10-06T13:17:55.8864970Z  2026-10-06 13:17:39.433 UTC [62] LOG:  checkpoint starting: immediate force wait
2026-10-06T13:17:55.8865878Z  2026-10-06 13:17:39.436 UTC [62] LOG:  checkpoint complete: wrote 16 buffers (0.1%); 0 WAL file(s) added, 0 removed, 0 recycled; write=0.001 s, sync=0.001 s, total=0.003 s; sync files=6, longest=0.001 s, average=0.001 s; distance=4653 kB, estimate=13335 kB; lsn=0/224A8DD0, redo lsn=0/224A8D98
2026-10-06T13:17:55.8866280Z  2026-10-06 13:17:41.709 UTC [1143] ERROR:  relation "graphile_worker.migrations" does not exist at character 85
2026-10-06T13:17:55.8866572Z  2026-10-06 13:17:41.709 UTC [1143] STATEMENT:  select current_setting('server_version_num') as server_version_num,
2026-10-06T13:17:55.8866769Z  	(select id from "graphile_worker".migrations order by id desc limit 1) as id,
2026-10-06T13:17:55.8867091Z  	(select id from "graphile_worker".migrations where breaking is true order by id desc limit 1) as biggest_breaking_id;
2026-10-06T13:17:55.8867166Z  	
2026-10-06T13:17:55.8867363Z  2026-10-06 13:17:41.821 UTC [1143] WARNING:  no privileges were granted for "set_limit"
2026-10-06T13:17:55.8867555Z  2026-10-06 13:17:41.821 UTC [1143] WARNING:  no privileges were granted for "show_limit"
2026-10-06T13:17:55.8867745Z  2026-10-06 13:17:41.821 UTC [1143] WARNING:  no privileges were granted for "show_trgm"
2026-10-06T13:17:55.8867940Z  2026-10-06 13:17:41.821 UTC [1143] WARNING:  no privileges were granted for "similarity"
2026-10-06T13:17:55.8868143Z  2026-10-06 13:17:41.821 UTC [1143] WARNING:  no privileges were granted for "similarity_op"
2026-10-06T13:17:55.8868353Z  2026-10-06 13:17:41.821 UTC [1143] WARNING:  no privileges were granted for "word_similarity"
2026-10-06T13:17:55.8868574Z  2026-10-06 13:17:41.821 UTC [1143] WARNING:  no privileges were granted for "word_similarity_op"
2026-10-06T13:17:55.8868831Z  2026-10-06 13:17:41.821 UTC [1143] WARNING:  no privileges were granted for "word_similarity_commutator_op"
2026-10-06T13:17:55.8869154Z  2026-10-06 13:17:41.821 UTC [1143] WARNING:  no privileges were granted for "similarity_dist"
2026-10-06T13:17:55.8869391Z  2026-10-06 13:17:41.822 UTC [1143] WARNING:  no privileges were granted for "word_similarity_dist_op"
2026-10-06T13:17:55.8869668Z  2026-10-06 13:17:41.822 UTC [1143] WARNING:  no privileges were granted for "word_similarity_dist_commutator_op"
2026-10-06T13:17:55.8869856Z  2026-10-06 13:17:41.822 UTC [1143] WARNING:  no privileges were granted for "gtrgm_in"
2026-10-06T13:17:55.8870046Z  2026-10-06 13:17:41.822 UTC [1143] WARNING:  no privileges were granted for "gtrgm_out"
2026-10-06T13:17:55.8870259Z  2026-10-06 13:17:41.822 UTC [1143] WARNING:  no privileges were granted for "gtrgm_consistent"
2026-10-06T13:17:55.8870463Z  2026-10-06 13:17:41.822 UTC [1143] WARNING:  no privileges were granted for "gtrgm_distance"
2026-10-06T13:17:55.8870671Z  2026-10-06 13:17:41.822 UTC [1143] WARNING:  no privileges were granted for "gtrgm_compress"
2026-10-06T13:17:55.8870887Z  2026-10-06 13:17:41.822 UTC [1143] WARNING:  no privileges were granted for "gtrgm_decompress"
2026-10-06T13:17:55.8871085Z  2026-10-06 13:17:41.822 UTC [1143] WARNING:  no privileges were granted for "gtrgm_penalty"
2026-10-06T13:17:55.8871294Z  2026-10-06 13:17:41.822 UTC [1143] WARNING:  no privileges were granted for "gtrgm_picksplit"
2026-10-06T13:17:55.8871495Z  2026-10-06 13:17:41.822 UTC [1143] WARNING:  no privileges were granted for "gtrgm_union"
2026-10-06T13:17:55.8871687Z  2026-10-06 13:17:41.822 UTC [1143] WARNING:  no privileges were granted for "gtrgm_same"
2026-10-06T13:17:55.8871919Z  2026-10-06 13:17:41.822 UTC [1143] WARNING:  no privileges were granted for "gin_extract_value_trgm"
2026-10-06T13:17:55.8872150Z  2026-10-06 13:17:41.822 UTC [1143] WARNING:  no privileges were granted for "gin_extract_query_trgm"
2026-10-06T13:17:55.8872376Z  2026-10-06 13:17:41.822 UTC [1143] WARNING:  no privileges were granted for "gin_trgm_consistent"
2026-10-06T13:17:55.8872606Z  2026-10-06 13:17:41.822 UTC [1143] WARNING:  no privileges were granted for "gin_trgm_triconsistent"
2026-10-06T13:17:55.8872834Z  2026-10-06 13:17:41.822 UTC [1143] WARNING:  no privileges were granted for "strict_word_similarity"
2026-10-06T13:17:55.8873077Z  2026-10-06 13:17:41.822 UTC [1143] WARNING:  no privileges were granted for "strict_word_similarity_op"
2026-10-06T13:17:55.8873433Z  2026-10-06 13:17:41.822 UTC [1143] WARNING:  no privileges were granted for "strict_word_similarity_commutator_op"
2026-10-06T13:17:55.8873704Z  2026-10-06 13:17:41.822 UTC [1143] WARNING:  no privileges were granted for "strict_word_similarity_dist_op"
2026-10-06T13:17:55.8874004Z  2026-10-06 13:17:41.822 UTC [1143] WARNING:  no privileges were granted for "strict_word_similarity_dist_commutator_op"
2026-10-06T13:17:55.8874205Z  2026-10-06 13:17:41.822 UTC [1143] WARNING:  no privileges were granted for "gtrgm_options"
2026-10-06T13:17:55.8874380Z  2026-10-06 13:17:42.251 UTC [62] LOG:  checkpoint starting: immediate force wait
2026-10-06T13:17:55.8875315Z  2026-10-06 13:17:42.280 UTC [62] LOG:  checkpoint complete: wrote 1063 buffers (6.5%); 0 WAL file(s) added, 0 removed, 1 recycled; write=0.023 s, sync=0.006 s, total=0.030 s; sync files=507, longest=0.001 s, average=0.001 s; distance=14387 kB, estimate=14387 kB; lsn=0/23334CE0, redo lsn=0/232B5D50
2026-10-06T13:17:55.8875599Z  2026-10-06 13:17:42.641 UTC [1155] ERROR:  relation "graphile_worker.migrations" does not exist at character 85
2026-10-06T13:17:55.8875887Z  2026-10-06 13:17:42.641 UTC [1155] STATEMENT:  select current_setting('server_version_num') as server_version_num,
2026-10-06T13:17:55.8876085Z  	(select id from "graphile_worker".migrations order by id desc limit 1) as id,
2026-10-06T13:17:55.8876409Z  	(select id from "graphile_worker".migrations where breaking is true order by id desc limit 1) as biggest_breaking_id;
2026-10-06T13:17:55.8876476Z  	
2026-10-06T13:17:55.8876673Z  2026-10-06 13:17:42.747 UTC [1155] WARNING:  no privileges were granted for "set_limit"
2026-10-06T13:17:55.8877046Z  2026-10-06 13:17:42.748 UTC [1155] WARNING:  no privileges were granted for "show_limit"
2026-10-06T13:17:55.8877233Z  2026-10-06 13:17:42.748 UTC [1155] WARNING:  no privileges were granted for "show_trgm"
2026-10-06T13:17:55.8877427Z  2026-10-06 13:17:42.748 UTC [1155] WARNING:  no privileges were granted for "similarity"
2026-10-06T13:17:55.8877632Z  2026-10-06 13:17:42.749 UTC [1155] WARNING:  no privileges were granted for "similarity_op"
2026-10-06T13:17:55.8877845Z  2026-10-06 13:17:42.749 UTC [1155] WARNING:  no privileges were granted for "word_similarity"
2026-10-06T13:17:55.8878067Z  2026-10-06 13:17:42.749 UTC [1155] WARNING:  no privileges were granted for "word_similarity_op"
2026-10-06T13:17:55.8878327Z  2026-10-06 13:17:42.749 UTC [1155] WARNING:  no privileges were granted for "word_similarity_commutator_op"
2026-10-06T13:17:55.8878539Z  2026-10-06 13:17:42.750 UTC [1155] WARNING:  no privileges were granted for "similarity_dist"
2026-10-06T13:17:55.8878775Z  2026-10-06 13:17:42.750 UTC [1155] WARNING:  no privileges were granted for "word_similarity_dist_op"
2026-10-06T13:17:55.8879050Z  2026-10-06 13:17:42.750 UTC [1155] WARNING:  no privileges were granted for "word_similarity_dist_commutator_op"
2026-10-06T13:17:55.8879237Z  2026-10-06 13:17:42.750 UTC [1155] WARNING:  no privileges were granted for "gtrgm_in"
2026-10-06T13:17:55.8879425Z  2026-10-06 13:17:42.750 UTC [1155] WARNING:  no privileges were granted for "gtrgm_out"
2026-10-06T13:17:55.8879642Z  2026-10-06 13:17:42.750 UTC [1155] WARNING:  no privileges were granted for "gtrgm_consistent"
2026-10-06T13:17:55.8879849Z  2026-10-06 13:17:42.751 UTC [1155] WARNING:  no privileges were granted for "gtrgm_distance"
2026-10-06T13:17:55.8880053Z  2026-10-06 13:17:42.751 UTC [1155] WARNING:  no privileges were granted for "gtrgm_compress"
2026-10-06T13:17:55.8880267Z  2026-10-06 13:17:42.751 UTC [1155] WARNING:  no privileges were granted for "gtrgm_decompress"
2026-10-06T13:17:55.8880472Z  2026-10-06 13:17:42.751 UTC [1155] WARNING:  no privileges were granted for "gtrgm_penalty"
2026-10-06T13:17:55.8880678Z  2026-10-06 13:17:42.751 UTC [1155] WARNING:  no privileges were granted for "gtrgm_picksplit"
2026-10-06T13:17:55.8880877Z  2026-10-06 13:17:42.751 UTC [1155] WARNING:  no privileges were granted for "gtrgm_union"
2026-10-06T13:17:55.8881070Z  2026-10-06 13:17:42.751 UTC [1155] WARNING:  no privileges were granted for "gtrgm_same"
2026-10-06T13:17:55.8881417Z  2026-10-06 13:17:42.752 UTC [1155] WARNING:  no privileges were granted for "gin_extract_value_trgm"
2026-10-06T13:17:55.8881650Z  2026-10-06 13:17:42.752 UTC [1155] WARNING:  no privileges were granted for "gin_extract_query_trgm"
2026-10-06T13:17:55.8881873Z  2026-10-06 13:17:42.752 UTC [1155] WARNING:  no privileges were granted for "gin_trgm_consistent"
2026-10-06T13:17:55.8882105Z  2026-10-06 13:17:42.752 UTC [1155] WARNING:  no privileges were granted for "gin_trgm_triconsistent"
2026-10-06T13:17:55.8882334Z  2026-10-06 13:17:42.752 UTC [1155] WARNING:  no privileges were granted for "strict_word_similarity"
2026-10-06T13:17:55.8882581Z  2026-10-06 13:17:42.752 UTC [1155] WARNING:  no privileges were granted for "strict_word_similarity_op"
2026-10-06T13:17:55.8882863Z  2026-10-06 13:17:42.752 UTC [1155] WARNING:  no privileges were granted for "strict_word_similarity_commutator_op"
2026-10-06T13:17:55.8883120Z  2026-10-06 13:17:42.752 UTC [1155] WARNING:  no privileges were granted for "strict_word_similarity_dist_op"
2026-10-06T13:17:55.8883422Z  2026-10-06 13:17:42.753 UTC [1155] WARNING:  no privileges were granted for "strict_word_similarity_dist_commutator_op"
2026-10-06T13:17:55.8883626Z  2026-10-06 13:17:42.753 UTC [1155] WARNING:  no privileges were granted for "gtrgm_options"
2026-10-06T13:17:55.8883906Z  2026-10-06 13:17:43.784 UTC [1162] ERROR:  relation "graphile_worker.migrations" does not exist at character 85
2026-10-06T13:17:55.8884186Z  2026-10-06 13:17:43.784 UTC [1162] STATEMENT:  select current_setting('server_version_num') as server_version_num,
2026-10-06T13:17:55.8884464Z  	(select id from "graphile_worker".migrations order by id desc limit 1) as id,
2026-10-06T13:17:55.8884787Z  	(select id from "graphile_worker".migrations where breaking is true order by id desc limit 1) as biggest_breaking_id;
2026-10-06T13:17:55.8884855Z  	
2026-10-06T13:17:55.8885180Z  2026-10-06 13:17:43.912 UTC [1162] WARNING:  no privileges were granted for "set_limit"
2026-10-06T13:17:55.8885380Z  2026-10-06 13:17:43.913 UTC [1162] WARNING:  no privileges were granted for "show_limit"
2026-10-06T13:17:55.8885566Z  2026-10-06 13:17:43.913 UTC [1162] WARNING:  no privileges were granted for "show_trgm"
2026-10-06T13:17:55.8885758Z  2026-10-06 13:17:43.913 UTC [1162] WARNING:  no privileges were granted for "similarity"
2026-10-06T13:17:55.8885963Z  2026-10-06 13:17:43.914 UTC [1162] WARNING:  no privileges were granted for "similarity_op"
2026-10-06T13:17:55.8886169Z  2026-10-06 13:17:43.914 UTC [1162] WARNING:  no privileges were granted for "word_similarity"
2026-10-06T13:17:55.8886394Z  2026-10-06 13:17:43.914 UTC [1162] WARNING:  no privileges were granted for "word_similarity_op"
2026-10-06T13:17:55.8886653Z  2026-10-06 13:17:43.914 UTC [1162] WARNING:  no privileges were granted for "word_similarity_commutator_op"
2026-10-06T13:17:55.8886861Z  2026-10-06 13:17:43.914 UTC [1162] WARNING:  no privileges were granted for "similarity_dist"
2026-10-06T13:17:55.8887094Z  2026-10-06 13:17:43.915 UTC [1162] WARNING:  no privileges were granted for "word_similarity_dist_op"
2026-10-06T13:17:55.8887371Z  2026-10-06 13:17:43.915 UTC [1162] WARNING:  no privileges were granted for "word_similarity_dist_commutator_op"
2026-10-06T13:17:55.8887561Z  2026-10-06 13:17:43.915 UTC [1162] WARNING:  no privileges were granted for "gtrgm_in"
2026-10-06T13:17:55.8887747Z  2026-10-06 13:17:43.915 UTC [1162] WARNING:  no privileges were granted for "gtrgm_out"
2026-10-06T13:17:55.8887958Z  2026-10-06 13:17:43.916 UTC [1162] WARNING:  no privileges were granted for "gtrgm_consistent"
2026-10-06T13:17:55.8888169Z  2026-10-06 13:17:43.916 UTC [1162] WARNING:  no privileges were granted for "gtrgm_distance"
2026-10-06T13:17:55.8888372Z  2026-10-06 13:17:43.916 UTC [1162] WARNING:  no privileges were granted for "gtrgm_compress"
2026-10-06T13:17:55.8888584Z  2026-10-06 13:17:43.916 UTC [1162] WARNING:  no privileges were granted for "gtrgm_decompress"
2026-10-06T13:17:55.8888900Z  2026-10-06 13:17:43.916 UTC [1162] WARNING:  no privileges were granted for "gtrgm_penalty"
2026-10-06T13:17:55.8889110Z  2026-10-06 13:17:43.917 UTC [1162] WARNING:  no privileges were granted for "gtrgm_picksplit"
2026-10-06T13:17:55.8889309Z  2026-10-06 13:17:43.917 UTC [1162] WARNING:  no privileges were granted for "gtrgm_union"
2026-10-06T13:17:55.8889499Z  2026-10-06 13:17:43.917 UTC [1162] WARNING:  no privileges were granted for "gtrgm_same"
2026-10-06T13:17:55.8889731Z  2026-10-06 13:17:43.917 UTC [1162] WARNING:  no privileges were granted for "gin_extract_value_trgm"
2026-10-06T13:17:55.8889962Z  2026-10-06 13:17:43.917 UTC [1162] WARNING:  no privileges were granted for "gin_extract_query_trgm"
2026-10-06T13:17:55.8890186Z  2026-10-06 13:17:43.918 UTC [1162] WARNING:  no privileges were granted for "gin_trgm_consistent"
2026-10-06T13:17:55.8890414Z  2026-10-06 13:17:43.918 UTC [1162] WARNING:  no privileges were granted for "gin_trgm_triconsistent"
2026-10-06T13:17:55.8890640Z  2026-10-06 13:17:43.918 UTC [1162] WARNING:  no privileges were granted for "strict_word_similarity"
2026-10-06T13:17:55.8890888Z  2026-10-06 13:17:43.918 UTC [1162] WARNING:  no privileges were granted for "strict_word_similarity_op"
2026-10-06T13:17:55.8891166Z  2026-10-06 13:17:43.919 UTC [1162] WARNING:  no privileges were granted for "strict_word_similarity_commutator_op"
2026-10-06T13:17:55.8891426Z  2026-10-06 13:17:43.919 UTC [1162] WARNING:  no privileges were granted for "strict_word_similarity_dist_op"
2026-10-06T13:17:55.8891724Z  2026-10-06 13:17:43.919 UTC [1162] WARNING:  no privileges were granted for "strict_word_similarity_dist_commutator_op"
2026-10-06T13:17:55.8892040Z  2026-10-06 13:17:43.919 UTC [1162] WARNING:  no privileges were granted for "gtrgm_options"
2026-10-06T13:17:55.8892214Z  2026-10-06 13:17:44.073 UTC [62] LOG:  checkpoint starting: immediate force wait
2026-10-06T13:17:55.8893028Z  2026-10-06 13:17:44.089 UTC [62] LOG:  checkpoint complete: wrote 529 buffers (3.2%); 0 WAL file(s) added, 0 removed, 0 recycled; write=0.008 s, sync=0.005 s, total=0.017 s; sync files=580, longest=0.001 s, average=0.001 s; distance=13452 kB, estimate=14294 kB; lsn=0/23FD90A0, redo lsn=0/23FD9068
2026-10-06T13:17:55.8893203Z  2026-10-06 13:17:46.555 UTC [62] LOG:  checkpoint starting: immediate force wait
2026-10-06T13:17:55.8893983Z  2026-10-06 13:17:46.559 UTC [62] LOG:  checkpoint complete: wrote 10 buffers (0.1%); 0 WAL file(s) added, 0 removed, 0 recycled; write=0.001 s, sync=0.001 s, total=0.004 s; sync files=4, longest=0.001 s, average=0.001 s; distance=61 kB, estimate=12871 kB; lsn=0/23FE86F8, redo lsn=0/23FE86C0
2026-10-06T13:17:55.8894312Z  2026-10-06 13:17:48.606 UTC [1179] ERROR:  new row for relation "warm_maps" violates check constraint "warm_maps_pooled_check"
2026-10-06T13:17:55.8895458Z  2026-10-06 13:17:48.606 UTC [1179] DETAIL:  Failing row contains (4d369a7f-8378-4df6-9e8c-f0b6030d68ca, casual-1v1, 128-51-ababababababababababababababababababababababababababababa..., cdcdcdcdcdcdcdcdcdcdcdcdcdcdcdcdcdcdcdcdcdcdcdcdcdcdcdcdcdcdcdcd, null, 2026-10-06 13:17:48.60576+00, null, null).
2026-10-06T13:17:55.8895719Z  2026-10-06 13:17:48.606 UTC [1179] STATEMENT:  INSERT INTO warm_maps (queue_id, sim_version, entry_key)
2026-10-06T13:17:55.8895815Z  	          VALUES ('casual-1v1', $1, $2)
2026-10-06T13:17:55.8895987Z  2026-10-06 13:17:48.623 UTC [62] LOG:  checkpoint starting: immediate force wait
2026-10-06T13:17:55.8896778Z  2026-10-06 13:17:48.627 UTC [62] LOG:  checkpoint complete: wrote 18 buffers (0.1%); 0 WAL file(s) added, 0 removed, 1 recycled; write=0.001 s, sync=0.001 s, total=0.004 s; sync files=8, longest=0.001 s, average=0.001 s; distance=8457 kB, estimate=12429 kB; lsn=0/2482ABE0, redo lsn=0/2482ABA8
2026-10-06T13:17:55.8897065Z  2026-10-06 13:17:50.138 UTC [1183] ERROR:  relation "graphile_worker.migrations" does not exist at character 85
2026-10-06T13:17:55.8897351Z  2026-10-06 13:17:50.138 UTC [1183] STATEMENT:  select current_setting('server_version_num') as server_version_num,
2026-10-06T13:17:55.8897663Z  	(select id from "graphile_worker".migrations order by id desc limit 1) as id,
2026-10-06T13:17:55.8897995Z  	(select id from "graphile_worker".migrations where breaking is true order by id desc limit 1) as biggest_breaking_id;
2026-10-06T13:17:55.8898066Z  	
2026-10-06T13:17:55.8898260Z  2026-10-06 13:17:50.257 UTC [1183] WARNING:  no privileges were granted for "set_limit"
2026-10-06T13:17:55.8898456Z  2026-10-06 13:17:50.257 UTC [1183] WARNING:  no privileges were granted for "show_limit"
2026-10-06T13:17:55.8898643Z  2026-10-06 13:17:50.257 UTC [1183] WARNING:  no privileges were granted for "show_trgm"
2026-10-06T13:17:55.8898836Z  2026-10-06 13:17:50.257 UTC [1183] WARNING:  no privileges were granted for "similarity"
2026-10-06T13:17:55.8899048Z  2026-10-06 13:17:50.258 UTC [1183] WARNING:  no privileges were granted for "similarity_op"
2026-10-06T13:17:55.8899260Z  2026-10-06 13:17:50.258 UTC [1183] WARNING:  no privileges were granted for "word_similarity"
2026-10-06T13:17:55.8899485Z  2026-10-06 13:17:50.258 UTC [1183] WARNING:  no privileges were granted for "word_similarity_op"
2026-10-06T13:17:55.8899749Z  2026-10-06 13:17:50.258 UTC [1183] WARNING:  no privileges were granted for "word_similarity_commutator_op"
2026-10-06T13:17:55.8899962Z  2026-10-06 13:17:50.258 UTC [1183] WARNING:  no privileges were granted for "similarity_dist"
2026-10-06T13:17:55.8900197Z  2026-10-06 13:17:50.259 UTC [1183] WARNING:  no privileges were granted for "word_similarity_dist_op"
2026-10-06T13:17:55.8900475Z  2026-10-06 13:17:50.259 UTC [1183] WARNING:  no privileges were granted for "word_similarity_dist_commutator_op"
2026-10-06T13:17:55.8900779Z  2026-10-06 13:17:50.259 UTC [1183] WARNING:  no privileges were granted for "gtrgm_in"
2026-10-06T13:17:55.8900970Z  2026-10-06 13:17:50.259 UTC [1183] WARNING:  no privileges were granted for "gtrgm_out"
2026-10-06T13:17:55.8901182Z  2026-10-06 13:17:50.259 UTC [1183] WARNING:  no privileges were granted for "gtrgm_consistent"
2026-10-06T13:17:55.8901395Z  2026-10-06 13:17:50.259 UTC [1183] WARNING:  no privileges were granted for "gtrgm_distance"
2026-10-06T13:17:55.8901602Z  2026-10-06 13:17:50.259 UTC [1183] WARNING:  no privileges were granted for "gtrgm_compress"
2026-10-06T13:17:55.8901816Z  2026-10-06 13:17:50.259 UTC [1183] WARNING:  no privileges were granted for "gtrgm_decompress"
2026-10-06T13:17:55.8902018Z  2026-10-06 13:17:50.259 UTC [1183] WARNING:  no privileges were granted for "gtrgm_penalty"
2026-10-06T13:17:55.8902230Z  2026-10-06 13:17:50.259 UTC [1183] WARNING:  no privileges were granted for "gtrgm_picksplit"
2026-10-06T13:17:55.8902429Z  2026-10-06 13:17:50.260 UTC [1183] WARNING:  no privileges were granted for "gtrgm_union"
2026-10-06T13:17:55.8902621Z  2026-10-06 13:17:50.260 UTC [1183] WARNING:  no privileges were granted for "gtrgm_same"
2026-10-06T13:17:55.8902856Z  2026-10-06 13:17:50.260 UTC [1183] WARNING:  no privileges were granted for "gin_extract_value_trgm"
2026-10-06T13:17:55.8903083Z  2026-10-06 13:17:50.260 UTC [1183] WARNING:  no privileges were granted for "gin_extract_query_trgm"
2026-10-06T13:17:55.8903314Z  2026-10-06 13:17:50.260 UTC [1183] WARNING:  no privileges were granted for "gin_trgm_consistent"
2026-10-06T13:17:55.8903544Z  2026-10-06 13:17:50.260 UTC [1183] WARNING:  no privileges were granted for "gin_trgm_triconsistent"
2026-10-06T13:17:55.8903772Z  2026-10-06 13:17:50.260 UTC [1183] WARNING:  no privileges were granted for "strict_word_similarity"
2026-10-06T13:17:55.8904013Z  2026-10-06 13:17:50.260 UTC [1183] WARNING:  no privileges were granted for "strict_word_similarity_op"
2026-10-06T13:17:55.8904299Z  2026-10-06 13:17:50.260 UTC [1183] WARNING:  no privileges were granted for "strict_word_similarity_commutator_op"
2026-10-06T13:17:55.8904561Z  2026-10-06 13:17:50.260 UTC [1183] WARNING:  no privileges were granted for "strict_word_similarity_dist_op"
2026-10-06T13:17:55.8904858Z  2026-10-06 13:17:50.260 UTC [1183] WARNING:  no privileges were granted for "strict_word_similarity_dist_commutator_op"
2026-10-06T13:17:55.8905289Z  2026-10-06 13:17:50.260 UTC [1183] WARNING:  no privileges were granted for "gtrgm_options"
2026-10-06T13:17:55.8905582Z  2026-10-06 13:17:50.345 UTC [1186] ERROR:  relation "graphile_worker.migrations" does not exist at character 85
2026-10-06T13:17:55.8905866Z  2026-10-06 13:17:50.345 UTC [1186] STATEMENT:  select current_setting('server_version_num') as server_version_num,
2026-10-06T13:17:55.8906066Z  	(select id from "graphile_worker".migrations order by id desc limit 1) as id,
2026-10-06T13:17:55.8906394Z  	(select id from "graphile_worker".migrations where breaking is true order by id desc limit 1) as biggest_breaking_id;
2026-10-06T13:17:55.8906468Z  	
2026-10-06T13:17:55.8906646Z  2026-10-06 13:17:50.451 UTC [62] LOG:  checkpoint starting: immediate force wait
2026-10-06T13:17:55.8906842Z  2026-10-06 13:17:50.465 UTC [1186] WARNING:  no privileges were granted for "set_limit"
2026-10-06T13:17:55.8907038Z  2026-10-06 13:17:50.465 UTC [1186] WARNING:  no privileges were granted for "show_limit"
2026-10-06T13:17:55.8907227Z  2026-10-06 13:17:50.465 UTC [1186] WARNING:  no privileges were granted for "show_trgm"
2026-10-06T13:17:55.8907421Z  2026-10-06 13:17:50.465 UTC [1186] WARNING:  no privileges were granted for "similarity"
2026-10-06T13:17:55.8907628Z  2026-10-06 13:17:50.466 UTC [1186] WARNING:  no privileges were granted for "similarity_op"
2026-10-06T13:17:55.8907836Z  2026-10-06 13:17:50.466 UTC [1186] WARNING:  no privileges were granted for "word_similarity"
2026-10-06T13:17:55.8908058Z  2026-10-06 13:17:50.466 UTC [1186] WARNING:  no privileges were granted for "word_similarity_op"
2026-10-06T13:17:55.8908428Z  2026-10-06 13:17:50.466 UTC [1186] WARNING:  no privileges were granted for "word_similarity_commutator_op"
2026-10-06T13:17:55.8908640Z  2026-10-06 13:17:50.466 UTC [1186] WARNING:  no privileges were granted for "similarity_dist"
2026-10-06T13:17:55.8908875Z  2026-10-06 13:17:50.466 UTC [1186] WARNING:  no privileges were granted for "word_similarity_dist_op"
2026-10-06T13:17:55.8909155Z  2026-10-06 13:17:50.466 UTC [1186] WARNING:  no privileges were granted for "word_similarity_dist_commutator_op"
2026-10-06T13:17:55.8909340Z  2026-10-06 13:17:50.466 UTC [1186] WARNING:  no privileges were granted for "gtrgm_in"
2026-10-06T13:17:55.8909530Z  2026-10-06 13:17:50.467 UTC [1186] WARNING:  no privileges were granted for "gtrgm_out"
2026-10-06T13:17:55.8909747Z  2026-10-06 13:17:50.467 UTC [1186] WARNING:  no privileges were granted for "gtrgm_consistent"
2026-10-06T13:17:55.8909955Z  2026-10-06 13:17:50.467 UTC [1186] WARNING:  no privileges were granted for "gtrgm_distance"
2026-10-06T13:17:55.8910163Z  2026-10-06 13:17:50.467 UTC [1186] WARNING:  no privileges were granted for "gtrgm_compress"
2026-10-06T13:17:55.8910375Z  2026-10-06 13:17:50.467 UTC [1186] WARNING:  no privileges were granted for "gtrgm_decompress"
2026-10-06T13:17:55.8910575Z  2026-10-06 13:17:50.467 UTC [1186] WARNING:  no privileges were granted for "gtrgm_penalty"
2026-10-06T13:17:55.8910786Z  2026-10-06 13:17:50.467 UTC [1186] WARNING:  no privileges were granted for "gtrgm_picksplit"
2026-10-06T13:17:55.8910983Z  2026-10-06 13:17:50.467 UTC [1186] WARNING:  no privileges were granted for "gtrgm_union"
2026-10-06T13:17:55.8911176Z  2026-10-06 13:17:50.467 UTC [1186] WARNING:  no privileges were granted for "gtrgm_same"
2026-10-06T13:17:55.8911405Z  2026-10-06 13:17:50.467 UTC [1186] WARNING:  no privileges were granted for "gin_extract_value_trgm"
2026-10-06T13:17:55.8911639Z  2026-10-06 13:17:50.467 UTC [1186] WARNING:  no privileges were granted for "gin_extract_query_trgm"
2026-10-06T13:17:55.8911865Z  2026-10-06 13:17:50.467 UTC [1186] WARNING:  no privileges were granted for "gin_trgm_consistent"
2026-10-06T13:17:55.8912090Z  2026-10-06 13:17:50.467 UTC [1186] WARNING:  no privileges were granted for "gin_trgm_triconsistent"
2026-10-06T13:17:55.8912320Z  2026-10-06 13:17:50.468 UTC [1186] WARNING:  no privileges were granted for "strict_word_similarity"
2026-10-06T13:17:55.8912645Z  2026-10-06 13:17:50.468 UTC [1186] WARNING:  no privileges were granted for "strict_word_similarity_op"
2026-10-06T13:17:55.8912979Z  2026-10-06 13:17:50.468 UTC [1186] WARNING:  no privileges were granted for "strict_word_similarity_commutator_op"
2026-10-06T13:17:55.8913248Z  2026-10-06 13:17:50.468 UTC [1186] WARNING:  no privileges were granted for "strict_word_similarity_dist_op"
2026-10-06T13:17:55.8913547Z  2026-10-06 13:17:50.468 UTC [1186] WARNING:  no privileges were granted for "strict_word_similarity_dist_commutator_op"
2026-10-06T13:17:55.8913753Z  2026-10-06 13:17:50.468 UTC [1186] WARNING:  no privileges were granted for "gtrgm_options"
2026-10-06T13:17:55.8914574Z  2026-10-06 13:17:50.551 UTC [62] LOG:  checkpoint complete: wrote 1304 buffers (8.0%); 0 WAL file(s) added, 0 removed, 1 recycled; write=0.028 s, sync=0.067 s, total=0.100 s; sync files=1154, longest=0.002 s, average=0.001 s; distance=17771 kB, estimate=17771 kB; lsn=0/25F3F2C8, redo lsn=0/25985878
2026-10-06T13:17:55.8914751Z  2026-10-06 13:17:51.024 UTC [62] LOG:  checkpoint starting: immediate force wait
2026-10-06T13:17:55.8915671Z  2026-10-06 13:17:51.060 UTC [62] LOG:  checkpoint complete: wrote 1192 buffers (7.3%); 0 WAL file(s) added, 0 removed, 1 recycled; write=0.021 s, sync=0.013 s, total=0.036 s; sync files=749, longest=0.002 s, average=0.001 s; distance=18576 kB, estimate=18576 kB; lsn=0/26C317B8, redo lsn=0/26BA98E8
2026-10-06T13:17:55.8915955Z  2026-10-06 13:17:51.220 UTC [1192] ERROR:  relation "graphile_worker.migrations" does not exist at character 85
2026-10-06T13:17:55.8916357Z  2026-10-06 13:17:51.220 UTC [1192] STATEMENT:  select current_setting('server_version_num') as server_version_num,
2026-10-06T13:17:55.8916556Z  	(select id from "graphile_worker".migrations order by id desc limit 1) as id,
2026-10-06T13:17:55.8916893Z  	(select id from "graphile_worker".migrations where breaking is true order by id desc limit 1) as biggest_breaking_id;
2026-10-06T13:17:55.8916961Z  	
2026-10-06T13:17:55.8917156Z  2026-10-06 13:17:51.339 UTC [1192] WARNING:  no privileges were granted for "set_limit"
2026-10-06T13:17:55.8917354Z  2026-10-06 13:17:51.339 UTC [1192] WARNING:  no privileges were granted for "show_limit"
2026-10-06T13:17:55.8917541Z  2026-10-06 13:17:51.339 UTC [1192] WARNING:  no privileges were granted for "show_trgm"
2026-10-06T13:17:55.8917732Z  2026-10-06 13:17:51.339 UTC [1192] WARNING:  no privileges were granted for "similarity"
2026-10-06T13:17:55.8917936Z  2026-10-06 13:17:51.339 UTC [1192] WARNING:  no privileges were granted for "similarity_op"
2026-10-06T13:17:55.8918171Z  2026-10-06 13:17:51.339 UTC [1192] WARNING:  no privileges were granted for "word_similarity"
2026-10-06T13:17:55.8918390Z  2026-10-06 13:17:51.339 UTC [1192] WARNING:  no privileges were granted for "word_similarity_op"
2026-10-06T13:17:55.8918649Z  2026-10-06 13:17:51.339 UTC [1192] WARNING:  no privileges were granted for "word_similarity_commutator_op"
2026-10-06T13:17:55.8918858Z  2026-10-06 13:17:51.339 UTC [1192] WARNING:  no privileges were granted for "similarity_dist"
2026-10-06T13:17:55.8919094Z  2026-10-06 13:17:51.340 UTC [1192] WARNING:  no privileges were granted for "word_similarity_dist_op"
2026-10-06T13:17:55.8919371Z  2026-10-06 13:17:51.340 UTC [1192] WARNING:  no privileges were granted for "word_similarity_dist_commutator_op"
2026-10-06T13:17:55.8919560Z  2026-10-06 13:17:51.340 UTC [1192] WARNING:  no privileges were granted for "gtrgm_in"
2026-10-06T13:17:55.8919747Z  2026-10-06 13:17:51.340 UTC [1192] WARNING:  no privileges were granted for "gtrgm_out"
2026-10-06T13:17:55.8919965Z  2026-10-06 13:17:51.340 UTC [1192] WARNING:  no privileges were granted for "gtrgm_consistent"
2026-10-06T13:17:55.8920172Z  2026-10-06 13:17:51.340 UTC [1192] WARNING:  no privileges were granted for "gtrgm_distance"
2026-10-06T13:17:55.8920381Z  2026-10-06 13:17:51.340 UTC [1192] WARNING:  no privileges were granted for "gtrgm_compress"
2026-10-06T13:17:55.8920593Z  2026-10-06 13:17:51.340 UTC [1192] WARNING:  no privileges were granted for "gtrgm_decompress"
2026-10-06T13:17:55.8920938Z  2026-10-06 13:17:51.340 UTC [1192] WARNING:  no privileges were granted for "gtrgm_penalty"
2026-10-06T13:17:55.8921153Z  2026-10-06 13:17:51.340 UTC [1192] WARNING:  no privileges were granted for "gtrgm_picksplit"
2026-10-06T13:17:55.8921349Z  2026-10-06 13:17:51.340 UTC [1192] WARNING:  no privileges were granted for "gtrgm_union"
2026-10-06T13:17:55.8921541Z  2026-10-06 13:17:51.340 UTC [1192] WARNING:  no privileges were granted for "gtrgm_same"
2026-10-06T13:17:55.8921773Z  2026-10-06 13:17:51.340 UTC [1192] WARNING:  no privileges were granted for "gin_extract_value_trgm"
2026-10-06T13:17:55.8922002Z  2026-10-06 13:17:51.340 UTC [1192] WARNING:  no privileges were granted for "gin_extract_query_trgm"
2026-10-06T13:17:55.8922226Z  2026-10-06 13:17:51.340 UTC [1192] WARNING:  no privileges were granted for "gin_trgm_consistent"
2026-10-06T13:17:55.8922455Z  2026-10-06 13:17:51.340 UTC [1192] WARNING:  no privileges were granted for "gin_trgm_triconsistent"
2026-10-06T13:17:55.8922682Z  2026-10-06 13:17:51.340 UTC [1192] WARNING:  no privileges were granted for "strict_word_similarity"
2026-10-06T13:17:55.8922927Z  2026-10-06 13:17:51.340 UTC [1192] WARNING:  no privileges were granted for "strict_word_similarity_op"
2026-10-06T13:17:55.8923207Z  2026-10-06 13:17:51.340 UTC [1192] WARNING:  no privileges were granted for "strict_word_similarity_commutator_op"
2026-10-06T13:17:55.8923470Z  2026-10-06 13:17:51.340 UTC [1192] WARNING:  no privileges were granted for "strict_word_similarity_dist_op"
2026-10-06T13:17:55.8923845Z  2026-10-06 13:17:51.340 UTC [1192] WARNING:  no privileges were granted for "strict_word_similarity_dist_commutator_op"
2026-10-06T13:17:55.8924055Z  2026-10-06 13:17:51.340 UTC [1192] WARNING:  no privileges were granted for "gtrgm_options"
2026-10-06T13:17:55.8924259Z  2026-10-06 13:17:51.867 UTC [62] LOG:  checkpoint starting: immediate force wait
2026-10-06T13:17:55.8925156Z  2026-10-06 13:17:51.870 UTC [62] LOG:  checkpoint complete: wrote 16 buffers (0.1%); 0 WAL file(s) added, 0 removed, 0 recycled; write=0.001 s, sync=0.001 s, total=0.004 s; sync files=5, longest=0.001 s, average=0.001 s; distance=3088 kB, estimate=17027 kB; lsn=0/26EADB18, redo lsn=0/26EADAE0
2026-10-06T13:17:55.8925438Z  2026-10-06 13:17:53.704 UTC [1210] ERROR:  relation "graphile_worker.migrations" does not exist at character 85
2026-10-06T13:17:55.8925722Z  2026-10-06 13:17:53.704 UTC [1210] STATEMENT:  select current_setting('server_version_num') as server_version_num,
2026-10-06T13:17:55.8925915Z  	(select id from "graphile_worker".migrations order by id desc limit 1) as id,
2026-10-06T13:17:55.8926244Z  	(select id from "graphile_worker".migrations where breaking is true order by id desc limit 1) as biggest_breaking_id;
2026-10-06T13:17:55.8926314Z  	
2026-10-06T13:17:55.8926511Z  2026-10-06 13:17:53.810 UTC [1210] WARNING:  no privileges were granted for "set_limit"
2026-10-06T13:17:55.8926703Z  2026-10-06 13:17:53.811 UTC [1210] WARNING:  no privileges were granted for "show_limit"
2026-10-06T13:17:55.8926895Z  2026-10-06 13:17:53.811 UTC [1210] WARNING:  no privileges were granted for "show_trgm"
2026-10-06T13:17:55.8927087Z  2026-10-06 13:17:53.811 UTC [1210] WARNING:  no privileges were granted for "similarity"
2026-10-06T13:17:55.8927293Z  2026-10-06 13:17:53.811 UTC [1210] WARNING:  no privileges were granted for "similarity_op"
2026-10-06T13:17:55.8927507Z  2026-10-06 13:17:53.812 UTC [1210] WARNING:  no privileges were granted for "word_similarity"
2026-10-06T13:17:55.8927728Z  2026-10-06 13:17:53.812 UTC [1210] WARNING:  no privileges were granted for "word_similarity_op"
2026-10-06T13:17:55.8927991Z  2026-10-06 13:17:53.812 UTC [1210] WARNING:  no privileges were granted for "word_similarity_commutator_op"
2026-10-06T13:17:55.8928203Z  2026-10-06 13:17:53.812 UTC [1210] WARNING:  no privileges were granted for "similarity_dist"
2026-10-06T13:17:55.8928441Z  2026-10-06 13:17:53.813 UTC [1210] WARNING:  no privileges were granted for "word_similarity_dist_op"
2026-10-06T13:17:55.8928826Z  2026-10-06 13:17:53.813 UTC [1210] WARNING:  no privileges were granted for "word_similarity_dist_commutator_op"
2026-10-06T13:17:55.8929020Z  2026-10-06 13:17:53.813 UTC [1210] WARNING:  no privileges were granted for "gtrgm_in"
2026-10-06T13:17:55.8929207Z  2026-10-06 13:17:53.813 UTC [1210] WARNING:  no privileges were granted for "gtrgm_out"
2026-10-06T13:17:55.8929420Z  2026-10-06 13:17:53.813 UTC [1210] WARNING:  no privileges were granted for "gtrgm_consistent"
2026-10-06T13:17:55.8929626Z  2026-10-06 13:17:53.813 UTC [1210] WARNING:  no privileges were granted for "gtrgm_distance"
2026-10-06T13:17:55.8929834Z  2026-10-06 13:17:53.813 UTC [1210] WARNING:  no privileges were granted for "gtrgm_compress"
2026-10-06T13:17:55.8930045Z  2026-10-06 13:17:53.813 UTC [1210] WARNING:  no privileges were granted for "gtrgm_decompress"
2026-10-06T13:17:55.8930242Z  2026-10-06 13:17:53.813 UTC [1210] WARNING:  no privileges were granted for "gtrgm_penalty"
2026-10-06T13:17:55.8930457Z  2026-10-06 13:17:53.813 UTC [1210] WARNING:  no privileges were granted for "gtrgm_picksplit"
2026-10-06T13:17:55.8930657Z  2026-10-06 13:17:53.813 UTC [1210] WARNING:  no privileges were granted for "gtrgm_union"
2026-10-06T13:17:55.8930846Z  2026-10-06 13:17:53.814 UTC [1210] WARNING:  no privileges were granted for "gtrgm_same"
2026-10-06T13:17:55.8931084Z  2026-10-06 13:17:53.814 UTC [1210] WARNING:  no privileges were granted for "gin_extract_value_trgm"
2026-10-06T13:17:55.8931314Z  2026-10-06 13:17:53.814 UTC [1210] WARNING:  no privileges were granted for "gin_extract_query_trgm"
2026-10-06T13:17:55.8931646Z  2026-10-06 13:17:53.814 UTC [1210] WARNING:  no privileges were granted for "gin_trgm_consistent"
2026-10-06T13:17:55.8931880Z  2026-10-06 13:17:53.814 UTC [1210] WARNING:  no privileges were granted for "gin_trgm_triconsistent"
2026-10-06T13:17:55.8932110Z  2026-10-06 13:17:53.814 UTC [1210] WARNING:  no privileges were granted for "strict_word_similarity"
2026-10-06T13:17:55.8932360Z  2026-10-06 13:17:53.814 UTC [1210] WARNING:  no privileges were granted for "strict_word_similarity_op"
2026-10-06T13:17:55.8932640Z  2026-10-06 13:17:53.814 UTC [1210] WARNING:  no privileges were granted for "strict_word_similarity_commutator_op"
2026-10-06T13:17:55.8932905Z  2026-10-06 13:17:53.814 UTC [1210] WARNING:  no privileges were granted for "strict_word_similarity_dist_op"
2026-10-06T13:17:55.8933208Z  2026-10-06 13:17:53.814 UTC [1210] WARNING:  no privileges were granted for "strict_word_similarity_dist_commutator_op"
2026-10-06T13:17:55.8933414Z  2026-10-06 13:17:53.814 UTC [1210] WARNING:  no privileges were granted for "gtrgm_options"
2026-10-06T13:17:55.8933597Z  2026-10-06 13:17:54.234 UTC [62] LOG:  checkpoint starting: immediate force wait
2026-10-06T13:17:55.8934402Z  2026-10-06 13:17:54.239 UTC [62] LOG:  checkpoint complete: wrote 138 buffers (0.8%); 0 WAL file(s) added, 0 removed, 1 recycled; write=0.002 s, sync=0.001 s, total=0.006 s; sync files=13, longest=0.001 s, average=0.001 s; distance=9218 kB, estimate=16246 kB; lsn=0/277AE3B8, redo lsn=0/277AE380
2026-10-06T13:17:55.8934687Z  2026-10-06 13:17:54.941 UTC [1220] ERROR:  relation "graphile_worker.migrations" does not exist at character 85
2026-10-06T13:17:55.8934969Z  2026-10-06 13:17:54.941 UTC [1220] STATEMENT:  select current_setting('server_version_num') as server_version_num,
2026-10-06T13:17:55.8935276Z  	(select id from "graphile_worker".migrations order by id desc limit 1) as id,
2026-10-06T13:17:55.8935605Z  	(select id from "graphile_worker".migrations where breaking is true order by id desc limit 1) as biggest_breaking_id;
2026-10-06T13:17:55.8935678Z  	
2026-10-06T13:17:55.8935875Z  2026-10-06 13:17:55.019 UTC [1220] WARNING:  no privileges were granted for "set_limit"
2026-10-06T13:17:55.8936072Z  2026-10-06 13:17:55.019 UTC [1220] WARNING:  no privileges were granted for "show_limit"
2026-10-06T13:17:55.8936259Z  2026-10-06 13:17:55.019 UTC [1220] WARNING:  no privileges were granted for "show_trgm"
2026-10-06T13:17:55.8936573Z  2026-10-06 13:17:55.019 UTC [1220] WARNING:  no privileges were granted for "similarity"
2026-10-06T13:17:55.8936786Z  2026-10-06 13:17:55.019 UTC [1220] WARNING:  no privileges were granted for "similarity_op"
2026-10-06T13:17:55.8936997Z  2026-10-06 13:17:55.019 UTC [1220] WARNING:  no privileges were granted for "word_similarity"
2026-10-06T13:17:55.8937221Z  2026-10-06 13:17:55.019 UTC [1220] WARNING:  no privileges were granted for "word_similarity_op"
2026-10-06T13:17:55.8937483Z  2026-10-06 13:17:55.019 UTC [1220] WARNING:  no privileges were granted for "word_similarity_commutator_op"
2026-10-06T13:17:55.8937695Z  2026-10-06 13:17:55.019 UTC [1220] WARNING:  no privileges were granted for "similarity_dist"
2026-10-06T13:17:55.8937934Z  2026-10-06 13:17:55.019 UTC [1220] WARNING:  no privileges were granted for "word_similarity_dist_op"
2026-10-06T13:17:55.8938217Z  2026-10-06 13:17:55.019 UTC [1220] WARNING:  no privileges were granted for "word_similarity_dist_commutator_op"
2026-10-06T13:17:55.8938414Z  2026-10-06 13:17:55.020 UTC [1220] WARNING:  no privileges were granted for "gtrgm_in"
2026-10-06T13:17:55.8938602Z  2026-10-06 13:17:55.020 UTC [1220] WARNING:  no privileges were granted for "gtrgm_out"
2026-10-06T13:17:55.8938820Z  2026-10-06 13:17:55.020 UTC [1220] WARNING:  no privileges were granted for "gtrgm_consistent"
2026-10-06T13:17:55.8939029Z  2026-10-06 13:17:55.020 UTC [1220] WARNING:  no privileges were granted for "gtrgm_distance"
2026-10-06T13:17:55.8939236Z  2026-10-06 13:17:55.020 UTC [1220] WARNING:  no privileges were granted for "gtrgm_compress"
2026-10-06T13:17:55.8939566Z  2026-10-06 13:17:55.020 UTC [1220] WARNING:  no privileges were granted for "gtrgm_decompress"
2026-10-06T13:17:55.8939771Z  2026-10-06 13:17:55.020 UTC [1220] WARNING:  no privileges were granted for "gtrgm_penalty"
2026-10-06T13:17:55.8939977Z  2026-10-06 13:17:55.020 UTC [1220] WARNING:  no privileges were granted for "gtrgm_picksplit"
2026-10-06T13:17:55.8940176Z  2026-10-06 13:17:55.020 UTC [1220] WARNING:  no privileges were granted for "gtrgm_union"
2026-10-06T13:17:55.8940373Z  2026-10-06 13:17:55.020 UTC [1220] WARNING:  no privileges were granted for "gtrgm_same"
2026-10-06T13:17:55.8940608Z  2026-10-06 13:17:55.020 UTC [1220] WARNING:  no privileges were granted for "gin_extract_value_trgm"
2026-10-06T13:17:55.8940837Z  2026-10-06 13:17:55.020 UTC [1220] WARNING:  no privileges were granted for "gin_extract_query_trgm"
2026-10-06T13:17:55.8941063Z  2026-10-06 13:17:55.020 UTC [1220] WARNING:  no privileges were granted for "gin_trgm_consistent"
2026-10-06T13:17:55.8941298Z  2026-10-06 13:17:55.021 UTC [1220] WARNING:  no privileges were granted for "gin_trgm_triconsistent"
2026-10-06T13:17:55.8941523Z  2026-10-06 13:17:55.021 UTC [1220] WARNING:  no privileges were granted for "strict_word_similarity"
2026-10-06T13:17:55.8941768Z  2026-10-06 13:17:55.021 UTC [1220] WARNING:  no privileges were granted for "strict_word_similarity_op"
2026-10-06T13:17:55.8942050Z  2026-10-06 13:17:55.021 UTC [1220] WARNING:  no privileges were granted for "strict_word_similarity_commutator_op"
2026-10-06T13:17:55.8942314Z  2026-10-06 13:17:55.021 UTC [1220] WARNING:  no privileges were granted for "strict_word_similarity_dist_op"
2026-10-06T13:17:55.8942616Z  2026-10-06 13:17:55.021 UTC [1220] WARNING:  no privileges were granted for "strict_word_similarity_dist_commutator_op"
2026-10-06T13:17:55.8942825Z  2026-10-06 13:17:55.021 UTC [1220] WARNING:  no privileges were granted for "gtrgm_options"
2026-10-06T13:17:55.8943001Z  2026-10-06 13:17:55.372 UTC [62] LOG:  checkpoint starting: immediate force wait
2026-10-06T13:17:55.8943802Z  2026-10-06 13:17:55.374 UTC [62] LOG:  checkpoint complete: wrote 23 buffers (0.1%); 0 WAL file(s) added, 0 removed, 1 recycled; write=0.001 s, sync=0.001 s, total=0.003 s; sync files=11, longest=0.001 s, average=0.001 s; distance=8938 kB, estimate=15515 kB; lsn=0/28068F38, redo lsn=0/28068F00
2026-10-06T13:17:55.8950156Z Stop and remove container: 462ff8ff7b0b496891f8dc151a1d1388_postgres16_25ed5e
2026-10-06T13:17:55.8954901Z ##[command]/usr/bin/docker rm --force 07e8db2bef4fc65e73d42eead71486c7ebe1fd06dc1cce24d887491933bb6dc6
2026-10-06T13:17:56.0636849Z 07e8db2bef4fc65e73d42eead71486c7ebe1fd06dc1cce24d887491933bb6dc6
2026-10-06T13:17:56.0673169Z Remove container network: github_network_d87749c303ce491e883ba205ee798fb2
2026-10-06T13:17:56.0677820Z ##[command]/usr/bin/docker network rm github_network_d87749c303ce491e883ba205ee798fb2
2026-10-06T13:17:56.1779778Z github_network_d87749c303ce491e883ba205ee798fb2
2026-10-06T13:17:56.1867195Z Cleaning up orphan processes
2026-10-06T13:17:56.2235265Z ##[warning]Node.js 20 is deprecated. The following actions target Node.js 20 but are being forced to run on Node.js 24: actions/checkout@v4, actions/setup-node@v4. For more information see: https://github.blog/changelog/2025-09-19-deprecation-of-node-20-on-github-actions-runners/
