2026-10-05T10:06:04.9982776Z Current runner version: '2.337.0'
2026-10-05T10:06:05.0003658Z ##[group]Runner Image Provisioner
2026-10-05T10:06:05.0004492Z Hosted Compute Agent
2026-10-05T10:06:05.0005033Z Version: 20260901.588
2026-10-05T10:06:05.0005613Z Commit: f88ec8081b781fac6c440065ac7ff9e710ce3d0b
2026-10-05T10:06:05.0006250Z Build Date: 2026-09-01T19:56:44Z
2026-10-05T10:06:05.0006859Z Worker ID: {70ad7f5d-3ffa-4c42-8991-cfae1a9a4efd}
2026-10-05T10:06:05.0007535Z Azure Region: northcentralus
2026-10-05T10:06:05.0008466Z ##[endgroup]
2026-10-05T10:06:05.0009596Z ##[group]Operating System
2026-10-05T10:06:05.0010234Z Ubuntu
2026-10-05T10:06:05.0010764Z 22.04.5
2026-10-05T10:06:05.0011275Z LTS
2026-10-05T10:06:05.0011754Z ##[endgroup]
2026-10-05T10:06:05.0012238Z ##[group]Runner Image
2026-10-05T10:06:05.0012843Z Image: ubuntu-22.04
2026-10-05T10:06:05.0013343Z Version: 20260927.309.1
2026-10-05T10:06:05.0014492Z Included Software: https://github.com/actions/runner-images/blob/ubuntu22/20260927.309/images/ubuntu/Ubuntu2204-Readme.md
2026-10-05T10:06:05.0015748Z Image Release: https://github.com/actions/runner-images/releases/tag/ubuntu22%2F20260927.309
2026-10-05T10:06:05.0016669Z ##[endgroup]
2026-10-05T10:06:05.0017834Z ##[group]GITHUB_TOKEN Permissions
2026-10-05T10:06:05.0019525Z Contents: read
2026-10-05T10:06:05.0020061Z Metadata: read
2026-10-05T10:06:05.0020624Z ##[endgroup]
2026-10-05T10:06:05.0022341Z Secret source: Actions
2026-10-05T10:06:05.0023277Z Cache mode: write
2026-10-05T10:06:05.0023931Z Prepare workflow directory
2026-10-05T10:06:05.0570076Z Prepare all required actions
2026-10-05T10:06:05.0626172Z Getting action download info
2026-10-05T10:06:05.2720899Z Download action repository 'actions/checkout@v4' (SHA:11d5960a326750d5838078e36cf38b85af677262)
2026-10-05T10:06:05.4015050Z Download action repository 'actions/download-artifact@v4' (SHA:d3f86a106a0bac45b974a628896c90dbdf5c8093)
2026-10-05T10:06:05.7309795Z Download action repository 'actions/upload-artifact@v4' (SHA:ea165f8d65b6e75b540449e92b4886f43607fa02)
2026-10-05T10:06:05.9839779Z Uses: Globulation2/glob2/.github/workflows/ci-linux-build.yml@refs/heads/master (104384a52c94dc5a06d82a9acb16badcad9e304f)
2026-10-05T10:06:05.9843729Z ##[group] Inputs
2026-10-05T10:06:05.9844250Z   revision: 104384a52c94dc5a06d82a9acb16badcad9e304f
2026-10-05T10:06:05.9844787Z   image: ubuntu:22.04
2026-10-05T10:06:05.9845190Z   runner: ubuntu-22.04
2026-10-05T10:06:05.9845587Z   compiler: g++-11
2026-10-05T10:06:05.9845969Z   c_compiler: gcc-11
2026-10-05T10:06:05.9846629Z   build_only: false
2026-10-05T10:06:05.9847012Z   reuse_build: false
2026-10-05T10:06:05.9847384Z   web_native: false
2026-10-05T10:06:05.9847905Z   generator_only: false
2026-10-05T10:06:05.9848316Z   coverage_profile: full
2026-10-05T10:06:05.9848715Z   run_tests: true
2026-10-05T10:06:05.9849094Z   runtime_packages: false
2026-10-05T10:06:05.9849512Z   map_generators: true
2026-10-05T10:06:05.9849919Z   validate_runtime: false
2026-10-05T10:06:05.9850326Z ##[endgroup]
2026-10-05T10:06:05.9850920Z Complete job name: Linux GCC 11 build and tests / Linux tests (ubuntu-22.04, shard 3/4)
2026-10-05T10:06:06.0527561Z ##[group]Run # Fetch immutable package indexes to avoid mirror-sync mismatches,
2026-10-05T10:06:06.0528709Z [36;1m# Fetch immutable package indexes to avoid mirror-sync mismatches,[0m
2026-10-05T10:06:06.0529516Z [36;1m# and bound network stalls without weakening signature verification.[0m
2026-10-05T10:06:06.0530259Z [36;1msudo tee /etc/apt/apt.conf.d/80-ci-network >/dev/null <<'EOF'[0m
2026-10-05T10:06:06.0530857Z [36;1mAcquire::By-Hash "force";[0m
2026-10-05T10:06:06.0531313Z [36;1mAcquire::Retries "3";[0m
2026-10-05T10:06:06.0531750Z [36;1mAcquire::http::Timeout "30";[0m
2026-10-05T10:06:06.0532218Z [36;1mAcquire::https::Timeout "30";[0m
2026-10-05T10:06:06.0532660Z [36;1mEOF[0m
2026-10-05T10:06:06.0533046Z [36;1msudo apt-get update -qq[0m
2026-10-05T10:06:06.0839415Z shell: /usr/bin/bash -e {0}
2026-10-05T10:06:06.0840140Z env:
2026-10-05T10:06:06.0840539Z   GLOB2_DEV_MODE: isolated
2026-10-05T10:06:06.0841248Z   CI_RUNNER_FAMILY: ubuntu-22.04
2026-10-05T10:06:06.0841769Z   DEBIAN_FRONTEND: noninteractive
2026-10-05T10:06:06.0842304Z ##[endgroup]
2026-10-05T10:06:17.0711936Z ##[group]Run actions/checkout@v4
2026-10-05T10:06:17.0712249Z with:
2026-10-05T10:06:17.0712491Z   ref: 104384a52c94dc5a06d82a9acb16badcad9e304f
2026-10-05T10:06:17.0712781Z   repository: Globulation2/glob2
2026-10-05T10:06:17.0715154Z   token: ***
2026-10-05T10:06:17.0715366Z   ssh-strict: true
2026-10-05T10:06:17.0715573Z   ssh-user: git
2026-10-05T10:06:17.0715792Z   persist-credentials: true
2026-10-05T10:06:17.0716024Z   clean: true
2026-10-05T10:06:17.0716242Z   sparse-checkout-cone-mode: true
2026-10-05T10:06:17.0716483Z   fetch-depth: 1
2026-10-05T10:06:17.0716687Z   fetch-tags: false
2026-10-05T10:06:17.0716899Z   show-progress: true
2026-10-05T10:06:17.0717104Z   lfs: false
2026-10-05T10:06:17.0717308Z   submodules: false
2026-10-05T10:06:17.0717522Z   set-safe-directory: true
2026-10-05T10:06:17.0717999Z   allow-unsafe-pr-checkout: false
2026-10-05T10:06:17.0718272Z env:
2026-10-05T10:06:17.0718467Z   GLOB2_DEV_MODE: isolated
2026-10-05T10:06:17.0718740Z   CI_RUNNER_FAMILY: ubuntu-22.04
2026-10-05T10:06:17.0718974Z ##[endgroup]
2026-10-05T10:06:17.1520453Z Syncing repository: Globulation2/glob2
2026-10-05T10:06:17.1521884Z ##[group]Getting Git version info
2026-10-05T10:06:17.1522303Z Working directory is '/home/runner/work/glob2/glob2'
2026-10-05T10:06:17.1525283Z [command]/usr/bin/git version
2026-10-05T10:06:17.1592876Z git version 2.55.0
2026-10-05T10:06:17.1615180Z ##[endgroup]
2026-10-05T10:06:17.1620337Z Temporarily overriding HOME='/home/runner/work/_temp/1ccbfc58-6638-4185-9b4a-7c9b3d09696a' before making global git config changes
2026-10-05T10:06:17.1621536Z Adding repository directory to the temporary git global config as a safe directory
2026-10-05T10:06:17.1624472Z [command]/usr/bin/git config --global --add safe.directory /home/runner/work/glob2/glob2
2026-10-05T10:06:17.1658008Z Deleting the contents of '/home/runner/work/glob2/glob2'
2026-10-05T10:06:17.1661348Z ##[group]Initializing the repository
2026-10-05T10:06:17.1664539Z [command]/usr/bin/git init /home/runner/work/glob2/glob2
2026-10-05T10:06:17.1727220Z hint: Using 'master' as the name for the initial branch. This default branch name
2026-10-05T10:06:17.1728328Z hint: will change to "main" in Git 3.0. To configure the initial branch name
2026-10-05T10:06:17.1729371Z hint: to use in all of your new repositories, which will suppress this warning,
2026-10-05T10:06:17.1730114Z hint: call:
2026-10-05T10:06:17.1730573Z hint:
2026-10-05T10:06:17.1731183Z hint: 	git config --global init.defaultBranch <name>
2026-10-05T10:06:17.1731811Z hint:
2026-10-05T10:06:17.1732416Z hint: Names commonly chosen instead of 'master' are 'main', 'trunk' and
2026-10-05T10:06:17.1733300Z hint: 'development'. The just-created branch can be renamed via this command:
2026-10-05T10:06:17.1734002Z hint:
2026-10-05T10:06:17.1734585Z hint: 	git branch -m <name>
2026-10-05T10:06:17.1735176Z hint:
2026-10-05T10:06:17.1736289Z hint: Disable this message with "git config set advice.defaultBranchName false"
2026-10-05T10:06:17.1737189Z Initialized empty Git repository in /home/runner/work/glob2/glob2/.git/
2026-10-05T10:06:17.1739233Z [command]/usr/bin/git remote add origin https://github.com/Globulation2/glob2
2026-10-05T10:06:17.1778992Z ##[endgroup]
2026-10-05T10:06:17.1779597Z ##[group]Disabling automatic garbage collection
2026-10-05T10:06:17.1779967Z [command]/usr/bin/git config --local gc.auto 0
2026-10-05T10:06:17.1806934Z ##[endgroup]
2026-10-05T10:06:17.1807490Z ##[group]Setting up auth
2026-10-05T10:06:17.1812753Z [command]/usr/bin/git config --local --name-only --get-regexp core\.sshCommand
2026-10-05T10:06:17.1843720Z [command]/usr/bin/git submodule foreach --recursive sh -c "git config --local --name-only --get-regexp 'core\.sshCommand' && git config --local --unset-all 'core.sshCommand' || :"
2026-10-05T10:06:17.3101760Z [command]/usr/bin/git config --local --name-only --get-regexp http\.https\:\/\/github\.com\/\.extraheader
2026-10-05T10:06:17.3138134Z [command]/usr/bin/git submodule foreach --recursive sh -c "git config --local --name-only --get-regexp 'http\.https\:\/\/github\.com\/\.extraheader' && git config --local --unset-all 'http.https://github.com/.extraheader' || :"
2026-10-05T10:06:17.3352921Z [command]/usr/bin/git config --local --name-only --get-regexp ^includeIf\.gitdir:
2026-10-05T10:06:17.3387130Z [command]/usr/bin/git submodule foreach --recursive git config --local --show-origin --name-only --get-regexp remote.origin.url
2026-10-05T10:06:17.3604143Z [command]/usr/bin/git config --local http.https://github.com/.extraheader AUTHORIZATION: basic ***
2026-10-05T10:06:17.3642319Z ##[endgroup]
2026-10-05T10:06:17.3642925Z ##[group]Fetching the repository
2026-10-05T10:06:17.3649392Z [command]/usr/bin/git -c protocol.version=2 fetch --no-tags --prune --no-recurse-submodules --depth=1 origin 104384a52c94dc5a06d82a9acb16badcad9e304f
2026-10-05T10:06:23.7342489Z From https://github.com/Globulation2/glob2
2026-10-05T10:06:23.7343095Z  * branch            104384a52c94dc5a06d82a9acb16badcad9e304f -> FETCH_HEAD
2026-10-05T10:06:23.7346907Z ##[endgroup]
2026-10-05T10:06:23.7347529Z ##[group]Determining the checkout info
2026-10-05T10:06:23.7349797Z ##[endgroup]
2026-10-05T10:06:23.7355568Z [command]/usr/bin/git sparse-checkout disable
2026-10-05T10:06:23.7401188Z [command]/usr/bin/git config --local --unset-all extensions.worktreeConfig
2026-10-05T10:06:23.7435059Z ##[group]Checking out the ref
2026-10-05T10:06:23.7435430Z [command]/usr/bin/git checkout --progress --force 104384a52c94dc5a06d82a9acb16badcad9e304f
2026-10-05T10:06:24.7779883Z Updating files:  52% (7640/14610)
2026-10-05T10:06:24.8231194Z Updating files:  53% (7744/14610)
2026-10-05T10:06:24.8319232Z Updating files:  54% (7890/14610)
2026-10-05T10:06:24.8406020Z Updating files:  55% (8036/14610)
2026-10-05T10:06:24.8493087Z Updating files:  56% (8182/14610)
2026-10-05T10:06:24.8583237Z Updating files:  57% (8328/14610)
2026-10-05T10:06:24.8688745Z Updating files:  58% (8474/14610)
2026-10-05T10:06:24.8795487Z Updating files:  59% (8620/14610)
2026-10-05T10:06:24.8886964Z Updating files:  60% (8766/14610)
2026-10-05T10:06:24.8975674Z Updating files:  61% (8913/14610)
2026-10-05T10:06:24.9065715Z Updating files:  62% (9059/14610)
2026-10-05T10:06:24.9158342Z Updating files:  63% (9205/14610)
2026-10-05T10:06:24.9244332Z Updating files:  64% (9351/14610)
2026-10-05T10:06:24.9320166Z Updating files:  65% (9497/14610)
2026-10-05T10:06:24.9395994Z Updating files:  66% (9643/14610)
2026-10-05T10:06:24.9471906Z Updating files:  67% (9789/14610)
2026-10-05T10:06:24.9565522Z Updating files:  68% (9935/14610)
2026-10-05T10:06:24.9658431Z Updating files:  69% (10081/14610)
2026-10-05T10:06:24.9740722Z Updating files:  70% (10227/14610)
2026-10-05T10:06:24.9820003Z Updating files:  71% (10374/14610)
2026-10-05T10:06:24.9898846Z Updating files:  72% (10520/14610)
2026-10-05T10:06:25.0077843Z Updating files:  73% (10666/14610)
2026-10-05T10:06:25.0143302Z Updating files:  74% (10812/14610)
2026-10-05T10:06:25.0308673Z Updating files:  75% (10958/14610)
2026-10-05T10:06:25.0396736Z Updating files:  76% (11104/14610)
2026-10-05T10:06:25.0518908Z Updating files:  77% (11250/14610)
2026-10-05T10:06:25.0606068Z Updating files:  78% (11396/14610)
2026-10-05T10:06:25.0704699Z Updating files:  79% (11542/14610)
2026-10-05T10:06:25.5543245Z Updating files:  80% (11688/14610)
2026-10-05T10:06:25.5620292Z Updating files:  81% (11835/14610)
2026-10-05T10:06:25.5696103Z Updating files:  82% (11981/14610)
2026-10-05T10:06:25.5753592Z Updating files:  83% (12127/14610)
2026-10-05T10:06:25.5812665Z Updating files:  84% (12273/14610)
2026-10-05T10:06:25.5896572Z Updating files:  85% (12419/14610)
2026-10-05T10:06:25.6024703Z Updating files:  86% (12565/14610)
2026-10-05T10:06:25.6116160Z Updating files:  87% (12711/14610)
2026-10-05T10:06:25.6199206Z Updating files:  88% (12857/14610)
2026-10-05T10:06:25.6291842Z Updating files:  89% (13003/14610)
2026-10-05T10:06:25.6419114Z Updating files:  90% (13149/14610)
2026-10-05T10:06:25.6510333Z Updating files:  91% (13296/14610)
2026-10-05T10:06:25.6592883Z Updating files:  92% (13442/14610)
2026-10-05T10:06:25.6672361Z Updating files:  93% (13588/14610)
2026-10-05T10:06:25.6755786Z Updating files:  94% (13734/14610)
2026-10-05T10:06:25.7114176Z Updating files:  95% (13880/14610)
2026-10-05T10:06:25.7540607Z Updating files:  96% (14026/14610)
2026-10-05T10:06:25.7548287Z Updating files:  96% (14167/14610)
2026-10-05T10:06:25.7731660Z Updating files:  97% (14172/14610)
2026-10-05T10:06:25.7810667Z Updating files:  98% (14318/14610)
2026-10-05T10:06:25.7927237Z Updating files:  99% (14464/14610)
2026-10-05T10:06:25.7927774Z Updating files: 100% (14610/14610)
2026-10-05T10:06:25.7928137Z Updating files: 100% (14610/14610), done.
2026-10-05T10:06:25.8021161Z Note: switching to '104384a52c94dc5a06d82a9acb16badcad9e304f'.
2026-10-05T10:06:25.8021552Z 
2026-10-05T10:06:25.8021820Z You are in 'detached HEAD' state. You can look around, make experimental
2026-10-05T10:06:25.8022544Z changes and commit them, and you can discard any commits you make in this
2026-10-05T10:06:25.8023075Z state without impacting any branches by switching back to a branch.
2026-10-05T10:06:25.8023388Z 
2026-10-05T10:06:25.8023611Z If you want to create a new branch to retain commits you create, you may
2026-10-05T10:06:25.8024119Z do so (now or later) by using -c with the switch command. Example:
2026-10-05T10:06:25.8024415Z 
2026-10-05T10:06:25.8024530Z   git switch -c <new-branch-name>
2026-10-05T10:06:25.8024730Z 
2026-10-05T10:06:25.8024836Z Or undo this operation with:
2026-10-05T10:06:25.8025020Z 
2026-10-05T10:06:25.8025118Z   git switch -
2026-10-05T10:06:25.8025246Z 
2026-10-05T10:06:25.8025483Z Turn off this advice by setting config variable advice.detachedHead to false
2026-10-05T10:06:25.8025841Z 
2026-10-05T10:06:25.8026128Z HEAD is now at 104384a Wait for database session readiness in leader crash test (#782)
2026-10-05T10:06:25.8102151Z ##[endgroup]
2026-10-05T10:06:25.8143068Z [command]/usr/bin/git log -1 --format=%H
2026-10-05T10:06:25.8169426Z 104384a52c94dc5a06d82a9acb16badcad9e304f
2026-10-05T10:06:25.8340460Z ##[group]Run actions/download-artifact@v4
2026-10-05T10:06:25.8340693Z with:
2026-10-05T10:06:25.8340882Z   name: linux-test-programs-ubuntu-22.04
2026-10-05T10:06:25.8341114Z   path: artifacts/ci-native
2026-10-05T10:06:25.8341315Z   merge-multiple: false
2026-10-05T10:06:25.8341509Z   repository: Globulation2/glob2
2026-10-05T10:06:25.8341703Z   run-id: 37289559297
2026-10-05T10:06:25.8341868Z env:
2026-10-05T10:06:25.8342024Z   GLOB2_DEV_MODE: isolated
2026-10-05T10:06:25.8342215Z   CI_RUNNER_FAMILY: ubuntu-22.04
2026-10-05T10:06:25.8342402Z ##[endgroup]
2026-10-05T10:06:25.9639564Z Downloading single artifact
2026-10-05T10:06:25.9752738Z (node:2391) [DEP0040] DeprecationWarning: The `punycode` module is deprecated. Please use a userland alternative instead.
2026-10-05T10:06:25.9753343Z (Use `node --trace-deprecation ...` to show where the warning was created)
2026-10-05T10:06:26.1144763Z Preparing to download the following artifacts:
2026-10-05T10:06:26.1145477Z - linux-test-programs-ubuntu-22.04 (ID: 11338370004, Size: 255566573, Expected Digest: sha256:277f9cdc2f6bdeb9f35b69717e41d2be56144ac4daf580f45e2ac7d36bf4459d)
2026-10-05T10:06:26.2586940Z Redirecting to blob download url: https://productionresultssa1.blob.core.windows.net/actions-results/575d1b8b-4b2a-8cc3-9348-1b984005228f/workflow-job-run-3ca1e5f2-c111-57e7-a78b-1ba3fa459045/artifacts/8cb5484f653ad1140329cf3596c350c71fc4728f011578cc6adf85b1058eeab2.zip
2026-10-05T10:06:26.2588712Z Starting download of artifact to: /home/runner/work/glob2/glob2/artifacts/ci-native
2026-10-05T10:06:26.3882810Z (node:2391) [DEP0005] DeprecationWarning: Buffer() is deprecated due to security and usability issues. Please use the Buffer.alloc(), Buffer.allocUnsafe(), or Buffer.from() methods instead.
2026-10-05T10:06:29.7688923Z SHA256 digest of downloaded artifact is 277f9cdc2f6bdeb9f35b69717e41d2be56144ac4daf580f45e2ac7d36bf4459d
2026-10-05T10:06:29.7689988Z Artifact download completed successfully.
2026-10-05T10:06:29.7690382Z Total of 1 artifact(s) downloaded
2026-10-05T10:06:29.7694694Z Download artifact has finished successfully
2026-10-05T10:06:29.7821870Z ##[group]Run tar -xzf artifacts/ci-native/linux-test-programs.tar.gz
2026-10-05T10:06:29.7822281Z [36;1mtar -xzf artifacts/ci-native/linux-test-programs.tar.gz[0m
2026-10-05T10:06:29.7822769Z [36;1mecho "LD_LIBRARY_PATH=$PWD/build/sdl3-ci/prefix/lib${LD_LIBRARY_PATH:+:$LD_LIBRARY_PATH}" >> "$GITHUB_ENV"[0m
2026-10-05T10:06:29.7886393Z shell: /usr/bin/bash -e {0}
2026-10-05T10:06:29.7886601Z env:
2026-10-05T10:06:29.7886765Z   GLOB2_DEV_MODE: isolated
2026-10-05T10:06:29.7886972Z   CI_RUNNER_FAMILY: ubuntu-22.04
2026-10-05T10:06:29.7887180Z ##[endgroup]
2026-10-05T10:06:32.7426086Z ##[group]Run if [ "false" = true ]; then
2026-10-05T10:06:32.7426373Z [36;1mif [ "false" = true ]; then[0m
2026-10-05T10:06:32.7426785Z [36;1m  xargs sudo apt-get install -y --no-install-recommends < artifacts/ci-native/runtime-packages.txt[0m
2026-10-05T10:06:32.7427465Z [36;1m  sudo apt-get install -y --no-install-recommends python3 libgl1 libglu1-mesa libepoxy0 libgl1-mesa-dri xvfb xauth openbox x11-utils gdb[0m
2026-10-05T10:06:32.7428344Z [36;1m  python3 .github/scripts/linux_runtime_packages.py build/linux/client/release --verify[0m
2026-10-05T10:06:32.7428718Z [36;1melse[0m
2026-10-05T10:06:32.7429035Z [36;1msudo env DEBIAN_FRONTEND=noninteractive apt-get install -y --no-install-recommends \[0m
2026-10-05T10:06:32.7429541Z [36;1m  ca-certificates git g++-11 python3 python3-venv scons pkg-config nasm libva-dev ccache \[0m
2026-10-05T10:06:32.7430272Z [36;1m  libfreetype-dev libx11-dev libxext-dev libxcursor-dev libxi-dev libxrandr-dev libxss-dev libxtst-dev libasound2-dev libpulse-dev libwayland-dev libxkbcommon-dev \[0m
2026-10-05T10:06:32.7430888Z [36;1m  libopusfile-dev libopus-dev libogg-dev libspeex-dev \[0m
2026-10-05T10:06:32.7431287Z [36;1m  libboost-date-time-dev libboost-thread-dev libboost-system-dev libssl-dev \[0m
2026-10-05T10:06:32.7431671Z [36;1m  zlib1g-dev libfribidi-dev libpcre3-dev \[0m
2026-10-05T10:06:32.7432075Z [36;1m  libgl1-mesa-dev libglu1-mesa-dev libepoxy-dev libgl1-mesa-dri xvfb xauth openbox x11-utils gdb[0m
2026-10-05T10:06:32.7432443Z [36;1mfi[0m
2026-10-05T10:06:32.7499431Z shell: /usr/bin/bash -e {0}
2026-10-05T10:06:32.7499650Z env:
2026-10-05T10:06:32.7499818Z   GLOB2_DEV_MODE: isolated
2026-10-05T10:06:32.7500022Z   CI_RUNNER_FAMILY: ubuntu-22.04
2026-10-05T10:06:32.7500312Z   LD_LIBRARY_PATH: /home/runner/work/glob2/glob2/build/sdl3-ci/prefix/lib
2026-10-05T10:06:32.7500618Z ##[endgroup]
2026-10-05T10:06:32.9754690Z Reading package lists...
2026-10-05T10:06:33.2018281Z Building dependency tree...
2026-10-05T10:06:33.2027361Z Reading state information...
2026-10-05T10:06:33.3724786Z libxext-dev is already the newest version (2:1.3.4-1build1).
2026-10-05T10:06:33.3725224Z libxext-dev set to manually installed.
2026-10-05T10:06:33.3725596Z xauth is already the newest version (1:1.1-1build2).
2026-10-05T10:06:33.3725955Z xauth set to manually installed.
2026-10-05T10:06:33.3726332Z ca-certificates is already the newest version (20260601~22.04.1).
2026-10-05T10:06:33.3726771Z g++-11 is already the newest version (11.4.0-1ubuntu1~22.04.3).
2026-10-05T10:06:33.3727140Z g++-11 set to manually installed.
2026-10-05T10:06:33.3727534Z libfreetype-dev is already the newest version (2.11.1+dfsg-1ubuntu0.3).
2026-10-05T10:06:33.3728139Z libfreetype-dev set to manually installed.
2026-10-05T10:06:33.3728557Z libgl1-mesa-dri is already the newest version (23.2.1-1ubuntu3.1~22.04.4).
2026-10-05T10:06:33.3728869Z libgl1-mesa-dri set to manually installed.
2026-10-05T10:06:33.3729174Z libpcre3-dev is already the newest version (2:8.39-13ubuntu0.22.04.1).
2026-10-05T10:06:33.3729629Z libpcre3-dev set to manually installed.
2026-10-05T10:06:33.3729913Z libx11-dev is already the newest version (2:1.7.5-1ubuntu0.3).
2026-10-05T10:06:33.3730589Z libx11-dev set to manually installed.
2026-10-05T10:06:33.3730847Z python3 is already the newest version (3.10.6-1~22.04.1).
2026-10-05T10:06:33.3731189Z zlib1g-dev is already the newest version (1:1.2.11.dfsg-2ubuntu9.2).
2026-10-05T10:06:33.3731541Z python3-venv is already the newest version (3.10.6-1~22.04.1).
2026-10-05T10:06:33.3731873Z xvfb is already the newest version (2:21.1.4-2ubuntu1.7~22.04.16).
2026-10-05T10:06:33.3732200Z git is already the newest version (1:2.55.0-0ppa1~ubuntu22.04.2).
2026-10-05T10:06:33.3732513Z The following additional packages will be installed:
2026-10-05T10:06:33.3732862Z   libasyncns0 libbabeltrace1 libboost-atomic1.74-dev libboost-atomic1.74.0
2026-10-05T10:06:33.3733266Z   libboost-chrono1.74-dev libboost-chrono1.74.0 libboost-date-time1.74-dev
2026-10-05T10:06:33.3733896Z   libboost-date-time1.74.0 libboost-regex1.74.0 libboost-serialization1.74-dev
2026-10-05T10:06:33.3734320Z   libboost-serialization1.74.0 libboost-system1.74-dev libboost-system1.74.0
2026-10-05T10:06:33.3734718Z   libboost-thread1.74-dev libboost-thread1.74.0 libboost1.74-dev
2026-10-05T10:06:33.3735113Z   libdebuginfod-common libdebuginfod1 libegl-dev libegl-mesa0 libegl1 libflac8
2026-10-05T10:06:33.3735510Z   libgl-dev libgles-dev libgles1 libgles2 libglu1-mesa libglvnd-core-dev
2026-10-05T10:06:33.3738766Z   libglvnd-dev libglx-dev libhiredis0.14 libid3tag0 libimlib2 libipt2
2026-10-05T10:06:33.3739196Z   libobrender32v5 libobt2v5 libopengl-dev libopengl0 libopus0 libopusfile0
2026-10-05T10:06:33.3739601Z   libpangoxft-1.0-0 libpulse-mainloop-glib0 libpulse0 libset-scalar-perl
2026-10-05T10:06:33.3739993Z   libsndfile1 libsource-highlight-common libsource-highlight4v5 libspeex1
2026-10-05T10:06:33.3740382Z   libssl3 libstartup-notification0 libva-drm2 libva-glx2 libva-wayland2
2026-10-05T10:06:33.3740778Z   libva-x11-2 libva2 libvorbisenc2 libwayland-bin libxcb-shape0 libxcb-util1
2026-10-05T10:06:33.3741103Z   libxfixes-dev libxv1 libxxf86dga1
2026-10-05T10:06:33.3744055Z Suggested packages:
2026-10-05T10:06:33.3744407Z   distcc | icecc gdb-doc gdbserver libasound2-doc libboost1.74-doc
2026-10-05T10:06:33.3744729Z   libboost-container1.74-dev libboost-context1.74-dev
2026-10-05T10:06:33.3745027Z   libboost-contract1.74-dev libboost-coroutine1.74-dev
2026-10-05T10:06:33.3745321Z   libboost-exception1.74-dev libboost-fiber1.74-dev
2026-10-05T10:06:33.3745604Z   libboost-filesystem1.74-dev libboost-graph1.74-dev
2026-10-05T10:06:33.3745920Z   libboost-graph-parallel1.74-dev libboost-iostreams1.74-dev
2026-10-05T10:06:33.3746266Z   libboost-locale1.74-dev libboost-log1.74-dev libboost-math1.74-dev
2026-10-05T10:06:33.3746642Z   libboost-mpi1.74-dev libboost-mpi-python1.74-dev libboost-numpy1.74-dev
2026-10-05T10:06:33.3746996Z   libboost-program-options1.74-dev libboost-python1.74-dev
2026-10-05T10:06:33.3747363Z   libboost-random1.74-dev libboost-regex1.74-dev libboost-stacktrace1.74-dev
2026-10-05T10:06:33.3747954Z   libboost-test1.74-dev libboost-timer1.74-dev libboost-type-erasure1.74-dev
2026-10-05T10:06:33.3748339Z   libboost-wave1.74-dev libboost1.74-tools-dev libmpfrc++-dev libntl-dev
2026-10-05T10:06:33.3748690Z   libboost-nowide1.74-dev opus-tools pulseaudio speex libssl-doc
2026-10-05T10:06:33.3749065Z   libwayland-doc tint2 openbox-gnome-session openbox-kde-session mesa-utils
2026-10-05T10:06:33.3749371Z Recommended packages:
2026-10-05T10:06:33.3749609Z   libc-dbg va-driver-all | va-driver obconf | obconf-qt scrot
2026-10-05T10:06:33.4076897Z The following packages will be REMOVED:
2026-10-05T10:06:33.4077970Z   pkgconf r-base-dev
2026-10-05T10:06:33.4078281Z The following NEW packages will be installed:
2026-10-05T10:06:33.4080292Z   ccache gdb libasound2-dev libasyncns0 libbabeltrace1 libboost-atomic1.74-dev
2026-10-05T10:06:33.4081018Z   libboost-atomic1.74.0 libboost-chrono1.74-dev libboost-chrono1.74.0
2026-10-05T10:06:33.4081676Z   libboost-date-time-dev libboost-date-time1.74-dev libboost-date-time1.74.0
2026-10-05T10:06:33.4082208Z   libboost-regex1.74.0 libboost-serialization1.74-dev
2026-10-05T10:06:33.4083076Z   libboost-serialization1.74.0 libboost-system-dev libboost-system1.74-dev
2026-10-05T10:06:33.4083641Z   libboost-system1.74.0 libboost-thread-dev libboost-thread1.74-dev
2026-10-05T10:06:33.4084254Z   libboost-thread1.74.0 libboost1.74-dev libdebuginfod-common libdebuginfod1
2026-10-05T10:06:33.4084889Z   libegl-dev libegl-mesa0 libegl1 libepoxy-dev libflac8 libfribidi-dev
2026-10-05T10:06:33.4085470Z   libgl-dev libgl1-mesa-dev libgles-dev libgles1 libgles2 libglu1-mesa
2026-10-05T10:06:33.4086097Z   libglu1-mesa-dev libglvnd-core-dev libglvnd-dev libglx-dev libhiredis0.14
2026-10-05T10:06:33.4086862Z   libid3tag0 libimlib2 libipt2 libobrender32v5 libobt2v5 libogg-dev
2026-10-05T10:06:33.4087443Z   libopengl-dev libopengl0 libopus-dev libopus0 libopusfile-dev libopusfile0
2026-10-05T10:06:33.4088390Z   libpangoxft-1.0-0 libpulse-dev libpulse-mainloop-glib0 libpulse0
2026-10-05T10:06:33.4088960Z   libset-scalar-perl libsndfile1 libsource-highlight-common
2026-10-05T10:06:33.4089565Z   libsource-highlight4v5 libspeex-dev libspeex1 libstartup-notification0
2026-10-05T10:06:33.4090184Z   libva-dev libva-drm2 libva-glx2 libva-wayland2 libva-x11-2 libva2
2026-10-05T10:06:33.4090775Z   libvorbisenc2 libwayland-bin libwayland-dev libxcb-shape0 libxcb-util1
2026-10-05T10:06:33.4091409Z   libxcursor-dev libxfixes-dev libxi-dev libxkbcommon-dev libxrandr-dev
2026-10-05T10:06:33.4091927Z   libxss-dev libxtst-dev libxv1 libxxf86dga1 nasm openbox pkg-config scons
2026-10-05T10:06:33.4092230Z   x11-utils
2026-10-05T10:06:33.4093545Z The following packages will be upgraded:
2026-10-05T10:06:33.4096579Z   libssl-dev libssl3
2026-10-05T10:06:33.4269672Z 2 upgraded, 89 newly installed, 2 to remove and 18 not upgraded.
2026-10-05T10:06:33.4270181Z Need to get 27.6 MB of archives.
2026-10-05T10:06:33.4270593Z After this operation, 214 MB of additional disk space will be used.
2026-10-05T10:06:33.4271137Z Get:1 file:/etc/apt/apt-mirrors.txt Mirrorlist [144 B]
2026-10-05T10:06:33.4698348Z Get:2 http://azure.archive.ubuntu.com/ubuntu jammy/main amd64 pkg-config amd64 0.29.2-1ubuntu3 [48.2 kB]
2026-10-05T10:06:33.4934963Z Get:3 http://azure.archive.ubuntu.com/ubuntu jammy-updates/main amd64 libdebuginfod-common all 0.186-1ubuntu0.1 [7996 B]
2026-10-05T10:06:33.5150226Z Get:4 http://azure.archive.ubuntu.com/ubuntu jammy-updates/main amd64 libssl-dev amd64 3.0.2-0ubuntu1.30 [2377 kB]
2026-10-05T10:06:33.5741316Z Get:5 http://azure.archive.ubuntu.com/ubuntu jammy-updates/main amd64 libssl3 amd64 3.0.2-0ubuntu1.30 [1907 kB]
2026-10-05T10:06:33.6258704Z Get:6 http://azure.archive.ubuntu.com/ubuntu jammy/universe amd64 libhiredis0.14 amd64 0.14.1-2 [32.8 kB]
2026-10-05T10:06:33.6472969Z Get:7 http://azure.archive.ubuntu.com/ubuntu jammy/universe amd64 ccache amd64 4.5.1-1 [495 kB]
2026-10-05T10:06:33.6802710Z Get:8 http://azure.archive.ubuntu.com/ubuntu jammy/main amd64 libbabeltrace1 amd64 1.5.8-2build1 [160 kB]
2026-10-05T10:06:33.7052926Z Get:9 http://azure.archive.ubuntu.com/ubuntu jammy-updates/main amd64 libdebuginfod1 amd64 0.186-1ubuntu0.1 [12.8 kB]
2026-10-05T10:06:33.7271181Z Get:10 http://azure.archive.ubuntu.com/ubuntu jammy/main amd64 libipt2 amd64 2.0.5-1 [46.4 kB]
2026-10-05T10:06:33.7500819Z Get:11 http://azure.archive.ubuntu.com/ubuntu jammy/main amd64 libsource-highlight-common all 3.1.9-4.1build2 [64.5 kB]
2026-10-05T10:06:33.7744059Z Get:12 http://azure.archive.ubuntu.com/ubuntu jammy/main amd64 libboost-regex1.74.0 amd64 1.74.0-14ubuntu3 [511 kB]
2026-10-05T10:06:33.8069378Z Get:13 http://azure.archive.ubuntu.com/ubuntu jammy/main amd64 libsource-highlight4v5 amd64 3.1.9-4.1build2 [207 kB]
2026-10-05T10:06:33.8327958Z Get:14 http://azure.archive.ubuntu.com/ubuntu jammy-updates/main amd64 gdb amd64 12.1-0ubuntu1~22.04.2 [3920 kB]
2026-10-05T10:06:33.8880667Z Get:15 http://azure.archive.ubuntu.com/ubuntu jammy-updates/main amd64 libasound2-dev amd64 1.2.6.1-1ubuntu1.2 [110 kB]
2026-10-05T10:06:33.9103145Z Get:16 http://azure.archive.ubuntu.com/ubuntu jammy/main amd64 libasyncns0 amd64 0.8-6build2 [12.8 kB]
2026-10-05T10:06:33.9317012Z Get:17 http://azure.archive.ubuntu.com/ubuntu jammy/main amd64 libboost1.74-dev amd64 1.74.0-14ubuntu3 [9609 kB]
2026-10-05T10:06:34.0346009Z Get:18 http://azure.archive.ubuntu.com/ubuntu jammy/main amd64 libboost-atomic1.74.0 amd64 1.74.0-14ubuntu3 [224 kB]
2026-10-05T10:06:34.0576680Z Get:19 http://azure.archive.ubuntu.com/ubuntu jammy/main amd64 libboost-atomic1.74-dev amd64 1.74.0-14ubuntu3 [221 kB]
2026-10-05T10:06:34.1226450Z Get:20 http://azure.archive.ubuntu.com/ubuntu jammy/main amd64 libboost-chrono1.74.0 amd64 1.74.0-14ubuntu3 [232 kB]
2026-10-05T10:06:34.1489264Z Get:21 http://azure.archive.ubuntu.com/ubuntu jammy/main amd64 libboost-chrono1.74-dev amd64 1.74.0-14ubuntu3 [239 kB]
2026-10-05T10:06:34.1725947Z Get:22 http://azure.archive.ubuntu.com/ubuntu jammy/main amd64 libboost-date-time1.74.0 amd64 1.74.0-14ubuntu3 [221 kB]
2026-10-05T10:06:34.2000288Z Get:23 http://azure.archive.ubuntu.com/ubuntu jammy/main amd64 libboost-serialization1.74.0 amd64 1.74.0-14ubuntu3 [327 kB]
2026-10-05T10:06:34.2294942Z Get:24 http://azure.archive.ubuntu.com/ubuntu jammy/main amd64 libboost-serialization1.74-dev amd64 1.74.0-14ubuntu3 [375 kB]
2026-10-05T10:06:34.2544322Z Get:25 http://azure.archive.ubuntu.com/ubuntu jammy/main amd64 libboost-date-time1.74-dev amd64 1.74.0-14ubuntu3 [226 kB]
2026-10-05T10:06:34.2782243Z Get:26 http://azure.archive.ubuntu.com/ubuntu jammy/universe amd64 libboost-date-time-dev amd64 1.74.0.3ubuntu7 [3248 B]
2026-10-05T10:06:34.3002840Z Get:27 http://azure.archive.ubuntu.com/ubuntu jammy/main amd64 libboost-system1.74.0 amd64 1.74.0-14ubuntu3 [221 kB]
2026-10-05T10:06:34.3238347Z Get:28 http://azure.archive.ubuntu.com/ubuntu jammy/main amd64 libboost-system1.74-dev amd64 1.74.0-14ubuntu3 [218 kB]
2026-10-05T10:06:34.3514456Z Get:29 http://azure.archive.ubuntu.com/ubuntu jammy/main amd64 libboost-system-dev amd64 1.74.0.3ubuntu7 [3390 B]
2026-10-05T10:06:34.3737258Z Get:30 http://azure.archive.ubuntu.com/ubuntu jammy/main amd64 libboost-thread1.74.0 amd64 1.74.0-14ubuntu3 [262 kB]
2026-10-05T10:06:34.4022785Z Get:31 http://azure.archive.ubuntu.com/ubuntu jammy/main amd64 libboost-thread1.74-dev amd64 1.74.0-14ubuntu3 [272 kB]
2026-10-05T10:06:34.4261734Z Get:32 http://azure.archive.ubuntu.com/ubuntu jammy/main amd64 libboost-thread-dev amd64 1.74.0.3ubuntu7 [3266 B]
2026-10-05T10:06:34.4480021Z Get:33 http://azure.archive.ubuntu.com/ubuntu jammy-updates/main amd64 libegl-mesa0 amd64 23.2.1-1ubuntu3.1~22.04.4 [118 kB]
2026-10-05T10:06:34.4723158Z Get:34 http://azure.archive.ubuntu.com/ubuntu jammy/main amd64 libegl1 amd64 1.4.0-1 [28.6 kB]
2026-10-05T10:06:34.4946139Z Get:35 http://azure.archive.ubuntu.com/ubuntu jammy/main amd64 libglx-dev amd64 1.4.0-1 [14.1 kB]
2026-10-05T10:06:34.5173653Z Get:36 http://azure.archive.ubuntu.com/ubuntu jammy/main amd64 libgl-dev amd64 1.4.0-1 [101 kB]
2026-10-05T10:06:34.5437053Z Get:37 http://azure.archive.ubuntu.com/ubuntu jammy/main amd64 libegl-dev amd64 1.4.0-1 [18.0 kB]
2026-10-05T10:06:34.6110893Z Get:38 http://azure.archive.ubuntu.com/ubuntu jammy/main amd64 libepoxy-dev amd64 1.5.10-1 [132 kB]
2026-10-05T10:06:34.6363394Z Get:39 http://azure.archive.ubuntu.com/ubuntu jammy-updates/main amd64 libflac8 amd64 1.3.3-2ubuntu0.2 [111 kB]
2026-10-05T10:06:34.6600104Z Get:40 http://azure.archive.ubuntu.com/ubuntu jammy-updates/main amd64 libfribidi-dev amd64 1.0.8-2ubuntu3.1 [64.8 kB]
2026-10-05T10:06:34.6821174Z Get:41 http://azure.archive.ubuntu.com/ubuntu jammy/main amd64 libgles1 amd64 1.4.0-1 [11.5 kB]
2026-10-05T10:06:34.7043219Z Get:42 http://azure.archive.ubuntu.com/ubuntu jammy/main amd64 libgles2 amd64 1.4.0-1 [18.0 kB]
2026-10-05T10:06:34.7261794Z Get:43 http://azure.archive.ubuntu.com/ubuntu jammy/main amd64 libgles-dev amd64 1.4.0-1 [49.4 kB]
2026-10-05T10:06:34.7483964Z Get:44 http://azure.archive.ubuntu.com/ubuntu jammy/main amd64 libopengl0 amd64 1.4.0-1 [36.5 kB]
2026-10-05T10:06:34.7712117Z Get:45 http://azure.archive.ubuntu.com/ubuntu jammy/main amd64 libglu1-mesa amd64 9.0.2-1 [145 kB]
2026-10-05T10:06:34.7943716Z Get:46 http://azure.archive.ubuntu.com/ubuntu jammy/main amd64 libglu1-mesa-dev amd64 9.0.2-1 [231 kB]
2026-10-05T10:06:34.8177435Z Get:47 http://azure.archive.ubuntu.com/ubuntu jammy/universe amd64 libid3tag0 amd64 0.15.1b-14 [31.3 kB]
2026-10-05T10:06:34.8399170Z Get:48 http://azure.archive.ubuntu.com/ubuntu jammy/universe amd64 libimlib2 amd64 1.7.4-1build1 [195 kB]
2026-10-05T10:06:34.8638616Z Get:49 http://azure.archive.ubuntu.com/ubuntu jammy/universe amd64 libobt2v5 amd64 3.6.1-10 [35.5 kB]
2026-10-05T10:06:34.8865875Z Get:50 http://azure.archive.ubuntu.com/ubuntu jammy-updates/main amd64 libpangoxft-1.0-0 amd64 1.50.6+ds-2ubuntu1 [31.0 kB]
2026-10-05T10:06:34.9089965Z Get:51 http://azure.archive.ubuntu.com/ubuntu jammy/universe amd64 libobrender32v5 amd64 3.6.1-10 [42.4 kB]
2026-10-05T10:06:34.9313473Z Get:52 http://azure.archive.ubuntu.com/ubuntu jammy/main amd64 libogg-dev amd64 1.3.5-0ubuntu3 [161 kB]
2026-10-05T10:06:34.9544343Z Get:53 http://azure.archive.ubuntu.com/ubuntu jammy/main amd64 libopengl-dev amd64 1.4.0-1 [3400 B]
2026-10-05T10:06:34.9772022Z Get:54 http://azure.archive.ubuntu.com/ubuntu jammy/main amd64 libopus0 amd64 1.3.1-0.1build2 [203 kB]
2026-10-05T10:06:35.0004617Z Get:55 http://azure.archive.ubuntu.com/ubuntu jammy/main amd64 libopus-dev amd64 1.3.1-0.1build2 [252 kB]
2026-10-05T10:06:35.0240946Z Get:56 http://azure.archive.ubuntu.com/ubuntu jammy/universe amd64 libopusfile0 amd64 0.9+20170913-1.1build1 [43.2 kB]
2026-10-05T10:06:35.5678811Z Get:57 http://azure.archive.ubuntu.com/ubuntu jammy/universe amd64 libopusfile-dev amd64 0.9+20170913-1.1build1 [63.3 kB]
2026-10-05T10:06:35.6124947Z Get:58 http://azure.archive.ubuntu.com/ubuntu jammy/main amd64 libvorbisenc2 amd64 1.3.7-1build2 [82.6 kB]
2026-10-05T10:06:35.6437477Z Get:59 http://azure.archive.ubuntu.com/ubuntu jammy-updates/main amd64 libsndfile1 amd64 1.0.31-2ubuntu0.2 [196 kB]
2026-10-05T10:06:35.6897468Z Get:60 http://azure.archive.ubuntu.com/ubuntu jammy-updates/main amd64 libpulse0 amd64 1:15.99.1+dfsg1-1ubuntu2.2 [298 kB]
2026-10-05T10:06:35.7232252Z Get:61 http://azure.archive.ubuntu.com/ubuntu jammy-updates/main amd64 libpulse-mainloop-glib0 amd64 1:15.99.1+dfsg1-1ubuntu2.2 [12.4 kB]
2026-10-05T10:06:35.7447125Z Get:62 http://azure.archive.ubuntu.com/ubuntu jammy-updates/main amd64 libpulse-dev amd64 1:15.99.1+dfsg1-1ubuntu2.2 [75.6 kB]
2026-10-05T10:06:35.7680169Z Get:63 http://azure.archive.ubuntu.com/ubuntu jammy/main amd64 libspeex1 amd64 1.2~rc1.2-1.1ubuntu3 [57.9 kB]
2026-10-05T10:06:35.7917099Z Get:64 http://azure.archive.ubuntu.com/ubuntu jammy/main amd64 libspeex-dev amd64 1.2~rc1.2-1.1ubuntu3 [72.3 kB]
2026-10-05T10:06:35.8156646Z Get:65 http://azure.archive.ubuntu.com/ubuntu jammy/main amd64 libxcb-util1 amd64 0.4.0-1build2 [11.4 kB]
2026-10-05T10:06:35.8378642Z Get:66 http://azure.archive.ubuntu.com/ubuntu jammy/main amd64 libstartup-notification0 amd64 0.12-6build2 [19.5 kB]
2026-10-05T10:06:35.8600153Z Get:67 http://azure.archive.ubuntu.com/ubuntu jammy/universe amd64 libva2 amd64 2.14.0-1 [65.0 kB]
2026-10-05T10:06:35.8820197Z Get:68 http://azure.archive.ubuntu.com/ubuntu jammy/universe amd64 libva-drm2 amd64 2.14.0-1 [7502 B]
2026-10-05T10:06:35.9042307Z Get:69 http://azure.archive.ubuntu.com/ubuntu jammy/universe amd64 libva-x11-2 amd64 2.14.0-1 [12.6 kB]
2026-10-05T10:06:35.9259411Z Get:70 http://azure.archive.ubuntu.com/ubuntu jammy/universe amd64 libva-glx2 amd64 2.14.0-1 [11.4 kB]
2026-10-05T10:06:35.9486669Z Get:71 http://azure.archive.ubuntu.com/ubuntu jammy/universe amd64 libva-wayland2 amd64 2.14.0-1 [9784 B]
2026-10-05T10:06:35.9701605Z Get:72 http://azure.archive.ubuntu.com/ubuntu jammy-updates/main amd64 libwayland-bin amd64 1.20.0-1ubuntu0.1 [20.4 kB]
2026-10-05T10:06:35.9919695Z Get:73 http://azure.archive.ubuntu.com/ubuntu jammy-updates/main amd64 libwayland-dev amd64 1.20.0-1ubuntu0.1 [69.5 kB]
2026-10-05T10:06:36.0148556Z Get:74 http://azure.archive.ubuntu.com/ubuntu jammy/universe amd64 libset-scalar-perl all 1.29-2 [27.9 kB]
2026-10-05T10:06:36.0368033Z Get:75 http://azure.archive.ubuntu.com/ubuntu jammy/universe amd64 libva-dev amd64 2.14.0-1 [115 kB]
2026-10-05T10:06:36.1019946Z Get:76 http://azure.archive.ubuntu.com/ubuntu jammy/main amd64 libxcb-shape0 amd64 1.14-3ubuntu3 [6158 B]
2026-10-05T10:06:36.1233748Z Get:77 http://azure.archive.ubuntu.com/ubuntu jammy/main amd64 libxfixes-dev amd64 1:6.0.0-1 [12.2 kB]
2026-10-05T10:06:36.1449114Z Get:78 http://azure.archive.ubuntu.com/ubuntu jammy/main amd64 libxcursor-dev amd64 1:1.2.0-2build4 [28.2 kB]
2026-10-05T10:06:36.1675725Z Get:79 http://azure.archive.ubuntu.com/ubuntu jammy/main amd64 libxi-dev amd64 2:1.8-1build1 [193 kB]
2026-10-05T10:06:36.1924416Z Get:80 http://azure.archive.ubuntu.com/ubuntu jammy/main amd64 libxkbcommon-dev amd64 1.4.0-1 [54.9 kB]
2026-10-05T10:06:36.2147890Z Get:81 http://azure.archive.ubuntu.com/ubuntu jammy/main amd64 libxrandr-dev amd64 2:1.5.2-1build1 [26.7 kB]
2026-10-05T10:06:36.2368393Z Get:82 http://azure.archive.ubuntu.com/ubuntu jammy/main amd64 libxss-dev amd64 1:1.2.3-1build2 [12.3 kB]
2026-10-05T10:06:36.2590040Z Get:83 http://azure.archive.ubuntu.com/ubuntu jammy/main amd64 libxtst-dev amd64 2:1.2.3-1build4 [16.3 kB]
2026-10-05T10:06:36.2810701Z Get:84 http://azure.archive.ubuntu.com/ubuntu jammy/main amd64 libxv1 amd64 2:1.0.11-1build2 [11.2 kB]
2026-10-05T10:06:36.3031705Z Get:85 http://azure.archive.ubuntu.com/ubuntu jammy/main amd64 libxxf86dga1 amd64 2:1.1.5-0ubuntu3 [12.6 kB]
2026-10-05T10:06:36.3254835Z Get:86 http://azure.archive.ubuntu.com/ubuntu jammy/universe amd64 nasm amd64 2.15.05-1 [375 kB]
2026-10-05T10:06:36.3538608Z Get:87 http://azure.archive.ubuntu.com/ubuntu jammy/universe amd64 openbox amd64 3.6.1-10 [311 kB]
2026-10-05T10:06:36.3820550Z Get:88 http://azure.archive.ubuntu.com/ubuntu jammy/universe amd64 scons all 4.0.1+dfsg-2 [469 kB]
2026-10-05T10:06:36.4129615Z Get:89 http://azure.archive.ubuntu.com/ubuntu jammy/main amd64 x11-utils amd64 7.7+5build2 [206 kB]
2026-10-05T10:06:36.4376728Z Get:90 http://azure.archive.ubuntu.com/ubuntu jammy/main amd64 libglvnd-core-dev amd64 1.4.0-1 [12.7 kB]
2026-10-05T10:06:36.4597984Z Get:91 http://azure.archive.ubuntu.com/ubuntu jammy/main amd64 libglvnd-dev amd64 1.4.0-1 [3162 B]
2026-10-05T10:06:36.4817212Z Get:92 http://azure.archive.ubuntu.com/ubuntu jammy-updates/main amd64 libgl1-mesa-dev amd64 23.2.1-1ubuntu3.1~22.04.4 [7012 B]
2026-10-05T10:06:36.8663776Z Preconfiguring packages ...
2026-10-05T10:06:37.0098078Z Fetched 27.6 MB in 3s (9012 kB/s)
2026-10-05T10:06:37.0470809Z (Reading database ... 
2026-10-05T10:06:37.0471216Z (Reading database ... 5%
2026-10-05T10:06:37.0471677Z (Reading database ... 10%
2026-10-05T10:06:37.0472009Z (Reading database ... 15%
2026-10-05T10:06:37.0472276Z (Reading database ... 20%
2026-10-05T10:06:37.0472577Z (Reading database ... 25%
2026-10-05T10:06:37.0472858Z (Reading database ... 30%
2026-10-05T10:06:37.0473108Z (Reading database ... 35%
2026-10-05T10:06:37.0473300Z (Reading database ... 40%
2026-10-05T10:06:37.0473477Z (Reading database ... 45%
2026-10-05T10:06:37.0473676Z (Reading database ... 50%
2026-10-05T10:06:37.1329433Z (Reading database ... 55%
2026-10-05T10:06:37.3694803Z (Reading database ... 60%
2026-10-05T10:06:37.7427041Z (Reading database ... 65%
2026-10-05T10:06:37.9338143Z (Reading database ... 70%
2026-10-05T10:06:38.0384495Z (Reading database ... 75%
2026-10-05T10:06:38.1405243Z (Reading database ... 80%
2026-10-05T10:06:38.2912145Z (Reading database ... 85%
2026-10-05T10:06:38.5236884Z (Reading database ... 90%
2026-10-05T10:06:38.9256132Z (Reading database ... 95%
2026-10-05T10:06:38.9256541Z (Reading database ... 100%
2026-10-05T10:06:38.9256982Z (Reading database ... 260410 files and directories currently installed.)
2026-10-05T10:06:38.9315256Z Removing r-base-dev (4.6.1-6.2204.0) ...
2026-10-05T10:06:39.3695788Z dpkg: pkgconf: dependency problems, but removing anyway as you requested:
2026-10-05T10:06:39.3696401Z  php8.1-dev depends on pkg-config; however:
2026-10-05T10:06:39.3696809Z   Package pkg-config is not installed.
2026-10-05T10:06:39.3697509Z   Package pkgconf which provides pkg-config is to be removed.
2026-10-05T10:06:39.3698128Z  mono-devel depends on pkg-config; however:
2026-10-05T10:06:39.3698521Z   Package pkg-config is not installed.
2026-10-05T10:06:39.3698880Z   Package pkgconf which provides pkg-config is to be removed.
2026-10-05T10:06:39.3699329Z  libmagickwand-6.q16-dev:amd64 depends on pkg-config; however:
2026-10-05T10:06:39.3699725Z   Package pkg-config is not installed.
2026-10-05T10:06:39.3700085Z   Package pkgconf which provides pkg-config is to be removed.
2026-10-05T10:06:39.3700548Z  libmagickcore-6.q16-dev:amd64 depends on pkg-config; however:
2026-10-05T10:06:39.3700961Z   Package pkg-config is not installed.
2026-10-05T10:06:39.3701342Z   Package pkgconf which provides pkg-config is to be removed.
2026-10-05T10:06:39.3702083Z  libglib2.0-dev:amd64 depends on pkg-config; however:
2026-10-05T10:06:39.3702461Z   Package pkg-config is not installed.
2026-10-05T10:06:39.3702827Z   Package pkgconf which provides pkg-config is to be removed.
2026-10-05T10:06:39.3703279Z  libfontconfig-dev:amd64 depends on pkg-config; however:
2026-10-05T10:06:39.3703672Z   Package pkg-config is not installed.
2026-10-05T10:06:39.3704046Z   Package pkgconf which provides pkg-config is to be removed.
2026-10-05T10:06:39.3704325Z 
2026-10-05T10:06:39.3764013Z Removing pkgconf (1.8.0-1) ...
2026-10-05T10:06:39.4428319Z Removing 'diversion of /usr/bin/pkg-config to /usr/bin/pkg-config.real by pkgconf'
2026-10-05T10:06:39.4607706Z Removing 'diversion of /usr/share/aclocal/pkg.m4 to /usr/share/aclocal/pkg.real.m4 by pkgconf'
2026-10-05T10:06:39.4879419Z Removing 'diversion of /usr/share/man/man1/pkg-config.1.gz to /usr/share/man/man1/pkg-config.real.1.gz by pkgconf'
2026-10-05T10:06:39.5041888Z Removing 'diversion of /usr/share/pkg-config-crosswrapper to /usr/share/pkg-config-crosswrapper.real by pkgconf'
2026-10-05T10:06:39.6218572Z Selecting previously unselected package pkg-config.
2026-10-05T10:06:39.6293662Z (Reading database ... 
2026-10-05T10:06:39.6294197Z (Reading database ... 5%
2026-10-05T10:06:39.6294455Z (Reading database ... 10%
2026-10-05T10:06:39.6294745Z (Reading database ... 15%
2026-10-05T10:06:39.6295015Z (Reading database ... 20%
2026-10-05T10:06:39.6295287Z (Reading database ... 25%
2026-10-05T10:06:39.6295563Z (Reading database ... 30%
2026-10-05T10:06:39.6295834Z (Reading database ... 35%
2026-10-05T10:06:39.6296101Z (Reading database ... 40%
2026-10-05T10:06:39.6296371Z (Reading database ... 45%
2026-10-05T10:06:39.6296648Z (Reading database ... 50%
2026-10-05T10:06:39.6324853Z (Reading database ... 55%
2026-10-05T10:06:39.6350573Z (Reading database ... 60%
2026-10-05T10:06:39.6373245Z (Reading database ... 65%
2026-10-05T10:06:39.6471657Z (Reading database ... 70%
2026-10-05T10:06:39.6507398Z (Reading database ... 75%
2026-10-05T10:06:39.6563497Z (Reading database ... 80%
2026-10-05T10:06:39.6855303Z (Reading database ... 85%
2026-10-05T10:06:39.6871778Z (Reading database ... 90%
2026-10-05T10:06:39.7156239Z (Reading database ... 95%
2026-10-05T10:06:39.7156576Z (Reading database ... 100%
2026-10-05T10:06:39.7156954Z (Reading database ... 260388 files and directories currently installed.)
2026-10-05T10:06:39.7204167Z Preparing to unpack .../pkg-config_0.29.2-1ubuntu3_amd64.deb ...
2026-10-05T10:06:39.9468376Z Unpacking pkg-config (0.29.2-1ubuntu3) ...
2026-10-05T10:06:40.4673953Z Selecting previously unselected package libdebuginfod-common.
2026-10-05T10:06:40.4859141Z Preparing to unpack .../libdebuginfod-common_0.186-1ubuntu0.1_all.deb ...
2026-10-05T10:06:40.5476758Z Unpacking libdebuginfod-common (0.186-1ubuntu0.1) ...
2026-10-05T10:06:40.6092428Z Preparing to unpack .../libssl-dev_3.0.2-0ubuntu1.30_amd64.deb ...
2026-10-05T10:06:40.6217394Z Unpacking libssl-dev:amd64 (3.0.2-0ubuntu1.30) over (3.0.2-0ubuntu1.29) ...
2026-10-05T10:06:41.5080976Z Preparing to unpack .../libssl3_3.0.2-0ubuntu1.30_amd64.deb ...
2026-10-05T10:06:41.5346091Z Unpacking libssl3:amd64 (3.0.2-0ubuntu1.30) over (3.0.2-0ubuntu1.29) ...
2026-10-05T10:06:41.6771049Z Setting up libssl3:amd64 (3.0.2-0ubuntu1.30) ...
2026-10-05T10:06:43.2630378Z Selecting previously unselected package libhiredis0.14:amd64.
2026-10-05T10:06:43.2703844Z (Reading database ... 
2026-10-05T10:06:43.2704156Z (Reading database ... 5%
2026-10-05T10:06:43.2704455Z (Reading database ... 10%
2026-10-05T10:06:43.2704759Z (Reading database ... 15%
2026-10-05T10:06:43.2705052Z (Reading database ... 20%
2026-10-05T10:06:43.2705327Z (Reading database ... 25%
2026-10-05T10:06:43.2708522Z (Reading database ... 30%
2026-10-05T10:06:43.2708889Z (Reading database ... 35%
2026-10-05T10:06:43.2709240Z (Reading database ... 40%
2026-10-05T10:06:43.2709564Z (Reading database ... 45%
2026-10-05T10:06:43.2709897Z (Reading database ... 50%
2026-10-05T10:06:43.2737244Z (Reading database ... 55%
2026-10-05T10:06:43.2762631Z (Reading database ... 60%
2026-10-05T10:06:43.2783787Z (Reading database ... 65%
2026-10-05T10:06:43.2880156Z (Reading database ... 70%
2026-10-05T10:06:43.2922354Z (Reading database ... 75%
2026-10-05T10:06:43.2965658Z (Reading database ... 80%
2026-10-05T10:06:43.3238677Z (Reading database ... 85%
2026-10-05T10:06:43.3255122Z (Reading database ... 90%
2026-10-05T10:06:43.3536463Z (Reading database ... 95%
2026-10-05T10:06:43.3536757Z (Reading database ... 100%
2026-10-05T10:06:43.3537058Z (Reading database ... 260409 files and directories currently installed.)
2026-10-05T10:06:43.3589842Z Preparing to unpack .../00-libhiredis0.14_0.14.1-2_amd64.deb ...
2026-10-05T10:06:43.4968316Z Unpacking libhiredis0.14:amd64 (0.14.1-2) ...
2026-10-05T10:06:44.3250543Z Selecting previously unselected package ccache.
2026-10-05T10:06:44.3435988Z Preparing to unpack .../01-ccache_4.5.1-1_amd64.deb ...
2026-10-05T10:06:44.4908413Z Unpacking ccache (4.5.1-1) ...
2026-10-05T10:06:45.6154865Z Selecting previously unselected package libbabeltrace1:amd64.
2026-10-05T10:06:45.6352963Z Preparing to unpack .../02-libbabeltrace1_1.5.8-2build1_amd64.deb ...
2026-10-05T10:06:45.9178556Z Unpacking libbabeltrace1:amd64 (1.5.8-2build1) ...
2026-10-05T10:06:46.3735137Z Selecting previously unselected package libdebuginfod1:amd64.
2026-10-05T10:06:46.3918360Z Preparing to unpack .../03-libdebuginfod1_0.186-1ubuntu0.1_amd64.deb ...
2026-10-05T10:06:46.3924155Z Unpacking libdebuginfod1:amd64 (0.186-1ubuntu0.1) ...
2026-10-05T10:06:46.4115083Z Selecting previously unselected package libipt2.
2026-10-05T10:06:46.4292964Z Preparing to unpack .../04-libipt2_2.0.5-1_amd64.deb ...
2026-10-05T10:06:46.4298736Z Unpacking libipt2 (2.0.5-1) ...
2026-10-05T10:06:46.4773446Z Selecting previously unselected package libsource-highlight-common.
2026-10-05T10:06:46.4956047Z Preparing to unpack .../05-libsource-highlight-common_3.1.9-4.1build2_all.deb ...
2026-10-05T10:06:46.4961672Z Unpacking libsource-highlight-common (3.1.9-4.1build2) ...
2026-10-05T10:06:46.5390638Z Selecting previously unselected package libboost-regex1.74.0:amd64.
2026-10-05T10:06:46.5570888Z Preparing to unpack .../06-libboost-regex1.74.0_1.74.0-14ubuntu3_amd64.deb ...
2026-10-05T10:06:46.5575928Z Unpacking libboost-regex1.74.0:amd64 (1.74.0-14ubuntu3) ...
2026-10-05T10:06:46.5932141Z Selecting previously unselected package libsource-highlight4v5.
2026-10-05T10:06:46.6112480Z Preparing to unpack .../07-libsource-highlight4v5_3.1.9-4.1build2_amd64.deb ...
2026-10-05T10:06:46.7194376Z Unpacking libsource-highlight4v5 (3.1.9-4.1build2) ...
2026-10-05T10:06:46.7418514Z Selecting previously unselected package gdb.
2026-10-05T10:06:46.7600002Z Preparing to unpack .../08-gdb_12.1-0ubuntu1~22.04.2_amd64.deb ...
2026-10-05T10:06:46.7605099Z Unpacking gdb (12.1-0ubuntu1~22.04.2) ...
2026-10-05T10:06:46.9078191Z Selecting previously unselected package libasound2-dev:amd64.
2026-10-05T10:06:46.9262832Z Preparing to unpack .../09-libasound2-dev_1.2.6.1-1ubuntu1.2_amd64.deb ...
2026-10-05T10:06:46.9291655Z Unpacking libasound2-dev:amd64 (1.2.6.1-1ubuntu1.2) ...
2026-10-05T10:06:47.0061976Z Selecting previously unselected package libasyncns0:amd64.
2026-10-05T10:06:47.0245521Z Preparing to unpack .../10-libasyncns0_0.8-6build2_amd64.deb ...
2026-10-05T10:06:47.0265054Z Unpacking libasyncns0:amd64 (0.8-6build2) ...
2026-10-05T10:06:47.0533725Z Selecting previously unselected package libboost1.74-dev:amd64.
2026-10-05T10:06:47.0713138Z Preparing to unpack .../11-libboost1.74-dev_1.74.0-14ubuntu3_amd64.deb ...
2026-10-05T10:06:47.0719069Z Unpacking libboost1.74-dev:amd64 (1.74.0-14ubuntu3) ...
2026-10-05T10:06:50.0488566Z Selecting previously unselected package libboost-atomic1.74.0:amd64.
2026-10-05T10:06:50.0732979Z Preparing to unpack .../12-libboost-atomic1.74.0_1.74.0-14ubuntu3_amd64.deb ...
2026-10-05T10:06:50.0739074Z Unpacking libboost-atomic1.74.0:amd64 (1.74.0-14ubuntu3) ...
2026-10-05T10:06:50.1202821Z Selecting previously unselected package libboost-atomic1.74-dev:amd64.
2026-10-05T10:06:50.1398197Z Preparing to unpack .../13-libboost-atomic1.74-dev_1.74.0-14ubuntu3_amd64.deb ...
2026-10-05T10:06:50.1402818Z Unpacking libboost-atomic1.74-dev:amd64 (1.74.0-14ubuntu3) ...
2026-10-05T10:06:50.1741568Z Selecting previously unselected package libboost-chrono1.74.0:amd64.
2026-10-05T10:06:50.1936495Z Preparing to unpack .../14-libboost-chrono1.74.0_1.74.0-14ubuntu3_amd64.deb ...
2026-10-05T10:06:50.2225983Z Unpacking libboost-chrono1.74.0:amd64 (1.74.0-14ubuntu3) ...
2026-10-05T10:06:50.2570092Z Selecting previously unselected package libboost-chrono1.74-dev:amd64.
2026-10-05T10:06:50.2769538Z Preparing to unpack .../15-libboost-chrono1.74-dev_1.74.0-14ubuntu3_amd64.deb ...
2026-10-05T10:06:50.2774165Z Unpacking libboost-chrono1.74-dev:amd64 (1.74.0-14ubuntu3) ...
2026-10-05T10:06:50.3111898Z Selecting previously unselected package libboost-date-time1.74.0:amd64.
2026-10-05T10:06:50.3305871Z Preparing to unpack .../16-libboost-date-time1.74.0_1.74.0-14ubuntu3_amd64.deb ...
2026-10-05T10:06:50.3311995Z Unpacking libboost-date-time1.74.0:amd64 (1.74.0-14ubuntu3) ...
2026-10-05T10:06:50.3652779Z Selecting previously unselected package libboost-serialization1.74.0:amd64.
2026-10-05T10:06:50.3846694Z Preparing to unpack .../17-libboost-serialization1.74.0_1.74.0-14ubuntu3_amd64.deb ...
2026-10-05T10:06:50.3852893Z Unpacking libboost-serialization1.74.0:amd64 (1.74.0-14ubuntu3) ...
2026-10-05T10:06:50.4198032Z Selecting previously unselected package libboost-serialization1.74-dev:amd64.
2026-10-05T10:06:50.4394468Z Preparing to unpack .../18-libboost-serialization1.74-dev_1.74.0-14ubuntu3_amd64.deb ...
2026-10-05T10:06:50.4400438Z Unpacking libboost-serialization1.74-dev:amd64 (1.74.0-14ubuntu3) ...
2026-10-05T10:06:50.4806647Z Selecting previously unselected package libboost-date-time1.74-dev:amd64.
2026-10-05T10:06:50.5000456Z Preparing to unpack .../19-libboost-date-time1.74-dev_1.74.0-14ubuntu3_amd64.deb ...
2026-10-05T10:06:50.5006160Z Unpacking libboost-date-time1.74-dev:amd64 (1.74.0-14ubuntu3) ...
2026-10-05T10:06:50.5339421Z Selecting previously unselected package libboost-date-time-dev:amd64.
2026-10-05T10:06:50.5535484Z Preparing to unpack .../20-libboost-date-time-dev_1.74.0.3ubuntu7_amd64.deb ...
2026-10-05T10:06:50.5540645Z Unpacking libboost-date-time-dev:amd64 (1.74.0.3ubuntu7) ...
2026-10-05T10:06:50.5724117Z Selecting previously unselected package libboost-system1.74.0:amd64.
2026-10-05T10:06:50.5917312Z Preparing to unpack .../21-libboost-system1.74.0_1.74.0-14ubuntu3_amd64.deb ...
2026-10-05T10:06:50.5922867Z Unpacking libboost-system1.74.0:amd64 (1.74.0-14ubuntu3) ...
2026-10-05T10:06:50.6268034Z Selecting previously unselected package libboost-system1.74-dev:amd64.
2026-10-05T10:06:50.6461295Z Preparing to unpack .../22-libboost-system1.74-dev_1.74.0-14ubuntu3_amd64.deb ...
2026-10-05T10:06:50.6466063Z Unpacking libboost-system1.74-dev:amd64 (1.74.0-14ubuntu3) ...
2026-10-05T10:06:50.6810086Z Selecting previously unselected package libboost-system-dev:amd64.
2026-10-05T10:06:50.7005478Z Preparing to unpack .../23-libboost-system-dev_1.74.0.3ubuntu7_amd64.deb ...
2026-10-05T10:06:50.7010663Z Unpacking libboost-system-dev:amd64 (1.74.0.3ubuntu7) ...
2026-10-05T10:06:50.8023375Z Selecting previously unselected package libboost-thread1.74.0:amd64.
2026-10-05T10:06:50.8224245Z Preparing to unpack .../24-libboost-thread1.74.0_1.74.0-14ubuntu3_amd64.deb ...
2026-10-05T10:06:50.8230051Z Unpacking libboost-thread1.74.0:amd64 (1.74.0-14ubuntu3) ...
2026-10-05T10:06:50.9409063Z Selecting previously unselected package libboost-thread1.74-dev:amd64.
2026-10-05T10:06:50.9609442Z Preparing to unpack .../25-libboost-thread1.74-dev_1.74.0-14ubuntu3_amd64.deb ...
2026-10-05T10:06:50.9613467Z Unpacking libboost-thread1.74-dev:amd64 (1.74.0-14ubuntu3) ...
2026-10-05T10:06:50.9960017Z Selecting previously unselected package libboost-thread-dev:amd64.
2026-10-05T10:06:51.0155229Z Preparing to unpack .../26-libboost-thread-dev_1.74.0.3ubuntu7_amd64.deb ...
2026-10-05T10:06:51.0160835Z Unpacking libboost-thread-dev:amd64 (1.74.0.3ubuntu7) ...
2026-10-05T10:06:51.0348491Z Selecting previously unselected package libegl-mesa0:amd64.
2026-10-05T10:06:51.0538602Z Preparing to unpack .../27-libegl-mesa0_23.2.1-1ubuntu3.1~22.04.4_amd64.deb ...
2026-10-05T10:06:51.0544243Z Unpacking libegl-mesa0:amd64 (23.2.1-1ubuntu3.1~22.04.4) ...
2026-10-05T10:06:51.0806373Z Selecting previously unselected package libegl1:amd64.
2026-10-05T10:06:51.0995900Z Preparing to unpack .../28-libegl1_1.4.0-1_amd64.deb ...
2026-10-05T10:06:51.1002025Z Unpacking libegl1:amd64 (1.4.0-1) ...
2026-10-05T10:06:51.1198443Z Selecting previously unselected package libglx-dev:amd64.
2026-10-05T10:06:51.1390188Z Preparing to unpack .../29-libglx-dev_1.4.0-1_amd64.deb ...
2026-10-05T10:06:51.1395506Z Unpacking libglx-dev:amd64 (1.4.0-1) ...
2026-10-05T10:06:51.1587066Z Selecting previously unselected package libgl-dev:amd64.
2026-10-05T10:06:51.1776744Z Preparing to unpack .../30-libgl-dev_1.4.0-1_amd64.deb ...
2026-10-05T10:06:51.1782067Z Unpacking libgl-dev:amd64 (1.4.0-1) ...
2026-10-05T10:06:51.2040187Z Selecting previously unselected package libegl-dev:amd64.
2026-10-05T10:06:51.2231864Z Preparing to unpack .../31-libegl-dev_1.4.0-1_amd64.deb ...
2026-10-05T10:06:51.2237245Z Unpacking libegl-dev:amd64 (1.4.0-1) ...
2026-10-05T10:06:51.2429476Z Selecting previously unselected package libepoxy-dev:amd64.
2026-10-05T10:06:51.2622894Z Preparing to unpack .../32-libepoxy-dev_1.5.10-1_amd64.deb ...
2026-10-05T10:06:51.2627220Z Unpacking libepoxy-dev:amd64 (1.5.10-1) ...
2026-10-05T10:06:51.2938041Z Selecting previously unselected package libflac8:amd64.
2026-10-05T10:06:51.3127210Z Preparing to unpack .../33-libflac8_1.3.3-2ubuntu0.2_amd64.deb ...
2026-10-05T10:06:51.3133672Z Unpacking libflac8:amd64 (1.3.3-2ubuntu0.2) ...
2026-10-05T10:06:51.3328587Z Selecting previously unselected package libfribidi-dev:amd64.
2026-10-05T10:06:51.3517037Z Preparing to unpack .../34-libfribidi-dev_1.0.8-2ubuntu3.1_amd64.deb ...
2026-10-05T10:06:51.3522218Z Unpacking libfribidi-dev:amd64 (1.0.8-2ubuntu3.1) ...
2026-10-05T10:06:51.3866335Z Selecting previously unselected package libgles1:amd64.
2026-10-05T10:06:51.4059738Z Preparing to unpack .../35-libgles1_1.4.0-1_amd64.deb ...
2026-10-05T10:06:51.4065838Z Unpacking libgles1:amd64 (1.4.0-1) ...
2026-10-05T10:06:51.4309954Z Selecting previously unselected package libgles2:amd64.
2026-10-05T10:06:51.4504494Z Preparing to unpack .../36-libgles2_1.4.0-1_amd64.deb ...
2026-10-05T10:06:51.4511177Z Unpacking libgles2:amd64 (1.4.0-1) ...
2026-10-05T10:06:51.4704039Z Selecting previously unselected package libgles-dev:amd64.
2026-10-05T10:06:51.4893625Z Preparing to unpack .../37-libgles-dev_1.4.0-1_amd64.deb ...
2026-10-05T10:06:51.4899666Z Unpacking libgles-dev:amd64 (1.4.0-1) ...
2026-10-05T10:06:51.5143642Z Selecting previously unselected package libopengl0:amd64.
2026-10-05T10:06:51.5324431Z Preparing to unpack .../38-libopengl0_1.4.0-1_amd64.deb ...
2026-10-05T10:06:51.5330763Z Unpacking libopengl0:amd64 (1.4.0-1) ...
2026-10-05T10:06:51.5528281Z Selecting previously unselected package libglu1-mesa:amd64.
2026-10-05T10:06:51.5713518Z Preparing to unpack .../39-libglu1-mesa_9.0.2-1_amd64.deb ...
2026-10-05T10:06:51.5720056Z Unpacking libglu1-mesa:amd64 (9.0.2-1) ...
2026-10-05T10:06:51.5934427Z Selecting previously unselected package libglu1-mesa-dev:amd64.
2026-10-05T10:06:51.6124554Z Preparing to unpack .../40-libglu1-mesa-dev_9.0.2-1_amd64.deb ...
2026-10-05T10:06:51.6130542Z Unpacking libglu1-mesa-dev:amd64 (9.0.2-1) ...
2026-10-05T10:06:51.6555102Z Selecting previously unselected package libid3tag0:amd64.
2026-10-05T10:06:51.6748299Z Preparing to unpack .../41-libid3tag0_0.15.1b-14_amd64.deb ...
2026-10-05T10:06:51.6754372Z Unpacking libid3tag0:amd64 (0.15.1b-14) ...
2026-10-05T10:06:51.6963225Z Selecting previously unselected package libimlib2:amd64.
2026-10-05T10:06:51.7155561Z Preparing to unpack .../42-libimlib2_1.7.4-1build1_amd64.deb ...
2026-10-05T10:06:51.7162435Z Unpacking libimlib2:amd64 (1.7.4-1build1) ...
2026-10-05T10:06:51.7430961Z Selecting previously unselected package libobt2v5.
2026-10-05T10:06:51.7628099Z Preparing to unpack .../43-libobt2v5_3.6.1-10_amd64.deb ...
2026-10-05T10:06:51.7633611Z Unpacking libobt2v5 (3.6.1-10) ...
2026-10-05T10:06:51.7833369Z Selecting previously unselected package libpangoxft-1.0-0:amd64.
2026-10-05T10:06:51.8022565Z Preparing to unpack .../44-libpangoxft-1.0-0_1.50.6+ds-2ubuntu1_amd64.deb ...
2026-10-05T10:06:51.8029072Z Unpacking libpangoxft-1.0-0:amd64 (1.50.6+ds-2ubuntu1) ...
2026-10-05T10:06:51.8432067Z Selecting previously unselected package libobrender32v5.
2026-10-05T10:06:51.8629139Z Preparing to unpack .../45-libobrender32v5_3.6.1-10_amd64.deb ...
2026-10-05T10:06:51.8635270Z Unpacking libobrender32v5 (3.6.1-10) ...
2026-10-05T10:06:51.9463572Z Selecting previously unselected package libogg-dev:amd64.
2026-10-05T10:06:51.9659811Z Preparing to unpack .../46-libogg-dev_1.3.5-0ubuntu3_amd64.deb ...
2026-10-05T10:06:52.0480093Z Unpacking libogg-dev:amd64 (1.3.5-0ubuntu3) ...
2026-10-05T10:06:52.0787817Z Selecting previously unselected package libopengl-dev:amd64.
2026-10-05T10:06:52.0985251Z Preparing to unpack .../47-libopengl-dev_1.4.0-1_amd64.deb ...
2026-10-05T10:06:52.0992366Z Unpacking libopengl-dev:amd64 (1.4.0-1) ...
2026-10-05T10:06:52.1186521Z Selecting previously unselected package libopus0:amd64.
2026-10-05T10:06:52.1377810Z Preparing to unpack .../48-libopus0_1.3.1-0.1build2_amd64.deb ...
2026-10-05T10:06:52.1384323Z Unpacking libopus0:amd64 (1.3.1-0.1build2) ...
2026-10-05T10:06:52.1597847Z Selecting previously unselected package libopus-dev:amd64.
2026-10-05T10:06:52.1785284Z Preparing to unpack .../49-libopus-dev_1.3.1-0.1build2_amd64.deb ...
2026-10-05T10:06:52.1898502Z Unpacking libopus-dev:amd64 (1.3.1-0.1build2) ...
2026-10-05T10:06:52.2156214Z Selecting previously unselected package libopusfile0.
2026-10-05T10:06:52.2349186Z Preparing to unpack .../50-libopusfile0_0.9+20170913-1.1build1_amd64.deb ...
2026-10-05T10:06:52.2356122Z Unpacking libopusfile0 (0.9+20170913-1.1build1) ...
2026-10-05T10:06:52.2549384Z Selecting previously unselected package libopusfile-dev.
2026-10-05T10:06:52.2740353Z Preparing to unpack .../51-libopusfile-dev_0.9+20170913-1.1build1_amd64.deb ...
2026-10-05T10:06:52.2746763Z Unpacking libopusfile-dev (0.9+20170913-1.1build1) ...
2026-10-05T10:06:52.3137952Z Selecting previously unselected package libvorbisenc2:amd64.
2026-10-05T10:06:52.3324307Z Preparing to unpack .../52-libvorbisenc2_1.3.7-1build2_amd64.deb ...
2026-10-05T10:06:52.3331617Z Unpacking libvorbisenc2:amd64 (1.3.7-1build2) ...
2026-10-05T10:06:52.3565898Z Selecting previously unselected package libsndfile1:amd64.
2026-10-05T10:06:52.3759550Z Preparing to unpack .../53-libsndfile1_1.0.31-2ubuntu0.2_amd64.deb ...
2026-10-05T10:06:52.3766233Z Unpacking libsndfile1:amd64 (1.0.31-2ubuntu0.2) ...
2026-10-05T10:06:52.4014076Z Selecting previously unselected package libpulse0:amd64.
2026-10-05T10:06:52.4201850Z Preparing to unpack .../54-libpulse0_1%3a15.99.1+dfsg1-1ubuntu2.2_amd64.deb ...
2026-10-05T10:06:52.4269536Z Unpacking libpulse0:amd64 (1:15.99.1+dfsg1-1ubuntu2.2) ...
2026-10-05T10:06:52.4525134Z Selecting previously unselected package libpulse-mainloop-glib0:amd64.
2026-10-05T10:06:52.4719809Z Preparing to unpack .../55-libpulse-mainloop-glib0_1%3a15.99.1+dfsg1-1ubuntu2.2_amd64.deb ...
2026-10-05T10:06:52.4763097Z Unpacking libpulse-mainloop-glib0:amd64 (1:15.99.1+dfsg1-1ubuntu2.2) ...
2026-10-05T10:06:52.4949749Z Selecting previously unselected package libpulse-dev:amd64.
2026-10-05T10:06:52.5142597Z Preparing to unpack .../56-libpulse-dev_1%3a15.99.1+dfsg1-1ubuntu2.2_amd64.deb ...
2026-10-05T10:06:52.5148725Z Unpacking libpulse-dev:amd64 (1:15.99.1+dfsg1-1ubuntu2.2) ...
2026-10-05T10:06:52.5409773Z Selecting previously unselected package libspeex1:amd64.
2026-10-05T10:06:52.5600469Z Preparing to unpack .../57-libspeex1_1.2~rc1.2-1.1ubuntu3_amd64.deb ...
2026-10-05T10:06:52.5606966Z Unpacking libspeex1:amd64 (1.2~rc1.2-1.1ubuntu3) ...
2026-10-05T10:06:52.5795346Z Selecting previously unselected package libspeex-dev:amd64.
2026-10-05T10:06:52.5983114Z Preparing to unpack .../58-libspeex-dev_1.2~rc1.2-1.1ubuntu3_amd64.deb ...
2026-10-05T10:06:52.5988539Z Unpacking libspeex-dev:amd64 (1.2~rc1.2-1.1ubuntu3) ...
2026-10-05T10:06:52.6198541Z Selecting previously unselected package libxcb-util1:amd64.
2026-10-05T10:06:52.6391170Z Preparing to unpack .../59-libxcb-util1_0.4.0-1build2_amd64.deb ...
2026-10-05T10:06:52.6397723Z Unpacking libxcb-util1:amd64 (0.4.0-1build2) ...
2026-10-05T10:06:52.6594077Z Selecting previously unselected package libstartup-notification0:amd64.
2026-10-05T10:06:52.6781686Z Preparing to unpack .../60-libstartup-notification0_0.12-6build2_amd64.deb ...
2026-10-05T10:06:52.6787829Z Unpacking libstartup-notification0:amd64 (0.12-6build2) ...
2026-10-05T10:06:52.6983548Z Selecting previously unselected package libva2:amd64.
2026-10-05T10:06:52.7173826Z Preparing to unpack .../61-libva2_2.14.0-1_amd64.deb ...
2026-10-05T10:06:52.7179914Z Unpacking libva2:amd64 (2.14.0-1) ...
2026-10-05T10:06:52.7411496Z Selecting previously unselected package libva-drm2:amd64.
2026-10-05T10:06:52.7598674Z Preparing to unpack .../62-libva-drm2_2.14.0-1_amd64.deb ...
2026-10-05T10:06:52.7604402Z Unpacking libva-drm2:amd64 (2.14.0-1) ...
2026-10-05T10:06:52.8472833Z Selecting previously unselected package libva-x11-2:amd64.
2026-10-05T10:06:52.8668170Z Preparing to unpack .../63-libva-x11-2_2.14.0-1_amd64.deb ...
2026-10-05T10:06:52.8673627Z Unpacking libva-x11-2:amd64 (2.14.0-1) ...
2026-10-05T10:06:52.9593540Z Selecting previously unselected package libva-glx2:amd64.
2026-10-05T10:06:52.9795337Z Preparing to unpack .../64-libva-glx2_2.14.0-1_amd64.deb ...
2026-10-05T10:06:52.9803861Z Unpacking libva-glx2:amd64 (2.14.0-1) ...
2026-10-05T10:06:53.0832087Z Selecting previously unselected package libva-wayland2:amd64.
2026-10-05T10:06:53.1033413Z Preparing to unpack .../65-libva-wayland2_2.14.0-1_amd64.deb ...
2026-10-05T10:06:53.1461534Z Unpacking libva-wayland2:amd64 (2.14.0-1) ...
2026-10-05T10:06:53.1697268Z Selecting previously unselected package libwayland-bin.
2026-10-05T10:06:53.1894409Z Preparing to unpack .../66-libwayland-bin_1.20.0-1ubuntu0.1_amd64.deb ...
2026-10-05T10:06:53.1900538Z Unpacking libwayland-bin (1.20.0-1ubuntu0.1) ...
2026-10-05T10:06:53.2090597Z Selecting previously unselected package libwayland-dev:amd64.
2026-10-05T10:06:53.2284043Z Preparing to unpack .../67-libwayland-dev_1.20.0-1ubuntu0.1_amd64.deb ...
2026-10-05T10:06:53.2291190Z Unpacking libwayland-dev:amd64 (1.20.0-1ubuntu0.1) ...
2026-10-05T10:06:53.2671064Z Selecting previously unselected package libset-scalar-perl.
2026-10-05T10:06:53.2867331Z Preparing to unpack .../68-libset-scalar-perl_1.29-2_all.deb ...
2026-10-05T10:06:53.2872975Z Unpacking libset-scalar-perl (1.29-2) ...
2026-10-05T10:06:53.3081023Z Selecting previously unselected package libva-dev:amd64.
2026-10-05T10:06:53.3270711Z Preparing to unpack .../69-libva-dev_2.14.0-1_amd64.deb ...
2026-10-05T10:06:53.3343816Z Unpacking libva-dev:amd64 (2.14.0-1) ...
2026-10-05T10:06:53.3683948Z Selecting previously unselected package libxcb-shape0:amd64.
2026-10-05T10:06:53.3878192Z Preparing to unpack .../70-libxcb-shape0_1.14-3ubuntu3_amd64.deb ...
2026-10-05T10:06:53.3884425Z Unpacking libxcb-shape0:amd64 (1.14-3ubuntu3) ...
2026-10-05T10:06:53.4070121Z Selecting previously unselected package libxfixes-dev:amd64.
2026-10-05T10:06:53.4262083Z Preparing to unpack .../71-libxfixes-dev_1%3a6.0.0-1_amd64.deb ...
2026-10-05T10:06:53.4268270Z Unpacking libxfixes-dev:amd64 (1:6.0.0-1) ...
2026-10-05T10:06:53.4465838Z Selecting previously unselected package libxcursor-dev:amd64.
2026-10-05T10:06:53.4659509Z Preparing to unpack .../72-libxcursor-dev_1%3a1.2.0-2build4_amd64.deb ...
2026-10-05T10:06:53.4665243Z Unpacking libxcursor-dev:amd64 (1:1.2.0-2build4) ...
2026-10-05T10:06:53.4883060Z Selecting previously unselected package libxi-dev:amd64.
2026-10-05T10:06:53.5072420Z Preparing to unpack .../73-libxi-dev_2%3a1.8-1build1_amd64.deb ...
2026-10-05T10:06:53.5077567Z Unpacking libxi-dev:amd64 (2:1.8-1build1) ...
2026-10-05T10:06:53.5368397Z Selecting previously unselected package libxkbcommon-dev:amd64.
2026-10-05T10:06:53.5563679Z Preparing to unpack .../74-libxkbcommon-dev_1.4.0-1_amd64.deb ...
2026-10-05T10:06:53.5569454Z Unpacking libxkbcommon-dev:amd64 (1.4.0-1) ...
2026-10-05T10:06:53.5996631Z Selecting previously unselected package libxrandr-dev:amd64.
2026-10-05T10:06:53.6191624Z Preparing to unpack .../75-libxrandr-dev_2%3a1.5.2-1build1_amd64.deb ...
2026-10-05T10:06:53.6198165Z Unpacking libxrandr-dev:amd64 (2:1.5.2-1build1) ...
2026-10-05T10:06:53.6406300Z Selecting previously unselected package libxss-dev:amd64.
2026-10-05T10:06:53.6599665Z Preparing to unpack .../76-libxss-dev_1%3a1.2.3-1build2_amd64.deb ...
2026-10-05T10:06:53.6605368Z Unpacking libxss-dev:amd64 (1:1.2.3-1build2) ...
2026-10-05T10:06:53.6801546Z Selecting previously unselected package libxtst-dev:amd64.
2026-10-05T10:06:53.6993579Z Preparing to unpack .../77-libxtst-dev_2%3a1.2.3-1build4_amd64.deb ...
2026-10-05T10:06:53.6999191Z Unpacking libxtst-dev:amd64 (2:1.2.3-1build4) ...
2026-10-05T10:06:53.7348676Z Selecting previously unselected package libxv1:amd64.
2026-10-05T10:06:53.7539484Z Preparing to unpack .../78-libxv1_2%3a1.0.11-1build2_amd64.deb ...
2026-10-05T10:06:53.7545941Z Unpacking libxv1:amd64 (2:1.0.11-1build2) ...
2026-10-05T10:06:53.7732303Z Selecting previously unselected package libxxf86dga1:amd64.
2026-10-05T10:06:53.7922734Z Preparing to unpack .../79-libxxf86dga1_2%3a1.1.5-0ubuntu3_amd64.deb ...
2026-10-05T10:06:53.7928852Z Unpacking libxxf86dga1:amd64 (2:1.1.5-0ubuntu3) ...
2026-10-05T10:06:53.8482520Z Selecting previously unselected package nasm.
2026-10-05T10:06:53.8677990Z Preparing to unpack .../80-nasm_2.15.05-1_amd64.deb ...
2026-10-05T10:06:53.8683780Z Unpacking nasm (2.15.05-1) ...
2026-10-05T10:06:54.1096876Z Selecting previously unselected package openbox.
2026-10-05T10:06:54.1299505Z Preparing to unpack .../81-openbox_3.6.1-10_amd64.deb ...
2026-10-05T10:06:54.2264045Z Unpacking openbox (3.6.1-10) ...
2026-10-05T10:06:54.2866969Z Selecting previously unselected package scons.
2026-10-05T10:06:54.3065159Z Preparing to unpack .../82-scons_4.0.1+dfsg-2_all.deb ...
2026-10-05T10:06:54.3071154Z Unpacking scons (4.0.1+dfsg-2) ...
2026-10-05T10:06:54.3675572Z Selecting previously unselected package x11-utils.
2026-10-05T10:06:54.3876566Z Preparing to unpack .../83-x11-utils_7.7+5build2_amd64.deb ...
2026-10-05T10:06:54.4324374Z Unpacking x11-utils (7.7+5build2) ...
2026-10-05T10:06:54.4590349Z Selecting previously unselected package libglvnd-core-dev:amd64.
2026-10-05T10:06:54.4790131Z Preparing to unpack .../84-libglvnd-core-dev_1.4.0-1_amd64.deb ...
2026-10-05T10:06:54.4795771Z Unpacking libglvnd-core-dev:amd64 (1.4.0-1) ...
2026-10-05T10:06:54.4987796Z Selecting previously unselected package libglvnd-dev:amd64.
2026-10-05T10:06:54.5177409Z Preparing to unpack .../85-libglvnd-dev_1.4.0-1_amd64.deb ...
2026-10-05T10:06:54.5182966Z Unpacking libglvnd-dev:amd64 (1.4.0-1) ...
2026-10-05T10:06:54.5367278Z Selecting previously unselected package libgl1-mesa-dev:amd64.
2026-10-05T10:06:54.5555881Z Preparing to unpack .../86-libgl1-mesa-dev_23.2.1-1ubuntu3.1~22.04.4_amd64.deb ...
2026-10-05T10:06:54.5562758Z Unpacking libgl1-mesa-dev:amd64 (23.2.1-1ubuntu3.1~22.04.4) ...
2026-10-05T10:06:54.6088340Z Setting up libboost-chrono1.74.0:amd64 (1.74.0-14ubuntu3) ...
2026-10-05T10:06:54.6106443Z Setting up libboost-system1.74.0:amd64 (1.74.0-14ubuntu3) ...
2026-10-05T10:06:54.6120973Z Setting up libboost1.74-dev:amd64 (1.74.0-14ubuntu3) ...
2026-10-05T10:06:54.6135499Z Setting up libboost-atomic1.74.0:amd64 (1.74.0-14ubuntu3) ...
2026-10-05T10:06:54.6149776Z Setting up libspeex1:amd64 (1.2~rc1.2-1.1ubuntu3) ...
2026-10-05T10:06:54.6163816Z Setting up libpangoxft-1.0-0:amd64 (1.50.6+ds-2ubuntu1) ...
2026-10-05T10:06:54.6177877Z Setting up libglvnd-core-dev:amd64 (1.4.0-1) ...
2026-10-05T10:06:54.6190727Z Setting up libdebuginfod-common (0.186-1ubuntu0.1) ...
2026-10-05T10:06:54.7793913Z 
2026-10-05T10:06:54.7794710Z Creating config file /etc/profile.d/debuginfod.sh with new version
2026-10-05T10:06:54.9056142Z 
2026-10-05T10:06:54.9056693Z Creating config file /etc/profile.d/debuginfod.csh with new version
2026-10-05T10:06:54.9784343Z Setting up libfribidi-dev:amd64 (1.0.8-2ubuntu3.1) ...
2026-10-05T10:06:54.9797227Z Setting up libxkbcommon-dev:amd64 (1.4.0-1) ...
2026-10-05T10:06:54.9809841Z Setting up libdebuginfod1:amd64 (0.186-1ubuntu0.1) ...
2026-10-05T10:06:54.9823560Z Setting up libboost-chrono1.74-dev:amd64 (1.74.0-14ubuntu3) ...
2026-10-05T10:06:54.9836185Z Setting up libxcb-shape0:amd64 (1.14-3ubuntu3) ...
2026-10-05T10:06:54.9849127Z Setting up libxxf86dga1:amd64 (2:1.1.5-0ubuntu3) ...
2026-10-05T10:06:54.9862549Z Setting up libogg-dev:amd64 (1.3.5-0ubuntu3) ...
2026-10-05T10:06:54.9874335Z Setting up libxss-dev:amd64 (1:1.2.3-1build2) ...
2026-10-05T10:06:54.9886879Z Setting up libsource-highlight-common (3.1.9-4.1build2) ...
2026-10-05T10:06:54.9898765Z Setting up libopengl0:amd64 (1.4.0-1) ...
2026-10-05T10:06:54.9911661Z Setting up libxcb-util1:amd64 (0.4.0-1build2) ...
2026-10-05T10:06:54.9924223Z Setting up libflac8:amd64 (1.3.3-2ubuntu0.2) ...
2026-10-05T10:06:54.9936645Z Setting up libxfixes-dev:amd64 (1:6.0.0-1) ...
2026-10-05T10:06:54.9949953Z Setting up libid3tag0:amd64 (0.15.1b-14) ...
2026-10-05T10:06:54.9962789Z Setting up libwayland-bin (1.20.0-1ubuntu0.1) ...
2026-10-05T10:06:54.9975402Z Setting up libxrandr-dev:amd64 (2:1.5.2-1build1) ...
2026-10-05T10:06:54.9990573Z Setting up libegl-mesa0:amd64 (23.2.1-1ubuntu3.1~22.04.4) ...
2026-10-05T10:06:55.0004320Z Setting up libgles2:amd64 (1.4.0-1) ...
2026-10-05T10:06:55.0017728Z Setting up libva2:amd64 (2.14.0-1) ...
2026-10-05T10:06:55.0030762Z Setting up libboost-system1.74-dev:amd64 (1.74.0-14ubuntu3) ...
2026-10-05T10:06:55.0045000Z Setting up libgles1:amd64 (1.4.0-1) ...
2026-10-05T10:06:55.0059550Z Setting up libboost-regex1.74.0:amd64 (1.74.0-14ubuntu3) ...
2026-10-05T10:06:55.0072897Z Setting up libopus0:amd64 (1.3.1-0.1build2) ...
2026-10-05T10:06:55.0086497Z Setting up libxv1:amd64 (2:1.0.11-1build2) ...
2026-10-05T10:06:55.0100142Z Setting up libssl-dev:amd64 (3.0.2-0ubuntu1.30) ...
2026-10-05T10:06:55.0113056Z Setting up scons (4.0.1+dfsg-2) ...
2026-10-05T10:06:55.2650221Z Setting up libobt2v5 (3.6.1-10) ...
2026-10-05T10:06:55.2665482Z Setting up libspeex-dev:amd64 (1.2~rc1.2-1.1ubuntu3) ...
2026-10-05T10:06:55.2678982Z Setting up libimlib2:amd64 (1.7.4-1build1) ...
2026-10-05T10:06:55.2693561Z Setting up libipt2 (2.0.5-1) ...
2026-10-05T10:06:55.2707115Z Setting up pkg-config (0.29.2-1ubuntu3) ...
2026-10-05T10:06:55.2985496Z Setting up nasm (2.15.05-1) ...
2026-10-05T10:06:55.2999370Z Setting up libbabeltrace1:amd64 (1.5.8-2build1) ...
2026-10-05T10:06:55.3010635Z Setting up libboost-atomic1.74-dev:amd64 (1.74.0-14ubuntu3) ...
2026-10-05T10:06:55.3023815Z Setting up libset-scalar-perl (1.29-2) ...
2026-10-05T10:06:55.3036625Z Setting up libva-wayland2:amd64 (2.14.0-1) ...
2026-10-05T10:06:55.3050831Z Setting up libboost-serialization1.74.0:amd64 (1.74.0-14ubuntu3) ...
2026-10-05T10:06:55.3064209Z Setting up libva-drm2:amd64 (2.14.0-1) ...
2026-10-05T10:06:55.3076956Z Setting up libasyncns0:amd64 (0.8-6build2) ...
2026-10-05T10:06:55.3090511Z Setting up libegl1:amd64 (1.4.0-1) ...
2026-10-05T10:06:55.3103983Z Setting up x11-utils (7.7+5build2) ...
2026-10-05T10:06:55.3166898Z Setting up libglx-dev:amd64 (1.4.0-1) ...
2026-10-05T10:06:55.3182338Z Setting up libglu1-mesa:amd64 (9.0.2-1) ...
2026-10-05T10:06:55.3196423Z Setting up libobrender32v5 (3.6.1-10) ...
2026-10-05T10:06:55.3210811Z Setting up libopengl-dev:amd64 (1.4.0-1) ...
2026-10-05T10:06:55.3224521Z Setting up libboost-date-time1.74.0:amd64 (1.74.0-14ubuntu3) ...
2026-10-05T10:06:55.3238324Z Setting up libxi-dev:amd64 (2:1.8-1build1) ...
2026-10-05T10:06:55.3251980Z Setting up libasound2-dev:amd64 (1.2.6.1-1ubuntu1.2) ...
2026-10-05T10:06:55.3266526Z Setting up libva-x11-2:amd64 (2.14.0-1) ...
2026-10-05T10:06:55.3279066Z Setting up libva-glx2:amd64 (2.14.0-1) ...
2026-10-05T10:06:55.3292057Z Setting up libopusfile0 (0.9+20170913-1.1build1) ...
2026-10-05T10:06:55.3333148Z Setting up libgl-dev:amd64 (1.4.0-1) ...
2026-10-05T10:06:55.3347550Z Setting up libsource-highlight4v5 (3.1.9-4.1build2) ...
2026-10-05T10:06:55.3361662Z Setting up libvorbisenc2:amd64 (1.3.7-1build2) ...
2026-10-05T10:06:55.3375823Z Setting up libboost-thread1.74.0:amd64 (1.74.0-14ubuntu3) ...
2026-10-05T10:06:55.3389176Z Setting up libhiredis0.14:amd64 (0.14.1-2) ...
2026-10-05T10:06:55.3404182Z Setting up libxtst-dev:amd64 (2:1.2.3-1build4) ...
2026-10-05T10:06:55.3417743Z Setting up libstartup-notification0:amd64 (0.12-6build2) ...
2026-10-05T10:06:55.3431032Z Setting up libegl-dev:amd64 (1.4.0-1) ...
2026-10-05T10:06:55.3444078Z Setting up libxcursor-dev:amd64 (1:1.2.0-2build4) ...
2026-10-05T10:06:55.3458643Z Setting up libboost-system-dev:amd64 (1.74.0.3ubuntu7) ...
2026-10-05T10:06:55.3472178Z Setting up ccache (4.5.1-1) ...
2026-10-05T10:06:55.3491403Z Updating symlinks in /usr/lib/ccache ...
2026-10-05T10:06:55.3566865Z Setting up libepoxy-dev:amd64 (1.5.10-1) ...
2026-10-05T10:06:55.3580653Z Setting up libwayland-dev:amd64 (1.20.0-1ubuntu0.1) ...
2026-10-05T10:06:55.3593294Z Setting up libopus-dev:amd64 (1.3.1-0.1build2) ...
2026-10-05T10:06:55.3606363Z Setting up libva-dev:amd64 (2.14.0-1) ...
2026-10-05T10:06:55.3621211Z Setting up gdb (12.1-0ubuntu1~22.04.2) ...
2026-10-05T10:06:55.3639171Z Setting up openbox (3.6.1-10) ...
2026-10-05T10:06:55.3726593Z update-alternatives: using /usr/bin/openbox to provide /usr/bin/x-window-manager (x-window-manager) in auto mode
2026-10-05T10:06:55.3778243Z update-alternatives: using /usr/bin/openbox-session to provide /usr/bin/x-session-manager (x-session-manager) in auto mode
2026-10-05T10:06:55.3838458Z Setting up libglu1-mesa-dev:amd64 (9.0.2-1) ...
2026-10-05T10:06:55.3852920Z Setting up libboost-serialization1.74-dev:amd64 (1.74.0-14ubuntu3) ...
2026-10-05T10:06:55.3866635Z Setting up libsndfile1:amd64 (1.0.31-2ubuntu0.2) ...
2026-10-05T10:06:55.4327240Z Setting up libgles-dev:amd64 (1.4.0-1) ...
2026-10-05T10:06:55.4340292Z Setting up libpulse0:amd64 (1:15.99.1+dfsg1-1ubuntu2.2) ...
2026-10-05T10:06:55.4402968Z Setting up libglvnd-dev:amd64 (1.4.0-1) ...
2026-10-05T10:06:55.4416472Z Setting up libopusfile-dev (0.9+20170913-1.1build1) ...
2026-10-05T10:06:55.4429613Z Setting up libboost-date-time1.74-dev:amd64 (1.74.0-14ubuntu3) ...
2026-10-05T10:06:55.4442524Z Setting up libpulse-mainloop-glib0:amd64 (1:15.99.1+dfsg1-1ubuntu2.2) ...
2026-10-05T10:06:55.4455626Z Setting up libboost-date-time-dev:amd64 (1.74.0.3ubuntu7) ...
2026-10-05T10:06:55.4469379Z Setting up libpulse-dev:amd64 (1:15.99.1+dfsg1-1ubuntu2.2) ...
2026-10-05T10:06:55.4483087Z Setting up libgl1-mesa-dev:amd64 (23.2.1-1ubuntu3.1~22.04.4) ...
2026-10-05T10:06:55.4496068Z Setting up libboost-thread1.74-dev:amd64 (1.74.0-14ubuntu3) ...
2026-10-05T10:06:55.4508722Z Setting up libboost-thread-dev:amd64 (1.74.0.3ubuntu7) ...
2026-10-05T10:06:55.4527331Z Processing triggers for man-db (2.10.2-1) ...
2026-10-05T10:06:55.4544874Z Not building database; man-db/auto-update is not 'true'.
2026-10-05T10:06:55.4554041Z Processing triggers for mailcap (3.70+nmu1ubuntu1.22.04.1) ...
2026-10-05T10:06:55.4766753Z Processing triggers for libc-bin (2.35-0ubuntu3.15) ...
2026-10-05T10:06:58.2639294Z 
2026-10-05T10:06:58.2639816Z Running kernel seems to be up-to-date.
2026-10-05T10:06:58.2640052Z 
2026-10-05T10:06:58.2640140Z Services to be restarted:
2026-10-05T10:06:58.2718627Z  systemctl restart packagekit.service
2026-10-05T10:06:58.2756900Z  systemctl restart php8.1-fpm.service
2026-10-05T10:06:58.2795004Z  systemctl restart ssh.service
2026-10-05T10:06:58.2835584Z  systemctl restart systemd-journald.service
2026-10-05T10:06:58.2915814Z  /etc/needrestart/restart.d/systemd-manager
2026-10-05T10:06:58.2955680Z  systemctl restart systemd-networkd.service
2026-10-05T10:06:58.2995905Z  systemctl restart systemd-resolved.service
2026-10-05T10:06:58.3035017Z  systemctl restart systemd-udevd.service
2026-10-05T10:06:58.3110311Z 
2026-10-05T10:06:58.3112571Z Service restarts being deferred:
2026-10-05T10:06:58.3113008Z  systemctl restart hosted-compute-agent.service
2026-10-05T10:06:58.3113449Z  systemctl restart systemd-logind.service
2026-10-05T10:06:58.3113850Z  systemctl restart user@1001.service
2026-10-05T10:06:58.3114213Z  systemctl restart walinuxagent.service
2026-10-05T10:06:58.3114435Z 
2026-10-05T10:06:58.3114572Z No containers need to be restarted.
2026-10-05T10:06:58.3114807Z 
2026-10-05T10:06:58.3114963Z No user sessions are running outdated binaries.
2026-10-05T10:06:58.3115223Z 
2026-10-05T10:06:58.3115453Z No VM guests are running outdated hypervisor (qemu) binaries on this host.
2026-10-05T10:06:59.9136050Z ##[group]Run python3 test/ci_native_shard_plan.py --build-dir build/linux/client/release --timing-profile test/ci-timings/ubuntu-22.04.json --auxiliary-jobs test/ci-native-auxiliary.json --coverage-profile full --count 4
2026-10-05T10:06:59.9137235Z [36;1mpython3 test/ci_native_shard_plan.py --build-dir build/linux/client/release --timing-profile test/ci-timings/ubuntu-22.04.json --auxiliary-jobs test/ci-native-auxiliary.json --coverage-profile full --count 4[0m
2026-10-05T10:06:59.9199266Z shell: /usr/bin/bash -e {0}
2026-10-05T10:06:59.9199493Z env:
2026-10-05T10:06:59.9199668Z   GLOB2_DEV_MODE: isolated
2026-10-05T10:06:59.9199889Z   CI_RUNNER_FAMILY: ubuntu-22.04
2026-10-05T10:06:59.9200196Z   LD_LIBRARY_PATH: /home/runner/work/glob2/glob2/build/sdl3-ci/prefix/lib
2026-10-05T10:06:59.9200504Z ##[endgroup]
2026-10-05T10:06:59.9937720Z run_the_unit_tests=4
2026-10-05T10:06:59.9938086Z test_map_json_reports=2
2026-10-05T10:06:59.9938499Z test_headless_map_cli_with_the_shared_preview_renderer=3
2026-10-05T10:06:59.9938954Z test_tournament_protocol_ai_configuration_and_main_cli=1
2026-10-05T10:06:59.9939363Z verify_save_continuation_traces=3
2026-10-05T10:06:59.9939739Z verify_default_gradient_schedule_against_cross_platform=4
2026-10-05T10:06:59.9940203Z verify_parallel_compute_and_save_continuation=1
2026-10-05T10:06:59.9940591Z build_and_run_the_lan_session_regression=3
2026-10-05T10:06:59.9940975Z test_front_end_colony_isolation_and_menu_navigation=2
2026-10-05T10:06:59.9941354Z retain_browser_native_simulation_trace=4
2026-10-05T10:06:59.9941598Z 
2026-10-05T10:07:00.0041447Z ##[group]Run python3 test/run_tests.py --binary engine --coverage-profile full --write-inventory artifacts/tests/engine.inventory.json --build-dir build/linux/client/release --display-jobs 1 --fullscreen --shard 3/4 --exclude-tag map-generators --junit artifacts/tests/engine-junit.xml --timing-profile test/ci-timings/ubuntu-22.04.json --auxiliary-jobs test/ci-native-auxiliary.json --write-timings artifacts/tests/engine.timings.json
2026-10-05T10:07:00.0043738Z [36;1mpython3 test/run_tests.py --binary engine --coverage-profile full --write-inventory artifacts/tests/engine.inventory.json --build-dir build/linux/client/release --display-jobs 1 --fullscreen --shard 3/4 --exclude-tag map-generators --junit artifacts/tests/engine-junit.xml --timing-profile test/ci-timings/ubuntu-22.04.json --auxiliary-jobs test/ci-native-auxiliary.json --write-timings artifacts/tests/engine.timings.json[0m
2026-10-05T10:07:00.0106662Z shell: /usr/bin/bash -e {0}
2026-10-05T10:07:00.0107064Z env:
2026-10-05T10:07:00.0107268Z   GLOB2_DEV_MODE: isolated
2026-10-05T10:07:00.0107479Z   CI_RUNNER_FAMILY: ubuntu-22.04
2026-10-05T10:07:00.0107967Z   LD_LIBRARY_PATH: /home/runner/work/glob2/glob2/build/sdl3-ci/prefix/lib
2026-10-05T10:07:00.0108283Z   LIBGL_ALWAYS_SOFTWARE: 1
2026-10-05T10:07:00.0108472Z ##[endgroup]
2026-10-05T10:07:00.1744214Z PASS AIRecoveryCoverage/Castor projects deduplicate replace and decline already satisfied requests (0.0s)
2026-10-05T10:07:00.1938869Z PASS AIRecoveryCoverage/Cortex wheat protection emits real area orders and food burst releases only our paint (0.0s)
2026-10-05T10:07:00.2340517Z PASS AIRules/JavaScript profiles can inspect rules and issue useful orders (0.0s)
2026-10-05T10:07:00.2477559Z PASS AIRules/no growth farms harvest their finite seed rather than waiting forever (0.0s)
2026-10-05T10:07:00.2814135Z PASS AISavePortability/runtime initialisation; area order serialisation and Maxima reserved telemetry (0.0s)
2026-10-05T10:07:00.5728902Z PASS AIDecisionCoverage/Nicowar shared runtime survives save-load (0.4s)
2026-10-05T10:07:00.9236788Z PASS AIDecisionCoverage/Cortex economy and food shortage survive save-load (0.8s)
2026-10-05T10:07:00.9498888Z PASS AITargetTelemetrySave/target fields are declared in schema version 2 (0.0s)
2026-10-05T10:07:01.1641035Z PASS AITelemetryUI/telemetry selection filtering samples and access changes preserve safe state (0.2s)
2026-10-05T10:07:01.1825552Z PASS BuildingExpel/no room kills the surplus (0.0s)
2026-10-05T10:07:01.2048791Z PASS BuildingGradientInvalidation/a paused field keeps its original obstacles (0.0s)
2026-10-05T10:07:01.3207239Z PASS BuildingGradientInvalidation/delayed fields (0.1s)
2026-10-05T10:07:01.3402803Z PASS BuildingGradientInvalidation/ring placed around an existing field (0.0s)
2026-10-05T10:07:01.3604236Z PASS CastorContinuation/crop habitat excludes transition sprite sixteen and new paved terrain (0.0s)
2026-10-05T10:07:01.3832634Z PASS ClientChannels/order side effects reach the GUI as events (0.0s)
2026-10-05T10:07:01.7546205Z PASS AIStateContinuation/Econo shared runtime survives save-load (1.5s)
2026-10-05T10:07:01.7729172Z PASS CommunityMusic/archive offsets and sizes cannot wrap on 32-bit targets (0.0s)
2026-10-05T10:07:01.8549894Z PASS ColonySkinPreview/shared images retain each owner's fresh appearance [display:64x64] (0.5s)
2026-10-05T10:07:01.8800405Z PASS CortexActionCoverage/flag rediscovery excludes claimed flags and stale defense teardown is idempotent (0.0s)
2026-10-05T10:07:01.8969715Z PASS CortexActionCoverage/war flags create once reconcile force limits and retarget through real orders (0.0s)
2026-10-05T10:07:01.9170355Z PASS CortexNetCoverage/integer inference matches an independent two-signal oracle (0.0s)
2026-10-05T10:07:01.9330301Z PASS CortexPolicyCoverage/first tech buildings require prerequisites and feasible locations (0.0s)
2026-10-05T10:07:01.9530128Z PASS CortexPolicyCoverage/tech upgrades require trained units and decline below the boundary (0.0s)
2026-10-05T10:07:02.4043340Z PASS AIStateContinuation/all controllers continue alongside another AI and a shared-team controller [slow] (1.8s)
2026-10-05T10:07:02.6314824Z PASS CommunityMusicUI/desktop screens [display][artifacts] (0.8s)
2026-10-05T10:07:04.6580043Z PASS CustomGameSetup/landscape preview stays responsive [display][artifacts] (2.0s)
2026-10-05T10:07:04.8256754Z PASS CustomGameSetup/preview queue priority and restart (0.2s)
2026-10-05T10:07:04.8447469Z PASS DrawableSurfaceBlend/software alpha blend stays accurate under stacked draws (0.0s)
2026-10-05T10:07:05.6531856Z PASS AIDecisionCoverage/long AI campaigns resume with identical orders state and game RNG [slow][artifacts] (5.5s)
2026-10-05T10:07:44.1956163Z FAIL CustomGameSetup/custom game screens; captures and translated keys [slow][display:1024x768][artifacts][writes-preferences] (39.5s)
2026-10-05T10:07:45.4686512Z PASS EngineSession/render ceilings preserve per tick simulation checksums [display][artifacts] (1.3s)
2026-10-05T10:07:45.4865281Z PASS EnteringUnitSave/the retained fixture loads [save-format] (0.0s)
2026-10-05T10:07:45.5035868Z PASS FarmAreas/a worker out of reach of any wheat, or on an exhausted field, gets nothing (0.0s)
2026-10-05T10:07:45.5205922Z PASS FarmAreas/growth ignores the farm mask (0.0s)
2026-10-05T10:07:45.5377367Z PASS FarmAreas/the brush refuses ground that can never grow, and a refused tile connects nothing (0.0s)
2026-10-05T10:07:45.5547801Z PASS FarmAreas/wood inside a farm is a clearing target and the crop never is (0.0s)
2026-10-05T10:07:45.5725693Z PASS FetchApportionment/a loaded unit far enough ahead is still hired (0.0s)
2026-10-05T10:07:45.6049863Z PASS FontKerning/pair advances equal the glyph advances plus kerning (0.0s)
2026-10-05T10:07:46.2361858Z PASS EditorActionCoverage/farm brush is offered only with the farm-areas experiment and refuses ground that cannot grow [display][artifacts] (0.8s)
2026-10-05T10:07:46.7036470Z PASS GUIInteractionCoverage/match dialogs accept return and distinguish continuing from ending a game [display] (0.5s)
2026-10-05T10:07:46.7212572Z PASS GUIOrderCoverage/worker requests clamp deduplicate and retain newer pending changes (0.0s)
2026-10-05T10:07:46.7542325Z PASS GameDiagnostics/field reader rejects malformed counts and retains unsigned food values [artifacts] (0.0s)
2026-10-05T10:07:46.7711480Z PASS GameGUISelection/a converted unit stays selected (0.0s)
2026-10-05T10:07:50.7416431Z PASS CustomGameSetup/AI strategy profiles in English at the large layout [display:1024x768][artifacts][writes-preferences] (4.0s)
2026-10-05T10:07:56.2874013Z PASS GameSpeed/live engine speed; pause; hard pause and replay playback [display][writes-preferences] (5.5s)
2026-10-05T10:07:58.7607055Z PASS GameplayRecording.Integration/production presentation records menus and gameplay without changing per-tick state [display][artifacts][recording] (2.5s)
2026-10-05T10:07:59.4786291Z PASS GuardAreaBalance/an existing clump drains into a newly painted area at every refresh cadence (0.7s)
2026-10-05T10:07:59.7449059Z PASS GuardAreaBalance/three areas are all guarded (0.3s)
2026-10-05T10:08:12.2450467Z PASS GameGUITouch/actual gameplay touch; toroidal pan; preview; confirmation; validation; cancellation and duplicate suppression [display][artifacts][writes-preferences] (13.4s)
2026-10-05T10:08:12.2629844Z PASS HiveMindIntegration/Hive Mind copies the engine fog boundary and validates ownership (0.0s)
2026-10-05T10:08:12.3286482Z PASS HungryDefeat/feeding reserves the last inn place and defeat controls hold (0.1s)
2026-10-05T10:08:12.3460698Z PASS InnSwap/a good booking stays (0.0s)
2026-10-05T10:08:12.8628436Z PASS GUIInteractionCoverage/configured keyboard actions toggle presentation and queue pause without changing simulation [display] (0.6s)
2026-10-05T10:08:13.0324837Z PASS JavaScriptCompatibility/Terrain simulation change rejects released replays and enforces acceptance boundaries (0.2s)
2026-10-05T10:08:13.0661018Z PASS JavaScriptIntegration/JavaScript farm areas: experiments query, farmArea order and tile field (0.0s)
2026-10-05T10:08:13.2325223Z PASS JavaScriptIntegration/JavaScript observations visibility memory pagination and stale references (0.2s)
2026-10-05T10:08:13.2504423Z PASS JavaScriptIntegration/JavaScript placement reserves footprints and explains impossible constraints (0.0s)
2026-10-05T10:08:13.2872245Z PASS JavaScriptIntegration/JavaScript services reject unsavable transactions without changing state (0.0s)
2026-10-05T10:08:13.3044255Z PASS JavaScriptIntegration/Online AI installs verify bytes and preserve provenance on rollback (0.0s)
2026-10-05T10:08:13.3748703Z PASS JavaScriptLifecycle/Scripting editor deletion and reuse never revive a reference (0.1s)
2026-10-05T10:08:13.4131390Z PASS JavaScriptPresentation/Failed prepared map replacements preserve active globals and language (0.0s)
2026-10-05T10:08:13.5890228Z PASS JavaScriptPresentation/JavaScript presentation publishes only changed localized messages (0.2s)
2026-10-05T10:08:13.8066975Z PASS JavaScriptSession/JavaScript deterministic scenario failure ends the engine session (0.2s)
2026-10-05T10:08:13.8411942Z PASS EditorActionCoverage/unit placement selection and stat edits use the action dispatcher [display] (1.0s)
2026-10-05T10:08:15.1828119Z PASS JavaScriptCompatibility/JavaScript current text saves validate unused generation counters (2.8s)
2026-10-05T10:08:15.2649584Z PASS LegacyAIState/Cabino preserves stale gradients module latches and fruit memories (0.1s)
2026-10-05T10:08:15.2968793Z PASS LegacyAIState/Numbi phase clock survives and advances on the original poll (0.0s)
2026-10-05T10:08:15.3395626Z PASS LegacyAIState/new timer records reject out-of-range missing and malformed values (0.0s)
2026-10-05T10:08:15.3845292Z PASS LegacyAreaWait/legacy area negation checks the selected team and wraps map edges (0.0s)
2026-10-05T10:08:15.4499378Z PASS LegacyScriptCoverage/count waits evaluate all building classes exact levels and unit comparisons (0.1s)
2026-10-05T10:08:15.4919197Z PASS LegacyScriptCoverage/legacy resetAI tokens with invalid player or implementation leave players intact (0.0s)
2026-10-05T10:08:15.5068705Z PASS LegacyScriptCoverage/resetAI changes only the chosen player and rejects unsafe indices (0.0s)
2026-10-05T10:08:15.5308920Z PASS LegacyScriptCoverage/unit and building highlights use map and panel channels independently (0.0s)
2026-10-05T10:08:15.5528915Z PASS LockstepSession/null local orders are not queued and a tick waits for every player (0.0s)
2026-10-05T10:08:16.3950531Z PASS JavaScriptSimulation/JavaScript economic planners and map survey execute, resume and replay 256 ticks (2.6s)
2026-10-05T10:08:16.4172102Z PASS MapGeneratorDefaults/Explicit designs preserve pre-Random golden worlds (0.9s)
2026-10-05T10:08:17.9357012Z PASS MapGeneratorDefaults/Who Ate the Map contracts (1.5s)
2026-10-05T10:08:18.8529869Z PASS MapGeneratorDefaults/toolkit geometry; raster; resource and home contracts (0.9s)
2026-10-05T10:08:19.4194539Z PASS MapPreview/thumbnail codec; envelope limits and corrupt input (0.6s)
2026-10-05T10:08:31.4579809Z PASS MapGeneratorDefaults/Last Treeline checks (15.1s)
2026-10-05T10:08:31.4749345Z PASS MapTiling/wraps swimmers, buildings and team areas together across the source seam [save-format] (0.0s)
2026-10-05T10:08:31.4918101Z PASS MatchSetup/closed seats close their team and follow every player seat (0.0s)
2026-10-05T10:08:31.5086405Z PASS MatchSetup/the vendored fixtures match the protocol package when it is present (0.0s)
2026-10-05T10:08:31.5419400Z PASS Maxima.Combat/defense coverage (0.0s)
2026-10-05T10:08:31.5596790Z PASS Maxima.Combat/fitted force uses only visible units (0.0s)
2026-10-05T10:08:31.5930828Z PASS Maxima.Combat/forbidden defense zones (0.0s)
2026-10-05T10:08:31.6102191Z PASS Maxima.Combat/offense follows destroyed targets (0.0s)
2026-10-05T10:08:31.6271999Z PASS Maxima.Combat/rally rejects blocked ground (0.0s)
2026-10-05T10:08:31.6603591Z PASS Maxima.Combat/streaming scales with army (0.0s)
2026-10-05T10:08:31.6776770Z PASS Maxima.Combat/warrior eligibility (0.0s)
2026-10-05T10:08:32.8460697Z PASS Maxima.Diagnostics/names; descriptions and two seeded diagnostic runs (1.2s)
2026-10-05T10:08:32.8633168Z PASS Maxima.Director/fortification uses only spare labour (0.0s)
2026-10-05T10:08:32.8805524Z PASS Maxima.Director/third party tower (0.0s)
2026-10-05T10:08:32.8976090Z PASS Maxima.Economy/barracks upgrades keep training open (0.0s)
2026-10-05T10:08:32.9146441Z PASS Maxima.Economy/corn pile interior is supply (0.0s)
2026-10-05T10:08:32.9316798Z PASS Maxima.Economy/explorer target always gets production (0.0s)
2026-10-05T10:08:32.9486938Z PASS Maxima.Economy/nearby corn determines staffing (0.0s)
2026-10-05T10:08:32.9656117Z PASS Maxima.Economy/stranded algae keeps pool demand (0.0s)
2026-10-05T10:08:32.9827214Z PASS Maxima.FarmingIntegration/coastal wheat crosses fertility dips (0.0s)
2026-10-05T10:08:33.0157199Z PASS Maxima.FarmingIntegration/farming respects discovery (0.0s)
2026-10-05T10:08:33.0811140Z PASS Maxima.FarmingIntegration/permanent wheat layout (0.1s)
2026-10-05T10:08:33.1467206Z PASS Maxima.FarmingIntegration/wood reserve survives wheat pincer (0.1s)
2026-10-05T10:08:33.1636575Z PASS Maxima.Implementation/director execution regressions (0.0s)
2026-10-05T10:08:33.1805424Z PASS Maxima.Implementation/economy staffing regressions (0.0s)
2026-10-05T10:08:33.1975295Z PASS Maxima.Implementation/food relocation executor regression (0.0s)
2026-10-05T10:08:33.2145320Z PASS Maxima.Implementation/inn completion staffing regressions (0.0s)
2026-10-05T10:08:33.3303720Z PASS Maxima.Implementation/placement maintenance regressions (0.1s)
2026-10-05T10:08:33.3635071Z PASS Maxima.Implementation/review bug regressions (0.0s)
2026-10-05T10:08:33.3805118Z PASS Maxima.Implementation/upgrade worker priority regressions (0.0s)
2026-10-05T10:08:33.4459557Z PASS Maxima.Relocation/lost replacement (0.1s)
2026-10-05T10:08:33.4625493Z PASS NetFrame/frames carry at most 65535 bytes (0.0s)
2026-10-05T10:08:33.4797048Z PASS NicowarFarming/zone boundaries; eight-way adjacency; wrap seams; discovery; protection and building clearance (0.0s)
2026-10-05T10:08:33.4963483Z PASS OnlineServices/an owner's services are the ones services() returns, until the owner goes (0.0s)
2026-10-05T10:08:40.7118067Z PASS HighResolutionIntegration/HD artwork; cursor scaling and replay fixture in OpenGL [display:1024x768][artifacts][writes-preferences] (26.9s)
2026-10-05T10:08:41.0792702Z PASS LanMatchHarness/LAN WSS drop, restart and host departure [network][slow][artifacts] (27.2s)
2026-10-05T10:08:41.2474181Z PASS OrderValidation/orders a client builds for its own team and buildings pass [orders] (0.2s)
2026-10-05T10:08:41.4146807Z PASS PlatformRoom/a member without a seat is listed, and Ready says why it is unavailable (0.2s)
2026-10-05T10:08:41.5874330Z PASS PlatformRoom/the server's start notice is shown once in the room chat (0.2s)
2026-10-05T10:08:42.0375551Z PASS MapTiling/advanced controls preview, reset and accept the repeated map on touch [display][artifacts] (1.3s)
2026-10-05T10:08:42.0557149Z PASS RelayTransport/a transport destroyed with frames still queued writes them before closing (0.0s)
2026-10-05T10:08:42.0731881Z PASS ResourceFetchTarget/a depleted target is refreshed after its gradient rebuild for every swim class (0.0s)
2026-10-05T10:08:42.0818173Z PASS RuntimeContinuation/irrigation heuristics require a positive enabled fertility contribution (0.0s)
2026-10-05T10:08:42.4009875Z PASS RuntimePack/HD runtime pack: logical sizes in software rendering (0.3s)
2026-10-05T10:08:42.4193991Z PASS SceneExtract/script area snapshots are opt-in and independent of later map edits (0.0s)
2026-10-05T10:08:42.9428676Z PASS ScreenExecution/screen phases; completion; reuse; quit and compatibility host (0.5s)
2026-10-05T10:08:43.1674494Z PASS ScriptEditor/JavaScript file loading preserves embedded NULs for validation (0.2s)
2026-10-05T10:08:43.2158693Z PASS OnlineWording/an unserved version blames the side that is out of date [display] (1.2s)
2026-10-05T10:08:43.3344300Z PASS ScriptEditor/Script language drafts survive switching and invalid JavaScript cannot commit (0.2s)
2026-10-05T10:08:44.1018743Z PASS OrchardCommons/contracts; feeding courts and fruit conversion scenarios [artifacts] (3.4s)
2026-10-05T10:08:44.1238746Z PASS SettingsExperiments/preferences keep the enabled experiments and drop unknown keys (0.0s)
2026-10-05T10:08:44.1396645Z PASS SettingsGraphics/text size applies to desktop and touch independently of interface scale (0.0s)
2026-10-05T10:08:44.1624464Z PASS SoftwareRenderer/geometry-reference blits preserve mixed pixel formats and source modulation (0.0s)
2026-10-05T10:08:44.1697427Z PASS SoftwareRenderer/nearest blits retain sampling under destination clipping and restore source state (0.0s)
2026-10-05T10:08:47.3604374Z PASS Settings/layout; persistence; live display changes; bindings and localization at 1280x900 in OpenGL [display:1600x1400][artifacts][writes-preferences] (4.1s)
2026-10-05T10:08:47.3778695Z PASS SystemLanguage/regional and script variants pick the matching catalog (0.0s)
2026-10-05T10:08:47.3946464Z PASS TeamLimit/dense designed maps accept thirteen through sixteen only on the largest square (0.0s)
2026-10-05T10:08:47.4604426Z PASS TeamLimit/script generation slot counts reject missing capacity and truncated planes [save-format] (0.1s)
2026-10-05T10:08:47.6771669Z PASS PortableRenderer/each accelerated backend uploads surface revisions independently [display] (0.3s)
2026-10-05T10:08:47.6952216Z PASS TeamStatsSave/defence snapshot counts warriors by place and enemy warriors at home (0.0s)
2026-10-05T10:08:47.7298812Z PASS TeamStatsSave/legacy version 88 fixture replays the golden trace [save-format][golden] (0.0s)
2026-10-05T10:08:47.7474949Z PASS TeamStatsSave/places: own buildings first, then enemies; allies, flags and new buildings do not count (0.0s)
2026-10-05T10:08:47.7650204Z PASS TerrainPresentation/export uses registered whole-cell material colors [artifacts] (0.0s)
2026-10-05T10:08:48.1789510Z PASS TeamStatsSave/AI telemetry continues across a save [save-format] (0.7s)
2026-10-05T10:08:48.1962368Z PASS TerrainProperties/explorers ignore ice damage and no-permadeath applies to ground hazards (0.0s)
2026-10-05T10:08:48.2131490Z PASS TerrainProperties/required terrain experiments survive tiling and distinguish map headers (0.0s)
2026-10-05T10:08:48.3032975Z PASS Settings/render FPS dropdown in compact layout [display][artifacts][writes-preferences] (0.6s)
2026-10-05T10:08:48.3208228Z PASS ThemeCatalog/every shipped theme keeps text readable (0.0s)
2026-10-05T10:08:48.3375477Z PASS ThemeCatalog/shipped themes win over player files with the same id (0.0s)
2026-10-05T10:08:48.6560703Z PASS TorusRender/game rendering; picking and cache changes in software rendering [writes-preferences] (0.3s)
2026-10-05T10:08:48.9726394Z PASS SoftwareRenderer/terrain cache matches integer-transformed coastlines and discovery across wraps and mutations [display][artifacts] (0.7s)
2026-10-05T10:08:49.2414723Z PASS TurnEngineHarness/a player who leaves stays listed as Left, and the one left standing learns why it won [network-sim] (0.3s)
2026-10-05T10:08:49.5346043Z PASS TurnEngineHarness/a 10 s flag drag and a held key keep the input delay bounded, without a flood [network-sim][artifacts] (0.9s)
2026-10-05T10:08:49.7496006Z PASS TerrainPresentation/whole-cell layers preserve software terrain caching [display][artifacts] (0.8s)
2026-10-05T10:08:49.7678623Z PASS UIIcons/aliases share live assets and the cache releases unused graphics resources (0.0s)
2026-10-05T10:08:49.9538486Z PASS TurnEngineHarness/the committed match record verifies to the committed checksum trace [network-sim][golden] (0.4s)
2026-10-05T10:08:50.1190685Z PASS TextRaster/native software glyphs at fractional scale [display][artifacts] (0.4s)
2026-10-05T10:08:50.3278916Z PASS UnitContinuation/five checkpoints replay 256 ticks with matching state and RNG (0.4s)
2026-10-05T10:08:50.3930953Z PASS UntrustedFiles/complete saved game rejects poisoned unit state and retains a reproducible fixture [save-format][artifacts] (0.1s)
2026-10-05T10:08:50.4104171Z PASS UntrustedFiles/invalid replay order references are ignored before indexing state (0.0s)
2026-10-05T10:08:50.4151040Z PASS TurnEngineHarness/engines report network telemetry, and its output changes nothing they execute [network-sim][artifacts] (1.2s)
2026-10-05T10:08:50.4295620Z PASS UntrustedFiles/network state rejects invalid slots before queue indexing (0.0s)
2026-10-05T10:08:50.4360709Z PASS WinProbability/calling an early loser cannot change later teams' decision inputs (0.0s)
2026-10-05T10:08:50.4463180Z PASS WinProbability/rule serialization gates the new tag and rejects ambiguous thresholds (0.0s)
2026-10-05T10:08:52.4996387Z PASS UnitTeamColorCache/team colour cache stays bounded in software rendering (2.4s)
2026-10-05T10:09:15.0626624Z PASS UIPresentation/every screen lays out; navigates and captures at small landscape across presentations and insets [display:1600x1400][artifacts][slow] (24.9s)
2026-10-05T10:09:15.4285192Z PASS WindowResize/native display and live preferences in OpenGL [display] (0.4s)
2026-10-05T10:09:15.4322906Z 
2026-10-05T10:09:15.4323455Z ===== FAIL CustomGameSetup/custom game screens; captures and translated keys [slow][display:1024x768][artifacts][writes-preferences] =====
2026-10-05T10:09:15.4324979Z GLOB2_TEST_BUILD compiler=11.4.0 platform=Linux pointer_bits=64
2026-10-05T10:09:15.4328421Z GLOB2_TEST_PROVENANCE {"compiler": "g++-11", "dirty": false, "flags": {"CCFLAGS": "", "CPPDEFINES": "GLOB2_OFFICIAL_INSTANCE_ORIGIN \\\"https://app.glob2online.com\\\" GLOB2_OFFICIAL_INSTANCE_FORMER_ORIGINS \\\"https://glob2online.com\\\" HAVE_CONFIG_H SDL_MAIN_HANDLED", "CXXFLAGS": "-std=gnu++20 -Wall -fPIC -O3 -s", "LINKFLAGS": "-Wl,-rpath,$ORIGIN/../lib/glob2 -Wall -O3 -fwhole-program -Wl,-rpath,/home/runner/work/glob2/glob2/build/sdl3-ci/prefix/lib -Wl,--enable-new-dtags"}, "revision": "104384a52c94dc5a06d82a9acb16badcad9e304f", "sourceStatus": [], "sourceTreeSha256": "16cd550c73106d8ea7dac71af0f94f91f6eacf034289d3a283bd585111d85af2"}
2026-10-05T10:09:15.4331483Z PASS preferences round trip, hidden slots, bounds and corrupt-file recovery
2026-10-05T10:09:15.4332108Z PASS preferences keep every generator option, and older files still load
2026-10-05T10:09:15.4332807Z PASS landscape picker Random order is a real shuffle drawn once per process run, Alphabetical stays stable
2026-10-05T10:09:15.4333518Z Landscape preview:  revision 0 seed 2941812796 [validation]: Unknown generator
2026-10-05T10:09:15.4334108Z Landscape preview:  revision 0 seed 3049239498 [validation]: Unknown generator
2026-10-05T10:09:15.4334611Z Landscape preview: Could not place every colony
2026-10-05T10:09:15.4335221Z PASS deferred viewport priority, reprioritization, stable seeds, yielding retries, restart/reroll
2026-10-05T10:09:15.4335681Z 
2026-10-05T10:09:15.4336103Z [failure] custom game screens; captures and translated keys [slow][display:1024x768][artifacts][writes-preferences]: false
2026-10-05T10:09:15.4336809Z src/game/screens/CustomGameSetupHarness.cpp:1694:
2026-10-05T10:09:15.4337223Z REQUIRE( pickerHost.popupOpen() ) is NOT correct!
2026-10-05T10:09:15.4337725Z   values: REQUIRE( false )
2026-10-05T10:09:15.4338094Z   logged: action=reset run=false return=44 focus=landscape/44
2026-10-05T10:09:15.4338532Z           after click: run=false return=44 focus=landscape/44
2026-10-05T10:09:15.4338793Z 
2026-10-05T10:09:15.4361463Z ##[error]fail
2026-10-05T10:09:15.4368655Z 
2026-10-05T10:09:15.4368886Z 165 passed, 1 failed, 0 skipped (212.9s of test time)
2026-10-05T10:09:15.4369392Z [run_tests] JUnit report: artifacts/tests/engine-junit.xml (166 cases)
2026-10-05T10:09:15.4421371Z ##[error]Process completed with exit code 1.
2026-10-05T10:09:15.4479576Z ##[group]Run actions/upload-artifact@v4
2026-10-05T10:09:15.4479809Z with:
2026-10-05T10:09:15.4480019Z   name: ci-observation-inventory-ubuntu-22.04-3
2026-10-05T10:09:15.4480350Z   path: artifacts/tests/*.inventory.json
artifacts/tests/*.timings.json

2026-10-05T10:09:15.4480659Z   if-no-files-found: error
2026-10-05T10:09:15.4480854Z   compression-level: 6
2026-10-05T10:09:15.4481051Z   overwrite: false
2026-10-05T10:09:15.4481230Z   include-hidden-files: false
2026-10-05T10:09:15.4481423Z env:
2026-10-05T10:09:15.4481582Z   GLOB2_DEV_MODE: isolated
2026-10-05T10:09:15.4481776Z   CI_RUNNER_FAMILY: ubuntu-22.04
2026-10-05T10:09:15.4482076Z   LD_LIBRARY_PATH: /home/runner/work/glob2/glob2/build/sdl3-ci/prefix/lib
2026-10-05T10:09:15.4482373Z ##[endgroup]
2026-10-05T10:09:15.5903858Z (node:5697) [DEP0040] DeprecationWarning: The `punycode` module is deprecated. Please use a userland alternative instead.
2026-10-05T10:09:15.5904694Z (Use `node --trace-deprecation ...` to show where the warning was created)
2026-10-05T10:09:15.5970833Z With the provided path, there will be 2 files uploaded
2026-10-05T10:09:15.5978068Z Artifact name is valid!
2026-10-05T10:09:15.5978662Z Root directory input is valid!
2026-10-05T10:09:15.8488197Z Beginning upload of artifact content to blob storage
2026-10-05T10:09:15.8669645Z (node:5697) [DEP0169] DeprecationWarning: `url.parse()` behavior is not standardized and prone to errors that have security implications. Use the WHATWG URL API instead. CVEs are not issued for `url.parse()` vulnerabilities.
2026-10-05T10:09:15.9713464Z Uploaded bytes 28352
2026-10-05T10:09:16.0043909Z Finished uploading artifact content to blob storage!
2026-10-05T10:09:16.0044796Z SHA256 digest of uploaded artifact zip is cc97e3af0dbcd51b3efb2bfec0be4ce2a0f0d080b7edb58bc684d3cee380a0b5
2026-10-05T10:09:16.0046124Z Finalizing artifact upload
2026-10-05T10:09:16.2182722Z Artifact ci-observation-inventory-ubuntu-22.04-3.zip successfully finalized. Artifact ID 11337637586
2026-10-05T10:09:16.2183602Z Artifact ci-observation-inventory-ubuntu-22.04-3 has been successfully uploaded! Final size is 28352 bytes. Artifact ID is 11337637586
2026-10-05T10:09:16.2188362Z Artifact download URL: https://github.com/Globulation2/glob2/actions/runs/37289559297/artifacts/11337637586
2026-10-05T10:09:16.2311715Z ##[group]Run # Retain the original failure; this separate invocation only collects a trace.
2026-10-05T10:09:16.2312240Z [36;1m# Retain the original failure; this separate invocation only collects a trace.[0m
2026-10-05T10:09:16.2312593Z [36;1mif ! python3 - <<'PYTRACE'[0m
2026-10-05T10:09:16.2312842Z [36;1mimport xml.etree.ElementTree as ET[0m
2026-10-05T10:09:16.2313134Z [36;1mreport = ET.parse('artifacts/tests/engine-junit.xml')[0m
2026-10-05T10:09:16.2313464Z [36;1mcrashes = [case for case in report.iter('testcase')[0m
2026-10-05T10:09:16.2313896Z [36;1m           if 'each accelerated backend uploads surface revisions independently' in case.get('name', '')[0m
2026-10-05T10:09:16.2314319Z [36;1m           and case.find('error') is not None][0m
2026-10-05T10:09:16.2314593Z [36;1mraise SystemExit(0 if crashes else 1)[0m
2026-10-05T10:09:16.2314829Z [36;1mPYTRACE[0m
2026-10-05T10:09:16.2315001Z [36;1mthen[0m
2026-10-05T10:09:16.2315170Z [36;1m  exit 0[0m
2026-10-05T10:09:16.2315366Z [36;1mfi[0m
2026-10-05T10:09:16.2315607Z [36;1msudo apt-get install -y --no-install-recommends gdb[0m
2026-10-05T10:09:16.2315945Z [36;1mxvfb-run -a -s '-screen 0 1600x1400x24 -noreset' \[0m
2026-10-05T10:09:16.2316293Z [36;1m  gdb --batch -ex run -ex 'thread apply all bt' -ex 'info sharedlibrary' \[0m
2026-10-05T10:09:16.2316688Z [36;1m  --args build/linux/client/release/test/glob2-engine-tests \[0m
2026-10-05T10:09:16.2317116Z [36;1m  '-tc=each accelerated backend uploads surface revisions independently [display]' \[0m
2026-10-05T10:09:16.2317569Z [36;1m  --no-breaks=true > artifacts/tests/accelerated-renderer-gdb.log 2>&1[0m
2026-10-05T10:09:16.2378869Z shell: /usr/bin/bash -e {0}
2026-10-05T10:09:16.2379084Z env:
2026-10-05T10:09:16.2379251Z   GLOB2_DEV_MODE: isolated
2026-10-05T10:09:16.2379473Z   CI_RUNNER_FAMILY: ubuntu-22.04
2026-10-05T10:09:16.2379772Z   LD_LIBRARY_PATH: /home/runner/work/glob2/glob2/build/sdl3-ci/prefix/lib
2026-10-05T10:09:16.2380093Z   LIBGL_ALWAYS_SOFTWARE: 1
2026-10-05T10:09:16.2380289Z   GLOB2_TEST_DISPLAY: 1
2026-10-05T10:09:16.2380475Z   GLOB2_TEST_FULLSCREEN: 1
2026-10-05T10:09:16.2380676Z   SDL_AUDIODRIVER: dummy
2026-10-05T10:09:16.2380866Z ##[endgroup]
2026-10-05T10:09:16.2667568Z ##[group]Run actions/upload-artifact@v4
2026-10-05T10:09:16.2667998Z with:
2026-10-05T10:09:16.2668194Z   name: native-test-results-ubuntu-22.04-3
2026-10-05T10:09:16.2668439Z   path: artifacts/tests/
2026-10-05T10:09:16.2668639Z   if-no-files-found: ignore
2026-10-05T10:09:16.2668842Z   compression-level: 6
2026-10-05T10:09:16.2669041Z   overwrite: false
2026-10-05T10:09:16.2669226Z   include-hidden-files: false
2026-10-05T10:09:16.2669424Z env:
2026-10-05T10:09:16.2669587Z   GLOB2_DEV_MODE: isolated
2026-10-05T10:09:16.2669786Z   CI_RUNNER_FAMILY: ubuntu-22.04
2026-10-05T10:09:16.2670091Z   LD_LIBRARY_PATH: /home/runner/work/glob2/glob2/build/sdl3-ci/prefix/lib
2026-10-05T10:09:16.2670398Z ##[endgroup]
2026-10-05T10:09:16.4107064Z (node:5711) [DEP0040] DeprecationWarning: The `punycode` module is deprecated. Please use a userland alternative instead.
2026-10-05T10:09:16.4108120Z (Use `node --trace-deprecation ...` to show where the warning was created)
2026-10-05T10:09:16.4870938Z With the provided path, there will be 498 files uploaded
2026-10-05T10:09:16.4876151Z Artifact name is valid!
2026-10-05T10:09:16.4876913Z Root directory input is valid!
2026-10-05T10:09:16.7767055Z Beginning upload of artifact content to blob storage
2026-10-05T10:09:17.4717825Z (node:5711) [DEP0169] DeprecationWarning: `url.parse()` behavior is not standardized and prone to errors that have security implications. Use the WHATWG URL API instead. CVEs are not issued for `url.parse()` vulnerabilities.
2026-10-05T10:09:17.8261103Z Uploaded bytes 8388608
2026-10-05T10:09:18.2818777Z Uploaded bytes 16777216
2026-10-05T10:09:18.7358860Z Uploaded bytes 25165824
2026-10-05T10:09:19.3561367Z Uploaded bytes 33554432
2026-10-05T10:09:20.2255103Z Uploaded bytes 41943040
2026-10-05T10:09:21.0815170Z Uploaded bytes 50331648
2026-10-05T10:09:21.8989094Z Uploaded bytes 58720256
2026-10-05T10:09:22.1271420Z Uploaded bytes 67108864
2026-10-05T10:09:22.4140303Z Uploaded bytes 75497472
2026-10-05T10:09:22.8962449Z Uploaded bytes 83886080
2026-10-05T10:09:23.3900572Z Uploaded bytes 92274688
2026-10-05T10:09:23.6022974Z Uploaded bytes 100663296
2026-10-05T10:09:23.9774967Z Uploaded bytes 109051904
2026-10-05T10:09:24.4796155Z Uploaded bytes 117440512
2026-10-05T10:09:24.9242526Z Uploaded bytes 120821074
2026-10-05T10:09:24.9571322Z Finished uploading artifact content to blob storage!
2026-10-05T10:09:24.9573507Z SHA256 digest of uploaded artifact zip is 25a429ed8ea5a32d69656a43719ef0d7640d20846c05e61934bb991b2f165c62
2026-10-05T10:09:24.9575143Z Finalizing artifact upload
2026-10-05T10:09:25.2645026Z Artifact native-test-results-ubuntu-22.04-3.zip successfully finalized. Artifact ID 11338130926
2026-10-05T10:09:25.2646195Z Artifact native-test-results-ubuntu-22.04-3 has been successfully uploaded! Final size is 120821074 bytes. Artifact ID is 11338130926
2026-10-05T10:09:25.2651503Z Artifact download URL: https://github.com/Globulation2/glob2/actions/runs/37289559297/artifacts/11338130926
2026-10-05T10:09:25.2844874Z ##[group]Run python3 test/ci_run_commands.py \
2026-10-05T10:09:25.2845181Z [36;1mpython3 test/ci_run_commands.py \[0m
2026-10-05T10:09:25.2845642Z [36;1m  --check 'generation only' 'python3 test/test_map_cli.py build/linux/client/release/src/glob2 --generation-only' \[0m
2026-10-05T10:09:25.2846208Z [36;1m  --check 'map CLI' 'python3 test/test_map_cli.py build/linux/client/release/src/glob2' \[0m
2026-10-05T10:09:25.2847080Z [36;1m  --check 'map image conversion' 'python3 test/test_map_image.py build/linux/client/release/src/glob2'[0m
2026-10-05T10:09:25.2908696Z shell: /usr/bin/bash -e {0}
2026-10-05T10:09:25.2908926Z env:
2026-10-05T10:09:25.2909118Z   GLOB2_DEV_MODE: isolated
2026-10-05T10:09:25.2909343Z   CI_RUNNER_FAMILY: ubuntu-22.04
2026-10-05T10:09:25.2909652Z   LD_LIBRARY_PATH: /home/runner/work/glob2/glob2/build/sdl3-ci/prefix/lib
2026-10-05T10:09:25.2909972Z ##[endgroup]
2026-10-05T10:09:25.3176637Z ##[group]generation only
2026-10-05T10:09:25.4436396Z PASS headless map generation, serialized config/CLI equivalence, invalid settings, preferences
2026-10-05T10:09:25.4480835Z ##[endgroup]
2026-10-05T10:09:25.4481370Z ##[group]map CLI
2026-10-05T10:11:12.9887083Z PASS 50 map CLI commands: config precedence, map round trip, preview sizes, premade map, three saves, invalid inputs and unchanged preferences.
2026-10-05T10:11:12.9888072Z Artifacts: /home/runner/work/glob2/glob2/artifacts/map-cli
2026-10-05T10:11:12.9888801Z PASS 21 diagnostics commands; evidence: /home/runner/work/glob2/glob2/artifacts/map-cli/diagnostics
2026-10-05T10:11:12.9940148Z ##[endgroup]
2026-10-05T10:11:12.9940678Z ##[group]map image conversion
2026-10-05T10:11:14.8745689Z Map image CLI checks passed
2026-10-05T10:11:14.8796561Z ##[endgroup]
2026-10-05T10:11:14.8880494Z ##[group]Run actions/upload-artifact@v4
2026-10-05T10:11:14.8880736Z with:
2026-10-05T10:11:14.8880921Z   name: map-cli-ubuntu-22.04
2026-10-05T10:11:14.8881161Z   path: artifacts/map-cli/
artifacts/map-image/

2026-10-05T10:11:14.8881604Z   if-no-files-found: warn
2026-10-05T10:11:14.8881802Z   compression-level: 6
2026-10-05T10:11:14.8881996Z   overwrite: false
2026-10-05T10:11:14.8882190Z   include-hidden-files: false
2026-10-05T10:11:14.8882401Z env:
2026-10-05T10:11:14.8882564Z   GLOB2_DEV_MODE: isolated
2026-10-05T10:11:14.8882777Z   CI_RUNNER_FAMILY: ubuntu-22.04
2026-10-05T10:11:14.8883079Z   LD_LIBRARY_PATH: /home/runner/work/glob2/glob2/build/sdl3-ci/prefix/lib
2026-10-05T10:11:14.8883384Z ##[endgroup]
2026-10-05T10:11:15.0300225Z (node:6069) [DEP0040] DeprecationWarning: The `punycode` module is deprecated. Please use a userland alternative instead.
2026-10-05T10:11:15.0304295Z (Use `node --trace-deprecation ...` to show where the warning was created)
2026-10-05T10:11:15.1074180Z Multiple search paths detected. Calculating the least common ancestor of all paths
2026-10-05T10:11:15.1075964Z The least common ancestor is /home/runner/work/glob2/glob2/artifacts. This will be the root directory of the artifact
2026-10-05T10:11:15.1077036Z With the provided path, there will be 404 files uploaded
2026-10-05T10:11:15.1078631Z Artifact name is valid!
2026-10-05T10:11:15.1079398Z Root directory input is valid!
2026-10-05T10:11:15.3628058Z Beginning upload of artifact content to blob storage
2026-10-05T10:11:15.7033315Z (node:6069) [DEP0169] DeprecationWarning: `url.parse()` behavior is not standardized and prone to errors that have security implications. Use the WHATWG URL API instead. CVEs are not issued for `url.parse()` vulnerabilities.
2026-10-05T10:11:16.0848213Z Uploaded bytes 8388608
2026-10-05T10:11:16.2708439Z Uploaded bytes 16777216
2026-10-05T10:11:16.2911664Z Uploaded bytes 25165824
2026-10-05T10:11:16.5426298Z Uploaded bytes 33554432
2026-10-05T10:11:16.8064081Z Uploaded bytes 41943040
2026-10-05T10:11:16.9080088Z Uploaded bytes 50331648
2026-10-05T10:11:17.0866691Z Uploaded bytes 58720256
2026-10-05T10:11:17.3175863Z Uploaded bytes 67108864
2026-10-05T10:11:17.5269060Z Uploaded bytes 75497472
2026-10-05T10:11:17.7467912Z Uploaded bytes 83886080
2026-10-05T10:11:18.0083786Z Uploaded bytes 92274688
2026-10-05T10:11:18.1827775Z Uploaded bytes 100663296
2026-10-05T10:11:18.3318031Z Uploaded bytes 109051904
2026-10-05T10:11:18.6056966Z Uploaded bytes 117440512
2026-10-05T10:11:18.7167742Z Uploaded bytes 125829120
2026-10-05T10:11:18.9192760Z Uploaded bytes 134217728
2026-10-05T10:11:19.1038445Z Uploaded bytes 142606336
2026-10-05T10:11:19.3509064Z Uploaded bytes 150994944
2026-10-05T10:11:19.5673656Z Uploaded bytes 159383552
2026-10-05T10:11:19.8263807Z Uploaded bytes 167772160
2026-10-05T10:11:20.0438279Z Uploaded bytes 176160768
2026-10-05T10:11:20.1351015Z Uploaded bytes 184549376
2026-10-05T10:11:20.4347378Z Uploaded bytes 192937984
2026-10-05T10:11:20.5844234Z Uploaded bytes 201326592
2026-10-05T10:11:20.7837019Z Uploaded bytes 209715200
2026-10-05T10:11:21.0507444Z Uploaded bytes 218103808
2026-10-05T10:11:21.2011598Z Uploaded bytes 226492416
2026-10-05T10:11:21.3898791Z Uploaded bytes 234881024
2026-10-05T10:11:21.5942922Z Uploaded bytes 243269632
2026-10-05T10:11:21.7802192Z Uploaded bytes 251658240
2026-10-05T10:11:21.9863788Z Uploaded bytes 260046848
2026-10-05T10:11:22.1868979Z Uploaded bytes 268435456
2026-10-05T10:11:22.3628540Z Uploaded bytes 276824064
2026-10-05T10:11:22.6227990Z Uploaded bytes 285212672
2026-10-05T10:11:22.8751969Z Uploaded bytes 293601280
2026-10-05T10:11:22.9918511Z Uploaded bytes 297726681
2026-10-05T10:11:23.0236799Z Finished uploading artifact content to blob storage!
2026-10-05T10:11:23.0238894Z SHA256 digest of uploaded artifact zip is da0a86538db4019d2f84e3a91fcadc053c76660b95a1685a7b5d0ad187edbe13
2026-10-05T10:11:23.0240751Z Finalizing artifact upload
2026-10-05T10:11:23.2827467Z Artifact map-cli-ubuntu-22.04.zip successfully finalized. Artifact ID 11338560492
2026-10-05T10:11:23.2828722Z Artifact map-cli-ubuntu-22.04 has been successfully uploaded! Final size is 297726681 bytes. Artifact ID is 11338560492
2026-10-05T10:11:23.2835012Z Artifact download URL: https://github.com/Globulation2/glob2/actions/runs/37289559297/artifacts/11338560492
2026-10-05T10:11:23.3026190Z ##[group]Run python3 test/ci_run_commands.py \
2026-10-05T10:11:23.3026699Z [36;1mpython3 test/ci_run_commands.py \[0m
2026-10-05T10:11:23.3027578Z [36;1m  --check 'shared runtime save continuation' 'python3 test/check_shared_runtime_save_continuation.py build/linux/client/release/src/glob2' \[0m
2026-10-05T10:11:23.3029061Z [36;1m  --check 'Maxima save continuation fixture' 'python3 test/maxima/check_save_continuation_fixture.py build/linux/client/release/src/glob2'[0m
2026-10-05T10:11:23.3111867Z shell: /usr/bin/bash -e {0}
2026-10-05T10:11:23.3112098Z env:
2026-10-05T10:11:23.3112278Z   GLOB2_DEV_MODE: isolated
2026-10-05T10:11:23.3112532Z   CI_RUNNER_FAMILY: ubuntu-22.04
2026-10-05T10:11:23.3112886Z   LD_LIBRARY_PATH: /home/runner/work/glob2/glob2/build/sdl3-ci/prefix/lib
2026-10-05T10:11:23.3113203Z ##[endgroup]
2026-10-05T10:11:23.3379643Z ##[group]shared runtime save continuation
2026-10-05T10:11:30.8641610Z PASS: maxima/nicowar reload at 4096: 4096 matching ticks
2026-10-05T10:11:30.8642349Z PASS: maxima/nicowar reload at 6144: 2048 matching ticks
2026-10-05T10:11:30.8642818Z PASS: nicowar/nicowar reload at 4096: 4096 matching ticks
2026-10-05T10:11:30.8643256Z PASS: nicowar/nicowar reload at 6144: 2048 matching ticks
2026-10-05T10:11:30.8688551Z ##[endgroup]
2026-10-05T10:11:30.8688934Z ##[group]Maxima save continuation fixture
2026-10-05T10:11:32.9862862Z PASS: v115 checkpoint matches all 512 complete terrain state hashes
2026-10-05T10:11:32.9863538Z PASS: save/reload at tick 30256 preserves all 256 complete continuation records
2026-10-05T10:11:32.9963067Z ##[endgroup]
2026-10-05T10:11:33.0054992Z ##[group]Run python3 test/run_lan_session_test.py build/linux/client/release/src/LANSessionHarness
2026-10-05T10:11:33.0055563Z [36;1mpython3 test/run_lan_session_test.py build/linux/client/release/src/LANSessionHarness[0m
2026-10-05T10:11:33.0056059Z [36;1mpython3 test/run_lan_session_test.py build/linux/client/release/src/LANSessionHarness \[0m
2026-10-05T10:11:33.0056501Z [36;1m  --play 30 --output artifacts/lan-play-test[0m
2026-10-05T10:11:33.0118061Z shell: /usr/bin/bash -e {0}
2026-10-05T10:11:33.0118280Z env:
2026-10-05T10:11:33.0118464Z   GLOB2_DEV_MODE: isolated
2026-10-05T10:11:33.0118692Z   CI_RUNNER_FAMILY: ubuntu-22.04
2026-10-05T10:11:33.0119006Z   LD_LIBRARY_PATH: /home/runner/work/glob2/glob2/build/sdl3-ci/prefix/lib
2026-10-05T10:11:33.0119323Z ##[endgroup]
2026-10-05T10:12:25.8032023Z Settings::load("preferences.txt") : error, can't open file.
2026-10-05T10:12:25.8032711Z LAN progress PASS: cancellation and connection timeout release the connection
2026-10-05T10:12:25.8033600Z PAIRING wss://127.0.0.1:7489/yog#sha256=c65ac3a41c2279c35d68196bcafbce5223178d3ffb656688aa287dbf21cbc658
2026-10-05T10:12:25.8034227Z HOST roster=1 seats=1
2026-10-05T10:12:25.8034582Z   member=0 seat=0 name=LAN host ready=1 map=1
2026-10-05T10:12:25.8034986Z HOST roster=2 seats=2
2026-10-05T10:12:25.8035336Z   member=0 seat=0 name=LAN host ready=1 map=1
2026-10-05T10:12:25.8035769Z   member=1 seat=1 name=LAN guest ready=0 map=0
2026-10-05T10:12:25.8036182Z HOST guest ready, cycle=1
2026-10-05T10:12:25.8036501Z HOST roster=1 seats=1
2026-10-05T10:12:25.8036842Z   member=0 seat=0 name=LAN host ready=1 map=1
2026-10-05T10:12:25.8037242Z HOST departure verified, cycle=1
2026-10-05T10:12:25.8037549Z HOST roster=2 seats=2
2026-10-05T10:12:25.8038019Z   member=0 seat=0 name=LAN host ready=1 map=1
2026-10-05T10:12:25.8038460Z   member=2 seat=1 name=LAN guest ready=0 map=0
2026-10-05T10:12:25.8038816Z HOST guest ready, cycle=2
2026-10-05T10:12:25.8039085Z HOST roster=1 seats=1
2026-10-05T10:12:25.8039385Z   member=0 seat=0 name=LAN host ready=1 map=1
2026-10-05T10:12:25.8039758Z HOST departure verified, cycle=2
2026-10-05T10:12:25.8040137Z HOST PASS: all ready/join/leave cycles completed
2026-10-05T10:12:25.8040433Z 
2026-10-05T10:12:25.8040669Z Settings::load("preferences.txt") : error, can't open file.
2026-10-05T10:12:25.8041587Z JOIN PASS: lobby returned through Leave Game
2026-10-05T10:12:25.8042022Z JOIN map verified: 616018 bytes, cycle=1
2026-10-05T10:12:25.8042441Z JOIN PASS: lobby returned through Leave Game
2026-10-05T10:12:25.8042841Z JOIN map verified: 616018 bytes, cycle=2
2026-10-05T10:12:25.8043078Z 
2026-10-05T10:12:25.8043379Z LAN session regression PASS: two ready/join/leave cycles and exact map downloads
2026-10-05T10:13:03.5377322Z Settings::load("preferences.txt") : error, can't open file.
2026-10-05T10:13:03.5378199Z PAIRING wss://127.0.0.1:7489/yog#sha256=4711de2cd9b9cacf5f92104d1309881be3df47e4870137353822645e33ba142e
2026-10-05T10:13:03.5378620Z HOST roster=1
2026-10-05T10:13:03.5378850Z HOST PLAY pressed Start
2026-10-05T10:13:03.5379067Z selecting music dir woodland
2026-10-05T10:13:03.5379287Z HOST PLAY horizon=750, leaving
2026-10-05T10:13:03.5379498Z HOST PLAY PASS
2026-10-05T10:13:03.5379613Z 
2026-10-05T10:13:03.5379762Z Settings::load("preferences.txt") : error, can't open file.
2026-10-05T10:13:03.5380070Z selecting music dir woodland
2026-10-05T10:13:03.5380298Z Turn session: relay refused us: host-left
2026-10-05T10:13:03.5380619Z Turn session: the relay refused this client (reason 5); leaving the game
2026-10-05T10:13:03.5380847Z 
2026-10-05T10:13:03.5381450Z checksum sidecars AGREE on 2148132 bytes of per-tick records (/home/runner/work/glob2/glob2/artifacts/lan-play-test/host.replay.checksums: 2148132, /home/runner/work/glob2/glob2/artifacts/lan-play-test/join.replay.checksums: 2151000)
2026-10-05T10:13:03.5382196Z LAN play PASS
2026-10-05T10:13:03.5489526Z ##[group]Run python3 test/ci_step_summary.py
2026-10-05T10:13:03.5489829Z [36;1mpython3 test/ci_step_summary.py[0m
2026-10-05T10:13:03.5553990Z shell: /usr/bin/bash -e {0}
2026-10-05T10:13:03.5554234Z env:
2026-10-05T10:13:03.5554424Z   GLOB2_DEV_MODE: isolated
2026-10-05T10:13:03.5554652Z   CI_RUNNER_FAMILY: ubuntu-22.04
2026-10-05T10:13:03.5554983Z   LD_LIBRARY_PATH: /home/runner/work/glob2/glob2/build/sdl3-ci/prefix/lib
2026-10-05T10:13:03.5562615Z   CI_STEPS_JSON: {
  "install_dependencies": {
    "outputs": {},
    "outcome": "success",
    "conclusion": "success"
  },
  "actions_checkout_v4_1": {
    "outputs": {
      "commit": "104384a52c94dc5a06d82a9acb16badcad9e304f",
      "ref": ""
    },
    "outcome": "success",
    "conclusion": "success"
  },
  "download_linux_test_programs": {
    "outputs": {
      "download-path": "/home/runner/work/glob2/glob2/artifacts/ci-native"
    },
    "outcome": "success",
    "conclusion": "success"
  },
  "unpack_linux_test_programs": {
    "outputs": {},
    "outcome": "success",
    "conclusion": "success"
  },
  "shard_plan": {
    "outputs": {
      "run_the_unit_tests": "4",
      "test_map_json_reports": "2",
      "test_headless_map_cli_with_the_shared_preview_renderer": "3",
      "test_tournament_protocol_ai_configuration_and_main_cli": "1",
      "verify_save_continuation_traces": "3",
      "verify_default_gradient_schedule_against_cross_platform": "4",
      "verify_parallel_compute_and_save_continuation": "1",
      "build_and_run_the_lan_session_regression": "3",
      "test_front_end_colony_isolation_and_menu_navigation": "2",
      "retain_browser_native_simulation_trace": "4"
    },
    "outcome": "success",
    "conclusion": "success"
  },
  "run_the_unit_tests": {
    "outputs": {},
    "outcome": "skipped",
    "conclusion": "skipped"
  },
  "run_the_engine_tests": {
    "outputs": {},
    "outcome": "failure",
    "conclusion": "success"
  },
  "test_map_json_reports": {
    "outputs": {},
    "outcome": "skipped",
    "conclusion": "skipped"
  },
  "upload_map_json_reports_and_command_log": {
    "outputs": {},
    "outcome": "skipped",
    "conclusion": "skipped"
  },
  "test_headless_map_cli_with_the_shared_preview_renderer": {
    "outputs": {},
    "outcome": "success",
    "conclusion": "success"
  },
  "upload_map_cli_previews_and_command_log": {
    "outputs": {
      "artifact-id": "11338560492",
      "artifact-digest": "da0a86538db4019d2f84e3a91fcadc053c76660b95a1685a7b5d0ad187edbe13",
      "artifact-url": "https://github.com/Globulation2/glob2/actions/runs/37289559297/artifacts/11338560492"
    },
    "outcome": "success",
    "conclusion": "success"
  },
  "test_tournament_protocol_ai_configuration_and_main_cli": {
    "outputs": {},
    "outcome": "skipped",
    "conclusion": "skipped"
  },
  "retain_tournament_cli_compatibility_evidence": {
    "outputs": {},
    "outcome": "skipped",
    "conclusion": "skipped"
  },
  "verify_save_continuation_traces": {
    "outputs": {},
    "outcome": "success",
    "conclusion": "success"
  },
  "verify_default_gradient_schedule_against_cross_platform": {
    "outputs": {},
    "outcome": "skipped",
    "conclusion": "skipped"
  },
  "verify_parallel_compute_and_save_continuation": {
    "outputs": {},
    "outcome": "skipped",
    "conclusion": "skipped"
  },
  "build_and_run_the_lan_session_regression": {
    "outputs": {},
    "outcome": "success",
    "conclusion": "success"
  },
  "test_front_end_colony_isolation_and_menu_navigation": {
    "outputs": {},
    "outcome": "skipped",
    "conclusion": "skipped"
  },
  "retain_browser_native_simulation_trace": {
    "outputs": {},
    "outcome": "skipped",
    "conclusion": "skipped"
  },
  "upload_artifact_1": {
    "outputs": {},
    "outcome": "skipped",
    "conclusion": "skipped"
  }
}
2026-10-05T10:13:03.5571488Z ##[endgroup]
2026-10-05T10:13:03.5819242Z ## CI check results
2026-10-05T10:13:03.5819457Z 
2026-10-05T10:13:03.5819602Z - Failed: `run_the_engine_tests`
2026-10-05T10:13:03.5819851Z 
2026-10-05T10:13:03.5847053Z ##[error]Process completed with exit code 1.
2026-10-05T10:13:03.5889326Z ##[group]Run actions/upload-artifact@v4
2026-10-05T10:13:03.5889572Z with:
2026-10-05T10:13:03.5889769Z   name: ci-observation-tests-g++-11-3
2026-10-05T10:13:03.5890026Z   path: artifacts/ci-observation/
2026-10-05T10:13:03.5890258Z   if-no-files-found: ignore
2026-10-05T10:13:03.5890479Z   compression-level: 6
2026-10-05T10:13:03.5890669Z   overwrite: false
2026-10-05T10:13:03.5890879Z   include-hidden-files: false
2026-10-05T10:13:03.5891090Z env:
2026-10-05T10:13:03.5891260Z   GLOB2_DEV_MODE: isolated
2026-10-05T10:13:03.5891474Z   CI_RUNNER_FAMILY: ubuntu-22.04
2026-10-05T10:13:03.5891784Z   LD_LIBRARY_PATH: /home/runner/work/glob2/glob2/build/sdl3-ci/prefix/lib
2026-10-05T10:13:03.5892086Z ##[endgroup]
2026-10-05T10:13:03.7316189Z (node:6204) [DEP0040] DeprecationWarning: The `punycode` module is deprecated. Please use a userland alternative instead.
2026-10-05T10:13:03.7317133Z (Use `node --trace-deprecation ...` to show where the warning was created)
2026-10-05T10:13:03.7373156Z With the provided path, there will be 1 file uploaded
2026-10-05T10:13:03.7373959Z Artifact name is valid!
2026-10-05T10:13:03.7374279Z Root directory input is valid!
2026-10-05T10:13:03.9655089Z Beginning upload of artifact content to blob storage
2026-10-05T10:13:03.9795092Z (node:6204) [DEP0169] DeprecationWarning: `url.parse()` behavior is not standardized and prone to errors that have security implications. Use the WHATWG URL API instead. CVEs are not issued for `url.parse()` vulnerabilities.
2026-10-05T10:13:04.0644416Z Uploaded bytes 167
2026-10-05T10:13:04.0928044Z Finished uploading artifact content to blob storage!
2026-10-05T10:13:04.0928818Z SHA256 digest of uploaded artifact zip is 2f631486ab92afa972d59d394e433563f250f5fa8fae21210c5e0802d4ee5db0
2026-10-05T10:13:04.0930151Z Finalizing artifact upload
2026-10-05T10:13:04.3050110Z Artifact ci-observation-tests-g++-11-3.zip successfully finalized. Artifact ID 11338037254
2026-10-05T10:13:04.3051093Z Artifact ci-observation-tests-g++-11-3 has been successfully uploaded! Final size is 167 bytes. Artifact ID is 11338037254
2026-10-05T10:13:04.3055181Z Artifact download URL: https://github.com/Globulation2/glob2/actions/runs/37289559297/artifacts/11338037254
2026-10-05T10:13:04.3235510Z Post job cleanup.
2026-10-05T10:13:04.3981700Z [command]/usr/bin/git version
2026-10-05T10:13:04.4018540Z git version 2.55.0
2026-10-05T10:13:04.4049308Z Temporarily overriding HOME='/home/runner/work/_temp/42cf0946-ce1c-4a52-8df5-11e5c43d601b' before making global git config changes
2026-10-05T10:13:04.4050367Z Adding repository directory to the temporary git global config as a safe directory
2026-10-05T10:13:04.4053815Z [command]/usr/bin/git config --global --add safe.directory /home/runner/work/glob2/glob2
2026-10-05T10:13:04.4087250Z [command]/usr/bin/git config --local --name-only --get-regexp core\.sshCommand
2026-10-05T10:13:04.4119565Z [command]/usr/bin/git submodule foreach --recursive sh -c "git config --local --name-only --get-regexp 'core\.sshCommand' && git config --local --unset-all 'core.sshCommand' || :"
2026-10-05T10:13:04.4377379Z [command]/usr/bin/git config --local --name-only --get-regexp http\.https\:\/\/github\.com\/\.extraheader
2026-10-05T10:13:04.4399960Z http.https://github.com/.extraheader
2026-10-05T10:13:04.4409151Z [command]/usr/bin/git config --local --unset-all http.https://github.com/.extraheader
2026-10-05T10:13:04.4444324Z [command]/usr/bin/git submodule foreach --recursive sh -c "git config --local --name-only --get-regexp 'http\.https\:\/\/github\.com\/\.extraheader' && git config --local --unset-all 'http.https://github.com/.extraheader' || :"
2026-10-05T10:13:04.4726574Z [command]/usr/bin/git config --local --name-only --get-regexp ^includeIf\.gitdir:
2026-10-05T10:13:04.4768679Z [command]/usr/bin/git submodule foreach --recursive git config --local --show-origin --name-only --get-regexp remote.origin.url
2026-10-05T10:13:04.5142615Z Cleaning up orphan processes
2026-10-05T10:13:04.5405460Z ##[warning]Node.js 20 is deprecated. The following actions target Node.js 20 but are being forced to run on Node.js 24: actions/checkout@v4, actions/download-artifact@v4, actions/upload-artifact@v4. For more information see: https://github.blog/changelog/2025-09-19-deprecation-of-node-20-on-github-actions-runners/
