scons: Reading SConscript files ...
scons: done reading SConscript files.
scons: Building targets ...
/home/bradley/.local/share/glob2/development/toolchains/emscripten/Linux-x86_64-88a621bc131cd4954413aa39/upstream/emscripten/em++ -o build/emscripten/client/release/obj/src/engine/Engine.cpp.o -c -std=gnu++20 -fwasm-exceptions -g2 -O2 --use-port=zlib -DHAVE_CONFIG_H -DGLOB2_OFFICIAL_INSTANCE_ORIGIN=\"https://app.glob2online.com\" -DGLOB2_OFFICIAL_INSTANCE_FORMER_ORIGINS=\"https://glob2online.com\" -Ibuild/emscripten/client/release/include -Ibuild/emscripten/client/release/sdl3/prefix/include -Ilibgag/include -I. -Ilibusl/src -Isrc -Isrc/ai -Isrc/hud -Isrc/app -Isrc/game/player -Isrc/team -Isrc/common -Isrc/map -Isrc/game -Isrc/campaign -Isrc/campaign/screens -Isrc/replay -Isrc/game/screens -Isrc/render/clouds -Isrc/ui/screens -Isrc/game/rules -Isrc/game/diagnostics -Isrc/map/editor/screens -Isrc/engine -Isrc/ui -Isrc/map/preview -Isrc/app/cli -Isrc/net/lan/screens -Isrc/online -Isrc/map/tools -Isrc/scripting/map -Isrc/render/overlay -Isrc/audio -Isrc/online/screens -Isrc/game/orders -Isrc/resource -Isrc/ui/settings -Isrc/team/stats -Isrc/render/torus -Isrc/ai/simple -Isrc/ai/castor -Isrc/ai/javascript -Isrc/ai/nicowar -Isrc/ai/numbi -Isrc/ai/telemetry -Isrc/ai/warrush -Isrc/ai/maxima -Isrc/building -Isrc/building/types -Isrc/unit/types -Isrc/building/hud -Isrc/net -Isrc/hud/draw -Isrc/hud/input -Isrc/hud/touch -Isrc/net/turn -Isrc/unit -Isrc/map/editor -Isrc/map/generator -Isrc/map/generator/compatibility -Isrc/map/generator/core -Isrc/map/generator/generators -Isrc/map/generator/shared -Isrc/map/generator/shared/legacy -Isrc/map/gradient -Isrc/map/io -Isrc/net/lan -Isrc/net/message -Isrc/scripting/sgsl -Ithird_party/nlohmann-json/include -Ibuild/emscripten/client/release/opus/prefix/include -Ibuild/emscripten/client/release/opus/prefix/include/opus -Ithird_party/quickjs-ng src/engine/Engine.cpp
/home/bradley/.local/share/glob2/development/toolchains/emscripten/Linux-x86_64-88a621bc131cd4954413aa39/upstream/emscripten/em++ -o build/emscripten/client/release/obj/src/hud/GameGUIDialog.cpp.o -c -std=gnu++20 -fwasm-exceptions -g2 -O2 --use-port=zlib -DHAVE_CONFIG_H -DGLOB2_OFFICIAL_INSTANCE_ORIGIN=\"https://app.glob2online.com\" -DGLOB2_OFFICIAL_INSTANCE_FORMER_ORIGINS=\"https://glob2online.com\" -Ibuild/emscripten/client/release/include -Ibuild/emscripten/client/release/sdl3/prefix/include -Ilibgag/include -I. -Ilibusl/src -Isrc -Isrc/ai -Isrc/hud -Isrc/app -Isrc/game/player -Isrc/team -Isrc/common -Isrc/map -Isrc/game -Isrc/campaign -Isrc/campaign/screens -Isrc/replay -Isrc/game/screens -Isrc/render/clouds -Isrc/ui/screens -Isrc/game/rules -Isrc/game/diagnostics -Isrc/map/editor/screens -Isrc/engine -Isrc/ui -Isrc/map/preview -Isrc/app/cli -Isrc/net/lan/screens -Isrc/online -Isrc/map/tools -Isrc/scripting/map -Isrc/render/overlay -Isrc/audio -Isrc/online/screens -Isrc/game/orders -Isrc/resource -Isrc/ui/settings -Isrc/team/stats -Isrc/render/torus -Isrc/ai/simple -Isrc/ai/castor -Isrc/ai/javascript -Isrc/ai/nicowar -Isrc/ai/numbi -Isrc/ai/telemetry -Isrc/ai/warrush -Isrc/ai/maxima -Isrc/building -Isrc/building/types -Isrc/unit/types -Isrc/building/hud -Isrc/net -Isrc/hud/draw -Isrc/hud/input -Isrc/hud/touch -Isrc/net/turn -Isrc/unit -Isrc/map/editor -Isrc/map/generator -Isrc/map/generator/compatibility -Isrc/map/generator/core -Isrc/map/generator/generators -Isrc/map/generator/shared -Isrc/map/generator/shared/legacy -Isrc/map/gradient -Isrc/map/io -Isrc/net/lan -Isrc/net/message -Isrc/scripting/sgsl -Ithird_party/nlohmann-json/include -Ibuild/emscripten/client/release/opus/prefix/include -Ibuild/emscripten/client/release/opus/prefix/include/opus -Ithird_party/quickjs-ng src/hud/GameGUIDialog.cpp
/home/bradley/.local/share/glob2/development/toolchains/emscripten/Linux-x86_64-88a621bc131cd4954413aa39/upstream/emscripten/em++ -o build/emscripten/client/release/obj/src/hud/draw/GameGUIDraw.cpp.o -c -std=gnu++20 -fwasm-exceptions -g2 -O2 --use-port=zlib -DHAVE_CONFIG_H -DGLOB2_OFFICIAL_INSTANCE_ORIGIN=\"https://app.glob2online.com\" -DGLOB2_OFFICIAL_INSTANCE_FORMER_ORIGINS=\"https://glob2online.com\" -Ibuild/emscripten/client/release/include -Ibuild/emscripten/client/release/sdl3/prefix/include -Ilibgag/include -I. -Ilibusl/src -Isrc -Isrc/ai -Isrc/hud -Isrc/app -Isrc/game/player -Isrc/team -Isrc/common -Isrc/map -Isrc/game -Isrc/campaign -Isrc/campaign/screens -Isrc/replay -Isrc/game/screens -Isrc/render/clouds -Isrc/ui/screens -Isrc/game/rules -Isrc/game/diagnostics -Isrc/map/editor/screens -Isrc/engine -Isrc/ui -Isrc/map/preview -Isrc/app/cli -Isrc/net/lan/screens -Isrc/online -Isrc/map/tools -Isrc/scripting/map -Isrc/render/overlay -Isrc/audio -Isrc/online/screens -Isrc/game/orders -Isrc/resource -Isrc/ui/settings -Isrc/team/stats -Isrc/render/torus -Isrc/ai/simple -Isrc/ai/castor -Isrc/ai/javascript -Isrc/ai/nicowar -Isrc/ai/numbi -Isrc/ai/telemetry -Isrc/ai/warrush -Isrc/ai/maxima -Isrc/building -Isrc/building/types -Isrc/unit/types -Isrc/building/hud -Isrc/net -Isrc/hud/draw -Isrc/hud/input -Isrc/hud/touch -Isrc/net/turn -Isrc/unit -Isrc/map/editor -Isrc/map/generator -Isrc/map/generator/compatibility -Isrc/map/generator/core -Isrc/map/generator/generators -Isrc/map/generator/shared -Isrc/map/generator/shared/legacy -Isrc/map/gradient -Isrc/map/io -Isrc/net/lan -Isrc/net/message -Isrc/scripting/sgsl -Ithird_party/nlohmann-json/include -Ibuild/emscripten/client/release/opus/prefix/include -Ibuild/emscripten/client/release/opus/prefix/include/opus -Ithird_party/quickjs-ng src/hud/draw/GameGUIDraw.cpp
/home/bradley/.local/share/glob2/development/toolchains/emscripten/Linux-x86_64-88a621bc131cd4954413aa39/upstream/emscripten/em++ -o build/emscripten/client/release/obj/src/hud/GameGUIOrders.cpp.o -c -std=gnu++20 -fwasm-exceptions -g2 -O2 --use-port=zlib -DHAVE_CONFIG_H -DGLOB2_OFFICIAL_INSTANCE_ORIGIN=\"https://app.glob2online.com\" -DGLOB2_OFFICIAL_INSTANCE_FORMER_ORIGINS=\"https://glob2online.com\" -Ibuild/emscripten/client/release/include -Ibuild/emscripten/client/release/sdl3/prefix/include -Ilibgag/include -I. -Ilibusl/src -Isrc -Isrc/ai -Isrc/hud -Isrc/app -Isrc/game/player -Isrc/team -Isrc/common -Isrc/map -Isrc/game -Isrc/campaign -Isrc/campaign/screens -Isrc/replay -Isrc/game/screens -Isrc/render/clouds -Isrc/ui/screens -Isrc/game/rules -Isrc/game/diagnostics -Isrc/map/editor/screens -Isrc/engine -Isrc/ui -Isrc/map/preview -Isrc/app/cli -Isrc/net/lan/screens -Isrc/online -Isrc/map/tools -Isrc/scripting/map -Isrc/render/overlay -Isrc/audio -Isrc/online/screens -Isrc/game/orders -Isrc/resource -Isrc/ui/settings -Isrc/team/stats -Isrc/render/torus -Isrc/ai/simple -Isrc/ai/castor -Isrc/ai/javascript -Isrc/ai/nicowar -Isrc/ai/numbi -Isrc/ai/telemetry -Isrc/ai/warrush -Isrc/ai/maxima -Isrc/building -Isrc/building/types -Isrc/unit/types -Isrc/building/hud -Isrc/net -Isrc/hud/draw -Isrc/hud/input -Isrc/hud/touch -Isrc/net/turn -Isrc/unit -Isrc/map/editor -Isrc/map/generator -Isrc/map/generator/compatibility -Isrc/map/generator/core -Isrc/map/generator/generators -Isrc/map/generator/shared -Isrc/map/generator/shared/legacy -Isrc/map/gradient -Isrc/map/io -Isrc/net/lan -Isrc/net/message -Isrc/scripting/sgsl -Ithird_party/nlohmann-json/include -Ibuild/emscripten/client/release/opus/prefix/include -Ibuild/emscripten/client/release/opus/prefix/include/opus -Ithird_party/quickjs-ng src/hud/GameGUIOrders.cpp
/home/bradley/.local/share/glob2/development/toolchains/emscripten/Linux-x86_64-88a621bc131cd4954413aa39/upstream/emscripten/em++ -o build/emscripten/client/release/obj/src/hud/GameGUIStep.cpp.o -c -std=gnu++20 -fwasm-exceptions -g2 -O2 --use-port=zlib -DHAVE_CONFIG_H -DGLOB2_OFFICIAL_INSTANCE_ORIGIN=\"https://app.glob2online.com\" -DGLOB2_OFFICIAL_INSTANCE_FORMER_ORIGINS=\"https://glob2online.com\" -Ibuild/emscripten/client/release/include -Ibuild/emscripten/client/release/sdl3/prefix/include -Ilibgag/include -I. -Ilibusl/src -Isrc -Isrc/ai -Isrc/hud -Isrc/app -Isrc/game/player -Isrc/team -Isrc/common -Isrc/map -Isrc/game -Isrc/campaign -Isrc/campaign/screens -Isrc/replay -Isrc/game/screens -Isrc/render/clouds -Isrc/ui/screens -Isrc/game/rules -Isrc/game/diagnostics -Isrc/map/editor/screens -Isrc/engine -Isrc/ui -Isrc/map/preview -Isrc/app/cli -Isrc/net/lan/screens -Isrc/online -Isrc/map/tools -Isrc/scripting/map -Isrc/render/overlay -Isrc/audio -Isrc/online/screens -Isrc/game/orders -Isrc/resource -Isrc/ui/settings -Isrc/team/stats -Isrc/render/torus -Isrc/ai/simple -Isrc/ai/castor -Isrc/ai/javascript -Isrc/ai/nicowar -Isrc/ai/numbi -Isrc/ai/telemetry -Isrc/ai/warrush -Isrc/ai/maxima -Isrc/building -Isrc/building/types -Isrc/unit/types -Isrc/building/hud -Isrc/net -Isrc/hud/draw -Isrc/hud/input -Isrc/hud/touch -Isrc/net/turn -Isrc/unit -Isrc/map/editor -Isrc/map/generator -Isrc/map/generator/compatibility -Isrc/map/generator/core -Isrc/map/generator/generators -Isrc/map/generator/shared -Isrc/map/generator/shared/legacy -Isrc/map/gradient -Isrc/map/io -Isrc/net/lan -Isrc/net/message -Isrc/scripting/sgsl -Ithird_party/nlohmann-json/include -Ibuild/emscripten/client/release/opus/prefix/include -Ibuild/emscripten/client/release/opus/prefix/include/opus -Ithird_party/quickjs-ng src/hud/GameGUIStep.cpp
/home/bradley/.local/share/glob2/development/toolchains/emscripten/Linux-x86_64-88a621bc131cd4954413aa39/upstream/emscripten/em++ -o build/emscripten/client/release/obj/src/app/GlobalContainer.cpp.o -c -std=gnu++20 -fwasm-exceptions -g2 -O2 --use-port=zlib -DHAVE_CONFIG_H -DGLOB2_OFFICIAL_INSTANCE_ORIGIN=\"https://app.glob2online.com\" -DGLOB2_OFFICIAL_INSTANCE_FORMER_ORIGINS=\"https://glob2online.com\" -Ibuild/emscripten/client/release/include -Ibuild/emscripten/client/release/sdl3/prefix/include -Ilibgag/include -I. -Ilibusl/src -Isrc -Isrc/ai -Isrc/hud -Isrc/app -Isrc/game/player -Isrc/team -Isrc/common -Isrc/map -Isrc/game -Isrc/campaign -Isrc/campaign/screens -Isrc/replay -Isrc/game/screens -Isrc/render/clouds -Isrc/ui/screens -Isrc/game/rules -Isrc/game/diagnostics -Isrc/map/editor/screens -Isrc/engine -Isrc/ui -Isrc/map/preview -Isrc/app/cli -Isrc/net/lan/screens -Isrc/online -Isrc/map/tools -Isrc/scripting/map -Isrc/render/overlay -Isrc/audio -Isrc/online/screens -Isrc/game/orders -Isrc/resource -Isrc/ui/settings -Isrc/team/stats -Isrc/render/torus -Isrc/ai/simple -Isrc/ai/castor -Isrc/ai/javascript -Isrc/ai/nicowar -Isrc/ai/numbi -Isrc/ai/telemetry -Isrc/ai/warrush -Isrc/ai/maxima -Isrc/building -Isrc/building/types -Isrc/unit/types -Isrc/building/hud -Isrc/net -Isrc/hud/draw -Isrc/hud/input -Isrc/hud/touch -Isrc/net/turn -Isrc/unit -Isrc/map/editor -Isrc/map/generator -Isrc/map/generator/compatibility -Isrc/map/generator/core -Isrc/map/generator/generators -Isrc/map/generator/shared -Isrc/map/generator/shared/legacy -Isrc/map/gradient -Isrc/map/io -Isrc/net/lan -Isrc/net/message -Isrc/scripting/sgsl -Ithird_party/nlohmann-json/include -Ibuild/emscripten/client/release/opus/prefix/include -Ibuild/emscripten/client/release/opus/prefix/include/opus -Ithird_party/quickjs-ng src/app/GlobalContainer.cpp
/home/bradley/.local/share/glob2/development/toolchains/emscripten/Linux-x86_64-88a621bc131cd4954413aa39/upstream/emscripten/em++ -o build/emscripten/client/release/obj/src/ui/settings/SettingsScreen.cpp.o -c -std=gnu++20 -fwasm-exceptions -g2 -O2 --use-port=zlib -DHAVE_CONFIG_H -DGLOB2_OFFICIAL_INSTANCE_ORIGIN=\"https://app.glob2online.com\" -DGLOB2_OFFICIAL_INSTANCE_FORMER_ORIGINS=\"https://glob2online.com\" -Ibuild/emscripten/client/release/include -Ibuild/emscripten/client/release/sdl3/prefix/include -Ilibgag/include -I. -Ilibusl/src -Isrc -Isrc/ai -Isrc/hud -Isrc/app -Isrc/game/player -Isrc/team -Isrc/common -Isrc/map -Isrc/game -Isrc/campaign -Isrc/campaign/screens -Isrc/replay -Isrc/game/screens -Isrc/render/clouds -Isrc/ui/screens -Isrc/game/rules -Isrc/game/diagnostics -Isrc/map/editor/screens -Isrc/engine -Isrc/ui -Isrc/map/preview -Isrc/app/cli -Isrc/net/lan/screens -Isrc/online -Isrc/map/tools -Isrc/scripting/map -Isrc/render/overlay -Isrc/audio -Isrc/online/screens -Isrc/game/orders -Isrc/resource -Isrc/ui/settings -Isrc/team/stats -Isrc/render/torus -Isrc/ai/simple -Isrc/ai/castor -Isrc/ai/javascript -Isrc/ai/nicowar -Isrc/ai/numbi -Isrc/ai/telemetry -Isrc/ai/warrush -Isrc/ai/maxima -Isrc/building -Isrc/building/types -Isrc/unit/types -Isrc/building/hud -Isrc/net -Isrc/hud/draw -Isrc/hud/input -Isrc/hud/touch -Isrc/net/turn -Isrc/unit -Isrc/map/editor -Isrc/map/generator -Isrc/map/generator/compatibility -Isrc/map/generator/core -Isrc/map/generator/generators -Isrc/map/generator/shared -Isrc/map/generator/shared/legacy -Isrc/map/gradient -Isrc/map/io -Isrc/net/lan -Isrc/net/message -Isrc/scripting/sgsl -Ithird_party/nlohmann-json/include -Ibuild/emscripten/client/release/opus/prefix/include -Ibuild/emscripten/client/release/opus/prefix/include/opus -Ithird_party/quickjs-ng src/ui/settings/SettingsScreen.cpp
/home/bradley/.local/share/glob2/development/toolchains/emscripten/Linux-x86_64-88a621bc131cd4954413aa39/upstream/emscripten/em++ -o build/emscripten/client/release/obj/src/ui/settings/SettingsScreenGeneral.cpp.o -c -std=gnu++20 -fwasm-exceptions -g2 -O2 --use-port=zlib -DHAVE_CONFIG_H -DGLOB2_OFFICIAL_INSTANCE_ORIGIN=\"https://app.glob2online.com\" -DGLOB2_OFFICIAL_INSTANCE_FORMER_ORIGINS=\"https://glob2online.com\" -Ibuild/emscripten/client/release/include -Ibuild/emscripten/client/release/sdl3/prefix/include -Ilibgag/include -I. -Ilibusl/src -Isrc -Isrc/ai -Isrc/hud -Isrc/app -Isrc/game/player -Isrc/team -Isrc/common -Isrc/map -Isrc/game -Isrc/campaign -Isrc/campaign/screens -Isrc/replay -Isrc/game/screens -Isrc/render/clouds -Isrc/ui/screens -Isrc/game/rules -Isrc/game/diagnostics -Isrc/map/editor/screens -Isrc/engine -Isrc/ui -Isrc/map/preview -Isrc/app/cli -Isrc/net/lan/screens -Isrc/online -Isrc/map/tools -Isrc/scripting/map -Isrc/render/overlay -Isrc/audio -Isrc/online/screens -Isrc/game/orders -Isrc/resource -Isrc/ui/settings -Isrc/team/stats -Isrc/render/torus -Isrc/ai/simple -Isrc/ai/castor -Isrc/ai/javascript -Isrc/ai/nicowar -Isrc/ai/numbi -Isrc/ai/telemetry -Isrc/ai/warrush -Isrc/ai/maxima -Isrc/building -Isrc/building/types -Isrc/unit/types -Isrc/building/hud -Isrc/net -Isrc/hud/draw -Isrc/hud/input -Isrc/hud/touch -Isrc/net/turn -Isrc/unit -Isrc/map/editor -Isrc/map/generator -Isrc/map/generator/compatibility -Isrc/map/generator/core -Isrc/map/generator/generators -Isrc/map/generator/shared -Isrc/map/generator/shared/legacy -Isrc/map/gradient -Isrc/map/io -Isrc/net/lan -Isrc/net/message -Isrc/scripting/sgsl -Ithird_party/nlohmann-json/include -Ibuild/emscripten/client/release/opus/prefix/include -Ibuild/emscripten/client/release/opus/prefix/include/opus -Ithird_party/quickjs-ng src/ui/settings/SettingsScreenGeneral.cpp
In file included from src/hud/GameGUIDialog.cpp:4:
In file included from src/hud/GameGUIDialog.h:4:
In file included from src/ui/FrontendUI.h:3:
In file included from libgag/include/ui/Screen.h:3:
In file included from libgag/include/ui/Host.h:4:
In file included from libgag/include/ui/Element.h:3:
In file included from libgag/include/ui/Canvas.h:3:
In file included from libgag/include/ui/TextLayout.h:3:
In file included from libgag/include/ui/Theme.h:6:
In file included from libgag/include/GraphicContext.h:6:
libgag/include/SDLGraphicContext.h:545:16: warning: 'setRes' overrides a member function but is not marked 'override' [-Winconsistent-missing-override]
  545 |                 virtual void setRes(int w, int h) { setRes(w, h, optionFlags); }
      |                              ^
libgag/include/SDLGraphicContext.h:244:16: note: overridden virtual function is here
  244 |                 virtual void setRes(int w, int h);
      |                              ^
libgag/include/SDLGraphicContext.h:621:16: warning: 'setClipRect' overrides a member function but is not marked 'override' [-Winconsistent-missing-override]
  621 |                 virtual void setClipRect(int x, int y, int w, int h);
      |                              ^
libgag/include/SDLGraphicContext.h:246:16: note: overridden virtual function is here
  246 |                 virtual void setClipRect(int x, int y, int w, int h);
      |                              ^
libgag/include/SDLGraphicContext.h:622:16: warning: 'setClipRect' overrides a member function but is not marked 'override' [-Winconsistent-missing-override]
  622 |                 virtual void setClipRect(void);
      |                              ^
libgag/include/SDLGraphicContext.h:247:16: note: overridden virtual function is here
  247 |                 virtual void setClipRect(void);
      |                              ^
libgag/include/SDLGraphicContext.h:627:22: warning: 'nextFrame' overrides a member function but is not marked 'override' [-Winconsistent-missing-override]
  627 |         virtual void nextFrame(void);
      |                      ^
libgag/include/SDLGraphicContext.h:248:16: note: overridden virtual function is here
  248 |                 virtual void nextFrame(void) { flushTextPictures(); }
      |                              ^
libgag/include/SDLGraphicContext.h:629:16: warning: 'loadImage' overrides a member function but is not marked 'override' [-Winconsistent-missing-override]
  629 |                 virtual bool loadImage(const std::string name) { return false; }
      |                              ^
libgag/include/SDLGraphicContext.h:249:16: note: overridden virtual function is here
  249 |                 virtual bool loadImage(const std::string name);
      |                              ^
libgag/include/SDLGraphicContext.h:633:16: warning: 'shiftHSV' overrides a member function but is not marked 'override' [-Winconsistent-missing-override]
  633 |                 virtual void shiftHSV(float hue, float sat, float lum) { }
      |                              ^
libgag/include/SDLGraphicContext.h:250:16: note: overridden virtual function is here
  250 |                 virtual void shiftHSV(float hue, float sat, float lum);
      |                              ^
libgag/include/SDLGraphicContext.h:636:16: warning: 'canDrawStretchedSprite' overrides a member function but is not marked 'override' [-Winconsistent-missing-override]
  636 |                 virtual bool canDrawStretchedSprite(void) { return hasPortableRenderer() || (optionFlags & USEGPU) != 0; }
      |                              ^
libgag/include/SDLGraphicContext.h:268:16: note: overridden virtual function is here
  268 |                 virtual bool canDrawStretchedSprite(void) { return false; }
      |                              ^
libgag/include/SDLGraphicContext.h:638:16: warning: 'drawPixel' overrides a member function but is not marked 'override' [-Winconsistent-missing-override]
  638 |                 virtual void drawPixel(int x, int y, const Color& color);
      |                              ^
libgag/include/SDLGraphicContext.h:271:16: note: overridden virtual function is here
  271 |                 virtual void drawPixel(int x, int y, const Color& color);
      |                              ^
libgag/include/SDLGraphicContext.h:639:16: warning: 'drawPixel' overrides a member function but is not marked 'override' [-Winconsistent-missing-override]
  639 |                 virtual void drawPixel(float x, float y, const Color& color);
      |                              ^
libgag/include/SDLGraphicContext.h:272:16: note: overridden virtual function is here
  272 |                 virtual void drawPixel(float x, float y, const Color& color);
      |                              ^
libgag/include/SDLGraphicContext.h:641:16: warning: 'drawRect' overrides a member function but is not marked 'override' [-Winconsistent-missing-override]
  641 |                 virtual void drawRect(int x, int y, int w, int h, const Color& color);
      |                              ^
libgag/include/SDLGraphicContext.h:274:16: note: overridden virtual function is here
  274 |                 virtual void drawRect(int x, int y, int w, int h, const Color& color);
      |                              ^
libgag/include/SDLGraphicContext.h:642:16: warning: 'drawRect' overrides a member function but is not marked 'override' [-Winconsistent-missing-override]
  642 |                 virtual void drawRect(float x, float y, float w, float h, const Color& color);
      |                              ^
libgag/include/SDLGraphicContext.h:275:16: note: overridden virtual function is here
  275 |                 virtual void drawRect(float x, float y, float w, float h, const Color& color);
      |                              ^
libgag/include/SDLGraphicContext.h:644:16: warning: 'drawFilledRect' overrides a member function but is not marked 'override' [-Winconsistent-missing-override]
  644 |                 virtual void drawFilledRect(int x, int y, int w, int h, const Color& color);
      |                              ^
libgag/include/SDLGraphicContext.h:277:16: note: overridden virtual function is here
  277 |                 virtual void drawFilledRect(int x, int y, int w, int h, const Color& color);
      |                              ^
libgag/include/SDLGraphicContext.h:645:16: warning: 'drawFilledRect' overrides a member function but is not marked 'override' [-Winconsistent-missing-override]
  645 |                 virtual void drawFilledRect(float x, float y, float w, float h, const Color& color);
      |                              ^
libgag/include/SDLGraphicContext.h:278:16: note: overridden virtual function is here
  278 |                 virtual void drawFilledRect(float x, float y, float w, float h, const Color& color);
      |                              ^
libgag/include/SDLGraphicContext.h:647:16: warning: 'drawLine' overrides a member function but is not marked 'override' [-Winconsistent-missing-override]
  647 |                 virtual void drawLine(int x1, int y1, int x2, int y2, const Color& color);
      |                              ^
libgag/include/SDLGraphicContext.h:280:16: note: overridden virtual function is here
  280 |                 virtual void drawLine(int x1, int y1, int x2, int y2, const Color& color);
      |                              ^
libgag/include/SDLGraphicContext.h:648:16: warning: 'drawLine' overrides a member function but is not marked 'override' [-Winconsistent-missing-override]
  648 |                 virtual void drawLine(float x1, float y1, float x2, float y2, const Color& color);
      |                              ^
libgag/include/SDLGraphicContext.h:281:16: note: overridden virtual function is here
  281 |                 virtual void drawLine(float x1, float y1, float x2, float y2, const Color& color);
      |                              ^
libgag/include/SDLGraphicContext.h:650:16: warning: 'drawCircle' overrides a member function but is not marked 'override' [-Winconsistent-missing-override]
  650 |                 virtual void drawCircle(int x, int y, int radius, const Color& color);
      |                              ^
libgag/include/SDLGraphicContext.h:283:16: note: overridden virtual function is here
  283 |                 virtual void drawCircle(int x, int y, int radius, const Color& color);
      |                              ^
libgag/include/SDLGraphicContext.h:651:16: warning: 'drawCircle' overrides a member function but is not marked 'override' [-Winconsistent-missing-override]
  651 |                 virtual void drawCircle(float x, float y, float radius, const Color& color);
      |                              ^
libgag/include/SDLGraphicContext.h:284:16: note: overridden virtual function is here
  284 |                 virtual void drawCircle(float x, float y, float radius, const Color& color);
      |                              ^
libgag/include/SDLGraphicContext.h:653:16: warning: 'drawSurface' overrides a member function but is not marked 'override' [-Winconsistent-missing-override]
  653 |                 virtual void drawSurface(int x, int y, DrawableSurface *surface, Uint8 alpha = Color::ALPHA_OPAQUE);
      |                              ^
libgag/include/SDLGraphicContext.h:286:16: note: overridden virtual function is here
  286 |                 virtual void drawSurface(int x, int y, DrawableSurface *surface, Uint8 alpha = Color::ALPHA_OPAQUE);
      |                              ^
libgag/include/SDLGraphicContext.h:654:16: warning: 'drawSurface' overrides a member function but is not marked 'override' [-Winconsistent-missing-override]
  654 |                 virtual void drawSurface(float x, float y, DrawableSurface *surface, Uint8 alpha = Color::ALPHA_OPAQUE);
      |                              ^
libgag/include/SDLGraphicContext.h:287:16: note: overridden virtual function is here
  287 |                 virtual void drawSurface(float x, float y, DrawableSurface *surface, Uint8 alpha = Color::ALPHA_OPAQUE);
      |                              ^
libgag/include/SDLGraphicContext.h:656:16: warning: 'drawSurface' overrides a member function but is not marked 'override' [-Winconsistent-missing-override]
  656 |                 virtual void drawSurface(int x, int y, int w, int h, DrawableSurface *surface, Uint8 alpha = Color::ALPHA_OPAQUE);
      |                              ^
libgag/include/SDLGraphicContext.h:289:16: note: overridden virtual function is here
  289 |                 virtual void drawSurface(int x, int y, int w, int h, DrawableSurface *surface, Uint8 alpha = Color::ALPHA_OPAQUE);
      |                              ^
libgag/include/SDLGraphicContext.h:657:16: warning: 'drawSurface' overrides a member function but is not marked 'override' [-Winconsistent-missing-override]
  657 |                 virtual void drawSurface(float x, float y, float w, float h, DrawableSurface *surface, Uint8 alpha = Color::ALPHA_OPAQUE);
      |                              ^
libgag/include/SDLGraphicContext.h:290:16: note: overridden virtual function is here
  290 |                 virtual void drawSurface(float x, float y, float w, float h, DrawableSurface *surface, Uint8 alpha = Color::ALPHA_OPAQUE);
      |                              ^
libgag/include/SDLGraphicContext.h:659:16: warning: 'drawSurface' overrides a member function but is not marked 'override' [-Winconsistent-missing-override]
  659 |                 virtual void drawSurface(int x, int y, DrawableSurface *surface, int sx, int sy, int sw, int sh, Uint8 alpha = Color::ALPHA_OPAQUE);
      |                              ^
libgag/include/SDLGraphicContext.h:292:16: note: overridden virtual function is here
  292 |                 virtual void drawSurface(int x, int y, DrawableSurface *surface, int sx, int sy, int sw, int sh, Uint8 alpha = Color::ALPHA_OPAQUE);
      |                              ^
libgag/include/SDLGraphicContext.h:660:16: warning: 'drawSurface' overrides a member function but is not marked 'override' [-Winconsistent-missing-override]
  660 |                 virtual void drawSurface(float x, float y, DrawableSurface *surface, int sx, int sy, int sw, int sh, Uint8 alpha = Color::ALPHA_OPAQUE);
      |                              ^
libgag/include/SDLGraphicContext.h:293:16: note: overridden virtual function is here
  293 |                 virtual void drawSurface(float x, float y, DrawableSurface *surface, int sx, int sy, int sw, int sh, Uint8 alpha = Color::ALPHA_OPAQUE);
      |                              ^
libgag/include/SDLGraphicContext.h:662:16: warning: 'drawSurface' overrides a member function but is not marked 'override' [-Winconsistent-missing-override]
  662 |                 virtual void drawSurface(int x, int y, int w, int h, DrawableSurface *surface, int sx, int sy, int sw, int sh,  Uint8 alpha = Color::ALPHA_OPAQUE);
      |                              ^
libgag/include/SDLGraphicContext.h:295:16: note: overridden virtual function is here
  295 |                 virtual void drawSurface(int x, int y, int w, int h, DrawableSurface *surface, int sx, int sy, int sw, int sh,  Uint8 alpha = Color::ALPHA_OPAQUE);
      |                              ^
libgag/include/SDLGraphicContext.h:663:16: warning: 'drawSurface' overrides a member function but is not marked 'override' [-Winconsistent-missing-override]
  663 |                 virtual void drawSurface(float x, float y, float w, float h, DrawableSurface *surface, int sx, int sy, int sw, int sh, Uint8 alpha = Color::ALPHA_OPAQUE);
      |                              ^
libgag/include/SDLGraphicContext.h:296:16: note: overridden virtual function is here
  296 |                 virtual void drawSurface(float x, float y, float w, float h, DrawableSurface *surface, int sx, int sy, int sw, int sh, Uint8 alpha = Color::ALPHA_OPAQUE);
      |                              ^
libgag/include/SDLGraphicContext.h:692:16: warning: 'drawAlphaMap' overrides a member function but is not marked 'override' [-Winconsistent-missing-override]
  692 |                 virtual void drawAlphaMap(const std::valarray<float> &map, int mapW, int mapH, int x, int y, int cellW, int cellH, const Color &color);
      |                              ^
libgag/include/SDLGraphicContext.h:309:16: note: overridden virtual function is here
  309 |                 virtual void drawAlphaMap(const std::valarray<float> &map, int mapW, int mapH, int x, int y, int cellW, int cellH, const Color &color);
      |                              ^
libgag/include/SDLGraphicContext.h:693:16: warning: 'drawAlphaMap' overrides a member function but is not marked 'override' [-Winconsistent-missing-override]
  693 |                 virtual void drawAlphaMap(const std::valarray<unsigned char> &map, int mapW, int mapH, int x, int y, int cellW, int cellH, const Color &color);
      |                              ^
libgag/include/SDLGraphicContext.h:310:16: note: overridden virtual function is here
  310 |                 virtual void drawAlphaMap(const std::valarray<unsigned char> &map, int mapW, int mapH, int x, int y, int cellW, int cellH, const Color &color);
      |                              ^
libgag/include/SDLGraphicContext.h:696:16: warning: 'drawPixel' overrides a member function but is not marked 'override' [-Winconsistent-missing-override]
  696 |                 virtual void drawPixel(int x, int y, Uint8 r, Uint8 g, Uint8 b, Uint8 a = Color::ALPHA_OPAQUE);
      |                              ^
libgag/include/SDLGraphicContext.h:313:16: note: overridden virtual function is here
  313 |                 virtual void drawPixel(int x, int y, Uint8 r, Uint8 g, Uint8 b, Uint8 a = Color::ALPHA_OPAQUE);
      |                              ^
libgag/include/SDLGraphicContext.h:697:16: warning: 'drawRect' overrides a member function but is not marked 'override' [-Winconsistent-missing-override]
  697 |                 virtual void drawRect(int x, int y, int w, int h, Uint8 r, Uint8 g, Uint8 b, Uint8 a = Color::ALPHA_OPAQUE);
      |                              ^
libgag/include/SDLGraphicContext.h:314:16: note: overridden virtual function is here
  314 |                 virtual void drawRect(int x, int y, int w, int h, Uint8 r, Uint8 g, Uint8 b, Uint8 a = Color::ALPHA_OPAQUE);
      |                              ^
libgag/include/SDLGraphicContext.h:698:16: warning: 'drawFilledRect' overrides a member function but is not marked 'override' [-Winconsistent-missing-override]
  698 |                 virtual void drawFilledRect(int x, int y, int w, int h, Uint8 r, Uint8 g, Uint8 b, Uint8 a = Color::ALPHA_OPAQUE);
      |                              ^
libgag/include/SDLGraphicContext.h:315:16: note: overridden virtual function is here
  315 |                 virtual void drawFilledRect(int x, int y, int w, int h, Uint8 r, Uint8 g, Uint8 b, Uint8 a = Color::ALPHA_OPAQUE);
      |                              ^
libgag/include/SDLGraphicContext.h:699:16: warning: 'drawVertLine' overrides a member function but is not marked 'override' [-Winconsistent-missing-override]
  699 |                 virtual void drawVertLine(int x, int y, int l, Uint8 r, Uint8 g, Uint8 b, Uint8 a = Color::ALPHA_OPAQUE);
      |                              ^
libgag/include/SDLGraphicContext.h:316:16: note: overridden virtual function is here
  316 |                 virtual void drawVertLine(int x, int y, int l, Uint8 r, Uint8 g, Uint8 b, Uint8 a = Color::ALPHA_OPAQUE);
      |                              ^
libgag/include/SDLGraphicContext.h:700:16: warning: 'drawVertLine' overrides a member function but is not marked 'override' [-Winconsistent-missing-override]
  700 |                 virtual void drawVertLine(int x, int y, int l, const Color& color);
      |                              ^
libgag/include/SDLGraphicContext.h:317:16: note: overridden virtual function is here
  317 |                 virtual void drawVertLine(int x, int y, int l, const Color& color);
      |                              ^
libgag/include/SDLGraphicContext.h:701:16: warning: 'drawHorzLine' overrides a member function but is not marked 'override' [-Winconsistent-missing-override]
  701 |                 virtual void drawHorzLine(int x, int y, int l, Uint8 r, Uint8 g, Uint8 b, Uint8 a = Color::ALPHA_OPAQUE);
      |                              ^
libgag/include/SDLGraphicContext.h:318:16: note: overridden virtual function is here
  318 |                 virtual void drawHorzLine(int x, int y, int l, Uint8 r, Uint8 g, Uint8 b, Uint8 a = Color::ALPHA_OPAQUE);
      |                              ^
libgag/include/SDLGraphicContext.h:702:16: warning: 'drawHorzLine' overrides a member function but is not marked 'override' [-Winconsistent-missing-override]
  702 |                 virtual void drawHorzLine(int x, int y, int l, const Color& color);
      |                              ^
libgag/include/SDLGraphicContext.h:319:16: note: overridden virtual function is here
  319 |                 virtual void drawHorzLine(int x, int y, int l, const Color& color);
      |                              ^
libgag/include/SDLGraphicContext.h:703:16: warning: 'drawLine' overrides a member function but is not marked 'override' [-Winconsistent-missing-override]
  703 |                 virtual void drawLine(int x1, int y1, int x2, int y2, Uint8 r, Uint8 g, Uint8 b, Uint8 a = Color::ALPHA_OPAQUE);
      |                              ^
libgag/include/SDLGraphicContext.h:320:16: note: overridden virtual function is here
  320 |                 virtual void drawLine(int x1, int y1, int x2, int y2, Uint8 r, Uint8 g, Uint8 b, Uint8 a = Color::ALPHA_OPAQUE);
      |                              ^
libgag/include/SDLGraphicContext.h:704:16: warning: 'drawCircle' overrides a member function but is not marked 'override' [-Winconsistent-missing-override]
  704 |                 virtual void drawCircle(int x, int y, int radius, Uint8 r, Uint8 g, Uint8 b, Uint8 a = Color::ALPHA_OPAQUE);
      |                              ^
libgag/include/SDLGraphicContext.h:321:16: note: overridden virtual function is here
  321 |                 virtual void drawCircle(int x, int y, int radius, Uint8 r, Uint8 g, Uint8 b, Uint8 a = Color::ALPHA_OPAQUE);
      |                              ^
In file included from src/hud/draw/GameGUIDraw.cpp:1:
In file included from src/hive/HiveDialog.h:3:
In file included from src/ui/FrontendUI.h:3:
In file included from libgag/include/ui/Screen.h:3:
In file included from libgag/include/ui/Host.h:4:
In file included from libgag/include/ui/Element.h:3:
In file included from libgag/include/ui/Canvas.h:3:
In file included from libgag/include/ui/TextLayout.h:3:
In file included from libgag/include/ui/Theme.h:6:
In file included from libgag/include/GraphicContext.h:6:
libgag/include/SDLGraphicContext.h:545:16: warning: 'setRes' overrides a member function but is not marked 'override' [-Winconsistent-missing-override]
  545 |                 virtual void setRes(int w, int h) { setRes(w, h, optionFlags); }
      |                              ^
libgag/include/SDLGraphicContext.h:244:16: note: overridden virtual function is here
  244 |                 virtual void setRes(int w, int h);
      |                              ^
libgag/include/SDLGraphicContext.h:621:16: warning: 'setClipRect' overrides a member function but is not marked 'override' [-Winconsistent-missing-override]
  621 |                 virtual void setClipRect(int x, int y, int w, int h);
      |                              ^
libgag/include/SDLGraphicContext.h:246:16: note: overridden virtual function is here
  246 |                 virtual void setClipRect(int x, int y, int w, int h);
      |                              ^
libgag/include/SDLGraphicContext.h:622:16: warning: 'setClipRect' overrides a member function but is not marked 'override' [-Winconsistent-missing-override]
  622 |                 virtual void setClipRect(void);
      |                              ^
libgag/include/SDLGraphicContext.h:247:16: note: overridden virtual function is here
  247 |                 virtual void setClipRect(void);
      |                              ^
libgag/include/SDLGraphicContext.h:627:22: warning: 'nextFrame' overrides a member function but is not marked 'override' [-Winconsistent-missing-override]
  627 |         virtual void nextFrame(void);
      |                      ^
libgag/include/SDLGraphicContext.h:248:16: note: overridden virtual function is here
  248 |                 virtual void nextFrame(void) { flushTextPictures(); }
      |                              ^
libgag/include/SDLGraphicContext.h:629:16: warning: 'loadImage' overrides a member function but is not marked 'override' [-Winconsistent-missing-override]
  629 |                 virtual bool loadImage(const std::string name) { return false; }
      |                              ^
libgag/include/SDLGraphicContext.h:249:16: note: overridden virtual function is here
  249 |                 virtual bool loadImage(const std::string name);
      |                              ^
libgag/include/SDLGraphicContext.h:633:16: warning: 'shiftHSV' overrides a member function but is not marked 'override' [-Winconsistent-missing-override]
  633 |                 virtual void shiftHSV(float hue, float sat, float lum) { }
      |                              ^
libgag/include/SDLGraphicContext.h:250:16: note: overridden virtual function is here
  250 |                 virtual void shiftHSV(float hue, float sat, float lum);
      |                              ^
libgag/include/SDLGraphicContext.h:636:16: warning: 'canDrawStretchedSprite' overrides a member function but is not marked 'override' [-Winconsistent-missing-override]
  636 |                 virtual bool canDrawStretchedSprite(void) { return hasPortableRenderer() || (optionFlags & USEGPU) != 0; }
      |                              ^
libgag/include/SDLGraphicContext.h:268:16: note: overridden virtual function is here
  268 |                 virtual bool canDrawStretchedSprite(void) { return false; }
      |                              ^
libgag/include/SDLGraphicContext.h:638:16: warning: 'drawPixel' overrides a member function but is not marked 'override' [-Winconsistent-missing-override]
  638 |                 virtual void drawPixel(int x, int y, const Color& color);
      |                              ^
libgag/include/SDLGraphicContext.h:271:16: note: overridden virtual function is here
  271 |                 virtual void drawPixel(int x, int y, const Color& color);
      |                              ^
libgag/include/SDLGraphicContext.h:639:16: warning: 'drawPixel' overrides a member function but is not marked 'override' [-Winconsistent-missing-override]
  639 |                 virtual void drawPixel(float x, float y, const Color& color);
      |                              ^
libgag/include/SDLGraphicContext.h:272:16: note: overridden virtual function is here
  272 |                 virtual void drawPixel(float x, float y, const Color& color);
      |                              ^
libgag/include/SDLGraphicContext.h:641:16: warning: 'drawRect' overrides a member function but is not marked 'override' [-Winconsistent-missing-override]
  641 |                 virtual void drawRect(int x, int y, int w, int h, const Color& color);
      |                              ^
libgag/include/SDLGraphicContext.h:274:16: note: overridden virtual function is here
  274 |                 virtual void drawRect(int x, int y, int w, int h, const Color& color);
      |                              ^
libgag/include/SDLGraphicContext.h:642:16: warning: 'drawRect' overrides a member function but is not marked 'override' [-Winconsistent-missing-override]
  642 |                 virtual void drawRect(float x, float y, float w, float h, const Color& color);
      |                              ^
libgag/include/SDLGraphicContext.h:275:16: note: overridden virtual function is here
  275 |                 virtual void drawRect(float x, float y, float w, float h, const Color& color);
      |                              ^
libgag/include/SDLGraphicContext.h:644:16: warning: 'drawFilledRect' overrides a member function but is not marked 'override' [-Winconsistent-missing-override]
  644 |                 virtual void drawFilledRect(int x, int y, int w, int h, const Color& color);
      |                              ^
libgag/include/SDLGraphicContext.h:277:16: note: overridden virtual function is here
  277 |                 virtual void drawFilledRect(int x, int y, int w, int h, const Color& color);
      |                              ^
libgag/include/SDLGraphicContext.h:645:16: warning: 'drawFilledRect' overrides a member function but is not marked 'override' [-Winconsistent-missing-override]
  645 |                 virtual void drawFilledRect(float x, float y, float w, float h, const Color& color);
      |                              ^
libgag/include/SDLGraphicContext.h:278:16: note: overridden virtual function is here
  278 |                 virtual void drawFilledRect(float x, float y, float w, float h, const Color& color);
      |                              ^
libgag/include/SDLGraphicContext.h:647:16: warning: 'drawLine' overrides a member function but is not marked 'override' [-Winconsistent-missing-override]
  647 |                 virtual void drawLine(int x1, int y1, int x2, int y2, const Color& color);
      |                              ^
libgag/include/SDLGraphicContext.h:280:16: note: overridden virtual function is here
  280 |                 virtual void drawLine(int x1, int y1, int x2, int y2, const Color& color);
      |                              ^
libgag/include/SDLGraphicContext.h:648:16: warning: 'drawLine' overrides a member function but is not marked 'override' [-Winconsistent-missing-override]
  648 |                 virtual void drawLine(float x1, float y1, float x2, float y2, const Color& color);
      |                              ^
libgag/include/SDLGraphicContext.h:281:16: note: overridden virtual function is here
  281 |                 virtual void drawLine(float x1, float y1, float x2, float y2, const Color& color);
      |                              ^
libgag/include/SDLGraphicContext.h:650:16: warning: 'drawCircle' overrides a member function but is not marked 'override' [-Winconsistent-missing-override]
  650 |                 virtual void drawCircle(int x, int y, int radius, const Color& color);
      |                              ^
libgag/include/SDLGraphicContext.h:283:16: note: overridden virtual function is here
  283 |                 virtual void drawCircle(int x, int y, int radius, const Color& color);
      |                              ^
libgag/include/SDLGraphicContext.h:651:16: warning: 'drawCircle' overrides a member function but is not marked 'override' [-Winconsistent-missing-override]
  651 |                 virtual void drawCircle(float x, float y, float radius, const Color& color);
      |                              ^
libgag/include/SDLGraphicContext.h:284:16: note: overridden virtual function is here
  284 |                 virtual void drawCircle(float x, float y, float radius, const Color& color);
      |                              ^
libgag/include/SDLGraphicContext.h:653:16: warning: 'drawSurface' overrides a member function but is not marked 'override' [-Winconsistent-missing-override]
  653 |                 virtual void drawSurface(int x, int y, DrawableSurface *surface, Uint8 alpha = Color::ALPHA_OPAQUE);
      |                              ^
libgag/include/SDLGraphicContext.h:286:16: note: overridden virtual function is here
  286 |                 virtual void drawSurface(int x, int y, DrawableSurface *surface, Uint8 alpha = Color::ALPHA_OPAQUE);
      |                              ^
libgag/include/SDLGraphicContext.h:654:16: warning: 'drawSurface' overrides a member function but is not marked 'override' [-Winconsistent-missing-override]
  654 |                 virtual void drawSurface(float x, float y, DrawableSurface *surface, Uint8 alpha = Color::ALPHA_OPAQUE);
      |                              ^
libgag/include/SDLGraphicContext.h:287:16: note: overridden virtual function is here
  287 |                 virtual void drawSurface(float x, float y, DrawableSurface *surface, Uint8 alpha = Color::ALPHA_OPAQUE);
      |                              ^
libgag/include/SDLGraphicContext.h:656:16: warning: 'drawSurface' overrides a member function but is not marked 'override' [-Winconsistent-missing-override]
  656 |                 virtual void drawSurface(int x, int y, int w, int h, DrawableSurface *surface, Uint8 alpha = Color::ALPHA_OPAQUE);
      |                              ^
libgag/include/SDLGraphicContext.h:289:16: note: overridden virtual function is here
  289 |                 virtual void drawSurface(int x, int y, int w, int h, DrawableSurface *surface, Uint8 alpha = Color::ALPHA_OPAQUE);
      |                              ^
libgag/include/SDLGraphicContext.h:657:16: warning: 'drawSurface' overrides a member function but is not marked 'override' [-Winconsistent-missing-override]
  657 |                 virtual void drawSurface(float x, float y, float w, float h, DrawableSurface *surface, Uint8 alpha = Color::ALPHA_OPAQUE);
      |                              ^
libgag/include/SDLGraphicContext.h:290:16: note: overridden virtual function is here
  290 |                 virtual void drawSurface(float x, float y, float w, float h, DrawableSurface *surface, Uint8 alpha = Color::ALPHA_OPAQUE);
      |                              ^
libgag/include/SDLGraphicContext.h:659:16: warning: 'drawSurface' overrides a member function but is not marked 'override' [-Winconsistent-missing-override]
  659 |                 virtual void drawSurface(int x, int y, DrawableSurface *surface, int sx, int sy, int sw, int sh, Uint8 alpha = Color::ALPHA_OPAQUE);
      |                              ^
libgag/include/SDLGraphicContext.h:292:16: note: overridden virtual function is here
  292 |                 virtual void drawSurface(int x, int y, DrawableSurface *surface, int sx, int sy, int sw, int sh, Uint8 alpha = Color::ALPHA_OPAQUE);
      |                              ^
libgag/include/SDLGraphicContext.h:660:16: warning: 'drawSurface' overrides a member function but is not marked 'override' [-Winconsistent-missing-override]
  660 |                 virtual void drawSurface(float x, float y, DrawableSurface *surface, int sx, int sy, int sw, int sh, Uint8 alpha = Color::ALPHA_OPAQUE);
      |                              ^
libgag/include/SDLGraphicContext.h:293:16: note: overridden virtual function is here
  293 |                 virtual void drawSurface(float x, float y, DrawableSurface *surface, int sx, int sy, int sw, int sh, Uint8 alpha = Color::ALPHA_OPAQUE);
      |                              ^
libgag/include/SDLGraphicContext.h:662:16: warning: 'drawSurface' overrides a member function but is not marked 'override' [-Winconsistent-missing-override]
  662 |                 virtual void drawSurface(int x, int y, int w, int h, DrawableSurface *surface, int sx, int sy, int sw, int sh,  Uint8 alpha = Color::ALPHA_OPAQUE);
      |                              ^
libgag/include/SDLGraphicContext.h:295:16: note: overridden virtual function is here
  295 |                 virtual void drawSurface(int x, int y, int w, int h, DrawableSurface *surface, int sx, int sy, int sw, int sh,  Uint8 alpha = Color::ALPHA_OPAQUE);
      |                              ^
libgag/include/SDLGraphicContext.h:663:16: warning: 'drawSurface' overrides a member function but is not marked 'override' [-Winconsistent-missing-override]
  663 |                 virtual void drawSurface(float x, float y, float w, float h, DrawableSurface *surface, int sx, int sy, int sw, int sh, Uint8 alpha = Color::ALPHA_OPAQUE);
      |                              ^
libgag/include/SDLGraphicContext.h:296:16: note: overridden virtual function is here
  296 |                 virtual void drawSurface(float x, float y, float w, float h, DrawableSurface *surface, int sx, int sy, int sw, int sh, Uint8 alpha = Color::ALPHA_OPAQUE);
      |                              ^
libgag/include/SDLGraphicContext.h:692:16: warning: 'drawAlphaMap' overrides a member function but is not marked 'override' [-Winconsistent-missing-override]
  692 |                 virtual void drawAlphaMap(const std::valarray<float> &map, int mapW, int mapH, int x, int y, int cellW, int cellH, const Color &color);
      |                              ^
libgag/include/SDLGraphicContext.h:309:16: note: overridden virtual function is here
  309 |                 virtual void drawAlphaMap(const std::valarray<float> &map, int mapW, int mapH, int x, int y, int cellW, int cellH, const Color &color);
      |                              ^
libgag/include/SDLGraphicContext.h:693:16: warning: 'drawAlphaMap' overrides a member function but is not marked 'override' [-Winconsistent-missing-override]
  693 |                 virtual void drawAlphaMap(const std::valarray<unsigned char> &map, int mapW, int mapH, int x, int y, int cellW, int cellH, const Color &color);
      |                              ^
libgag/include/SDLGraphicContext.h:310:16: note: overridden virtual function is here
  310 |                 virtual void drawAlphaMap(const std::valarray<unsigned char> &map, int mapW, int mapH, int x, int y, int cellW, int cellH, const Color &color);
      |                              ^
libgag/include/SDLGraphicContext.h:696:16: warning: 'drawPixel' overrides a member function but is not marked 'override' [-Winconsistent-missing-override]
  696 |                 virtual void drawPixel(int x, int y, Uint8 r, Uint8 g, Uint8 b, Uint8 a = Color::ALPHA_OPAQUE);
      |                              ^
libgag/include/SDLGraphicContext.h:313:16: note: overridden virtual function is here
  313 |                 virtual void drawPixel(int x, int y, Uint8 r, Uint8 g, Uint8 b, Uint8 a = Color::ALPHA_OPAQUE);
      |                              ^
libgag/include/SDLGraphicContext.h:697:16: warning: 'drawRect' overrides a member function but is not marked 'override' [-Winconsistent-missing-override]
  697 |                 virtual void drawRect(int x, int y, int w, int h, Uint8 r, Uint8 g, Uint8 b, Uint8 a = Color::ALPHA_OPAQUE);
      |                              ^
libgag/include/SDLGraphicContext.h:314:16: note: overridden virtual function is here
  314 |                 virtual void drawRect(int x, int y, int w, int h, Uint8 r, Uint8 g, Uint8 b, Uint8 a = Color::ALPHA_OPAQUE);
      |                              ^
libgag/include/SDLGraphicContext.h:698:16: warning: 'drawFilledRect' overrides a member function but is not marked 'override' [-Winconsistent-missing-override]
  698 |                 virtual void drawFilledRect(int x, int y, int w, int h, Uint8 r, Uint8 g, Uint8 b, Uint8 a = Color::ALPHA_OPAQUE);
      |                              ^
libgag/include/SDLGraphicContext.h:315:16: note: overridden virtual function is here
  315 |                 virtual void drawFilledRect(int x, int y, int w, int h, Uint8 r, Uint8 g, Uint8 b, Uint8 a = Color::ALPHA_OPAQUE);
      |                              ^
libgag/include/SDLGraphicContext.h:699:16: warning: 'drawVertLine' overrides a member function but is not marked 'override' [-Winconsistent-missing-override]
  699 |                 virtual void drawVertLine(int x, int y, int l, Uint8 r, Uint8 g, Uint8 b, Uint8 a = Color::ALPHA_OPAQUE);
      |                              ^
libgag/include/SDLGraphicContext.h:316:16: note: overridden virtual function is here
  316 |                 virtual void drawVertLine(int x, int y, int l, Uint8 r, Uint8 g, Uint8 b, Uint8 a = Color::ALPHA_OPAQUE);
      |                              ^
libgag/include/SDLGraphicContext.h:700:16: warning: 'drawVertLine' overrides a member function but is not marked 'override' [-Winconsistent-missing-override]
  700 |                 virtual void drawVertLine(int x, int y, int l, const Color& color);
      |                              ^
libgag/include/SDLGraphicContext.h:317:16: note: overridden virtual function is here
  317 |                 virtual void drawVertLine(int x, int y, int l, const Color& color);
      |                              ^
libgag/include/SDLGraphicContext.h:701:16: warning: 'drawHorzLine' overrides a member function but is not marked 'override' [-Winconsistent-missing-override]
  701 |                 virtual void drawHorzLine(int x, int y, int l, Uint8 r, Uint8 g, Uint8 b, Uint8 a = Color::ALPHA_OPAQUE);
      |                              ^
libgag/include/SDLGraphicContext.h:318:16: note: overridden virtual function is here
  318 |                 virtual void drawHorzLine(int x, int y, int l, Uint8 r, Uint8 g, Uint8 b, Uint8 a = Color::ALPHA_OPAQUE);
      |                              ^
libgag/include/SDLGraphicContext.h:702:16: warning: 'drawHorzLine' overrides a member function but is not marked 'override' [-Winconsistent-missing-override]
  702 |                 virtual void drawHorzLine(int x, int y, int l, const Color& color);
      |                              ^
libgag/include/SDLGraphicContext.h:319:16: note: overridden virtual function is here
  319 |                 virtual void drawHorzLine(int x, int y, int l, const Color& color);
      |                              ^
libgag/include/SDLGraphicContext.h:703:16: warning: 'drawLine' overrides a member function but is not marked 'override' [-Winconsistent-missing-override]
  703 |                 virtual void drawLine(int x1, int y1, int x2, int y2, Uint8 r, Uint8 g, Uint8 b, Uint8 a = Color::ALPHA_OPAQUE);
      |                              ^
libgag/include/SDLGraphicContext.h:320:16: note: overridden virtual function is here
  320 |                 virtual void drawLine(int x1, int y1, int x2, int y2, Uint8 r, Uint8 g, Uint8 b, Uint8 a = Color::ALPHA_OPAQUE);
      |                              ^
libgag/include/SDLGraphicContext.h:704:16: warning: 'drawCircle' overrides a member function but is not marked 'override' [-Winconsistent-missing-override]
  704 |                 virtual void drawCircle(int x, int y, int radius, Uint8 r, Uint8 g, Uint8 b, Uint8 a = Color::ALPHA_OPAQUE);
      |                              ^
libgag/include/SDLGraphicContext.h:321:16: note: overridden virtual function is here
  321 |                 virtual void drawCircle(int x, int y, int radius, Uint8 r, Uint8 g, Uint8 b, Uint8 a = Color::ALPHA_OPAQUE);
      |                              ^
In file included from src/engine/Engine.cpp:8:
In file included from src/game/screens/EndGameScreen.h:7:
In file included from src/hud/GameGUI.h:20:
In file included from src/game/Game.h:12:
In file included from src/map/Map.h:21:
In file included from src/team/Team.h:16:
In file included from src/game/GameEvent.h:9:
In file included from libgag/include/GraphicContext.h:6:
libgag/include/SDLGraphicContext.h:545:16: warning: 'setRes' overrides a member function but is not marked 'override' [-Winconsistent-missing-override]
  545 |                 virtual void setRes(int w, int h) { setRes(w, h, optionFlags); }
      |                              ^
libgag/include/SDLGraphicContext.h:244:16: note: overridden virtual function is here
  244 |                 virtual void setRes(int w, int h);
      |                              ^
libgag/include/SDLGraphicContext.h:621:16: warning: 'setClipRect' overrides a member function but is not marked 'override' [-Winconsistent-missing-override]
  621 |                 virtual void setClipRect(int x, int y, int w, int h);
      |                              ^
libgag/include/SDLGraphicContext.h:246:16: note: overridden virtual function is here
  246 |                 virtual void setClipRect(int x, int y, int w, int h);
      |                              ^
libgag/include/SDLGraphicContext.h:622:16: warning: 'setClipRect' overrides a member function but is not marked 'override' [-Winconsistent-missing-override]
  622 |                 virtual void setClipRect(void);
      |                              ^
libgag/include/SDLGraphicContext.h:247:16: note: overridden virtual function is here
  247 |                 virtual void setClipRect(void);
      |                              ^
libgag/include/SDLGraphicContext.h:627:22: warning: 'nextFrame' overrides a member function but is not marked 'override' [-Winconsistent-missing-override]
  627 |         virtual void nextFrame(void);
      |                      ^
libgag/include/SDLGraphicContext.h:248:16: note: overridden virtual function is here
  248 |                 virtual void nextFrame(void) { flushTextPictures(); }
      |                              ^
libgag/include/SDLGraphicContext.h:629:16: warning: 'loadImage' overrides a member function but is not marked 'override' [-Winconsistent-missing-override]
  629 |                 virtual bool loadImage(const std::string name) { return false; }
      |                              ^
libgag/include/SDLGraphicContext.h:249:16: note: overridden virtual function is here
  249 |                 virtual bool loadImage(const std::string name);
      |                              ^
libgag/include/SDLGraphicContext.h:633:16: warning: 'shiftHSV' overrides a member function but is not marked 'override' [-Winconsistent-missing-override]
  633 |                 virtual void shiftHSV(float hue, float sat, float lum) { }
      |                              ^
libgag/include/SDLGraphicContext.h:250:16: note: overridden virtual function is here
  250 |                 virtual void shiftHSV(float hue, float sat, float lum);
      |                              ^
libgag/include/SDLGraphicContext.h:636:16: warning: 'canDrawStretchedSprite' overrides a member function but is not marked 'override' [-Winconsistent-missing-override]
  636 |                 virtual bool canDrawStretchedSprite(void) { return hasPortableRenderer() || (optionFlags & USEGPU) != 0; }
      |                              ^
libgag/include/SDLGraphicContext.h:268:16: note: overridden virtual function is here
  268 |                 virtual bool canDrawStretchedSprite(void) { return false; }
      |                              ^
libgag/include/SDLGraphicContext.h:638:16: warning: 'drawPixel' overrides a member function but is not marked 'override' [-Winconsistent-missing-override]
  638 |                 virtual void drawPixel(int x, int y, const Color& color);
      |                              ^
libgag/include/SDLGraphicContext.h:271:16: note: overridden virtual function is here
  271 |                 virtual void drawPixel(int x, int y, const Color& color);
      |                              ^
libgag/include/SDLGraphicContext.h:639:16: warning: 'drawPixel' overrides a member function but is not marked 'override' [-Winconsistent-missing-override]
  639 |                 virtual void drawPixel(float x, float y, const Color& color);
      |                              ^
libgag/include/SDLGraphicContext.h:272:16: note: overridden virtual function is here
  272 |                 virtual void drawPixel(float x, float y, const Color& color);
      |                              ^
libgag/include/SDLGraphicContext.h:641:16: warning: 'drawRect' overrides a member function but is not marked 'override' [-Winconsistent-missing-override]
  641 |                 virtual void drawRect(int x, int y, int w, int h, const Color& color);
      |                              ^
libgag/include/SDLGraphicContext.h:274:16: note: overridden virtual function is here
  274 |                 virtual void drawRect(int x, int y, int w, int h, const Color& color);
      |                              ^
libgag/include/SDLGraphicContext.h:642:16: warning: 'drawRect' overrides a member function but is not marked 'override' [-Winconsistent-missing-override]
  642 |                 virtual void drawRect(float x, float y, float w, float h, const Color& color);
      |                              ^
libgag/include/SDLGraphicContext.h:275:16: note: overridden virtual function is here
  275 |                 virtual void drawRect(float x, float y, float w, float h, const Color& color);
      |                              ^
libgag/include/SDLGraphicContext.h:644:16: warning: 'drawFilledRect' overrides a member function but is not marked 'override' [-Winconsistent-missing-override]
  644 |                 virtual void drawFilledRect(int x, int y, int w, int h, const Color& color);
      |                              ^
libgag/include/SDLGraphicContext.h:277:16: note: overridden virtual function is here
  277 |                 virtual void drawFilledRect(int x, int y, int w, int h, const Color& color);
      |                              ^
libgag/include/SDLGraphicContext.h:645:16: warning: 'drawFilledRect' overrides a member function but is not marked 'override' [-Winconsistent-missing-override]
  645 |                 virtual void drawFilledRect(float x, float y, float w, float h, const Color& color);
      |                              ^
libgag/include/SDLGraphicContext.h:278:16: note: overridden virtual function is here
  278 |                 virtual void drawFilledRect(float x, float y, float w, float h, const Color& color);
      |                              ^
libgag/include/SDLGraphicContext.h:647:16: warning: 'drawLine' overrides a member function but is not marked 'override' [-Winconsistent-missing-override]
  647 |                 virtual void drawLine(int x1, int y1, int x2, int y2, const Color& color);
      |                              ^
libgag/include/SDLGraphicContext.h:280:16: note: overridden virtual function is here
  280 |                 virtual void drawLine(int x1, int y1, int x2, int y2, const Color& color);
      |                              ^
libgag/include/SDLGraphicContext.h:648:16: warning: 'drawLine' overrides a member function but is not marked 'override' [-Winconsistent-missing-override]
  648 |                 virtual void drawLine(float x1, float y1, float x2, float y2, const Color& color);
      |                              ^
libgag/include/SDLGraphicContext.h:281:16: note: overridden virtual function is here
  281 |                 virtual void drawLine(float x1, float y1, float x2, float y2, const Color& color);
      |                              ^
libgag/include/SDLGraphicContext.h:650:16: warning: 'drawCircle' overrides a member function but is not marked 'override' [-Winconsistent-missing-override]
  650 |                 virtual void drawCircle(int x, int y, int radius, const Color& color);
      |                              ^
libgag/include/SDLGraphicContext.h:283:16: note: overridden virtual function is here
  283 |                 virtual void drawCircle(int x, int y, int radius, const Color& color);
      |                              ^
libgag/include/SDLGraphicContext.h:651:16: warning: 'drawCircle' overrides a member function but is not marked 'override' [-Winconsistent-missing-override]
  651 |                 virtual void drawCircle(float x, float y, float radius, const Color& color);
      |                              ^
libgag/include/SDLGraphicContext.h:284:16: note: overridden virtual function is here
  284 |                 virtual void drawCircle(float x, float y, float radius, const Color& color);
      |                              ^
libgag/include/SDLGraphicContext.h:653:16: warning: 'drawSurface' overrides a member function but is not marked 'override' [-Winconsistent-missing-override]
  653 |                 virtual void drawSurface(int x, int y, DrawableSurface *surface, Uint8 alpha = Color::ALPHA_OPAQUE);
      |                              ^
libgag/include/SDLGraphicContext.h:286:16: note: overridden virtual function is here
  286 |                 virtual void drawSurface(int x, int y, DrawableSurface *surface, Uint8 alpha = Color::ALPHA_OPAQUE);
      |                              ^
libgag/include/SDLGraphicContext.h:654:16: warning: 'drawSurface' overrides a member function but is not marked 'override' [-Winconsistent-missing-override]
  654 |                 virtual void drawSurface(float x, float y, DrawableSurface *surface, Uint8 alpha = Color::ALPHA_OPAQUE);
      |                              ^
libgag/include/SDLGraphicContext.h:287:16: note: overridden virtual function is here
  287 |                 virtual void drawSurface(float x, float y, DrawableSurface *surface, Uint8 alpha = Color::ALPHA_OPAQUE);
      |                              ^
libgag/include/SDLGraphicContext.h:656:16: warning: 'drawSurface' overrides a member function but is not marked 'override' [-Winconsistent-missing-override]
  656 |                 virtual void drawSurface(int x, int y, int w, int h, DrawableSurface *surface, Uint8 alpha = Color::ALPHA_OPAQUE);
      |                              ^
libgag/include/SDLGraphicContext.h:289:16: note: overridden virtual function is here
  289 |                 virtual void drawSurface(int x, int y, int w, int h, DrawableSurface *surface, Uint8 alpha = Color::ALPHA_OPAQUE);
      |                              ^
libgag/include/SDLGraphicContext.h:657:16: warning: 'drawSurface' overrides a member function but is not marked 'override' [-Winconsistent-missing-override]
  657 |                 virtual void drawSurface(float x, float y, float w, float h, DrawableSurface *surface, Uint8 alpha = Color::ALPHA_OPAQUE);
      |                              ^
libgag/include/SDLGraphicContext.h:290:16: note: overridden virtual function is here
  290 |                 virtual void drawSurface(float x, float y, float w, float h, DrawableSurface *surface, Uint8 alpha = Color::ALPHA_OPAQUE);
      |                              ^
libgag/include/SDLGraphicContext.h:659:16: warning: 'drawSurface' overrides a member function but is not marked 'override' [-Winconsistent-missing-override]
  659 |                 virtual void drawSurface(int x, int y, DrawableSurface *surface, int sx, int sy, int sw, int sh, Uint8 alpha = Color::ALPHA_OPAQUE);
      |                              ^
libgag/include/SDLGraphicContext.h:292:16: note: overridden virtual function is here
  292 |                 virtual void drawSurface(int x, int y, DrawableSurface *surface, int sx, int sy, int sw, int sh, Uint8 alpha = Color::ALPHA_OPAQUE);
      |                              ^
libgag/include/SDLGraphicContext.h:660:16: warning: 'drawSurface' overrides a member function but is not marked 'override' [-Winconsistent-missing-override]
  660 |                 virtual void drawSurface(float x, float y, DrawableSurface *surface, int sx, int sy, int sw, int sh, Uint8 alpha = Color::ALPHA_OPAQUE);
      |                              ^
libgag/include/SDLGraphicContext.h:293:16: note: overridden virtual function is here
  293 |                 virtual void drawSurface(float x, float y, DrawableSurface *surface, int sx, int sy, int sw, int sh, Uint8 alpha = Color::ALPHA_OPAQUE);
      |                              ^
libgag/include/SDLGraphicContext.h:662:16: warning: 'drawSurface' overrides a member function but is not marked 'override' [-Winconsistent-missing-override]
  662 |                 virtual void drawSurface(int x, int y, int w, int h, DrawableSurface *surface, int sx, int sy, int sw, int sh,  Uint8 alpha = Color::ALPHA_OPAQUE);
      |                              ^
libgag/include/SDLGraphicContext.h:295:16: note: overridden virtual function is here
  295 |                 virtual void drawSurface(int x, int y, int w, int h, DrawableSurface *surface, int sx, int sy, int sw, int sh,  Uint8 alpha = Color::ALPHA_OPAQUE);
      |                              ^
libgag/include/SDLGraphicContext.h:663:16: warning: 'drawSurface' overrides a member function but is not marked 'override' [-Winconsistent-missing-override]
  663 |                 virtual void drawSurface(float x, float y, float w, float h, DrawableSurface *surface, int sx, int sy, int sw, int sh, Uint8 alpha = Color::ALPHA_OPAQUE);
      |                              ^
libgag/include/SDLGraphicContext.h:296:16: note: overridden virtual function is here
  296 |                 virtual void drawSurface(float x, float y, float w, float h, DrawableSurface *surface, int sx, int sy, int sw, int sh, Uint8 alpha = Color::ALPHA_OPAQUE);
      |                              ^
libgag/include/SDLGraphicContext.h:692:16: warning: 'drawAlphaMap' overrides a member function but is not marked 'override' [-Winconsistent-missing-override]
  692 |                 virtual void drawAlphaMap(const std::valarray<float> &map, int mapW, int mapH, int x, int y, int cellW, int cellH, const Color &color);
      |                              ^
libgag/include/SDLGraphicContext.h:309:16: note: overridden virtual function is here
  309 |                 virtual void drawAlphaMap(const std::valarray<float> &map, int mapW, int mapH, int x, int y, int cellW, int cellH, const Color &color);
      |                              ^
libgag/include/SDLGraphicContext.h:693:16: warning: 'drawAlphaMap' overrides a member function but is not marked 'override' [-Winconsistent-missing-override]
  693 |                 virtual void drawAlphaMap(const std::valarray<unsigned char> &map, int mapW, int mapH, int x, int y, int cellW, int cellH, const Color &color);
      |                              ^
libgag/include/SDLGraphicContext.h:310:16: note: overridden virtual function is here
  310 |                 virtual void drawAlphaMap(const std::valarray<unsigned char> &map, int mapW, int mapH, int x, int y, int cellW, int cellH, const Color &color);
      |                              ^
libgag/include/SDLGraphicContext.h:696:16: warning: 'drawPixel' overrides a member function but is not marked 'override' [-Winconsistent-missing-override]
  696 |                 virtual void drawPixel(int x, int y, Uint8 r, Uint8 g, Uint8 b, Uint8 a = Color::ALPHA_OPAQUE);
      |                              ^
libgag/include/SDLGraphicContext.h:313:16: note: overridden virtual function is here
  313 |                 virtual void drawPixel(int x, int y, Uint8 r, Uint8 g, Uint8 b, Uint8 a = Color::ALPHA_OPAQUE);
      |                              ^
libgag/include/SDLGraphicContext.h:697:16: warning: 'drawRect' overrides a member function but is not marked 'override' [-Winconsistent-missing-override]
  697 |                 virtual void drawRect(int x, int y, int w, int h, Uint8 r, Uint8 g, Uint8 b, Uint8 a = Color::ALPHA_OPAQUE);
      |                              ^
libgag/include/SDLGraphicContext.h:314:16: note: overridden virtual function is here
  314 |                 virtual void drawRect(int x, int y, int w, int h, Uint8 r, Uint8 g, Uint8 b, Uint8 a = Color::ALPHA_OPAQUE);
      |                              ^
libgag/include/SDLGraphicContext.h:698:16: warning: 'drawFilledRect' overrides a member function but is not marked 'override' [-Winconsistent-missing-override]
  698 |                 virtual void drawFilledRect(int x, int y, int w, int h, Uint8 r, Uint8 g, Uint8 b, Uint8 a = Color::ALPHA_OPAQUE);
      |                              ^
libgag/include/SDLGraphicContext.h:315:16: note: overridden virtual function is here
  315 |                 virtual void drawFilledRect(int x, int y, int w, int h, Uint8 r, Uint8 g, Uint8 b, Uint8 a = Color::ALPHA_OPAQUE);
      |                              ^
libgag/include/SDLGraphicContext.h:699:16: warning: 'drawVertLine' overrides a member function but is not marked 'override' [-Winconsistent-missing-override]
  699 |                 virtual void drawVertLine(int x, int y, int l, Uint8 r, Uint8 g, Uint8 b, Uint8 a = Color::ALPHA_OPAQUE);
      |                              ^
libgag/include/SDLGraphicContext.h:316:16: note: overridden virtual function is here
  316 |                 virtual void drawVertLine(int x, int y, int l, Uint8 r, Uint8 g, Uint8 b, Uint8 a = Color::ALPHA_OPAQUE);
      |                              ^
libgag/include/SDLGraphicContext.h:700:16: warning: 'drawVertLine' overrides a member function but is not marked 'override' [-Winconsistent-missing-override]
  700 |                 virtual void drawVertLine(int x, int y, int l, const Color& color);
      |                              ^
libgag/include/SDLGraphicContext.h:317:16: note: overridden virtual function is here
  317 |                 virtual void drawVertLine(int x, int y, int l, const Color& color);
      |                              ^
libgag/include/SDLGraphicContext.h:701:16: warning: 'drawHorzLine' overrides a member function but is not marked 'override' [-Winconsistent-missing-override]
  701 |                 virtual void drawHorzLine(int x, int y, int l, Uint8 r, Uint8 g, Uint8 b, Uint8 a = Color::ALPHA_OPAQUE);
      |                              ^
libgag/include/SDLGraphicContext.h:318:16: note: overridden virtual function is here
  318 |                 virtual void drawHorzLine(int x, int y, int l, Uint8 r, Uint8 g, Uint8 b, Uint8 a = Color::ALPHA_OPAQUE);
      |                              ^
libgag/include/SDLGraphicContext.h:702:16: warning: 'drawHorzLine' overrides a member function but is not marked 'override' [-Winconsistent-missing-override]
  702 |                 virtual void drawHorzLine(int x, int y, int l, const Color& color);
      |                              ^
libgag/include/SDLGraphicContext.h:319:16: note: overridden virtual function is here
  319 |                 virtual void drawHorzLine(int x, int y, int l, const Color& color);
      |                              ^
libgag/include/SDLGraphicContext.h:703:16: warning: 'drawLine' overrides a member function but is not marked 'override' [-Winconsistent-missing-override]
  703 |                 virtual void drawLine(int x1, int y1, int x2, int y2, Uint8 r, Uint8 g, Uint8 b, Uint8 a = Color::ALPHA_OPAQUE);
      |                              ^
libgag/include/SDLGraphicContext.h:320:16: note: overridden virtual function is here
  320 |                 virtual void drawLine(int x1, int y1, int x2, int y2, Uint8 r, Uint8 g, Uint8 b, Uint8 a = Color::ALPHA_OPAQUE);
      |                              ^
libgag/include/SDLGraphicContext.h:704:16: warning: 'drawCircle' overrides a member function but is not marked 'override' [-Winconsistent-missing-override]
  704 |                 virtual void drawCircle(int x, int y, int radius, Uint8 r, Uint8 g, Uint8 b, Uint8 a = Color::ALPHA_OPAQUE);
      |                              ^
libgag/include/SDLGraphicContext.h:321:16: note: overridden virtual function is here
  321 |                 virtual void drawCircle(int x, int y, int radius, Uint8 r, Uint8 g, Uint8 b, Uint8 a = Color::ALPHA_OPAQUE);
      |                              ^
In file included from src/hud/GameGUIOrders.cpp:16:
In file included from src/game/Game.h:12:
In file included from src/map/Map.h:21:
In file included from src/team/Team.h:16:
In file included from src/game/GameEvent.h:9:
In file included from libgag/include/GraphicContext.h:6:
libgag/include/SDLGraphicContext.h:545:16: warning: 'setRes' overrides a member function but is not marked 'override' [-Winconsistent-missing-override]
  545 |                 virtual void setRes(int w, int h) { setRes(w, h, optionFlags); }
      |                              ^
libgag/include/SDLGraphicContext.h:244:16: note: overridden virtual function is here
  244 |                 virtual void setRes(int w, int h);
      |                              ^
libgag/include/SDLGraphicContext.h:621:16: warning: 'setClipRect' overrides a member function but is not marked 'override' [-Winconsistent-missing-override]
  621 |                 virtual void setClipRect(int x, int y, int w, int h);
      |                              ^
libgag/include/SDLGraphicContext.h:246:16: note: overridden virtual function is here
  246 |                 virtual void setClipRect(int x, int y, int w, int h);
      |                              ^
libgag/include/SDLGraphicContext.h:622:16: warning: 'setClipRect' overrides a member function but is not marked 'override' [-Winconsistent-missing-override]
  622 |                 virtual void setClipRect(void);
      |                              ^
libgag/include/SDLGraphicContext.h:247:16: note: overridden virtual function is here
  247 |                 virtual void setClipRect(void);
      |                              ^
libgag/include/SDLGraphicContext.h:627:22: warning: 'nextFrame' overrides a member function but is not marked 'override' [-Winconsistent-missing-override]
  627 |         virtual void nextFrame(void);
      |                      ^
libgag/include/SDLGraphicContext.h:248:16: note: overridden virtual function is here
  248 |                 virtual void nextFrame(void) { flushTextPictures(); }
      |                              ^
libgag/include/SDLGraphicContext.h:629:16: warning: 'loadImage' overrides a member function but is not marked 'override' [-Winconsistent-missing-override]
  629 |                 virtual bool loadImage(const std::string name) { return false; }
      |                              ^
libgag/include/SDLGraphicContext.h:249:16: note: overridden virtual function is here
  249 |                 virtual bool loadImage(const std::string name);
      |                              ^
libgag/include/SDLGraphicContext.h:633:16: warning: 'shiftHSV' overrides a member function but is not marked 'override' [-Winconsistent-missing-override]
  633 |                 virtual void shiftHSV(float hue, float sat, float lum) { }
      |                              ^
libgag/include/SDLGraphicContext.h:250:16: note: overridden virtual function is here
  250 |                 virtual void shiftHSV(float hue, float sat, float lum);
      |                              ^
libgag/include/SDLGraphicContext.h:636:16: warning: 'canDrawStretchedSprite' overrides a member function but is not marked 'override' [-Winconsistent-missing-override]
  636 |                 virtual bool canDrawStretchedSprite(void) { return hasPortableRenderer() || (optionFlags & USEGPU) != 0; }
      |                              ^
libgag/include/SDLGraphicContext.h:268:16: note: overridden virtual function is here
  268 |                 virtual bool canDrawStretchedSprite(void) { return false; }
      |                              ^
libgag/include/SDLGraphicContext.h:638:16: warning: 'drawPixel' overrides a member function but is not marked 'override' [-Winconsistent-missing-override]
  638 |                 virtual void drawPixel(int x, int y, const Color& color);
      |                              ^
libgag/include/SDLGraphicContext.h:271:16: note: overridden virtual function is here
  271 |                 virtual void drawPixel(int x, int y, const Color& color);
      |                              ^
libgag/include/SDLGraphicContext.h:639:16: warning: 'drawPixel' overrides a member function but is not marked 'override' [-Winconsistent-missing-override]
  639 |                 virtual void drawPixel(float x, float y, const Color& color);
      |                              ^
libgag/include/SDLGraphicContext.h:272:16: note: overridden virtual function is here
  272 |                 virtual void drawPixel(float x, float y, const Color& color);
      |                              ^
libgag/include/SDLGraphicContext.h:641:16: warning: 'drawRect' overrides a member function but is not marked 'override' [-Winconsistent-missing-override]
  641 |                 virtual void drawRect(int x, int y, int w, int h, const Color& color);
      |                              ^
libgag/include/SDLGraphicContext.h:274:16: note: overridden virtual function is here
  274 |                 virtual void drawRect(int x, int y, int w, int h, const Color& color);
      |                              ^
libgag/include/SDLGraphicContext.h:642:16: warning: 'drawRect' overrides a member function but is not marked 'override' [-Winconsistent-missing-override]
  642 |                 virtual void drawRect(float x, float y, float w, float h, const Color& color);
      |                              ^
libgag/include/SDLGraphicContext.h:275:16: note: overridden virtual function is here
  275 |                 virtual void drawRect(float x, float y, float w, float h, const Color& color);
      |                              ^
libgag/include/SDLGraphicContext.h:644:16: warning: 'drawFilledRect' overrides a member function but is not marked 'override' [-Winconsistent-missing-override]
  644 |                 virtual void drawFilledRect(int x, int y, int w, int h, const Color& color);
      |                              ^
libgag/include/SDLGraphicContext.h:277:16: note: overridden virtual function is here
  277 |                 virtual void drawFilledRect(int x, int y, int w, int h, const Color& color);
      |                              ^
libgag/include/SDLGraphicContext.h:645:16: warning: 'drawFilledRect' overrides a member function but is not marked 'override' [-Winconsistent-missing-override]
  645 |                 virtual void drawFilledRect(float x, float y, float w, float h, const Color& color);
      |                              ^
libgag/include/SDLGraphicContext.h:278:16: note: overridden virtual function is here
  278 |                 virtual void drawFilledRect(float x, float y, float w, float h, const Color& color);
      |                              ^
libgag/include/SDLGraphicContext.h:647:16: warning: 'drawLine' overrides a member function but is not marked 'override' [-Winconsistent-missing-override]
  647 |                 virtual void drawLine(int x1, int y1, int x2, int y2, const Color& color);
      |                              ^
libgag/include/SDLGraphicContext.h:280:16: note: overridden virtual function is here
  280 |                 virtual void drawLine(int x1, int y1, int x2, int y2, const Color& color);
      |                              ^
libgag/include/SDLGraphicContext.h:648:16: warning: 'drawLine' overrides a member function but is not marked 'override' [-Winconsistent-missing-override]
  648 |                 virtual void drawLine(float x1, float y1, float x2, float y2, const Color& color);
      |                              ^
libgag/include/SDLGraphicContext.h:281:16: note: overridden virtual function is here
  281 |                 virtual void drawLine(float x1, float y1, float x2, float y2, const Color& color);
      |                              ^
libgag/include/SDLGraphicContext.h:650:16: warning: 'drawCircle' overrides a member function but is not marked 'override' [-Winconsistent-missing-override]
  650 |                 virtual void drawCircle(int x, int y, int radius, const Color& color);
      |                              ^
libgag/include/SDLGraphicContext.h:283:16: note: overridden virtual function is here
  283 |                 virtual void drawCircle(int x, int y, int radius, const Color& color);
      |                              ^
libgag/include/SDLGraphicContext.h:651:16: warning: 'drawCircle' overrides a member function but is not marked 'override' [-Winconsistent-missing-override]
  651 |                 virtual void drawCircle(float x, float y, float radius, const Color& color);
      |                              ^
libgag/include/SDLGraphicContext.h:284:16: note: overridden virtual function is here
  284 |                 virtual void drawCircle(float x, float y, float radius, const Color& color);
      |                              ^
libgag/include/SDLGraphicContext.h:653:16: warning: 'drawSurface' overrides a member function but is not marked 'override' [-Winconsistent-missing-override]
  653 |                 virtual void drawSurface(int x, int y, DrawableSurface *surface, Uint8 alpha = Color::ALPHA_OPAQUE);
      |                              ^
libgag/include/SDLGraphicContext.h:286:16: note: overridden virtual function is here
  286 |                 virtual void drawSurface(int x, int y, DrawableSurface *surface, Uint8 alpha = Color::ALPHA_OPAQUE);
      |                              ^
libgag/include/SDLGraphicContext.h:654:16: warning: 'drawSurface' overrides a member function but is not marked 'override' [-Winconsistent-missing-override]
  654 |                 virtual void drawSurface(float x, float y, DrawableSurface *surface, Uint8 alpha = Color::ALPHA_OPAQUE);
      |                              ^
libgag/include/SDLGraphicContext.h:287:16: note: overridden virtual function is here
  287 |                 virtual void drawSurface(float x, float y, DrawableSurface *surface, Uint8 alpha = Color::ALPHA_OPAQUE);
      |                              ^
libgag/include/SDLGraphicContext.h:656:16: warning: 'drawSurface' overrides a member function but is not marked 'override' [-Winconsistent-missing-override]
  656 |                 virtual void drawSurface(int x, int y, int w, int h, DrawableSurface *surface, Uint8 alpha = Color::ALPHA_OPAQUE);
      |                              ^
libgag/include/SDLGraphicContext.h:289:16: note: overridden virtual function is here
  289 |                 virtual void drawSurface(int x, int y, int w, int h, DrawableSurface *surface, Uint8 alpha = Color::ALPHA_OPAQUE);
      |                              ^
libgag/include/SDLGraphicContext.h:657:16: warning: 'drawSurface' overrides a member function but is not marked 'override' [-Winconsistent-missing-override]
  657 |                 virtual void drawSurface(float x, float y, float w, float h, DrawableSurface *surface, Uint8 alpha = Color::ALPHA_OPAQUE);
      |                              ^
libgag/include/SDLGraphicContext.h:290:16: note: overridden virtual function is here
  290 |                 virtual void drawSurface(float x, float y, float w, float h, DrawableSurface *surface, Uint8 alpha = Color::ALPHA_OPAQUE);
      |                              ^
libgag/include/SDLGraphicContext.h:659:16: warning: 'drawSurface' overrides a member function but is not marked 'override' [-Winconsistent-missing-override]
  659 |                 virtual void drawSurface(int x, int y, DrawableSurface *surface, int sx, int sy, int sw, int sh, Uint8 alpha = Color::ALPHA_OPAQUE);
      |                              ^
libgag/include/SDLGraphicContext.h:292:16: note: overridden virtual function is here
  292 |                 virtual void drawSurface(int x, int y, DrawableSurface *surface, int sx, int sy, int sw, int sh, Uint8 alpha = Color::ALPHA_OPAQUE);
      |                              ^
libgag/include/SDLGraphicContext.h:660:16: warning: 'drawSurface' overrides a member function but is not marked 'override' [-Winconsistent-missing-override]
  660 |                 virtual void drawSurface(float x, float y, DrawableSurface *surface, int sx, int sy, int sw, int sh, Uint8 alpha = Color::ALPHA_OPAQUE);
      |                              ^
libgag/include/SDLGraphicContext.h:293:16: note: overridden virtual function is here
  293 |                 virtual void drawSurface(float x, float y, DrawableSurface *surface, int sx, int sy, int sw, int sh, Uint8 alpha = Color::ALPHA_OPAQUE);
      |                              ^
libgag/include/SDLGraphicContext.h:662:16: warning: 'drawSurface' overrides a member function but is not marked 'override' [-Winconsistent-missing-override]
  662 |                 virtual void drawSurface(int x, int y, int w, int h, DrawableSurface *surface, int sx, int sy, int sw, int sh,  Uint8 alpha = Color::ALPHA_OPAQUE);
      |                              ^
libgag/include/SDLGraphicContext.h:295:16: note: overridden virtual function is here
  295 |                 virtual void drawSurface(int x, int y, int w, int h, DrawableSurface *surface, int sx, int sy, int sw, int sh,  Uint8 alpha = Color::ALPHA_OPAQUE);
      |                              ^
libgag/include/SDLGraphicContext.h:663:16: warning: 'drawSurface' overrides a member function but is not marked 'override' [-Winconsistent-missing-override]
  663 |                 virtual void drawSurface(float x, float y, float w, float h, DrawableSurface *surface, int sx, int sy, int sw, int sh, Uint8 alpha = Color::ALPHA_OPAQUE);
      |                              ^
libgag/include/SDLGraphicContext.h:296:16: note: overridden virtual function is here
  296 |                 virtual void drawSurface(float x, float y, float w, float h, DrawableSurface *surface, int sx, int sy, int sw, int sh, Uint8 alpha = Color::ALPHA_OPAQUE);
      |                              ^
libgag/include/SDLGraphicContext.h:692:16: warning: 'drawAlphaMap' overrides a member function but is not marked 'override' [-Winconsistent-missing-override]
  692 |                 virtual void drawAlphaMap(const std::valarray<float> &map, int mapW, int mapH, int x, int y, int cellW, int cellH, const Color &color);
      |                              ^
libgag/include/SDLGraphicContext.h:309:16: note: overridden virtual function is here
  309 |                 virtual void drawAlphaMap(const std::valarray<float> &map, int mapW, int mapH, int x, int y, int cellW, int cellH, const Color &color);
      |                              ^
libgag/include/SDLGraphicContext.h:693:16: warning: 'drawAlphaMap' overrides a member function but is not marked 'override' [-Winconsistent-missing-override]
  693 |                 virtual void drawAlphaMap(const std::valarray<unsigned char> &map, int mapW, int mapH, int x, int y, int cellW, int cellH, const Color &color);
      |                              ^
libgag/include/SDLGraphicContext.h:310:16: note: overridden virtual function is here
  310 |                 virtual void drawAlphaMap(const std::valarray<unsigned char> &map, int mapW, int mapH, int x, int y, int cellW, int cellH, const Color &color);
      |                              ^
libgag/include/SDLGraphicContext.h:696:16: warning: 'drawPixel' overrides a member function but is not marked 'override' [-Winconsistent-missing-override]
  696 |                 virtual void drawPixel(int x, int y, Uint8 r, Uint8 g, Uint8 b, Uint8 a = Color::ALPHA_OPAQUE);
      |                              ^
libgag/include/SDLGraphicContext.h:313:16: note: overridden virtual function is here
  313 |                 virtual void drawPixel(int x, int y, Uint8 r, Uint8 g, Uint8 b, Uint8 a = Color::ALPHA_OPAQUE);
      |                              ^
libgag/include/SDLGraphicContext.h:697:16: warning: 'drawRect' overrides a member function but is not marked 'override' [-Winconsistent-missing-override]
  697 |                 virtual void drawRect(int x, int y, int w, int h, Uint8 r, Uint8 g, Uint8 b, Uint8 a = Color::ALPHA_OPAQUE);
      |                              ^
libgag/include/SDLGraphicContext.h:314:16: note: overridden virtual function is here
  314 |                 virtual void drawRect(int x, int y, int w, int h, Uint8 r, Uint8 g, Uint8 b, Uint8 a = Color::ALPHA_OPAQUE);
      |                              ^
libgag/include/SDLGraphicContext.h:698:16: warning: 'drawFilledRect' overrides a member function but is not marked 'override' [-Winconsistent-missing-override]
  698 |                 virtual void drawFilledRect(int x, int y, int w, int h, Uint8 r, Uint8 g, Uint8 b, Uint8 a = Color::ALPHA_OPAQUE);
      |                              ^
libgag/include/SDLGraphicContext.h:315:16: note: overridden virtual function is here
  315 |                 virtual void drawFilledRect(int x, int y, int w, int h, Uint8 r, Uint8 g, Uint8 b, Uint8 a = Color::ALPHA_OPAQUE);
      |                              ^
libgag/include/SDLGraphicContext.h:699:16: warning: 'drawVertLine' overrides a member function but is not marked 'override' [-Winconsistent-missing-override]
  699 |                 virtual void drawVertLine(int x, int y, int l, Uint8 r, Uint8 g, Uint8 b, Uint8 a = Color::ALPHA_OPAQUE);
      |                              ^
libgag/include/SDLGraphicContext.h:316:16: note: overridden virtual function is here
  316 |                 virtual void drawVertLine(int x, int y, int l, Uint8 r, Uint8 g, Uint8 b, Uint8 a = Color::ALPHA_OPAQUE);
      |                              ^
libgag/include/SDLGraphicContext.h:700:16: warning: 'drawVertLine' overrides a member function but is not marked 'override' [-Winconsistent-missing-override]
  700 |                 virtual void drawVertLine(int x, int y, int l, const Color& color);
      |                              ^
libgag/include/SDLGraphicContext.h:317:16: note: overridden virtual function is here
  317 |                 virtual void drawVertLine(int x, int y, int l, const Color& color);
      |                              ^
libgag/include/SDLGraphicContext.h:701:16: warning: 'drawHorzLine' overrides a member function but is not marked 'override' [-Winconsistent-missing-override]
  701 |                 virtual void drawHorzLine(int x, int y, int l, Uint8 r, Uint8 g, Uint8 b, Uint8 a = Color::ALPHA_OPAQUE);
      |                              ^
libgag/include/SDLGraphicContext.h:318:16: note: overridden virtual function is here
  318 |                 virtual void drawHorzLine(int x, int y, int l, Uint8 r, Uint8 g, Uint8 b, Uint8 a = Color::ALPHA_OPAQUE);
      |                              ^
libgag/include/SDLGraphicContext.h:702:16: warning: 'drawHorzLine' overrides a member function but is not marked 'override' [-Winconsistent-missing-override]
  702 |                 virtual void drawHorzLine(int x, int y, int l, const Color& color);
      |                              ^
libgag/include/SDLGraphicContext.h:319:16: note: overridden virtual function is here
  319 |                 virtual void drawHorzLine(int x, int y, int l, const Color& color);
      |                              ^
libgag/include/SDLGraphicContext.h:703:16: warning: 'drawLine' overrides a member function but is not marked 'override' [-Winconsistent-missing-override]
  703 |                 virtual void drawLine(int x1, int y1, int x2, int y2, Uint8 r, Uint8 g, Uint8 b, Uint8 a = Color::ALPHA_OPAQUE);
      |                              ^
libgag/include/SDLGraphicContext.h:320:16: note: overridden virtual function is here
  320 |                 virtual void drawLine(int x1, int y1, int x2, int y2, Uint8 r, Uint8 g, Uint8 b, Uint8 a = Color::ALPHA_OPAQUE);
      |                              ^
libgag/include/SDLGraphicContext.h:704:16: warning: 'drawCircle' overrides a member function but is not marked 'override' [-Winconsistent-missing-override]
  704 |                 virtual void drawCircle(int x, int y, int radius, Uint8 r, Uint8 g, Uint8 b, Uint8 a = Color::ALPHA_OPAQUE);
      |                              ^
libgag/include/SDLGraphicContext.h:321:16: note: overridden virtual function is here
  321 |                 virtual void drawCircle(int x, int y, int radius, Uint8 r, Uint8 g, Uint8 b, Uint8 a = Color::ALPHA_OPAQUE);
      |                              ^
In file included from src/app/GlobalContainer.cpp:10:
In file included from libgag/include/GAG.h:9:
In file included from libgag/include/GraphicContext.h:6:
libgag/include/SDLGraphicContext.h:545:16: warning: 'setRes' overrides a member function but is not marked 'override' [-Winconsistent-missing-override]
  545 |                 virtual void setRes(int w, int h) { setRes(w, h, optionFlags); }
      |                              ^
libgag/include/SDLGraphicContext.h:244:16: note: overridden virtual function is here
  244 |                 virtual void setRes(int w, int h);
      |                              ^
libgag/include/SDLGraphicContext.h:621:16: warning: 'setClipRect' overrides a member function but is not marked 'override' [-Winconsistent-missing-override]
  621 |                 virtual void setClipRect(int x, int y, int w, int h);
      |                              ^
libgag/include/SDLGraphicContext.h:246:16: note: overridden virtual function is here
  246 |                 virtual void setClipRect(int x, int y, int w, int h);
      |                              ^
libgag/include/SDLGraphicContext.h:622:16: warning: 'setClipRect' overrides a member function but is not marked 'override' [-Winconsistent-missing-override]
  622 |                 virtual void setClipRect(void);
      |                              ^
libgag/include/SDLGraphicContext.h:247:16: note: overridden virtual function is here
  247 |                 virtual void setClipRect(void);
      |                              ^
libgag/include/SDLGraphicContext.h:627:22: warning: 'nextFrame' overrides a member function but is not marked 'override' [-Winconsistent-missing-override]
  627 |         virtual void nextFrame(void);
      |                      ^
libgag/include/SDLGraphicContext.h:248:16: note: overridden virtual function is here
  248 |                 virtual void nextFrame(void) { flushTextPictures(); }
      |                              ^
libgag/include/SDLGraphicContext.h:629:16: warning: 'loadImage' overrides a member function but is not marked 'override' [-Winconsistent-missing-override]
  629 |                 virtual bool loadImage(const std::string name) { return false; }
      |                              ^
libgag/include/SDLGraphicContext.h:249:16: note: overridden virtual function is here
  249 |                 virtual bool loadImage(const std::string name);
      |                              ^
libgag/include/SDLGraphicContext.h:633:16: warning: 'shiftHSV' overrides a member function but is not marked 'override' [-Winconsistent-missing-override]
  633 |                 virtual void shiftHSV(float hue, float sat, float lum) { }
      |                              ^
libgag/include/SDLGraphicContext.h:250:16: note: overridden virtual function is here
  250 |                 virtual void shiftHSV(float hue, float sat, float lum);
      |                              ^
libgag/include/SDLGraphicContext.h:636:16: warning: 'canDrawStretchedSprite' overrides a member function but is not marked 'override' [-Winconsistent-missing-override]
  636 |                 virtual bool canDrawStretchedSprite(void) { return hasPortableRenderer() || (optionFlags & USEGPU) != 0; }
      |                              ^
libgag/include/SDLGraphicContext.h:268:16: note: overridden virtual function is here
  268 |                 virtual bool canDrawStretchedSprite(void) { return false; }
      |                              ^
libgag/include/SDLGraphicContext.h:638:16: warning: 'drawPixel' overrides a member function but is not marked 'override' [-Winconsistent-missing-override]
  638 |                 virtual void drawPixel(int x, int y, const Color& color);
      |                              ^
libgag/include/SDLGraphicContext.h:271:16: note: overridden virtual function is here
  271 |                 virtual void drawPixel(int x, int y, const Color& color);
      |                              ^
libgag/include/SDLGraphicContext.h:639:16: warning: 'drawPixel' overrides a member function but is not marked 'override' [-Winconsistent-missing-override]
  639 |                 virtual void drawPixel(float x, float y, const Color& color);
      |                              ^
libgag/include/SDLGraphicContext.h:272:16: note: overridden virtual function is here
  272 |                 virtual void drawPixel(float x, float y, const Color& color);
      |                              ^
libgag/include/SDLGraphicContext.h:641:16: warning: 'drawRect' overrides a member function but is not marked 'override' [-Winconsistent-missing-override]
  641 |                 virtual void drawRect(int x, int y, int w, int h, const Color& color);
      |                              ^
libgag/include/SDLGraphicContext.h:274:16: note: overridden virtual function is here
  274 |                 virtual void drawRect(int x, int y, int w, int h, const Color& color);
      |                              ^
libgag/include/SDLGraphicContext.h:642:16: warning: 'drawRect' overrides a member function but is not marked 'override' [-Winconsistent-missing-override]
  642 |                 virtual void drawRect(float x, float y, float w, float h, const Color& color);
      |                              ^
libgag/include/SDLGraphicContext.h:275:16: note: overridden virtual function is here
  275 |                 virtual void drawRect(float x, float y, float w, float h, const Color& color);
      |                              ^
libgag/include/SDLGraphicContext.h:644:16: warning: 'drawFilledRect' overrides a member function but is not marked 'override' [-Winconsistent-missing-override]
  644 |                 virtual void drawFilledRect(int x, int y, int w, int h, const Color& color);
      |                              ^
libgag/include/SDLGraphicContext.h:277:16: note: overridden virtual function is here
  277 |                 virtual void drawFilledRect(int x, int y, int w, int h, const Color& color);
      |                              ^
libgag/include/SDLGraphicContext.h:645:16: warning: 'drawFilledRect' overrides a member function but is not marked 'override' [-Winconsistent-missing-override]
  645 |                 virtual void drawFilledRect(float x, float y, float w, float h, const Color& color);
      |                              ^
libgag/include/SDLGraphicContext.h:278:16: note: overridden virtual function is here
  278 |                 virtual void drawFilledRect(float x, float y, float w, float h, const Color& color);
      |                              ^
libgag/include/SDLGraphicContext.h:647:16: warning: 'drawLine' overrides a member function but is not marked 'override' [-Winconsistent-missing-override]
  647 |                 virtual void drawLine(int x1, int y1, int x2, int y2, const Color& color);
      |                              ^
libgag/include/SDLGraphicContext.h:280:16: note: overridden virtual function is here
  280 |                 virtual void drawLine(int x1, int y1, int x2, int y2, const Color& color);
      |                              ^
libgag/include/SDLGraphicContext.h:648:16: warning: 'drawLine' overrides a member function but is not marked 'override' [-Winconsistent-missing-override]
  648 |                 virtual void drawLine(float x1, float y1, float x2, float y2, const Color& color);
      |                              ^
libgag/include/SDLGraphicContext.h:281:16: note: overridden virtual function is here
  281 |                 virtual void drawLine(float x1, float y1, float x2, float y2, const Color& color);
      |                              ^
libgag/include/SDLGraphicContext.h:650:16: warning: 'drawCircle' overrides a member function but is not marked 'override' [-Winconsistent-missing-override]
  650 |                 virtual void drawCircle(int x, int y, int radius, const Color& color);
      |                              ^
libgag/include/SDLGraphicContext.h:283:16: note: overridden virtual function is here
  283 |                 virtual void drawCircle(int x, int y, int radius, const Color& color);
      |                              ^
libgag/include/SDLGraphicContext.h:651:16: warning: 'drawCircle' overrides a member function but is not marked 'override' [-Winconsistent-missing-override]
  651 |                 virtual void drawCircle(float x, float y, float radius, const Color& color);
      |                              ^
libgag/include/SDLGraphicContext.h:284:16: note: overridden virtual function is here
  284 |                 virtual void drawCircle(float x, float y, float radius, const Color& color);
      |                              ^
libgag/include/SDLGraphicContext.h:653:16: warning: 'drawSurface' overrides a member function but is not marked 'override' [-Winconsistent-missing-override]
  653 |                 virtual void drawSurface(int x, int y, DrawableSurface *surface, Uint8 alpha = Color::ALPHA_OPAQUE);
      |                              ^
libgag/include/SDLGraphicContext.h:286:16: note: overridden virtual function is here
  286 |                 virtual void drawSurface(int x, int y, DrawableSurface *surface, Uint8 alpha = Color::ALPHA_OPAQUE);
      |                              ^
libgag/include/SDLGraphicContext.h:654:16: warning: 'drawSurface' overrides a member function but is not marked 'override' [-Winconsistent-missing-override]
  654 |                 virtual void drawSurface(float x, float y, DrawableSurface *surface, Uint8 alpha = Color::ALPHA_OPAQUE);
      |                              ^
libgag/include/SDLGraphicContext.h:287:16: note: overridden virtual function is here
  287 |                 virtual void drawSurface(float x, float y, DrawableSurface *surface, Uint8 alpha = Color::ALPHA_OPAQUE);
      |                              ^
libgag/include/SDLGraphicContext.h:656:16: warning: 'drawSurface' overrides a member function but is not marked 'override' [-Winconsistent-missing-override]
  656 |                 virtual void drawSurface(int x, int y, int w, int h, DrawableSurface *surface, Uint8 alpha = Color::ALPHA_OPAQUE);
      |                              ^
libgag/include/SDLGraphicContext.h:289:16: note: overridden virtual function is here
  289 |                 virtual void drawSurface(int x, int y, int w, int h, DrawableSurface *surface, Uint8 alpha = Color::ALPHA_OPAQUE);
      |                              ^
libgag/include/SDLGraphicContext.h:657:16: warning: 'drawSurface' overrides a member function but is not marked 'override' [-Winconsistent-missing-override]
  657 |                 virtual void drawSurface(float x, float y, float w, float h, DrawableSurface *surface, Uint8 alpha = Color::ALPHA_OPAQUE);
      |                              ^
libgag/include/SDLGraphicContext.h:290:16: note: overridden virtual function is here
  290 |                 virtual void drawSurface(float x, float y, float w, float h, DrawableSurface *surface, Uint8 alpha = Color::ALPHA_OPAQUE);
      |                              ^
libgag/include/SDLGraphicContext.h:659:16: warning: 'drawSurface' overrides a member function but is not marked 'override' [-Winconsistent-missing-override]
  659 |                 virtual void drawSurface(int x, int y, DrawableSurface *surface, int sx, int sy, int sw, int sh, Uint8 alpha = Color::ALPHA_OPAQUE);
      |                              ^
libgag/include/SDLGraphicContext.h:292:16: note: overridden virtual function is here
  292 |                 virtual void drawSurface(int x, int y, DrawableSurface *surface, int sx, int sy, int sw, int sh, Uint8 alpha = Color::ALPHA_OPAQUE);
      |                              ^
libgag/include/SDLGraphicContext.h:660:16: warning: 'drawSurface' overrides a member function but is not marked 'override' [-Winconsistent-missing-override]
  660 |                 virtual void drawSurface(float x, float y, DrawableSurface *surface, int sx, int sy, int sw, int sh, Uint8 alpha = Color::ALPHA_OPAQUE);
      |                              ^
libgag/include/SDLGraphicContext.h:293:16: note: overridden virtual function is here
  293 |                 virtual void drawSurface(float x, float y, DrawableSurface *surface, int sx, int sy, int sw, int sh, Uint8 alpha = Color::ALPHA_OPAQUE);
      |                              ^
libgag/include/SDLGraphicContext.h:662:16: warning: 'drawSurface' overrides a member function but is not marked 'override' [-Winconsistent-missing-override]
  662 |                 virtual void drawSurface(int x, int y, int w, int h, DrawableSurface *surface, int sx, int sy, int sw, int sh,  Uint8 alpha = Color::ALPHA_OPAQUE);
      |                              ^
libgag/include/SDLGraphicContext.h:295:16: note: overridden virtual function is here
  295 |                 virtual void drawSurface(int x, int y, int w, int h, DrawableSurface *surface, int sx, int sy, int sw, int sh,  Uint8 alpha = Color::ALPHA_OPAQUE);
      |                              ^
libgag/include/SDLGraphicContext.h:663:16: warning: 'drawSurface' overrides a member function but is not marked 'override' [-Winconsistent-missing-override]
  663 |                 virtual void drawSurface(float x, float y, float w, float h, DrawableSurface *surface, int sx, int sy, int sw, int sh, Uint8 alpha = Color::ALPHA_OPAQUE);
      |                              ^
libgag/include/SDLGraphicContext.h:296:16: note: overridden virtual function is here
  296 |                 virtual void drawSurface(float x, float y, float w, float h, DrawableSurface *surface, int sx, int sy, int sw, int sh, Uint8 alpha = Color::ALPHA_OPAQUE);
      |                              ^
libgag/include/SDLGraphicContext.h:692:16: warning: 'drawAlphaMap' overrides a member function but is not marked 'override' [-Winconsistent-missing-override]
  692 |                 virtual void drawAlphaMap(const std::valarray<float> &map, int mapW, int mapH, int x, int y, int cellW, int cellH, const Color &color);
      |                              ^
libgag/include/SDLGraphicContext.h:309:16: note: overridden virtual function is here
  309 |                 virtual void drawAlphaMap(const std::valarray<float> &map, int mapW, int mapH, int x, int y, int cellW, int cellH, const Color &color);
      |                              ^
libgag/include/SDLGraphicContext.h:693:16: warning: 'drawAlphaMap' overrides a member function but is not marked 'override' [-Winconsistent-missing-override]
  693 |                 virtual void drawAlphaMap(const std::valarray<unsigned char> &map, int mapW, int mapH, int x, int y, int cellW, int cellH, const Color &color);
      |                              ^
libgag/include/SDLGraphicContext.h:310:16: note: overridden virtual function is here
  310 |                 virtual void drawAlphaMap(const std::valarray<unsigned char> &map, int mapW, int mapH, int x, int y, int cellW, int cellH, const Color &color);
      |                              ^
libgag/include/SDLGraphicContext.h:696:16: warning: 'drawPixel' overrides a member function but is not marked 'override' [-Winconsistent-missing-override]
  696 |                 virtual void drawPixel(int x, int y, Uint8 r, Uint8 g, Uint8 b, Uint8 a = Color::ALPHA_OPAQUE);
      |                              ^
libgag/include/SDLGraphicContext.h:313:16: note: overridden virtual function is here
  313 |                 virtual void drawPixel(int x, int y, Uint8 r, Uint8 g, Uint8 b, Uint8 a = Color::ALPHA_OPAQUE);
      |                              ^
libgag/include/SDLGraphicContext.h:697:16: warning: 'drawRect' overrides a member function but is not marked 'override' [-Winconsistent-missing-override]
  697 |                 virtual void drawRect(int x, int y, int w, int h, Uint8 r, Uint8 g, Uint8 b, Uint8 a = Color::ALPHA_OPAQUE);
      |                              ^
libgag/include/SDLGraphicContext.h:314:16: note: overridden virtual function is here
  314 |                 virtual void drawRect(int x, int y, int w, int h, Uint8 r, Uint8 g, Uint8 b, Uint8 a = Color::ALPHA_OPAQUE);
      |                              ^
libgag/include/SDLGraphicContext.h:698:16: warning: 'drawFilledRect' overrides a member function but is not marked 'override' [-Winconsistent-missing-override]
  698 |                 virtual void drawFilledRect(int x, int y, int w, int h, Uint8 r, Uint8 g, Uint8 b, Uint8 a = Color::ALPHA_OPAQUE);
      |                              ^
libgag/include/SDLGraphicContext.h:315:16: note: overridden virtual function is here
  315 |                 virtual void drawFilledRect(int x, int y, int w, int h, Uint8 r, Uint8 g, Uint8 b, Uint8 a = Color::ALPHA_OPAQUE);
      |                              ^
libgag/include/SDLGraphicContext.h:699:16: warning: 'drawVertLine' overrides a member function but is not marked 'override' [-Winconsistent-missing-override]
  699 |                 virtual void drawVertLine(int x, int y, int l, Uint8 r, Uint8 g, Uint8 b, Uint8 a = Color::ALPHA_OPAQUE);
      |                              ^
libgag/include/SDLGraphicContext.h:316:16: note: overridden virtual function is here
  316 |                 virtual void drawVertLine(int x, int y, int l, Uint8 r, Uint8 g, Uint8 b, Uint8 a = Color::ALPHA_OPAQUE);
      |                              ^
libgag/include/SDLGraphicContext.h:700:16: warning: 'drawVertLine' overrides a member function but is not marked 'override' [-Winconsistent-missing-override]
  700 |                 virtual void drawVertLine(int x, int y, int l, const Color& color);
      |                              ^
libgag/include/SDLGraphicContext.h:317:16: note: overridden virtual function is here
  317 |                 virtual void drawVertLine(int x, int y, int l, const Color& color);
      |                              ^
libgag/include/SDLGraphicContext.h:701:16: warning: 'drawHorzLine' overrides a member function but is not marked 'override' [-Winconsistent-missing-override]
  701 |                 virtual void drawHorzLine(int x, int y, int l, Uint8 r, Uint8 g, Uint8 b, Uint8 a = Color::ALPHA_OPAQUE);
      |                              ^
libgag/include/SDLGraphicContext.h:318:16: note: overridden virtual function is here
  318 |                 virtual void drawHorzLine(int x, int y, int l, Uint8 r, Uint8 g, Uint8 b, Uint8 a = Color::ALPHA_OPAQUE);
      |                              ^
libgag/include/SDLGraphicContext.h:702:16: warning: 'drawHorzLine' overrides a member function but is not marked 'override' [-Winconsistent-missing-override]
  702 |                 virtual void drawHorzLine(int x, int y, int l, const Color& color);
      |                              ^
libgag/include/SDLGraphicContext.h:319:16: note: overridden virtual function is here
  319 |                 virtual void drawHorzLine(int x, int y, int l, const Color& color);
      |                              ^
libgag/include/SDLGraphicContext.h:703:16: warning: 'drawLine' overrides a member function but is not marked 'override' [-Winconsistent-missing-override]
  703 |                 virtual void drawLine(int x1, int y1, int x2, int y2, Uint8 r, Uint8 g, Uint8 b, Uint8 a = Color::ALPHA_OPAQUE);
      |                              ^
libgag/include/SDLGraphicContext.h:320:16: note: overridden virtual function is here
  320 |                 virtual void drawLine(int x1, int y1, int x2, int y2, Uint8 r, Uint8 g, Uint8 b, Uint8 a = Color::ALPHA_OPAQUE);
      |                              ^
libgag/include/SDLGraphicContext.h:704:16: warning: 'drawCircle' overrides a member function but is not marked 'override' [-Winconsistent-missing-override]
  704 |                 virtual void drawCircle(int x, int y, int radius, Uint8 r, Uint8 g, Uint8 b, Uint8 a = Color::ALPHA_OPAQUE);
      |                              ^
libgag/include/SDLGraphicContext.h:321:16: note: overridden virtual function is here
  321 |                 virtual void drawCircle(int x, int y, int radius, Uint8 r, Uint8 g, Uint8 b, Uint8 a = Color::ALPHA_OPAQUE);
      |                              ^
In file included from src/hud/GameGUIStep.cpp:24:
In file included from src/game/Game.h:12:
In file included from src/map/Map.h:21:
In file included from src/team/Team.h:16:
In file included from src/game/GameEvent.h:9:
In file included from libgag/include/GraphicContext.h:6:
libgag/include/SDLGraphicContext.h:545:16: warning: 'setRes' overrides a member function but is not marked 'override' [-Winconsistent-missing-override]
  545 |                 virtual void setRes(int w, int h) { setRes(w, h, optionFlags); }
      |                              ^
libgag/include/SDLGraphicContext.h:244:16: note: overridden virtual function is here
  244 |                 virtual void setRes(int w, int h);
      |                              ^
libgag/include/SDLGraphicContext.h:621:16: warning: 'setClipRect' overrides a member function but is not marked 'override' [-Winconsistent-missing-override]
  621 |                 virtual void setClipRect(int x, int y, int w, int h);
      |                              ^
libgag/include/SDLGraphicContext.h:246:16: note: overridden virtual function is here
  246 |                 virtual void setClipRect(int x, int y, int w, int h);
      |                              ^
libgag/include/SDLGraphicContext.h:622:16: warning: 'setClipRect' overrides a member function but is not marked 'override' [-Winconsistent-missing-override]
  622 |                 virtual void setClipRect(void);
      |                              ^
libgag/include/SDLGraphicContext.h:247:16: note: overridden virtual function is here
  247 |                 virtual void setClipRect(void);
      |                              ^
libgag/include/SDLGraphicContext.h:627:22: warning: 'nextFrame' overrides a member function but is not marked 'override' [-Winconsistent-missing-override]
  627 |         virtual void nextFrame(void);
      |                      ^
libgag/include/SDLGraphicContext.h:248:16: note: overridden virtual function is here
  248 |                 virtual void nextFrame(void) { flushTextPictures(); }
      |                              ^
libgag/include/SDLGraphicContext.h:629:16: warning: 'loadImage' overrides a member function but is not marked 'override' [-Winconsistent-missing-override]
  629 |                 virtual bool loadImage(const std::string name) { return false; }
      |                              ^
libgag/include/SDLGraphicContext.h:249:16: note: overridden virtual function is here
  249 |                 virtual bool loadImage(const std::string name);
      |                              ^
libgag/include/SDLGraphicContext.h:633:16: warning: 'shiftHSV' overrides a member function but is not marked 'override' [-Winconsistent-missing-override]
  633 |                 virtual void shiftHSV(float hue, float sat, float lum) { }
      |                              ^
libgag/include/SDLGraphicContext.h:250:16: note: overridden virtual function is here
  250 |                 virtual void shiftHSV(float hue, float sat, float lum);
      |                              ^
libgag/include/SDLGraphicContext.h:636:16: warning: 'canDrawStretchedSprite' overrides a member function but is not marked 'override' [-Winconsistent-missing-override]
  636 |                 virtual bool canDrawStretchedSprite(void) { return hasPortableRenderer() || (optionFlags & USEGPU) != 0; }
      |                              ^
libgag/include/SDLGraphicContext.h:268:16: note: overridden virtual function is here
  268 |                 virtual bool canDrawStretchedSprite(void) { return false; }
      |                              ^
libgag/include/SDLGraphicContext.h:638:16: warning: 'drawPixel' overrides a member function but is not marked 'override' [-Winconsistent-missing-override]
  638 |                 virtual void drawPixel(int x, int y, const Color& color);
      |                              ^
libgag/include/SDLGraphicContext.h:271:16: note: overridden virtual function is here
  271 |                 virtual void drawPixel(int x, int y, const Color& color);
      |                              ^
libgag/include/SDLGraphicContext.h:639:16: warning: 'drawPixel' overrides a member function but is not marked 'override' [-Winconsistent-missing-override]
  639 |                 virtual void drawPixel(float x, float y, const Color& color);
      |                              ^
libgag/include/SDLGraphicContext.h:272:16: note: overridden virtual function is here
  272 |                 virtual void drawPixel(float x, float y, const Color& color);
      |                              ^
libgag/include/SDLGraphicContext.h:641:16: warning: 'drawRect' overrides a member function but is not marked 'override' [-Winconsistent-missing-override]
  641 |                 virtual void drawRect(int x, int y, int w, int h, const Color& color);
      |                              ^
libgag/include/SDLGraphicContext.h:274:16: note: overridden virtual function is here
  274 |                 virtual void drawRect(int x, int y, int w, int h, const Color& color);
      |                              ^
libgag/include/SDLGraphicContext.h:642:16: warning: 'drawRect' overrides a member function but is not marked 'override' [-Winconsistent-missing-override]
  642 |                 virtual void drawRect(float x, float y, float w, float h, const Color& color);
      |                              ^
libgag/include/SDLGraphicContext.h:275:16: note: overridden virtual function is here
  275 |                 virtual void drawRect(float x, float y, float w, float h, const Color& color);
      |                              ^
libgag/include/SDLGraphicContext.h:644:16: warning: 'drawFilledRect' overrides a member function but is not marked 'override' [-Winconsistent-missing-override]
  644 |                 virtual void drawFilledRect(int x, int y, int w, int h, const Color& color);
      |                              ^
libgag/include/SDLGraphicContext.h:277:16: note: overridden virtual function is here
  277 |                 virtual void drawFilledRect(int x, int y, int w, int h, const Color& color);
      |                              ^
libgag/include/SDLGraphicContext.h:645:16: warning: 'drawFilledRect' overrides a member function but is not marked 'override' [-Winconsistent-missing-override]
  645 |                 virtual void drawFilledRect(float x, float y, float w, float h, const Color& color);
      |                              ^
libgag/include/SDLGraphicContext.h:278:16: note: overridden virtual function is here
  278 |                 virtual void drawFilledRect(float x, float y, float w, float h, const Color& color);
      |                              ^
libgag/include/SDLGraphicContext.h:647:16: warning: 'drawLine' overrides a member function but is not marked 'override' [-Winconsistent-missing-override]
  647 |                 virtual void drawLine(int x1, int y1, int x2, int y2, const Color& color);
      |                              ^
libgag/include/SDLGraphicContext.h:280:16: note: overridden virtual function is here
  280 |                 virtual void drawLine(int x1, int y1, int x2, int y2, const Color& color);
      |                              ^
libgag/include/SDLGraphicContext.h:648:16: warning: 'drawLine' overrides a member function but is not marked 'override' [-Winconsistent-missing-override]
  648 |                 virtual void drawLine(float x1, float y1, float x2, float y2, const Color& color);
      |                              ^
libgag/include/SDLGraphicContext.h:281:16: note: overridden virtual function is here
  281 |                 virtual void drawLine(float x1, float y1, float x2, float y2, const Color& color);
      |                              ^
libgag/include/SDLGraphicContext.h:650:16: warning: 'drawCircle' overrides a member function but is not marked 'override' [-Winconsistent-missing-override]
  650 |                 virtual void drawCircle(int x, int y, int radius, const Color& color);
      |                              ^
libgag/include/SDLGraphicContext.h:283:16: note: overridden virtual function is here
  283 |                 virtual void drawCircle(int x, int y, int radius, const Color& color);
      |                              ^
libgag/include/SDLGraphicContext.h:651:16: warning: 'drawCircle' overrides a member function but is not marked 'override' [-Winconsistent-missing-override]
  651 |                 virtual void drawCircle(float x, float y, float radius, const Color& color);
      |                              ^
libgag/include/SDLGraphicContext.h:284:16: note: overridden virtual function is here
  284 |                 virtual void drawCircle(float x, float y, float radius, const Color& color);
      |                              ^
libgag/include/SDLGraphicContext.h:653:16: warning: 'drawSurface' overrides a member function but is not marked 'override' [-Winconsistent-missing-override]
  653 |                 virtual void drawSurface(int x, int y, DrawableSurface *surface, Uint8 alpha = Color::ALPHA_OPAQUE);
      |                              ^
libgag/include/SDLGraphicContext.h:286:16: note: overridden virtual function is here
  286 |                 virtual void drawSurface(int x, int y, DrawableSurface *surface, Uint8 alpha = Color::ALPHA_OPAQUE);
      |                              ^
libgag/include/SDLGraphicContext.h:654:16: warning: 'drawSurface' overrides a member function but is not marked 'override' [-Winconsistent-missing-override]
  654 |                 virtual void drawSurface(float x, float y, DrawableSurface *surface, Uint8 alpha = Color::ALPHA_OPAQUE);
      |                              ^
libgag/include/SDLGraphicContext.h:287:16: note: overridden virtual function is here
  287 |                 virtual void drawSurface(float x, float y, DrawableSurface *surface, Uint8 alpha = Color::ALPHA_OPAQUE);
      |                              ^
libgag/include/SDLGraphicContext.h:656:16: warning: 'drawSurface' overrides a member function but is not marked 'override' [-Winconsistent-missing-override]
  656 |                 virtual void drawSurface(int x, int y, int w, int h, DrawableSurface *surface, Uint8 alpha = Color::ALPHA_OPAQUE);
      |                              ^
libgag/include/SDLGraphicContext.h:289:16: note: overridden virtual function is here
  289 |                 virtual void drawSurface(int x, int y, int w, int h, DrawableSurface *surface, Uint8 alpha = Color::ALPHA_OPAQUE);
      |                              ^
libgag/include/SDLGraphicContext.h:657:16: warning: 'drawSurface' overrides a member function but is not marked 'override' [-Winconsistent-missing-override]
  657 |                 virtual void drawSurface(float x, float y, float w, float h, DrawableSurface *surface, Uint8 alpha = Color::ALPHA_OPAQUE);
      |                              ^
libgag/include/SDLGraphicContext.h:290:16: note: overridden virtual function is here
  290 |                 virtual void drawSurface(float x, float y, float w, float h, DrawableSurface *surface, Uint8 alpha = Color::ALPHA_OPAQUE);
      |                              ^
libgag/include/SDLGraphicContext.h:659:16: warning: 'drawSurface' overrides a member function but is not marked 'override' [-Winconsistent-missing-override]
  659 |                 virtual void drawSurface(int x, int y, DrawableSurface *surface, int sx, int sy, int sw, int sh, Uint8 alpha = Color::ALPHA_OPAQUE);
      |                              ^
libgag/include/SDLGraphicContext.h:292:16: note: overridden virtual function is here
  292 |                 virtual void drawSurface(int x, int y, DrawableSurface *surface, int sx, int sy, int sw, int sh, Uint8 alpha = Color::ALPHA_OPAQUE);
      |                              ^
libgag/include/SDLGraphicContext.h:660:16: warning: 'drawSurface' overrides a member function but is not marked 'override' [-Winconsistent-missing-override]
  660 |                 virtual void drawSurface(float x, float y, DrawableSurface *surface, int sx, int sy, int sw, int sh, Uint8 alpha = Color::ALPHA_OPAQUE);
      |                              ^
libgag/include/SDLGraphicContext.h:293:16: note: overridden virtual function is here
  293 |                 virtual void drawSurface(float x, float y, DrawableSurface *surface, int sx, int sy, int sw, int sh, Uint8 alpha = Color::ALPHA_OPAQUE);
      |                              ^
libgag/include/SDLGraphicContext.h:662:16: warning: 'drawSurface' overrides a member function but is not marked 'override' [-Winconsistent-missing-override]
  662 |                 virtual void drawSurface(int x, int y, int w, int h, DrawableSurface *surface, int sx, int sy, int sw, int sh,  Uint8 alpha = Color::ALPHA_OPAQUE);
      |                              ^
libgag/include/SDLGraphicContext.h:295:16: note: overridden virtual function is here
  295 |                 virtual void drawSurface(int x, int y, int w, int h, DrawableSurface *surface, int sx, int sy, int sw, int sh,  Uint8 alpha = Color::ALPHA_OPAQUE);
      |                              ^
libgag/include/SDLGraphicContext.h:663:16: warning: 'drawSurface' overrides a member function but is not marked 'override' [-Winconsistent-missing-override]
  663 |                 virtual void drawSurface(float x, float y, float w, float h, DrawableSurface *surface, int sx, int sy, int sw, int sh, Uint8 alpha = Color::ALPHA_OPAQUE);
      |                              ^
libgag/include/SDLGraphicContext.h:296:16: note: overridden virtual function is here
  296 |                 virtual void drawSurface(float x, float y, float w, float h, DrawableSurface *surface, int sx, int sy, int sw, int sh, Uint8 alpha = Color::ALPHA_OPAQUE);
      |                              ^
libgag/include/SDLGraphicContext.h:692:16: warning: 'drawAlphaMap' overrides a member function but is not marked 'override' [-Winconsistent-missing-override]
  692 |                 virtual void drawAlphaMap(const std::valarray<float> &map, int mapW, int mapH, int x, int y, int cellW, int cellH, const Color &color);
      |                              ^
libgag/include/SDLGraphicContext.h:309:16: note: overridden virtual function is here
  309 |                 virtual void drawAlphaMap(const std::valarray<float> &map, int mapW, int mapH, int x, int y, int cellW, int cellH, const Color &color);
      |                              ^
libgag/include/SDLGraphicContext.h:693:16: warning: 'drawAlphaMap' overrides a member function but is not marked 'override' [-Winconsistent-missing-override]
  693 |                 virtual void drawAlphaMap(const std::valarray<unsigned char> &map, int mapW, int mapH, int x, int y, int cellW, int cellH, const Color &color);
      |                              ^
libgag/include/SDLGraphicContext.h:310:16: note: overridden virtual function is here
  310 |                 virtual void drawAlphaMap(const std::valarray<unsigned char> &map, int mapW, int mapH, int x, int y, int cellW, int cellH, const Color &color);
      |                              ^
libgag/include/SDLGraphicContext.h:696:16: warning: 'drawPixel' overrides a member function but is not marked 'override' [-Winconsistent-missing-override]
  696 |                 virtual void drawPixel(int x, int y, Uint8 r, Uint8 g, Uint8 b, Uint8 a = Color::ALPHA_OPAQUE);
      |                              ^
libgag/include/SDLGraphicContext.h:313:16: note: overridden virtual function is here
  313 |                 virtual void drawPixel(int x, int y, Uint8 r, Uint8 g, Uint8 b, Uint8 a = Color::ALPHA_OPAQUE);
      |                              ^
libgag/include/SDLGraphicContext.h:697:16: warning: 'drawRect' overrides a member function but is not marked 'override' [-Winconsistent-missing-override]
  697 |                 virtual void drawRect(int x, int y, int w, int h, Uint8 r, Uint8 g, Uint8 b, Uint8 a = Color::ALPHA_OPAQUE);
      |                              ^
libgag/include/SDLGraphicContext.h:314:16: note: overridden virtual function is here
  314 |                 virtual void drawRect(int x, int y, int w, int h, Uint8 r, Uint8 g, Uint8 b, Uint8 a = Color::ALPHA_OPAQUE);
      |                              ^
libgag/include/SDLGraphicContext.h:698:16: warning: 'drawFilledRect' overrides a member function but is not marked 'override' [-Winconsistent-missing-override]
  698 |                 virtual void drawFilledRect(int x, int y, int w, int h, Uint8 r, Uint8 g, Uint8 b, Uint8 a = Color::ALPHA_OPAQUE);
      |                              ^
libgag/include/SDLGraphicContext.h:315:16: note: overridden virtual function is here
  315 |                 virtual void drawFilledRect(int x, int y, int w, int h, Uint8 r, Uint8 g, Uint8 b, Uint8 a = Color::ALPHA_OPAQUE);
      |                              ^
libgag/include/SDLGraphicContext.h:699:16: warning: 'drawVertLine' overrides a member function but is not marked 'override' [-Winconsistent-missing-override]
  699 |                 virtual void drawVertLine(int x, int y, int l, Uint8 r, Uint8 g, Uint8 b, Uint8 a = Color::ALPHA_OPAQUE);
      |                              ^
libgag/include/SDLGraphicContext.h:316:16: note: overridden virtual function is here
  316 |                 virtual void drawVertLine(int x, int y, int l, Uint8 r, Uint8 g, Uint8 b, Uint8 a = Color::ALPHA_OPAQUE);
      |                              ^
libgag/include/SDLGraphicContext.h:700:16: warning: 'drawVertLine' overrides a member function but is not marked 'override' [-Winconsistent-missing-override]
  700 |                 virtual void drawVertLine(int x, int y, int l, const Color& color);
      |                              ^
libgag/include/SDLGraphicContext.h:317:16: note: overridden virtual function is here
  317 |                 virtual void drawVertLine(int x, int y, int l, const Color& color);
      |                              ^
libgag/include/SDLGraphicContext.h:701:16: warning: 'drawHorzLine' overrides a member function but is not marked 'override' [-Winconsistent-missing-override]
  701 |                 virtual void drawHorzLine(int x, int y, int l, Uint8 r, Uint8 g, Uint8 b, Uint8 a = Color::ALPHA_OPAQUE);
      |                              ^
libgag/include/SDLGraphicContext.h:318:16: note: overridden virtual function is here
  318 |                 virtual void drawHorzLine(int x, int y, int l, Uint8 r, Uint8 g, Uint8 b, Uint8 a = Color::ALPHA_OPAQUE);
      |                              ^
libgag/include/SDLGraphicContext.h:702:16: warning: 'drawHorzLine' overrides a member function but is not marked 'override' [-Winconsistent-missing-override]
  702 |                 virtual void drawHorzLine(int x, int y, int l, const Color& color);
      |                              ^
libgag/include/SDLGraphicContext.h:319:16: note: overridden virtual function is here
  319 |                 virtual void drawHorzLine(int x, int y, int l, const Color& color);
      |                              ^
libgag/include/SDLGraphicContext.h:703:16: warning: 'drawLine' overrides a member function but is not marked 'override' [-Winconsistent-missing-override]
  703 |                 virtual void drawLine(int x1, int y1, int x2, int y2, Uint8 r, Uint8 g, Uint8 b, Uint8 a = Color::ALPHA_OPAQUE);
      |                              ^
libgag/include/SDLGraphicContext.h:320:16: note: overridden virtual function is here
  320 |                 virtual void drawLine(int x1, int y1, int x2, int y2, Uint8 r, Uint8 g, Uint8 b, Uint8 a = Color::ALPHA_OPAQUE);
      |                              ^
libgag/include/SDLGraphicContext.h:704:16: warning: 'drawCircle' overrides a member function but is not marked 'override' [-Winconsistent-missing-override]
  704 |                 virtual void drawCircle(int x, int y, int radius, Uint8 r, Uint8 g, Uint8 b, Uint8 a = Color::ALPHA_OPAQUE);
      |                              ^
libgag/include/SDLGraphicContext.h:321:16: note: overridden virtual function is here
  321 |                 virtual void drawCircle(int x, int y, int radius, Uint8 r, Uint8 g, Uint8 b, Uint8 a = Color::ALPHA_OPAQUE);
      |                              ^
In file included from src/ui/settings/SettingsScreen.cpp:4:
In file included from src/ui/settings/SettingsScreen.h:6:
In file included from src/app/Settings.h:11:
In file included from src/game/player/BasePlayer.h:9:
In file included from src/team/Team.h:16:
In file included from src/game/GameEvent.h:9:
In file included from libgag/include/GraphicContext.h:6:
libgag/include/SDLGraphicContext.h:545:16: warning: 'setRes' overrides a member function but is not marked 'override' [-Winconsistent-missing-override]
  545 |                 virtual void setRes(int w, int h) { setRes(w, h, optionFlags); }
      |                              ^
libgag/include/SDLGraphicContext.h:244:16: note: overridden virtual function is here
  244 |                 virtual void setRes(int w, int h);
      |                              ^
libgag/include/SDLGraphicContext.h:621:16: warning: 'setClipRect' overrides a member function but is not marked 'override' [-Winconsistent-missing-override]
  621 |                 virtual void setClipRect(int x, int y, int w, int h);
      |                              ^
libgag/include/SDLGraphicContext.h:246:16: note: overridden virtual function is here
  246 |                 virtual void setClipRect(int x, int y, int w, int h);
      |                              ^
libgag/include/SDLGraphicContext.h:622:16: warning: 'setClipRect' overrides a member function but is not marked 'override' [-Winconsistent-missing-override]
  622 |                 virtual void setClipRect(void);
      |                              ^
libgag/include/SDLGraphicContext.h:247:16: note: overridden virtual function is here
  247 |                 virtual void setClipRect(void);
      |                              ^
libgag/include/SDLGraphicContext.h:627:22: warning: 'nextFrame' overrides a member function but is not marked 'override' [-Winconsistent-missing-override]
  627 |         virtual void nextFrame(void);
      |                      ^
libgag/include/SDLGraphicContext.h:248:16: note: overridden virtual function is here
  248 |                 virtual void nextFrame(void) { flushTextPictures(); }
      |                              ^
libgag/include/SDLGraphicContext.h:629:16: warning: 'loadImage' overrides a member function but is not marked 'override' [-Winconsistent-missing-override]
  629 |                 virtual bool loadImage(const std::string name) { return false; }
      |                              ^
libgag/include/SDLGraphicContext.h:249:16: note: overridden virtual function is here
  249 |                 virtual bool loadImage(const std::string name);
      |                              ^
libgag/include/SDLGraphicContext.h:633:16: warning: 'shiftHSV' overrides a member function but is not marked 'override' [-Winconsistent-missing-override]
  633 |                 virtual void shiftHSV(float hue, float sat, float lum) { }
      |                              ^
libgag/include/SDLGraphicContext.h:250:16: note: overridden virtual function is here
  250 |                 virtual void shiftHSV(float hue, float sat, float lum);
      |                              ^
libgag/include/SDLGraphicContext.h:636:16: warning: 'canDrawStretchedSprite' overrides a member function but is not marked 'override' [-Winconsistent-missing-override]
  636 |                 virtual bool canDrawStretchedSprite(void) { return hasPortableRenderer() || (optionFlags & USEGPU) != 0; }
      |                              ^
libgag/include/SDLGraphicContext.h:268:16: note: overridden virtual function is here
  268 |                 virtual bool canDrawStretchedSprite(void) { return false; }
      |                              ^
libgag/include/SDLGraphicContext.h:638:16: warning: 'drawPixel' overrides a member function but is not marked 'override' [-Winconsistent-missing-override]
  638 |                 virtual void drawPixel(int x, int y, const Color& color);
      |                              ^
libgag/include/SDLGraphicContext.h:271:16: note: overridden virtual function is here
  271 |                 virtual void drawPixel(int x, int y, const Color& color);
      |                              ^
libgag/include/SDLGraphicContext.h:639:16: warning: 'drawPixel' overrides a member function but is not marked 'override' [-Winconsistent-missing-override]
  639 |                 virtual void drawPixel(float x, float y, const Color& color);
      |                              ^
libgag/include/SDLGraphicContext.h:272:16: note: overridden virtual function is here
  272 |                 virtual void drawPixel(float x, float y, const Color& color);
      |                              ^
libgag/include/SDLGraphicContext.h:641:16: warning: 'drawRect' overrides a member function but is not marked 'override' [-Winconsistent-missing-override]
  641 |                 virtual void drawRect(int x, int y, int w, int h, const Color& color);
      |                              ^
libgag/include/SDLGraphicContext.h:274:16: note: overridden virtual function is here
  274 |                 virtual void drawRect(int x, int y, int w, int h, const Color& color);
      |                              ^
libgag/include/SDLGraphicContext.h:642:16: warning: 'drawRect' overrides a member function but is not marked 'override' [-Winconsistent-missing-override]
  642 |                 virtual void drawRect(float x, float y, float w, float h, const Color& color);
      |                              ^
libgag/include/SDLGraphicContext.h:275:16: note: overridden virtual function is here
  275 |                 virtual void drawRect(float x, float y, float w, float h, const Color& color);
      |                              ^
libgag/include/SDLGraphicContext.h:644:16: warning: 'drawFilledRect' overrides a member function but is not marked 'override' [-Winconsistent-missing-override]
  644 |                 virtual void drawFilledRect(int x, int y, int w, int h, const Color& color);
      |                              ^
libgag/include/SDLGraphicContext.h:277:16: note: overridden virtual function is here
  277 |                 virtual void drawFilledRect(int x, int y, int w, int h, const Color& color);
      |                              ^
libgag/include/SDLGraphicContext.h:645:16: warning: 'drawFilledRect' overrides a member function but is not marked 'override' [-Winconsistent-missing-override]
  645 |                 virtual void drawFilledRect(float x, float y, float w, float h, const Color& color);
      |                              ^
libgag/include/SDLGraphicContext.h:278:16: note: overridden virtual function is here
  278 |                 virtual void drawFilledRect(float x, float y, float w, float h, const Color& color);
      |                              ^
libgag/include/SDLGraphicContext.h:647:16: warning: 'drawLine' overrides a member function but is not marked 'override' [-Winconsistent-missing-override]
  647 |                 virtual void drawLine(int x1, int y1, int x2, int y2, const Color& color);
      |                              ^
libgag/include/SDLGraphicContext.h:280:16: note: overridden virtual function is here
  280 |                 virtual void drawLine(int x1, int y1, int x2, int y2, const Color& color);
      |                              ^
libgag/include/SDLGraphicContext.h:648:16: warning: 'drawLine' overrides a member function but is not marked 'override' [-Winconsistent-missing-override]
  648 |                 virtual void drawLine(float x1, float y1, float x2, float y2, const Color& color);
      |                              ^
libgag/include/SDLGraphicContext.h:281:16: note: overridden virtual function is here
  281 |                 virtual void drawLine(float x1, float y1, float x2, float y2, const Color& color);
      |                              ^
libgag/include/SDLGraphicContext.h:650:16: warning: 'drawCircle' overrides a member function but is not marked 'override' [-Winconsistent-missing-override]
  650 |                 virtual void drawCircle(int x, int y, int radius, const Color& color);
      |                              ^
libgag/include/SDLGraphicContext.h:283:16: note: overridden virtual function is here
  283 |                 virtual void drawCircle(int x, int y, int radius, const Color& color);
      |                              ^
libgag/include/SDLGraphicContext.h:651:16: warning: 'drawCircle' overrides a member function but is not marked 'override' [-Winconsistent-missing-override]
  651 |                 virtual void drawCircle(float x, float y, float radius, const Color& color);
      |                              ^
libgag/include/SDLGraphicContext.h:284:16: note: overridden virtual function is here
  284 |                 virtual void drawCircle(float x, float y, float radius, const Color& color);
      |                              ^
libgag/include/SDLGraphicContext.h:653:16: warning: 'drawSurface' overrides a member function but is not marked 'override' [-Winconsistent-missing-override]
  653 |                 virtual void drawSurface(int x, int y, DrawableSurface *surface, Uint8 alpha = Color::ALPHA_OPAQUE);
      |                              ^
libgag/include/SDLGraphicContext.h:286:16: note: overridden virtual function is here
  286 |                 virtual void drawSurface(int x, int y, DrawableSurface *surface, Uint8 alpha = Color::ALPHA_OPAQUE);
      |                              ^
libgag/include/SDLGraphicContext.h:654:16: warning: 'drawSurface' overrides a member function but is not marked 'override' [-Winconsistent-missing-override]
  654 |                 virtual void drawSurface(float x, float y, DrawableSurface *surface, Uint8 alpha = Color::ALPHA_OPAQUE);
      |                              ^
libgag/include/SDLGraphicContext.h:287:16: note: overridden virtual function is here
  287 |                 virtual void drawSurface(float x, float y, DrawableSurface *surface, Uint8 alpha = Color::ALPHA_OPAQUE);
      |                              ^
libgag/include/SDLGraphicContext.h:656:16: warning: 'drawSurface' overrides a member function but is not marked 'override' [-Winconsistent-missing-override]
  656 |                 virtual void drawSurface(int x, int y, int w, int h, DrawableSurface *surface, Uint8 alpha = Color::ALPHA_OPAQUE);
      |                              ^
libgag/include/SDLGraphicContext.h:289:16: note: overridden virtual function is here
  289 |                 virtual void drawSurface(int x, int y, int w, int h, DrawableSurface *surface, Uint8 alpha = Color::ALPHA_OPAQUE);
      |                              ^
libgag/include/SDLGraphicContext.h:657:16: warning: 'drawSurface' overrides a member function but is not marked 'override' [-Winconsistent-missing-override]
  657 |                 virtual void drawSurface(float x, float y, float w, float h, DrawableSurface *surface, Uint8 alpha = Color::ALPHA_OPAQUE);
      |                              ^
libgag/include/SDLGraphicContext.h:290:16: note: overridden virtual function is here
  290 |                 virtual void drawSurface(float x, float y, float w, float h, DrawableSurface *surface, Uint8 alpha = Color::ALPHA_OPAQUE);
      |                              ^
libgag/include/SDLGraphicContext.h:659:16: warning: 'drawSurface' overrides a member function but is not marked 'override' [-Winconsistent-missing-override]
  659 |                 virtual void drawSurface(int x, int y, DrawableSurface *surface, int sx, int sy, int sw, int sh, Uint8 alpha = Color::ALPHA_OPAQUE);
      |                              ^
libgag/include/SDLGraphicContext.h:292:16: note: overridden virtual function is here
  292 |                 virtual void drawSurface(int x, int y, DrawableSurface *surface, int sx, int sy, int sw, int sh, Uint8 alpha = Color::ALPHA_OPAQUE);
      |                              ^
libgag/include/SDLGraphicContext.h:660:16: warning: 'drawSurface' overrides a member function but is not marked 'override' [-Winconsistent-missing-override]
  660 |                 virtual void drawSurface(float x, float y, DrawableSurface *surface, int sx, int sy, int sw, int sh, Uint8 alpha = Color::ALPHA_OPAQUE);
      |                              ^
libgag/include/SDLGraphicContext.h:293:16: note: overridden virtual function is here
  293 |                 virtual void drawSurface(float x, float y, DrawableSurface *surface, int sx, int sy, int sw, int sh, Uint8 alpha = Color::ALPHA_OPAQUE);
      |                              ^
libgag/include/SDLGraphicContext.h:662:16: warning: 'drawSurface' overrides a member function but is not marked 'override' [-Winconsistent-missing-override]
  662 |                 virtual void drawSurface(int x, int y, int w, int h, DrawableSurface *surface, int sx, int sy, int sw, int sh,  Uint8 alpha = Color::ALPHA_OPAQUE);
      |                              ^
libgag/include/SDLGraphicContext.h:295:16: note: overridden virtual function is here
  295 |                 virtual void drawSurface(int x, int y, int w, int h, DrawableSurface *surface, int sx, int sy, int sw, int sh,  Uint8 alpha = Color::ALPHA_OPAQUE);
      |                              ^
libgag/include/SDLGraphicContext.h:663:16: warning: 'drawSurface' overrides a member function but is not marked 'override' [-Winconsistent-missing-override]
  663 |                 virtual void drawSurface(float x, float y, float w, float h, DrawableSurface *surface, int sx, int sy, int sw, int sh, Uint8 alpha = Color::ALPHA_OPAQUE);
      |                              ^
libgag/include/SDLGraphicContext.h:296:16: note: overridden virtual function is here
  296 |                 virtual void drawSurface(float x, float y, float w, float h, DrawableSurface *surface, int sx, int sy, int sw, int sh, Uint8 alpha = Color::ALPHA_OPAQUE);
      |                              ^
libgag/include/SDLGraphicContext.h:692:16: warning: 'drawAlphaMap' overrides a member function but is not marked 'override' [-Winconsistent-missing-override]
  692 |                 virtual void drawAlphaMap(const std::valarray<float> &map, int mapW, int mapH, int x, int y, int cellW, int cellH, const Color &color);
      |                              ^
libgag/include/SDLGraphicContext.h:309:16: note: overridden virtual function is here
  309 |                 virtual void drawAlphaMap(const std::valarray<float> &map, int mapW, int mapH, int x, int y, int cellW, int cellH, const Color &color);
      |                              ^
libgag/include/SDLGraphicContext.h:693:16: warning: 'drawAlphaMap' overrides a member function but is not marked 'override' [-Winconsistent-missing-override]
  693 |                 virtual void drawAlphaMap(const std::valarray<unsigned char> &map, int mapW, int mapH, int x, int y, int cellW, int cellH, const Color &color);
      |                              ^
libgag/include/SDLGraphicContext.h:310:16: note: overridden virtual function is here
  310 |                 virtual void drawAlphaMap(const std::valarray<unsigned char> &map, int mapW, int mapH, int x, int y, int cellW, int cellH, const Color &color);
      |                              ^
libgag/include/SDLGraphicContext.h:696:16: warning: 'drawPixel' overrides a member function but is not marked 'override' [-Winconsistent-missing-override]
  696 |                 virtual void drawPixel(int x, int y, Uint8 r, Uint8 g, Uint8 b, Uint8 a = Color::ALPHA_OPAQUE);
      |                              ^
libgag/include/SDLGraphicContext.h:313:16: note: overridden virtual function is here
  313 |                 virtual void drawPixel(int x, int y, Uint8 r, Uint8 g, Uint8 b, Uint8 a = Color::ALPHA_OPAQUE);
      |                              ^
libgag/include/SDLGraphicContext.h:697:16: warning: 'drawRect' overrides a member function but is not marked 'override' [-Winconsistent-missing-override]
  697 |                 virtual void drawRect(int x, int y, int w, int h, Uint8 r, Uint8 g, Uint8 b, Uint8 a = Color::ALPHA_OPAQUE);
      |                              ^
libgag/include/SDLGraphicContext.h:314:16: note: overridden virtual function is here
  314 |                 virtual void drawRect(int x, int y, int w, int h, Uint8 r, Uint8 g, Uint8 b, Uint8 a = Color::ALPHA_OPAQUE);
      |                              ^
libgag/include/SDLGraphicContext.h:698:16: warning: 'drawFilledRect' overrides a member function but is not marked 'override' [-Winconsistent-missing-override]
  698 |                 virtual void drawFilledRect(int x, int y, int w, int h, Uint8 r, Uint8 g, Uint8 b, Uint8 a = Color::ALPHA_OPAQUE);
      |                              ^
libgag/include/SDLGraphicContext.h:315:16: note: overridden virtual function is here
  315 |                 virtual void drawFilledRect(int x, int y, int w, int h, Uint8 r, Uint8 g, Uint8 b, Uint8 a = Color::ALPHA_OPAQUE);
      |                              ^
libgag/include/SDLGraphicContext.h:699:16: warning: 'drawVertLine' overrides a member function but is not marked 'override' [-Winconsistent-missing-override]
  699 |                 virtual void drawVertLine(int x, int y, int l, Uint8 r, Uint8 g, Uint8 b, Uint8 a = Color::ALPHA_OPAQUE);
      |                              ^
libgag/include/SDLGraphicContext.h:316:16: note: overridden virtual function is here
  316 |                 virtual void drawVertLine(int x, int y, int l, Uint8 r, Uint8 g, Uint8 b, Uint8 a = Color::ALPHA_OPAQUE);
      |                              ^
libgag/include/SDLGraphicContext.h:700:16: warning: 'drawVertLine' overrides a member function but is not marked 'override' [-Winconsistent-missing-override]
  700 |                 virtual void drawVertLine(int x, int y, int l, const Color& color);
      |                              ^
libgag/include/SDLGraphicContext.h:317:16: note: overridden virtual function is here
  317 |                 virtual void drawVertLine(int x, int y, int l, const Color& color);
      |                              ^
libgag/include/SDLGraphicContext.h:701:16: warning: 'drawHorzLine' overrides a member function but is not marked 'override' [-Winconsistent-missing-override]
  701 |                 virtual void drawHorzLine(int x, int y, int l, Uint8 r, Uint8 g, Uint8 b, Uint8 a = Color::ALPHA_OPAQUE);
      |                              ^
libgag/include/SDLGraphicContext.h:318:16: note: overridden virtual function is here
  318 |                 virtual void drawHorzLine(int x, int y, int l, Uint8 r, Uint8 g, Uint8 b, Uint8 a = Color::ALPHA_OPAQUE);
      |                              ^
libgag/include/SDLGraphicContext.h:702:16: warning: 'drawHorzLine' overrides a member function but is not marked 'override' [-Winconsistent-missing-override]
  702 |                 virtual void drawHorzLine(int x, int y, int l, const Color& color);
      |                              ^
libgag/include/SDLGraphicContext.h:319:16: note: overridden virtual function is here
  319 |                 virtual void drawHorzLine(int x, int y, int l, const Color& color);
      |                              ^
libgag/include/SDLGraphicContext.h:703:16: warning: 'drawLine' overrides a member function but is not marked 'override' [-Winconsistent-missing-override]
  703 |                 virtual void drawLine(int x1, int y1, int x2, int y2, Uint8 r, Uint8 g, Uint8 b, Uint8 a = Color::ALPHA_OPAQUE);
      |                              ^
libgag/include/SDLGraphicContext.h:320:16: note: overridden virtual function is here
  320 |                 virtual void drawLine(int x1, int y1, int x2, int y2, Uint8 r, Uint8 g, Uint8 b, Uint8 a = Color::ALPHA_OPAQUE);
      |                              ^
libgag/include/SDLGraphicContext.h:704:16: warning: 'drawCircle' overrides a member function but is not marked 'override' [-Winconsistent-missing-override]
  704 |                 virtual void drawCircle(int x, int y, int radius, Uint8 r, Uint8 g, Uint8 b, Uint8 a = Color::ALPHA_OPAQUE);
      |                              ^
libgag/include/SDLGraphicContext.h:321:16: note: overridden virtual function is here
  321 |                 virtual void drawCircle(int x, int y, int radius, Uint8 r, Uint8 g, Uint8 b, Uint8 a = Color::ALPHA_OPAQUE);
      |                              ^
In file included from src/ui/settings/SettingsScreenGeneral.cpp:1:
In file included from src/ui/screens/MusicLibraryScreen.h:3:
In file included from src/ui/FrontendUI.h:3:
In file included from libgag/include/ui/Screen.h:3:
In file included from libgag/include/ui/Host.h:4:
In file included from libgag/include/ui/Element.h:3:
In file included from libgag/include/ui/Canvas.h:3:
In file included from libgag/include/ui/TextLayout.h:3:
In file included from libgag/include/ui/Theme.h:6:
In file included from libgag/include/GraphicContext.h:6:
libgag/include/SDLGraphicContext.h:545:16: warning: 'setRes' overrides a member function but is not marked 'override' [-Winconsistent-missing-override]
  545 |                 virtual void setRes(int w, int h) { setRes(w, h, optionFlags); }
      |                              ^
libgag/include/SDLGraphicContext.h:244:16: note: overridden virtual function is here
  244 |                 virtual void setRes(int w, int h);
      |                              ^
libgag/include/SDLGraphicContext.h:621:16: warning: 'setClipRect' overrides a member function but is not marked 'override' [-Winconsistent-missing-override]
  621 |                 virtual void setClipRect(int x, int y, int w, int h);
      |                              ^
libgag/include/SDLGraphicContext.h:246:16: note: overridden virtual function is here
  246 |                 virtual void setClipRect(int x, int y, int w, int h);
      |                              ^
libgag/include/SDLGraphicContext.h:622:16: warning: 'setClipRect' overrides a member function but is not marked 'override' [-Winconsistent-missing-override]
  622 |                 virtual void setClipRect(void);
      |                              ^
libgag/include/SDLGraphicContext.h:247:16: note: overridden virtual function is here
  247 |                 virtual void setClipRect(void);
      |                              ^
libgag/include/SDLGraphicContext.h:627:22: warning: 'nextFrame' overrides a member function but is not marked 'override' [-Winconsistent-missing-override]
  627 |         virtual void nextFrame(void);
      |                      ^
libgag/include/SDLGraphicContext.h:248:16: note: overridden virtual function is here
  248 |                 virtual void nextFrame(void) { flushTextPictures(); }
      |                              ^
libgag/include/SDLGraphicContext.h:629:16: warning: 'loadImage' overrides a member function but is not marked 'override' [-Winconsistent-missing-override]
  629 |                 virtual bool loadImage(const std::string name) { return false; }
      |                              ^
libgag/include/SDLGraphicContext.h:249:16: note: overridden virtual function is here
  249 |                 virtual bool loadImage(const std::string name);
      |                              ^
libgag/include/SDLGraphicContext.h:633:16: warning: 'shiftHSV' overrides a member function but is not marked 'override' [-Winconsistent-missing-override]
  633 |                 virtual void shiftHSV(float hue, float sat, float lum) { }
      |                              ^
libgag/include/SDLGraphicContext.h:250:16: note: overridden virtual function is here
  250 |                 virtual void shiftHSV(float hue, float sat, float lum);
      |                              ^
libgag/include/SDLGraphicContext.h:636:16: warning: 'canDrawStretchedSprite' overrides a member function but is not marked 'override' [-Winconsistent-missing-override]
  636 |                 virtual bool canDrawStretchedSprite(void) { return hasPortableRenderer() || (optionFlags & USEGPU) != 0; }
      |                              ^
libgag/include/SDLGraphicContext.h:268:16: note: overridden virtual function is here
  268 |                 virtual bool canDrawStretchedSprite(void) { return false; }
      |                              ^
libgag/include/SDLGraphicContext.h:638:16: warning: 'drawPixel' overrides a member function but is not marked 'override' [-Winconsistent-missing-override]
  638 |                 virtual void drawPixel(int x, int y, const Color& color);
      |                              ^
libgag/include/SDLGraphicContext.h:271:16: note: overridden virtual function is here
  271 |                 virtual void drawPixel(int x, int y, const Color& color);
      |                              ^
libgag/include/SDLGraphicContext.h:639:16: warning: 'drawPixel' overrides a member function but is not marked 'override' [-Winconsistent-missing-override]
  639 |                 virtual void drawPixel(float x, float y, const Color& color);
      |                              ^
libgag/include/SDLGraphicContext.h:272:16: note: overridden virtual function is here
  272 |                 virtual void drawPixel(float x, float y, const Color& color);
      |                              ^
libgag/include/SDLGraphicContext.h:641:16: warning: 'drawRect' overrides a member function but is not marked 'override' [-Winconsistent-missing-override]
  641 |                 virtual void drawRect(int x, int y, int w, int h, const Color& color);
      |                              ^
libgag/include/SDLGraphicContext.h:274:16: note: overridden virtual function is here
  274 |                 virtual void drawRect(int x, int y, int w, int h, const Color& color);
      |                              ^
libgag/include/SDLGraphicContext.h:642:16: warning: 'drawRect' overrides a member function but is not marked 'override' [-Winconsistent-missing-override]
  642 |                 virtual void drawRect(float x, float y, float w, float h, const Color& color);
      |                              ^
libgag/include/SDLGraphicContext.h:275:16: note: overridden virtual function is here
  275 |                 virtual void drawRect(float x, float y, float w, float h, const Color& color);
      |                              ^
libgag/include/SDLGraphicContext.h:644:16: warning: 'drawFilledRect' overrides a member function but is not marked 'override' [-Winconsistent-missing-override]
  644 |                 virtual void drawFilledRect(int x, int y, int w, int h, const Color& color);
      |                              ^
libgag/include/SDLGraphicContext.h:277:16: note: overridden virtual function is here
  277 |                 virtual void drawFilledRect(int x, int y, int w, int h, const Color& color);
      |                              ^
libgag/include/SDLGraphicContext.h:645:16: warning: 'drawFilledRect' overrides a member function but is not marked 'override' [-Winconsistent-missing-override]
  645 |                 virtual void drawFilledRect(float x, float y, float w, float h, const Color& color);
      |                              ^
libgag/include/SDLGraphicContext.h:278:16: note: overridden virtual function is here
  278 |                 virtual void drawFilledRect(float x, float y, float w, float h, const Color& color);
      |                              ^
libgag/include/SDLGraphicContext.h:647:16: warning: 'drawLine' overrides a member function but is not marked 'override' [-Winconsistent-missing-override]
  647 |                 virtual void drawLine(int x1, int y1, int x2, int y2, const Color& color);
      |                              ^
libgag/include/SDLGraphicContext.h:280:16: note: overridden virtual function is here
  280 |                 virtual void drawLine(int x1, int y1, int x2, int y2, const Color& color);
      |                              ^
libgag/include/SDLGraphicContext.h:648:16: warning: 'drawLine' overrides a member function but is not marked 'override' [-Winconsistent-missing-override]
  648 |                 virtual void drawLine(float x1, float y1, float x2, float y2, const Color& color);
      |                              ^
libgag/include/SDLGraphicContext.h:281:16: note: overridden virtual function is here
  281 |                 virtual void drawLine(float x1, float y1, float x2, float y2, const Color& color);
      |                              ^
libgag/include/SDLGraphicContext.h:650:16: warning: 'drawCircle' overrides a member function but is not marked 'override' [-Winconsistent-missing-override]
  650 |                 virtual void drawCircle(int x, int y, int radius, const Color& color);
      |                              ^
libgag/include/SDLGraphicContext.h:283:16: note: overridden virtual function is here
  283 |                 virtual void drawCircle(int x, int y, int radius, const Color& color);
      |                              ^
libgag/include/SDLGraphicContext.h:651:16: warning: 'drawCircle' overrides a member function but is not marked 'override' [-Winconsistent-missing-override]
  651 |                 virtual void drawCircle(float x, float y, float radius, const Color& color);
      |                              ^
libgag/include/SDLGraphicContext.h:284:16: note: overridden virtual function is here
  284 |                 virtual void drawCircle(float x, float y, float radius, const Color& color);
      |                              ^
libgag/include/SDLGraphicContext.h:653:16: warning: 'drawSurface' overrides a member function but is not marked 'override' [-Winconsistent-missing-override]
  653 |                 virtual void drawSurface(int x, int y, DrawableSurface *surface, Uint8 alpha = Color::ALPHA_OPAQUE);
      |                              ^
libgag/include/SDLGraphicContext.h:286:16: note: overridden virtual function is here
  286 |                 virtual void drawSurface(int x, int y, DrawableSurface *surface, Uint8 alpha = Color::ALPHA_OPAQUE);
      |                              ^
libgag/include/SDLGraphicContext.h:654:16: warning: 'drawSurface' overrides a member function but is not marked 'override' [-Winconsistent-missing-override]
  654 |                 virtual void drawSurface(float x, float y, DrawableSurface *surface, Uint8 alpha = Color::ALPHA_OPAQUE);
      |                              ^
libgag/include/SDLGraphicContext.h:287:16: note: overridden virtual function is here
  287 |                 virtual void drawSurface(float x, float y, DrawableSurface *surface, Uint8 alpha = Color::ALPHA_OPAQUE);
      |                              ^
libgag/include/SDLGraphicContext.h:656:16: warning: 'drawSurface' overrides a member function but is not marked 'override' [-Winconsistent-missing-override]
  656 |                 virtual void drawSurface(int x, int y, int w, int h, DrawableSurface *surface, Uint8 alpha = Color::ALPHA_OPAQUE);
      |                              ^
libgag/include/SDLGraphicContext.h:289:16: note: overridden virtual function is here
  289 |                 virtual void drawSurface(int x, int y, int w, int h, DrawableSurface *surface, Uint8 alpha = Color::ALPHA_OPAQUE);
      |                              ^
libgag/include/SDLGraphicContext.h:657:16: warning: 'drawSurface' overrides a member function but is not marked 'override' [-Winconsistent-missing-override]
  657 |                 virtual void drawSurface(float x, float y, float w, float h, DrawableSurface *surface, Uint8 alpha = Color::ALPHA_OPAQUE);
      |                              ^
libgag/include/SDLGraphicContext.h:290:16: note: overridden virtual function is here
  290 |                 virtual void drawSurface(float x, float y, float w, float h, DrawableSurface *surface, Uint8 alpha = Color::ALPHA_OPAQUE);
      |                              ^
libgag/include/SDLGraphicContext.h:659:16: warning: 'drawSurface' overrides a member function but is not marked 'override' [-Winconsistent-missing-override]
  659 |                 virtual void drawSurface(int x, int y, DrawableSurface *surface, int sx, int sy, int sw, int sh, Uint8 alpha = Color::ALPHA_OPAQUE);
      |                              ^
libgag/include/SDLGraphicContext.h:292:16: note: overridden virtual function is here
  292 |                 virtual void drawSurface(int x, int y, DrawableSurface *surface, int sx, int sy, int sw, int sh, Uint8 alpha = Color::ALPHA_OPAQUE);
      |                              ^
libgag/include/SDLGraphicContext.h:660:16: warning: 'drawSurface' overrides a member function but is not marked 'override' [-Winconsistent-missing-override]
  660 |                 virtual void drawSurface(float x, float y, DrawableSurface *surface, int sx, int sy, int sw, int sh, Uint8 alpha = Color::ALPHA_OPAQUE);
      |                              ^
libgag/include/SDLGraphicContext.h:293:16: note: overridden virtual function is here
  293 |                 virtual void drawSurface(float x, float y, DrawableSurface *surface, int sx, int sy, int sw, int sh, Uint8 alpha = Color::ALPHA_OPAQUE);
      |                              ^
libgag/include/SDLGraphicContext.h:662:16: warning: 'drawSurface' overrides a member function but is not marked 'override' [-Winconsistent-missing-override]
  662 |                 virtual void drawSurface(int x, int y, int w, int h, DrawableSurface *surface, int sx, int sy, int sw, int sh,  Uint8 alpha = Color::ALPHA_OPAQUE);
      |                              ^
libgag/include/SDLGraphicContext.h:295:16: note: overridden virtual function is here
  295 |                 virtual void drawSurface(int x, int y, int w, int h, DrawableSurface *surface, int sx, int sy, int sw, int sh,  Uint8 alpha = Color::ALPHA_OPAQUE);
      |                              ^
libgag/include/SDLGraphicContext.h:663:16: warning: 'drawSurface' overrides a member function but is not marked 'override' [-Winconsistent-missing-override]
  663 |                 virtual void drawSurface(float x, float y, float w, float h, DrawableSurface *surface, int sx, int sy, int sw, int sh, Uint8 alpha = Color::ALPHA_OPAQUE);
      |                              ^
libgag/include/SDLGraphicContext.h:296:16: note: overridden virtual function is here
  296 |                 virtual void drawSurface(float x, float y, float w, float h, DrawableSurface *surface, int sx, int sy, int sw, int sh, Uint8 alpha = Color::ALPHA_OPAQUE);
      |                              ^
libgag/include/SDLGraphicContext.h:692:16: warning: 'drawAlphaMap' overrides a member function but is not marked 'override' [-Winconsistent-missing-override]
  692 |                 virtual void drawAlphaMap(const std::valarray<float> &map, int mapW, int mapH, int x, int y, int cellW, int cellH, const Color &color);
      |                              ^
libgag/include/SDLGraphicContext.h:309:16: note: overridden virtual function is here
  309 |                 virtual void drawAlphaMap(const std::valarray<float> &map, int mapW, int mapH, int x, int y, int cellW, int cellH, const Color &color);
      |                              ^
libgag/include/SDLGraphicContext.h:693:16: warning: 'drawAlphaMap' overrides a member function but is not marked 'override' [-Winconsistent-missing-override]
  693 |                 virtual void drawAlphaMap(const std::valarray<unsigned char> &map, int mapW, int mapH, int x, int y, int cellW, int cellH, const Color &color);
      |                              ^
libgag/include/SDLGraphicContext.h:310:16: note: overridden virtual function is here
  310 |                 virtual void drawAlphaMap(const std::valarray<unsigned char> &map, int mapW, int mapH, int x, int y, int cellW, int cellH, const Color &color);
      |                              ^
libgag/include/SDLGraphicContext.h:696:16: warning: 'drawPixel' overrides a member function but is not marked 'override' [-Winconsistent-missing-override]
  696 |                 virtual void drawPixel(int x, int y, Uint8 r, Uint8 g, Uint8 b, Uint8 a = Color::ALPHA_OPAQUE);
      |                              ^
libgag/include/SDLGraphicContext.h:313:16: note: overridden virtual function is here
  313 |                 virtual void drawPixel(int x, int y, Uint8 r, Uint8 g, Uint8 b, Uint8 a = Color::ALPHA_OPAQUE);
      |                              ^
libgag/include/SDLGraphicContext.h:697:16: warning: 'drawRect' overrides a member function but is not marked 'override' [-Winconsistent-missing-override]
  697 |                 virtual void drawRect(int x, int y, int w, int h, Uint8 r, Uint8 g, Uint8 b, Uint8 a = Color::ALPHA_OPAQUE);
      |                              ^
libgag/include/SDLGraphicContext.h:314:16: note: overridden virtual function is here
  314 |                 virtual void drawRect(int x, int y, int w, int h, Uint8 r, Uint8 g, Uint8 b, Uint8 a = Color::ALPHA_OPAQUE);
      |                              ^
libgag/include/SDLGraphicContext.h:698:16: warning: 'drawFilledRect' overrides a member function but is not marked 'override' [-Winconsistent-missing-override]
  698 |                 virtual void drawFilledRect(int x, int y, int w, int h, Uint8 r, Uint8 g, Uint8 b, Uint8 a = Color::ALPHA_OPAQUE);
      |                              ^
libgag/include/SDLGraphicContext.h:315:16: note: overridden virtual function is here
  315 |                 virtual void drawFilledRect(int x, int y, int w, int h, Uint8 r, Uint8 g, Uint8 b, Uint8 a = Color::ALPHA_OPAQUE);
      |                              ^
libgag/include/SDLGraphicContext.h:699:16: warning: 'drawVertLine' overrides a member function but is not marked 'override' [-Winconsistent-missing-override]
  699 |                 virtual void drawVertLine(int x, int y, int l, Uint8 r, Uint8 g, Uint8 b, Uint8 a = Color::ALPHA_OPAQUE);
      |                              ^
libgag/include/SDLGraphicContext.h:316:16: note: overridden virtual function is here
  316 |                 virtual void drawVertLine(int x, int y, int l, Uint8 r, Uint8 g, Uint8 b, Uint8 a = Color::ALPHA_OPAQUE);
      |                              ^
libgag/include/SDLGraphicContext.h:700:16: warning: 'drawVertLine' overrides a member function but is not marked 'override' [-Winconsistent-missing-override]
  700 |                 virtual void drawVertLine(int x, int y, int l, const Color& color);
      |                              ^
libgag/include/SDLGraphicContext.h:317:16: note: overridden virtual function is here
  317 |                 virtual void drawVertLine(int x, int y, int l, const Color& color);
      |                              ^
libgag/include/SDLGraphicContext.h:701:16: warning: 'drawHorzLine' overrides a member function but is not marked 'override' [-Winconsistent-missing-override]
  701 |                 virtual void drawHorzLine(int x, int y, int l, Uint8 r, Uint8 g, Uint8 b, Uint8 a = Color::ALPHA_OPAQUE);
      |                              ^
libgag/include/SDLGraphicContext.h:318:16: note: overridden virtual function is here
  318 |                 virtual void drawHorzLine(int x, int y, int l, Uint8 r, Uint8 g, Uint8 b, Uint8 a = Color::ALPHA_OPAQUE);
      |                              ^
libgag/include/SDLGraphicContext.h:702:16: warning: 'drawHorzLine' overrides a member function but is not marked 'override' [-Winconsistent-missing-override]
  702 |                 virtual void drawHorzLine(int x, int y, int l, const Color& color);
      |                              ^
libgag/include/SDLGraphicContext.h:319:16: note: overridden virtual function is here
  319 |                 virtual void drawHorzLine(int x, int y, int l, const Color& color);
      |                              ^
libgag/include/SDLGraphicContext.h:703:16: warning: 'drawLine' overrides a member function but is not marked 'override' [-Winconsistent-missing-override]
  703 |                 virtual void drawLine(int x1, int y1, int x2, int y2, Uint8 r, Uint8 g, Uint8 b, Uint8 a = Color::ALPHA_OPAQUE);
      |                              ^
libgag/include/SDLGraphicContext.h:320:16: note: overridden virtual function is here
  320 |                 virtual void drawLine(int x1, int y1, int x2, int y2, Uint8 r, Uint8 g, Uint8 b, Uint8 a = Color::ALPHA_OPAQUE);
      |                              ^
libgag/include/SDLGraphicContext.h:704:16: warning: 'drawCircle' overrides a member function but is not marked 'override' [-Winconsistent-missing-override]
  704 |                 virtual void drawCircle(int x, int y, int radius, Uint8 r, Uint8 g, Uint8 b, Uint8 a = Color::ALPHA_OPAQUE);
      |                              ^
libgag/include/SDLGraphicContext.h:321:16: note: overridden virtual function is here
  321 |                 virtual void drawCircle(int x, int y, int radius, Uint8 r, Uint8 g, Uint8 b, Uint8 a = Color::ALPHA_OPAQUE);
      |                              ^
36 warnings generated.
/home/bradley/.local/share/glob2/development/toolchains/emscripten/Linux-x86_64-88a621bc131cd4954413aa39/upstream/emscripten/em++ -o build/emscripten/client/release/obj/src/audio/SoundMixer.cpp.o -c -std=gnu++20 -fwasm-exceptions -g2 -O2 --use-port=zlib -DHAVE_CONFIG_H -DGLOB2_OFFICIAL_INSTANCE_ORIGIN=\"https://app.glob2online.com\" -DGLOB2_OFFICIAL_INSTANCE_FORMER_ORIGINS=\"https://glob2online.com\" -Ibuild/emscripten/client/release/include -Ibuild/emscripten/client/release/sdl3/prefix/include -Ilibgag/include -I. -Ilibusl/src -Isrc -Isrc/ai -Isrc/hud -Isrc/app -Isrc/game/player -Isrc/team -Isrc/common -Isrc/map -Isrc/game -Isrc/campaign -Isrc/campaign/screens -Isrc/replay -Isrc/game/screens -Isrc/render/clouds -Isrc/ui/screens -Isrc/game/rules -Isrc/game/diagnostics -Isrc/map/editor/screens -Isrc/engine -Isrc/ui -Isrc/map/preview -Isrc/app/cli -Isrc/net/lan/screens -Isrc/online -Isrc/map/tools -Isrc/scripting/map -Isrc/render/overlay -Isrc/audio -Isrc/online/screens -Isrc/game/orders -Isrc/resource -Isrc/ui/settings -Isrc/team/stats -Isrc/render/torus -Isrc/ai/simple -Isrc/ai/castor -Isrc/ai/javascript -Isrc/ai/nicowar -Isrc/ai/numbi -Isrc/ai/telemetry -Isrc/ai/warrush -Isrc/ai/maxima -Isrc/building -Isrc/building/types -Isrc/unit/types -Isrc/building/hud -Isrc/net -Isrc/hud/draw -Isrc/hud/input -Isrc/hud/touch -Isrc/net/turn -Isrc/unit -Isrc/map/editor -Isrc/map/generator -Isrc/map/generator/compatibility -Isrc/map/generator/core -Isrc/map/generator/generators -Isrc/map/generator/shared -Isrc/map/generator/shared/legacy -Isrc/map/gradient -Isrc/map/io -Isrc/net/lan -Isrc/net/message -Isrc/scripting/sgsl -Ithird_party/nlohmann-json/include -Ibuild/emscripten/client/release/opus/prefix/include -Ibuild/emscripten/client/release/opus/prefix/include/opus -Ithird_party/quickjs-ng src/audio/SoundMixer.cpp
36 warnings generated.
/home/bradley/.local/share/glob2/development/toolchains/emscripten/Linux-x86_64-88a621bc131cd4954413aa39/upstream/emscripten/em++ -o build/emscripten/client/release/obj/src/audio/MusicStream.cpp.o -c -std=gnu++20 -fwasm-exceptions -g2 -O2 --use-port=zlib -DHAVE_CONFIG_H -DGLOB2_OFFICIAL_INSTANCE_ORIGIN=\"https://app.glob2online.com\" -DGLOB2_OFFICIAL_INSTANCE_FORMER_ORIGINS=\"https://glob2online.com\" -Ibuild/emscripten/client/release/include -Ibuild/emscripten/client/release/sdl3/prefix/include -Ilibgag/include -I. -Ilibusl/src -Isrc -Isrc/ai -Isrc/hud -Isrc/app -Isrc/game/player -Isrc/team -Isrc/common -Isrc/map -Isrc/game -Isrc/campaign -Isrc/campaign/screens -Isrc/replay -Isrc/game/screens -Isrc/render/clouds -Isrc/ui/screens -Isrc/game/rules -Isrc/game/diagnostics -Isrc/map/editor/screens -Isrc/engine -Isrc/ui -Isrc/map/preview -Isrc/app/cli -Isrc/net/lan/screens -Isrc/online -Isrc/map/tools -Isrc/scripting/map -Isrc/render/overlay -Isrc/audio -Isrc/online/screens -Isrc/game/orders -Isrc/resource -Isrc/ui/settings -Isrc/team/stats -Isrc/render/torus -Isrc/ai/simple -Isrc/ai/castor -Isrc/ai/javascript -Isrc/ai/nicowar -Isrc/ai/numbi -Isrc/ai/telemetry -Isrc/ai/warrush -Isrc/ai/maxima -Isrc/building -Isrc/building/types -Isrc/unit/types -Isrc/building/hud -Isrc/net -Isrc/hud/draw -Isrc/hud/input -Isrc/hud/touch -Isrc/net/turn -Isrc/unit -Isrc/map/editor -Isrc/map/generator -Isrc/map/generator/compatibility -Isrc/map/generator/core -Isrc/map/generator/generators -Isrc/map/generator/shared -Isrc/map/generator/shared/legacy -Isrc/map/gradient -Isrc/map/io -Isrc/net/lan -Isrc/net/message -Isrc/scripting/sgsl -Ithird_party/nlohmann-json/include -Ibuild/emscripten/client/release/opus/prefix/include -Ibuild/emscripten/client/release/opus/prefix/include/opus -Ithird_party/quickjs-ng src/audio/MusicStream.cpp
36 warnings generated.
/home/bradley/.local/share/glob2/development/toolchains/emscripten/Linux-x86_64-88a621bc131cd4954413aa39/upstream/emscripten/em++ -o build/emscripten/client/release/obj/src/audio/MusicProducer.cpp.o -c -std=gnu++20 -fwasm-exceptions -g2 -O2 --use-port=zlib -DHAVE_CONFIG_H -DGLOB2_OFFICIAL_INSTANCE_ORIGIN=\"https://app.glob2online.com\" -DGLOB2_OFFICIAL_INSTANCE_FORMER_ORIGINS=\"https://glob2online.com\" -Ibuild/emscripten/client/release/include -Ibuild/emscripten/client/release/sdl3/prefix/include -Ilibgag/include -I. -Ilibusl/src -Isrc -Isrc/ai -Isrc/hud -Isrc/app -Isrc/game/player -Isrc/team -Isrc/common -Isrc/map -Isrc/game -Isrc/campaign -Isrc/campaign/screens -Isrc/replay -Isrc/game/screens -Isrc/render/clouds -Isrc/ui/screens -Isrc/game/rules -Isrc/game/diagnostics -Isrc/map/editor/screens -Isrc/engine -Isrc/ui -Isrc/map/preview -Isrc/app/cli -Isrc/net/lan/screens -Isrc/online -Isrc/map/tools -Isrc/scripting/map -Isrc/render/overlay -Isrc/audio -Isrc/online/screens -Isrc/game/orders -Isrc/resource -Isrc/ui/settings -Isrc/team/stats -Isrc/render/torus -Isrc/ai/simple -Isrc/ai/castor -Isrc/ai/javascript -Isrc/ai/nicowar -Isrc/ai/numbi -Isrc/ai/telemetry -Isrc/ai/warrush -Isrc/ai/maxima -Isrc/building -Isrc/building/types -Isrc/unit/types -Isrc/building/hud -Isrc/net -Isrc/hud/draw -Isrc/hud/input -Isrc/hud/touch -Isrc/net/turn -Isrc/unit -Isrc/map/editor -Isrc/map/generator -Isrc/map/generator/compatibility -Isrc/map/generator/core -Isrc/map/generator/generators -Isrc/map/generator/shared -Isrc/map/generator/shared/legacy -Isrc/map/gradient -Isrc/map/io -Isrc/net/lan -Isrc/net/message -Isrc/scripting/sgsl -Ithird_party/nlohmann-json/include -Ibuild/emscripten/client/release/opus/prefix/include -Ibuild/emscripten/client/release/opus/prefix/include/opus -Ithird_party/quickjs-ng src/audio/MusicProducer.cpp
36 warnings generated.
36 warnings generated.
/home/bradley/.local/share/glob2/development/toolchains/emscripten/Linux-x86_64-88a621bc131cd4954413aa39/upstream/emscripten/em++ -o build/emscripten/client/release/obj/src/audio/MusicLibrary.cpp.o -c -std=gnu++20 -fwasm-exceptions -g2 -O2 --use-port=zlib -DHAVE_CONFIG_H -DGLOB2_OFFICIAL_INSTANCE_ORIGIN=\"https://app.glob2online.com\" -DGLOB2_OFFICIAL_INSTANCE_FORMER_ORIGINS=\"https://glob2online.com\" -Ibuild/emscripten/client/release/include -Ibuild/emscripten/client/release/sdl3/prefix/include -Ilibgag/include -I. -Ilibusl/src -Isrc -Isrc/ai -Isrc/hud -Isrc/app -Isrc/game/player -Isrc/team -Isrc/common -Isrc/map -Isrc/game -Isrc/campaign -Isrc/campaign/screens -Isrc/replay -Isrc/game/screens -Isrc/render/clouds -Isrc/ui/screens -Isrc/game/rules -Isrc/game/diagnostics -Isrc/map/editor/screens -Isrc/engine -Isrc/ui -Isrc/map/preview -Isrc/app/cli -Isrc/net/lan/screens -Isrc/online -Isrc/map/tools -Isrc/scripting/map -Isrc/render/overlay -Isrc/audio -Isrc/online/screens -Isrc/game/orders -Isrc/resource -Isrc/ui/settings -Isrc/team/stats -Isrc/render/torus -Isrc/ai/simple -Isrc/ai/castor -Isrc/ai/javascript -Isrc/ai/nicowar -Isrc/ai/numbi -Isrc/ai/telemetry -Isrc/ai/warrush -Isrc/ai/maxima -Isrc/building -Isrc/building/types -Isrc/unit/types -Isrc/building/hud -Isrc/net -Isrc/hud/draw -Isrc/hud/input -Isrc/hud/touch -Isrc/net/turn -Isrc/unit -Isrc/map/editor -Isrc/map/generator -Isrc/map/generator/compatibility -Isrc/map/generator/core -Isrc/map/generator/generators -Isrc/map/generator/shared -Isrc/map/generator/shared/legacy -Isrc/map/gradient -Isrc/map/io -Isrc/net/lan -Isrc/net/message -Isrc/scripting/sgsl -Ithird_party/nlohmann-json/include -Ibuild/emscripten/client/release/opus/prefix/include -Ibuild/emscripten/client/release/opus/prefix/include/opus -Ithird_party/quickjs-ng src/audio/MusicLibrary.cpp
/home/bradley/.local/share/glob2/development/toolchains/emscripten/Linux-x86_64-88a621bc131cd4954413aa39/upstream/emscripten/em++ -o build/emscripten/client/release/obj/src/ui/screens/MusicLibraryScreen.cpp.o -c -std=gnu++20 -fwasm-exceptions -g2 -O2 --use-port=zlib -DHAVE_CONFIG_H -DGLOB2_OFFICIAL_INSTANCE_ORIGIN=\"https://app.glob2online.com\" -DGLOB2_OFFICIAL_INSTANCE_FORMER_ORIGINS=\"https://glob2online.com\" -Ibuild/emscripten/client/release/include -Ibuild/emscripten/client/release/sdl3/prefix/include -Ilibgag/include -I. -Ilibusl/src -Isrc -Isrc/ai -Isrc/hud -Isrc/app -Isrc/game/player -Isrc/team -Isrc/common -Isrc/map -Isrc/game -Isrc/campaign -Isrc/campaign/screens -Isrc/replay -Isrc/game/screens -Isrc/render/clouds -Isrc/ui/screens -Isrc/game/rules -Isrc/game/diagnostics -Isrc/map/editor/screens -Isrc/engine -Isrc/ui -Isrc/map/preview -Isrc/app/cli -Isrc/net/lan/screens -Isrc/online -Isrc/map/tools -Isrc/scripting/map -Isrc/render/overlay -Isrc/audio -Isrc/online/screens -Isrc/game/orders -Isrc/resource -Isrc/ui/settings -Isrc/team/stats -Isrc/render/torus -Isrc/ai/simple -Isrc/ai/castor -Isrc/ai/javascript -Isrc/ai/nicowar -Isrc/ai/numbi -Isrc/ai/telemetry -Isrc/ai/warrush -Isrc/ai/maxima -Isrc/building -Isrc/building/types -Isrc/unit/types -Isrc/building/hud -Isrc/net -Isrc/hud/draw -Isrc/hud/input -Isrc/hud/touch -Isrc/net/turn -Isrc/unit -Isrc/map/editor -Isrc/map/generator -Isrc/map/generator/compatibility -Isrc/map/generator/core -Isrc/map/generator/generators -Isrc/map/generator/shared -Isrc/map/generator/shared/legacy -Isrc/map/gradient -Isrc/map/io -Isrc/net/lan -Isrc/net/message -Isrc/scripting/sgsl -Ithird_party/nlohmann-json/include -Ibuild/emscripten/client/release/opus/prefix/include -Ibuild/emscripten/client/release/opus/prefix/include/opus -Ithird_party/quickjs-ng src/ui/screens/MusicLibraryScreen.cpp
36 warnings generated.
/home/bradley/.local/share/glob2/development/toolchains/emscripten/Linux-x86_64-88a621bc131cd4954413aa39/upstream/emscripten/em++ -o build/emscripten/client/release/obj/src/ui/screens/MusicSetScreen.cpp.o -c -std=gnu++20 -fwasm-exceptions -g2 -O2 --use-port=zlib -DHAVE_CONFIG_H -DGLOB2_OFFICIAL_INSTANCE_ORIGIN=\"https://app.glob2online.com\" -DGLOB2_OFFICIAL_INSTANCE_FORMER_ORIGINS=\"https://glob2online.com\" -Ibuild/emscripten/client/release/include -Ibuild/emscripten/client/release/sdl3/prefix/include -Ilibgag/include -I. -Ilibusl/src -Isrc -Isrc/ai -Isrc/hud -Isrc/app -Isrc/game/player -Isrc/team -Isrc/common -Isrc/map -Isrc/game -Isrc/campaign -Isrc/campaign/screens -Isrc/replay -Isrc/game/screens -Isrc/render/clouds -Isrc/ui/screens -Isrc/game/rules -Isrc/game/diagnostics -Isrc/map/editor/screens -Isrc/engine -Isrc/ui -Isrc/map/preview -Isrc/app/cli -Isrc/net/lan/screens -Isrc/online -Isrc/map/tools -Isrc/scripting/map -Isrc/render/overlay -Isrc/audio -Isrc/online/screens -Isrc/game/orders -Isrc/resource -Isrc/ui/settings -Isrc/team/stats -Isrc/render/torus -Isrc/ai/simple -Isrc/ai/castor -Isrc/ai/javascript -Isrc/ai/nicowar -Isrc/ai/numbi -Isrc/ai/telemetry -Isrc/ai/warrush -Isrc/ai/maxima -Isrc/building -Isrc/building/types -Isrc/unit/types -Isrc/building/hud -Isrc/net -Isrc/hud/draw -Isrc/hud/input -Isrc/hud/touch -Isrc/net/turn -Isrc/unit -Isrc/map/editor -Isrc/map/generator -Isrc/map/generator/compatibility -Isrc/map/generator/core -Isrc/map/generator/generators -Isrc/map/generator/shared -Isrc/map/generator/shared/legacy -Isrc/map/gradient -Isrc/map/io -Isrc/net/lan -Isrc/net/message -Isrc/scripting/sgsl -Ithird_party/nlohmann-json/include -Ibuild/emscripten/client/release/opus/prefix/include -Ibuild/emscripten/client/release/opus/prefix/include/opus -Ithird_party/quickjs-ng src/ui/screens/MusicSetScreen.cpp
/home/bradley/.local/share/glob2/development/toolchains/emscripten/Linux-x86_64-88a621bc131cd4954413aa39/upstream/emscripten/em++ -o build/emscripten/client/release/obj/src/app/Application.cpp.o -c -std=gnu++20 -fwasm-exceptions -g2 -O2 --use-port=zlib -DHAVE_CONFIG_H -DGLOB2_OFFICIAL_INSTANCE_ORIGIN=\"https://app.glob2online.com\" -DGLOB2_OFFICIAL_INSTANCE_FORMER_ORIGINS=\"https://glob2online.com\" -Ibuild/emscripten/client/release/include -Ibuild/emscripten/client/release/sdl3/prefix/include -Ilibgag/include -I. -Ilibusl/src -Isrc -Isrc/ai -Isrc/hud -Isrc/app -Isrc/game/player -Isrc/team -Isrc/common -Isrc/map -Isrc/game -Isrc/campaign -Isrc/campaign/screens -Isrc/replay -Isrc/game/screens -Isrc/render/clouds -Isrc/ui/screens -Isrc/game/rules -Isrc/game/diagnostics -Isrc/map/editor/screens -Isrc/engine -Isrc/ui -Isrc/map/preview -Isrc/app/cli -Isrc/net/lan/screens -Isrc/online -Isrc/map/tools -Isrc/scripting/map -Isrc/render/overlay -Isrc/audio -Isrc/online/screens -Isrc/game/orders -Isrc/resource -Isrc/ui/settings -Isrc/team/stats -Isrc/render/torus -Isrc/ai/simple -Isrc/ai/castor -Isrc/ai/javascript -Isrc/ai/nicowar -Isrc/ai/numbi -Isrc/ai/telemetry -Isrc/ai/warrush -Isrc/ai/maxima -Isrc/building -Isrc/building/types -Isrc/unit/types -Isrc/building/hud -Isrc/net -Isrc/hud/draw -Isrc/hud/input -Isrc/hud/touch -Isrc/net/turn -Isrc/unit -Isrc/map/editor -Isrc/map/generator -Isrc/map/generator/compatibility -Isrc/map/generator/core -Isrc/map/generator/generators -Isrc/map/generator/shared -Isrc/map/generator/shared/legacy -Isrc/map/gradient -Isrc/map/io -Isrc/net/lan -Isrc/net/message -Isrc/scripting/sgsl -Ithird_party/nlohmann-json/include -Ibuild/emscripten/client/release/opus/prefix/include -Ibuild/emscripten/client/release/opus/prefix/include/opus -Ithird_party/quickjs-ng src/app/Application.cpp
/home/bradley/.local/share/glob2/development/toolchains/emscripten/Linux-x86_64-88a621bc131cd4954413aa39/upstream/emscripten/em++ -o build/emscripten/client/release/obj/src/game/screens/GameSessionScreen.cpp.o -c -std=gnu++20 -fwasm-exceptions -g2 -O2 --use-port=zlib -DHAVE_CONFIG_H -DGLOB2_OFFICIAL_INSTANCE_ORIGIN=\"https://app.glob2online.com\" -DGLOB2_OFFICIAL_INSTANCE_FORMER_ORIGINS=\"https://glob2online.com\" -Ibuild/emscripten/client/release/include -Ibuild/emscripten/client/release/sdl3/prefix/include -Ilibgag/include -I. -Ilibusl/src -Isrc -Isrc/ai -Isrc/hud -Isrc/app -Isrc/game/player -Isrc/team -Isrc/common -Isrc/map -Isrc/game -Isrc/campaign -Isrc/campaign/screens -Isrc/replay -Isrc/game/screens -Isrc/render/clouds -Isrc/ui/screens -Isrc/game/rules -Isrc/game/diagnostics -Isrc/map/editor/screens -Isrc/engine -Isrc/ui -Isrc/map/preview -Isrc/app/cli -Isrc/net/lan/screens -Isrc/online -Isrc/map/tools -Isrc/scripting/map -Isrc/render/overlay -Isrc/audio -Isrc/online/screens -Isrc/game/orders -Isrc/resource -Isrc/ui/settings -Isrc/team/stats -Isrc/render/torus -Isrc/ai/simple -Isrc/ai/castor -Isrc/ai/javascript -Isrc/ai/nicowar -Isrc/ai/numbi -Isrc/ai/telemetry -Isrc/ai/warrush -Isrc/ai/maxima -Isrc/building -Isrc/building/types -Isrc/unit/types -Isrc/building/hud -Isrc/net -Isrc/hud/draw -Isrc/hud/input -Isrc/hud/touch -Isrc/net/turn -Isrc/unit -Isrc/map/editor -Isrc/map/generator -Isrc/map/generator/compatibility -Isrc/map/generator/core -Isrc/map/generator/generators -Isrc/map/generator/shared -Isrc/map/generator/shared/legacy -Isrc/map/gradient -Isrc/map/io -Isrc/net/lan -Isrc/net/message -Isrc/scripting/sgsl -Ithird_party/nlohmann-json/include -Ibuild/emscripten/client/release/opus/prefix/include -Ibuild/emscripten/client/release/opus/prefix/include/opus -Ithird_party/quickjs-ng src/game/screens/GameSessionScreen.cpp
36 warnings generated.
/home/bradley/.local/share/glob2/development/toolchains/emscripten/Linux-x86_64-88a621bc131cd4954413aa39/upstream/emscripten/em++ -o build/emscripten/client/release/obj/browser/Audio.cpp.o -c -std=gnu++20 -fwasm-exceptions -g2 -O2 --use-port=zlib -DHAVE_CONFIG_H -DGLOB2_OFFICIAL_INSTANCE_ORIGIN=\"https://app.glob2online.com\" -DGLOB2_OFFICIAL_INSTANCE_FORMER_ORIGINS=\"https://glob2online.com\" -Ibuild/emscripten/client/release/include -Ibuild/emscripten/client/release/sdl3/prefix/include -Ilibgag/include -I. -Ilibusl/src -Isrc -Isrc/ai -Isrc/hud -Isrc/app -Isrc/game/player -Isrc/team -Isrc/common -Isrc/map -Isrc/game -Isrc/campaign -Isrc/campaign/screens -Isrc/replay -Isrc/game/screens -Isrc/render/clouds -Isrc/ui/screens -Isrc/game/rules -Isrc/game/diagnostics -Isrc/map/editor/screens -Isrc/engine -Isrc/ui -Isrc/map/preview -Isrc/app/cli -Isrc/net/lan/screens -Isrc/online -Isrc/map/tools -Isrc/scripting/map -Isrc/render/overlay -Isrc/audio -Isrc/online/screens -Isrc/game/orders -Isrc/resource -Isrc/ui/settings -Isrc/team/stats -Isrc/render/torus -Isrc/ai/simple -Isrc/ai/castor -Isrc/ai/javascript -Isrc/ai/nicowar -Isrc/ai/numbi -Isrc/ai/telemetry -Isrc/ai/warrush -Isrc/ai/maxima -Isrc/building -Isrc/building/types -Isrc/unit/types -Isrc/building/hud -Isrc/net -Isrc/hud/draw -Isrc/hud/input -Isrc/hud/touch -Isrc/net/turn -Isrc/unit -Isrc/map/editor -Isrc/map/generator -Isrc/map/generator/compatibility -Isrc/map/generator/core -Isrc/map/generator/generators -Isrc/map/generator/shared -Isrc/map/generator/shared/legacy -Isrc/map/gradient -Isrc/map/io -Isrc/net/lan -Isrc/net/message -Isrc/scripting/sgsl -Ithird_party/nlohmann-json/include -Ibuild/emscripten/client/release/opus/prefix/include -Ibuild/emscripten/client/release/opus/prefix/include/opus -Ithird_party/quickjs-ng browser/Audio.cpp
36 warnings generated.
In file included from src/ui/screens/MusicLibraryScreen.cpp:2:
In file included from src/ui/screens/MusicUI.h:3:
In file included from src/ui/FrontendUI.h:3:
In file included from libgag/include/ui/Screen.h:3:
In file included from libgag/include/ui/Host.h:4:
In file included from libgag/include/ui/Element.h:3:
In file included from libgag/include/ui/Canvas.h:3:
In file included from libgag/include/ui/TextLayout.h:3:
In file included from libgag/include/ui/Theme.h:6:
In file included from libgag/include/GraphicContext.h:6:
libgag/include/SDLGraphicContext.h:545:16: warning: 'setRes' overrides a member function but is not marked 'override' [-Winconsistent-missing-override]
  545 |                 virtual void setRes(int w, int h) { setRes(w, h, optionFlags); }
      |                              ^
libgag/include/SDLGraphicContext.h:244:16: note: overridden virtual function is here
  244 |                 virtual void setRes(int w, int h);
      |                              ^
libgag/include/SDLGraphicContext.h:621:16: warning: 'setClipRect' overrides a member function but is not marked 'override' [-Winconsistent-missing-override]
  621 |                 virtual void setClipRect(int x, int y, int w, int h);
      |                              ^
libgag/include/SDLGraphicContext.h:246:16: note: overridden virtual function is here
  246 |                 virtual void setClipRect(int x, int y, int w, int h);
      |                              ^
libgag/include/SDLGraphicContext.h:622:16: warning: 'setClipRect' overrides a member function but is not marked 'override' [-Winconsistent-missing-override]
  622 |                 virtual void setClipRect(void);
      |                              ^
libgag/include/SDLGraphicContext.h:247:16: note: overridden virtual function is here
  247 |                 virtual void setClipRect(void);
      |                              ^
libgag/include/SDLGraphicContext.h:627:22: warning: 'nextFrame' overrides a member function but is not marked 'override' [-Winconsistent-missing-override]
  627 |         virtual void nextFrame(void);
      |                      ^
libgag/include/SDLGraphicContext.h:248:16: note: overridden virtual function is here
  248 |                 virtual void nextFrame(void) { flushTextPictures(); }
      |                              ^
libgag/include/SDLGraphicContext.h:629:16: warning: 'loadImage' overrides a member function but is not marked 'override' [-Winconsistent-missing-override]
  629 |                 virtual bool loadImage(const std::string name) { return false; }
      |                              ^
libgag/include/SDLGraphicContext.h:249:16: note: overridden virtual function is here
  249 |                 virtual bool loadImage(const std::string name);
      |                              ^
libgag/include/SDLGraphicContext.h:633:16: warning: 'shiftHSV' overrides a member function but is not marked 'override' [-Winconsistent-missing-override]
  633 |                 virtual void shiftHSV(float hue, float sat, float lum) { }
      |                              ^
libgag/include/SDLGraphicContext.h:250:16: note: overridden virtual function is here
  250 |                 virtual void shiftHSV(float hue, float sat, float lum);
      |                              ^
libgag/include/SDLGraphicContext.h:636:16: warning: 'canDrawStretchedSprite' overrides a member function but is not marked 'override' [-Winconsistent-missing-override]
  636 |                 virtual bool canDrawStretchedSprite(void) { return hasPortableRenderer() || (optionFlags & USEGPU) != 0; }
      |                              ^
libgag/include/SDLGraphicContext.h:268:16: note: overridden virtual function is here
  268 |                 virtual bool canDrawStretchedSprite(void) { return false; }
      |                              ^
libgag/include/SDLGraphicContext.h:638:16: warning: 'drawPixel' overrides a member function but is not marked 'override' [-Winconsistent-missing-override]
  638 |                 virtual void drawPixel(int x, int y, const Color& color);
      |                              ^
libgag/include/SDLGraphicContext.h:271:16: note: overridden virtual function is here
  271 |                 virtual void drawPixel(int x, int y, const Color& color);
      |                              ^
libgag/include/SDLGraphicContext.h:639:16: warning: 'drawPixel' overrides a member function but is not marked 'override' [-Winconsistent-missing-override]
  639 |                 virtual void drawPixel(float x, float y, const Color& color);
      |                              ^
libgag/include/SDLGraphicContext.h:272:16: note: overridden virtual function is here
  272 |                 virtual void drawPixel(float x, float y, const Color& color);
      |                              ^
libgag/include/SDLGraphicContext.h:641:16: warning: 'drawRect' overrides a member function but is not marked 'override' [-Winconsistent-missing-override]
  641 |                 virtual void drawRect(int x, int y, int w, int h, const Color& color);
      |                              ^
libgag/include/SDLGraphicContext.h:274:16: note: overridden virtual function is here
  274 |                 virtual void drawRect(int x, int y, int w, int h, const Color& color);
      |                              ^
libgag/include/SDLGraphicContext.h:642:16: warning: 'drawRect' overrides a member function but is not marked 'override' [-Winconsistent-missing-override]
  642 |                 virtual void drawRect(float x, float y, float w, float h, const Color& color);
      |                              ^
libgag/include/SDLGraphicContext.h:275:16: note: overridden virtual function is here
  275 |                 virtual void drawRect(float x, float y, float w, float h, const Color& color);
      |                              ^
libgag/include/SDLGraphicContext.h:644:16: warning: 'drawFilledRect' overrides a member function but is not marked 'override' [-Winconsistent-missing-override]
  644 |                 virtual void drawFilledRect(int x, int y, int w, int h, const Color& color);
      |                              ^
libgag/include/SDLGraphicContext.h:277:16: note: overridden virtual function is here
  277 |                 virtual void drawFilledRect(int x, int y, int w, int h, const Color& color);
      |                              ^
libgag/include/SDLGraphicContext.h:645:16: warning: 'drawFilledRect' overrides a member function but is not marked 'override' [-Winconsistent-missing-override]
  645 |                 virtual void drawFilledRect(float x, float y, float w, float h, const Color& color);
      |                              ^
libgag/include/SDLGraphicContext.h:278:16: note: overridden virtual function is here
  278 |                 virtual void drawFilledRect(float x, float y, float w, float h, const Color& color);
      |                              ^
libgag/include/SDLGraphicContext.h:647:16: warning: 'drawLine' overrides a member function but is not marked 'override' [-Winconsistent-missing-override]
  647 |                 virtual void drawLine(int x1, int y1, int x2, int y2, const Color& color);
      |                              ^
libgag/include/SDLGraphicContext.h:280:16: note: overridden virtual function is here
  280 |                 virtual void drawLine(int x1, int y1, int x2, int y2, const Color& color);
      |                              ^
libgag/include/SDLGraphicContext.h:648:16: warning: 'drawLine' overrides a member function but is not marked 'override' [-Winconsistent-missing-override]
  648 |                 virtual void drawLine(float x1, float y1, float x2, float y2, const Color& color);
      |                              ^
libgag/include/SDLGraphicContext.h:281:16: note: overridden virtual function is here
  281 |                 virtual void drawLine(float x1, float y1, float x2, float y2, const Color& color);
      |                              ^
libgag/include/SDLGraphicContext.h:650:16: warning: 'drawCircle' overrides a member function but is not marked 'override' [-Winconsistent-missing-override]
  650 |                 virtual void drawCircle(int x, int y, int radius, const Color& color);
      |                              ^
libgag/include/SDLGraphicContext.h:283:16: note: overridden virtual function is here
  283 |                 virtual void drawCircle(int x, int y, int radius, const Color& color);
      |                              ^
libgag/include/SDLGraphicContext.h:651:16: warning: 'drawCircle' overrides a member function but is not marked 'override' [-Winconsistent-missing-override]
  651 |                 virtual void drawCircle(float x, float y, float radius, const Color& color);
      |                              ^
libgag/include/SDLGraphicContext.h:284:16: note: overridden virtual function is here
  284 |                 virtual void drawCircle(float x, float y, float radius, const Color& color);
      |                              ^
libgag/include/SDLGraphicContext.h:653:16: warning: 'drawSurface' overrides a member function but is not marked 'override' [-Winconsistent-missing-override]
  653 |                 virtual void drawSurface(int x, int y, DrawableSurface *surface, Uint8 alpha = Color::ALPHA_OPAQUE);
      |                              ^
libgag/include/SDLGraphicContext.h:286:16: note: overridden virtual function is here
  286 |                 virtual void drawSurface(int x, int y, DrawableSurface *surface, Uint8 alpha = Color::ALPHA_OPAQUE);
      |                              ^
libgag/include/SDLGraphicContext.h:654:16: warning: 'drawSurface' overrides a member function but is not marked 'override' [-Winconsistent-missing-override]
  654 |                 virtual void drawSurface(float x, float y, DrawableSurface *surface, Uint8 alpha = Color::ALPHA_OPAQUE);
      |                              ^
libgag/include/SDLGraphicContext.h:287:16: note: overridden virtual function is here
  287 |                 virtual void drawSurface(float x, float y, DrawableSurface *surface, Uint8 alpha = Color::ALPHA_OPAQUE);
      |                              ^
libgag/include/SDLGraphicContext.h:656:16: warning: 'drawSurface' overrides a member function but is not marked 'override' [-Winconsistent-missing-override]
  656 |                 virtual void drawSurface(int x, int y, int w, int h, DrawableSurface *surface, Uint8 alpha = Color::ALPHA_OPAQUE);
      |                              ^
libgag/include/SDLGraphicContext.h:289:16: note: overridden virtual function is here
  289 |                 virtual void drawSurface(int x, int y, int w, int h, DrawableSurface *surface, Uint8 alpha = Color::ALPHA_OPAQUE);
      |                              ^
libgag/include/SDLGraphicContext.h:657:16: warning: 'drawSurface' overrides a member function but is not marked 'override' [-Winconsistent-missing-override]
  657 |                 virtual void drawSurface(float x, float y, float w, float h, DrawableSurface *surface, Uint8 alpha = Color::ALPHA_OPAQUE);
      |                              ^
libgag/include/SDLGraphicContext.h:290:16: note: overridden virtual function is here
  290 |                 virtual void drawSurface(float x, float y, float w, float h, DrawableSurface *surface, Uint8 alpha = Color::ALPHA_OPAQUE);
      |                              ^
libgag/include/SDLGraphicContext.h:659:16: warning: 'drawSurface' overrides a member function but is not marked 'override' [-Winconsistent-missing-override]
  659 |                 virtual void drawSurface(int x, int y, DrawableSurface *surface, int sx, int sy, int sw, int sh, Uint8 alpha = Color::ALPHA_OPAQUE);
      |                              ^
libgag/include/SDLGraphicContext.h:292:16: note: overridden virtual function is here
  292 |                 virtual void drawSurface(int x, int y, DrawableSurface *surface, int sx, int sy, int sw, int sh, Uint8 alpha = Color::ALPHA_OPAQUE);
      |                              ^
libgag/include/SDLGraphicContext.h:660:16: warning: 'drawSurface' overrides a member function but is not marked 'override' [-Winconsistent-missing-override]
  660 |                 virtual void drawSurface(float x, float y, DrawableSurface *surface, int sx, int sy, int sw, int sh, Uint8 alpha = Color::ALPHA_OPAQUE);
      |                              ^
libgag/include/SDLGraphicContext.h:293:16: note: overridden virtual function is here
  293 |                 virtual void drawSurface(float x, float y, DrawableSurface *surface, int sx, int sy, int sw, int sh, Uint8 alpha = Color::ALPHA_OPAQUE);
      |                              ^
libgag/include/SDLGraphicContext.h:662:16: warning: 'drawSurface' overrides a member function but is not marked 'override' [-Winconsistent-missing-override]
  662 |                 virtual void drawSurface(int x, int y, int w, int h, DrawableSurface *surface, int sx, int sy, int sw, int sh,  Uint8 alpha = Color::ALPHA_OPAQUE);
      |                              ^
libgag/include/SDLGraphicContext.h:295:16: note: overridden virtual function is here
  295 |                 virtual void drawSurface(int x, int y, int w, int h, DrawableSurface *surface, int sx, int sy, int sw, int sh,  Uint8 alpha = Color::ALPHA_OPAQUE);
      |                              ^
libgag/include/SDLGraphicContext.h:663:16: warning: 'drawSurface' overrides a member function but is not marked 'override' [-Winconsistent-missing-override]
  663 |                 virtual void drawSurface(float x, float y, float w, float h, DrawableSurface *surface, int sx, int sy, int sw, int sh, Uint8 alpha = Color::ALPHA_OPAQUE);
      |                              ^
libgag/include/SDLGraphicContext.h:296:16: note: overridden virtual function is here
  296 |                 virtual void drawSurface(float x, float y, float w, float h, DrawableSurface *surface, int sx, int sy, int sw, int sh, Uint8 alpha = Color::ALPHA_OPAQUE);
      |                              ^
libgag/include/SDLGraphicContext.h:692:16: warning: 'drawAlphaMap' overrides a member function but is not marked 'override' [-Winconsistent-missing-override]
  692 |                 virtual void drawAlphaMap(const std::valarray<float> &map, int mapW, int mapH, int x, int y, int cellW, int cellH, const Color &color);
      |                              ^
libgag/include/SDLGraphicContext.h:309:16: note: overridden virtual function is here
  309 |                 virtual void drawAlphaMap(const std::valarray<float> &map, int mapW, int mapH, int x, int y, int cellW, int cellH, const Color &color);
      |                              ^
libgag/include/SDLGraphicContext.h:693:16: warning: 'drawAlphaMap' overrides a member function but is not marked 'override' [-Winconsistent-missing-override]
  693 |                 virtual void drawAlphaMap(const std::valarray<unsigned char> &map, int mapW, int mapH, int x, int y, int cellW, int cellH, const Color &color);
      |                              ^
libgag/include/SDLGraphicContext.h:310:16: note: overridden virtual function is here
  310 |                 virtual void drawAlphaMap(const std::valarray<unsigned char> &map, int mapW, int mapH, int x, int y, int cellW, int cellH, const Color &color);
      |                              ^
libgag/include/SDLGraphicContext.h:696:16: warning: 'drawPixel' overrides a member function but is not marked 'override' [-Winconsistent-missing-override]
  696 |                 virtual void drawPixel(int x, int y, Uint8 r, Uint8 g, Uint8 b, Uint8 a = Color::ALPHA_OPAQUE);
      |                              ^
libgag/include/SDLGraphicContext.h:313:16: note: overridden virtual function is here
  313 |                 virtual void drawPixel(int x, int y, Uint8 r, Uint8 g, Uint8 b, Uint8 a = Color::ALPHA_OPAQUE);
      |                              ^
libgag/include/SDLGraphicContext.h:697:16: warning: 'drawRect' overrides a member function but is not marked 'override' [-Winconsistent-missing-override]
  697 |                 virtual void drawRect(int x, int y, int w, int h, Uint8 r, Uint8 g, Uint8 b, Uint8 a = Color::ALPHA_OPAQUE);
      |                              ^
libgag/include/SDLGraphicContext.h:314:16: note: overridden virtual function is here
  314 |                 virtual void drawRect(int x, int y, int w, int h, Uint8 r, Uint8 g, Uint8 b, Uint8 a = Color::ALPHA_OPAQUE);
      |                              ^
libgag/include/SDLGraphicContext.h:698:16: warning: 'drawFilledRect' overrides a member function but is not marked 'override' [-Winconsistent-missing-override]
  698 |                 virtual void drawFilledRect(int x, int y, int w, int h, Uint8 r, Uint8 g, Uint8 b, Uint8 a = Color::ALPHA_OPAQUE);
      |                              ^
libgag/include/SDLGraphicContext.h:315:16: note: overridden virtual function is here
  315 |                 virtual void drawFilledRect(int x, int y, int w, int h, Uint8 r, Uint8 g, Uint8 b, Uint8 a = Color::ALPHA_OPAQUE);
      |                              ^
libgag/include/SDLGraphicContext.h:699:16: warning: 'drawVertLine' overrides a member function but is not marked 'override' [-Winconsistent-missing-override]
  699 |                 virtual void drawVertLine(int x, int y, int l, Uint8 r, Uint8 g, Uint8 b, Uint8 a = Color::ALPHA_OPAQUE);
      |                              ^
libgag/include/SDLGraphicContext.h:316:16: note: overridden virtual function is here
  316 |                 virtual void drawVertLine(int x, int y, int l, Uint8 r, Uint8 g, Uint8 b, Uint8 a = Color::ALPHA_OPAQUE);
      |                              ^
libgag/include/SDLGraphicContext.h:700:16: warning: 'drawVertLine' overrides a member function but is not marked 'override' [-Winconsistent-missing-override]
  700 |                 virtual void drawVertLine(int x, int y, int l, const Color& color);
      |                              ^
libgag/include/SDLGraphicContext.h:317:16: note: overridden virtual function is here
  317 |                 virtual void drawVertLine(int x, int y, int l, const Color& color);
      |                              ^
libgag/include/SDLGraphicContext.h:701:16: warning: 'drawHorzLine' overrides a member function but is not marked 'override' [-Winconsistent-missing-override]
  701 |                 virtual void drawHorzLine(int x, int y, int l, Uint8 r, Uint8 g, Uint8 b, Uint8 a = Color::ALPHA_OPAQUE);
      |                              ^
libgag/include/SDLGraphicContext.h:318:16: note: overridden virtual function is here
  318 |                 virtual void drawHorzLine(int x, int y, int l, Uint8 r, Uint8 g, Uint8 b, Uint8 a = Color::ALPHA_OPAQUE);
      |                              ^
libgag/include/SDLGraphicContext.h:702:16: warning: 'drawHorzLine' overrides a member function but is not marked 'override' [-Winconsistent-missing-override]
  702 |                 virtual void drawHorzLine(int x, int y, int l, const Color& color);
      |                              ^
libgag/include/SDLGraphicContext.h:319:16: note: overridden virtual function is here
  319 |                 virtual void drawHorzLine(int x, int y, int l, const Color& color);
      |                              ^
libgag/include/SDLGraphicContext.h:703:16: warning: 'drawLine' overrides a member function but is not marked 'override' [-Winconsistent-missing-override]
  703 |                 virtual void drawLine(int x1, int y1, int x2, int y2, Uint8 r, Uint8 g, Uint8 b, Uint8 a = Color::ALPHA_OPAQUE);
      |                              ^
libgag/include/SDLGraphicContext.h:320:16: note: overridden virtual function is here
  320 |                 virtual void drawLine(int x1, int y1, int x2, int y2, Uint8 r, Uint8 g, Uint8 b, Uint8 a = Color::ALPHA_OPAQUE);
      |                              ^
libgag/include/SDLGraphicContext.h:704:16: warning: 'drawCircle' overrides a member function but is not marked 'override' [-Winconsistent-missing-override]
  704 |                 virtual void drawCircle(int x, int y, int radius, Uint8 r, Uint8 g, Uint8 b, Uint8 a = Color::ALPHA_OPAQUE);
      |                              ^
libgag/include/SDLGraphicContext.h:321:16: note: overridden virtual function is here
  321 |                 virtual void drawCircle(int x, int y, int radius, Uint8 r, Uint8 g, Uint8 b, Uint8 a = Color::ALPHA_OPAQUE);
      |                              ^
In file included from src/ui/screens/MusicSetScreen.cpp:2:
In file included from src/ui/screens/MusicUI.h:3:
In file included from src/ui/FrontendUI.h:3:
In file included from libgag/include/ui/Screen.h:3:
In file included from libgag/include/ui/Host.h:4:
In file included from libgag/include/ui/Element.h:3:
In file included from libgag/include/ui/Canvas.h:3:
In file included from libgag/include/ui/TextLayout.h:3:
In file included from libgag/include/ui/Theme.h:6:
In file included from libgag/include/GraphicContext.h:6:
libgag/include/SDLGraphicContext.h:545:16: warning: 'setRes' overrides a member function but is not marked 'override' [-Winconsistent-missing-override]
  545 |                 virtual void setRes(int w, int h) { setRes(w, h, optionFlags); }
      |                              ^
libgag/include/SDLGraphicContext.h:244:16: note: overridden virtual function is here
  244 |                 virtual void setRes(int w, int h);
      |                              ^
libgag/include/SDLGraphicContext.h:621:16: warning: 'setClipRect' overrides a member function but is not marked 'override' [-Winconsistent-missing-override]
  621 |                 virtual void setClipRect(int x, int y, int w, int h);
      |                              ^
libgag/include/SDLGraphicContext.h:246:16: note: overridden virtual function is here
  246 |                 virtual void setClipRect(int x, int y, int w, int h);
      |                              ^
libgag/include/SDLGraphicContext.h:622:16: warning: 'setClipRect' overrides a member function but is not marked 'override' [-Winconsistent-missing-override]
  622 |                 virtual void setClipRect(void);
      |                              ^
libgag/include/SDLGraphicContext.h:247:16: note: overridden virtual function is here
  247 |                 virtual void setClipRect(void);
      |                              ^
libgag/include/SDLGraphicContext.h:627:22: warning: 'nextFrame' overrides a member function but is not marked 'override' [-Winconsistent-missing-override]
  627 |         virtual void nextFrame(void);
      |                      ^
libgag/include/SDLGraphicContext.h:248:16: note: overridden virtual function is here
  248 |                 virtual void nextFrame(void) { flushTextPictures(); }
      |                              ^
libgag/include/SDLGraphicContext.h:629:16: warning: 'loadImage' overrides a member function but is not marked 'override' [-Winconsistent-missing-override]
  629 |                 virtual bool loadImage(const std::string name) { return false; }
      |                              ^
libgag/include/SDLGraphicContext.h:249:16: note: overridden virtual function is here
  249 |                 virtual bool loadImage(const std::string name);
      |                              ^
libgag/include/SDLGraphicContext.h:633:16: warning: 'shiftHSV' overrides a member function but is not marked 'override' [-Winconsistent-missing-override]
  633 |                 virtual void shiftHSV(float hue, float sat, float lum) { }
      |                              ^
libgag/include/SDLGraphicContext.h:250:16: note: overridden virtual function is here
  250 |                 virtual void shiftHSV(float hue, float sat, float lum);
      |                              ^
libgag/include/SDLGraphicContext.h:636:16: warning: 'canDrawStretchedSprite' overrides a member function but is not marked 'override' [-Winconsistent-missing-override]
  636 |                 virtual bool canDrawStretchedSprite(void) { return hasPortableRenderer() || (optionFlags & USEGPU) != 0; }
      |                              ^
libgag/include/SDLGraphicContext.h:268:16: note: overridden virtual function is here
  268 |                 virtual bool canDrawStretchedSprite(void) { return false; }
      |                              ^
libgag/include/SDLGraphicContext.h:638:16: warning: 'drawPixel' overrides a member function but is not marked 'override' [-Winconsistent-missing-override]
  638 |                 virtual void drawPixel(int x, int y, const Color& color);
      |                              ^
libgag/include/SDLGraphicContext.h:271:16: note: overridden virtual function is here
  271 |                 virtual void drawPixel(int x, int y, const Color& color);
      |                              ^
libgag/include/SDLGraphicContext.h:639:16: warning: 'drawPixel' overrides a member function but is not marked 'override' [-Winconsistent-missing-override]
  639 |                 virtual void drawPixel(float x, float y, const Color& color);
      |                              ^
libgag/include/SDLGraphicContext.h:272:16: note: overridden virtual function is here
  272 |                 virtual void drawPixel(float x, float y, const Color& color);
      |                              ^
libgag/include/SDLGraphicContext.h:641:16: warning: 'drawRect' overrides a member function but is not marked 'override' [-Winconsistent-missing-override]
  641 |                 virtual void drawRect(int x, int y, int w, int h, const Color& color);
      |                              ^
libgag/include/SDLGraphicContext.h:274:16: note: overridden virtual function is here
  274 |                 virtual void drawRect(int x, int y, int w, int h, const Color& color);
      |                              ^
libgag/include/SDLGraphicContext.h:642:16: warning: 'drawRect' overrides a member function but is not marked 'override' [-Winconsistent-missing-override]
  642 |                 virtual void drawRect(float x, float y, float w, float h, const Color& color);
      |                              ^
libgag/include/SDLGraphicContext.h:275:16: note: overridden virtual function is here
  275 |                 virtual void drawRect(float x, float y, float w, float h, const Color& color);
      |                              ^
libgag/include/SDLGraphicContext.h:644:16: warning: 'drawFilledRect' overrides a member function but is not marked 'override' [-Winconsistent-missing-override]
  644 |                 virtual void drawFilledRect(int x, int y, int w, int h, const Color& color);
      |                              ^
libgag/include/SDLGraphicContext.h:277:16: note: overridden virtual function is here
  277 |                 virtual void drawFilledRect(int x, int y, int w, int h, const Color& color);
      |                              ^
libgag/include/SDLGraphicContext.h:645:16: warning: 'drawFilledRect' overrides a member function but is not marked 'override' [-Winconsistent-missing-override]
  645 |                 virtual void drawFilledRect(float x, float y, float w, float h, const Color& color);
      |                              ^
libgag/include/SDLGraphicContext.h:278:16: note: overridden virtual function is here
  278 |                 virtual void drawFilledRect(float x, float y, float w, float h, const Color& color);
      |                              ^
libgag/include/SDLGraphicContext.h:647:16: warning: 'drawLine' overrides a member function but is not marked 'override' [-Winconsistent-missing-override]
  647 |                 virtual void drawLine(int x1, int y1, int x2, int y2, const Color& color);
      |                              ^
libgag/include/SDLGraphicContext.h:280:16: note: overridden virtual function is here
  280 |                 virtual void drawLine(int x1, int y1, int x2, int y2, const Color& color);
      |                              ^
libgag/include/SDLGraphicContext.h:648:16: warning: 'drawLine' overrides a member function but is not marked 'override' [-Winconsistent-missing-override]
  648 |                 virtual void drawLine(float x1, float y1, float x2, float y2, const Color& color);
      |                              ^
libgag/include/SDLGraphicContext.h:281:16: note: overridden virtual function is here
  281 |                 virtual void drawLine(float x1, float y1, float x2, float y2, const Color& color);
      |                              ^
libgag/include/SDLGraphicContext.h:650:16: warning: 'drawCircle' overrides a member function but is not marked 'override' [-Winconsistent-missing-override]
  650 |                 virtual void drawCircle(int x, int y, int radius, const Color& color);
      |                              ^
libgag/include/SDLGraphicContext.h:283:16: note: overridden virtual function is here
  283 |                 virtual void drawCircle(int x, int y, int radius, const Color& color);
      |                              ^
libgag/include/SDLGraphicContext.h:651:16: warning: 'drawCircle' overrides a member function but is not marked 'override' [-Winconsistent-missing-override]
  651 |                 virtual void drawCircle(float x, float y, float radius, const Color& color);
      |                              ^
libgag/include/SDLGraphicContext.h:284:16: note: overridden virtual function is here
  284 |                 virtual void drawCircle(float x, float y, float radius, const Color& color);
      |                              ^
libgag/include/SDLGraphicContext.h:653:16: warning: 'drawSurface' overrides a member function but is not marked 'override' [-Winconsistent-missing-override]
  653 |                 virtual void drawSurface(int x, int y, DrawableSurface *surface, UinIn file included from tsrc/app/Application.cpp8: 3a:
lIn file included from psrc/app/Application.hh:a4 :
=In file included from  libgag/include/ScreenStack.hC:o3l:
oIn file included from rlibgag/include/GUIBase.h:::7A:
LIn file included from Plibgag/include/GraphicContext.hH:A6_:
Olibgag/include/SDLGraphicContext.hP:A545Q:U16E:) ;warning: 
'setRes' overrides a member function but is not marked 'override' [-Winconsistent-missing-override]      
|                              ^
libgag/include/SDLGraphicContext.h:286  :54516 | :                 note: voverridden virtual function is herei
rt  u286a | l                 vvoiirdt usaelt Rveosi(di ndtr aww,S uirnfta che)( i{n ts ext,R eisn(tw ,y ,h ,D roapwtaibolneFSluargfsa)c;e  }*
s      u| r                             ^f
ace, Uilibgag/include/SDLGraphicContext.hn:t2448: 16a:l pnote: hoverridden virtual function is herea
 =   244C | o        lo        rv:i:rAtLuPaHlA _vOoPiAdQ UsEe)t;R
e      s| (                             ^i
nlibgag/include/SDLGraphicContext.ht: 654w:,16 :i nwarning: t'drawSurface' overrides a member function but is not marked 'override' [-Winconsistent-missing-override] 
h)  ;654
 |               |                                      ^v
irtlibgag/include/SDLGraphicContext.hu:a621l: 16v:o iwarning: d'setClipRect' overrides a member function but is not marked 'override' [-Winconsistent-missing-override] 
d  r621a | w        S        uvrifratcuea(lf lvooaitd  xs,e tfClloiaptR eyc,t (Dirnatw axb,l eiSnutr fya,c ei n*ts uwr,f aicnet,  hU)i;n
t      8|                               ^a
llibgag/include/SDLGraphicContext.hp:h246a: 16=:  Cnote: ooverridden virtual function is herel
or  :246: | A        L        PvHiAr_tOuPaAlQ UvEo)i;d
       s| e                             ^t
Clibgag/include/SDLGraphicContext.hl:i287p:R16e:c tnote: (overridden virtual function is herei
nt   287x | ,                 ivnitr tyu,a li nvto iwd,  dirnatw Shu)r;f
a      c| e                             ^(
fllibgag/include/SDLGraphicContext.ho:a622t: 16x:,  warning: f'setClipRect' overrides a member function but is not marked 'override' [-Winconsistent-missing-override]l
o  a622t |          y        ,v iDrrtauwaalb lveoSiudr fsaecteC l*ispuRrefcatc(ev,o iUdi)n;t
8       | a                             ^l
plibgag/include/SDLGraphicContext.hh:a247 :=16 :C onote: loverridden virtual function is hereo
r  :247: | A        L        PvHiAr_tOuPaAlQ UvEo)i;d
       s| e                             ^t
Cllibgag/include/SDLGraphicContext.hi:p656R:e16c:t (warning: v'drawSurface' overrides a member function but is not marked 'override' [-Winconsistent-missing-override]o
id)  ;656
 |               |                                      ^v
ilibgag/include/SDLGraphicContext.hr:t627u:a22l:  vwarning: o'nextFrame' overrides a member function but is not marked 'override' [-Winconsistent-missing-override]i
d   627d | r a w S u r f a cvei(ritnuta lx ,v oiindt  nye,x tiFnrta mwe,( vionitd )h;,
       D| r                     ^a
wlibgag/include/SDLGraphicContext.ha:b248l:e16S:u rnote: foverridden virtual function is herea
c  e248  | *        s        uvrifratcuea,l  Uvionitd8  naelxpthFar a=m eC(ovlooird:): A{L PfHlAu_sOhPTAeQxUtEP)i;c
t      u| r                             ^e
slibgag/include/SDLGraphicContext.h(:)289;: 16}:
       note: | overridden virtual function is here                             ^

  libgag/include/SDLGraphicContext.h289: | 629        :        16v:i rwarning: t'loadImage' overrides a member function but is not marked 'override' [-Winconsistent-missing-override]u
al   629v | o        i        dv idrrtauwaSlu rbfoaocle (lionatd Ixm,a gien(tc oyn,s ti nstt dw:,: sitnrti nhg,  nDarmaew)a b{l erSeutrufranc ef a*lssuer;f a}c
e      ,|                               ^U
ilibgag/include/SDLGraphicContext.hn:t2498: 16a:l pnote: hoverridden virtual function is herea
   =249  | C        o        lvoirr:t:uAaLlP HbAo_oOlP AlQoUaEd)I;m
a      g| e                             ^(
clibgag/include/SDLGraphicContext.ho:n657s:t16 :s twarning: d'drawSurface' overrides a member function but is not marked 'override' [-Winconsistent-missing-override]:
:st  r657i | n        g         vniarmteu)a;l
       v| o                             ^i
dlibgag/include/SDLGraphicContext.h :d633r:a16w:S uwarning: r'shiftHSV' overrides a member function but is not marked 'override' [-Winconsistent-missing-override]f
ac  e633( | f        l        ovaitr txu,a lf lvooaitd  ys,h iffltoHaStV (wf,l ofalto ahtu eh,,  fDlroaawta bslaetS,u rfflaocaet  *lsuumr)f a{c e},
       U| i                             ^n
tlibgag/include/SDLGraphicContext.h8: 250a:l16p:h anote:  overridden virtual function is here=
   C250o | l        o        rv:i:rAtLuPaHlA _vOoPiAdQ UsEh)i;f
t      H| S                             ^V
(libgag/include/SDLGraphicContext.hf:l290o:a16t:  hnote: uoverridden virtual function is heree
, f  l290o | a        t         vsiartt,u afll ovaoti dl udmr)a;w
S      u| r                             ^f
aclibgag/include/SDLGraphicContext.he:(636f:l16o:a twarning:  'canDrawStretchedSprite' overrides a member function but is not marked 'override' [-Winconsistent-missing-override]x
, f  l636o | a        t         vyi,r tfulaola tb owo,l  fclaonaDtr ahw,S tDrreatwcahbeldeSSpurriftaec(ev o*isdu)r f{a cree,t uUrinn th8a saPloprhtaa b=l eCRoelnodre:r:eArL(P)H A|_|O P(AoQpUtEi)o;n
F      l| a                             ^g
slibgag/include/SDLGraphicContext.h :&659 :U16S:E Gwarning: P'drawSurface' overrides a member function but is not marked 'override' [-Winconsistent-missing-override]U
) !  =659  | 0        ;         v}i
r      t| u                             ^a
llibgag/include/SDLGraphicContext.h :v268o:i16d:  dnote: roverridden virtual function is herea
wS  u268r | f        a        cvei(ritnuta lx ,b oionlt  cya,n DDrraawwSatbrleetScuhrefdaScper i*tseu(rvfoaicde),  {i nrte tsuxr,n  ifnatl ssey;,  }i
n      t|                               ^s
w,libgag/include/SDLGraphicContext.h :i638n:t16 :s hwarning: ,'drawPixel' overrides a member function but is not marked 'override' [-Winconsistent-missing-override] 
U  i638n | t        8         vailrpthuaa l=  vCooildo rd:r:aAwLPPiHxAe_lO(PiAnQtU Ex),; 
i      n| t                             ^ 
ylibgag/include/SDLGraphicContext.h,: 292c:o16n:s tnote:  overridden virtual function is hereC
olo  r292& |          c        ovliorrt)u;a
l       | v                             ^o
ilibgag/include/SDLGraphicContext.hd: 271d:r16a:w Snote: uoverridden virtual function is herer
fa  c271e | (        i        nvti rxt,u ailn tv oyi,d  DdrraawwaPbilxeeSlu(rifnatc ex ,* siunrtf ayc,e ,c oinnstt  sCxo,l oirn&t  csoyl,o ri)n;t
       s| w                             ^,
 ilibgag/include/SDLGraphicContext.hn:t639 :s16h:,  warning: U'drawPixel' overrides a member function but is not marked 'override' [-Winconsistent-missing-override]i
n  t6398 |          a        lvpihrat u=a lC ovlooird: :dArLaPwHPAi_xOePlA(QfUlEo)a;t
       x| ,                             ^ 
fllibgag/include/SDLGraphicContext.ho:a660t: 16y:,  warning: c'drawSurface' overrides a member function but is not marked 'override' [-Winconsistent-missing-override]o
nst   C660o | l        o        rv&i rctoulaolr )v;o
i      d|                               ^d
rlibgag/include/SDLGraphicContext.ha:wS272u:r16f:a cnote: eoverridden virtual function is here(
f  l272o | at                 xv,i rftluoaalt  vy,o iDdr adwraabwlPeiSxuerlf(afcleo a*ts uxr, ffalcoea,t  iyn,t  csoxn,s ti nCto lsoyr,&  icnot lsowr,) ;i
n      t|                               ^s
h,libgag/include/SDLGraphicContext.h :U641i:n16t:8  warning: a'drawRect' overrides a member function but is not marked 'override' [-Winconsistent-missing-override]l
ph  a641  | =                 Cvoilrotru:a:lA LvPoHiAd_ OdPrAaQwUREe)c;t
(      i| n                             ^t
 libgag/include/SDLGraphicContext.hx:,293 :i16n:t  note: yoverridden virtual function is here,
 int   293w | ,                 ivnitr thu,a lc ovnositd  CdorlaowrS&u rcfoalcoer();f
l      o| a                             ^t
 libgag/include/SDLGraphicContext.hx:,274 :f16l:o anote: toverridden virtual function is here 
y,   274D | r        a        wvaibrlteuSaulrf avcoei d* sdurrafwaRcee,c ti(nitn ts xx,,  iinntt  syy,,  iinntt  ws,w ,i nitn th ,s hc,o nUsitn tC8o laolrp&h ac o=l oCro)l;o
r      :| :                             ^A
LPlibgag/include/SDLGraphicContext.hH:A642_:O16P:A Qwarning: UE'drawRect' overrides a member function but is not marked 'override' [-Winconsistent-missing-override])
;
        642|  |                              ^        
        vlibgag/include/SDLGraphicContext.hi:r662t:u16a:l  warning: v'drawSurface' overrides a member function but is not marked 'override' [-Winconsistent-missing-override]o
id d  r662a | w        R        evcitr(tfulaola tv oxi,d  fdlroaawtS uyr,f afcleo(aitn tw ,x ,f lionatt  yh,,  icnotn swt,  Cionlto rh&,  cDorlaowra)b;l
e      S| u                             ^r
flibgag/include/SDLGraphicContext.ha:c275e: 16*:s unote: roverridden virtual function is heref
ac  e275, |          i        nvti rstxu,a li nvto isdy ,d rianwtR escwt,( filnota ts hx,,   fUlinota8t  ayl,p hfal o=a tC owl,o rf:l:oAaLtP HhA,_ OcPoAnQsUtE )C;o
l      o| r                             ^&
 libgag/include/SDLGraphicContext.hc:o295l:o16r:) ;note: 
overridden virtual function is here      
|                              ^
  libgag/include/SDLGraphicContext.h295: | 644        :        16v:i rwarning: t'drawFilledRect' overrides a member function but is not marked 'override' [-Winconsistent-missing-override]u
al   644v | o        i        dv idrrtauwaSlu rvfoaicde (dirnatw Fxi,l liendtR eyc,t (iinntt  wx,,  iinntt  hy,,  Dirnatw awb,l eiSnutr fha,c ec o*nssutr fCaocleo,r &i ncto lsoxr,) ;i
n      t|                               ^s
ylibgag/include/SDLGraphicContext.h,: 277i:n16t:  snote: woverridden virtual function is here,
 i  n277t |          s        hv,i r tUuianlt 8v oaildp hdar a=w FCiollloerd:R:eAcLtP(HiAn_tO PxA,Q UiEn)t; 
y      ,|                               ^i
ntlibgag/include/SDLGraphicContext.h :w663,: 16i:n twarning:  'drawSurface' overrides a member function but is not marked 'override' [-Winconsistent-missing-override]h
, con  s663t |          C        ovliorrt&u aclo lvoori)d; 
d      r| a                             ^w
Sulibgag/include/SDLGraphicContext.hr:f645a:c16e:( fwarning: l'drawFilledRect' overrides a member function but is not marked 'override' [-Winconsistent-missing-override]o
at   645x | ,                 fvliorattu ayl,  vfolioda td rwa,w Ffillolaetd Rhe,c Dtr(afwlaobalte Sxu,r ffalcoea t* syu,r ffalcoea,t  iwn,t  fslxo,a ti nht,  scyo,n sitn tC oslwo,r &i ncto lsohr,) ;U
i      n| t                             ^8
 libgag/include/SDLGraphicContext.ha:l278p:h16a:  =note:  overridden virtual function is hereC
ol  o278r | :        :        AvLiPrHtAu_aOlP AvQoUiEd) ;d
r      a| w                             ^F
ilibgag/include/SDLGraphicContext.hl:l296e:d16R:e cnote: toverridden virtual function is here(
floa  t296  | x        ,         vfilrotauta ly ,v ofildo adtr aww,S ufrlfoaacte (hf,l ocaotn sxt,  Cfollooart&  yc,o lfolro)a;t
       w| ,                             ^ 
fllibgag/include/SDLGraphicContext.ho:a647t: 16h:,  warning: D'drawLine' overrides a member function but is not marked 'override' [-Winconsistent-missing-override]r
aw  a647b | l        e        Svuirrftaucael  *vsouirdf adcrea,w Liinnte (sixn,t  ixn1t,  siyn,t  iyn1t,  siwn,t  ixn2t,  sihn,t  Uy2i,n tc8o nasltp hCao l=o rC&o lcoorl:o:rA)L;P
H      A| _                             ^O
Plibgag/include/SDLGraphicContext.hA:Q280U:E16):; 
note:       overridden virtual function is here| 
                             ^
  280 | libgag/include/SDLGraphicContext.h        :        692:v16i:r twarning: u'drawAlphaMap' overrides a member function but is not marked 'override' [-Winconsistent-missing-override]a
l vo  i692d |          d        rvaiwrLtiunael( ivnoti dx 1d,r aiwnAtl pyh1a,M aipn(tc oxn2s,t  isnttd :y:2v,a lcaornrsaty <Cfollooart&>  c&omlaopr,) ;i
n      t|                               ^m
alibgag/include/SDLGraphicContext.hp:W648,: 16i:n twarning:  'drawLine' overrides a member function but is not marked 'override' [-Winconsistent-missing-override]m
ap  H648, |          i        nvti rxt, uianlt  vyo,i di ndtr acweLlilnWe,( filnota tc exl1l,H ,f lcooants ty 1C,o lfolro a&tc oxl2o,r )f;l
o      a| t                             ^ 
ylibgag/include/SDLGraphicContext.h2:,309 :c16o:n snote: toverridden virtual function is here 
Colo  r309& |          c        ovliorrt)u;a
l       | v                             ^o
ilibgag/include/SDLGraphicContext.hd: 281d:r16a:w Anote: loverridden virtual function is herep
ha  M281a | p        (        cvoinrsttu aslt dv:o:ivda ldarrarwaLyi<nfel(ofalto>a t& mxa1p,,  filnota tma pyW1,,  ifnlto amta xp2H,,  filnota tx ,y 2i,n tc oyn,s ti nCto lcoerl&l Wc,o lionrt) ;c
e      l| l                             ^H
, libgag/include/SDLGraphicContext.hc:o650n:s16t:  Cowarning: l'drawCircle' overrides a member function but is not marked 'override' [-Winconsistent-missing-override]o
r   &650c | o        l        ovri)r;t
u      a| l                             ^ 
vlibgag/include/SDLGraphicContext.ho:i693d: 16d:r awarning: w'drawAlphaMap' overrides a member function but is not marked 'override' [-Winconsistent-missing-override]C
ircl  e693( | i        n        tv ixr,t uianlt  vyo,i di ndtr arwaAdlipuhsa,M acpo(ncsotn sCto lsotrd&: :cvoalloarr)r;a
y      <| u                             ^n
slibgag/include/SDLGraphicContext.hi:g283n:e16d:  cnote: hoverridden virtual function is herea
r>   283& | m        a        pv,i ritnuta lm avpoWi,d  idnrta wmCaiprHc,l ei(nitn tx ,x ,i nitn ty ,y ,i nitn tc erlaldWi,u si,n tc ocnesltl HC,o lcoorn&s tc oCloolro)r; 
&      c| o                             ^l
olibgag/include/SDLGraphicContext.hr:)651;:
16      :|                               ^warning: 
'drawCircle' overrides a member function but is not marked 'override' [-Winconsistent-missing-override]libgag/include/SDLGraphicContext.h
:310  :65116 | :                 note: voverridden virtual function is herei
rtua  l310  | v        o        ivdi rdtruaawlC ivrocilde (dfrlaowaAtl pxh,a Mfalpo(acto nys,t  fsltoda:t: vraaldairursa,y <cuonnssitg nCeodl ocrh&a rc>o l&omra)p;,
       i| n                             ^t
 libgag/include/SDLGraphicContext.hm:a284p:W16,:  inote: noverridden virtual function is heret
 m  a284p | H        ,         viinrtt uxa,l  ivnoti dy ,d rianwtC icrecllleW(,f lionatt  cxe,l lfHl,o acto nys,t  fCloolaotr  r&acdoiluosr,) ;c
o      n| s                             ^t
 libgag/include/SDLGraphicContext.hC:o696l:o16r:&  warning: c'drawPixel' overrides a member function but is not marked 'override' [-Winconsistent-missing-override]o
lor  )696; | 
                      | v                             ^i
rtlibgag/include/SDLGraphicContext.hu:a653l: 16v:o iwarning: d'drawSurface' overrides a member function but is not marked 'override' [-Winconsistent-missing-override] 
dr  a653w | P        i        xveilr(tiunatl  xv,o iidn td rya,w SUuirnfta8c er(,i nUti nxt,8  ign,t  Uyi,nt 8D rba,w aUblienStu8r faa c=e  C*osluorrf:a:cAeL,P HUAi_nOtP8A QaUlEp)h;a
       =|                               ^C
olibgag/include/SDLGraphicContext.hl:o313r::16::A Lnote: Poverridden virtual function is hereH
A_O  P313A | Q        U        Ev)i;r
t      u| a                             ^l
 libgag/include/SDLGraphicContext.hv:o286i:d16 :d rnote: aoverridden virtual function is herew
Pi  x286e | l        (        ivnitr txu,a li nvto iyd,  dUrianwtS8u rrf,a cUei(nitn8t  gx,,  Uiinntt 8y ,b ,D rUaiwnatb8l eaS u=r fCaocleo r*:s:uArLfPaHcAe_,O PUAiQnUtE8) ;a
l      p| h                             ^a
 libgag/include/SDLGraphicContext.h=: 697C:o16l:o rwarning: :'drawRect' overrides a member function but is not marked 'override' [-Winconsistent-missing-override]:
ALP  H697A | _        O        PvAiQrUtEu)a;l
       v| o                             ^i
d libgag/include/SDLGraphicContext.hd:r654a:w16R:e cwarning: t'drawSurface' overrides a member function but is not marked 'override' [-Winconsistent-missing-override](
in  t654  | x        ,         viinrtt uya,l  ivnoti dw ,d rianwt Shu,r fUaicnet(8f lro,a tU ixn,t 8f lgo,a tU iyn,t 8D rba,w aUbilnetS8u raf a=c eC o*lsourr:f:aAcLeP,H AU_iOnPtA8Q UaEl)p;h
a      |                               ^=
 libgag/include/SDLGraphicContext.hC:o314l:o16r:: :note: Aoverridden virtual function is hereL
PHA  _314O | P        A        QvUiEr)t;u
a      l|                               ^v
olibgag/include/SDLGraphicContext.hi:d287 :d16r:a wnote: Roverridden virtual function is heree
ct  (287i | n        t         vxi,r tiunatl  yv,o iidn td rwa,w Siunrtf ahc,e (Ufilnota8t  rx,,  Ufilnota8t  gy,,  UDirnatw8a bbl,e SUuirnfta8c ea  =* sCuorlfoarc:e:,A LUPHiAn_tO8P AaQlUpEh)a; 
=       | C                             ^o
lolibgag/include/SDLGraphicContext.hr::698::A16L:P Hwarning: A'drawFilledRect' overrides a member function but is not marked 'override' [-Winconsistent-missing-override]_
OPA  Q698U | E        )        ;v
i      r| t                             ^u
allibgag/include/SDLGraphicContext.h :v656o:i16d:  dwarning: r'drawSurface' overrides a member function but is not marked 'override' [-Winconsistent-missing-override]a
wF  i656l | l        e        dvRiercttu(ailn tv oxi,d  idntr ayw,S uirnfta cwe,( iinntt  hx,,  Uiinntt 8y ,r ,i nUti nwt,8  ign,t  Uhi,n tDr8a wba,b lUeiSnutr8f aac e=  *Csoulrofra:c:eA,L PUHiAn_tO8P AaQlUpEh)a; 
=       |                              ^C
olibgag/include/SDLGraphicContext.hl:o315r::16::A Lnote: Poverridden virtual function is hereH
A_O  P315A | Q        U        Ev)i;r
t      u| a                             ^l
 libgag/include/SDLGraphicContext.hv:o289i:d16 :d rnote: aoverridden virtual function is herew
Fil  l289e | d        R        evcitr(tiunatl  xv,o iidn td rya,w Siunrtf awc,e (iinntt  hx,,  Uiinntt 8y ,r ,i nUti nwt,8  ingt,  hU,i nDtr8a wba,b lUeiSnutr8f aac e=  *Csoulrofra:c:eA,L PUHiAn_tO8P AaQlUpEh)a; 
=       | C                             ^o
lolibgag/include/SDLGraphicContext.hr::699::A16L:P Hwarning: A'drawVertLine' overrides a member function but is not marked 'override' [-Winconsistent-missing-override]_
OPA  Q699U | E        )        ;v
i      r| t                             ^u
allibgag/include/SDLGraphicContext.h :v657o:i16d:  dwarning: r'drawSurface' overrides a member function but is not marked 'override' [-Winconsistent-missing-override]a
wVer  t657L | i        n        ev(iirnttu ax,l  ivnoti dy ,d rianwtS ulr,f aUcien(tf8l ora,t  Uxi,n tf8l oga,t  Uyi,n tf8l oba,t  Uwi,n tf8l oaa t=  hC,o lDorra:w:aAbLlPeHSAu_rOfPaAcQeU E*)s;u
r      f| a                             ^c
elibgag/include/SDLGraphicContext.h,: 316U:i16n:t 8note:  overridden virtual function is herea
lph  a316  | =                 Cvoilrotru:a:lA LvPoHiAd_ OdPrAaQwUVEe)r;t
L      i| n                             ^e
(libgag/include/SDLGraphicContext.hi:n290t: 16x:,  note: ioverridden virtual function is heren
t   y290, |          i        nvti rlt,u aUli nvto8i dr ,d rUaiwnStu8r fga,c eU(ifnlto8a tb ,x ,U ifnlto8a ta  y=,  Cfollooart: :wA,L PfHlAo_aOtP AhQ,U ED)r;a
w      a| b                             ^l
eSlibgag/include/SDLGraphicContext.hu:r700f:a16c:e  warning: *'drawVertLine' overrides a member function but is not marked 'override' [-Winconsistent-missing-override]s
ur  f700a | c        e        ,v iUritnuta8l  avlopihda  d=r aCwoVleorrt:L:iAnLeP(HiAn_tO PxA,Q UiEn)t; 
y      ,|                               ^i
ntlibgag/include/SDLGraphicContext.h :l659,: 16c:o nwarning: s'drawSurface' overrides a member function but is not marked 'override' [-Winconsistent-missing-override]t
 Co  l659o | r        &         vciorltoura)l; 
v      o| i                             ^d
 libgag/include/SDLGraphicContext.hd:r317a:w16S:u rnote: foverridden virtual function is herea
ce  (317i | n        t         vxi,r tiunatl  yv,o iDdr adwraabwlVeeSrutrLfiancee( i*nstu rxf,a cien,t  iyn,t  isnxt,  li,n tc osnys,t  iCnotl osrw&,  cionlto rs)h;,
       U| i                             ^n
tlibgag/include/SDLGraphicContext.h8: 701a:l16p:h awarning:  'drawHorzLine' overrides a member function but is not marked 'override' [-Winconsistent-missing-override]=
 Co  l701o | r        :        :vAiLrPtHuAa_lO PvAoQiUdE )d;r
a      w| H                             ^o
rlibgag/include/SDLGraphicContext.hz:L292i:n16e:( inote: noverridden virtual function is heret
 x  ,292  | i        n        tv iyr,t uianlt  vlo,i dU idnrta8w Sru,r fUaicnet(8i ngt,  xU,i nitn8t  by,,  UDirnatw8a bal e=S uCroflaocre: :*AsLuPrHfAa_cOeP,A QiUnEt) ;s
x      ,|                               ^i
nlibgag/include/SDLGraphicContext.ht: 318s:y16,:  inote: noverridden virtual function is heret
 sw  ,318  | in        t         vsihr,t uUailn tv8o iadl pdhraa w=H oCrozlLoirn:e:(AiLnPtH Ax_,O PiAnQtU Ey),; 
i      n| t                             ^ 
l,libgag/include/SDLGraphicContext.h :U660i:n16t:8  warning: r'drawSurface' overrides a member function but is not marked 'override' [-Winconsistent-missing-override],
 Ui  n660t | 8                 gv,i rUtiunatl8  vbo,i dU idnrta8w Sau r=f aCcoel(ofrl:o:aAtL PxH,A _fOlPoAaQtU Ey),; 
D      r| a                             ^w
alibgag/include/SDLGraphicContext.hb:l702e:S16u:r fwarning: a'drawHorzLine' overrides a member function but is not marked 'override' [-Winconsistent-missing-override]c
e   *702s | u        r        fvaicret,u ailn tv osixd,  dirnatw Hsoyr,z Liinnte (siwn,t  ixn,t  isnht,  yU,i nitn8t  all,p hca o=n sCto lCoorl:o:rA&L PcHoAl_oOrP)A;Q
U      E| )                             ^;

libgag/include/SDLGraphicContext.h      :| 319                             ^:
16libgag/include/SDLGraphicContext.h:: 293note: :overridden virtual function is here16
:   note: 319overridden virtual function is here | 
                v  i293r | t        u        avli rvtouiadl  dvroaiwdH odrrzaLwiSnuer(fiancte (xf,l oiantt  xy,,  filnota tl ,y ,c oDnrsatw aCbolleorS&u rcfoalcoer )*;s
u      r| f                             ^a
celibgag/include/SDLGraphicContext.h,: 703i:n16t:  warning: s'drawLine' overrides a member function but is not marked 'override' [-Winconsistent-missing-override]x
, i  n703t |          s        yv,i ritnuta ls wv,o iidn td rsahw,L iUnien(ti8n ta lxp1h,a  i=n tC oyl1o, ri:n:tA LxP2H,A _iOnPtA QyU2E,) ;U
i      n| t                             ^8
 rlibgag/include/SDLGraphicContext.h,: 662U:i16n:t 8warning:  'drawSurface' overrides a member function but is not marked 'override' [-Winconsistent-missing-override]g
, U  i662n | t        8         vbi,r tUuianlt 8v oai d=  dCroalwoSr:u:rAfLaPcHeA(_iOnPtA QUxE,) ;i
n      t|                               ^y
,libgag/include/SDLGraphicContext.h :i320:n16t:  wnote: ,overridden virtual function is here 
int   320h | ,                 Dvriarwtauballe Svuorifda cder a*wsLuirnfea(cien,t  ixn1t,  sixn,t  iyn1t,  siyn,t  xi2n,t  isnwt,  yi2n,t  Usihn,t 8  Uri,n tU8i natl8p hga,  =U iCnotl8o rb:,: AULiPnHtA8_ OaP A=Q UCEo)l;o
r      :| :                             ^A
Llibgag/include/SDLGraphicContext.hP:H295A:_16O:P Anote: Qoverridden virtual function is hereU
E);  
295       | |                                      ^        
vilibgag/include/SDLGraphicContext.hr:t704u:a16l:  warning: v'drawCircle' overrides a member function but is not marked 'override' [-Winconsistent-missing-override]o
id   d704r | a        w        Svuirrftaucael( ivnoti dx ,d rianwtC iyr,c lien(tin tw ,x ,i nitn th ,y ,D rianwta brlaedSiuursf,a cUei n*ts8u rrf,a cUei,n ti8n tg ,s xU,i nitn8t  bs,y ,U iinntt8  saw ,=  iCnotl osrh:,: A LUPiHnAt_8O PaAlQpUhEa) ;=
       C| o                             ^l
olibgag/include/SDLGraphicContext.hr::321::A16L:P Hnote: Aoverridden virtual function is here_
OPA  Q321U | E        )        ;v
i      r| t                             ^u
allibgag/include/SDLGraphicContext.h :v663o:i16d:  dwarning: r'drawSurface' overrides a member function but is not marked 'override' [-Winconsistent-missing-override]a
wCi  r663c | l        e        (viinrtt uxa,l  ivnoti dy ,d rianwtS urrafdaicues(,f lUoiantt 8x ,r ,f lUoiantt 8y ,g ,f lUoiantt 8w ,b ,f lUoiantt 8h ,a  D=r aCwoalbolre:S:uArLfPaHcAe_ O*PsAuQrUfEa)c;e
,       | i                             ^n
t sx, int sy, int sw, int sh, Uint8 alpha = Color::ALPHA_OPAQUE);
      |                              ^
libgag/include/SDLGraphicContext.h:296:16: note: overridden virtual function is here
  296 |                 virtual void drawSurface(float x, float y, float w, float h, DrawableSurface *surface, int sx, int sy, int sw, int sh, Uint8 alpha = Color::ALPHA_OPAQUE);
      |                              ^
libgag/include/SDLGraphicContext.h:692:16: warning: 'drawAlphaMap' overrides a member function but is not marked 'override' [-Winconsistent-missing-override]
  692 |                 virtual void drawAlphaMap(const std::valarray<float> &map, int mapW, int mapH, int x, int y, int cellW, int cellH, const Color &color);
      |                              ^
libgag/include/SDLGraphicContext.h:309:16: note: overridden virtual function is here
  309 |                 virtual void drawAlphaMap(const std::valarray<float> &map, int mapW, int mapH, int x, int y, int cellW, int cellH, const Color &color);
      |                              ^
libgag/include/SDLGraphicContext.h:693:16: warning: 'drawAlphaMap' overrides a member function but is not marked 'override' [-Winconsistent-missing-override]
  693 |                 virtual void drawAlphaMap(const std::valarray<unsigned char> &map, int mapW, int mapH, int x, int y, int cellW, int cellH, const Color &color);
      |                              ^
libgag/include/SDLGraphicContext.h:310:16: note: overridden virtual function is here
  310 |                 virtual void drawAlphaMap(const std::valarray<unsigned char> &map, int mapW, int mapH, int x, int y, int cellW, int cellH, const Color &color);
      |                              ^
libgag/include/SDLGraphicContext.h:696:16: warning: 'drawPixel' overrides a member function but is not marked 'override' [-Winconsistent-missing-override]
  696 |                 virtual void drawPixel(int x, int y, Uint8 r, Uint8 g, Uint8 b, Uint8 a = Color::ALPHA_OPAQUE);
      |                              ^
libgag/include/SDLGraphicContext.h:313:16: note: overridden virtual function is here
  313 |                 virtual void drawPixel(int x, int y, Uint8 r, Uint8 g, Uint8 b, Uint8 a = Color::ALPHA_OPAQUE);
      |                              ^
libgag/include/SDLGraphicContext.h:697:16: warning: 'drawRect' overrides a member function but is not marked 'override' [-Winconsistent-missing-override]
  697 |                 virtual void drawRect(int x, int y, int w, int h, Uint8 r, Uint8 g, Uint8 b, Uint8 a = Color::ALPHA_OPAQUE);
      |                              ^
libgag/include/SDLGraphicContext.h:314:16: note: overridden virtual function is here
  314 |                 virtual void drawRect(int x, int y, int w, int h, Uint8 r, Uint8 g, Uint8 b, Uint8 a = Color::ALPHA_OPAQUE);
      |                              ^
libgag/include/SDLGraphicContext.h:698:16: warning: 'drawFilledRect' overrides a member function but is not marked 'override' [-Winconsistent-missing-override]
  698 |                 virtual void drawFilledRect(int x, int y, int w, int h, Uint8 r, Uint8 g, Uint8 b, Uint8 a = Color::ALPHA_OPAQUE);
      |                              ^
libgag/include/SDLGraphicContext.h:315:16: note: overridden virtual function is here
  315 |                 virtual void drawFilledRect(int x, int y, int w, int h, Uint8 r, Uint8 g, Uint8 b, Uint8 a = Color::ALPHA_OPAQUE);
      |                              ^
libgag/include/SDLGraphicContext.h:699:16: warning: 'drawVertLine' overrides a member function but is not marked 'override' [-Winconsistent-missing-override]
  699 |                 virtual void drawVertLine(int x, int y, int l, Uint8 r, Uint8 g, Uint8 b, Uint8 a = Color::ALPHA_OPAQUE);
      |                              ^
libgag/include/SDLGraphicContext.h:316:16: note: overridden virtual function is here
  316 |                 virtual void drawVertLine(int x, int y, int l, Uint8 r, Uint8 g, Uint8 b, Uint8 a = Color::ALPHA_OPAQUE);
      |                              ^
libgag/include/SDLGraphicContext.h:700:16: warning: 'drawVertLine' overrides a member function but is not marked 'override' [-Winconsistent-missing-override]
  700 |                 virtual void drawVertLine(int x, int y, int l, const Color& color);
      |                              ^
libgag/include/SDLGraphicContext.h:317:16: note: overridden virtual function is here
  317 |                 virtual void drawVertLine(int x, int y, int l, const Color& color);
      |                              ^
libgag/include/SDLGraphicContext.h:701:16: warning: 'drawHorzLine' overrides a member function but is not marked 'override' [-Winconsistent-missing-override]
  701 |                 virtual void drawHorzLine(int x, int y, int l, Uint8 r, Uint8 g, Uint8 b, Uint8 a = Color::ALPHA_OPAQUE);
      |                              ^
libgag/include/SDLGraphicContext.h:318:16: note: overridden virtual function is here
  318 |                 virtual void drawHorzLine(int x, int y, int l, Uint8 r, Uint8 g, Uint8 b, Uint8 a = Color::ALPHA_OPAQUE);
      |                              ^
libgag/include/SDLGraphicContext.h:702:16: warning: 'drawHorzLine' overrides a member function but is not marked 'override' [-Winconsistent-missing-override]
  702 |                 virtual void drawHorzLine(int x, int y, int l, const Color& color);
      |                              ^
libgag/include/SDLGraphicContext.h:319:16: note: overridden virtual function is here
  319 |                 virtual void drawHorzLine(int x, int y, int l, const Color& color);
      |                              ^
libgag/include/SDLGraphicContext.h:703:16: warning: 'drawLine' overrides a member function but is not marked 'override' [-Winconsistent-missing-override]
  703 |                 virtual void drawLine(int x1, int y1, int x2, int y2, Uint8 r, Uint8 g, Uint8 b, Uint8 a = Color::ALPHA_OPAQUE);
      |                              ^
libgag/include/SDLGraphicContext.h:320:16: note: overridden virtual function is here
  320 |                 virtual void drawLine(int x1, int y1, int x2, int y2, Uint8 r, Uint8 g, Uint8 b, Uint8 a = Color::ALPHA_OPAQUE);
      |                              ^
libgag/include/SDLGraphicContext.h:704:16: warning: 'drawCircle' overrides a member function but is not marked 'override' [-Winconsistent-missing-override]
  704 |                 virtual void drawCircle(int x, int y, int radius, Uint8 r, Uint8 g, Uint8 b, Uint8 a = Color::ALPHA_OPAQUE);
      |                              ^
libgag/include/SDLGraphicContext.h:321:16: note: overridden virtual function is here
  321 |                 virtual void drawCircle(int x, int y, int radius, Uint8 r, Uint8 g, Uint8 b, Uint8 a = Color::ALPHA_OPAQUE);
      |                              ^
In file included from src/game/screens/GameSessionScreen.cpp:2:
In file included from src/game/screens/GameSessionScreen.h:3:
In file included from libgag/include/GUIBase.h:7:
In file included from libgag/include/GraphicContext.h:6:
libgag/include/SDLGraphicContext.h:545:16: warning: 'setRes' overrides a member function but is not marked 'override' [-Winconsistent-missing-override]
  545 |                 virtual void setRes(int w, int h) { setRes(w, h, optionFlags); }
      |                              ^
libgag/include/SDLGraphicContext.h:244:16: note: overridden virtual function is here
  244 |                 virtual void setRes(int w, int h);
      |                              ^
libgag/include/SDLGraphicContext.h:621:16: warning: 'setClipRect' overrides a member function but is not marked 'override' [-Winconsistent-missing-override]
  621 |                 virtual void setClipRect(int x, int y, int w, int h);
      |                              ^
libgag/include/SDLGraphicContext.h:246:16: note: overridden virtual function is here
  246 |                 virtual void setClipRect(int x, int y, int w, int h);
      |                              ^
libgag/include/SDLGraphicContext.h:622:16: warning: 'setClipRect' overrides a member function but is not marked 'override' [-Winconsistent-missing-override]
  622 |                 virtual void setClipRect(void);
      |                              ^
libgag/include/SDLGraphicContext.h:247:16: note: overridden virtual function is here
  247 |                 virtual void setClipRect(void);
      |                              ^
libgag/include/SDLGraphicContext.h:627:22: warning: 'nextFrame' overrides a member function but is not marked 'override' [-Winconsistent-missing-override]
  627 |         virtual void nextFrame(void);
      |                      ^
libgag/include/SDLGraphicContext.h:248:16: note: overridden virtual function is here
  248 |                 virtual void nextFrame(void) { flushTextPictures(); }
      |                              ^
libgag/include/SDLGraphicContext.h:629:16: warning: 'loadImage' overrides a member function but is not marked 'override' [-Winconsistent-missing-override]
  629 |                 virtual bool loadImage(const std::string name) { return false; }
      |                              ^
libgag/include/SDLGraphicContext.h:249:16: note: overridden virtual function is here
  249 |                 virtual bool loadImage(const std::string name);
      |                              ^
libgag/include/SDLGraphicContext.h:633:16: warning: 'shiftHSV' overrides a member function but is not marked 'override' [-Winconsistent-missing-override]
  633 |                 virtual void shiftHSV(float hue, float sat, float lum) { }
      |                              ^
libgag/include/SDLGraphicContext.h:250:16: note: overridden virtual function is here
  250 |                 virtual void shiftHSV(float hue, float sat, float lum);
      |                              ^
libgag/include/SDLGraphicContext.h:636:16: warning: 'canDrawStretchedSprite' overrides a member function but is not marked 'override' [-Winconsistent-missing-override]
  636 |                 virtual bool canDrawStretchedSprite(void) { return hasPortableRenderer() || (optionFlags & USEGPU) != 0; }
      |                              ^
libgag/include/SDLGraphicContext.h:268:16: note: overridden virtual function is here
  268 |                 virtual bool canDrawStretchedSprite(void) { return false; }
      |                              ^
libgag/include/SDLGraphicContext.h:638:16: warning: 'drawPixel' overrides a member function but is not marked 'override' [-Winconsistent-missing-override]
  638 |                 virtual void drawPixel(int x, int y, const Color& color);
      |                              ^
libgag/include/SDLGraphicContext.h:271:16: note: overridden virtual function is here
  271 |                 virtual void drawPixel(int x, int y, const Color& color);
      |                              ^
libgag/include/SDLGraphicContext.h:639:16: warning: 'drawPixel' overrides a member function but is not marked 'override' [-Winconsistent-missing-override]
  639 |                 virtual void drawPixel(float x, float y, const Color& color);
      |                              ^
libgag/include/SDLGraphicContext.h:272:16: note: overridden virtual function is here
  272 |                 virtual void drawPixel(float x, float y, const Color& color);
      |                              ^
libgag/include/SDLGraphicContext.h:641:16: warning: 'drawRect' overrides a member function but is not marked 'override' [-Winconsistent-missing-override]
  641 |                 virtual void drawRect(int x, int y, int w, int h, const Color& color);
      |                              ^
libgag/include/SDLGraphicContext.h:274:16: note: overridden virtual function is here
  274 |                 virtual void drawRect(int x, int y, int w, int h, const Color& color);
      |                              ^
libgag/include/SDLGraphicContext.h:642:16: warning: 'drawRect' overrides a member function but is not marked 'override' [-Winconsistent-missing-override]
  642 |                 virtual void drawRect(float x, float y, float w, float h, const Color& color);
      |                              ^
libgag/include/SDLGraphicContext.h:275:16: note: overridden virtual function is here
  275 |                 virtual void drawRect(float x, float y, float w, float h, const Color& color);
      |                              ^
libgag/include/SDLGraphicContext.h:644:16: warning: 'drawFilledRect' overrides a member function but is not marked 'override' [-Winconsistent-missing-override]
  644 |                 virtual void drawFilledRect(int x, int y, int w, int h, const Color& color);
      |                              ^
libgag/include/SDLGraphicContext.h:277:16: note: overridden virtual function is here
  277 |                 virtual void drawFilledRect(int x, int y, int w, int h, const Color& color);
      |                              ^
libgag/include/SDLGraphicContext.h:645:16: warning: 'drawFilledRect' overrides a member function but is not marked 'override' [-Winconsistent-missing-override]
  645 |                 virtual void drawFilledRect(float x, float y, float w, float h, const Color& color);
      |                              ^
libgag/include/SDLGraphicContext.h:278:16: note: overridden virtual function is here
  278 |                 virtual void drawFilledRect(float x, float y, float w, float h, const Color& color);
      |                              ^
libgag/include/SDLGraphicContext.h:647:16: warning: 'drawLine' overrides a member function but is not marked 'override' [-Winconsistent-missing-override]
  647 |                 virtual void drawLine(int x1, int y1, int x2, int y2, const Color& color);
      |                              ^
libgag/include/SDLGraphicContext.h:280:16: note: overridden virtual function is here
  280 |                 virtual void drawLine(int x1, int y1, int x2, int y2, const Color& color);
      |                              ^
libgag/include/SDLGraphicContext.h:648:16: warning: 'drawLine' overrides a member function but is not marked 'override' [-Winconsistent-missing-override]
  648 |                 virtual void drawLine(float x1, float y1, float x2, float y2, const Color& color);
      |                              ^
libgag/include/SDLGraphicContext.h:281:16: note: overridden virtual function is here
  281 |                 virtual void drawLine(float x1, float y1, float x2, float y2, const Color& color);
      |                              ^
libgag/include/SDLGraphicContext.h:650:16: warning: 'drawCircle' overrides a member function but is not marked 'override' [-Winconsistent-missing-override]
  650 |                 virtual void drawCircle(int x, int y, int radius, const Color& color);
      |                              ^
libgag/include/SDLGraphicContext.h:283:16: note: overridden virtual function is here
  283 |                 virtual void drawCircle(int x, int y, int radius, const Color& color);
      |                              ^
libgag/include/SDLGraphicContext.h:651:16: warning: 'drawCircle' overrides a member function but is not marked 'override' [-Winconsistent-missing-override]
  651 |                 virtual void drawCircle(float x, float y, float radius, const Color& color);
      |                              ^
libgag/include/SDLGraphicContext.h:284:16: note: overridden virtual function is here
  284 |                 virtual void drawCircle(float x, float y, float radius, const Color& color);
      |                              ^
libgag/include/SDLGraphicContext.h:653:16: warning: 'drawSurface' overrides a member function but is not marked 'override' [-Winconsistent-missing-override]
  653 |                 virtual void drawSurface(int x, int y, DrawableSurface *surface, Uint8 alpha = Color::ALPHA_OPAQUE);
      |                              ^
libgag/include/SDLGraphicContext.h:286:16: note: overridden virtual function is here
  286 |                 virtual void drawSurface(int x, int y, DrawableSurface *surface, Uint8 alpha = Color::ALPHA_OPAQUE);
      |                              ^
libgag/include/SDLGraphicContext.h:654:16: warning: 'drawSurface' overrides a member function but is not marked 'override' [-Winconsistent-missing-override]
  654 |                 virtual void drawSurface(float x, float y, DrawableSurface *surface, Uint8 alpha = Color::ALPHA_OPAQUE);
      |                              ^
libgag/include/SDLGraphicContext.h:287:16: note: overridden virtual function is here
  287 |                 virtual void drawSurface(float x, float y, DrawableSurface *surface, Uint8 alpha = Color::ALPHA_OPAQUE);
      |                              ^
libgag/include/SDLGraphicContext.h:656:16: warning: 'drawSurface' overrides a member function but is not marked 'override' [-Winconsistent-missing-override]
  656 |                 virtual void drawSurface(int x, int y, int w, int h, DrawableSurface *surface, Uint8 alpha = Color::ALPHA_OPAQUE);
      |                              ^
libgag/include/SDLGraphicContext.h:289:16: note: overridden virtual function is here
  289 |                 virtual void drawSurface(int x, int y, int w, int h, DrawableSurface *surface, Uint8 alpha = Color::ALPHA_OPAQUE);
      |                              ^
libgag/include/SDLGraphicContext.h:657:16: warning: 'drawSurface' overrides a member function but is not marked 'override' [-Winconsistent-missing-override]
  657 |                 virtual void drawSurface(float x, float y, float w, float h, DrawableSurface *surface, Uint8 alpha = Color::ALPHA_OPAQUE);
      |                              ^
libgag/include/SDLGraphicContext.h:290:16: note: overridden virtual function is here
  290 |                 virtual void drawSurface(float x, float y, float w, float h, DrawableSurface *surface, Uint8 alpha = Color::ALPHA_OPAQUE);
      |                              ^
libgag/include/SDLGraphicContext.h:659:16: warning: 'drawSurface' overrides a member function but is not marked 'override' [-Winconsistent-missing-override]
  659 |                 virtual void drawSurface(int x, int y, DrawableSurface *surface, int sx, int sy, int sw, int sh, Uint8 alpha = Color::ALPHA_OPAQUE);
      |                              ^
libgag/include/SDLGraphicContext.h:292:16: note: overridden virtual function is here
  292 |                 virtual void drawSurface(int x, int y, DrawableSurface *surface, int sx, int sy, int sw, int sh, Uint8 alpha = Color::ALPHA_OPAQUE);
      |                              ^
libgag/include/SDLGraphicContext.h:660:16: warning: 'drawSurface' overrides a member function but is not marked 'override' [-Winconsistent-missing-override]
  660 |                 virtual void drawSurface(float x, float y, DrawableSurface *surface, int sx, int sy, int sw, int sh, Uint8 alpha = Color::ALPHA_OPAQUE);
      |                              ^
libgag/include/SDLGraphicContext.h:293:16: note: overridden virtual function is here
  293 |                 virtual void drawSurface(float x, float y, DrawableSurface *surface, int sx, int sy, int sw, int sh, Uint8 alpha = Color::ALPHA_OPAQUE);
      |                              ^
libgag/include/SDLGraphicContext.h:662:16: warning: 'drawSurface' overrides a member function but is not marked 'override' [-Winconsistent-missing-override]
  662 |                 virtual void drawSurface(int x, int y, int w, int h, DrawableSurface *surface, int sx, int sy, int sw, int sh,  Uint8 alpha = Color::ALPHA_OPAQUE);
      |                              ^
libgag/include/SDLGraphicContext.h:295:16: note: overridden virtual function is here
  295 |                 virtual void drawSurface(int x, int y, int w, int h, DrawableSurface *surface, int sx, int sy, int sw, int sh,  Uint8 alpha = Color::ALPHA_OPAQUE);
      |                              ^
libgag/include/SDLGraphicContext.h:663:16: warning: 'drawSurface' overrides a member function but is not marked 'override' [-Winconsistent-missing-override]
  663 |                 virtual void drawSurface(float x, float y, float w, float h, DrawableSurface *surface, int sx, int sy, int sw, int sh, Uint8 alpha = Color::ALPHA_OPAQUE);
      |                              ^
libgag/include/SDLGraphicContext.h:296:16: note: overridden virtual function is here
  296 |                 virtual void drawSurface(float x, float y, float w, float h, DrawableSurface *surface, int sx, int sy, int sw, int sh, Uint8 alpha = Color::ALPHA_OPAQUE);
      |                              ^
libgag/include/SDLGraphicContext.h:692:16: warning: 'drawAlphaMap' overrides a member function but is not marked 'override' [-Winconsistent-missing-override]
  692 |                 virtual void drawAlphaMap(const std::valarray<float> &map, int mapW, int mapH, int x, int y, int cellW, int cellH, const Color &color);
      |                              ^
libgag/include/SDLGraphicContext.h:309:16: note: overridden virtual function is here
  309 |                 virtual void drawAlphaMap(const std::valarray<float> &map, int mapW, int mapH, int x, int y, int cellW, int cellH, const Color &color);
      |                              ^
libgag/include/SDLGraphicContext.h:693:16: warning: 'drawAlphaMap' overrides a member function but is not marked 'override' [-Winconsistent-missing-override]
  693 |                 virtual void drawAlphaMap(const std::valarray<unsigned char> &map, int mapW, int mapH, int x, int y, int cellW, int cellH, const Color &color);
      |                              ^
libgag/include/SDLGraphicContext.h:310:16: note: overridden virtual function is here
  310 |                 virtual void drawAlphaMap(const std::valarray<unsigned char> &map, int mapW, int mapH, int x, int y, int cellW, int cellH, const Color &color);
      |                              ^
libgag/include/SDLGraphicContext.h:696:16: warning: 'drawPixel' overrides a member function but is not marked 'override' [-Winconsistent-missing-override]
  696 |                 virtual void drawPixel(int x, int y, Uint8 r, Uint8 g, Uint8 b, Uint8 a = Color::ALPHA_OPAQUE);
      |                              ^
libgag/include/SDLGraphicContext.h:313:16: note: overridden virtual function is here
  313 |                 virtual void drawPixel(int x, int y, Uint8 r, Uint8 g, Uint8 b, Uint8 a = Color::ALPHA_OPAQUE);
      |                              ^
libgag/include/SDLGraphicContext.h:697:16: warning: 'drawRect' overrides a member function but is not marked 'override' [-Winconsistent-missing-override]
  697 |                 virtual void drawRect(int x, int y, int w, int h, Uint8 r, Uint8 g, Uint8 b, Uint8 a = Color::ALPHA_OPAQUE);
      |                              ^
libgag/include/SDLGraphicContext.h:314:16: note: overridden virtual function is here
  314 |                 virtual void drawRect(int x, int y, int w, int h, Uint8 r, Uint8 g, Uint8 b, Uint8 a = Color::ALPHA_OPAQUE);
      |                              ^
libgag/include/SDLGraphicContext.h:698:16: warning: 'drawFilledRect' overrides a member function but is not marked 'override' [-Winconsistent-missing-override]
  698 |                 virtual void drawFilledRect(int x, int y, int w, int h, Uint8 r, Uint8 g, Uint8 b, Uint8 a = Color::ALPHA_OPAQUE);
      |                              ^
libgag/include/SDLGraphicContext.h:315:16: note: overridden virtual function is here
  315 |                 virtual void drawFilledRect(int x, int y, int w, int h, Uint8 r, Uint8 g, Uint8 b, Uint8 a = Color::ALPHA_OPAQUE);
      |                              ^
libgag/include/SDLGraphicContext.h:699:16: warning: 'drawVertLine' overrides a member function but is not marked 'override' [-Winconsistent-missing-override]
  699 |                 virtual void drawVertLine(int x, int y, int l, Uint8 r, Uint8 g, Uint8 b, Uint8 a = Color::ALPHA_OPAQUE);
      |                              ^
libgag/include/SDLGraphicContext.h:316:16: note: overridden virtual function is here
  316 |                 virtual void drawVertLine(int x, int y, int l, Uint8 r, Uint8 g, Uint8 b, Uint8 a = Color::ALPHA_OPAQUE);
      |                              ^
libgag/include/SDLGraphicContext.h:700:16: warning: 'drawVertLine' overrides a member function but is not marked 'override' [-Winconsistent-missing-override]
  700 |                 virtual void drawVertLine(int x, int y, int l, const Color& color);
      |                              ^
libgag/include/SDLGraphicContext.h:317:16: note: overridden virtual function is here
  317 |                 virtual void drawVertLine(int x, int y, int l, const Color& color);
      |                              ^
libgag/include/SDLGraphicContext.h:701:16: warning: 'drawHorzLine' overrides a member function but is not marked 'override' [-Winconsistent-missing-override]
  701 |                 virtual void drawHorzLine(int x, int y, int l, Uint8 r, Uint8 g, Uint8 b, Uint8 a = Color::ALPHA_OPAQUE);
      |                              ^
libgag/include/SDLGraphicContext.h:318:16: note: overridden virtual function is here
  318 |                 virtual void drawHorzLine(int x, int y, int l, Uint8 r, Uint8 g, Uint8 b, Uint8 a = Color::ALPHA_OPAQUE);
      |                              ^
libgag/include/SDLGraphicContext.h:702:16: warning: 'drawHorzLine' overrides a member function but is not marked 'override' [-Winconsistent-missing-override]
  702 |                 virtual void drawHorzLine(int x, int y, int l, const Color& color);
      |                              ^
libgag/include/SDLGraphicContext.h:319:16: note: overridden virtual function is here
  319 |                 virtual void drawHorzLine(int x, int y, int l, const Color& color);
      |                              ^
libgag/include/SDLGraphicContext.h:703:16: warning: 'drawLine' overrides a member function but is not marked 'override' [-Winconsistent-missing-override]
  703 |                 virtual void drawLine(int x1, int y1, int x2, int y2, Uint8 r, Uint8 g, Uint8 b, Uint8 a = Color::ALPHA_OPAQUE);
      |                              ^
libgag/include/SDLGraphicContext.h:320:16: note: overridden virtual function is here
  320 |                 virtual void drawLine(int x1, int y1, int x2, int y2, Uint8 r, Uint8 g, Uint8 b, Uint8 a = Color::ALPHA_OPAQUE);
      |                              ^
libgag/include/SDLGraphicContext.h:704:16: warning: 'drawCircle' overrides a member function but is not marked 'override' [-Winconsistent-missing-override]
  704 |                 virtual void drawCircle(int x, int y, int radius, Uint8 r, Uint8 g, Uint8 b, Uint8 a = Color::ALPHA_OPAQUE);
      |                              ^
libgag/include/SDLGraphicContext.h:321:16: note: overridden virtual function is here
  321 |                 virtual void drawCircle(int x, int y, int radius, Uint8 r, Uint8 g, Uint8 b, Uint8 a = Color::ALPHA_OPAQUE);
      |                              ^
src/ui/screens/MusicLibraryScreen.cpp:43:29: warning: 'u8path<std::string, 0>' is deprecated [-Wdeprecated-declarations]
   43 |           library(std::filesystem::u8path(GAGCore::Toolkit::getFileManager()->getDir(0)))
      |                                    ^
/home/bradley/.local/share/glob2/development/caches/emscripten-Linux-x86_64-dff0d11ef1599aadc69691ca/cache/sysroot/include/c++/v1/__filesystem/u8path.h:78:23: note: 'u8path<std::string, 0>' has been explicitly marked deprecated here
   78 | _LIBCPP_HIDE_FROM_ABI _LIBCPP_DEPRECATED_WITH_CHAR8_T path u8path(const _Source& __s) {
      |                       ^
/home/bradley/.local/share/glob2/development/caches/emscripten-Linux-x86_64-dff0d11ef1599aadc69691ca/cache/sysroot/include/c++/v1/__config:749:45: note: expanded from macro '_LIBCPP_DEPRECATED_WITH_CHAR8_T'
  749 | #    define _LIBCPP_DEPRECATED_WITH_CHAR8_T _LIBCPP_DEPRECATED
      |                                             ^
/home/bradley/.local/share/glob2/development/caches/emscripten-Linux-x86_64-dff0d11ef1599aadc69691ca/cache/sysroot/include/c++/v1/__config:698:49: note: expanded from macro '_LIBCPP_DEPRECATED'
  698 | #      define _LIBCPP_DEPRECATED __attribute__((__deprecated__))
      |                                                 ^
src/ui/screens/MusicLibraryScreen.cpp:50:20: warning: 'u8path<std::string, 0>' is deprecated [-Wdeprecated-declarations]
   50 |                 std::filesystem::u8path(GAGCore::Toolkit::getFileManager()->getDir(0)) / "music-preview";
      |                                  ^
/home/bradley/.local/share/glob2/development/caches/emscripten-Linux-x86_64-dff0d11ef1599aadc69691ca/cache/sysroot/include/c++/v1/__filesystem/u8path.h:78:23: note: 'u8path<std::string, 0>' has been explicitly marked deprecated here
   78 | _LIBCPP_HIDE_FROM_ABI _LIBCPP_DEPRECATED_WITH_CHAR8_T path u8path(const _Source& __s) {
      |                       ^
/home/bradley/.local/share/glob2/development/caches/emscripten-Linux-x86_64-dff0d11ef1599aadc69691ca/cache/sysroot/include/c++/v1/__config:749:45: note: expanded from macro '_LIBCPP_DEPRECATED_WITH_CHAR8_T'
  749 | #    define _LIBCPP_DEPRECATED_WITH_CHAR8_T _LIBCPP_DEPRECATED
      |                                             ^
/home/bradley/.local/share/glob2/development/caches/emscripten-Linux-x86_64-dff0d11ef1599aadc69691ca/cache/sysroot/include/c++/v1/__config:698:49: note: expanded from macro '_LIBCPP_DEPRECATED'
  698 | #      define _LIBCPP_DEPRECATED __attribute__((__deprecated__))
      |                                                 ^
Packaging browser game data
/home/bradley/.local/share/glob2/development/toolchains/emscripten/Linux-x86_64-88a621bc131cd4954413aa39/upstream/emscripten/em++ -o build/emscripten/client/release/threaded/obj/src/engine/Engine.cpp.o -c -std=gnu++20 -fwasm-exceptions -g2 -O2 --use-port=zlib -pthread -DHAVE_CONFIG_H -DGLOB2_OFFICIAL_INSTANCE_ORIGIN=\"https://app.glob2online.com\" -DGLOB2_OFFICIAL_INSTANCE_FORMER_ORIGINS=\"https://glob2online.com\" -Ibuild/emscripten/client/release/threaded/include -Ibuild/emscripten/client/release/threaded/sdl3/prefix/include -Ilibgag/include -I. -Ilibusl/src -Isrc -Isrc/ai -Isrc/hud -Isrc/app -Isrc/game/player -Isrc/team -Isrc/common -Isrc/map -Isrc/game -Isrc/campaign -Isrc/campaign/screens -Isrc/replay -Isrc/game/screens -Isrc/render/clouds -Isrc/ui/screens -Isrc/game/rules -Isrc/game/diagnostics -Isrc/map/editor/screens -Isrc/engine -Isrc/ui -Isrc/map/preview -Isrc/app/cli -Isrc/net/lan/screens -Isrc/online -Isrc/map/tools -Isrc/scripting/map -Isrc/render/overlay -Isrc/audio -Isrc/online/screens -Isrc/game/orders -Isrc/resource -Isrc/ui/settings -Isrc/team/stats -Isrc/render/torus -Isrc/ai/simple -Isrc/ai/castor -Isrc/ai/javascript -Isrc/ai/nicowar -Isrc/ai/numbi -Isrc/ai/telemetry -Isrc/ai/warrush -Isrc/ai/maxima -Isrc/building -Isrc/building/types -Isrc/unit/types -Isrc/building/hud -Isrc/net -Isrc/hud/draw -Isrc/hud/input -Isrc/hud/touch -Isrc/net/turn -Isrc/unit -Isrc/map/editor -Isrc/map/generator -Isrc/map/generator/compatibility -Isrc/map/generator/core -Isrc/map/generator/generators -Isrc/map/generator/shared -Isrc/map/generator/shared/legacy -Isrc/map/gradient -Isrc/map/io -Isrc/net/lan -Isrc/net/message -Isrc/scripting/sgsl -Ithird_party/nlohmann-json/include -Ibuild/emscripten/client/release/threaded/opus/prefix/include -Ibuild/emscripten/client/release/threaded/opus/prefix/include/opus -Ithird_party/quickjs-ng src/engine/Engine.cpp
36 warnings generated.
/home/bradley/.local/share/glob2/development/toolchains/emscripten/Linux-x86_64-88a621bc131cd4954413aa39/upstream/emscripten/em++ -o build/emscripten/client/release/threaded/obj/src/hud/GameGUIDialog.cpp.o -c -std=gnu++20 -fwasm-exceptions -g2 -O2 --use-port=zlib -pthread -DHAVE_CONFIG_H -DGLOB2_OFFICIAL_INSTANCE_ORIGIN=\"https://app.glob2online.com\" -DGLOB2_OFFICIAL_INSTANCE_FORMER_ORIGINS=\"https://glob2online.com\" -Ibuild/emscripten/client/release/threaded/include -Ibuild/emscripten/client/release/threaded/sdl3/prefix/include -Ilibgag/include -I. -Ilibusl/src -Isrc -Isrc/ai -Isrc/hud -Isrc/app -Isrc/game/player -Isrc/team -Isrc/common -Isrc/map -Isrc/game -Isrc/campaign -Isrc/campaign/screens -Isrc/replay -Isrc/game/screens -Isrc/render/clouds -Isrc/ui/screens -Isrc/game/rules -Isrc/game/diagnostics -Isrc/map/editor/screens -Isrc/engine -Isrc/ui -Isrc/map/preview -Isrc/app/cli -Isrc/net/lan/screens -Isrc/online -Isrc/map/tools -Isrc/scripting/map -Isrc/render/overlay -Isrc/audio -Isrc/online/screens -Isrc/game/orders -Isrc/resource -Isrc/ui/settings -Isrc/team/stats -Isrc/render/torus -Isrc/ai/simple -Isrc/ai/castor -Isrc/ai/javascript -Isrc/ai/nicowar -Isrc/ai/numbi -Isrc/ai/telemetry -Isrc/ai/warrush -Isrc/ai/maxima -Isrc/building -Isrc/building/types -Isrc/unit/types -Isrc/building/hud -Isrc/net -Isrc/hud/draw -Isrc/hud/input -Isrc/hud/touch -Isrc/net/turn -Isrc/unit -Isrc/map/editor -Isrc/map/generator -Isrc/map/generator/compatibility -Isrc/map/generator/core -Isrc/map/generator/generators -Isrc/map/generator/shared -Isrc/map/generator/shared/legacy -Isrc/map/gradient -Isrc/map/io -Isrc/net/lan -Isrc/net/message -Isrc/scripting/sgsl -Ithird_party/nlohmann-json/include -Ibuild/emscripten/client/release/threaded/opus/prefix/include -Ibuild/emscripten/client/release/threaded/opus/prefix/include/opus -Ithird_party/quickjs-ng src/hud/GameGUIDialog.cpp
/home/bradley/.local/share/glob2/development/toolchains/emscripten/Linux-x86_64-88a621bc131cd4954413aa39/upstream/emscripten/em++ -o build/emscripten/client/release/threaded/obj/src/hud/draw/GameGUIDraw.cpp.o -c -std=gnu++20 -fwasm-exceptions -g2 -O2 --use-port=zlib -pthread -DHAVE_CONFIG_H -DGLOB2_OFFICIAL_INSTANCE_ORIGIN=\"https://app.glob2online.com\" -DGLOB2_OFFICIAL_INSTANCE_FORMER_ORIGINS=\"https://glob2online.com\" -Ibuild/emscripten/client/release/threaded/include -Ibuild/emscripten/client/release/threaded/sdl3/prefix/include -Ilibgag/include -I. -Ilibusl/src -Isrc -Isrc/ai -Isrc/hud -Isrc/app -Isrc/game/player -Isrc/team -Isrc/common -Isrc/map -Isrc/game -Isrc/campaign -Isrc/campaign/screens -Isrc/replay -Isrc/game/screens -Isrc/render/clouds -Isrc/ui/screens -Isrc/game/rules -Isrc/game/diagnostics -Isrc/map/editor/screens -Isrc/engine -Isrc/ui -Isrc/map/preview -Isrc/app/cli -Isrc/net/lan/screens -Isrc/online -Isrc/map/tools -Isrc/scripting/map -Isrc/render/overlay -Isrc/audio -Isrc/online/screens -Isrc/game/orders -Isrc/resource -Isrc/ui/settings -Isrc/team/stats -Isrc/render/torus -Isrc/ai/simple -Isrc/ai/castor -Isrc/ai/javascript -Isrc/ai/nicowar -Isrc/ai/numbi -Isrc/ai/telemetry -Isrc/ai/warrush -Isrc/ai/maxima -Isrc/building -Isrc/building/types -Isrc/unit/types -Isrc/building/hud -Isrc/net -Isrc/hud/draw -Isrc/hud/input -Isrc/hud/touch -Isrc/net/turn -Isrc/unit -Isrc/map/editor -Isrc/map/generator -Isrc/map/generator/compatibility -Isrc/map/generator/core -Isrc/map/generator/generators -Isrc/map/generator/shared -Isrc/map/generator/shared/legacy -Isrc/map/gradient -Isrc/map/io -Isrc/net/lan -Isrc/net/message -Isrc/scripting/sgsl -Ithird_party/nlohmann-json/include -Ibuild/emscripten/client/release/threaded/opus/prefix/include -Ibuild/emscripten/client/release/threaded/opus/prefix/include/opus -Ithird_party/quickjs-ng src/hud/draw/GameGUIDraw.cpp
/home/bradley/.local/share/glob2/development/toolchains/emscripten/Linux-x86_64-88a621bc131cd4954413aa39/upstream/emscripten/em++ -o build/emscripten/client/release/threaded/obj/src/hud/GameGUIOrders.cpp.o -c -std=gnu++20 -fwasm-exceptions -g2 -O2 --use-port=zlib -pthread -DHAVE_CONFIG_H -DGLOB2_OFFICIAL_INSTANCE_ORIGIN=\"https://app.glob2online.com\" -DGLOB2_OFFICIAL_INSTANCE_FORMER_ORIGINS=\"https://glob2online.com\" -Ibuild/emscripten/client/release/threaded/include -Ibuild/emscripten/client/release/threaded/sdl3/prefix/include -Ilibgag/include -I. -Ilibusl/src -Isrc -Isrc/ai -Isrc/hud -Isrc/app -Isrc/game/player -Isrc/team -Isrc/common -Isrc/map -Isrc/game -Isrc/campaign -Isrc/campaign/screens -Isrc/replay -Isrc/game/screens -Isrc/render/clouds -Isrc/ui/screens -Isrc/game/rules -Isrc/game/diagnostics -Isrc/map/editor/screens -Isrc/engine -Isrc/ui -Isrc/map/preview -Isrc/app/cli -Isrc/net/lan/screens -Isrc/online -Isrc/map/tools -Isrc/scripting/map -Isrc/render/overlay -Isrc/audio -Isrc/online/screens -Isrc/game/orders -Isrc/resource -Isrc/ui/settings -Isrc/team/stats -Isrc/render/torus -Isrc/ai/simple -Isrc/ai/castor -Isrc/ai/javascript -Isrc/ai/nicowar -Isrc/ai/numbi -Isrc/ai/telemetry -Isrc/ai/warrush -Isrc/ai/maxima -Isrc/building -Isrc/building/types -Isrc/unit/types -Isrc/building/hud -Isrc/net -Isrc/hud/draw -Isrc/hud/input -Isrc/hud/touch -Isrc/net/turn -Isrc/unit -Isrc/map/editor -Isrc/map/generator -Isrc/map/generator/compatibility -Isrc/map/generator/core -Isrc/map/generator/generators -Isrc/map/generator/shared -Isrc/map/generator/shared/legacy -Isrc/map/gradient -Isrc/map/io -Isrc/net/lan -Isrc/net/message -Isrc/scripting/sgsl -Ithird_party/nlohmann-json/include -Ibuild/emscripten/client/release/threaded/opus/prefix/include -Ibuild/emscripten/client/release/threaded/opus/prefix/include/opus -Ithird_party/quickjs-ng src/hud/GameGUIOrders.cpp
36 warnings generated.
/home/bradley/.local/share/glob2/development/toolchains/emscripten/Linux-x86_64-88a621bc131cd4954413aa39/upstream/emscripten/em++ -o build/emscripten/client/release/threaded/obj/src/hud/GameGUIStep.cpp.o -c -std=gnu++20 -fwasm-exceptions -g2 -O2 --use-port=zlib -pthread -DHAVE_CONFIG_H -DGLOB2_OFFICIAL_INSTANCE_ORIGIN=\"https://app.glob2online.com\" -DGLOB2_OFFICIAL_INSTANCE_FORMER_ORIGINS=\"https://glob2online.com\" -Ibuild/emscripten/client/release/threaded/include -Ibuild/emscripten/client/release/threaded/sdl3/prefix/include -Ilibgag/include -I. -Ilibusl/src -Isrc -Isrc/ai -Isrc/hud -Isrc/app -Isrc/game/player -Isrc/team -Isrc/common -Isrc/map -Isrc/game -Isrc/campaign -Isrc/campaign/screens -Isrc/replay -Isrc/game/screens -Isrc/render/clouds -Isrc/ui/screens -Isrc/game/rules -Isrc/game/diagnostics -Isrc/map/editor/screens -Isrc/engine -Isrc/ui -Isrc/map/preview -Isrc/app/cli -Isrc/net/lan/screens -Isrc/online -Isrc/map/tools -Isrc/scripting/map -Isrc/render/overlay -Isrc/audio -Isrc/online/screens -Isrc/game/orders -Isrc/resource -Isrc/ui/settings -Isrc/team/stats -Isrc/render/torus -Isrc/ai/simple -Isrc/ai/castor -Isrc/ai/javascript -Isrc/ai/nicowar -Isrc/ai/numbi -Isrc/ai/telemetry -Isrc/ai/warrush -Isrc/ai/maxima -Isrc/building -Isrc/building/types -Isrc/unit/types -Isrc/building/hud -Isrc/net -Isrc/hud/draw -Isrc/hud/input -Isrc/hud/touch -Isrc/net/turn -Isrc/unit -Isrc/map/editor -Isrc/map/generator -Isrc/map/generator/compatibility -Isrc/map/generator/core -Isrc/map/generator/generators -Isrc/map/generator/shared -Isrc/map/generator/shared/legacy -Isrc/map/gradient -Isrc/map/io -Isrc/net/lan -Isrc/net/message -Isrc/scripting/sgsl -Ithird_party/nlohmann-json/include -Ibuild/emscripten/client/release/threaded/opus/prefix/include -Ibuild/emscripten/client/release/threaded/opus/prefix/include/opus -Ithird_party/quickjs-ng src/hud/GameGUIStep.cpp
36 warnings generated.
/home/bradley/.local/share/glob2/development/toolchains/emscripten/Linux-x86_64-88a621bc131cd4954413aa39/upstream/emscripten/em++ -o build/emscripten/client/release/threaded/obj/src/app/GlobalContainer.cpp.o -c -std=gnu++20 -fwasm-exceptions -g2 -O2 --use-port=zlib -pthread -DHAVE_CONFIG_H -DGLOB2_OFFICIAL_INSTANCE_ORIGIN=\"https://app.glob2online.com\" -DGLOB2_OFFICIAL_INSTANCE_FORMER_ORIGINS=\"https://glob2online.com\" -Ibuild/emscripten/client/release/threaded/include -Ibuild/emscripten/client/release/threaded/sdl3/prefix/include -Ilibgag/include -I. -Ilibusl/src -Isrc -Isrc/ai -Isrc/hud -Isrc/app -Isrc/game/player -Isrc/team -Isrc/common -Isrc/map -Isrc/game -Isrc/campaign -Isrc/campaign/screens -Isrc/replay -Isrc/game/screens -Isrc/render/clouds -Isrc/ui/screens -Isrc/game/rules -Isrc/game/diagnostics -Isrc/map/editor/screens -Isrc/engine -Isrc/ui -Isrc/map/preview -Isrc/app/cli -Isrc/net/lan/screens -Isrc/online -Isrc/map/tools -Isrc/scripting/map -Isrc/render/overlay -Isrc/audio -Isrc/online/screens -Isrc/game/orders -Isrc/resource -Isrc/ui/settings -Isrc/team/stats -Isrc/render/torus -Isrc/ai/simple -Isrc/ai/castor -Isrc/ai/javascript -Isrc/ai/nicowar -Isrc/ai/numbi -Isrc/ai/telemetry -Isrc/ai/warrush -Isrc/ai/maxima -Isrc/building -Isrc/building/types -Isrc/unit/types -Isrc/building/hud -Isrc/net -Isrc/hud/draw -Isrc/hud/input -Isrc/hud/touch -Isrc/net/turn -Isrc/unit -Isrc/map/editor -Isrc/map/generator -Isrc/map/generator/compatibility -Isrc/map/generator/core -Isrc/map/generator/generators -Isrc/map/generator/shared -Isrc/map/generator/shared/legacy -Isrc/map/gradient -Isrc/map/io -Isrc/net/lan -Isrc/net/message -Isrc/scripting/sgsl -Ithird_party/nlohmann-json/include -Ibuild/emscripten/client/release/threaded/opus/prefix/include -Ibuild/emscripten/client/release/threaded/opus/prefix/include/opus -Ithird_party/quickjs-ng src/app/GlobalContainer.cpp
In file included from src/engine/Engine.cpp:8:
In file included from src/game/screens/EndGameScreen.h:7:
In file included from src/hud/GameGUI.h:20:
In file included from src/game/Game.h:12:
In file included from src/map/Map.h:21:
In file included from src/team/Team.h:16:
In file included from src/game/GameEvent.h:9:
In file included from libgag/include/GraphicContext.h:6:
libgag/include/SDLGraphicContext.h:545:16: warning: 'setRes' overrides a member function but is not marked 'override' [-Winconsistent-missing-override]
  545 |                 virtual void setRes(int w, int h) { setRes(w, h, optionFlags); }
      |                              ^
libgag/include/SDLGraphicContext.h:244:16: note: overridden virtual function is here
  244 |                 virtual void setRes(int w, int h);
      |                              ^
libgag/include/SDLGraphicContext.h:621:16: warning: 'setClipRect' overrides a member function but is not marked 'override' [-Winconsistent-missing-override]
  621 |                 virtual void setClipRect(int x, int y, int w, int h);
      |                              ^
libgag/include/SDLGraphicContext.h:246:16: note: overridden virtual function is here
  246 |                 virtual void setClipRect(int x, int y, int w, int h);
      |                              ^
libgag/include/SDLGraphicContext.h:622:16: warning: 'setClipRect' overrides a member function but is not marked 'override' [-Winconsistent-missing-override]
  622 |                 virtual void setClipRect(void);
      |                              ^
libgag/include/SDLGraphicContext.h:247:16: note: overridden virtual function is here
  247 |                 virtual void setClipRect(void);
      |                              ^
libgag/include/SDLGraphicContext.h:627:22: warning: 'nextFrame' overrides a member function but is not marked 'override' [-Winconsistent-missing-override]
  627 |         virtual void nextFrame(void);
      |                      ^
libgag/include/SDLGraphicContext.h:248:16: note: overridden virtual function is here
  248 |                 virtual void nextFrame(void) { flushTextPictures(); }
      |                              ^
libgag/include/SDLGraphicContext.h:629:16: warning: 'loadImage' overrides a member function but is not marked 'override' [-Winconsistent-missing-override]
  629 |                 virtual bool loadImage(const std::string name) { return false; }
      |                              ^
libgag/include/SDLGraphicContext.h:249:16: note: overridden virtual function is here
  249 |                 virtual bool loadImage(const std::string name);
      |                              ^
libgag/include/SDLGraphicContext.h:633:16: warning: 'shiftHSV' overrides a member function but is not marked 'override' [-Winconsistent-missing-override]
  633 |                 virtual void shiftHSV(float hue, float sat, float lum) { }
      |                              ^
libgag/include/SDLGraphicContext.h:250:16: note: overridden virtual function is here
  250 |                 virtual void shiftHSV(float hue, float sat, float lum);
      |                              ^
libgag/include/SDLGraphicContext.h:636:16: warning: 'canDrawStretchedSprite' overrides a member function but is not marked 'override' [-Winconsistent-missing-override]
  636 |                 virtual bool canDrawStretchedSprite(void) { return hasPortableRenderer() || (optionFlags & USEGPU) != 0; }
      |                              ^
libgag/include/SDLGraphicContext.h:268:16: note: overridden virtual function is here
  268 |                 virtual bool canDrawStretchedSprite(void) { return false; }
      |                              ^
libgag/include/SDLGraphicContext.h:638:16: warning: 'drawPixel' overrides a member function but is not marked 'override' [-Winconsistent-missing-override]
  638 |                 virtual void drawPixel(int x, int y, const Color& color);
      |                              ^
libgag/include/SDLGraphicContext.h:271:16: note: overridden virtual function is here
  271 |                 virtual void drawPixel(int x, int y, const Color& color);
      |                              ^
libgag/include/SDLGraphicContext.h:639:16: warning: 'drawPixel' overrides a member function but is not marked 'override' [-Winconsistent-missing-override]
  639 |                 virtual void drawPixel(float x, float y, const Color& color);
      |                              ^
libgag/include/SDLGraphicContext.h:272:16: note: overridden virtual function is here
  272 |                 virtual void drawPixel(float x, float y, const Color& color);
      |                              ^
libgag/include/SDLGraphicContext.h:641:16: warning: 'drawRect' overrides a member function but is not marked 'override' [-Winconsistent-missing-override]
  641 |                 virtual void drawRect(int x, int y, int w, int h, const Color& color);
      |                              ^
libgag/include/SDLGraphicContext.h:274:16: note: overridden virtual function is here
  274 |                 virtual void drawRect(int x, int y, int w, int h, const Color& color);
      |                              ^
libgag/include/SDLGraphicContext.h:642:16: warning: 'drawRect' overrides a member function but is not marked 'override' [-Winconsistent-missing-override]
  642 |                 virtual void drawRect(float x, float y, float w, float h, const Color& color);
      |                              ^
libgag/include/SDLGraphicContext.h:275:16: note: overridden virtual function is here
  275 |                 virtual void drawRect(float x, float y, float w, float h, const Color& color);
      |                              ^
libgag/include/SDLGraphicContext.h:644:16: warning: 'drawFilledRect' overrides a member function but is not marked 'override' [-Winconsistent-missing-override]
  644 |                 virtual void drawFilledRect(int x, int y, int w, int h, const Color& color);
      |                              ^
libgag/include/SDLGraphicContext.h:277:16: note: overridden virtual function is here
  277 |                 virtual void drawFilledRect(int x, int y, int w, int h, const Color& color);
      |                              ^
libgag/include/SDLGraphicContext.h:645:16: warning: 'drawFilledRect' overrides a member function but is not marked 'override' [-Winconsistent-missing-override]
  645 |                 virtual void drawFilledRect(float x, float y, float w, float h, const Color& color);
      |                              ^
libgag/include/SDLGraphicContext.h:278:16: note: overridden virtual function is here
  278 |                 virtual void drawFilledRect(float x, float y, float w, float h, const Color& color);
      |                              ^
libgag/include/SDLGraphicContext.h:647:16: warning: 'drawLine' overrides a member function but is not marked 'override' [-Winconsistent-missing-override]
  647 |                 virtual void drawLine(int x1, int y1, int x2, int y2, const Color& color);
      |                              ^
libgag/include/SDLGraphicContext.h:280:16: note: overridden virtual function is here
  280 |                 virtual void drawLine(int x1, int y1, int x2, int y2, const Color& color);
      |                              ^
libgag/include/SDLGraphicContext.h:648:16: warning: 'drawLine' overrides a member function but is not marked 'override' [-Winconsistent-missing-override]
  648 |                 virtual void drawLine(float x1, float y1, float x2, float y2, const Color& color);
      |                              ^
libgag/include/SDLGraphicContext.h:281:16: note: overridden virtual function is here
  281 |                 virtual void drawLine(float x1, float y1, float x2, float y2, const Color& color);
      |                              ^
libgag/include/SDLGraphicContext.h:650:16: warning: 'drawCircle' overrides a member function but is not marked 'override' [-Winconsistent-missing-override]
  650 |                 virtual void drawCircle(int x, int y, int radius, const Color& color);
      |                              ^
libgag/include/SDLGraphicContext.h:283:16: note: overridden virtual function is here
  283 |                 virtual void drawCircle(int x, int y, int radius, const Color& color);
      |                              ^
libgag/include/SDLGraphicContext.h:651:16: warning: 'drawCircle' overrides a member function but is not marked 'override' [-Winconsistent-missing-override]
  651 |                 virtual void drawCircle(float x, float y, float radius, const Color& color);
      |                              ^
libgag/include/SDLGraphicContext.h:284:16: note: overridden virtual function is here
  284 |                 virtual void drawCircle(float x, float y, float radius, const Color& color);
      |                              ^
libgag/include/SDLGraphicContext.h:653:16: warning: 'drawSurface' overrides a member function but is not marked 'override' [-Winconsistent-missing-override]
  653 |                 virtual void drawSurface(int x, int y, DrawableSurface *surface, Uint8 alpha = Color::ALPHA_OPAQUE);
      |                              ^
libgag/include/SDLGraphicContext.h:286:16: note: overridden virtual function is here
  286 |                 virtual void drawSurface(int x, int y, DrawableSurface *surface, Uint8 alpha = Color::ALPHA_OPAQUE);
      |                              ^
libgag/include/SDLGraphicContext.h:654:16: warning: 'drawSurface' overrides a member function but is not marked 'override' [-Winconsistent-missing-override]
  654 |                 virtual void drawSurface(float x, float y, DrawableSurface *surface, Uint8 alpha = Color::ALPHA_OPAQUE);
      |                              ^
libgag/include/SDLGraphicContext.h:287:16: note: overridden virtual function is here
  287 |                 virtual void drawSurface(float x, float y, DrawableSurface *surface, Uint8 alpha = Color::ALPHA_OPAQUE);
      |                              ^
libgag/include/SDLGraphicContext.h:656:16: warning: 'drawSurface' overrides a member function but is not marked 'override' [-Winconsistent-missing-override]
  656 |                 virtual void drawSurface(int x, int y, int w, int h, DrawableSurface *surface, Uint8 alpha = Color::ALPHA_OPAQUE);
      |                              ^
libgag/include/SDLGraphicContext.h:289:16: note: overridden virtual function is here
  289 |                 virtual void drawSurface(int x, int y, int w, int h, DrawableSurface *surface, Uint8 alpha = Color::ALPHA_OPAQUE);
      |                              ^
libgag/include/SDLGraphicContext.h:657:16: warning: 'drawSurface' overrides a member function but is not marked 'override' [-Winconsistent-missing-override]
  657 |                 virtual void drawSurface(float x, float y, float w, float h, DrawableSurface *surface, Uint8 alpha = Color::ALPHA_OPAQUE);
      |                              ^
libgag/include/SDLGraphicContext.h:290:16: note: overridden virtual function is here
  290 |                 virtual void drawSurface(float x, float y, float w, float h, DrawableSurface *surface, Uint8 alpha = Color::ALPHA_OPAQUE);
      |                              ^
libgag/include/SDLGraphicContext.h:659:16: warning: 'drawSurface' overrides a member function but is not marked 'override' [-Winconsistent-missing-override]
  659 |                 virtual void drawSurface(int x, int y, DrawableSurface *surface, int sx, int sy, int sw, int sh, Uint8 alpha = Color::ALPHA_OPAQUE);
      |                              ^
libgag/include/SDLGraphicContext.h:292:16: note: overridden virtual function is here
  292 |                 virtual void drawSurface(int x, int y, DrawableSurface *surface, int sx, int sy, int sw, int sh, Uint8 alpha = Color::ALPHA_OPAQUE);
      |                              ^
libgag/include/SDLGraphicContext.h:660:16: warning: 'drawSurface' overrides a member function but is not marked 'override' [-Winconsistent-missing-override]
  660 |                 virtual void drawSurface(float x, float y, DrawableSurface *surface, int sx, int sy, int sw, int sh, Uint8 alpha = Color::ALPHA_OPAQUE);
      |                              ^
libgag/include/SDLGraphicContext.h:293:16: note: overridden virtual function is here
  293 |                 virtual void drawSurface(float x, float y, DrawableSurface *surface, int sx, int sy, int sw, int sh, Uint8 alpha = Color::ALPHA_OPAQUE);
      |                              ^
libgag/include/SDLGraphicContext.h:662:16: warning: 'drawSurface' overrides a member function but is not marked 'override' [-Winconsistent-missing-override]
  662 |                 virtual void drawSurface(int x, int y, int w, int h, DrawableSurface *surface, int sx, int sy, int sw, int sh,  Uint8 alpha = Color::ALPHA_OPAQUE);
      |                              ^
libgag/include/SDLGraphicContext.h:295:16: note: overridden virtual function is here
  295 |                 virtual void drawSurface(int x, int y, int w, int h, DrawableSurface *surface, int sx, int sy, int sw, int sh,  Uint8 alpha = Color::ALPHA_OPAQUE);
      |                              ^
libgag/include/SDLGraphicContext.h:663:16: warning: 'drawSurface' overrides a member function but is not marked 'override' [-Winconsistent-missing-override]
  663 |                 virtual void drawSurface(float x, float y, float w, float h, DrawableSurface *surface, int sx, int sy, int sw, int sh, Uint8 alpha = Color::ALPHA_OPAQUE);
      |                              ^
libgag/include/SDLGraphicContext.h:296:16: note: overridden virtual function is here
  296 |                 virtual void drawSurface(float x, float y, float w, float h, DrawableSurface *surface, int sx, int sy, int sw, int sh, Uint8 alpha = Color::ALPHA_OPAQUE);
      |                              ^
libgag/include/SDLGraphicContext.h:692:16: warning: 'drawAlphaMap' overrides a member function but is not marked 'override' [-Winconsistent-missing-override]
  692 |                 virtual void drawAlphaMap(const std::valarray<float> &map, int mapW, int mapH, int x, int y, int cellW, int cellH, const Color &color);
      |                              ^
libgag/include/SDLGraphicContext.h:309:16: note: overridden virtual function is here
  309 |                 virtual void drawAlphaMap(const std::valarray<float> &map, int mapW, int mapH, int x, int y, int cellW, int cellH, const Color &color);
      |                              ^
libgag/include/SDLGraphicContext.h:693:16: warning: 'drawAlphaMap' overrides a member function but is not marked 'override' [-Winconsistent-missing-override]
  693 |                 virtual void drawAlphaMap(const std::valarray<unsigned char> &map, int mapW, int mapH, int x, int y, int cellW, int cellH, const Color &color);
      |                              ^
libgag/include/SDLGraphicContext.h:310:16: note: overridden virtual function is here
  310 |                 virtual void drawAlphaMap(const std::valarray<unsigned char> &map, int mapW, int mapH, int x, int y, int cellW, int cellH, const Color &color);
      |                              ^
libgag/include/SDLGraphicContext.h:696:16: warning: 'drawPixel' overrides a member function but is not marked 'override' [-Winconsistent-missing-override]
  696 |                 virtual void drawPixel(int x, int y, Uint8 r, Uint8 g, Uint8 b, Uint8 a = Color::ALPHA_OPAQUE);
      |                              ^
libgag/include/SDLGraphicContext.h:313:16: note: overridden virtual function is here
  313 |                 virtual void drawPixel(int x, int y, Uint8 r, Uint8 g, Uint8 b, Uint8 a = Color::ALPHA_OPAQUE);
      |                              ^
libgag/include/SDLGraphicContext.h:697:16: warning: 'drawRect' overrides a member function but is not marked 'override' [-Winconsistent-missing-override]
  697 |                 virtual void drawRect(int x, int y, int w, int h, Uint8 r, Uint8 g, Uint8 b, Uint8 a = Color::ALPHA_OPAQUE);
      |                              ^
libgag/include/SDLGraphicContext.h:314:16: note: overridden virtual function is here
  314 |                 virtual void drawRect(int x, int y, int w, int h, Uint8 r, Uint8 g, Uint8 b, Uint8 a = Color::ALPHA_OPAQUE);
      |                              ^
libgag/include/SDLGraphicContext.h:698:16: warning: 'drawFilledRect' overrides a member function but is not marked 'override' [-Winconsistent-missing-override]
  698 |                 virtual void drawFilledRect(int x, int y, int w, int h, Uint8 r, Uint8 g, Uint8 b, Uint8 a = Color::ALPHA_OPAQUE);
      |                              ^
libgag/include/SDLGraphicContext.h:315:16: note: overridden virtual function is here
  315 |                 virtual void drawFilledRect(int x, int y, int w, int h, Uint8 r, Uint8 g, Uint8 b, Uint8 a = Color::ALPHA_OPAQUE);
      |                              ^
libgag/include/SDLGraphicContext.h:699:16: warning: 'drawVertLine' overrides a member function but is not marked 'override' [-Winconsistent-missing-override]
  699 |                 virtual void drawVertLine(int x, int y, int l, Uint8 r, Uint8 g, Uint8 b, Uint8 a = Color::ALPHA_OPAQUE);
      |                              ^
libgag/include/SDLGraphicContext.h:316:16: note: overridden virtual function is here
  316 |                 virtual void drawVertLine(int x, int y, int l, Uint8 r, Uint8 g, Uint8 b, Uint8 a = Color::ALPHA_OPAQUE);
      |                              ^
libgag/include/SDLGraphicContext.h:700:16: warning: 'drawVertLine' overrides a member function but is not marked 'override' [-Winconsistent-missing-override]
  700 |                 virtual void drawVertLine(int x, int y, int l, const Color& color);
      |                              ^
libgag/include/SDLGraphicContext.h:317:16: note: overridden virtual function is here
  317 |                 virtual void drawVertLine(int x, int y, int l, const Color& color);
      |                              ^
libgag/include/SDLGraphicContext.h:701:16: warning: 'drawHorzLine' overrides a member function but is not marked 'override' [-Winconsistent-missing-override]
  701 |                 virtual void drawHorzLine(int x, int y, int l, Uint8 r, Uint8 g, Uint8 b, Uint8 a = Color::ALPHA_OPAQUE);
      |                              ^
libgag/include/SDLGraphicContext.h:318:16: note: overridden virtual function is here
  318 |                 virtual void drawHorzLine(int x, int y, int l, Uint8 r, Uint8 g, Uint8 b, Uint8 a = Color::ALPHA_OPAQUE);
      |                              ^
libgag/include/SDLGraphicContext.h:702:16: warning: 'drawHorzLine' overrides a member function but is not marked 'override' [-Winconsistent-missing-override]
  702 |                 virtual void drawHorzLine(int x, int y, int l, const Color& color);
      |                              ^
libgag/include/SDLGraphicContext.h:319:16: note: overridden virtual function is here
  319 |                 virtual void drawHorzLine(int x, int y, int l, const Color& color);
      |                              ^
libgag/include/SDLGraphicContext.h:703:16: warning: 'drawLine' overrides a member function but is not marked 'override' [-Winconsistent-missing-override]
  703 |                 virtual void drawLine(int x1, int y1, int x2, int y2, Uint8 r, Uint8 g, Uint8 b, Uint8 a = Color::ALPHA_OPAQUE);
      |                              ^
libgag/include/SDLGraphicContext.h:320:16: note: overridden virtual function is here
  320 |                 virtual void drawLine(int x1, int y1, int x2, int y2, Uint8 r, Uint8 g, Uint8 b, Uint8 a = Color::ALPHA_OPAQUE);
      |                              ^
libgag/include/SDLGraphicContext.h:704:16: warning: 'drawCircle' overrides a member function but is not marked 'override' [-Winconsistent-missing-override]
  704 |                 virtual void drawCircle(int x, int y, int radius, Uint8 r, Uint8 g, Uint8 b, Uint8 a = Color::ALPHA_OPAQUE);
      |                              ^
libgag/include/SDLGraphicContext.h:321:16: note: overridden virtual function is here
  321 |                 virtual void drawCircle(int x, int y, int radius, Uint8 r, Uint8 g, Uint8 b, Uint8 a = Color::ALPHA_OPAQUE);
      |                              ^
In file included from src/hud/GameGUIDialog.cpp:4:
In file included from src/hud/GameGUIDialog.h:4:
In file included from src/ui/FrontendUI.h:3:
In file included from libgag/include/ui/Screen.h:3:
In file included from libgag/include/ui/Host.h:4:
In file included from libgag/include/ui/Element.h:3:
In file included from libgag/include/ui/Canvas.h:3:
In file included from libgag/include/ui/TextLayout.h:3:
In file included from libgag/include/ui/Theme.h:6:
In file included from libgag/include/GraphicContext.h:6:
libgag/include/SDLGraphicContext.h:545:16: warning: 'setRes' overrides a member function but is not marked 'override' [-Winconsistent-missing-override]
  545 |                 virtual void setRes(int w, int h) { setRes(w, h, optionFlags); }
      |                              ^
libgag/include/SDLGraphicContext.h:244:16: note: overridden virtual function is here
  244 |                 virtual void setRes(int w, int h);
      |                              ^
libgag/include/SDLGraphicContext.h:621:16: warning: 'setClipRect' overrides a member function but is not marked 'override' [-Winconsistent-missing-override]
  621 |                 virtual void setClipRect(int x, int y, int w, int h);
      |                              ^
libgag/include/SDLGraphicContext.h:246:16: note: overridden virtual function is here
  246 |                 virtual void setClipRect(int x, int y, int w, int h);
      |                              ^
libgag/include/SDLGraphicContext.h:622:16: warning: 'setClipRect' overrides a member function but is not marked 'override' [-Winconsistent-missing-override]
  622 |                 virtual void setClipRect(void);
      |                              ^
libgag/include/SDLGraphicContext.h:247:16: note: overridden virtual function is here
  247 |                 virtual void setClipRect(void);
      |                              ^
libgag/include/SDLGraphicContext.h:627:22: warning: 'nextFrame' overrides a member function but is not marked 'override' [-Winconsistent-missing-override]
  627 |         virtual void nextFrame(void);
      |                      ^
libgag/include/SDLGraphicContext.h:248:16: note: overridden virtual function is here
  248 |                 virtual void nextFrame(void) { flushTextPictures(); }
      |                              ^
libgag/include/SDLGraphicContext.h:629:16: warning: 'loadImage' overrides a member function but is not marked 'override' [-Winconsistent-missing-override]
  629 |                 virtual bool loadImage(const std::string name) { return false; }
      |                              ^
libgag/include/SDLGraphicContext.h:249:16: note: overridden virtual function is here
  249 |                 virtual bool loadImage(const std::string name);
      |                              ^
libgag/include/SDLGraphicContext.h:633:16: warning: 'shiftHSV' overrides a member function but is not marked 'override' [-Winconsistent-missing-override]
  633 |                 virtual void shiftHSV(float hue, float sat, float lum) { }
      |                              ^
libgag/include/SDLGraphicContext.h:250:16: note: overridden virtual function is here
  250 |                 virtual void shiftHSV(float hue, float sat, float lum);
      |                              ^
libgag/include/SDLGraphicContext.h:636:16: warning: 'canDrawStretchedSprite' overrides a member function but is not marked 'override' [-Winconsistent-missing-override]
  636 |                 virtual bool canDrawStretchedSprite(void) { return hasPortableRenderer() || (optionFlags & USEGPU) != 0; }
      |                              ^
libgag/include/SDLGraphicContext.h:268:16: note: overridden virtual function is here
  268 |                 virtual bool canDrawStretchedSprite(void) { return false; }
      |                              ^
libgag/include/SDLGraphicContext.h:638:16: warning: 'drawPixel' overrides a member function but is not marked 'override' [-Winconsistent-missing-override]
  638 |                 virtual void drawPixel(int x, int y, const Color& color);
      |                              ^
libgag/include/SDLGraphicContext.h:271:16: note: overridden virtual function is here
  271 |                 virtual void drawPixel(int x, int y, const Color& color);
      |                              ^
libgag/include/SDLGraphicContext.h:639:16: warning: 'drawPixel' overrides a member function but is not marked 'override' [-Winconsistent-missing-override]
  639 |                 virtual void drawPixel(float x, float y, const Color& color);
      |                              ^
libgag/include/SDLGraphicContext.h:272:16: note: overridden virtual function is here
  272 |                 virtual void drawPixel(float x, float y, const Color& color);
      |                              ^
libgag/include/SDLGraphicContext.h:641:16: warning: 'drawRect' overrides a member function but is not marked 'override' [-Winconsistent-missing-override]
  641 |                 virtual void drawRect(int x, int y, int w, int h, const Color& color);
      |                              ^
libgag/include/SDLGraphicContext.h:274:16: note: overridden virtual function is here
  274 |                 virtual void drawRect(int x, int y, int w, int h, const Color& color);
      |                              ^
libgag/include/SDLGraphicContext.h:642:16: warning: 'drawRect' overrides a member function but is not marked 'override' [-Winconsistent-missing-override]
  642 |                 virtual void drawRect(float x, float y, float w, float h, const Color& color);
      |                              ^
libgag/include/SDLGraphicContext.h:275:16: note: overridden virtual function is here
  275 |                 virtual void drawRect(float x, float y, float w, float h, const Color& color);
      |                              ^
libgag/include/SDLGraphicContext.h:644:16: warning: 'drawFilledRect' overrides a member function but is not marked 'override' [-Winconsistent-missing-override]
  644 |                 virtual void drawFilledRect(int x, int y, int w, int h, const Color& color);
      |                              ^
libgag/include/SDLGraphicContext.h:277:16: note: overridden virtual function is here
  277 |                 virtual void drawFilledRect(int x, int y, int w, int h, const Color& color);
      |                              ^
libgag/include/SDLGraphicContext.h:645:16: warning: 'drawFilledRect' overrides a member function but is not marked 'override' [-Winconsistent-missing-override]
  645 |                 virtual void drawFilledRect(float x, float y, float w, float h, const Color& color);
      |                              ^
libgag/include/SDLGraphicContext.h:278:16: note: overridden virtual function is here
  278 |                 virtual void drawFilledRect(float x, float y, float w, float h, const Color& color);
      |                              ^
libgag/include/SDLGraphicContext.h:647:16: warning: 'drawLine' overrides a member function but is not marked 'override' [-Winconsistent-missing-override]
  647 |                 virtual void drawLine(int x1, int y1, int x2, int y2, const Color& color);
      |                              ^
libgag/include/SDLGraphicContext.h:280:16: note: overridden virtual function is here
  280 |                 virtual void drawLine(int x1, int y1, int x2, int y2, const Color& color);
      |                              ^
libgag/include/SDLGraphicContext.h:648:16: warning: 'drawLine' overrides a member function but is not marked 'override' [-Winconsistent-missing-override]
  648 |                 virtual void drawLine(float x1, float y1, float x2, float y2, const Color& color);
      |                              ^
libgag/include/SDLGraphicContext.h:281:16: note: overridden virtual function is here
  281 |                 virtual void drawLine(float x1, float y1, float x2, float y2, const Color& color);
      |                              ^
libgag/include/SDLGraphicContext.h:650:16: warning: 'drawCircle' overrides a member function but is not marked 'override' [-Winconsistent-missing-override]
  650 |                 virtual void drawCircle(int x, int y, int radius, const Color& color);
      |                              ^
libgag/include/SDLGraphicContext.h:283:16: note: overridden virtual function is here
  283 |                 virtual void drawCircle(int x, int y, int radius, const Color& color);
      |                              ^
libgag/include/SDLGraphicContext.h:651:16: warning: 'drawCircle' overrides a member function but is not marked 'override' [-Winconsistent-missing-override]
  651 |                 virtual void drawCircle(float x, float y, float radius, const Color& color);
      |                              ^
libgag/include/SDLGraphicContext.h:284:16: note: overridden virtual function is here
  284 |                 virtual void drawCircle(float x, float y, float radius, const Color& color);
      |                              ^
libgag/include/SDLGraphicContext.h:653:16: warning: 'drawSurface' overrides a member function but is not marked 'override' [-Winconsistent-missing-override]
  653 |                 virtual void drawSurface(int x, int y, DrawableSurface *surface, Uint8 alpha = Color::ALPHA_OPAQUE);
      |                              ^
libgag/include/SDLGraphicContext.h:286:16: note: overridden virtual function is here
  286 |                 virtual void drawSurface(int x, int y, DrawableSurface *surface, Uint8 alpha = Color::ALPHA_OPAQUE);
      |                              ^
libgag/include/SDLGraphicContext.h:654:16: warning: 'drawSurface' overrides a member function but is not marked 'override' [-Winconsistent-missing-override]
  654 |                 virtual void drawSurface(float x, float y, DrawableSurface *surface, Uint8 alpha = Color::ALPHA_OPAQUE);
      |                              ^
libgag/include/SDLGraphicContext.h:287:16: note: overridden virtual function is here
  287 |                 virtual void drawSurface(float x, float y, DrawableSurface *surface, Uint8 alpha = Color::ALPHA_OPAQUE);
      |                              ^
libgag/include/SDLGraphicContext.h:656:16: warning: 'drawSurface' overrides a member function but is not marked 'override' [-Winconsistent-missing-override]
  656 |                 virtual void drawSurface(int x, int y, int w, int h, DrawableSurface *surface, Uint8 alpha = Color::ALPHA_OPAQUE);
      |                              ^
libgag/include/SDLGraphicContext.h:289:16: note: overridden virtual function is here
  289 |                 virtual void drawSurface(int x, int y, int w, int h, DrawableSurface *surface, Uint8 alpha = Color::ALPHA_OPAQUE);
      |                              ^
libgag/include/SDLGraphicContext.h:657:16: warning: 'drawSurface' overrides a member function but is not marked 'override' [-Winconsistent-missing-override]
  657 |                 virtual void drawSurface(float x, float y, float w, float h, DrawableSurface *surface, Uint8 alpha = Color::ALPHA_OPAQUE);
      |                              ^
libgag/include/SDLGraphicContext.h:290:16: note: overridden virtual function is here
  290 |                 virtual void drawSurface(float x, float y, float w, float h, DrawableSurface *surface, Uint8 alpha = Color::ALPHA_OPAQUE);
      |                              ^
libgag/include/SDLGraphicContext.h:659:16: warning: 'drawSurface' overrides a member function but is not marked 'override' [-Winconsistent-missing-override]
  659 |                 virtual void drawSurface(int x, int y, DrawableSurface *surface, int sx, int sy, int sw, int sh, Uint8 alpha = Color::ALPHA_OPAQUE);
      |                              ^
libgag/include/SDLGraphicContext.h:292:16: note: overridden virtual function is here
  292 |                 virtual void drawSurface(int x, int y, DrawableSurface *surface, int sx, int sy, int sw, int sh, Uint8 alpha = Color::ALPHA_OPAQUE);
      |                              ^
libgag/include/SDLGraphicContext.h:660:16: warning: 'drawSurface' overrides a member function but is not marked 'override' [-Winconsistent-missing-override]
  660 |                 virtual void drawSurface(float x, float y, DrawableSurface *surface, int sx, int sy, int sw, int sh, Uint8 alpha = Color::ALPHA_OPAQUE);
      |                              ^
libgag/include/SDLGraphicContext.h:293:16: note: overridden virtual function is here
  293 |                 virtual void drawSurface(float x, float y, DrawableSurface *surface, int sx, int sy, int sw, int sh, Uint8 alpha = Color::ALPHA_OPAQUE);
      |                              ^
libgag/include/SDLGraphicContext.h:662:16: warning: 'drawSurface' overrides a member function but is not marked 'override' [-Winconsistent-missing-override]
  662 |                 virtual void drawSurface(int x, int y, int w, int h, DrawableSurface *surface, int sx, int sy, int sw, int sh,  Uint8 alpha = Color::ALPHA_OPAQUE);
      |                              ^
libgag/include/SDLGraphicContext.h:295:16: note: overridden virtual function is here
  295 |                 virtual void drawSurface(int x, int y, int w, int h, DrawableSurface *surface, int sx, int sy, int sw, int sh,  Uint8 alpha = Color::ALPHA_OPAQUE);
      |                              ^
libgag/include/SDLGraphicContext.h:663:16: warning: 'drawSurface' overrides a member function but is not marked 'override' [-Winconsistent-missing-override]
  663 |                 virtual void drawSurface(float x, float y, float w, float h, DrawableSurface *surface, int sx, int sy, int sw, int sh, Uint8 alpha = Color::ALPHA_OPAQUE);
      |                              ^
libgag/include/SDLGraphicContext.h:296:16: note: overridden virtual function is here
  296 |                 virtual void drawSurface(float x, float y, float w, float h, DrawableSurface *surface, int sx, int sy, int sw, int sh, Uint8 alpha = Color::ALPHA_OPAQUE);
      |                              ^
libgag/include/SDLGraphicContext.h:692:16: warning: 'drawAlphaMap' overrides a member function but is not marked 'override' [-Winconsistent-missing-override]
  692 |                 virtual void drawAlphaMap(const std::valarray<float> &map, int mapW, int mapH, int x, int y, int cellW, int cellH, const Color &color);
      |                              ^
libgag/include/SDLGraphicContext.h:309:16: note: overridden virtual function is here
  309 |                 virtual void drawAlphaMap(const std::valarray<float> &map, int mapW, int mapH, int x, int y, int cellW, int cellH, const Color &color);
      |                              ^
libgag/include/SDLGraphicContext.h:693:16: warning: 'drawAlphaMap' overrides a member function but is not marked 'override' [-Winconsistent-missing-override]
  693 |                 virtual void drawAlphaMap(const std::valarray<unsigned char> &map, int mapW, int mapH, int x, int y, int cellW, int cellH, const Color &color);
      |                              ^
libgag/include/SDLGraphicContext.h:310:16: note: overridden virtual function is here
  310 |                 virtual void drawAlphaMap(const std::valarray<unsigned char> &map, int mapW, int mapH, int x, int y, int cellW, int cellH, const Color &color);
      |                              ^
libgag/include/SDLGraphicContext.h:696:16: warning: 'drawPixel' overrides a member function but is not marked 'override' [-Winconsistent-missing-override]
  696 |                 virtual void drawPixel(int x, int y, Uint8 r, Uint8 g, Uint8 b, Uint8 a = Color::ALPHA_OPAQUE);
      |                              ^
libgag/include/SDLGraphicContext.h:313:16: note: overridden virtual function is here
  313 |                 virtual void drawPixel(int x, int y, Uint8 r, Uint8 g, Uint8 b, Uint8 a = Color::ALPHA_OPAQUE);
      |                              ^
libgag/include/SDLGraphicContext.h:697:16: warning: 'drawRect' overrides a member function but is not marked 'override' [-Winconsistent-missing-override]
  697 |                 virtual void drawRect(int x, int y, int w, int h, Uint8 r, Uint8 g, Uint8 b, Uint8 a = Color::ALPHA_OPAQUE);
      |                              ^
libgag/include/SDLGraphicContext.h:314:16: note: overridden virtual function is here
  314 |                 virtual void drawRect(int x, int y, int w, int h, Uint8 r, Uint8 g, Uint8 b, Uint8 a = Color::ALPHA_OPAQUE);
      |                              ^
libgag/include/SDLGraphicContext.h:698:16: warning: 'drawFilledRect' overrides a member function but is not marked 'override' [-Winconsistent-missing-override]
  698 |                 virtual void drawFilledRect(int x, int y, int w, int h, Uint8 r, Uint8 g, Uint8 b, Uint8 a = Color::ALPHA_OPAQUE);
      |                              ^
libgag/include/SDLGraphicContext.h:315:16: note: overridden virtual function is here
  315 |                 virtual void drawFilledRect(int x, int y, int w, int h, Uint8 r, Uint8 g, Uint8 b, Uint8 a = Color::ALPHA_OPAQUE);
      |                              ^
libgag/include/SDLGraphicContext.h:699:16: warning: 'drawVertLine' overrides a member function but is not marked 'override' [-Winconsistent-missing-override]
  699 |                 virtual void drawVertLine(int x, int y, int l, Uint8 r, Uint8 g, Uint8 b, Uint8 a = Color::ALPHA_OPAQUE);
      |                              ^
libgag/include/SDLGraphicContext.h:316:16: note: overridden virtual function is here
  316 |                 virtual void drawVertLine(int x, int y, int l, Uint8 r, Uint8 g, Uint8 b, Uint8 a = Color::ALPHA_OPAQUE);
      |                              ^
libgag/include/SDLGraphicContext.h:700:16: warning: 'drawVertLine' overrides a member function but is not marked 'override' [-Winconsistent-missing-override]
  700 |                 virtual void drawVertLine(int x, int y, int l, const Color& color);
      |                              ^
libgag/include/SDLGraphicContext.h:317:16: note: overridden virtual function is here
  317 |                 virtual void drawVertLine(int x, int y, int l, const Color& color);
      |                              ^
libgag/include/SDLGraphicContext.h:701:16: warning: 'drawHorzLine' overrides a member function but is not marked 'override' [-Winconsistent-missing-override]
  701 |                 virtual void drawHorzLine(int x, int y, int l, Uint8 r, Uint8 g, Uint8 b, Uint8 a = Color::ALPHA_OPAQUE);
      |                              ^
libgag/include/SDLGraphicContext.h:318:16: note: overridden virtual function is here
  318 |                 virtual void drawHorzLine(int x, int y, int l, Uint8 r, Uint8 g, Uint8 b, Uint8 a = Color::ALPHA_OPAQUE);
      |                              ^
libgag/include/SDLGraphicContext.h:702:16: warning: 'drawHorzLine' overrides a member function but is not marked 'override' [-Winconsistent-missing-override]
  702 |                 virtual void drawHorzLine(int x, int y, int l, const Color& color);
      |                              ^
libgag/include/SDLGraphicContext.h:319:16: note: overridden virtual function is here
  319 |                 virtual void drawHorzLine(int x, int y, int l, const Color& color);
      |                              ^
libgag/include/SDLGraphicContext.h:703:16: warning: 'drawLine' overrides a member function but is not marked 'override' [-Winconsistent-missing-override]
  703 |                 virtual void drawLine(int x1, int y1, int x2, int y2, Uint8 r, Uint8 g, Uint8 b, Uint8 a = Color::ALPHA_OPAQUE);
      |                              ^
libgag/include/SDLGraphicContext.h:320:16: note: overridden virtual function is here
  320 |                 virtual void drawLine(int x1, int y1, int x2, int y2, Uint8 r, Uint8 g, Uint8 b, Uint8 a = Color::ALPHA_OPAQUE);
      |                              ^
libgag/include/SDLGraphicContext.h:704:16: warning: 'drawCircle' overrides a member function but is not marked 'override' [-Winconsistent-missing-override]
  704 |                 virtual void drawCircle(int x, int y, int radius, Uint8 r, Uint8 g, Uint8 b, Uint8 a = Color::ALPHA_OPAQUE);
      |                              ^
libgag/include/SDLGraphicContext.h:321:16: note: overridden virtual function is here
  321 |                 virtual void drawCircle(int x, int y, int radius, Uint8 r, Uint8 g, Uint8 b, Uint8 a = Color::ALPHA_OPAQUE);
      |                              ^
In file included from src/hud/draw/GameGUIDraw.cpp:1:
In file included from src/hive/HiveDialog.h:3:
In file included from src/ui/FrontendUI.h:3:
In file included from libgag/include/ui/Screen.h:3:
In file included from libgag/include/ui/Host.h:4:
In file included from libgag/include/ui/Element.h:3:
In file included from libgag/include/ui/Canvas.h:3:
In file included from libgag/include/ui/TextLayout.h:3:
In file included from libgag/include/ui/Theme.h:6:
In file included from libgag/include/GraphicContext.h:6:
libgag/include/SDLGraphicContext.h:545:16: warning: 'setRes' overrides a member function but is not marked 'override' [-Winconsistent-missing-override]
  545 |                 virtual void setRes(int w, int h) { setRes(w, h, optionFlags); }
      |                              ^
libgag/include/SDLGraphicContext.h:244:16: note: overridden virtual function is here
  244 |                 virtual void setRes(int w, int h);
      |                              ^
libgag/include/SDLGraphicContext.h:621:16: warning: 'setClipRect' overrides a member function but is not marked 'override' [-Winconsistent-missing-override]
  621 |                 virtual void setClipRect(int x, int y, int w, int h);
      |                              ^
libgag/include/SDLGraphicContext.h:246:16: note: overridden virtual function is here
  246 |                 virtual void setClipRect(int x, int y, int w, int h);
      |                              ^
libgag/include/SDLGraphicContext.h:622:16: warning: 'setClipRect' overrides a member function but is not marked 'override' [-Winconsistent-missing-override]
  622 |                 virtual void setClipRect(void);
      |                              ^
libgag/include/SDLGraphicContext.h:247:16: note: overridden virtual function is here
  247 |                 virtual void setClipRect(void);
      |                              ^
libgag/include/SDLGraphicContext.h:627:22: warning: 'nextFrame' overrides a member function but is not marked 'override' [-Winconsistent-missing-override]
  627 |         virtual void nextFrame(void);
      |                      ^
libgag/include/SDLGraphicContext.h:248:16: note: overridden virtual function is here
  248 |                 virtual void nextFrame(void) { flushTextPictures(); }
      |                              ^
libgag/include/SDLGraphicContext.h:629:16: warning: 'loadImage' overrides a member function but is not marked 'override' [-Winconsistent-missing-override]
  629 |                 virtual bool loadImage(const std::string name) { return false; }
      |                              ^
libgag/include/SDLGraphicContext.h:249:16: note: overridden virtual function is here
  249 |                 virtual bool loadImage(const std::string name);
      |                              ^
libgag/include/SDLGraphicContext.h:633:16: warning: 'shiftHSV' overrides a member function but is not marked 'override' [-Winconsistent-missing-override]
  633 |                 virtual void shiftHSV(float hue, float sat, float lum) { }
      |                              ^
libgag/include/SDLGraphicContext.h:250:16: note: overridden virtual function is here
  250 |                 virtual void shiftHSV(float hue, float sat, float lum);
      |                              ^
libgag/include/SDLGraphicContext.h:636:16: warning: 'canDrawStretchedSprite' overrides a member function but is not marked 'override' [-Winconsistent-missing-override]
  636 |                 virtual bool canDrawStretchedSprite(void) { return hasPortableRenderer() || (optionFlags & USEGPU) != 0; }
      |                              ^
libgag/include/SDLGraphicContext.h:268:16: note: overridden virtual function is here
  268 |                 virtual bool canDrawStretchedSprite(void) { return false; }
      |                              ^
libgag/include/SDLGraphicContext.h:638:16: warning: 'drawPixel' overrides a member function but is not marked 'override' [-Winconsistent-missing-override]
  638 |                 virtual void drawPixel(int x, int y, const Color& color);
      |                              ^
libgag/include/SDLGraphicContext.h:271:16: note: overridden virtual function is here
  271 |                 virtual void drawPixel(int x, int y, const Color& color);
      |                              ^
libgag/include/SDLGraphicContext.h:639:16: warning: 'drawPixel' overrides a member function but is not marked 'override' [-Winconsistent-missing-override]
  639 |                 virtual void drawPixel(float x, float y, const Color& color);
      |                              ^
libgag/include/SDLGraphicContext.h:272:16: note: overridden virtual function is here
  272 |                 virtual void drawPixel(float x, float y, const Color& color);
      |                              ^
libgag/include/SDLGraphicContext.h:641:16: warning: 'drawRect' overrides a member function but is not marked 'override' [-Winconsistent-missing-override]
  641 |                 virtual void drawRect(int x, int y, int w, int h, const Color& color);
      |                              ^
libgag/include/SDLGraphicContext.h:274:16: note: overridden virtual function is here
  274 |                 virtual void drawRect(int x, int y, int w, int h, const Color& color);
      |                              ^
libgag/include/SDLGraphicContext.h:642:16: warning: 'drawRect' overrides a member function but is not marked 'override' [-Winconsistent-missing-override]
  642 |                 virtual void drawRect(float x, float y, float w, float h, const Color& color);
      |                              ^
libgag/include/SDLGraphicContext.h:275:16: note: overridden virtual function is here
  275 |                 virtual void drawRect(float x, float y, float w, float h, const Color& color);
      |                              ^
libgag/include/SDLGraphicContext.h:644:16: warning: 'drawFilledRect' overrides a member function but is not marked 'override' [-Winconsistent-missing-override]
  644 |                 virtual void drawFilledRect(int x, int y, int w, int h, const Color& color);
      |                              ^
libgag/include/SDLGraphicContext.h:277:16: note: overridden virtual function is here
  277 |                 virtual void drawFilledRect(int x, int y, int w, int h, const Color& color);
      |                              ^
libgag/include/SDLGraphicContext.h:645:16: warning: 'drawFilledRect' overrides a member function but is not marked 'override' [-Winconsistent-missing-override]
  645 |                 virtual void drawFilledRect(float x, float y, float w, float h, const Color& color);
      |                              ^
libgag/include/SDLGraphicContext.h:278:16: note: overridden virtual function is here
  278 |                 virtual void drawFilledRect(float x, float y, float w, float h, const Color& color);
      |                              ^
libgag/include/SDLGraphicContext.h:647:16: warning: 'drawLine' overrides a member function but is not marked 'override' [-Winconsistent-missing-override]
  647 |                 virtual void drawLine(int x1, int y1, int x2, int y2, const Color& color);
      |                              ^
libgag/include/SDLGraphicContext.h:280:16: note: overridden virtual function is here
  280 |                 virtual void drawLine(int x1, int y1, int x2, int y2, const Color& color);
      |                              ^
libgag/include/SDLGraphicContext.h:648:16: warning: 'drawLine' overrides a member function but is not marked 'override' [-Winconsistent-missing-override]
  648 |                 virtual void drawLine(float x1, float y1, float x2, float y2, const Color& color);
      |                              ^
libgag/include/SDLGraphicContext.h:281:16: note: overridden virtual function is here
  281 |                 virtual void drawLine(float x1, float y1, float x2, float y2, const Color& color);
      |                              ^
libgag/include/SDLGraphicContext.h:650:16: warning: 'drawCircle' overrides a member function but is not marked 'override' [-Winconsistent-missing-override]
  650 |                 virtual void drawCircle(int x, int y, int radius, const Color& color);
      |                              ^
libgag/include/SDLGraphicContext.h:283:16: note: overridden virtual function is here
  283 |                 virtual void drawCircle(int x, int y, int radius, const Color& color);
      |                              ^
libgag/include/SDLGraphicContext.h:651:16: warning: 'drawCircle' overrides a member function but is not marked 'override' [-Winconsistent-missing-override]
  651 |                 virtual void drawCircle(float x, float y, float radius, const Color& color);
      |                              ^
libgag/include/SDLGraphicContext.h:284:16: note: overridden virtual function is here
  284 |                 virtual void drawCircle(float x, float y, float radius, const Color& color);
      |                              ^
libgag/include/SDLGraphicContext.h:653:16: warning: 'drawSurface' overrides a member function but is not marked 'override' [-Winconsistent-missing-override]
  653 |                 virtual void drawSurface(int x, int y, DrawableSurface *surface, Uint8 alpha = Color::ALPHA_OPAQUE);
      |                              ^
libgag/include/SDLGraphicContext.h:286:16: note: overridden virtual function is here
  286 |                 virtual void drawSurface(int x, int y, DrawableSurface *surface, Uint8 alpha = Color::ALPHA_OPAQUE);
      |                              ^
libgag/include/SDLGraphicContext.h:654:16: warning: 'drawSurface' overrides a member function but is not marked 'override' [-Winconsistent-missing-override]
  654 |                 virtual void drawSurface(float x, float y, DrawableSurface *surface, Uint8 alpha = Color::ALPHA_OPAQUE);
      |                              ^
libgag/include/SDLGraphicContext.h:287:16: note: overridden virtual function is here
  287 |                 virtual void drawSurface(float x, float y, DrawableSurface *surface, Uint8 alpha = Color::ALPHA_OPAQUE);
      |                              ^
libgag/include/SDLGraphicContext.h:656:16: warning: 'drawSurface' overrides a member function but is not marked 'override' [-Winconsistent-missing-override]
  656 |                 virtual void drawSurface(int x, int y, int w, int h, DrawableSurface *surface, Uint8 alpha = Color::ALPHA_OPAQUE);
      |                              ^
libgag/include/SDLGraphicContext.h:289:16: note: overridden virtual function is here
  289 |                 virtual void drawSurface(int x, int y, int w, int h, DrawableSurface *surface, Uint8 alpha = Color::ALPHA_OPAQUE);
      |                              ^
libgag/include/SDLGraphicContext.h:657:16: warning: 'drawSurface' overrides a member function but is not marked 'override' [-Winconsistent-missing-override]
  657 |                 virtual void drawSurface(float x, float y, float w, float h, DrawableSurface *surface, Uint8 alpha = Color::ALPHA_OPAQUE);
      |                              ^
libgag/include/SDLGraphicContext.h:290:16: note: overridden virtual function is here
  290 |                 virtual void drawSurface(float x, float y, float w, float h, DrawableSurface *surface, Uint8 alpha = Color::ALPHA_OPAQUE);
      |                              ^
libgag/include/SDLGraphicContext.h:659:16: warning: 'drawSurface' overrides a member function but is not marked 'override' [-Winconsistent-missing-override]
  659 |                 virtual void drawSurface(int x, int y, DrawableSurface *surface, int sx, int sy, int sw, int sh, Uint8 alpha = Color::ALPHA_OPAQUE);
      |                              ^
libgag/include/SDLGraphicContext.h:292:16: note: overridden virtual function is here
  292 |                 virtual void drawSurface(int x, int y, DrawableSurface *surface, int sx, int sy, int sw, int sh, Uint8 alpha = Color::ALPHA_OPAQUE);
      |                              ^
libgag/include/SDLGraphicContext.h:660:16: warning: 'drawSurface' overrides a member function but is not marked 'override' [-Winconsistent-missing-override]
  660 |                 virtual void drawSurface(float x, float y, DrawableSurface *surface, int sx, int sy, int sw, int sh, Uint8 alpha = Color::ALPHA_OPAQUE);
      |                              ^
libgag/include/SDLGraphicContext.h:293:16: note: overridden virtual function is here
  293 |                 virtual void drawSurface(float x, float y, DrawableSurface *surface, int sx, int sy, int sw, int sh, Uint8 alpha = Color::ALPHA_OPAQUE);
      |                              ^
libgag/include/SDLGraphicContext.h:662:16: warning: 'drawSurface' overrides a member function but is not marked 'override' [-Winconsistent-missing-override]
  662 |                 virtual void drawSurface(int x, int y, int w, int h, DrawableSurface *surface, int sx, int sy, int sw, int sh,  Uint8 alpha = Color::ALPHA_OPAQUE);
      |                              ^
libgag/include/SDLGraphicContext.h:295:16: note: overridden virtual function is here
  295 |                 virtual void drawSurface(int x, int y, int w, int h, DrawableSurface *surface, int sx, int sy, int sw, int sh,  Uint8 alpha = Color::ALPHA_OPAQUE);
      |                              ^
libgag/include/SDLGraphicContext.h:663:16: warning: 'drawSurface' overrides a member function but is not marked 'override' [-Winconsistent-missing-override]
  663 |                 virtual void drawSurface(float x, float y, float w, float h, DrawableSurface *surface, int sx, int sy, int sw, int sh, Uint8 alpha = Color::ALPHA_OPAQUE);
      |                              ^
libgag/include/SDLGraphicContext.h:296:16: note: overridden virtual function is here
  296 |                 virtual void drawSurface(float x, float y, float w, float h, DrawableSurface *surface, int sx, int sy, int sw, int sh, Uint8 alpha = Color::ALPHA_OPAQUE);
      |                              ^
libgag/include/SDLGraphicContext.h:692:16: warning: 'drawAlphaMap' overrides a member function but is not marked 'override' [-Winconsistent-missing-override]
  692 |                 virtual void drawAlphaMap(const std::valarray<float> &map, int mapW, int mapH, int x, int y, int cellW, int cellH, const Color &color);
      |                              ^
libgag/include/SDLGraphicContext.h:309:16: note: overridden virtual function is here
  309 |                 virtual void drawAlphaMap(const std::valarray<float> &map, int mapW, int mapH, int x, int y, int cellW, int cellH, const Color &color);
      |                              ^
libgag/include/SDLGraphicContext.h:693:16: warning: 'drawAlphaMap' overrides a member function but is not marked 'override' [-Winconsistent-missing-override]
  693 |                 virtual void drawAlphaMap(const std::valarray<unsigned char> &map, int mapW, int mapH, int x, int y, int cellW, int cellH, const Color &color);
      |                              ^
libgag/include/SDLGraphicContext.h:310:16: note: overridden virtual function is here
  310 |                 virtual void drawAlphaMap(const std::valarray<unsigned char> &map, int mapW, int mapH, int x, int y, int cellW, int cellH, const Color &color);
      |                              ^
libgag/include/SDLGraphicContext.h:696:16: warning: 'drawPixel' overrides a member function but is not marked 'override' [-Winconsistent-missing-override]
  696 |                 virtual void drawPixel(int x, int y, Uint8 r, Uint8 g, Uint8 b, Uint8 a = Color::ALPHA_OPAQUE);
      |                              ^
libgag/include/SDLGraphicContext.h:313:16: note: overridden virtual function is here
  313 |                 virtual void drawPixel(int x, int y, Uint8 r, Uint8 g, Uint8 b, Uint8 a = Color::ALPHA_OPAQUE);
      |                              ^
libgag/include/SDLGraphicContext.h:697:16: warning: 'drawRect' overrides a member function but is not marked 'override' [-Winconsistent-missing-override]
  697 |                 virtual void drawRect(int x, int y, int w, int h, Uint8 r, Uint8 g, Uint8 b, Uint8 a = Color::ALPHA_OPAQUE);
      |                              ^
libgag/include/SDLGraphicContext.h:314:16: note: overridden virtual function is here
  314 |                 virtual void drawRect(int x, int y, int w, int h, Uint8 r, Uint8 g, Uint8 b, Uint8 a = Color::ALPHA_OPAQUE);
      |                              ^
libgag/include/SDLGraphicContext.h:698:16: warning: 'drawFilledRect' overrides a member function but is not marked 'override' [-Winconsistent-missing-override]
  698 |                 virtual void drawFilledRect(int x, int y, int w, int h, Uint8 r, Uint8 g, Uint8 b, Uint8 a = Color::ALPHA_OPAQUE);
      |                              ^
libgag/include/SDLGraphicContext.h:315:16: note: overridden virtual function is here
  315 |                 virtual void drawFilledRect(int x, int y, int w, int h, Uint8 r, Uint8 g, Uint8 b, Uint8 a = Color::ALPHA_OPAQUE);
      |                              ^
libgag/include/SDLGraphicContext.h:699:16: warning: 'drawVertLine' overrides a member function but is not marked 'override' [-Winconsistent-missing-override]
  699 |                 virtual void drawVertLine(int x, int y, int l, Uint8 r, Uint8 g, Uint8 b, Uint8 a = Color::ALPHA_OPAQUE);
      |                              ^
libgag/include/SDLGraphicContext.h:316:16: note: overridden virtual function is here
  316 |                 virtual void drawVertLine(int x, int y, int l, Uint8 r, Uint8 g, Uint8 b, Uint8 a = Color::ALPHA_OPAQUE);
      |                              ^
libgag/include/SDLGraphicContext.h:700:16: warning: 'drawVertLine' overrides a member function but is not marked 'override' [-Winconsistent-missing-override]
  700 |                 virtual void drawVertLine(int x, int y, int l, const Color& color);
      |                              ^
libgag/include/SDLGraphicContext.h:317:16: note: overridden virtual function is here
  317 |                 virtual void drawVertLine(int x, int y, int l, const Color& color);
      |                              ^
libgag/include/SDLGraphicContext.h:701:16: warning: 'drawHorzLine' overrides a member function but is not marked 'override' [-Winconsistent-missing-override]
  701 |                 virtual void drawHorzLine(int x, int y, int l, Uint8 r, Uint8 g, Uint8 b, Uint8 a = Color::ALPHA_OPAQUE);
      |                              ^
libgag/include/SDLGraphicContext.h:318:16: note: overridden virtual function is here
  318 |                 virtual void drawHorzLine(int x, int y, int l, Uint8 r, Uint8 g, Uint8 b, Uint8 a = Color::ALPHA_OPAQUE);
      |                              ^
libgag/include/SDLGraphicContext.h:702:16: warning: 'drawHorzLine' overrides a member function but is not marked 'override' [-Winconsistent-missing-override]
  702 |                 virtual void drawHorzLine(int x, int y, int l, const Color& color);
      |                              ^
libgag/include/SDLGraphicContext.h:319:16: note: overridden virtual function is here
  319 |                 virtual void drawHorzLine(int x, int y, int l, const Color& color);
      |                              ^
libgag/include/SDLGraphicContext.h:703:16: warning: 'drawLine' overrides a member function but is not marked 'override' [-Winconsistent-missing-override]
  703 |                 virtual void drawLine(int x1, int y1, int x2, int y2, Uint8 r, Uint8 g, Uint8 b, Uint8 a = Color::ALPHA_OPAQUE);
      |                              ^
libgag/include/SDLGraphicContext.h:320:16: note: overridden virtual function is here
  320 |                 virtual void drawLine(int x1, int y1, int x2, int y2, Uint8 r, Uint8 g, Uint8 b, Uint8 a = Color::ALPHA_OPAQUE);
      |                              ^
libgag/include/SDLGraphicContext.h:704:16: warning: 'drawCircle' overrides a member function but is not marked 'override' [-Winconsistent-missing-override]
  704 |                 virtual void drawCircle(int x, int y, int radius, Uint8 r, Uint8 g, Uint8 b, Uint8 a = Color::ALPHA_OPAQUE);
      |                              ^
libgag/include/SDLGraphicContext.h:321:16: note: overridden virtual function is here
  321 |                 virtual void drawCircle(int x, int y, int radius, Uint8 r, Uint8 g, Uint8 b, Uint8 a = Color::ALPHA_OPAQUE);
      |                              ^
In file included from src/hud/GameGUIOrders.cpp:16:
In file included from src/game/Game.h:12:
In file included from src/map/Map.h:21:
In file included from src/team/Team.h:16:
In file included from src/game/GameEvent.h:9:
In file included from libgag/include/GraphicContext.h:6:
libgag/include/SDLGraphicContext.h:545:16: warning: 'setRes' overrides a member function but is not marked 'override' [-Winconsistent-missing-override]
  545 |                 virtual void setRes(int w, int h) { setRes(w, h, optionFlags); }
      |                              ^
libgag/include/SDLGraphicContext.h:244:16: note: overridden virtual function is here
  244 |                 virtual void setRes(int w, int h);
      |                              ^
libgag/include/SDLGraphicContext.h:621:16: warning: 'setClipRect' overrides a member function but is not marked 'override' [-Winconsistent-missing-override]
  621 |                 virtual void setClipRect(int x, int y, int w, int h);
      |                              ^
libgag/include/SDLGraphicContext.h:246:16: note: overridden virtual function is here
  246 |                 virtual void setClipRect(int x, int y, int w, int h);
      |                              ^
libgag/include/SDLGraphicContext.h:622:16: warning: 'setClipRect' overrides a member function but is not marked 'override' [-Winconsistent-missing-override]
  622 |                 virtual void setClipRect(void);
      |                              ^
libgag/include/SDLGraphicContext.h:247:16: note: overridden virtual function is here
  247 |                 virtual void setClipRect(void);
      |                              ^
libgag/include/SDLGraphicContext.h:627:22: warning: 'nextFrame' overrides a member function but is not marked 'override' [-Winconsistent-missing-override]
  627 |         virtual void nextFrame(void);
      |                      ^
libgag/include/SDLGraphicContext.h:248:16: note: overridden virtual function is here
  248 |                 virtual void nextFrame(void) { flushTextPictures(); }
      |                              ^
libgag/include/SDLGraphicContext.h:629:16: warning: 'loadImage' overrides a member function but is not marked 'override' [-Winconsistent-missing-override]
  629 |                 virtual bool loadImage(const std::string name) { return false; }
      |                              ^
libgag/include/SDLGraphicContext.h:249:16: note: overridden virtual function is here
  249 |                 virtual bool loadImage(const std::string name);
      |                              ^
libgag/include/SDLGraphicContext.h:633:16: warning: 'shiftHSV' overrides a member function but is not marked 'override' [-Winconsistent-missing-override]
  633 |                 virtual void shiftHSV(float hue, float sat, float lum) { }
      |                              ^
libgag/include/SDLGraphicContext.h:250:16: note: overridden virtual function is here
  250 |                 virtual void shiftHSV(float hue, float sat, float lum);
      |                              ^
libgag/include/SDLGraphicContext.h:636:16: warning: 'canDrawStretchedSprite' overrides a member function but is not marked 'override' [-Winconsistent-missing-override]
  636 |                 virtual bool canDrawStretchedSprite(void) { return hasPortableRenderer() || (optionFlags & USEGPU) != 0; }
      |                              ^
libgag/include/SDLGraphicContext.h:268:16: note: overridden virtual function is here
  268 |                 virtual bool canDrawStretchedSprite(void) { return false; }
      |                              ^
libgag/include/SDLGraphicContext.h:638:16: warning: 'drawPixel' overrides a member function but is not marked 'override' [-Winconsistent-missing-override]
  638 |                 virtual void drawPixel(int x, int y, const Color& color);
      |                              ^
libgag/include/SDLGraphicContext.h:271:16: note: overridden virtual function is here
  271 |                 virtual void drawPixel(int x, int y, const Color& color);
      |                              ^
libgag/include/SDLGraphicContext.h:639:16: warning: 'drawPixel' overrides a member function but is not marked 'override' [-Winconsistent-missing-override]
  639 |                 virtual void drawPixel(float x, float y, const Color& color);
      |                              ^
libgag/include/SDLGraphicContext.h:272:16: note: overridden virtual function is here
  272 |                 virtual void drawPixel(float x, float y, const Color& color);
      |                              ^
libgag/include/SDLGraphicContext.h:641:16: warning: 'drawRect' overrides a member function but is not marked 'override' [-Winconsistent-missing-override]
  641 |                 virtual void drawRect(int x, int y, int w, int h, const Color& color);
      |                              ^
libgag/include/SDLGraphicContext.h:274:16: note: overridden virtual function is here
  274 |                 virtual void drawRect(int x, int y, int w, int h, const Color& color);
      |                              ^
libgag/include/SDLGraphicContext.h:642:16: warning: 'drawRect' overrides a member function but is not marked 'override' [-Winconsistent-missing-override]
  642 |                 virtual void drawRect(float x, float y, float w, float h, const Color& color);
      |                              ^
libgag/include/SDLGraphicContext.h:275:16: note: overridden virtual function is here
  275 |                 virtual void drawRect(float x, float y, float w, float h, const Color& color);
      |                              ^
libgag/include/SDLGraphicContext.h:644:16: warning: 'drawFilledRect' overrides a member function but is not marked 'override' [-Winconsistent-missing-override]
  644 |                 virtual void drawFilledRect(int x, int y, int w, int h, const Color& color);
      |                              ^
libgag/include/SDLGraphicContext.h:277:16: note: overridden virtual function is here
  277 |                 virtual void drawFilledRect(int x, int y, int w, int h, const Color& color);
      |                              ^
libgag/include/SDLGraphicContext.h:645:16: warning: 'drawFilledRect' overrides a member function but is not marked 'override' [-Winconsistent-missing-override]
  645 |                 virtual void drawFilledRect(float x, float y, float w, float h, const Color& color);
      |                              ^
libgag/include/SDLGraphicContext.h:278:16: note: overridden virtual function is here
  278 |                 virtual void drawFilledRect(float x, float y, float w, float h, const Color& color);
      |                              ^
libgag/include/SDLGraphicContext.h:647:16: warning: 'drawLine' overrides a member function but is not marked 'override' [-Winconsistent-missing-override]
  647 |                 virtual void drawLine(int x1, int y1, int x2, int y2, const Color& color);
      |                              ^
libgag/include/SDLGraphicContext.h:280:16: note: overridden virtual function is here
  280 |                 virtual void drawLine(int x1, int y1, int x2, int y2, const Color& color);
      |                              ^
libgag/include/SDLGraphicContext.h:648:16: warning: 'drawLine' overrides a member function but is not marked 'override' [-Winconsistent-missing-override]
  648 |                 virtual void drawLine(float x1, float y1, float x2, float y2, const Color& color);
      |                              ^
libgag/include/SDLGraphicContext.h:281:16: note: overridden virtual function is here
  281 |                 virtual void drawLine(float x1, float y1, float x2, float y2, const Color& color);
      |                              ^
libgag/include/SDLGraphicContext.h:650:16: warning: 'drawCircle' overrides a member function but is not marked 'override' [-Winconsistent-missing-override]
  650 |                 virtual void drawCircle(int x, int y, int radius, const Color& color);
      |                              ^
libgag/include/SDLGraphicContext.h:283:16: note: overridden virtual function is here
  283 |                 virtual void drawCircle(int x, int y, int radius, const Color& color);
      |                              ^
libgag/include/SDLGraphicContext.h:651:16: warning: 'drawCircle' overrides a member function but is not marked 'override' [-Winconsistent-missing-override]
  651 |                 virtual void drawCircle(float x, float y, float radius, const Color& color);
      |                              ^
libgag/include/SDLGraphicContext.h:284:16: note: overridden virtual function is here
  284 |                 virtual void drawCircle(float x, float y, float radius, const Color& color);
      |                              ^
libgag/include/SDLGraphicContext.h:653:16: warning: 'drawSurface' overrides a member function but is not marked 'override' [-Winconsistent-missing-override]
  653 |                 virtual void drawSurface(int x, int y, DrawableSurface *surface, Uint8 alpha = Color::ALPHA_OPAQUE);
      |                              ^
libgag/include/SDLGraphicContext.h:286:16: note: overridden virtual function is here
  286 |                 virtual void drawSurface(int x, int y, DrawableSurface *surface, Uint8 alpha = Color::ALPHA_OPAQUE);
      |                              ^
libgag/include/SDLGraphicContext.h:654:16: warning: 'drawSurface' overrides a member function but is not marked 'override' [-Winconsistent-missing-override]
  654 |                 virtual void drawSurface(float x, float y, DrawableSurface *surface, Uint8 alpha = Color::ALPHA_OPAQUE);
      |                              ^
libgag/include/SDLGraphicContext.h:287:16: note: overridden virtual function is here
  287 |                 virtual void drawSurface(float x, float y, DrawableSurface *surface, Uint8 alpha = Color::ALPHA_OPAQUE);
      |                              ^
libgag/include/SDLGraphicContext.h:656:16: warning: 'drawSurface' overrides a member function but is not marked 'override' [-Winconsistent-missing-override]
  656 |                 virtual void drawSurface(int x, int y, int w, int h, DrawableSurface *surface, Uint8 alpha = Color::ALPHA_OPAQUE);
      |                              ^
libgag/include/SDLGraphicContext.h:289:16: note: overridden virtual function is here
  289 |                 virtual void drawSurface(int x, int y, int w, int h, DrawableSurface *surface, Uint8 alpha = Color::ALPHA_OPAQUE);
      |                              ^
libgag/include/SDLGraphicContext.h:657:16: warning: 'drawSurface' overrides a member function but is not marked 'override' [-Winconsistent-missing-override]
  657 |                 virtual void drawSurface(float x, float y, float w, float h, DrawableSurface *surface, Uint8 alpha = Color::ALPHA_OPAQUE);
      |                              ^
libgag/include/SDLGraphicContext.h:290:16: note: overridden virtual function is here
  290 |                 virtual void drawSurface(float x, float y, float w, float h, DrawableSurface *surface, Uint8 alpha = Color::ALPHA_OPAQUE);
      |                              ^
libgag/include/SDLGraphicContext.h:659:16: warning: 'drawSurface' overrides a member function but is not marked 'override' [-Winconsistent-missing-override]
  659 |                 virtual void drawSurface(int x, int y, DrawableSurface *surface, int sx, int sy, int sw, int sh, Uint8 alpha = Color::ALPHA_OPAQUE);
      |                              ^
libgag/include/SDLGraphicContext.h:292:16: note: overridden virtual function is here
  292 |                 virtual void drawSurface(int x, int y, DrawableSurface *surface, int sx, int sy, int sw, int sh, Uint8 alpha = Color::ALPHA_OPAQUE);
      |                              ^
libgag/include/SDLGraphicContext.h:660:16: warning: 'drawSurface' overrides a member function but is not marked 'override' [-Winconsistent-missing-override]
  660 |                 virtual void drawSurface(float x, float y, DrawableSurface *surface, int sx, int sy, int sw, int sh, Uint8 alpha = Color::ALPHA_OPAQUE);
      |                              ^
libgag/include/SDLGraphicContext.h:293:16: note: overridden virtual function is here
  293 |                 virtual void drawSurface(float x, float y, DrawableSurface *surface, int sx, int sy, int sw, int sh, Uint8 alpha = Color::ALPHA_OPAQUE);
      |                              ^
libgag/include/SDLGraphicContext.h:662:16: warning: 'drawSurface' overrides a member function but is not marked 'override' [-Winconsistent-missing-override]
  662 |                 virtual void drawSurface(int x, int y, int w, int h, DrawableSurface *surface, int sx, int sy, int sw, int sh,  Uint8 alpha = Color::ALPHA_OPAQUE);
      |                              ^
libgag/include/SDLGraphicContext.h:295:16: note: overridden virtual function is here
  295 |                 virtual void drawSurface(int x, int y, int w, int h, DrawableSurface *surface, int sx, int sy, int sw, int sh,  Uint8 alpha = Color::ALPHA_OPAQUE);
      |                              ^
libgag/include/SDLGraphicContext.h:663:16: warning: 'drawSurface' overrides a member function but is not marked 'override' [-Winconsistent-missing-override]
  663 |                 virtual void drawSurface(float x, float y, float w, float h, DrawableSurface *surface, int sx, int sy, int sw, int sh, Uint8 alpha = Color::ALPHA_OPAQUE);
      |                              ^
libgag/include/SDLGraphicContext.h:296:16: note: overridden virtual function is here
  296 |                 virtual void drawSurface(float x, float y, float w, float h, DrawableSurface *surface, int sx, int sy, int sw, int sh, Uint8 alpha = Color::ALPHA_OPAQUE);
      |                              ^
libgag/include/SDLGraphicContext.h:692:16: warning: 'drawAlphaMap' overrides a member function but is not marked 'override' [-Winconsistent-missing-override]
  692 |                 virtual void drawAlphaMap(const std::valarray<float> &map, int mapW, int mapH, int x, int y, int cellW, int cellH, const Color &color);
      |                              ^
libgag/include/SDLGraphicContext.h:309:16: note: overridden virtual function is here
  309 |                 virtual void drawAlphaMap(const std::valarray<float> &map, int mapW, int mapH, int x, int y, int cellW, int cellH, const Color &color);
      |                              ^
libgag/include/SDLGraphicContext.h:693:16: warning: 'drawAlphaMap' overrides a member function but is not marked 'override' [-Winconsistent-missing-override]
  693 |                 virtual void drawAlphaMap(const std::valarray<unsigned char> &map, int mapW, int mapH, int x, int y, int cellW, int cellH, const Color &color);
      |                              ^
libgag/include/SDLGraphicContext.h:310:16: note: overridden virtual function is here
  310 |                 virtual void drawAlphaMap(const std::valarray<unsigned char> &map, int mapW, int mapH, int x, int y, int cellW, int cellH, const Color &color);
      |                              ^
libgag/include/SDLGraphicContext.h:696:16: warning: 'drawPixel' overrides a member function but is not marked 'override' [-Winconsistent-missing-override]
  696 |                 virtual void drawPixel(int x, int y, Uint8 r, Uint8 g, Uint8 b, Uint8 a = Color::ALPHA_OPAQUE);
      |                              ^
libgag/include/SDLGraphicContext.h:313:16: note: overridden virtual function is here
  313 |                 virtual void drawPixel(int x, int y, Uint8 r, Uint8 g, Uint8 b, Uint8 a = Color::ALPHA_OPAQUE);
      |                              ^
libgag/include/SDLGraphicContext.h:697:16: warning: 'drawRect' overrides a member function but is not marked 'override' [-Winconsistent-missing-override]
  697 |                 virtual void drawRect(int x, int y, int w, int h, Uint8 r, Uint8 g, Uint8 b, Uint8 a = Color::ALPHA_OPAQUE);
      |                              ^
libgag/include/SDLGraphicContext.h:314:16: note: overridden virtual function is here
  314 |                 virtual void drawRect(int x, int y, int w, int h, Uint8 r, Uint8 g, Uint8 b, Uint8 a = Color::ALPHA_OPAQUE);
      |                              ^
libgag/include/SDLGraphicContext.h:698:16: warning: 'drawFilledRect' overrides a member function but is not marked 'override' [-Winconsistent-missing-override]
  698 |                 virtual void drawFilledRect(int x, int y, int w, int h, Uint8 r, Uint8 g, Uint8 b, Uint8 a = Color::ALPHA_OPAQUE);
      |                              ^
libgag/include/SDLGraphicContext.h:315:16: note: overridden virtual function is here
  315 |                 virtual void drawFilledRect(int x, int y, int w, int h, Uint8 r, Uint8 g, Uint8 b, Uint8 a = Color::ALPHA_OPAQUE);
      |                              ^
libgag/include/SDLGraphicContext.h:699:16: warning: 'drawVertLine' overrides a member function but is not marked 'override' [-Winconsistent-missing-override]
  699 |                 virtual void drawVertLine(int x, int y, int l, Uint8 r, Uint8 g, Uint8 b, Uint8 a = Color::ALPHA_OPAQUE);
      |                              ^
libgag/include/SDLGraphicContext.h:316:16: note: overridden virtual function is here
  316 |                 virtual void drawVertLine(int x, int y, int l, Uint8 r, Uint8 g, Uint8 b, Uint8 a = Color::ALPHA_OPAQUE);
      |                              ^
libgag/include/SDLGraphicContext.h:700:16: warning: 'drawVertLine' overrides a member function but is not marked 'override' [-Winconsistent-missing-override]
  700 |                 virtual void drawVertLine(int x, int y, int l, const Color& color);
      |                              ^
libgag/include/SDLGraphicContext.h:317:16: note: overridden virtual function is here
  317 |                 virtual void drawVertLine(int x, int y, int l, const Color& color);
      |                              ^
libgag/include/SDLGraphicContext.h:701:16: warning: 'drawHorzLine' overrides a member function but is not marked 'override' [-Winconsistent-missing-override]
  701 |                 virtual void drawHorzLine(int x, int y, int l, Uint8 r, Uint8 g, Uint8 b, Uint8 a = Color::ALPHA_OPAQUE);
      |                              ^
libgag/include/SDLGraphicContext.h:318:16: note: overridden virtual function is here
  318 |                 virtual void drawHorzLine(int x, int y, int l, Uint8 r, Uint8 g, Uint8 b, Uint8 a = Color::ALPHA_OPAQUE);
      |                              ^
libgag/include/SDLGraphicContext.h:702:16: warning: 'drawHorzLine' overrides a member function but is not marked 'override' [-Winconsistent-missing-override]
  702 |                 virtual void drawHorzLine(int x, int y, int l, const Color& color);
      |                              ^
libgag/include/SDLGraphicContext.h:319:16: note: overridden virtual function is here
  319 |                 virtual void drawHorzLine(int x, int y, int l, const Color& color);
      |                              ^
libgag/include/SDLGraphicContext.h:703:16: warning: 'drawLine' overrides a member function but is not marked 'override' [-Winconsistent-missing-override]
  703 |                 virtual void drawLine(int x1, int y1, int x2, int y2, Uint8 r, Uint8 g, Uint8 b, Uint8 a = Color::ALPHA_OPAQUE);
      |                              ^
libgag/include/SDLGraphicContext.h:320:16: note: overridden virtual function is here
  320 |                 virtual void drawLine(int x1, int y1, int x2, int y2, Uint8 r, Uint8 g, Uint8 b, Uint8 a = Color::ALPHA_OPAQUE);
      |                              ^
libgag/include/SDLGraphicContext.h:704:16: warning: 'drawCircle' overrides a member function but is not marked 'override' [-Winconsistent-missing-override]
  704 |                 virtual void drawCircle(int x, int y, int radius, Uint8 r, Uint8 g, Uint8 b, Uint8 a = Color::ALPHA_OPAQUE);
      |                              ^
libgag/include/SDLGraphicContext.h:321:16: note: overridden virtual function is here
  321 |                 virtual void drawCircle(int x, int y, int radius, Uint8 r, Uint8 g, Uint8 b, Uint8 a = Color::ALPHA_OPAQUE);
      |                              ^
/home/bradley/.local/share/glob2/development/toolchains/emscripten/Linux-x86_64-88a621bc131cd4954413aa39/upstream/emscripten/em++ -o build/emscripten/client/release/threaded/obj/src/ui/settings/SettingsScreen.cpp.o -c -std=gnu++20 -fwasm-exceptions -g2 -O2 --use-port=zlib -pthread -DHAVE_CONFIG_H -DGLOB2_OFFICIAL_INSTANCE_ORIGIN=\"https://app.glob2online.com\" -DGLOB2_OFFICIAL_INSTANCE_FORMER_ORIGINS=\"https://glob2online.com\" -Ibuild/emscripten/client/release/threaded/include -Ibuild/emscripten/client/release/threaded/sdl3/prefix/include -Ilibgag/include -I. -Ilibusl/src -Isrc -Isrc/ai -Isrc/hud -Isrc/app -Isrc/game/player -Isrc/team -Isrc/common -Isrc/map -Isrc/game -Isrc/campaign -Isrc/campaign/screens -Isrc/replay -Isrc/game/screens -Isrc/render/clouds -Isrc/ui/screens -Isrc/game/rules -Isrc/game/diagnostics -Isrc/map/editor/screens -Isrc/engine -Isrc/ui -Isrc/map/preview -Isrc/app/cli -Isrc/net/lan/screens -Isrc/online -Isrc/map/tools -Isrc/scripting/map -Isrc/render/overlay -Isrc/audio -Isrc/online/screens -Isrc/game/orders -Isrc/resource -Isrc/ui/settings -Isrc/team/stats -Isrc/render/torus -Isrc/ai/simple -Isrc/ai/castor -Isrc/ai/javascript -Isrc/ai/nicowar -Isrc/ai/numbi -Isrc/ai/telemetry -Isrc/ai/warrush -Isrc/ai/maxima -Isrc/building -Isrc/building/types -Isrc/unit/types -Isrc/building/hud -Isrc/net -Isrc/hud/draw -Isrc/hud/input -Isrc/hud/touch -Isrc/net/turn -Isrc/unit -Isrc/map/editor -Isrc/map/generator -Isrc/map/generator/compatibility -Isrc/map/generator/core -Isrc/map/generator/generators -Isrc/map/generator/shared -Isrc/map/generator/shared/legacy -Isrc/map/gradient -Isrc/map/io -Isrc/net/lan -Isrc/net/message -Isrc/scripting/sgsl -Ithird_party/nlohmann-json/include -Ibuild/emscripten/client/release/threaded/opus/prefix/include -Ibuild/emscripten/client/release/threaded/opus/prefix/include/opus -Ithird_party/quickjs-ng src/ui/settings/SettingsScreen.cpp
In file included from src/hud/GameGUIStep.cpp:24:
In file included from src/game/Game.h:12:
In file included from src/map/Map.h:21:
In file included from src/team/Team.h:16:
In file included from src/game/GameEvent.h:9:
In file included from libgag/include/GraphicContext.h:6:
libgag/include/SDLGraphicContext.h:545:16: warning: 'setRes' overrides a member function but is not marked 'override' [-Winconsistent-missing-override]
  545 |                 virtual void setRes(int w, int h) { setRes(w, h, optionFlags); }
      |                              ^
libgag/include/SDLGraphicContext.h:244:16: note: overridden virtual function is here
  244 |                 virtual void setRes(int w, int h);
      |                              ^
libgag/include/SDLGraphicContext.h:621:16: warning: 'setClipRect' overrides a member function but is not marked 'override' [-Winconsistent-missing-override]
  621 |                 virtual void setClipRect(int x, int y, int w, int h);
      |                              ^
libgag/include/SDLGraphicContext.h:246:16: note: overridden virtual function is here
  246 |                 virtual void setClipRect(int x, int y, int w, int h);
      |                              ^
libgag/include/SDLGraphicContext.h:622:16: warning: 'setClipRect' overrides a member function but is not marked 'override' [-Winconsistent-missing-override]
  622 |                 virtual void setClipRect(void);
      |                              ^
libgag/include/SDLGraphicContext.h:247:16: note: overridden virtual function is here
  247 |                 virtual void setClipRect(void);
      |                              ^
libgag/include/SDLGraphicContext.h:627:22: warning: 'nextFrame' overrides a member function but is not marked 'override' [-Winconsistent-missing-override]
  627 |         virtual void nextFrame(void);
      |                      ^
libgag/include/SDLGraphicContext.h:248:16: note: overridden virtual function is here
  248 |                 virtual void nextFrame(void) { flushTextPictures(); }
      |                              ^
libgag/include/SDLGraphicContext.h:629:16: warning: 'loadImage' overrides a member function but is not marked 'override' [-Winconsistent-missing-override]
  629 |                 virtual bool loadImage(const std::string name) { return false; }
      |                              ^
libgag/include/SDLGraphicContext.h:249:16: note: overridden virtual function is here
  249 |                 virtual bool loadImage(const std::string name);
      |                              ^
libgag/include/SDLGraphicContext.h:633:16: warning: 'shiftHSV' overrides a member function but is not marked 'override' [-Winconsistent-missing-override]
  633 |                 virtual void shiftHSV(float hue, float sat, float lum) { }
      |                              ^
libgag/include/SDLGraphicContext.h:250:16: note: overridden virtual function is here
  250 |                 virtual void shiftHSV(float hue, float sat, float lum);
      |                              ^
libgag/include/SDLGraphicContext.h:636:16: warning: 'canDrawStretchedSprite' overrides a member function but is not marked 'override' [-Winconsistent-missing-override]
  636 |                 virtual bool canDrawStretchedSprite(void) { return hasPortableRenderer() || (optionFlags & USEGPU) != 0; }
      |                              ^
libgag/include/SDLGraphicContext.h:268:16: note: overridden virtual function is here
  268 |                 virtual bool canDrawStretchedSprite(void) { return false; }
      |                              ^
libgag/include/SDLGraphicContext.h:638:16: warning: 'drawPixel' overrides a member function but is not marked 'override' [-Winconsistent-missing-override]
  638 |                 virtual void drawPixel(int x, int y, const Color& color);
      |                              ^
libgag/include/SDLGraphicContext.h:271:16: note: overridden virtual function is here
  271 |                 virtual void drawPixel(int x, int y, const Color& color);
      |                              ^
libgag/include/SDLGraphicContext.h:639:16: warning: 'drawPixel' overrides a member function but is not marked 'override' [-Winconsistent-missing-override]
  639 |                 virtual void drawPixel(float x, float y, const Color& color);
      |                              ^
libgag/include/SDLGraphicContext.h:272:16: note: overridden virtual function is here
  272 |                 virtual void drawPixel(float x, float y, const Color& color);
      |                              ^
libgag/include/SDLGraphicContext.h:641:16: warning: 'drawRect' overrides a member function but is not marked 'override' [-Winconsistent-missing-override]
  641 |                 virtual void drawRect(int x, int y, int w, int h, const Color& color);
      |                              ^
libgag/include/SDLGraphicContext.h:274:16: note: overridden virtual function is here
  274 |                 virtual void drawRect(int x, int y, int w, int h, const Color& color);
      |                              ^
libgag/include/SDLGraphicContext.h:642:16: warning: 'drawRect' overrides a member function but is not marked 'override' [-Winconsistent-missing-override]
  642 |                 virtual void drawRect(float x, float y, float w, float h, const Color& color);
      |                              ^
libgag/include/SDLGraphicContext.h:275:16: note: overridden virtual function is here
  275 |                 virtual void drawRect(float x, float y, float w, float h, const Color& color);
      |                              ^
libgag/include/SDLGraphicContext.h:644:16: warning: 'drawFilledRect' overrides a member function but is not marked 'override' [-Winconsistent-missing-override]
  644 |                 virtual void drawFilledRect(int x, int y, int w, int h, const Color& color);
      |                              ^
libgag/include/SDLGraphicContext.h:277:16: note: overridden virtual function is here
  277 |                 virtual void drawFilledRect(int x, int y, int w, int h, const Color& color);
      |                              ^
libgag/include/SDLGraphicContext.h:645:16: warning: 'drawFilledRect' overrides a member function but is not marked 'override' [-Winconsistent-missing-override]
  645 |                 virtual void drawFilledRect(float x, float y, float w, float h, const Color& color);
      |                              ^
libgag/include/SDLGraphicContext.h:278:16: note: overridden virtual function is here
  278 |                 virtual void drawFilledRect(float x, float y, float w, float h, const Color& color);
      |                              ^
libgag/include/SDLGraphicContext.h:647:16: warning: 'drawLine' overrides a member function but is not marked 'override' [-Winconsistent-missing-override]
  647 |                 virtual void drawLine(int x1, int y1, int x2, int y2, const Color& color);
      |                              ^
libgag/include/SDLGraphicContext.h:280:16: note: overridden virtual function is here
  280 |                 virtual void drawLine(int x1, int y1, int x2, int y2, const Color& color);
      |                              ^
libgag/include/SDLGraphicContext.h:648:16: warning: 'drawLine' overrides a member function but is not marked 'override' [-Winconsistent-missing-override]
  648 |                 virtual void drawLine(float x1, float y1, float x2, float y2, const Color& color);
      |                              ^
libgag/include/SDLGraphicContext.h:281:16: note: overridden virtual function is here
  281 |                 virtual void drawLine(float x1, float y1, float x2, float y2, const Color& color);
      |                              ^
libgag/include/SDLGraphicContext.h:650:16: warning: 'drawCircle' overrides a member function but is not marked 'override' [-Winconsistent-missing-override]
  650 |                 virtual void drawCircle(int x, int y, int radius, const Color& color);
      |                              ^
libgag/include/SDLGraphicContext.h:283:16: note: overridden virtual function is here
  283 |                 virtual void drawCircle(int x, int y, int radius, const Color& color);
      |                              ^
libgag/include/SDLGraphicContext.h:651:16: warning: 'drawCircle' overrides a member function but is not marked 'override' [-Winconsistent-missing-override]
  651 |                 virtual void drawCircle(float x, float y, float radius, const Color& color);
      |                              ^
libgag/include/SDLGraphicContext.h:284:16: note: overridden virtual function is here
  284 |                 virtual void drawCircle(float x, float y, float radius, const Color& color);
      |                              ^
libgag/include/SDLGraphicContext.h:653:16: warning: 'drawSurface' overrides a member function but is not marked 'override' [-Winconsistent-missing-override]
  653 |                 virtual void drawSurface(int x, int y, DrawableSurface *surface, Uint8 alpha = Color::ALPHA_OPAQUE);
      |                              ^
libgag/include/SDLGraphicContext.h:286:16: note: overridden virtual function is here
  286 |                 virtual void drawSurface(int x, int y, DrawableSurface *surface, Uint8 alpha = Color::ALPHA_OPAQUE);
      |                              ^
libgag/include/SDLGraphicContext.h:654:16: warning: 'drawSurface' overrides a member function but is not marked 'override' [-Winconsistent-missing-override]
  654 |                 virtual void drawSurface(float x, float y, DrawableSurface *surface, Uint8 alpha = Color::ALPHA_OPAQUE);
      |                              ^
libgag/include/SDLGraphicContext.h:287:16: note: overridden virtual function is here
  287 |                 virtual void drawSurface(float x, float y, DrawableSurface *surface, Uint8 alpha = Color::ALPHA_OPAQUE);
      |                              ^
libgag/include/SDLGraphicContext.h:656:16: warning: 'drawSurface' overrides a member function but is not marked 'override' [-Winconsistent-missing-override]
  656 |                 virtual void drawSurface(int x, int y, int w, int h, DrawableSurface *surface, Uint8 alpha = Color::ALPHA_OPAQUE);
      |                              ^
libgag/include/SDLGraphicContext.h:289:16: note: overridden virtual function is here
  289 |                 virtual void drawSurface(int x, int y, int w, int h, DrawableSurface *surface, Uint8 alpha = Color::ALPHA_OPAQUE);
      |                              ^
libgag/include/SDLGraphicContext.h:657:16: warning: 'drawSurface' overrides a member function but is not marked 'override' [-Winconsistent-missing-override]
  657 |                 virtual void drawSurface(float x, float y, float w, float h, DrawableSurface *surface, Uint8 alpha = Color::ALPHA_OPAQUE);
      |                              ^
libgag/include/SDLGraphicContext.h:290:16: note: overridden virtual function is here
  290 |                 virtual void drawSurface(float x, float y, float w, float h, DrawableSurface *surface, Uint8 alpha = Color::ALPHA_OPAQUE);
      |                              ^
libgag/include/SDLGraphicContext.h:659:16: warning: 'drawSurface' overrides a member function but is not marked 'override' [-Winconsistent-missing-override]
  659 |                 virtual void drawSurface(int x, int y, DrawableSurface *surface, int sx, int sy, int sw, int sh, Uint8 alpha = Color::ALPHA_OPAQUE);
      |                              ^
libgag/include/SDLGraphicContext.h:292:16: note: overridden virtual function is here
  292 |                 virtual void drawSurface(int x, int y, DrawableSurface *surface, int sx, int sy, int sw, int sh, Uint8 alpha = Color::ALPHA_OPAQUE);
      |                              ^
libgag/include/SDLGraphicContext.h:660:16: warning: 'drawSurface' overrides a member function but is not marked 'override' [-Winconsistent-missing-override]
  660 |                 virtual void drawSurface(float x, float y, DrawableSurface *surface, int sx, int sy, int sw, int sh, Uint8 alpha = Color::ALPHA_OPAQUE);
      |                              ^
libgag/include/SDLGraphicContext.h:293:16: note: overridden virtual function is here
  293 |                 virtual void drawSurface(float x, float y, DrawableSurface *surface, int sx, int sy, int sw, int sh, Uint8 alpha = Color::ALPHA_OPAQUE);
      |                              ^
libgag/include/SDLGraphicContext.h:662:16: warning: 'drawSurface' overrides a member function but is not marked 'override' [-Winconsistent-missing-override]
  662 |                 virtual void drawSurface(int x, int y, int w, int h, DrawableSurface *surface, int sx, int sy, int sw, int sh,  Uint8 alpha = Color::ALPHA_OPAQUE);
      |                              ^
libgag/include/SDLGraphicContext.h:295:16: note: overridden virtual function is here
  295 |                 virtual void drawSurface(int x, int y, int w, int h, DrawableSurface *surface, int sx, int sy, int sw, int sh,  Uint8 alpha = Color::ALPHA_OPAQUE);
      |                              ^
libgag/include/SDLGraphicContext.h:663:16: warning: 'drawSurface' overrides a member function but is not marked 'override' [-Winconsistent-missing-override]
  663 |                 virtual void drawSurface(float x, float y, float w, float h, DrawableSurface *surface, int sx, int sy, int sw, int sh, Uint8 alpha = Color::ALPHA_OPAQUE);
      |                              ^
libgag/include/SDLGraphicContext.h:296:16: note: overridden virtual function is here
  296 |                 virtual void drawSurface(float x, float y, float w, float h, DrawableSurface *surface, int sx, int sy, int sw, int sh, Uint8 alpha = Color::ALPHA_OPAQUE);
      |                              ^
libgag/include/SDLGraphicContext.h:692:16: warning: 'drawAlphaMap' overrides a member function but is not marked 'override' [-Winconsistent-missing-override]
  692 |                 virtual void drawAlphaMap(const std::valarray<float> &map, int mapW, int mapH, int x, int y, int cellW, int cellH, const Color &color);
      |                              ^
libgag/include/SDLGraphicContext.h:309:16: note: overridden virtual function is here
  309 |                 virtual void drawAlphaMap(const std::valarray<float> &map, int mapW, int mapH, int x, int y, int cellW, int cellH, const Color &color);
      |                              ^
libgag/include/SDLGraphicContext.h:693:16: warning: 'drawAlphaMap' overrides a member function but is not marked 'override' [-Winconsistent-missing-override]
  693 |                 virtual void drawAlphaMap(const std::valarray<unsigned char> &map, int mapW, int mapH, int x, int y, int cellW, int cellH, const Color &color);
      |                              ^
libgag/include/SDLGraphicContext.h:310:16: note: overridden virtual function is here
  310 |                 virtual void drawAlphaMap(const std::valarray<unsigned char> &map, int mapW, int mapH, int x, int y, int cellW, int cellH, const Color &color);
      |                              ^
libgag/include/SDLGraphicContext.h:696:16: warning: 'drawPixel' overrides a member function but is not marked 'override' [-Winconsistent-missing-override]
  696 |                 virtual void drawPixel(int x, int y, Uint8 r, Uint8 g, Uint8 b, Uint8 a = Color::ALPHA_OPAQUE);
      |                              ^
libgag/include/SDLGraphicContext.h:313:16: note: overridden virtual function is here
  313 |                 virtual void drawPixel(int x, int y, Uint8 r, Uint8 g, Uint8 b, Uint8 a = Color::ALPHA_OPAQUE);
      |                              ^
libgag/include/SDLGraphicContext.h:697:16: warning: 'drawRect' overrides a member function but is not marked 'override' [-Winconsistent-missing-override]
  697 |                 virtual void drawRect(int x, int y, int w, int h, Uint8 r, Uint8 g, Uint8 b, Uint8 a = Color::ALPHA_OPAQUE);
      |                              ^
libgag/include/SDLGraphicContext.h:314:16: note: overridden virtual function is here
  314 |                 virtual void drawRect(int x, int y, int w, int h, Uint8 r, Uint8 g, Uint8 b, Uint8 a = Color::ALPHA_OPAQUE);
      |                              ^
libgag/include/SDLGraphicContext.h:698:16: warning: 'drawFilledRect' overrides a member function but is not marked 'override' [-Winconsistent-missing-override]
  698 |                 virtual void drawFilledRect(int x, int y, int w, int h, Uint8 r, Uint8 g, Uint8 b, Uint8 a = Color::ALPHA_OPAQUE);
      |                              ^
libgag/include/SDLGraphicContext.h:315:16: note: overridden virtual function is here
  315 |                 virtual void drawFilledRect(int x, int y, int w, int h, Uint8 r, Uint8 g, Uint8 b, Uint8 a = Color::ALPHA_OPAQUE);
      |                              ^
libgag/include/SDLGraphicContext.h:699:16: warning: 'drawVertLine' overrides a member function but is not marked 'override' [-Winconsistent-missing-override]
  699 |                 virtual void drawVertLine(int x, int y, int l, Uint8 r, Uint8 g, Uint8 b, Uint8 a = Color::ALPHA_OPAQUE);
      |                              ^
libgag/include/SDLGraphicContext.h:316:16: note: overridden virtual function is here
  316 |                 virtual void drawVertLine(int x, int y, int l, Uint8 r, Uint8 g, Uint8 b, Uint8 a = Color::ALPHA_OPAQUE);
      |                              ^
libgag/include/SDLGraphicContext.h:700:16: warning: 'drawVertLine' overrides a member function but is not marked 'override' [-Winconsistent-missing-override]
  700 |                 virtual void drawVertLine(int x, int y, int l, const Color& color);
      |                              ^
libgag/include/SDLGraphicContext.h:317:16: note: overridden virtual function is here
  317 |                 virtual void drawVertLine(int x, int y, int l, const Color& color);
      |                              ^
libgag/include/SDLGraphicContext.h:701:16: warning: 'drawHorzLine' overrides a member function but is not marked 'override' [-Winconsistent-missing-override]
  701 |                 virtual void drawHorzLine(int x, int y, int l, Uint8 r, Uint8 g, Uint8 b, Uint8 a = Color::ALPHA_OPAQUE);
      |                              ^
libgag/include/SDLGraphicContext.h:318:16: note: overridden virtual function is here
  318 |                 virtual void drawHorzLine(int x, int y, int l, Uint8 r, Uint8 g, Uint8 b, Uint8 a = Color::ALPHA_OPAQUE);
      |                              ^
libgag/include/SDLGraphicContext.h:702:16: warning: 'drawHorzLine' overrides a member function but is not marked 'override' [-Winconsistent-missing-override]
  702 |                 virtual void drawHorzLine(int x, int y, int l, const Color& color);
      |                              ^
libgag/include/SDLGraphicContext.h:319:16: note: overridden virtual function is here
  319 |                 virtual void drawHorzLine(int x, int y, int l, const Color& color);
      |                              ^
libgag/include/SDLGraphicContext.h:703:16: warning: 'drawLine' overrides a member function but is not marked 'override' [-Winconsistent-missing-override]
  703 |                 virtual void drawLine(int x1, int y1, int x2, int y2, Uint8 r, Uint8 g, Uint8 b, Uint8 a = Color::ALPHA_OPAQUE);
      |                              ^
libgag/include/SDLGraphicContext.h:320:16: note: overridden virtual function is here
  320 |                 virtual void drawLine(int x1, int y1, int x2, int y2, Uint8 r, Uint8 g, Uint8 b, Uint8 a = Color::ALPHA_OPAQUE);
      |                              ^
libgag/include/SDLGraphicContext.h:704:16: warning: 'drawCircle' overrides a member function but is not marked 'override' [-Winconsistent-missing-override]
  704 |                 virtual void drawCircle(int x, int y, int radius, Uint8 r, Uint8 g, Uint8 b, Uint8 a = Color::ALPHA_OPAQUE);
      |                              ^
libgag/include/SDLGraphicContext.h:321:16: note: overridden virtual function is here
  321 |                 virtual void drawCircle(int x, int y, int radius, Uint8 r, Uint8 g, Uint8 b, Uint8 a = Color::ALPHA_OPAQUE);
      |                              ^
In file included from src/app/GlobalContainer.cpp:10:
In file included from libgag/include/GAG.h:9:
In file included from libgag/include/GraphicContext.h:6:
libgag/include/SDLGraphicContext.h:545:16: warning: 'setRes' overrides a member function but is not marked 'override' [-Winconsistent-missing-override]
  545 |                 virtual void setRes(int w, int h) { setRes(w, h, optionFlags); }
      |                              ^
libgag/include/SDLGraphicContext.h:244:16: note: overridden virtual function is here
  244 |                 virtual void setRes(int w, int h);
      |                              ^
libgag/include/SDLGraphicContext.h:621:16: warning: 'setClipRect' overrides a member function but is not marked 'override' [-Winconsistent-missing-override]
  621 |                 virtual void setClipRect(int x, int y, int w, int h);
      |                              ^
libgag/include/SDLGraphicContext.h:246:16: note: overridden virtual function is here
  246 |                 virtual void setClipRect(int x, int y, int w, int h);
      |                              ^
libgag/include/SDLGraphicContext.h:622:16: warning: 'setClipRect' overrides a member function but is not marked 'override' [-Winconsistent-missing-override]
  622 |                 virtual void setClipRect(void);
      |                              ^
libgag/include/SDLGraphicContext.h:247:16: note: overridden virtual function is here
  247 |                 virtual void setClipRect(void);
      |                              ^
libgag/include/SDLGraphicContext.h:627:22: warning: 'nextFrame' overrides a member function but is not marked 'override' [-Winconsistent-missing-override]
  627 |         virtual void nextFrame(void);
      |                      ^
libgag/include/SDLGraphicContext.h:248:16: note: overridden virtual function is here
  248 |                 virtual void nextFrame(void) { flushTextPictures(); }
      |                              ^
libgag/include/SDLGraphicContext.h:629:16: warning: 'loadImage' overrides a member function but is not marked 'override' [-Winconsistent-missing-override]
  629 |                 virtual bool loadImage(const std::string name) { return false; }
      |                              ^
libgag/include/SDLGraphicContext.h:249:16: note: overridden virtual function is here
  249 |                 virtual bool loadImage(const std::string name);
      |                              ^
libgag/include/SDLGraphicContext.h:633:16: warning: 'shiftHSV' overrides a member function but is not marked 'override' [-Winconsistent-missing-override]
  633 |                 virtual void shiftHSV(float hue, float sat, float lum) { }
      |                              ^
libgag/include/SDLGraphicContext.h:250:16: note: overridden virtual function is here
  250 |                 virtual void shiftHSV(float hue, float sat, float lum);
      |                              ^
libgag/include/SDLGraphicContext.h:636:16: warning: 'canDrawStretchedSprite' overrides a member function but is not marked 'override' [-Winconsistent-missing-override]
  636 |                 virtual bool canDrawStretchedSprite(void) { return hasPortableRenderer() || (optionFlags & USEGPU) != 0; }
      |                              ^
libgag/include/SDLGraphicContext.h:268:16: note: overridden virtual function is here
  268 |                 virtual bool canDrawStretchedSprite(void) { return false; }
      |                              ^
libgag/include/SDLGraphicContext.h:638:16: warning: 'drawPixel' overrides a member function but is not marked 'override' [-Winconsistent-missing-override]
  638 |                 virtual void drawPixel(int x, int y, const Color& color);
      |                              ^
libgag/include/SDLGraphicContext.h:271:16: note: overridden virtual function is here
  271 |                 virtual void drawPixel(int x, int y, const Color& color);
      |                              ^
libgag/include/SDLGraphicContext.h:639:16: warning: 'drawPixel' overrides a member function but is not marked 'override' [-Winconsistent-missing-override]
  639 |                 virtual void drawPixel(float x, float y, const Color& color);
      |                              ^
libgag/include/SDLGraphicContext.h:272:16: note: overridden virtual function is here
  272 |                 virtual void drawPixel(float x, float y, const Color& color);
      |                              ^
libgag/include/SDLGraphicContext.h:641:16: warning: 'drawRect' overrides a member function but is not marked 'override' [-Winconsistent-missing-override]
  641 |                 virtual void drawRect(int x, int y, int w, int h, const Color& color);
      |                              ^
libgag/include/SDLGraphicContext.h:274:16: note: overridden virtual function is here
  274 |                 virtual void drawRect(int x, int y, int w, int h, const Color& color);
      |                              ^
libgag/include/SDLGraphicContext.h:642:16: warning: 'drawRect' overrides a member function but is not marked 'override' [-Winconsistent-missing-override]
  642 |                 virtual void drawRect(float x, float y, float w, float h, const Color& color);
      |                              ^
libgag/include/SDLGraphicContext.h:275:16: note: overridden virtual function is here
  275 |                 virtual void drawRect(float x, float y, float w, float h, const Color& color);
      |                              ^
libgag/include/SDLGraphicContext.h:644:16: warning: 'drawFilledRect' overrides a member function but is not marked 'override' [-Winconsistent-missing-override]
  644 |                 virtual void drawFilledRect(int x, int y, int w, int h, const Color& color);
      |                              ^
libgag/include/SDLGraphicContext.h:277:16: note: overridden virtual function is here
  277 |                 virtual void drawFilledRect(int x, int y, int w, int h, const Color& color);
      |                              ^
libgag/include/SDLGraphicContext.h:645:16: warning: 'drawFilledRect' overrides a member function but is not marked 'override' [-Winconsistent-missing-override]
  645 |                 virtual void drawFilledRect(float x, float y, float w, float h, const Color& color);
      |                              ^
libgag/include/SDLGraphicContext.h:278:16: note: overridden virtual function is here
  278 |                 virtual void drawFilledRect(float x, float y, float w, float h, const Color& color);
      |                              ^
libgag/include/SDLGraphicContext.h:647:16: warning: 'drawLine' overrides a member function but is not marked 'override' [-Winconsistent-missing-override]
  647 |                 virtual void drawLine(int x1, int y1, int x2, int y2, const Color& color);
      |                              ^
libgag/include/SDLGraphicContext.h:280:16: note: overridden virtual function is here
  280 |                 virtual void drawLine(int x1, int y1, int x2, int y2, const Color& color);
      |                              ^
libgag/include/SDLGraphicContext.h:648:16: warning: 'drawLine' overrides a member function but is not marked 'override' [-Winconsistent-missing-override]
  648 |                 virtual void drawLine(float x1, float y1, float x2, float y2, const Color& color);
      |                              ^
libgag/include/SDLGraphicContext.h:281:16: note: overridden virtual function is here
  281 |                 virtual void drawLine(float x1, float y1, float x2, float y2, const Color& color);
      |                              ^
libgag/include/SDLGraphicContext.h:650:16: warning: 'drawCircle' overrides a member function but is not marked 'override' [-Winconsistent-missing-override]
  650 |                 virtual void drawCircle(int x, int y, int radius, const Color& color);
      |                              ^
libgag/include/SDLGraphicContext.h:283:16: note: overridden virtual function is here
  283 |                 virtual void drawCircle(int x, int y, int radius, const Color& color);
      |                              ^
libgag/include/SDLGraphicContext.h:651:16: warning: 'drawCircle' overrides a member function but is not marked 'override' [-Winconsistent-missing-override]
  651 |                 virtual void drawCircle(float x, float y, float radius, const Color& color);
      |                              ^
libgag/include/SDLGraphicContext.h:284:16: note: overridden virtual function is here
  284 |                 virtual void drawCircle(float x, float y, float radius, const Color& color);
      |                              ^
libgag/include/SDLGraphicContext.h:653:16: warning: 'drawSurface' overrides a member function but is not marked 'override' [-Winconsistent-missing-override]
  653 |                 virtual void drawSurface(int x, int y, DrawableSurface *surface, Uint8 alpha = Color::ALPHA_OPAQUE);
      |                              ^
libgag/include/SDLGraphicContext.h:286:16: note: overridden virtual function is here
  286 |                 virtual void drawSurface(int x, int y, DrawableSurface *surface, Uint8 alpha = Color::ALPHA_OPAQUE);
      |                              ^
libgag/include/SDLGraphicContext.h:654:16: warning: 'drawSurface' overrides a member function but is not marked 'override' [-Winconsistent-missing-override]
  654 |                 virtual void drawSurface(float x, float y, DrawableSurface *surface, Uint8 alpha = Color::ALPHA_OPAQUE);
      |                              ^
libgag/include/SDLGraphicContext.h:287:16: note: overridden virtual function is here
  287 |                 virtual void drawSurface(float x, float y, DrawableSurface *surface, Uint8 alpha = Color::ALPHA_OPAQUE);
      |                              ^
libgag/include/SDLGraphicContext.h:656:16: warning: 'drawSurface' overrides a member function but is not marked 'override' [-Winconsistent-missing-override]
  656 |                 virtual void drawSurface(int x, int y, int w, int h, DrawableSurface *surface, Uint8 alpha = Color::ALPHA_OPAQUE);
      |                              ^
libgag/include/SDLGraphicContext.h:289:16: note: overridden virtual function is here
  289 |                 virtual void drawSurface(int x, int y, int w, int h, DrawableSurface *surface, Uint8 alpha = Color::ALPHA_OPAQUE);
      |                              ^
libgag/include/SDLGraphicContext.h:657:16: warning: 'drawSurface' overrides a member function but is not marked 'override' [-Winconsistent-missing-override]
  657 |                 virtual void drawSurface(float x, float y, float w, float h, DrawableSurface *surface, Uint8 alpha = Color::ALPHA_OPAQUE);
      |                              ^
libgag/include/SDLGraphicContext.h:290:16: note: overridden virtual function is here
  290 |                 virtual void drawSurface(float x, float y, float w, float h, DrawableSurface *surface, Uint8 alpha = Color::ALPHA_OPAQUE);
      |                              ^
libgag/include/SDLGraphicContext.h:659:16: warning: 'drawSurface' overrides a member function but is not marked 'override' [-Winconsistent-missing-override]
  659 |                 virtual void drawSurface(int x, int y, DrawableSurface *surface, int sx, int sy, int sw, int sh, Uint8 alpha = Color::ALPHA_OPAQUE);
      |                              ^
libgag/include/SDLGraphicContext.h:292:16: note: overridden virtual function is here
  292 |                 virtual void drawSurface(int x, int y, DrawableSurface *surface, int sx, int sy, int sw, int sh, Uint8 alpha = Color::ALPHA_OPAQUE);
      |                              ^
libgag/include/SDLGraphicContext.h:660:16: warning: 'drawSurface' overrides a member function but is not marked 'override' [-Winconsistent-missing-override]
  660 |                 virtual void drawSurface(float x, float y, DrawableSurface *surface, int sx, int sy, int sw, int sh, Uint8 alpha = Color::ALPHA_OPAQUE);
      |                              ^
libgag/include/SDLGraphicContext.h:293:16: note: overridden virtual function is here
  293 |                 virtual void drawSurface(float x, float y, DrawableSurface *surface, int sx, int sy, int sw, int sh, Uint8 alpha = Color::ALPHA_OPAQUE);
      |                              ^
libgag/include/SDLGraphicContext.h:662:16: warning: 'drawSurface' overrides a member function but is not marked 'override' [-Winconsistent-missing-override]
  662 |                 virtual void drawSurface(int x, int y, int w, int h, DrawableSurface *surface, int sx, int sy, int sw, int sh,  Uint8 alpha = Color::ALPHA_OPAQUE);
      |                              ^
libgag/include/SDLGraphicContext.h:295:16: note: overridden virtual function is here
  295 |                 virtual void drawSurface(int x, int y, int w, int h, DrawableSurface *surface, int sx, int sy, int sw, int sh,  Uint8 alpha = Color::ALPHA_OPAQUE);
      |                              ^
libgag/include/SDLGraphicContext.h:663:16: warning: 'drawSurface' overrides a member function but is not marked 'override' [-Winconsistent-missing-override]
  663 |                 virtual void drawSurface(float x, float y, float w, float h, DrawableSurface *surface, int sx, int sy, int sw, int sh, Uint8 alpha = Color::ALPHA_OPAQUE);
      |                              ^
libgag/include/SDLGraphicContext.h:296:16: note: overridden virtual function is here
  296 |                 virtual void drawSurface(float x, float y, float w, float h, DrawableSurface *surface, int sx, int sy, int sw, int sh, Uint8 alpha = Color::ALPHA_OPAQUE);
      |                              ^
libgag/include/SDLGraphicContext.h:692:16: warning: 'drawAlphaMap' overrides a member function but is not marked 'override' [-Winconsistent-missing-override]
  692 |                 virtual void drawAlphaMap(const std::valarray<float> &map, int mapW, int mapH, int x, int y, int cellW, int cellH, const Color &color);
      |                              ^
libgag/include/SDLGraphicContext.h:309:16: note: overridden virtual function is here
  309 |                 virtual void drawAlphaMap(const std::valarray<float> &map, int mapW, int mapH, int x, int y, int cellW, int cellH, const Color &color);
      |                              ^
libgag/include/SDLGraphicContext.h:693:16: warning: 'drawAlphaMap' overrides a member function but is not marked 'override' [-Winconsistent-missing-override]
  693 |                 virtual void drawAlphaMap(const std::valarray<unsigned char> &map, int mapW, int mapH, int x, int y, int cellW, int cellH, const Color &color);
      |                              ^
libgag/include/SDLGraphicContext.h:310:16: note: overridden virtual function is here
  310 |                 virtual void drawAlphaMap(const std::valarray<unsigned char> &map, int mapW, int mapH, int x, int y, int cellW, int cellH, const Color &color);
      |                              ^
libgag/include/SDLGraphicContext.h:696:16: warning: 'drawPixel' overrides a member function but is not marked 'override' [-Winconsistent-missing-override]
  696 |                 virtual void drawPixel(int x, int y, Uint8 r, Uint8 g, Uint8 b, Uint8 a = Color::ALPHA_OPAQUE);
      |                              ^
libgag/include/SDLGraphicContext.h:313:16: note: overridden virtual function is here
  313 |                 virtual void drawPixel(int x, int y, Uint8 r, Uint8 g, Uint8 b, Uint8 a = Color::ALPHA_OPAQUE);
      |                              ^
libgag/include/SDLGraphicContext.h:697:16: warning: 'drawRect' overrides a member function but is not marked 'override' [-Winconsistent-missing-override]
  697 |                 virtual void drawRect(int x, int y, int w, int h, Uint8 r, Uint8 g, Uint8 b, Uint8 a = Color::ALPHA_OPAQUE);
      |                              ^
libgag/include/SDLGraphicContext.h:314:16: note: overridden virtual function is here
  314 |                 virtual void drawRect(int x, int y, int w, int h, Uint8 r, Uint8 g, Uint8 b, Uint8 a = Color::ALPHA_OPAQUE);
      |                              ^
libgag/include/SDLGraphicContext.h:698:16: warning: 'drawFilledRect' overrides a member function but is not marked 'override' [-Winconsistent-missing-override]
  698 |                 virtual void drawFilledRect(int x, int y, int w, int h, Uint8 r, Uint8 g, Uint8 b, Uint8 a = Color::ALPHA_OPAQUE);
      |                              ^
libgag/include/SDLGraphicContext.h:315:16: note: overridden virtual function is here
  315 |                 virtual void drawFilledRect(int x, int y, int w, int h, Uint8 r, Uint8 g, Uint8 b, Uint8 a = Color::ALPHA_OPAQUE);
      |                              ^
libgag/include/SDLGraphicContext.h:699:16: warning: 'drawVertLine' overrides a member function but is not marked 'override' [-Winconsistent-missing-override]
  699 |                 virtual void drawVertLine(int x, int y, int l, Uint8 r, Uint8 g, Uint8 b, Uint8 a = Color::ALPHA_OPAQUE);
      |                              ^
libgag/include/SDLGraphicContext.h:316:16: note: overridden virtual function is here
  316 |                 virtual void drawVertLine(int x, int y, int l, Uint8 r, Uint8 g, Uint8 b, Uint8 a = Color::ALPHA_OPAQUE);
      |                              ^
libgag/include/SDLGraphicContext.h:700:16: warning: 'drawVertLine' overrides a member function but is not marked 'override' [-Winconsistent-missing-override]
  700 |                 virtual void drawVertLine(int x, int y, int l, const Color& color);
      |                              ^
libgag/include/SDLGraphicContext.h:317:16: note: overridden virtual function is here
  317 |                 virtual void drawVertLine(int x, int y, int l, const Color& color);
      |                              ^
libgag/include/SDLGraphicContext.h:701:16: warning: 'drawHorzLine' overrides a member function but is not marked 'override' [-Winconsistent-missing-override]
  701 |                 virtual void drawHorzLine(int x, int y, int l, Uint8 r, Uint8 g, Uint8 b, Uint8 a = Color::ALPHA_OPAQUE);
      |                              ^
libgag/include/SDLGraphicContext.h:318:16: note: overridden virtual function is here
  318 |                 virtual void drawHorzLine(int x, int y, int l, Uint8 r, Uint8 g, Uint8 b, Uint8 a = Color::ALPHA_OPAQUE);
      |                              ^
libgag/include/SDLGraphicContext.h:702:16: warning: 'drawHorzLine' overrides a member function but is not marked 'override' [-Winconsistent-missing-override]
  702 |                 virtual void drawHorzLine(int x, int y, int l, const Color& color);
      |                              ^
libgag/include/SDLGraphicContext.h:319:16: note: overridden virtual function is here
  319 |                 virtual void drawHorzLine(int x, int y, int l, const Color& color);
      |                              ^
libgag/include/SDLGraphicContext.h:703:16: warning: 'drawLine' overrides a member function but is not marked 'override' [-Winconsistent-missing-override]
  703 |                 virtual void drawLine(int x1, int y1, int x2, int y2, Uint8 r, Uint8 g, Uint8 b, Uint8 a = Color::ALPHA_OPAQUE);
      |                              ^
libgag/include/SDLGraphicContext.h:320:16: note: overridden virtual function is here
  320 |                 virtual void drawLine(int x1, int y1, int x2, int y2, Uint8 r, Uint8 g, Uint8 b, Uint8 a = Color::ALPHA_OPAQUE);
      |                              ^
libgag/include/SDLGraphicContext.h:704:16: warning: 'drawCircle' overrides a member function but is not marked 'override' [-Winconsistent-missing-override]
  704 |                 virtual void drawCircle(int x, int y, int radius, Uint8 r, Uint8 g, Uint8 b, Uint8 a = Color::ALPHA_OPAQUE);
      |                              ^
libgag/include/SDLGraphicContext.h:321:16: note: overridden virtual function is here
  321 |                 virtual void drawCircle(int x, int y, int radius, Uint8 r, Uint8 g, Uint8 b, Uint8 a = Color::ALPHA_OPAQUE);
      |                              ^
36 warnings generated.
/home/bradley/.local/share/glob2/development/toolchains/emscripten/Linux-x86_64-88a621bc131cd4954413aa39/upstream/emscripten/em++ -o build/emscripten/client/release/threaded/obj/src/ui/settings/SettingsScreenGeneral.cpp.o -c -std=gnu++20 -fwasm-exceptions -g2 -O2 --use-port=zlib -pthread -DHAVE_CONFIG_H -DGLOB2_OFFICIAL_INSTANCE_ORIGIN=\"https://app.glob2online.com\" -DGLOB2_OFFICIAL_INSTANCE_FORMER_ORIGINS=\"https://glob2online.com\" -Ibuild/emscripten/client/release/threaded/include -Ibuild/emscripten/client/release/threaded/sdl3/prefix/include -Ilibgag/include -I. -Ilibusl/src -Isrc -Isrc/ai -Isrc/hud -Isrc/app -Isrc/game/player -Isrc/team -Isrc/common -Isrc/map -Isrc/game -Isrc/campaign -Isrc/campaign/screens -Isrc/replay -Isrc/game/screens -Isrc/render/clouds -Isrc/ui/screens -Isrc/game/rules -Isrc/game/diagnostics -Isrc/map/editor/screens -Isrc/engine -Isrc/ui -Isrc/map/preview -Isrc/app/cli -Isrc/net/lan/screens -Isrc/online -Isrc/map/tools -Isrc/scripting/map -Isrc/render/overlay -Isrc/audio -Isrc/online/screens -Isrc/game/orders -Isrc/resource -Isrc/ui/settings -Isrc/team/stats -Isrc/render/torus -Isrc/ai/simple -Isrc/ai/castor -Isrc/ai/javascript -Isrc/ai/nicowar -Isrc/ai/numbi -Isrc/ai/telemetry -Isrc/ai/warrush -Isrc/ai/maxima -Isrc/building -Isrc/building/types -Isrc/unit/types -Isrc/building/hud -Isrc/net -Isrc/hud/draw -Isrc/hud/input -Isrc/hud/touch -Isrc/net/turn -Isrc/unit -Isrc/map/editor -Isrc/map/generator -Isrc/map/generator/compatibility -Isrc/map/generator/core -Isrc/map/generator/generators -Isrc/map/generator/shared -Isrc/map/generator/shared/legacy -Isrc/map/gradient -Isrc/map/io -Isrc/net/lan -Isrc/net/message -Isrc/scripting/sgsl -Ithird_party/nlohmann-json/include -Ibuild/emscripten/client/release/threaded/opus/prefix/include -Ibuild/emscripten/client/release/threaded/opus/prefix/include/opus -Ithird_party/quickjs-ng src/ui/settings/SettingsScreenGeneral.cpp
36 warnings generated.
38 warnings generated.
36 warnings generated.
/home/bradley/.local/share/glob2/development/toolchains/emscripten/Linux-x86_64-88a621bc131cd4954413aa39/upstream/emscripten/em++ -o build/emscripten/client/release/threaded/obj/src/audio/SoundMixer.cpp.o -c -std=gnu++20 -fwasm-exceptions -g2 -O2 --use-port=zlib -pthread -DHAVE_CONFIG_H -DGLOB2_OFFICIAL_INSTANCE_ORIGIN=\"https://app.glob2online.com\" -DGLOB2_OFFICIAL_INSTANCE_FORMER_ORIGINS=\"https://glob2online.com\" -Ibuild/emscripten/client/release/threaded/include -Ibuild/emscripten/client/release/threaded/sdl3/prefix/include -Ilibgag/include -I. -Ilibusl/src -Isrc -Isrc/ai -Isrc/hud -Isrc/app -Isrc/game/player -Isrc/team -Isrc/common -Isrc/map -Isrc/game -Isrc/campaign -Isrc/campaign/screens -Isrc/replay -Isrc/game/screens -Isrc/render/clouds -Isrc/ui/screens -Isrc/game/rules -Isrc/game/diagnostics -Isrc/map/editor/screens -Isrc/engine -Isrc/ui -Isrc/map/preview -Isrc/app/cli -Isrc/net/lan/screens -Isrc/online -Isrc/map/tools -Isrc/scripting/map -Isrc/render/overlay -Isrc/audio -Isrc/online/screens -Isrc/game/orders -Isrc/resource -Isrc/ui/settings -Isrc/team/stats -Isrc/render/torus -Isrc/ai/simple -Isrc/ai/castor -Isrc/ai/javascript -Isrc/ai/nicowar -Isrc/ai/numbi -Isrc/ai/telemetry -Isrc/ai/warrush -Isrc/ai/maxima -Isrc/building -Isrc/building/types -Isrc/unit/types -Isrc/building/hud -Isrc/net -Isrc/hud/draw -Isrc/hud/input -Isrc/hud/touch -Isrc/net/turn -Isrc/unit -Isrc/map/editor -Isrc/map/generator -Isrc/map/generator/compatibility -Isrc/map/generator/core -Isrc/map/generator/generators -Isrc/map/generator/shared -Isrc/map/generator/shared/legacy -Isrc/map/gradient -Isrc/map/io -Isrc/net/lan -Isrc/net/message -Isrc/scripting/sgsl -Ithird_party/nlohmann-json/include -Ibuild/emscripten/client/release/threaded/opus/prefix/include -Ibuild/emscripten/client/release/threaded/opus/prefix/include/opus -Ithird_party/quickjs-ng src/audio/SoundMixer.cpp
In file included from src/ui/settings/SettingsScreen.cpp:4:
In file included from src/ui/settings/SettingsScreen.h:6:
In file included from src/app/Settings.h:11:
In file included from src/game/player/BasePlayer.h:9:
In file included from src/team/Team.h:16:
In file included from src/game/GameEvent.h:9:
In file included from libgag/include/GraphicContext.h:6:
libgag/include/SDLGraphicContext.h:545:16: warning: 'setRes' overrides a member function but is not marked 'override' [-Winconsistent-missing-override]
  545 |                 virtual void setRes(int w, int h) { setRes(w, h, optionFlags); }
      |                              ^
libgag/include/SDLGraphicContext.h:244:16: note: overridden virtual function is here
  244 |                 virtual void setRes(int w, int h);
      |                              ^
libgag/include/SDLGraphicContext.h:621:16: warning: 'setClipRect' overrides a member function but is not marked 'override' [-Winconsistent-missing-override]
  621 |                 virtual void setClipRect(int x, int y, int w, int h);
      |                              ^
libgag/include/SDLGraphicContext.h:246:16: note: overridden virtual function is here
  246 |                 virtual void setClipRect(int x, int y, int w, int h);
      |                              ^
libgag/include/SDLGraphicContext.h:622:16: warning: 'setClipRect' overrides a member function but is not marked 'override' [-Winconsistent-missing-override]
  622 |                 virtual void setClipRect(void);
      |                              ^
libgag/include/SDLGraphicContext.h:247:16: note: overridden virtual function is here
  247 |                 virtual void setClipRect(void);
      |                              ^
libgag/include/SDLGraphicContext.h:627:22: warning: 'nextFrame' overrides a member function but is not marked 'override' [-Winconsistent-missing-override]
  627 |         virtual void nextFrame(void);
      |                      ^
libgag/include/SDLGraphicContext.h:248:16: note: overridden virtual function is here
  248 |                 virtual void nextFrame(void) { flushTextPictures(); }
      |                              ^
libgag/include/SDLGraphicContext.h:629:16: warning: 'loadImage' overrides a member function but is not marked 'override' [-Winconsistent-missing-override]
  629 |                 virtual bool loadImage(const std::string name) { return false; }
      |                              ^
libgag/include/SDLGraphicContext.h:249:16: note: overridden virtual function is here
  249 |                 virtual bool loadImage(const std::string name);
      |                              ^
libgag/include/SDLGraphicContext.h:633:16: warning: 'shiftHSV' overrides a member function but is not marked 'override' [-Winconsistent-missing-override]
  633 |                 virtual void shiftHSV(float hue, float sat, float lum) { }
      |                              ^
libgag/include/SDLGraphicContext.h:250:16: note: overridden virtual function is here
  250 |                 virtual void shiftHSV(float hue, float sat, float lum);
      |                              ^
libgag/include/SDLGraphicContext.h:636:16: warning: 'canDrawStretchedSprite' overrides a member function but is not marked 'override' [-Winconsistent-missing-override]
  636 |                 virtual bool canDrawStretchedSprite(void) { return hasPortableRenderer() || (optionFlags & USEGPU) != 0; }
      |                              ^
libgag/include/SDLGraphicContext.h:268:16: note: overridden virtual function is here
  268 |                 virtual bool canDrawStretchedSprite(void) { return false; }
      |                              ^
libgag/include/SDLGraphicContext.h:638:16: warning: 'drawPixel' overrides a member function but is not marked 'override' [-Winconsistent-missing-override]
  638 |                 virtual void drawPixel(int x, int y, const Color& color);
      |                              ^
libgag/include/SDLGraphicContext.h:271:16: note: overridden virtual function is here
  271 |                 virtual void drawPixel(int x, int y, const Color& color);
      |                              ^
libgag/include/SDLGraphicContext.h:639:16: warning: 'drawPixel' overrides a member function but is not marked 'override' [-Winconsistent-missing-override]
  639 |                 virtual void drawPixel(float x, float y, const Color& color);
      |                              ^
libgag/include/SDLGraphicContext.h:272:16: note: overridden virtual function is here
  272 |                 virtual void drawPixel(float x, float y, const Color& color);
      |                              ^
libgag/include/SDLGraphicContext.h:641:16: warning: 'drawRect' overrides a member function but is not marked 'override' [-Winconsistent-missing-override]
  641 |                 virtual void drawRect(int x, int y, int w, int h, const Color& color);
      |                              ^
libgag/include/SDLGraphicContext.h:274:16: note: overridden virtual function is here
  274 |                 virtual void drawRect(int x, int y, int w, int h, const Color& color);
      |                              ^
libgag/include/SDLGraphicContext.h:642:16: warning: 'drawRect' overrides a member function but is not marked 'override' [-Winconsistent-missing-override]
  642 |                 virtual void drawRect(float x, float y, float w, float h, const Color& color);
      |                              ^
libgag/include/SDLGraphicContext.h:275:16: note: overridden virtual function is here
  275 |                 virtual void drawRect(float x, float y, float w, float h, const Color& color);
      |                              ^
libgag/include/SDLGraphicContext.h:644:16: warning: 'drawFilledRect' overrides a member function but is not marked 'override' [-Winconsistent-missing-override]
  644 |                 virtual void drawFilledRect(int x, int y, int w, int h, const Color& color);
      |                              ^
libgag/include/SDLGraphicContext.h:277:16: note: overridden virtual function is here
  277 |                 virtual void drawFilledRect(int x, int y, int w, int h, const Color& color);
      |                              ^
libgag/include/SDLGraphicContext.h:645:16: warning: 'drawFilledRect' overrides a member function but is not marked 'override' [-Winconsistent-missing-override]
  645 |                 virtual void drawFilledRect(float x, float y, float w, float h, const Color& color);
      |                              ^
libgag/include/SDLGraphicContext.h:278:16: note: overridden virtual function is here
  278 |                 virtual void drawFilledRect(float x, float y, float w, float h, const Color& color);
      |                              ^
libgag/include/SDLGraphicContext.h:647:16: warning: 'drawLine' overrides a member function but is not marked 'override' [-Winconsistent-missing-override]
  647 |                 virtual void drawLine(int x1, int y1, int x2, int y2, const Color& color);
      |                              ^
libgag/include/SDLGraphicContext.h:280:16: note: overridden virtual function is here
  280 |                 virtual void drawLine(int x1, int y1, int x2, int y2, const Color& color);
      |                              ^
libgag/include/SDLGraphicContext.h:648:16: warning: 'drawLine' overrides a member function but is not marked 'override' [-Winconsistent-missing-override]
  648 |                 virtual void drawLine(float x1, float y1, float x2, float y2, const Color& color);
      |                              ^
libgag/include/SDLGraphicContext.h:281:16: note: overridden virtual function is here
  281 |                 virtual void drawLine(float x1, float y1, float x2, float y2, const Color& color);
      |                              ^
libgag/include/SDLGraphicContext.h:650:16: warning: 'drawCircle' overrides a member function but is not marked 'override' [-Winconsistent-missing-override]
  650 |                 virtual void drawCircle(int x, int y, int radius, const Color& color);
      |                              ^
libgag/include/SDLGraphicContext.h:283:16: note: overridden virtual function is here
  283 |                 virtual void drawCircle(int x, int y, int radius, const Color& color);
      |                              ^
libgag/include/SDLGraphicContext.h:651:16: warning: 'drawCircle' overrides a member function but is not marked 'override' [-Winconsistent-missing-override]
  651 |                 virtual void drawCircle(float x, float y, float radius, const Color& color);
      |                              ^
libgag/include/SDLGraphicContext.h:284:16: note: overridden virtual function is here
  284 |                 virtual void drawCircle(float x, float y, float radius, const Color& color);
      |                              ^
libgag/include/SDLGraphicContext.h:653:16: warning: 'drawSurface' overrides a member function but is not marked 'override' [-Winconsistent-missing-override]
  653 |                 virtual void drawSurface(int x, int y, DrawableSurface *surface, Uint8 alpha = Color::ALPHA_OPAQUE);
      |                              ^
libgag/include/SDLGraphicContext.h:286:16: note: overridden virtual function is here
  286 |                 virtual void drawSurface(int x, int y, DrawableSurface *surface, Uint8 alpha = Color::ALPHA_OPAQUE);
      |                              ^
libgag/include/SDLGraphicContext.h:654:16: warning: 'drawSurface' overrides a member function but is not marked 'override' [-Winconsistent-missing-override]
  654 |                 virtual void drawSurface(float x, float y, DrawableSurface *surface, Uint8 alpha = Color::ALPHA_OPAQUE);
      |                              ^
libgag/include/SDLGraphicContext.h:287:16: note: overridden virtual function is here
  287 |                 virtual void drawSurface(float x, float y, DrawableSurface *surface, Uint8 alpha = Color::ALPHA_OPAQUE);
      |                              ^
libgag/include/SDLGraphicContext.h:656:16: warning: 'drawSurface' overrides a member function but is not marked 'override' [-Winconsistent-missing-override]
  656 |                 virtual void drawSurface(int x, int y, int w, int h, DrawableSurface *surface, Uint8 alpha = Color::ALPHA_OPAQUE);
      |                              ^
libgag/include/SDLGraphicContext.h:289:16: note: overridden virtual function is here
  289 |                 virtual void drawSurface(int x, int y, int w, int h, DrawableSurface *surface, Uint8 alpha = Color::ALPHA_OPAQUE);
      |                              ^
libgag/include/SDLGraphicContext.h:657:16: warning: 'drawSurface' overrides a member function but is not marked 'override' [-Winconsistent-missing-override]
  657 |                 virtual void drawSurface(float x, float y, float w, float h, DrawableSurface *surface, Uint8 alpha = Color::ALPHA_OPAQUE);
      |                              ^
libgag/include/SDLGraphicContext.h:290:16: note: overridden virtual function is here
  290 |                 virtual void drawSurface(float x, float y, float w, float h, DrawableSurface *surface, Uint8 alpha = Color::ALPHA_OPAQUE);
      |                              ^
libgag/include/SDLGraphicContext.h:659:16: warning: 'drawSurface' overrides a member function but is not marked 'override' [-Winconsistent-missing-override]
  659 |                 virtual void drawSurface(int x, int y, DrawableSurface *surface, int sx, int sy, int sw, int sh, Uint8 alpha = Color::ALPHA_OPAQUE);
      |                              ^
libgag/include/SDLGraphicContext.h:292:16: note: overridden virtual function is here
  292 |                 virtual void drawSurface(int x, int y, DrawableSurface *surface, int sx, int sy, int sw, int sh, Uint8 alpha = Color::ALPHA_OPAQUE);
      |                              ^
libgag/include/SDLGraphicContext.h:660:16: warning: 'drawSurface' overrides a member function but is not marked 'override' [-Winconsistent-missing-override]
  660 |                 virtual void drawSurface(float x, float y, DrawableSurface *surface, int sx, int sy, int sw, int sh, Uint8 alpha = Color::ALPHA_OPAQUE);
      |                              ^
libgag/include/SDLGraphicContext.h:293:16: note: overridden virtual function is here
  293 |                 virtual void drawSurface(float x, float y, DrawableSurface *surface, int sx, int sy, int sw, int sh, Uint8 alpha = Color::ALPHA_OPAQUE);
      |                              ^
libgag/include/SDLGraphicContext.h:662:16: warning: 'drawSurface' overrides a member function but is not marked 'override' [-Winconsistent-missing-override]
  662 |                 virtual void drawSurface(int x, int y, int w, int h, DrawableSurface *surface, int sx, int sy, int sw, int sh,  Uint8 alpha = Color::ALPHA_OPAQUE);
      |                              ^
libgag/include/SDLGraphicContext.h:295:16: note: overridden virtual function is here
  295 |                 virtual void drawSurface(int x, int y, int w, int h, DrawableSurface *surface, int sx, int sy, int sw, int sh,  Uint8 alpha = Color::ALPHA_OPAQUE);
      |                              ^
libgag/include/SDLGraphicContext.h:663:16: warning: 'drawSurface' overrides a member function but is not marked 'override' [-Winconsistent-missing-override]
  663 |                 virtual void drawSurface(float x, float y, float w, float h, DrawableSurface *surface, int sx, int sy, int sw, int sh, Uint8 alpha = Color::ALPHA_OPAQUE);
      |                              ^
libgag/include/SDLGraphicContext.h:296:16: note: overridden virtual function is here
  296 |                 virtual void drawSurface(float x, float y, float w, float h, DrawableSurface *surface, int sx, int sy, int sw, int sh, Uint8 alpha = Color::ALPHA_OPAQUE);
      |                              ^
libgag/include/SDLGraphicContext.h:692:16: warning: 'drawAlphaMap' overrides a member function but is not marked 'override' [-Winconsistent-missing-override]
  692 |                 virtual void drawAlphaMap(const std::valarray<float> &map, int mapW, int mapH, int x, int y, int cellW, int cellH, const Color &color);
      |                              ^
libgag/include/SDLGraphicContext.h:309:16: note: overridden virtual function is here
  309 |                 virtual void drawAlphaMap(const std::valarray<float> &map, int mapW, int mapH, int x, int y, int cellW, int cellH, const Color &color);
      |                              ^
libgag/include/SDLGraphicContext.h:693:16: warning: 'drawAlphaMap' overrides a member function but is not marked 'override' [-Winconsistent-missing-override]
  693 |                 virtual void drawAlphaMap(const std::valarray<unsigned char> &map, int mapW, int mapH, int x, int y, int cellW, int cellH, const Color &color);
      |                              ^
libgag/include/SDLGraphicContext.h:310:16: note: overridden virtual function is here
  310 |                 virtual void drawAlphaMap(const std::valarray<unsigned char> &map, int mapW, int mapH, int x, int y, int cellW, int cellH, const Color &color);
      |                              ^
libgag/include/SDLGraphicContext.h:696:16: warning: 'drawPixel' overrides a member function but is not marked 'override' [-Winconsistent-missing-override]
  696 |                 virtual void drawPixel(int x, int y, Uint8 r, Uint8 g, Uint8 b, Uint8 a = Color::ALPHA_OPAQUE);
      |                              ^
libgag/include/SDLGraphicContext.h:313:16: note: overridden virtual function is here
  313 |                 virtual void drawPixel(int x, int y, Uint8 r, Uint8 g, Uint8 b, Uint8 a = Color::ALPHA_OPAQUE);
      |                              ^
libgag/include/SDLGraphicContext.h:697:16: warning: 'drawRect' overrides a member function but is not marked 'override' [-Winconsistent-missing-override]
  697 |                 virtual void drawRect(int x, int y, int w, int h, Uint8 r, Uint8 g, Uint8 b, Uint8 a = Color::ALPHA_OPAQUE);
      |                              ^
libgag/include/SDLGraphicContext.h:314:16: note: overridden virtual function is here
  314 |                 virtual void drawRect(int x, int y, int w, int h, Uint8 r, Uint8 g, Uint8 b, Uint8 a = Color::ALPHA_OPAQUE);
      |                              ^
libgag/include/SDLGraphicContext.h:698:16: warning: 'drawFilledRect' overrides a member function but is not marked 'override' [-Winconsistent-missing-override]
  698 |                 virtual void drawFilledRect(int x, int y, int w, int h, Uint8 r, Uint8 g, Uint8 b, Uint8 a = Color::ALPHA_OPAQUE);
      |                              ^
libgag/include/SDLGraphicContext.h:315:16: note: overridden virtual function is here
  315 |                 virtual void drawFilledRect(int x, int y, int w, int h, Uint8 r, Uint8 g, Uint8 b, Uint8 a = Color::ALPHA_OPAQUE);
      |                              ^
libgag/include/SDLGraphicContext.h:699:16: warning: 'drawVertLine' overrides a member function but is not marked 'override' [-Winconsistent-missing-override]
  699 |                 virtual void drawVertLine(int x, int y, int l, Uint8 r, Uint8 g, Uint8 b, Uint8 a = Color::ALPHA_OPAQUE);
      |                              ^
libgag/include/SDLGraphicContext.h:316:16: note: overridden virtual function is here
  316 |                 virtual void drawVertLine(int x, int y, int l, Uint8 r, Uint8 g, Uint8 b, Uint8 a = Color::ALPHA_OPAQUE);
      |                              ^
libgag/include/SDLGraphicContext.h:700:16: warning: 'drawVertLine' overrides a member function but is not marked 'override' [-Winconsistent-missing-override]
  700 |                 virtual void drawVertLine(int x, int y, int l, const Color& color);
      |                              ^
libgag/include/SDLGraphicContext.h:317:16: note: overridden virtual function is here
  317 |                 virtual void drawVertLine(int x, int y, int l, const Color& color);
      |                              ^
libgag/include/SDLGraphicContext.h:701:16: warning: 'drawHorzLine' overrides a member function but is not marked 'override' [-Winconsistent-missing-override]
  701 |                 virtual void drawHorzLine(int x, int y, int l, Uint8 r, Uint8 g, Uint8 b, Uint8 a = Color::ALPHA_OPAQUE);
      |                              ^
libgag/include/SDLGraphicContext.h:318:16: note: overridden virtual function is here
  318 |                 virtual void drawHorzLine(int x, int y, int l, Uint8 r, Uint8 g, Uint8 b, Uint8 a = Color::ALPHA_OPAQUE);
      |                              ^
libgag/include/SDLGraphicContext.h:702:16: warning: 'drawHorzLine' overrides a member function but is not marked 'override' [-Winconsistent-missing-override]
  702 |                 virtual void drawHorzLine(int x, int y, int l, const Color& color);
      |                              ^
libgag/include/SDLGraphicContext.h:319:16: note: overridden virtual function is here
  319 |                 virtual void drawHorzLine(int x, int y, int l, const Color& color);
      |                              ^
libgag/include/SDLGraphicContext.h:703:16: warning: 'drawLine' overrides a member function but is not marked 'override' [-Winconsistent-missing-override]
  703 |                 virtual void drawLine(int x1, int y1, int x2, int y2, Uint8 r, Uint8 g, Uint8 b, Uint8 a = Color::ALPHA_OPAQUE);
      |                              ^
libgag/include/SDLGraphicContext.h:320:16: note: overridden virtual function is here
  320 |                 virtual void drawLine(int x1, int y1, int x2, int y2, Uint8 r, Uint8 g, Uint8 b, Uint8 a = Color::ALPHA_OPAQUE);
      |                              ^
libgag/include/SDLGraphicContext.h:704:16: warning: 'drawCircle' overrides a member function but is not marked 'override' [-Winconsistent-missing-override]
  704 |                 virtual void drawCircle(int x, int y, int radius, Uint8 r, Uint8 g, Uint8 b, Uint8 a = Color::ALPHA_OPAQUE);
      |                              ^
libgag/include/SDLGraphicContext.h:321:16: note: overridden virtual function is here
  321 |                 virtual void drawCircle(int x, int y, int radius, Uint8 r, Uint8 g, Uint8 b, Uint8 a = Color::ALPHA_OPAQUE);
      |                              ^
/home/bradley/.local/share/glob2/development/toolchains/emscripten/Linux-x86_64-88a621bc131cd4954413aa39/upstream/emscripten/em++ -o build/emscripten/client/release/threaded/obj/src/audio/MusicStream.cpp.o -c -std=gnu++20 -fwasm-exceptions -g2 -O2 --use-port=zlib -pthread -DHAVE_CONFIG_H -DGLOB2_OFFICIAL_INSTANCE_ORIGIN=\"https://app.glob2online.com\" -DGLOB2_OFFICIAL_INSTANCE_FORMER_ORIGINS=\"https://glob2online.com\" -Ibuild/emscripten/client/release/threaded/include -Ibuild/emscripten/client/release/threaded/sdl3/prefix/include -Ilibgag/include -I. -Ilibusl/src -Isrc -Isrc/ai -Isrc/hud -Isrc/app -Isrc/game/player -Isrc/team -Isrc/common -Isrc/map -Isrc/game -Isrc/campaign -Isrc/campaign/screens -Isrc/replay -Isrc/game/screens -Isrc/render/clouds -Isrc/ui/screens -Isrc/game/rules -Isrc/game/diagnostics -Isrc/map/editor/screens -Isrc/engine -Isrc/ui -Isrc/map/preview -Isrc/app/cli -Isrc/net/lan/screens -Isrc/online -Isrc/map/tools -Isrc/scripting/map -Isrc/render/overlay -Isrc/audio -Isrc/online/screens -Isrc/game/orders -Isrc/resource -Isrc/ui/settings -Isrc/team/stats -Isrc/render/torus -Isrc/ai/simple -Isrc/ai/castor -Isrc/ai/javascript -Isrc/ai/nicowar -Isrc/ai/numbi -Isrc/ai/telemetry -Isrc/ai/warrush -Isrc/ai/maxima -Isrc/building -Isrc/building/types -Isrc/unit/types -Isrc/building/hud -Isrc/net -Isrc/hud/draw -Isrc/hud/input -Isrc/hud/touch -Isrc/net/turn -Isrc/unit -Isrc/map/editor -Isrc/map/generator -Isrc/map/generator/compatibility -Isrc/map/generator/core -Isrc/map/generator/generators -Isrc/map/generator/shared -Isrc/map/generator/shared/legacy -Isrc/map/gradient -Isrc/map/io -Isrc/net/lan -Isrc/net/message -Isrc/scripting/sgsl -Ithird_party/nlohmann-json/include -Ibuild/emscripten/client/release/threaded/opus/prefix/include -Ibuild/emscripten/client/release/threaded/opus/prefix/include/opus -Ithird_party/quickjs-ng src/audio/MusicStream.cpp
/home/bradley/.local/share/glob2/development/toolchains/emscripten/Linux-x86_64-88a621bc131cd4954413aa39/upstream/emscripten/em++ -o build/emscripten/client/release/index.js --js-library browser/canvas-size.js -fwasm-exceptions -O2 -sLEGACY_GL_EMULATION=1 -sFETCH=1 -sMIN_WEBGL_VERSION=2 -sMAX_WEBGL_VERSION=2 -sALLOW_MEMORY_GROWTH -sINITIAL_MEMORY=134217728 -sSTACK_SIZE=8388608 -sASSERTIONS=1 -sFORCE_FILESYSTEM -lidbfs.js -lwebsocket.js '-sEXPORTED_FUNCTIONS=["_main","_malloc","_free"]' '-sEXPORTED_RUNTIME_METHODS=["callMain","FS"]' --pre-js browser/storage.js --pre-js browser/file-selection.js --pre-js browser/audio.js --pre-js browser/recording.js --pre-js browser/runtime.js --post-js browser/webgl-shaders.js --use-port=zlib --pre-js /home/bradley/.codex/worktrees/b416/glob2/build/emscripten/client/release/asset-manifest.js --pre-js browser/asset-loader.js build/emscripten/client/release/obj/src/ai/castor/Control.cpp.o build/emscripten/client/release/obj/src/ai/castor/GetOrder.cpp.o build/emscripten/client/release/obj/src/ai/castor/Lifecycle.cpp.o build/emscripten/client/release/obj/src/ai/castor/Maps.cpp.o build/emscripten/client/release/obj/src/ai/castor/Placement.cpp.o build/emscripten/client/release/obj/src/ai/castor/Projects.cpp.o build/emscripten/client/release/obj/src/ai/castor/State.cpp.o build/emscripten/client/release/obj/src/ai/maxima/AIMaxima.cpp.o build/emscripten/client/release/obj/src/ai/maxima/AIMaximaState.cpp.o build/emscripten/client/release/obj/src/ai/maxima/AIMaximaCombat.cpp.o build/emscripten/client/release/obj/src/ai/maxima/AIMaximaDefense.cpp.o build/emscripten/client/release/obj/src/ai/maxima/AIMaximaFarming.cpp.o build/emscripten/client/release/obj/src/ai/maxima/AIMaximaFarmingPolicy.cpp.o build/emscripten/client/release/obj/src/ai/maxima/AIMaximaFoodLedger.cpp.o build/emscripten/client/release/obj/src/ai/maxima/AIMaximaPlacement.cpp.o build/emscripten/client/release/obj/src/ai/maxima/AIMaximaRecon.cpp.o build/emscripten/client/release/obj/src/ai/maxima/AIMaximaForceModel.cpp.o build/emscripten/client/release/obj/src/ai/maxima/AIMaximaRuntime.cpp.o build/emscripten/client/release/obj/src/ai/maxima/AIMaximaStrategy.cpp.o build/emscripten/client/release/obj/src/ai/maxima/AIMaximaTactics.cpp.o build/emscripten/client/release/obj/src/ai/AI.cpp.o build/emscripten/client/release/obj/src/ai/telemetry/AITelemetry.cpp.o build/emscripten/client/release/obj/src/ai/telemetry/AITelemetryAdapters.cpp.o build/emscripten/client/release/obj/src/ai/shared_runtime/BuildingOrder.cpp.o build/emscripten/client/release/obj/src/ai/shared_runtime/BuildingRegister.cpp.o build/emscripten/client/release/obj/src/ai/shared_runtime/Conditions.cpp.o build/emscripten/client/release/obj/src/ai/shared_runtime/ConditionsBuilding.cpp.o build/emscripten/client/release/obj/src/ai/shared_runtime/ConditionsPopulation.cpp.o build/emscripten/client/release/obj/src/ai/shared_runtime/ConditionsTracker.cpp.o build/emscripten/client/release/obj/src/ai/shared_runtime/Construction.cpp.o build/emscripten/client/release/obj/src/ai/shared_runtime/ConstructionConstraints.cpp.o build/emscripten/client/release/obj/src/ai/shared_runtime/Runtime.cpp.o build/emscripten/client/release/obj/src/ai/shared_runtime/RuntimeSerialization.cpp.o build/emscripten/client/release/obj/src/ai/shared_runtime/Entities.cpp.o build/emscripten/client/release/obj/src/ai/shared_runtime/EntitiesBuilding.cpp.o build/emscripten/client/release/obj/src/ai/shared_runtime/EntitiesResource.cpp.o build/emscripten/client/release/obj/src/ai/shared_runtime/EntitiesTerrain.cpp.o build/emscripten/client/release/obj/src/ai/shared_runtime/Gradient.cpp.o build/emscripten/client/release/obj/src/ai/shared_runtime/GradientBFS.cpp.o build/emscripten/client/release/obj/src/ai/shared_runtime/Management.cpp.o build/emscripten/client/release/obj/src/ai/shared_runtime/ManagementFlag.cpp.o build/emscripten/client/release/obj/src/ai/shared_runtime/ManagementMisc.cpp.o build/emscripten/client/release/obj/src/ai/shared_runtime/ManagementOrderBase.cpp.o build/emscripten/client/release/obj/src/ai/shared_runtime/ManagementTracker.cpp.o build/emscripten/client/release/obj/src/ai/shared_runtime/MapInfo.cpp.o build/emscripten/client/release/obj/src/ai/shared_runtime/Econo.cpp.o build/emscripten/client/release/obj/src/ai/shared_runtime/EconoBuilding.cpp.o build/emscripten/client/release/obj/src/ai/shared_runtime/EconoFlags.cpp.o build/emscripten/client/release/obj/src/ai/shared_runtime/SearchTools.cpp.o build/emscripten/client/release/obj/src/ai/AINames.cpp.o build/emscripten/client/release/obj/src/ai/nicowar/Attack.cpp.o build/emscripten/client/release/obj/src/ai/nicowar/Buildings.cpp.o build/emscripten/client/release/obj/src/ai/nicowar/Farming.cpp.o build/emscripten/client/release/obj/src/ai/nicowar/Flags.cpp.o build/emscripten/client/release/obj/src/ai/nicowar/Lifecycle.cpp.o build/emscripten/client/release/obj/src/ai/nicowar/Phases.cpp.o build/emscripten/client/release/obj/src/ai/nicowar/Strategy.cpp.o build/emscripten/client/release/obj/src/ai/nicowar/Upgrade.cpp.o build/emscripten/client/release/obj/src/ai/simple/AINull.cpp.o build/emscripten/client/release/obj/src/ai/numbi/AINumbi.cpp.o build/emscripten/client/release/obj/src/ai/numbi/AINumbiEconomy.cpp.o build/emscripten/client/release/obj/src/ai/numbi/AINumbiMilitary.cpp.o build/emscripten/client/release/obj/src/ai/numbi/AINumbiPlacement.cpp.o build/emscripten/client/release/obj/src/ai/warrush/AIWarrush.cpp.o build/emscripten/client/release/obj/src/ai/simple/AICabino.cpp.o build/emscripten/client/release/obj/src/ai/cortex/CortexObservation.cpp.o build/emscripten/client/release/obj/src/ai/cortex/CortexObservationObserve.cpp.o build/emscripten/client/release/obj/src/ai/cortex/CortexPlacement.cpp.o build/emscripten/client/release/obj/src/ai/cortex/CortexPlacementCandidates.cpp.o build/emscripten/client/release/obj/src/ai/cortex/CortexPlacementGeo.cpp.o build/emscripten/client/release/obj/src/ai/cortex/CortexPolicy.cpp.o build/emscripten/client/release/obj/src/ai/cortex/CortexPolicyEconomy.cpp.o build/emscripten/client/release/obj/src/ai/cortex/CortexPolicyTech.cpp.o build/emscripten/client/release/obj/src/ai/cortex/CortexPolicyCombat.cpp.o build/emscripten/client/release/obj/src/ai/cortex/CortexTuning.cpp.o build/emscripten/client/release/obj/src/ai/cortex/CortexWheat.cpp.o build/emscripten/client/release/obj/src/ai/cortex/CortexWater.cpp.o build/emscripten/client/release/obj/src/ai/cortex/CortexNet.cpp.o build/emscripten/client/release/obj/src/ai/cortex/AICortex.cpp.o build/emscripten/client/release/obj/src/ai/cortex/AICortexFlags.cpp.o build/emscripten/client/release/obj/src/ai/cortex/AICortexTranslate.cpp.o build/emscripten/client/release/obj/src/ai/cortex/AICortexDebug.cpp.o build/emscripten/client/release/obj/src/game/player/BasePlayer.cpp.o build/emscripten/client/release/obj/src/team/BaseTeam.cpp.o build/emscripten/client/release/obj/src/common/BitArray.cpp.o build/emscripten/client/release/obj/src/map/Brush.cpp.o build/emscripten/client/release/obj/src/map/BrushCoverage.cpp.o build/emscripten/client/release/obj/src/building/Lifecycle.cpp.o build/emscripten/client/release/obj/src/building/Construction.cpp.o build/emscripten/client/release/obj/src/building/Update.cpp.o build/emscripten/client/release/obj/src/building/Step.cpp.o build/emscripten/client/release/obj/src/building/TypeSteps.cpp.o build/emscripten/client/release/obj/src/building/Misc.cpp.o build/emscripten/client/release/obj/src/building/types/Buildings.cpp.o build/emscripten/client/release/obj/src/building/types/BuildingTypesColony.cpp.o build/emscripten/client/release/obj/src/building/types/BuildingTypesDefence.cpp.o build/emscripten/client/release/obj/src/building/types/BuildingTypesFlags.cpp.o build/emscripten/client/release/obj/src/building/types/BuildingTypesUpgrade.cpp.o build/emscripten/client/release/obj/src/replay/ChecksumSidecar.cpp.o build/emscripten/client/release/obj/src/game/diagnostics/DatasetWriter.cpp.o build/emscripten/client/release/obj/src/building/BuildingUtils.cpp.o build/emscripten/client/release/obj/src/game/Bullet.cpp.o build/emscripten/client/release/obj/src/campaign/Campaign.cpp.o build/emscripten/client/release/obj/src/campaign/screens/CampaignEditor.cpp.o build/emscripten/client/release/obj/src/campaign/screens/CampaignMainMenu.cpp.o build/emscripten/client/release/obj/src/campaign/screens/CampaignMenuScreen.cpp.o build/emscripten/client/release/obj/src/campaign/screens/CampaignSelectorScreen.cpp.o build/emscripten/client/release/obj/src/game/screens/ChooseMapScreen.cpp.o build/emscripten/client/release/obj/src/ui/screens/CreditScreen.cpp.o build/emscripten/client/release/obj/src/game/screens/CustomGameOtherOptions.cpp.o build/emscripten/client/release/obj/src/game/rules/CustomGameRules.cpp.o build/emscripten/client/release/obj/src/game/screens/CustomGameScreen.cpp.o build/emscripten/client/release/obj/src/render/clouds/DynamicClouds.cpp.o build/emscripten/client/release/obj/src/map/editor/screens/EditorMainMenu.cpp.o build/emscripten/client/release/obj/src/game/screens/EndGameScreen.cpp.o build/emscripten/client/release/obj/src/engine/Engine.cpp.o build/emscripten/client/release/obj/src/engine/EngineInit.cpp.o build/emscripten/client/release/obj/src/engine/EngineLoaders.cpp.o build/emscripten/client/release/obj/src/engine/EngineRun.cpp.o build/emscripten/client/release/obj/src/engine/EngineTurnTelemetry.cpp.o build/emscripten/client/release/obj/src/app/cli/Headless.cpp.o build/emscripten/client/release/obj/src/app/cli/RenderSkin.cpp.o build/emscripten/client/release/obj/src/app/cli/VerifyMatch.cpp.o build/emscripten/client/release/obj/src/app/cli/TurnClientCommand.cpp.o build/emscripten/client/release/obj/src/app/cli/MapStudy.cpp.o build/emscripten/client/release/obj/src/map/FertilityCalculator.cpp.o build/emscripten/client/release/obj/src/map/FertilityField.cpp.o build/emscripten/client/release/obj/src/game/Game.cpp.o build/emscripten/client/release/obj/src/game/Game_orders.cpp.o build/emscripten/client/release/obj/src/game/orders/OrderValidation.cpp.o build/emscripten/client/release/obj/src/game/Game_io.cpp.o build/emscripten/client/release/obj/src/game/Game_sync.cpp.o build/emscripten/client/release/obj/src/game/Game_tiling.cpp.o build/emscripten/client/release/obj/src/map/MapTiling.cpp.o build/emscripten/client/release/obj/src/game/Game_editor.cpp.o build/emscripten/client/release/obj/src/render/GameRender.cpp.o build/emscripten/client/release/obj/src/render/GameRenderUnits.cpp.o build/emscripten/client/release/obj/src/render/GameRenderBuildings.cpp.o build/emscripten/client/release/obj/src/render/GameRenderTerrain.cpp.o build/emscripten/client/release/obj/src/render/SoftwareTerrainCache.cpp.o build/emscripten/client/release/obj/src/render/MapOverlayQueue.cpp.o build/emscripten/client/release/obj/src/render/MapRenderState.cpp.o build/emscripten/client/release/obj/src/render/FogFade.cpp.o build/emscripten/client/release/obj/src/render/scene/SceneMap.cpp.o build/emscripten/client/release/obj/src/render/scene/SceneExtract.cpp.o build/emscripten/client/release/obj/src/engine/sim/SimulationRunner.cpp.o build/emscripten/client/release/obj/src/render/GameRenderOverlay.cpp.o build/emscripten/client/release/obj/src/render/GameAnimations.cpp.o build/emscripten/client/release/obj/src/game/GameEvent.cpp.o build/emscripten/client/release/obj/src/building/hud/BuildingGuiState.cpp.o build/emscripten/client/release/obj/src/hud/GameGUI.cpp.o build/emscripten/client/release/obj/src/hud/touch/GameGUITouch.cpp.o build/emscripten/client/release/obj/src/hud/touch/GameGUITouchView.cpp.o build/emscripten/client/release/obj/src/hud/touch/GameGUITouchPalette.cpp.o build/emscripten/client/release/obj/src/hud/touch/GameGUITouchPlacement.cpp.o build/emscripten/client/release/obj/src/hud/GameGUIBuildingActions.cpp.o build/emscripten/client/release/obj/src/hud/touch/GameGUITouchActions.cpp.o build/emscripten/client/release/obj/src/hud/touch/TouchReadout.cpp.o build/emscripten/client/release/obj/src/hud/touch/ThumbSide.cpp.o build/emscripten/client/release/obj/src/hud/touch/TouchDial.cpp.o build/emscripten/client/release/obj/src/hud/BrushHUD.cpp.o build/emscripten/client/release/obj/src/net/ConnectionOverlay.cpp.o build/emscripten/client/release/obj/src/net/turn/TurnMatchPresenter.cpp.o build/emscripten/client/release/obj/src/hud/touch/GameGUITouchLens.cpp.o build/emscripten/client/release/obj/src/hud/touch/GameGUITouchDial.cpp.o build/emscripten/client/release/obj/src/map/editor/PhoneEditor.cpp.o build/emscripten/client/release/obj/src/map/editor/PhoneEditorView.cpp.o build/emscripten/client/release/obj/src/hud/GameGUIDefaultAssignManager.cpp.o build/emscripten/client/release/obj/src/hud/GameGUIDialog.cpp.o build/emscripten/client/release/obj/src/hud/draw/GameGUIDraw.cpp.o build/emscripten/client/release/obj/src/hud/draw/GameGUIDrawChoice.cpp.o build/emscripten/client/release/obj/src/hud/draw/GameGUIDrawUnitInfos.cpp.o build/emscripten/client/release/obj/src/hud/draw/GameGUIDrawBuildingInfos.cpp.o build/emscripten/client/release/obj/src/hud/draw/GameGUIDrawBuildingHelpers.cpp.o build/emscripten/client/release/obj/src/hud/draw/FailureShapes.cpp.o build/emscripten/client/release/obj/src/hud/draw/GameGUIDrawMiscPanels.cpp.o build/emscripten/client/release/obj/src/hud/draw/GameGUIDrawEventFeed.cpp.o build/emscripten/client/release/obj/src/hud/GameGUIGhostBuildingManager.cpp.o build/emscripten/client/release/obj/src/hud/input/GameGUIInput.cpp.o build/emscripten/client/release/obj/src/hud/input/GameGUIInputKey.cpp.o build/emscripten/client/release/obj/src/hud/input/GameGUIInputMenu.cpp.o build/emscripten/client/release/obj/src/hud/input/GameGUIInputMenuClick.cpp.o build/emscripten/client/release/obj/src/hud/input/GameGUIInputMenuClickBuilding.cpp.o build/emscripten/client/release/obj/src/hud/input/GameGUIInputMouse.cpp.o build/emscripten/client/release/obj/src/hud/input/GameGUIKeyActions.cpp.o build/emscripten/client/release/obj/src/hud/LoadSaveDialog.cpp.o build/emscripten/client/release/obj/src/hud/GameGUIMessageManager.cpp.o build/emscripten/client/release/obj/src/hud/GameGUIOrders.cpp.o build/emscripten/client/release/obj/src/audio/GameMusicController.cpp.o build/emscripten/client/release/obj/src/hud/draw/GameGUIParticles.cpp.o build/emscripten/client/release/obj/src/hud/GameGUIPersistence.cpp.o build/emscripten/client/release/obj/src/hud/GameGUIScript.cpp.o build/emscripten/client/release/obj/src/hud/GameGUISelection.cpp.o build/emscripten/client/release/obj/src/hud/GameGUIStep.cpp.o build/emscripten/client/release/obj/src/hud/GameGUIToolManager.cpp.o build/emscripten/client/release/obj/src/hud/TeamDisplay.cpp.o build/emscripten/client/release/obj/src/unit/UnitDisplayNames.cpp.o build/emscripten/client/release/obj/src/game/ExperimentalFeatures.cpp.o build/emscripten/client/release/obj/src/game/GameHeader.cpp.o build/emscripten/client/release/obj/src/game/GameHints.cpp.o build/emscripten/client/release/obj/src/game/GameObjectives.cpp.o build/emscripten/client/release/obj/src/game/GameUtilities.cpp.o build/emscripten/client/release/obj/src/app/Glob2.cpp.o build/emscripten/client/release/obj/src/app/cli/MapCommand.cpp.o build/emscripten/client/release/obj/src/map/preview/MapRender.cpp.o build/emscripten/client/release/obj/src/game/diagnostics/GameDiagnostics.cpp.o build/emscripten/client/release/obj/src/map/tools/MapImage.cpp.o build/emscripten/client/release/obj/src/map/tools/MapReport.cpp.o build/emscripten/client/release/obj/src/ui/FrontendUI.cpp.o build/emscripten/client/release/obj/src/ui/ThemeCatalog.cpp.o build/emscripten/client/release/obj/src/ui/ThemePainters.cpp.o build/emscripten/client/release/obj/src/ui/OnlineUI.cpp.o build/emscripten/client/release/obj/src/ui/MapPictures.cpp.o build/emscripten/client/release/obj/src/ui/FileListing.cpp.o build/emscripten/client/release/obj/src/ui/Glob2Style.cpp.o build/emscripten/client/release/obj/src/ui/FrontendTheme.cpp.o build/emscripten/client/release/obj/src/ui/MenuColony.cpp.o build/emscripten/client/release/obj/src/app/GlobalContainer.cpp.o build/emscripten/client/release/obj/src/app/GlobalContainerArgs.cpp.o build/emscripten/client/release/obj/src/map/preview/GUIMapPreview.cpp.o build/emscripten/client/release/obj/src/building/IntBuildingType.cpp.o build/emscripten/client/release/obj/src/ui/KeyboardManager.cpp.o build/emscripten/client/release/obj/src/net/lan/screens/LANFindScreen.cpp.o build/emscripten/client/release/obj/src/online/screens/QuickMatchScreen.cpp.o build/emscripten/client/release/obj/src/online/screens/OnlineProfileScreen.cpp.o build/emscripten/client/release/obj/src/online/screens/OnlineMapsScreen.cpp.o build/emscripten/client/release/obj/src/net/lan/screens/LANMenuScreen.cpp.o build/emscripten/client/release/obj/src/game/screens/LandscapePickerScreen.cpp.o build/emscripten/client/release/obj/src/map/preview/LandscapePreviewer.cpp.o build/emscripten/client/release/obj/src/game/screens/StartQualityScreen.cpp.o build/emscripten/client/release/obj/src/ui/screens/MainMenuScreen.cpp.o build/emscripten/client/release/obj/src/map/Map.cpp.o build/emscripten/client/release/obj/src/map/MapTile.cpp.o build/emscripten/client/release/obj/src/map/generator/compatibility/LegacyGenerationDescriptor.cpp.o build/emscripten/client/release/obj/src/map/generator/MapHomogen.cpp.o build/emscripten/client/release/obj/src/map/generator/core/GenerationContext.cpp.o build/emscripten/client/release/obj/src/map/generator/core/GenerationService.cpp.o build/emscripten/client/release/obj/src/map/generator/core/GenerationValidation.cpp.o build/emscripten/client/release/obj/src/map/generator/core/GeneratorControls.cpp.o build/emscripten/client/release/obj/src/map/generator/core/GeneratorRegistry.cpp.o build/emscripten/client/release/obj/src/map/generator/generators/CityStatesGenerator.cpp.o build/emscripten/client/release/obj/src/map/generator/generators/ConcreteIslandsGenerator.cpp.o build/emscripten/client/release/obj/src/map/generator/generators/ContestedCommonsGenerator.cpp.o build/emscripten/client/release/obj/src/map/generator/generators/MazeGenerator.cpp.o build/emscripten/client/release/obj/src/map/generator/generators/CraterLakesGenerator.cpp.o build/emscripten/client/release/obj/src/map/generator/generators/EvergladesGenerator.cpp.o build/emscripten/client/release/obj/src/map/generator/generators/FjordContinentGenerator.cpp.o build/emscripten/client/release/obj/src/map/generator/generators/IslandsGenerator.cpp.o build/emscripten/client/release/obj/src/map/generator/generators/IslesGenerator.cpp.o build/emscripten/client/release/obj/src/map/generator/generators/RingWorldGenerator.cpp.o build/emscripten/client/release/obj/src/map/generator/generators/RiverGenerator.cpp.o build/emscripten/client/release/obj/src/map/generator/generators/RuggedArchipelagoGenerator.cpp.o build/emscripten/client/release/obj/src/map/generator/generators/ShatteredCoastGenerator.cpp.o build/emscripten/client/release/obj/src/map/generator/generators/StoneHighlandsGenerator.cpp.o build/emscripten/client/release/obj/src/map/generator/generators/SpiderWebGenerator.cpp.o build/emscripten/client/release/obj/src/map/generator/generators/CoralGenerator.cpp.o build/emscripten/client/release/obj/src/map/generator/generators/AmphitheatreGenerator.cpp.o build/emscripten/client/release/obj/src/map/generator/generators/CarouselGenerator.cpp.o build/emscripten/client/release/obj/src/map/generator/generators/SwitchbacksGenerator.cpp.o build/emscripten/client/release/obj/src/map/generator/generators/SwampGenerator.cpp.o build/emscripten/client/release/obj/src/map/generator/generators/SymmetricArenaGenerator.cpp.o build/emscripten/client/release/obj/src/map/generator/generators/TidalFlatsGenerator.cpp.o build/emscripten/client/release/obj/src/map/generator/generators/UniformGenerator.cpp.o build/emscripten/client/release/obj/src/map/generator/generators/WatershedGenerator.cpp.o build/emscripten/client/release/obj/src/map/generator/generators/LastTreelineGenerator.cpp.o build/emscripten/client/release/obj/src/map/generator/generators/BastionKeysGenerator.cpp.o build/emscripten/client/release/obj/src/map/generator/generators/DrownedForestGenerator.cpp.o build/emscripten/client/release/obj/src/map/generator/generators/WhoAteTheMapGenerator.cpp.o build/emscripten/client/release/obj/src/map/generator/generators/HungryMarchesGenerator.cpp.o build/emscripten/client/release/obj/src/map/generator/generators/CombGenerator.cpp.o build/emscripten/client/release/obj/src/map/generator/generators/EvenGroundGenerator.cpp.o build/emscripten/client/release/obj/src/map/generator/generators/MarchlandGenerator.cpp.o build/emscripten/client/release/obj/src/map/generator/generators/EncircledKingdomGenerator.cpp.o build/emscripten/client/release/obj/src/map/generator/generators/OrchardCommonsGenerator.cpp.o build/emscripten/client/release/obj/src/map/generator/generators/GauntletGenerator.cpp.o build/emscripten/client/release/obj/src/map/generator/generators/FaultedCityGenerator.cpp.o build/emscripten/client/release/obj/src/map/generator/generators/HiddenOasisGenerator.cpp.o build/emscripten/client/release/obj/src/map/generator/generators/PortageLakesGenerator.cpp.o build/emscripten/client/release/obj/src/map/generator/generators/CentralQuarryGenerator.cpp.o build/emscripten/client/release/obj/src/map/generator/generators/BajadaGenerator.cpp.o build/emscripten/client/release/obj/src/map/generator/generators/KarstTowersGenerator.cpp.o build/emscripten/client/release/obj/src/map/generator/generators/HoneycombIsleGenerator.cpp.o build/emscripten/client/release/obj/src/map/generator/generators/EmojiGenerator.cpp.o build/emscripten/client/release/obj/src/map/generator/generators/BraidedRiverGenerator.cpp.o build/emscripten/client/release/obj/src/map/generator/generators/FortsGenerator.cpp.o build/emscripten/client/release/obj/src/map/generator/generators/BraidedDeltaGenerator.cpp.o build/emscripten/client/release/obj/src/map/generator/generators/BreachableHighlandsGenerator.cpp.o build/emscripten/client/release/obj/src/map/generator/generators/HedgerowCountryGenerator.cpp.o build/emscripten/client/release/obj/src/map/generator/generators/DrumlinFieldGenerator.cpp.o build/emscripten/client/release/obj/src/map/generator/generators/ContinentsGenerator.cpp.o build/emscripten/client/release/obj/src/map/generator/generators/SavannahGenerator.cpp.o build/emscripten/client/release/obj/src/map/generator/generators/HillsGenerator.cpp.o build/emscripten/client/release/obj/src/map/generator/generators/RiceTerracesGenerator.cpp.o build/emscripten/client/release/obj/src/map/generator/generators/LocustGenerator.cpp.o build/emscripten/client/release/obj/src/map/generator/generators/PlantationsGenerator.cpp.o build/emscripten/client/release/obj/src/map/generator/generators/HilbertRiverGenerator.cpp.o build/emscripten/client/release/obj/src/map/generator/generators/FractalMapSupport.cpp.o build/emscripten/client/release/obj/src/map/generator/generators/SierpinskiGardensGenerator.cpp.o build/emscripten/client/release/obj/src/map/generator/generators/LavaShieldGenerator.cpp.o build/emscripten/client/release/obj/src/map/generator/generators/AnthillGenerator.cpp.o build/emscripten/client/release/obj/src/map/generator/generators/OldTownGenerator.cpp.o build/emscripten/client/release/obj/src/map/generator/generators/PolderGenerator.cpp.o build/emscripten/client/release/obj/src/map/generator/generators/CanalsGenerator.cpp.o build/emscripten/client/release/obj/src/map/generator/generators/OldGrowthGenerator.cpp.o build/emscripten/client/release/obj/src/map/generator/generators/RainShadowGenerator.cpp.o build/emscripten/client/release/obj/src/map/generator/generators/FingerprintGenerator.cpp.o build/emscripten/client/release/obj/src/map/generator/generators/GlacisGenerator.cpp.o build/emscripten/client/release/obj/src/map/generator/generators/AllotmentsGenerator.cpp.o build/emscripten/client/release/obj/src/map/generator/generators/CaravanseraiGenerator.cpp.o build/emscripten/client/release/obj/src/map/generator/shared/legacy/Distances.cpp.o build/emscripten/client/release/obj/src/map/generator/shared/HeightMap.cpp.o build/emscripten/client/release/obj/src/map/generator/shared/Noise.cpp.o build/emscripten/client/release/obj/src/map/generator/shared/BalancedStarts.cpp.o build/emscripten/client/release/obj/src/map/generator/shared/RecursiveGeometry.cpp.o build/emscripten/client/release/obj/src/map/generator/shared/Rivers.cpp.o build/emscripten/client/release/obj/src/map/generator/shared/HierarchicalCrossings.cpp.o build/emscripten/client/release/obj/src/map/generator/shared/Drawing.cpp.o build/emscripten/client/release/obj/src/map/generator/shared/Geometry.cpp.o build/emscripten/client/release/obj/src/map/generator/shared/Grid.cpp.o build/emscripten/client/release/obj/src/map/generator/shared/WalkBandStarts.cpp.o build/emscripten/client/release/obj/src/map/generator/shared/Walls.cpp.o build/emscripten/client/release/obj/src/map/generator/shared/Farmland.cpp.o build/emscripten/client/release/obj/src/map/generator/shared/Towers.cpp.o build/emscripten/client/release/obj/src/map/generator/shared/WorldAtlas.cpp.o build/emscripten/client/release/obj/src/map/generator/shared/WorldAtlasData.cpp.o build/emscripten/client/release/obj/src/map/generator/shared/Raster.cpp.o build/emscripten/client/release/obj/src/map/generator/shared/Landmass.cpp.o build/emscripten/client/release/obj/src/map/generator/shared/Tessellation.cpp.o build/emscripten/client/release/obj/src/map/generator/shared/GraphMaze.cpp.o build/emscripten/client/release/obj/src/map/generator/shared/Orbits.cpp.o build/emscripten/client/release/obj/src/map/generator/shared/Morphology.cpp.o build/emscripten/client/release/obj/src/map/generator/shared/Growth.cpp.o build/emscripten/client/release/obj/src/map/generator/shared/Contact.cpp.o build/emscripten/client/release/obj/src/map/generator/shared/Points.cpp.o build/emscripten/client/release/obj/src/map/generator/shared/Patterns.cpp.o build/emscripten/client/release/obj/src/map/generator/shared/Channels.cpp.o build/emscripten/client/release/obj/src/map/generator/shared/Room.cpp.o build/emscripten/client/release/obj/src/map/generator/shared/Biomes.cpp.o build/emscripten/client/release/obj/src/map/generator/shared/LatticeNoise.cpp.o build/emscripten/client/release/obj/src/map/generator/shared/Pipeline.cpp.o build/emscripten/client/release/obj/src/map/generator/shared/ClearingLandscape.cpp.o build/emscripten/client/release/obj/src/map/generator/shared/Planting.cpp.o build/emscripten/client/release/obj/src/map/generator/shared/Roads.cpp.o build/emscripten/client/release/obj/src/map/generator/shared/Sketch.cpp.o build/emscripten/client/release/obj/src/map/generator/shared/Solve.cpp.o build/emscripten/client/release/obj/src/map/generator/shared/Topology.cpp.o build/emscripten/client/release/obj/src/map/generator/shared/Settlements.cpp.o build/emscripten/client/release/obj/src/map/generator/shared/ScoredSettlements.cpp.o build/emscripten/client/release/obj/src/map/generator/shared/legacy/Regions.cpp.o build/emscripten/client/release/obj/src/map/generator/shared/Resources.cpp.o build/emscripten/client/release/obj/src/map/generator/shared/legacy/StartingPositions.cpp.o build/emscripten/client/release/obj/src/map/generator/shared/StartDiagnostics.cpp.o build/emscripten/client/release/obj/src/map/generator/shared/StartQuality.cpp.o build/emscripten/client/release/obj/src/map/generator/shared/Terrain.cpp.o build/emscripten/client/release/obj/src/map/gradient/BuildingGradientSearch.cpp.o build/emscripten/client/release/obj/src/map/gradient/MapGradientArea.cpp.o build/emscripten/client/release/obj/src/map/gradient/MapGradientBuilding.cpp.o build/emscripten/client/release/obj/src/map/gradient/MapGradientChamfer.cpp.o build/emscripten/client/release/obj/src/map/gradient/MapGradientDirection.cpp.o build/emscripten/client/release/obj/src/map/gradient/MapGradientPropagation.cpp.o build/emscripten/client/release/obj/src/map/gradient/MapGradientResource.cpp.o build/emscripten/client/release/obj/src/map/io/MapExploredAreaIO.cpp.o build/emscripten/client/release/obj/src/map/io/MapIO.cpp.o build/emscripten/client/release/obj/src/map/MapMisc.cpp.o build/emscripten/client/release/obj/src/map/pathfind/MapPathfindArea.cpp.o build/emscripten/client/release/obj/src/map/pathfind/MapPathfindPoint.cpp.o build/emscripten/client/release/obj/src/map/pathfind/MapPathfindBuilding.cpp.o build/emscripten/client/release/obj/src/map/pathfind/MapPathfindRessource.cpp.o build/emscripten/client/release/obj/src/map/MapQuery.cpp.o build/emscripten/client/release/obj/src/map/MapResources.cpp.o build/emscripten/client/release/obj/src/map/MapStep.cpp.o build/emscripten/client/release/obj/src/map/MapTerrain.cpp.o build/emscripten/client/release/obj/src/render/MapView.cpp.o build/emscripten/client/release/obj/src/map/editor/Widgets.cpp.o build/emscripten/client/release/obj/src/map/editor/WidgetsTools.cpp.o build/emscripten/client/release/obj/src/map/editor/WidgetsUnit.cpp.o build/emscripten/client/release/obj/src/map/editor/WidgetsBuilding.cpp.o build/emscripten/client/release/obj/src/map/editor/MapEditCtor.cpp.o build/emscripten/client/release/obj/src/map/editor/MapEditIO.cpp.o build/emscripten/client/release/obj/src/map/editor/MapEditDraw.cpp.o build/emscripten/client/release/obj/src/map/editor/MapEditEvents.cpp.o build/emscripten/client/release/obj/src/map/editor/MapEditAction.cpp.o build/emscripten/client/release/obj/src/map/editor/MapEditActionView.cpp.o build/emscripten/client/release/obj/src/map/editor/MapEditActionTerrain.cpp.o build/emscripten/client/release/obj/src/map/editor/MapEditActionUnit.cpp.o build/emscripten/client/release/obj/src/map/editor/MapEditActionBuilding.cpp.o build/emscripten/client/release/obj/src/map/editor/MapEditDelegate.cpp.o build/emscripten/client/release/obj/src/map/editor/MapEditClicks.cpp.o build/emscripten/client/release/obj/src/map/editor/MapEditDialog.cpp.o build/emscripten/client/release/obj/src/map/editor/MapEditKeyActions.cpp.o build/emscripten/client/release/obj/src/map/io/MapHeader.cpp.o build/emscripten/client/release/obj/src/scripting/javascript/ScriptValue.cpp.o build/emscripten/client/release/obj/src/scripting/javascript/ScriptRuntime.cpp.o build/emscripten/client/release/obj/src/hive/HiveWorker.cpp.o build/emscripten/client/release/obj/src/hive/HiveClient.cpp.o build/emscripten/client/release/obj/src/hive/HiveObservation.cpp.o build/emscripten/client/release/obj/src/hive/HiveDialog.cpp.o build/emscripten/client/release/obj/src/scripting/javascript/ScriptObservations.cpp.o build/emscripten/client/release/obj/src/scripting/javascript/ScriptOrders.cpp.o build/emscripten/client/release/obj/src/scripting/javascript/ScriptServices.cpp.o build/emscripten/client/release/obj/src/scripting/javascript/ScriptSpatial.cpp.o build/emscripten/client/release/obj/src/scripting/javascript/JavaScriptMap.cpp.o build/emscripten/client/release/obj/src/scripting/javascript/ScriptCommand.cpp.o build/emscripten/client/release/obj/src/ai/javascript/ScriptLibrary.cpp.o build/emscripten/client/release/obj/src/ui/settings/SettingsScreenCustomAIs.cpp.o build/emscripten/client/release/obj/src/ai/javascript/AIJavaScript.cpp.o build/emscripten/client/release/obj/src/scripting/map/MapScript.cpp.o build/emscripten/client/release/obj/src/scripting/map/MapScriptError.cpp.o build/emscripten/client/release/obj/src/scripting/map/MapScriptUSL.cpp.o build/emscripten/client/release/obj/src/map/io/MapThumbnail.cpp.o build/emscripten/client/release/obj/src/render/overlay/MarkManager.cpp.o build/emscripten/client/release/obj/src/render/Minimap.cpp.o build/emscripten/client/release/obj/src/net/NetBroadcaster.cpp.o build/emscripten/client/release/obj/src/net/NetBroadcastListener.cpp.o build/emscripten/client/release/obj/src/net/NetConnection.cpp.o build/emscripten/client/release/obj/src/net/NetEngine.cpp.o build/emscripten/client/release/obj/src/net/NetListener.cpp.o build/emscripten/client/release/obj/src/net/message/NetMessage.cpp.o build/emscripten/client/release/obj/src/net/message/MessageRecipients.cpp.o build/emscripten/client/release/obj/src/net/message/OrderMessages.cpp.o build/emscripten/client/release/obj/src/net/turn/JitterBuffer.cpp.o build/emscripten/client/release/obj/src/net/turn/MatchRecord.cpp.o build/emscripten/client/release/obj/src/net/turn/TurnMessages.cpp.o build/emscripten/client/release/obj/src/net/turn/TurnSequencer.cpp.o build/emscripten/client/release/obj/src/net/turn/TurnLockstep.cpp.o build/emscripten/client/release/obj/src/net/turn/TurnSession.cpp.o build/emscripten/client/release/obj/src/net/turn/TurnTelemetry.cpp.o build/emscripten/client/release/obj/src/map/editor/screens/NewMapScreen.cpp.o build/emscripten/client/release/obj/src/game/orders/Order.cpp.o build/emscripten/client/release/obj/src/game/orders/OrderBuilding.cpp.o build/emscripten/client/release/obj/src/game/orders/OrderModify.cpp.o build/emscripten/client/release/obj/src/game/orders/OrderMisc.cpp.o build/emscripten/client/release/obj/src/render/overlay/OverlayAreas.cpp.o build/emscripten/client/release/obj/src/team/stats/TeamStatChart.cpp.o build/emscripten/client/release/obj/src/team/stats/MetricCatalog.cpp.o build/emscripten/client/release/obj/src/team/stats/MetricSeries.cpp.o build/emscripten/client/release/obj/src/render/overlay/OverlayFill.cpp.o build/emscripten/client/release/obj/src/game/player/Player.cpp.o build/emscripten/client/release/obj/src/unit/types/Race.cpp.o build/emscripten/client/release/obj/src/replay/ReplayReader.cpp.o build/emscripten/client/release/obj/src/replay/ReplayWriter.cpp.o build/emscripten/client/release/obj/src/replay/ReplayTelemetry.cpp.o build/emscripten/client/release/obj/src/resource/Ressource.cpp.o build/emscripten/client/release/obj/src/game/rules/RulesetCatalog.cpp.o build/emscripten/client/release/obj/src/game/rules/TeamLayout.cpp.o build/emscripten/client/release/obj/src/resource/Resources.cpp.o build/emscripten/client/release/obj/src/scripting/map/ScriptEditorScreen.cpp.o build/emscripten/client/release/obj/src/game/Sector.cpp.o build/emscripten/client/release/obj/src/app/Settings.cpp.o build/emscripten/client/release/obj/src/app/SystemLanguage.cpp.o build/emscripten/client/release/obj/src/render/torus/TorusView.cpp.o build/emscripten/client/release/obj/src/render/torus/TorusViewRender.cpp.o build/emscripten/client/release/obj/src/hud/GameGUITorus.cpp.o build/emscripten/client/release/obj/src/ui/settings/SettingsScreen.cpp.o build/emscripten/client/release/obj/src/ui/screens/RecordingFilesScreen.cpp.o build/emscripten/client/release/obj/src/ui/settings/SettingsScreenGeneral.cpp.o build/emscripten/client/release/obj/src/ui/settings/SettingsScreenBuildings.cpp.o build/emscripten/client/release/obj/src/ui/settings/SettingsScreenKeyboard.cpp.o build/emscripten/client/release/obj/src/ui/settings/SettingsScreenOnline.cpp.o build/emscripten/client/release/obj/src/ui/settings/SettingsScreenRecording.cpp.o build/emscripten/client/release/obj/src/scripting/sgsl/Lexer.cpp.o build/emscripten/client/release/obj/src/scripting/sgsl/Parser.cpp.o build/emscripten/client/release/obj/src/scripting/sgsl/ParserSummon.cpp.o build/emscripten/client/release/obj/src/scripting/sgsl/ParserWait.cpp.o build/emscripten/client/release/obj/src/scripting/sgsl/SGSL.cpp.o build/emscripten/client/release/obj/src/scripting/sgsl/StoryActions.cpp.o build/emscripten/client/release/obj/src/scripting/sgsl/StoryConditions.cpp.o build/emscripten/client/release/obj/src/scripting/sgsl/StoryExecute.cpp.o build/emscripten/client/release/obj/src/render/clouds/SimplexNoise.cpp.o build/emscripten/client/release/obj/src/audio/PlayerVoice.cpp.o build/emscripten/client/release/obj/src/audio/SoundMixer.cpp.o build/emscripten/client/release/obj/src/audio/MusicStream.cpp.o build/emscripten/client/release/obj/src/audio/MusicProducer.cpp.o build/emscripten/client/release/obj/src/audio/MusicLibrary.cpp.o build/emscripten/client/release/obj/src/ui/screens/MusicLibraryScreen.cpp.o build/emscripten/client/release/obj/src/ui/screens/MusicSetScreen.cpp.o build/emscripten/client/release/obj/src/ui/screens/MusicImportScreen.cpp.o build/emscripten/client/release/obj/src/team/Team.cpp.o build/emscripten/client/release/obj/src/team/TeamSerialization.cpp.o build/emscripten/client/release/obj/src/team/TeamLists.cpp.o build/emscripten/client/release/obj/src/team/TeamRouting.cpp.o build/emscripten/client/release/obj/src/team/TeamStep.cpp.o build/emscripten/client/release/obj/src/team/stats/TeamStat.cpp.o build/emscripten/client/release/obj/src/unit/Unit.cpp.o build/emscripten/client/release/obj/src/unit/UnitAction.cpp.o build/emscripten/client/release/obj/src/unit/UnitActivity.cpp.o build/emscripten/client/release/obj/src/unit/UnitDisplacement.cpp.o build/emscripten/client/release/obj/src/unit/UnitGeometry.cpp.o build/emscripten/client/release/obj/src/unit/UnitMedical.cpp.o build/emscripten/client/release/obj/src/unit/UnitMovement.cpp.o build/emscripten/client/release/obj/src/unit/UnitSerialization.cpp.o build/emscripten/client/release/obj/src/unit/render/UnitSkin.cpp.o build/emscripten/client/release/obj/src/unit/render/ColonySkinPreview.cpp.o build/emscripten/client/release/obj/src/unit/UnitStats.cpp.o build/emscripten/client/release/obj/src/unit/types/UnitType.cpp.o build/emscripten/client/release/obj/src/unit/UnitUtils.cpp.o build/emscripten/client/release/obj/src/common/Utilities.cpp.o build/emscripten/client/release/obj/src/team/stats/WinProbability.cpp.o build/emscripten/client/release/obj/src/game/WinningConditions.cpp.o build/emscripten/client/release/obj/src/app/Application.cpp.o build/emscripten/client/release/obj/src/map/editor/screens/MapEditorScreen.cpp.o build/emscripten/client/release/obj/src/ui/screens/MessageScreen.cpp.o build/emscripten/client/release/obj/src/map/editor/screens/EditorLoadScreen.cpp.o build/emscripten/client/release/obj/src/map/editor/screens/EditorGenerateScreen.cpp.o build/emscripten/client/release/obj/src/game/screens/GameSessionScreen.cpp.o build/emscripten/client/release/obj/src/game/screens/GameLoadScreen.cpp.o build/emscripten/client/release/obj/src/ui/screens/FileImport.cpp.o build/emscripten/client/release/obj/src/game/screens/SinglePlayerFlow.cpp.o build/emscripten/client/release/obj/src/map/editor/screens/FertilityScreen.cpp.o build/emscripten/client/release/obj/src/net/lan/screens/LANSessionScreen.cpp.o build/emscripten/client/release/obj/src/net/lan/LanClient.cpp.o build/emscripten/client/release/obj/src/net/lan/LanHost.cpp.o build/emscripten/client/release/obj/src/net/lan/LanProtocol.cpp.o build/emscripten/client/release/obj/src/net/lan/LanRoom.cpp.o build/emscripten/client/release/obj/src/game/screens/MatchStartScreen.cpp.o build/emscripten/client/release/obj/src/online/screens/OnlineHubScreen.cpp.o build/emscripten/client/release/obj/src/online/screens/RoomMapPickerScreen.cpp.o build/emscripten/client/release/obj/src/online/screens/RoomScreen.cpp.o build/emscripten/client/release/obj/src/net/NetWait.cpp.o build/emscripten/client/release/obj/src/net/NetworkConfig.cpp.o build/emscripten/client/release/obj/src/online/HttpFetchCommon.cpp.o build/emscripten/client/release/obj/src/online/InstanceConfig.cpp.o build/emscripten/client/release/obj/src/online/InviteLink.cpp.o build/emscripten/client/release/obj/src/online/MapCache.cpp.o build/emscripten/client/release/obj/src/online/MapCatalog.cpp.o build/emscripten/client/release/obj/src/online/MatchSetup.cpp.o build/emscripten/client/release/obj/src/online/MemoryStorage.cpp.o build/emscripten/client/release/obj/src/online/OnlineHandoff.cpp.o build/emscripten/client/release/obj/src/online/OnlineMatch.cpp.o build/emscripten/client/release/obj/src/online/OnlineResources.cpp.o build/emscripten/client/release/obj/src/online/OnlineServices.cpp.o build/emscripten/client/release/obj/src/online/PlatformClient.cpp.o build/emscripten/client/release/obj/src/online/PlatformClientNative.cpp.o build/emscripten/client/release/obj/src/online/PlatformProtocol.cpp.o build/emscripten/client/release/obj/src/online/PlatformRoom.cpp.o build/emscripten/client/release/obj/src/online/RelayTransport.cpp.o build/emscripten/client/release/obj/src/online/QuickMatch.cpp.o build/emscripten/client/release/obj/src/online/QuickMatchShared.cpp.o build/emscripten/client/release/obj/src/online/RelayProbe.cpp.o build/emscripten/client/release/obj/src/online/RoomSetup.cpp.o build/emscripten/client/release/obj/src/online/Sha256.cpp.o build/emscripten/client/release/obj/src/online/SkinAuthorization.cpp.o build/emscripten/client/release/obj/src/online/SkinDownloads.cpp.o build/emscripten/client/release/obj/src/online/SkinSpriteManifest.cpp.o build/emscripten/client/release/obj/src/online/SkinSprites.cpp.o build/emscripten/client/release/obj/src/online/ReplayAppearance.cpp.o build/emscripten/client/release/obj/src/online/SimVersion.cpp.o build/emscripten/client/release/obj/src/online/UserDirectoryStorage.cpp.o build/emscripten/client/release/obj/libgag/src/AssetLoader.cpp.o build/emscripten/client/release/obj/libgag/src/SpriteLoad.cpp.o build/emscripten/client/release/obj/libgag/src/GameplayRecording.cpp.o build/emscripten/client/release/obj/libgag/src/RecordingMetadata.cpp.o build/emscripten/client/release/obj/libgag/src/RecordingFiles.cpp.o build/emscripten/client/release/obj/libgag/src/PerformanceTelemetry.cpp.o build/emscripten/client/release/obj/libgag/src/BackgroundFileWriter.cpp.o build/emscripten/client/release/obj/libgag/src/Sha1.cpp.o build/emscripten/client/release/obj/libgag/src/RenderBackend.cpp.o build/emscripten/client/release/obj/libgag/src/SoftwareRenderBackend.cpp.o build/emscripten/client/release/obj/libgag/src/SurfaceRaster.cpp.o build/emscripten/client/release/obj/libgag/src/SoftwareFramePresenter.cpp.o build/emscripten/client/release/obj/libgag/src/GraphicContextMobile.cpp.o build/emscripten/client/release/obj/libgag/src/BinaryStream.cpp.o build/emscripten/client/release/obj/libgag/src/CursorManager.cpp.o build/emscripten/client/release/obj/libgag/src/FileManager.cpp.o build/emscripten/client/release/obj/libgag/src/FileManagerAtomic.cpp.o build/emscripten/client/release/obj/libgag/src/FileManagerGzip.cpp.o build/emscripten/client/release/obj/libgag/src/FormatableString.cpp.o build/emscripten/client/release/obj/libgag/src/GraphicContext.cpp.o build/emscripten/client/release/obj/libgag/src/GraphicContextResize.cpp.o build/emscripten/client/release/obj/libgag/src/GraphicContextDraw.cpp.o build/emscripten/client/release/obj/libgag/src/GraphicContextCompound.cpp.o build/emscripten/client/release/obj/libgag/src/GraphicContextUnitShader.cpp.o build/emscripten/client/release/obj/libgag/src/GraphicContextSkinMesh.cpp.o build/emscripten/client/release/obj/libgag/src/SkinMesh.cpp.o build/emscripten/client/release/obj/libgag/src/MapGeometryCache.cpp.o build/emscripten/client/release/obj/libgag/src/RenderBatch.cpp.o build/emscripten/client/release/obj/libgag/src/DrawableSurface.cpp.o build/emscripten/client/release/obj/libgag/src/DrawableSurfaceDraw.cpp.o build/emscripten/client/release/obj/libgag/src/DrawableSurfaceCompound.cpp.o build/emscripten/client/release/obj/libgag/src/GUIBase.cpp.o build/emscripten/client/release/obj/libgag/src/GUIStyle.cpp.o build/emscripten/client/release/obj/libgag/src/KeyPress.cpp.o build/emscripten/client/release/obj/libgag/src/Sprite.cpp.o build/emscripten/client/release/obj/libgag/src/StreamBackend.cpp.o build/emscripten/client/release/obj/libgag/src/Stream.cpp.o build/emscripten/client/release/obj/libgag/src/StringTable.cpp.o build/emscripten/client/release/obj/libgag/src/SupportFunctions.cpp.o build/emscripten/client/release/obj/libgag/src/TextStream.cpp.o build/emscripten/client/release/obj/libgag/src/Toolkit.cpp.o build/emscripten/client/release/obj/libgag/src/TrueTypeFont.cpp.o build/emscripten/client/release/obj/libgag/src/BidiText.cpp.o build/emscripten/client/release/obj/libgag/src/win32_dirent.cpp.o build/emscripten/client/release/obj/libgag/src/TextSort.cpp.o build/emscripten/client/release/obj/libgag/src/ScreenStack.cpp.o build/emscripten/client/release/obj/libgag/src/ScrollPhysics.cpp.o build/emscripten/client/release/obj/libgag/src/GestureScroll.cpp.o build/emscripten/client/release/obj/libgag/src/ui/TextLayout.cpp.o build/emscripten/client/release/obj/libgag/src/ui/Canvas.cpp.o build/emscripten/client/release/obj/libgag/src/ui/Presentation.cpp.o build/emscripten/client/release/obj/libgag/src/ui/Element.cpp.o build/emscripten/client/release/obj/libgag/src/ui/Host.cpp.o build/emscripten/client/release/obj/libgag/src/ui/Containers.cpp.o build/emscripten/client/release/obj/libgag/src/ui/Controls.cpp.o build/emscripten/client/release/obj/libgag/src/ui/Screen.cpp.o build/emscripten/client/release/obj/libusl/src/code.cpp.o build/emscripten/client/release/obj/libusl/src/debug.cpp.o build/emscripten/client/release/obj/libusl/src/interpreter.cpp.o build/emscripten/client/release/obj/libusl/src/lexer.cpp.o build/emscripten/client/release/obj/libusl/src/parser.cpp.o build/emscripten/client/release/obj/libusl/src/position.cpp.o build/emscripten/client/release/obj/libusl/src/token.cpp.o build/emscripten/client/release/obj/libusl/src/tree.cpp.o build/emscripten/client/release/obj/libusl/src/types.cpp.o build/emscripten/client/release/obj/libusl/src/usl.cpp.o build/emscripten/client/release/obj/browser/HiveBrowserHost.cpp.o build/emscripten/client/release/obj/browser/VoiceRecorder.cpp.o build/emscripten/client/release/obj/browser/ApplicationHost.cpp.o build/emscripten/client/release/obj/browser/RecordingPlatform.cpp.o build/emscripten/client/release/obj/browser/NetTransport.cpp.o build/emscripten/client/release/obj/browser/Launcher.cpp.o build/emscripten/client/release/obj/browser/HttpFetch.cpp.o build/emscripten/client/release/obj/browser/Audio.cpp.o build/emscripten/client/release/obj/third_party/quickjs-ng/quickjs.o build/emscripten/client/release/obj/third_party/quickjs-ng/dtoa.o build/emscripten/client/release/obj/third_party/quickjs-ng/libregexp.o build/emscripten/client/release/obj/third_party/quickjs-ng/libunicode.o build/emscripten/client/release/obj/third_party/openlibm/e_acos.o build/emscripten/client/release/obj/third_party/openlibm/e_acosh.o build/emscripten/client/release/obj/third_party/openlibm/e_asin.o build/emscripten/client/release/obj/third_party/openlibm/e_atan2.o build/emscripten/client/release/obj/third_party/openlibm/e_atanh.o build/emscripten/client/release/obj/third_party/openlibm/e_cosh.o build/emscripten/client/release/obj/third_party/openlibm/e_exp.o build/emscripten/client/release/obj/third_party/openlibm/e_fmod.o build/emscripten/client/release/obj/third_party/openlibm/e_hypot.o build/emscripten/client/release/obj/third_party/openlibm/e_log.o build/emscripten/client/release/obj/third_party/openlibm/e_log10.o build/emscripten/client/release/obj/third_party/openlibm/e_log2.o build/emscripten/client/release/obj/third_party/openlibm/e_pow.o build/emscripten/client/release/obj/third_party/openlibm/e_rem_pio2.o build/emscripten/client/release/obj/third_party/openlibm/e_sinh.o build/emscripten/client/release/obj/third_party/openlibm/e_sqrt.o build/emscripten/client/release/obj/third_party/openlibm/k_cos.o build/emscripten/client/release/obj/third_party/openlibm/k_exp.o build/emscripten/client/release/obj/third_party/openlibm/k_rem_pio2.o build/emscripten/client/release/obj/third_party/openlibm/k_sin.o build/emscripten/client/release/obj/third_party/openlibm/k_tan.o build/emscripten/client/release/obj/third_party/openlibm/s_asinh.o build/emscripten/client/release/obj/third_party/openlibm/s_atan.o build/emscripten/client/release/obj/third_party/openlibm/s_cbrt.o build/emscripten/client/release/obj/third_party/openlibm/s_ceil.o build/emscripten/client/release/obj/third_party/openlibm/s_copysign.o build/emscripten/client/release/obj/third_party/openlibm/s_cos.o build/emscripten/client/release/obj/third_party/openlibm/s_expm1.o build/emscripten/client/release/obj/third_party/openlibm/s_fabs.o build/emscripten/client/release/obj/third_party/openlibm/s_floor.o build/emscripten/client/release/obj/third_party/openlibm/s_frexp.o build/emscripten/client/release/obj/third_party/openlibm/s_log1p.o build/emscripten/client/release/obj/third_party/openlibm/s_modf.o build/emscripten/client/release/obj/third_party/openlibm/s_scalbn.o build/emscripten/client/release/obj/third_party/openlibm/s_sin.o build/emscripten/client/release/obj/third_party/openlibm/s_tan.o build/emscripten/client/release/obj/third_party/openlibm/s_tanh.o build/emscripten/client/release/obj/third_party/openlibm/s_trunc.o -Lbuild/emscripten/client/release/sdl3/prefix/lib -lSDL3_ttf -lSDL3_image -lSDL3_net -lSDL3 -lfreetype -lwebpdemux -lwebpmux -lwebp -lsharpyuv build/emscripten/client/release/opus/prefix/lib/libopusfile.a build/emscripten/client/release/opus/prefix/lib/libopus.a build/emscripten/client/release/opus/prefix/lib/libogg.a
/home/bradley/.local/share/glob2/development/toolchains/emscripten/Linux-x86_64-88a621bc131cd4954413aa39/upstream/emscripten/em++ -o build/emscripten/client/release/threaded/obj/src/audio/MusicProducer.cpp.o -c -std=gnu++20 -fwasm-exceptions -g2 -O2 --use-port=zlib -pthread -DHAVE_CONFIG_H -DGLOB2_OFFICIAL_INSTANCE_ORIGIN=\"https://app.glob2online.com\" -DGLOB2_OFFICIAL_INSTANCE_FORMER_ORIGINS=\"https://glob2online.com\" -Ibuild/emscripten/client/release/threaded/include -Ibuild/emscripten/client/release/threaded/sdl3/prefix/include -Ilibgag/include -I. -Ilibusl/src -Isrc -Isrc/ai -Isrc/hud -Isrc/app -Isrc/game/player -Isrc/team -Isrc/common -Isrc/map -Isrc/game -Isrc/campaign -Isrc/campaign/screens -Isrc/replay -Isrc/game/screens -Isrc/render/clouds -Isrc/ui/screens -Isrc/game/rules -Isrc/game/diagnostics -Isrc/map/editor/screens -Isrc/engine -Isrc/ui -Isrc/map/preview -Isrc/app/cli -Isrc/net/lan/screens -Isrc/online -Isrc/map/tools -Isrc/scripting/map -Isrc/render/overlay -Isrc/audio -Isrc/online/screens -Isrc/game/orders -Isrc/resource -Isrc/ui/settings -Isrc/team/stats -Isrc/render/torus -Isrc/ai/simple -Isrc/ai/castor -Isrc/ai/javascript -Isrc/ai/nicowar -Isrc/ai/numbi -Isrc/ai/telemetry -Isrc/ai/warrush -Isrc/ai/maxima -Isrc/building -Isrc/building/types -Isrc/unit/types -Isrc/building/hud -Isrc/net -Isrc/hud/draw -Isrc/hud/input -Isrc/hud/touch -Isrc/net/turn -Isrc/unit -Isrc/map/editor -Isrc/map/generator -Isrc/map/generator/compatibility -Isrc/map/generator/core -Isrc/map/generator/generators -Isrc/map/generator/shared -Isrc/map/generator/shared/legacy -Isrc/map/gradient -Isrc/map/io -Isrc/net/lan -Isrc/net/message -Isrc/scripting/sgsl -Ithird_party/nlohmann-json/include -Ibuild/emscripten/client/release/threaded/opus/prefix/include -Ibuild/emscripten/client/release/threaded/opus/prefix/include/opus -Ithird_party/quickjs-ng src/audio/MusicProducer.cpp
36 warnings generated.
In file included from src/ui/settings/SettingsScreenGeneral.cpp:1:
In file included from src/ui/screens/MusicLibraryScreen.h:3:
In file included from src/ui/FrontendUI.h:3:
In file included from libgag/include/ui/Screen.h:3:
In file included from libgag/include/ui/Host.h:4:
In file included from libgag/include/ui/Element.h:3:
In file included from libgag/include/ui/Canvas.h:3:
In file included from libgag/include/ui/TextLayout.h:3:
In file included from libgag/include/ui/Theme.h:6:
In file included from libgag/include/GraphicContext.h:6:
libgag/include/SDLGraphicContext.h:545:16: warning: 'setRes' overrides a member function but is not marked 'override' [-Winconsistent-missing-override]
  545 |                 virtual void setRes(int w, int h) { setRes(w, h, optionFlags); }
      |                              ^
libgag/include/SDLGraphicContext.h:244:16: note: overridden virtual function is here
  244 |                 virtual void setRes(int w, int h);
      |                              ^
libgag/include/SDLGraphicContext.h:621:16: warning: 'setClipRect' overrides a member function but is not marked 'override' [-Winconsistent-missing-override]
  621 |                 virtual void setClipRect(int x, int y, int w, int h);
      |                              ^
libgag/include/SDLGraphicContext.h:246:16: note: overridden virtual function is here
  246 |                 virtual void setClipRect(int x, int y, int w, int h);
      |                              ^
libgag/include/SDLGraphicContext.h:622:16: warning: 'setClipRect' overrides a member function but is not marked 'override' [-Winconsistent-missing-override]
  622 |                 virtual void setClipRect(void);
      |                              ^
libgag/include/SDLGraphicContext.h:247:16: note: overridden virtual function is here
  247 |                 virtual void setClipRect(void);
      |                              ^
libgag/include/SDLGraphicContext.h:627:22: warning: 'nextFrame' overrides a member function but is not marked 'override' [-Winconsistent-missing-override]
  627 |         virtual void nextFrame(void);
      |                      ^
libgag/include/SDLGraphicContext.h:248:16: note: overridden virtual function is here
  248 |                 virtual void nextFrame(void) { flushTextPictures(); }
      |                              ^
libgag/include/SDLGraphicContext.h:629:16: warning: 'loadImage' overrides a member function but is not marked 'override' [-Winconsistent-missing-override]
  629 |                 virtual bool loadImage(const std::string name) { return false; }
      |                              ^
libgag/include/SDLGraphicContext.h:249:16: note: overridden virtual function is here
  249 |                 virtual bool loadImage(const std::string name);
      |                              ^
libgag/include/SDLGraphicContext.h:633:16: warning: 'shiftHSV' overrides a member function but is not marked 'override' [-Winconsistent-missing-override]
  633 |                 virtual void shiftHSV(float hue, float sat, float lum) { }
      |                              ^
libgag/include/SDLGraphicContext.h:250:16: note: overridden virtual function is here
  250 |                 virtual void shiftHSV(float hue, float sat, float lum);
      |                              ^
libgag/include/SDLGraphicContext.h:636:16: warning: 'canDrawStretchedSprite' overrides a member function but is not marked 'override' [-Winconsistent-missing-override]
  636 |                 virtual bool canDrawStretchedSprite(void) { return hasPortableRenderer() || (optionFlags & USEGPU) != 0; }
      |                              ^
libgag/include/SDLGraphicContext.h:268:16: note: overridden virtual function is here
  268 |                 virtual bool canDrawStretchedSprite(void) { return false; }
      |                              ^
libgag/include/SDLGraphicContext.h:638:16: warning: 'drawPixel' overrides a member function but is not marked 'override' [-Winconsistent-missing-override]
  638 |                 virtual void drawPixel(int x, int y, const Color& color);
      |                              ^
libgag/include/SDLGraphicContext.h:271:16: note: overridden virtual function is here
  271 |                 virtual void drawPixel(int x, int y, const Color& color);
      |                              ^
libgag/include/SDLGraphicContext.h:639:16: warning: 'drawPixel' overrides a member function but is not marked 'override' [-Winconsistent-missing-override]
  639 |                 virtual void drawPixel(float x, float y, const Color& color);
      |                              ^
libgag/include/SDLGraphicContext.h:272:16: note: overridden virtual function is here
  272 |                 virtual void drawPixel(float x, float y, const Color& color);
      |                              ^
libgag/include/SDLGraphicContext.h:641:16: warning: 'drawRect' overrides a member function but is not marked 'override' [-Winconsistent-missing-override]
  641 |                 virtual void drawRect(int x, int y, int w, int h, const Color& color);
      |                              ^
libgag/include/SDLGraphicContext.h:274:16: note: overridden virtual function is here
  274 |                 virtual void drawRect(int x, int y, int w, int h, const Color& color);
      |                              ^
libgag/include/SDLGraphicContext.h:642:16: warning: 'drawRect' overrides a member function but is not marked 'override' [-Winconsistent-missing-override]
  642 |                 virtual void drawRect(float x, float y, float w, float h, const Color& color);
      |                              ^
libgag/include/SDLGraphicContext.h:275:16: note: overridden virtual function is here
  275 |                 virtual void drawRect(float x, float y, float w, float h, const Color& color);
      |                              ^
libgag/include/SDLGraphicContext.h:644:16: warning: 'drawFilledRect' overrides a member function but is not marked 'override' [-Winconsistent-missing-override]
  644 |                 virtual void drawFilledRect(int x, int y, int w, int h, const Color& color);
      |                              ^
libgag/include/SDLGraphicContext.h:277:16: note: overridden virtual function is here
  277 |                 virtual void drawFilledRect(int x, int y, int w, int h, const Color& color);
      |                              ^
libgag/include/SDLGraphicContext.h:645:16: warning: 'drawFilledRect' overrides a member function but is not marked 'override' [-Winconsistent-missing-override]
  645 |                 virtual void drawFilledRect(float x, float y, float w, float h, const Color& color);
      |                              ^
libgag/include/SDLGraphicContext.h:278:16: note: overridden virtual function is here
  278 |                 virtual void drawFilledRect(float x, float y, float w, float h, const Color& color);
      |                              ^
libgag/include/SDLGraphicContext.h:647:16: warning: 'drawLine' overrides a member function but is not marked 'override' [-Winconsistent-missing-override]
  647 |                 virtual void drawLine(int x1, int y1, int x2, int y2, const Color& color);
      |                              ^
libgag/include/SDLGraphicContext.h:280:16: note: overridden virtual function is here
  280 |                 virtual void drawLine(int x1, int y1, int x2, int y2, const Color& color);
      |                              ^
libgag/include/SDLGraphicContext.h:648:16: warning: 'drawLine' overrides a member function but is not marked 'override' [-Winconsistent-missing-override]
  648 |                 virtual void drawLine(float x1, float y1, float x2, float y2, const Color& color);
      |                              ^
libgag/include/SDLGraphicContext.h:281:16: note: overridden virtual function is here
  281 |                 virtual void drawLine(float x1, float y1, float x2, float y2, const Color& color);
      |                              ^
libgag/include/SDLGraphicContext.h:650:16: warning: 'drawCircle' overrides a member function but is not marked 'override' [-Winconsistent-missing-override]
  650 |                 virtual void drawCircle(int x, int y, int radius, const Color& color);
      |                              ^
libgag/include/SDLGraphicContext.h:283:16: note: overridden virtual function is here
  283 |                 virtual void drawCircle(int x, int y, int radius, const Color& color);
      |                              ^
libgag/include/SDLGraphicContext.h:651:16: warning: 'drawCircle' overrides a member function but is not marked 'override' [-Winconsistent-missing-override]
  651 |                 virtual void drawCircle(float x, float y, float radius, const Color& color);
      |                              ^
libgag/include/SDLGraphicContext.h:284:16: note: overridden virtual function is here
  284 |                 virtual void drawCircle(float x, float y, float radius, const Color& color);
      |                              ^
libgag/include/SDLGraphicContext.h:653:16: warning: 'drawSurface' overrides a member function but is not marked 'override' [-Winconsistent-missing-override]
  653 |                 virtual void drawSurface(int x, int y, DrawableSurface *surface, Uint8 alpha = Color::ALPHA_OPAQUE);
      |                              ^
libgag/include/SDLGraphicContext.h:286:16: note: overridden virtual function is here
  286 |                 virtual void drawSurface(int x, int y, DrawableSurface *surface, Uint8 alpha = Color::ALPHA_OPAQUE);
      |                              ^
libgag/include/SDLGraphicContext.h:654:16: warning: 'drawSurface' overrides a member function but is not marked 'override' [-Winconsistent-missing-override]
  654 |                 virtual void drawSurface(float x, float y, DrawableSurface *surface, Uint8 alpha = Color::ALPHA_OPAQUE);
      |                              ^
libgag/include/SDLGraphicContext.h:287:16: note: overridden virtual function is here
  287 |                 virtual void drawSurface(float x, float y, DrawableSurface *surface, Uint8 alpha = Color::ALPHA_OPAQUE);
      |                              ^
libgag/include/SDLGraphicContext.h:656:16: warning: 'drawSurface' overrides a member function but is not marked 'override' [-Winconsistent-missing-override]
  656 |                 virtual void drawSurface(int x, int y, int w, int h, DrawableSurface *surface, Uint8 alpha = Color::ALPHA_OPAQUE);
      |                              ^
libgag/include/SDLGraphicContext.h:289:16: note: overridden virtual function is here
  289 |                 virtual void drawSurface(int x, int y, int w, int h, DrawableSurface *surface, Uint8 alpha = Color::ALPHA_OPAQUE);
      |                              ^
libgag/include/SDLGraphicContext.h:657:16: warning: 'drawSurface' overrides a member function but is not marked 'override' [-Winconsistent-missing-override]
  657 |                 virtual void drawSurface(float x, float y, float w, float h, DrawableSurface *surface, Uint8 alpha = Color::ALPHA_OPAQUE);
      |                              ^
libgag/include/SDLGraphicContext.h:290:16: note: overridden virtual function is here
  290 |                 virtual void drawSurface(float x, float y, float w, float h, DrawableSurface *surface, Uint8 alpha = Color::ALPHA_OPAQUE);
      |                              ^
libgag/include/SDLGraphicContext.h:659:16: warning: 'drawSurface' overrides a member function but is not marked 'override' [-Winconsistent-missing-override]
  659 |                 virtual void drawSurface(int x, int y, DrawableSurface *surface, int sx, int sy, int sw, int sh, Uint8 alpha = Color::ALPHA_OPAQUE);
      |                              ^
libgag/include/SDLGraphicContext.h:292:16: note: overridden virtual function is here
  292 |                 virtual void drawSurface(int x, int y, DrawableSurface *surface, int sx, int sy, int sw, int sh, Uint8 alpha = Color::ALPHA_OPAQUE);
      |                              ^
libgag/include/SDLGraphicContext.h:660:16: warning: 'drawSurface' overrides a member function but is not marked 'override' [-Winconsistent-missing-override]
  660 |                 virtual void drawSurface(float x, float y, DrawableSurface *surface, int sx, int sy, int sw, int sh, Uint8 alpha = Color::ALPHA_OPAQUE);
      |                              ^
libgag/include/SDLGraphicContext.h:293:16: note: overridden virtual function is here
  293 |                 virtual void drawSurface(float x, float y, DrawableSurface *surface, int sx, int sy, int sw, int sh, Uint8 alpha = Color::ALPHA_OPAQUE);
      |                              ^
libgag/include/SDLGraphicContext.h:662:16: warning: 'drawSurface' overrides a member function but is not marked 'override' [-Winconsistent-missing-override]
  662 |                 virtual void drawSurface(int x, int y, int w, int h, DrawableSurface *surface, int sx, int sy, int sw, int sh,  Uint8 alpha = Color::ALPHA_OPAQUE);
      |                              ^
libgag/include/SDLGraphicContext.h:295:16: note: overridden virtual function is here
  295 |                 virtual void drawSurface(int x, int y, int w, int h, DrawableSurface *surface, int sx, int sy, int sw, int /home/bradley/.local/share/glob2/development/toolchains/emscripten/Linux-x86_64-88a621bc131cd4954413aa39/upstream/emscripten/em++ -o build/emscripten/client/release/threaded/obj/src/audio/MusicLibrary.cpp.o -c -std=gnu++20 -fwasm-exceptions -g2 -O2 --use-port=zlib -pthread -DHAVE_CONFIG_H -DGLOB2_OFFICIAL_INSTANCE_ORIGIN=\"https://app.glob2online.com\" -DGLOB2_OFFICIAL_INSTANCE_FORMER_ORIGINS=\"https://glob2online.com\" -Ibuild/emscripten/client/release/threaded/include -Ibuild/emscripten/client/release/threaded/sdl3/prefix/include -Ilibgag/include -I. -Ilibusl/src -Isrc -Isrc/ai -Isrc/hud -Isrc/app -Isrc/game/player -Isrc/team -Isrc/common -Isrc/map -Isrc/game -Isrc/campaign -Isrc/campaign/screens -Isrc/replay -Isrc/game/screens -Isrc/render/clouds -Isrc/ui/screens -Isrc/game/rules -Isrc/game/diagnostics -Isrc/map/editor/screens -Isrc/engine -Isrc/ui -Isrc/map/preview -Isrc/app/cli -Isrc/net/lan/screens -Isrc/online -Isrc/map/tools -Isrc/scripting/map -Isrc/render/overlay -Isrc/audio -Isrc/online/screens -Isrc/game/orders -Isrc/resource -Isrc/ui/settings -Isrc/team/stats -Isrc/render/torus -Isrc/ai/simple -Isrc/ai/castor -Isrc/ai/javascript -Isrc/ai/nicowar -Isrc/ai/numbi -Isrc/ai/telemetry -Isrc/ai/warrush -Isrc/ai/maxima -Isrc/building -Isrc/building/types -Isrc/unit/types -Isrc/building/hud -Isrc/net -Isrc/hud/draw -Isrc/hud/input -Isrc/hud/touch -Isrc/net/turn -Isrc/unit -Isrc/map/editor -Isrc/map/generator -Isrc/map/generator/compatibility -Isrc/map/generator/core -Isrc/map/generator/generators -Isrc/map/generator/shared -Isrc/map/generator/shared/legacy -Isrc/map/gradient -Isrc/map/io -Isrc/net/lan -Isrc/net/message -Isrc/scripting/sgsl -Ithird_party/nlohmann-json/include -Ibuild/emscripten/client/release/threaded/opus/prefix/include -Ibuild/emscripten/client/release/threaded/opus/prefix/include/opus -Ithird_party/quickjs-ng src/audio/MusicLibrary.cpp
sh,  Uint8 alpha = Color::ALPHA_OPAQUE);
      |                              ^
libgag/include/SDLGraphicContext.h:663:16: warning: 'drawSurface' overrides a member function but is not marked 'override' [-Winconsistent-missing-override]
  663 |                 virtual void drawSurface(float x, float y, float w, float h, DrawableSurface *surface, int sx, int sy, int sw, int sh, Uint8 alpha = Color::ALPHA_OPAQUE);
      |                              ^
libgag/include/SDLGraphicContext.h:296:16: note: overridden virtual function is here
  296 |                 virtual void drawSurface(float x, float y, float w, float h, DrawableSurface *surface, int sx, int sy, int sw, int sh, Uint8 alpha = Color::ALPHA_OPAQUE);
      |                              ^
libgag/include/SDLGraphicContext.h:692:16: warning: 'drawAlphaMap' overrides a member function but is not marked 'override' [-Winconsistent-missing-override]
  692 |                 virtual void drawAlphaMap(const std::valarray<float> &map, int mapW, int mapH, int x, int y, int cellW, int cellH, const Color &color);
      |                              ^
libgag/include/SDLGraphicContext.h:309:16: note: overridden virtual function is here
  309 |                 virtual void drawAlphaMap(const std::valarray<float> &map, int mapW, int mapH, int x, int y, int cellW, int cellH, const Color &color);
      |                              ^
libgag/include/SDLGraphicContext.h:693:16: warning: 'drawAlphaMap' overrides a member function but is not marked 'override' [-Winconsistent-missing-override]
  693 |                 virtual void drawAlphaMap(const std::valarray<unsigned char> &map, int mapW, int mapH, int x, int y, int cellW, int cellH, const Color &color);
      |                              ^
libgag/include/SDLGraphicContext.h:310:16: note: overridden virtual function is here
  310 |                 virtual void drawAlphaMap(const std::valarray<unsigned char> &map, int mapW, int mapH, int x, int y, int cellW, int cellH, const Color &color);
      |                              ^
libgag/include/SDLGraphicContext.h:696:16: warning: 'drawPixel' overrides a member function but is not marked 'override' [-Winconsistent-missing-override]
  696 |                 virtual void drawPixel(int x, int y, Uint8 r, Uint8 g, Uint8 b, Uint8 a = Color::ALPHA_OPAQUE);
      |                              ^
libgag/include/SDLGraphicContext.h:313:16: note: overridden virtual function is here
  313 |                 virtual void drawPixel(int x, int y, Uint8 r, Uint8 g, Uint8 b, Uint8 a = Color::ALPHA_OPAQUE);
      |                              ^
libgag/include/SDLGraphicContext.h:697:16: warning: 'drawRect' overrides a member function but is not marked 'override' [-Winconsistent-missing-override]
  697 |                 virtual void drawRect(int x, int y, int w, int h, Uint8 r, Uint8 g, Uint8 b, Uint8 a = Color::ALPHA_OPAQUE);
      |                              ^
libgag/include/SDLGraphicContext.h:314:16: note: overridden virtual function is here
  314 |                 virtual void drawRect(int x, int y, int w, int h, Uint8 r, Uint8 g, Uint8 b, Uint8 a = Color::ALPHA_OPAQUE);
      |                              ^
libgag/include/SDLGraphicContext.h:698:16: warning: 'drawFilledRect' overrides a member function but is not marked 'override' [-Winconsistent-missing-override]
  698 |                 virtual void drawFilledRect(int x, int y, int w, int h, Uint8 r, Uint8 g, Uint8 b, Uint8 a = Color::ALPHA_OPAQUE);
      |                              ^
libgag/include/SDLGraphicContext.h:315:16: note: overridden virtual function is here
  315 |                 virtual void drawFilledRect(int x, int y, int w, int h, Uint8 r, Uint8 g, Uint8 b, Uint8 a = Color::ALPHA_OPAQUE);
      |                              ^
libgag/include/SDLGraphicContext.h:699:16: warning: 'drawVertLine' overrides a member function but is not marked 'override' [-Winconsistent-missing-override]
  699 |                 virtual void drawVertLine(int x, int y, int l, Uint8 r, Uint8 g, Uint8 b, Uint8 a = Color::ALPHA_OPAQUE);
      |                              ^
libgag/include/SDLGraphicContext.h:316:16: note: overridden virtual function is here
  316 |                 virtual void drawVertLine(int x, int y, int l, Uint8 r, Uint8 g, Uint8 b, Uint8 a = Color::ALPHA_OPAQUE);
      |                              ^
libgag/include/SDLGraphicContext.h:700:16: warning: 'drawVertLine' overrides a member function but is not marked 'override' [-Winconsistent-missing-override]
  700 |                 virtual void drawVertLine(int x, int y, int l, const Color& color);
      |                              ^
libgag/include/SDLGraphicContext.h:317:16: note: overridden virtual function is here
  317 |                 virtual void drawVertLine(int x, int y, int l, const Color& color);
      |                              ^
libgag/include/SDLGraphicContext.h:701:16: warning: 'drawHorzLine' overrides a member function but is not marked 'override' [-Winconsistent-missing-override]
  701 |                 virtual void drawHorzLine(int x, int y, int l, Uint8 r, Uint8 g, Uint8 b, Uint8 a = Color::ALPHA_OPAQUE);
      |                              ^
libgag/include/SDLGraphicContext.h:318:16: note: overridden virtual function is here
  318 |                 virtual void drawHorzLine(int x, int y, int l, Uint8 r, Uint8 g, Uint8 b, Uint8 a = Color::ALPHA_OPAQUE);
      |                              ^
libgag/include/SDLGraphicContext.h:702:16: warning: 'drawHorzLine' overrides a member function but is not marked 'override' [-Winconsistent-missing-override]
  702 |                 virtual void drawHorzLine(int x, int y, int l, const Color& color);
      |                              ^
libgag/include/SDLGraphicContext.h:319:16: note: overridden virtual function is here
  319 |                 virtual void drawHorzLine(int x, int y, int l, const Color& color);
      |                              ^
libgag/include/SDLGraphicContext.h:703:16: warning: 'drawLine' overrides a member function but is not marked 'override' [-Winconsistent-missing-override]
  703 |                 virtual void drawLine(int x1, int y1, int x2, int y2, Uint8 r, Uint8 g, Uint8 b, Uint8 a = Color::ALPHA_OPAQUE);
      |                              ^
libgag/include/SDLGraphicContext.h:320:16: note: overridden virtual function is here
  320 |                 virtual void drawLine(int x1, int y1, int x2, int y2, Uint8 r, Uint8 g, Uint8 b, Uint8 a = Color::ALPHA_OPAQUE);
      |                              ^
libgag/include/SDLGraphicContext.h:704:16: warning: 'drawCircle' overrides a member function but is not marked 'override' [-Winconsistent-missing-override]
  704 |                 virtual void drawCircle(int x, int y, int radius, Uint8 r, Uint8 g, Uint8 b, Uint8 a = Color::ALPHA_OPAQUE);
      |                              ^
libgag/include/SDLGraphicContext.h:321:16: note: overridden virtual function is here
  321 |                 virtual void drawCircle(int x, int y, int radius, Uint8 r, Uint8 g, Uint8 b, Uint8 a = Color::ALPHA_OPAQUE);
      |                              ^
36 warnings generated.
/home/bradley/.local/share/glob2/development/toolchains/emscripten/Linux-x86_64-88a621bc131cd4954413aa39/upstream/emscripten/em++ -o build/emscripten/client/release/threaded/obj/src/ui/screens/MusicLibraryScreen.cpp.o -c -std=gnu++20 -fwasm-exceptions -g2 -O2 --use-port=zlib -pthread -DHAVE_CONFIG_H -DGLOB2_OFFICIAL_INSTANCE_ORIGIN=\"https://app.glob2online.com\" -DGLOB2_OFFICIAL_INSTANCE_FORMER_ORIGINS=\"https://glob2online.com\" -Ibuild/emscripten/client/release/threaded/include -Ibuild/emscripten/client/release/threaded/sdl3/prefix/include -Ilibgag/include -I. -Ilibusl/src -Isrc -Isrc/ai -Isrc/hud -Isrc/app -Isrc/game/player -Isrc/team -Isrc/common -Isrc/map -Isrc/game -Isrc/campaign -Isrc/campaign/screens -Isrc/replay -Isrc/game/screens -Isrc/render/clouds -Isrc/ui/screens -Isrc/game/rules -Isrc/game/diagnostics -Isrc/map/editor/screens -Isrc/engine -Isrc/ui -Isrc/map/preview -Isrc/app/cli -Isrc/net/lan/screens -Isrc/online -Isrc/map/tools -Isrc/scripting/map -Isrc/render/overlay -Isrc/audio -Isrc/online/screens -Isrc/game/orders -Isrc/resource -Isrc/ui/settings -Isrc/team/stats -Isrc/render/torus -Isrc/ai/simple -Isrc/ai/castor -Isrc/ai/javascript -Isrc/ai/nicowar -Isrc/ai/numbi -Isrc/ai/telemetry -Isrc/ai/warrush -Isrc/ai/maxima -Isrc/building -Isrc/building/types -Isrc/unit/types -Isrc/building/hud -Isrc/net -Isrc/hud/draw -Isrc/hud/input -Isrc/hud/touch -Isrc/net/turn -Isrc/unit -Isrc/map/editor -Isrc/map/generator -Isrc/map/generator/compatibility -Isrc/map/generator/core -Isrc/map/generator/generators -Isrc/map/generator/shared -Isrc/map/generator/shared/legacy -Isrc/map/gradient -Isrc/map/io -Isrc/net/lan -Isrc/net/message -Isrc/scripting/sgsl -Ithird_party/nlohmann-json/include -Ibuild/emscripten/client/release/threaded/opus/prefix/include -Ibuild/emscripten/client/release/threaded/opus/prefix/include/opus -Ithird_party/quickjs-ng src/ui/screens/MusicLibraryScreen.cpp
36 warnings generated.
/home/bradley/.local/share/glob2/development/toolchains/emscripten/Linux-x86_64-88a621bc131cd4954413aa39/upstream/emscripten/em++ -o build/emscripten/client/release/threaded/obj/src/ui/screens/MusicSetScreen.cpp.o -c -std=gnu++20 -fwasm-exceptions -g2 -O2 --use-port=zlib -pthread -DHAVE_CONFIG_H -DGLOB2_OFFICIAL_INSTANCE_ORIGIN=\"https://app.glob2online.com\" -DGLOB2_OFFICIAL_INSTANCE_FORMER_ORIGINS=\"https://glob2online.com\" -Ibuild/emscripten/client/release/threaded/include -Ibuild/emscripten/client/release/threaded/sdl3/prefix/include -Ilibgag/include -I. -Ilibusl/src -Isrc -Isrc/ai -Isrc/hud -Isrc/app -Isrc/game/player -Isrc/team -Isrc/common -Isrc/map -Isrc/game -Isrc/campaign -Isrc/campaign/screens -Isrc/replay -Isrc/game/screens -Isrc/render/clouds -Isrc/ui/screens -Isrc/game/rules -Isrc/game/diagnostics -Isrc/map/editor/screens -Isrc/engine -Isrc/ui -Isrc/map/preview -Isrc/app/cli -Isrc/net/lan/screens -Isrc/online -Isrc/map/tools -Isrc/scripting/map -Isrc/render/overlay -Isrc/audio -Isrc/online/screens -Isrc/game/orders -Isrc/resource -Isrc/ui/settings -Isrc/team/stats -Isrc/render/torus -Isrc/ai/simple -Isrc/ai/castor -Isrc/ai/javascript -Isrc/ai/nicowar -Isrc/ai/numbi -Isrc/ai/telemetry -Isrc/ai/warrush -Isrc/ai/maxima -Isrc/building -Isrc/building/types -Isrc/unit/types -Isrc/building/hud -Isrc/net -Isrc/hud/draw -Isrc/hud/input -Isrc/hud/touch -Isrc/net/turn -Isrc/unit -Isrc/map/editor -Isrc/map/generator -Isrc/map/generator/compatibility -Isrc/map/generator/core -Isrc/map/generator/generators -Isrc/map/generator/shared -Isrc/map/generator/shared/legacy -Isrc/map/gradient -Isrc/map/io -Isrc/net/lan -Isrc/net/message -Isrc/scripting/sgsl -Ithird_party/nlohmann-json/include -Ibuild/emscripten/client/release/threaded/opus/prefix/include -Ibuild/emscripten/client/release/threaded/opus/prefix/include/opus -Ithird_party/quickjs-ng src/ui/screens/MusicSetScreen.cpp
36 warnings generated.
/home/bradley/.local/share/glob2/development/toolchains/emscripten/Linux-x86_64-88a621bc131cd4954413aa39/upstream/emscripten/em++ -o build/emscripten/client/release/threaded/obj/src/app/Application.cpp.o -c -std=gnu++20 -fwasm-exceptions -g2 -O2 --use-port=zlib -pthread -DHAVE_CONFIG_H -DGLOB2_OFFICIAL_INSTANCE_ORIGIN=\"https://app.glob2online.com\" -DGLOB2_OFFICIAL_INSTANCE_FORMER_ORIGINS=\"https://glob2online.com\" -Ibuild/emscripten/client/release/threaded/include -Ibuild/emscripten/client/release/threaded/sdl3/prefix/include -Ilibgag/include -I. -Ilibusl/src -Isrc -Isrc/ai -Isrc/hud -Isrc/app -Isrc/game/player -Isrc/team -Isrc/common -Isrc/map -Isrc/game -Isrc/campaign -Isrc/campaign/screens -Isrc/replay -Isrc/game/screens -Isrc/render/clouds -Isrc/ui/screens -Isrc/game/rules -Isrc/game/diagnostics -Isrc/map/editor/screens -Isrc/engine -Isrc/ui -Isrc/map/preview -Isrc/app/cli -Isrc/net/lan/screens -Isrc/online -Isrc/map/tools -Isrc/scripting/map -Isrc/render/overlay -Isrc/audio -Isrc/online/screens -Isrc/game/orders -Isrc/resource -Isrc/ui/settings -Isrc/team/stats -Isrc/render/torus -Isrc/ai/simple -Isrc/ai/castor -Isrc/ai/javascript -Isrc/ai/nicowar -Isrc/ai/numbi -Isrc/ai/telemetry -Isrc/ai/warrush -Isrc/ai/maxima -Isrc/building -Isrc/building/types -Isrc/unit/types -Isrc/building/hud -Isrc/net -Isrc/hud/draw -Isrc/hud/input -Isrc/hud/touch -Isrc/net/turn -Isrc/unit -Isrc/map/editor -Isrc/map/generator -Isrc/map/generator/compatibility -Isrc/map/generator/core -Isrc/map/generator/generators -Isrc/map/generator/shared -Isrc/map/generator/shared/legacy -Isrc/map/gradient -Isrc/map/io -Isrc/net/lan -Isrc/net/message -Isrc/scripting/sgsl -Ithird_party/nlohmann-json/include -Ibuild/emscripten/client/release/threaded/opus/prefix/include -Ibuild/emscripten/client/release/threaded/opus/prefix/include/opus -Ithird_party/quickjs-ng src/app/Application.cpp
/home/bradley/.local/share/glob2/development/toolchains/emscripten/Linux-x86_64-88a621bc131cd4954413aa39/upstream/emscripten/em++ -o build/emscripten/client/release/threaded/obj/src/game/screens/GameSessionScreen.cpp.o -c -std=gnu++20 -fwasm-exceptions -g2 -O2 --use-port=zlib -pthread -DHAVE_CONFIG_H -DGLOB2_OFFICIAL_INSTANCE_ORIGIN=\"https://app.glob2online.com\" -DGLOB2_OFFICIAL_INSTANCE_FORMER_ORIGINS=\"https://glob2online.com\" -Ibuild/emscripten/client/release/threaded/include -Ibuild/emscripten/client/release/threaded/sdl3/prefix/include -Ilibgag/include -I. -Ilibusl/src -Isrc -Isrc/ai -Isrc/hud -Isrc/app -Isrc/game/player -Isrc/team -Isrc/common -Isrc/map -Isrc/game -Isrc/campaign -Isrc/campaign/screens -Isrc/replay -Isrc/game/screens -Isrc/render/clouds -Isrc/ui/screens -Isrc/game/rules -Isrc/game/diagnostics -Isrc/map/editor/screens -Isrc/engine -Isrc/ui -Isrc/map/preview -Isrc/app/cli -Isrc/net/lan/screens -Isrc/online -Isrc/map/tools -Isrc/scripting/map -Isrc/render/overlay -Isrc/audio -Isrc/online/screens -Isrc/game/orders -Isrc/resource -Isrc/ui/settings -Isrc/team/stats -Isrc/render/torus -Isrc/ai/simple -Isrc/ai/castor -Isrc/ai/javascript -Isrc/ai/nicowar -Isrc/ai/numbi -Isrc/ai/telemetry -Isrc/ai/warrush -Isrc/ai/maxima -Isrc/building -Isrc/building/types -Isrc/unit/types -Isrc/building/hud -Isrc/net -Isrc/hud/draw -Isrc/hud/input -Isrc/hud/touch -Isrc/net/turn -Isrc/unit -Isrc/map/editor -Isrc/map/generator -Isrc/map/generator/compatibility -Isrc/map/generator/core -Isrc/map/generator/generators -Isrc/map/generator/shared -Isrc/map/generator/shared/legacy -Isrc/map/gradient -Isrc/map/io -Isrc/net/lan -Isrc/net/message -Isrc/scripting/sgsl -Ithird_party/nlohmann-json/include -Ibuild/emscripten/client/release/threaded/opus/prefix/include -Ibuild/emscripten/client/release/threaded/opus/prefix/include/opus -Ithird_party/quickjs-ng src/game/screens/GameSessionScreen.cpp
/home/bradley/.local/share/glob2/development/toolchains/emscripten/Linux-x86_64-88a621bc131cd4954413aa39/upstream/emscripten/em++ -o build/emscripten/client/release/threaded/obj/browser/Audio.cpp.o -c -std=gnu++20 -fwasm-exceptions -g2 -O2 --use-port=zlib -pthread -DHAVE_CONFIG_H -DGLOB2_OFFICIAL_INSTANCE_ORIGIN=\"https://app.glob2online.com\" -DGLOB2_OFFICIAL_INSTANCE_FORMER_ORIGINS=\"https://glob2online.com\" -Ibuild/emscripten/client/release/threaded/include -Ibuild/emscripten/client/release/threaded/sdl3/prefix/include -Ilibgag/include -I. -Ilibusl/src -Isrc -Isrc/ai -Isrc/hud -Isrc/app -Isrc/game/player -Isrc/team -Isrc/common -Isrc/map -Isrc/game -Isrc/campaign -Isrc/campaign/screens -Isrc/replay -Isrc/game/screens -Isrc/render/clouds -Isrc/ui/screens -Isrc/game/rules -Isrc/game/diagnostics -Isrc/map/editor/screens -Isrc/engine -Isrc/ui -Isrc/map/preview -Isrc/app/cli -Isrc/net/lan/screens -Isrc/online -Isrc/map/tools -Isrc/scripting/map -Isrc/render/overlay -Isrc/audio -Isrc/online/screens -Isrc/game/orders -Isrc/resource -Isrc/ui/settings -Isrc/team/stats -Isrc/render/torus -Isrc/ai/simple -Isrc/ai/castor -Isrc/ai/javascript -Isrc/ai/nicowar -Isrc/ai/numbi -Isrc/ai/telemetry -Isrc/ai/warrush -Isrc/ai/maxima -Isrc/building -Isrc/building/types -Isrc/unit/types -Isrc/building/hud -Isrc/net -Isrc/hud/draw -Isrc/hud/input -Isrc/hud/touch -Isrc/net/turn -Isrc/unit -Isrc/map/editor -Isrc/map/generator -Isrc/map/generator/compatibility -Isrc/map/generator/core -Isrc/map/generator/generators -Isrc/map/generator/shared -Isrc/map/generator/shared/legacy -Isrc/map/gradient -Isrc/map/io -Isrc/net/lan -Isrc/net/message -Isrc/scripting/sgsl -Ithird_party/nlohmann-json/include -Ibuild/emscripten/client/release/threaded/opus/prefix/include -Ibuild/emscripten/client/release/threaded/opus/prefix/include/opus -Ithird_party/quickjs-ng browser/Audio.cpp
In file included from src/ui/screens/MusicLibraryScreen.cpp:2:
In file included from src/ui/screens/MusicUI.h:3:
In file included from src/ui/FrontendUI.h:3:
In file included from libgag/include/ui/Screen.h:3:
In file included from libgag/include/ui/Host.h:4:
In file included from libgag/include/ui/Element.h:3:
In file included from libgag/include/ui/Canvas.h:3:
In file included from libgag/include/ui/TextLayout.h:3:
In file included from libgag/include/ui/Theme.h:6:
In file included from libgag/include/GraphicContext.h:6:
libgag/include/SDLGraphicContext.h:545:16: warning: 'setRes' overrides a member function but is not marked 'override' [-Winconsistent-missing-override]
  545 |                 virtual void setRes(int w, int h) { setRes(w, h, optionFlags); }
      |                              ^
libgag/include/SDLGraphicContext.h:244:16: note: overridden virtual function is here
  244 |                 virtual void setRes(int w, int h);
      |                              ^
libgag/include/SDLGraphicContext.h:621:16: warning: 'setClipRect' overrides a member function but is not marked 'override' [-Winconsistent-missing-override]
  621 |                 virtual void setClipRect(int x, int y, int w, int h);
      |                              ^
libgag/include/SDLGraphicContext.h:246:16: note: overridden virtual function is here
  246 |                 virtual void setClipRect(int x, int y, int w, int h);
      |                              ^
libgag/include/SDLGraphicContext.h:622:16: warning: 'setClipRect' overrides a member function but is not marked 'override' [-Winconsistent-missing-override]
  622 |                 virtual void setClipRect(void);
      |                              ^
libgag/include/SDLGraphicContext.h:247:16: note: overridden virtual function is here
  247 |                 virtual void setClipRect(void);
      |                              ^
libgag/include/SDLGraphicContext.h:627:22: warning: 'nextFrame' overrides a member function but is not marked 'override' [-Winconsistent-missing-override]
  627 |         virtual void nextFrame(void);
      |                      ^
libgag/include/SDLGraphicContext.h:248:16: note: overridden virtual function is here
  248 |                 virtual void nextFrame(void) { flushTextPictures(); }
      |                              ^
libgag/include/SDLGraphicContext.h:629:16: warning: 'loadImage' overrides a member function but is not marked 'override' [-Winconsistent-missing-override]
  629 |                 virtual bool loadImage(const std::string name) { return false; }
      |                              ^
libgag/include/SDLGraphicContext.h:249:16: note: overridden virtual function is here
  249 |                 virtual bool loadImage(const std::string name);
      |                              ^
libgag/include/SDLGraphicContext.h:633:16: warning: 'shiftHSV' overrides a member function but is not marked 'override' [-Winconsistent-missing-override]
  633 |                 virtual void shiftHSV(float hue, float sat, float lum) { }
      |                              ^
libgag/include/SDLGraphicContext.h:250:16: note: overridden virtual function is here
  250 |                 virtual void shiftHSV(float hue, float sat, float lum);
      |                              ^
libgag/include/SDLGraphicContext.h:636:16: warning: 'canDrawStretchedSprite' overrides a member function but is not marked 'override' [-Winconsistent-missing-override]
  636 |                 virtual bool canDrawStretchedSprite(void) { return hasPortableRenderer() || (optionFlags & USEGPU) != 0; }
      |                              ^
libgag/include/SDLGraphicContext.h:268:16: note: overridden virtual function is here
  268 |                 virtual bool canDrawStretchedSprite(void) { return false; }
      |                              ^
libgag/include/SDLGraphicContext.h:638:16: warning: 'drawPixel' overrides a member function but is not marked 'override' [-Winconsistent-missing-override]
  638 |                 virtual void drawPixel(int x, int y, const Color& color);
      |                              ^
libgag/include/SDLGraphicContext.h:271:16: note: overridden virtual function is here
  271 |                 virtual void drawPixel(int x, int y, const Color& color);
      |                              ^
libgag/include/SDLGraphicContext.h:639:16: warning: 'drawPixel' overrides a member function but is not marked 'override' [-Winconsistent-missing-override]
  639 |                 virtual void drawPixel(float x, float y, const Color& color);
      |                              ^
libgag/include/SDLGraphicContext.h:272:16: note: overridden virtual function is here
  272 |                 virtual void drawPixel(float x, float y, const Color& color);
      |                              ^
libgag/include/SDLGraphicContext.h:641:16: warning: 'drawRect' overrides a member function but is not marked 'override' [-Winconsistent-missing-override]
  641 |                 virtual void drawRect(int x, int y, int w, int h, const Color& color);
      |                              ^
libgag/include/SDLGraphicContext.h:274:16: note: overridden virtual function is here
  274 |                 virtual void drawRect(int x, int y, int w, int h, const Color& color);
      |                              ^
libgag/include/SDLGraphicContext.h:642:16: warning: 'drawRect' overrides a member function but is not marked 'override' [-Winconsistent-missing-override]
  642 |                 virtual void drawRect(float x, float y, float w, float h, const Color& color);
      |                              ^
libgag/include/SDLGraphicContext.h:275:16: note: overridden virtual function is here
  275 |                 virtual void drawRect(float x, float y, float w, float h, const Color& color);
      |                              ^
libgag/include/SDLGraphicContext.h:644:16: warning: 'drawFilledRect' overrides a member function but is not marked 'override' [-Winconsistent-missing-override]
  644 |                 virtual void drawFilledRect(int x, int y, int w, int h, const Color& color);
      |                              ^
libgag/include/SDLGraphicContext.h:277:16: note: overridden virtual function is here
  277 |                 virtual void drawFilledRect(int x, int y, int w, int h, const Color& color);
      |                              ^
libgag/include/SDLGraphicContext.h:645:16: warning: 'drawFilledRect' overrides a member function but is not marked 'override' [-Winconsistent-missing-override]
  645 |                 virtual void drawFilledRect(float x, float y, float w, float h, const Color& color);
      |                              ^
libgag/include/SDLGraphicContext.h:278:16: note: overridden virtual function is here
  278 |                 virtual void drawFilledRect(float x, float y, float w, float h, const Color& color);
      |                              ^
libgag/include/SDLGraphicContext.h:647:16: warning: 'drawLine' overrides a member function but is not marked 'override' [-Winconsistent-missing-override]
  647 |                 virtual void drawLine(int x1, int y1, int x2, int y2, const Color& color);
      |                              ^
libgag/include/SDLGraphicContext.h:280:16: note: overridden virtual function is here
  280 |                 virtual void drawLine(int x1, int y1, int x2, int y2, const Color& color);
      |                              ^
libgag/include/SDLGraphicContext.h:648:16: warning: 'drawLine' overrides a member function but is not marked 'override' [-Winconsistent-missing-override]
  648 |                 virtual void drawLine(float x1, float y1, float x2, float y2, const Color& color);
      |                              ^
libgag/include/SDLGraphicContext.h:281:16: note: overridden virtual function is here
  281 |                 virtual void drawLine(float x1, float y1, float x2, float y2, const Color& color);
      |                              ^
libgag/include/SDLGraphicContext.h:650:16: warning: 'drawCircle' overrides a member function but is not marked 'override' [-Winconsistent-missing-override]
  650 |                 virtual void drawCircle(int x, int y, int radius, const Color& color);
      |                              ^
libgag/include/SDLGraphicContext.h:283:16: note: overridden virtual function is here
  283 |                 virtual void drawCircle(int x, int y, int radius, const Color& color);
      |                              ^
libgag/include/SDLGraphicContext.h:651:16: warning: 'drawCircle' overrides a member function but is not marked 'override' [-Winconsistent-missing-override]
  651 |                 virtual void drawCircle(float x, float y, float radius, const Color& color);
      |                              ^
libgag/include/SDLGraphicContext.h:284:16: note: overridden virtual function is here
  284 |                 virtual void drawCircle(float x, float y, float radius, const Color& color);
      |                              ^
libgag/include/SDLGraphicContext.h:653:16: warning: 'drawSurface' overrides a member function but is not marked 'override' [-Winconsistent-missing-override]
  653 |                 virtual void drawSurface(int x, int y, DrawableSurface *surface, Uint8 alpha = Color::ALPHA_OPAQUE);
      |                              ^
libgag/include/SDLGraphicContext.h:286:16: note: overridden virtual function is here
  286 |                 virtual void drawSurface(int x, int y, DrawableSurface *surface, Uint8 alpha = Color::ALPHA_OPAQUE);
      |                              ^
libgag/include/SDLGraphicContext.h:654:16: warning: 'drawSurface' overrides a member function but is not marked 'override' [-Winconsistent-missing-override]
  654 |                 virtual void drawSurface(float x, float y, DrawableSurface *surface, Uint8 alpha = Color::ALPHA_OPAQUE);
      |                              ^
libgag/include/SDLGraphicContext.h:287:16: note: overridden virtual function is here
  287 |                 virtual void drawSurface(float x, float y, DrawableSurface *surface, Uint8 alpha = Color::ALPHA_OPAQUE);
      |                              ^
libgag/include/SDLGraphicContext.h:656:16: warning: 'drawSurface' overrides a member function but is not marked 'override' [-Winconsistent-missing-override]
  656 |                 virtual void drawSurface(int x, int y, int w, int h, DrawableSurface *surface, Uint8 alpha = Color::ALPHA_OPAQUE);
      |                              ^
libgag/include/SDLGraphicContext.h:289:16: note: overridden virtual function is here
  289 |                 virtual void drawSurface(int x, int y, int w, int h, DrawableSurface *surface, Uint8 alpha = Color::ALPHA_OPAQUE);
      |                              ^
libgag/include/SDLGraphicContext.h:657:16: warning: 'drawSurface' overrides a member function but is not marked 'override' [-Winconsistent-missing-override]
  657 |                 virtual void drawSurface(float x, float y, float w, float h, DrawableSurface *surface, Uint8 alpha = Color::ALPHA_OPAQUE);
      |                              ^
libgag/include/SDLGraphicContext.h:290:16: note: overridden virtual function is here
  290 |                 virtual void drawSurface(float x, float y, float w, float h, DrawableSurface *surface, Uint8 alpha = Color::ALPHA_OPAQUE);
      |                              ^
libgag/include/SDLGraphicContext.h:659:16: warning: 'drawSurface' overrides a member function but is not marked 'override' [-Winconsistent-missing-override]
  659 |                 virtual void drawSurface(int x, int y, DrawableSurface *surface, int sx, int sy, int sw, int sh, Uint8 alpha = Color::ALPHA_OPAQUE);
      |                              ^
libgag/include/SDLGraphicContext.h:292:16: note: overridden virtual function is here
  292 |                 virtual void drawSurface(int x, int y, DrawableSurface *surface, int sx, int sy, int sw, int sh, Uint8 alpha = Color::ALPHA_OPAQUE);
      |                              ^
libgag/include/SDLGraphicContext.h:660:16: warning: 'drawSurface' overrides a member function but is not marked 'override' [-Winconsistent-missing-override]
  660 |                 virtual void drawSurface(float x, float y, DrawableSurface *surface, int sx, int sy, int sw, int sh, Uint8 alpha = Color::ALPHA_OPAQUE);
      |                              ^
libgag/include/SDLGraphicContext.h:293:16: note: overridden virtual function is here
  293 |                 virtual void drawSurface(float x, float y, DrawableSurface *surface, int sx, int sy, int sw, int sh, Uint8 alpha = Color::ALPHA_OPAQUE);
      |                              ^
libgag/include/SDLGraphicContext.h:662:16: warning: 'drawSurface' overrides a member function but is not marked 'override' [-Winconsistent-missing-override]
  662 |                 virtual void drawSurface(int x, int y, int w, int h, DrawableSurface *surface, int sx, int sy, int sw, int sh,  Uint8 alpha = Color::ALPHA_OPAQUE);
      |                              ^
libgag/include/SDLGraphicContext.h:295:16: note: overridden virtual function is here
  295 |                 virtual void drawSurface(int x, int y, int w, int h, DrawableSurface *surface, int sx, int sy, int sw, int sh,  Uint8 alpha = Color::ALPHA_OPAQUE);
      |                              ^
libgag/include/SDLGraphicContext.h:663:16: warning: 'drawSurface' overrides a member function but is not marked 'override' [-Winconsistent-missing-override]
  663 |                 virtual void drawSurface(float x, float y, float w, float h, DrawableSurface *surface, int sx, int sy, int sw, int sh, Uint8 alpha = Color::ALPHA_OPAQUE);
      |                              ^
libgag/include/SDLGraphicContext.h:296:16: note: overridden virtual function is here
  296 |                 virtual void drawSurface(float x, float y, float w, float h, DrawableSurface *surface, int sx, int sy, int sw, int sh, Uint8 alpha = Color::ALPHA_OPAQUE);
      |                              ^
libgag/include/SDLGraphicContext.h:692:16: warning: 'drawAlphaMap' overrides a member function but is not marked 'override' [-Winconsistent-missing-override]
  692 |                 virtual void drawAlphaMap(const std::valarray<float> &map, int mapW, int mapH, int x, int y, int cellW, int cellH, const Color &color);
      |                              ^
libgag/include/SDLGraphicContext.h:309:16: note: overridden virtual function is here
  309 |                 virtual void drawAlphaMap(const std::valarray<float> &map, int mapW, int mapH, int x, int y, int cellW, int cellH, const Color &color);
      |                              ^
libgag/include/SDLGraphicContext.h:693:16: warning: 'drawAlphaMap' overrides a member function but is not marked 'override' [-Winconsistent-missing-override]
  693 |                 virtual void drawAlphaMap(const std::valarray<unsigned char> &map, int mapW, int mapH, int x, int y, int cellW, int cellH, const Color &color);
      |                              ^
libgag/include/SDLGraphicContext.h:310:16: note: overridden virtual function is here
  310 |                 virtual void drawAlphaMap(const std::valarray<unsigned char> &map, int mapW, int mapH, int x, int y, int cellW, int cellH, const Color &color);
      |                              ^
libgag/include/SDLGraphicContext.h:696:16: warning: 'drawPixel' overrides a member function but is not marked 'override' [-Winconsistent-missing-override]
  696 |                 virtual void drawPixel(int x, int y, Uint8 r, Uint8 g, Uint8 b, Uint8 a = Color::ALPHA_OPAQUE);
      |                              ^
libgag/include/SDLGraphicContext.h:313:16: note: overridden virtual function is here
  313 |                 virtual void drawPixel(int x, int y, Uint8 r, Uint8 g, Uint8 b, Uint8 a = Color::ALPHA_OPAQUE);
      |                              ^
libgag/include/SDLGraphicContext.h:697:16: warning: 'drawRect' overrides a member function but is not marked 'override' [-Winconsistent-missing-override]
  697 |                 virtual void drawRect(int x, int y, int w, int h, Uint8 r, Uint8 g, Uint8 b, Uint8 a = Color::ALPHA_OPAQUE);
      |                              ^
libgag/include/SDLGraphicContext.h:314:16: note: overridden virtual function is here
  314 |                 virtual void drawRect(int x, int y, int w, int h, Uint8 r, Uint8 g, Uint8 b, Uint8 a = Color::ALPHA_OPAQUE);
      |                              ^
libgag/include/SDLGraphicContext.h:698:16: warning: 'drawFilledRect' overrides a member function but is not marked 'override' [-Winconsistent-missing-override]
  698 |                 virtual void drawFilledRect(int x, int y, int w, int h, Uint8 r, Uint8 g, Uint8 b, Uint8 a = Color::ALPHA_OPAQUE);
      |                              ^
libgag/include/SDLGraphicContext.h:315:16: note: overridden virtual function is here
  315 |                 virtual void drawFilledRect(int x, int y, int w, int h, Uint8 r, Uint8 g, Uint8 b, Uint8 a = Color::ALPHA_OPAQUE);
      |                              ^
libgag/include/SDLGraphicContext.h:699:16: warning: 'drawVertLine' overrides a member function but is not marked 'override' [-Winconsistent-missing-override]
  699 |                 virtual void drawVertLine(int x, int y, int l, Uint8 r, Uint8 g, Uint8 b, Uint8 a = Color::ALPHA_OPAQUE);
      |                              ^
libgag/include/SDLGraphicContext.h:316:16: note: overridden virtual function is here
  316 |                 virtual void drawVertLine(int x, int y, int l, Uint8 r, Uint8 g, Uint8 b, Uint8 a = Color::ALPHA_OPAQUE);
      |                              ^
libgag/include/SDLGraphicContext.h:700:16: warning: 'drawVertLine' overrides a member function but is not marked 'override' [-Winconsistent-missing-override]
  700 |                 virtual void drawVertLine(int x, int y, int l, const Color& color);
      |                              ^
libgag/include/SDLGraphicContext.h:317:16: note: overridden virtual function is here
  317 |                 virtual void drawVertLine(int x, int y, int l, const Color& color);
      |                              ^
libgag/include/SDLGraphicContext.h:701:16: warning: 'drawHorzLine' overrides a member function but is not marked 'override' [-Winconsistent-missing-override]
  701 |                 virtual void drawHorzLine(int x, int y, int l, Uint8 r, Uint8 g, Uint8 b, Uint8 a = Color::ALPHA_OPAQUE);
      |                              ^
libgag/include/SDLGraphicContext.h:318:16: note: overridden virtual function is here
  318 |                 virtual void drawHorzLine(int x, int y, int l, Uint8 r, Uint8 g, Uint8 b, Uint8 a = Color::ALPHA_OPAQUE);
      |                              ^
libgag/include/SDLGraphicContext.h:702:16: warning: 'drawHorzLine' overrides a member function but is not marked 'override' [-Winconsistent-missing-override]
  702 |                 virtual void drawHorzLine(int x, int y, int l, const Color& color);
      |                              ^
libgag/include/SDLGraphicContext.h:319:16: note: overridden virtual function is here
  319 |                 virtual void drawHorzLine(int x, int y, int l, const Color& color);
      |                              ^
libgag/include/SDLGraphicContext.h:703:16: warning: 'drawLine' overrides a member function but is not marked 'override' [-Winconsistent-missing-override]
  703 |                 virtual void drawLine(int x1, int y1, int x2, int y2, Uint8 r, Uint8 g, Uint8 b, Uint8 a = Color::ALPHA_OPAQUE);
      |                              ^
libgag/include/SDLGraphicContext.h:320:16: note: overridden virtual function is here
  320 |                 virtual void drawLine(int x1, int y1, int x2, int y2, Uint8 r, Uint8 g, Uint8 b, Uint8 a = Color::ALPHA_OPAQUE);
      |                              ^
libgag/include/SDLGraphicContext.h:704:16: warning: 'drawCircle' overrides a member function but is not marked 'override' [-Winconsistent-missing-override]
  704 |                 virtual void drawCircle(int x, int y, int radius, Uint8 r, Uint8 g, Uint8 b, Uint8 a = Color::ALPHA_OPAQUE);
      |                              ^
libgag/include/SDLGraphicContext.h:321:16: note: overridden virtual function is here
  321 |                 virtual void drawCircle(int x, int y, int radius, Uint8 r, Uint8 g, Uint8 b, Uint8 a = Color::ALPHA_OPAQUE);
      |                              ^
In file included from src/ui/screens/MusicSetScreen.cpp:2:
In file included from src/ui/screens/MusicUI.h:3:
In file included from src/ui/FrontendUI.h:3:
In file included from libgag/include/ui/Screen.h:3:
In file included from libgag/include/ui/Host.h:4:
In file included from libgag/include/ui/Element.h:3:
In file included from libgag/include/ui/Canvas.h:3:
In file included from libgag/include/ui/TextLayout.h:3:
In file included from libgag/include/ui/Theme.h:6:
In file included from libgag/include/GraphicContext.h:6:
libgag/include/SDLGraphicContext.h:545:16: warning: 'setRes' overrides a member function but is not marked 'override' [-Winconsistent-missing-override]
  545 |                 virtual void setRes(int w, int h) { setRes(w, h, optionFlags); }
      |                              ^
libgag/include/SDLGraphicContext.h:244:16: note: overridden virtual function is here
  244 |                 virtual void setRes(int w, int h);
      |                              ^
libgag/include/SDLGraphicContext.h:621:16: warning: 'setClipRect' overrides a member function but is not marked 'override' [-Winconsistent-missing-override]
  621 |                 virtual void setClipRect(int x, int y, int w, int h);
      |                              ^
libgag/include/SDLGraphicContext.h:246:16: note: overridden virtual function is here
  246 |                 virtual void setClipRect(int x, int y, int w, int h);
      |                              ^
libgag/include/SDLGraphicContext.h:622:16: warning: 'setClipRect' overrides a member function but is not marked 'override' [-Winconsistent-missing-override]
  622 |                 virtual void setClipRect(void);
      |                              ^
libgag/include/SDLGraphicContext.h:247:16: note: overridden virtual function is here
  247 |                 virtual void setClipRect(void);
      |                              ^
libgag/include/SDLGraphicContext.h:627:22: warning: 'nextFrame' overrides a member function but is not marked 'override' [-Winconsistent-missing-override]
  627 |         virtual void nextFrame(void);
      |                      ^
libgag/include/SDLGraphicContext.h:248:16: note: overridden virtual function is here
  248 |                 virtual void nextFrame(void) { flushTextPictures(); }
      |                              ^
libgag/include/SDLGraphicContext.h:629:16: warning: 'loadImage' overrides a member function but is not marked 'override' [-Winconsistent-missing-override]
  629 |                 virtual bool loadImage(const std::string name) { return false; }
      |                              ^
libgag/include/SDLGraphicContext.h:249:16: note: overridden virtual function is here
  249 |                 virtual bool loadImage(const std::string name);
      |                              ^
libgag/include/SDLGraphicContext.h:633:16: warning: 'shiftHSV' overrides a member function but is not marked 'override' [-Winconsistent-missing-override]
  633 |                 virtual void shiftHSV(float hue, float sat, float lum) { }
      |                              ^
libgag/include/SDLGraphicContext.h:250:16: note: overridden virtual function is here
  250 |                 virtual void shiftHSV(float hue, float sat, float lum);
      |                              ^
libgag/include/SDLGraphicContext.h:636:16: warning: 'canDrawStretchedSprite' overrides a member function but is not marked 'override' [-Winconsistent-missing-override]
  636 |                 virtual bool canDrawStretchedSprite(void) { return hasPortableRenderer() || (optionFlags & USEGPU) != 0; }
      |                              ^
libgag/include/SDLGraphicContext.h:268:16: note: overridden virtual function is here
  268 |                 virtual bool canDrawStretchedSprite(void) { return false; }
      |                              ^
libgag/include/SDLGraphicContext.h:638:16: warning: 'drawPixel' overrides a member function but is not marked 'override' [-Winconsistent-missing-override]
  638 |                 virtual void drawPixel(int x, int y, const Color& color);
      |                              ^
libgag/include/SDLGraphicContext.h:271:16: note: overridden virtual function is here
  271 |                 virtual void drawPixel(int x, int y, const Color& color);
      |                              ^
libgag/include/SDLGraphicContext.h:639:16: warning: 'drawPixel' overrides a member function but is not marked 'override' [-Winconsistent-missing-override]
  639 |                 virtual void drawPixel(float x, float y, const Color& color);
      |                              ^
libgag/include/SDLGraphicContext.h:272:16: note: overridden virtual function is here
  272 |                 virtual void drawPixel(float x, float y, const Color& color);
      |                              ^
libgag/include/SDLGraphicContext.h:641:16: warning: 'drawRect' overrides a member function but is not marked 'override' [-Winconsistent-missing-override]
  641 |                 virtual void drawRect(int x, int y, int w, int h, const Color& color);
      |                              ^
libgag/include/SDLGraphicContext.h:274:16: note: overridden virtual function is here
  274 |                 virtual void drawRect(int x, int y, int w, int h, const Color& color);
      |                              ^
libgag/include/SDLGraphicContext.h:642:16: warning: 'drawRect' overrides a member function but is not marked 'override' [-Winconsistent-missing-override]
  642 |                 virtual void drawRect(float x, float y, float w, float h, const Color& color);
      |                              ^
libgag/include/SDLGraphicContext.h:275:16: note: overridden virtual function is here
  275 |                 virtual void drawRect(float x, float y, float w, float h, const Color& color);
      |                              ^
libgag/include/SDLGraphicContext.h:644:16: warning: 'drawFilledRect' overrides a member function but is not marked 'override' [-Winconsistent-missing-override]
  644 |                 virtual void drawFilledRect(int x, int y, int w, int h, const Color& color);
      |                              ^
libgag/include/SDLGraphicContext.h:277:16: note: overridden virtual function is here
  277 |                 virtual void drawFilledRect(int x, int y, int w, int h, const Color& color);
      |                              ^
libgag/include/SDLGraphicContext.h:645:16: warning: 'drawFilledRect' overrides a member function but is not marked 'override' [-Winconsistent-missing-override]
  645 |                 virtual void drawFilledRect(float x, float y, float w, float h, const Color& color);
      |                              ^
libgag/include/SDLGraphicContext.h:278:16: note: overridden virtual function is here
  278 |                 virtual void drawFilledRect(float x, float y, float w, float h, const Color& color);
      |                              ^
libgag/include/SDLGraphicContext.h:647:16: warning: 'drawLine' overrides a member function but is not marked 'override' [-Winconsistent-missing-override]
  647 |                 virtual void drawLine(int x1, int y1, int x2, int y2, const Color& color);
      |                              ^
libgag/include/SDLGraphicContext.h:280:16: note: overridden virtual function is here
  280 |                 virtual void drawLine(int x1, int y1, int x2, int y2, const Color& color);
      |                              ^
libgag/include/SDLGraphicContext.h:648:16: warning: 'drawLine' overrides a member function but is not marked 'override' [-Winconsistent-missing-override]
  648 |                 virtual void drawLine(float x1, float y1, float x2, float y2, const Color& color);
      |                              ^
libgag/include/SDLGraphicContext.h:281:16: note: overridden virtual function is here
  281 |                 virtual void drawLine(float x1, float y1, float x2, float y2, const Color& color);
      |                              ^
libgag/include/SDLGraphicContext.h:650:16: warning: 'drawCircle' overrides a member function but is not marked 'override' [-Winconsistent-missing-override]
  650 |                 virtual void drawCircle(int x, int y, int radius, const Color& color);
      |                              ^
libgag/include/SDLGraphicContext.h:283:16: note: overridden virtual function is here
  283 |                 virtual void drawCircle(int x, int y, int radius, const Color& color);
      |                              ^
libgag/include/SDLGraphicContext.h:651:16: warning: 'drawCircle' overrides a member function but is not marked 'override' [-Winconsistent-missing-override]
  651 |                 virtual void drawCircle(float x, float y, float radius, const Color& color);
      |                              ^
libgag/include/SDLGraphicContext.h:284:16: note: overridden virtual function is here
  284 |                 virtual void drawCircle(float x, float y, float radius, const Color& color);
      |                              ^
libgag/include/SDLGraphicContext.h:653:16: warning: 'drawSurface' overrides a member function but is not marked 'override' [-Winconsistent-missing-override]
  653 |                 virtual void drawSurface(int x, int y, DrawableSurface *surface, Uint8 alpha = Color::ALPHA_OPAQUE);
      |                              ^
libgag/include/SDLGraphicContext.h:286:16: note: overridden virtual function is here
  286 |                 virtual void drawSurface(int x, int y, DrawableSurface *surface, Uint8 alpha = Color::ALPHA_OPAQUE);
      |                              ^
libgag/include/SDLGraphicContext.h:654:16: warning: 'drawSurface' overrides a member function but is not marked 'override' [-Winconsistent-missing-override]
  654 |                 virtual void drawSurface(float x, float y, DrawableSurface *surface, Uint8 alpha = Color::ALPHA_OPAQUE);
      |                              ^
libgag/include/SDLGraphicContext.h:287:16: note: overridden virtual function is here
  287 |                 virtual void drawSurface(float x, float y, DrawableSurface *surface, Uint8 alpha = Color::ALPHA_OPAQUE);
      |                              ^
libgag/include/SDLGraphicContext.h:656:16: warning: 'drawSurface' overrides a member function but is not marked 'override' [-Winconsistent-missing-override]
  656 |                 virtual void drawSurface(int x, int y, int w, int h, DrawableSurface *surface, Uint8 alpha = Color::ALPHA_OPAQUE);
      |                              ^
libgag/include/SDLGraphicContext.h:289:16: note: overridden virtual function is here
  289 |                 virtual void drawSurface(int x, int y, int w, int h, DrawableSurface *surface, Uint8 alpha = Color::ALPHA_OPAQUE);
      |                              ^
libgag/include/SDLGraphicContext.h:657:16: warning: 'drawSurface' overrides a member function but is not marked 'override' [-Winconsistent-missing-override]
  657 |                 virtual void drawSurface(float x, float y, float w, float h, DrawableSurface *surface, Uint8 alpha = Color::ALPHA_OPAQUE);
      |                              ^
libgag/include/SDLGraphicContext.h:290:16: note: overridden virtual function is here
  290 |                 virtual void drawSurface(float x, float y, float w, float h, DrawableSurface *surface, Uint8 alpha = Color::ALPHA_OPAQUE);
      |                              ^
libgag/include/SDLGraphicContext.h:659:16: warning: 'drawSurface' overrides a member function but is not marked 'override' [-Winconsistent-missing-override]
  659 |                 virtual void drawSurface(int x, int y, DrawableSurface *surface, int sx, int sy, int sw, int sh, Uint8 alpha = Color::ALPHA_OPAQUE);
      |                              ^
libgag/include/SDLGraphicContext.h:292:16: note: overridden virtual function is here
  292 |                 virtual void drawSurface(int x, int y, DrawableSurface *surface, int sx, int sy, int sw, int sh, Uint8 alpha = Color::ALPHA_OPAQUE);
      |                              ^
libgag/include/SDLGraphicContext.h:660:16: warning: 'drawSurface' overrides a member function but is not marked 'override' [-Winconsistent-missing-override]
  660 |                 virtual void drawSurface(float x, float y, DrawableSurface *surface, int sx, int sy, int sw, int sh, Uint8 alpha = Color::ALPHA_OPAQUE);
      |                              ^
libgag/include/SDLGraphicContext.h:293:16: note: overridden virtual function is here
  293 |                 virtual void drawSurface(float x, float y, DrawableSurface *surface, int sx, int sy, int sw, int sh, Uint8 alpha = Color::ALPHA_OPAQUE);
      |                              ^
libgag/include/SDLGraphicContext.h:662:16: warning: 'drawSurface' overrides a member function but is not marked 'override' [-Winconsistent-missing-override]
  662 |                 virtual void drawSurface(int x, int y, int w, int h, DrawableSurface *surface, int sx, int sy, int sw, int sh,  Uint8 alpha = Color::ALPHA_OPAQUE);
      |                              ^
libgag/include/SDLGraphicContext.h:295:16: note: overridden virtual function is here
  295 |                 virtual void drawSurface(int x, int y, int w, int h, DrawableSurface *surface, int sx, int sy, int sw, int sh,  Uint8 alpha = Color::ALPHA_OPAQUE);
      |                              ^
libgag/include/SDLGraphicContext.h:663:16: warning: 'drawSurface' overrides a member function but is not marked 'override' [-Winconsistent-missing-override]
  663 |                 virtual void drawSurface(float x, float y, float w, float h, DrawableSurface *surface, int sx, int sy, int sw, int sh, Uint8 alpha = Color::ALPHA_OPAQUE);
      |                              ^
libgag/include/SDLGraphicContext.h:296:16: note: overridden virtual function is here
  296 |                 virtual void drawSurface(float x, float y, float w, float h, DrawableSurface *surface, int sx, int sy, int sw, int sh, Uint8 alpha = Color::ALPHA_OPAQUE);
      |                              ^
libgag/include/SDLGraphicContext.h:692:16: warning: 'drawAlphaMap' overrides a member function but is not marked 'override' [-Winconsistent-missing-override]
  692 |                 virtual void drawAlphaMap(const std::valarray<float> &map, int mapW, int mapH, int x, int y, int cellW, int cellH, const Color &color);
      |                              ^
libgag/include/SDLGraphicContext.h:309:16: note: overridden virtual function is here
  309 |                 virtual void drawAlphaMap(const std::valarray<float> &map, int mapW, int mapH, int x, int y, int cellW, int cellH, const Color &color);
      |                              ^
libgag/include/SDLGraphicContext.h:693:16: warning: 'drawAlphaMap' overrides a member function but is not marked 'override' [-Winconsistent-missing-override]
  693 |                 virtual void drawAlphaMap(const std::valarray<unsigned char> &map, int mapW, int mapH, int x, int y, int cellW, int cellH, const Color &color);
      |                              ^
libgag/include/SDLGraphicContext.h:310:16: note: overridden virtual function is here
  310 |                 virtual void drawAlphaMap(const std::valarray<unsigned char> &map, int mapW, int mapH, int x, int y, int cellW, int cellH, const Color &color);
      |                              ^
libgag/include/SDLGraphicContext.h:696:16: warning: 'drawPixel' overrides a member function but is not marked 'override' [-Winconsistent-missing-override]
  696 |                 virtual void drawPixel(int x, int y, Uint8 r, Uint8 g, Uint8 b, Uint8 a = Color::ALPHA_OPAQUE);
      |                              ^
libgag/include/SDLGraphicContext.h:313:16: note: overridden virtual function is here
  313 |                 virtual void drawPixel(int x, int y, Uint8 r, Uint8 g, Uint8 b, Uint8 a = Color::ALPHA_OPAQUE);
      |                              ^
libgag/include/SDLGraphicContext.h:697:16: warning: 'drawRect' overrides a member function but is not marked 'override' [-Winconsistent-missing-override]
  697 |                 virtual void drawRect(int x, int y, int w, int h, Uint8 r, Uint8 g, Uint8 b, Uint8 a = Color::ALPHA_OPAQUE);
      |                              ^
libgag/include/SDLGraphicContext.h:314:16: note: overridden virtual function is here
  314 |                 virtual void drawRect(int x, int y, int w, int h, Uint8 r, Uint8 g, Uint8 b, Uint8 a = Color::ALPHA_OPAQUE);
      |                              ^
libgag/include/SDLGraphicContext.h:698:16: warning: 'drawFilledRect' overrides a member function but is not marked 'override' [-Winconsistent-missing-override]
  698 |                 virtual void drawFilledRect(int x, int y, int w, int h, Uint8 r, Uint8 g, Uint8 b, Uint8 a = Color::ALPHA_OPAQUE);
      |                              ^
libgag/include/SDLGraphicContext.h:315:16: note: overridden virtual function is here
  315 |                 virtual void drawFilledRect(int x, int y, int w, int h, Uint8 r, Uint8 g, Uint8 b, Uint8 a = Color::ALPHA_OPAQUE);
      |                              ^
libgag/include/SDLGraphicContext.h:699:16: warning: 'drawVertLine' overrides a member function but is not marked 'override' [-Winconsistent-missing-override]
  699 |                 virtual void drawVertLine(int x, int y, int l, Uint8 r, Uint8 g, Uint8 b, Uint8 a = Color::ALPHA_OPAQUE);
      |                              ^
libgag/include/SDLGraphicContext.h:316:16: note: overridden virtual function is here
  316 |                 virtual void drawVertLine(int x, int y, int l, Uint8 r, Uint8 g, Uint8 b, Uint8 a = Color::ALPHA_OPAQUE);
      |                              ^
libgag/include/SDLGraphicContext.h:700:16: warning: 'drawVertLine' overrides a member function but is not marked 'override' [-Winconsistent-missing-override]
  700 |                 virtual void drawVertLine(int x, int y, int l, const Color& color);
      |                              ^
libgag/include/SDLGraphicContext.h:317:16: note: overridden virtual function is here
  317 |                 virtual void drawVertLine(int x, int y, int l, const Color& color);
      |                              ^
libgag/include/SDLGraphicContext.h:701:16: warning: 'drawHorzLine' overrides a member function but is not marked 'override' [-Winconsistent-missing-override]
  701 |                 virtual void drawHorzLine(int x, int y, int l, Uint8 r, Uint8 g, Uint8 b, Uint8 a = Color::ALPHA_OPAQUE);
      |                              ^
libgag/include/SDLGraphicContext.h:318:16: note: overridden virtual function is here
  318 |                 virtual void drawHorzLine(int x, int y, int l, Uint8 r, Uint8 g, Uint8 b, Uint8 a = Color::ALPHA_OPAQUE);
      |                              ^
libgag/include/SDLGraphicContext.h:702:16: warning: 'drawHorzLine' overrides a member function but is not marked 'override' [-Winconsistent-missing-override]
  702 |                 virtual void drawHorzLine(int x, int y, int l, const Color& color);
      |                              ^
libgag/include/SDLGraphicContext.h:319:16: note: overridden virtual function is here
  319 |                 virtual void drawHorzLine(int x, int y, int l, const Color& color);
      |                              ^
libgag/include/SDLGraphicContext.h:703:16: warning: 'drawLine' overrides a member function but is not marked 'override' [-Winconsistent-missing-override]
  703 |                 virtual void drawLine(int x1, int y1, int x2, int y2, Uint8 r, Uint8 g, Uint8 b, Uint8 a = Color::ALPHA_OPAQUE);
      |                              ^
libgag/include/SDLGraphicContext.h:320:16: note: overridden virtual function is here
  320 |                 virtual void drawLine(int x1, int y1, int x2, int y2, Uint8 r, Uint8 g, Uint8 b, Uint8 a = Color::ALPHA_OPAQUE);
      |                              ^
libgag/include/SDLGraphicContext.h:704:16: warning: 'drawCircle' overrides a member function but is not marked 'override' [-Winconsistent-missing-override]
  704 |                 virtual void drawCircle(int x, int y, int radius, Uint8 r, Uint8 g, Uint8 b, Uint8 a = Color::ALPHA_OPAQUE);
      |                              ^
libgag/include/SDLGraphicContext.h:321:16: note: overridden virtual function is here
  321 |                 virtual void drawCircle(int x, int y, int radius, Uint8 r, Uint8 g, Uint8 b, Uint8 a = Color::ALPHA_OPAQUE);
      |                              ^
In file included from src/app/Application.cpp:3:
In file included from src/app/Application.h:4:
In file included from libgag/include/ScreenStack.h:3:
In file included from libgag/include/GUIBase.h:7:
In file included from libgag/include/GraphicContext.h:6:
libgag/include/SDLGraphicContext.h:545:16: warning: 'setRes' overrides a member function but is not marked 'override' [-Winconsistent-missing-override]
  545 |                 virtual void setRes(int w, int h) { setRes(w, h, optionFlags); }
      |                              ^
libgag/include/SDLGraphicContext.h:244:16: note: overridden virtual function is here
  244 |                 virtual void setRes(int w, int h);
      |                              ^
libgag/include/SDLGraphicContext.h:621:16: warning: 'setClipRect' overrides a member function but is not marked 'override' [-Winconsistent-missing-override]
  621 |                 virtual void setClipRect(int x, int y, int w, int h);
      |                              ^
libgag/include/SDLGraphicContext.h:246:16: note: overridden virtual function is here
  246 |                 virtual void setClipRect(int x, int y, int w, int h);
      |                              ^
libgag/include/SDLGraphicContext.h:622:16: warning: 'setClipRect' overrides a member function but is not marked 'override' [-Winconsistent-missing-override]
  622 |                 virtual void setClipRect(void);
      |                              ^
libgag/include/SDLGraphicContext.h:247:16: note: overridden virtual function is here
  247 |                 virtual void setClipRect(void);
      |                              ^
libgag/include/SDLGraphicContext.h:627:22: warning: 'nextFrame' overrides a member function but is not marked 'override' [-Winconsistent-missing-override]
  627 |         virtual void nextFrame(void);
      |                      ^
libgag/include/SDLGraphicContext.h:248:16: note: overridden virtual function is here
  248 |                 virtual void nextFrame(void) { flushTextPictures(); }
      |                              ^
libgag/include/SDLGraphicContext.h:629:16: warning: 'loadImage' overrides a member function but is not marked 'override' [-Winconsistent-missing-override]
  629 |                 virtual bool loadImage(const std::string name) { return false; }
      |                              ^
libgag/include/SDLGraphicContext.h:249:16: note: overridden virtual function is here
  249 |                 virtual bool loadImage(const std::string name);
      |                              ^
libgag/include/SDLGraphicContext.h:633:16: warning: 'shiftHSV' overrides a member function but is not marked 'override' [-Winconsistent-missing-override]
  633 |                 virtual void shiftHSV(float hue, float sat, float lum) { }
      |                              ^
libgag/include/SDLGraphicContext.h:250:16: note: overridden virtual function is here
  250 |                 virtual void shiftHSV(float hue, float sat, float lum);
      |                              ^
libgag/include/SDLGraphicContext.h:636:16: warning: 'canDrawStretchedSprite' overrides a member function but is not marked 'override' [-Winconsistent-missing-override]
  636 |                 virtual bool canDrawStretchedSprite(void) { return hasPortableRenderer() || (optionFlags & USEGPU) != 0; }
      |                              ^
libgag/include/SDLGraphicContext.h:268:16: note: overridden virtual function is here
  268 |                 virtual bool canDrawStretchedSprite(void) { return false; }
      |                              ^
libgag/include/SDLGraphicContext.h:638:16: warning: 'drawPixel' overrides a member function but is not marked 'override' [-Winconsistent-missing-override]
  638 |                 virtual void drawPixel(int x, int y, const Color& color);
      |                              ^
libgag/include/SDLGraphicContext.h:271:16: note: overridden virtual function is here
  271 |                 virtual void drawPixel(int x, int y, const Color& color);
      |                              ^
libgag/include/SDLGraphicContext.h:639:16: warning: 'drawPixel' overrides a member function but is not marked 'override' [-Winconsistent-missing-override]
  639 |                 virtual void drawPixel(float x, float y, const Color& color);
      |                              ^
libgag/include/SDLGraphicContext.h:272:16: note: overridden virtual function is here
  272 |                 virtual void drawPixel(float x, float y, const Color& color);
      |                              ^
libgag/include/SDLGraphicContext.h:641:16: warning: 'drawRect' overrides a member function but is not marked 'override' [-Winconsistent-missing-override]
  641 |                 virtual void drawRect(int x, int y, int w, int h, const Color& color);
      |                              ^
libgag/include/SDLGraphicContext.h:274:16: note: overridden virtual function is here
  274 |                 virtual void drawRect(int x, int y, int w, int h, const Color& color);
      |                              ^
libgag/include/SDLGraphicContext.h:642:16: warning: 'drawRect' overrides a member function but is not marked 'override' [-Winconsistent-missing-override]
  642 |                 virtual void drawRect(float x, float y, float w, float h, const Color& color);
      |                              ^
libgag/include/SDLGraphicContext.h:275:16: note: overridden virtual function is here
  275 |                 virtual void drawRect(float x, float y, float w, float h, const Color& color);
      |                              ^
libgag/include/SDLGraphicContext.h:644:16: warning: 'drawFilledRect' overrides a member function but is not marked 'override' [-Winconsistent-missing-override]
  644 |                 virtual void drawFilledRect(int x, int y, int w, int h, const Color& color);
      |                              ^
libgag/include/SDLGraphicContext.h:277:16: note: overridden virtual function is here
  277 |                 virtual void drawFilledRect(int x, int y, int w, int h, const Color& color);
      |                              ^
libgag/include/SDLGraphicContext.h:645:16: warning: 'drawFilledRect' overrides a member function but is not marked 'override' [-Winconsistent-missing-override]
  645 |                 virtual void drawFilledRect(float x, float y, float w, float h, const Color& color);
      |                              ^
libgag/include/SDLGraphicContext.h:278:16: note: overridden virtual function is here
  278 |                 virtual void drawFilledRect(float x, float y, float w, float h, const Color& color);
      |                              ^
libgag/include/SDLGraphicContext.h:647:16: warning: 'drawLine' overrides a member function but is not marked 'override' [-Winconsistent-missing-override]
  647 |                 virtual void drawLine(int x1, int y1, int x2, int y2, const Color& color);
      |                              ^
libgag/include/SDLGraphicContext.h:280:16: note: overridden virtual function is here
  280 |                 virtual void drawLine(int x1, int y1, int x2, int y2, const Color& color);
      |                              ^
libgag/include/SDLGraphicContext.h:648:16: warning: 'drawLine' overrides a member function but is not marked 'override' [-Winconsistent-missing-override]
  648 |                 virtual void drawLine(float x1, float y1, float x2, float y2, const Color& color);
      |                              ^
libgag/include/SDLGraphicContext.h:281:16: note: overridden virtual function is here
  281 |                 virtual void drawLine(float x1, float y1, float x2, float y2, const Color& color);
      |                              ^
libgag/include/SDLGraphicContext.h:650:16: warning: 'drawCircle' overrides a member function but is not marked 'override' [-Winconsistent-missing-override]
  650 |                 virtual void drawCircle(int x, int y, int radius, const Color& color);
      |                              ^
libgag/include/SDLGraphicContext.h:283:16: note: overridden virtual function is here
  283 |                 virtual void drawCircle(int x, int y, int radius, const Color& color);
      |                              ^
libgag/include/SDLGraphicContext.h:651:16: warning: 'drawCircle' overrides a member function but is not marked 'override' [-Winconsistent-missing-override]
  651 |                 virtual void drawCircle(float x, float y, float radius, const Color& color);
      |                              ^
libgag/include/SDLGraphicContext.h:284:16: note: overridden virtual function is here
  284 |                 virtual void drawCircle(float x, float y, float radius, const Color& color);
      |                              ^
libgag/include/SDLGraphicContext.h:653:16: warning: 'drawSurface' overrides a member function but is not marked 'override' [-Winconsistent-missing-override]
  653 |                 virtual void drawSurface(int x, int y, DrawableSurface *surface, Uint8 alpha = Color::ALPHA_OPAQUE);
      |                              ^
libgag/include/SDLGraphicContext.h:286:16: note: overridden virtual function is here
  286 |                 virtual void drawSurface(int x, int y, DrawableSurface *surface, Uint8 alpha = Color::ALPHA_OPAQUE);
      |                              ^
libgag/include/SDLGraphicContext.h:654:16: warning: 'drawSurface' overrides a member function but is not marked 'override' [-Winconsistent-missing-override]
  654 |                 virtual void drawSurface(float x, float y, DrawableSurface *surface, Uint8 alpha = Color::ALPHA_OPAQUE);
      |                              ^
libgag/include/SDLGraphicContext.h:287:16: note: overridden virtual function is here
  287 |                 virtual void drawSurface(float x, float y, DrawableSurface *surface, Uint8 alpha = Color::ALPHA_OPAQUE);
      |                              ^
libgag/include/SDLGraphicContext.h:656:16: warning: 'drawSurface' overrides a member function but is not marked 'override' [-Winconsistent-missing-override]
  656 |                 virtual void drawSurface(int x, int y, int w, int h, DrawableSurface *surface, Uint8 alpha = Color::ALPHA_OPAQUE);
      |                              ^
libgag/include/SDLGraphicContext.h:289:16: note: overridden virtual function is here
  289 |                 virtual void drawSurface(int x, int y, int w, int h, DrawableSurface *surface, Uint8 alpha = Color::ALPHA_OPAQUE);
      |                              ^
libgag/include/SDLGraphicContext.h:657:16: warning: 'drawSurface' overrides a member function but is not marked 'override' [-Winconsistent-missing-override]
  657 |                 virtual void drawSurface(float x, float y, float w, float h, DrawableSurface *surface, Uint8 alpha = Color::ALPHA_OPAQUE);
      |                              ^
libgag/include/SDLGraphicContext.h:290:16: note: overridden virtual function is here
  290 |                 virtual void drawSurface(float x, float y, float w, float h, DrawableSurface *surface, Uint8 alpha = Color::ALPHA_OPAQUE);
      |                              ^
libgag/include/SDLGraphicContext.h:659:16: warning: 'drawSurface' overrides a member function but is not marked 'override' [-Winconsistent-missing-override]
  659 |                 virtual void drawSurface(int x, int y, DrawableSurface *surface, int sx, int sy, int sw, int sh, Uint8 alpha = Color::ALPHA_OPAQUE);
      |                              ^
libgag/include/SDLGraphicContext.h:292:16: note: overridden virtual function is here
  292 |                 virtual void drawSurface(int x, int y, DrawableSurface *surface, int sx, int sy, int sw, int sh, Uint8 alpha = Color::ALPHA_OPAQUE);
      |                              ^
libgag/include/SDLGraphicContext.h:660:16: warning: 'drawSurface' overrides a member function but is not marked 'override' [-Winconsistent-missing-override]
  660 |                 virtual void drawSurface(float x, float y, DrawableSurface *surface, int sx, int sy, int sw, int sh, Uint8 alpha = Color::ALPHA_OPAQUE);
      |                              ^
libgag/include/SDLGraphicContext.h:293:16: note: overridden virtual function is here
  293 |                 virtual void drawSurface(float x, float y, DrawableSurface *surface, int sx, int sy, int sw, int sh, Uint8 alpha = Color::ALPHA_OPAQUE);
      |                              ^
libgag/include/SDLGraphicContext.h:662:16: warning: 'drawSurface' overrides a member function but is not marked 'override' [-Winconsistent-missing-override]
  662 |                 virtual void drawSurface(int x, int y, int w, int h, DrawableSurface *surface, int sx, int sy, int sw, int sh,  Uint8 alpha = Color::ALPHA_OPAQUE);
      |                              ^
libgag/include/SDLGraphicContext.h:295:16: note: overridden virtual function is here
  295 |                 virtual void drawSurface(int x, int y, int w, int h, DrawableSurface *surface, int sx, int sy, int sw, int sh,  Uint8 alpha = Color::ALPHA_OPAQUE);
      |                              ^
libgag/include/SDLGraphicContext.h:663:16: warning: 'drawSurface' overrides a member function but is not marked 'override' [-Winconsistent-missing-override]
  663 |                 virtual void drawSurface(float x, float y, float w, float h, DrawableSurface *surface, int sx, int sy, int sw, int sh, Uint8 alpha = Color::ALPHA_OPAQUE);
      |                              ^
libgag/include/SDLGraphicContext.h:296:16: note: overridden virtual function is here
  296 |                 virtual void drawSurface(float x, float y, float w, float h, DrawableSurface *surface, int sx, int sy, int sw, int sh, Uint8 alpha = Color::ALPHA_OPAQUE);
      |                              ^
libgag/include/SDLGraphicContext.h:692:16: warning: 'drawAlphaMap' overrides a member function but is not marked 'override' [-Winconsistent-missing-override]
  692 |                 virtual void drawAlphaMap(const std::valarray<float> &map, int mapW, int mapH, int x, int y, int cellW, int cellH, const Color &color);
      |                              ^
libgag/include/SDLGraphicContext.h:309:16: note: overridden virtual function is here
  309 |                 virtual void drawAlphaMap(const std::valarray<float> &map, int mapW, int mapH, int x, int y, int cellW, int cellH, const Color &color);
      |                              ^
libgag/include/SDLGraphicContext.h:693:16: warning: 'drawAlphaMap' overrides a member function but is not marked 'override' [-Winconsistent-missing-override]
  693 |                 virtual void drawAlphaMap(const std::valarray<unsigned char> &map, int mapW, int mapH, int x, int y, int cellW, int cellH, const Color &color);
      |                              ^
libgag/include/SDLGraphicContext.h:310:16: note: overridden virtual function is here
  310 |                 virtual void drawAlphaMap(const std::valarray<unsigned char> &map, int mapW, int mapH, int x, int y, int cellW, int cellH, const Color &color);
      |                              ^
libgag/include/SDLGraphicContext.h:696:16: warning: 'drawPixel' overrides a member function but is not marked 'override' [-Winconsistent-missing-override]
  696 |                 virtual void drawPixel(int x, int y, Uint8 r, Uint8 g, Uint8 b, Uint8 a = Color::ALPHA_OPAQUE);
      |                              ^
libgag/include/SDLGraphicContext.h:313:16: note: overridden virtual function is here
  313 |                 virtual void drawPixel(int x, int y, Uint8 r, Uint8 g, Uint8 b, Uint8 a = Color::ALPHA_OPAQUE);
      |                              ^
libgag/include/SDLGraphicContext.h:697:16: warning: 'drawRect' overrides a member function but is not marked 'override' [-Winconsistent-missing-override]
  697 |                 virtual void drawRect(int x, int y, int w, int h, Uint8 r, Uint8 g, Uint8 b, Uint8 a = Color::ALPHA_OPAQUE);
      |                              ^
libgag/include/SDLGraphicContext.h:314:16: note: overridden virtual function is here
  314 |                 virtual void drawRect(int x, int y, int w, int h, Uint8 r, Uint8 g, Uint8 b, Uint8 a = Color::ALPHA_OPAQUE);
      |                              ^
libgag/include/SDLGraphicContext.h:698:16: warning: 'drawFilledRect' overrides a member function but is not marked 'override' [-Winconsistent-missing-override]
  698 |                 virtual void drawFilledRect(int x, int y, int w, int h, Uint8 r, Uint8 g, Uint8 b, Uint8 a = Color::ALPHA_OPAQUE);
      |                              ^
libgag/include/SDLGraphicContext.h:315:16: note: overridden virtual function is here
  315 |                 virtual void drawFilledRect(int x, int y, int w, int h, Uint8 r, Uint8 g, Uint8 b, Uint8 a = Color::ALPHA_OPAQUE);
      |                              ^
libgag/include/SDLGraphicContext.h:699:16: warning: 'drawVertLine' overrides a member function but is not marked 'override' [-Winconsistent-missing-override]
  699 |                 virtual void drawVertLine(int x, int y, int l, Uint8 r, Uint8 g, Uint8 b, Uint8 a = Color::ALPHA_OPAQUE);
      |                              ^
libgag/include/SDLGraphicContext.h:316:16: note: overridden virtual function is here
  316 |                 virtual void drawVertLine(int x, int y, int l, Uint8 r, Uint8 g, Uint8 b, Uint8 a = Color::ALPHA_OPAQUE);
      |                              ^
libgag/include/SDLGraphicContext.h:700:16: warning: 'drawVertLine' overrides a member function but is not marked 'override' [-Winconsistent-missing-override]
  700 |                 virtual void drawVertLine(int x, int y, int l, const Color& color);
      |                              ^
libgag/include/SDLGraphicContext.h:317:16: note: overridden virtual function is here
  317 |                 virtual void drawVertLine(int x, int y, int l, const Color& color);
      |                              ^
libgag/include/SDLGraphicContext.h:701:16: warning: 'drawHorzLine' overrides a member function but is not marked 'override' [-Winconsistent-missing-override]
  701 |                 virtual void drawHorzLine(int x, int y, int l, Uint8 r, Uint8 g, Uint8 b, Uint8 a = Color::ALPHA_OPAQUE);
      |                              ^
libgag/include/SDLGraphicContext.h:318:16: note: overridden virtual function is here
  318 |                 virtual void drawHorzLine(int x, int y, int l, Uint8 r, Uint8 g, Uint8 b, Uint8 a = Color::ALPHA_OPAQUE);
      |                              ^
libgag/include/SDLGraphicContext.h:702:16: warning: 'drawHorzLine' overrides a member function but is not marked 'override' [-Winconsistent-missing-override]
  702 |                 virtual void drawHorzLine(int x, int y, int l, const Color& color);
      |                              ^
libgag/include/SDLGraphicContext.h:319:16: note: overridden virtual function is here
  319 |                 virtual void drawHorzLine(int x, int y, int l, const Color& color);
      |                              ^
libgag/include/SDLGraphicContext.h:703:16: warning: 'drawLine' overrides a member function but is not marked 'override' [-Winconsistent-missing-override]
  703 |                 virtual void drawLine(int x1, int y1, int x2, int y2, Uint8 r, Uint8 g, Uint8 b, Uint8 a = Color::ALPHA_OPAQUE);
      |                              ^
libgag/include/SDLGraphicContext.h:320:16: note: overridden virtual function is here
  320 |                 virtual void drawLine(int x1, int y1, int x2, int y2, Uint8 r, Uint8 g, Uint8 b, Uint8 a = Color::ALPHA_OPAQUE);
      |                              ^
libgag/include/SDLGraphicContext.h:704:16: warning: 'drawCircle' overrides a member function but is not marked 'override' [-Winconsistent-missing-override]
  704 |                 virtual void drawCircle(int x, int y, int radius, Uint8 r, Uint8 g, Uint8 b, Uint8 a = Color::ALPHA_OPAQUE);
      |                              ^
libgag/include/SDLGraphicContext.h:321:16: note: overridden virtual function is here
  321 |                 virtual void drawCircle(int x, int y, int radius, Uint8 r, Uint8 g, Uint8 b, Uint8 a = Color::ALPHA_OPAQUE);
      |                              ^
36 warnings generated.
src/ui/screens/MusicLibraryScreen.cpp:43:29: warning: 'u8path<std::string, 0>' is deprecated [-Wdeprecated-declarations]
   43 |           library(std::filesystem::u8path(GAGCore::Toolkit::getFileManager()->getDir(0)))
      |                                    ^
/home/bradley/.local/share/glob2/development/caches/emscripten-Linux-x86_64-3a5dd83f472c2b1db0c7f2b3/cache/sysroot/include/c++/v1/__filesystem/u8path.h:78:23: note: 'u8path<std::string, 0>' has been explicitly marked deprecated here
   78 | _LIBCPP_HIDE_FROM_ABI _LIBCPP_DEPRECATED_WITH_CHAR8_T path u8path(const _Source& __s) {
      |                       ^
/home/bradley/.local/share/glob2/development/caches/emscripten-Linux-x86_64-3a5dd83f472c2b1db0c7f2b3/cache/sysroot/include/c++/v1/__config:749:45: note: expanded from macro '_LIBCPP_DEPRECATED_WITH_CHAR8_T'
  749 | #    define _LIBCPP_DEPRECATED_WITH_CHAR8_T _LIBCPP_DEPRECATED
      |                                             ^
/home/bradley/.local/share/glob2/development/caches/emscripten-Linux-x86_64-3a5dd83f472c2b1db0c7f2b3/cache/sysroot/include/c++/v1/__config:698:49: note: expanded from macro '_LIBCPP_DEPRECATED'
  698 | #      define _LIBCPP_DEPRECATED __attribute__((__deprecated__))
      |                                                 ^
src/ui/screens/MusicLibraryScreen.cpp:50:20: warning: 'u8path<std::string, 0>' is deprecated [-Wdeprecated-declarations]
   50 |                 std::filesystem::u8path(GAGCore::Toolkit::getFileManager()->getDir(0)) / "music-preview";
      |                                  ^
/home/bradley/.local/share/glob2/development/caches/emscripten-Linux-x86_64-3a5dd83f472c2b1db0c7f2b3/cache/sysroot/include/c++/v1/__filesystem/u8path.h:78:23: note: 'u8path<std::string, 0>' has been explicitly marked deprecated here
   78 | _LIBCPP_HIDE_FROM_ABI _LIBCPP_DEPRECATED_WITH_CHAR8_T path u8path(const _Source& __s) {
      |                       ^
/home/bradley/.local/share/glob2/development/caches/emscripten-Linux-x86_64-3a5dd83f472c2b1db0c7f2b3/cache/sysroot/include/c++/v1/__config:749:45: note: expanded from macro '_LIBCPP_DEPRECATED_WITH_CHAR8_T'
  749 | #    define _LIBCPP_DEPRECATED_WITH_CHAR8_T _LIBCPP_DEPRECATED
      |                                             ^
/home/bradley/.local/share/glob2/development/caches/emscripten-Linux-x86_64-3a5dd83f472c2b1db0c7f2b3/cache/sysroot/include/c++/v1/__config:698:49: note: expanded from macro '_LIBCPP_DEPRECATED'
  698 | #      define _LIBCPP_DEPRECATED __attribute__((__deprecated__))
      |                                                 ^
/home/bradley/.local/share/glob2/development/toolchains/emscripten/Linux-x86_64-88a621bc131cd4954413aa39/upstream/emscripten/em++ -o build/emscripten/client/release/music-obj/browser/MusicWorker.cpp.o -c -std=gnu++20 -fwasm-exceptions -g2 -O2 --use-port=zlib -DHAVE_CONFIG_H -DGLOB2_OFFICIAL_INSTANCE_ORIGIN=\"https://app.glob2online.com\" -DGLOB2_OFFICIAL_INSTANCE_FORMER_ORIGINS=\"https://glob2online.com\" -Ibuild/emscripten/client/release/include -Ibuild/emscripten/client/release/sdl3/prefix/include -Ilibgag/include -I. -Ilibusl/src -Isrc -Isrc/ai -Isrc/hud -Isrc/app -Isrc/game/player -Isrc/team -Isrc/common -Isrc/map -Isrc/game -Isrc/campaign -Isrc/campaign/screens -Isrc/replay -Isrc/game/screens -Isrc/render/clouds -Isrc/ui/screens -Isrc/game/rules -Isrc/game/diagnostics -Isrc/map/editor/screens -Isrc/engine -Isrc/ui -Isrc/map/preview -Isrc/app/cli -Isrc/net/lan/screens -Isrc/online -Isrc/map/tools -Isrc/scripting/map -Isrc/render/overlay -Isrc/audio -Isrc/online/screens -Isrc/game/orders -Isrc/resource -Isrc/ui/settings -Isrc/team/stats -Isrc/render/torus -Isrc/ai/simple -Isrc/ai/castor -Isrc/ai/javascript -Isrc/ai/nicowar -Isrc/ai/numbi -Isrc/ai/telemetry -Isrc/ai/warrush -Isrc/ai/maxima -Isrc/building -Isrc/building/types -Isrc/unit/types -Isrc/building/hud -Isrc/net -Isrc/hud/draw -Isrc/hud/input -Isrc/hud/touch -Isrc/net/turn -Isrc/unit -Isrc/map/editor -Isrc/map/generator -Isrc/map/generator/compatibility -Isrc/map/generator/core -Isrc/map/generator/generators -Isrc/map/generator/shared -Isrc/map/generator/shared/legacy -Isrc/map/gradient -Isrc/map/io -Isrc/net/lan -Isrc/net/message -Isrc/scripting/sgsl -Ithird_party/nlohmann-json/include -Ibuild/emscripten/client/release/opus/prefix/include -Ibuild/emscripten/client/release/opus/prefix/include/opus -Ithird_party/quickjs-ng browser/MusicWorker.cpp
In file included from src/game/screens/GameSessionScreen.cpp:2:
In file included from src/game/screens/GameSessionScreen.h:3:
In file included from libgag/include/GUIBase.h:7:
In file included from libgag/include/GraphicContext.h:6:
libgag/include/SDLGraphicContext.h:545:16: warning: 'setRes' overrides a member function but is not marked 'override' [-Winconsistent-missing-override]
  545 |                 virtual void setRes(int w, int h) { setRes(w, h, optionFlags); }
      |                              ^
libgag/include/SDLGraphicContext.h:244:16: note: overridden virtual function is here
  244 |                 virtual void setRes(int w, int h);
      |                              ^
libgag/include/SDLGraphicContext.h:621:16: warning: 'setClipRect' overrides a member function but is not marked 'override' [-Winconsistent-missing-override]
  621 |                 virtual void setClipRect(int x, int y, int w, int h);
      |                              ^
libgag/include/SDLGraphicContext.h:246:16: note: overridden virtual function is here
  246 |                 virtual void setClipRect(int x, int y, int w, int h);
      |                              ^
libgag/include/SDLGraphicContext.h:622:16: warning: 'setClipRect' overrides a member function but is not marked 'override' [-Winconsistent-missing-override]
  622 |                 virtual void setClipRect(void);
      |                              ^
libgag/include/SDLGraphicContext.h:247:16: note: overridden virtual function is here
  247 |                 virtual void setClipRect(void);
      |                              ^
libgag/include/SDLGraphicContext.h:627:22: warning: 'nextFrame' overrides a member function but is not marked 'override' [-Winconsistent-missing-override]
  627 |         virtual void nextFrame(void);
      |                      ^
libgag/include/SDLGraphicContext.h:248:16: note: overridden virtual function is here
  248 |                 virtual void nextFrame(void) { flushTextPictures(); }
      |                              ^
libgag/include/SDLGraphicContext.h:629:16: warning: 'loadImage' overrides a member function but is not marked 'override' [-Winconsistent-missing-override]
  629 |                 virtual bool loadImage(const std::string name) { return false; }
      |                              ^
libgag/include/SDLGraphicContext.h:249:16: note: overridden virtual function is here
  249 |                 virtual bool loadImage(const std::string name);
      |                              ^
libgag/include/SDLGraphicContext.h:633:16: warning: 'shiftHSV' overrides a member function but is not marked 'override' [-Winconsistent-missing-override]
  633 |                 virtual void shiftHSV(float hue, float sat, float lum) { }
      |                              ^
libgag/include/SDLGraphicContext.h:250:16: note: overridden virtual function is here
  250 |                 virtual void shiftHSV(float hue, float sat, float lum);
      |                              ^
libgag/include/SDLGraphicContext.h:636:16: warning: 'canDrawStretchedSprite' overrides a member function but is not marked 'override' [-Winconsistent-missing-override]
  636 |                 virtual bool canDrawStretchedSprite(void) { return hasPortableRenderer() || (optionFlags & USEGPU) != 0; }
      |                              ^
libgag/include/SDLGraphicContext.h:268:16: note: overridden virtual function is here
  268 |                 virtual bool canDrawStretchedSprite(void) { return false; }
      |                              ^
libgag/include/SDLGraphicContext.h:638:16: warning: 'drawPixel' overrides a member function but is not marked 'override' [-Winconsistent-missing-override]
  638 |                 virtual void drawPixel(int x, int y, const Color& color);
      |                              ^
libgag/include/SDLGraphicContext.h:271:16: note: overridden virtual function is here
  271 |                 virtual void drawPixel(int x, int y, const Color& color);
      |                              ^
libgag/include/SDLGraphicContext.h:639:16: warning: 'drawPixel' overrides a member function but is not marked 'override' [-Winconsistent-missing-override]
  639 |                 virtual void drawPixel(float x, float y, const Color& color);
      |                              ^
libgag/include/SDLGraphicContext.h:272:16: note: overridden virtual function is here
  272 |                 virtual void drawPixel(float x, float y, const Color& color);
      |                              ^
libgag/include/SDLGraphicContext.h:641:16: warning: 'drawRect' overrides a member function but is not marked 'override' [-Winconsistent-missing-override]
  641 |                 virtual void drawRect(int x, int y, int w, int h, const Color& color);
      |                              ^
libgag/include/SDLGraphicContext.h:274:16: note: overridden virtual function is here
  274 |                 virtual void drawRect(int x, int y, int w, int h, const Color& color);
      |                              ^
libgag/include/SDLGraphicContext.h:642:16: warning: 'drawRect' overrides a member function but is not marked 'override' [-Winconsistent-missing-override]
  642 |                 virtual void drawRect(float x, float y, float w, float h, const Color& color);
      |                              ^
libgag/include/SDLGraphicContext.h:275:16: note: overridden virtual function is here
  275 |                 virtual void drawRect(float x, float y, float w, float h, const Color& color);
      |                              ^
libgag/include/SDLGraphicContext.h:644:16: warning: 'drawFilledRect' overrides a member function but is not marked 'override' [-Winconsistent-missing-override]
  644 |                 virtual void drawFilledRect(int x, int y, int w, int h, const Color& color);
      |                              ^
libgag/include/SDLGraphicContext.h:277:16: note: overridden virtual function is here
  277 |                 virtual void drawFilledRect(int x, int y, int w, int h, const Color& color);
      |                              ^
libgag/include/SDLGraphicContext.h:645:16: warning: 'drawFilledRect' overrides a member function but is not marked 'override' [-Winconsistent-missing-override]
  645 |                 virtual void drawFilledRect(float x, float y, float w, float h, const Color& color);
      |                              ^
libgag/include/SDLGraphicContext.h:278:16: note: overridden virtual function is here
  278 |                 virtual void drawFilledRect(float x, float y, float w, float h, const Color& color);
      |                              ^
libgag/include/SDLGraphicContext.h:647:16: warning: 'drawLine' overrides a member function but is not marked 'override' [-Winconsistent-missing-override]
  647 |                 virtual void drawLine(int x1, int y1, int x2, int y2, const Color& color);
      |                              ^
libgag/include/SDLGraphicContext.h:280:16: note: overridden virtual function is here
  280 |                 virtual void drawLine(int x1, int y1, int x2, int y2, const Color& color);
      |                              ^
libgag/include/SDLGraphicContext.h:648:16: warning: 'drawLine' overrides a member function but is not marked 'override' [-Winconsistent-missing-override]
  648 |                 virtual void drawLine(float x1, float y1, float x2, float y2, const Color& color);
      |                              ^
libgag/include/SDLGraphicContext.h:281:16: note: overridden virtual function is here
  281 |                 virtual void drawLine(float x1, float y1, float x2, float y2, const Color& color);
      |                              ^
libgag/include/SDLGraphicContext.h:650:16: warning: 'drawCircle' overrides a member function but is not marked 'override' [-Winconsistent-missing-override]
  650 |                 virtual void drawCircle(int x, int y, int radius, const Color& color);
      |                              ^
libgag/include/SDLGraphicContext.h:283:16: note: overridden virtual function is here
  283 |                 virtual void drawCircle(int x, int y, int radius, const Color& color);
      |                              ^
libgag/include/SDLGraphicContext.h:651:16: warning: 'drawCircle' overrides a member function but is not marked 'override' [-Winconsistent-missing-override]
  651 |                 virtual void drawCircle(float x, float y, float radius, const Color& color);
      |                              ^
libgag/include/SDLGraphicContext.h:284:16: note: overridden virtual function is here
  284 |                 virtual void drawCircle(float x, float y, float radius, const Color& color);
      |                              ^
libgag/include/SDLGraphicContext.h:653:16: warning: 'drawSurface' overrides a member function but is not marked 'override' [-Winconsistent-missing-override]
  653 |                 virtual void drawSurface(int x, int y, DrawableSurface *surface, Uint8 alpha = Color::ALPHA_OPAQUE);
      |                              ^
libgag/include/SDLGraphicContext.h:286:16: note: overridden virtual function is here
  286 |                 virtual void drawSurface(int x, int y, DrawableSurface *surface, Uint8 alpha = Color::ALPHA_OPAQUE);
      |                              ^
libgag/include/SDLGraphicContext.h:654:16: warning: 'drawSurface' overrides a member function but is not marked 'override' [-Winconsistent-missing-override]
  654 |                 virtual void drawSurface(float x, float y, DrawableSurface *surface, Uint8 alpha = Color::ALPHA_OPAQUE);
      |                              ^
libgag/include/SDLGraphicContext.h:287:16: note: overridden virtual function is here
  287 |                 virtual void drawSurface(float x, float y, DrawableSurface *surface, Uint8 alpha = Color::ALPHA_OPAQUE);
      |                              ^
libgag/include/SDLGraphicContext.h:656:16: warning: 'drawSurface' overrides a member function but is not marked 'override' [-Winconsistent-missing-override]
  656 |                 virtual void drawSurface(int x, int y, int w, int h, DrawableSurface *surface, Uint8 alpha = Color::ALPHA_OPAQUE);
      |                              ^
libgag/include/SDLGraphicContext.h:289:16: note: overridden virtual function is here
  289 |                 virtual void drawSurface(int x, int y, int w, int h, DrawableSurface *surface, Uint8 alpha = Color::ALPHA_OPAQUE);
      |                              ^
libgag/include/SDLGraphicContext.h:657:16: warning: 'drawSurface' overrides a member function but is not marked 'override' [-Winconsistent-missing-override]
  657 |                 virtual void drawSurface(float x, float y, float w, float h, DrawableSurface *surface, Uint8 alpha = Color::ALPHA_OPAQUE);
      |                              ^
libgag/include/SDLGraphicContext.h:290:16: note: overridden virtual function is here
  290 |                 virtual void drawSurface(float x, float y, float w, float h, DrawableSurface *surface, Uint8 alpha = Color::ALPHA_OPAQUE);
      |                              ^
libgag/include/SDLGraphicContext.h:659:16: warning: 'drawSurface' overrides a member function but is not marked 'override' [-Winconsistent-missing-override]
  659 |                 virtual void drawSurface(int x, int y, DrawableSurface *surface, int sx, int sy, int sw, int sh, Uint8 alpha = Color::ALPHA_OPAQUE);
      |                              ^
libgag/include/SDLGraphicContext.h:292:16: note: overridden virtual function is here
  292 |                 virtual void drawSurface(int x, int y, DrawableSurface *surface, int sx, int sy, int sw, int sh, Uint8 alpha = Color::ALPHA_OPAQUE);
      |                              ^
libgag/include/SDLGraphicContext.h:660:16: warning: 'drawSurface' overrides a member function but is not marked 'override' [-Winconsistent-missing-override]
  660 |                 virtual void drawSurface(float x, float y, DrawableSurface *surface, int sx, int sy, int sw, int sh, Uint8 alpha = Color::ALPHA_OPAQUE);
      |                              ^
libgag/include/SDLGraphicContext.h:293:16: note: overridden virtual function is here
  293 |                 virtual void drawSurface(float x, float y, DrawableSurface *surface, int sx, int sy, int sw, int sh, Uint8 alpha = Color::ALPHA_OPAQUE);
      |                              ^
libgag/include/SDLGraphicContext.h:662:16: warning: 'drawSurface' overrides a member function but is not marked 'override' [-Winconsistent-missing-override]
  662 |                 virtual void drawSurface(int x, int y, int w, int h, DrawableSurface *surface, int sx, int sy, int sw, int sh,  Uint8 alpha = Color::ALPHA_OPAQUE);
      |                              ^
libgag/include/SDLGraphicContext.h:295:16: note: overridden virtual function is here
  295 |                 virtual void drawSurface(int x, int y, int w, int h, DrawableSurface *surface, int sx, int sy, int sw, int sh,  Uint8 alpha = Color::ALPHA_OPAQUE);
      |                              ^
libgag/include/SDLGraphicContext.h:663:16: warning: 'drawSurface' overrides a member function but is not marked 'override' [-Winconsistent-missing-override]
  663 |                 virtual void drawSurface(float x, float y, float w, float h, DrawableSurface *surface, int sx, int sy, int sw, int sh, Uint8 alpha = Color::ALPHA_OPAQUE);
      |                              ^
libgag/include/SDLGraphicContext.h:296:16: note: overridden virtual function is here
  296 |                 virtual void drawSurface(float x, float y, float w, float h, DrawableSurface *surface, int sx, int sy, int sw, int sh, Uint8 alpha = Color::ALPHA_OPAQUE);
      |                              ^
libgag/include/SDLGraphicContext.h:692:16: warning: 'drawAlphaMap' overrides a member function but is not marked 'override' [-Winconsistent-missing-override]
  692 |                 virtual void drawAlphaMap(const std::valarray<float> &map, int mapW, int mapH, int x, int y, int cellW, int cellH, const Color &color);
      |                              ^
libgag/include/SDLGraphicContext.h:309:16: note: overridden virtual function is here
  309 |                 virtual void drawAlphaMap(const std::valarray<float> &map, int mapW, int mapH, int x, int y, int cellW, int cellH, const Color &color);
      |                              ^
libgag/include/SDLGraphicContext.h:693:16: warning: 'drawAlphaMap' overrides a member function but is not marked 'override' [-Winconsistent-missing-override]
  693 |                 virtual void drawAlphaMap(const std::valarray<unsigned char> &map, int mapW, int mapH, int x, int y, int cellW, int cellH, const Color &color);
      |                              ^
libgag/include/SDLGraphicContext.h:310:16: note: overridden virtual function is here
  310 |                 virtual void drawAlphaMap(const std::valarray<unsigned char> &map, int mapW, int mapH, int x, int y, int cellW, int cellH, const Color &color);
      |                              ^
libgag/include/SDLGraphicContext.h:696:16: warning: 'drawPixel' overrides a member function but is not marked 'override' [-Winconsistent-missing-override]
  696 |                 virtual void drawPixel(int x, int y, Uint8 r, Uint8 g, Uint8 b, Uint8 a = Color::ALPHA_OPAQUE);
      |                              ^
libgag/include/SDLGraphicContext.h:313:16: note: overridden virtual function is here
  313 |                 virtual void drawPixel(int x, int y, Uint8 r, Uint8 g, Uint8 b, Uint8 a = Color::ALPHA_OPAQUE);
      |                              ^
libgag/include/SDLGraphicContext.h:697:16: warning: 'drawRect' overrides a member function but is not marked 'override' [-Winconsistent-missing-override]
  697 |                 virtual void drawRect(int x, int y, int w, int h, Uint8 r, Uint8 g, Uint8 b, Uint8 a = Color::ALPHA_OPAQUE);
      |                              ^
libgag/include/SDLGraphicContext.h:314:16: note: overridden virtual function is here
  314 |                 virtual void drawRect(int x, int y, int w, int h, Uint8 r, Uint8 g, Uint8 b, Uint8 a = Color::ALPHA_OPAQUE);
      |                              ^
libgag/include/SDLGraphicContext.h:698:16: warning: 'drawFilledRect' overrides a member function but is not marked 'override' [-Winconsistent-missing-override]
  698 |                 virtual void drawFilledRect(int x, int y, int w, int h, Uint8 r, Uint8 g, Uint8 b, Uint8 a = Color::ALPHA_OPAQUE);
      |                              ^
libgag/include/SDLGraphicContext.h:315:16: note: overridden virtual function is here
  315 |                 virtual void drawFilledRect(int x, int y, int w, int h, Uint8 r, Uint8 g, Uint8 b, Uint8 a = Color::ALPHA_OPAQUE);
      |                              ^
libgag/include/SDLGraphicContext.h:699:16: warning: 'drawVertLine' overrides a member function but is not marked 'override' [-Winconsistent-missing-override]
  699 |                 virtual void drawVertLine(int x, int y, int l, Uint8 r, Uint8 g, Uint8 b, Uint8 a = Color::ALPHA_OPAQUE);
      |                              ^
libgag/include/SDLGraphicContext.h:316:16: note: overridden virtual function is here
  316 |                 virtual void drawVertLine(int x, int y, int l, Uint8 r, Uint8 g, Uint8 b, Uint8 a = Color::ALPHA_OPAQUE);
      |                              ^
libgag/include/SDLGraphicContext.h:700:16: warning: 'drawVertLine' overrides a member function but is not marked 'override' [-Winconsistent-missing-override]
  700 |                 virtual void drawVertLine(int x, int y, int l, const Color& color);
      |                              ^
libgag/include/SDLGraphicContext.h:317:16: note: overridden virtual function is here
  317 |                 virtual void drawVertLine(int x, int y, int l, const Color& color);
      |                              ^
libgag/include/SDLGraphicContext.h:701:16: warning: 'drawHorzLine' overrides a member function but is not marked 'override' [-Winconsistent-missing-override]
  701 |                 virtual void drawHorzLine(int x, int y, int l, Uint8 r, Uint8 g, Uint8 b, Uint8 a = Color::ALPHA_OPAQUE);
      |                              ^
libgag/include/SDLGraphicContext.h:318:16: note: overridden virtual function is here
  318 |                 virtual void drawHorzLine(int x, int y, int l, Uint8 r, Uint8 g, Uint8 b, Uint8 a = Color::ALPHA_OPAQUE);
      |                              ^
libgag/include/SDLGraphicContext.h:702:16: warning: 'drawHorzLine' overrides a member function but is not marked 'override' [-Winconsistent-missing-override]
  702 |                 virtual void drawHorzLine(int x, int y, int l, const Color& color);
      |                              ^
libgag/include/SDLGraphicContext.h:319:16: note: overridden virtual function is here
  319 |                 virtual void drawHorzLine(int x, int y, int l, const Color& color);
      |                              ^
libgag/include/SDLGraphicContext.h:703:16: warning: 'drawLine' overrides a member function but is not marked 'override' [-Winconsistent-missing-override]
  703 |                 virtual void drawLine(int x1, int y1, int x2, int y2, Uint8 r, Uint8 g, Uint8 b, Uint8 a = Color::ALPHA_OPAQUE);
      |                              ^
libgag/include/SDLGraphicContext.h:320:16: note: overridden virtual function is here
  320 |                 virtual void drawLine(int x1, int y1, int x2, int y2, Uint8 r, Uint8 g, Uint8 b, Uint8 a = Color::ALPHA_OPAQUE);
      |                              ^
libgag/include/SDLGraphicContext.h:704:16: warning: 'drawCircle' overrides a member function but is not marked 'override' [-Winconsistent-missing-override]
  704 |                 virtual void drawCircle(int x, int y, int radius, Uint8 r, Uint8 g, Uint8 b, Uint8 a = Color::ALPHA_OPAQUE);
      |                              ^
libgag/include/SDLGraphicContext.h:321:16: note: overridden virtual function is here
  321 |                 virtual void drawCircle(int x, int y, int radius, Uint8 r, Uint8 g, Uint8 b, Uint8 a = Color::ALPHA_OPAQUE);
      |                              ^
36 warnings generated.
/home/bradley/.local/share/glob2/development/toolchains/emscripten/Linux-x86_64-88a621bc131cd4954413aa39/upstream/emscripten/em++ -o build/emscripten/client/release/music-obj/src/audio/MusicProducer.cpp.o -c -std=gnu++20 -fwasm-exceptions -g2 -O2 --use-port=zlib -DHAVE_CONFIG_H -DGLOB2_OFFICIAL_INSTANCE_ORIGIN=\"https://app.glob2online.com\" -DGLOB2_OFFICIAL_INSTANCE_FORMER_ORIGINS=\"https://glob2online.com\" -Ibuild/emscripten/client/release/include -Ibuild/emscripten/client/release/sdl3/prefix/include -Ilibgag/include -I. -Ilibusl/src -Isrc -Isrc/ai -Isrc/hud -Isrc/app -Isrc/game/player -Isrc/team -Isrc/common -Isrc/map -Isrc/game -Isrc/campaign -Isrc/campaign/screens -Isrc/replay -Isrc/game/screens -Isrc/render/clouds -Isrc/ui/screens -Isrc/game/rules -Isrc/game/diagnostics -Isrc/map/editor/screens -Isrc/engine -Isrc/ui -Isrc/map/preview -Isrc/app/cli -Isrc/net/lan/screens -Isrc/online -Isrc/map/tools -Isrc/scripting/map -Isrc/render/overlay -Isrc/audio -Isrc/online/screens -Isrc/game/orders -Isrc/resource -Isrc/ui/settings -Isrc/team/stats -Isrc/render/torus -Isrc/ai/simple -Isrc/ai/castor -Isrc/ai/javascript -Isrc/ai/nicowar -Isrc/ai/numbi -Isrc/ai/telemetry -Isrc/ai/warrush -Isrc/ai/maxima -Isrc/building -Isrc/building/types -Isrc/unit/types -Isrc/building/hud -Isrc/net -Isrc/hud/draw -Isrc/hud/input -Isrc/hud/touch -Isrc/net/turn -Isrc/unit -Isrc/map/editor -Isrc/map/generator -Isrc/map/generator/compatibility -Isrc/map/generator/core -Isrc/map/generator/generators -Isrc/map/generator/shared -Isrc/map/generator/shared/legacy -Isrc/map/gradient -Isrc/map/io -Isrc/net/lan -Isrc/net/message -Isrc/scripting/sgsl -Ithird_party/nlohmann-json/include -Ibuild/emscripten/client/release/opus/prefix/include -Ibuild/emscripten/client/release/opus/prefix/include/opus -Ithird_party/quickjs-ng src/audio/MusicProducer.cpp
/home/bradley/.local/share/glob2/development/toolchains/emscripten/Linux-x86_64-88a621bc131cd4954413aa39/upstream/emscripten/em++ -o build/emscripten/client/release/music-obj/src/audio/MusicStream.cpp.o -c -std=gnu++20 -fwasm-exceptions -g2 -O2 --use-port=zlib -DHAVE_CONFIG_H -DGLOB2_OFFICIAL_INSTANCE_ORIGIN=\"https://app.glob2online.com\" -DGLOB2_OFFICIAL_INSTANCE_FORMER_ORIGINS=\"https://glob2online.com\" -Ibuild/emscripten/client/release/include -Ibuild/emscripten/client/release/sdl3/prefix/include -Ilibgag/include -I. -Ilibusl/src -Isrc -Isrc/ai -Isrc/hud -Isrc/app -Isrc/game/player -Isrc/team -Isrc/common -Isrc/map -Isrc/game -Isrc/campaign -Isrc/campaign/screens -Isrc/replay -Isrc/game/screens -Isrc/render/clouds -Isrc/ui/screens -Isrc/game/rules -Isrc/game/diagnostics -Isrc/map/editor/screens -Isrc/engine -Isrc/ui -Isrc/map/preview -Isrc/app/cli -Isrc/net/lan/screens -Isrc/online -Isrc/map/tools -Isrc/scripting/map -Isrc/render/overlay -Isrc/audio -Isrc/online/screens -Isrc/game/orders -Isrc/resource -Isrc/ui/settings -Isrc/team/stats -Isrc/render/torus -Isrc/ai/simple -Isrc/ai/castor -Isrc/ai/javascript -Isrc/ai/nicowar -Isrc/ai/numbi -Isrc/ai/telemetry -Isrc/ai/warrush -Isrc/ai/maxima -Isrc/building -Isrc/building/types -Isrc/unit/types -Isrc/building/hud -Isrc/net -Isrc/hud/draw -Isrc/hud/input -Isrc/hud/touch -Isrc/net/turn -Isrc/unit -Isrc/map/editor -Isrc/map/generator -Isrc/map/generator/compatibility -Isrc/map/generator/core -Isrc/map/generator/generators -Isrc/map/generator/shared -Isrc/map/generator/shared/legacy -Isrc/map/gradient -Isrc/map/io -Isrc/net/lan -Isrc/net/message -Isrc/scripting/sgsl -Ithird_party/nlohmann-json/include -Ibuild/emscripten/client/release/opus/prefix/include -Ibuild/emscripten/client/release/opus/prefix/include/opus -Ithird_party/quickjs-ng src/audio/MusicStream.cpp
36 warnings generated.
Install file: "browser/music-worker.js" as "build/emscripten/client/release/music-worker.js"
Install file: "browser/music-output.js" as "build/emscripten/client/release/music-output.js"
scons: `build/emscripten/client/release/loader.js' is up to date.
36 warnings generated.
/home/bradley/.local/share/glob2/development/toolchains/emscripten/Linux-x86_64-88a621bc131cd4954413aa39/upstream/emscripten/em++ -o build/emscripten/client/release/music-runtime.js -O2 -fwasm-exceptions --no-entry -sMODULARIZE=1 -sEXPORT_NAME=createMusicRuntime -sENVIRONMENT=worker -sALLOW_MEMORY_GROWTH=1 -sMAXIMUM_MEMORY=268435456 -sEXPORTED_FUNCTIONS=["_malloc","_free"] -sEXPORTED_RUNTIME_METHODS=["UTF8ToString","HEAPU8","HEAP16"] build/emscripten/client/release/music-obj/browser/MusicWorker.cpp.o build/emscripten/client/release/music-obj/src/audio/MusicProducer.cpp.o build/emscripten/client/release/music-obj/src/audio/MusicStream.cpp.o -Lbuild/emscripten/client/release/sdl3/prefix/lib build/emscripten/client/release/opus/prefix/lib/libopusfile.a build/emscripten/client/release/opus/prefix/lib/libopus.a build/emscripten/client/release/opus/prefix/lib/libogg.a
Building compilation database build/emscripten/client/release/compile_commands.json
38 warnings generated.
/home/bradley/.local/share/glob2/development/toolchains/emscripten/Linux-x86_64-88a621bc131cd4954413aa39/upstream/emscripten/em++ -o build/emscripten/client/release/threaded/index.js --js-library browser/canvas-size.js -pthread -sOFFSCREENCANVAS_SUPPORT=1 -sDEFAULT_PTHREAD_STACK_SIZE=8388608 -sPTHREAD_POOL_SIZE_STRICT=0 '-sPTHREAD_POOL_SIZE=Math.max(navigator.hardwareConcurrency||1,1)' -sALLOW_BLOCKING_ON_MAIN_THREAD=0 --js-library browser/threaded-egl.js -fwasm-exceptions -O2 -sLEGACY_GL_EMULATION=1 -sFETCH=1 -sMIN_WEBGL_VERSION=2 -sMAX_WEBGL_VERSION=2 -sALLOW_MEMORY_GROWTH -sINITIAL_MEMORY=134217728 -sSTACK_SIZE=8388608 -sASSERTIONS=1 -sFORCE_FILESYSTEM -lidbfs.js -lwebsocket.js '-sEXPORTED_FUNCTIONS=["_main","_malloc","_free"]' '-sEXPORTED_RUNTIME_METHODS=["callMain","FS"]' --pre-js browser/storage.js --pre-js browser/file-selection.js --pre-js browser/audio.js --pre-js browser/recording.js --pre-js browser/runtime.js --post-js browser/webgl-shaders.js --use-port=zlib --pre-js /home/bradley/.codex/worktrees/b416/glob2/build/emscripten/client/release/asset-manifest.js --pre-js browser/asset-loader.js build/emscripten/client/release/threaded/obj/src/ai/castor/Control.cpp.o build/emscripten/client/release/threaded/obj/src/ai/castor/GetOrder.cpp.o build/emscripten/client/release/threaded/obj/src/ai/castor/Lifecycle.cpp.o build/emscripten/client/release/threaded/obj/src/ai/castor/Maps.cpp.o build/emscripten/client/release/threaded/obj/src/ai/castor/Placement.cpp.o build/emscripten/client/release/threaded/obj/src/ai/castor/Projects.cpp.o build/emscripten/client/release/threaded/obj/src/ai/castor/State.cpp.o build/emscripten/client/release/threaded/obj/src/ai/maxima/AIMaxima.cpp.o build/emscripten/client/release/threaded/obj/src/ai/maxima/AIMaximaState.cpp.o build/emscripten/client/release/threaded/obj/src/ai/maxima/AIMaximaCombat.cpp.o build/emscripten/client/release/threaded/obj/src/ai/maxima/AIMaximaDefense.cpp.o build/emscripten/client/release/threaded/obj/src/ai/maxima/AIMaximaFarming.cpp.o build/emscripten/client/release/threaded/obj/src/ai/maxima/AIMaximaFarmingPolicy.cpp.o build/emscripten/client/release/threaded/obj/src/ai/maxima/AIMaximaFoodLedger.cpp.o build/emscripten/client/release/threaded/obj/src/ai/maxima/AIMaximaPlacement.cpp.o build/emscripten/client/release/threaded/obj/src/ai/maxima/AIMaximaRecon.cpp.o build/emscripten/client/release/threaded/obj/src/ai/maxima/AIMaximaForceModel.cpp.o build/emscripten/client/release/threaded/obj/src/ai/maxima/AIMaximaRuntime.cpp.o build/emscripten/client/release/threaded/obj/src/ai/maxima/AIMaximaStrategy.cpp.o build/emscripten/client/release/threaded/obj/src/ai/maxima/AIMaximaTactics.cpp.o build/emscripten/client/release/threaded/obj/src/ai/AI.cpp.o build/emscripten/client/release/threaded/obj/src/ai/telemetry/AITelemetry.cpp.o build/emscripten/client/release/threaded/obj/src/ai/telemetry/AITelemetryAdapters.cpp.o build/emscripten/client/release/threaded/obj/src/ai/shared_runtime/BuildingOrder.cpp.o build/emscripten/client/release/threaded/obj/src/ai/shared_runtime/BuildingRegister.cpp.o build/emscripten/client/release/threaded/obj/src/ai/shared_runtime/Conditions.cpp.o build/emscripten/client/release/threaded/obj/src/ai/shared_runtime/ConditionsBuilding.cpp.o build/emscripten/client/release/threaded/obj/src/ai/shared_runtime/ConditionsPopulation.cpp.o build/emscripten/client/release/threaded/obj/src/ai/shared_runtime/ConditionsTracker.cpp.o build/emscripten/client/release/threaded/obj/src/ai/shared_runtime/Construction.cpp.o build/emscripten/client/release/threaded/obj/src/ai/shared_runtime/ConstructionConstraints.cpp.o build/emscripten/client/release/threaded/obj/src/ai/shared_runtime/Runtime.cpp.o build/emscripten/client/release/threaded/obj/src/ai/shared_runtime/RuntimeSerialization.cpp.o build/emscripten/client/release/threaded/obj/src/ai/shared_runtime/Entities.cpp.o build/emscripten/client/release/threaded/obj/src/ai/shared_runtime/EntitiesBuilding.cpp.o build/emscripten/client/release/threaded/obj/src/ai/shared_runtime/EntitiesResource.cpp.o build/emscripten/client/release/threaded/obj/src/ai/shared_runtime/EntitiesTerrain.cpp.o build/emscripten/client/release/threaded/obj/src/ai/shared_runtime/Gradient.cpp.o build/emscripten/client/release/threaded/obj/src/ai/shared_runtime/GradientBFS.cpp.o build/emscripten/client/release/threaded/obj/src/ai/shared_runtime/Management.cpp.o build/emscripten/client/release/threaded/obj/src/ai/shared_runtime/ManagementFlag.cpp.o build/emscripten/client/release/threaded/obj/src/ai/shared_runtime/ManagementMisc.cpp.o build/emscripten/client/release/threaded/obj/src/ai/shared_runtime/ManagementOrderBase.cpp.o build/emscripten/client/release/threaded/obj/src/ai/shared_runtime/ManagementTracker.cpp.o build/emscripten/client/release/threaded/obj/src/ai/shared_runtime/MapInfo.cpp.o build/emscripten/client/release/threaded/obj/src/ai/shared_runtime/Econo.cpp.o build/emscripten/client/release/threaded/obj/src/ai/shared_runtime/EconoBuilding.cpp.o build/emscripten/client/release/threaded/obj/src/ai/shared_runtime/EconoFlags.cpp.o build/emscripten/client/release/threaded/obj/src/ai/shared_runtime/SearchTools.cpp.o build/emscripten/client/release/threaded/obj/src/ai/AINames.cpp.o build/emscripten/client/release/threaded/obj/src/ai/nicowar/Attack.cpp.o build/emscripten/client/release/threaded/obj/src/ai/nicowar/Buildings.cpp.o build/emscripten/client/release/threaded/obj/src/ai/nicowar/Farming.cpp.o build/emscripten/client/release/threaded/obj/src/ai/nicowar/Flags.cpp.o build/emscripten/client/release/threaded/obj/src/ai/nicowar/Lifecycle.cpp.o build/emscripten/client/release/threaded/obj/src/ai/nicowar/Phases.cpp.o build/emscripten/client/release/threaded/obj/src/ai/nicowar/Strategy.cpp.o build/emscripten/client/release/threaded/obj/src/ai/nicowar/Upgrade.cpp.o build/emscripten/client/release/threaded/obj/src/ai/simple/AINull.cpp.o build/emscripten/client/release/threaded/obj/src/ai/numbi/AINumbi.cpp.o build/emscripten/client/release/threaded/obj/src/ai/numbi/AINumbiEconomy.cpp.o build/emscripten/client/release/threaded/obj/src/ai/numbi/AINumbiMilitary.cpp.o build/emscripten/client/release/threaded/obj/src/ai/numbi/AINumbiPlacement.cpp.o build/emscripten/client/release/threaded/obj/src/ai/warrush/AIWarrush.cpp.o build/emscripten/client/release/threaded/obj/src/ai/simple/AICabino.cpp.o build/emscripten/client/release/threaded/obj/src/ai/cortex/CortexObservation.cpp.o build/emscripten/client/release/threaded/obj/src/ai/cortex/CortexObservationObserve.cpp.o build/emscripten/client/release/threaded/obj/src/ai/cortex/CortexPlacement.cpp.o build/emscripten/client/release/threaded/obj/src/ai/cortex/CortexPlacementCandidates.cpp.o build/emscripten/client/release/threaded/obj/src/ai/cortex/CortexPlacementGeo.cpp.o build/emscripten/client/release/threaded/obj/src/ai/cortex/CortexPolicy.cpp.o build/emscripten/client/release/threaded/obj/src/ai/cortex/CortexPolicyEconomy.cpp.o build/emscripten/client/release/threaded/obj/src/ai/cortex/CortexPolicyTech.cpp.o build/emscripten/client/release/threaded/obj/src/ai/cortex/CortexPolicyCombat.cpp.o build/emscripten/client/release/threaded/obj/src/ai/cortex/CortexTuning.cpp.o build/emscripten/client/release/threaded/obj/src/ai/cortex/CortexWheat.cpp.o build/emscripten/client/release/threaded/obj/src/ai/cortex/CortexWater.cpp.o build/emscripten/client/release/threaded/obj/src/ai/cortex/CortexNet.cpp.o build/emscripten/client/release/threaded/obj/src/ai/cortex/AICortex.cpp.o build/emscripten/client/release/threaded/obj/src/ai/cortex/AICortexFlags.cpp.o build/emscripten/client/release/threaded/obj/src/ai/cortex/AICortexTranslate.cpp.o build/emscripten/client/release/threaded/obj/src/ai/cortex/AICortexDebug.cpp.o build/emscripten/client/release/threaded/obj/src/game/player/BasePlayer.cpp.o build/emscripten/client/release/threaded/obj/src/team/BaseTeam.cpp.o build/emscripten/client/release/threaded/obj/src/common/BitArray.cpp.o build/emscripten/client/release/threaded/obj/src/map/Brush.cpp.o build/emscripten/client/release/threaded/obj/src/map/BrushCoverage.cpp.o build/emscripten/client/release/threaded/obj/src/building/Lifecycle.cpp.o build/emscripten/client/release/threaded/obj/src/building/Construction.cpp.o build/emscripten/client/release/threaded/obj/src/building/Update.cpp.o build/emscripten/client/release/threaded/obj/src/building/Step.cpp.o build/emscripten/client/release/threaded/obj/src/building/TypeSteps.cpp.o build/emscripten/client/release/threaded/obj/src/building/Misc.cpp.o build/emscripten/client/release/threaded/obj/src/building/types/Buildings.cpp.o build/emscripten/client/release/threaded/obj/src/building/types/BuildingTypesColony.cpp.o build/emscripten/client/release/threaded/obj/src/building/types/BuildingTypesDefence.cpp.o build/emscripten/client/release/threaded/obj/src/building/types/BuildingTypesFlags.cpp.o build/emscripten/client/release/threaded/obj/src/building/types/BuildingTypesUpgrade.cpp.o build/emscripten/client/release/threaded/obj/src/replay/ChecksumSidecar.cpp.o build/emscripten/client/release/threaded/obj/src/game/diagnostics/DatasetWriter.cpp.o build/emscripten/client/release/threaded/obj/src/building/BuildingUtils.cpp.o build/emscripten/client/release/threaded/obj/src/game/Bullet.cpp.o build/emscripten/client/release/threaded/obj/src/campaign/Campaign.cpp.o build/emscripten/client/release/threaded/obj/src/campaign/screens/CampaignEditor.cpp.o build/emscripten/client/release/threaded/obj/src/campaign/screens/CampaignMainMenu.cpp.o build/emscripten/client/release/threaded/obj/src/campaign/screens/CampaignMenuScreen.cpp.o build/emscripten/client/release/threaded/obj/src/campaign/screens/CampaignSelectorScreen.cpp.o build/emscripten/client/release/threaded/obj/src/game/screens/ChooseMapScreen.cpp.o build/emscripten/client/release/threaded/obj/src/ui/screens/CreditScreen.cpp.o build/emscripten/client/release/threaded/obj/src/game/screens/CustomGameOtherOptions.cpp.o build/emscripten/client/release/threaded/obj/src/game/rules/CustomGameRules.cpp.o build/emscripten/client/release/threaded/obj/src/game/screens/CustomGameScreen.cpp.o build/emscripten/client/release/threaded/obj/src/render/clouds/DynamicClouds.cpp.o build/emscripten/client/release/threaded/obj/src/map/editor/screens/EditorMainMenu.cpp.o build/emscripten/client/release/threaded/obj/src/game/screens/EndGameScreen.cpp.o build/emscripten/client/release/threaded/obj/src/engine/Engine.cpp.o build/emscripten/client/release/threaded/obj/src/engine/EngineInit.cpp.o build/emscripten/client/release/threaded/obj/src/engine/EngineLoaders.cpp.o build/emscripten/client/release/threaded/obj/src/engine/EngineRun.cpp.o build/emscripten/client/release/threaded/obj/src/engine/EngineTurnTelemetry.cpp.o build/emscripten/client/release/threaded/obj/src/app/cli/Headless.cpp.o build/emscripten/client/release/threaded/obj/src/app/cli/RenderSkin.cpp.o build/emscripten/client/release/threaded/obj/src/app/cli/VerifyMatch.cpp.o build/emscripten/client/release/threaded/obj/src/app/cli/TurnClientCommand.cpp.o build/emscripten/client/release/threaded/obj/src/app/cli/MapStudy.cpp.o build/emscripten/client/release/threaded/obj/src/map/FertilityCalculator.cpp.o build/emscripten/client/release/threaded/obj/src/map/FertilityField.cpp.o build/emscripten/client/release/threaded/obj/src/game/Game.cpp.o build/emscripten/client/release/threaded/obj/src/game/Game_orders.cpp.o build/emscripten/client/release/threaded/obj/src/game/orders/OrderValidation.cpp.o build/emscripten/client/release/threaded/obj/src/game/Game_io.cpp.o build/emscripten/client/release/threaded/obj/src/game/Game_sync.cpp.o build/emscripten/client/release/threaded/obj/src/game/Game_tiling.cpp.o build/emscripten/client/release/threaded/obj/src/map/MapTiling.cpp.o build/emscripten/client/release/threaded/obj/src/game/Game_editor.cpp.o build/emscripten/client/release/threaded/obj/src/render/GameRender.cpp.o build/emscripten/client/release/threaded/obj/src/render/GameRenderUnits.cpp.o build/emscripten/client/release/threaded/obj/src/render/GameRenderBuildings.cpp.o build/emscripten/client/release/threaded/obj/src/render/GameRenderTerrain.cpp.o build/emscripten/client/release/threaded/obj/src/render/SoftwareTerrainCache.cpp.o build/emscripten/client/release/threaded/obj/src/render/MapOverlayQueue.cpp.o build/emscripten/client/release/threaded/obj/src/render/MapRenderState.cpp.o build/emscripten/client/release/threaded/obj/src/render/FogFade.cpp.o build/emscripten/client/release/threaded/obj/src/render/scene/SceneMap.cpp.o build/emscripten/client/release/threaded/obj/src/render/scene/SceneExtract.cpp.o build/emscripten/client/release/threaded/obj/src/engine/sim/SimulationRunner.cpp.o build/emscripten/client/release/threaded/obj/src/render/GameRenderOverlay.cpp.o build/emscripten/client/release/threaded/obj/src/render/GameAnimations.cpp.o build/emscripten/client/release/threaded/obj/src/game/GameEvent.cpp.o build/emscripten/client/release/threaded/obj/src/building/hud/BuildingGuiState.cpp.o build/emscripten/client/release/threaded/obj/src/hud/GameGUI.cpp.o build/emscripten/client/release/threaded/obj/src/hud/touch/GameGUITouch.cpp.o build/emscripten/client/release/threaded/obj/src/hud/touch/GameGUITouchView.cpp.o build/emscripten/client/release/threaded/obj/src/hud/touch/GameGUITouchPalette.cpp.o build/emscripten/client/release/threaded/obj/src/hud/touch/GameGUITouchPlacement.cpp.o build/emscripten/client/release/threaded/obj/src/hud/GameGUIBuildingActions.cpp.o build/emscripten/client/release/threaded/obj/src/hud/touch/GameGUITouchActions.cpp.o build/emscripten/client/release/threaded/obj/src/hud/touch/TouchReadout.cpp.o build/emscripten/client/release/threaded/obj/src/hud/touch/ThumbSide.cpp.o build/emscripten/client/release/threaded/obj/src/hud/touch/TouchDial.cpp.o build/emscripten/client/release/threaded/obj/src/hud/BrushHUD.cpp.o build/emscripten/client/release/threaded/obj/src/net/ConnectionOverlay.cpp.o build/emscripten/client/release/threaded/obj/src/net/turn/TurnMatchPresenter.cpp.o build/emscripten/client/release/threaded/obj/src/hud/touch/GameGUITouchLens.cpp.o build/emscripten/client/release/threaded/obj/src/hud/touch/GameGUITouchDial.cpp.o build/emscripten/client/release/threaded/obj/src/map/editor/PhoneEditor.cpp.o build/emscripten/client/release/threaded/obj/src/map/editor/PhoneEditorView.cpp.o build/emscripten/client/release/threaded/obj/src/hud/GameGUIDefaultAssignManager.cpp.o build/emscripten/client/release/threaded/obj/src/hud/GameGUIDialog.cpp.o build/emscripten/client/release/threaded/obj/src/hud/draw/GameGUIDraw.cpp.o build/emscripten/client/release/threaded/obj/src/hud/draw/GameGUIDrawChoice.cpp.o build/emscripten/client/release/threaded/obj/src/hud/draw/GameGUIDrawUnitInfos.cpp.o build/emscripten/client/release/threaded/obj/src/hud/draw/GameGUIDrawBuildingInfos.cpp.o build/emscripten/client/release/threaded/obj/src/hud/draw/GameGUIDrawBuildingHelpers.cpp.o build/emscripten/client/release/threaded/obj/src/hud/draw/FailureShapes.cpp.o build/emscripten/client/release/threaded/obj/src/hud/draw/GameGUIDrawMiscPanels.cpp.o build/emscripten/client/release/threaded/obj/src/hud/draw/GameGUIDrawEventFeed.cpp.o build/emscripten/client/release/threaded/obj/src/hud/GameGUIGhostBuildingManager.cpp.o build/emscripten/client/release/threaded/obj/src/hud/input/GameGUIInput.cpp.o build/emscripten/client/release/threaded/obj/src/hud/input/GameGUIInputKey.cpp.o build/emscripten/client/release/threaded/obj/src/hud/input/GameGUIInputMenu.cpp.o build/emscripten/client/release/threaded/obj/src/hud/input/GameGUIInputMenuClick.cpp.o build/emscripten/client/release/threaded/obj/src/hud/input/GameGUIInputMenuClickBuilding.cpp.o build/emscripten/client/release/threaded/obj/src/hud/input/GameGUIInputMouse.cpp.o build/emscripten/client/release/threaded/obj/src/hud/input/GameGUIKeyActions.cpp.o build/emscripten/client/release/threaded/obj/src/hud/LoadSaveDialog.cpp.o build/emscripten/client/release/threaded/obj/src/hud/GameGUIMessageManager.cpp.o build/emscripten/client/release/threaded/obj/src/hud/GameGUIOrders.cpp.o build/emscripten/client/release/threaded/obj/src/audio/GameMusicController.cpp.o build/emscripten/client/release/threaded/obj/src/hud/draw/GameGUIParticles.cpp.o build/emscripten/client/release/threaded/obj/src/hud/GameGUIPersistence.cpp.o build/emscripten/client/release/threaded/obj/src/hud/GameGUIScript.cpp.o build/emscripten/client/release/threaded/obj/src/hud/GameGUISelection.cpp.o build/emscripten/client/release/threaded/obj/src/hud/GameGUIStep.cpp.o build/emscripten/client/release/threaded/obj/src/hud/GameGUIToolManager.cpp.o build/emscripten/client/release/threaded/obj/src/hud/TeamDisplay.cpp.o build/emscripten/client/release/threaded/obj/src/unit/UnitDisplayNames.cpp.o build/emscripten/client/release/threaded/obj/src/game/ExperimentalFeatures.cpp.o build/emscripten/client/release/threaded/obj/src/game/GameHeader.cpp.o build/emscripten/client/release/threaded/obj/src/game/GameHints.cpp.o build/emscripten/client/release/threaded/obj/src/game/GameObjectives.cpp.o build/emscripten/client/release/threaded/obj/src/game/GameUtilities.cpp.o build/emscripten/client/release/threaded/obj/src/app/Glob2.cpp.o build/emscripten/client/release/threaded/obj/src/app/cli/MapCommand.cpp.o build/emscripten/client/release/threaded/obj/src/map/preview/MapRender.cpp.o build/emscripten/client/release/threaded/obj/src/game/diagnostics/GameDiagnostics.cpp.o build/emscripten/client/release/threaded/obj/src/map/tools/MapImage.cpp.o build/emscripten/client/release/threaded/obj/src/map/tools/MapReport.cpp.o build/emscripten/client/release/threaded/obj/src/ui/FrontendUI.cpp.o build/emscripten/client/release/threaded/obj/src/ui/ThemeCatalog.cpp.o build/emscripten/client/release/threaded/obj/src/ui/ThemePainters.cpp.o build/emscripten/client/release/threaded/obj/src/ui/OnlineUI.cpp.o build/emscripten/client/release/threaded/obj/src/ui/MapPictures.cpp.o build/emscripten/client/release/threaded/obj/src/ui/FileListing.cpp.o build/emscripten/client/release/threaded/obj/src/ui/Glob2Style.cpp.o build/emscripten/client/release/threaded/obj/src/ui/FrontendTheme.cpp.o build/emscripten/client/release/threaded/obj/src/ui/MenuColony.cpp.o build/emscripten/client/release/threaded/obj/src/app/GlobalContainer.cpp.o build/emscripten/client/release/threaded/obj/src/app/GlobalContainerArgs.cpp.o build/emscripten/client/release/threaded/obj/src/map/preview/GUIMapPreview.cpp.o build/emscripten/client/release/threaded/obj/src/building/IntBuildingType.cpp.o build/emscripten/client/release/threaded/obj/src/ui/KeyboardManager.cpp.o build/emscripten/client/release/threaded/obj/src/net/lan/screens/LANFindScreen.cpp.o build/emscripten/client/release/threaded/obj/src/online/screens/QuickMatchScreen.cpp.o build/emscripten/client/release/threaded/obj/src/online/screens/OnlineProfileScreen.cpp.o build/emscripten/client/release/threaded/obj/src/online/screens/OnlineMapsScreen.cpp.o build/emscripten/client/release/threaded/obj/src/net/lan/screens/LANMenuScreen.cpp.o build/emscripten/client/release/threaded/obj/src/game/screens/LandscapePickerScreen.cpp.o build/emscripten/client/release/threaded/obj/src/map/preview/LandscapePreviewer.cpp.o build/emscripten/client/release/threaded/obj/src/game/screens/StartQualityScreen.cpp.o build/emscripten/client/release/threaded/obj/src/ui/screens/MainMenuScreen.cpp.o build/emscripten/client/release/threaded/obj/src/map/Map.cpp.o build/emscripten/client/release/threaded/obj/src/map/MapTile.cpp.o build/emscripten/client/release/threaded/obj/src/map/generator/compatibility/LegacyGenerationDescriptor.cpp.o build/emscripten/client/release/threaded/obj/src/map/generator/MapHomogen.cpp.o build/emscripten/client/release/threaded/obj/src/map/generator/core/GenerationContext.cpp.o build/emscripten/client/release/threaded/obj/src/map/generator/core/GenerationService.cpp.o build/emscripten/client/release/threaded/obj/src/map/generator/core/GenerationValidation.cpp.o build/emscripten/client/release/threaded/obj/src/map/generator/core/GeneratorControls.cpp.o build/emscripten/client/release/threaded/obj/src/map/generator/core/GeneratorRegistry.cpp.o build/emscripten/client/release/threaded/obj/src/map/generator/generators/CityStatesGenerator.cpp.o build/emscripten/client/release/threaded/obj/src/map/generator/generators/ConcreteIslandsGenerator.cpp.o build/emscripten/client/release/threaded/obj/src/map/generator/generators/ContestedCommonsGenerator.cpp.o build/emscripten/client/release/threaded/obj/src/map/generator/generators/MazeGenerator.cpp.o build/emscripten/client/release/threaded/obj/src/map/generator/generators/CraterLakesGenerator.cpp.o build/emscripten/client/release/threaded/obj/src/map/generator/generators/EvergladesGenerator.cpp.o build/emscripten/client/release/threaded/obj/src/map/generator/generators/FjordContinentGenerator.cpp.o build/emscripten/client/release/threaded/obj/src/map/generator/generators/IslandsGenerator.cpp.o build/emscripten/client/release/threaded/obj/src/map/generator/generators/IslesGenerator.cpp.o build/emscripten/client/release/threaded/obj/src/map/generator/generators/RingWorldGenerator.cpp.o build/emscripten/client/release/threaded/obj/src/map/generator/generators/RiverGenerator.cpp.o build/emscripten/client/release/threaded/obj/src/map/generator/generators/RuggedArchipelagoGenerator.cpp.o build/emscripten/client/release/threaded/obj/src/map/generator/generators/ShatteredCoastGenerator.cpp.o build/emscripten/client/release/threaded/obj/src/map/generator/generators/StoneHighlandsGenerator.cpp.o build/emscripten/client/release/threaded/obj/src/map/generator/generators/SpiderWebGenerator.cpp.o build/emscripten/client/release/threaded/obj/src/map/generator/generators/CoralGenerator.cpp.o build/emscripten/client/release/threaded/obj/src/map/generator/generators/AmphitheatreGenerator.cpp.o build/emscripten/client/release/threaded/obj/src/map/generator/generators/CarouselGenerator.cpp.o build/emscripten/client/release/threaded/obj/src/map/generator/generators/SwitchbacksGenerator.cpp.o build/emscripten/client/release/threaded/obj/src/map/generator/generators/SwampGenerator.cpp.o build/emscripten/client/release/threaded/obj/src/map/generator/generators/SymmetricArenaGenerator.cpp.o build/emscripten/client/release/threaded/obj/src/map/generator/generators/TidalFlatsGenerator.cpp.o build/emscripten/client/release/threaded/obj/src/map/generator/generators/UniformGenerator.cpp.o build/emscripten/client/release/threaded/obj/src/map/generator/generators/WatershedGenerator.cpp.o build/emscripten/client/release/threaded/obj/src/map/generator/generators/LastTreelineGenerator.cpp.o build/emscripten/client/release/threaded/obj/src/map/generator/generators/BastionKeysGenerator.cpp.o build/emscripten/client/release/threaded/obj/src/map/generator/generators/DrownedForestGenerator.cpp.o build/emscripten/client/release/threaded/obj/src/map/generator/generators/WhoAteTheMapGenerator.cpp.o build/emscripten/client/release/threaded/obj/src/map/generator/generators/HungryMarchesGenerator.cpp.o build/emscripten/client/release/threaded/obj/src/map/generator/generators/CombGenerator.cpp.o build/emscripten/client/release/threaded/obj/src/map/generator/generators/EvenGroundGenerator.cpp.o build/emscripten/client/release/threaded/obj/src/map/generator/generators/MarchlandGenerator.cpp.o build/emscripten/client/release/threaded/obj/src/map/generator/generators/EncircledKingdomGenerator.cpp.o build/emscripten/client/release/threaded/obj/src/map/generator/generators/OrchardCommonsGenerator.cpp.o build/emscripten/client/release/threaded/obj/src/map/generator/generators/GauntletGenerator.cpp.o build/emscripten/client/release/threaded/obj/src/map/generator/generators/FaultedCityGenerator.cpp.o build/emscripten/client/release/threaded/obj/src/map/generator/generators/HiddenOasisGenerator.cpp.o build/emscripten/client/release/threaded/obj/src/map/generator/generators/PortageLakesGenerator.cpp.o build/emscripten/client/release/threaded/obj/src/map/generator/generators/CentralQuarryGenerator.cpp.o build/emscripten/client/release/threaded/obj/src/map/generator/generators/BajadaGenerator.cpp.o build/emscripten/client/release/threaded/obj/src/map/generator/generators/KarstTowersGenerator.cpp.o build/emscripten/client/release/threaded/obj/src/map/generator/generators/HoneycombIsleGenerator.cpp.o build/emscripten/client/release/threaded/obj/src/map/generator/generators/EmojiGenerator.cpp.o build/emscripten/client/release/threaded/obj/src/map/generator/generators/BraidedRiverGenerator.cpp.o build/emscripten/client/release/threaded/obj/src/map/generator/generators/FortsGenerator.cpp.o build/emscripten/client/release/threaded/obj/src/map/generator/generators/BraidedDeltaGenerator.cpp.o build/emscripten/client/release/threaded/obj/src/map/generator/generators/BreachableHighlandsGenerator.cpp.o build/emscripten/client/release/threaded/obj/src/map/generator/generators/HedgerowCountryGenerator.cpp.o build/emscripten/client/release/threaded/obj/src/map/generator/generators/DrumlinFieldGenerator.cpp.o build/emscripten/client/release/threaded/obj/src/map/generator/generators/ContinentsGenerator.cpp.o build/emscripten/client/release/threaded/obj/src/map/generator/generators/SavannahGenerator.cpp.o build/emscripten/client/release/threaded/obj/src/map/generator/generators/HillsGenerator.cpp.o build/emscripten/client/release/threaded/obj/src/map/generator/generators/RiceTerracesGenerator.cpp.o build/emscripten/client/release/threaded/obj/src/map/generator/generators/LocustGenerator.cpp.o build/emscripten/client/release/threaded/obj/src/map/generator/generators/PlantationsGenerator.cpp.o build/emscripten/client/release/threaded/obj/src/map/generator/generators/HilbertRiverGenerator.cpp.o build/emscripten/client/release/threaded/obj/src/map/generator/generators/FractalMapSupport.cpp.o build/emscripten/client/release/threaded/obj/src/map/generator/generators/SierpinskiGardensGenerator.cpp.o build/emscripten/client/release/threaded/obj/src/map/generator/generators/LavaShieldGenerator.cpp.o build/emscripten/client/release/threaded/obj/src/map/generator/generators/AnthillGenerator.cpp.o build/emscripten/client/release/threaded/obj/src/map/generator/generators/OldTownGenerator.cpp.o build/emscripten/client/release/threaded/obj/src/map/generator/generators/PolderGenerator.cpp.o build/emscripten/client/release/threaded/obj/src/map/generator/generators/CanalsGenerator.cpp.o build/emscripten/client/release/threaded/obj/src/map/generator/generators/OldGrowthGenerator.cpp.o build/emscripten/client/release/threaded/obj/src/map/generator/generators/RainShadowGenerator.cpp.o build/emscripten/client/release/threaded/obj/src/map/generator/generators/FingerprintGenerator.cpp.o build/emscripten/client/release/threaded/obj/src/map/generator/generators/GlacisGenerator.cpp.o build/emscripten/client/release/threaded/obj/src/map/generator/generators/AllotmentsGenerator.cpp.o build/emscripten/client/release/threaded/obj/src/map/generator/generators/CaravanseraiGenerator.cpp.o build/emscripten/client/release/threaded/obj/src/map/generator/shared/legacy/Distances.cpp.o build/emscripten/client/release/threaded/obj/src/map/generator/shared/HeightMap.cpp.o build/emscripten/client/release/threaded/obj/src/map/generator/shared/Noise.cpp.o build/emscripten/client/release/threaded/obj/src/map/generator/shared/BalancedStarts.cpp.o build/emscripten/client/release/threaded/obj/src/map/generator/shared/RecursiveGeometry.cpp.o build/emscripten/client/release/threaded/obj/src/map/generator/shared/Rivers.cpp.o build/emscripten/client/release/threaded/obj/src/map/generator/shared/HierarchicalCrossings.cpp.o build/emscripten/client/release/threaded/obj/src/map/generator/shared/Drawing.cpp.o build/emscripten/client/release/threaded/obj/src/map/generator/shared/Geometry.cpp.o build/emscripten/client/release/threaded/obj/src/map/generator/shared/Grid.cpp.o build/emscripten/client/release/threaded/obj/src/map/generator/shared/WalkBandStarts.cpp.o build/emscripten/client/release/threaded/obj/src/map/generator/shared/Walls.cpp.o build/emscripten/client/release/threaded/obj/src/map/generator/shared/Farmland.cpp.o build/emscripten/client/release/threaded/obj/src/map/generator/shared/Towers.cpp.o build/emscripten/client/release/threaded/obj/src/map/generator/shared/WorldAtlas.cpp.o build/emscripten/client/release/threaded/obj/src/map/generator/shared/WorldAtlasData.cpp.o build/emscripten/client/release/threaded/obj/src/map/generator/shared/Raster.cpp.o build/emscripten/client/release/threaded/obj/src/map/generator/shared/Landmass.cpp.o build/emscripten/client/release/threaded/obj/src/map/generator/shared/Tessellation.cpp.o build/emscripten/client/release/threaded/obj/src/map/generator/shared/GraphMaze.cpp.o build/emscripten/client/release/threaded/obj/src/map/generator/shared/Orbits.cpp.o build/emscripten/client/release/threaded/obj/src/map/generator/shared/Morphology.cpp.o build/emscripten/client/release/threaded/obj/src/map/generator/shared/Growth.cpp.o build/emscripten/client/release/threaded/obj/src/map/generator/shared/Contact.cpp.o build/emscripten/client/release/threaded/obj/src/map/generator/shared/Points.cpp.o build/emscripten/client/release/threaded/obj/src/map/generator/shared/Patterns.cpp.o build/emscripten/client/release/threaded/obj/src/map/generator/shared/Channels.cpp.o build/emscripten/client/release/threaded/obj/src/map/generator/shared/Room.cpp.o build/emscripten/client/release/threaded/obj/src/map/generator/shared/Biomes.cpp.o build/emscripten/client/release/threaded/obj/src/map/generator/shared/LatticeNoise.cpp.o build/emscripten/client/release/threaded/obj/src/map/generator/shared/Pipeline.cpp.o build/emscripten/client/release/threaded/obj/src/map/generator/shared/ClearingLandscape.cpp.o build/emscripten/client/release/threaded/obj/src/map/generator/shared/Planting.cpp.o build/emscripten/client/release/threaded/obj/src/map/generator/shared/Roads.cpp.o build/emscripten/client/release/threaded/obj/src/map/generator/shared/Sketch.cpp.o build/emscripten/client/release/threaded/obj/src/map/generator/shared/Solve.cpp.o build/emscripten/client/release/threaded/obj/src/map/generator/shared/Topology.cpp.o build/emscripten/client/release/threaded/obj/src/map/generator/shared/Settlements.cpp.o build/emscripten/client/release/threaded/obj/src/map/generator/shared/ScoredSettlements.cpp.o build/emscripten/client/release/threaded/obj/src/map/generator/shared/legacy/Regions.cpp.o build/emscripten/client/release/threaded/obj/src/map/generator/shared/Resources.cpp.o build/emscripten/client/release/threaded/obj/src/map/generator/shared/legacy/StartingPositions.cpp.o build/emscripten/client/release/threaded/obj/src/map/generator/shared/StartDiagnostics.cpp.o build/emscripten/client/release/threaded/obj/src/map/generator/shared/StartQuality.cpp.o build/emscripten/client/release/threaded/obj/src/map/generator/shared/Terrain.cpp.o build/emscripten/client/release/threaded/obj/src/map/gradient/BuildingGradientSearch.cpp.o build/emscripten/client/release/threaded/obj/src/map/gradient/MapGradientArea.cpp.o build/emscripten/client/release/threaded/obj/src/map/gradient/MapGradientBuilding.cpp.o build/emscripten/client/release/threaded/obj/src/map/gradient/MapGradientChamfer.cpp.o build/emscripten/client/release/threaded/obj/src/map/gradient/MapGradientDirection.cpp.o build/emscripten/client/release/threaded/obj/src/map/gradient/MapGradientPropagation.cpp.o build/emscripten/client/release/threaded/obj/src/map/gradient/MapGradientResource.cpp.o build/emscripten/client/release/threaded/obj/src/map/io/MapExploredAreaIO.cpp.o build/emscripten/client/release/threaded/obj/src/map/io/MapIO.cpp.o build/emscripten/client/release/threaded/obj/src/map/MapMisc.cpp.o build/emscripten/client/release/threaded/obj/src/map/pathfind/MapPathfindArea.cpp.o build/emscripten/client/release/threaded/obj/src/map/pathfind/MapPathfindPoint.cpp.o build/emscripten/client/release/threaded/obj/src/map/pathfind/MapPathfindBuilding.cpp.o build/emscripten/client/release/threaded/obj/src/map/pathfind/MapPathfindRessource.cpp.o build/emscripten/client/release/threaded/obj/src/map/MapQuery.cpp.o build/emscripten/client/release/threaded/obj/src/map/MapResources.cpp.o build/emscripten/client/release/threaded/obj/src/map/MapStep.cpp.o build/emscripten/client/release/threaded/obj/src/map/MapTerrain.cpp.o build/emscripten/client/release/threaded/obj/src/render/MapView.cpp.o build/emscripten/client/release/threaded/obj/src/map/editor/Widgets.cpp.o build/emscripten/client/release/threaded/obj/src/map/editor/WidgetsTools.cpp.o build/emscripten/client/release/threaded/obj/src/map/editor/WidgetsUnit.cpp.o build/emscripten/client/release/threaded/obj/src/map/editor/WidgetsBuilding.cpp.o build/emscripten/client/release/threaded/obj/src/map/editor/MapEditCtor.cpp.o build/emscripten/client/release/threaded/obj/src/map/editor/MapEditIO.cpp.o build/emscripten/client/release/threaded/obj/src/map/editor/MapEditDraw.cpp.o build/emscripten/client/release/threaded/obj/src/map/editor/MapEditEvents.cpp.o build/emscripten/client/release/threaded/obj/src/map/editor/MapEditAction.cpp.o build/emscripten/client/release/threaded/obj/src/map/editor/MapEditActionView.cpp.o build/emscripten/client/release/threaded/obj/src/map/editor/MapEditActionTerrain.cpp.o build/emscripten/client/release/threaded/obj/src/map/editor/MapEditActionUnit.cpp.o build/emscripten/client/release/threaded/obj/src/map/editor/MapEditActionBuilding.cpp.o build/emscripten/client/release/threaded/obj/src/map/editor/MapEditDelegate.cpp.o build/emscripten/client/release/threaded/obj/src/map/editor/MapEditClicks.cpp.o build/emscripten/client/release/threaded/obj/src/map/editor/MapEditDialog.cpp.o build/emscripten/client/release/threaded/obj/src/map/editor/MapEditKeyActions.cpp.o build/emscripten/client/release/threaded/obj/src/map/io/MapHeader.cpp.o build/emscripten/client/release/threaded/obj/src/scripting/javascript/ScriptValue.cpp.o build/emscripten/client/release/threaded/obj/src/scripting/javascript/ScriptRuntime.cpp.o build/emscripten/client/release/threaded/obj/src/hive/HiveWorker.cpp.o build/emscripten/client/release/threaded/obj/src/hive/HiveClient.cpp.o build/emscripten/client/release/threaded/obj/src/hive/HiveObservation.cpp.o build/emscripten/client/release/threaded/obj/src/hive/HiveDialog.cpp.o build/emscripten/client/release/threaded/obj/src/scripting/javascript/ScriptObservations.cpp.o build/emscripten/client/release/threaded/obj/src/scripting/javascript/ScriptOrders.cpp.o build/emscripten/client/release/threaded/obj/src/scripting/javascript/ScriptServices.cpp.o build/emscripten/client/release/threaded/obj/src/scripting/javascript/ScriptSpatial.cpp.o build/emscripten/client/release/threaded/obj/src/scripting/javascript/JavaScriptMap.cpp.o build/emscripten/client/release/threaded/obj/src/scripting/javascript/ScriptCommand.cpp.o build/emscripten/client/release/threaded/obj/src/ai/javascript/ScriptLibrary.cpp.o build/emscripten/client/release/threaded/obj/src/ui/settings/SettingsScreenCustomAIs.cpp.o build/emscripten/client/release/threaded/obj/src/ai/javascript/AIJavaScript.cpp.o build/emscripten/client/release/threaded/obj/src/scripting/map/MapScript.cpp.o build/emscripten/client/release/threaded/obj/src/scripting/map/MapScriptError.cpp.o build/emscripten/client/release/threaded/obj/src/scripting/map/MapScriptUSL.cpp.o build/emscripten/client/release/threaded/obj/src/map/io/MapThumbnail.cpp.o build/emscripten/client/release/threaded/obj/src/render/overlay/MarkManager.cpp.o build/emscripten/client/release/threaded/obj/src/render/Minimap.cpp.o build/emscripten/client/release/threaded/obj/src/net/NetBroadcaster.cpp.o build/emscripten/client/release/threaded/obj/src/net/NetBroadcastListener.cpp.o build/emscripten/client/release/threaded/obj/src/net/NetConnection.cpp.o build/emscripten/client/release/threaded/obj/src/net/NetEngine.cpp.o build/emscripten/client/release/threaded/obj/src/net/NetListener.cpp.o build/emscripten/client/release/threaded/obj/src/net/message/NetMessage.cpp.o build/emscripten/client/release/threaded/obj/src/net/message/MessageRecipients.cpp.o build/emscripten/client/release/threaded/obj/src/net/message/OrderMessages.cpp.o build/emscripten/client/release/threaded/obj/src/net/turn/JitterBuffer.cpp.o build/emscripten/client/release/threaded/obj/src/net/turn/MatchRecord.cpp.o build/emscripten/client/release/threaded/obj/src/net/turn/TurnMessages.cpp.o build/emscripten/client/release/threaded/obj/src/net/turn/TurnSequencer.cpp.o build/emscripten/client/release/threaded/obj/src/net/turn/TurnLockstep.cpp.o build/emscripten/client/release/threaded/obj/src/net/turn/TurnSession.cpp.o build/emscripten/client/release/threaded/obj/src/net/turn/TurnTelemetry.cpp.o build/emscripten/client/release/threaded/obj/src/map/editor/screens/NewMapScreen.cpp.o build/emscripten/client/release/threaded/obj/src/game/orders/Order.cpp.o build/emscripten/client/release/threaded/obj/src/game/orders/OrderBuilding.cpp.o build/emscripten/client/release/threaded/obj/src/game/orders/OrderModify.cpp.o build/emscripten/client/release/threaded/obj/src/game/orders/OrderMisc.cpp.o build/emscripten/client/release/threaded/obj/src/render/overlay/OverlayAreas.cpp.o build/emscripten/client/release/threaded/obj/src/team/stats/TeamStatChart.cpp.o build/emscripten/client/release/threaded/obj/src/team/stats/MetricCatalog.cpp.o build/emscripten/client/release/threaded/obj/src/team/stats/MetricSeries.cpp.o build/emscripten/client/release/threaded/obj/src/render/overlay/OverlayFill.cpp.o build/emscripten/client/release/threaded/obj/src/game/player/Player.cpp.o build/emscripten/client/release/threaded/obj/src/unit/types/Race.cpp.o build/emscripten/client/release/threaded/obj/src/replay/ReplayReader.cpp.o build/emscripten/client/release/threaded/obj/src/replay/ReplayWriter.cpp.o build/emscripten/client/release/threaded/obj/src/replay/ReplayTelemetry.cpp.o build/emscripten/client/release/threaded/obj/src/resource/Ressource.cpp.o build/emscripten/client/release/threaded/obj/src/game/rules/RulesetCatalog.cpp.o build/emscripten/client/release/threaded/obj/src/game/rules/TeamLayout.cpp.o build/emscripten/client/release/threaded/obj/src/resource/Resources.cpp.o build/emscripten/client/release/threaded/obj/src/scripting/map/ScriptEditorScreen.cpp.o build/emscripten/client/release/threaded/obj/src/game/Sector.cpp.o build/emscripten/client/release/threaded/obj/src/app/Settings.cpp.o build/emscripten/client/release/threaded/obj/src/app/SystemLanguage.cpp.o build/emscripten/client/release/threaded/obj/src/render/torus/TorusView.cpp.o build/emscripten/client/release/threaded/obj/src/render/torus/TorusViewRender.cpp.o build/emscripten/client/release/threaded/obj/src/hud/GameGUITorus.cpp.o build/emscripten/client/release/threaded/obj/src/ui/settings/SettingsScreen.cpp.o build/emscripten/client/release/threaded/obj/src/ui/screens/RecordingFilesScreen.cpp.o build/emscripten/client/release/threaded/obj/src/ui/settings/SettingsScreenGeneral.cpp.o build/emscripten/client/release/threaded/obj/src/ui/settings/SettingsScreenBuildings.cpp.o build/emscripten/client/release/threaded/obj/src/ui/settings/SettingsScreenKeyboard.cpp.o build/emscripten/client/release/threaded/obj/src/ui/settings/SettingsScreenOnline.cpp.o build/emscripten/client/release/threaded/obj/src/ui/settings/SettingsScreenRecording.cpp.o build/emscripten/client/release/threaded/obj/src/scripting/sgsl/Lexer.cpp.o build/emscripten/client/release/threaded/obj/src/scripting/sgsl/Parser.cpp.o build/emscripten/client/release/threaded/obj/src/scripting/sgsl/ParserSummon.cpp.o build/emscripten/client/release/threaded/obj/src/scripting/sgsl/ParserWait.cpp.o build/emscripten/client/release/threaded/obj/src/scripting/sgsl/SGSL.cpp.o build/emscripten/client/release/threaded/obj/src/scripting/sgsl/StoryActions.cpp.o build/emscripten/client/release/threaded/obj/src/scripting/sgsl/StoryConditions.cpp.o build/emscripten/client/release/threaded/obj/src/scripting/sgsl/StoryExecute.cpp.o build/emscripten/client/release/threaded/obj/src/render/clouds/SimplexNoise.cpp.o build/emscripten/client/release/threaded/obj/src/audio/PlayerVoice.cpp.o build/emscripten/client/release/threaded/obj/src/audio/SoundMixer.cpp.o build/emscripten/client/release/threaded/obj/src/audio/MusicStream.cpp.o build/emscripten/client/release/threaded/obj/src/audio/MusicProducer.cpp.o build/emscripten/client/release/threaded/obj/src/audio/MusicLibrary.cpp.o build/emscripten/client/release/threaded/obj/src/ui/screens/MusicLibraryScreen.cpp.o build/emscripten/client/release/threaded/obj/src/ui/screens/MusicSetScreen.cpp.o build/emscripten/client/release/threaded/obj/src/ui/screens/MusicImportScreen.cpp.o build/emscripten/client/release/threaded/obj/src/team/Team.cpp.o build/emscripten/client/release/threaded/obj/src/team/TeamSerialization.cpp.o build/emscripten/client/release/threaded/obj/src/team/TeamLists.cpp.o build/emscripten/client/release/threaded/obj/src/team/TeamRouting.cpp.o build/emscripten/client/release/threaded/obj/src/team/TeamStep.cpp.o build/emscripten/client/release/threaded/obj/src/team/stats/TeamStat.cpp.o build/emscripten/client/release/threaded/obj/src/unit/Unit.cpp.o build/emscripten/client/release/threaded/obj/src/unit/UnitAction.cpp.o build/emscripten/client/release/threaded/obj/src/unit/UnitActivity.cpp.o build/emscripten/client/release/threaded/obj/src/unit/UnitDisplacement.cpp.o build/emscripten/client/release/threaded/obj/src/unit/UnitGeometry.cpp.o build/emscripten/client/release/threaded/obj/src/unit/UnitMedical.cpp.o build/emscripten/client/release/threaded/obj/src/unit/UnitMovement.cpp.o build/emscripten/client/release/threaded/obj/src/unit/UnitSerialization.cpp.o build/emscripten/client/release/threaded/obj/src/unit/render/UnitSkin.cpp.o build/emscripten/client/release/threaded/obj/src/unit/render/ColonySkinPreview.cpp.o build/emscripten/client/release/threaded/obj/src/unit/UnitStats.cpp.o build/emscripten/client/release/threaded/obj/src/unit/types/UnitType.cpp.o build/emscripten/client/release/threaded/obj/src/unit/UnitUtils.cpp.o build/emscripten/client/release/threaded/obj/src/common/Utilities.cpp.o build/emscripten/client/release/threaded/obj/src/team/stats/WinProbability.cpp.o build/emscripten/client/release/threaded/obj/src/game/WinningConditions.cpp.o build/emscripten/client/release/threaded/obj/src/app/Application.cpp.o build/emscripten/client/release/threaded/obj/src/map/editor/screens/MapEditorScreen.cpp.o build/emscripten/client/release/threaded/obj/src/ui/screens/MessageScreen.cpp.o build/emscripten/client/release/threaded/obj/src/map/editor/screens/EditorLoadScreen.cpp.o build/emscripten/client/release/threaded/obj/src/map/editor/screens/EditorGenerateScreen.cpp.o build/emscripten/client/release/threaded/obj/src/game/screens/GameSessionScreen.cpp.o build/emscripten/client/release/threaded/obj/src/game/screens/GameLoadScreen.cpp.o build/emscripten/client/release/threaded/obj/src/ui/screens/FileImport.cpp.o build/emscripten/client/release/threaded/obj/src/game/screens/SinglePlayerFlow.cpp.o build/emscripten/client/release/threaded/obj/src/map/editor/screens/FertilityScreen.cpp.o build/emscripten/client/release/threaded/obj/src/net/lan/screens/LANSessionScreen.cpp.o build/emscripten/client/release/threaded/obj/src/net/lan/LanClient.cpp.o build/emscripten/client/release/threaded/obj/src/net/lan/LanHost.cpp.o build/emscripten/client/release/threaded/obj/src/net/lan/LanProtocol.cpp.o build/emscripten/client/release/threaded/obj/src/net/lan/LanRoom.cpp.o build/emscripten/client/release/threaded/obj/src/game/screens/MatchStartScreen.cpp.o build/emscripten/client/release/threaded/obj/src/online/screens/OnlineHubScreen.cpp.o build/emscripten/client/release/threaded/obj/src/online/screens/RoomMapPickerScreen.cpp.o build/emscripten/client/release/threaded/obj/src/online/screens/RoomScreen.cpp.o build/emscripten/client/release/threaded/obj/src/net/NetWait.cpp.o build/emscripten/client/release/threaded/obj/src/net/NetworkConfig.cpp.o build/emscripten/client/release/threaded/obj/src/online/HttpFetchCommon.cpp.o build/emscripten/client/release/threaded/obj/src/online/InstanceConfig.cpp.o build/emscripten/client/release/threaded/obj/src/online/InviteLink.cpp.o build/emscripten/client/release/threaded/obj/src/online/MapCache.cpp.o build/emscripten/client/release/threaded/obj/src/online/MapCatalog.cpp.o build/emscripten/client/release/threaded/obj/src/online/MatchSetup.cpp.o build/emscripten/client/release/threaded/obj/src/online/MemoryStorage.cpp.o build/emscripten/client/release/threaded/obj/src/online/OnlineHandoff.cpp.o build/emscripten/client/release/threaded/obj/src/online/OnlineMatch.cpp.o build/emscripten/client/release/threaded/obj/src/online/OnlineResources.cpp.o build/emscripten/client/release/threaded/obj/src/online/OnlineServices.cpp.o build/emscripten/client/release/threaded/obj/src/online/PlatformClient.cpp.o build/emscripten/client/release/threaded/obj/src/online/PlatformClientNative.cpp.o build/emscripten/client/release/threaded/obj/src/online/PlatformProtocol.cpp.o build/emscripten/client/release/threaded/obj/src/online/PlatformRoom.cpp.o build/emscripten/client/release/threaded/obj/src/online/RelayTransport.cpp.o build/emscripten/client/release/threaded/obj/src/online/QuickMatch.cpp.o build/emscripten/client/release/threaded/obj/src/online/QuickMatchShared.cpp.o build/emscripten/client/release/threaded/obj/src/online/RelayProbe.cpp.o build/emscripten/client/release/threaded/obj/src/online/RoomSetup.cpp.o build/emscripten/client/release/threaded/obj/src/online/Sha256.cpp.o build/emscripten/client/release/threaded/obj/src/online/SkinAuthorization.cpp.o build/emscripten/client/release/threaded/obj/src/online/SkinDownloads.cpp.o build/emscripten/client/release/threaded/obj/src/online/SkinSpriteManifest.cpp.o build/emscripten/client/release/threaded/obj/src/online/SkinSprites.cpp.o build/emscripten/client/release/threaded/obj/src/online/ReplayAppearance.cpp.o build/emscripten/client/release/threaded/obj/src/online/SimVersion.cpp.o build/emscripten/client/release/threaded/obj/src/online/UserDirectoryStorage.cpp.o build/emscripten/client/release/threaded/obj/libgag/src/AssetLoader.cpp.o build/emscripten/client/release/threaded/obj/libgag/src/SpriteLoad.cpp.o build/emscripten/client/release/threaded/obj/libgag/src/GameplayRecording.cpp.o build/emscripten/client/release/threaded/obj/libgag/src/RecordingMetadata.cpp.o build/emscripten/client/release/threaded/obj/libgag/src/RecordingFiles.cpp.o build/emscripten/client/release/threaded/obj/libgag/src/PerformanceTelemetry.cpp.o build/emscripten/client/release/threaded/obj/libgag/src/BackgroundFileWriter.cpp.o build/emscripten/client/release/threaded/obj/libgag/src/Sha1.cpp.o build/emscripten/client/release/threaded/obj/libgag/src/RenderBackend.cpp.o build/emscripten/client/release/threaded/obj/libgag/src/SoftwareRenderBackend.cpp.o build/emscripten/client/release/threaded/obj/libgag/src/SurfaceRaster.cpp.o build/emscripten/client/release/threaded/obj/libgag/src/SoftwareFramePresenter.cpp.o build/emscripten/client/release/threaded/obj/libgag/src/GraphicContextMobile.cpp.o build/emscripten/client/release/threaded/obj/libgag/src/BinaryStream.cpp.o build/emscripten/client/release/threaded/obj/libgag/src/CursorManager.cpp.o build/emscripten/client/release/threaded/obj/libgag/src/FileManager.cpp.o build/emscripten/client/release/threaded/obj/libgag/src/FileManagerAtomic.cpp.o build/emscripten/client/release/threaded/obj/libgag/src/FileManagerGzip.cpp.o build/emscripten/client/release/threaded/obj/libgag/src/FormatableString.cpp.o build/emscripten/client/release/threaded/obj/libgag/src/GraphicContext.cpp.o build/emscripten/client/release/threaded/obj/libgag/src/GraphicContextResize.cpp.o build/emscripten/client/release/threaded/obj/libgag/src/GraphicContextDraw.cpp.o build/emscripten/client/release/threaded/obj/libgag/src/GraphicContextCompound.cpp.o build/emscripten/client/release/threaded/obj/libgag/src/GraphicContextUnitShader.cpp.o build/emscripten/client/release/threaded/obj/libgag/src/GraphicContextSkinMesh.cpp.o build/emscripten/client/release/threaded/obj/libgag/src/SkinMesh.cpp.o build/emscripten/client/release/threaded/obj/libgag/src/MapGeometryCache.cpp.o build/emscripten/client/release/threaded/obj/libgag/src/RenderBatch.cpp.o build/emscripten/client/release/threaded/obj/libgag/src/DrawableSurface.cpp.o build/emscripten/client/release/threaded/obj/libgag/src/DrawableSurfaceDraw.cpp.o build/emscripten/client/release/threaded/obj/libgag/src/DrawableSurfaceCompound.cpp.o build/emscripten/client/release/threaded/obj/libgag/src/GUIBase.cpp.o build/emscripten/client/release/threaded/obj/libgag/src/GUIStyle.cpp.o build/emscripten/client/release/threaded/obj/libgag/src/KeyPress.cpp.o build/emscripten/client/release/threaded/obj/libgag/src/Sprite.cpp.o build/emscripten/client/release/threaded/obj/libgag/src/StreamBackend.cpp.o build/emscripten/client/release/threaded/obj/libgag/src/Stream.cpp.o build/emscripten/client/release/threaded/obj/libgag/src/StringTable.cpp.o build/emscripten/client/release/threaded/obj/libgag/src/SupportFunctions.cpp.o build/emscripten/client/release/threaded/obj/libgag/src/TextStream.cpp.o build/emscripten/client/release/threaded/obj/libgag/src/Toolkit.cpp.o build/emscripten/client/release/threaded/obj/libgag/src/TrueTypeFont.cpp.o build/emscripten/client/release/threaded/obj/libgag/src/BidiText.cpp.o build/emscripten/client/release/threaded/obj/libgag/src/win32_dirent.cpp.o build/emscripten/client/release/threaded/obj/libgag/src/TextSort.cpp.o build/emscripten/client/release/threaded/obj/libgag/src/ScreenStack.cpp.o build/emscripten/client/release/threaded/obj/libgag/src/ScrollPhysics.cpp.o build/emscripten/client/release/threaded/obj/libgag/src/GestureScroll.cpp.o build/emscripten/client/release/threaded/obj/libgag/src/ui/TextLayout.cpp.o build/emscripten/client/release/threaded/obj/libgag/src/ui/Canvas.cpp.o build/emscripten/client/release/threaded/obj/libgag/src/ui/Presentation.cpp.o build/emscripten/client/release/threaded/obj/libgag/src/ui/Element.cpp.o build/emscripten/client/release/threaded/obj/libgag/src/ui/Host.cpp.o build/emscripten/client/release/threaded/obj/libgag/src/ui/Containers.cpp.o build/emscripten/client/release/threaded/obj/libgag/src/ui/Controls.cpp.o build/emscripten/client/release/threaded/obj/libgag/src/ui/Screen.cpp.o build/emscripten/client/release/threaded/obj/libusl/src/code.cpp.o build/emscripten/client/release/threaded/obj/libusl/src/debug.cpp.o build/emscripten/client/release/threaded/obj/libusl/src/interpreter.cpp.o build/emscripten/client/release/threaded/obj/libusl/src/lexer.cpp.o build/emscripten/client/release/threaded/obj/libusl/src/parser.cpp.o build/emscripten/client/release/threaded/obj/libusl/src/position.cpp.o build/emscripten/client/release/threaded/obj/libusl/src/token.cpp.o build/emscripten/client/release/threaded/obj/libusl/src/tree.cpp.o build/emscripten/client/release/threaded/obj/libusl/src/types.cpp.o build/emscripten/client/release/threaded/obj/libusl/src/usl.cpp.o build/emscripten/client/release/threaded/obj/browser/HiveBrowserHost.cpp.o build/emscripten/client/release/threaded/obj/browser/VoiceRecorder.cpp.o build/emscripten/client/release/threaded/obj/browser/ApplicationHost.cpp.o build/emscripten/client/release/threaded/obj/browser/RecordingPlatform.cpp.o build/emscripten/client/release/threaded/obj/browser/NetTransport.cpp.o build/emscripten/client/release/threaded/obj/browser/Launcher.cpp.o build/emscripten/client/release/threaded/obj/browser/HttpFetch.cpp.o build/emscripten/client/release/threaded/obj/browser/Audio.cpp.o build/emscripten/client/release/threaded/obj/third_party/quickjs-ng/quickjs.o build/emscripten/client/release/threaded/obj/third_party/quickjs-ng/dtoa.o build/emscripten/client/release/threaded/obj/third_party/quickjs-ng/libregexp.o build/emscripten/client/release/threaded/obj/third_party/quickjs-ng/libunicode.o build/emscripten/client/release/threaded/obj/third_party/openlibm/e_acos.o build/emscripten/client/release/threaded/obj/third_party/openlibm/e_acosh.o build/emscripten/client/release/threaded/obj/third_party/openlibm/e_asin.o build/emscripten/client/release/threaded/obj/third_party/openlibm/e_atan2.o build/emscripten/client/release/threaded/obj/third_party/openlibm/e_atanh.o build/emscripten/client/release/threaded/obj/third_party/openlibm/e_cosh.o build/emscripten/client/release/threaded/obj/third_party/openlibm/e_exp.o build/emscripten/client/release/threaded/obj/third_party/openlibm/e_fmod.o build/emscripten/client/release/threaded/obj/third_party/openlibm/e_hypot.o build/emscripten/client/release/threaded/obj/third_party/openlibm/e_log.o build/emscripten/client/release/threaded/obj/third_party/openlibm/e_log10.o build/emscripten/client/release/threaded/obj/third_party/openlibm/e_log2.o build/emscripten/client/release/threaded/obj/third_party/openlibm/e_pow.o build/emscripten/client/release/threaded/obj/third_party/openlibm/e_rem_pio2.o build/emscripten/client/release/threaded/obj/third_party/openlibm/e_sinh.o build/emscripten/client/release/threaded/obj/third_party/openlibm/e_sqrt.o build/emscripten/client/release/threaded/obj/third_party/openlibm/k_cos.o build/emscripten/client/release/threaded/obj/third_party/openlibm/k_exp.o build/emscripten/client/release/threaded/obj/third_party/openlibm/k_rem_pio2.o build/emscripten/client/release/threaded/obj/third_party/openlibm/k_sin.o build/emscripten/client/release/threaded/obj/third_party/openlibm/k_tan.o build/emscripten/client/release/threaded/obj/third_party/openlibm/s_asinh.o build/emscripten/client/release/threaded/obj/third_party/openlibm/s_atan.o build/emscripten/client/release/threaded/obj/third_party/openlibm/s_cbrt.o build/emscripten/client/release/threaded/obj/third_party/openlibm/s_ceil.o build/emscripten/client/release/threaded/obj/third_party/openlibm/s_copysign.o build/emscripten/client/release/threaded/obj/third_party/openlibm/s_cos.o build/emscripten/client/release/threaded/obj/third_party/openlibm/s_expm1.o build/emscripten/client/release/threaded/obj/third_party/openlibm/s_fabs.o build/emscripten/client/release/threaded/obj/third_party/openlibm/s_floor.o build/emscripten/client/release/threaded/obj/third_party/openlibm/s_frexp.o build/emscripten/client/release/threaded/obj/third_party/openlibm/s_log1p.o build/emscripten/client/release/threaded/obj/third_party/openlibm/s_modf.o build/emscripten/client/release/threaded/obj/third_party/openlibm/s_scalbn.o build/emscripten/client/release/threaded/obj/third_party/openlibm/s_sin.o build/emscripten/client/release/threaded/obj/third_party/openlibm/s_tan.o build/emscripten/client/release/threaded/obj/third_party/openlibm/s_tanh.o build/emscripten/client/release/threaded/obj/third_party/openlibm/s_trunc.o -Lbuild/emscripten/client/release/threaded/sdl3/prefix/lib -lSDL3_ttf -lSDL3_image -lSDL3_net -lSDL3 -lfreetype -lwebpdemux -lwebpmux -lwebp -lsharpyuv build/emscripten/client/release/threaded/opus/prefix/lib/libopusfile.a build/emscripten/client/release/threaded/opus/prefix/lib/libopus.a build/emscripten/client/release/threaded/opus/prefix/lib/libogg.a
em++: warning: -pthread + ALLOW_MEMORY_GROWTH may run non-wasm code slowly, see https://github.com/WebAssembly/design/issues/1271 [-Wpthreads-mem-growth]
Packaging browser runtimes
scons: done building targets.
