cohort,map,opponent,seed,seat,version,exit,ticks,outcome,won,unresolved,population,population_auc,workers_auc,warriors_auc,producer_auc,feeding_auc,food_pressure_auc,starvation,births,completed_buildings,upgrades,training,folder,first_population_50,first_population_100,first_second_producer,first_new_producer,first_school,first_upgrade,first_training,first_barracks,first_combat_damage,first_warrior_birth,first_offensive_target,first_mission,first_operating_colony
duels,strange2.map.gz,castor,9507,0,historical,0,47522,won,True,False,0,81.17099448676403,78.3589916249316,1.799250873279744,5.347291780648963,0.9946130213374857,38.4953495223265,470,343,14,0,1,/home/bradley/.codex/worktrees/maxima-growth-policy/glob2/artifacts/maxima-historical-validation/duels/strange2-castor-9507-0-historical,512,512,512,,,,4096,2048,1024,512,,,
duels,strange2.map.gz,castor,9507,0,latest,0,38434,won,True,False,0,107.34495498777125,102.84227506894936,3.077275329135661,8.67939844928969,8.673622313576521,45.63958994640162,421,296,16,0,0,/home/bradley/.codex/worktrees/maxima-growth-policy/glob2/artifacts/maxima-historical-validation/duels/strange2-castor-9507-0-latest,512,512,512,,,,,,1024,512,,,
duels,Muka.map.gz,castor,9507,1,historical,0,44578,won,True,False,107,53.00634842298892,32.23267082417336,14.995356453856163,2.6906545829781505,5.156579478666607,2.4475301718336397,0,90,32,23,217,/home/bradley/.codex/worktrees/maxima-growth-policy/glob2/artifacts/maxima-historical-validation/duels/Muka-castor-9507-1-historical,22528,41984,17920,22016,14336,17408,7168,9728,9216,1024,3315,,
duels,Muka.map.gz,castor,9507,1,latest,0,13762,won,True,False,40,18.837741607324517,12.16916145909025,2.014678099113501,1.7023688417381195,3.0699026304316233,0.26042726347914547,0,20,9,0,12,/home/bradley/.codex/worktrees/maxima-growth-policy/glob2/artifacts/maxima-historical-validation/duels/Muka-castor-9507-1-latest,,,3584,11264,,,9728,11264,,1024,3512,,
duels,Dejans.map.gz,cortex,9512,1,historical,0,26754,won,True,False,113,63.10656350452269,42.17705763624131,13.422067728190177,1.9187411228227556,5.2059505120729614,2.847050908275398,1,85,27,12,166,/home/bradley/.codex/worktrees/maxima-growth-policy/glob2/artifacts/maxima-historical-validation/duels/Dejans-cortex-9512-1-historical,9728,24576,3584,7680,10752,12800,7168,5632,6656,512,,11455,
duels,Dejans.map.gz,cortex,9512,1,latest,0,21346,won,True,False,100,50.61702426684156,31.6626065773447,12.619647709172678,1.4049470626815328,5.159467815984259,2.0755176613885506,2,53,27,6,54,/home/bradley/.codex/worktrees/maxima-growth-policy/glob2/artifacts/maxima-historical-validation/duels/Dejans-cortex-9512-1-latest,11776,,15872,,13824,17408,6656,5632,6656,512,3716,,
duels,balanced_for_2.map.gz,cortex,9517,1,historical,0,21634,lost,False,False,12,31.726171766663587,19.605204770269022,5.541138947952297,1.3016548026254968,2.638994175834335,1.402514560414163,0,63,24,1,10,/home/bradley/.codex/worktrees/maxima-growth-policy/glob2/artifacts/maxima-historical-validation/duels/balanced_for_2-cortex-9517-1-historical,11776,,10752,,10240,15360,4608,5632,2560,1024,5578,,
duels,balanced_for_2.map.gz,cortex,9517,1,latest,0,31394,won,True,False,241,101.23615977575332,67.52869975154488,24.012996113907118,2.787156781550615,8.133146461107218,2.6506975855258967,0,177,44,17,283,/home/bradley/.codex/worktrees/maxima-growth-policy/glob2/artifacts/maxima-historical-validation/duels/balanced_for_2-cortex-9517-1-latest,9216,16384,11264,14848,9728,16384,4608,5632,2560,1024,3522,,
duels,Mazury.map.gz,castor,9511,0,historical,0,60000,unresolved,False,True,651,314.62533333333334,243.79733333333334,33.00613333333333,5.460266666666667,15.04,69.52,653,1356,69,54,605,/home/bradley/.codex/worktrees/maxima-growth-policy/glob2/artifacts/maxima-historical-validation/duels/Mazury-castor-9511-0-historical,9728,22016,10240,20992,10240,13312,4096,5120,6144,512,6153,47957,31598
duels,Mazury.map.gz,castor,9511,0,latest,0,25922,won,True,False,226,88.99807113648639,67.64863822235938,13.872540699020137,2.800246894529743,9.403595401589383,4.536455520407376,0,183,36,11,138,/home/bradley/.codex/worktrees/maxima-growth-policy/glob2/artifacts/maxima-historical-validation/duels/Mazury-castor-9511-0-latest,9216,16896,5120,7680,8704,11776,4096,5120,6144,512,,,
duels,Dejans.map.gz,cortex,9502,0,historical,0,29794,won,True,False,86,44.327179969121296,25.970530979391825,14.853728938712493,0.9914076659730147,3.995972343424851,3.981539907363899,11,68,30,6,107,/home/bradley/.codex/worktrees/maxima-growth-policy/glob2/artifacts/maxima-historical-validation/duels/Dejans-cortex-9502-0-historical,20992,,,,20992,24576,2560,4608,6656,512,4516,10278,
duels,Dejans.map.gz,cortex,9502,0,latest,0,23746,won,True,False,91,47.700370588730735,30.32022235323844,9.972753305819927,1.1996125663269603,5.644571717341868,1.0133917291333276,0,45,22,7,78,/home/bradley/.codex/worktrees/maxima-growth-policy/glob2/artifacts/maxima-historical-validation/duels/Dejans-cortex-9502-0-latest,13312,,20480,,13824,15872,4096,6656,5632,512,3892,,
duels,Dejans.map.gz,warrush,9519,0,historical,0,22402,won,True,False,67,41.96504776359254,26.978394786179805,10.466431568609945,0.988572448888492,4.337380591018659,0.760021426658334,1,51,20,4,83,/home/bradley/.codex/worktrees/maxima-growth-policy/glob2/artifacts/maxima-historical-validation/duels/Dejans-warrush-9519-0-historical,12800,,,,10240,16896,3072,5120,3072,512,2878,9496,
duels,Dejans.map.gz,warrush,9519,0,latest,0,12098,won,True,False,45,28.20094230451314,18.228632831873036,6.807819474293272,1.5344685071912714,3.4607373119523888,1.3228632831873037,2,31,12,0,27,/home/bradley/.codex/worktrees/maxima-growth-policy/glob2/artifacts/maxima-historical-validation/duels/Dejans-warrush-9519-0-latest,,,5632,,,,3072,5632,3584,512,3495,,
duels,strange2.map.gz,cortex,9500,1,historical,0,18178,won,True,False,0,159.78523489932886,143.92782484321708,13.604136868742437,7.40818571900099,0.9859170425789415,74.0763560347673,355,278,14,0,11,/home/bradley/.codex/worktrees/maxima-growth-policy/glob2/artifacts/maxima-historical-validation/duels/strange2-cortex-9500-1-historical,512,512,512,,,,2048,1024,1024,512,740,,
duels,strange2.map.gz,cortex,9500,1,latest,0,18754,lost,False,False,0,153.91708435533752,143.52052895382317,7.584568625359923,7.283139596885998,2.9520102378159327,63.396075503892504,326,270,16,0,4,/home/bradley/.codex/worktrees/maxima-growth-policy/glob2/artifacts/maxima-historical-validation/duels/strange2-cortex-9500-1-latest,512,512,512,,,,3584,2048,1024,512,,,
duels,SmallForTwo.map.gz,warrush,9519,0,historical,0,26914,won,True,False,145,62.46377350078026,45.45307275024151,13.102028683956306,1.297391692056179,4.958757523965223,2.2130489707958683,2,119,33,8,164,/home/bradley/.codex/worktrees/maxima-growth-policy/glob2/artifacts/maxima-historical-validation/duels/SmallForTwo-warrush-9519-0-historical,12288,20992,22016,25088,16384,19968,7680,10240,5120,512,4287,,
duels,SmallForTwo.map.gz,warrush,9519,0,latest,0,29890,won,True,False,136,67.21866845098695,47.74446303111409,14.465640682502508,1.143526262964202,7.84429575108732,2.3254600200736033,0,90,41,7,95,/home/bradley/.codex/worktrees/maxima-growth-policy/glob2/artifacts/maxima-historical-validation/duels/SmallForTwo-warrush-9519-0-latest,13312,19968,25600,29696,19456,23552,12288,11776,2048,512,1847,,
duels,balanced_for_2.map.gz,cortex,9505,0,historical,0,29506,won,True,False,178,82.85230122686912,59.101843692808245,16.511726428523012,1.3926658984613298,6.271470209448926,1.995526333627059,0,139,38,25,294,/home/bradley/.codex/worktrees/maxima-growth-policy/glob2/artifacts/maxima-historical-validation/duels/balanced_for_2-cortex-9505-0-historical,9728,17920,17920,24064,13824,16384,3072,3584,2560,512,2883,,24548
duels,balanced_for_2.map.gz,cortex,9505,0,latest,0,19490,won,True,False,124,59.03458183683941,33.722934838378656,18.41149307337096,2.003488968701898,5.061262185736275,1.3695228322216522,0,93,29,4,97,/home/bradley/.codex/worktrees/maxima-growth-policy/glob2/artifacts/maxima-historical-validation/duels/balanced_for_2-cortex-9505-0-latest,7680,17408,10240,13312,10240,15360,4608,4096,2560,512,639,,
duels,SmallForTwo.map.gz,castor,9522,1,historical,0,11842,won,True,False,68,31.138574565107245,20.834571862861004,6.94139503462253,1.22175308224962,3.0599560884985646,1.0167201486235433,0,57,15,0,22,/home/bradley/.codex/worktrees/maxima-growth-policy/glob2/artifacts/maxima-historical-validation/duels/SmallForTwo-castor-9522-1-historical,9216,,9216,,11776,,6144,5632,8704,1024,4752,,
duels,SmallForTwo.map.gz,castor,9522,1,latest,0,12002,won,True,False,65,27.462089651724714,18.674054324279286,5.985002499583403,1.1041493084485918,3.4805865689051823,0.6348941843026162,0,55,13,0,28,/home/bradley/.codex/worktrees/maxima-growth-policy/glob2/artifacts/maxima-historical-validation/duels/SmallForTwo-castor-9522-1-latest,9728,,10752,,,,4608,6656,2560,1024,7618,,
duels,Dejans.map.gz,warrush,9510,0,historical,0,27138,won,True,False,82,47.813840371434885,27.70896897339524,13.548087552509397,1.89630776033606,4.830422286093301,1.5660697177389638,2,70,28,5,138,/home/bradley/.codex/worktrees/maxima-growth-policy/glob2/artifacts/maxima-historical-validation/duels/Dejans-warrush-9510-0-historical,14848,,3584,8704,13312,17920,2560,4096,3072,512,14442,,
duels,Dejans.map.gz,warrush,9510,0,latest,0,12130,won,True,False,47,29.692580379225063,20.043528441879637,6.392662819455895,0.9788953009068425,3.9739488870568835,1.181863149216818,0,30,12,0,25,/home/bradley/.codex/worktrees/maxima-growth-policy/glob2/artifacts/maxima-historical-validation/duels/Dejans-warrush-9510-0-latest,,,,,,,4096,5120,2048,512,3492,10896,
duels,Dejans.map.gz,cortex,9504,0,historical,0,31906,won,True,False,101,57.60092145677929,36.18858521908105,11.831191625399612,1.9168181533253934,5.368269291042437,1.9358114461229863,7,63,24,21,201,/home/bradley/.codex/worktrees/maxima-growth-policy/glob2/artifacts/maxima-historical-validation/duels/Dejans-cortex-9504-0-historical,9728,,14848,,9216,12800,2560,5120,4608,512,6553,10109,
duels,Dejans.map.gz,cortex,9504,0,latest,0,31362,won,True,False,155,71.1828646132262,42.144027804349214,20.177093297621326,2.0899177348383393,6.9104648938205475,3.1146610547796696,5,68,30,14,185,/home/bradley/.codex/worktrees/maxima-growth-policy/glob2/artifacts/maxima-historical-validation/duels/Dejans-cortex-9504-0-latest,14848,22528,11776,,13824,18944,2560,5120,7680,512,3695,,
duels,Dejans.map.gz,warrush,9517,0,historical,0,22754,won,True,False,68,44.402171046848906,27.260174035334447,11.119495473323372,1.1449415487386834,4.221060033400721,1.5486507866748704,1,53,23,5,82,/home/bradley/.codex/worktrees/maxima-growth-policy/glob2/artifacts/maxima-historical-validation/duels/Dejans-warrush-9517-0-historical,12288,,19456,,10752,15872,2560,4096,2560,512,2063,,
duels,Dejans.map.gz,warrush,9517,0,latest,0,34050,won,True,False,77,49.475301027900144,30.6928046989721,12.451629955947137,1.0526872246696035,5.910014684287812,1.8645521292217329,2,64,31,6,115,/home/bradley/.codex/worktrees/maxima-growth-policy/glob2/artifacts/maxima-historical-validation/duels/Dejans-warrush-9517-0-latest,18432,,32256,,16896,21504,3584,6656,2048,512,3486,,
duels,Muka.map.gz,castor,9501,0,historical,0,38242,won,True,False,211,73.47264787406516,49.32618586893991,16.652659379739553,2.112232623816746,6.968516290988965,3.022069975419696,2,193,42,12,184,/home/bradley/.codex/worktrees/maxima-growth-policy/glob2/artifacts/maxima-historical-validation/duels/Muka-castor-9501-0-historical,14336,28160,13312,18944,10240,17408,7680,6656,11264,1024,6728,,34302
duels,Muka.map.gz,castor,9501,0,latest,0,15842,won,True,False,55,26.22168918065901,15.569498800656483,5.19113748264108,1.5294786011867187,3.2386062365862895,0.4629465976518116,0,43,14,1,34,/home/bradley/.codex/worktrees/maxima-growth-policy/glob2/artifacts/maxima-historical-validation/duels/Muka-castor-9501-0-latest,14848,,9216,13312,11776,15360,9216,8192,13824,1024,3271,,13903
duels,Muka.map.gz,warrush,9509,0,historical,0,16322,won,True,False,57,29.036698933954174,19.43732385737042,6.485295919617694,1.2471510844259281,2.6630314912388187,1.3217742923661315,1,45,13,2,32,/home/bradley/.codex/worktrees/maxima-growth-policy/glob2/artifacts/maxima-historical-validation/duels/Muka-warrush-9509-0-historical,13312,,12288,,11776,15360,10240,9216,1024,1024,8587,,
duels,Muka.map.gz,warrush,9509,0,latest,0,30818,lost,False,False,5,9.47738334739438,7.012200661950808,1.5182036472191576,0.8639107015380622,2.0332273346745406,1.7226945291712636,10,17,19,0,8,/home/bradley/.codex/worktrees/maxima-growth-policy/glob2/artifacts/maxima-historical-validation/duels/Muka-warrush-9509-0-latest,,,25088,16384,,,11264,23040,1024,1024,3272,,
duels,strange2.map.gz,warrush,9520,1,historical,0,17506,won,True,False,0,155.18519364789216,140.3861533188621,12.576259568148064,8.7896721124186,0.9853764423626186,77.21238432537416,345,234,13,0,8,/home/bradley/.codex/worktrees/maxima-growth-policy/glob2/artifacts/maxima-historical-validation/duels/strange2-warrush-9520-1-historical,512,512,512,,,,2048,1024,1024,512,738,,
duels,strange2.map.gz,warrush,9520,1,latest,0,20002,won,True,False,0,147.05729427057295,134.5913408659134,9.82941705829417,8.051194880511948,7.846415358464154,64.30076992300769,318,210,17,0,7,/home/bradley/.codex/worktrees/maxima-growth-policy/glob2/artifacts/maxima-historical-validation/duels/strange2-warrush-9520-1-latest,512,512,512,,,,2560,1536,1024,512,736,,
duels,Mazury.map.gz,cortex,9519,0,historical,0,37698,lost,False,False,9,41.22338055069235,25.49116664014006,13.013157196668258,2.3921162926415196,3.208764390683856,7.7774417740994215,33,97,21,9,103,/home/bradley/.codex/worktrees/maxima-growth-policy/glob2/artifacts/maxima-historical-validation/duels/Mazury-cortex-9519-0-historical,11776,,5632,8704,9216,13312,4608,5632,6656,512,6305,,
duels,Mazury.map.gz,cortex,9519,0,latest,0,31010,lost,False,False,7,42.466301193163495,25.36139954853273,10.828603676233474,1.7006127055788456,4.145307965172525,4.973040954530797,28,87,26,1,50,/home/bradley/.codex/worktrees/maxima-growth-policy/glob2/artifacts/maxima-historical-validation/duels/Mazury-cortex-9519-0-latest,11776,,5120,8192,11776,17920,4096,4608,4608,512,6606,,
duels,strange2.map.gz,cortex,9506,0,historical,0,9506,lost,False,False,72,230.63675573322112,207.5531243425205,17.352934988428363,5.928255838417841,0.2693035977277509,96.22996002524721,215,236,16,0,5,/home/bradley/.codex/worktrees/maxima-growth-policy/glob2/artifacts/maxima-historical-validation/duels/strange2-cortex-9506-0-historical,512,512,512,,,,3072,2048,1024,512,,,
duels,strange2.map.gz,cortex,9506,0,latest,0,11266,lost,False,False,43,206.44825137582106,189.49636073140422,12.452689508254926,4.590094088407598,2.045091425528138,78.58441327889224,218,248,18,0,1,/home/bradley/.codex/worktrees/maxima-growth-policy/glob2/artifacts/maxima-historical-validation/duels/strange2-cortex-9506-0-latest,512,512,512,,,,5632,3584,1024,512,,,
duels,Muka.map.gz,castor,9504,0,historical,0,17154,won,True,False,52,31.315844700944385,19.016322723563018,6.866503439431036,1.3434767401189227,2.8360732190742683,1.2244374489914889,1,44,14,2,38,/home/bradley/.codex/worktrees/maxima-growth-policy/glob2/artifacts/maxima-historical-validation/duels/Muka-castor-9504-0-historical,13824,,12288,,10752,13824,8704,7680,8704,1024,3267,,
duels,Muka.map.gz,castor,9504,0,latest,0,41602,won,True,False,181,64.1256189606269,42.078073169559154,16.231960001922985,2.9908177491466756,7.893033988750541,2.4400269217826067,1,184,44,14,247,/home/bradley/.codex/worktrees/maxima-growth-policy/glob2/artifacts/maxima-historical-validation/duels/Muka-castor-9504-0-latest,18944,32256,3584,12800,18432,24576,11776,13824,12288,1024,,,
duels,Muka.map.gz,cortex,9508,0,historical,0,50850,won,True,False,121,72.93644051130777,39.75425762045231,25.354375614552605,1.8773254670599804,5.923972468043265,3.424228121927237,0,92,31,20,320,/home/bradley/.codex/worktrees/maxima-growth-policy/glob2/artifacts/maxima-historical-validation/duels/Muka-cortex-9508-0-historical,14336,27136,17408,21504,10752,14336,8704,7680,10240,1024,4079,,
duels,Muka.map.gz,cortex,9508,0,latest,0,37410,lost,False,False,5,30.230473135525262,18.438920074846298,6.815717722534082,0.62956428762363,3.7792034215450414,3.397808072707832,24,34,24,3,29,/home/bradley/.codex/worktrees/maxima-growth-policy/glob2/artifacts/maxima-historical-validation/duels/Muka-cortex-9508-0-latest,18944,,,,14336,19968,10240,9728,11776,1024,4079,,
duels,Dejans.map.gz,warrush,9507,0,historical,0,12994,won,True,False,61,33.35893489302755,22.92635062336463,7.466599969216562,0.9802985993535478,3.2812067107895952,1.2716638448514699,1,44,18,1,40,/home/bradley/.codex/worktrees/maxima-growth-policy/glob2/artifacts/maxima-historical-validation/duels/Dejans-warrush-9507-0-historical,10240,,,,10240,12800,3072,5632,2560,512,3083,10487,
duels,Dejans.map.gz,warrush,9507,0,latest,0,15810,won,True,False,59,33.885768500948764,22.430866540164452,7.632511068943707,0.9838077166350411,4.729158760278305,1.0608475648323845,0,39,18,2,55,/home/bradley/.codex/worktrees/maxima-growth-policy/glob2/artifacts/maxima-historical-validation/duels/Dejans-warrush-9507-0-latest,12800,,,,11264,14336,5632,5632,3584,512,3699,,
duels,SmallForTwo.map.gz,castor,9521,0,historical,0,13218,won,True,False,70,30.539642911181723,20.478741110606748,6.011877742472386,1.031623543652595,2.695264033893176,0.5035557573006506,0,51,12,1,32,/home/bradley/.codex/worktrees/maxima-growth-policy/glob2/artifacts/maxima-historical-validation/duels/SmallForTwo-castor-9521-0-historical,10752,,12800,,11776,13218,6144,7680,2048,512,8147,,
duels,SmallForTwo.map.gz,castor,9521,0,latest,0,22626,won,True,False,98,50.03602050738089,36.058914523115,10.549809953151241,1.0269601343587025,5.897197913904358,0.9434279147882967,1,85,26,6,108,/home/bradley/.codex/worktrees/maxima-growth-policy/glob2/artifacts/maxima-historical-validation/duels/SmallForTwo-castor-9521-0-latest,10752,,19968,,13824,14336,7168,8704,5120,512,5297,,
duels,balanced_for_2.map.gz,cortex,9520,0,historical,0,32610,won,True,False,167,64.45811100889297,41.056271082490035,14.407359705611775,1.3562710824900337,4.821772462434836,1.6418889911070225,0,143,43,10,161,/home/bradley/.codex/worktrees/maxima-growth-policy/glob2/artifacts/maxima-historical-validation/duels/balanced_for_2-cortex-9520-0-historical,18432,26624,19456,17920,12800,17408,5120,3584,2560,512,2067,,
duels,balanced_for_2.map.gz,cortex,9520,0,latest,0,31970,won,True,False,182,86.1590866437285,55.26990928995934,21.20118861432593,2.015076634344698,7.480012511729747,2.401313731623397,1,124,37,17,258,/home/bradley/.codex/worktrees/maxima-growth-policy/glob2/artifacts/maxima-historical-validation/duels/balanced_for_2-cortex-9520-0-latest,8704,18944,13312,17920,12800,15360,5120,5120,2048,512,640,,
duels,Dejans.map.gz,cortex,9500,1,historical,0,23010,won,True,False,98,50.36019122120817,31.31820947414168,12.471273359408952,1.5870491090830074,4.6178183398522386,1.2336375488917861,0,59,25,9,94,/home/bradley/.codex/worktrees/maxima-growth-policy/glob2/artifacts/maxima-historical-validation/duels/Dejans-cortex-9500-1-historical,11264,,12800,,11264,14336,4096,6144,4608,512,4338,,
duels,Dejans.map.gz,cortex,9500,1,latest,0,24674,won,True,False,86,45.482491691659234,27.90901353651617,11.134635648861149,2.221852962632731,5.766880116722056,1.1348788198103266,1,52,26,6,104,/home/bradley/.codex/worktrees/maxima-growth-policy/glob2/artifacts/maxima-historical-validation/duels/Dejans-cortex-9500-1-latest,13312,,2560,13824,13824,17408,4096,6656,9216,512,4547,,
duels,Muka.map.gz,warrush,9508,0,historical,0,15778,won,True,False,42,21.075548231715047,12.992077576372164,5.598364811763215,0.9837748764101915,2.637089618456078,0.9735074153885157,2,30,11,0,16,/home/bradley/.codex/worktrees/maxima-growth-policy/glob2/artifacts/maxima-historical-validation/duels/Muka-warrush-9508-0-historical,,,,,,,11264,12288,1024,1024,3891,,
duels,Muka.map.gz,warrush,9508,0,latest,0,14082,won,True,False,32,13.73874449652038,8.955759125124272,2.3827581309473085,1.018179235903991,2.8728873739525636,0.9091038204800455,3,14,11,0,3,/home/bradley/.codex/worktrees/maxima-growth-policy/glob2/artifacts/maxima-historical-validation/duels/Muka-warrush-9508-0-latest,,,8192,12288,,,13312,12288,1536,1024,3485,,
duels,SmallForTwo.map.gz,cortex,9509,1,historical,0,23394,won,True,False,150,77.29823886466616,51.344832008207234,20.641190048730444,0.9890570231683338,6.309652047533556,3.1338804821749164,1,94,34,6,151,/home/bradley/.codex/worktrees/maxima-growth-policy/glob2/artifacts/maxima-historical-validation/duels/SmallForTwo-cortex-9509-1-historical,7680,14848,,,9728,15360,4608,4608,7168,512,3933,,
duels,SmallForTwo.map.gz,cortex,9509,1,latest,0,15426,won,True,False,115,52.56612213146636,36.136328276935046,11.528847400492674,0.9834046415143265,5.652016076753533,2.1659535848567355,0,63,27,1,72,/home/bradley/.codex/worktrees/maxima-growth-policy/glob2/artifacts/maxima-historical-validation/duels/SmallForTwo-cortex-9509-1-latest,8192,13824,,,10240,13312,4096,5120,4608,512,5164,,
duels,Dejans.map.gz,castor,9500,1,historical,0,16098,won,True,False,66,36.325754752143126,24.125481426264134,7.891539321654864,1.0776493974406758,3.3919741582805316,0.7932662442539445,0,56,19,1,62,/home/bradley/.codex/worktrees/maxima-growth-policy/glob2/artifacts/maxima-historical-validation/duels/Dejans-castor-9500-1-historical,11776,,14848,,11776,14848,4096,5120,4608,512,3183,,
duels,Dejans.map.gz,castor,9500,1,latest,0,48706,won,True,False,138,68.95090953886584,40.67476286289163,19.249209542972118,3.1208885968874474,8.652075719623866,0.5427257422083521,0,129,34,22,357,/home/bradley/.codex/worktrees/maxima-growth-policy/glob2/artifacts/maxima-historical-validation/duels/Dejans-castor-9500-1-latest,13312,40960,2560,11264,12800,17408,6656,6656,6656,512,3318,,
duels,SmallForTwo.map.gz,warrush,9500,1,historical,0,19810,lost,False,False,3,20.820494699646645,13.58374558303887,4.9881877839475015,0.8012115093387178,1.7058051489146895,2.8479555779909136,14,45,19,0,23,/home/bradley/.codex/worktrees/maxima-growth-policy/glob2/artifacts/maxima-historical-validation/duels/SmallForTwo-warrush-9500-1-historical,,,,,,,3584,5632,3584,512,3928,,
duels,SmallForTwo.map.gz,warrush,9500,1,latest,0,15234,won,True,False,104,47.5238939214914,32.95949849021925,10.101877379545753,1.5380070894052777,4.42090061704083,1.5966916108704214,1,76,23,1,37,/home/bradley/.codex/worktrees/maxima-growth-policy/glob2/artifacts/maxima-historical-validation/duels/SmallForTwo-warrush-9500-1-latest,8704,,8192,12288,11776,14336,4096,5120,4096,512,4561,,
duels,SmallForTwo.map.gz,castor,9523,0,historical,0,20642,won,True,False,130,52.0670962116074,38.304476310435035,9.383974421083229,1.499370216064335,4.919775215579886,1.578335432613119,1,100,29,7,94,/home/bradley/.codex/worktrees/maxima-growth-policy/glob2/artifacts/maxima-historical-validation/duels/SmallForTwo-castor-9523-0-historical,10752,17920,11264,15872,13824,15872,8704,10752,2560,1024,6521,,16274
duels,SmallForTwo.map.gz,castor,9523,0,latest,0,18626,won,True,False,80,36.60238376463009,24.60630301728766,7.94443251369054,1.2303232041232686,4.371523676581123,0.732202297863202,0,63,21,1,45,/home/bradley/.codex/worktrees/maxima-growth-policy/glob2/artifacts/maxima-historical-validation/duels/SmallForTwo-castor-9523-0-latest,12800,,14336,17408,16384,16896,7168,9216,5120,1024,6314,,
duels,SmallForTwo.map.gz,cortex,9508,1,historical,0,13954,won,True,False,98,44.11315751755769,26.07359896803784,13.525297405761789,0.9816540060197793,4.037265300272323,2.404185179876738,0,65,21,1,58,/home/bradley/.codex/worktrees/maxima-growth-policy/glob2/artifacts/maxima-historical-validation/duels/SmallForTwo-cortex-9508-1-historical,8192,,,,10752,13824,4096,5632,2560,512,4788,,
duels,SmallForTwo.map.gz,cortex,9508,1,latest,0,10658,won,True,False,79,33.05507599924939,22.237849502720962,7.954963407768812,0.9759804841433665,3.8206042409457686,2.240195158566335,0,46,16,0,24,/home/bradley/.codex/worktrees/maxima-growth-policy/glob2/artifacts/maxima-historical-validation/duels/SmallForTwo-cortex-9508-1-latest,7680,,,,,,3584,5632,4608,512,5159,,
duels,balanced_for_2.map.gz,warrush,9501,0,historical,0,51458,won,True,False,187,79.77531190485445,49.31544171946053,20.46880951455556,1.850829802946092,5.005091530957285,3.2040110381281823,9,198,47,36,375,/home/bradley/.codex/worktrees/maxima-growth-policy/glob2/artifacts/maxima-historical-validation/duels/balanced_for_2-warrush-9501-0-historical,9728,40448,10752,20992,10240,13824,5120,3584,1024,512,635,,
duels,balanced_for_2.map.gz,warrush,9501,0,latest,0,52994,won,True,False,179,84.1871532626335,47.286824923576255,24.648337547646904,2.473487564629958,7.826433181114843,1.9227459712420274,0,185,48,21,416,/home/bradley/.codex/worktrees/maxima-growth-policy/glob2/artifacts/maxima-historical-validation/duels/balanced_for_2-warrush-9501-0-latest,9216,36864,12800,31232,10752,16384,5632,6144,1024,512,639,44531,
duels,SmallForTwo.map.gz,cortex,9505,1,historical,0,23714,won,True,False,192,89.5382896179472,57.63738719743611,26.660538078772035,1.7801298810829047,6.001771105675972,6.705912119423125,1,147,36,8,163,/home/bradley/.codex/worktrees/maxima-growth-policy/glob2/artifacts/maxima-historical-validation/duels/SmallForTwo-cortex-9505-1-historical,9728,13824,5632,10752,11776,12800,4608,5120,5632,1024,4124,,11129
duels,SmallForTwo.map.gz,cortex,9505,1,latest,0,15458,won,True,False,111,50.05233536033122,34.04463708112304,12.326238840729719,0.9834389959891319,5.607452451804891,2.2191745374563334,0,64,27,1,61,/home/bradley/.codex/worktrees/maxima-growth-policy/glob2/artifacts/maxima-historical-validation/duels/SmallForTwo-cortex-9505-1-latest,8192,13824,,,11264,15360,5120,5632,4096,1024,5368,,
duels,Mazury.map.gz,cortex,9520,0,historical,0,60000,unresolved,False,True,395,171.93786666666668,100.87493333333333,52.2928,3.3546666666666667,11.882666666666667,15.7696,36,403,75,33,472,/home/bradley/.codex/worktrees/maxima-growth-policy/glob2/artifacts/maxima-historical-validation/duels/Mazury-cortex-9520-0-historical,11776,24064,9216,23040,8704,13312,4096,5632,4608,512,7626,,
duels,Mazury.map.gz,cortex,9520,0,latest,0,39234,won,True,False,569,193.5922159351583,136.87704541978897,39.626548401896315,3.889279706377122,13.912422898506398,15.70561247897232,16,443,69,36,275,/home/bradley/.codex/worktrees/maxima-growth-policy/glob2/artifacts/maxima-historical-validation/duels/Mazury-cortex-9520-0-latest,7168,16896,4096,6656,8192,12288,4608,4096,4096,512,5143,,
duels,balanced_for_2.map.gz,warrush,9516,0,historical,0,40258,won,True,False,225,73.07658105221323,44.6305827413185,19.409608028217995,2.5739480351731334,5.539271697550797,1.245118982562472,0,236,42,21,244,/home/bradley/.codex/worktrees/maxima-growth-policy/glob2/artifacts/maxima-historical-validation/duels/balanced_for_2-warrush-9516-0-historical,8704,32256,9728,26112,9728,12800,4096,4608,1024,512,635,,
duels,balanced_for_2.map.gz,warrush,9516,0,latest,0,27746,won,True,False,181,75.4020759749153,51.906220716499675,15.125423484466229,2.4868449506235133,6.305052980609817,1.0787140488719094,0,155,40,10,207,/home/bradley/.codex/worktrees/maxima-growth-policy/glob2/artifacts/maxima-historical-validation/duels/balanced_for_2-warrush-9516-0-latest,9216,20992,12288,17408,10240,13824,5120,6144,1024,512,639,,
duels,Mazury.map.gz,castor,9515,1,historical,0,22818,won,True,False,85,38.743185204662986,24.49048996406346,9.929616969059515,2.2707511613638354,4.299149794022263,2.284161626785871,1,79,25,4,83,/home/bradley/.codex/worktrees/maxima-growth-policy/glob2/artifacts/maxima-historical-validation/duels/Mazury-castor-9515-1-historical,15360,,6144,10752,13824,18944,7168,10240,2560,512,1892,,
duels,Mazury.map.gz,castor,9515,1,latest,0,26434,won,True,False,236,88.78206098206854,67.46565029885753,13.069002042823636,2.8622228947567527,8.715366573352501,3.680108950593932,0,197,35,7,109,/home/bradley/.codex/worktrees/maxima-growth-policy/glob2/artifacts/maxima-historical-validation/duels/Mazury-castor-9515-1-latest,9728,15872,3072,7168,14848,13824,8192,6144,4096,512,,22859,
duels,Mazury.map.gz,warrush,9509,0,historical,0,60000,unresolved,False,True,56,58.09413333333333,36.904266666666665,18.2256,1.9317333333333333,3.6928,11.178666666666667,85,157,50,21,306,/home/bradley/.codex/worktrees/maxima-growth-policy/glob2/artifacts/maxima-historical-validation/duels/Mazury-warrush-9509-0-historical,10752,,11264,20992,9728,12800,3584,5120,2560,512,7829,,
duels,Mazury.map.gz,warrush,9509,0,latest,0,21602,won,True,False,146,73.06087399314879,54.250254606054995,11.277844644014444,2.182297935376354,5.463938524210721,6.796222571984075,6,134,26,4,77,/home/bradley/.codex/worktrees/maxima-growth-policy/glob2/artifacts/maxima-historical-validation/duels/Mazury-warrush-9509-0-latest,8192,14848,3584,7168,10240,17408,5120,6656,2560,512,1662,,
duels,Muka.map.gz,warrush,9513,1,historical,0,11266,lost,False,False,1,7.203443990768685,5.022013136872005,0.45446476122847507,0.9318302858157287,1.3183028581572873,1.4317415231670514,7,4,4,0,0,/home/bradley/.codex/worktrees/maxima-growth-policy/glob2/artifacts/maxima-historical-validation/duels/Muka-warrush-9513-1-historical,,,3584,,,,,,1024,1024,5798,,
duels,Muka.map.gz,warrush,9513,1,latest,0,6658,lost,False,False,6,6.538299789726644,4.846500450585761,0.5382997897266446,0.7308501051366777,1.6924001201562031,1.7317512766596574,2,4,2,0,0,/home/bradley/.codex/worktrees/maxima-growth-policy/glob2/artifacts/maxima-historical-validation/duels/Muka-warrush-9513-1-latest,,,,,,,,,1024,1024,,,
duels,strange2.map.gz,warrush,9518,0,historical,0,16770,won,True,False,0,149.75313059033988,135.67847346451998,11.632200357781754,5.030292188431723,0.33583780560524745,72.8768038163387,323,211,16,0,6,/home/bradley/.codex/worktrees/maxima-growth-policy/glob2/artifacts/maxima-historical-validation/duels/strange2-warrush-9518-0-historical,512,512,512,,,,2560,2048,1024,512,695,,
duels,strange2.map.gz,warrush,9518,0,latest,0,18146,won,True,False,0,144.12520665711452,132.75432602226385,8.916124765788604,6.677174032844704,2.42323377052794,67.51989419155737,309,210,18,0,6,/home/bradley/.codex/worktrees/maxima-growth-policy/glob2/artifacts/maxima-historical-validation/duels/strange2-warrush-9518-0-latest,512,512,512,,,,4096,3072,1024,512,919,,
duels,SmallForTwo.map.gz,warrush,9502,1,historical,0,15426,won,True,False,101,43.198366394399066,29.458057824452222,8.793854531310775,1.0042784908595876,3.7847789446389215,0.9957215091404122,0,76,23,1,41,/home/bradley/.codex/worktrees/maxima-growth-policy/glob2/artifacts/maxima-historical-validation/duels/SmallForTwo-warrush-9502-1-historical,10240,15360,15360,,11776,15360,4608,6656,2048,1024,3523,,
duels,SmallForTwo.map.gz,warrush,9502,1,latest,0,20002,won,True,False,100,43.518398160183985,29.742875712428756,9.797720227977202,1.1552844715528447,4.086991300869913,2.073392660733927,2,87,26,1,64,/home/bradley/.codex/worktrees/maxima-growth-policy/glob2/artifacts/maxima-historical-validation/duels/SmallForTwo-warrush-9502-1-latest,12800,,16384,19968,15872,19456,5632,9216,3072,1024,5999,,
duels,balanced_for_2.map.gz,cortex,9509,1,historical,0,35458,won,True,False,241,105.28557730272435,72.13342546110891,21.796801850076147,1.8376106943426025,6.812623385413729,2.2743527553725533,0,202,52,41,324,/home/bradley/.codex/worktrees/maxima-growth-policy/glob2/artifacts/maxima-historical-validation/duels/balanced_for_2-cortex-9509-1-historical,8704,20480,14336,19968,10240,12800,4096,5120,2560,1024,5590,,
duels,balanced_for_2.map.gz,cortex,9509,1,latest,0,34018,won,True,False,158,73.22273502263508,42.620583220647895,23.05802810276912,1.9079310953024868,6.535657593038979,1.6688811805514727,1,109,37,15,268,/home/bradley/.codex/worktrees/maxima-growth-policy/glob2/artifacts/maxima-historical-validation/duels/balanced_for_2-cortex-9509-1-latest,10240,23552,22528,28160,14848,17408,5120,6144,2560,1024,5870,,
duels,Dejans.map.gz,cortex,9519,1,historical,0,23778,won,True,False,98,53.71364286315081,33.91782319791404,13.304356968626461,1.3742955673311463,5.630162334931449,0.9018420388594499,1,63,26,14,137,/home/bradley/.codex/worktrees/maxima-growth-policy/glob2/artifacts/maxima-historical-validation/duels/Dejans-cortex-9519-1-historical,10240,,18432,,9728,13312,3584,5120,4096,512,3732,20575,
duels,Dejans.map.gz,cortex,9519,1,latest,0,27234,won,True,False,121,59.36410369391202,34.56635088492326,15.264962914004553,2.3889990453110084,6.196592494675773,1.939193654990086,3,66,28,8,122,/home/bradley/.codex/worktrees/maxima-growth-policy/glob2/artifacts/maxima-historical-validation/duels/Dejans-cortex-9519-1-latest,11776,22528,2560,10240,13312,16896,6656,7168,3072,512,3932,12356,
duels,Dejans.map.gz,warrush,9513,0,historical,0,20066,won,True,False,62,41.03633011063491,25.821090401674475,9.94543008073358,0.9872421010664806,3.8998305591547893,1.0716635104156285,1,52,20,3,63,/home/bradley/.codex/worktrees/maxima-growth-policy/glob2/artifacts/maxima-historical-validation/duels/Dejans-warrush-9513-0-historical,12288,,,,10240,15872,2560,5120,2048,512,2467,12842,
duels,Dejans.map.gz,warrush,9513,0,latest,0,40258,won,True,False,93,54.081375130408865,33.09277659098812,14.211162998658653,1.696408167320781,6.836504545680362,1.020716379353172,0,59,29,18,186,/home/bradley/.codex/worktrees/maxima-growth-policy/glob2/artifacts/maxima-historical-validation/duels/Dejans-warrush-9513-0-latest,13824,,24064,,13312,16896,3072,6144,2048,512,2065,,
duels,strange2.map.gz,cortex,9520,1,historical,0,18530,won,True,False,0,153.40658391797086,134.86627091203454,16.937722611980572,7.5749595250944415,0.986184565569347,72.00604425256341,364,267,12,0,14,/home/bradley/.codex/worktrees/maxima-growth-policy/glob2/artifacts/maxima-historical-validation/duels/strange2-cortex-9520-1-historical,512,512,512,,,,2560,1536,2048,512,732,,
duels,strange2.map.gz,cortex,9520,1,latest,0,9410,lost,False,False,105,247.66981934112647,230.6818278427205,11.455047821466525,7.121147715196599,3.1013815090329437,96.00021253985122,192,258,15,0,3,/home/bradley/.codex/worktrees/maxima-growth-policy/glob2/artifacts/maxima-historical-validation/duels/strange2-cortex-9520-1-latest,512,512,512,,,,3584,2048,2048,512,736,,
duels,strange2.map.gz,castor,9509,1,historical,0,38978,won,True,False,0,101.90610087741803,95.86371799476628,4.5449227769511005,7.044076145517985,0.9934321925188568,48.71999589512033,484,356,14,0,8,/home/bradley/.codex/worktrees/maxima-growth-policy/glob2/artifacts/maxima-historical-validation/duels/strange2-castor-9509-1-historical,512,512,512,,,,2048,1024,1024,512,,,
duels,strange2.map.gz,castor,9509,1,latest,0,39426,won,True,False,0,101.87794856186272,96.18992542991934,4.298483234413839,8.941561406178664,3.9480545832699234,46.348298077410846,450,322,10,0,7,/home/bradley/.codex/worktrees/maxima-growth-policy/glob2/artifacts/maxima-historical-validation/duels/strange2-castor-9509-1-latest,512,512,512,,,,4608,3584,1024,512,,,
duels,Dejans.map.gz,cortex,9509,1,historical,0,26658,lost,False,False,3,26.306774701778078,15.397629229499588,5.87711006076975,0.7407157326130993,1.8463500637707255,3.056343311576262,13,51,20,1,28,/home/bradley/.codex/worktrees/maxima-growth-policy/glob2/artifacts/maxima-historical-validation/duels/Dejans-cortex-9509-1-historical,12288,,,,11264,15872,5632,4608,3072,512,12648,,
duels,Dejans.map.gz,cortex,9509,1,latest,0,16386,won,True,False,77,42.301110704259735,28.518369339680216,8.063468814841938,1.281337727328207,5.360063468814842,1.2031002074942023,0,40,20,4,30,/home/bradley/.codex/worktrees/maxima-growth-policy/glob2/artifacts/maxima-historical-validation/duels/Dejans-cortex-9509-1-latest,9728,,11776,,10752,10240,6144,5632,8192,512,3918,,
duels,Dejans.map.gz,warrush,9509,0,historical,0,20930,won,True,False,64,39.220974677496415,23.44629718107979,9.233158146201625,1.0122312470138557,4.174581939799331,1.345437171524128,3,50,20,1,62,/home/bradley/.codex/worktrees/maxima-growth-policy/glob2/artifacts/maxima-historical-validation/duels/Dejans-warrush-9509-0-historical,15360,,19456,,14848,20480,2560,4096,2560,512,3085,,
duels,Dejans.map.gz,warrush,9509,0,latest,0,14562,won,True,False,44,28.609737673396513,18.754978711715424,6.280799340749897,0.9824199972531246,4.136519708831204,1.3671199011124846,5,33,12,0,30,/home/bradley/.codex/worktrees/maxima-growth-policy/glob2/artifacts/maxima-historical-validation/duels/Dejans-warrush-9509-0-latest,,,,,,,2560,5632,1536,512,3907,,
duels,Dejans.map.gz,warrush,9510,1,historical,0,20674,won,True,False,72,44.19614007932669,28.367031053497147,10.209586920770048,1.0836799845216214,4.1861275031440455,1.0896778562445584,0,57,22,6,89,/home/bradley/.codex/worktrees/maxima-growth-policy/glob2/artifacts/maxima-historical-validation/duels/Dejans-warrush-9510-1-historical,11776,,18944,,11776,14336,3584,5632,2560,512,3533,,
duels,Dejans.map.gz,warrush,9510,1,latest,0,13282,won,True,False,47,26.589745520252976,17.974024996235507,5.352657732269236,1.8072579430808613,3.130402047884355,1.3491943984339707,0,31,12,0,13,/home/bradley/.codex/worktrees/maxima-growth-policy/glob2/artifacts/maxima-historical-validation/duels/Dejans-warrush-9510-1-latest,,,2560,13282,,,5120,,2048,512,3535,,
duels,Muka.map.gz,warrush,9514,0,historical,0,19778,won,True,False,60,37.9746688239458,24.857366771159874,8.411669531803014,1.3010415613307715,3.8513499848316313,3.343614116695318,4,48,20,4,51,/home/bradley/.codex/worktrees/maxima-growth-policy/glob2/artifacts/maxima-historical-validation/duels/Muka-warrush-9514-0-historical,11776,,13824,,10752,13824,11264,9216,1024,1024,6349,,
duels,Muka.map.gz,warrush,9514,0,latest,0,13154,won,True,False,42,20.37653945567888,15.420252394708834,3.7213015052455525,1.0194617606811616,3.065835487304242,1.2919264102174244,2,26,15,0,6,/home/bradley/.codex/worktrees/maxima-growth-policy/glob2/artifacts/maxima-historical-validation/duels/Muka-warrush-9514-0-latest,,,8704,,12800,,10240,9728,1024,1024,3478,,
duels,Muka.map.gz,castor,9518,0,historical,0,31522,won,True,False,73,46.389981600152275,29.368631432015736,8.985629084448956,2.0021572235264258,4.53924243385572,1.5787703825899373,2,52,20,10,92,/home/bradley/.codex/worktrees/maxima-growth-policy/glob2/artifacts/maxima-historical-validation/duels/Muka-castor-9518-0-historical,13824,,20480,31232,10240,14336,7680,6656,9216,1024,3469,,
duels,Muka.map.gz,castor,9518,0,latest,0,46914,won,True,False,170,71.44344971650254,43.430212729675574,20.889862301232043,2.319307669352432,9.065993093746004,1.6549857185488341,0,167,44,18,355,/home/bradley/.codex/worktrees/maxima-growth-policy/glob2/artifacts/maxima-historical-validation/duels/Muka-castor-9518-0-latest,19456,32256,15872,20480,13824,17408,10752,9728,10240,1024,35151,,
duels,balanced_for_2.map.gz,cortex,9507,1,historical,0,12866,lost,False,False,7,16.530856521063267,11.24265505984766,2.8356909684439606,1.4326130887610757,1.9749727965179542,0.8607181719260065,1,22,10,0,4,/home/bradley/.codex/worktrees/maxima-growth-policy/glob2/artifacts/maxima-historical-validation/duels/balanced_for_2-cortex-9507-1-historical,,,3072,10240,,,5120,,2560,1024,4850,,
duels,balanced_for_2.map.gz,cortex,9507,1,latest,0,35810,won,True,False,195,98.31276179838034,58.03465512426696,27.74018430605976,1.6139625802848367,8.050488690309969,2.743479475006981,0,117,45,22,299,/home/bradley/.codex/worktrees/maxima-growth-policy/glob2/artifacts/maxima-historical-validation/duels/balanced_for_2-cortex-9507-1-latest,9216,18432,13824,21504,10752,15360,5632,5632,2048,1024,2917,,
duels,Muka.map.gz,castor,9504,1,historical,0,36930,won,True,False,85,44.78727321960466,33.60639046845383,8.718223666395884,2.2253994042783645,3.8233414568101813,1.6030869212022745,1,95,29,26,164,/home/bradley/.codex/worktrees/maxima-growth-policy/glob2/artifacts/maxima-historical-validation/duels/Muka-castor-9504-1-historical,13824,,11776,23552,10752,13312,8704,7168,7680,1024,3303,,
duels,Muka.map.gz,castor,9504,1,latest,0,26466,won,True,False,58,31.966825360840325,18.43278168215824,7.136023577420086,1.9456661376860878,4.2045643467089855,1.4039900249376558,2,39,15,3,51,/home/bradley/.codex/worktrees/maxima-growth-policy/glob2/artifacts/maxima-historical-validation/duels/Muka-castor-9504-1-latest,19456,,3584,10752,16896,20480,10752,10752,10752,1024,5132,,
duels,Mazury.map.gz,castor,9519,0,historical,0,52322,won,True,False,593,312.47645349948397,263.0158633079775,27.50674668399526,5.805015098811207,15.144069416306715,62.91082145177936,480,1067,94,65,546,/home/bradley/.codex/worktrees/maxima-growth-policy/glob2/artifacts/maxima-historical-validation/duels/Mazury-castor-9519-0-historical,10240,16896,6656,11776,9728,12800,4096,4608,6656,512,6765,,31646
duels,Mazury.map.gz,castor,9519,0,latest,0,24706,won,True,False,202,78.52533797458108,56.966809681858656,13.693070509188052,2.891443374079171,8.493240508378532,3.3062413988504815,3,162,35,9,125,/home/bradley/.codex/worktrees/maxima-growth-policy/glob2/artifacts/maxima-historical-validation/duels/Mazury-castor-9519-0-latest,9216,17408,4608,7680,9216,12800,4096,4608,10752,512,,,
duels,Muka.map.gz,castor,9523,1,historical,0,46466,won,True,False,144,53.05888176300951,31.868656652175783,16.8896612576938,2.5565359617785046,5.614513838075152,2.019584212112082,0,157,39,30,218,/home/bradley/.codex/worktrees/maxima-growth-policy/glob2/artifacts/maxima-historical-validation/duels/Muka-castor-9523-1-historical,22528,42496,3584,10752,17408,20480,11776,10752,8704,1024,28073,,
duels,Muka.map.gz,castor,9523,1,latest,0,60000,unresolved,False,True,105,51.254666666666665,34.49653333333333,10.218666666666667,2.3018666666666667,6.222933333333334,1.6304,2,184,46,27,165,/home/bradley/.codex/worktrees/maxima-growth-policy/glob2/artifacts/maxima-historical-validation/duels/Muka-castor-9523-1-latest,20480,59904,18432,23552,15360,19456,12800,11776,7168,1024,,,
duels,SmallForTwo.map.gz,castor,9504,1,historical,0,9602,won,True,False,55,25.23922099562591,16.47750468652364,6.134555300978962,1.3601333055613414,2.2936888148302437,0.4401166423661737,0,47,11,0,24,/home/bradley/.codex/worktrees/maxima-growth-policy/glob2/artifacts/maxima-historical-validation/duels/SmallForTwo-castor-9504-1-historical,9216,,6144,,,,4096,5120,8192,1024,3931,,
duels,SmallForTwo.map.gz,castor,9504,1,latest,0,13634,won,True,False,73,33.15123954818835,22.469268006454453,7.235587501833651,1.3288836731700162,4.207129235734194,0.7183511808713511,0,64,16,0,34,/home/bradley/.codex/worktrees/maxima-growth-policy/glob2/artifacts/maxima-historical-validation/duels/SmallForTwo-castor-9504-1-latest,9216,,10752,,12288,,5120,6144,6656,1024,7622,,
duels,strange2.map.gz,castor,9504,0,historical,0,35586,won,True,False,0,103.33232169954476,99.37570954869892,2.5466194570898666,6.834373068060473,0.9928061597257348,48.77423705951779,447,325,16,0,1,/home/bradley/.codex/worktrees/maxima-growth-policy/glob2/artifacts/maxima-historical-validation/duels/strange2-castor-9504-0-historical,512,512,512,,,,8704,2048,1024,512,,,
duels,strange2.map.gz,castor,9504,0,latest,0,40674,won,True,False,0,101.20666765009588,96.97713527068889,2.8071003589516645,8.943354477061513,5.384668338496336,45.10242415302159,443,315,14,0,0,/home/bradley/.codex/worktrees/maxima-growth-policy/glob2/artifacts/maxima-historical-validation/duels/strange2-castor-9504-0-latest,512,512,512,,,,,,1024,512,,,
duels,strange2.map.gz,warrush,9509,0,historical,0,17506,won,True,False,0,134.24425911116188,119.56220724323089,12.956472066719982,6.573746144179139,0.9853764423626186,65.60127956129327,302,197,15,0,5,/home/bradley/.codex/worktrees/maxima-growth-policy/glob2/artifacts/maxima-historical-validation/duels/strange2-warrush-9509-0-historical,512,512,512,,,,2048,1536,1024,512,696,,
duels,strange2.map.gz,warrush,9509,0,latest,0,17186,won,True,False,1,158.52356569300593,149.79262190154776,6.466775282206447,7.372396136390085,3.7596881182357733,70.10182706854417,305,211,19,0,1,/home/bradley/.codex/worktrees/maxima-growth-policy/glob2/artifacts/maxima-historical-validation/duels/strange2-warrush-9509-0-latest,512,512,512,,,,7168,4096,1024,512,696,,
duels,strange2.map.gz,warrush,9519,1,historical,0,18018,won,True,False,0,149.55355755355757,135.77178377178376,11.991563991563991,8.767232767232768,0.42624042624042624,72.48928848928848,320,229,15,0,9,/home/bradley/.codex/worktrees/maxima-growth-policy/glob2/artifacts/maxima-historical-validation/duels/strange2-warrush-9519-1-historical,512,512,512,,,,1536,1024,1024,512,730,,
duels,strange2.map.gz,warrush,9519,1,latest,0,17218,won,True,False,0,176.4795562783134,165.32843535834593,7.731443837844116,8.86618654896039,8.148681612266232,75.95040074340807,327,215,19,0,4,/home/bradley/.codex/worktrees/maxima-growth-policy/glob2/artifacts/maxima-historical-validation/duels/strange2-warrush-9519-1-latest,512,512,512,,,,3072,2048,1024,512,731,,
duels,Dejans.map.gz,castor,9522,1,historical,0,17026,won,True,False,75,40.113062375190886,26.134323975096912,8.69258780688359,1.6918830024668154,3.6169387994831435,1.2482086221073652,0,65,20,2,66,/home/bradley/.codex/worktrees/maxima-growth-policy/glob2/artifacts/maxima-historical-validation/duels/Dejans-castor-9522-1-historical,10240,,4096,7168,11264,14848,4096,6144,6656,512,3323,9070,
duels,Dejans.map.gz,castor,9522,1,latest,0,10498,won,True,False,45,22.333301581253572,15.185273385406743,4.415888740712517,1.756144027433797,2.8296818441607927,0.292817679558011,0,34,11,0,21,/home/bradley/.codex/worktrees/maxima-growth-policy/glob2/artifacts/maxima-historical-validation/duels/Dejans-castor-9522-1-latest,,,2560,7168,,,4608,6144,10240,512,3322,,
duels,Muka.map.gz,warrush,9523,1,historical,0,25954,won,True,False,57,30.85158357093319,19.382137628111273,7.379209370424597,1.1987362256299607,3.080372967557987,1.3133235724743777,2,45,23,4,74,/home/bradley/.codex/worktrees/maxima-growth-policy/glob2/artifacts/maxima-historical-validation/duels/Muka-warrush-9523-1-historical,20992,,24064,,16896,19968,12288,9216,1024,1024,10351,,
duels,Muka.map.gz,warrush,9523,1,latest,0,4674,lost,False,False,6,6.766795036371416,4.0,0.7667950363714163,0.9452289259734703,1.740265297389816,0.7137355584082157,1,2,2,0,0,/home/bradley/.codex/worktrees/maxima-growth-policy/glob2/artifacts/maxima-historical-validation/duels/Muka-warrush-9523-1-latest,,,,,,,,,1536,1024,3319,,
duels,strange2.map.gz,castor,9508,1,historical,0,30978,won,True,False,0,124.7688036671186,118.22377170895474,5.288914713667764,7.933694880237588,0.9917360707598941,59.40112337788108,469,342,13,0,6,/home/bradley/.codex/worktrees/maxima-growth-policy/glob2/artifacts/maxima-historical-validation/duels/strange2-castor-9508-1-historical,512,512,512,,,,1536,1024,1024,512,,,
duels,strange2.map.gz,castor,9508,1,latest,0,55266,won,True,False,0,81.6183548655593,78.25541924510549,2.2975427930373105,8.95831071544892,10.333514276408643,33.18467050265986,438,310,19,0,8,/home/bradley/.codex/worktrees/maxima-growth-policy/glob2/artifacts/maxima-historical-validation/duels/strange2-castor-9508-1-latest,512,512,512,,,,7168,2048,1024,512,,,
duels,balanced_for_2.map.gz,warrush,9522,1,historical,0,30466,won,True,False,290,132.66162279262127,107.35318059476137,15.61445545854395,2.5042342283200947,8.15190704391781,2.0672881244666184,0,283,66,44,278,/home/bradley/.codex/worktrees/maxima-growth-policy/glob2/artifacts/maxima-historical-validation/duels/balanced_for_2-warrush-9522-1-historical,8704,13312,3072,7168,9728,12800,4608,4608,1024,1024,5805,,
duels,balanced_for_2.map.gz,warrush,9522,1,latest,0,60000,unresolved,False,True,142,69.97013333333334,38.09386666666666,23.01493333333333,1.9605333333333332,6.6128,1.9402666666666666,1,132,50,26,363,/home/bradley/.codex/worktrees/maxima-growth-policy/glob2/artifacts/maxima-historical-validation/duels/balanced_for_2-warrush-9522-1-latest,16896,47616,27648,48640,17920,20992,6144,5120,1024,1024,5613,,
duels,Dejans.map.gz,warrush,9515,1,historical,0,24802,won,True,False,69,41.14736714781066,23.265099588742842,11.989113781146681,1.4608499314571406,3.7692927989678253,1.4450447544552858,2,58,25,4,98,/home/bradley/.codex/worktrees/maxima-growth-policy/glob2/artifacts/maxima-historical-validation/duels/Dejans-warrush-9515-1-historical,16896,,16896,,16896,19968,4096,5632,3072,512,3527,,
duels,Dejans.map.gz,warrush,9515,1,latest,0,17122,won,True,False,65,35.83792781217147,23.049818946384768,8.226959467351945,1.224272865319472,4.082700619086555,1.2260249970797803,0,43,19,1,40,/home/bradley/.codex/worktrees/maxima-growth-policy/glob2/artifacts/maxima-historical-validation/duels/Dejans-warrush-9515-1-latest,12288,,2560,,12288,16896,7168,8704,2560,512,3741,,
duels,Dejans.map.gz,castor,9521,0,historical,0,18338,won,True,False,65,37.29692441923874,22.831661031737376,8.54160759079507,1.2829098047769658,4.249863671065547,1.590031628312793,4,51,18,1,47,/home/bradley/.codex/worktrees/maxima-growth-policy/glob2/artifacts/maxima-historical-validation/duels/Dejans-castor-9521-0-historical,13312,,15360,,11264,17408,3072,5632,4608,512,3492,,
duels,Dejans.map.gz,castor,9521,0,latest,0,17826,won,True,False,52,32.67266913497139,21.738303601480983,6.591158981263323,1.6553349040727028,4.343206552227084,0.49736340177269156,0,38,16,0,43,/home/bradley/.codex/worktrees/maxima-growth-policy/glob2/artifacts/maxima-historical-validation/duels/Dejans-castor-9521-0-latest,16896,,6144,,14848,,3584,6144,3584,512,3487,,
duels,strange2.map.gz,castor,9508,0,historical,0,60000,unresolved,False,True,0,67.44746666666667,63.684266666666666,2.8586666666666667,4.9552,0.9957333333333334,32.26453333333333,494,366,16,0,7,/home/bradley/.codex/worktrees/maxima-growth-policy/glob2/artifacts/maxima-historical-validation/duels/strange2-castor-9508-0-historical,512,512,512,,,,4096,2048,1024,512,,,
duels,strange2.map.gz,castor,9508,0,latest,0,36610,won,True,False,0,112.32952745151599,107.46266047527998,3.314504233815897,8.937066375307293,6.4754438677956845,49.45184375853592,439,313,17,0,7,/home/bradley/.codex/worktrees/maxima-growth-policy/glob2/artifacts/maxima-historical-validation/duels/strange2-castor-9508-0-latest,512,512,512,,,,6656,4096,1024,512,,,
duels,Mazury.map.gz,cortex,9521,1,historical,0,33058,lost,False,False,15,33.65185431665557,22.773156270796783,7.9504507229717465,1.9060439228023474,2.1538508076713656,6.493556778994495,37,93,22,0,34,/home/bradley/.codex/worktrees/maxima-growth-policy/glob2/artifacts/maxima-historical-validation/duels/Mazury-cortex-9521-1-historical,11776,,2560,6656,14336,,7168,5632,7168,512,6813,,
duels,Mazury.map.gz,cortex,9521,1,latest,0,39842,lost,False,False,8,70.68942322172582,47.89177250138045,15.444781888459415,3.1525023844184528,8.279955825510768,12.425380251995382,87,111,22,4,41,/home/bradley/.codex/worktrees/maxima-growth-policy/glob2/artifacts/maxima-historical-validation/duels/Mazury-cortex-9521-1-latest,9216,13312,3584,7680,12800,17408,6656,5120,6144,512,3741,,
duels,Dejans.map.gz,castor,9521,1,historical,0,9666,won,True,False,46,23.44154769294434,15.250465549348231,4.958307469480654,1.3972687771570453,2.3049865507966065,0.3378853714049245,0,35,10,0,16,/home/bradley/.codex/worktrees/maxima-growth-policy/glob2/artifacts/maxima-historical-validation/duels/Dejans-castor-9521-1-historical,,,3584,7168,,,4096,6144,5632,512,3525,,
duels,Dejans.map.gz,castor,9521,1,latest,0,8994,won,True,False,35,18.60128974872137,13.025461418723593,3.2836335334667557,1.658438959306204,2.4629753168779187,0.3453413386702246,0,24,8,0,12,/home/bradley/.codex/worktrees/maxima-growth-policy/glob2/artifacts/maxima-historical-validation/duels/Dejans-castor-9521-1-latest,,,3072,,,,6656,7168,,512,3523,,
duels,strange2.map.gz,castor,9512,1,historical,0,39682,lost,False,False,0,102.43354669623507,96.7435109117484,4.283655057708785,6.77395292575979,0.9935487122624868,48.51368378609949,492,364,14,0,10,/home/bradley/.codex/worktrees/maxima-growth-policy/glob2/artifacts/maxima-historical-validation/duels/strange2-castor-9512-1-historical,512,512,512,,,,2048,1024,1024,512,,,
duels,strange2.map.gz,castor,9512,1,latest,0,38882,won,True,False,0,120.790494316136,116.43187078853968,3.3051797747029474,8.940743788899749,15.381101795175145,46.07499614217376,422,295,23,0,7,/home/bradley/.codex/worktrees/maxima-growth-policy/glob2/artifacts/maxima-historical-validation/duels/strange2-castor-9512-1-latest,512,512,512,,,,6144,2560,1024,512,,,
duels,balanced_for_2.map.gz,cortex,9515,0,historical,0,18626,won,True,False,134,62.75657682808977,39.41125308708257,16.31407709653173,1.4469021797487382,4.701385160528294,1.7592612477182432,0,97,27,8,118,/home/bradley/.codex/worktrees/maxima-growth-policy/glob2/artifacts/maxima-historical-validation/duels/balanced_for_2-cortex-9515-0-historical,7680,15872,11264,14336,10752,11264,3072,3584,2048,512,3083,,
duels,balanced_for_2.map.gz,cortex,9515,0,latest,0,22114,won,True,False,150,65.83530794971512,39.69666274758072,18.870670163697206,1.8930993940490186,5.408609930360857,1.722166953061409,0,112,32,7,141,/home/bradley/.codex/worktrees/maxima-growth-policy/glob2/artifacts/maxima-historical-validation/duels/balanced_for_2-cortex-9515-0-latest,8192,17920,13312,17408,8704,11776,4608,5120,2560,512,642,,
duels,SmallForTwo.map.gz,cortex,9510,1,historical,0,32994,won,True,False,167,104.40825604655392,74.11335394314118,24.775050009092563,0.9922410135176093,7.5627689883009035,8.325938049342305,4,121,35,22,271,/home/bradley/.codex/worktrees/maxima-growth-policy/glob2/artifacts/maxima-historical-validation/duels/SmallForTwo-cortex-9510-1-historical,9216,13312,,,11264,14336,4096,5632,7168,512,3724,,
duels,SmallForTwo.map.gz,cortex,9510,1,latest,0,14050,won,True,False,113,49.15701067615658,34.71743772241993,10.990462633451957,0.981779359430605,5.2969395017793595,3.1575800711743773,0,64,26,1,60,/home/bradley/.codex/worktrees/maxima-growth-policy/glob2/artifacts/maxima-historical-validation/duels/SmallForTwo-cortex-9510-1-latest,7680,12800,,,9728,13824,4096,5120,4608,512,,,
duels,Dejans.map.gz,cortex,9503,1,historical,0,42658,won,True,False,70,46.53933611514839,31.501054901776925,11.078695672558489,1.114023160954569,4.019597730789067,4.4342913404285245,26,83,37,21,151,/home/bradley/.codex/worktrees/maxima-growth-policy/glob2/artifacts/maxima-historical-validation/duels/Dejans-cortex-9503-1-historical,10752,,3584,6656,10752,17408,4096,4608,7168,512,6839,,
duels,Dejans.map.gz,cortex,9503,1,latest,0,39618,won,True,False,161,77.1027310818315,49.022287848957546,17.286208289161493,2.927356252208592,8.74996213842193,1.8319955575748397,4,126,34,19,280,/home/bradley/.codex/worktrees/maxima-growth-policy/glob2/artifacts/maxima-historical-validation/duels/Dejans-cortex-9503-1-latest,11264,28160,2560,10240,11264,14336,7168,7680,4608,512,8028,17209,
duels,SmallForTwo.map.gz,warrush,9519,1,historical,0,10210,won,True,False,66,29.649363369245837,20.228893241919685,6.328991185112635,1.0973555337904015,2.94103819784525,0.9026444662095985,0,48,14,0,20,/home/bradley/.codex/worktrees/maxima-growth-policy/glob2/artifacts/maxima-historical-validation/duels/SmallForTwo-warrush-9519-1-historical,8192,,9216,,,,4096,5120,4096,512,3112,,
duels,SmallForTwo.map.gz,warrush,9519,1,latest,0,20834,won,True,False,155,68.03499088029183,51.51631947777671,11.570701737544399,1.3610444465777096,7.461937218009024,2.397907266967457,0,126,35,5,104,/home/bradley/.codex/worktrees/maxima-growth-policy/glob2/artifacts/maxima-historical-validation/duels/SmallForTwo-warrush-9519-1-latest,8704,15360,13312,14848,10752,13824,4096,5120,4096,512,4557,,
duels,Muka.map.gz,cortex,9523,1,historical,0,42050,won,True,False,239,88.5109631391201,51.291082045184304,24.0922711058264,2.514530321046373,6.527086801426873,4.9758382877526754,3,199,41,22,326,/home/bradley/.codex/worktrees/maxima-growth-policy/glob2/artifacts/maxima-historical-validation/duels/Muka-cortex-9523-1-historical,14336,25600,4096,9728,11264,13824,5120,7680,10240,1024,3521,,
duels,Muka.map.gz,cortex,9523,1,latest,0,38050,won,True,False,156,65.93027595269382,37.694060446780554,20.82360052562418,1.957161629434954,7.66580814717477,3.307437582128778,0,58,28,18,154,/home/bradley/.codex/worktrees/maxima-growth-policy/glob2/artifacts/maxima-historical-validation/duels/Muka-cortex-9523-1-latest,14848,30208,17920,26112,14848,17920,8704,9728,6144,1024,3718,,
duels,Dejans.map.gz,cortex,9514,1,historical,0,30530,won,True,False,97,57.03088765149034,34.818997707173274,13.82902063544055,1.4968883065836882,4.863937111038323,1.6732394366197183,1,78,23,18,187,/home/bradley/.codex/worktrees/maxima-growth-policy/glob2/artifacts/maxima-historical-validation/duels/Dejans-cortex-9514-1-historical,10752,,15360,30208,11264,12800,4096,6144,4096,512,5977,10908,
duels,Dejans.map.gz,cortex,9514,1,latest,0,28322,won,True,False,114,57.494915613304144,39.1393263187628,12.618635689569945,2.0147588447143563,7.455829390579761,1.4757432384718594,0,70,31,10,143,/home/bradley/.codex/worktrees/maxima-growth-policy/glob2/artifacts/maxima-historical-validation/duels/Dejans-cortex-9514-1-latest,9728,25600,2560,11776,11776,11776,4096,6656,7168,512,3727,,
duels,Dejans.map.gz,warrush,9503,1,historical,0,20226,won,True,False,80,43.78201325027193,28.211163848511816,10.431227133392662,0.9873430238307129,4.20280826658756,0.885988331850094,0,61,24,6,91,/home/bradley/.codex/worktrees/maxima-growth-policy/glob2/artifacts/maxima-historical-validation/duels/Dejans-warrush-9503-1-historical,11776,,,,10752,14848,4096,5632,2048,512,1683,,
duels,Dejans.map.gz,warrush,9503,1,latest,0,31522,won,True,False,110,56.65354355688091,36.09567920817207,14.849152972527124,2.570649070490451,7.226825709028615,1.2365966626483091,0,85,32,8,148,/home/bradley/.codex/worktrees/maxima-growth-policy/glob2/artifacts/maxima-historical-validation/duels/Dejans-warrush-9503-1-latest,15360,27136,2560,7168,15360,20480,4096,9216,2048,512,1889,,
duels,Dejans.map.gz,castor,9509,0,historical,0,13186,won,True,False,60,34.72705900197179,21.97823449112695,7.728803276202033,1.0292734718640983,3.2819657212194753,0.835128166236918,0,50,15,0,39,/home/bradley/.codex/worktrees/maxima-growth-policy/glob2/artifacts/maxima-historical-validation/duels/Dejans-castor-9509-0-historical,10240,,12800,,10240,,2560,4608,3072,512,,7905,
duels,Dejans.map.gz,castor,9509,0,latest,0,17282,won,True,False,57,34.88768661034602,22.545828029163292,7.837750260386529,1.4371021872468464,4.466959842610809,0.9038305751649115,1,45,17,0,44,/home/bradley/.codex/worktrees/maxima-growth-policy/glob2/artifacts/maxima-historical-validation/duels/Dejans-castor-9509-0-latest,13312,,9728,,11776,,3072,6144,4096,512,3483,8782,
duels,balanced_for_2.map.gz,castor,9519,0,historical,0,15202,won,True,False,103,52.74851993158795,37.5609788185765,8.555519010656493,1.5349296145244047,3.817260886725431,0.5388764636232075,0,81,22,4,104,/home/bradley/.codex/worktrees/maxima-growth-policy/glob2/artifacts/maxima-historical-validation/duels/balanced_for_2-castor-9519-0-historical,7168,14848,9728,12800,9216,11264,4608,4096,1024,512,4519,,
duels,balanced_for_2.map.gz,castor,9519,0,latest,0,20034,won,True,False,124,56.684037136867325,38.3151642208246,9.870120794649097,2.236597783767595,5.016471997604073,0.8849955076370171,0,98,30,5,123,/home/bradley/.codex/worktrees/maxima-growth-policy/glob2/artifacts/maxima-historical-validation/duels/balanced_for_2-castor-9519-0-latest,8192,18432,10752,16384,9728,12288,4608,5632,2048,512,5940,,
duels,Dejans.map.gz,warrush,9501,1,historical,0,27298,won,True,False,104,50.79577258407209,30.741775954282364,13.280020514323393,1.9027767602022125,5.167851124624515,2.177229101033043,2,89,27,4,113,/home/bradley/.codex/worktrees/maxima-growth-policy/glob2/artifacts/maxima-historical-validation/duels/Dejans-warrush-9501-1-historical,15360,26624,4608,7680,14848,20992,4096,6656,3072,512,3528,,
duels,Dejans.map.gz,warrush,9501,1,latest,0,12002,won,True,False,45,23.234210964839193,15.766122312947841,5.006332277953675,1.7038826862189635,3.568405265789035,1.0163306115647393,0,26,11,0,19,/home/bradley/.codex/worktrees/maxima-growth-policy/glob2/artifacts/maxima-historical-validation/duels/Dejans-warrush-9501-1-latest,,,2560,,,,4608,6656,2560,512,2919,,
duels,SmallForTwo.map.gz,cortex,9512,0,historical,0,23842,won,True,False,128,59.161395856052344,35.361966277996814,20.054273970304504,1.0336381176075833,4.781645835080949,2.5583424209378407,2,75,33,3,115,/home/bradley/.codex/worktrees/maxima-growth-policy/glob2/artifacts/maxima-historical-validation/duels/SmallForTwo-cortex-9512-0-historical,10240,19456,23040,,12800,19968,7680,8704,3584,512,3673,,
duels,SmallForTwo.map.gz,cortex,9512,0,latest,0,22114,won,True,False,128,62.32499773898888,38.46052274577191,18.56448403726146,0.9884236230442254,5.857375418287058,3.552952880528172,5,63,30,4,83,/home/bradley/.codex/worktrees/maxima-growth-policy/glob2/artifacts/maxima-historical-validation/duels/SmallForTwo-cortex-9512-0-latest,10240,15872,,,15360,18944,9216,10240,2560,512,3684,,
duels,strange2.map.gz,castor,9510,0,historical,0,37570,lost,False,False,0,104.96204418418951,101.3642800106468,2.2486026084642003,7.231461272291722,0.9931860527016236,49.86446632951823,479,351,15,0,1,/home/bradley/.codex/worktrees/maxima-growth-policy/glob2/artifacts/maxima-historical-validation/duels/strange2-castor-9510-0-historical,512,512,512,,,,4608,1536,1024,512,,,
duels,strange2.map.gz,castor,9510,0,latest,0,38210,won,True,False,0,110.76137136875164,106.31269301230044,3.0819157288667887,8.939701648783041,8.375189740905522,46.77812091075635,430,303,17,0,6,/home/bradley/.codex/worktrees/maxima-growth-policy/glob2/artifacts/maxima-historical-validation/duels/strange2-castor-9510-0-latest,512,512,512,,,,7680,3072,1024,512,,,
duels,Dejans.map.gz,castor,9516,0,historical,0,8354,won,True,False,45,25.31685420158008,17.234259037586785,5.219535551831458,0.9693559971271247,2.2338999281781184,0.23389992817811828,0,34,10,0,17,/home/bradley/.codex/worktrees/maxima-growth-policy/glob2/artifacts/maxima-historical-validation/duels/Dejans-castor-9516-0-historical,,,,,,,2560,4608,4096,512,,,
duels,Dejans.map.gz,castor,9516,0,latest,0,39554,won,True,False,116,59.373388279314355,37.006548010315015,15.091520453051524,2.4466804874348993,7.696111644839966,0.8027506699701674,1,99,33,11,222,/home/bradley/.codex/worktrees/maxima-growth-policy/glob2/artifacts/maxima-historical-validation/duels/Dejans-castor-9516-0-latest,13824,37376,13312,26112,12800,16896,2560,5120,6656,512,4918,10687,
duels,Dejans.map.gz,cortex,9518,0,historical,0,23426,won,True,False,94,53.19474088619483,33.98053444890293,12.454452317937335,1.1039016477418253,4.524886877828054,1.5465721847519849,4,64,25,6,109,/home/bradley/.codex/worktrees/maxima-growth-policy/glob2/artifacts/maxima-historical-validation/duels/Dejans-cortex-9518-0-historical,9216,,19968,,8704,13824,3072,4608,5632,512,5730,7419,
duels,Dejans.map.gz,cortex,9518,0,latest,0,23458,won,True,False,72,38.82611475829142,22.627206070423735,9.73475999658965,1.6795123198908688,4.900673544206668,1.0476596470287323,0,40,18,5,54,/home/bradley/.codex/worktrees/maxima-growth-policy/glob2/artifacts/maxima-historical-validation/duels/Dejans-cortex-9518-0-latest,14848,,12800,,17920,17920,3584,8704,4608,512,5547,,
duels,SmallForTwo.map.gz,castor,9501,1,historical,0,15746,won,True,False,92,45.90003810491553,32.41928108726026,8.80566493077607,1.544773275752572,3.7646386383843518,1.0978026165375334,0,82,22,2,69,/home/bradley/.codex/worktrees/maxima-growth-policy/glob2/artifacts/maxima-historical-validation/duels/SmallForTwo-castor-9501-1-historical,8704,,7168,,10752,14336,4096,5632,2560,512,6200,,
duels,SmallForTwo.map.gz,castor,9501,1,latest,0,10914,won,True,False,74,33.5937328202309,22.741616272677295,7.018691588785047,1.2024922118380061,3.918636613523914,0.5074216602528862,0,58,15,0,26,/home/bradley/.codex/worktrees/maxima-growth-policy/glob2/artifacts/maxima-historical-validation/duels/SmallForTwo-castor-9501-1-latest,8192,,8704,,10240,,3584,5632,7680,512,5157,,
duels,balanced_for_2.map.gz,cortex,9522,0,historical,0,33698,won,True,False,249,99.2466911982907,72.90619621342513,18.48994005578966,1.8024808593981838,6.682176983797258,2.3623360436821175,1,227,57,34,322,/home/bradley/.codex/worktrees/maxima-growth-policy/glob2/artifacts/maxima-historical-validation/duels/balanced_for_2-cortex-9522-0-historical,10752,20992,14336,18432,14336,10752,3072,3584,2048,512,2882,,23585
duels,balanced_for_2.map.gz,cortex,9522,0,latest,0,22210,won,True,False,101,58.663755065285905,33.993786582620444,17.666816749212067,2.040522287257992,5.135884736605133,1.3314723097703738,0,68,31,8,131,/home/bradley/.codex/worktrees/maxima-growth-policy/glob2/artifacts/maxima-historical-validation/duels/balanced_for_2-cortex-9522-0-latest,8704,20992,11264,16896,9728,11776,4096,5120,2560,512,2270,,
duels,Mazury.map.gz,cortex,9509,1,historical,0,18498,lost,False,False,13,24.67012650016218,15.390204346415828,6.793761487728403,2.2111579630230294,2.359822683533355,4.620067034273975,25,45,11,0,25,/home/bradley/.codex/worktrees/maxima-growth-policy/glob2/artifacts/maxima-historical-validation/duels/Mazury-cortex-9509-1-historical,,,5632,9216,,,5632,6656,6144,512,1691,,
duels,Mazury.map.gz,cortex,9509,1,latest,0,49890,won,True,False,579,178.75508117859292,125.50777710964121,44.23191020244538,3.5454399679294446,14.404489877731008,16.48859490879936,14,430,74,24,168,/home/bradley/.codex/worktrees/maxima-growth-policy/glob2/artifacts/maxima-historical-validation/duels/Mazury-cortex-9509-1-latest,9216,17920,4096,7168,16384,20992,6144,4608,5632,512,6201,,48059
duels,Mazury.map.gz,warrush,9502,1,historical,0,52930,lost,False,False,13,31.406839221613453,21.371962969960325,7.2501794823351595,1.8935953145664084,3.1220857736633287,4.158586812771585,22,17,15,3,51,/home/bradley/.codex/worktrees/maxima-growth-policy/glob2/artifacts/maxima-historical-validation/duels/Mazury-warrush-9502-1-historical,,,2048,38912,32768,32256,6656,5632,1536,512,7486,,
duels,Mazury.map.gz,warrush,9502,1,latest,0,26818,won,True,False,164,66.72671340144679,45.317361473637106,14.523603549854576,1.749496606756656,5.895890819598777,5.816615705869192,5,125,34,4,69,/home/bradley/.codex/worktrees/maxima-growth-policy/glob2/artifacts/maxima-historical-validation/duels/Mazury-warrush-9502-1-latest,9728,21504,3072,5632,13824,20992,10752,9728,3584,512,2304,,
duels,Muka.map.gz,warrush,9504,0,historical,0,16066,won,True,False,33,16.900348562181005,10.793850367235155,3.508714054525084,1.2351549856840534,2.0917465454998134,1.5296900286318935,4,22,11,0,6,/home/bradley/.codex/worktrees/maxima-growth-policy/glob2/artifacts/maxima-historical-validation/duels/Muka-warrush-9504-0-historical,,,12288,,,,10752,9728,1024,1024,7137,,
duels,Muka.map.gz,warrush,9504,0,latest,0,10882,lost,False,False,4,8.610917110825216,4.9996324205109355,0.611652269803345,0.6941738650983275,1.9058996507994854,1.388347730196655,5,4,4,0,0,/home/bradley/.codex/worktrees/maxima-growth-policy/glob2/artifacts/maxima-historical-validation/duels/Muka-warrush-9504-0-latest,,,,,,,,,1536,1024,6966,,
duels,Muka.map.gz,warrush,9501,0,historical,0,18914,won,True,False,66,37.171354552183566,24.215871840964365,8.567727609178386,1.350322512424659,3.536639526276832,2.249233372105319,4,57,17,4,41,/home/bradley/.codex/worktrees/maxima-growth-policy/glob2/artifacts/maxima-historical-validation/duels/Muka-warrush-9501-0-historical,12800,,12288,14848,9728,13824,10752,9728,1024,1024,,,
duels,Muka.map.gz,warrush,9501,0,latest,0,15170,lost,False,False,2,6.995121951219512,5.678839815425182,0.37125906394199076,0.5737640079103494,1.8649967040210942,1.4175346077785103,8,5,10,0,0,/home/bradley/.codex/worktrees/maxima-growth-policy/glob2/artifacts/maxima-historical-validation/duels/Muka-warrush-9501-0-latest,,,,,,,,,1024,1024,3686,,
duels,Dejans.map.gz,warrush,9506,1,historical,0,33506,won,True,False,92,53.58822300483496,33.28908255237868,14.466334387870829,2.059332656837581,4.972601922043813,2.3793350444696473,1,86,32,10,170,/home/bradley/.codex/worktrees/maxima-growth-policy/glob2/artifacts/maxima-historical-validation/duels/Dejans-warrush-9506-1-historical,15872,,6144,10240,15872,22016,4096,7168,3072,512,3525,,
duels,Dejans.map.gz,warrush,9506,1,latest,0,32258,won,True,False,101,50.011098022196045,31.724409448818896,12.342054684109367,2.127100254200508,6.008370016740034,1.2540145080290162,2,72,28,11,129,/home/bradley/.codex/worktrees/maxima-growth-policy/glob2/artifacts/maxima-historical-validation/duels/Dejans-warrush-9506-1-latest,17920,32256,2560,12288,17408,22016,5120,8192,3072,512,3534,,
duels,balanced_for_2.map.gz,warrush,9508,0,historical,0,34978,won,True,False,145,65.00726170735891,39.57584767568186,14.865744182057293,1.880210417977014,4.993881868603122,1.1244210646692208,0,144,37,21,253,/home/bradley/.codex/worktrees/maxima-growth-policy/glob2/artifacts/maxima-historical-validation/duels/balanced_for_2-warrush-9508-0-historical,8704,30208,10752,23552,9216,12800,3072,4608,1024,512,635,,
duels,balanced_for_2.map.gz,warrush,9508,0,latest,0,35778,won,True,False,171,91.39974285874001,64.1050366146794,17.160042484208173,2.869472860417016,7.8178769075968475,1.3185197607468278,0,171,39,16,336,/home/bradley/.codex/worktrees/maxima-growth-policy/glob2/artifacts/maxima-historical-validation/duels/balanced_for_2-warrush-9508-0-latest,8704,20480,10240,14848,9216,11776,4608,5120,1024,512,639,,
duels,SmallForTwo.map.gz,cortex,9501,1,historical,0,24002,won,True,False,140,72.91484042996417,53.84176318640113,12.942171485709524,0.9893342221481544,5.797683526372802,2.6590284142988083,0,93,28,8,146,/home/bradley/.codex/worktrees/maxima-growth-policy/glob2/artifacts/maxima-historical-validation/duels/SmallForTwo-cortex-9501-1-historical,9216,14848,,,12800,12288,4608,6656,4096,1024,5151,,
duels,SmallForTwo.map.gz,cortex,9501,1,latest,0,16898,won,True,False,117,54.44679843768493,37.96011362291395,12.607645875251508,1.2575452716297786,5.576517931116109,2.166765297668363,0,69,24,2,77,/home/bradley/.codex/worktrees/maxima-growth-policy/glob2/artifacts/maxima-historical-validation/duels/SmallForTwo-cortex-9501-1-latest,8192,14848,5632,,10752,13312,5120,5120,7680,1024,4752,,
duels,balanced_for_2.map.gz,warrush,9509,1,historical,0,37922,won,True,False,253,76.61729339169875,52.96031327461632,15.971573229260061,1.9266388903538842,5.83750857022309,1.8109804335214388,0,230,47,21,242,/home/bradley/.codex/worktrees/maxima-growth-policy/glob2/artifacts/maxima-historical-validation/duels/balanced_for_2-warrush-9509-1-historical,19968,26624,17408,22528,22016,25088,5632,8704,1024,1024,1912,,
duels,balanced_for_2.map.gz,warrush,9509,1,latest,0,15042,lost,False,False,2,16.85347693125914,10.23075388911049,3.8996808934982052,1.119133094003457,1.906129504055312,1.0551788326020477,3,28,13,0,1,/home/bradley/.codex/worktrees/maxima-growth-policy/glob2/artifacts/maxima-historical-validation/duels/balanced_for_2-warrush-9509-1-latest,,,9728,,,,6144,5632,1024,1024,5603,,
duels,Muka.map.gz,cortex,9520,1,historical,0,22690,lost,False,False,6,29.30965182899956,19.227236668135742,5.546848832084619,1.1241075363596298,2.5047157338034376,2.5148523578669018,15,39,15,4,54,/home/bradley/.codex/worktrees/maxima-growth-policy/glob2/artifacts/maxima-historical-validation/duels/Muka-cortex-9520-1-historical,14848,,13824,,11776,15360,4608,7680,11776,1024,4327,,
duels,Muka.map.gz,cortex,9520,1,latest,0,38018,won,True,False,218,87.20211478773213,55.647535377978855,18.607080856436426,2.4479457099268767,9.344047556420643,3.7474354253248463,0,130,33,16,177,/home/bradley/.codex/worktrees/maxima-growth-policy/glob2/artifacts/maxima-historical-validation/duels/Muka-cortex-9520-1-latest,11776,26112,14336,22016,13824,13312,7680,10240,9216,1024,5750,,
duels,Muka.map.gz,castor,9515,1,historical,0,45730,won,True,False,161,53.634791165536846,32.40373933960201,16.634550623223266,1.9287120052481959,4.702164880822218,2.871944019243385,4,167,34,27,254,/home/bradley/.codex/worktrees/maxima-growth-policy/glob2/artifacts/maxima-historical-validation/duels/Muka-castor-9515-1-historical,24064,41472,14336,18432,13824,18432,5632,7168,8192,1024,3302,,
duels,Muka.map.gz,castor,9515,1,latest,0,23842,won,True,False,67,33.86309873332774,22.30626625283114,6.965229427061488,1.7866789698850767,4.4137236808992535,0.9921147554735341,0,43,21,5,45,/home/bradley/.codex/worktrees/maxima-growth-policy/glob2/artifacts/maxima-historical-validation/duels/Muka-castor-9515-1-latest,18432,,13824,19968,12800,16384,9728,8704,8192,1024,3510,,
duels,Mazury.map.gz,warrush,9520,0,historical,0,36610,won,True,False,179,63.201966675771644,42.33594646271511,15.560666484567058,2.3358098880087406,5.189183283255941,4.951597924064464,16,178,37,18,196,/home/bradley/.codex/worktrees/maxima-growth-policy/glob2/artifacts/maxima-historical-validation/duels/Mazury-warrush-9520-0-historical,11264,31232,13312,28160,11264,13824,4096,4608,3584,512,4113,,
duels,Mazury.map.gz,warrush,9520,0,latest,0,25250,won,True,False,116,68.44348514851485,49.99033663366337,11.904,1.976,6.569425742574257,4.621148514851485,7,85,26,11,121,/home/bradley/.codex/worktrees/maxima-growth-policy/glob2/artifacts/maxima-historical-validation/duels/Mazury-warrush-9520-0-latest,9216,17408,8704,11264,8704,11776,4096,5120,2560,512,5788,,
duels,balanced_for_2.map.gz,warrush,9522,0,historical,0,25090,won,True,False,208,82.15288959744919,60.43730569948187,13.705141490633718,2.1531287365484255,5.939258668792347,1.6530888800318853,1,188,34,20,228,/home/bradley/.codex/worktrees/maxima-growth-policy/glob2/artifacts/maxima-historical-validation/duels/balanced_for_2-warrush-9522-0-historical,8192,17920,10240,14848,8704,12288,3072,4096,1024,512,635,,18610
duels,balanced_for_2.map.gz,warrush,9522,0,latest,0,36418,won,True,False,183,84.3612773903015,56.06656049206436,17.70404744906365,2.687297490252073,7.133999670492614,1.5625789444780054,0,164,41,22,270,/home/bradley/.codex/worktrees/maxima-growth-policy/glob2/artifacts/maxima-historical-validation/duels/balanced_for_2-warrush-9522-0-latest,10240,25088,12800,23552,11264,13824,4608,6144,1024,512,639,,
duels,Muka.map.gz,cortex,9503,1,historical,0,28962,lost,False,False,3,25.177473931358332,17.39900559353636,3.588702437676956,0.8497341343829846,2.7778468337821973,2.477315102548167,15,33,22,2,48,/home/bradley/.codex/worktrees/maxima-growth-policy/glob2/artifacts/maxima-historical-validation/duels/Muka-cortex-9503-1-historical,16896,,14336,,13824,20480,7168,7680,12288,1024,4730,,
duels,Muka.map.gz,cortex,9503,1,latest,0,40386,won,True,False,188,74.16882087852225,44.160872579606796,21.39555786658743,2.1189025900064378,9.010201554994305,3.388401921457931,0,88,39,18,196,/home/bradley/.codex/worktrees/maxima-growth-policy/glob2/artifacts/maxima-historical-validation/duels/Muka-cortex-9503-1-latest,16896,26112,15360,17408,14848,17920,7680,9728,11776,1024,4120,,
duels,Dejans.map.gz,castor,9504,1,historical,0,15778,won,True,False,66,36.31100266193434,23.63316009633667,8.04240081125618,1.2433768538471288,3.2417289897325388,0.5824565851185195,0,56,17,1,50,/home/bradley/.codex/worktrees/maxima-growth-policy/glob2/artifacts/maxima-historical-validation/duels/Dejans-castor-9504-1-historical,10752,,3584,7168,12800,15778,3584,5120,3584,512,3529,,
duels,Dejans.map.gz,castor,9504,1,latest,0,30370,won,True,False,94,50.67303259795851,30.927955218966083,13.46776424102733,2.1286796180441225,6.119394138952914,0.15172867961804412,0,86,28,9,146,/home/bradley/.codex/worktrees/maxima-growth-policy/glob2/artifacts/maxima-historical-validation/duels/Dejans-castor-9504-1-latest,13312,,2560,11264,13312,17920,4096,6656,4608,512,23988,,
duels,SmallForTwo.map.gz,castor,9505,0,historical,0,24194,won,True,False,113,49.46817392742002,35.29486649582541,10.379391584690419,0.989418864181202,4.968587253037943,0.989418864181202,1,94,30,6,112,/home/bradley/.codex/worktrees/maxima-growth-policy/glob2/artifacts/maxima-historical-validation/duels/SmallForTwo-castor-9505-0-historical,13312,22016,,,15360,16384,9216,11264,5120,512,7539,,
duels,SmallForTwo.map.gz,castor,9505,0,latest,0,17922,won,True,False,107,40.13603392478518,28.191831268831603,8.158129673027563,1.4000669568128556,4.600825800691887,0.9144068742327865,0,88,23,2,48,/home/bradley/.codex/worktrees/maxima-growth-policy/glob2/artifacts/maxima-historical-validation/duels/SmallForTwo-castor-9505-0-latest,12288,17408,10752,13824,15360,15872,8192,8704,5120,512,7342,,
duels,balanced_for_2.map.gz,warrush,9515,1,historical,0,41122,won,True,False,174,74.58922231408978,48.05252662808229,17.314722046593065,1.5494868926608627,5.899129419775303,1.2903068916881475,1,169,38,38,351,/home/bradley/.codex/worktrees/maxima-growth-policy/glob2/artifacts/maxima-historical-validation/duels/balanced_for_2-warrush-9515-1-historical,16384,25600,18432,22016,17920,20480,5632,8704,1536,1024,3541,27985,
duels,balanced_for_2.map.gz,warrush,9515,1,latest,0,36034,won,True,False,265,125.76083698728978,97.37414663928512,19.521229949492145,2.3836376755286675,9.371815507576178,2.5507021146694786,0,245,64,43,295,/home/bradley/.codex/worktrees/maxima-growth-policy/glob2/artifacts/maxima-historical-validation/duels/balanced_for_2-warrush-9515-1-latest,8192,18432,10240,15360,9216,16384,5120,5632,1024,1024,2925,,
duels,Mazury.map.gz,warrush,9518,0,historical,0,24290,lost,False,False,16,22.606916426512967,13.806875257307533,5.831659118979004,1.4097982708933718,2.864223960477563,2.838205022643063,12,28,11,0,21,/home/bradley/.codex/worktrees/maxima-growth-policy/glob2/artifacts/maxima-historical-validation/duels/Mazury-warrush-9518-0-historical,,,14336,,,,4096,5120,3584,512,3914,,
duels,Mazury.map.gz,warrush,9518,0,latest,0,32322,won,True,False,154,63.572891528989544,42.99935028772972,13.361487531712147,3.0020419528494524,6.083781944186622,4.661221459068127,6,135,32,5,89,/home/bradley/.codex/worktrees/maxima-growth-policy/glob2/artifacts/maxima-historical-validation/duels/Mazury-warrush-9518-0-latest,8192,27648,4608,7680,11776,26112,5120,4608,2560,512,1862,,
duels,balanced_for_2.map.gz,cortex,9515,1,historical,0,9474,lost,False,False,9,16.66086130462318,10.87703187671522,2.3780873970867638,0.9187249313911758,1.8917036098796707,0.4325522482583914,0,21,8,0,2,/home/bradley/.codex/worktrees/maxima-growth-policy/glob2/artifacts/maxima-historical-validation/duels/balanced_for_2-cortex-9515-1-historical,,,,,,,5120,5120,2560,1024,2920,,
duels,balanced_for_2.map.gz,cortex,9515,1,latest,0,21986,lost,False,False,5,35.727235513508596,21.701264441007915,6.3575002274174475,1.0945146911671064,3.3273901573728737,2.176021104339125,7,52,20,0,6,/home/bradley/.codex/worktrees/maxima-growth-policy/glob2/artifacts/maxima-historical-validation/duels/balanced_for_2-cortex-9515-1-latest,9216,,13824,,12800,,4608,5120,2048,1024,3117,,
duels,Muka.map.gz,warrush,9501,1,historical,0,7074,lost,False,False,7,8.19423240033927,5.325699745547074,0.7961549335595137,0.8914334181509754,1.1085665818490247,1.9505230421260955,3,5,3,0,0,/home/bradley/.codex/worktrees/maxima-growth-policy/glob2/artifacts/maxima-historical-validation/duels/Muka-warrush-9501-1-historical,,,,,,,,,1536,1024,7010,,
duels,Muka.map.gz,warrush,9501,1,latest,0,4994,lost,False,False,8,7.167200640768923,3.89747697236684,0.8075690828994794,0.94873848618342,1.7949539447336804,1.3864637565078093,1,2,2,0,0,/home/bradley/.codex/worktrees/maxima-growth-policy/glob2/artifacts/maxima-historical-validation/duels/Muka-warrush-9501-1-latest,,,,,,,,,1536,1024,3327,,
duels,Dejans.map.gz,cortex,9516,0,historical,0,28546,won,True,False,96,50.58834863028095,29.230435087227633,13.671372521544175,1.502347088909129,5.5293911581307365,1.7756603377005535,0,55,26,15,94,/home/bradley/.codex/worktrees/maxima-growth-policy/glob2/artifacts/maxima-historical-validation/duels/Dejans-cortex-9516-0-historical,16896,,3584,6656,15360,19456,3584,4608,6656,512,10021,,
duels,Dejans.map.gz,cortex,9516,0,latest,0,30370,won,True,False,90,48.342048073757,27.861376358248272,12.476193612117221,1.9969048403029306,5.4987158379980245,1.0927230819888047,1,45,23,9,117,/home/bradley/.codex/worktrees/maxima-growth-policy/glob2/artifacts/maxima-historical-validation/duels/Dejans-cortex-9516-0-latest,18944,,10240,27648,15360,19968,4608,6144,7680,512,3696,8270,
duels,Dejans.map.gz,cortex,9511,0,historical,0,25826,won,True,False,98,51.23286610392628,30.683497250832495,12.85255169209324,1.4833888329590335,6.036165104933013,1.5043754356075274,3,54,25,11,117,/home/bradley/.codex/worktrees/maxima-growth-policy/glob2/artifacts/maxima-historical-validation/duels/Dejans-cortex-9511-0-historical,14848,,18944,,12800,17920,2560,6144,5632,512,,7170,
duels,Dejans.map.gz,cortex,9511,0,latest,0,35298,won,True,False,112,59.21689614142444,36.1925038245793,15.767550569437361,2.82508924018358,7.27134681851663,1.121593291404612,1,69,31,14,184,/home/bradley/.codex/worktrees/maxima-growth-policy/glob2/artifacts/maxima-historical-validation/duels/Dejans-cortex-9511-0-latest,11776,31744,3072,7168,12800,16896,2560,6144,6656,512,3702,10115,
duels,Muka.map.gz,cortex,9516,1,historical,0,50370,won,True,False,245,99.93648997419099,58.93009728012706,30.918880285884455,2.851379789557276,6.982608695652174,5.043597379392495,3,207,49,29,340,/home/bradley/.codex/worktrees/maxima-growth-policy/glob2/artifacts/maxima-historical-validation/duels/Muka-cortex-9516-1-historical,14336,28672,3584,13312,12288,16384,7168,8704,10240,1024,4334,,
duels,Muka.map.gz,cortex,9516,1,latest,0,25762,lost,False,False,11,28.611714928965142,17.523911187019642,6.540253085940533,1.1328313019175529,3.017234686747923,3.08213648008695,16,46,16,3,38,/home/bradley/.codex/worktrees/maxima-growth-policy/glob2/artifacts/maxima-historical-validation/duels/Muka-cortex-9516-1-latest,16384,,16384,20480,16384,18432,8704,14336,13312,1024,8572,,
duels,strange2.map.gz,cortex,9511,1,historical,0,17922,won,True,False,0,153.66856377636424,136.21336904363352,15.084030800133913,7.556857493583306,0.9857158799241156,70.7349626157795,344,258,14,0,13,/home/bradley/.codex/worktrees/maxima-growth-policy/glob2/artifacts/maxima-historical-validation/duels/strange2-cortex-9511-1-historical,512,512,512,,,,1536,512,1024,512,730,,
duels,strange2.map.gz,cortex,9511,1,latest,0,18210,won,True,False,3,166.00494233937397,151.8061504667765,11.583964854475562,6.391762767710049,4.0824821526633714,69.45315760571114,321,264,18,0,6,/home/bradley/.codex/worktrees/maxima-growth-policy/glob2/artifacts/maxima-historical-validation/duels/strange2-cortex-9511-1-latest,512,512,512,,,,3584,2048,1024,512,726,,
duels,Dejans.map.gz,castor,9507,0,historical,0,23618,won,True,False,63,42.16567871962063,25.089126937081886,10.472012871538658,1.6153781014480482,4.322719959353035,0.8671352358370734,0,51,19,6,89,/home/bradley/.codex/worktrees/maxima-growth-policy/glob2/artifacts/maxima-historical-validation/duels/Dejans-castor-9507-0-historical,13824,,15360,,12800,16384,2560,4096,3072,512,11257,,
duels,Dejans.map.gz,castor,9507,0,latest,0,21858,won,True,False,60,37.332875834934576,23.288910238814164,8.780949766675816,1.2738585414951047,4.809863665477171,0.3513587702443041,0,47,20,2,67,/home/bradley/.codex/worktrees/maxima-growth-policy/glob2/artifacts/maxima-historical-validation/duels/Dejans-castor-9507-0-latest,17408,,15872,,12800,17920,3584,6144,,512,3894,20043,
duels,Muka.map.gz,cortex,9510,1,historical,0,35746,won,True,False,256,102.23183013484027,73.76833771610809,22.33866726347004,2.7011134112907738,7.2673306104179485,6.328708107200805,4,185,42,20,273,/home/bradley/.codex/worktrees/maxima-growth-policy/glob2/artifacts/maxima-historical-validation/duels/Muka-cortex-9510-1-historical,12288,22016,13312,18432,12800,15360,4096,7168,9728,1024,3690,,
duels,Muka.map.gz,cortex,9510,1,latest,0,35490,won,True,False,243,82.65100028176951,56.363961679346296,17.25984784446323,2.407776838546069,9.01076359537898,2.886503240349394,1,159,40,14,195,/home/bradley/.codex/worktrees/maxima-growth-policy/glob2/artifacts/maxima-historical-validation/duels/Muka-cortex-9510-1-latest,13824,25088,15360,23040,12288,14848,8192,10240,6144,1024,4115,,
duels,Mazury.map.gz,warrush,9503,1,historical,0,54050,won,True,False,139,41.26736355226642,23.644329324699353,13.591470860314523,1.9254764107308049,4.317002775208141,4.683293246993524,27,131,44,9,140,/home/bradley/.codex/worktrees/maxima-growth-policy/glob2/artifacts/maxima-historical-validation/duels/Mazury-warrush-9503-1-historical,39936,46592,6144,31744,37376,42496,33280,5632,1536,512,4583,,
duels,Mazury.map.gz,warrush,9503,1,latest,0,32386,lost,False,False,12,32.53439757920089,20.680942382510963,7.55897610078429,1.312171926140925,3.1263508923608967,4.510035200395232,26,71,25,0,6,/home/bradley/.codex/worktrees/maxima-growth-policy/glob2/artifacts/maxima-historical-validation/duels/Mazury-warrush-9503-1-latest,18944,,3072,6144,21504,,23040,,1536,512,1897,5280,
duels,Muka.map.gz,cortex,9517,0,historical,0,43778,won,True,False,195,88.2474987436612,55.01452784503632,24.89012746128192,2.6901640093197496,7.064644341906894,5.205034492210699,7,189,39,25,320,/home/bradley/.codex/worktrees/maxima-growth-policy/glob2/artifacts/maxima-historical-validation/duels/Muka-cortex-9517-0-historical,12800,27136,12800,20992,10752,14336,7168,6656,12800,1024,,,
duels,Muka.map.gz,cortex,9517,0,latest,0,22082,won,True,False,99,50.40000905715062,33.54066660628566,10.531383026899737,1.4349243727923195,6.2034236029345164,1.7973009691151163,0,49,23,5,87,/home/bradley/.codex/worktrees/maxima-growth-policy/glob2/artifacts/maxima-historical-validation/duels/Muka-cortex-9517-0-latest,10752,,15872,,10240,13312,8704,7680,11264,1024,3878,,
duels,Muka.map.gz,cortex,9521,1,historical,0,40098,won,True,False,135,66.52371689361065,36.198862786173876,21.226993865030675,2.1125741932265947,6.131078856800838,3.8897700633448054,2,57,29,20,209,/home/bradley/.codex/worktrees/maxima-growth-policy/glob2/artifacts/maxima-historical-validation/duels/Muka-cortex-9521-1-historical,15360,31232,14336,22528,11776,13824,7168,7680,10752,1024,3719,,
duels,Muka.map.gz,cortex,9521,1,latest,0,21890,lost,False,False,12,17.002512562814072,10.344906349931476,3.3332115121059847,0.8186386477843764,2.6842393787117405,0.866148926450434,4,25,13,0,24,/home/bradley/.codex/worktrees/maxima-growth-policy/glob2/artifacts/maxima-historical-validation/duels/Muka-cortex-9521-1-latest,,,,,,,8192,9728,13312,1024,7150,,
duels,strange2.map.gz,castor,9521,1,historical,0,30370,lost,False,False,0,133.6392492591373,126.40684886401054,5.512808692788936,7.924991768192295,0.9915706289101086,63.08541323674679,493,365,13,0,9,/home/bradley/.codex/worktrees/maxima-growth-policy/glob2/artifacts/maxima-historical-validation/duels/strange2-castor-9521-1-historical,512,512,512,,,,2048,1024,1024,512,,,
duels,strange2.map.gz,castor,9521,1,latest,0,51874,won,True,False,0,87.06388556887843,83.64884142344913,2.4971276554728767,8.95558468596985,11.172726221228361,35.46316073562864,433,307,19,0,6,/home/bradley/.codex/worktrees/maxima-growth-policy/glob2/artifacts/maxima-historical-validation/duels/strange2-castor-9521-1-latest,512,512,512,,,,6144,1536,1024,512,,,
duels,balanced_for_2.map.gz,castor,9500,1,historical,0,20290,won,True,False,131,62.183341547560374,45.123755544603256,9.81010349926072,1.4448496796451453,4.8489896500739285,1.4635781172991622,0,99,27,12,151,/home/bradley/.codex/worktrees/maxima-growth-policy/glob2/artifacts/maxima-historical-validation/duels/balanced_for_2-castor-9500-1-historical,8704,16896,11264,15872,10752,12800,4096,4608,1536,1024,5840,,
duels,balanced_for_2.map.gz,castor,9500,1,latest,0,20834,won,True,False,144,63.39147547278487,45.01751943937794,10.359844484976481,2.4026111164442736,5.409138907554958,0.7618316213881156,0,111,27,9,155,/home/bradley/.codex/worktrees/maxima-growth-policy/glob2/artifacts/maxima-historical-validation/duels/balanced_for_2-castor-9500-1-latest,8192,17920,10240,16896,9216,11776,4608,5632,1024,1024,5361,,
duels,SmallForTwo.map.gz,castor,9517,1,historical,0,15042,won,True,False,83,41.4671586225236,28.925608296769045,8.549793910384258,1.217125382262997,3.7493684350485306,1.2130035899481453,0,69,20,1,57,/home/bradley/.codex/worktrees/maxima-growth-policy/glob2/artifacts/maxima-historical-validation/duels/SmallForTwo-castor-9517-1-historical,9216,,9728,,11776,15042,4096,4608,2560,512,6181,,
duels,SmallForTwo.map.gz,castor,9517,1,latest,0,11778,won,True,False,64,29.179826795720835,19.439293598233995,6.479198505688572,1.434878587196468,3.565970453387672,0.565121412803532,0,55,14,0,25,/home/bradley/.codex/worktrees/maxima-growth-policy/glob2/artifacts/maxima-historical-validation/duels/SmallForTwo-castor-9517-1-latest,10240,,6656,10240,,,4608,5120,2560,512,4340,,11056
duels,Muka.map.gz,castor,9502,0,historical,0,30050,won,True,False,85,49.88086522462562,30.645790349417638,11.893044925124792,2.193943427620632,4.520931780366056,2.36432612312812,0,67,26,8,102,/home/bradley/.codex/worktrees/maxima-growth-policy/glob2/artifacts/maxima-historical-validation/duels/Muka-castor-9502-0-historical,12288,,13824,23552,10240,13312,8192,6656,8704,1024,3476,,
duels,Muka.map.gz,castor,9502,0,latest,0,23778,won,True,False,64,34.743334174446964,21.099209353183614,7.044999579443183,1.1386996383211372,4.748591134662293,0.9879720750273362,0,43,18,3,65,/home/bradley/.codex/worktrees/maxima-growth-policy/glob2/artifacts/maxima-historical-validation/duels/Muka-castor-9502-0-latest,16384,,20480,,13312,16896,9216,8704,11264,1024,3670,,
duels,balanced_for_2.map.gz,warrush,9512,0,historical,0,26242,won,True,False,139,72.04405152046338,51.59641033457816,13.101097477326423,1.8781342885450805,5.283210121179788,1.3219266824174987,1,125,28,17,266,/home/bradley/.codex/worktrees/maxima-growth-policy/glob2/artifacts/maxima-historical-validation/duels/balanced_for_2-warrush-9512-0-historical,9728,18944,10240,16384,11776,13824,3072,4608,1024,512,635,,
duels,balanced_for_2.map.gz,warrush,9512,0,latest,0,43490,won,True,False,143,112.9845021844102,85.37197056794666,18.290158657162568,2.8057484479190617,9.21365831225569,6.564129684985054,23,153,38,27,416,/home/bradley/.codex/worktrees/maxima-growth-policy/glob2/artifacts/maxima-historical-validation/duels/balanced_for_2-warrush-9512-0-latest,8704,19456,10240,15872,8704,12288,3584,5120,1024,512,640,33448,
duels,Mazury.map.gz,castor,9506,1,historical,0,48578,won,True,False,219,75.56564700069991,51.819321503561284,16.30505578657005,3.1291942854790236,6.425912964716538,5.274198196714562,10,187,42,19,276,/home/bradley/.codex/worktrees/maxima-growth-policy/glob2/artifacts/maxima-historical-validation/duels/Mazury-castor-9506-1-historical,14848,35328,2048,8704,15360,17920,9728,10240,2560,512,13164,,
duels,Mazury.map.gz,castor,9506,1,latest,0,24322,won,True,False,149,70.00633171614176,52.910122522818845,9.601184113148589,2.968588109530466,7.8533015377024915,5.284351615821067,1,125,28,6,53,/home/bradley/.codex/worktrees/maxima-growth-policy/glob2/artifacts/maxima-historical-validation/duels/Mazury-castor-9506-1-latest,9216,17408,2560,5632,10240,17920,5632,19968,7168,512,4957,,
duels,Dejans.map.gz,castor,9513,1,historical,0,14466,won,True,False,68,36.902460942900596,23.96315498410065,7.708696253283562,1.2654500207382828,3.407576386008572,0.5221899626710909,0,55,19,0,42,/home/bradley/.codex/worktrees/maxima-growth-policy/glob2/artifacts/maxima-historical-validation/duels/Dejans-castor-9513-1-historical,9728,,3584,7168,10240,,3584,5120,3584,512,3317,,
duels,Dejans.map.gz,castor,9513,1,latest,0,35906,won,True,False,101,56.11836461872667,34.227872778922745,14.993761488330641,2.659611207040606,6.28357377597059,0.8433687963014538,2,92,24,13,191,/home/bradley/.codex/worktrees/maxima-growth-policy/glob2/artifacts/maxima-historical-validation/duels/Dejans-castor-9513-1-latest,14336,34304,2560,6656,12800,16896,6144,7168,35328,512,3323,9455,
duels,Mazury.map.gz,castor,9510,0,historical,0,40770,won,True,False,565,154.71142997301936,115.49867549668875,21.479102281089038,4.0960019622271275,9.620799607554574,10.951483934265392,19,584,65,32,277,/home/bradley/.codex/worktrees/maxima-growth-policy/glob2/artifacts/maxima-historical-validation/duels/Mazury-castor-9510-0-historical,10752,23552,6656,10240,8704,11776,4096,4608,4096,512,6990,,11134
duels,Mazury.map.gz,castor,9510,0,latest,0,29154,won,True,False,226,87.7923784043356,64.21475612265898,14.64107841119572,2.831103793647527,9.42567057693627,4.0857515263771695,6,193,35,13,135,/home/bradley/.codex/worktrees/maxima-growth-policy/glob2/artifacts/maxima-historical-validation/duels/Mazury-castor-9510-0-latest,9728,18944,3584,5632,10752,14848,3584,5120,8704,512,6600,,
duels,Dejans.map.gz,castor,9502,1,historical,0,9794,won,True,False,48,25.461915458443944,16.891157851745966,5.2562793547069635,0.9738615478864611,2.379415968960588,0.2091076169083112,0,37,12,0,24,/home/bradley/.codex/worktrees/maxima-growth-policy/glob2/artifacts/maxima-historical-validation/duels/Dejans-castor-9502-1-historical,,,,,9728,,3584,5120,,512,3320,,
duels,Dejans.map.gz,castor,9502,1,latest,0,9794,won,True,False,44,22.507453542985502,15.81274249540535,4.33469471104758,1.738615478864611,2.7259546661221155,0.29426179293444965,0,33,11,0,20,/home/bradley/.codex/worktrees/maxima-growth-policy/glob2/artifacts/maxima-historical-validation/duels/Dejans-castor-9502-1-latest,,,2560,7168,,,4096,5632,7680,512,3318,,
duels,balanced_for_2.map.gz,cortex,9523,0,historical,0,30242,won,True,False,171,55.17273989815489,33.4284769525825,13.909066860657363,1.8741485351497917,4.354936842801402,1.3662456186760135,0,169,35,4,145,/home/bradley/.codex/worktrees/maxima-growth-policy/glob2/artifacts/maxima-historical-validation/duels/balanced_for_2-cortex-9523-0-historical,18432,26112,13312,17920,19456,16896,2560,4608,2560,512,2068,,
duels,balanced_for_2.map.gz,cortex,9523,0,latest,0,28450,won,True,False,181,72.2718453427065,44.18710017574693,20.271072056239017,2.4534973637961337,5.703620386643234,1.7456590509666081,0,148,39,17,194,/home/bradley/.codex/worktrees/maxima-growth-policy/glob2/artifacts/maxima-historical-validation/duels/balanced_for_2-cortex-9523-0-latest,8704,22528,11776,20480,10240,13312,4096,4608,2048,512,642,,
duels,Mazury.map.gz,castor,9504,1,historical,0,52418,won,True,False,83,44.00574230226258,25.918920981342286,14.31857377236827,2.7020870693273302,4.182036704948682,6.064519821435384,26,88,25,18,182,/home/bradley/.codex/worktrees/maxima-growth-policy/glob2/artifacts/maxima-historical-validation/duels/Mazury-castor-9504-1-historical,16896,,5632,10752,15872,22528,6144,9728,11776,512,,,
duels,Mazury.map.gz,castor,9504,1,latest,0,22466,won,True,False,168,73.67911510727322,57.602421436837886,10.233107807353335,2.5186504050565297,6.7189530846612655,3.5269295824801925,1,150,31,4,75,/home/bradley/.codex/worktrees/maxima-growth-policy/glob2/artifacts/maxima-historical-validation/duels/Mazury-castor-9504-1-latest,10240,14848,4608,7680,12288,12800,5120,6656,5120,512,9093,,
duels,Muka.map.gz,cortex,9502,1,historical,0,31714,lost,False,False,2,34.982310651447314,22.24446616636186,7.942990477391688,0.726493031468752,3.2431102982909756,4.3247777007000066,32,35,28,4,68,/home/bradley/.codex/worktrees/maxima-growth-policy/glob2/artifacts/maxima-historical-validation/duels/Muka-cortex-9502-1-historical,15872,,,,17408,19968,6656,7680,10240,1024,3719,,
duels,Muka.map.gz,cortex,9502,1,latest,0,32034,won,True,False,105,54.585034650683646,32.88665168258725,14.686145969906974,2.0980208528438533,6.662733345820066,2.76930761066367,1,38,24,13,143,/home/bradley/.codex/worktrees/maxima-growth-policy/glob2/artifacts/maxima-historical-validation/duels/Muka-cortex-9502-1-latest,14848,29184,14336,19968,12288,16384,8192,10752,10752,1024,3715,,
duels,strange2.map.gz,cortex,9510,1,historical,0,18498,won,True,False,0,164.13450102713807,149.3817710022705,12.593793923667423,6.49108011676938,0.27678667964104225,78.66277435398422,391,288,13,0,14,/home/bradley/.codex/worktrees/maxima-growth-policy/glob2/artifacts/maxima-historical-validation/duels/strange2-cortex-9510-1-historical,512,512,512,,,,2048,1024,1024,512,732,,
duels,strange2.map.gz,cortex,9510,1,latest,0,18562,won,True,False,1,173.8779226376468,158.59681068850338,11.83320762848831,7.813705419674604,5.048162913479151,74.30244585712747,345,269,17,0,5,/home/bradley/.codex/worktrees/maxima-growth-policy/glob2/artifacts/maxima-historical-validation/duels/strange2-cortex-9510-1-latest,512,512,512,,,,3072,2048,2048,512,729,,
duels,SmallForTwo.map.gz,cortex,9507,1,historical,0,21858,won,True,False,146,72.66694116570592,49.901454844908045,18.7141550004575,0.9882880409918565,5.362064232775185,3.919754780858267,0,105,31,6,157,/home/bradley/.codex/worktrees/maxima-growth-policy/glob2/artifacts/maxima-historical-validation/duels/SmallForTwo-cortex-9507-1-historical,9216,13824,,,11776,13824,4608,5632,4608,1024,5991,,
duels,SmallForTwo.map.gz,cortex,9507,1,latest,0,17218,won,True,False,123,60.55540713207109,40.81734231618074,14.94958764084098,1.0484376814961087,7.0455337437565335,1.698803577651295,0,77,32,2,90,/home/bradley/.codex/worktrees/maxima-growth-policy/glob2/artifacts/maxima-historical-validation/duels/SmallForTwo-cortex-9507-1-latest,8192,12800,16384,,11264,14848,4608,5632,4096,1024,4341,,
duels,Muka.map.gz,warrush,9510,1,historical,0,6370,lost,False,False,5,6.808477237048666,4.879434850863422,0.8037676609105181,0.6430141287284145,1.2766091051805337,2.4728414442700157,4,2,2,0,0,/home/bradley/.codex/worktrees/maxima-growth-policy/glob2/artifacts/maxima-historical-validation/duels/Muka-warrush-9510-1-historical,,,,,,,,,1024,1024,3519,,
duels,Muka.map.gz,warrush,9510,1,latest,0,7554,lost,False,False,4,7.583929044214986,5.143897272967964,0.40667196187450355,0.6777866031241726,1.7966640190627483,1.5427588032830288,3,3,4,0,0,/home/bradley/.codex/worktrees/maxima-growth-policy/glob2/artifacts/maxima-historical-validation/duels/Muka-warrush-9510-1-latest,,,,,,,,,1536,1024,3508,,
duels,Mazury.map.gz,castor,9504,0,historical,0,56322,won,True,False,689,293.8913035758673,232.93402222932426,29.264727815063384,4.941053229643834,13.527644614892937,58.38262135577572,506,1222,86,65,489,/home/bradley/.codex/worktrees/maxima-growth-policy/glob2/artifacts/maxima-historical-validation/duels/Mazury-castor-9504-0-historical,10752,24064,12288,20992,10752,13312,3584,4608,8704,512,6302,,36335
duels,Mazury.map.gz,castor,9504,0,latest,0,24002,won,True,False,100,53.73702191484043,36.60382468127656,10.823556370302475,2.370719106741105,6.07499375052079,2.959920006666111,2,72,20,8,94,/home/bradley/.codex/worktrees/maxima-growth-policy/glob2/artifacts/maxima-historical-validation/duels/Mazury-castor-9504-0-latest,9728,,5632,10240,9216,11776,5120,5120,7168,512,,,
duels,Mazury.map.gz,cortex,9507,1,historical,0,37058,lost,False,False,9,39.416320362674725,25.206163311565653,8.478115386691133,2.23822116681958,2.8720923957040316,6.5405040746937235,52,127,25,0,46,/home/bradley/.codex/worktrees/maxima-growth-policy/glob2/artifacts/maxima-historical-validation/duels/Mazury-cortex-9507-1-historical,11264,,2560,6144,13312,,6656,6656,6656,512,7432,,11578
duels,Mazury.map.gz,cortex,9507,1,latest,0,60000,unresolved,False,True,110,105.92613333333334,56.27733333333333,42.53946666666667,2.7994666666666665,12.2624,14.193066666666667,62,141,37,18,173,/home/bradley/.codex/worktrees/maxima-growth-policy/glob2/artifacts/maxima-historical-validation/duels/Mazury-cortex-9507-1-latest,11776,19456,5120,8192,14336,22528,6656,7680,4608,512,1491,,
duels,Muka.map.gz,cortex,9513,0,historical,0,34082,won,True,False,182,73.02737515404026,47.17000176046007,16.87424446922129,1.941904817792383,5.8858048236605836,3.0575670441875475,2,150,37,10,241,/home/bradley/.codex/worktrees/maxima-growth-policy/glob2/artifacts/maxima-historical-validation/duels/Muka-cortex-9513-0-historical,12288,24064,11776,15360,10752,15360,8192,7680,11776,1024,4078,,
duels,Muka.map.gz,cortex,9513,0,latest,0,20738,won,True,False,110,49.604445944642684,34.238692255762366,9.785176969813868,1.3581830456167423,5.877230205420002,1.605072813193172,0,60,26,8,76,/home/bradley/.codex/worktrees/maxima-growth-policy/glob2/artifacts/maxima-historical-validation/duels/Muka-cortex-9513-0-latest,11264,18944,13824,17920,10240,12800,7680,7168,9728,1024,3674,,
duels,Muka.map.gz,cortex,9517,1,historical,0,30978,lost,False,False,7,37.246045580734716,23.713635483246176,9.338369165214022,1.4213958292982116,3.041190522306153,4.8263283620634,38,62,23,8,84,/home/bradley/.codex/worktrees/maxima-growth-policy/glob2/artifacts/maxima-historical-validation/duels/Muka-cortex-9517-1-historical,14848,,12800,16384,12288,15360,6656,7680,12288,1024,4334,,
duels,Muka.map.gz,cortex,9517,1,latest,0,39362,won,True,False,167,71.82256999136223,43.12385041410497,22.076901580204257,1.895940246938672,7.52720898328337,4.861643209186525,6,61,28,18,173,/home/bradley/.codex/worktrees/maxima-growth-policy/glob2/artifacts/maxima-historical-validation/duels/Muka-cortex-9517-1-latest,14848,25088,17920,28160,14848,17408,8704,10752,9728,1024,5138,,
duels,SmallForTwo.map.gz,warrush,9504,1,historical,0,13826,won,True,False,85,40.76565890351512,28.986691740199625,7.963836250542456,1.2039635469405467,3.2226240416606395,2.0556921741646175,1,69,21,1,26,/home/bradley/.codex/worktrees/maxima-growth-policy/glob2/artifacts/maxima-historical-validation/duels/SmallForTwo-warrush-9504-1-historical,8192,,11776,,10240,13824,4096,5632,3072,512,4377,,
duels,SmallForTwo.map.gz,warrush,9504,1,latest,0,20514,won,True,False,101,52.542946280588865,36.8974358974359,11.029053329433557,1.4650482597250658,5.774495466510675,1.9533976796334211,0,70,27,3,78,/home/bradley/.codex/worktrees/maxima-growth-policy/glob2/artifacts/maxima-historical-validation/duels/SmallForTwo-warrush-9504-1-latest,9216,19968,8704,20480,12288,16384,4096,5632,4608,512,4764,,
duels,strange2.map.gz,cortex,9521,0,historical,0,9890,lost,False,False,105,242.4875631951466,210.54651162790697,27.644186046511628,5.332254802831143,0.8800808897876643,98.75227502527805,222,252,19,0,13,/home/bradley/.codex/worktrees/maxima-growth-policy/glob2/artifacts/maxima-historical-validation/duels/strange2-cortex-9521-0-historical,512,512,512,,,,3072,1536,1024,512,,,
duels,strange2.map.gz,cortex,9521,0,latest,0,9794,lost,False,False,83,235.47232999795793,223.20665713702266,7.318766591790892,5.018582805799469,1.045538084541556,95.5531958341842,216,251,11,0,0,/home/bradley/.codex/worktrees/maxima-growth-policy/glob2/artifacts/maxima-historical-validation/duels/strange2-cortex-9521-0-latest,512,512,512,,,,,,1024,512,,,
duels,Mazury.map.gz,warrush,9521,0,historical,0,60000,unresolved,False,True,528,231.41706666666667,184.63466666666667,30.1504,4.305066666666667,12.522666666666666,40.2464,312,833,93,62,405,/home/bradley/.codex/worktrees/maxima-growth-policy/glob2/artifacts/maxima-historical-validation/duels/Mazury-warrush-9521-0-historical,9728,27648,8192,17408,10752,18432,4096,5120,3584,512,4324,,45968
duels,Mazury.map.gz,warrush,9521,0,latest,0,23074,lost,False,False,7,31.463898760509664,21.044465632313425,6.735979890786166,1.5436421946779926,2.6309265840339777,5.816590101412846,36,70,19,0,11,/home/bradley/.codex/worktrees/maxima-growth-policy/glob2/artifacts/maxima-historical-validation/duels/Mazury-warrush-9521-0-latest,7680,,2560,4608,10240,,10752,,3072,512,2478,,
duels,balanced_for_2.map.gz,warrush,9521,0,historical,0,26498,won,True,False,217,82.57521322363952,60.49671673333837,13.98648954638086,2.101517095629859,5.932825118876896,1.304400332100536,0,196,47,18,211,/home/bradley/.codex/worktrees/maxima-growth-policy/glob2/artifacts/maxima-historical-validation/duels/balanced_for_2-warrush-9521-0-historical,9728,18944,10752,15872,9728,15872,5120,4096,1024,512,635,,
duels,balanced_for_2.map.gz,warrush,9521,0,latest,0,34754,won,True,False,225,77.9143120216378,52.924325257524316,17.24958278183806,2.5176382574667664,6.41497381596363,1.8877251539391149,0,228,48,10,258,/home/bradley/.codex/worktrees/maxima-growth-policy/glob2/artifacts/maxima-historical-validation/duels/balanced_for_2-warrush-9521-0-latest,11776,25600,14848,20992,13824,17408,4608,5632,1024,512,639,,
duels,balanced_for_2.map.gz,cortex,9501,0,historical,0,25474,won,True,False,149,66.8178142419722,44.30171940017272,15.370142105676376,1.5578236633430165,5.41744523828217,2.215984925806705,0,108,33,14,197,/home/bradley/.codex/worktrees/maxima-growth-policy/glob2/artifacts/maxima-historical-validation/duels/balanced_for_2-cortex-9501-0-historical,9728,19968,17408,21504,14848,17920,4608,4608,2048,512,3089,,23020
duels,balanced_for_2.map.gz,cortex,9501,0,latest,0,29698,won,True,False,268,100.18371607515658,75.57896154623207,16.845848205266346,2.55182167149303,8.095696679911105,2.232675601050576,0,239,53,22,242,/home/bradley/.codex/worktrees/maxima-growth-policy/glob2/artifacts/maxima-historical-validation/duels/balanced_for_2-cortex-9501-0-latest,8704,18944,11264,16896,11264,14336,4608,5632,2560,512,639,,
duels,Dejans.map.gz,cortex,9515,1,historical,0,26626,won,True,False,106,55.503793284759254,35.40629459926388,13.308795913768497,1.3462029595132576,4.990685795838654,1.5289566589048298,1,77,27,10,154,/home/bradley/.codex/worktrees/maxima-growth-policy/glob2/artifacts/maxima-historical-validation/duels/Dejans-cortex-9515-1-historical,11776,26112,11264,14336,10752,16896,4096,6144,4608,512,3732,,
duels,Dejans.map.gz,cortex,9515,1,latest,0,34274,won,True,False,121,61.67330921398144,39.66796988971232,14.243012195833577,2.58084845655599,7.5017797747563755,1.4174009453229854,1,72,30,14,187,/home/bradley/.codex/worktrees/maxima-growth-policy/glob2/artifacts/maxima-historical-validation/duels/Dejans-cortex-9515-1-latest,11776,30720,3072,7680,12800,16384,4608,6144,4608,512,3935,,
duels,Muka.map.gz,castor,9506,1,historical,0,32482,won,True,False,59,35.18367095622191,21.205898651560865,9.004186934302075,1.290684071177883,4.076042115633274,1.9814666584569915,1,44,20,13,91,/home/bradley/.codex/worktrees/maxima-growth-policy/glob2/artifacts/maxima-historical-validation/duels/Muka-castor-9506-1-historical,22528,,23040,32256,15872,18944,5632,8704,9216,1024,3304,,
duels,Muka.map.gz,castor,9506,1,latest,0,50882,won,True,False,253,85.6015093746315,57.410557761094296,20.386069729963445,2.631500334106364,9.46975354742345,1.7612515231319523,0,296,58,29,221,/home/bradley/.codex/worktrees/maxima-growth-policy/glob2/artifacts/maxima-historical-validation/duels/Muka-castor-9506-1-latest,20992,33792,15360,18432,18432,21504,13312,12288,8192,1024,,,
duels,Dejans.map.gz,cortex,9518,1,historical,0,25442,won,True,False,113,60.978185677226634,40.53965883185284,12.838023740271991,2.208945837591384,5.609071613866834,1.3962738778397925,0,77,27,18,176,/home/bradley/.codex/worktrees/maxima-growth-policy/glob2/artifacts/maxima-historical-validation/duels/Dejans-cortex-9518-1-historical,9728,22016,12288,24064,10752,12800,3584,5632,6656,512,6193,,
duels,Dejans.map.gz,cortex,9518,1,latest,0,35042,won,True,False,141,69.62185377546943,42.54223503224702,16.522629986872897,2.860339021745334,8.110039381313852,1.896010501683694,2,66,30,17,221,/home/bradley/.codex/worktrees/maxima-growth-policy/glob2/artifacts/maxima-historical-validation/duels/Dejans-cortex-9518-1-latest,10240,30208,2560,11264,11264,11776,4608,6144,4608,512,3723,,
duels,Muka.map.gz,cortex,9501,0,historical,0,32546,won,True,False,114,60.28006513857309,38.70278989737602,14.87986234867572,1.4976341178639465,5.547962883303632,4.312542247895287,5,50,24,13,171,/home/bradley/.codex/worktrees/maxima-growth-policy/glob2/artifacts/maxima-historical-validation/duels/Muka-cortex-9501-0-historical,10240,28672,11776,,10752,13312,8704,8192,8704,1024,4491,,
duels,Muka.map.gz,cortex,9501,0,latest,0,28226,won,True,False,86,46.96187911854319,28.04793452844895,11.419223411039468,1.020477573868065,5.519591865655778,2.2290795720257917,1,34,21,6,55,/home/bradley/.codex/worktrees/maxima-growth-policy/glob2/artifacts/maxima-historical-validation/duels/Muka-cortex-9501-0-latest,12800,,27648,,12288,14336,9728,9216,9728,1024,4688,,
duels,SmallForTwo.map.gz,warrush,9503,0,historical,0,30434,won,True,False,150,62.595583886442796,43.168495761319576,14.724452914503516,1.3260826706972464,5.220214234080305,2.6363277912860617,6,124,35,7,121,/home/bradley/.codex/worktrees/maxima-growth-policy/glob2/artifacts/maxima-historical-validation/duels/SmallForTwo-warrush-9503-0-historical,14848,23552,22016,24576,17408,22016,9728,6144,3072,512,3481,,
duels,SmallForTwo.map.gz,warrush,9503,0,latest,0,60000,unresolved,False,True,102,59.34186666666667,33.5024,22.445333333333334,1.0469333333333333,5.449066666666667,5.676266666666667,15,128,47,5,110,/home/bradley/.codex/worktrees/maxima-growth-policy/glob2/artifacts/maxima-historical-validation/duels/SmallForTwo-warrush-9503-0-latest,17408,57344,9728,,22528,25600,13824,11776,2048,512,3676,,
duels,Muka.map.gz,cortex,9511,0,historical,0,37954,lost,False,False,9,39.070111187226644,25.455208937134426,10.296358750065869,1.375981451230437,2.9493070559097854,4.71344258839648,28,77,25,12,83,/home/bradley/.codex/worktrees/maxima-growth-policy/glob2/artifacts/maxima-historical-validation/duels/Muka-cortex-9511-0-historical,18944,,15360,19456,10240,17408,6144,5632,8704,1024,3668,,
duels,Muka.map.gz,cortex,9511,0,latest,0,16578,won,True,False,80,34.06333695258777,23.362769936059838,6.339063819519845,0.9845578477500302,5.089395584509591,1.3476897092532272,0,36,20,2,50,/home/bradley/.codex/worktrees/maxima-growth-policy/glob2/artifacts/maxima-historical-validation/duels/Muka-cortex-9511-0-latest,11776,,,,11264,14336,10240,9216,9728,1024,4693,,
duels,Muka.map.gz,warrush,9504,1,historical,0,9538,lost,False,False,4,6.737680855525268,4.207800377437618,0.9194799748374921,0.9194799748374921,1.6242398825749633,1.4493604529251416,7,4,4,0,0,/home/bradley/.codex/worktrees/maxima-growth-policy/glob2/artifacts/maxima-historical-validation/duels/Muka-warrush-9504-1-historical,,,,,,,,,1024,1024,3525,,
duels,Muka.map.gz,warrush,9504,1,latest,0,4226,lost,False,False,7,6.575958353052532,3.7576904874585897,0.6057737813535258,0.8480832938949361,1.6365357311878845,0.5461429247515381,1,2,2,0,0,/home/bradley/.codex/worktrees/maxima-growth-policy/glob2/artifacts/maxima-historical-validation/duels/Muka-warrush-9504-1-latest,,,,,,,,,1536,1024,2917,,
duels,SmallForTwo.map.gz,castor,9502,0,historical,0,18018,won,True,False,87,42.23054723054723,29.34998334998335,8.574647574647575,0.9857919857919858,3.623931623931624,1.3485403485403484,1,68,22,2,66,/home/bradley/.codex/worktrees/maxima-growth-policy/glob2/artifacts/maxima-historical-validation/duels/SmallForTwo-castor-9502-0-historical,11264,,,,12800,14336,5632,7168,2560,512,7127,,
duels,SmallForTwo.map.gz,castor,9502,0,latest,0,16930,won,True,False,75,33.47649143532191,22.057235676314235,7.0180744240992325,1.1834613112817485,4.025162433549911,0.6391021854695806,0,52,17,2,39,/home/bradley/.codex/worktrees/maxima-growth-policy/glob2/artifacts/maxima-historical-validation/duels/SmallForTwo-castor-9502-0-latest,12800,,13824,,14336,15360,8192,9728,2560,512,7132,,
duels,SmallForTwo.map.gz,castor,9507,0,historical,0,21506,won,True,False,98,43.695526829721935,30.646703245605877,9.203478099135125,0.988096345205989,4.250441737189622,1.357016646517251,1,85,27,4,103,/home/bradley/.codex/worktrees/maxima-growth-policy/glob2/artifacts/maxima-historical-validation/duels/SmallForTwo-castor-9507-0-historical,12288,,,,15872,16384,8192,9216,2048,512,8148,,
duels,SmallForTwo.map.gz,castor,9507,0,latest,0,22914,won,True,False,134,49.389936283494805,34.919306973902415,10.163131709871694,1.4190451252509384,5.44208780658113,0.9274679235401938,0,109,28,6,88,/home/bradley/.codex/worktrees/maxima-growth-policy/glob2/artifacts/maxima-historical-validation/duels/SmallForTwo-castor-9507-0-latest,14336,19456,13312,16896,15360,17408,9728,9216,2560,512,9394,,
duels,strange2.map.gz,cortex,9507,0,historical,0,11106,lost,False,False,42,220.11714388618765,196.80983252296056,19.204303979830723,5.670448406266883,0.46101206555015306,97.40086439762291,251,249,17,0,6,/home/bradley/.codex/worktrees/maxima-growth-policy/glob2/artifacts/maxima-historical-validation/duels/strange2-cortex-9507-0-historical,512,512,512,,,,3072,1536,1024,512,,,
duels,strange2.map.gz,cortex,9507,0,latest,0,9250,lost,False,False,75,221.76778378378378,202.0664864864865,14.166162162162163,5.147675675675676,1.1623783783783783,86.31935135135136,178,235,17,0,0,/home/bradley/.codex/worktrees/maxima-growth-policy/glob2/artifacts/maxima-historical-validation/duels/strange2-cortex-9507-0-latest,512,512,512,,,,,4096,1024,512,,,
duels,Mazury.map.gz,castor,9522,1,historical,0,33282,won,True,False,290,90.31969232618232,70.22582777477315,13.970554654167417,2.9463974520761975,7.393005228051199,7.369989784267772,14,275,39,15,176,/home/bradley/.codex/worktrees/maxima-growth-policy/glob2/artifacts/maxima-historical-validation/duels/Mazury-castor-9522-1-historical,11264,23552,3072,6144,14336,19968,6656,5120,2560,512,9303,,
duels,Mazury.map.gz,castor,9522,1,latest,0,38658,won,True,False,317,122.013270215738,96.81951989238968,15.166847741735216,4.132650421646231,12.79528170107093,8.874126959490921,25,297,52,18,178,/home/bradley/.codex/worktrees/maxima-growth-policy/glob2/artifacts/maxima-historical-validation/duels/Mazury-castor-9522-1-latest,9728,14848,4096,6656,11264,17408,4608,18432,2560,512,2098,,
duels,SmallForTwo.map.gz,warrush,9505,0,historical,0,41378,won,True,False,148,90.84917105708348,68.03791870075885,18.554811735704963,1.6040407946251631,5.6366184929189425,9.374740200106336,26,160,34,15,249,/home/bradley/.codex/worktrees/maxima-growth-policy/glob2/artifacts/maxima-historical-validation/duels/SmallForTwo-warrush-9505-0-historical,12288,21504,16384,18432,15872,20480,5120,11264,3072,1024,4701,39397,
duels,SmallForTwo.map.gz,warrush,9505,0,latest,0,37058,won,True,False,151,74.36855739651358,52.0699983809164,17.51395110367532,1.3765988450536997,7.983269469480274,2.5216687354957092,1,102,38,14,154,/home/bradley/.codex/worktrees/maxima-growth-policy/glob2/artifacts/maxima-historical-validation/duels/SmallForTwo-warrush-9505-0-latest,13824,23552,26112,34304,16384,21504,7680,13824,2048,1024,1644,,
duels,balanced_for_2.map.gz,cortex,9505,1,historical,0,31362,won,True,False,179,95.73184108156367,60.76283400293349,26.41343026592692,0.9918372552770869,6.628913972323193,2.269498118742427,0,99,38,28,309,/home/bradley/.codex/worktrees/maxima-growth-policy/glob2/artifacts/maxima-historical-validation/duels/balanced_for_2-cortex-9505-1-historical,8192,16896,,,12288,15872,4608,4608,2560,1024,5669,,
duels,balanced_for_2.map.gz,cortex,9505,1,latest,0,33954,won,True,False,218,81.12625905637039,54.549272545208225,17.49195971019615,1.8464393002297226,6.087412381457265,2.1960299228367792,1,205,57,17,150,/home/bradley/.codex/worktrees/maxima-growth-policy/glob2/artifacts/maxima-historical-validation/duels/balanced_for_2-cortex-9505-1-latest,11776,23552,14848,18432,13824,21504,5120,5632,2048,1024,2306,,
duels,Mazury.map.gz,warrush,9519,1,historical,0,21346,won,True,False,36,25.13445141946969,15.955588869108967,7.10231425091352,0.7767263187482433,3.40035603860208,2.1724913332708704,1,11,15,2,32,/home/bradley/.codex/worktrees/maxima-growth-policy/glob2/artifacts/maxima-historical-validation/duels/Mazury-warrush-9519-1-historical,,,2048,,16384,19456,6144,9216,1536,512,8864,,
duels,Mazury.map.gz,warrush,9519,1,latest,0,41890,lost,False,False,3,59.20510861780855,40.93248985438052,11.244688469801861,2.114490331821437,5.8011936022917165,10.176844115540701,71,113,31,3,37,/home/bradley/.codex/worktrees/maxima-growth-policy/glob2/artifacts/maxima-historical-validation/duels/Mazury-warrush-9519-1-latest,8704,15360,4096,6656,12800,16384,13312,33280,1536,512,1896,,
duels,Muka.map.gz,castor,9505,1,historical,0,32226,won,True,False,203,75.55979643765903,52.690529386209896,14.785111400732328,2.8701048842549493,6.096754173648606,3.2602867250046548,4,167,33,21,209,/home/bradley/.codex/worktrees/maxima-growth-policy/glob2/artifacts/maxima-historical-validation/duels/Muka-castor-9505-1-historical,11776,22016,10752,14336,10240,14336,7168,7168,8192,1024,3511,,29281
duels,Muka.map.gz,castor,9505,1,latest,0,60000,unresolved,False,True,90,52.89706666666667,34.75626666666667,12.048266666666667,1.7637333333333334,6.026666666666666,1.4026666666666667,2,136,48,20,255,/home/bradley/.codex/worktrees/maxima-growth-policy/glob2/artifacts/maxima-historical-validation/duels/Muka-castor-9505-1-latest,25088,,19456,32768,17408,20480,13824,12800,7168,1024,36382,47111,
duels,balanced_for_2.map.gz,castor,9513,0,historical,0,21218,won,True,False,136,67.11428975398246,48.50386464322745,11.625318126119332,1.491846545385993,5.102931473277406,1.4449995287020454,0,111,26,15,187,/home/bradley/.codex/worktrees/maxima-growth-policy/glob2/artifacts/maxima-historical-validation/duels/balanced_for_2-castor-9513-0-historical,8192,17408,11264,16896,9216,11776,3072,3584,1536,512,635,,
duels,balanced_for_2.map.gz,castor,9513,0,latest,0,14978,won,True,False,89,47.25764454533316,32.829015889971956,8.317131793296836,1.641340632928295,4.137267993056483,0.9571371344638804,0,66,22,3,78,/home/bradley/.codex/worktrees/maxima-growth-policy/glob2/artifacts/maxima-historical-validation/duels/balanced_for_2-castor-9513-0-latest,7680,,10240,14336,9728,12288,4608,4096,2048,512,5529,,
duels,Mazury.map.gz,castor,9521,1,historical,0,34978,won,True,False,383,115.35139230373377,88.80270455715021,17.773286065526904,3.68454457087312,8.386871747955858,7.61615872834353,7,360,51,23,221,/home/bradley/.codex/worktrees/maxima-growth-policy/glob2/artifacts/maxima-historical-validation/duels/Mazury-castor-9521-1-historical,11776,20992,4608,7680,12288,15360,5632,6144,2048,512,,,33923
duels,Mazury.map.gz,castor,9521,1,latest,0,30370,won,True,False,146,74.58103391504774,52.80928547909121,13.45004939084623,2.7156404346394467,8.359894632861376,3.7195917023378335,6,123,35,12,142,/home/bradley/.codex/worktrees/maxima-growth-policy/glob2/artifacts/maxima-historical-validation/duels/Mazury-castor-9521-1-latest,10240,21504,4608,7168,9216,13312,5632,6656,2048,512,1898,,
duels,SmallForTwo.map.gz,cortex,9504,1,historical,0,25602,won,True,False,117,70.43363799703148,44.142488868057185,21.971174127021328,1.7200218732911492,5.250292945863604,5.890711663151317,6,94,28,8,159,/home/bradley/.codex/worktrees/maxima-growth-policy/glob2/artifacts/maxima-historical-validation/duels/SmallForTwo-cortex-9504-1-historical,8192,16896,7168,11776,10240,12288,4608,6144,4608,1024,5163,,12712
duels,SmallForTwo.map.gz,cortex,9504,1,latest,0,15906,won,True,False,117,49.17647428643279,33.377279014208476,11.27561926317113,0.9839054444863573,5.387275242047027,1.8530114422230606,0,67,26,2,63,/home/bradley/.codex/worktrees/maxima-growth-policy/glob2/artifacts/maxima-historical-validation/duels/SmallForTwo-cortex-9504-1-latest,8704,14336,,,11264,13824,4608,6656,6144,1024,,,
duels,Mazury.map.gz,warrush,9504,1,historical,0,19490,lost,False,False,11,13.995638789122626,11.1287326834274,2.4991277578245255,1.2084145715751669,1.9851205746536686,1.444843509492047,2,10,14,0,15,/home/bradley/.codex/worktrees/maxima-growth-policy/glob2/artifacts/maxima-historical-validation/duels/Mazury-warrush-9504-1-historical,,,2048,14848,,,6656,6656,1536,512,,,
duels,Mazury.map.gz,warrush,9504,1,latest,0,24002,lost,False,False,10,19.80993250562453,14.234313807182735,3.655778685109574,0.9466711107407716,2.5413715523706357,3.9925839513373886,17,28,15,0,1,/home/bradley/.codex/worktrees/maxima-growth-policy/glob2/artifacts/maxima-historical-validation/duels/Mazury-warrush-9504-1-latest,,,5120,15360,,,10752,6144,1536,512,4362,,
duels,Muka.map.gz,warrush,9503,1,historical,0,13890,lost,False,False,6,14.994096472282218,11.07732181425486,2.258027357811375,0.958387329013679,1.7556515478761698,4.036861051115911,12,21,7,0,6,/home/bradley/.codex/worktrees/maxima-growth-policy/glob2/artifacts/maxima-historical-validation/duels/Muka-warrush-9503-1-historical,,,,,,,6656,,1536,1024,3311,,
duels,Muka.map.gz,warrush,9503,1,latest,0,22626,won,True,False,87,29.203792097586845,18.759922213382833,6.901750198886237,1.6309555378767788,3.467250066295412,1.2602315919738354,1,62,23,1,52,/home/bradley/.codex/worktrees/maxima-growth-policy/glob2/artifacts/maxima-historical-validation/duels/Muka-warrush-9503-1-latest,17920,,9216,13824,17408,21504,15360,14336,1024,1024,3520,,
duels,Mazury.map.gz,cortex,9510,0,historical,0,35106,lost,False,False,5,31.900928616190964,20.7283085512448,8.314077365692475,0.9917393038227084,3.006323705349513,4.521164473309406,21,66,26,6,92,/home/bradley/.codex/worktrees/maxima-growth-policy/glob2/artifacts/maxima-historical-validation/duels/Mazury-cortex-9510-0-historical,9728,,11264,,9216,11264,4096,4608,4608,512,,,
duels,Mazury.map.gz,cortex,9510,0,latest,0,60000,unresolved,False,True,156,87.71973333333334,50.57306666666667,30.899733333333334,2.7114666666666665,8.5536,9.6912,40,189,48,28,274,/home/bradley/.codex/worktrees/maxima-growth-policy/glob2/artifacts/maxima-historical-validation/duels/Mazury-cortex-9510-0-latest,10752,33280,4608,8704,10752,16384,4608,4608,2560,512,1866,,
duels,SmallForTwo.map.gz,cortex,9517,1,historical,0,22306,won,True,False,172,79.47153232314176,55.58334080516453,19.26539944409576,1.196628709764189,6.076481664126244,3.1369138348426433,0,119,32,9,190,/home/bradley/.codex/worktrees/maxima-growth-policy/glob2/artifacts/maxima-historical-validation/duels/SmallForTwo-cortex-9517-1-historical,8192,13824,17920,20480,10240,13312,4096,5632,7168,512,4129,,
duels,SmallForTwo.map.gz,cortex,9517,1,latest,0,24994,won,True,False,144,78.14475474113787,56.25238057133712,17.24437865087621,1.774665919820757,7.458830119228615,5.966551972473393,4,85,29,10,169,/home/bradley/.codex/worktrees/maxima-growth-policy/glob2/artifacts/maxima-historical-validation/duels/SmallForTwo-cortex-9517-1-latest,8192,13312,5632,10240,12288,15360,3584,5120,4608,512,5162,,11017
duels,Mazury.map.gz,castor,9502,0,historical,0,50146,won,True,False,571,235.92721253938498,182.6741913612252,26.976029992422127,4.575080764168628,12.88110716707215,38.76241375184461,218,799,68,44,427,/home/bradley/.codex/worktrees/maxima-growth-policy/glob2/artifacts/maxima-historical-validation/duels/Mazury-castor-9502-0-historical,9728,22016,5120,7680,7680,10752,4096,4096,6144,512,6160,,33446
duels,Mazury.map.gz,castor,9502,0,latest,0,28258,won,True,False,266,93.18709745912662,70.0362021374478,13.668058602873522,3.227829287281478,9.523108500247718,4.300870549932762,1,233,41,10,148,/home/bradley/.codex/worktrees/maxima-growth-policy/glob2/artifacts/maxima-historical-validation/duels/Mazury-castor-9502-0-latest,8192,18432,2048,4608,11264,14336,4608,5632,8704,512,,,
duels,strange2.map.gz,cortex,9502,1,historical,0,19266,won,True,False,0,156.50202429149797,143.79902418768816,11.055330634278002,5.963147513754802,0.6112322225682549,75.15498806187065,363,283,15,0,9,/home/bradley/.codex/worktrees/maxima-growth-policy/glob2/artifacts/maxima-historical-validation/duels/strange2-cortex-9502-1-historical,512,512,512,,,,1536,1024,1024,512,,,
duels,strange2.map.gz,cortex,9502,1,latest,0,18658,won,True,False,0,168.81895165612605,154.7141172687319,11.964412048451067,7.343016400471647,5.67231214492443,71.59438310644228,348,263,19,0,7,/home/bradley/.codex/worktrees/maxima-growth-policy/glob2/artifacts/maxima-historical-validation/duels/strange2-cortex-9502-1-latest,512,512,512,,,,3584,2048,1024,512,,,
duels,Mazury.map.gz,castor,9500,0,historical,0,42786,won,True,False,477,164.23416538119946,130.3378675267611,21.971415883700274,3.8348525218529423,10.225728041882858,18.841396718552797,40,484,65,37,321,/home/bradley/.codex/worktrees/maxima-growth-policy/glob2/artifacts/maxima-historical-validation/duels/Mazury-castor-9500-0-historical,10752,23552,9216,17920,8704,12288,3584,4608,7168,512,,,33928
duels,Mazury.map.gz,castor,9500,0,latest,0,26594,won,True,False,196,75.17661878619238,51.0592990900203,15.105963751222081,2.363540648266526,8.19598405655411,4.2587801759795445,2,147,37,11,106,/home/bradley/.codex/worktrees/maxima-growth-policy/glob2/artifacts/maxima-historical-validation/duels/Mazury-castor-9500-0-latest,10752,18944,4096,6144,11264,13824,4096,4608,4608,512,5351,,
duels,strange2.map.gz,castor,9513,1,historical,0,60000,unresolved,False,True,0,67.47306666666667,63.744,2.8501333333333334,4.9552,0.9957333333333334,31.914666666666665,488,360,14,0,7,/home/bradley/.codex/worktrees/maxima-growth-policy/glob2/artifacts/maxima-historical-validation/duels/strange2-castor-9513-1-historical,512,512,512,,,,2560,1024,1024,512,,,
duels,strange2.map.gz,castor,9513,1,latest,0,33986,won,True,False,0,133.2953569116695,128.0225975401636,3.630671452951215,8.93220737950921,11.517919143176602,54.17383628552933,435,307,19,0,6,/home/bradley/.codex/worktrees/maxima-growth-policy/glob2/artifacts/maxima-historical-validation/duels/strange2-castor-9513-1-latest,512,512,512,,,,7168,1536,1024,512,,,
duels,Dejans.map.gz,castor,9500,0,historical,0,24290,won,True,False,69,41.84606834088102,25.47188143268835,9.829847673939893,1.787978592013174,5.639193083573487,1.8946068340881022,5,59,23,4,79,/home/bradley/.codex/worktrees/maxima-growth-policy/glob2/artifacts/maxima-historical-validation/duels/Dejans-castor-9500-0-historical,18432,,12800,,10752,14848,2560,4608,5120,512,,,
duels,Dejans.map.gz,castor,9500,0,latest,0,32258,won,True,False,80,45.557691115382234,28.73172546345093,10.952941905883812,1.9286378572757146,5.762167524335049,0.8018476036952074,1,70,26,7,103,/home/bradley/.codex/worktrees/maxima-growth-policy/glob2/artifacts/maxima-historical-validation/duels/Dejans-castor-9500-0-latest,17920,,13312,28672,11264,16896,4096,5632,3072,512,3284,,
duels,balanced_for_2.map.gz,castor,9521,1,historical,0,16770,won,True,False,78,41.09964221824687,27.502862254025043,7.817769827072152,1.4276684555754324,3.5192605843768634,0.5800834824090638,0,62,20,5,87,/home/bradley/.codex/worktrees/maxima-growth-policy/glob2/artifacts/maxima-historical-validation/duels/balanced_for_2-castor-9521-1-historical,10752,,12800,,11776,13824,4096,4608,1024,1024,5781,,
duels,balanced_for_2.map.gz,castor,9521,1,latest,0,13762,won,True,False,77,38.66589158552536,25.95051591338468,7.031027466937945,1.5214358378142712,3.3213195756430753,0.6324662113064962,0,57,19,2,50,/home/bradley/.codex/worktrees/maxima-growth-policy/glob2/artifacts/maxima-historical-validation/duels/balanced_for_2-castor-9521-1-latest,8704,,10240,,9216,12288,5632,6656,1024,1024,675,,
duels,balanced_for_2.map.gz,cortex,9504,0,historical,0,24450,won,True,False,109,58.5878527607362,35.19946830265849,16.367280163599183,1.1623721881390594,4.335378323108385,1.9946830265848672,0,80,28,6,160,/home/bradley/.codex/worktrees/maxima-growth-policy/glob2/artifacts/maxima-historical-validation/duels/balanced_for_2-cortex-9504-0-historical,9728,23040,20480,24450,14848,18944,2560,4096,2560,512,635,,
duels,balanced_for_2.map.gz,cortex,9504,0,latest,0,28322,won,True,False,93,53.515182543605675,25.6915118988772,19.529623614151543,1.345879528281901,4.640844573123367,2.2117788291787304,0,58,25,5,116,/home/bradley/.codex/worktrees/maxima-growth-policy/glob2/artifacts/maxima-historical-validation/duels/balanced_for_2-cortex-9504-0-latest,10752,,23552,27648,23040,13824,5120,6144,2048,512,640,,
duels,balanced_for_2.map.gz,warrush,9523,1,historical,0,39714,won,True,False,168,84.25240469355894,52.231908143224054,18.842221886488392,1.5745580903459737,5.498917258397542,1.4456362995417233,0,168,37,29,365,/home/bradley/.codex/worktrees/maxima-growth-policy/glob2/artifacts/maxima-historical-validation/duels/balanced_for_2-warrush-9523-1-historical,11776,25600,16384,22016,12800,15360,5120,7680,1536,1024,673,,
duels,balanced_for_2.map.gz,warrush,9523,1,latest,0,31778,won,True,False,155,59.96469255459752,37.79130215872616,14.348480080558877,1.9790421046006672,5.152495437094846,1.20353703820253,0,143,41,11,173,/home/bradley/.codex/worktrees/maxima-growth-policy/glob2/artifacts/maxima-historical-validation/duels/balanced_for_2-warrush-9523-1-latest,12288,27648,18432,24576,15872,19968,4608,5120,1024,1024,2515,,
duels,Mazury.map.gz,cortex,9502,0,historical,0,34402,lost,False,False,13,52.664234637521076,33.55735131678391,14.602290564502065,1.771059822103366,4.585024126504273,8.005697343177722,34,106,27,6,80,/home/bradley/.codex/worktrees/maxima-growth-policy/glob2/artifacts/maxima-historical-validation/duels/Mazury-cortex-9502-0-historical,11264,27136,6656,11776,9216,14336,3584,5120,4608,512,7401,,
duels,Mazury.map.gz,cortex,9502,0,latest,0,25794,lost,False,False,12,43.322633170504766,31.025509808482592,7.158486469721641,1.4291695743196091,3.2330774598743894,6.084205629216097,30,119,19,0,14,/home/bradley/.codex/worktrees/maxima-growth-policy/glob2/artifacts/maxima-historical-validation/duels/Mazury-cortex-9502-0-latest,8192,,2560,4608,,,5120,4608,6144,512,9516,,
duels,SmallForTwo.map.gz,castor,9502,1,historical,0,10146,won,True,False,67,29.90281884486497,19.522767593140152,6.903213088902031,1.612260989552533,2.5020697811945594,0.6374926079243052,0,56,13,0,27,/home/bradley/.codex/worktrees/maxima-growth-policy/glob2/artifacts/maxima-historical-validation/duels/SmallForTwo-castor-9502-1-historical,8704,,5120,8704,10146,,4096,5120,2560,512,3732,,9110
duels,SmallForTwo.map.gz,castor,9502,1,latest,0,9538,won,True,False,48,22.961312644160202,15.586915495911093,4.655797861186832,1.2484797651499266,3.101279094149717,0.3826798070874397,0,36,11,0,21,/home/bradley/.codex/worktrees/maxima-growth-policy/glob2/artifacts/maxima-historical-validation/duels/SmallForTwo-castor-9502-1-latest,,,7168,,,,4608,5632,2560,512,6792,,
duels,Muka.map.gz,castor,9503,0,historical,0,43170,won,True,False,226,84.41426916840399,56.43238359972203,20.4620801482511,2.6932128793143386,6.585267546907574,4.697104470697243,7,244,39,25,260,/home/bradley/.codex/worktrees/maxima-growth-policy/glob2/artifacts/maxima-historical-validation/duels/Muka-castor-9503-0-historical,17920,30208,12800,15872,12288,15360,8192,7168,7680,1024,,,
duels,Muka.map.gz,castor,9503,0,latest,0,22146,won,True,False,73,38.6794003431771,23.967307865980313,8.636683825521539,1.670640296216021,5.13925765375237,0.9710105662422108,0,61,21,3,51,/home/bradley/.codex/worktrees/maxima-growth-policy/glob2/artifacts/maxima-historical-validation/duels/Muka-castor-9503-0-latest,13824,,3584,9216,12800,15872,10240,9728,13312,1024,3475,,
duels,Muka.map.gz,warrush,9511,1,historical,0,6626,lost,False,False,7,7.5,4.918201026260187,0.8840929670993057,0.6181708421370359,1.227286447328705,2.2909749471777845,3,4,4,0,0,/home/bradley/.codex/worktrees/maxima-growth-policy/glob2/artifacts/maxima-historical-validation/duels/Muka-warrush-9511-1-historical,,,,,,,,,1024,1024,,,
duels,Muka.map.gz,warrush,9511,1,latest,0,3650,lost,False,False,8,6.456986301369863,3.7194520547945205,0.7895890410958905,0.9298630136986301,1.8597260273972602,0.08821917808219178,0,2,2,0,0,/home/bradley/.codex/worktrees/maxima-growth-policy/glob2/artifacts/maxima-historical-validation/duels/Muka-warrush-9511-1-latest,,,,,,,,,1536,1024,,,
duels,Mazury.map.gz,warrush,9503,0,historical,0,22754,won,True,False,61,48.61918783510592,33.34451085523425,10.038410828865254,1.369956930649556,4.31106618616507,7.937769183440274,16,58,17,1,48,/home/bradley/.codex/worktrees/maxima-growth-policy/glob2/artifacts/maxima-historical-validation/duels/Mazury-warrush-9503-0-historical,11776,,14336,,13824,20480,4096,5120,3072,512,3916,,
duels,Mazury.map.gz,warrush,9503,0,latest,0,20290,won,True,False,104,61.23287333661902,43.16535239034007,10.962937407589946,1.4481025135534746,5.908822079842287,5.217742730409069,2,65,22,3,45,/home/bradley/.codex/worktrees/maxima-growth-policy/glob2/artifacts/maxima-historical-validation/duels/Mazury-warrush-9503-0-latest,7680,18944,13312,19456,8704,12800,3584,5120,3072,512,1659,,
duels,Mazury.map.gz,cortex,9515,1,historical,0,32162,lost,False,False,5,24.588831540327096,15.467819165474785,6.733101175300043,2.3242335675642063,2.2069523039611965,6.945090479447796,53,77,19,0,22,/home/bradley/.codex/worktrees/maxima-growth-policy/glob2/artifacts/maxima-historical-validation/duels/Mazury-cortex-9515-1-historical,,,3584,7168,,,5120,6144,7680,512,2918,,
duels,Mazury.map.gz,cortex,9515,1,latest,0,25506,lost,False,False,11,52.057084607543324,36.73551321257743,9.374421704696934,1.4453069865913903,4.529287226534933,5.771818395671606,19,105,22,0,40,/home/bradley/.codex/worktrees/maxima-growth-policy/glob2/artifacts/maxima-historical-validation/duels/Mazury-cortex-9515-1-latest,9728,,6144,9728,13824,,5632,5120,7168,512,,,
duels,balanced_for_2.map.gz,warrush,9504,1,historical,0,38658,won,True,False,187,87.0978322727508,58.97009674582234,17.871876455067515,1.4437891251487402,5.722023901909049,1.695328263231414,0,165,33,33,339,/home/bradley/.codex/worktrees/maxima-growth-policy/glob2/artifacts/maxima-historical-validation/duels/balanced_for_2-warrush-9504-1-historical,11776,22528,14848,20480,12800,15872,5120,9728,1536,1024,2930,27773,
duels,balanced_for_2.map.gz,warrush,9504,1,latest,0,26114,won,True,False,231,86.37382247070536,60.49054147200735,18.039978555564065,2.3922800030634908,6.677261239182048,2.039672206479283,1,195,46,14,178,/home/bradley/.codex/worktrees/maxima-growth-policy/glob2/artifacts/maxima-historical-validation/duels/balanced_for_2-warrush-9504-1-latest,8704,16896,8704,14848,10240,14848,5120,5632,1024,1024,5398,,
duels,strange2.map.gz,warrush,9518,1,historical,0,18402,won,True,False,0,146.68318661015107,132.29866318878382,12.631670470601021,8.695576567764373,0.9860884686447126,72.81295511357462,335,232,12,0,12,/home/bradley/.codex/worktrees/maxima-growth-policy/glob2/artifacts/maxima-historical-validation/duels/strange2-warrush-9518-1-historical,512,512,512,,,,1536,1024,1024,512,728,,
duels,strange2.map.gz,warrush,9518,1,latest,0,18338,won,True,False,0,156.12956701930418,148.20023993892462,5.835314647180717,7.376922237975788,5.6840440615116155,69.24201112444105,323,217,17,0,3,/home/bradley/.codex/worktrees/maxima-growth-policy/glob2/artifacts/maxima-historical-validation/duels/strange2-warrush-9518-1-latest,512,512,512,,,,2560,2048,1024,512,728,,
duels,strange2.map.gz,cortex,9518,1,historical,0,16738,lost,False,False,0,175.45423587047438,155.75486915999522,17.129884096068825,6.722428008125224,0.6117815748596009,82.77990201935715,368,283,12,0,13,/home/bradley/.codex/worktrees/maxima-growth-policy/glob2/artifacts/maxima-historical-validation/duels/strange2-cortex-9518-1-historical,512,512,512,,,,3072,1536,1024,512,732,,
duels,strange2.map.gz,cortex,9518,1,latest,0,19906,won,True,False,0,125.28644629759872,118.49613181955189,4.372550989651361,4.340600823872199,0.7201848688837537,55.40279312770019,301,263,11,0,1,/home/bradley/.codex/worktrees/maxima-growth-policy/glob2/artifacts/maxima-historical-validation/duels/strange2-cortex-9518-1-latest,512,512,512,,,,4608,4096,1024,512,,,
duels,Muka.map.gz,warrush,9518,1,historical,0,37634,lost,False,False,4,14.081096880480416,11.373757772227242,1.7550087686666311,0.9387256204495934,1.8094807886485624,3.29244831801031,33,50,23,0,10,/home/bradley/.codex/worktrees/maxima-growth-policy/glob2/artifacts/maxima-historical-validation/duels/Muka-warrush-9518-1-historical,,,,15360,,,9728,,1536,1024,8018,,
duels,Muka.map.gz,warrush,9518,1,latest,0,3714,lost,False,False,8,6.759289176090468,3.7242864835756597,0.7932148626817448,0.9310716208939149,1.6203554119547658,0.0,0,2,2,0,0,/home/bradley/.codex/worktrees/maxima-growth-policy/glob2/artifacts/maxima-historical-validation/duels/Muka-warrush-9518-1-latest,,,,,,,,,1536,1024,,,
duels,Mazury.map.gz,warrush,9511,1,historical,0,60000,unresolved,False,True,260,75.56746666666666,47.38346666666666,18.6672,2.6576,5.544,6.1232,13,258,51,25,247,/home/bradley/.codex/worktrees/maxima-growth-policy/glob2/artifacts/maxima-historical-validation/duels/Mazury-warrush-9511-1-historical,28672,45568,4608,7680,23552,27136,7680,6144,1536,512,7880,,
duels,Mazury.map.gz,warrush,9511,1,latest,0,60000,unresolved,False,True,158,99.41866666666667,67.33653333333334,23.410666666666668,2.128,9.861866666666666,9.1088,32,147,52,13,186,/home/bradley/.codex/worktrees/maxima-growth-policy/glob2/artifacts/maxima-historical-validation/duels/Mazury-warrush-9511-1-latest,16384,30720,4096,6144,18944,23040,4608,14336,3584,512,2306,,
duels,strange2.map.gz,cortex,9514,1,historical,0,17122,lost,False,False,0,179.32023128139235,161.97646303001986,14.502978623992524,6.988552739165986,0.9850484756453686,84.59397266674453,375,286,15,0,13,/home/bradley/.codex/worktrees/maxima-growth-policy/glob2/artifacts/maxima-historical-validation/duels/strange2-cortex-9514-1-historical,512,512,512,,,,2048,1024,1024,512,,,
duels,strange2.map.gz,cortex,9514,1,latest,0,10530,lost,False,False,111,243.0931623931624,221.37825261158594,17.825071225071223,6.129724596391263,4.765052231718898,90.96562203228869,176,252,22,0,4,/home/bradley/.codex/worktrees/maxima-growth-policy/glob2/artifacts/maxima-historical-validation/duels/strange2-cortex-9514-1-latest,512,512,512,,,,3584,2048,1024,512,,,
duels,Muka.map.gz,warrush,9521,0,historical,0,15298,won,True,False,51,21.739966008628578,14.893057916067459,4.3443587397045365,0.9832657863773042,2.113086677997124,0.8367106811347889,1,39,11,0,15,/home/bradley/.codex/worktrees/maxima-growth-policy/glob2/artifacts/maxima-historical-validation/duels/Muka-warrush-9521-0-historical,,,,,14848,,11776,10240,1024,1024,9203,,
duels,Muka.map.gz,warrush,9521,0,latest,0,7586,lost,False,False,12,10.24518850514105,5.662536250988663,1.3250725019773266,0.6749274980226734,1.9538623780648563,1.8154495122594252,0,5,5,0,0,/home/bradley/.codex/worktrees/maxima-growth-policy/glob2/artifacts/maxima-historical-validation/duels/Muka-warrush-9521-0-latest,,,,,,,,,2048,1024,3486,,
duels,Muka.map.gz,cortex,9522,1,historical,0,45762,won,True,False,142,79.13281762160744,44.66015471351776,26.615051789694505,2.2224116078842706,6.362440452777413,6.713692583366112,4,66,32,28,316,/home/bradley/.codex/worktrees/maxima-growth-policy/glob2/artifacts/maxima-historical-validation/duels/Muka-cortex-9522-1-historical,14848,29184,14848,20480,14336,17408,4608,7680,11776,1024,3698,,
duels,Muka.map.gz,cortex,9522,1,latest,0,40034,won,True,False,187,82.25580756357097,48.833541489733726,24.492756157266324,1.4805415396912625,8.818354398761054,4.442723684867862,1,50,33,20,187,/home/bradley/.codex/worktrees/maxima-growth-policy/glob2/artifacts/maxima-historical-validation/duels/Muka-cortex-9522-1-latest,13312,24064,15872,38400,13312,17408,8704,9216,6656,1024,4528,,
duels,Mazury.map.gz,warrush,9500,0,historical,0,28802,won,True,False,134,52.33667800847164,35.67967502256788,12.661099923616415,1.9556975210054857,4.778070967293938,7.342267898062635,19,132,33,6,104,/home/bradley/.codex/worktrees/maxima-growth-policy/glob2/artifacts/maxima-historical-validation/duels/Mazury-warrush-9500-0-historical,10752,27136,11776,24064,10752,18432,3584,5120,3072,512,1657,,
duels,Mazury.map.gz,warrush,9500,0,latest,0,21378,won,True,False,95,52.82411825240902,37.002619515389654,10.593600898119561,2.2516605856487977,5.898493778650949,3.3233230423800166,4,72,22,4,87,/home/bradley/.codex/worktrees/maxima-growth-policy/glob2/artifacts/maxima-historical-validation/duels/Mazury-warrush-9500-0-latest,9216,,9728,13312,8704,11264,4096,5632,2560,512,1860,,
duels,Mazury.map.gz,cortex,9523,1,historical,0,46690,lost,False,False,7,58.683551081602054,37.599657314200044,16.135103876633114,2.313814521310773,4.660526879417434,6.3686442493039195,34,133,41,6,100,/home/bradley/.codex/worktrees/maxima-growth-policy/glob2/artifacts/maxima-historical-validation/duels/Mazury-cortex-9523-1-historical,14336,30208,4608,9728,13824,20480,6656,11264,5120,512,4754,,
duels,Mazury.map.gz,cortex,9523,1,latest,0,38786,won,True,False,242,112.07930696643119,74.90197493941113,28.46093951425772,2.2971175166297115,12.238230289279636,11.518898571649565,10,92,45,16,165,/home/bradley/.codex/worktrees/maxima-growth-policy/glob2/artifacts/maxima-historical-validation/duels/Mazury-cortex-9523-1-latest,10240,20992,2560,6144,18432,22016,6656,8192,2560,512,1897,,
duels,Mazury.map.gz,castor,9501,0,historical,0,57954,won,True,False,434,165.78871173689478,113.47194326534839,28.936915484694758,3.6234944956344686,11.340028298305553,20.187735100251924,98,501,52,29,394,/home/bradley/.codex/worktrees/maxima-growth-policy/glob2/artifacts/maxima-historical-validation/duels/Mazury-castor-9501-0-historical,14848,31232,9216,19456,12288,14848,3584,4096,6656,512,4527,,44878
duels,Mazury.map.gz,castor,9501,0,latest,0,21410,won,True,False,159,70.32568893040636,51.894955628211115,11.40485754320411,2.469500233535731,7.151798225128444,3.4890238206445585,3,128,30,6,95,/home/bradley/.codex/worktrees/maxima-growth-policy/glob2/artifacts/maxima-historical-validation/duels/Mazury-castor-9501-0-latest,8192,16384,4608,7168,9728,11776,4608,4608,6656,512,5845,,
duels,strange2.map.gz,cortex,9501,1,historical,0,19618,won,True,False,0,132.8673667040473,117.75634621266184,12.97094505046386,5.418901009277194,0.6002650626975227,60.052604750739114,331,250,15,0,8,/home/bradley/.codex/worktrees/maxima-growth-policy/glob2/artifacts/maxima-historical-validation/duels/strange2-cortex-9501-1-historical,512,512,512,,,,3584,1536,2560,512,731,,
duels,strange2.map.gz,cortex,9501,1,latest,0,18722,won,True,False,0,161.89723320158103,151.55987608161522,7.657301570345049,7.4512338425381905,4.080226471530819,68.86101912188869,330,268,17,0,1,/home/bradley/.codex/worktrees/maxima-growth-policy/glob2/artifacts/maxima-historical-validation/duels/strange2-cortex-9501-1-latest,512,512,512,,,,8704,1536,1024,512,734,,
duels,SmallForTwo.map.gz,warrush,9522,0,historical,0,21026,won,True,False,145,58.15285836583278,43.427280509844955,10.527537334728432,1.6485303909445448,3.9715590221630364,2.566536668886141,0,122,30,2,91,/home/bradley/.codex/worktrees/maxima-growth-policy/glob2/artifacts/maxima-historical-validation/duels/SmallForTwo-warrush-9522-0-historical,10752,16896,9728,13824,13312,18432,8192,8192,3072,512,4710,,13983
duels,SmallForTwo.map.gz,warrush,9522,0,latest,0,26146,won,True,False,130,55.31293505698768,37.773196664881816,13.330222596190621,1.3844565134246156,6.494071750937046,1.994109997705194,0,101,34,6,86,/home/bradley/.codex/worktrees/maxima-growth-policy/glob2/artifacts/maxima-historical-validation/duels/SmallForTwo-warrush-9522-0-latest,13824,22016,19968,22528,17408,20992,12288,11264,3072,512,2870,,
duels,Muka.map.gz,castor,9521,1,historical,0,58018,won,True,False,225,73.02892205867144,44.08664552380296,23.318349477748285,2.438001999379503,5.658898962390982,5.059705608604227,10,236,44,40,345,/home/bradley/.codex/worktrees/maxima-growth-policy/glob2/artifacts/maxima-historical-validation/duels/Muka-castor-9521-1-historical,23552,41472,17408,23040,14336,17920,11264,10752,10240,1024,,,
duels,Muka.map.gz,castor,9521,1,latest,0,47298,won,True,False,131,43.61459258319591,26.88648568649837,10.54078396549537,2.0948031629244364,6.020677407078524,1.3357435832381919,0,113,35,9,135,/home/bradley/.codex/worktrees/maxima-growth-policy/glob2/artifacts/maxima-historical-validation/duels/Muka-castor-9521-1-latest,28160,43520,22016,39936,19968,23040,14848,13824,8192,1024,,,
duels,Muka.map.gz,cortex,9501,1,historical,0,23010,lost,False,False,4,24.04767492394611,15.25845284658844,4.272229465449804,1.2238157322903085,2.5811386353759236,2.5117774880486743,13,25,14,0,18,/home/bradley/.codex/worktrees/maxima-growth-policy/glob2/artifacts/maxima-historical-validation/duels/Muka-cortex-9501-1-historical,,,3584,8704,,,6144,7680,10240,1024,3932,,
duels,Muka.map.gz,cortex,9501,1,latest,0,18178,lost,False,False,4,17.737979975794918,11.322917812740675,2.0842776983166464,1.3801298272637255,2.4223786995269005,0.9860270656837936,5,16,13,0,14,/home/bradley/.codex/worktrees/maxima-growth-policy/glob2/artifacts/maxima-historical-validation/duels/Muka-cortex-9501-1-latest,,,3584,16384,,,8192,10752,11776,1024,3925,,
duels,Dejans.map.gz,castor,9510,1,historical,0,10498,won,True,False,47,26.211183082491903,17.5752524290341,5.610973518765479,0.9756144027433797,2.5368641646027816,0.634025528672128,0,36,12,0,27,/home/bradley/.codex/worktrees/maxima-growth-policy/glob2/artifacts/maxima-historical-validation/duels/Dejans-castor-9510-1-historical,,,,,,,3584,6144,6144,512,3522,,
duels,Dejans.map.gz,castor,9510,1,latest,0,46594,won,True,False,128,63.83791904537065,37.71004850409924,16.742541958192042,3.1319053955444907,7.500236081898957,0.5825642786624887,2,120,31,17,234,/home/bradley/.codex/worktrees/maxima-growth-policy/glob2/artifacts/maxima-historical-validation/duels/Dejans-castor-9510-1-latest,12800,41472,2560,10752,12288,16896,4096,6144,7680,512,3319,,
duels,Mazury.map.gz,castor,9508,1,historical,0,28546,won,True,False,135,56.07692846633504,38.39382050024522,11.373362292440271,2.7086106634905067,5.560989280459609,4.300357318013032,4,115,32,5,108,/home/bradley/.codex/worktrees/maxima-growth-policy/glob2/artifacts/maxima-historical-validation/duels/Mazury-castor-9508-1-historical,13312,25600,4608,8192,15360,23040,6144,7680,2560,512,,,
duels,Mazury.map.gz,castor,9508,1,latest,0,36546,won,True,False,161,86.32542549116182,62.83812181907733,15.410769988507635,2.723417063426914,9.636184534559186,5.5724839927762275,4,149,35,11,93,/home/bradley/.codex/worktrees/maxima-growth-policy/glob2/artifacts/maxima-historical-validation/duels/Mazury-castor-9508-1-latest,9728,16896,2560,5632,15872,12288,6656,5120,2560,512,2719,,
duels,strange2.map.gz,warrush,9513,0,historical,0,17858,won,True,False,0,134.66592003583827,125.40530854518983,7.224997200134394,6.666368014335312,0.22936499048045694,65.77041102027103,308,204,16,0,7,/home/bradley/.codex/worktrees/maxima-growth-policy/glob2/artifacts/maxima-historical-validation/duels/strange2-warrush-9513-0-historical,512,512,512,,,,2560,1536,1024,512,698,,
duels,strange2.map.gz,warrush,9513,0,latest,0,16866,won,True,False,3,165.5444088699158,158.71409937151665,4.371398078975454,5.305348037471837,4.424997035455947,74.71469228032728,312,217,16,0,0,/home/bradley/.codex/worktrees/maxima-growth-policy/glob2/artifacts/maxima-historical-validation/duels/strange2-warrush-9513-0-latest,512,512,512,,,,,,1024,512,698,,
duels,balanced_for_2.map.gz,warrush,9502,1,historical,0,33090,won,True,False,262,100.56095497129041,75.69038984587489,16.647960108794198,2.2031429434874585,6.447204593532789,1.8347537020247808,1,249,63,35,292,/home/bradley/.codex/worktrees/maxima-growth-policy/glob2/artifacts/maxima-historical-validation/duels/balanced_for_2-warrush-9502-1-historical,12288,19968,10752,14848,13824,17408,4608,5120,1536,1024,1905,,
duels,balanced_for_2.map.gz,warrush,9502,1,latest,0,27010,won,True,False,122,58.41680858941133,37.0863754165124,14.026990003702332,1.8769344687152907,5.602221399481674,1.4596075527582377,0,108,30,9,170,/home/bradley/.codex/worktrees/maxima-growth-policy/glob2/artifacts/maxima-historical-validation/duels/balanced_for_2-warrush-9502-1-latest,8704,25088,15360,22016,14336,16896,5120,5632,1024,1024,2114,,
duels,Mazury.map.gz,cortex,9520,1,historical,0,29410,lost,False,False,6,39.97273036382183,28.454845290717444,6.97514450867052,2.0716763005780345,3.0281536892213534,7.218633117987079,47,108,21,0,45,/home/bradley/.codex/worktrees/maxima-growth-policy/glob2/artifacts/maxima-historical-validation/duels/Mazury-cortex-9520-1-historical,11776,,2048,7168,12288,,6144,8192,7680,512,,,
duels,Mazury.map.gz,cortex,9520,1,latest,0,58274,won,True,False,432,189.16799945087004,113.3028623399801,64.1732505062292,3.4839551086247726,14.598894875930947,16.77883790369633,26,274,60,30,253,/home/bradley/.codex/worktrees/maxima-growth-policy/glob2/artifacts/maxima-historical-validation/duels/Mazury-cortex-9520-1-latest,10752,22528,5632,9728,12800,17920,6144,7680,4096,512,2305,,
duels,Muka.map.gz,castor,9512,0,historical,0,24482,won,True,False,75,42.659464096070586,25.83485826321379,10.003431092231027,1.7347438934727555,3.998937995261825,2.5646597500204233,4,56,24,5,81,/home/bradley/.codex/worktrees/maxima-growth-policy/glob2/artifacts/maxima-historical-validation/duels/Muka-castor-9512-0-historical,12288,,3584,7680,10240,13312,8192,7680,9728,1024,3480,,
duels,Muka.map.gz,castor,9512,0,latest,0,32194,won,True,False,59,35.02630925017084,19.56050816922408,9.056159532832204,1.7575945828415234,5.026029694974219,1.1571100205007143,0,40,19,9,107,/home/bradley/.codex/worktrees/maxima-growth-policy/glob2/artifacts/maxima-historical-validation/duels/Muka-castor-9512-0-latest,22016,,19968,,15872,19968,8192,11776,13824,1024,3672,,
duels,strange2.map.gz,castor,9523,1,historical,0,27330,lost,False,False,0,150.8835711672155,143.03402854006586,6.107281375777534,8.24807903402854,0.9906330040248811,71.82612513721186,498,370,16,0,6,/home/bradley/.codex/worktrees/maxima-growth-policy/glob2/artifacts/maxima-historical-validation/duels/strange2-castor-9523-1-historical,512,512,512,,,,2560,1024,1024,512,,,
duels,strange2.map.gz,castor,9523,1,latest,0,40546,won,True,False,0,113.90124796527401,109.24165145760371,3.093770038968086,8.943175652345484,13.469639421891186,45.34582942830365,431,304,22,0,8,/home/bradley/.codex/worktrees/maxima-growth-policy/glob2/artifacts/maxima-historical-validation/duels/strange2-castor-9523-1-latest,512,512,512,,,,6656,2048,1024,512,,,
duels,Dejans.map.gz,warrush,9508,1,historical,0,21826,won,True,False,82,49.162787501145424,32.7263813800055,10.66494089617887,1.4869421790525061,4.9534500137450745,1.74195913131128,0,63,25,10,118,/home/bradley/.codex/worktrees/maxima-growth-policy/glob2/artifacts/maxima-historical-validation/duels/Dejans-warrush-9508-1-historical,11264,,6656,10240,11264,14336,4096,6144,3072,512,3528,,
duels,Dejans.map.gz,warrush,9508,1,latest,0,21474,won,True,False,63,33.18669088199683,18.850004656794262,10.331051504144547,2.1774238614138026,3.877991990313868,0.6675980255192325,1,45,21,0,48,/home/bradley/.codex/worktrees/maxima-growth-policy/glob2/artifacts/maxima-historical-validation/duels/Dejans-warrush-9508-1-latest,18432,,2560,16896,18944,,4096,6656,2048,512,1481,,
duels,Mazury.map.gz,castor,9518,0,historical,0,40290,won,True,False,365,103.21650533631174,71.37029039463887,18.66200049640109,3.1026061057334324,7.70608091337801,7.574137503102507,11,344,47,20,224,/home/bradley/.codex/worktrees/maxima-growth-policy/glob2/artifacts/maxima-historical-validation/duels/Mazury-castor-9518-0-historical,12288,27136,7168,11776,12288,20992,4608,4096,4608,512,6778,38047,
duels,Mazury.map.gz,castor,9518,0,latest,0,21762,won,True,False,147,65.60729712342615,47.01727782372944,11.466087675765095,2.3766197959746345,7.318353092546641,2.4707287933094384,1,106,29,7,94,/home/bradley/.codex/worktrees/maxima-growth-policy/glob2/artifacts/maxima-historical-validation/duels/Mazury-castor-9518-0-latest,8704,16896,4608,11776,8704,11776,5120,4608,4096,512,,,
duels,balanced_for_2.map.gz,warrush,9503,1,historical,0,37666,won,True,False,203,104.75542929963362,76.98932724472999,18.968672011894014,1.6746668082620932,6.480273987150215,1.9184410343545903,0,181,40,41,386,/home/bradley/.codex/worktrees/maxima-growth-policy/glob2/artifacts/maxima-historical-validation/duels/balanced_for_2-warrush-9503-1-historical,10240,18432,13824,16896,13312,15360,4608,6144,1024,1024,5397,26117,
duels,balanced_for_2.map.gz,warrush,9503,1,latest,0,58050,won,True,False,174,122.82919896640827,92.87409130060293,21.3056330749354,2.361619293712317,10.15235142118863,7.343841515934539,27,203,53,18,479,/home/bradley/.codex/worktrees/maxima-growth-policy/glob2/artifacts/maxima-historical-validation/duels/balanced_for_2-warrush-9503-1-latest,10240,19968,13312,17920,11264,16896,5632,5120,1024,1024,3126,,
duels,Muka.map.gz,castor,9514,1,historical,0,52962,won,True,False,231,69.00390846267135,43.155602129828935,19.6725199199426,2.771685359314225,5.269853857482723,2.1399116347569955,0,267,44,34,336,/home/bradley/.codex/worktrees/maxima-growth-policy/glob2/artifacts/maxima-historical-validation/duels/Muka-castor-9514-1-historical,24576,43520,3584,14336,13824,16384,10752,9728,10240,1024,,,
duels,Muka.map.gz,castor,9514,1,latest,0,45442,won,True,False,211,61.64726464504203,39.186919589806784,13.332401742881036,2.9775538048501384,7.2935610228423045,1.5943840499977995,1,163,39,24,224,/home/bradley/.codex/worktrees/maxima-growth-policy/glob2/artifacts/maxima-historical-validation/duels/Muka-castor-9514-1-latest,24064,37376,10240,16896,15360,17920,11264,10752,7168,1024,4927,,
duels,Muka.map.gz,castor,9511,1,historical,0,26594,won,True,False,63,35.28607956681958,23.40212077912311,8.029480333909904,1.9122358426712793,3.3624125742648716,2.102504324283673,1,45,20,7,53,/home/bradley/.codex/worktrees/maxima-growth-policy/glob2/artifacts/maxima-historical-validation/duels/Muka-castor-9511-1-historical,20480,,14336,18944,13824,18432,10240,9216,8192,1024,11474,,
duels,Muka.map.gz,castor,9511,1,latest,0,29122,won,True,False,100,43.30166197376554,26.704656273607583,9.1572007417073,2.2000549412815054,5.242153698235011,1.9690955291532175,1,60,22,6,88,/home/bradley/.codex/worktrees/maxima-growth-policy/glob2/artifacts/maxima-historical-validation/duels/Muka-castor-9511-1-latest,17408,,10240,15360,15360,18944,10752,13312,6656,1024,3711,,
duels,balanced_for_2.map.gz,warrush,9518,1,historical,0,40706,won,True,False,198,98.58662113693313,70.47130644131086,17.485432123028545,1.5095071979560752,6.918439542082249,1.4717732029676214,0,193,41,44,417,/home/bradley/.codex/worktrees/maxima-growth-policy/glob2/artifacts/maxima-historical-validation/duels/balanced_for_2-warrush-9518-1-historical,10240,19968,12288,16384,12288,15360,5120,7168,1536,1024,674,22195,
duels,balanced_for_2.map.gz,warrush,9518,1,latest,0,35650,won,True,False,240,88.15643758765778,58.76272089761571,19.615792426367463,1.9444039270687237,7.054417952314165,1.5098457223001402,0,217,49,20,266,/home/bradley/.codex/worktrees/maxima-growth-policy/glob2/artifacts/maxima-historical-validation/duels/balanced_for_2-warrush-9518-1-latest,9728,23552,16896,24576,13824,16896,5120,5120,1024,1024,675,,
duels,balanced_for_2.map.gz,warrush,9503,0,historical,0,36418,won,True,False,202,83.87643473007853,54.43818990609039,17.751441594815752,1.9526058542478995,6.390466252951837,1.3392278543577352,0,208,36,26,333,/home/bradley/.codex/worktrees/maxima-growth-policy/glob2/artifacts/maxima-historical-validation/duels/balanced_for_2-warrush-9503-0-historical,8704,26112,12288,18944,10240,13824,4608,4096,1024,512,635,,
duels,balanced_for_2.map.gz,warrush,9503,0,latest,0,26498,won,True,False,228,89.34112008453468,65.69767529624878,15.266510680051324,2.5508340252094497,7.232621329911692,1.6620122273379123,0,216,38,12,213,/home/bradley/.codex/worktrees/maxima-growth-policy/glob2/artifacts/maxima-historical-validation/duels/balanced_for_2-warrush-9503-0-latest,8704,17408,10240,13824,9728,13824,4608,5120,1024,512,639,,
duels,strange2.map.gz,cortex,9508,1,historical,0,17026,lost,False,False,0,170.91606954070247,157.32368142840363,11.276870668389522,5.7288852343474685,0.541289792082697,79.9230588511688,346,280,13,0,9,/home/bradley/.codex/worktrees/maxima-growth-policy/glob2/artifacts/maxima-historical-validation/duels/strange2-cortex-9508-1-historical,512,512,512,,,,2048,1024,2048,512,736,,
duels,strange2.map.gz,cortex,9508,1,latest,0,10018,lost,False,False,114,254.68317029347176,236.50069874226392,13.020562986624077,8.047714114593731,3.9421042124176484,99.98941904571771,226,268,16,0,3,/home/bradley/.codex/worktrees/maxima-growth-policy/glob2/artifacts/maxima-historical-validation/duels/strange2-cortex-9508-1-latest,512,512,512,,,,3584,2560,1024,512,734,,
duels,Muka.map.gz,cortex,9511,1,historical,0,27586,lost,False,False,8,34.92739070543029,22.575328064960487,8.35909519321395,1.4848111360835206,3.1181033857753935,2.782063365475241,11,39,20,5,56,/home/bradley/.codex/worktrees/maxima-growth-policy/glob2/artifacts/maxima-historical-validation/duels/Muka-cortex-9511-1-historical,17920,,3584,10240,12800,16896,6144,8192,6656,1024,3928,,
duels,Muka.map.gz,cortex,9511,1,latest,0,37762,won,True,False,232,76.50638207722048,48.158095439860176,20.725411789629785,2.15602987129919,8.41427890471903,4.074890101159896,3,112,37,18,173,/home/bradley/.codex/worktrees/maxima-growth-policy/glob2/artifacts/maxima-historical-validation/duels/Muka-cortex-9511-1-latest,17408,25600,14848,19456,13312,17408,8192,10240,12800,1024,3718,,
duels,strange2.map.gz,cortex,9515,1,historical,0,17698,won,True,False,1,159.31218216747655,141.75177986213131,15.217086676460617,6.430105096621087,0.7251666855011866,72.99378460843033,345,269,15,0,13,/home/bradley/.codex/worktrees/maxima-growth-policy/glob2/artifacts/maxima-historical-validation/duels/strange2-cortex-9515-1-historical,512,512,512,,,,2048,1024,1024,512,734,,
duels,strange2.map.gz,cortex,9515,1,latest,0,18434,lost,False,False,0,167.8706737550179,154.28881414777044,11.470977541499403,5.027449278507106,5.41651296517305,68.82586524899642,326,260,21,0,6,/home/bradley/.codex/worktrees/maxima-growth-policy/glob2/artifacts/maxima-historical-validation/duels/strange2-cortex-9515-1-latest,512,512,512,,,,3072,2048,2560,512,,,
duels,balanced_for_2.map.gz,cortex,9503,1,historical,0,52098,lost,False,False,7,51.79321663019694,30.091078352335984,15.135840147414488,1.5625935736496603,4.137433298783063,2.653614342201236,5,73,30,19,215,/home/bradley/.codex/worktrees/maxima-growth-policy/glob2/artifacts/maxima-historical-validation/duels/balanced_for_2-cortex-9503-1-historical,9728,,18432,,10752,14336,4608,5632,2560,1024,4757,,
duels,balanced_for_2.map.gz,cortex,9503,1,latest,0,11490,lost,False,False,10,16.627067014795475,9.699129677980853,3.774586597040905,0.9777197563098347,2.0,0.8440382941688425,1,21,6,0,5,/home/bradley/.codex/worktrees/maxima-growth-policy/glob2/artifacts/maxima-historical-validation/duels/balanced_for_2-cortex-9503-1-latest,,,,,,,5120,,1536,1024,4132,,
duels,SmallForTwo.map.gz,cortex,9511,0,historical,0,28226,won,True,False,127,65.58938567278396,36.20647629844824,25.45079005172536,0.9909303479061858,4.607950116913484,3.8455324877772266,1,84,35,9,140,/home/bradley/.codex/worktrees/maxima-growth-policy/glob2/artifacts/maxima-historical-validation/duels/SmallForTwo-cortex-9511-0-historical,11776,19968,,,13824,17408,4608,9216,2560,1024,4075,,
duels,SmallForTwo.map.gz,cortex,9511,0,latest,0,20578,won,True,False,124,56.47312664010108,31.788706385460202,20.458645155019923,0.9875595295947128,5.506074448440081,4.374769170959277,5,66,21,0,49,/home/bradley/.codex/worktrees/maxima-growth-policy/glob2/artifacts/maxima-historical-validation/duels/SmallForTwo-cortex-9511-0-latest,10752,16384,,,18944,,7680,8704,4608,1024,7547,,
duels,balanced_for_2.map.gz,castor,9517,0,historical,0,24578,won,True,False,131,72.4735128977134,51.503783871755225,13.084221661648629,1.906339002359834,5.19822605582228,0.9790869883635772,0,110,27,18,232,/home/bradley/.codex/worktrees/maxima-growth-policy/glob2/artifacts/maxima-historical-validation/duels/balanced_for_2-castor-9517-0-historical,8192,17408,11264,20992,9728,12288,3072,3584,1024,512,635,,
duels,balanced_for_2.map.gz,castor,9517,0,latest,0,21410,won,True,False,176,70.24567958897711,51.700513778608126,11.78113031293788,2.453152732368052,5.878000934142924,1.22718355908454,0,147,32,9,156,/home/bradley/.codex/worktrees/maxima-growth-policy/glob2/artifacts/maxima-historical-validation/duels/balanced_for_2-castor-9517-0-latest,7680,16896,10240,15360,8192,11264,4096,4608,2048,512,639,,
duels,Muka.map.gz,castor,9513,1,historical,0,29378,lost,False,False,4,23.1882360950371,15.694192933487644,4.827558036626047,1.44652461025257,2.6796922867451833,0.8148955000340391,2,45,17,2,27,/home/bradley/.codex/worktrees/maxima-growth-policy/glob2/artifacts/maxima-historical-validation/duels/Muka-castor-9513-1-historical,,,3584,16384,17920,21504,9728,8704,7680,1024,,,
duels,Muka.map.gz,castor,9513,1,latest,0,48802,won,True,False,125,50.45022744969469,33.20900782754805,11.68591451170034,2.080078685299783,6.65218638580386,2.471046268595549,0,95,39,15,213,/home/bradley/.codex/worktrees/maxima-growth-policy/glob2/artifacts/maxima-historical-validation/duels/Muka-castor-9513-1-latest,24576,43520,19456,29696,16896,21504,11776,12288,6656,1024,12859,,
duels,strange2.map.gz,warrush,9507,1,historical,0,21826,won,True,False,0,120.43471089526253,112.36506918354256,6.21643910931916,8.298909557408596,0.9882708696050582,58.78640153944836,335,228,11,0,6,/home/bradley/.codex/worktrees/maxima-growth-policy/glob2/artifacts/maxima-historical-validation/duels/strange2-warrush-9507-1-historical,512,512,512,,,,2048,1024,1024,512,731,,
duels,strange2.map.gz,warrush,9507,1,latest,0,16930,won,True,False,2,175.13644418192558,154.87418783225044,17.933608978145305,8.090726520968694,8.18145304193739,75.91187241582989,311,208,21,0,13,/home/bradley/.codex/worktrees/maxima-growth-policy/glob2/artifacts/maxima-historical-validation/duels/strange2-warrush-9507-1-latest,512,512,512,,,,3072,2048,1024,512,733,,
duels,strange2.map.gz,castor,9506,0,historical,0,49186,won,True,False,0,80.34025942341317,76.02033098849266,3.362257552962225,5.897653803927947,0.9947952669458789,38.088236490058144,479,352,16,0,9,/home/bradley/.codex/worktrees/maxima-growth-policy/glob2/artifacts/maxima-historical-validation/duels/strange2-castor-9506-0-historical,512,512,512,,,,4608,1536,3584,512,,,
duels,strange2.map.gz,castor,9506,0,latest,0,47938,won,True,False,0,86.04180399682924,82.38908590262422,2.5846718678292793,8.073386457507613,5.914556301889941,37.97972380992115,438,310,15,0,0,/home/bradley/.codex/worktrees/maxima-growth-policy/glob2/artifacts/maxima-historical-validation/duels/strange2-castor-9506-0-latest,512,512,512,,,,,,1024,512,,,
duels,SmallForTwo.map.gz,warrush,9523,1,historical,0,35074,won,True,False,156,84.05514055995894,61.874978616639105,17.114130124878827,1.2409191994069682,6.14626218851571,5.445458174146091,2,142,33,13,205,/home/bradley/.codex/worktrees/maxima-growth-policy/glob2/artifacts/maxima-historical-validation/duels/SmallForTwo-warrush-9523-1-historical,9728,19456,19968,35074,11776,14848,4608,5120,3584,512,4347,,
duels,SmallForTwo.map.gz,warrush,9523,1,latest,0,60000,unresolved,False,True,97,69.416,49.7472,12.906133333333333,0.9957333333333334,7.3002666666666665,5.3024,6,70,26,4,63,/home/bradley/.codex/worktrees/maxima-growth-policy/glob2/artifacts/maxima-historical-validation/duels/SmallForTwo-warrush-9523-1-latest,8704,,,,11264,15872,4608,5120,4096,512,5176,30687,
duels,Muka.map.gz,castor,9516,0,historical,0,43490,won,True,False,210,72.0706599218211,46.51271556679696,20.355323062773053,2.2105311565877215,6.424879282593699,2.7205794435502413,5,218,45,24,282,/home/bradley/.codex/worktrees/maxima-growth-policy/glob2/artifacts/maxima-historical-validation/duels/Muka-castor-9516-0-historical,18944,32256,14336,17920,13312,18432,6656,5632,9216,1024,21243,,
duels,Muka.map.gz,castor,9516,0,latest,0,28482,won,True,False,98,42.352152236500245,24.574432975212414,10.889930482409943,1.9843409872902185,5.094796713713925,1.681061723193596,1,76,29,4,57,/home/bradley/.codex/worktrees/maxima-growth-policy/glob2/artifacts/maxima-historical-validation/duels/Muka-castor-9516-0-latest,17408,,3584,11264,15872,20992,14336,13824,11264,1024,9347,,19629
duels,strange2.map.gz,castor,9511,1,historical,0,25090,won,True,False,0,162.06871263451575,152.60007971303307,6.938222399362296,8.734635312873655,0.9897967317656436,76.74898365882822,495,367,13,0,7,/home/bradley/.codex/worktrees/maxima-growth-policy/glob2/artifacts/maxima-historical-validation/duels/strange2-castor-9511-1-historical,512,512,512,,,,1536,512,1024,512,,,
duels,strange2.map.gz,castor,9511,1,latest,0,41730,won,True,False,0,108.81687035705727,104.25267193865325,2.981452192667146,8.944787922358016,12.56443805415768,43.175844716031634,433,305,19,0,6,/home/bradley/.codex/worktrees/maxima-growth-policy/glob2/artifacts/maxima-historical-validation/duels/strange2-castor-9511-1-latest,512,512,512,,,,4096,1536,1024,512,,,
duels,strange2.map.gz,cortex,9522,0,historical,0,11554,lost,False,False,36,214.83070797992036,194.78327851826208,15.704691016098321,5.542149904794877,0.398822918469794,90.99913449887485,275,262,17,0,4,/home/bradley/.codex/worktrees/maxima-growth-policy/glob2/artifacts/maxima-historical-validation/duels/strange2-cortex-9522-0-historical,512,512,512,,,,4096,1536,1024,512,,,
duels,strange2.map.gz,cortex,9522,0,latest,0,10946,lost,False,False,83,232.77452950849624,221.23807783665265,7.092819294719532,5.601680979353189,2.479079115658688,95.61867348803216,239,260,16,0,0,/home/bradley/.codex/worktrees/maxima-growth-policy/glob2/artifacts/maxima-historical-validation/duels/strange2-cortex-9522-0-latest,512,512,512,,,,,4608,1024,512,,,
duels,balanced_for_2.map.gz,warrush,9501,1,historical,0,31490,won,True,False,178,75.40892346776755,52.69174341060654,14.700222292791363,1.5122261035249285,5.658939345824071,1.3008574150523975,0,158,38,24,245,/home/bradley/.codex/worktrees/maxima-growth-policy/glob2/artifacts/maxima-historical-validation/duels/balanced_for_2-warrush-9501-1-historical,10752,23040,15360,20992,13312,15872,4608,7168,1024,1024,673,,
duels,balanced_for_2.map.gz,warrush,9501,1,latest,0,24834,won,True,False,74,42.821977933478294,24.60501731497141,10.794153177095916,1.505355560924539,4.412498993315616,1.1754046871224935,0,75,23,5,61,/home/bradley/.codex/worktrees/maxima-growth-policy/glob2/artifacts/maxima-historical-validation/duels/balanced_for_2-warrush-9501-1-latest,14336,,18944,22528,18432,20992,4096,5120,1024,1024,2728,,
duels,Mazury.map.gz,castor,9507,1,historical,0,37602,won,True,False,396,103.9298175628956,79.5140418062869,18.077761821179724,3.682836019360672,7.483431732354662,6.281953087601723,5,388,60,17,236,/home/bradley/.codex/worktrees/maxima-growth-policy/glob2/artifacts/maxima-historical-validation/duels/Mazury-castor-9507-1-historical,13824,26112,2560,7168,12800,18432,6656,7168,5120,512,4346,,34411
duels,Mazury.map.gz,castor,9507,1,latest,0,37410,won,True,False,286,90.43726276396686,66.65453087409783,14.051002405773858,3.2842020850040097,9.752686447473938,3.7417802726543705,4,254,45,13,120,/home/bradley/.codex/worktrees/maxima-growth-policy/glob2/artifacts/maxima-historical-validation/duels/Mazury-castor-9507-1-latest,16384,25088,3072,7168,17920,25088,8704,22528,2560,512,1900,,
duels,Muka.map.gz,warrush,9506,1,historical,0,9826,lost,False,False,2,6.898025646244657,4.813759413800122,0.2605332790555669,0.7815998371667006,1.3026663952778343,0.8697333604722166,4,3,5,0,2,/home/bradley/.codex/worktrees/maxima-growth-policy/glob2/artifacts/maxima-historical-validation/duels/Muka-warrush-9506-1-historical,,,,,,,9728,,2048,1024,3520,,
duels,Muka.map.gz,warrush,9506,1,latest,0,6594,lost,False,False,7,8.431756141947226,5.374127995147103,0.4658780709736124,0.8058841370943282,1.9517743403093721,2.088262056414923,3,3,3,0,0,/home/bradley/.codex/worktrees/maxima-growth-policy/glob2/artifacts/maxima-historical-validation/duels/Muka-warrush-9506-1-latest,,,,,,,,,1536,1024,3519,,
duels,Dejans.map.gz,warrush,9523,0,historical,0,15202,won,True,False,53,31.112090514406,19.037231943165374,8.151361662939086,0.9831601105117748,3.063412708854098,0.4715169056703065,1,44,16,0,38,/home/bradley/.codex/worktrees/maxima-growth-policy/glob2/artifacts/maxima-historical-validation/duels/Dejans-warrush-9523-0-historical,,,,,13312,,3072,5632,3072,512,3490,,
duels,Dejans.map.gz,warrush,9523,0,latest,0,17538,won,True,False,58,37.31252138214163,23.05234348272323,9.091971718553998,0.985403124643631,4.788687421598814,0.7590375185311894,0,41,19,1,45,/home/bradley/.codex/worktrees/maxima-growth-policy/glob2/artifacts/maxima-historical-validation/duels/Dejans-warrush-9523-0-latest,13824,,,,11776,16896,3072,5632,2048,512,3501,12738,
duels,strange2.map.gz,cortex,9511,0,historical,0,11170,lost,False,False,38,213.9053715308863,189.95640107430617,20.14449418084154,5.17958818263205,0.27502238137869295,95.63921217547,253,245,18,0,9,/home/bradley/.codex/worktrees/maxima-growth-policy/glob2/artifacts/maxima-historical-validation/duels/strange2-cortex-9511-0-historical,512,512,512,,,,2560,2048,1024,512,,,
duels,strange2.map.gz,cortex,9511,0,latest,0,12258,lost,False,False,20,199.1334638603361,184.83627019089573,9.827949094468918,5.596997878936205,2.5478870941426006,79.91842062326644,254,242,19,0,2,/home/bradley/.codex/worktrees/maxima-growth-policy/glob2/artifacts/maxima-historical-validation/duels/strange2-cortex-9511-0-latest,512,512,512,,,,9216,3072,1024,512,,,
duels,Dejans.map.gz,castor,9517,1,historical,0,9506,won,True,False,43,20.775299810645908,14.135388175888913,4.18304228908058,1.4578161161371765,1.9497159688617716,0.32674100568062275,0,32,9,0,18,/home/bradley/.codex/worktrees/maxima-growth-policy/glob2/artifacts/maxima-historical-validation/duels/Dejans-castor-9517-1-historical,,,3584,7680,,,4096,7168,,512,3730,,
duels,Dejans.map.gz,castor,9517,1,latest,0,8450,won,True,False,37,18.73112426035503,13.699644970414202,3.394792899408284,1.6364497041420119,2.4246153846153846,0.18201183431952664,0,27,8,0,15,/home/bradley/.codex/worktrees/maxima-growth-policy/glob2/artifacts/maxima-historical-validation/duels/Dejans-castor-9517-1-latest,,,3072,,,,4096,5632,6656,512,3324,,
duels,Muka.map.gz,cortex,9503,0,historical,0,26786,lost,False,False,4,29.823639214515044,17.4756962592399,7.320839244381394,1.165982229522885,2.962741730754872,2.542223549615471,14,52,16,4,38,/home/bradley/.codex/worktrees/maxima-growth-policy/glob2/artifacts/maxima-historical-validation/duels/Muka-cortex-9503-0-historical,14336,,11776,15360,11264,14848,8192,7680,11776,1024,,,
duels,Muka.map.gz,cortex,9503,0,latest,0,58114,won,True,False,193,81.19983136593592,48.297002443473176,22.320594004886946,2.2114808824035515,8.520150049901916,3.9736036067040645,5,148,49,29,358,/home/bradley/.codex/worktrees/maxima-growth-policy/glob2/artifacts/maxima-historical-validation/duels/Muka-cortex-9503-0-latest,18944,33280,16384,18944,14848,18944,9728,9216,14848,1024,3675,,
duels,Mazury.map.gz,warrush,9513,0,historical,0,36962,lost,False,False,4,27.10524322276933,16.48498457875656,9.33201666576484,2.1470699637465507,2.3825550565445592,6.585033277420053,47,95,22,0,59,/home/bradley/.codex/worktrees/maxima-growth-policy/glob2/artifacts/maxima-historical-validation/duels/Mazury-warrush-9513-0-historical,,,7680,12800,12288,,4608,5120,3584,512,1653,,
duels,Mazury.map.gz,warrush,9513,0,latest,0,47458,won,True,False,572,154.97690589573938,118.35406043238231,23.519259134392517,3.6974588056808124,12.218972565215559,11.006447806481521,22,545,86,24,291,/home/bradley/.codex/worktrees/maxima-growth-policy/glob2/artifacts/maxima-historical-validation/duels/Mazury-warrush-9513-0-latest,11264,25600,12800,20480,11264,16384,4096,5632,2560,512,1660,,44330
duels,balanced_for_2.map.gz,warrush,9510,1,historical,0,28386,won,True,False,116,63.367857394490244,41.86673007820757,13.732685126470795,1.7103501726203059,4.968716973155781,1.4567744662861974,0,106,29,19,225,/home/bradley/.codex/worktrees/maxima-growth-policy/glob2/artifacts/maxima-historical-validation/duels/balanced_for_2-warrush-9510-1-historical,9728,24064,12288,17920,11776,14336,4608,5120,1024,1024,2929,21024,
duels,balanced_for_2.map.gz,warrush,9510,1,latest,0,43586,won,True,False,205,130.09594824026064,99.09406690221631,22.805212682971597,2.496397925939522,10.87702473271234,5.110264763915018,5,168,45,27,453,/home/bradley/.codex/worktrees/maxima-growth-policy/glob2/artifacts/maxima-historical-validation/duels/balanced_for_2-warrush-9510-1-latest,9216,17408,10752,14848,8704,14336,4608,5120,1024,1024,5601,36429,
duels,balanced_for_2.map.gz,warrush,9523,0,historical,0,26530,won,True,False,136,56.439464756879005,37.054052016585,12.498643045608745,1.755220505088579,4.416509611760271,0.6561628345269506,0,131,28,12,180,/home/bradley/.codex/worktrees/maxima-growth-policy/glob2/artifacts/maxima-historical-validation/duels/balanced_for_2-warrush-9523-0-historical,12288,23040,13824,16896,13824,16384,6144,5120,1024,512,635,,
duels,balanced_for_2.map.gz,warrush,9523,0,latest,0,36546,won,True,False,186,70.15780112734636,44.65744541126252,17.47742571006403,2.0386362392601107,5.846330651781317,1.7040989437968588,0,179,40,12,226,/home/bradley/.codex/worktrees/maxima-growth-policy/glob2/artifacts/maxima-historical-validation/duels/balanced_for_2-warrush-9523-0-latest,12288,27648,17920,22016,18432,21504,5120,6144,1024,512,639,,
duels,Mazury.map.gz,cortex,9516,0,historical,0,42370,lost,False,False,2,35.2537408543781,20.665258437573755,11.446636771300449,1.6434269530328063,3.338258201557706,4.32914798206278,23,88,31,6,67,/home/bradley/.codex/worktrees/maxima-growth-policy/glob2/artifacts/maxima-historical-validation/duels/Mazury-cortex-9516-0-historical,16896,,6656,10752,12288,22528,3584,4608,8704,512,6782,,
duels,Mazury.map.gz,cortex,9516,0,latest,0,26914,lost,False,False,15,43.98744148027049,29.043843352901835,9.031730697778109,1.6550494166604741,3.770454038790221,5.473656832875084,21,77,23,1,44,/home/bradley/.codex/worktrees/maxima-growth-policy/glob2/artifacts/maxima-historical-validation/duels/Mazury-cortex-9516-0-latest,12800,,2560,4608,16384,24064,4608,,6144,512,4530,,
duels,strange2.map.gz,warrush,9521,0,historical,0,19298,won,True,False,0,130.82557778008083,118.5946730231112,10.241061249870453,6.445952948492072,0.39796870141983626,63.72805472069645,311,211,16,0,4,/home/bradley/.codex/worktrees/maxima-growth-policy/glob2/artifacts/maxima-historical-validation/duels/strange2-warrush-9521-0-historical,512,512,512,,,,3072,2048,1024,512,915,,
duels,strange2.map.gz,warrush,9521,0,latest,0,17122,won,True,False,0,148.91718257212943,143.32531246349726,3.4388506015652376,7.4335942062843126,1.375540240626095,69.58439434645486,315,213,17,0,0,/home/bradley/.codex/worktrees/maxima-growth-policy/glob2/artifacts/maxima-historical-validation/duels/strange2-warrush-9521-0-latest,512,512,512,,,,,4096,1024,512,1134,,
duels,Dejans.map.gz,cortex,9502,1,historical,0,30082,won,True,False,120,65.46954989694834,41.806528821221995,14.732664051592314,1.5744963765707067,5.638521374908583,2.1958646366597967,2,90,29,14,201,/home/bradley/.codex/worktrees/maxima-growth-policy/glob2/artifacts/maxima-historical-validation/duels/Dejans-cortex-9502-1-historical,9728,25088,11776,27648,10240,12800,3584,5632,4608,512,4137,,
duels,Dejans.map.gz,cortex,9502,1,latest,0,28098,won,True,False,96,58.902341803687094,40.08701686952808,11.082568154317034,2.596910812157449,7.196312904833084,1.234678624813154,2,56,26,15,161,/home/bradley/.codex/worktrees/maxima-growth-policy/glob2/artifacts/maxima-historical-validation/duels/Dejans-cortex-9502-1-latest,10752,,2560,11776,11776,12288,5632,6656,4608,512,3523,15343,
duels,SmallForTwo.map.gz,castor,9503,0,historical,0,20802,won,True,False,100,44.24060186520527,31.359340448033844,9.518027112777618,1.2369964426497453,4.135756177290645,0.9448129987501201,1,83,25,4,80,/home/bradley/.codex/worktrees/maxima-growth-policy/glob2/artifacts/maxima-historical-validation/duels/SmallForTwo-castor-9503-0-historical,12288,,15872,20480,14336,16384,5632,8192,2048,512,9578,,
duels,SmallForTwo.map.gz,castor,9503,0,latest,0,19618,won,True,False,128,49.809613620144766,36.38428993781221,9.565399123254155,1.3997349373024772,5.257008869405648,1.3001325313487613,0,105,28,3,58,/home/bradley/.codex/worktrees/maxima-growth-policy/glob2/artifacts/maxima-historical-validation/duels/SmallForTwo-castor-9503-0-latest,11264,17408,11776,14336,13312,15360,8192,7680,2560,512,7550,,
duels,Muka.map.gz,warrush,9513,0,historical,0,15970,won,True,False,33,19.179023168440825,12.594113963681904,4.274201628052599,0.9839699436443331,2.044333124608641,1.8915466499686913,6,25,10,0,17,/home/bradley/.codex/worktrees/maxima-growth-policy/glob2/artifacts/maxima-historical-validation/duels/Muka-warrush-9513-0-historical,,,,,,,10240,12800,1024,1024,4494,,
duels,Muka.map.gz,warrush,9513,0,latest,0,8546,lost,False,False,3,6.4448864966066,4.108354785864732,0.8387549730868242,0.7788439035806225,1.7004446524689913,1.8202667914813948,4,4,4,0,0,/home/bradley/.codex/worktrees/maxima-growth-policy/glob2/artifacts/maxima-historical-validation/duels/Muka-warrush-9513-0-latest,,,,,,,,,1024,1024,4307,,
duels,balanced_for_2.map.gz,castor,9512,0,historical,0,19426,won,True,False,111,56.643724904766806,39.84597961494904,9.893081437249048,1.5519406980335633,4.520951302378256,1.1333264696798107,0,88,25,10,153,/home/bradley/.codex/worktrees/maxima-growth-policy/glob2/artifacts/maxima-historical-validation/duels/balanced_for_2-castor-9512-0-historical,8704,18432,10752,13824,10752,12800,4608,4096,2048,512,4713,,18326
duels,balanced_for_2.map.gz,castor,9512,0,latest,0,17378,won,True,False,123,55.66854643802509,39.04108643111981,9.396938658073426,2.3041776959373923,4.742663137300035,0.9852687305788929,0,96,27,3,104,/home/bradley/.codex/worktrees/maxima-growth-policy/glob2/artifacts/maxima-historical-validation/duels/balanced_for_2-castor-9512-0-latest,7680,15360,9216,12800,8704,11776,4608,5120,1024,512,5118,,
duels,Muka.map.gz,warrush,9502,0,historical,0,16962,won,True,False,66,32.839700507015685,21.91911331210942,7.519926895413277,1.0642612899422237,3.2229689895059543,1.1168494281334749,2,52,19,2,50,/home/bradley/.codex/worktrees/maxima-growth-policy/glob2/artifacts/maxima-historical-validation/duels/Muka-warrush-9502-0-historical,12800,,7680,,10752,14336,9728,9728,1024,1024,7150,,
duels,Muka.map.gz,warrush,9502,0,latest,0,8482,lost,False,False,3,6.518156095260552,4.103631219052111,0.4829049752416883,0.6680028295213393,1.5130865361942938,1.1549162933270456,5,3,6,0,0,/home/bradley/.codex/worktrees/maxima-growth-policy/glob2/artifacts/maxima-historical-validation/duels/Muka-warrush-9502-0-latest,,,,,,,,,1024,1024,5334,,
duels,balanced_for_2.map.gz,warrush,9511,0,historical,0,45378,won,True,False,128,60.37178809114549,32.63907620432809,18.706069020230068,1.6629644321036625,4.932478293446163,1.3779805191943233,1,146,36,22,311,/home/bradley/.codex/worktrees/maxima-growth-policy/glob2/artifacts/maxima-historical-validation/duels/balanced_for_2-warrush-9511-0-historical,12288,38912,11776,28672,9728,15360,4096,4096,1024,512,635,41843,
duels,balanced_for_2.map.gz,warrush,9511,0,latest,0,53474,won,True,False,238,160.15731009462542,131.4712944608595,17.28133298425403,2.593073269252347,14.244455249280024,4.909039907244642,6,230,50,39,562,/home/bradley/.codex/worktrees/maxima-growth-policy/glob2/artifacts/maxima-historical-validation/duels/balanced_for_2-warrush-9511-0-latest,8192,16896,10752,14848,8704,12800,6144,5120,1024,512,639,,
duels,Dejans.map.gz,warrush,9522,0,historical,0,14786,won,True,False,63,36.49695658054917,24.294400108210468,8.336331665088597,0.9826863249019343,3.2513188150953605,1.5498444474502908,2,47,15,2,51,/home/bradley/.codex/worktrees/maxima-growth-policy/glob2/artifacts/maxima-historical-validation/duels/Dejans-warrush-9522-0-historical,11264,,,,9216,13312,2560,4608,2560,512,2626,,
duels,Dejans.map.gz,warrush,9522,0,latest,0,15138,won,True,False,55,33.986854274012416,22.10192892059717,8.013476020610385,0.9830889153124587,4.550138723741577,1.461091293433743,1,37,18,0,40,/home/bradley/.codex/worktrees/maxima-growth-policy/glob2/artifacts/maxima-historical-validation/duels/Dejans-warrush-9522-0-latest,12800,,,,12288,,3072,5632,2048,512,3691,10474,
duels,Mazury.map.gz,warrush,9522,0,historical,0,18018,won,True,False,54,38.71217671217671,26.415029415029416,8.524475524475525,1.6393606393606395,3.422910422910423,4.207348207348208,5,54,19,1,51,/home/bradley/.codex/worktrees/maxima-growth-policy/glob2/artifacts/maxima-historical-validation/duels/Mazury-warrush-9522-0-historical,10240,,11264,,9728,14336,4608,4608,3072,512,1655,,
duels,Mazury.map.gz,warrush,9522,0,latest,0,23842,won,True,False,136,67.74586863518161,49.3164583508095,11.264071806056538,1.8926264575119538,5.813857897827363,5.291334619578894,3,114,26,0,8,/home/bradley/.codex/worktrees/maxima-growth-policy/glob2/artifacts/maxima-historical-validation/duels/Mazury-warrush-9522-0-latest,8192,19456,2560,5120,23842,,20480,18944,2560,512,4123,,
duels,Dejans.map.gz,castor,9520,0,historical,0,18882,won,True,False,63,41.24123503866116,27.340641881156657,9.076845673127847,0.9864421141828196,3.6512022031564455,2.3693464675352187,3,56,20,4,71,/home/bradley/.codex/worktrees/maxima-growth-policy/glob2/artifacts/maxima-historical-validation/duels/Dejans-castor-9520-0-historical,11264,,,,10752,13824,3072,4608,3584,512,3696,10836,
duels,Dejans.map.gz,castor,9520,0,latest,0,46754,won,True,False,83,52.26620182230398,31.600419215468197,14.218804808144757,2.302605124695213,7.433460238696155,0.4080934251614835,1,82,30,18,223,/home/bradley/.codex/worktrees/maxima-growth-policy/glob2/artifacts/maxima-historical-validation/duels/Dejans-castor-9520-0-latest,17920,,22528,37888,15872,19968,3584,5632,6144,512,4304,,
duels,Mazury.map.gz,castor,9523,0,historical,0,60000,unresolved,False,True,478,139.33093333333332,101.38453333333334,28.484266666666667,3.477333333333333,9.058133333333334,14.847466666666667,72,594,80,31,349,/home/bradley/.codex/worktrees/maxima-growth-policy/glob2/artifacts/maxima-historical-validation/duels/Mazury-castor-9523-0-historical,9728,25088,10752,22016,9728,12800,4096,4608,9728,512,5954,,54525
duels,Mazury.map.gz,castor,9523,0,latest,0,21314,won,True,False,147,62.26592849770104,45.02693065590692,10.959275593506616,2.774889743830346,6.505207844609177,5.002721216102093,5,126,26,4,96,/home/bradley/.codex/worktrees/maxima-growth-policy/glob2/artifacts/maxima-historical-validation/duels/Mazury-castor-9523-0-latest,9728,18432,4608,8192,8192,12800,4096,5120,9728,512,,,
duels,Mazury.map.gz,cortex,9517,1,historical,0,34338,lost,False,False,17,29.69637136699866,16.893179567825733,8.992544702661775,1.8508940532354825,2.8732599452501604,7.149571902848156,48,84,24,0,23,/home/bradley/.codex/worktrees/maxima-growth-policy/glob2/artifacts/maxima-historical-validation/duels/Mazury-cortex-9517-1-historical,15360,,5120,9728,16896,,7680,11264,6656,512,1895,,
duels,Mazury.map.gz,cortex,9517,1,latest,0,38242,won,True,False,343,131.63343967365722,84.93018147586423,38.74399874483552,3.4453741959102557,11.696041002039642,9.506615762773913,2,205,56,21,194,/home/bradley/.codex/worktrees/maxima-growth-policy/glob2/artifacts/maxima-historical-validation/duels/Mazury-cortex-9517-1-latest,11776,18944,4608,8192,12288,16896,6144,7168,4608,512,1696,,
duels,Mazury.map.gz,castor,9506,0,historical,0,48674,lost,False,False,9,98.0587993590007,76.99387763487694,13.75880346797058,2.629740724000493,6.901836709536919,14.047006615441509,89,320,58,17,208,/home/bradley/.codex/worktrees/maxima-growth-policy/glob2/artifacts/maxima-historical-validation/duels/Mazury-castor-9506-0-historical,9728,16896,5632,8192,9728,12800,4096,5120,4608,512,6561,,29084
duels,Mazury.map.gz,castor,9506,0,latest,0,31394,won,True,False,251,106.2786838249347,75.8563419761738,16.389023380263744,3.2438045486398677,11.507421800344014,4.644709180098108,3,192,36,12,199,/home/bradley/.codex/worktrees/maxima-growth-policy/glob2/artifacts/maxima-historical-validation/duels/Mazury-castor-9506-0-latest,8704,13824,5632,8704,7680,10752,4096,4608,4608,512,,,
duels,SmallForTwo.map.gz,castor,9505,1,historical,0,11938,won,True,False,72,35.17364717708159,24.413888423521527,7.410956609147261,1.3995644161501088,3.5553694086111576,0.8577651197855587,0,61,15,0,30,/home/bradley/.codex/worktrees/maxima-growth-policy/glob2/artifacts/maxima-historical-validation/duels/SmallForTwo-castor-9505-1-historical,8704,,7168,,10240,,5120,5120,2560,512,,,
duels,SmallForTwo.map.gz,castor,9505,1,latest,0,4674,won,True,False,20,9.155327342747112,6.660676080445015,1.5900727428326915,0.9452289259734703,1.8904578519469406,0.0,0,16,4,0,2,/home/bradley/.codex/worktrees/maxima-growth-policy/glob2/artifacts/maxima-historical-validation/duels/SmallForTwo-castor-9505-1-latest,,,,,,,4608,,3072,1024,,,
duels,Muka.map.gz,cortex,9514,1,historical,0,44322,won,True,False,117,60.21045981679527,33.94021027931952,20.54519200397094,1.792834258381842,5.239113758404404,3.910653851360498,4,57,33,19,243,/home/bradley/.codex/worktrees/maxima-growth-policy/glob2/artifacts/maxima-historical-validation/duels/Muka-cortex-9514-1-historical,17920,41984,22528,37376,13312,17920,7680,10240,13312,1024,3921,,
duels,Muka.map.gz,cortex,9514,1,latest,0,22914,lost,False,False,2,19.987256698961335,12.702976346338483,3.8208955223880596,0.7373658025661168,2.636641354630357,1.742864624247185,12,30,18,0,23,/home/bradley/.codex/worktrees/maxima-growth-policy/glob2/artifacts/maxima-historical-validation/duels/Muka-cortex-9514-1-latest,,,,,14848,,7680,10240,13312,1024,3510,,
duels,SmallForTwo.map.gz,cortex,9520,0,historical,0,22434,lost,False,False,3,26.99786039047874,14.80342337523402,9.980654363911919,0.5020950343229027,1.962735134171347,3.8258001248105553,16,33,16,0,35,/home/bradley/.codex/worktrees/maxima-growth-policy/glob2/artifacts/maxima-historical-validation/duels/SmallForTwo-cortex-9520-0-historical,11776,,,,,,8704,8192,4608,512,4692,,
duels,SmallForTwo.map.gz,cortex,9520,0,latest,0,24898,won,True,False,119,60.221905373925615,35.11302112619487,19.946702546389268,0.9897180496425416,6.054381878062495,3.046108121134228,0,53,26,3,69,/home/bradley/.codex/worktrees/maxima-growth-policy/glob2/artifacts/maxima-historical-validation/duels/SmallForTwo-cortex-9520-0-latest,11776,17920,,,16384,18944,8704,7680,3584,512,3478,,
duels,strange2.map.gz,cortex,9502,0,historical,0,11970,lost,False,False,16,204.33508771929826,184.19908103592314,15.944193817878029,5.854803675856307,0.4277360066833751,89.94001670843777,278,254,16,0,7,/home/bradley/.codex/worktrees/maxima-growth-policy/glob2/artifacts/maxima-historical-validation/duels/strange2-cortex-9502-0-historical,512,512,512,,,,3072,1536,1024,512,,,
duels,strange2.map.gz,cortex,9502,0,latest,0,9186,lost,False,False,121,238.19867189200957,220.9921619856303,11.199978227737862,5.814718049205313,1.9507946875680384,89.94317439581972,162,247,17,0,1,/home/bradley/.codex/worktrees/maxima-growth-policy/glob2/artifacts/maxima-historical-validation/duels/strange2-cortex-9502-0-latest,512,512,512,,,,4608,3584,1024,512,,,
duels,Dejans.map.gz,cortex,9522,1,historical,0,35714,won,True,False,100,67.000028000224,42.75200201601613,15.348266786134289,2.2473539788318306,5.476843814750518,2.4874278994231953,3,76,28,28,303,/home/bradley/.codex/worktrees/maxima-growth-policy/glob2/artifacts/maxima-historical-validation/duels/Dejans-cortex-9522-1-historical,9728,,4096,7168,10752,13312,3584,5632,8704,512,4341,19693,
duels,Dejans.map.gz,cortex,9522,1,latest,0,34498,won,True,False,108,57.23204243724274,33.02287089106615,16.01397182445359,2.5010145515682067,6.68676445011305,1.4971882427966838,3,79,29,9,149,/home/bradley/.codex/worktrees/maxima-growth-policy/glob2/artifacts/maxima-historical-validation/duels/Dejans-cortex-9522-1-latest,14848,30720,2560,9216,15872,19968,6656,8704,4608,512,3726,,
duels,Mazury.map.gz,warrush,9523,1,historical,0,60000,unresolved,False,True,497,114.27066666666667,78.3256,22.333066666666667,3.2864,8.3584,9.268266666666667,22,506,71,26,317,/home/bradley/.codex/worktrees/maxima-growth-policy/glob2/artifacts/maxima-historical-validation/duels/Mazury-warrush-9523-1-historical,20992,43008,2560,5632,18944,23552,6656,4608,1536,512,10116,,53639
duels,Mazury.map.gz,warrush,9523,1,latest,0,60000,unresolved,False,True,16,82.07866666666666,58.47493333333333,13.610666666666667,1.5274666666666668,6.938133333333333,10.693333333333333,88,136,63,9,139,/home/bradley/.codex/worktrees/maxima-growth-policy/glob2/artifacts/maxima-historical-validation/duels/Mazury-warrush-9523-1-latest,12800,23552,4096,19968,13824,27136,14336,34304,3072,512,2304,,
duels,strange2.map.gz,castor,9514,0,historical,0,60000,unresolved,False,True,0,67.968,64.04266666666666,2.824533333333333,4.818666666666667,0.9957333333333334,32.315733333333334,495,369,16,0,11,/home/bradley/.codex/worktrees/maxima-growth-policy/glob2/artifacts/maxima-historical-validation/duels/strange2-castor-9514-0-historical,512,512,512,,,,3072,2048,1024,512,,,
duels,strange2.map.gz,castor,9514,0,latest,0,38274,won,True,False,0,108.14150598317396,103.52636254376338,3.143648429743429,8.939802476877253,7.488268798662277,46.5928828970058,431,303,16,0,0,/home/bradley/.codex/worktrees/maxima-growth-policy/glob2/artifacts/maxima-historical-validation/duels/strange2-castor-9514-0-latest,512,512,512,,,,,,1024,512,,,
duels,Muka.map.gz,warrush,9512,0,historical,0,17602,won,True,False,63,30.42739461424838,18.88592205431201,8.084649471650948,1.3891603226906033,2.7166231110101124,1.614816498125213,3,54,17,1,31,/home/bradley/.codex/worktrees/maxima-growth-policy/glob2/artifacts/maxima-historical-validation/duels/Muka-warrush-9512-0-historical,14848,,10752,14848,12288,15360,11776,10752,1024,1024,4508,,
duels,Muka.map.gz,warrush,9512,0,latest,0,11778,won,True,False,21,13.110035659704534,8.696552895228391,1.739514348785872,1.174053319748684,2.8262862964849718,1.2825607064017661,0,3,8,0,0,/home/bradley/.codex/worktrees/maxima-growth-policy/glob2/artifacts/maxima-historical-validation/duels/Muka-warrush-9512-0-latest,,,9216,,,,,11264,1024,1024,3070,,
duels,Dejans.map.gz,castor,9506,0,historical,0,16290,won,True,False,64,38.63572744014733,23.561939840392878,9.002578268876611,1.1828115408225905,3.7469613259668506,1.8014732965009208,0,48,14,1,49,/home/bradley/.codex/worktrees/maxima-growth-policy/glob2/artifacts/maxima-historical-validation/duels/Dejans-castor-9506-0-historical,11264,,13312,,10752,15360,2560,4608,4608,512,3294,5742,
duels,Dejans.map.gz,castor,9506,0,latest,0,18210,won,True,False,59,36.07715540911587,22.819494783086217,8.577265238879736,0.985941790225151,4.596046128500824,0.30928061504667764,0,45,19,1,47,/home/bradley/.codex/worktrees/maxima-growth-policy/glob2/artifacts/maxima-historical-validation/duels/Dejans-castor-9506-0-latest,14336,,,,12800,16384,6656,5120,4608,512,,,
duels,Muka.map.gz,castor,9508,0,historical,0,23330,won,True,False,61,40.820660094299186,25.4717531075868,8.907072438919846,1.9575653664809258,3.717616802400343,2.694899271324475,3,44,14,6,49,/home/bradley/.codex/worktrees/maxima-growth-policy/glob2/artifacts/maxima-historical-validation/duels/Muka-castor-9508-0-historical,11776,,11776,,10752,13312,8704,6656,7680,1024,5495,,
duels,Muka.map.gz,castor,9508,0,latest,0,24706,won,True,False,71,42.77167489678621,26.926293208127582,8.995385736258399,1.4353598316198495,5.445883591030519,1.6687444345503117,1,41,17,5,65,/home/bradley/.codex/worktrees/maxima-growth-policy/glob2/artifacts/maxima-historical-validation/duels/Muka-castor-9508-0-latest,12288,,16384,,11776,14336,9728,8704,7168,1024,,,
duels,SmallForTwo.map.gz,cortex,9510,0,historical,0,28386,won,True,False,131,66.4904530402311,39.49193264285211,23.181004720636935,0.9909814697386036,5.54378919185514,3.546959768900162,1,82,34,8,142,/home/bradley/.codex/worktrees/maxima-growth-policy/glob2/artifacts/maxima-historical-validation/duels/SmallForTwo-cortex-9510-0-historical,11264,19968,,,16896,22016,8192,8192,4608,512,5302,,
duels,SmallForTwo.map.gz,cortex,9510,0,latest,0,24194,won,True,False,119,55.722121187071174,28.020955608828636,22.245846077539888,0.989418864181202,4.989749524675539,3.7512606431346613,0,65,32,3,77,/home/bradley/.codex/worktrees/maxima-growth-policy/glob2/artifacts/maxima-historical-validation/duels/SmallForTwo-cortex-9510-0-latest,13312,18944,,,15360,18944,6144,12288,5120,512,6937,,
duels,Dejans.map.gz,castor,9519,1,historical,0,14114,won,True,False,60,32.77242454300694,21.732605923196825,7.4679042085872185,0.9818619810117614,2.9890888479523876,0.5465495252940343,0,50,17,0,49,/home/bradley/.codex/worktrees/maxima-growth-policy/glob2/artifacts/maxima-historical-validation/duels/Dejans-castor-9519-1-historical,11776,,,,11776,,4096,6144,6656,512,3324,,
duels,Dejans.map.gz,castor,9519,1,latest,0,11106,won,True,False,43,22.898163155051325,15.428597154691158,4.836664865838285,1.7694939672249235,2.8101926886367727,0.27660723933009185,0,32,10,0,24,/home/bradley/.codex/worktrees/maxima-growth-policy/glob2/artifacts/maxima-historical-validation/duels/Dejans-castor-9519-1-latest,,,2560,,,,4096,6144,4096,512,4743,,
duels,balanced_for_2.map.gz,cortex,9512,0,historical,0,35202,won,True,False,235,105.07093346968922,75.03028237031987,20.099255724106584,1.9309698312595875,7.094767342764616,2.2437929663087326,1,176,44,39,347,/home/bradley/.codex/worktrees/maxima-growth-policy/glob2/artifacts/maxima-historical-validation/duels/balanced_for_2-cortex-9512-0-historical,9216,17408,13312,19968,12800,16896,4096,4096,2560,512,2270,,
duels,balanced_for_2.map.gz,cortex,9512,0,latest,0,26690,won,True,False,188,68.61202697639565,43.867628325215435,17.74904458598726,2.062495316597977,5.58568752341701,2.0142375421506182,0,155,35,7,154,/home/bradley/.codex/worktrees/maxima-growth-policy/glob2/artifacts/maxima-historical-validation/duels/balanced_for_2-cortex-9512-0-latest,10240,21504,10240,16896,12800,12288,4608,5120,2048,512,640,,
duels,balanced_for_2.map.gz,warrush,9512,1,historical,0,37634,won,True,False,257,99.66137003773184,71.69641813253972,17.810543657331138,2.2585428070361906,6.898336610511771,2.380932135834618,2,253,48,26,255,/home/bradley/.codex/worktrees/maxima-growth-policy/glob2/artifacts/maxima-historical-validation/duels/balanced_for_2-warrush-9512-1-historical,10240,24576,12800,17920,12800,17920,6144,5632,1024,1024,5384,,
duels,balanced_for_2.map.gz,warrush,9512,1,latest,0,15810,lost,False,False,1,15.490132827324478,10.958254269449716,1.6516129032258065,0.9190385831752056,2.0402277039848196,1.3724225173940543,3,21,13,0,0,/home/bradley/.codex/worktrees/maxima-growth-policy/glob2/artifacts/maxima-historical-validation/duels/balanced_for_2-warrush-9512-1-latest,,,,,,,,5632,1024,1024,5397,,
duels,SmallForTwo.map.gz,cortex,9521,0,historical,0,35234,won,True,False,136,72.33785548050179,36.63407504115343,31.655588352159846,0.992734290741897,4.933870693080547,6.166827496168474,5,111,37,6,186,/home/bradley/.codex/worktrees/maxima-growth-policy/glob2/artifacts/maxima-historical-validation/duels/SmallForTwo-cortex-9521-0-historical,11264,24576,,,14336,23552,6656,10240,2048,1024,5098,,
duels,SmallForTwo.map.gz,cortex,9521,0,latest,0,23330,won,True,False,141,69.44984997856837,42.88379768538363,21.26103729104158,0.9890270038576939,7.464466352336048,3.1411915987998285,0,61,31,3,73,/home/bradley/.codex/worktrees/maxima-growth-policy/glob2/artifacts/maxima-historical-validation/duels/SmallForTwo-cortex-9521-0-latest,10240,15360,,,14336,18944,9728,9216,2048,1024,6770,,
duels,Muka.map.gz,warrush,9510,0,historical,0,16162,won,True,False,54,24.81233758198243,16.47506496720703,6.068555871798045,1.3326320999876253,2.223858433362208,1.3938868951862393,3,44,15,0,25,/home/bradley/.codex/worktrees/maxima-growth-policy/glob2/artifacts/maxima-historical-validation/duels/Muka-warrush-9510-0-historical,15872,,10240,13824,14336,,10240,9728,1024,1024,7172,,
duels,Muka.map.gz,warrush,9510,0,latest,0,11074,lost,False,False,6,9.143940762145567,5.953765577027271,0.46234422972728917,1.0693516344590934,1.5838901932454397,1.7867076033953404,6,4,6,0,0,/home/bradley/.codex/worktrees/maxima-growth-policy/glob2/artifacts/maxima-historical-validation/duels/Muka-warrush-9510-0-latest,,,7680,,,,,,1536,1024,7784,,
duels,SmallForTwo.map.gz,castor,9500,1,historical,0,12226,won,True,False,68,31.322509406183542,21.028054964829053,6.639620480942254,1.1624407001472272,3.0107966628496645,0.4187796499263864,0,57,16,0,10,/home/bradley/.codex/worktrees/maxima-growth-policy/glob2/artifacts/maxima-historical-validation/duels/SmallForTwo-castor-9500-1-historical,9728,,10240,,11776,,7168,5632,2560,512,,,
duels,SmallForTwo.map.gz,castor,9500,1,latest,0,9346,won,True,False,48,21.306869248876524,14.558206719452173,4.076931307511234,0.9726086026107426,2.8360796062486626,0.4795634496041087,0,36,11,0,17,/home/bradley/.codex/worktrees/maxima-growth-policy/glob2/artifacts/maxima-historical-validation/duels/SmallForTwo-castor-9500-1-latest,,,,,,,5632,6144,2560,512,6591,,
duels,Dejans.map.gz,castor,9505,0,historical,0,14946,won,True,False,62,34.677037334403856,22.268901378295197,7.9708283152682995,0.982871671350194,3.327980730630269,0.6639903653151344,0,49,16,0,39,/home/bradley/.codex/worktrees/maxima-growth-policy/glob2/artifacts/maxima-historical-validation/duels/Dejans-castor-9505-0-historical,11776,,,,11264,,3072,6144,4096,512,3699,11426,
duels,Dejans.map.gz,castor,9505,0,latest,0,17506,won,True,False,55,33.85153661601736,22.35342168399406,7.115731749114589,1.3273163486804525,4.557865874557295,1.6490346167028447,5,47,14,2,54,/home/bradley/.codex/worktrees/maxima-growth-policy/glob2/artifacts/maxima-historical-validation/duels/Dejans-castor-9505-0-latest,13824,,11776,,12800,16384,4096,6144,3584,512,3281,12326,
duels,Mazury.map.gz,cortex,9522,0,historical,0,28002,lost,False,False,1,29.200878508677953,18.614206128133706,6.746946646668095,1.4444682522676953,2.834083279765731,5.45225341047068,27,48,15,3,49,/home/bradley/.codex/worktrees/maxima-growth-policy/glob2/artifacts/maxima-historical-validation/duels/Mazury-cortex-9522-0-historical,11264,,9728,,9216,11776,4096,5120,4608,512,7190,,
duels,Mazury.map.gz,cortex,9522,0,latest,0,60000,unresolved,False,True,283,143.53893333333335,88.9984,41.1312,3.3376,13.9136,7.792533333333333,5,298,65,33,393,/home/bradley/.codex/worktrees/maxima-growth-policy/glob2/artifacts/maxima-historical-validation/duels/Mazury-cortex-9522-0-latest,10240,15872,2048,4608,12800,15872,4608,5120,6656,512,,,
duels,Mazury.map.gz,castor,9505,1,historical,0,42306,won,True,False,88,58.59365101876802,39.687656597172975,14.4293244457051,2.8986904930742683,5.98047558265967,5.829007705762776,8,79,25,14,211,/home/bradley/.codex/worktrees/maxima-growth-policy/glob2/artifacts/maxima-historical-validation/duels/Mazury-castor-9505-1-historical,14336,,2560,7680,13824,16384,7168,7168,2560,512,10561,,
duels,Mazury.map.gz,castor,9505,1,latest,0,28322,won,True,False,181,67.58353929807217,47.48149848174564,13.319892662947533,2.695078031212485,7.276534143068992,3.983405126756585,6,168,34,5,76,/home/bradley/.codex/worktrees/maxima-growth-policy/glob2/artifacts/maxima-historical-validation/duels/Mazury-castor-9505-1-latest,9216,23552,2048,5120,12288,16384,8192,6656,2560,512,,,
duels,strange2.map.gz,castor,9519,1,historical,0,53250,won,True,False,0,74.9298779342723,70.89156807511738,3.1344976525821595,5.379643192488263,0.9951924882629108,35.46982159624413,481,358,14,0,10,/home/bradley/.codex/worktrees/maxima-growth-policy/glob2/artifacts/maxima-historical-validation/duels/strange2-castor-9519-1-historical,512,512,512,,,,2048,1024,1536,512,,,
duels,strange2.map.gz,castor,9519,1,latest,0,38050,won,True,False,0,122.19374507227333,117.52452036793693,3.081419185282523,8.939448094612352,11.555952693823915,48.589540078843626,436,309,18,0,3,/home/bradley/.codex/worktrees/maxima-growth-policy/glob2/artifacts/maxima-historical-validation/duels/strange2-castor-9519-1-latest,512,512,512,,,,6144,2560,1024,512,,,
duels,Dejans.map.gz,cortex,9505,0,historical,0,25922,won,True,False,100,54.19612684206466,33.308618162178846,13.613224288249363,1.5482601651107168,5.5979476892215105,1.4074531286166192,0,62,29,10,120,/home/bradley/.codex/worktrees/maxima-growth-policy/glob2/artifacts/maxima-historical-validation/duels/Dejans-cortex-9505-0-historical,12288,25600,17920,,10752,14848,3072,4096,3072,512,3683,,
duels,Dejans.map.gz,cortex,9505,0,latest,0,32546,won,True,False,90,49.337276470226755,29.91731702820623,11.193449271799913,1.7178762367111167,6.822220856633687,1.9192527499539114,6,41,25,12,89,/home/bradley/.codex/worktrees/maxima-growth-policy/glob2/artifacts/maxima-historical-validation/duels/Dejans-cortex-9505-0-latest,12288,,13312,,10752,15872,3584,6656,5632,512,3694,,
duels,SmallForTwo.map.gz,castor,9519,0,historical,0,16450,won,True,False,75,32.12182370820668,22.206200607902737,6.973860182370821,1.0351367781155014,3.167659574468085,1.1907598784194529,1,60,16,1,40,/home/bradley/.codex/worktrees/maxima-growth-policy/glob2/artifacts/maxima-historical-validation/duels/SmallForTwo-castor-9519-0-historical,12800,,15872,,14848,16384,5632,9216,2048,512,8557,,
duels,SmallForTwo.map.gz,castor,9519,0,latest,0,19906,won,True,False,97,42.51341304129408,28.949060584748317,8.415854516226263,1.1769315784185672,4.830101476941626,0.9454435848487893,0,62,21,3,53,/home/bradley/.codex/worktrees/maxima-growth-policy/glob2/artifacts/maxima-historical-validation/duels/SmallForTwo-castor-9519-0-latest,12288,,16384,,14336,15360,7168,9728,2560,512,8352,,
duels,Mazury.map.gz,warrush,9504,0,historical,0,41730,lost,False,False,9,47.28650850706926,33.4097771387491,10.281811646297628,1.545938173975557,3.6318715552360414,7.619554277498203,64,122,38,10,143,/home/bradley/.codex/worktrees/maxima-growth-policy/glob2/artifacts/maxima-historical-validation/duels/Mazury-warrush-9504-0-historical,11776,,6656,11776,11264,14336,3584,4608,2560,512,1655,38734,
duels,Mazury.map.gz,warrush,9504,0,latest,0,26498,won,True,False,160,69.65884217676806,49.41610687599064,13.836666918257981,1.811683900671749,6.140765340780436,7.197977205826855,11,148,35,1,45,/home/bradley/.codex/worktrees/maxima-growth-policy/glob2/artifacts/maxima-historical-validation/duels/Mazury-warrush-9504-0-latest,8192,21504,7168,12800,11264,19456,4096,5120,3072,512,3914,22930,13271
duels,Muka.map.gz,castor,9510,0,historical,0,34402,won,True,False,117,56.73789314574734,35.46401372013255,15.16749026219406,2.273588744840416,5.584384628800652,1.633625951979536,1,128,31,21,202,/home/bradley/.codex/worktrees/maxima-growth-policy/glob2/artifacts/maxima-historical-validation/duels/Muka-castor-9510-0-historical,14336,32256,12288,15872,11776,14848,8192,7168,7680,1024,16747,,32519
duels,Muka.map.gz,castor,9510,0,latest,0,27778,won,True,False,83,43.339189286485706,26.99485204118367,9.447620419036648,1.7005543955648355,5.889696882424941,1.8205054359565123,1,50,24,7,86,/home/bradley/.codex/worktrees/maxima-growth-policy/glob2/artifacts/maxima-historical-validation/duels/Muka-castor-9510-0-latest,15360,,17408,27136,13312,16896,10240,9216,7168,1024,,,
duels,Dejans.map.gz,cortex,9506,1,historical,0,26178,won,True,False,159,73.9111467644587,53.472381388952556,13.783253113301246,1.843532737413095,6.570020628008251,2.4331117732447094,2,119,29,11,184,/home/bradley/.codex/worktrees/maxima-growth-policy/glob2/artifacts/maxima-historical-validation/duels/Dejans-cortex-9506-1-historical,9728,17920,4096,7168,9728,13312,3584,5632,4608,512,4553,12048,
duels,Dejans.map.gz,cortex,9506,1,latest,0,26082,won,True,False,99,58.17916570815122,38.63810290621885,12.52718349819799,2.625872249060655,6.974618510850395,1.0750709301433938,1,58,26,13,125,/home/bradley/.codex/worktrees/maxima-growth-policy/glob2/artifacts/maxima-historical-validation/duels/Dejans-cortex-9506-1-latest,9216,,2560,12288,11776,11776,4096,6656,6656,512,3731,,
duels,Dejans.map.gz,warrush,9514,1,historical,0,39042,won,True,False,98,42.283156600583986,24.285564264125814,15.227088776189744,1.2230418523641207,4.783822550074279,3.088468828441166,13,80,33,10,124,/home/bradley/.codex/worktrees/maxima-growth-policy/glob2/artifacts/maxima-historical-validation/duels/Dejans-warrush-9514-1-historical,28160,,20992,25600,30720,30208,4096,4608,2048,512,1891,26332,
duels,Dejans.map.gz,warrush,9514,1,latest,0,26274,won,True,False,93,50.06717667656238,32.72543198599376,11.80067747583162,1.216944507878511,6.547233006013549,1.6492349851564283,2,61,26,7,114,/home/bradley/.codex/worktrees/maxima-growth-policy/glob2/artifacts/maxima-historical-validation/duels/Dejans-warrush-9514-1-latest,12800,,20992,,12288,17920,4096,6144,2048,512,1490,,
duels,strange2.map.gz,castor,9501,1,historical,0,30434,lost,False,False,0,131.40671617270158,124.34093448117237,5.400276007097325,7.918840770191234,0.9915883551291319,62.246172044424,484,357,15,0,6,/home/bradley/.codex/worktrees/maxima-growth-policy/glob2/artifacts/maxima-historical-validation/duels/strange2-castor-9501-1-historical,512,512,512,,,,2560,1024,1024,512,,,
duels,strange2.map.gz,castor,9501,1,latest,0,37922,won,True,False,0,123.34876852486683,118.55577237487475,3.402352196614103,8.939243710774749,13.540952481409208,48.10547966879384,434,306,22,0,9,/home/bradley/.codex/worktrees/maxima-growth-policy/glob2/artifacts/maxima-historical-validation/duels/strange2-castor-9501-1-latest,512,512,512,,,,4096,2048,1024,512,,,
duels,Dejans.map.gz,cortex,9516,1,historical,0,53410,lost,False,False,0,30.02076390189103,13.324845534544092,14.423984272608125,1.9328964613368282,1.1180677775697434,9.66114959745366,99,95,15,2,47,/home/bradley/.codex/worktrees/maxima-growth-policy/glob2/artifacts/maxima-historical-validation/duels/Dejans-cortex-9516-1-historical,,,3584,6144,14336,25600,5120,4608,3072,512,45999,,
duels,Dejans.map.gz,cortex,9516,1,latest,0,15042,won,True,False,67,35.80414838452334,22.458050791118204,8.281611487834065,0.9829809865709347,4.494083233612551,1.8256880733944953,4,40,17,1,15,/home/bradley/.codex/worktrees/maxima-growth-policy/glob2/artifacts/maxima-historical-validation/duels/Dejans-cortex-9516-1-latest,10240,,,,11264,13824,9216,5632,5120,512,4737,,
duels,strange2.map.gz,warrush,9513,1,historical,0,18370,won,True,False,0,146.4091453456723,136.59836690255852,7.274469243331518,8.752531301034296,0.9860642351660316,71.40685900925422,337,233,12,0,7,/home/bradley/.codex/worktrees/maxima-growth-policy/glob2/artifacts/maxima-historical-validation/duels/strange2-warrush-9513-1-historical,512,512,512,,,,1536,1024,1024,512,739,,
duels,strange2.map.gz,warrush,9513,1,latest,0,17698,won,True,False,0,164.581760650921,150.72437563566504,10.819753644479603,8.8698157983953,4.779184088597582,74.63894225336196,330,217,19,0,6,/home/bradley/.codex/worktrees/maxima-growth-policy/glob2/artifacts/maxima-historical-validation/duels/strange2-warrush-9513-1-latest,512,512,512,,,,2560,1536,1024,512,735,,
duels,Dejans.map.gz,castor,9510,0,historical,0,18434,won,True,False,63,41.32179668004774,26.02929369643051,9.278290116089835,1.0001084951719648,3.9171096886188566,0.30573939459694044,0,50,19,4,65,/home/bradley/.codex/worktrees/maxima-growth-policy/glob2/artifacts/maxima-historical-validation/duels/Dejans-castor-9510-0-historical,10240,,18432,,9728,14336,3072,4608,5120,512,6343,15259,
duels,Dejans.map.gz,castor,9510,0,latest,0,25986,won,True,False,68,40.08339105672285,26.4865312091126,8.488185946278765,2.2217347802662974,5.5815439082582925,1.502424382359732,5,54,23,4,72,/home/bradley/.codex/worktrees/maxima-growth-policy/glob2/artifacts/maxima-historical-validation/duels/Dejans-castor-9510-0-latest,18432,,2560,12800,16896,21504,5632,5632,3584,512,3297,10273,
duels,Dejans.map.gz,warrush,9503,0,historical,0,24898,won,True,False,73,47.597116234235685,30.519198329183066,11.895172302996224,1.0746244678287413,5.159530886014941,1.1416178006265563,2,56,25,14,115,/home/bradley/.codex/worktrees/maxima-growth-policy/glob2/artifacts/maxima-historical-validation/duels/Dejans-warrush-9503-0-historical,13312,,23040,,8192,13312,3072,4608,3072,512,3491,7801,
duels,Dejans.map.gz,warrush,9503,0,latest,0,37378,won,True,False,126,64.41425437423084,39.981539943282144,17.432446893894806,1.49317780512601,6.89068435978383,1.69875327732891,1,78,32,16,253,/home/bradley/.codex/worktrees/maxima-growth-policy/glob2/artifacts/maxima-historical-validation/duels/Dejans-warrush-9503-0-latest,13824,30720,18944,,12800,17408,3584,5632,2048,512,3486,8851,
duels,Dejans.map.gz,cortex,9510,1,historical,0,28034,won,True,False,102,58.18802168795035,37.85813654847685,13.128558179353641,1.6576300206891632,5.100734822001855,2.3064136405792968,1,70,27,19,163,/home/bradley/.codex/worktrees/maxima-growth-policy/glob2/artifacts/maxima-historical-validation/duels/Dejans-cortex-9510-1-historical,10240,27648,15872,,11776,14848,4096,5632,7680,512,3520,15732,
duels,Dejans.map.gz,cortex,9510,1,latest,0,24066,won,True,False,87,45.69492229701654,28.49131554890717,10.788332086761406,2.159644311476772,5.745034488489986,1.2446605169118259,1,51,27,8,64,/home/bradley/.codex/worktrees/maxima-growth-policy/glob2/artifacts/maxima-historical-validation/duels/Dejans-cortex-9510-1-latest,14848,,2560,12288,16384,16896,4096,6144,4608,512,8612,,
duels,Dejans.map.gz,warrush,9516,0,historical,0,19362,won,True,False,54,36.52566883586406,21.964673070963745,9.266604689598182,0.9867782253899391,3.884516062390249,2.264435492201219,4,49,17,0,47,/home/bradley/.codex/worktrees/maxima-growth-policy/glob2/artifacts/maxima-historical-validation/duels/Dejans-warrush-9516-0-historical,16384,,,,13824,,3584,4608,3584,512,3290,6164,
duels,Dejans.map.gz,warrush,9516,0,latest,0,26338,won,True,False,79,46.925810615840234,29.34342015339054,11.799643101222568,1.3756549472245425,6.092641810312097,0.9914192421596173,1,55,27,6,115,/home/bradley/.codex/worktrees/maxima-growth-policy/glob2/artifacts/maxima-historical-validation/duels/Dejans-warrush-9516-0-latest,14336,,22016,,13312,19968,4096,6144,2560,512,3494,,
duels,balanced_for_2.map.gz,castor,9507,0,historical,0,20098,won,True,False,140,64.73987461438949,45.26738979002886,11.064484028261518,1.8918300328390885,4.7583839187978905,0.7262414170564235,0,118,27,14,162,/home/bradley/.codex/worktrees/maxima-growth-policy/glob2/artifacts/maxima-historical-validation/duels/balanced_for_2-castor-9507-0-historical,7680,16896,9728,14336,8192,10752,4608,4096,1024,512,635,,16021
duels,balanced_for_2.map.gz,castor,9507,0,latest,0,22562,won,True,False,162,66.97220991046893,48.62055668823686,11.3796649233224,2.333569718996543,5.6814998670330645,1.1149720769435334,0,142,33,8,154,/home/bradley/.codex/worktrees/maxima-growth-policy/glob2/artifacts/maxima-historical-validation/duels/balanced_for_2-castor-9507-0-latest,8704,17920,10752,14848,10240,12800,4608,5120,1024,512,639,,
duels,balanced_for_2.map.gz,castor,9513,1,historical,0,13922,won,True,False,70,37.79880764258009,24.992888952736674,7.31805775032323,1.1909208447062203,2.9221376239046113,0.46674328401091797,0,56,19,2,56,/home/bradley/.codex/worktrees/maxima-growth-policy/glob2/artifacts/maxima-historical-validation/duels/balanced_for_2-castor-9513-1-historical,9728,,11264,,9728,12288,4096,5120,1536,1024,6190,,
duels,balanced_for_2.map.gz,castor,9513,1,latest,0,19042,won,True,False,124,53.10739418128348,36.325385988866714,9.874120365507824,2.351538703917656,4.469383468123096,0.5832370549312047,0,106,28,8,94,/home/bradley/.codex/worktrees/maxima-growth-policy/glob2/artifacts/maxima-historical-validation/duels/balanced_for_2-castor-9513-1-latest,9216,17408,10240,14336,9728,12288,4608,5120,1024,1024,5578,,
duels,Muka.map.gz,warrush,9507,1,historical,0,20898,won,True,False,58,18.147573930519666,10.904536319265002,5.302277729926309,1.7060005742176285,2.056751842281558,1.6325007177720356,9,45,13,0,21,/home/bradley/.codex/worktrees/maxima-growth-policy/glob2/artifacts/maxima-historical-validation/duels/Muka-warrush-9507-1-historical,19968,,11776,16896,20898,,11776,16384,1024,1024,3521,,
duels,Muka.map.gz,warrush,9507,1,latest,0,4162,lost,False,False,10,7.047573282075925,4.154733301297453,0.8154733301297453,0.9384911100432485,1.4762133589620374,0.5555021624219125,0,2,2,0,0,/home/bradley/.codex/worktrees/maxima-growth-policy/glob2/artifacts/maxima-historical-validation/duels/Muka-warrush-9507-1-latest,,,,,,,,,1536,1024,3523,,
duels,SmallForTwo.map.gz,cortex,9508,0,historical,0,23170,lost,False,False,2,32.14104445403539,19.16978851963746,8.374967630556755,0.7071212775140268,2.75675442382391,2.602071644367717,10,43,19,1,31,/home/bradley/.codex/worktrees/maxima-growth-policy/glob2/artifacts/maxima-historical-validation/duels/SmallForTwo-cortex-9508-0-historical,10240,,,,14336,22016,8192,10752,2560,1024,4495,,
duels,SmallForTwo.map.gz,cortex,9508,0,latest,0,20034,won,True,False,130,54.863731656184484,32.818907856643705,18.184985524608166,0.9872217230707797,5.5918937805730256,2.7893580912448837,0,65,30,1,64,/home/bradley/.codex/worktrees/maxima-growth-policy/glob2/artifacts/maxima-historical-validation/duels/SmallForTwo-cortex-9508-0-latest,10240,16896,,,14848,18944,7168,11776,3584,1024,3272,,
duels,balanced_for_2.map.gz,castor,9522,0,historical,0,19586,won,True,False,109,60.37419585418156,41.82400694373532,10.88318186459716,1.9609925456959052,4.425099560910855,0.9740631063004187,0,85,25,11,158,/home/bradley/.codex/worktrees/maxima-growth-policy/glob2/artifacts/maxima-historical-validation/duels/balanced_for_2-castor-9522-0-historical,7680,18432,12800,17920,9216,11776,2560,4096,1024,512,635,,
duels,balanced_for_2.map.gz,castor,9522,0,latest,0,16994,won,True,False,78,49.31787689772861,32.79898787807461,9.703189360950924,2.1019183241143935,4.393903730728493,0.5423090502530304,0,61,24,5,84,/home/bradley/.codex/worktrees/maxima-growth-policy/glob2/artifacts/maxima-historical-validation/duels/balanced_for_2-castor-9522-0-latest,7168,,8704,13312,7168,10752,3584,4096,2048,512,639,,
duels,strange2.map.gz,castor,9506,1,historical,0,30178,won,True,False,0,130.33282523692756,122.90171648220559,5.836304592749685,8.230035124925442,0.9915169991384453,62.14646431175028,476,348,16,0,9,/home/bradley/.codex/worktrees/maxima-growth-policy/glob2/artifacts/maxima-historical-validation/duels/strange2-castor-9506-1-historical,512,512,512,,,,4608,1024,1024,512,,,
duels,strange2.map.gz,castor,9506,1,latest,0,39842,won,True,False,0,115.64399377541288,110.65789869986446,3.1998393654937,8.942171577732042,12.530947241604338,46.00572260428693,429,303,21,0,8,/home/bradley/.codex/worktrees/maxima-growth-policy/glob2/artifacts/maxima-historical-validation/duels/strange2-castor-9506-1-latest,512,512,512,,,,4608,2560,1024,512,,,
duels,Dejans.map.gz,castor,9509,1,historical,0,14946,won,True,False,65,36.01558945537268,22.52181185601499,8.00508497256791,1.2569249297470895,3.362237387929881,0.7536464605914626,0,54,19,0,33,/home/bradley/.codex/worktrees/maxima-growth-policy/glob2/artifacts/maxima-historical-validation/duels/Dejans-castor-9509-1-historical,10240,,3584,7168,10752,,6656,5632,6144,512,,,
duels,Dejans.map.gz,castor,9509,1,latest,0,9986,won,True,False,42,21.170538754255958,14.656218706188664,3.8984578409773682,0.9743641097536552,2.9234928900460644,0.46164630482675745,0,31,9,0,8,/home/bradley/.codex/worktrees/maxima-growth-policy/glob2/artifacts/maxima-historical-validation/duels/Dejans-castor-9509-1-latest,,,,,,,6656,6144,,512,3171,,
duels,balanced_for_2.map.gz,castor,9508,1,historical,0,18082,won,True,False,98,50.48667182833757,35.44475168676031,8.830992146886407,1.603583674372304,4.069350735538104,0.7876341112708771,0,77,25,5,111,/home/bradley/.codex/worktrees/maxima-growth-policy/glob2/artifacts/maxima-historical-validation/duels/balanced_for_2-castor-9508-1-historical,9216,,11264,17408,11264,14336,4608,4608,1536,1024,5781,,
duels,balanced_for_2.map.gz,castor,9508,1,latest,0,15490,won,True,False,74,41.77275661717237,28.25074241446094,7.951194318915429,1.628276307295029,3.8433828276307294,0.9173660426081343,0,59,19,5,68,/home/bradley/.codex/worktrees/maxima-growth-policy/glob2/artifacts/maxima-historical-validation/duels/balanced_for_2-castor-9508-1-latest,8704,,10240,,8704,11776,4608,5632,1536,1024,6999,,
duels,Mazury.map.gz,cortex,9519,1,historical,0,60000,unresolved,False,True,146,86.1472,51.013333333333335,31.296,3.0016,5.773333333333333,12.6192,64,218,44,22,254,/home/bradley/.codex/worktrees/maxima-growth-policy/glob2/artifacts/maxima-historical-validation/duels/Mazury-cortex-9519-1-historical,17408,31744,2048,7680,16384,26624,6144,9216,9216,512,6174,,
duels,Mazury.map.gz,cortex,9519,1,latest,0,60000,unresolved,False,True,54,90.5056,54.458133333333336,30.042666666666666,1.8661333333333334,9.094933333333334,12.4816,90,130,41,14,106,/home/bradley/.codex/worktrees/maxima-growth-policy/glob2/artifacts/maxima-historical-validation/duels/Mazury-cortex-9519-1-latest,9216,21504,5120,8192,19968,25600,6656,5120,4608,512,6828,,
duels,balanced_for_2.map.gz,castor,9503,1,historical,0,17890,won,True,False,129,54.980268306316376,38.971771939631076,8.62884292901062,1.656567915036333,4.136389044158748,0.5723868082727781,0,96,30,6,95,/home/bradley/.codex/worktrees/maxima-growth-policy/glob2/artifacts/maxima-historical-validation/duels/balanced_for_2-castor-9503-1-historical,8704,15360,11264,13824,10752,13824,5120,6144,2560,1024,5562,,
duels,balanced_for_2.map.gz,castor,9503,1,latest,0,22178,won,True,False,144,60.47565154657769,42.12791955992425,10.979529263233836,2.3797456939309227,4.944178916042925,1.1792767607539003,0,123,29,7,133,/home/bradley/.codex/worktrees/maxima-growth-policy/glob2/artifacts/maxima-historical-validation/duels/balanced_for_2-castor-9503-1-latest,9216,18944,10752,14848,9728,11776,5120,6144,1536,1024,5766,,
duels,Mazury.map.gz,castor,9517,1,historical,0,29410,won,True,False,225,81.70435226113567,60.6725263515811,14.54845290717443,3.3364161849710983,6.374838490309418,4.6738524311458685,9,224,37,8,195,/home/bradley/.codex/worktrees/maxima-growth-policy/glob2/artifacts/maxima-historical-validation/duels/Mazury-castor-9517-1-historical,11264,20992,4096,7168,11264,14336,4096,4608,10240,512,3529,,
duels,Mazury.map.gz,castor,9517,1,latest,0,23938,won,True,False,108,49.788161082797224,32.27876180132008,11.423510736068176,2.1819700893976104,5.406884451499708,2.9200434455677167,1,87,25,5,62,/home/bradley/.codex/worktrees/maxima-growth-policy/glob2/artifacts/maxima-historical-validation/duels/Mazury-castor-9517-1-latest,12800,23040,4096,7680,14336,15360,7168,6656,2560,512,3946,,
duels,balanced_for_2.map.gz,castor,9501,1,historical,0,17570,won,True,False,104,49.662777461582245,34.082014797951054,8.354467842914058,1.5920318725099603,4.12965281730222,0.6066021627774616,0,77,26,5,99,/home/bradley/.codex/worktrees/maxima-growth-policy/glob2/artifacts/maxima-historical-validation/duels/balanced_for_2-castor-9501-1-historical,9216,16896,11776,15360,11264,13312,4608,5120,1536,1024,7824,,
duels,balanced_for_2.map.gz,castor,9501,1,latest,0,15810,won,True,False,76,42.64389626818469,29.472612270714738,7.523086654016446,1.8302340290955093,4.036812144212524,0.7571157495256167,0,58,20,3,76,/home/bradley/.codex/worktrees/maxima-growth-policy/glob2/artifacts/maxima-historical-validation/duels/balanced_for_2-castor-9501-1-latest,8704,,10240,,10240,12800,5632,6656,1536,1024,6379,,
duels,SmallForTwo.map.gz,castor,9511,1,historical,0,12290,won,True,False,74,33.610659072416595,22.359560618388933,7.625711960943857,1.56273393002441,2.8545158665581774,0.8135069161920261,0,67,15,0,35,/home/bradley/.codex/worktrees/maxima-growth-policy/glob2/artifacts/maxima-historical-validation/duels/SmallForTwo-castor-9511-1-historical,9216,,6656,10752,11264,,4096,5120,4096,512,3318,,11253
duels,SmallForTwo.map.gz,castor,9511,1,latest,0,13954,won,True,False,70,36.013902823563136,24.810950265156944,7.514547799914003,1.5230041565142611,4.2574172280349725,0.8625483732263151,0,58,17,0,39,/home/bradley/.codex/worktrees/maxima-growth-policy/glob2/artifacts/maxima-historical-validation/duels/SmallForTwo-castor-9511-1-latest,9216,,6656,,11264,,4096,5632,2560,512,4348,,
duels,Dejans.map.gz,castor,9508,1,historical,0,10370,won,True,False,49,26.016779170684668,17.27386692381871,5.581485053037609,1.3209257473481195,2.1853423336547735,0.29623915139826423,0,40,11,0,6,/home/bradley/.codex/worktrees/maxima-growth-policy/glob2/artifacts/maxima-historical-validation/duels/Dejans-castor-9508-1-historical,,,3584,7168,,,7680,5632,6656,512,,,
duels,Dejans.map.gz,castor,9508,1,latest,0,27138,won,True,False,83,46.38949075097649,28.548750829095734,12.321615446974722,2.330238042597096,5.736015918638072,0.5189033827105903,0,71,21,5,72,/home/bradley/.codex/worktrees/maxima-growth-policy/glob2/artifacts/maxima-historical-validation/duels/Dejans-castor-9508-1-latest,13824,,3072,10240,12800,16896,6144,5632,25088,512,3317,8091,
duels,Dejans.map.gz,castor,9517,0,historical,0,33922,won,True,False,98,57.615559224102356,35.174989682212136,14.878043747420554,1.830257649902718,5.286893461470433,0.6227816756087495,0,86,23,25,228,/home/bradley/.codex/worktrees/maxima-growth-policy/glob2/artifacts/maxima-historical-validation/duels/Dejans-castor-9517-0-historical,12288,,14848,,12288,13824,3584,4608,12800,512,3289,,
duels,Dejans.map.gz,castor,9517,0,latest,0,24194,won,True,False,73,39.751384640820035,24.61283789369265,8.94254773910887,1.767215011986443,4.952632884186162,0.5609655286434653,0,50,22,1,59,/home/bradley/.codex/worktrees/maxima-growth-policy/glob2/artifacts/maxima-historical-validation/duels/Dejans-castor-9517-0-latest,17920,,5632,18432,16896,23552,2560,5120,3584,512,3486,,
duels,strange2.map.gz,cortex,9509,1,historical,0,19554,won,True,False,0,152.3379359721796,140.214789812826,10.264089188912754,5.220619822031298,0.9869080495039378,73.21018717397975,368,272,13,0,8,/home/bradley/.codex/worktrees/maxima-growth-policy/glob2/artifacts/maxima-historical-validation/duels/strange2-cortex-9509-1-historical,512,512,512,,,,2048,1024,1024,512,738,,
duels,strange2.map.gz,cortex,9509,1,latest,0,18850,won,True,False,1,158.09029177718833,145.51437665782493,9.669602122015915,7.366684350132626,5.059310344827586,65.93029177718833,308,266,18,0,5,/home/bradley/.codex/worktrees/maxima-growth-policy/glob2/artifacts/maxima-historical-validation/duels/strange2-cortex-9509-1-latest,512,512,512,,,,3584,2048,1024,512,,,
duels,Dejans.map.gz,castor,9504,0,historical,0,15490,won,True,False,62,36.06526791478373,22.10542285345384,8.546158812136863,1.446223369916075,3.4218205293737896,1.355713363460297,0,48,19,1,48,/home/bradley/.codex/worktrees/maxima-growth-policy/glob2/artifacts/maxima-historical-validation/duels/Dejans-castor-9504-0-historical,12288,,3584,7680,11264,14336,5120,4096,4096,512,,,
duels,Dejans.map.gz,castor,9504,0,latest,0,50210,won,True,False,82,52.6831308504282,35.02441744672376,10.285162318263295,3.2046205935072694,7.5540330611431985,1.424536944831707,8,92,28,18,164,/home/bradley/.codex/worktrees/maxima-growth-policy/glob2/artifacts/maxima-historical-validation/duels/Dejans-castor-9504-0-latest,22528,,3072,7168,13312,17920,6144,5120,3584,512,3489,11048,
duels,strange2.map.gz,castor,9501,0,historical,0,33698,lost,False,False,0,117.94931449937681,111.1425010386373,5.317823016202742,7.9399964389578015,0.9924031099768532,55.92830435040655,484,359,16,0,11,/home/bradley/.codex/worktrees/maxima-growth-policy/glob2/artifacts/maxima-historical-validation/duels/strange2-castor-9501-0-historical,512,512,512,,,,4096,2048,1024,512,,,
duels,strange2.map.gz,castor,9501,0,latest,0,35586,won,True,False,0,117.44663631765302,112.46849884786153,3.194065081773731,8.676220985780924,7.2373405271736075,50.38565728095318,435,307,16,0,3,/home/bradley/.codex/worktrees/maxima-growth-policy/glob2/artifacts/maxima-historical-validation/duels/strange2-castor-9501-0-latest,512,512,512,,,,6656,5632,1536,512,,,
duels,strange2.map.gz,castor,9516,0,historical,0,42402,won,True,False,0,94.43780953728597,89.12485260129239,4.202065940285835,6.210320267911891,0.5916702042356493,44.95486061978209,486,358,16,0,5,/home/bradley/.codex/worktrees/maxima-growth-policy/glob2/artifacts/maxima-historical-validation/duels/strange2-castor-9516-0-historical,512,512,512,,,,3584,1536,1536,512,,,
duels,strange2.map.gz,castor,9516,0,latest,0,39618,won,True,False,0,102.66363774042102,98.56691402897673,2.868998939875814,8.941844616083598,6.851380685546974,44.85718612751779,431,304,16,0,6,/home/bradley/.codex/worktrees/maxima-growth-policy/glob2/artifacts/maxima-historical-validation/duels/strange2-castor-9516-0-latest,512,512,512,,,,6144,4608,1024,512,,,
duels,strange2.map.gz,warrush,9517,1,historical,0,17090,won,True,False,0,145.75073142188415,132.3290813341135,10.485664131070802,8.808894090111176,0.985020479812756,69.62480983031013,323,221,13,0,6,/home/bradley/.codex/worktrees/maxima-growth-policy/glob2/artifacts/maxima-historical-validation/duels/strange2-warrush-9517-1-historical,512,512,512,,,,2048,1024,2048,512,732,,
duels,strange2.map.gz,warrush,9517,1,latest,0,16674,won,True,False,1,169.2869137579465,158.10975170924794,8.62852344968214,8.061412978289553,5.044020630922394,74.74163368118028,316,216,17,0,2,/home/bradley/.codex/worktrees/maxima-growth-policy/glob2/artifacts/maxima-historical-validation/duels/strange2-warrush-9517-1-latest,512,512,512,,,,3072,2048,1024,512,727,,
duels,SmallForTwo.map.gz,warrush,9513,0,historical,0,22370,won,True,False,136,56.334644613321416,41.92561466249441,10.90379973178364,1.5008493518104604,4.36960214573089,1.308985248100134,1,110,29,3,104,/home/bradley/.codex/worktrees/maxima-growth-policy/glob2/artifacts/maxima-historical-validation/duels/SmallForTwo-warrush-9513-0-historical,11264,18432,13312,15360,13824,16896,4096,10752,2048,512,1646,,
duels,SmallForTwo.map.gz,warrush,9513,0,latest,0,33282,won,True,False,155,53.929120846103,35.85848206237606,13.754972657893155,1.3462532299741603,5.993089357610721,2.146084970855117,4,124,40,7,111,/home/bradley/.codex/worktrees/maxima-growth-policy/glob2/artifacts/maxima-historical-validation/duels/SmallForTwo-warrush-9513-0-latest,20992,27648,22528,24576,24064,27648,7680,20480,2048,512,1645,,
duels,SmallForTwo.map.gz,cortex,9523,1,historical,0,18082,won,True,False,119,59.16497068908306,41.57233713084836,13.716292445525937,1.0655900895918593,4.710209047671718,2.5455148766729345,1,82,29,3,90,/home/bradley/.codex/worktrees/maxima-growth-policy/glob2/artifacts/maxima-historical-validation/duels/SmallForTwo-cortex-9523-1-historical,8192,14336,16896,,11264,13312,5120,5632,7680,1024,,,
duels,SmallForTwo.map.gz,cortex,9523,1,latest,0,20706,won,True,False,145,69.62624360088863,48.64140828745291,16.05244856563315,0.9876364338838984,7.272771177436492,2.493093789239834,0,68,32,6,141,/home/bradley/.codex/worktrees/maxima-growth-policy/glob2/artifacts/maxima-historical-validation/duels/SmallForTwo-cortex-9523-1-latest,8192,13824,,,10240,13312,5632,6656,6656,1024,5368,,
duels,Muka.map.gz,warrush,9509,1,historical,0,21154,won,True,False,20,9.00397088021178,5.396898931644134,2.9338186631369956,0.9834546657842489,1.8503356339226624,1.185969556585043,7,13,14,0,4,/home/bradley/.codex/worktrees/maxima-growth-policy/glob2/artifacts/maxima-historical-validation/duels/Muka-warrush-9509-1-historical,,,19456,18944,,,19456,18432,1536,1024,16150,,
duels,Muka.map.gz,warrush,9509,1,latest,0,5826,lost,False,False,4,6.636457260556128,4.0,0.7909371781668383,0.8788190868520426,1.8242361826295914,1.5605904565739788,5,3,2,0,0,/home/bradley/.codex/worktrees/maxima-growth-policy/glob2/artifacts/maxima-historical-validation/duels/Muka-warrush-9509-1-latest,,,,,,,,,1536,1024,,,
duels,Mazury.map.gz,cortex,9500,1,historical,0,60000,unresolved,False,True,101,78.09226666666666,47.720533333333336,24.866133333333334,2.6288,6.623466666666666,11.4128,84,150,49,25,218,/home/bradley/.codex/worktrees/maxima-growth-policy/glob2/artifacts/maxima-historical-validation/duels/Mazury-cortex-9500-1-historical,11776,34304,5632,10240,12800,21504,6144,7168,7680,512,1691,53830,
duels,Mazury.map.gz,cortex,9500,1,latest,0,33634,lost,False,False,11,72.35270856871023,52.669857881905216,12.655883926978653,1.6288279716953082,6.107212939287626,8.365344591782126,32,120,29,1,34,/home/bradley/.codex/worktrees/maxima-growth-policy/glob2/artifacts/maxima-historical-validation/duels/Mazury-cortex-9500-1-latest,9216,18432,3072,5632,19456,28672,7168,5632,6144,512,8480,,
duels,Dejans.map.gz,castor,9515,0,historical,0,20738,won,True,False,71,43.959349985533805,27.58192689748288,10.130243996528113,0.9876555116211785,4.691773555791301,1.3825826984280065,0,53,24,4,76,/home/bradley/.codex/worktrees/maxima-growth-policy/glob2/artifacts/maxima-historical-validation/duels/Dejans-castor-9515-0-historical,11264,,,,9728,14336,3584,5120,2560,512,3496,9483,
duels,Dejans.map.gz,castor,9515,0,latest,0,9314,won,True,False,42,21.188211294824995,14.076551427957913,4.777753918831866,0.9725144943096414,2.553789993558085,0.1479493235988834,0,30,10,0,20,/home/bradley/.codex/worktrees/maxima-growth-policy/glob2/artifacts/maxima-historical-validation/duels/Dejans-castor-9515-0-latest,,,,,,,2560,6144,4096,512,4296,,
duels,strange2.map.gz,cortex,9521,1,historical,0,13122,lost,False,False,18,207.81748209114465,190.0540313976528,14.79804907788447,5.5846669714982475,0.7413504039018443,92.6032616979119,311,266,14,0,9,/home/bradley/.codex/worktrees/maxima-growth-policy/glob2/artifacts/maxima-historical-validation/duels/strange2-cortex-9521-1-historical,512,512,512,,,,2048,1024,2048,512,732,,
duels,strange2.map.gz,cortex,9521,1,latest,0,17570,won,True,False,0,171.87114399544677,157.41741605008536,11.335685828116107,7.486169607285145,3.864997154240182,72.93887307911213,337,264,20,0,4,/home/bradley/.codex/worktrees/maxima-growth-policy/glob2/artifacts/maxima-historical-validation/duels/strange2-cortex-9521-1-latest,512,512,512,,,,3072,2048,1024,512,733,,
duels,Dejans.map.gz,cortex,9517,1,historical,0,21634,won,True,False,96,51.99805861144495,34.33109919571046,11.5009244707405,1.7338448738097438,4.846537857076823,1.0238513451049274,1,62,25,9,136,/home/bradley/.codex/worktrees/maxima-growth-policy/glob2/artifacts/maxima-historical-validation/duels/Dejans-cortex-9517-1-historical,10240,,4096,7680,11264,12800,4096,6144,7168,512,3524,10947,
duels,Dejans.map.gz,cortex,9517,1,latest,0,36194,won,True,False,125,70.80618334530585,39.25857876996187,19.675526330330992,2.540255290932199,6.067414488589269,3.1467093993479582,2,57,27,19,201,/home/bradley/.codex/worktrees/maxima-growth-policy/glob2/artifacts/maxima-historical-validation/duels/Dejans-cortex-9517-1-latest,11264,25600,3072,9728,10752,15360,4096,6144,4608,512,3726,,
duels,strange2.map.gz,warrush,9516,0,historical,0,17826,won,True,False,0,143.00729271850108,133.24178166722766,7.6113542017278135,7.20632783574554,0.20105463929092338,70.94356557836868,326,219,17,0,6,/home/bradley/.codex/worktrees/maxima-growth-policy/glob2/artifacts/maxima-historical-validation/duels/strange2-warrush-9516-0-historical,512,512,512,,,,2048,1536,1024,512,918,,
duels,strange2.map.gz,warrush,9516,0,latest,0,16770,won,True,False,5,163.85903398926655,155.49361955873584,5.861896243291592,6.763267740011926,4.091592128801431,73.99964221824688,313,210,18,0,0,/home/bradley/.codex/worktrees/maxima-growth-policy/glob2/artifacts/maxima-historical-validation/duels/strange2-warrush-9516-0-latest,512,512,512,,,,,3584,1024,512,694,,
duels,Mazury.map.gz,castor,9502,1,historical,0,36738,won,True,False,77,46.53122107899178,29.957455495672058,12.503865207686864,2.2125864227775054,5.219772442702379,5.619957537154989,15,59,24,8,104,/home/bradley/.codex/worktrees/maxima-growth-policy/glob2/artifacts/maxima-historical-validation/duels/Mazury-castor-9502-1-historical,15360,,2048,7680,13312,16896,7168,7680,2560,512,9055,,
duels,Mazury.map.gz,castor,9502,1,latest,0,28706,won,True,False,170,67.33602731136348,46.754685431617084,13.807287675050512,2.5552846094893056,6.317424928586358,4.2853758796070505,6,152,33,5,95,/home/bradley/.codex/worktrees/maxima-growth-policy/glob2/artifacts/maxima-historical-validation/duels/Mazury-castor-9502-1-latest,11776,22016,2560,6144,13312,12288,7168,6144,2560,512,6005,,
duels,balanced_for_2.map.gz,cortex,9507,0,historical,0,31266,won,True,False,237,95.00649267575001,68.9798183330135,17.481929252222862,1.7287148979722382,6.680099788908079,1.5322075097550054,1,197,62,35,252,/home/bradley/.codex/worktrees/maxima-growth-policy/glob2/artifacts/maxima-historical-validation/duels/balanced_for_2-cortex-9507-0-historical,12288,18944,12288,16896,15360,17920,5632,4608,2048,512,2272,,
duels,balanced_for_2.map.gz,cortex,9507,0,latest,0,25954,won,True,False,216,91.26034522616938,63.376627880095555,20.13261924944132,2.141866378978192,7.596208676889882,2.1259150805270863,0,169,42,13,245,/home/bradley/.codex/worktrees/maxima-growth-policy/glob2/artifacts/maxima-historical-validation/duels/balanced_for_2-cortex-9507-0-latest,7680,15872,11264,16896,8704,11776,3584,4096,2048,512,3085,,
duels,Dejans.map.gz,cortex,9508,1,historical,0,28706,won,True,False,101,61.61753640353933,37.79182052532572,16.211001184421374,1.026753988713161,5.530899463526789,3.141503518428203,6,71,33,13,136,/home/bradley/.codex/worktrees/maxima-growth-policy/glob2/artifacts/maxima-historical-validation/duels/Dejans-cortex-9508-1-historical,9216,28672,22528,,10752,13312,4096,5632,7168,512,3731,,
duels,Dejans.map.gz,cortex,9508,1,latest,0,31810,won,True,False,97,49.87114115058158,29.271235460546997,12.581483810122602,2.5353033637221,6.521534108770827,1.5493241119144923,4,57,31,10,116,/home/bradley/.codex/worktrees/maxima-growth-policy/glob2/artifacts/maxima-historical-validation/duels/Dejans-cortex-9508-1-latest,17920,,2560,10752,16384,20992,6144,7168,6656,512,3727,,
duels,SmallForTwo.map.gz,castor,9507,1,historical,0,13794,won,True,False,85,39.62918660287081,27.625851819631723,8.007684500507468,1.5545889517181384,3.2532985355951864,1.257648252863564,0,78,17,0,44,/home/bradley/.codex/worktrees/maxima-growth-policy/glob2/artifacts/maxima-historical-validation/duels/SmallForTwo-castor-9507-1-historical,8704,,6144,12288,10240,,4096,5632,2560,512,4337,,
duels,SmallForTwo.map.gz,castor,9507,1,latest,0,9570,won,True,False,56,24.940961337513063,16.313793103448276,5.954440961337513,0.9732497387669802,3.057471264367816,0.7364681295715778,0,45,12,0,19,/home/bradley/.codex/worktrees/maxima-growth-policy/glob2/artifacts/maxima-historical-validation/duels/SmallForTwo-castor-9507-1-latest,8704,,,,,,3584,5632,2560,512,3933,,
duels,Mazury.map.gz,castor,9503,0,historical,0,37122,won,True,False,354,103.50293626420991,79.01425030978935,18.44264856419374,3.351920693928129,7.752384031032811,7.877485049296913,11,344,50,20,201,/home/bradley/.codex/worktrees/maxima-growth-policy/glob2/artifacts/maxima-historical-validation/duels/Mazury-castor-9503-0-historical,12800,25600,7168,12800,11264,13824,4096,4608,7168,512,6570,,34218
duels,Mazury.map.gz,castor,9503,0,latest,0,26338,won,True,False,225,89.17898094008656,67.35298807806211,13.444035234262282,2.910243754271395,8.857696104487813,4.253853747437163,1,177,37,11,150,/home/bradley/.codex/worktrees/maxima-growth-policy/glob2/artifacts/maxima-historical-validation/duels/Mazury-castor-9503-0-latest,9216,16384,4608,7680,8704,12288,4096,5120,9728,512,6376,,
duels,strange2.map.gz,warrush,9516,1,historical,0,19522,won,True,False,0,133.7830140354472,123.08247105829321,9.074480073762935,8.691629955947137,0.9868865894887819,65.72441348222519,321,221,12,0,6,/home/bradley/.codex/worktrees/maxima-growth-policy/glob2/artifacts/maxima-historical-validation/duels/strange2-warrush-9516-1-historical,512,512,512,,,,1536,1024,1024,512,730,,
duels,strange2.map.gz,warrush,9516,1,latest,0,18242,won,True,False,0,167.44830610678653,158.5510360706063,7.2132441618243615,8.873698059423308,7.687643898695319,72.94638745751563,326,215,21,0,2,/home/bradley/.codex/worktrees/maxima-growth-policy/glob2/artifacts/maxima-historical-validation/duels/strange2-warrush-9516-1-latest,512,512,512,,,,3584,2560,1024,512,734,,
duels,Dejans.map.gz,cortex,9520,0,historical,0,24642,lost,False,False,12,39.301680058436816,26.75204934664394,7.085139193247302,0.5817709601493385,3.475204934664394,4.818683548413278,29,48,29,2,56,/home/bradley/.codex/worktrees/maxima-growth-policy/glob2/artifacts/maxima-historical-validation/duels/Dejans-cortex-9520-0-historical,11264,,,,9728,13824,2560,4608,6656,512,,,
duels,Dejans.map.gz,cortex,9520,0,latest,0,25026,won,True,False,91,48.76296651482458,31.498201870055144,11.328298569487734,2.056421321825302,5.785503076800127,1.8617437864620794,2,45,23,10,86,/home/bradley/.codex/worktrees/maxima-growth-policy/glob2/artifacts/maxima-historical-validation/duels/Dejans-cortex-9520-0-latest,14336,,3072,12800,12288,16384,2560,6144,6656,512,3693,,
duels,Dejans.map.gz,warrush,9501,0,historical,0,20802,won,True,False,71,42.9042399769253,27.95865782136333,10.071435438900107,1.1385443707335834,4.258821267185848,1.1845976348428036,0,49,22,6,79,/home/bradley/.codex/worktrees/maxima-growth-policy/glob2/artifacts/maxima-historical-validation/duels/Dejans-warrush-9501-0-historical,12288,,17920,,11776,15872,4096,5632,2560,512,2672,,
duels,Dejans.map.gz,warrush,9501,0,latest,0,16130,won,True,False,45,29.15269683818971,20.318660880347178,5.278177309361438,1.5556106633601985,4.825666460012399,2.0,5,35,14,0,28,/home/bradley/.codex/worktrees/maxima-growth-policy/glob2/artifacts/maxima-historical-validation/duels/Dejans-warrush-9501-0-latest,,,7168,,,,4608,6656,3584,512,3897,,
duels,SmallForTwo.map.gz,castor,9520,1,historical,0,8866,won,True,False,49,22.272952853598014,15.302955109406723,4.723663433340852,1.018272050530115,2.325287615610196,0.4042409203699526,0,39,10,0,15,/home/bradley/.codex/worktrees/maxima-growth-policy/glob2/artifacts/maxima-historical-validation/duels/SmallForTwo-castor-9520-1-historical,,,8704,,,,3584,5632,2560,512,4130,,
duels,SmallForTwo.map.gz,castor,9520,1,latest,0,4578,won,True,False,23,11.210790738313674,8.065967671472258,2.039536915683705,0.944080384447357,1.6644823066841417,0.0,0,19,4,0,2,/home/bradley/.codex/worktrees/maxima-growth-policy/glob2/artifacts/maxima-historical-validation/duels/SmallForTwo-castor-9520-1-latest,,,,,,,4096,,,512,4552,,
duels,Dejans.map.gz,castor,9501,1,historical,0,14114,won,True,False,58,32.1430494544424,20.447853195408815,7.5041802465636955,1.1995182088706249,3.0277738415757405,0.4377214113646025,0,48,18,0,35,/home/bradley/.codex/worktrees/maxima-growth-policy/glob2/artifacts/maxima-historical-validation/duels/Dejans-castor-9501-1-historical,12288,,4096,6656,11776,,4096,5632,4608,512,3523,7914,
duels,Dejans.map.gz,castor,9501,1,latest,0,14402,won,True,False,50,28.009651437300374,19.003957783641162,6.049854186918483,1.8222469101513679,3.275795028468268,0.4489654214692404,0,39,12,0,33,/home/bradley/.codex/worktrees/maxima-growth-policy/glob2/artifacts/maxima-historical-validation/duels/Dejans-castor-9501-1-latest,,,2560,12288,,,4608,6144,7168,512,3525,,
duels,Muka.map.gz,warrush,9507,0,historical,0,15426,won,True,False,49,22.17976144172177,15.23013094775055,4.654673927136004,1.070659924802282,2.207701283547258,1.1911059250615843,2,36,13,0,27,/home/bradley/.codex/worktrees/maxima-growth-policy/glob2/artifacts/maxima-historical-validation/duels/Muka-warrush-9507-0-historical,,,14336,,13824,,11264,10240,1024,1024,6548,,
duels,Muka.map.gz,warrush,9507,0,latest,0,7682,lost,False,False,10,8.80031241864098,5.266857589169487,0.9666753449622494,0.9000260348867483,1.6998177557927623,1.3009632908096849,1,5,6,0,0,/home/bradley/.codex/worktrees/maxima-growth-policy/glob2/artifacts/maxima-historical-validation/duels/Muka-warrush-9507-0-latest,,,,,,,,,1536,1024,3486,,
duels,balanced_for_2.map.gz,castor,9516,1,historical,0,17506,won,True,False,81,46.00582657374614,31.58768422255227,8.74671541185879,1.3475379869758939,3.630983662744202,0.49720095967096994,0,65,22,10,92,/home/bradley/.codex/worktrees/maxima-growth-policy/glob2/artifacts/maxima-historical-validation/duels/balanced_for_2-castor-9516-1-historical,9216,,13312,,8704,11264,4096,5120,1536,1024,5785,,
duels,balanced_for_2.map.gz,castor,9516,1,latest,0,26050,won,True,False,210,82.44936660268714,59.52879078694818,12.878234165067179,2.695355086372361,6.789481765834933,1.0836852207293666,0,192,39,15,230,/home/bradley/.codex/worktrees/maxima-growth-policy/glob2/artifacts/maxima-historical-validation/duels/balanced_for_2-castor-9516-1-latest,8704,17920,10240,15872,9728,11776,5120,5632,1536,1024,5985,,
duels,balanced_for_2.map.gz,warrush,9508,1,historical,0,33698,won,True,False,234,97.30992937266306,72.66959463469642,16.557540506855005,1.8832571665974243,6.793340851089085,1.4130215443053,0,207,50,28,319,/home/bradley/.codex/worktrees/maxima-growth-policy/glob2/artifacts/maxima-historical-validation/duels/balanced_for_2-warrush-9508-1-historical,10752,18944,13312,17408,12800,15360,5120,5120,1536,1024,3337,,
duels,balanced_for_2.map.gz,warrush,9508,1,latest,0,36258,won,True,False,258,135.07780351922335,105.35644547410227,18.557366650118595,3.166859727508412,10.910530089911193,2.4191626675492306,0,240,51,29,336,/home/bradley/.codex/worktrees/maxima-growth-policy/glob2/artifacts/maxima-historical-validation/duels/balanced_for_2-warrush-9508-1-latest,8192,14848,7680,11776,8192,12800,4096,5120,1024,1024,5839,,
duels,Muka.map.gz,cortex,9504,0,historical,0,37346,won,True,False,184,85.92208000856853,58.03732662132491,19.31376854281583,2.1354897445509557,7.597600814009533,4.843570931291169,1,96,39,14,264,/home/bradley/.codex/worktrees/maxima-growth-policy/glob2/artifacts/maxima-historical-validation/duels/Muka-cortex-9504-0-historical,10752,23552,17920,23552,11776,14848,8704,7168,6656,1024,4485,,24369
duels,Muka.map.gz,cortex,9504,0,latest,0,32322,lost,False,False,2,26.251964606150608,14.94177340511107,6.542169420209145,1.0712827176536106,4.071035208217313,1.4989790235752738,8,38,17,4,41,/home/bradley/.codex/worktrees/maxima-growth-policy/glob2/artifacts/maxima-historical-validation/duels/Muka-cortex-9504-0-latest,,,13312,,19456,19456,14848,12800,11264,1024,5292,,
duels,strange2.map.gz,castor,9511,0,historical,0,49922,won,True,False,0,76.8892271944233,74.33548335403229,1.6717278955170065,6.10235968110252,0.9948720003204999,36.43956572252714,467,341,16,0,1,/home/bradley/.codex/worktrees/maxima-growth-policy/glob2/artifacts/maxima-historical-validation/duels/strange2-castor-9511-0-historical,512,512,512,,,,4096,1536,1024,512,,,
duels,strange2.map.gz,castor,9511,0,latest,0,52226,won,True,False,0,81.46746831080304,78.20288745069506,2.0979588710603916,8.955884042430974,6.980354612645042,34.733963926013864,437,309,16,0,5,/home/bradley/.codex/worktrees/maxima-growth-policy/glob2/artifacts/maxima-historical-validation/duels/strange2-castor-9511-0-latest,512,512,512,,,,7680,4608,1024,512,,,
duels,balanced_for_2.map.gz,castor,9506,1,historical,0,18914,won,True,False,122,55.22174050967537,39.56481971026753,9.215025906735752,1.780268584117585,4.2102146558105105,0.8781854710796235,0,99,28,6,132,/home/bradley/.codex/worktrees/maxima-growth-policy/glob2/artifacts/maxima-historical-validation/duels/balanced_for_2-castor-9506-1-historical,8704,16896,10752,14336,10752,13312,4608,5120,1536,1024,6177,,15551
duels,balanced_for_2.map.gz,castor,9506,1,latest,0,25026,won,True,False,196,79.90294094142092,59.38523935107488,12.911372172940142,2.4451370574602413,6.6348597458643015,1.532246463677775,0,180,36,12,190,/home/bradley/.codex/worktrees/maxima-growth-policy/glob2/artifacts/maxima-historical-validation/duels/balanced_for_2-castor-9506-1-latest,8192,17408,10240,13824,8704,13312,4608,5120,1536,1024,675,,
duels,Muka.map.gz,castor,9501,1,historical,0,37986,won,True,False,122,54.24282630442795,34.314694887590164,12.509872058126678,2.827357447480651,5.205760016848313,2.2332964776496604,5,93,29,20,181,/home/bradley/.codex/worktrees/maxima-growth-policy/glob2/artifacts/maxima-historical-validation/duels/Muka-castor-9501-1-historical,16384,34816,4096,10240,15360,18432,8704,7680,8704,1024,3514,,
duels,Muka.map.gz,castor,9501,1,latest,0,30434,won,True,False,77,43.47959518959059,27.242031937964118,8.796674771636985,2.13261483866728,5.492344088847999,1.5932838272984162,0,35,18,10,80,/home/bradley/.codex/worktrees/maxima-growth-policy/glob2/artifacts/maxima-historical-validation/duels/Muka-castor-9501-1-latest,15360,,14848,22528,13312,13312,11776,11264,7680,1024,3309,,
duels,SmallForTwo.map.gz,castor,9520,0,historical,0,13250,won,True,False,52,22.180452830188678,14.997735849056603,5.2160754716981135,0.9806792452830189,2.531622641509434,1.0726037735849057,0,42,11,0,21,/home/bradley/.codex/worktrees/maxima-growth-policy/glob2/artifacts/maxima-historical-validation/duels/SmallForTwo-castor-9520-0-historical,,,,,,,4608,9216,2560,512,4698,,
duels,SmallForTwo.map.gz,castor,9520,0,latest,0,18722,won,True,False,98,40.199230851404764,27.460955026172417,8.291635509026813,1.4001709219100524,4.6143574404443966,1.179574831748745,0,74,22,2,48,/home/bradley/.codex/worktrees/maxima-growth-policy/glob2/artifacts/maxima-historical-validation/duels/SmallForTwo-castor-9520-0-latest,12800,,11776,14848,16384,15872,8704,8704,2560,512,8151,,
duels,strange2.map.gz,warrush,9519,0,historical,0,17250,won,True,False,0,143.21159420289854,133.7433043478261,7.301565217391304,8.291130434782609,0.2671304347826087,69.9288115942029,313,215,15,0,4,/home/bradley/.codex/worktrees/maxima-growth-policy/glob2/artifacts/maxima-historical-validation/duels/strange2-warrush-9519-0-historical,512,512,512,,,,2560,1536,1024,512,696,,
duels,strange2.map.gz,warrush,9519,0,latest,0,16898,won,True,False,1,159.60243815836193,151.08829447271867,6.2113859628358385,7.378743046514381,2.499822464196946,73.88531187122736,315,207,17,0,0,/home/bradley/.codex/worktrees/maxima-growth-policy/glob2/artifacts/maxima-historical-validation/duels/strange2-warrush-9519-0-latest,512,512,512,,,,,3584,1024,512,697,,
duels,Muka.map.gz,cortex,9523,0,historical,0,49762,won,True,False,94,64.40277721956512,34.33230175636027,23.006008600940476,1.8116233270366946,5.362083517543507,4.008641131787307,8,59,22,19,186,/home/bradley/.codex/worktrees/maxima-growth-policy/glob2/artifacts/maxima-historical-validation/duels/Muka-cortex-9523-0-historical,12800,,11776,45568,10752,13312,8192,7168,7680,1024,3678,44773,
duels,Muka.map.gz,cortex,9523,0,latest,0,60000,unresolved,False,True,117,67.31973333333333,36.88133333333333,23.872,1.6586666666666667,7.9610666666666665,4.325333333333333,9,65,30,31,220,/home/bradley/.codex/worktrees/maxima-growth-policy/glob2/artifacts/maxima-historical-validation/duels/Muka-cortex-9523-0-latest,15360,51200,3584,8192,13312,16384,10752,9728,10752,1024,4084,,
duels,Muka.map.gz,warrush,9500,0,historical,0,8962,won,True,False,33,15.060923900914974,11.159897344342781,1.8436732872126758,0.9714349475563491,1.6003124302611025,1.1428252622182549,2,23,7,0,0,/home/bradley/.codex/worktrees/maxima-growth-policy/glob2/artifacts/maxima-historical-validation/duels/Muka-warrush-9500-0-historical,,,,,,,,,1024,1024,6750,,
duels,Muka.map.gz,warrush,9500,0,latest,0,14338,won,True,False,43,19.396080345933882,12.537592411772911,3.9117729111452086,1.1964011717115357,2.8393081322360163,1.017854651973776,2,24,12,0,12,/home/bradley/.codex/worktrees/maxima-growth-policy/glob2/artifacts/maxima-historical-validation/duels/Muka-warrush-9500-0-latest,,,10752,13824,,,9216,11776,2560,1024,3481,,
duels,Dejans.map.gz,castor,9513,0,historical,0,18402,won,True,False,71,40.18921856319965,24.70552113900663,9.36256928594718,0.9860884686447126,3.993478969677209,2.14237582871427,1,53,20,1,55,/home/bradley/.codex/worktrees/maxima-growth-policy/glob2/artifacts/maxima-historical-validation/duels/Dejans-castor-9513-0-historical,11264,,,,10752,16384,3584,5632,4096,512,3694,9639,
duels,Dejans.map.gz,castor,9513,0,latest,0,10626,won,True,False,43,24.533408620365144,15.694616977225673,5.488895162808206,0.9759081498211933,2.9521927348014305,0.240918501788067,0,30,11,0,26,/home/bradley/.codex/worktrees/maxima-growth-policy/glob2/artifacts/maxima-historical-validation/duels/Dejans-castor-9513-0-latest,,,,,,,3584,6144,3584,512,3489,,
duels,Mazury.map.gz,cortex,9503,1,historical,0,39618,lost,False,False,5,47.64170326619214,30.650537634408604,12.921853702862336,1.6671210056035135,3.6816093694785197,8.437427431975365,54,119,35,3,61,/home/bradley/.codex/worktrees/maxima-growth-policy/glob2/artifacts/maxima-historical-validation/duels/Mazury-cortex-9503-1-historical,12800,,4096,8192,12800,18432,6656,8192,4096,512,4549,,
duels,Mazury.map.gz,cortex,9503,1,latest,0,52066,won,True,False,212,109.73739100372605,67.09970038028656,35.28379364652557,3.10701801559559,12.651941766219798,13.613144854607613,81,188,45,19,227,/home/bradley/.codex/worktrees/maxima-growth-policy/glob2/artifacts/maxima-historical-validation/duels/Mazury-cortex-9503-1-latest,10240,15872,5120,9728,13824,18432,5632,5120,6144,512,3950,,
duels,Dejans.map.gz,warrush,9522,1,historical,0,17122,won,True,False,69,40.19676439668263,26.156231748627498,9.062492699451,1.073005490012849,4.323677140520967,1.1644667679009462,2,53,21,2,67,/home/bradley/.codex/worktrees/maxima-growth-policy/glob2/artifacts/maxima-historical-validation/duels/Dejans-warrush-9522-1-historical,10240,,15872,,10752,14336,4096,5632,2048,512,3532,,
duels,Dejans.map.gz,warrush,9522,1,latest,0,27810,won,True,False,98,53.02279755483639,34.28184106436534,13.008845738942826,2.5455591513843943,6.326141675656239,1.156490471053578,0,74,30,8,142,/home/bradley/.codex/worktrees/maxima-growth-policy/glob2/artifacts/maxima-historical-validation/duels/Dejans-warrush-9522-1-latest,14336,,2560,12288,13824,18432,6656,7168,2048,512,3530,,
duels,balanced_for_2.map.gz,warrush,9500,0,historical,0,32418,won,True,False,202,84.94793016225553,58.62008760565118,16.680115984946635,1.7946819668085632,6.140539206613609,1.4888025171201185,0,201,41,27,277,/home/bradley/.codex/worktrees/maxima-growth-policy/glob2/artifacts/maxima-historical-validation/duels/balanced_for_2-warrush-9500-0-historical,9216,22016,11264,17920,10240,12800,4608,4096,1024,512,635,,
duels,balanced_for_2.map.gz,warrush,9500,0,latest,0,38338,won,True,False,193,67.15498982732537,41.048907089571706,17.633783713287077,2.4374771766915333,5.711669883666336,1.385674787417184,0,185,40,13,228,/home/bradley/.codex/worktrees/maxima-growth-policy/glob2/artifacts/maxima-historical-validation/duels/balanced_for_2-warrush-9500-0-latest,17920,30720,16896,20480,15360,18432,6144,7680,1024,512,642,,
duels,SmallForTwo.map.gz,castor,9512,1,historical,0,11650,won,True,False,69,32.346609442060085,21.56532188841202,7.4733047210300425,1.7474678111587982,2.6927038626609443,0.5273819742489271,0,63,13,0,27,/home/bradley/.codex/worktrees/maxima-growth-policy/glob2/artifacts/maxima-historical-validation/duels/SmallForTwo-castor-9512-1-historical,9216,,5632,10240,,,4608,4608,2560,512,4139,,10950
duels,SmallForTwo.map.gz,castor,9512,1,latest,0,8610,won,True,False,51,21.989198606271778,14.706387921022067,4.4939605110336815,0.970267131242741,2.8483159117305457,0.435075493612079,0,37,11,0,17,/home/bradley/.codex/worktrees/maxima-growth-policy/glob2/artifacts/maxima-historical-validation/duels/SmallForTwo-castor-9512-1-latest,,,,,,,4608,5632,2560,512,6384,,
duels,strange2.map.gz,castor,9515,1,historical,0,36674,won,True,False,0,110.37443420406828,104.17581938157824,4.872334623984294,7.334842122484594,0.9930195779026013,52.42296995146425,491,364,16,0,10,/home/bradley/.codex/worktrees/maxima-growth-policy/glob2/artifacts/maxima-historical-validation/duels/strange2-castor-9515-1-historical,512,512,512,,,,2048,1024,1024,512,,,
duels,strange2.map.gz,castor,9515,1,latest,0,34978,won,True,False,0,127.11441477500144,122.29858768368689,3.5130653553662303,8.934130024586883,10.524272399794157,52.47641374578306,434,306,17,0,8,/home/bradley/.codex/worktrees/maxima-growth-policy/glob2/artifacts/maxima-historical-validation/duels/strange2-castor-9515-1-latest,512,512,512,,,,6656,2048,1024,512,,,
duels,Dejans.map.gz,castor,9512,1,historical,0,13218,won,True,False,59,30.55621122711454,19.604403086699953,6.902784082311999,1.2905129369042214,3.0174005144499922,0.9134513542139506,0,49,16,0,34,/home/bradley/.codex/worktrees/maxima-growth-policy/glob2/artifacts/maxima-historical-validation/duels/Dejans-castor-9512-1-historical,10752,,4096,7680,11776,,3584,6144,9216,512,3713,10022,
duels,Dejans.map.gz,castor,9512,1,latest,0,9186,won,True,False,38,20.001850642281735,14.242760722839103,3.7098846070106686,1.9131286740692357,2.4951012410189417,0.4951012410189419,0,29,9,0,16,/home/bradley/.codex/worktrees/maxima-growth-policy/glob2/artifacts/maxima-historical-validation/duels/Dejans-castor-9512-1-latest,,,2560,6656,,,4608,6144,6656,512,3525,,
duels,strange2.map.gz,castor,9513,0,historical,0,49154,won,True,False,0,80.10090735240266,75.41359807950523,3.499857590430077,5.4112788379379095,0.9947918785856695,38.019286324612445,483,355,17,0,9,/home/bradley/.codex/worktrees/maxima-growth-policy/glob2/artifacts/maxima-historical-validation/duels/strange2-castor-9513-0-historical,512,512,512,,,,4096,1536,1024,512,,,
duels,strange2.map.gz,castor,9513,0,latest,0,36802,won,True,False,0,111.31221129286452,106.35943698712026,3.2832998206619206,8.937394706809412,6.542579207651758,48.56779522852019,437,309,15,0,6,/home/bradley/.codex/worktrees/maxima-growth-policy/glob2/artifacts/maxima-historical-validation/duels/strange2-castor-9513-0-latest,512,512,512,,,,7168,3072,1536,512,,,
duels,Mazury.map.gz,warrush,9502,0,historical,0,25154,lost,False,False,3,23.26301979804405,14.103442792398823,6.818796215313668,0.936312316132623,1.4504253796612865,7.035143515941798,49,61,15,0,36,/home/bradley/.codex/worktrees/maxima-growth-policy/glob2/artifacts/maxima-historical-validation/duels/Mazury-warrush-9502-0-historical,,,,,9728,,3584,5632,3072,512,13026,,
duels,Mazury.map.gz,warrush,9502,0,latest,0,19810,won,True,False,81,52.276678445229685,37.41100454316002,9.47208480565371,1.8707723372034326,5.792125189298334,3.995053003533569,7,82,18,0,62,/home/bradley/.codex/worktrees/maxima-growth-policy/glob2/artifacts/maxima-historical-validation/duels/Mazury-warrush-9502-0-latest,8192,,2560,4608,10752,,5120,4608,1536,512,6852,,
duels,Mazury.map.gz,warrush,9505,1,historical,0,27074,won,True,False,31,28.22951909581148,19.960183201595626,5.6002807121223315,1.1868213045726528,3.2057324370244515,3.489399423801433,4,22,16,1,28,/home/bradley/.codex/worktrees/maxima-growth-policy/glob2/artifacts/maxima-historical-validation/duels/Mazury-warrush-9505-1-historical,,,4096,,22528,26112,6144,5632,1536,512,6027,,
duels,Mazury.map.gz,warrush,9505,1,latest,0,60000,unresolved,False,True,116,82.88906666666666,50.980266666666665,21.176266666666667,2.256,7.7194666666666665,7.755733333333334,35,153,44,13,160,/home/bradley/.codex/worktrees/maxima-growth-policy/glob2/artifacts/maxima-historical-validation/duels/Mazury-warrush-9505-1-latest,19456,32768,4608,12800,19456,30208,13824,12800,3072,512,3743,,
duels,balanced_for_2.map.gz,cortex,9516,0,historical,0,30370,lost,False,False,14,29.90312808692789,15.148962792229174,7.92051366480079,0.9778070464273955,2.862891010865986,1.8389858412907474,1,51,15,2,32,/home/bradley/.codex/worktrees/maxima-growth-policy/glob2/artifacts/maxima-historical-validation/duels/balanced_for_2-cortex-9516-0-historical,,,,,,20480,4608,3584,2048,512,3092,,
duels,balanced_for_2.map.gz,cortex,9516,0,latest,0,24162,won,True,False,154,63.280274811687775,38.62519658968628,17.657561460144027,2.1352537041635626,5.268024170184588,1.6463041138978562,0,123,33,9,124,/home/bradley/.codex/worktrees/maxima-growth-policy/glob2/artifacts/maxima-historical-validation/duels/balanced_for_2-cortex-9516-0-latest,8704,19968,12288,17920,10752,11264,4608,5120,2048,512,1863,,
duels,Muka.map.gz,warrush,9520,1,historical,0,6466,lost,False,False,2,7.622022888957624,4.692236313021961,0.6334673677698732,0.6334673677698732,1.2669347355397464,0.960408289514383,3,4,3,0,0,/home/bradley/.codex/worktrees/maxima-growth-policy/glob2/artifacts/maxima-historical-validation/duels/Muka-warrush-9520-1-historical,,,,,,,,6144,1536,1024,3522,,
duels,Muka.map.gz,warrush,9520,1,latest,0,4866,lost,False,False,10,8.053842992190711,5.000822030415125,0.842170160295931,0.8417591450883682,1.894780106863954,1.5819975339087546,0,2,2,0,0,/home/bradley/.codex/worktrees/maxima-growth-policy/glob2/artifacts/maxima-historical-validation/duels/Muka-warrush-9520-1-latest,,,,,,,,,1024,1024,3521,,
duels,SmallForTwo.map.gz,cortex,9522,1,historical,0,16930,won,True,False,136,60.499409332545774,42.285823981098645,13.039220318960425,1.0927347903130538,5.7529828706438275,1.883047844063792,0,83,30,4,108,/home/bradley/.codex/worktrees/maxima-growth-policy/glob2/artifacts/maxima-historical-validation/duels/SmallForTwo-cortex-9522-1-historical,8192,12800,15360,,10240,12800,5632,5632,4608,1024,5992,,
duels,SmallForTwo.map.gz,cortex,9522,1,latest,0,20738,won,True,False,135,59.63689844729482,36.59735750795641,17.607001639502364,0.9876555116211785,6.099527437554248,2.913685022663709,0,68,35,6,101,/home/bradley/.codex/worktrees/maxima-growth-policy/glob2/artifacts/maxima-historical-validation/duels/SmallForTwo-cortex-9522-1-latest,9216,16384,,,11264,14336,4608,6656,5120,1024,5581,,
duels,Mazury.map.gz,castor,9510,1,historical,0,38370,won,True,False,144,60.17724784988272,38.55822256971592,13.878394579098254,2.858326817826427,5.896012509773261,3.9525149856658848,2,104,30,15,163,/home/bradley/.codex/worktrees/maxima-growth-policy/glob2/artifacts/maxima-historical-validation/duels/Mazury-castor-9510-1-historical,13312,33792,4608,8192,13824,15360,5120,6656,7680,512,,,
duels,Mazury.map.gz,castor,9510,1,latest,0,28930,won,True,False,188,81.8834427929485,61.457310750086414,12.213480815762184,2.5133771171793984,7.823850674040788,5.222468026270308,4,166,29,6,59,/home/bradley/.codex/worktrees/maxima-growth-policy/glob2/artifacts/maxima-historical-validation/duels/Mazury-castor-9510-1-latest,11776,18944,3072,7680,18944,12288,9728,8192,5120,512,1695,,
duels,SmallForTwo.map.gz,cortex,9521,1,historical,0,23362,won,True,False,165,80.87569557400907,51.205205033815595,23.900265388237308,0.9890420340724253,6.233284821505008,4.164711925348857,0,103,38,6,185,/home/bradley/.codex/worktrees/maxima-growth-policy/glob2/artifacts/maxima-historical-validation/duels/SmallForTwo-cortex-9521-1-historical,9728,14336,,,12288,16896,4096,4608,4096,512,4138,,
duels,SmallForTwo.map.gz,cortex,9521,1,latest,0,19394,won,True,False,124,66.81777869444159,45.28132412086212,15.928843972362586,0.9868000412498711,6.307620913684644,3.9808188099412187,0,70,27,5,101,/home/bradley/.codex/worktrees/maxima-growth-policy/glob2/artifacts/maxima-historical-validation/duels/SmallForTwo-cortex-9521-1-latest,7680,13824,,,11264,13824,4096,5632,4608,512,4964,,
duels,strange2.map.gz,castor,9520,0,historical,0,49346,won,True,False,0,77.42358043205122,74.47687755846472,1.9091314392250638,5.300733595428201,0.6847971466785555,36.65739877598995,464,337,15,0,2,/home/bradley/.codex/worktrees/maxima-growth-policy/glob2/artifacts/maxima-historical-validation/duels/strange2-castor-9520-0-historical,512,512,512,,,,4608,2048,1024,512,,,
duels,strange2.map.gz,castor,9520,0,latest,0,38914,won,True,False,0,111.91530040602353,105.19196176183378,5.0260574600400885,8.940792516831989,10.157886621781364,46.431824022202804,427,299,22,0,14,/home/bradley/.codex/worktrees/maxima-growth-policy/glob2/artifacts/maxima-historical-validation/duels/strange2-castor-9520-0-latest,512,512,512,,,,4096,3072,1024,512,,,
duels,SmallForTwo.map.gz,castor,9513,1,historical,0,14466,won,True,False,87,38.825176275404395,26.82407023365132,8.230886215954651,1.9912899211945252,3.5845430665007605,0.867413244849993,0,79,18,0,40,/home/bradley/.codex/worktrees/maxima-growth-policy/glob2/artifacts/maxima-historical-validation/duels/SmallForTwo-castor-9513-1-historical,10240,,6144,10752,12800,,4096,4608,2560,512,4753,,11109
duels,SmallForTwo.map.gz,castor,9513,1,latest,0,11010,won,True,False,61,28.529064486830155,19.039146230699366,6.559128065395095,1.7676657584014532,3.070299727520436,0.7907356948228883,0,50,12,0,28,/home/bradley/.codex/worktrees/maxima-growth-policy/glob2/artifacts/maxima-historical-validation/duels/SmallForTwo-castor-9513-1-latest,9728,,6144,10240,,,3584,5632,2560,512,5162,,10558
duels,balanced_for_2.map.gz,castor,9510,0,historical,0,21378,won,True,False,137,64.83595284872298,45.60730657685471,11.671531480961736,1.7126017401066518,4.748900739077556,0.7903452147067078,0,118,30,10,157,/home/bradley/.codex/worktrees/maxima-growth-policy/glob2/artifacts/maxima-historical-validation/duels/balanced_for_2-castor-9510-0-historical,8192,17920,10752,15872,9216,12288,3072,4096,1024,512,635,,
duels,balanced_for_2.map.gz,castor,9510,0,latest,0,14370,won,True,False,82,42.77160751565762,28.549617258176756,8.197077244258873,1.7755045233124565,4.167432150313153,0.6769659011830201,0,62,21,2,54,/home/bradley/.codex/worktrees/maxima-growth-policy/glob2/artifacts/maxima-historical-validation/duels/balanced_for_2-castor-9510-0-latest,8192,,9216,12800,8192,12288,4096,4608,2048,512,4920,,
duels,Dejans.map.gz,cortex,9507,1,historical,0,47010,lost,False,False,8,43.96307168687513,28.036545415868964,11.522995107423952,1.8079557540948734,3.5465645607317593,4.831737928100404,32,92,29,12,134,/home/bradley/.codex/worktrees/maxima-growth-policy/glob2/artifacts/maxima-historical-validation/duels/Dejans-cortex-9507-1-historical,11264,,11776,16384,11776,19456,3584,5632,3584,512,3731,8415,
duels,Dejans.map.gz,cortex,9507,1,latest,0,22114,won,True,False,82,48.71570046124627,30.753414126797505,11.241114226281994,1.529800126616623,5.978565614542823,1.3820204395405626,2,46,20,8,90,/home/bradley/.codex/worktrees/maxima-growth-policy/glob2/artifacts/maxima-historical-validation/duels/Dejans-cortex-9507-1-latest,10240,,16384,,10752,11776,4096,6144,5632,512,4338,13424,
duels,Muka.map.gz,warrush,9522,0,historical,0,11266,won,True,False,39,19.480738505236996,11.979229540209479,4.1603053435114505,0.9772767619385763,2.2955796200958636,0.9318302858157287,0,23,7,0,3,/home/bradley/.codex/worktrees/maxima-growth-policy/glob2/artifacts/maxima-historical-validation/duels/Muka-warrush-9522-0-historical,,,,,,,10240,9216,1536,1024,6554,,
duels,Muka.map.gz,warrush,9522,0,latest,0,10562,lost,False,False,8,9.066464684718802,5.563718992615035,1.0727135012308275,1.16341601969324,1.70914599507669,1.3041090702518463,2,4,7,0,2,/home/bradley/.codex/worktrees/maxima-growth-policy/glob2/artifacts/maxima-historical-validation/duels/Muka-warrush-9522-0-latest,,,3584,,,,9216,,1536,1024,5953,,
duels,SmallForTwo.map.gz,castor,9518,0,historical,0,24802,won,True,False,139,64.1123699701637,47.3645673735989,11.597814692363519,1.0710426578501733,5.581082170792678,1.2762680428997661,1,112,36,11,155,/home/bradley/.codex/worktrees/maxima-growth-policy/glob2/artifacts/maxima-historical-validation/duels/SmallForTwo-castor-9518-0-historical,10752,18432,23040,,13312,16384,7168,9216,2048,512,,,
duels,SmallForTwo.map.gz,castor,9518,0,latest,0,24002,won,True,False,144,60.08682609782518,43.01083243063078,11.043663028080994,1.3813848845929506,7.070160819931672,1.2747271060744938,0,110,32,9,99,/home/bradley/.codex/worktrees/maxima-growth-policy/glob2/artifacts/maxima-historical-validation/duels/SmallForTwo-castor-9518-0-latest,10752,19456,14848,17920,14336,14848,9216,10752,2560,512,,,
duels,SmallForTwo.map.gz,warrush,9500,0,historical,0,16994,won,True,False,86,39.43385900906202,28.0297163704837,8.498058138166412,1.0358950217723903,3.52948099329175,0.8249970577851006,1,69,19,0,48,/home/bradley/.codex/worktrees/maxima-growth-policy/glob2/artifacts/maxima-historical-validation/duels/SmallForTwo-warrush-9500-0-historical,11264,,16384,,14336,,7680,8704,2560,512,3885,,
duels,SmallForTwo.map.gz,warrush,9500,0,latest,0,48674,won,True,False,88,42.1527509553355,25.916485187163577,14.986276040596623,1.0848502280478285,4.9133829149032335,1.9204092534001727,4,91,40,6,68,/home/bradley/.codex/worktrees/maxima-growth-policy/glob2/artifacts/maxima-historical-validation/duels/SmallForTwo-warrush-9500-0-latest,27136,,28672,17408,31232,34304,22016,19456,2048,512,3902,37309,
duels,balanced_for_2.map.gz,warrush,9521,1,historical,0,32930,won,True,False,193,75.01339204372913,51.65217127239599,15.000182204676587,1.8883085332523535,5.39204372912238,1.2860613422411176,0,180,36,20,271,/home/bradley/.codex/worktrees/maxima-growth-policy/glob2/artifacts/maxima-historical-validation/duels/balanced_for_2-warrush-9521-1-historical,12288,23552,15872,19968,15360,17408,10240,9728,1024,1024,2517,,
duels,balanced_for_2.map.gz,warrush,9521,1,latest,0,40546,won,True,False,174,96.8577911507917,65.25827455236028,20.66615695752972,2.787747250036995,8.288413160361072,2.0971242539338038,0,179,41,21,305,/home/bradley/.codex/worktrees/maxima-growth-policy/glob2/artifacts/maxima-historical-validation/duels/balanced_for_2-warrush-9521-1-latest,9728,19456,11264,15872,10240,18432,4608,5120,1024,1024,5817,,
duels,Muka.map.gz,warrush,9517,1,historical,0,26594,won,True,False,55,26.61280740016545,16.36075806572911,7.995525306460104,1.3154094908626006,3.1036323982853276,2.3420320373016468,7,42,20,1,51,/home/bradley/.codex/worktrees/maxima-growth-policy/glob2/artifacts/maxima-historical-validation/duels/Muka-warrush-9517-1-historical,24064,,15360,25600,22016,25600,6144,13824,1024,1024,3315,,
duels,Muka.map.gz,warrush,9517,1,latest,0,7618,lost,False,False,5,7.184300341296928,5.302441585718036,0.6720924127067471,0.5376739301653978,1.731163034917301,2.36151220792859,5,4,2,0,0,/home/bradley/.codex/worktrees/maxima-growth-policy/glob2/artifacts/maxima-historical-validation/duels/Muka-warrush-9517-1-latest,,,,,,,,,1024,1024,3523,,
duels,Muka.map.gz,cortex,9516,0,historical,0,16738,won,True,False,63,34.659218544628985,21.059505317242202,8.01039550722906,0.9847054606285099,3.5528737005615962,1.6140518580475565,0,36,16,3,40,/home/bradley/.codex/worktrees/maxima-growth-policy/glob2/artifacts/maxima-historical-validation/duels/Muka-cortex-9516-0-historical,11264,,,,9728,12288,8704,8192,7168,1024,4482,,
duels,Muka.map.gz,cortex,9516,0,latest,0,27874,won,True,False,179,65.56314127861089,46.29995694912822,12.424696850111214,2.1080576881681856,8.31663916194303,2.673172131735668,0,112,35,11,188,/home/bradley/.codex/worktrees/maxima-growth-policy/glob2/artifacts/maxima-historical-validation/duels/Muka-cortex-9516-0-latest,12288,22016,15872,20480,10240,12800,8704,8192,8704,1024,3676,,
duels,strange2.map.gz,warrush,9508,1,historical,0,17314,won,True,False,0,146.8517962342613,134.31350352316045,10.645720226406377,8.798429016980478,0.9852142774633245,71.85861152824305,307,218,13,0,8,/home/bradley/.codex/worktrees/maxima-growth-policy/glob2/artifacts/maxima-historical-validation/duels/strange2-warrush-9508-1-historical,512,512,512,,,,2048,1024,1024,512,730,,
duels,strange2.map.gz,warrush,9508,1,latest,0,17186,won,True,False,0,163.81804957523565,151.7822064471081,8.937507273362039,7.283021063656465,5.78947980914698,73.70662166880018,323,215,20,0,4,/home/bradley/.codex/worktrees/maxima-growth-policy/glob2/artifacts/maxima-historical-validation/duels/strange2-warrush-9508-1-latest,512,512,512,,,,2560,2048,1024,512,742,,
duels,strange2.map.gz,warrush,9517,0,historical,0,17474,lost,False,False,0,141.78596772347487,129.45038342680553,10.636145129907291,4.812864827744077,0.146503376445004,71.11273892640494,325,213,17,0,7,/home/bradley/.codex/worktrees/maxima-growth-policy/glob2/artifacts/maxima-historical-validation/duels/strange2-warrush-9517-0-historical,512,512,512,,,,2560,1536,1024,512,700,,
duels,strange2.map.gz,warrush,9517,0,latest,0,17506,won,True,False,0,142.22872158117218,133.71781103621615,6.141894207700217,7.336341825659773,1.4916028790129099,67.26836513195475,311,204,18,0,0,/home/bradley/.codex/worktrees/maxima-growth-policy/glob2/artifacts/maxima-historical-validation/duels/strange2-warrush-9517-0-latest,512,512,512,,,,,4608,1024,512,697,,
duels,Dejans.map.gz,cortex,9514,0,historical,0,40738,won,True,False,131,66.8236290441357,41.19637684716972,15.465584957533506,1.8877215376307133,5.953900535126909,2.365310029947469,3,89,29,19,257,/home/bradley/.codex/worktrees/maxima-growth-policy/glob2/artifacts/maxima-historical-validation/duels/Dejans-cortex-9514-0-historical,13312,33792,14848,,11776,16384,2560,4608,5632,512,,6752,
duels,Dejans.map.gz,cortex,9514,0,latest,0,30722,won,True,False,104,59.986198815181304,39.94329796237224,11.525747021678276,1.9001367098496191,6.98365991797409,1.716554911789597,0,55,25,15,172,/home/bradley/.codex/worktrees/maxima-growth-policy/glob2/artifacts/maxima-historical-validation/duels/Dejans-cortex-9514-0-latest,10752,29696,15360,,11776,13312,7168,6144,6656,512,,,
duels,Dejans.map.gz,cortex,9522,0,historical,0,19778,won,True,False,82,46.66376782283345,29.35524319951461,11.246738800687632,1.0162807159470117,5.000404489837193,2.1002123571645264,2,48,24,6,78,/home/bradley/.codex/worktrees/maxima-growth-policy/glob2/artifacts/maxima-historical-validation/duels/Dejans-cortex-9522-0-historical,11264,,19456,,10240,14336,2560,4608,5632,512,5948,,
duels,Dejans.map.gz,cortex,9522,0,latest,0,25890,won,True,False,102,57.03800695249131,36.45206643491696,12.382927771340286,2.497025878717652,6.164774044032445,1.8193897257628429,2,55,24,9,131,/home/bradley/.codex/worktrees/maxima-growth-policy/glob2/artifacts/maxima-historical-validation/duels/Dejans-cortex-9522-0-latest,10752,25088,6144,18944,11776,16384,4096,5120,4608,512,3694,,
duels,Dejans.map.gz,cortex,9511,1,historical,0,46210,won,True,False,60,42.14341051720407,28.089158190867778,8.513979658082667,1.3130491235663275,3.883748106470461,4.066479117074226,17,69,30,22,131,/home/bradley/.codex/worktrees/maxima-growth-policy/glob2/artifacts/maxima-historical-validation/duels/Dejans-cortex-9511-1-historical,11776,,3584,5632,11776,18944,5632,4608,6144,512,20722,,
duels,Dejans.map.gz,cortex,9511,1,latest,0,30722,won,True,False,91,53.69409543649502,33.48479916672092,12.508886140225245,2.6500878849033267,6.708742920382788,1.1333897532712713,1,56,28,12,151,/home/bradley/.codex/worktrees/maxima-growth-policy/glob2/artifacts/maxima-historical-validation/duels/Dejans-cortex-9511-1-latest,10240,,2560,12800,11264,11776,4608,6144,6144,512,6383,10491,
duels,balanced_for_2.map.gz,cortex,9519,0,historical,0,23490,won,True,False,104,46.19961685823755,28.468071519795657,11.567730949340145,1.310770540655598,3.7632183908045977,1.4821626223925075,0,81,26,6,104,/home/bradley/.codex/worktrees/maxima-growth-policy/glob2/artifacts/maxima-historical-validation/duels/balanced_for_2-cortex-9519-0-historical,15360,23040,18432,22016,18944,16896,3072,4096,2560,512,2881,,
duels,balanced_for_2.map.gz,cortex,9519,0,latest,0,16642,lost,False,False,3,19.505708448503785,12.275688018267035,3.7535152024996994,0.6460761927652926,2.0612907102511717,2.7691383247205863,8,31,17,0,6,/home/bradley/.codex/worktrees/maxima-growth-policy/glob2/artifacts/maxima-historical-validation/duels/balanced_for_2-cortex-9519-0-latest,,,,,,,4096,4608,2560,512,3285,,
duels,SmallForTwo.map.gz,warrush,9503,1,historical,0,24674,won,True,False,142,67.89965145497284,50.177595849882465,12.856934424900706,1.4540812190970251,5.130015400826781,3.3628921131555485,3,116,31,6,148,/home/bradley/.codex/worktrees/maxima-growth-policy/glob2/artifacts/maxima-historical-validation/duels/SmallForTwo-warrush-9503-1-historical,9728,17920,8192,9728,12288,14848,8192,6656,4096,512,4554,,
duels,SmallForTwo.map.gz,warrush,9503,1,latest,0,42370,won,True,False,156,80.88869483124853,58.24385178192117,18.569081897569035,1.0302100542836914,6.9611517583195655,6.217323578003304,6,131,42,19,251,/home/bradley/.codex/worktrees/maxima-growth-policy/glob2/artifacts/maxima-historical-validation/duels/SmallForTwo-warrush-9503-1-latest,8704,33792,12800,,13824,18432,7168,5120,3072,512,4971,,
duels,strange2.map.gz,warrush,9504,0,historical,0,18626,won,True,False,0,125.09996778696446,106.7101900569097,16.438097283367338,6.336518844625792,0.24739611296037797,61.354236014173736,300,196,16,0,6,/home/bradley/.codex/worktrees/maxima-growth-policy/glob2/artifacts/maxima-historical-validation/duels/strange2-warrush-9504-0-historical,512,512,512,,,,3072,2048,1024,512,694,,
duels,strange2.map.gz,warrush,9504,0,latest,0,16738,won,True,False,1,162.12797227864738,149.48882781694348,10.314374477237424,5.963555980403871,3.498864858406022,72.96080774286055,302,198,21,0,4,/home/bradley/.codex/worktrees/maxima-growth-policy/glob2/artifacts/maxima-historical-validation/duels/strange2-warrush-9504-0-latest,512,512,512,,,,7168,3584,1024,512,699,,
duels,Muka.map.gz,warrush,9519,0,historical,0,13378,won,True,False,39,17.259156824637465,12.097473463895948,3.5345343100612947,1.0814770518762147,2.291971894154582,1.0333383166392585,0,24,8,0,4,/home/bradley/.codex/worktrees/maxima-growth-policy/glob2/artifacts/maxima-historical-validation/duels/Muka-warrush-9519-0-historical,,,12288,,,,11776,11264,1024,1024,5721,,
duels,Muka.map.gz,warrush,9519,0,latest,0,4066,lost,False,False,9,7.048204623708805,3.929660600098377,0.8111165764879489,0.9370388588293163,1.6925725528775208,0.3074274471224791,0,2,2,0,0,/home/bradley/.codex/worktrees/maxima-growth-policy/glob2/artifacts/maxima-historical-validation/duels/Muka-warrush-9519-0-latest,,,,,,,,,1536,1024,3481,,
duels,Dejans.map.gz,castor,9518,0,historical,0,16610,won,True,False,61,39.16062612883805,25.911258278145695,8.116074653822999,1.1060806742925948,4.455147501505118,1.6573148705599037,2,52,16,1,48,/home/bradley/.codex/worktrees/maxima-growth-policy/glob2/artifacts/maxima-historical-validation/duels/Dejans-castor-9518-0-historical,11264,,14848,,10240,15872,2560,5120,5632,512,3494,6967,
duels,Dejans.map.gz,castor,9518,0,latest,0,35554,won,True,False,62,45.48247735838443,28.609748551499127,9.664763458401305,2.7911908646003263,6.012713056196208,0.7903470776846487,2,57,23,10,112,/home/bradley/.codex/worktrees/maxima-growth-policy/glob2/artifacts/maxima-historical-validation/duels/Dejans-castor-9518-0-latest,13824,,3584,7680,12288,18432,7680,6144,3584,512,3285,13278,
duels,balanced_for_2.map.gz,castor,9502,1,historical,0,15906,won,True,False,86,42.49534766754684,29.66390041493776,7.678046020369671,1.4066390041493777,3.4570602288444614,0.7725386646548472,0,66,21,2,71,/home/bradley/.codex/worktrees/maxima-growth-policy/glob2/artifacts/maxima-historical-validation/duels/balanced_for_2-castor-9502-1-historical,9216,,12288,15360,11264,14336,4608,5120,1536,1024,5784,,
duels,balanced_for_2.map.gz,castor,9502,1,latest,0,17538,won,True,False,81,46.295814802143916,31.55741817767134,8.701562321815487,2.1607937050975026,4.3871593112099445,0.7666780704755388,0,62,21,6,83,/home/bradley/.codex/worktrees/maxima-growth-policy/glob2/artifacts/maxima-historical-validation/duels/balanced_for_2-castor-9502-1-latest,9216,,10752,15872,9216,11776,4096,5120,1536,1024,,,
duels,balanced_for_2.map.gz,cortex,9516,1,historical,0,17314,lost,False,False,8,24.07057872242116,15.598648492549382,3.969215663624812,0.7782141619498671,2.236571560586808,1.2700704632089639,3,34,18,0,5,/home/bradley/.codex/worktrees/maxima-growth-policy/glob2/artifacts/maxima-historical-validation/duels/balanced_for_2-cortex-9516-1-historical,,,,,12800,,13312,8704,2560,1024,7441,,
duels,balanced_for_2.map.gz,cortex,9516,1,latest,0,30914,lost,False,False,11,50.23869444264734,30.359675228052016,12.007504690431519,1.3580901856763925,4.370382351038365,2.2655107718185934,4,73,31,7,73,/home/bradley/.codex/worktrees/maxima-growth-policy/glob2/artifacts/maxima-historical-validation/duels/balanced_for_2-cortex-9516-1-latest,8704,,11264,20480,9216,13824,4608,5632,2048,1024,3324,,
duels,SmallForTwo.map.gz,cortex,9513,1,historical,0,17666,won,True,False,87,52.09809804143553,34.06798369749802,14.2038944865844,1.6233442771425337,3.7104041661949507,4.347899920751726,3,62,22,2,79,/home/bradley/.codex/worktrees/maxima-growth-policy/glob2/artifacts/maxima-historical-validation/duels/SmallForTwo-cortex-9513-1-historical,8192,,8192,,10752,12800,3584,5632,6656,512,3933,,
duels,SmallForTwo.map.gz,cortex,9513,1,latest,0,16802,won,True,False,120,55.67521723604333,35.61546244494703,14.914533984049518,0.984763718604928,5.469229853588859,3.1965242233067492,0,68,26,5,61,/home/bradley/.codex/worktrees/maxima-growth-policy/glob2/artifacts/maxima-historical-validation/duels/SmallForTwo-cortex-9513-1-latest,9216,13824,,,10752,12800,4096,5632,4608,512,,,
duels,Dejans.map.gz,warrush,9518,1,historical,0,15138,won,True,False,40,29.88717135685031,19.409168978729028,8.004492006870128,0.9830889153124587,1.9729158409301097,4.4667723609459635,10,43,12,0,32,/home/bradley/.codex/worktrees/maxima-growth-policy/glob2/artifacts/maxima-historical-validation/duels/Dejans-warrush-9518-1-historical,,,,,12288,,4096,5120,1536,512,1486,,
duels,Dejans.map.gz,warrush,9518,1,latest,0,18914,won,True,False,67,36.99619329597124,24.75726974727715,8.257216876387862,1.2842339008142116,4.062916358253146,1.4554298403299144,3,50,21,2,50,/home/bradley/.codex/worktrees/maxima-growth-policy/glob2/artifacts/maxima-historical-validation/duels/Dejans-warrush-9518-1-latest,13312,,2560,,12800,15872,4608,7168,2560,512,3538,8237,
duels,balanced_for_2.map.gz,castor,9519,1,historical,0,25442,won,True,False,140,64.0203207295024,44.70800251552551,11.808584230799465,1.8188821633519376,4.683358226554516,1.295652857479758,0,111,29,18,201,/home/bradley/.codex/worktrees/maxima-growth-policy/glob2/artifacts/maxima-historical-validation/duels/balanced_for_2-castor-9519-1-historical,10240,21504,12288,18944,10240,13824,4096,5632,1536,1024,,,19603
duels,balanced_for_2.map.gz,castor,9519,1,latest,0,21858,won,True,False,197,74.72989294537469,56.24549364077226,11.651111721108975,2.4819288132491537,6.082715710495013,1.2125537560618538,0,179,34,11,169,/home/bradley/.codex/worktrees/maxima-growth-policy/glob2/artifacts/maxima-historical-validation/duels/balanced_for_2-castor-9519-1-latest,7680,16384,10240,14336,8192,11776,4096,4096,1536,1024,5986,,
duels,Dejans.map.gz,cortex,9503,0,historical,0,28386,won,True,False,101,56.07073909673783,33.727154230958924,14.817832734446558,1.5480166279151695,6.0509406045233565,2.010639047417741,2,57,26,14,149,/home/bradley/.codex/worktrees/maxima-growth-policy/glob2/artifacts/maxima-historical-validation/duels/Dejans-cortex-9503-0-historical,11776,,13824,,10752,14336,2560,4096,4096,512,5562,6674,
duels,Dejans.map.gz,cortex,9503,0,latest,0,39714,won,True,False,123,66.15752631313894,39.22916351916201,17.453517651206123,3.020194389887697,7.631263534270031,2.439190210001511,9,75,32,16,223,/home/bradley/.codex/worktrees/maxima-growth-policy/glob2/artifacts/maxima-historical-validation/duels/Dejans-cortex-9503-0-latest,12800,32256,3072,7168,11264,16896,3584,6144,4096,512,3698,,
duels,balanced_for_2.map.gz,castor,9504,1,historical,0,18242,won,True,False,96,48.95751562328692,33.77376384168402,9.004495121148997,1.8071483389979168,3.81438438767679,0.8139458392720097,0,82,25,6,117,/home/bradley/.codex/worktrees/maxima-growth-policy/glob2/artifacts/maxima-historical-validation/duels/balanced_for_2-castor-9504-1-historical,8704,,10240,16384,9728,11776,4096,5120,1536,1024,5578,,
duels,balanced_for_2.map.gz,castor,9504,1,latest,0,20706,won,True,False,163,65.57253936057181,46.50226987346663,10.581522264078044,2.6138317395923885,5.448758813870375,0.989085289288129,0,135,33,9,117,/home/bradley/.codex/worktrees/maxima-growth-policy/glob2/artifacts/maxima-historical-validation/duels/balanced_for_2-castor-9504-1-latest,8704,16384,10240,14336,9216,11264,5120,5120,1536,1024,5372,,
duels,Mazury.map.gz,cortex,9505,1,historical,0,30338,lost,False,False,15,52.16424945612763,31.207231854439975,14.661810270947326,2.210824708286637,3.7634649614345044,10.177071659305161,64,126,26,4,55,/home/bradley/.codex/worktrees/maxima-growth-policy/glob2/artifacts/maxima-historical-validation/duels/Mazury-cortex-9505-1-historical,11264,23552,5120,8192,14336,21504,5632,6656,4608,512,7415,,
duels,Mazury.map.gz,cortex,9505,1,latest,0,50306,lost,False,False,18,85.22379040273526,60.68767145072158,17.38118713473542,2.2492744404246015,8.829245020474694,11.953961754065121,77,98,34,9,64,/home/bradley/.codex/worktrees/maxima-growth-policy/glob2/artifacts/maxima-historical-validation/duels/Mazury-cortex-9505-1-latest,9216,20992,3072,7168,18432,25088,19456,42496,5120,512,1897,,
duels,SmallForTwo.map.gz,warrush,9509,1,historical,0,29122,won,True,False,169,75.8139894238033,55.8722958588009,15.18995948080489,1.6374562186663004,5.435547009133988,4.514662454501751,4,157,37,7,159,/home/bradley/.codex/worktrees/maxima-growth-policy/glob2/artifacts/maxima-historical-validation/duels/SmallForTwo-warrush-9509-1-historical,11776,18432,15872,22016,14848,17920,5120,5120,2560,1024,2291,,21924
duels,SmallForTwo.map.gz,warrush,9509,1,latest,0,19810,won,True,False,113,58.624028268551235,43.85487127713276,10.552498738011106,1.353861686017163,6.525694093891974,1.3846542150429075,0,80,29,3,101,/home/bradley/.codex/worktrees/maxima-growth-policy/glob2/artifacts/maxima-historical-validation/duels/SmallForTwo-warrush-9509-1-latest,9216,14848,14848,,11776,14848,4096,7680,4096,1024,5804,,
duels,Muka.map.gz,cortex,9519,1,historical,0,51394,won,True,False,234,83.51262793322178,49.93489512394443,23.412266023271197,2.7347939448184615,6.307934778378799,3.716231466708176,2,168,48,32,308,/home/bradley/.codex/worktrees/maxima-growth-policy/glob2/artifacts/maxima-historical-validation/duels/Muka-cortex-9519-1-historical,14848,34816,11776,18432,10752,13312,4096,7168,9728,1024,3919,,
duels,Muka.map.gz,cortex,9519,1,latest,0,22722,lost,False,False,3,19.50558929671684,11.100695361323828,4.168647126133263,1.1491946131502508,2.653463603556025,0.7408678813484728,7,16,15,0,26,/home/bradley/.codex/worktrees/maxima-growth-policy/glob2/artifacts/maxima-historical-validation/duels/Muka-cortex-9519-1-latest,,,3584,11776,15872,,8192,13312,6656,1024,3723,,
duels,Mazury.map.gz,cortex,9501,0,historical,0,41058,lost,False,False,8,53.52352769253252,33.99074480003897,13.110916264796142,2.0412587071947,4.451848604413269,6.997613132641629,36,124,34,8,99,/home/bradley/.codex/worktrees/maxima-growth-policy/glob2/artifacts/maxima-historical-validation/duels/Mazury-cortex-9501-0-historical,11776,25600,3584,6144,10752,15872,4096,5120,5632,512,6398,,
duels,Mazury.map.gz,cortex,9501,0,latest,0,29826,lost,False,False,9,47.13273653859049,33.63109367665795,8.995373164353248,1.6994568497284248,3.570576007510226,7.643465432843827,23,112,27,0,25,/home/bradley/.codex/worktrees/maxima-growth-policy/glob2/artifacts/maxima-historical-validation/duels/Mazury-cortex-9501-0-latest,7680,,4608,8192,13824,,5120,4608,4096,512,6394,,
duels,balanced_for_2.map.gz,castor,9505,0,historical,0,13026,won,True,False,83,46.593965914325196,31.944188545984954,9.36419468754798,1.0959619223092276,3.5630277905727006,0.6242898817749117,0,66,20,3,80,/home/bradley/.codex/worktrees/maxima-growth-policy/glob2/artifacts/maxima-historical-validation/duels/balanced_for_2-castor-9505-0-historical,6656,,11776,,8192,10752,3072,3584,1024,512,635,,
duels,balanced_for_2.map.gz,castor,9505,0,latest,0,20834,won,True,False,148,63.09081309398099,44.77920706537391,11.039454737448402,2.3780359028511087,5.261687625995968,0.672938465969089,0,127,30,8,142,/home/bradley/.codex/worktrees/maxima-growth-policy/glob2/artifacts/maxima-historical-validation/duels/balanced_for_2-castor-9505-0-latest,7680,17408,9216,13312,8704,11264,4096,5632,2048,512,639,,
duels,Muka.map.gz,castor,9515,0,historical,0,28354,won,True,False,103,54.969457572123865,36.76627636312337,12.370071242152783,1.833109966847711,4.819707977710376,3.8418565281794455,3,91,30,11,104,/home/bradley/.codex/worktrees/maxima-growth-policy/glob2/artifacts/maxima-historical-validation/duels/Muka-castor-9515-0-historical,11264,27648,3584,7168,11264,13824,7680,6656,7168,1024,3476,,
duels,Muka.map.gz,castor,9515,0,latest,0,18690,won,True,False,66,35.32514713750669,22.138897806313537,7.295505617977528,1.5616907437132157,4.520920278223649,1.2056714820759764,0,49,17,2,38,/home/bradley/.codex/worktrees/maxima-growth-policy/glob2/artifacts/maxima-historical-validation/duels/Muka-castor-9515-0-latest,12288,,3584,8192,11776,14848,9728,8704,10240,1024,4699,,
duels,balanced_for_2.map.gz,warrush,9517,0,historical,0,40578,won,True,False,72,46.40815220069989,25.76085563605895,14.606141258810192,1.3186455714919414,4.195672531913845,1.4510325792301246,4,80,32,11,168,/home/bradley/.codex/worktrees/maxima-growth-policy/glob2/artifacts/maxima-historical-validation/duels/balanced_for_2-warrush-9517-0-historical,25600,,27648,40448,26112,28672,4096,4096,1024,512,635,,
duels,balanced_for_2.map.gz,warrush,9517,0,latest,0,22818,lost,False,False,7,26.398019107721975,12.680690682794285,7.406170567096152,0.8750986063633973,2.9633622578665966,1.1458497677272328,0,35,16,0,20,/home/bradley/.codex/worktrees/maxima-growth-policy/glob2/artifacts/maxima-historical-validation/duels/balanced_for_2-warrush-9517-0-latest,,,,,,,5632,6656,1024,512,642,,
duels,Dejans.map.gz,warrush,9504,1,historical,0,14338,won,True,False,60,33.503696470916445,21.395173664388338,7.572325289440648,0.982145348026224,3.536058027618915,0.9287208815734412,1,47,17,0,40,/home/bradley/.codex/worktrees/maxima-growth-policy/glob2/artifacts/maxima-historical-validation/duels/Dejans-warrush-9504-1-historical,12288,,,,11776,,4096,5632,2560,512,3327,,
duels,Dejans.map.gz,warrush,9504,1,latest,0,9858,won,True,False,47,24.86802596875634,16.76871576384662,5.410529519172246,1.740312436599716,2.7926557110975856,1.4023128423615339,0,28,10,0,16,/home/bradley/.codex/worktrees/maxima-growth-policy/glob2/artifacts/maxima-historical-validation/duels/Dejans-warrush-9504-1-latest,,,2560,,,,5632,6144,2048,512,2311,,
duels,balanced_for_2.map.gz,castor,9518,1,historical,0,16258,won,True,False,88,44.84358469676467,30.94845614466724,8.15457005781769,1.5041210480993972,3.6065936769590357,0.6773280846352565,0,71,23,6,87,/home/bradley/.codex/worktrees/maxima-growth-policy/glob2/artifacts/maxima-historical-validation/duels/balanced_for_2-castor-9518-1-historical,9216,,10752,15872,10240,12288,4096,5632,1536,1024,,,
duels,balanced_for_2.map.gz,castor,9518,1,latest,0,23970,won,True,False,168,65.759324155194,46.174509803921566,11.97430120984564,2.3698790154359615,5.5346683354192745,1.130997079682937,0,147,32,14,163,/home/bradley/.codex/worktrees/maxima-growth-policy/glob2/artifacts/maxima-historical-validation/duels/balanced_for_2-castor-9518-1-latest,9216,19456,10240,15872,9728,12288,5120,6656,1536,1024,675,,16630
duels,strange2.map.gz,warrush,9503,1,historical,0,19330,won,True,False,0,131.9598551474392,117.57723745473358,12.3960682876358,7.56275219865494,0.9867563372995344,64.15230212105536,312,223,12,0,12,/home/bradley/.codex/worktrees/maxima-growth-policy/glob2/artifacts/maxima-historical-validation/duels/strange2-warrush-9503-1-historical,512,512,512,,,,2048,1536,1024,512,728,,
duels,strange2.map.gz,warrush,9503,1,latest,0,17602,won,True,False,1,156.59510282922395,150.0213043972276,4.392228155891376,7.363595046017498,3.512555391432792,71.57754800590843,319,224,14,0,0,/home/bradley/.codex/worktrees/maxima-growth-policy/glob2/artifacts/maxima-historical-validation/duels/strange2-warrush-9503-1-latest,512,512,512,,,,,3584,1024,512,736,,
duels,strange2.map.gz,cortex,9512,1,historical,0,19714,won,True,False,0,150.86780967840113,134.24611950897838,14.881606979811302,7.298468093740489,0.46748503601501473,71.44729633762807,374,283,12,0,13,/home/bradley/.codex/worktrees/maxima-growth-policy/glob2/artifacts/maxima-historical-validation/duels/strange2-cortex-9512-1-historical,512,512,512,,,,2048,1024,2048,512,733,,
duels,strange2.map.gz,cortex,9512,1,latest,0,17474,won,True,False,1,173.2440196863912,158.85738811949182,11.485864713288315,7.893670596314524,3.4357330891610394,77.4308114913586,356,269,17,0,4,/home/bradley/.codex/worktrees/maxima-growth-policy/glob2/artifacts/maxima-historical-validation/duels/strange2-cortex-9512-1-latest,512,512,512,,,,4096,2048,1024,512,732,,
duels,Mazury.map.gz,cortex,9512,1,historical,0,43394,lost,False,False,6,38.10471493754897,24.78361063741531,9.557265981472092,2.218186846107757,3.3332718809051944,5.681246255242661,43,96,25,5,62,/home/bradley/.codex/worktrees/maxima-growth-policy/glob2/artifacts/maxima-historical-validation/duels/Mazury-cortex-9512-1-historical,12800,,4096,9216,14848,18944,4608,5120,4096,512,1689,,
duels,Mazury.map.gz,cortex,9512,1,latest,0,29122,lost,False,False,8,48.66533891903028,33.413364466726186,9.282878923150882,1.5295652771100885,4.204312890598173,5.973353478469885,26,79,23,1,48,/home/bradley/.codex/worktrees/maxima-growth-policy/glob2/artifacts/maxima-historical-validation/duels/Mazury-cortex-9512-1-latest,10240,,2560,7168,13312,23040,9216,9216,2560,512,1897,,
duels,Mazury.map.gz,cortex,9513,0,historical,0,36418,lost,False,False,9,49.30007139326707,29.55922895271569,13.906364984348398,1.8557856005272118,4.418144873414246,7.2460321818880775,43,81,25,10,86,/home/bradley/.codex/worktrees/maxima-growth-policy/glob2/artifacts/maxima-historical-validation/duels/Mazury-cortex-9513-0-historical,11264,,11776,18944,9728,16896,4096,4608,5632,512,6763,,
duels,Mazury.map.gz,cortex,9513,0,latest,0,49058,lost,False,False,12,56.506461739165886,36.86770761139875,13.503934118798158,2.038444290431734,5.430347751640915,5.818215173875821,44,133,40,18,139,/home/bradley/.codex/worktrees/maxima-growth-policy/glob2/artifacts/maxima-historical-validation/duels/Mazury-cortex-9513-0-latest,7680,,4096,6144,8192,14848,4096,4608,5120,512,5572,,
duels,Mazury.map.gz,warrush,9520,1,historical,0,32162,won,True,False,63,33.625116597226544,23.588551706983395,7.330420993719296,2.2597475281387975,3.3632236801193955,2.2329457123313228,2,38,15,0,45,/home/bradley/.codex/worktrees/maxima-growth-policy/glob2/artifacts/maxima-historical-validation/duels/Mazury-warrush-9520-1-historical,26112,,7168,11264,29184,,5632,6656,1536,512,3752,,
duels,Mazury.map.gz,warrush,9520,1,latest,0,48098,won,True,False,526,205.19115139922658,168.17666015218927,24.93806395276311,4.513160630379642,13.45087113809306,24.784315356147864,82,582,82,31,255,/home/bradley/.codex/worktrees/maxima-growth-policy/glob2/artifacts/maxima-historical-validation/duels/Mazury-warrush-9520-1-latest,12288,18432,2560,11776,16896,20992,11776,10752,3072,512,2310,,42181
duels,strange2.map.gz,castor,9523,0,historical,0,52194,won,True,False,0,76.05349273862896,71.7863355941296,3.207725025865042,6.105874238418209,0.9950952216729892,36.069739816837185,485,357,16,0,6,/home/bradley/.codex/worktrees/maxima-growth-policy/glob2/artifacts/maxima-historical-validation/duels/strange2-castor-9523-0-historical,512,512,512,,,,3072,1536,1024,512,,,
duels,strange2.map.gz,castor,9523,0,latest,0,36578,won,True,False,0,112.90371261413965,108.34053256055553,3.1214391164087703,8.504729618896604,6.671879271693368,49.14516922740445,438,311,16,0,0,/home/bradley/.codex/worktrees/maxima-growth-policy/glob2/artifacts/maxima-historical-validation/duels/strange2-castor-9523-0-latest,512,512,512,,,,,,1024,512,,,
duels,strange2.map.gz,cortex,9509,0,historical,0,11106,lost,False,False,25,204.02323068611562,178.8078516117414,20.466954799207635,5.90977849810913,0.27660723933009185,88.94381415451107,273,236,17,0,11,/home/bradley/.codex/worktrees/maxima-growth-policy/glob2/artifacts/maxima-historical-validation/duels/strange2-cortex-9509-0-historical,512,512,512,,,,3072,2048,1536,512,,,
duels,strange2.map.gz,cortex,9509,0,latest,0,9410,lost,False,False,108,237.31413390010627,221.25111583421892,10.641764080765144,5.332199787460149,1.9587672688629119,92.20297555791711,184,241,17,0,0,/home/bradley/.codex/worktrees/maxima-growth-policy/glob2/artifacts/maxima-historical-validation/duels/strange2-cortex-9509-0-latest,512,512,512,,,,,3584,1024,512,,,
duels,SmallForTwo.map.gz,castor,9523,1,historical,0,9954,won,True,False,56,24.30671087000201,15.208257986739,5.9789029535864975,1.4311834438416717,2.1452682338758287,0.6051838456901748,0,48,13,0,21,/home/bradley/.codex/worktrees/maxima-growth-policy/glob2/artifacts/maxima-historical-validation/duels/SmallForTwo-castor-9523-1-historical,9728,,6144,9216,,,6144,5120,3072,1024,6587,,9708
duels,SmallForTwo.map.gz,castor,9523,1,latest,0,13442,won,True,False,78,33.463621484898084,22.871745276000595,6.848534444279125,1.495461984823687,4.152953429549174,0.40961166493081386,0,66,19,0,38,/home/bradley/.codex/worktrees/maxima-growth-policy/glob2/artifacts/maxima-historical-validation/duels/SmallForTwo-castor-9523-1-latest,9728,,7680,12800,11264,,6656,6144,5632,1024,7817,,13246
duels,strange2.map.gz,warrush,9505,0,historical,0,18722,won,True,False,0,125.98995833778443,115.37912616173486,8.942634333938681,5.611686785599829,0.13673752804187586,60.766157461809634,294,203,17,0,5,/home/bradley/.codex/worktrees/maxima-growth-policy/glob2/artifacts/maxima-historical-validation/duels/strange2-warrush-9505-0-historical,512,512,512,,,,2560,1536,1024,512,703,,
duels,strange2.map.gz,warrush,9505,0,latest,0,19010,won,True,False,0,131.8110468174645,123.27322461862178,6.571699105733824,6.969594950026302,1.6159915833771699,59.953287743293004,287,191,20,0,0,/home/bradley/.codex/worktrees/maxima-growth-policy/glob2/artifacts/maxima-historical-validation/duels/strange2-warrush-9505-0-latest,512,512,512,,,,,3072,1024,512,924,,
duels,Dejans.map.gz,castor,9523,0,historical,0,35298,won,True,False,75,49.797863901637484,29.288883222845488,13.848150036829281,1.4488072978639017,4.613915802595048,1.6953935067142614,8,81,24,16,174,/home/bradley/.codex/worktrees/maxima-growth-policy/glob2/artifacts/maxima-historical-validation/duels/Dejans-castor-9523-0-historical,15360,,17920,,14336,18944,2560,4096,4096,512,,12819,
duels,Dejans.map.gz,castor,9523,0,latest,0,20194,won,True,False,60,36.598197484401304,23.827077349707835,7.6868376745567994,0.9873229672179855,4.830741804496385,0.9634544914330989,2,49,19,1,40,/home/bradley/.codex/worktrees/maxima-growth-policy/glob2/artifacts/maxima-historical-validation/duels/Dejans-castor-9523-0-latest,14848,,,,14336,19456,2560,5120,15360,512,3487,,
duels,balanced_for_2.map.gz,warrush,9513,1,historical,0,30178,won,True,False,230,91.79743521770827,67.26890449996687,15.824905560341971,2.135728013784876,6.222082311617735,1.4570879448604943,0,208,47,23,245,/home/bradley/.codex/worktrees/maxima-growth-policy/glob2/artifacts/maxima-historical-validation/duels/balanced_for_2-warrush-9513-1-historical,9216,19968,12288,16384,10240,13312,4608,5120,1024,1024,675,,
duels,balanced_for_2.map.gz,warrush,9513,1,latest,0,41698,won,True,False,205,100.82965609861384,67.69106431963164,21.48433977648808,2.269413401122356,8.533071130509857,2.293970933857739,0,210,46,23,352,/home/bradley/.codex/worktrees/maxima-growth-policy/glob2/artifacts/maxima-historical-validation/duels/balanced_for_2-warrush-9513-1-latest,9728,25600,16896,21504,12800,17408,5120,5120,1024,1024,2519,,
duels,strange2.map.gz,cortex,9517,1,historical,0,19874,won,True,False,0,146.74207507295964,134.71107980275738,9.815437254704639,5.452148535775385,0.4121968400925833,69.27483143805978,355,278,13,0,11,/home/bradley/.codex/worktrees/maxima-growth-policy/glob2/artifacts/maxima-historical-validation/duels/strange2-cortex-9517-1-historical,512,512,512,,,,1536,512,1024,512,740,,
duels,strange2.map.gz,cortex,9517,1,latest,0,18690,lost,False,False,0,158.68855002675227,142.91621187800962,13.553397538790797,6.219047619047619,3.177956126270733,70.59529159978598,349,264,19,0,9,/home/bradley/.codex/worktrees/maxima-growth-policy/glob2/artifacts/maxima-historical-validation/duels/strange2-cortex-9517-1-latest,512,512,512,,,,3072,2048,1024,512,737,,
duels,Muka.map.gz,castor,9522,0,historical,0,60000,unresolved,False,True,150,61.50933333333333,36.3456,21.4976,2.0288,5.477333333333333,2.6917333333333335,5,150,43,38,304,/home/bradley/.codex/worktrees/maxima-growth-policy/glob2/artifacts/maxima-historical-validation/duels/Muka-castor-9522-0-historical,20480,52736,13312,17408,15872,20480,6144,5632,7680,1024,,,
duels,Muka.map.gz,castor,9522,0,latest,0,45858,won,True,False,189,70.77654934798727,42.6110820358498,18.89088054428889,2.750272580574818,8.611060229403812,2.1376858999520256,0,165,44,19,271,/home/bradley/.codex/worktrees/maxima-growth-policy/glob2/artifacts/maxima-historical-validation/duels/Muka-castor-9522-0-latest,16896,32256,3584,10240,15360,18944,12800,12288,10240,1024,,,
duels,Dejans.map.gz,cortex,9509,0,historical,0,30146,won,True,False,112,61.32073906986002,36.35414316990646,16.62870695946394,1.5478670470377496,5.112718105221257,2.866184568433623,5,69,29,16,227,/home/bradley/.codex/worktrees/maxima-growth-policy/glob2/artifacts/maxima-historical-validation/duels/Dejans-cortex-9509-0-historical,11264,24576,13312,,10752,13824,3072,5120,4096,512,5328,12136,
duels,Dejans.map.gz,cortex,9509,0,latest,0,23458,won,True,False,84,46.41521016284423,30.536789155085685,9.756586239236082,1.2648137096086622,5.7657089265922075,1.3153721544888737,1,48,22,7,71,/home/bradley/.codex/worktrees/maxima-growth-policy/glob2/artifacts/maxima-historical-validation/duels/Dejans-cortex-9509-0-latest,12800,,17408,,15872,15360,4096,7168,6144,512,3891,,
duels,strange2.map.gz,warrush,9506,1,historical,0,18594,won,True,False,0,141.58889964504678,129.2804130364634,10.821555340432397,7.734753146176186,0.9862321178874905,68.45390986339679,317,224,13,0,9,/home/bradley/.codex/worktrees/maxima-growth-policy/glob2/artifacts/maxima-historical-validation/duels/strange2-warrush-9506-1-historical,512,512,512,,,,2048,1024,1024,512,735,,
duels,strange2.map.gz,warrush,9506,1,latest,0,20354,won,True,False,0,137.52107693819397,128.71691068094722,6.892404441387442,7.106809472339589,4.75464282204972,60.824211457207426,323,214,16,0,2,/home/bradley/.codex/worktrees/maxima-growth-policy/glob2/artifacts/maxima-historical-validation/duels/strange2-warrush-9506-1-latest,512,512,512,,,,2560,1536,1024,512,727,,
duels,SmallForTwo.map.gz,cortex,9509,0,historical,0,32482,won,True,False,144,77.62819407671941,41.024690597869586,31.062680869404595,0.9921187119019764,5.5225047718736535,4.993042300350964,3,89,33,12,183,/home/bradley/.codex/worktrees/maxima-growth-policy/glob2/artifacts/maxima-historical-validation/duels/SmallForTwo-cortex-9509-0-historical,10752,19456,,,13312,18432,8192,7680,2560,512,4704,,
duels,SmallForTwo.map.gz,cortex,9509,0,latest,0,24418,won,True,False,155,69.32017364239495,38.597387173396676,25.80510279302154,0.9895159308706691,5.654680973052666,3.3879105577852404,1,86,37,8,130,/home/bradley/.codex/worktrees/maxima-growth-policy/glob2/artifacts/maxima-historical-validation/duels/SmallForTwo-cortex-9509-0-latest,10240,17408,,,13824,17920,8704,8192,2560,512,5316,,
duels,Muka.map.gz,warrush,9503,0,historical,0,15138,won,True,False,61,29.50931430836306,19.37131721495574,5.892257894041485,1.0868014268727706,3.0236490949927335,1.3867089443783855,0,41,18,0,41,/home/bradley/.codex/worktrees/maxima-growth-policy/glob2/artifacts/maxima-historical-validation/duels/Muka-warrush-9503-0-historical,12800,,13824,,11264,,9728,7680,1024,1024,5721,,
duels,Muka.map.gz,warrush,9503,0,latest,0,19906,lost,False,False,1,9.267708228674772,6.840198934994474,0.9356977795639506,0.9871395559127901,1.7942328946046417,2.4275092936802976,14,11,8,0,0,/home/bradley/.codex/worktrees/maxima-growth-policy/glob2/artifacts/maxima-historical-validation/duels/Muka-warrush-9503-0-latest,,,4096,12288,,,,,1024,1024,2459,,
duels,strange2.map.gz,cortex,9508,0,historical,0,11650,lost,False,False,31,200.42248927038628,168.5181974248927,27.026008583690988,5.1531330472103,0.21974248927038625,90.4424034334764,254,230,19,0,17,/home/bradley/.codex/worktrees/maxima-growth-policy/glob2/artifacts/maxima-historical-validation/duels/strange2-cortex-9508-0-historical,512,512,512,,,,2560,1536,1024,512,,,
duels,strange2.map.gz,cortex,9508,0,latest,0,9282,lost,False,False,120,238.1440422322775,226.15998707175177,6.488472312001724,5.681534152122388,2.206421029950442,84.1661279896574,162,252,16,0,0,/home/bradley/.codex/worktrees/maxima-growth-policy/glob2/artifacts/maxima-historical-validation/duels/strange2-cortex-9508-0-latest,512,512,512,,,,,3584,1024,512,,,
duels,balanced_for_2.map.gz,warrush,9506,1,historical,0,39266,won,True,False,146,83.10057046808944,58.133397850557735,16.598125604848978,1.376610808332909,6.049101003412622,1.269800845515204,0,127,35,35,361,/home/bradley/.codex/worktrees/maxima-growth-policy/glob2/artifacts/maxima-historical-validation/duels/balanced_for_2-warrush-9506-1-historical,12800,20992,15872,19456,15360,17408,5120,9728,1024,1024,2926,32403,
duels,balanced_for_2.map.gz,warrush,9506,1,latest,0,29474,won,True,False,162,61.1651625161159,37.40235461762909,16.160039356721178,1.933975707403135,5.31207165637511,1.530976453823709,0,141,34,8,144,/home/bradley/.codex/worktrees/maxima-growth-policy/glob2/artifacts/maxima-historical-validation/duels/balanced_for_2-warrush-9506-1-latest,10752,25088,17408,21504,18944,21504,10240,6144,1024,1024,5598,,
duels,SmallForTwo.map.gz,cortex,9502,0,historical,0,16258,lost,False,False,9,25.93916840939845,16.68772296715463,6.589863451839094,0.881781276909829,2.2359453807356378,3.3626522327469552,7,31,11,0,19,/home/bradley/.codex/worktrees/maxima-growth-policy/glob2/artifacts/maxima-historical-validation/duels/SmallForTwo-cortex-9502-0-historical,,,,,,,6144,10240,2560,512,3271,,
duels,SmallForTwo.map.gz,cortex,9502,0,latest,0,16194,lost,False,False,14,24.67469433123379,14.797579350376683,7.481906879091022,0.8536494998147462,2.466098555020378,2.407928862541682,7,33,11,0,15,/home/bradley/.codex/worktrees/maxima-growth-policy/glob2/artifacts/maxima-historical-validation/duels/SmallForTwo-cortex-9502-0-latest,10752,,,,,,7168,,3584,512,3274,,
duels,SmallForTwo.map.gz,cortex,9518,0,historical,0,26914,lost,False,False,3,33.42817864308538,19.4078174927547,10.558073864903024,0.7989893735602289,2.7787025339971763,3.3506725124470536,21,56,15,0,30,/home/bradley/.codex/worktrees/maxima-growth-policy/glob2/artifacts/maxima-historical-validation/duels/SmallForTwo-cortex-9518-0-historical,17920,,,,,,8192,8704,2560,512,5514,,
duels,SmallForTwo.map.gz,cortex,9518,0,latest,0,20802,won,True,False,132,54.54739928852995,31.347033939044323,18.64301509470243,0.9876934910104798,5.372752619940391,3.120276896452264,0,64,26,1,74,/home/bradley/.codex/worktrees/maxima-growth-policy/glob2/artifacts/maxima-historical-validation/duels/SmallForTwo-cortex-9518-0-latest,11264,16896,,,16896,20480,8704,8192,2560,512,5112,,
duels,Dejans.map.gz,castor,9520,1,historical,0,15938,won,True,False,64,34.858953444597816,22.913916426151335,7.896348349855691,0.9839377588154097,3.7393650395281717,1.1849667461412976,0,56,17,0,41,/home/bradley/.codex/worktrees/maxima-growth-policy/glob2/artifacts/maxima-historical-validation/duels/Dejans-castor-9520-1-historical,11776,,,,11776,,4096,5632,6656,512,3520,9649,
duels,Dejans.map.gz,castor,9520,1,latest,0,18146,won,True,False,59,34.030860795767666,22.24490245784195,7.790918108674088,1.8589220764906866,4.023255813953488,0.3369337595062273,0,48,19,1,50,/home/bradley/.codex/worktrees/maxima-growth-policy/glob2/artifacts/maxima-historical-validation/duels/Dejans-castor-9520-1-latest,14336,,2560,11264,13824,17920,4096,6656,4096,512,3327,,
duels,SmallForTwo.map.gz,castor,9504,0,historical,0,19746,won,True,False,108,43.588169755899926,30.76025524156791,8.617036361794794,1.222120935885749,4.162463283703029,1.0112427833485262,0,87,26,3,64,/home/bradley/.codex/worktrees/maxima-growth-policy/glob2/artifacts/maxima-historical-validation/duels/SmallForTwo-castor-9504-0-historical,11776,19456,15360,17920,14848,16896,7680,9728,2048,512,7742,,
duels,SmallForTwo.map.gz,castor,9504,0,latest,0,20098,won,True,False,105,44.00920489600955,31.16733008259528,9.051945467210668,1.3121703652104688,4.949646731018012,0.8728231664842273,0,85,25,4,58,/home/bradley/.codex/worktrees/maxima-growth-policy/glob2/artifacts/maxima-historical-validation/duels/SmallForTwo-castor-9504-0-latest,12288,19456,13824,16384,14848,14848,7680,9216,2560,512,8556,,
duels,Dejans.map.gz,warrush,9500,0,historical,0,15874,won,True,False,66,39.26143379110495,25.518205871235985,9.049136953508883,0.9838729998740078,3.048632984754945,1.9037419679979841,2,54,15,3,63,/home/bradley/.codex/worktrees/maxima-growth-policy/glob2/artifacts/maxima-historical-validation/duels/Dejans-warrush-9500-0-historical,10240,,,,9216,12288,3072,4096,3584,512,3491,11740,
duels,Dejans.map.gz,warrush,9500,0,latest,0,28386,won,True,False,70,46.7863031071655,30.81068132177834,10.61089973930811,1.5108856478545762,6.213274149228493,1.2254632565349115,0,53,24,8,107,/home/bradley/.codex/worktrees/maxima-growth-policy/glob2/artifacts/maxima-historical-validation/duels/Dejans-warrush-9500-0-latest,12288,,19968,,11776,16384,3584,6144,5632,512,3484,,
duels,Dejans.map.gz,warrush,9516,1,historical,0,21730,won,True,False,70,43.64739990796134,29.157063966866083,8.659410952600092,1.5523239760699494,4.4670961803957665,1.8586286240220893,4,57,25,6,79,/home/bradley/.codex/worktrees/maxima-growth-policy/glob2/artifacts/maxima-historical-validation/duels/Dejans-warrush-9516-1-historical,11264,,12800,18944,12288,14848,4608,6144,2048,512,2303,12388,
duels,Dejans.map.gz,warrush,9516,1,latest,0,43330,won,True,False,97,58.95963535656589,35.58248326794369,17.29596122778675,3.019247634433418,6.645695822755597,1.3722132471728594,2,74,32,19,244,/home/bradley/.codex/worktrees/maxima-growth-policy/glob2/artifacts/maxima-historical-validation/duels/Dejans-warrush-9516-1-latest,15360,,3072,13824,14336,19968,4096,6144,2560,512,3937,,
duels,Muka.map.gz,castor,9516,1,historical,0,29122,won,True,False,96,42.15194698166335,25.729688894993476,10.578085296339538,1.9714992102190783,4.132133782020466,1.519195110225946,1,77,28,10,106,/home/bradley/.codex/worktrees/maxima-growth-policy/glob2/artifacts/maxima-historical-validation/duels/Muka-castor-9516-1-historical,18944,,13824,18432,13312,15872,7168,8192,10240,1024,3727,,
duels,Muka.map.gz,castor,9516,1,latest,0,52386,won,True,False,266,81.45815675943955,55.35480853663192,19.524109494903218,3.030618867636391,9.085480853663192,2.1065170083610125,1,277,60,27,269,/home/bradley/.codex/worktrees/maxima-growth-policy/glob2/artifacts/maxima-historical-validation/duels/Muka-castor-9516-1-latest,23040,36864,14336,18432,20992,24576,8192,15360,8192,1024,3709,,24975
duels,Muka.map.gz,castor,9518,1,historical,0,42626,won,True,False,187,72.30868484023836,45.78421620607141,18.331534744052924,3.0721625299113215,6.051377093792521,4.634401538966828,13,205,38,29,273,/home/bradley/.codex/worktrees/maxima-growth-policy/glob2/artifacts/maxima-historical-validation/duels/Muka-castor-9518-1-historical,16896,30208,13312,19456,12800,16384,9728,8704,6144,1024,,,
duels,Muka.map.gz,castor,9518,1,latest,0,40770,won,True,False,183,62.57728722099583,39.71165072357125,14.87093451066961,2.5934755948000983,7.658474368408143,2.0441501103752757,0,149,35,17,118,/home/bradley/.codex/worktrees/maxima-growth-policy/glob2/artifacts/maxima-historical-validation/duels/Muka-castor-9518-1-latest,19968,32768,16384,22016,15872,18944,12288,11776,8192,1024,,,
duels,Dejans.map.gz,cortex,9523,1,historical,0,30274,won,True,False,155,83.74043733897074,58.39704036466935,17.835766664464558,1.6385677479024905,7.315320076633415,4.017969214507498,8,104,35,19,228,/home/bradley/.codex/worktrees/maxima-growth-policy/glob2/artifacts/maxima-historical-validation/duels/Dejans-cortex-9523-1-historical,9728,18432,4096,7680,10752,12800,4096,6144,4608,512,3744,,
duels,Dejans.map.gz,cortex,9523,1,latest,0,29154,won,True,False,145,68.12375660286753,42.21094875488784,16.96288673938396,2.5950469918364547,7.394662824998285,2.4798655416066406,0,79,33,9,155,/home/bradley/.codex/worktrees/maxima-growth-policy/glob2/artifacts/maxima-historical-validation/duels/Dejans-cortex-9523-1-latest,10240,22016,2560,12800,11264,14336,4096,6144,5120,512,3727,,
duels,balanced_for_2.map.gz,cortex,9517,0,historical,0,24418,won,True,False,140,68.15836677860595,41.99488082562044,18.245802277008764,1.412892128757474,5.089442214759604,1.2790564337783603,0,108,32,14,211,/home/bradley/.codex/worktrees/maxima-growth-policy/glob2/artifacts/maxima-historical-validation/duels/balanced_for_2-cortex-9517-0-historical,7680,20480,18432,21504,10240,11264,3072,3584,2560,512,2882,,
duels,balanced_for_2.map.gz,cortex,9517,0,latest,0,24578,won,True,False,124,65.87972983969404,38.502888762307755,19.970461388233378,1.927170640410123,5.38571079827488,1.6456994059728212,0,86,32,13,184,/home/bradley/.codex/worktrees/maxima-growth-policy/glob2/artifacts/maxima-historical-validation/duels/balanced_for_2-cortex-9517-0-latest,7680,22016,2560,22016,8192,10752,3584,4096,2560,512,642,,
duels,Mazury.map.gz,warrush,9509,1,historical,0,35010,won,True,False,68,35.7915452727792,23.807255069980005,8.208968866038274,1.9397315052842046,3.764238788917452,2.837132247929163,3,43,19,5,69,/home/bradley/.codex/worktrees/maxima-growth-policy/glob2/artifacts/maxima-historical-validation/duels/Mazury-warrush-9509-1-historical,22016,,4608,14848,21504,25088,7168,5632,1536,512,8910,,
duels,Mazury.map.gz,warrush,9509,1,latest,0,35842,won,True,False,158,93.63216338373975,68.69577590536242,16.864739690865466,2.1858155236872943,9.18620612689024,9.787288655766977,9,111,36,7,83,/home/bradley/.codex/worktrees/maxima-growth-policy/glob2/artifacts/maxima-historical-validation/duels/Mazury-warrush-9509-1-latest,10752,17920,4096,7168,17408,26112,18432,24576,3584,512,3334,,
duels,Mazury.map.gz,cortex,9512,0,historical,0,30690,lost,False,False,4,40.16767676767677,24.387552948843272,13.027435646790485,1.4514173998044966,3.269859889214728,7.269859889214728,33,74,19,9,83,/home/bradley/.codex/worktrees/maxima-growth-policy/glob2/artifacts/maxima-historical-validation/duels/Mazury-cortex-9512-0-historical,10752,,9728,25088,9728,13312,4096,5120,5632,512,6159,,
duels,Mazury.map.gz,cortex,9512,0,latest,0,60000,unresolved,False,True,54,58.488533333333336,31.697066666666668,21.0896,1.9829333333333334,7.6672,5.085866666666667,14,77,28,16,151,/home/bradley/.codex/worktrees/maxima-growth-policy/glob2/artifacts/maxima-historical-validation/duels/Mazury-cortex-9512-0-latest,9216,,4608,10240,9216,14848,3584,4608,5120,512,5356,,
duels,balanced_for_2.map.gz,castor,9501,0,historical,0,13410,won,True,False,72,40.50111856823266,25.39716629381059,8.5137956748695,1.644593586875466,3.277404921700224,0.7664429530201342,0,54,18,3,50,/home/bradley/.codex/worktrees/maxima-growth-policy/glob2/artifacts/maxima-historical-validation/duels/balanced_for_2-castor-9501-0-historical,8192,,9216,,9216,11776,5120,4608,1536,512,635,,
duels,balanced_for_2.map.gz,castor,9501,0,latest,0,18242,won,True,False,123,56.63331871505317,40.532178489200746,9.585078390527354,1.9791689507729415,4.9198552790264225,1.0946168183313234,0,100,28,3,109,/home/bradley/.codex/worktrees/maxima-growth-policy/glob2/artifacts/maxima-historical-validation/duels/balanced_for_2-castor-9501-0-latest,8192,15872,11264,13824,9216,11776,3584,4608,2048,512,5945,,
duels,balanced_for_2.map.gz,warrush,9520,1,historical,0,38690,won,True,False,227,102.18175239079865,73.98581028689584,18.652778495735333,1.8941328508658568,6.851331093305764,1.6038769707934868,0,227,47,43,357,/home/bradley/.codex/worktrees/maxima-growth-policy/glob2/artifacts/maxima-historical-validation/duels/balanced_for_2-warrush-9520-1-historical,12800,19968,13824,16384,14336,16896,4096,5632,1536,1024,5406,,
duels,balanced_for_2.map.gz,warrush,9520,1,latest,0,37250,won,True,False,242,111.46405369127517,81.66893959731544,20.485422818791946,2.859167785234899,9.100241610738255,2.347328859060403,0,227,49,22,302,/home/bradley/.codex/worktrees/maxima-growth-policy/glob2/artifacts/maxima-historical-validation/duels/balanced_for_2-warrush-9520-1-latest,9728,19456,11264,14848,10752,16896,6144,6656,1536,1024,2923,,
duels,Muka.map.gz,cortex,9506,1,historical,0,19330,lost,False,False,6,25.561096740817383,15.02871184687015,5.8109156751164,0.9005690636316607,2.43683393688567,3.12633212622866,17,37,12,0,28,/home/bradley/.codex/worktrees/maxima-growth-policy/glob2/artifacts/maxima-historical-validation/duels/Muka-cortex-9506-1-historical,,,,,,,4096,6656,9216,1024,4738,,
duels,Muka.map.gz,cortex,9506,1,latest,0,28258,lost,False,False,10,34.71399249769976,19.975157477528487,8.546464717955978,0.9909406185858872,4.391676693325784,2.7860428905088823,9,17,17,2,40,/home/bradley/.codex/worktrees/maxima-growth-policy/glob2/artifacts/maxima-historical-validation/duels/Muka-cortex-9506-1-latest,15872,,,,14848,20992,8704,11264,10752,1024,3726,,
duels,balanced_for_2.map.gz,warrush,9511,1,historical,0,30978,won,True,False,171,72.33271999483505,49.66543998967009,14.385337981793532,2.049712699335012,5.471495900316354,1.3388210988443412,0,152,35,22,253,/home/bradley/.codex/worktrees/maxima-growth-policy/glob2/artifacts/maxima-historical-validation/duels/balanced_for_2-warrush-9511-1-historical,12288,22016,14336,19968,13312,15360,4096,6144,1024,1024,5408,,
duels,balanced_for_2.map.gz,warrush,9511,1,latest,0,26050,won,True,False,184,70.85969289827256,49.63124760076776,13.62510556621881,2.2975047984644914,5.776967370441459,1.5601535508637236,0,166,38,10,146,/home/bradley/.codex/worktrees/maxima-growth-policy/glob2/artifacts/maxima-historical-validation/duels/balanced_for_2-warrush-9511-1-latest,9728,19968,13824,16896,13312,16384,5120,5120,1024,1024,2523,,
duels,Dejans.map.gz,warrush,9517,1,historical,0,22850,won,True,False,102,53.99426695842451,36.27041575492341,11.513522975929979,1.7535229759299782,4.731466083150985,2.386695842450766,1,82,27,6,99,/home/bradley/.codex/worktrees/maxima-growth-policy/glob2/artifacts/maxima-historical-validation/duels/Dejans-warrush-9517-1-historical,10752,,5632,8192,11776,15872,4096,5120,2560,512,2504,,
duels,Dejans.map.gz,warrush,9517,1,latest,0,14146,won,True,False,63,35.112540647532875,23.97539940619256,7.195532305952213,1.8190301145200056,4.16343842782412,1.3391771525519582,0,46,17,0,29,/home/bradley/.codex/worktrees/maxima-growth-policy/glob2/artifacts/maxima-historical-validation/duels/Dejans-warrush-9517-1-latest,9728,,2560,7168,11264,,4608,6656,2048,512,1685,,
duels,Mazury.map.gz,warrush,9517,1,historical,0,18178,lost,False,False,9,15.379579711739465,11.577181208053691,2.506766420948399,1.1548025085267906,1.5493453625261304,2.9863571349983498,11,31,7,0,0,/home/bradley/.codex/worktrees/maxima-growth-policy/glob2/artifacts/maxima-historical-validation/duels/Mazury-warrush-9517-1-historical,,,2048,,,,,,1536,512,,,
duels,Mazury.map.gz,warrush,9517,1,latest,0,10850,lost,False,False,11,17.63004608294931,13.539170506912443,2.43926267281106,0.7078341013824885,1.9056221198156682,3.785622119815668,7,19,9,0,5,/home/bradley/.codex/worktrees/maxima-growth-policy/glob2/artifacts/maxima-historical-validation/duels/Mazury-warrush-9517-1-latest,,,4096,,,,5632,5632,3584,512,7056,,
duels,SmallForTwo.map.gz,cortex,9516,0,historical,0,25826,lost,False,False,7,35.909200030976535,18.745411600712462,13.575466584062573,0.872299233330752,2.7335243553008595,5.225664059474948,21,56,18,0,40,/home/bradley/.codex/worktrees/maxima-growth-policy/glob2/artifacts/maxima-historical-validation/duels/SmallForTwo-cortex-9516-0-historical,11776,,,,,,8192,8704,2560,512,4901,,
duels,SmallForTwo.map.gz,cortex,9516,0,latest,0,17954,lost,False,False,8,27.876573465523002,16.816642530912333,7.385986409713713,0.9125543054472541,3.4791132895176564,1.2747020162637852,1,44,13,0,6,/home/bradley/.codex/worktrees/maxima-growth-policy/glob2/artifacts/maxima-historical-validation/duels/SmallForTwo-cortex-9516-0-latest,10752,,13824,,,,9216,7680,2560,512,4280,,
duels,Mazury.map.gz,castor,9522,0,historical,0,45090,won,True,False,532,154.8179640718563,114.58429807052562,22.50938123752495,3.8326901752051454,9.85158571745398,12.216278554003106,18,524,61,32,356,/home/bradley/.codex/worktrees/maxima-growth-policy/glob2/artifacts/maxima-historical-validation/duels/Mazury-castor-9522-0-historical,10240,26112,8704,11776,10240,13312,3584,5120,7680,512,3702,,38746
duels,Mazury.map.gz,castor,9522,0,latest,0,23426,won,True,False,202,83.2257747801588,62.541321608469225,13.006403141808248,2.885341074020319,8.842653461965337,4.503030820455904,1,154,36,7,121,/home/bradley/.codex/worktrees/maxima-growth-policy/glob2/artifacts/maxima-historical-validation/duels/Mazury-castor-9522-0-latest,9728,14848,2048,4608,10752,13824,4096,4608,6144,512,,,10038
duels,SmallForTwo.map.gz,warrush,9508,0,historical,0,12194,won,True,False,49,24.17574216827948,16.64400524848286,5.6178448417254385,1.076267016565524,2.4884369361981302,1.0055765130391996,1,33,11,0,14,/home/bradley/.codex/worktrees/maxima-growth-policy/glob2/artifacts/maxima-historical-validation/duels/SmallForTwo-warrush-9508-0-historical,,,11264,,,,5632,11264,3072,512,4095,,
duels,SmallForTwo.map.gz,warrush,9508,0,latest,0,14338,lost,False,False,0,10.212860928999861,8.106011996094296,1.4283721579020785,0.8035988282884642,1.8034593388199192,2.392523364485981,9,16,7,0,0,/home/bradley/.codex/worktrees/maxima-growth-policy/glob2/artifacts/maxima-historical-validation/duels/SmallForTwo-warrush-9508-0-latest,,,,,,,,,2560,512,1851,,
duels,Mazury.map.gz,castor,9505,0,historical,0,39330,won,True,False,448,141.10778032036615,103.67452326468344,20.078260869565216,3.513551995931859,9.419781337401474,14.745283498601577,26,443,50,26,302,/home/bradley/.codex/worktrees/maxima-growth-policy/glob2/artifacts/maxima-historical-validation/duels/Mazury-castor-9505-0-historical,10752,23040,11776,22528,10240,12800,4096,4608,8192,512,7602,,31894
duels,Mazury.map.gz,castor,9505,0,latest,0,22658,won,True,False,105,58.53795568893989,41.661179274428456,11.14202489187042,2.553799982346191,6.638979609850825,3.7907140965663344,6,75,24,6,86,/home/bradley/.codex/worktrees/maxima-growth-policy/glob2/artifacts/maxima-historical-validation/duels/Mazury-castor-9505-0-latest,9728,20992,4608,11776,10752,15360,5120,4608,8192,512,14053,,
duels,strange2.map.gz,castor,9517,0,historical,0,36642,lost,False,False,0,107.69019158342886,101.52808252824627,4.569182904863272,6.862616669395775,0.9930134817968451,51.09939413787457,481,353,16,0,7,/home/bradley/.codex/worktrees/maxima-growth-policy/glob2/artifacts/maxima-historical-validation/duels/strange2-castor-9517-0-historical,512,512,512,,,,4096,1536,1024,512,,,
duels,strange2.map.gz,castor,9517,0,latest,0,40994,won,True,False,0,103.8887642093965,100.06693662487193,2.4229887300580573,8.517490364443578,6.292676977118603,45.43728350490316,448,321,15,0,0,/home/bradley/.codex/worktrees/maxima-growth-policy/glob2/artifacts/maxima-historical-validation/duels/strange2-castor-9517-0-latest,512,512,512,,,,,,1024,512,,,
duels,SmallForTwo.map.gz,warrush,9516,0,historical,0,24290,won,True,False,125,48.09118979003705,34.62149032523672,10.082214903252368,1.3044051049814738,3.9950596953478796,1.7681350349938245,2,115,30,2,75,/home/bradley/.codex/worktrees/maxima-growth-policy/glob2/artifacts/maxima-historical-validation/duels/SmallForTwo-warrush-9516-0-historical,13312,22016,16896,18944,15360,20992,6656,15360,2560,512,2256,,
duels,SmallForTwo.map.gz,warrush,9516,0,latest,0,16802,lost,False,False,4,20.02017616950363,12.796928937031305,5.059695274372099,0.8227591953338889,2.234138793000833,2.333650755862397,10,36,8,0,2,/home/bradley/.codex/worktrees/maxima-growth-policy/glob2/artifacts/maxima-historical-validation/duels/SmallForTwo-warrush-9516-0-latest,,,,,,,8704,,2048,512,1848,,
duels,SmallForTwo.map.gz,castor,9516,0,historical,0,30050,won,True,False,135,61.80033277870216,44.96439267886855,13.657038269550748,1.6081198003327788,5.60738768718802,1.440998336106489,1,138,32,13,181,/home/bradley/.codex/worktrees/maxima-growth-policy/glob2/artifacts/maxima-historical-validation/duels/SmallForTwo-castor-9516-0-historical,15360,22528,11776,14336,17408,17920,7680,11264,2560,512,8349,,
duels,SmallForTwo.map.gz,castor,9516,0,latest,0,18594,won,True,False,100,40.73432289986017,26.7000107561579,8.495105948155318,1.2565343659244919,5.038507045283425,0.9710659352479294,0,73,23,2,35,/home/bradley/.codex/worktrees/maxima-growth-policy/glob2/artifacts/maxima-historical-validation/duels/SmallForTwo-castor-9516-0-latest,12288,,13824,16384,15872,15360,9216,8192,5120,512,5305,,
duels,Dejans.map.gz,cortex,9523,0,historical,0,32258,won,True,False,87,57.31136462272924,36.231446462892926,13.183024366048732,1.8175336350672702,6.047740095480191,1.6996713993427988,3,68,30,19,169,/home/bradley/.codex/worktrees/maxima-growth-policy/glob2/artifacts/maxima-historical-validation/duels/Dejans-cortex-9523-0-historical,11776,,15360,,11776,16896,3584,4096,7168,512,3691,19008,
duels,Dejans.map.gz,cortex,9523,0,latest,0,32098,won,True,False,119,66.64527384883793,41.943111720356406,14.307807340021185,2.0190042993332917,7.613433858807403,2.2104180945853322,4,68,24,12,158,/home/bradley/.codex/worktrees/maxima-growth-policy/glob2/artifacts/maxima-historical-validation/duels/Dejans-cortex-9523-0-latest,9216,27136,14848,29184,11776,13312,4096,5632,5120,512,4097,11701,
duels,balanced_for_2.map.gz,warrush,9507,1,historical,0,39682,won,True,False,199,87.42487777833779,55.02273070913765,19.433244292122374,1.793609193085026,5.6260773146514795,1.5357088856408447,0,198,33,29,411,/home/bradley/.codex/worktrees/maxima-growth-policy/glob2/artifacts/maxima-historical-validation/duels/balanced_for_2-warrush-9507-1-historical,10752,26112,12800,21504,10240,12800,4096,5120,1536,1024,5408,28043,
duels,balanced_for_2.map.gz,warrush,9507,1,latest,0,32130,won,True,False,183,64.77419856831621,42.52178649237473,14.55897914721444,2.0399626517273575,5.518394024276377,1.6812947401182696,0,163,39,10,187,/home/bradley/.codex/worktrees/maxima-growth-policy/glob2/artifacts/maxima-historical-validation/duels/balanced_for_2-warrush-9507-1-latest,13312,27136,17920,23040,17920,20480,12288,5632,1024,1024,5599,,
duels,SmallForTwo.map.gz,castor,9515,1,historical,0,9410,won,True,False,58,26.96556854410202,18.371944739638682,5.688416578108395,1.2316684378320935,2.7419766206163656,0.5985122210414453,0,47,11,0,20,/home/bradley/.codex/worktrees/maxima-growth-policy/glob2/artifacts/maxima-historical-validation/duels/SmallForTwo-castor-9515-1-historical,8704,,7680,,,,5120,5120,2560,1024,5573,,
duels,SmallForTwo.map.gz,castor,9515,1,latest,0,9986,won,True,False,51,20.723613058281593,13.477969156819547,4.975766072501502,1.128379731624274,2.820949329060685,0.3591027438413779,0,40,11,0,18,/home/bradley/.codex/worktrees/maxima-growth-policy/glob2/artifacts/maxima-historical-validation/duels/SmallForTwo-castor-9515-1-latest,,,8704,,,,5120,6144,2560,1024,4947,,
duels,Muka.map.gz,castor,9514,0,historical,0,26754,won,True,False,75,44.97824624355236,28.601891305972938,10.476751140016447,2.392464678178964,3.813635344247589,1.8898856245795022,1,60,20,7,104,/home/bradley/.codex/worktrees/maxima-growth-policy/glob2/artifacts/maxima-historical-validation/duels/Muka-castor-9514-0-historical,13312,,12800,22528,11264,15360,8704,6656,8192,1024,5293,,
duels,Muka.map.gz,castor,9514,0,latest,0,23362,won,True,False,57,26.701224210255972,16.138515538053248,4.617156065405359,1.4959335673315641,3.8331478469309133,1.063265131409982,0,31,16,2,22,/home/bradley/.codex/worktrees/maxima-growth-policy/glob2/artifacts/maxima-historical-validation/duels/Muka-castor-9514-0-latest,19968,,11776,16896,17408,18432,15360,14848,10240,1024,4886,,
duels,SmallForTwo.map.gz,cortex,9505,0,historical,0,20706,lost,False,False,6,33.192939244663386,22.690814256737177,7.732686177919444,0.7912682314305033,2.642905438037284,3.8734666280305228,16,56,19,0,30,/home/bradley/.codex/worktrees/maxima-growth-policy/glob2/artifacts/maxima-historical-validation/duels/SmallForTwo-cortex-9505-0-historical,10752,,,,14336,,7680,13312,4096,512,6518,,
duels,SmallForTwo.map.gz,cortex,9505,0,latest,0,15586,lost,False,False,7,19.687347619658667,12.53714872321314,4.369049146670089,0.7207750545361221,1.8724496342871808,1.5324008725779545,5,22,8,0,3,/home/bradley/.codex/worktrees/maxima-growth-policy/glob2/artifacts/maxima-historical-validation/duels/SmallForTwo-cortex-9505-0-latest,,,,,,,10752,8704,2560,512,3883,,
duels,Muka.map.gz,warrush,9516,0,historical,0,17346,won,True,False,62,31.333736884584344,20.230831315577078,7.275971405511357,1.2325608209385448,2.74195780006918,1.8340827856566355,3,48,17,2,39,/home/bradley/.codex/worktrees/maxima-growth-policy/glob2/artifacts/maxima-historical-validation/duels/Muka-warrush-9516-0-historical,13824,,13312,,12288,15872,10752,9728,1024,1024,6965,,
duels,Muka.map.gz,warrush,9516,0,latest,0,52290,won,True,False,70,32.692943201376934,19.03866896156053,9.075157773952954,1.1151271753681393,3.770051635111876,2.6451329126027923,2,47,38,8,64,/home/bradley/.codex/worktrees/maxima-growth-policy/glob2/artifacts/maxima-historical-validation/duels/Muka-warrush-9516-0-latest,44544,,39424,14336,25600,30720,25088,24064,1536,1024,7995,,
duels,Dejans.map.gz,warrush,9507,1,historical,0,22786,won,True,False,66,45.57482664794172,28.540507329061704,10.899411919599753,1.6180988326165189,4.067673132625297,3.595190028965154,9,60,22,3,80,/home/bradley/.codex/worktrees/maxima-growth-policy/glob2/artifacts/maxima-historical-validation/duels/Dejans-warrush-9507-1-historical,11776,,13312,,10240,16896,3072,5632,2048,512,1694,,
duels,Dejans.map.gz,warrush,9507,1,latest,0,34530,won,True,False,83,52.96238053866203,31.792267593397046,15.10251954821894,1.3467130031856356,7.047552852591949,1.1391253982044598,1,62,31,11,157,/home/bradley/.codex/worktrees/maxima-growth-policy/glob2/artifacts/maxima-historical-validation/duels/Dejans-warrush-9507-1-latest,15872,,26112,,15872,19968,5632,4608,1536,512,1696,15915,
duels,Muka.map.gz,warrush,9505,1,historical,0,11714,lost,False,False,8,9.573501792726653,6.453645210858801,0.9344374253030562,0.786750896363326,1.3443742530305618,1.9351203687894827,4,5,5,0,3,/home/bradley/.codex/worktrees/maxima-growth-policy/glob2/artifacts/maxima-historical-validation/duels/Muka-warrush-9505-1-historical,,,,,,,9216,,1024,1024,6190,,
duels,Muka.map.gz,warrush,9505,1,latest,0,5602,lost,False,False,6,7.545697965012495,4.454302034987505,0.8198857550874687,0.8225633702249197,1.7258122099250268,1.744734023563013,3,2,2,0,0,/home/bradley/.codex/worktrees/maxima-growth-policy/glob2/artifacts/maxima-historical-validation/duels/Muka-warrush-9505-1-latest,,,,,,,,,1536,1024,3520,,
duels,Muka.map.gz,warrush,9512,1,historical,0,13122,lost,False,False,1,8.706142356348117,6.521109586953209,1.0925163846974546,0.7803688462124676,1.4827008078036885,2.067977442463039,9,10,8,0,1,/home/bradley/.codex/worktrees/maxima-growth-policy/glob2/artifacts/maxima-historical-validation/duels/Muka-warrush-9512-1-historical,,,,,,,9728,,1024,1024,7648,,
duels,Muka.map.gz,warrush,9512,1,latest,0,5602,lost,False,False,6,8.094073545162441,4.768832559800072,0.8198857550874687,0.7311674401999286,1.502677615137451,2.0189218136379865,4,2,2,0,0,/home/bradley/.codex/worktrees/maxima-growth-policy/glob2/artifacts/maxima-historical-validation/duels/Muka-warrush-9512-1-latest,,,,,,,,,1536,1024,3316,,
duels,Dejans.map.gz,castor,9505,1,historical,0,9762,won,True,False,43,22.438537185003074,14.613501331694325,5.234173325138292,0.9737758656013112,2.374103667281295,0.39684490883015777,0,32,10,0,19,/home/bradley/.codex/worktrees/maxima-growth-policy/glob2/artifacts/maxima-historical-validation/duels/Dejans-castor-9505-1-historical,,,,,,,4096,6144,6656,512,3518,,
duels,Dejans.map.gz,castor,9505,1,latest,0,14370,won,True,False,53,30.51642310368824,20.797981906750174,6.568823938761308,1.8218510786360473,3.826583159359777,0.5902574808629089,0,43,15,0,34,/home/bradley/.codex/worktrees/maxima-growth-policy/glob2/artifacts/maxima-historical-validation/duels/Dejans-castor-9505-1-latest,13312,,2560,7168,13824,,4096,6144,6144,512,3523,,
duels,Dejans.map.gz,castor,9512,0,historical,0,31618,won,True,False,86,54.32589031564299,32.61249920931115,14.12208235815042,2.558795622746537,5.473844012904042,1.473844012904042,2,76,23,13,181,/home/bradley/.codex/worktrees/maxima-growth-policy/glob2/artifacts/maxima-historical-validation/duels/Dejans-castor-9512-0-historical,12288,,12288,,11776,14336,3072,5120,3584,512,3490,13535,
duels,Dejans.map.gz,castor,9512,0,latest,0,32898,won,True,False,67,47.80272356982187,29.000607939692383,11.654264696942063,1.793847650313089,6.362028086813788,0.9026688552495592,1,57,26,10,140,/home/bradley/.codex/worktrees/maxima-growth-policy/glob2/artifacts/maxima-historical-validation/duels/Dejans-castor-9512-0-latest,13312,,17408,,11776,16384,6656,6144,5120,512,3486,,
duels,balanced_for_2.map.gz,warrush,9514,1,historical,0,33570,won,True,False,168,66.20804289544236,41.38537384569556,16.035507893952936,2.0772713732499257,5.166219839142091,1.3024724456359844,0,151,36,21,222,/home/bradley/.codex/worktrees/maxima-growth-policy/glob2/artifacts/maxima-historical-validation/duels/balanced_for_2-warrush-9514-1-historical,13312,28160,14336,25088,14336,16384,5120,8704,1024,1536,674,,
duels,balanced_for_2.map.gz,warrush,9514,1,latest,0,35298,won,True,False,191,112.96996996996997,87.71182503257975,17.15660943962831,2.5866054733979262,9.261544563431356,3.836251345685308,3,180,40,23,349,/home/bradley/.codex/worktrees/maxima-growth-policy/glob2/artifacts/maxima-historical-validation/duels/balanced_for_2-warrush-9514-1-latest,8704,16384,8192,11264,10240,13824,5120,5632,1024,1024,2111,24221,
duels,SmallForTwo.map.gz,warrush,9513,1,historical,0,35362,won,True,False,171,88.9914880380069,66.63296759233076,17.400995418811153,1.3856116735478763,6.345059668570782,4.231661105141112,2,159,38,18,244,/home/bradley/.codex/worktrees/maxima-growth-policy/glob2/artifacts/maxima-historical-validation/duels/SmallForTwo-warrush-9513-1-historical,8704,17408,5120,33792,12288,16896,4608,5120,3072,512,4142,,
duels,SmallForTwo.map.gz,warrush,9513,1,latest,0,23138,won,True,False,117,55.747298815800846,36.1795315066125,13.853790301668251,1.130175468925577,5.9011150488374104,2.2502377042095256,0,88,37,3,73,/home/bradley/.codex/worktrees/maxima-growth-policy/glob2/artifacts/maxima-historical-validation/duels/SmallForTwo-warrush-9513-1-latest,11776,19968,20480,22528,16384,20480,3584,6144,4096,512,4140,,
duels,SmallForTwo.map.gz,warrush,9504,0,historical,0,56354,won,True,False,181,106.11339035383469,79.37055044894772,20.453632395215955,1.4276182702203926,7.294956879724598,8.974873123469497,25,182,54,42,352,/home/bradley/.codex/worktrees/maxima-growth-policy/glob2/artifacts/maxima-historical-validation/duels/SmallForTwo-warrush-9504-0-historical,15872,24576,17920,20480,17920,22528,7168,13824,3072,512,5116,,
duels,SmallForTwo.map.gz,warrush,9504,0,latest,0,30882,won,True,False,151,50.08522764069684,33.74075513243961,12.177320121753773,1.2674697234635062,5.6410206592837255,2.6932841137232044,8,129,38,5,106,/home/bradley/.codex/worktrees/maxima-growth-policy/glob2/artifacts/maxima-historical-validation/duels/SmallForTwo-warrush-9504-0-latest,19968,26624,24064,25600,22016,25088,8704,13824,2048,512,1647,,
duels,strange2.map.gz,cortex,9513,0,historical,0,14722,lost,False,False,0,178.39770411628854,162.7519358782774,12.863537562831137,4.347235429968754,0.2086673006385002,80.98940361363945,340,262,16,0,9,/home/bradley/.codex/worktrees/maxima-growth-policy/glob2/artifacts/maxima-historical-validation/duels/strange2-cortex-9513-0-historical,512,512,512,,,,3584,1536,1024,512,,,
duels,strange2.map.gz,cortex,9513,0,latest,0,9250,lost,False,False,100,230.35610810810812,218.08475675675675,7.400432432432432,4.92627027027027,1.881945945945946,88.92972972972973,182,246,15,0,0,/home/bradley/.codex/worktrees/maxima-growth-policy/glob2/artifacts/maxima-historical-validation/duels/strange2-cortex-9513-0-latest,512,512,512,,,,,,1024,512,,,
duels,Mazury.map.gz,warrush,9516,1,historical,0,26594,lost,False,False,8,20.032789350981425,12.73610588854629,4.15853199969918,1.3284199443483493,2.904865759193803,2.7293374445363616,11,21,17,0,18,/home/bradley/.codex/worktrees/maxima-growth-policy/glob2/artifacts/maxima-historical-validation/duels/Mazury-warrush-9516-1-historical,,,9216,15872,,,7168,7168,1536,512,2303,,
duels,Mazury.map.gz,warrush,9516,1,latest,0,34754,won,True,False,115,70.57619266846982,46.97214709098233,17.30738907751626,2.0939747942682856,6.377913333716982,9.3147263624331,44,132,29,4,122,/home/bradley/.codex/worktrees/maxima-growth-policy/glob2/artifacts/maxima-historical-validation/duels/Mazury-warrush-9516-1-latest,9728,28160,5632,7680,12288,22016,6144,5120,3072,512,7038,,
duels,SmallForTwo.map.gz,castor,9501,0,historical,0,21698,won,True,False,124,50.70720803760715,36.29887547239377,10.15448428426583,1.2184533136694626,4.103696193197529,1.3600331827818233,0,99,28,6,102,/home/bradley/.codex/worktrees/maxima-growth-policy/glob2/artifacts/maxima-historical-validation/duels/SmallForTwo-castor-9501-0-historical,11776,19968,17408,19456,14848,14848,6144,8192,5120,512,5701,,
duels,SmallForTwo.map.gz,castor,9501,0,latest,0,22274,won,True,False,130,54.3113495555356,39.62058902756577,10.667684295591272,1.4253389602226811,5.931759001526443,1.1033491963724522,0,115,31,5,99,/home/bradley/.codex/worktrees/maxima-growth-policy/glob2/artifacts/maxima-historical-validation/duels/SmallForTwo-castor-9501-0-latest,11264,18432,12800,15360,13824,14848,7168,9216,4096,512,7959,,
duels,balanced_for_2.map.gz,castor,9503,0,historical,0,16802,won,True,False,90,52.18914414950601,35.60516605166052,9.326508748958457,1.2991310558266873,4.019283418640638,0.5886204023330556,0,64,21,7,129,/home/bradley/.codex/worktrees/maxima-growth-policy/glob2/artifacts/maxima-historical-validation/duels/balanced_for_2-castor-9503-0-historical,7680,,11776,,8704,10752,3584,3584,1024,512,4517,,
duels,balanced_for_2.map.gz,castor,9503,0,latest,0,20354,won,True,False,154,64.59649209000688,45.994693917657465,10.865726638498575,2.396482263928466,5.4533752579345585,0.9874226196325047,0,123,32,8,112,/home/bradley/.codex/worktrees/maxima-growth-policy/glob2/artifacts/maxima-historical-validation/duels/balanced_for_2-castor-9503-0-latest,7680,17408,9216,13312,8704,12800,3584,5120,2048,512,4727,,
duels,balanced_for_2.map.gz,warrush,9500,1,historical,0,35714,won,True,False,236,97.7047936383491,70.11642493139945,17.359410875287,1.9893039144313154,6.537940303522428,1.293890351122809,0,213,37,36,319,/home/bradley/.codex/worktrees/maxima-growth-policy/glob2/artifacts/maxima-historical-validation/duels/balanced_for_2-warrush-9500-1-historical,12288,19968,14336,16896,13312,15872,4608,8192,1024,1024,2933,,
duels,balanced_for_2.map.gz,warrush,9500,1,latest,0,32194,won,True,False,247,104.0178604708952,76.46695036342176,17.418338820898303,2.6959060694539354,7.992793688264894,2.2686836056408026,0,225,51,23,287,/home/bradley/.codex/worktrees/maxima-growth-policy/glob2/artifacts/maxima-historical-validation/duels/balanced_for_2-warrush-9500-1-latest,8704,18944,11776,16384,10240,14336,4096,4608,1024,1024,2520,26557,
duels,Muka.map.gz,cortex,9500,1,historical,0,23650,lost,False,False,9,31.170697674418605,19.283763213530655,5.780295983086681,1.6453276955602536,2.641183932346723,1.95830866807611,7,37,18,4,43,/home/bradley/.codex/worktrees/maxima-growth-policy/glob2/artifacts/maxima-historical-validation/duels/Muka-cortex-9500-1-historical,16384,,3584,9728,12800,15872,7680,8704,11264,1024,3320,,
duels,Muka.map.gz,cortex,9500,1,latest,0,48450,won,True,False,349,130.4310216718266,87.05638802889577,29.91269349845201,3.199587203302374,11.826130030959753,5.7637564499484,0,219,47,29,316,/home/bradley/.codex/worktrees/maxima-growth-policy/glob2/artifacts/maxima-historical-validation/duels/Muka-cortex-9500-1-latest,14848,25600,12800,15872,12800,16896,7168,9728,8704,1024,3517,,
duels,Muka.map.gz,cortex,9504,1,historical,0,29442,lost,False,False,3,37.975918755519324,25.402859860063856,7.251681271652741,1.2173086067522587,3.0084912709734395,3.2346987297058623,15,45,26,7,72,/home/bradley/.codex/worktrees/maxima-growth-policy/glob2/artifacts/maxima-historical-validation/duels/Muka-cortex-9504-1-historical,14336,,12288,14336,12288,15872,4096,7680,11776,1024,3693,,
duels,Muka.map.gz,cortex,9504,1,latest,0,46370,won,True,False,119,62.35335346128963,33.64438214362735,19.461850334267847,2.011774854431745,7.285960750485228,3.1726116023290922,1,42,26,20,189,/home/bradley/.codex/worktrees/maxima-growth-policy/glob2/artifacts/maxima-historical-validation/duels/Muka-cortex-9504-1-latest,16896,40960,14336,27136,14336,17920,8192,9728,9216,1024,3716,,
duels,SmallForTwo.map.gz,warrush,9512,1,historical,0,25666,won,True,False,153,69.78453985817814,51.895581703420866,13.080729369594016,1.43403724772072,5.651211719784929,2.244525831839788,3,127,32,6,147,/home/bradley/.codex/worktrees/maxima-growth-policy/glob2/artifacts/maxima-historical-validation/duels/SmallForTwo-warrush-9512-1-historical,9728,17920,16896,22528,12288,17408,6656,5632,2048,1024,5177,,
duels,SmallForTwo.map.gz,warrush,9512,1,latest,0,20194,won,True,False,119,51.51604436961474,36.02381895612558,10.859859364167574,1.4660790333762503,5.460136674259681,1.4183420818064771,0,93,29,2,59,/home/bradley/.codex/worktrees/maxima-growth-policy/glob2/artifacts/maxima-historical-validation/duels/SmallForTwo-warrush-9512-1-latest,11264,18432,13312,16384,13312,16384,5632,6144,4096,1536,6194,,
duels,balanced_for_2.map.gz,castor,9514,1,historical,0,14562,won,True,False,84,44.24385386622717,31.492995467655543,7.425078972668589,1.5408597720093393,3.1168795495124297,0.5604999313281143,0,64,19,4,70,/home/bradley/.codex/worktrees/maxima-growth-policy/glob2/artifacts/maxima-historical-validation/duels/balanced_for_2-castor-9514-1-historical,8192,,10240,,9728,11776,5632,5120,1536,1024,5573,,
duels,balanced_for_2.map.gz,castor,9514,1,latest,0,23266,won,True,False,190,73.1109344107281,53.66685291842173,12.26089572767128,2.4595547150348147,5.967678156967248,0.7482162812688042,0,165,34,12,187,/home/bradley/.codex/worktrees/maxima-growth-policy/glob2/artifacts/maxima-historical-validation/duels/balanced_for_2-castor-9514-1-latest,8704,17920,10752,14336,10240,12800,4608,5120,1536,1024,675,,
duels,Mazury.map.gz,warrush,9515,1,historical,0,39586,won,True,False,267,60.97064618804628,42.32503915525691,13.23950386500278,2.7535997574900217,5.0685090688627294,3.0178345879856514,1,235,46,8,171,/home/bradley/.codex/worktrees/maxima-growth-policy/glob2/artifacts/maxima-historical-validation/duels/Mazury-warrush-9515-1-historical,25600,32256,2048,11264,25088,28672,8192,6144,1536,512,7659,,
duels,Mazury.map.gz,warrush,9515,1,latest,0,20546,lost,False,False,14,35.15681884551738,24.33524773678575,5.183296018689769,1.2459846198773483,3.0124598461987735,4.664362893020539,14,66,13,0,0,/home/bradley/.codex/worktrees/maxima-growth-policy/glob2/artifacts/maxima-historical-validation/duels/Mazury-warrush-9515-1-latest,8704,,5120,8192,,,,5120,1536,512,2714,,
duels,strange2.map.gz,cortex,9522,1,historical,0,18754,won,True,False,0,154.46816679108457,142.04628345952864,10.456222672496533,5.7710355124240165,0.49141516476485014,72.51103764530234,354,281,15,0,8,/home/bradley/.codex/worktrees/maxima-growth-policy/glob2/artifacts/maxima-historical-validation/duels/strange2-cortex-9522-1-historical,512,512,512,,,,2048,1024,1024,512,,,
duels,strange2.map.gz,cortex,9522,1,latest,0,18562,won,True,False,0,170.2437237366663,160.58959163883202,7.888805085658873,7.6206227777179185,4.3169917034802285,72.13015838810473,348,269,20,0,3,/home/bradley/.codex/worktrees/maxima-growth-policy/glob2/artifacts/maxima-historical-validation/duels/strange2-cortex-9522-1-latest,512,512,512,,,,7168,1536,2048,512,,,
duels,SmallForTwo.map.gz,warrush,9512,0,historical,0,20034,won,True,False,104,49.09009683537985,35.23604871718079,10.34910651891784,1.4027153838474593,4.176000798642308,1.6677647998402716,1,84,22,1,54,/home/bradley/.codex/worktrees/maxima-growth-policy/glob2/artifacts/maxima-historical-validation/duels/SmallForTwo-warrush-9512-0-historical,10240,19968,14848,16896,12800,18944,7680,6656,3072,512,4090,,
duels,SmallForTwo.map.gz,warrush,9512,0,latest,0,27650,won,True,False,165,61.29453887884268,43.79305605786618,12.658444846292948,1.4352983725135624,7.1120433996383365,2.1020614828209765,4,126,37,6,101,/home/bradley/.codex/worktrees/maxima-growth-policy/glob2/artifacts/maxima-historical-validation/duels/SmallForTwo-warrush-9512-0-latest,14336,22016,16384,20480,17920,20992,15360,13312,2048,512,1850,,
duels,balanced_for_2.map.gz,cortex,9512,1,historical,0,13922,lost,False,False,3,16.94174687544893,10.102140497055021,3.8755925872719437,0.9816118373796868,2.110328975721879,1.3266772015515012,4,25,8,0,5,/home/bradley/.codex/worktrees/maxima-growth-policy/glob2/artifacts/maxima-historical-validation/duels/balanced_for_2-cortex-9512-1-historical,,,,,,,4096,5120,2560,1024,4555,,
duels,balanced_for_2.map.gz,cortex,9512,1,latest,0,27490,lost,False,False,13,23.74867224445253,14.238668606766097,6.3997453619498,1.1547471807930156,2.4026191342306293,1.73488541287741,4,52,27,2,8,/home/bradley/.codex/worktrees/maxima-growth-policy/glob2/artifacts/maxima-historical-validation/duels/balanced_for_2-cortex-9512-1-latest,22528,,9728,17408,25088,24576,25600,9216,2048,1024,3523,,
duels,strange2.map.gz,castor,9521,0,historical,0,39650,lost,False,False,0,101.08287515762926,95.43989911727617,4.312938209331652,6.777805800756621,0.9935435056746532,47.971752837326605,486,359,16,0,11,/home/bradley/.codex/worktrees/maxima-growth-policy/glob2/artifacts/maxima-historical-validation/duels/strange2-castor-9521-0-historical,512,512,512,,,,4096,1536,1024,512,,,
duels,strange2.map.gz,castor,9521,0,latest,0,38274,won,True,False,0,103.45947640696033,98.95135078643466,3.157025657104039,8.655484140669907,4.926425249516643,46.17818884882688,436,308,15,0,6,/home/bradley/.codex/worktrees/maxima-growth-policy/glob2/artifacts/maxima-historical-validation/duels/strange2-castor-9521-0-latest,512,512,512,,,,6144,3072,1024,512,,,
duels,Dejans.map.gz,warrush,9502,1,historical,0,11042,won,True,False,54,27.22921572178953,18.099529070820502,5.895580510777033,0.9768157942401738,2.466763267523999,1.3075529795326934,0,36,12,0,22,/home/bradley/.codex/worktrees/maxima-growth-policy/glob2/artifacts/maxima-historical-validation/duels/Dejans-warrush-9502-1-historical,10752,,,,11042,,4608,6144,2048,512,3113,,
duels,Dejans.map.gz,warrush,9502,1,latest,0,47138,won,True,False,94,55.61466332894904,35.58572701429844,13.986931986931987,2.4576350290636007,5.776231490517205,2.2002206287920574,3,81,43,15,210,/home/bradley/.codex/worktrees/maxima-growth-policy/glob2/artifacts/maxima-historical-validation/duels/Dejans-warrush-9502-1-latest,17920,,2560,11264,17408,22016,5120,6656,2048,512,1689,21266,
duels,balanced_for_2.map.gz,cortex,9501,1,historical,0,44866,won,True,False,187,84.96598760754246,46.19161503142691,28.402598849908617,1.0185886863103464,6.120001783087416,2.5348816475727722,0,126,52,27,294,/home/bradley/.codex/worktrees/maxima-growth-policy/glob2/artifacts/maxima-historical-validation/duels/balanced_for_2-cortex-9501-1-historical,10240,32256,44032,,12800,16384,4608,5632,2560,1024,4562,,
duels,balanced_for_2.map.gz,cortex,9501,1,latest,0,48226,won,True,False,136,88.32478331190644,60.96924895284701,17.120391490067597,0.9946916601003608,7.693692199228632,3.1433251772902584,0,89,46,20,248,/home/bradley/.codex/worktrees/maxima-growth-policy/glob2/artifacts/maxima-historical-validation/duels/balanced_for_2-cortex-9501-1-latest,8704,29184,,,10752,17408,4096,5120,2048,1024,5168,,
duels,strange2.map.gz,warrush,9523,0,historical,0,17122,won,True,False,0,139.88646186193202,130.82583810302535,7.296343885060157,5.379044504146711,0.20932134096484056,66.68379862165635,282,211,16,0,2,/home/bradley/.codex/worktrees/maxima-growth-policy/glob2/artifacts/maxima-historical-validation/duels/strange2-warrush-9523-0-historical,512,512,512,,,,3072,1536,1024,512,700,,
duels,strange2.map.gz,warrush,9523,0,latest,0,17602,won,True,False,1,156.48778547892286,149.30314736961708,4.944892625837973,7.334507442336098,3.105328939893194,71.37745710714691,328,216,16,0,0,/home/bradley/.codex/worktrees/maxima-growth-policy/glob2/artifacts/maxima-historical-validation/duels/strange2-warrush-9523-0-latest,512,512,512,,,,,,1024,512,917,,
duels,SmallForTwo.map.gz,warrush,9515,1,historical,0,18402,won,True,False,111,55.87104662536681,39.6508531681339,10.696446038474079,1.4157156830779263,4.701336811216172,1.8486034126725357,0,85,25,2,95,/home/bradley/.codex/worktrees/maxima-growth-policy/glob2/artifacts/maxima-historical-validation/duels/SmallForTwo-warrush-9515-1-historical,9216,16384,10240,16896,11776,15360,4096,7168,4096,512,4758,,
duels,SmallForTwo.map.gz,warrush,9515,1,latest,0,21154,won,True,False,129,66.80982320128581,48.68483501938168,12.206485771012574,1.5840975701994895,7.247234565566796,2.3013141722605654,0,97,29,2,69,/home/bradley/.codex/worktrees/maxima-growth-policy/glob2/artifacts/maxima-historical-validation/duels/SmallForTwo-warrush-9515-1-latest,8192,15360,10240,12800,14336,17920,4096,6144,2560,512,2713,,
duels,balanced_for_2.map.gz,warrush,9509,0,historical,0,55458,won,True,False,187,72.70691333982474,43.037956651880705,17.82965487395867,2.155252623607054,6.276028706408454,1.3479029175231707,0,204,44,27,358,/home/bradley/.codex/worktrees/maxima-growth-policy/glob2/artifacts/maxima-historical-validation/duels/balanced_for_2-warrush-9509-0-historical,8704,44544,23040,37376,9728,13824,4096,4096,1024,512,635,,
duels,balanced_for_2.map.gz,warrush,9509,0,latest,0,36738,won,True,False,187,100.140617344439,70.06984593608797,21.43987152267407,2.4495073221187873,8.338450650552561,3.2828134356796776,0,170,44,21,355,/home/bradley/.codex/worktrees/maxima-growth-policy/glob2/artifacts/maxima-historical-validation/duels/balanced_for_2-warrush-9509-0-latest,8704,19968,10752,16896,8704,15360,3584,4096,1024,512,639,,
duels,balanced_for_2.map.gz,castor,9509,0,historical,0,12514,won,True,False,73,40.94374300783123,27.41058015023174,7.8267540354802625,0.9795429119386287,3.2587501997762507,0.16125938948377816,0,56,19,3,61,/home/bradley/.codex/worktrees/maxima-growth-policy/glob2/artifacts/maxima-historical-validation/duels/balanced_for_2-castor-9509-0-historical,7680,,,,9216,11264,4096,4096,1024,512,3287,,
duels,balanced_for_2.map.gz,castor,9509,0,latest,0,24866,won,True,False,210,82.50619319552803,61.78424354540336,13.007480093300089,2.641035952706507,6.382932518298078,1.5895600418241775,1,177,37,15,191,/home/bradley/.codex/worktrees/maxima-growth-policy/glob2/artifacts/maxima-historical-validation/duels/balanced_for_2-castor-9509-0-latest,7680,17408,9216,14336,9216,11264,4096,5120,2048,512,642,,
duels,balanced_for_2.map.gz,castor,9504,0,historical,0,15778,won,True,False,108,52.78159462542781,36.50640131829129,8.461275193307136,1.718215236405121,4.1281531246038785,0.6592724046140195,0,81,23,5,115,/home/bradley/.codex/worktrees/maxima-growth-policy/glob2/artifacts/maxima-historical-validation/duels/balanced_for_2-castor-9504-0-historical,7168,15360,9728,13312,9216,11776,4096,4608,1024,512,5532,,15448
duels,balanced_for_2.map.gz,castor,9504,0,latest,0,14018,won,True,False,90,43.44014838065345,29.40690540733343,8.302182907690113,2.246825510058496,3.8041090027108004,0.8998430589242402,0,71,22,2,51,/home/bradley/.codex/worktrees/maxima-growth-policy/glob2/artifacts/maxima-historical-validation/duels/balanced_for_2-castor-9504-0-latest,8192,,2560,7680,8192,11264,4096,4608,2048,512,1454,,
duels,strange2.map.gz,castor,9503,1,historical,0,28994,won,True,False,0,140.40532523970478,132.88266537904394,6.09229495757743,8.063806304752708,0.9911705870180038,66.78567979581983,493,365,14,0,10,/home/bradley/.codex/worktrees/maxima-growth-policy/glob2/artifacts/maxima-historical-validation/duels/strange2-castor-9503-1-historical,512,512,512,,,,2048,1024,1024,512,,,
duels,strange2.map.gz,castor,9503,1,latest,0,40578,won,True,False,0,114.80822120360787,110.12706392626546,2.9273005076642518,8.943220464290995,12.552072551628962,44.982009956133865,435,307,20,0,8,/home/bradley/.codex/worktrees/maxima-growth-policy/glob2/artifacts/maxima-historical-validation/duels/strange2-castor-9503-1-latest,512,512,512,,,,4096,1536,1024,512,,,
duels,balanced_for_2.map.gz,castor,9515,1,historical,0,24162,won,True,False,141,64.28909030709379,45.56526777584637,11.548671467593742,1.6120354275308335,4.609552189388296,0.925833954142869,0,124,30,14,189,/home/bradley/.codex/worktrees/maxima-growth-policy/glob2/artifacts/maxima-historical-validation/duels/balanced_for_2-castor-9515-1-historical,9216,19968,11776,16384,10240,13312,4608,6144,1536,1024,5572,,
duels,balanced_for_2.map.gz,castor,9515,1,latest,0,14530,won,True,False,74,39.18540949759119,25.963799036476257,7.199174122505162,1.467171369580179,3.705299380591879,0.550997935306263,0,60,18,4,66,/home/bradley/.codex/worktrees/maxima-growth-policy/glob2/artifacts/maxima-historical-validation/duels/balanced_for_2-castor-9515-1-latest,9216,,10240,,9216,11776,4608,5120,1536,1024,7624,,
duels,SmallForTwo.map.gz,cortex,9503,1,historical,0,17666,won,True,False,132,59.86324012226876,40.933657873882034,13.885656062492924,1.0725687761802332,5.594814898675422,2.579644514887354,0,79,29,4,109,/home/bradley/.codex/worktrees/maxima-growth-policy/glob2/artifacts/maxima-historical-validation/duels/SmallForTwo-cortex-9503-1-historical,8704,13312,16384,,10752,13312,3584,5120,5632,512,4962,,
duels,SmallForTwo.map.gz,cortex,9503,1,latest,0,18402,won,True,False,126,63.70660797739376,39.15079882621454,19.14335398326269,0.9860884686447126,6.2529072926855775,2.664492989892403,0,68,27,6,114,/home/bradley/.codex/worktrees/maxima-growth-policy/glob2/artifacts/maxima-historical-validation/duels/SmallForTwo-cortex-9503-1-latest,8704,13312,,,10752,13312,4096,5120,3584,512,3931,,
duels,Mazury.map.gz,warrush,9501,1,historical,0,15586,lost,False,False,7,12.558899011933788,8.914474528422943,2.231874759399461,1.0183498011035546,1.737200051328115,1.339150519697164,4,13,11,0,8,/home/bradley/.codex/worktrees/maxima-growth-policy/glob2/artifacts/maxima-historical-validation/duels/Mazury-warrush-9501-1-historical,,,5632,,,,5632,8192,1536,512,1893,,
duels,Mazury.map.gz,warrush,9501,1,latest,0,16930,lost,False,False,6,23.87312463083284,16.416420555227408,5.007088009450679,0.6350856467808623,2.120968694624926,6.060484347312463,21,28,8,0,12,/home/bradley/.codex/worktrees/maxima-growth-policy/glob2/artifacts/maxima-historical-validation/duels/Mazury-warrush-9501-1-latest,,,3072,,9728,,10752,,3584,512,2302,,
duels,Mazury.map.gz,warrush,9515,0,historical,0,45282,won,True,False,305,91.48524800141337,59.376330550770724,21.242833797093766,3.0708449273441984,6.5906541230511015,11.508502274634512,46,344,53,22,206,/home/bradley/.codex/worktrees/maxima-growth-policy/glob2/artifacts/maxima-historical-validation/duels/Mazury-warrush-9515-0-historical,11264,33792,11264,22016,9216,12800,4096,4608,3072,512,7007,36692,43032
duels,Mazury.map.gz,warrush,9515,0,latest,0,34466,won,True,False,110,65.21659026286775,46.673069111588234,12.411332907793188,2.452329832298497,7.436720246039576,4.284976498578309,10,73,25,15,163,/home/bradley/.codex/worktrees/maxima-growth-policy/glob2/artifacts/maxima-historical-validation/duels/Mazury-warrush-9515-0-latest,9216,30208,3072,12288,9216,12800,3584,5120,2560,512,4136,,
duels,SmallForTwo.map.gz,warrush,9523,0,historical,0,19234,won,True,False,63,29.809452012061975,19.55843818238536,7.7133201622127485,0.9866902360403452,2.8837475304148903,2.0816262867838202,5,56,19,0,16,/home/bradley/.codex/worktrees/maxima-growth-policy/glob2/artifacts/maxima-historical-validation/duels/SmallForTwo-warrush-9523-0-historical,16896,,,,,,15360,13312,2560,1024,3894,,
duels,SmallForTwo.map.gz,warrush,9523,0,latest,0,14082,won,True,False,64,30.313733844624345,20.994105950859254,6.519173412867491,1.0910382048004545,3.745916773185627,1.3455475074563272,0,45,14,0,11,/home/bradley/.codex/worktrees/maxima-growth-policy/glob2/artifacts/maxima-historical-validation/duels/SmallForTwo-warrush-9523-0-latest,11776,,12800,,,,12288,9728,1536,1024,1648,,
duels,Muka.map.gz,cortex,9513,1,historical,0,19330,lost,False,False,9,24.260165545783757,13.976357992757372,6.6748060010346615,0.9005690636316607,2.5162959130884635,3.4568028970512157,12,24,12,0,36,/home/bradley/.codex/worktrees/maxima-growth-policy/glob2/artifacts/maxima-historical-validation/duels/Muka-cortex-9513-1-historical,,,,,11776,,4096,7680,10752,1024,3729,,
duels,Muka.map.gz,cortex,9513,1,latest,0,24898,lost,False,False,4,24.8068519559804,15.119768656116957,4.767009398345248,1.3160896457546791,3.0640212065226122,1.115752269258575,6,25,15,3,41,/home/bradley/.codex/worktrees/maxima-growth-policy/glob2/artifacts/maxima-historical-validation/duels/Muka-cortex-9513-1-latest,,,3584,13824,13824,17920,7680,10752,13824,1024,3726,,
duels,SmallForTwo.map.gz,cortex,9515,0,historical,0,25730,won,True,False,113,63.40186552662262,33.643684415079676,25.529187718616402,0.9900505246793626,4.597279440342013,4.711776136805286,1,78,31,5,116,/home/bradley/.codex/worktrees/maxima-growth-policy/glob2/artifacts/maxima-historical-validation/duels/SmallForTwo-cortex-9515-0-historical,11264,17408,,,14848,18944,8704,8704,2560,512,5516,,
duels,SmallForTwo.map.gz,cortex,9515,0,latest,0,31586,lost,False,False,10,56.771227759133794,36.04150573038688,14.651079592224404,0.8753245108592415,5.057430507186728,5.399544101817261,30,49,26,3,58,/home/bradley/.codex/worktrees/maxima-growth-policy/glob2/artifacts/maxima-historical-validation/duels/SmallForTwo-cortex-9515-0-latest,11264,18944,,,13824,19456,7168,9216,5120,512,5914,,
duels,Dejans.map.gz,warrush,9504,0,historical,0,32802,won,True,False,91,56.55917322114505,36.28138528138528,14.346991037131883,1.1259069568928723,5.4937503810743245,1.45161880373148,3,85,26,22,230,/home/bradley/.codex/worktrees/maxima-growth-policy/glob2/artifacts/maxima-historical-validation/duels/Dejans-warrush-9504-0-historical,11776,,22528,,9728,13312,3072,5632,3072,512,3082,,
duels,Dejans.map.gz,warrush,9504,0,latest,0,33474,won,True,False,81,52.09344565931768,32.09272868494951,13.836171356873992,1.9045229133058492,6.466750313676286,1.0363864491844417,1,57,28,11,159,/home/bradley/.codex/worktrees/maxima-growth-policy/glob2/artifacts/maxima-historical-validation/duels/Dejans-warrush-9504-0-latest,11776,,11776,28672,10752,16384,3584,5632,3072,512,3491,,
duels,Dejans.map.gz,cortex,9507,0,historical,0,28194,won,True,False,99,54.40838476271547,31.68390437681776,14.800170248989147,1.6289281407391643,5.714265446548911,1.1361991913173015,1,59,27,15,150,/home/bradley/.codex/worktrees/maxima-growth-policy/glob2/artifacts/maxima-historical-validation/duels/Dejans-cortex-9507-0-historical,12800,,16896,,11776,17920,3072,4608,6656,512,11088,,
duels,Dejans.map.gz,cortex,9507,0,latest,0,19842,won,True,False,80,41.942495716157644,27.170144138695697,8.997631287168632,1.645297853039008,5.064912811208547,0.9805463158955751,0,42,19,4,42,/home/bradley/.codex/worktrees/maxima-growth-policy/glob2/artifacts/maxima-historical-validation/duels/Dejans-cortex-9507-0-latest,12800,,7680,,14336,14848,3584,6144,4096,512,3693,7040,
duels,Muka.map.gz,cortex,9514,0,historical,0,28482,lost,False,False,2,38.8380029492311,25.895091636823256,9.024085387262131,0.9370830700091286,3.3459026753739205,5.314584649954357,38,50,26,5,51,/home/bradley/.codex/worktrees/maxima-growth-policy/glob2/artifacts/maxima-historical-validation/duels/Muka-cortex-9514-0-historical,15872,,18944,,13312,16896,6144,5120,7680,1024,3467,,
duels,Muka.map.gz,cortex,9514,0,latest,0,41122,lost,False,False,15,45.24060113807694,30.59158114877681,7.652959486406303,1.0209620154661738,5.229317640192598,3.358153786294441,17,56,30,13,99,/home/bradley/.codex/worktrees/maxima-growth-policy/glob2/artifacts/maxima-historical-validation/duels/Muka-cortex-9514-0-latest,18432,,31232,35840,12288,14336,9216,8192,12288,1024,4074,,
duels,Dejans.map.gz,castor,9503,1,historical,0,22242,won,True,False,61,35.92024098552289,21.244492401762432,11.183526661271468,0.988490243683122,3.0291340706770975,3.2417048826544375,5,57,20,0,29,/home/bradley/.codex/worktrees/maxima-growth-policy/glob2/artifacts/maxima-historical-validation/duels/Dejans-castor-9503-1-historical,17920,,,,17920,,6144,5120,6144,1024,3307,11218,
duels,Dejans.map.gz,castor,9503,1,latest,0,27010,won,True,False,69,39.08271010736764,22.92536097741577,10.692632358385783,1.5546834505738616,5.189707515734913,0.5403924472417623,0,58,25,4,75,/home/bradley/.codex/worktrees/maxima-growth-policy/glob2/artifacts/maxima-historical-validation/duels/Dejans-castor-9503-1-latest,16384,,19968,,15872,20992,8704,8192,19968,1024,3512,,
duels,SmallForTwo.map.gz,castor,9500,0,historical,0,17666,won,True,False,83,32.875014151477416,22.641797803690704,7.102569908298427,1.2464621306464394,3.217593116721386,1.0144911128721839,1,70,18,1,40,/home/bradley/.codex/worktrees/maxima-growth-policy/glob2/artifacts/maxima-historical-validation/duels/SmallForTwo-castor-9500-0-historical,13824,,13312,14848,16384,17408,5632,10240,2560,512,6317,,
duels,SmallForTwo.map.gz,castor,9500,0,latest,0,22626,won,True,False,149,56.64956245027844,42.23914965084416,10.180765491028021,1.4795368160523292,6.640325289489967,1.305489260143198,0,120,31,6,85,/home/bradley/.codex/worktrees/maxima-growth-policy/glob2/artifacts/maxima-historical-validation/duels/SmallForTwo-castor-9500-0-latest,11776,17920,11776,15360,14848,14848,7168,8704,8192,512,6932,,
duels,strange2.map.gz,cortex,9523,1,historical,0,17602,won,True,False,2,171.60981706624247,154.21543006476537,15.358254743779115,6.443358709237587,0.9854561981593001,81.32189523917737,367,287,12,0,15,/home/bradley/.codex/worktrees/maxima-growth-policy/glob2/artifacts/maxima-historical-validation/duels/strange2-cortex-9523-1-historical,512,512,512,,,,2048,512,1024,512,741,,
duels,strange2.map.gz,cortex,9523,1,latest,0,12482,lost,False,False,60,235.1315494311809,219.64621054318218,11.38343214228489,8.169043422528441,7.025476686428457,92.20621695241147,262,264,18,0,2,/home/bradley/.codex/worktrees/maxima-growth-policy/glob2/artifacts/maxima-historical-validation/duels/strange2-cortex-9523-1-latest,512,512,512,,,,4096,2048,1024,512,729,,
duels,balanced_for_2.map.gz,warrush,9517,1,historical,0,35490,won,True,False,198,89.2716539870386,62.752042828965905,17.281854043392507,1.7403212172442941,5.8569174415328265,1.4332488024795718,0,190,44,38,305,/home/bradley/.codex/worktrees/maxima-growth-policy/glob2/artifacts/maxima-historical-validation/duels/balanced_for_2-warrush-9517-1-historical,11776,22016,13824,16896,12800,15360,5632,5632,1024,1024,674,,
duels,balanced_for_2.map.gz,warrush,9517,1,latest,0,35618,won,True,False,178,83.32786793194452,57.19377842663822,18.145600539053287,2.836599472176989,7.229490706945926,1.6990847324386547,0,173,38,16,271,/home/bradley/.codex/worktrees/maxima-growth-policy/glob2/artifacts/maxima-historical-validation/duels/balanced_for_2-warrush-9517-1-latest,9728,23552,7680,17408,11264,16896,5120,5120,1024,1024,675,,
duels,balanced_for_2.map.gz,castor,9506,0,historical,0,14050,won,True,False,83,42.94298932384341,29.54526690391459,7.95288256227758,1.161850533807829,3.886405693950178,0.6516725978647687,0,60,20,2,76,/home/bradley/.codex/worktrees/maxima-growth-policy/glob2/artifacts/maxima-historical-validation/duels/balanced_for_2-castor-9506-0-historical,8192,,11776,,10240,12288,3584,4608,1024,512,635,,
duels,balanced_for_2.map.gz,castor,9506,0,latest,0,20450,won,True,False,124,59.30963325183374,41.37804400977995,10.485330073349633,2.2084107579462104,5.081760391198044,1.073643031784841,0,103,27,5,132,/home/bradley/.codex/worktrees/maxima-growth-policy/glob2/artifacts/maxima-historical-validation/duels/balanced_for_2-castor-9506-0-latest,8192,17920,10240,14848,10240,12800,4096,5632,2048,512,642,,
duels,Mazury.map.gz,warrush,9501,0,historical,0,18754,won,True,False,73,45.43473392342967,33.300895808894104,8.652554121787352,1.7305108243574705,3.819451850271942,7.3685613735736375,17,73,18,0,60,/home/bradley/.codex/worktrees/maxima-growth-policy/glob2/artifacts/maxima-historical-validation/duels/Mazury-warrush-9501-0-historical,10752,,6144,9728,12800,,4608,4608,3072,512,7374,,
duels,Mazury.map.gz,warrush,9501,0,latest,0,51746,won,True,False,551,236.24094616008966,188.19626637807752,26.209368840103583,4.5227457194759015,13.640474626058053,37.49217330808178,212,733,77,31,371,/home/bradley/.codex/worktrees/maxima-growth-policy/glob2/artifacts/maxima-historical-validation/duels/Mazury-warrush-9501-0-latest,6656,14848,7168,10752,12288,15360,4608,5120,2560,512,1663,,44286
duels,Muka.map.gz,castor,9502,1,historical,0,51938,won,True,False,159,51.916881666602485,32.125823096769224,15.713042473718664,2.915630174438754,4.587431167930995,2.088182063229235,1,198,41,35,223,/home/bradley/.codex/worktrees/maxima-growth-policy/glob2/artifacts/maxima-historical-validation/duels/Muka-castor-9502-1-historical,33792,47104,14336,25088,14336,17408,8704,8192,6656,1024,,,
duels,Muka.map.gz,castor,9502,1,latest,0,48162,lost,False,False,2,27.5351521946763,20.837755907146715,4.241684315435405,1.4989410738756697,4.317511731240397,1.12225405921681,6,122,34,10,106,/home/bradley/.codex/worktrees/maxima-growth-policy/glob2/artifacts/maxima-historical-validation/duels/Muka-castor-9502-1-latest,,,19456,27648,15360,18944,11776,11264,8192,1024,,,
duels,Dejans.map.gz,cortex,9519,0,historical,0,30274,won,True,False,115,65.2262997952038,40.74298077558301,15.214375371605998,1.8415141705754112,5.592191319283874,2.249322851291537,6,58,25,18,206,/home/bradley/.codex/worktrees/maxima-growth-policy/glob2/artifacts/maxima-historical-validation/duels/Dejans-cortex-9519-0-historical,8704,25600,16384,,8704,11776,5120,4096,4096,512,4738,,
duels,Dejans.map.gz,cortex,9519,0,latest,0,32866,won,True,False,97,52.350788048439114,27.660895758534657,16.693543479583763,2.275603967626118,5.787865879632447,2.0371204284062556,3,48,21,8,125,/home/bradley/.codex/worktrees/maxima-growth-policy/glob2/artifacts/maxima-historical-validation/duels/Dejans-cortex-9519-0-latest,17920,,3072,7680,15872,20480,6656,5632,7168,512,5533,9660,
duels,Mazury.map.gz,castor,9516,1,historical,0,25122,won,True,False,85,48.59967359286681,33.35176339463418,10.49996019425205,2.328795478067033,4.864103176498687,5.6827481888384686,11,84,26,7,94,/home/bradley/.codex/worktrees/maxima-growth-policy/glob2/artifacts/maxima-historical-validation/duels/Mazury-castor-9516-1-historical,11776,,5632,8192,11264,13824,5632,7680,5120,512,8848,,
duels,Mazury.map.gz,castor,9516,1,latest,0,35522,won,True,False,235,133.8093012780812,106.83525702381623,17.413433928269804,3.335228872248184,12.699735375260403,11.257924666403918,15,226,41,8,79,/home/bradley/.codex/worktrees/maxima-growth-policy/glob2/artifacts/maxima-historical-validation/duels/Mazury-castor-9516-1-latest,8704,13824,4096,6656,15360,15872,6144,5120,2560,512,5371,,
duels,strange2.map.gz,warrush,9503,0,historical,0,17282,won,True,False,0,146.1460479111214,136.72491609767388,7.288045365119777,6.488600856382363,0.2666358060409675,70.39185279481542,323,218,16,0,2,/home/bradley/.codex/worktrees/maxima-growth-policy/glob2/artifacts/maxima-historical-validation/duels/strange2-warrush-9503-0-historical,512,512,512,,,,2560,1536,1024,512,917,,
duels,strange2.map.gz,warrush,9503,0,latest,0,18626,won,True,False,0,147.9703640073016,140.74089981745948,4.673037689251584,6.140770965317299,2.7696767958767317,70.20551916675615,333,220,14,0,0,/home/bradley/.codex/worktrees/maxima-growth-policy/glob2/artifacts/maxima-historical-validation/duels/strange2-warrush-9503-0-latest,512,512,512,,,,,,1024,512,917,,
duels,strange2.map.gz,cortex,9501,0,historical,0,12674,lost,False,False,18,206.25871863657883,187.13507969070537,14.558702856241123,5.736468360422913,0.8079532902004103,91.24159697017517,304,262,16,0,3,/home/bradley/.codex/worktrees/maxima-growth-policy/glob2/artifacts/maxima-historical-validation/duels/strange2-cortex-9501-0-historical,512,512,512,,,,3584,2048,2048,512,,,
duels,strange2.map.gz,cortex,9501,0,latest,0,9730,lost,False,False,73,223.10071942446044,207.1284686536485,10.157451181911613,4.788489208633093,2.315313463514902,84.83946557040082,181,226,18,0,2,/home/bradley/.codex/worktrees/maxima-growth-policy/glob2/artifacts/maxima-historical-validation/duels/strange2-cortex-9501-0-latest,512,512,512,,,,7680,4096,1024,512,,,
duels,balanced_for_2.map.gz,warrush,9520,0,historical,0,22274,won,True,False,110,47.269821316332944,29.75698123372542,10.707955463769418,1.4943880757834247,3.9083236059980244,0.7815390140971537,0,96,25,4,94,/home/bradley/.codex/worktrees/maxima-growth-policy/glob2/artifacts/maxima-historical-validation/duels/balanced_for_2-warrush-9520-0-historical,14848,21504,15872,18432,16384,18944,3072,4608,1024,512,635,,
duels,balanced_for_2.map.gz,warrush,9520,0,latest,0,35874,won,True,False,220,79.53325528237721,54.42632547248704,16.826280871940682,2.8805820371299546,6.559904108825333,2.056586943190054,0,203,41,17,241,/home/bradley/.codex/worktrees/maxima-growth-policy/glob2/artifacts/maxima-historical-validation/duels/balanced_for_2-warrush-9520-0-latest,15360,26112,2560,8192,14848,18432,4608,4608,1024,512,640,,
duels,strange2.map.gz,warrush,9514,1,historical,0,18402,won,True,False,0,141.56374307140527,129.57200304314748,9.988479513096403,8.72339963047495,0.5286381915009238,68.05521139006629,321,227,12,0,8,/home/bradley/.codex/worktrees/maxima-growth-policy/glob2/artifacts/maxima-historical-validation/duels/strange2-warrush-9514-1-historical,512,512,512,,,,2048,512,1024,512,746,,
duels,strange2.map.gz,warrush,9514,1,latest,0,18306,won,True,False,0,153.99371790669727,139.64563531082706,12.614006336720202,8.05593794384355,4.895007101496777,68.36326887359336,307,211,20,0,7,/home/bradley/.codex/worktrees/maxima-growth-policy/glob2/artifacts/maxima-historical-validation/duels/strange2-warrush-9514-1-latest,512,512,512,,,,2560,1536,1024,512,728,,
duels,strange2.map.gz,castor,9502,1,historical,0,29570,won,True,False,0,135.3501521812648,128.19912073047007,5.748528914440311,8.181670612106865,0.9913425769360839,64.32465336489686,484,357,14,0,10,/home/bradley/.codex/worktrees/maxima-growth-policy/glob2/artifacts/maxima-historical-validation/duels/strange2-castor-9502-1-historical,512,512,512,,,,2048,1024,1024,512,,,
duels,strange2.map.gz,castor,9502,1,latest,0,38242,won,True,False,0,122.85215208409602,117.73777522096125,3.3471052769206633,8.939752105015428,15.437686313477329,46.41765598033576,421,294,26,0,9,/home/bradley/.codex/worktrees/maxima-growth-policy/glob2/artifacts/maxima-historical-validation/duels/strange2-castor-9502-1-latest,512,512,512,,,,4608,2048,1024,512,,,
duels,Muka.map.gz,cortex,9519,0,historical,0,28866,won,True,False,179,73.26439409686137,50.851416891845076,15.463763597311717,1.838217972701448,5.880690085221367,3.9645257396244715,0,113,32,12,199,/home/bradley/.codex/worktrees/maxima-growth-policy/glob2/artifacts/maxima-historical-validation/duels/Muka-cortex-9519-0-historical,11776,20480,12800,15872,12800,16384,9216,8192,6144,1024,3675,,
duels,Muka.map.gz,cortex,9519,0,latest,0,49282,won,True,False,122,66.07499695629235,35.31561219106367,21.836979018708657,1.8363296944117529,7.867821922811574,3.6079298729759346,3,69,27,19,160,/home/bradley/.codex/worktrees/maxima-growth-policy/glob2/artifacts/maxima-historical-validation/duels/Muka-cortex-9519-0-latest,15872,40960,9728,12288,15360,17920,10752,10240,12800,1024,4076,,
duels,balanced_for_2.map.gz,cortex,9502,1,historical,0,41954,won,True,False,149,82.09350717452448,50.849358821566476,23.16444200791343,0.9938980788482624,5.9659150498164655,2.237259856032798,0,108,39,36,390,/home/bradley/.codex/worktrees/maxima-growth-policy/glob2/artifacts/maxima-historical-validation/duels/balanced_for_2-cortex-9502-1-historical,11776,23552,,,15360,17408,4096,5632,2560,1024,3123,,
duels,balanced_for_2.map.gz,cortex,9502,1,latest,0,21890,lost,False,False,12,25.69771585198721,14.475696665143902,5.1459113750571035,0.7952489721333943,2.4852444038373687,1.7133851073549566,2,43,19,0,3,/home/bradley/.codex/worktrees/maxima-growth-policy/glob2/artifacts/maxima-historical-validation/duels/balanced_for_2-cortex-9502-1-latest,,,,,,,6144,6656,2048,1024,3112,,
duels,strange2.map.gz,castor,9514,1,historical,0,38690,won,True,False,0,103.73657275781856,97.7418454380977,4.5390540191263895,7.174256913931249,0.993383303179116,49.14882398552598,490,362,12,0,8,/home/bradley/.codex/worktrees/maxima-growth-policy/glob2/artifacts/maxima-historical-validation/duels/strange2-castor-9514-1-historical,512,512,512,,,,1536,1024,1024,512,,,
duels,strange2.map.gz,castor,9514,1,latest,0,40354,won,True,False,0,111.33468801110175,106.65292164345541,3.2353670020320164,8.942905288199436,11.606680874262775,44.73687862417604,431,305,18,0,9,/home/bradley/.codex/worktrees/maxima-growth-policy/glob2/artifacts/maxima-historical-validation/duels/strange2-castor-9514-1-latest,512,512,512,,,,6656,2048,1024,512,,,
duels,balanced_for_2.map.gz,cortex,9513,1,historical,0,21506,lost,False,False,11,23.415511950153444,15.022598344648005,3.821352180786757,0.7856412164047243,2.404538268390217,2.1308472054310426,0,21,17,0,5,/home/bradley/.codex/worktrees/maxima-growth-policy/glob2/artifacts/maxima-historical-validation/duels/balanced_for_2-cortex-9513-1-historical,,,,16896,,,4608,5632,2048,1024,5263,,
duels,balanced_for_2.map.gz,cortex,9513,1,latest,0,13474,lost,False,False,3,18.52263618821434,11.841769333531245,2.6149621493246253,0.7599821879174706,2.3039928751669883,1.7029835238236604,5,17,6,0,5,/home/bradley/.codex/worktrees/maxima-growth-policy/glob2/artifacts/maxima-historical-validation/duels/balanced_for_2-cortex-9513-1-latest,,,,,,,5120,,2048,1024,3113,,
duels,Mazury.map.gz,cortex,9515,0,historical,0,34306,lost,False,False,17,54.10977671544336,33.95359412347694,14.536932315046931,1.5222993062438057,4.507199906721857,7.455430536932315,30,84,30,6,79,/home/bradley/.codex/worktrees/maxima-growth-policy/glob2/artifacts/maxima-historical-validation/duels/Mazury-cortex-9515-0-historical,10240,,10752,23552,11776,21504,4096,4608,6656,512,5848,,
duels,Mazury.map.gz,cortex,9515,0,latest,0,29058,lost,False,False,23,67.6536582008397,46.53575607405878,13.336120861724826,1.8500929176130498,6.484410489366096,12.304563287218667,52,80,18,0,24,/home/bradley/.codex/worktrees/maxima-growth-policy/glob2/artifacts/maxima-historical-validation/duels/Mazury-cortex-9515-0-latest,8704,15872,2560,10752,,,5632,4608,6656,512,,,
duels,Dejans.map.gz,warrush,9523,1,historical,0,28130,won,True,False,99,48.665090650551015,30.34863135442588,13.038606469960897,1.4984002843938855,4.950231070031994,2.1252755065766085,2,86,30,7,131,/home/bradley/.codex/worktrees/maxima-growth-policy/glob2/artifacts/maxima-historical-validation/duels/Dejans-warrush-9523-1-historical,15872,,4096,8192,16384,20992,4096,7168,2048,512,1681,22499,
duels,Dejans.map.gz,warrush,9523,1,latest,0,49794,won,True,False,137,63.86024420612925,38.04183234927903,19.700084347511748,2.0719765433586375,6.694461180061855,1.588705466522071,3,95,36,24,333,/home/bradley/.codex/worktrees/maxima-growth-policy/glob2/artifacts/maxima-historical-validation/duels/Dejans-warrush-9523-1-latest,19456,42496,3072,12288,17920,22528,4096,6144,2048,512,1480,,
duels,strange2.map.gz,warrush,9502,1,historical,0,18978,won,True,False,0,141.77257877542417,132.41100221308884,7.2842238381283595,8.782379597428601,0.9865106965960586,69.523869743914,337,231,12,0,7,/home/bradley/.codex/worktrees/maxima-growth-policy/glob2/artifacts/maxima-historical-validation/duels/strange2-warrush-9502-1-historical,512,512,512,,,,2048,1024,1024,512,736,,
duels,strange2.map.gz,warrush,9502,1,latest,0,18786,won,True,False,0,151.8611732140956,142.26764611945066,6.759075907590759,7.422442244224422,7.340679229213244,65.9009900990099,320,211,17,0,3,/home/bradley/.codex/worktrees/maxima-growth-policy/glob2/artifacts/maxima-historical-validation/duels/strange2-warrush-9502-1-latest,512,512,512,,,,3072,1536,1024,512,731,,
duels,strange2.map.gz,warrush,9509,1,historical,0,17122,won,True,False,0,156.30323560331738,143.6243429505899,10.196939609858662,8.687770120313047,0.26912743838336645,77.80773274150216,348,234,15,0,7,/home/bradley/.codex/worktrees/maxima-growth-policy/glob2/artifacts/maxima-historical-validation/duels/strange2-warrush-9509-1-historical,512,512,512,,,,2048,1024,1024,512,731,,
duels,strange2.map.gz,warrush,9509,1,latest,0,21186,won,True,False,0,132.62796186160674,124.45954875861418,5.920891154536014,7.229585575379968,4.652506372132541,60.948928537713584,324,216,17,0,4,/home/bradley/.codex/worktrees/maxima-growth-policy/glob2/artifacts/maxima-historical-validation/duels/strange2-warrush-9509-1-latest,512,512,512,,,,2560,1536,1024,512,726,,
duels,balanced_for_2.map.gz,cortex,9523,1,historical,0,14210,lost,False,False,1,15.934834623504575,10.38606615059817,2.774384236453202,0.6845883180858551,1.8919071076706544,0.9728360309641098,2,25,11,0,2,/home/bradley/.codex/worktrees/maxima-growth-policy/glob2/artifacts/maxima-historical-validation/duels/balanced_for_2-cortex-9523-1-historical,,,,,,,4608,5632,2560,1024,4965,,
duels,balanced_for_2.map.gz,cortex,9523,1,latest,0,26338,won,True,False,263,101.8134634368593,68.74299491229402,25.44209886855494,2.0960589262662315,7.579239122180879,2.6197888981699444,0,201,55,12,182,/home/bradley/.codex/worktrees/maxima-growth-policy/glob2/artifacts/maxima-historical-validation/duels/balanced_for_2-cortex-9523-1-latest,8704,15872,10752,13312,11264,15360,4608,5632,2048,1024,2917,,
duels,Dejans.map.gz,warrush,9505,0,historical,0,20066,won,True,False,68,42.92828665404166,26.63161566829463,9.562693112727997,0.9872421010664806,3.8998305591547893,2.7478321538921557,3,52,19,2,60,/home/bradley/.codex/worktrees/maxima-growth-policy/glob2/artifacts/maxima-historical-validation/duels/Dejans-warrush-9505-0-historical,10752,,,,9216,15360,2560,4096,2048,512,3500,,
duels,Dejans.map.gz,warrush,9505,0,latest,0,14690,won,True,False,47,29.352008168822326,18.589516678012252,7.371136827773996,0.9825731790333561,3.5535738597685502,0.45309734513274336,0,36,15,0,32,/home/bradley/.codex/worktrees/maxima-growth-policy/glob2/artifacts/maxima-historical-validation/duels/Dejans-warrush-9505-0-latest,,,,,14336,,4096,6144,3072,512,3487,,
duels,Mazury.map.gz,warrush,9513,1,historical,0,13218,lost,False,False,7,11.47034347102436,9.456120441821758,1.6656075049175367,0.837948252383114,1.9102738689665608,1.0806476017551823,0,10,10,0,10,/home/bradley/.codex/worktrees/maxima-growth-policy/glob2/artifacts/maxima-historical-validation/duels/Mazury-warrush-9513-1-historical,,,10752,,,,6656,7680,1536,512,,,
duels,Mazury.map.gz,warrush,9513,1,latest,0,24994,lost,False,False,10,35.90965831799632,26.17284148195567,5.305593342402177,0.8193966551972474,3.284068176362327,4.927262543010323,20,51,14,1,25,/home/bradley/.codex/worktrees/maxima-growth-policy/glob2/artifacts/maxima-historical-validation/duels/Mazury-warrush-9513-1-latest,11776,,3072,,13824,23552,14848,,1536,512,2305,,
duels,Muka.map.gz,castor,9513,0,historical,0,33634,won,True,False,79,46.93340072545638,28.54540048760183,11.67610156389368,2.1855860141523458,4.27983588035916,2.1094725575310695,3,53,21,9,137,/home/bradley/.codex/worktrees/maxima-growth-policy/glob2/artifacts/maxima-historical-validation/duels/Muka-castor-9513-0-historical,18944,,3584,9728,11264,16384,5632,8192,9728,1024,3468,,
duels,Muka.map.gz,castor,9513,0,latest,0,24706,won,True,False,73,38.01574516311827,22.708856148304054,9.306565206832348,1.808386626730349,5.238646482635797,1.2800939043147415,0,52,20,6,77,/home/bradley/.codex/worktrees/maxima-growth-policy/glob2/artifacts/maxima-historical-validation/duels/Muka-castor-9513-0-latest,14848,,3584,10240,13312,16384,11776,10752,11264,1024,4087,,
duels,Dejans.map.gz,castor,9511,0,historical,0,36034,won,True,False,70,54.867625020813676,35.63834156629849,13.250818671254926,1.9840705999888995,4.32336126991175,7.817006160848088,32,94,22,15,173,/home/bradley/.codex/worktrees/maxima-growth-policy/glob2/artifacts/maxima-historical-validation/duels/Dejans-castor-9511-0-historical,12800,,17920,30720,11264,15872,2560,4608,3584,512,,,
duels,Dejans.map.gz,castor,9511,0,latest,0,34690,won,True,False,73,47.53464975497261,29.001037763044106,11.710608244450851,1.9742288844047275,6.247391179014125,0.6494090515998847,3,54,21,11,138,/home/bradley/.codex/worktrees/maxima-growth-policy/glob2/artifacts/maxima-historical-validation/duels/Dejans-castor-9511-0-latest,14848,,17408,,13312,17408,2560,5632,3072,512,3488,,
duels,Mazury.map.gz,warrush,9514,1,historical,0,46146,won,True,False,68,36.432670220604166,22.82817578988428,7.447557751484419,1.995882633381008,4.56459931521692,2.4244788280674383,1,37,24,6,65,/home/bradley/.codex/worktrees/maxima-growth-policy/glob2/artifacts/maxima-historical-validation/duels/Mazury-warrush-9514-1-historical,33280,,4096,22528,27648,33792,9216,7680,1536,512,5630,,
duels,Mazury.map.gz,warrush,9514,1,latest,0,60000,unresolved,False,True,279,88.124,62.17386666666667,14.888533333333333,2.345066666666667,8.597333333333333,6.4101333333333335,16,246,71,15,142,/home/bradley/.codex/worktrees/maxima-growth-policy/glob2/artifacts/maxima-historical-validation/duels/Mazury-warrush-9514-1-latest,16384,46080,2560,38912,13824,27136,10752,5632,1536,512,16204,,
duels,Muka.map.gz,cortex,9518,0,historical,0,26754,lost,False,False,9,33.83553861104882,20.7835837631756,8.66920834267773,1.3396127681841967,3.291619944681169,1.3496299618748597,7,57,19,8,56,/home/bradley/.codex/worktrees/maxima-growth-policy/glob2/artifacts/maxima-historical-validation/duels/Muka-cortex-9518-0-historical,,,3584,7680,10752,13312,7168,6144,11264,1024,,,
duels,Muka.map.gz,cortex,9518,0,latest,0,44066,lost,False,False,1,34.770435256206596,18.701447828257614,9.5623836971815,1.301320746153497,4.83347705714156,2.033313665864839,9,51,24,12,73,/home/bradley/.codex/worktrees/maxima-growth-policy/glob2/artifacts/maxima-historical-validation/duels/Muka-cortex-9518-0-latest,16896,,14848,22016,13312,16384,11264,10240,11776,1024,4486,,
duels,Mazury.map.gz,warrush,9514,0,historical,0,15330,won,True,False,28,24.626744944553163,15.699412915851273,6.526549249836921,1.565818656229615,2.4823222439660797,2.2927592954990215,3,27,9,0,23,/home/bradley/.codex/worktrees/maxima-growth-policy/glob2/artifacts/maxima-historical-validation/duels/Mazury-warrush-9514-0-historical,,,6656,,,,4096,5120,3584,512,1659,,
duels,Mazury.map.gz,warrush,9514,0,latest,0,46466,won,True,False,178,80.52201609779193,51.17836697800542,19.417122196875134,2.942194292601042,8.209701717384755,4.9916928506865235,9,148,43,17,197,/home/bradley/.codex/worktrees/maxima-growth-policy/glob2/artifacts/maxima-historical-validation/duels/Mazury-warrush-9514-0-latest,9216,34816,5632,8192,10240,17920,4608,5120,2560,512,1659,,
duels,strange2.map.gz,warrush,9522,1,historical,0,17154,won,True,False,0,155.0863938440014,142.43115308382883,10.894252069488166,8.178967004780226,0.9850763670280984,75.78220823131632,346,227,13,0,7,/home/bradley/.codex/worktrees/maxima-growth-policy/glob2/artifacts/maxima-historical-validation/duels/strange2-warrush-9522-1-historical,512,512,512,,,,2048,1024,1024,512,732,,
duels,strange2.map.gz,warrush,9522,1,latest,0,18178,won,True,False,0,157.5037957971174,147.70205743206074,7.520299262845198,7.26757619100011,4.168775442842997,71.85124876224008,325,215,17,0,2,/home/bradley/.codex/worktrees/maxima-growth-policy/glob2/artifacts/maxima-historical-validation/duels/strange2-warrush-9522-1-latest,512,512,512,,,,2560,1536,1024,512,729,,
duels,Dejans.map.gz,cortex,9508,0,historical,0,33378,won,True,False,95,52.82419557792558,30.407933369285157,15.033435196836239,1.6117802145125533,5.689615914674336,3.3097249685421537,7,64,32,7,133,/home/bradley/.codex/worktrees/maxima-growth-policy/glob2/artifacts/maxima-historical-validation/duels/Dejans-cortex-9508-0-historical,20480,,3584,6656,19456,25600,2560,4608,7168,512,,,
duels,Dejans.map.gz,cortex,9508,0,latest,0,33698,won,True,False,107,55.82393613864324,34.72298059232002,14.16947593328981,1.5841889726393257,6.7381446970146595,1.8832571665974243,3,56,28,13,166,/home/bradley/.codex/worktrees/maxima-growth-policy/glob2/artifacts/maxima-historical-validation/duels/Dejans-cortex-9508-0-latest,16384,31744,20992,,15872,18944,2560,5632,7168,512,3686,,
duels,strange2.map.gz,cortex,9500,0,historical,0,10594,lost,False,False,61,229.94562960166132,209.90032093637907,16.71059090050972,5.470454974513876,0.3866339437417406,98.44326977534453,245,255,16,0,9,/home/bradley/.codex/worktrees/maxima-growth-policy/glob2/artifacts/maxima-historical-validation/duels/strange2-cortex-9500-0-historical,512,512,512,,,,2560,1536,2048,512,,,
duels,strange2.map.gz,cortex,9500,0,latest,0,9698,lost,False,False,51,221.23417199422562,208.4346256960198,7.813569808207878,4.593111981851928,1.4254485460919777,88.04805114456589,207,231,14,0,0,/home/bradley/.codex/worktrees/maxima-growth-policy/glob2/artifacts/maxima-historical-validation/duels/strange2-cortex-9500-0-latest,512,512,512,,,,,4608,1024,512,,,
duels,Dejans.map.gz,castor,9507,1,historical,0,18434,won,True,False,65,37.87794293153954,23.793316697406965,9.29250298361723,1.0834327872409677,3.764239991320386,0.3752847998264077,0,55,20,3,69,/home/bradley/.codex/worktrees/maxima-growth-policy/glob2/artifacts/maxima-historical-validation/duels/Dejans-castor-9507-1-historical,13312,,16896,,12288,15872,4096,5632,6656,512,3528,,
duels,Dejans.map.gz,castor,9507,1,latest,0,10242,won,True,False,42,21.70396406951767,14.952548330404218,3.8760007810974417,1.9752001562194883,2.650263620386643,0.04999023628197618,0,31,10,0,16,/home/bradley/.codex/worktrees/maxima-growth-policy/glob2/artifacts/maxima-historical-validation/duels/Dejans-castor-9507-1-latest,,,2560,7680,,,6656,7168,,512,,,
duels,balanced_for_2.map.gz,castor,9516,0,historical,0,21954,won,True,False,133,68.13551061310012,48.696957274300814,11.248792930673225,1.5568916826090917,5.303543773344265,1.2681971394734444,0,102,26,15,195,/home/bradley/.codex/worktrees/maxima-growth-policy/glob2/artifacts/maxima-historical-validation/duels/balanced_for_2-castor-9516-0-historical,7168,17408,9728,16896,9216,11264,4096,4096,1024,512,4922,,
duels,balanced_for_2.map.gz,castor,9516,0,latest,0,10850,won,True,False,66,35.01594470046083,23.335760368663596,6.903594470046083,1.088847926267281,3.168663594470046,0.12700460829493088,0,50,17,1,46,/home/bradley/.codex/worktrees/maxima-growth-policy/glob2/artifacts/maxima-historical-validation/duels/balanced_for_2-castor-9516-0-latest,7680,,10240,,7680,10240,4096,4608,2048,512,5959,,
duels,strange2.map.gz,warrush,9512,0,historical,0,20066,won,True,False,0,115.76517492275491,106.70706667995614,7.425097179308283,5.7684640685737065,0.15309478720223263,55.343765573607094,292,202,17,0,5,/home/bradley/.codex/worktrees/maxima-growth-policy/glob2/artifacts/maxima-historical-validation/duels/strange2-warrush-9512-0-historical,512,512,512,,,,2560,2048,1024,512,698,,
duels,strange2.map.gz,warrush,9512,0,latest,0,18850,won,True,False,0,134.2879575596817,125.813474801061,6.029920424403183,6.235862068965517,1.8555968169761272,63.531458885941646,304,210,16,0,0,/home/bradley/.codex/worktrees/maxima-growth-policy/glob2/artifacts/maxima-historical-validation/duels/strange2-warrush-9512-0-latest,512,512,512,,,,,3584,1024,512,697,,
duels,Dejans.map.gz,castor,9503,0,historical,0,33122,won,True,False,79,50.75526840166657,31.022915282893546,13.642563854839684,1.0570617716321478,5.993418271843487,0.719944447799046,1,74,26,16,151,/home/bradley/.codex/worktrees/maxima-growth-policy/glob2/artifacts/maxima-historical-validation/duels/Dejans-castor-9503-0-historical,13312,,31232,,11264,16896,2560,5120,4096,512,4511,,
duels,Dejans.map.gz,castor,9503,0,latest,0,44866,won,True,False,118,61.85837828199527,37.58618998796416,16.5550082467793,2.710471180849641,7.182766460125707,0.4907056568448268,0,108,29,17,274,/home/bradley/.codex/worktrees/maxima-growth-policy/glob2/artifacts/maxima-historical-validation/duels/Dejans-castor-9503-0-latest,16896,39424,3072,7168,14848,19456,3072,6656,4096,512,3491,,
duels,strange2.map.gz,castor,9509,0,historical,0,39746,lost,False,False,0,96.70366829366478,93.45745483822272,2.125496905348966,6.817792985457656,0.9935591002868213,45.92361495496402,470,342,14,0,1,/home/bradley/.codex/worktrees/maxima-growth-policy/glob2/artifacts/maxima-historical-validation/duels/strange2-castor-9509-0-historical,512,512,512,,,,4096,2048,2048,512,,,
duels,strange2.map.gz,castor,9509,0,latest,0,39170,won,True,False,0,108.64804697472556,104.09925963747766,3.2939494511105436,8.941179474087312,9.529435792698493,45.919223895838655,425,299,22,0,8,/home/bradley/.codex/worktrees/maxima-growth-policy/glob2/artifacts/maxima-historical-validation/duels/strange2-castor-9509-0-latest,512,512,512,,,,6144,4096,1024,512,,,
duels,Dejans.map.gz,cortex,9520,1,historical,0,34146,won,True,False,126,63.17794177941779,35.06879283078545,20.02556668423827,1.5830258302583027,5.573771452000234,3.4123469806126634,5,71,36,17,163,/home/bradley/.codex/worktrees/maxima-growth-policy/glob2/artifacts/maxima-historical-validation/duels/Dejans-cortex-9520-1-historical,11776,28672,3584,7168,16896,16384,4096,6144,6656,512,6988,,
duels,Dejans.map.gz,cortex,9520,1,latest,0,29474,won,True,False,109,51.8685960507566,27.38871547804845,15.650437673882065,1.530976453823709,6.00346067720703,2.1714053063717174,6,47,24,10,93,/home/bradley/.codex/worktrees/maxima-growth-policy/glob2/artifacts/maxima-historical-validation/duels/Dejans-cortex-9520-1-latest,16896,26112,12800,,16896,22016,4096,6144,4608,512,3696,,
duels,Muka.map.gz,cortex,9518,1,historical,0,24642,lost,False,False,2,21.96721045369694,14.445743040337636,4.217839461082704,1.3428293158022888,2.3894164434704974,1.4674945215485755,12,25,20,3,48,/home/bradley/.codex/worktrees/maxima-growth-policy/glob2/artifacts/maxima-historical-validation/duels/Muka-cortex-9518-1-historical,,,3584,9728,12800,15360,5632,8192,10240,1024,4132,,
duels,Muka.map.gz,cortex,9518,1,latest,0,30690,won,True,False,228,77.54128380579994,55.67171717171717,14.776800260671228,2.4224828934506353,8.021635711958293,2.385206907787553,0,159,33,13,160,/home/bradley/.codex/worktrees/maxima-growth-policy/glob2/artifacts/maxima-historical-validation/duels/Muka-cortex-9518-1-latest,12800,20992,14336,18944,12288,14848,7680,9216,12288,1024,8609,,
duels,SmallForTwo.map.gz,cortex,9516,1,historical,0,18242,won,True,False,112,58.228648174542265,40.602620326718565,12.260717026641816,1.1299199649161276,5.312794649709462,1.9121806819427694,0,78,27,3,114,/home/bradley/.codex/worktrees/maxima-growth-policy/glob2/artifacts/maxima-historical-validation/duels/SmallForTwo-cortex-9516-1-historical,8192,14848,15872,,10752,11776,4608,5632,4608,512,4569,,
duels,SmallForTwo.map.gz,cortex,9516,1,latest,0,19330,won,True,False,139,69.62622866011381,48.16063114330057,16.398965338851525,1.0994309363683394,8.272426280393171,2.351060527677186,0,77,33,6,111,/home/bradley/.codex/worktrees/maxima-growth-policy/glob2/artifacts/maxima-historical-validation/duels/SmallForTwo-cortex-9516-1-latest,8192,13312,17408,,10240,12800,4608,5632,7168,512,4550,,
duels,Mazury.map.gz,cortex,9511,0,historical,0,29442,lost,False,False,6,40.51508049724883,27.42024998301746,9.512397255621222,1.199918483798655,3.2867332382310983,5.269411045445282,19,69,23,7,74,/home/bradley/.codex/worktrees/maxima-growth-policy/glob2/artifacts/maxima-historical-validation/duels/Mazury-cortex-9511-0-historical,11264,,13824,,9216,12800,4096,5120,7680,512,8434,,
duels,Mazury.map.gz,cortex,9511,0,latest,0,33058,lost,False,False,6,70.22844697198863,46.77869199588602,16.38725875733559,1.796599915300381,5.562223969992135,11.356766894548974,58,111,33,9,92,/home/bradley/.codex/worktrees/maxima-growth-policy/glob2/artifacts/maxima-historical-validation/duels/Mazury-cortex-9511-0-latest,8192,17408,4608,7680,8192,12800,4096,4608,4608,512,,,
duels,SmallForTwo.map.gz,warrush,9516,1,historical,0,26658,won,True,False,160,73.65770125290719,54.47404156350814,13.699677395153424,1.434691274664266,5.95836146747693,2.3181784079825944,0,128,38,7,116,/home/bradley/.codex/worktrees/maxima-growth-policy/glob2/artifacts/maxima-historical-validation/duels/SmallForTwo-warrush-9516-1-historical,9728,18944,10752,21504,11264,14336,4608,5632,4096,512,4141,,
duels,SmallForTwo.map.gz,warrush,9516,1,latest,0,9410,won,True,False,56,27.45154091392136,18.53432518597237,5.861955366631244,0.9727948990435706,3.116259298618491,0.8095642933049947,0,37,14,0,7,/home/bradley/.codex/worktrees/maxima-growth-policy/glob2/artifacts/maxima-historical-validation/duels/SmallForTwo-warrush-9516-1-latest,8704,,,,,,7680,6656,3584,512,4364,,
duels,SmallForTwo.map.gz,castor,9517,0,historical,0,17986,won,True,False,70,31.525575447570333,21.849772044923828,7.081229845435338,1.0890692761036362,3.2672078283109083,0.9393973090181252,1,62,18,2,43,/home/bradley/.codex/worktrees/maxima-growth-policy/glob2/artifacts/maxima-historical-validation/duels/SmallForTwo-castor-9517-0-historical,13312,,16384,,16384,16384,5120,9728,2560,512,8344,,
duels,SmallForTwo.map.gz,castor,9517,0,latest,0,14530,won,True,False,69,28.98547832071576,19.66668960770819,6.032071576049552,1.11906400550585,3.740536820371645,0.735719201651755,0,43,15,0,10,/home/bradley/.codex/worktrees/maxima-growth-policy/glob2/artifacts/maxima-historical-validation/duels/SmallForTwo-castor-9517-0-latest,11776,,12800,,14530,,9728,8704,7168,512,5090,,
duels,strange2.map.gz,cortex,9519,1,historical,0,18274,won,True,False,0,160.87906314983036,143.81613220969683,14.793477071248768,6.91386669585203,0.9859910255007114,76.04071358213855,361,277,15,0,12,/home/bradley/.codex/worktrees/maxima-growth-policy/glob2/artifacts/maxima-historical-validation/duels/strange2-cortex-9519-1-historical,512,512,512,,,,2560,1024,1024,512,731,,
duels,strange2.map.gz,cortex,9519,1,latest,0,11298,lost,False,False,60,232.43405912550895,215.7254381306426,12.44875199150292,5.89130819614091,3.6254204283944063,92.89467162329616,232,258,17,0,3,/home/bradley/.codex/worktrees/maxima-growth-policy/glob2/artifacts/maxima-historical-validation/duels/strange2-cortex-9519-1-latest,512,512,512,,,,4096,3072,1024,512,727,,
duels,strange2.map.gz,warrush,9501,1,historical,0,17442,won,True,False,0,151.96789359018462,137.96582960669647,12.035317050796927,8.704506363949088,0.23483545464969613,75.41153537438367,344,228,14,0,7,/home/bradley/.codex/worktrees/maxima-growth-policy/glob2/artifacts/maxima-historical-validation/duels/strange2-warrush-9501-1-historical,512,512,512,,,,2048,1024,1024,512,735,,
duels,strange2.map.gz,warrush,9501,1,latest,0,20002,won,True,False,0,150.28257174282572,139.37806219378064,8.703129687031296,8.884811518848116,6.844715528447155,66.16938306169384,322,214,17,0,3,/home/bradley/.codex/worktrees/maxima-growth-policy/glob2/artifacts/maxima-historical-validation/duels/strange2-warrush-9501-1-latest,512,512,512,,,,2560,2048,1024,512,730,,
duels,strange2.map.gz,castor,9505,0,historical,0,60000,unresolved,False,True,0,63.06133333333333,60.544,1.7152,5.228266666666666,0.9957333333333334,29.764266666666668,460,334,14,0,3,/home/bradley/.codex/worktrees/maxima-growth-policy/glob2/artifacts/maxima-historical-validation/duels/strange2-castor-9505-0-historical,512,512,512,,,,4608,2048,1024,512,,,
duels,strange2.map.gz,castor,9505,0,latest,0,52290,won,True,False,0,78.54779116465863,75.04241728820043,2.4576783323771276,8.57770128131574,4.395295467584624,35.12227959456875,447,320,15,0,7,/home/bradley/.codex/worktrees/maxima-growth-policy/glob2/artifacts/maxima-historical-validation/duels/strange2-castor-9505-0-latest,512,512,512,,,,7168,4096,1024,512,,,
duels,balanced_for_2.map.gz,castor,9500,0,historical,0,15266,won,True,False,88,46.790318354513296,31.577426961876064,8.935674046901612,1.5746102449888641,3.618760644569632,0.614306301585222,0,64,21,5,77,/home/bradley/.codex/worktrees/maxima-growth-policy/glob2/artifacts/maxima-historical-validation/duels/balanced_for_2-castor-9500-0-historical,8704,,10240,14848,9728,11776,4608,4608,1024,512,635,,
duels,balanced_for_2.map.gz,castor,9500,0,latest,0,14210,won,True,False,88,47.001196340605205,31.81963406052076,8.29795918367347,1.5138634764250527,4.2796622097114705,0.468402533427164,0,64,21,3,80,/home/bradley/.codex/worktrees/maxima-growth-policy/glob2/artifacts/maxima-historical-validation/duels/balanced_for_2-castor-9500-0-latest,7168,,10752,14210,8704,10752,4096,4608,2048,512,5332,,
duels,SmallForTwo.map.gz,cortex,9506,1,historical,0,17410,won,True,False,132,57.817288914417,38.91792073520965,14.649052268811028,0.985295807007467,5.044801838024124,3.5880528431935668,1,85,30,1,96,/home/bradley/.codex/worktrees/maxima-growth-policy/glob2/artifacts/maxima-historical-validation/duels/SmallForTwo-cortex-9506-1-historical,8704,13824,,,10752,14336,5632,5120,1536,1024,4131,,
duels,SmallForTwo.map.gz,cortex,9506,1,latest,0,14210,won,True,False,104,42.823856439127375,27.396973961998594,11.714567206192822,0.9819845179451091,5.09064039408867,2.8023926812104154,0,60,22,0,40,/home/bradley/.codex/worktrees/maxima-growth-policy/glob2/artifacts/maxima-historical-validation/duels/SmallForTwo-cortex-9506-1-latest,9216,13824,,,13824,,5120,6656,5120,1024,5578,,
duels,Dejans.map.gz,cortex,9521,0,historical,0,25698,won,True,False,107,55.32780761148727,29.58728305704724,16.860923029029497,1.5555296131994707,5.40376683010351,2.467351544867305,1,50,28,8,120,/home/bradley/.codex/worktrees/maxima-growth-policy/glob2/artifacts/maxima-historical-validation/duels/Dejans-cortex-9521-0-historical,11776,23040,15360,,10240,15360,3072,4096,4096,512,11262,,
duels,Dejans.map.gz,cortex,9521,0,latest,0,20706,won,True,False,82,45.230754370713804,29.645223606684052,10.357867284844973,1.9490968801313628,4.8101999420457835,1.1592775041050902,0,46,21,6,80,/home/bradley/.codex/worktrees/maxima-growth-policy/glob2/artifacts/maxima-historical-validation/duels/Dejans-cortex-9521-0-latest,12288,,5120,15360,12800,14848,3584,6144,6656,512,3692,,
duels,Mazury.map.gz,warrush,9512,1,historical,0,24514,won,True,False,62,44.05890511544423,27.583584890266785,13.676592967284002,1.840825650648609,4.010769356286204,7.472138369911071,22,67,20,0,21,/home/bradley/.codex/worktrees/maxima-growth-policy/glob2/artifacts/maxima-historical-validation/duels/Mazury-warrush-9512-1-historical,12800,,3584,9728,18944,,9728,6656,1536,512,11623,,
duels,Mazury.map.gz,warrush,9512,1,latest,0,16450,lost,False,False,2,10.061276595744681,6.51306990881459,1.8986018237082067,0.902613981762918,2.0622492401215804,0.9221884498480243,5,21,5,0,0,/home/bradley/.codex/worktrees/maxima-growth-policy/glob2/artifacts/maxima-historical-validation/duels/Mazury-warrush-9512-1-latest,,,4096,9728,,,,,1536,512,3956,,
duels,strange2.map.gz,warrush,9520,0,historical,0,17154,won,True,False,0,145.47557421009677,135.74536551241692,7.611052815669814,6.14900314795383,0.23877812755042555,71.24542380785823,320,212,16,0,4,/home/bradley/.codex/worktrees/maxima-growth-policy/glob2/artifacts/maxima-historical-validation/duels/strange2-warrush-9520-0-historical,512,512,512,,,,3072,2048,1024,512,918,,
duels,strange2.map.gz,warrush,9520,0,latest,0,16546,won,True,False,3,166.98791248640154,155.23486038921794,9.15375317297232,6.711712800676901,4.587936661428744,75.51734558201377,307,204,20,0,2,/home/bradley/.codex/worktrees/maxima-growth-policy/glob2/artifacts/maxima-historical-validation/duels/strange2-warrush-9520-0-latest,512,512,512,,,,5632,3584,1024,512,922,,
duels,SmallForTwo.map.gz,warrush,9521,1,historical,0,27810,won,True,False,154,82.22948579647608,63.124163969795035,14.176519237684285,1.3372168284789645,6.185616684645811,2.9941747572815536,0,122,33,9,186,/home/bradley/.codex/worktrees/maxima-growth-policy/glob2/artifacts/maxima-historical-validation/duels/SmallForTwo-warrush-9521-1-historical,9216,15360,8704,27136,11264,18432,4096,6144,3072,512,3111,,
duels,SmallForTwo.map.gz,warrush,9521,1,latest,0,21122,won,True,False,132,67.1334153962693,48.36256036360193,13.340308682889878,1.3395511788656378,6.915917053309346,2.1696809014297886,0,96,38,4,108,/home/bradley/.codex/worktrees/maxima-growth-policy/glob2/artifacts/maxima-historical-validation/duels/SmallForTwo-warrush-9521-1-latest,8192,14848,8192,,10240,13824,6144,5120,2560,512,2712,,
duels,Muka.map.gz,warrush,9500,1,historical,0,21794,won,True,False,56,21.781315958520693,13.672570432229055,6.216435716252179,1.6711021382031752,2.7079012572267596,1.2936588051757365,5,40,20,0,42,/home/bradley/.codex/worktrees/maxima-growth-policy/glob2/artifacts/maxima-historical-validation/duels/Muka-warrush-9500-1-historical,20480,,10752,14336,19968,,9216,13824,1024,1024,8225,,
duels,Muka.map.gz,warrush,9500,1,latest,0,60000,unresolved,False,True,67,34.68,23.658133333333332,7.260266666666666,1.4768,3.562666666666667,3.925866666666667,28,114,48,14,101,/home/bradley/.codex/worktrees/maxima-growth-policy/glob2/artifacts/maxima-historical-validation/duels/Muka-warrush-9500-1-latest,25088,,8704,13824,27136,33280,10752,43008,1536,1024,7813,,
duels,Muka.map.gz,warrush,9508,1,historical,0,9058,lost,False,False,8,8.44347538087878,5.697836166924266,0.6325899757120778,0.9717376904393906,1.378229189666593,1.3998675204239346,2,6,4,0,0,/home/bradley/.codex/worktrees/maxima-growth-policy/glob2/artifacts/maxima-historical-validation/duels/Muka-warrush-9508-1-historical,,,,,,,,,1024,1024,3526,,
duels,Muka.map.gz,warrush,9508,1,latest,0,7010,lost,False,False,4,6.702425106990014,4.219115549215407,0.7303851640513552,0.5843081312410842,1.561768901569187,2.3061340941512127,5,3,2,0,0,/home/bradley/.codex/worktrees/maxima-growth-policy/glob2/artifacts/maxima-historical-validation/duels/Muka-warrush-9508-1-latest,,,,,,,,,1536,1024,,,
duels,Mazury.map.gz,cortex,9514,0,historical,0,29986,lost,False,False,2,38.13589675181751,24.593443607016606,9.017674914960315,1.7245381177883012,3.8247182018275194,4.525912092309745,21,57,22,5,69,/home/bradley/.codex/worktrees/maxima-growth-policy/glob2/artifacts/maxima-historical-validation/duels/Mazury-cortex-9514-0-historical,11776,,13312,25600,10752,13824,4096,5120,4608,512,1657,,
duels,Mazury.map.gz,cortex,9514,0,latest,0,24002,lost,False,False,19,43.355803683026416,27.96796100324973,9.85422048162653,1.8345137905174569,4.141238230147488,5.458628447629364,15,80,25,4,57,/home/bradley/.codex/worktrees/maxima-growth-policy/glob2/artifacts/maxima-historical-validation/duels/Mazury-cortex-9514-0-latest,10240,,5120,10240,7168,11776,4608,4096,5120,512,1660,,10580
duels,Dejans.map.gz,warrush,9511,1,historical,0,20418,won,True,False,81,45.93437163287295,29.89406406112254,9.826770496620629,1.3480262513468508,4.655402096189636,1.5866392398863747,3,61,21,5,90,/home/bradley/.codex/worktrees/maxima-growth-policy/glob2/artifacts/maxima-historical-validation/duels/Dejans-warrush-9511-1-historical,10752,,14336,,9728,14336,4608,6144,1536,512,1478,,
duels,Dejans.map.gz,warrush,9511,1,latest,0,9794,won,True,False,32,21.28323463344905,13.922401470287932,5.2950786195629975,1.6863385746375332,2.2748621605064323,3.37859914233204,3,22,8,0,17,/home/bradley/.codex/worktrees/maxima-growth-policy/glob2/artifacts/maxima-historical-validation/duels/Dejans-warrush-9511-1-latest,,,2560,,,,4096,5120,2048,512,1686,,
duels,strange2.map.gz,castor,9522,1,historical,0,60000,unresolved,False,True,0,66.90986666666667,63.2064,2.833066666666667,4.818666666666667,0.9957333333333334,31.624533333333332,488,360,14,0,12,/home/bradley/.codex/worktrees/maxima-growth-policy/glob2/artifacts/maxima-historical-validation/duels/strange2-castor-9522-1-historical,512,512,512,,,,1536,512,1024,512,,,
duels,strange2.map.gz,castor,9522,1,latest,0,41698,won,True,False,0,115.2362223607847,108.85126384958511,5.107966808959662,8.944745551345388,17.300110317041586,41.60046045373879,413,285,27,0,8,/home/bradley/.codex/worktrees/maxima-growth-policy/glob2/artifacts/maxima-historical-validation/duels/strange2-castor-9522-1-latest,512,512,512,,,,4608,1536,1024,512,,,
duels,balanced_for_2.map.gz,cortex,9508,0,historical,0,28898,won,True,False,174,88.36850301058897,63.10633953906845,17.103744203751123,1.821786974877154,6.2595335317323,1.6102152398089833,0,144,44,28,295,/home/bradley/.codex/worktrees/maxima-growth-policy/glob2/artifacts/maxima-historical-validation/duels/balanced_for_2-cortex-9508-0-historical,8192,16896,10752,14848,10752,15360,2560,4096,2560,512,635,,
duels,balanced_for_2.map.gz,cortex,9508,0,latest,0,32482,won,True,False,229,111.396342589742,72.1797303121729,29.338956960778276,2.077889292531248,8.762206760667446,2.927221230219814,0,153,46,25,336,/home/bradley/.codex/worktrees/maxima-growth-policy/glob2/artifacts/maxima-historical-validation/duels/balanced_for_2-cortex-9508-0-latest,8192,15872,10752,17920,9216,12288,3584,4608,2560,512,2879,,
duels,Mazury.map.gz,warrush,9516,0,historical,0,41890,lost,False,False,7,41.48462640248269,29.462186679398425,9.113487705896395,1.8333731200763905,3.36056338028169,7.393363571258057,62,103,23,10,119,/home/bradley/.codex/worktrees/maxima-growth-policy/glob2/artifacts/maxima-historical-validation/duels/Mazury-warrush-9516-0-historical,9216,,9216,20480,8192,11264,4096,4608,3072,512,3913,,
duels,Mazury.map.gz,warrush,9516,0,latest,0,25538,won,True,False,229,93.1670843448978,72.20350066567468,13.46205654319054,2.864828882449683,7.910721278095387,5.133056621505208,8,201,42,9,130,/home/bradley/.codex/worktrees/maxima-growth-policy/glob2/artifacts/maxima-historical-validation/duels/Mazury-warrush-9516-0-latest,8192,14336,2048,5120,10240,15872,5120,5120,3072,512,4137,,
duels,strange2.map.gz,castor,9512,0,historical,0,38818,lost,False,False,0,103.07795352671441,97.49868617651605,4.392189190581689,6.893399969086507,0.9934051213354629,49.25055386676284,482,355,15,0,6,/home/bradley/.codex/worktrees/maxima-growth-policy/glob2/artifacts/maxima-historical-validation/duels/strange2-castor-9512-0-historical,512,512,512,,,,4096,2048,1024,512,,,
duels,strange2.map.gz,castor,9512,0,latest,0,37282,won,True,False,0,112.4197199721045,107.50324553403787,3.350893192425299,8.938200740303632,6.77340271444665,49.06861219891637,437,309,15,0,0,/home/bradley/.codex/worktrees/maxima-growth-policy/glob2/artifacts/maxima-historical-validation/duels/strange2-castor-9512-0-latest,512,512,512,,,,,,1024,512,,,
duels,strange2.map.gz,cortex,9504,1,historical,0,17474,won,True,False,0,165.87112281103353,147.90980885887603,15.851665331349434,7.845942543207051,0.2051047270230056,79.87364083781618,366,279,13,0,13,/home/bradley/.codex/worktrees/maxima-growth-policy/glob2/artifacts/maxima-historical-validation/duels/strange2-cortex-9504-1-historical,512,512,512,,,,2560,1024,2048,512,733,,
duels,strange2.map.gz,cortex,9504,1,latest,0,18498,won,True,False,0,159.56752081306087,144.73175478430102,11.818791220672505,7.9272353767974915,6.204022056438534,64.02075900097307,306,260,20,0,1,/home/bradley/.codex/worktrees/maxima-growth-policy/glob2/artifacts/maxima-historical-validation/duels/strange2-cortex-9504-1-latest,512,512,512,,,,8704,2560,1024,512,728,,
duels,Muka.map.gz,castor,9519,0,historical,0,8098,won,True,False,38,18.739441837490737,11.932946406520129,3.0367992096814027,1.474191158310694,2.2729068905902694,0.1264509755495184,0,23,6,0,1,/home/bradley/.codex/worktrees/maxima-growth-policy/glob2/artifacts/maxima-historical-validation/duels/Muka-castor-9519-0-historical,,,3584,7168,,,7680,6656,,1024,3275,,
duels,Muka.map.gz,castor,9519,0,latest,0,27906,won,True,False,87,42.9251415466208,25.015659714756683,11.725650397763921,1.853364867770372,5.578370242958504,1.7981079337776822,0,72,29,7,107,/home/bradley/.codex/worktrees/maxima-growth-policy/glob2/artifacts/maxima-historical-validation/duels/Muka-castor-9519-0-latest,15872,,3584,9216,13824,17920,11776,11264,9216,512,3882,,
duels,Muka.map.gz,warrush,9518,0,historical,0,14402,won,True,False,42,18.232120538814055,12.797528121094292,3.012012220524927,0.9466740730454104,2.7201777530898488,0.9690320788779336,2,23,11,0,10,/home/bradley/.codex/worktrees/maxima-growth-policy/glob2/artifacts/maxima-historical-validation/duels/Muka-warrush-9518-0-historical,,,,10752,,,11776,11264,1024,1024,7565,,
duels,Muka.map.gz,warrush,9518,0,latest,0,11810,lost,False,False,2,5.554953429297206,3.839627434377646,0.8482641828958509,0.6748518204911093,1.4118543607112617,0.7182049110922947,2,4,8,0,2,/home/bradley/.codex/worktrees/maxima-growth-policy/glob2/artifacts/maxima-historical-validation/duels/Muka-warrush-9518-0-latest,,,,,,,7168,,1536,1024,3478,,
duels,strange2.map.gz,castor,9504,1,historical,0,37762,won,True,False,0,105.41814522535883,99.18118743710609,4.759069964514591,7.481118584820719,0.962660876012923,49.97701392934696,484,356,13,0,11,/home/bradley/.codex/worktrees/maxima-growth-policy/glob2/artifacts/maxima-historical-validation/duels/strange2-castor-9504-1-historical,512,512,512,,,,1536,1024,1024,512,,,
duels,strange2.map.gz,castor,9504,1,latest,0,39714,won,True,False,0,113.46406808682077,109.40303167648688,2.4624062043611823,8.941985194138088,11.238505312987863,45.43203907941784,433,305,19,0,3,/home/bradley/.codex/worktrees/maxima-growth-policy/glob2/artifacts/maxima-historical-validation/duels/strange2-castor-9504-1-latest,512,512,512,,,,7168,2048,1024,512,,,
duels,SmallForTwo.map.gz,castor,9516,1,historical,0,10498,won,True,False,62,28.420842065155266,18.955991617450945,6.537626214517051,1.4149361783196799,2.5858258715945897,0.4880929700895409,0,53,13,0,24,/home/bradley/.codex/worktrees/maxima-growth-policy/glob2/artifacts/maxima-historical-validation/duels/SmallForTwo-castor-9516-1-historical,8704,,6656,,10498,,4608,5632,2560,512,4543,,
duels,SmallForTwo.map.gz,castor,9516,1,latest,0,12930,won,True,False,66,33.29218870843001,23.122815158546018,7.010672853828306,1.4358855375096675,4.010363495746327,0.425831399845321,0,57,18,0,34,/home/bradley/.codex/worktrees/maxima-growth-policy/glob2/artifacts/maxima-historical-validation/duels/SmallForTwo-castor-9516-1-latest,9728,,9728,,11776,,4608,5632,2560,512,4757,,
duels,Muka.map.gz,cortex,9510,0,historical,0,36322,won,True,False,231,87.63768514949618,57.97629535818512,21.933318649854083,2.5261274158911955,6.3379219205990855,3.478442817025494,2,196,41,20,262,/home/bradley/.codex/worktrees/maxima-growth-policy/glob2/artifacts/maxima-historical-validation/duels/Muka-cortex-9510-0-historical,13312,22528,11264,14336,10752,13824,8704,8192,17408,1024,,,
duels,Muka.map.gz,cortex,9510,0,latest,0,41346,won,True,False,114,56.84324964930102,35.56061045808543,14.138320514680984,1.9443718860349248,7.313016978667828,2.82044212257534,0,66,32,15,130,/home/bradley/.codex/worktrees/maxima-growth-policy/glob2/artifacts/maxima-historical-validation/duels/Muka-cortex-9510-0-latest,15872,38400,18944,36352,13824,16896,10240,9216,11264,1024,3878,27058,
duels,Mazury.map.gz,castor,9512,0,historical,0,46690,won,True,False,616,173.10972370957379,128.11773399014777,23.39742985650032,3.86583850931677,10.292568001713429,22.9551938316556,81,667,69,34,294,/home/bradley/.codex/worktrees/maxima-growth-policy/glob2/artifacts/maxima-historical-validation/duels/Mazury-castor-9512-0-historical,11776,26624,6656,12288,9728,13312,4096,4608,4608,512,6158,,35658
duels,Mazury.map.gz,castor,9512,0,latest,0,38466,won,True,False,538,170.23789840378515,127.83185150522539,19.99136900119586,4.294753808558207,13.92398481776114,12.225497842250299,15,509,59,17,245,/home/bradley/.codex/worktrees/maxima-growth-policy/glob2/artifacts/maxima-historical-validation/duels/Mazury-castor-9512-0-latest,9216,17408,4096,8704,10240,12288,4096,4608,4608,512,,,35262
duels,strange2.map.gz,castor,9502,0,historical,0,47074,won,True,False,0,81.5519394995114,78.83281641670561,1.740238772995709,5.660576963929133,0.9945617538343884,38.796448145473086,468,343,16,0,1,/home/bradley/.codex/worktrees/maxima-growth-policy/glob2/artifacts/maxima-historical-validation/duels/strange2-castor-9502-0-historical,512,512,512,,,,4608,1536,3584,512,,,
duels,strange2.map.gz,castor,9502,0,latest,0,51650,won,True,False,0,80.93862536302034,77.9647628267183,2.0123136495643754,8.035895450145208,5.956592449177154,34.99244917715392,436,308,15,0,0,/home/bradley/.codex/worktrees/maxima-growth-policy/glob2/artifacts/maxima-historical-validation/duels/strange2-castor-9502-0-latest,512,512,512,,,,,,1024,512,,,
duels,strange2.map.gz,warrush,9523,1,historical,0,19010,won,True,False,0,136.76675433982115,125.48174644923725,9.157285639137296,8.727196212519727,0.9865334034718569,66.14792214623883,328,221,12,0,7,/home/bradley/.codex/worktrees/maxima-growth-policy/glob2/artifacts/maxima-historical-validation/duels/strange2-warrush-9523-1-historical,512,512,512,,,,2048,1024,512,512,738,,
duels,strange2.map.gz,warrush,9523,1,latest,0,19458,won,True,False,0,149.2215027238154,140.0908623702333,6.999280501593175,8.078939253777367,5.7236098262925275,65.73008531195396,320,221,17,0,4,/home/bradley/.codex/worktrees/maxima-growth-policy/glob2/artifacts/maxima-historical-validation/duels/strange2-warrush-9523-1-latest,512,512,512,,,,3072,2048,512,512,728,,
duels,balanced_for_2.map.gz,cortex,9506,0,historical,0,31586,won,True,False,171,55.345596150193124,33.58532261128348,14.139998733616158,1.6789083771291078,5.0105109858798205,1.4943962515038307,0,145,34,10,142,/home/bradley/.codex/worktrees/maxima-growth-policy/glob2/artifacts/maxima-historical-validation/duels/balanced_for_2-cortex-9506-0-historical,20480,26624,17920,22528,22528,20480,5120,3584,2560,512,,,
duels,balanced_for_2.map.gz,cortex,9506,0,latest,0,32770,won,True,False,264,126.32090326518157,93.38175160207507,20.45382972230699,2.8594446139761978,9.938236191638694,3.7506255721696675,0,210,50,24,274,/home/bradley/.codex/worktrees/maxima-growth-policy/glob2/artifacts/maxima-historical-validation/duels/balanced_for_2-cortex-9506-0-latest,8704,15872,10752,14336,8704,12288,4096,5120,2560,512,642,,
duels,Dejans.map.gz,cortex,9513,0,historical,0,43074,lost,False,False,0,49.1455866648094,30.32251474207178,11.69115940010215,1.5170636578910712,5.769745089845382,7.008636300320379,80,71,25,23,214,/home/bradley/.codex/worktrees/maxima-growth-policy/glob2/artifacts/maxima-historical-validation/duels/Dejans-cortex-9513-0-historical,9728,,17920,,9728,12288,4096,5632,4096,512,3491,10317,
duels,Dejans.map.gz,cortex,9513,0,latest,0,27618,won,True,False,113,58.37700050691578,39.741147077992615,11.715439206314722,2.405677456731117,7.151060902310087,1.5654283438337315,3,59,27,12,156,/home/bradley/.codex/worktrees/maxima-growth-policy/glob2/artifacts/maxima-historical-validation/duels/Dejans-cortex-9513-0-latest,9216,25600,5632,21504,9728,11776,3584,5632,4096,512,3693,9650,
duels,SmallForTwo.map.gz,warrush,9507,1,historical,0,23234,won,True,False,169,75.65533270207455,57.55780321941982,12.82740810880606,1.4050098992855298,5.281484032022036,4.326590341740553,0,139,37,6,149,/home/bradley/.codex/worktrees/maxima-growth-policy/glob2/artifacts/maxima-historical-validation/duels/SmallForTwo-warrush-9507-1-historical,9216,14848,8704,19456,10752,15872,4096,5632,3072,512,2910,,
duels,SmallForTwo.map.gz,warrush,9507,1,latest,0,26274,won,True,False,121,67.19346121641166,47.02610946182538,14.837063256451245,1.216944507878511,7.175991474461445,2.152317880794702,0,89,34,7,133,/home/bradley/.codex/worktrees/maxima-growth-policy/glob2/artifacts/maxima-historical-validation/duels/SmallForTwo-warrush-9507-1-latest,10240,18432,9216,,14336,17920,4096,6144,4096,512,4966,,
duels,Muka.map.gz,castor,9503,1,historical,0,24066,won,True,False,54,31.512507271669577,17.79896950054018,9.000581733566026,1.3830300008310479,3.6384941411119422,1.862129144851658,0,38,17,5,59,/home/bradley/.codex/worktrees/maxima-growth-policy/glob2/artifacts/maxima-historical-validation/duels/Muka-castor-9503-1-historical,20992,,14848,,12800,15872,9728,9216,9728,1024,3718,,
duels,Muka.map.gz,castor,9503,1,latest,0,19362,won,True,False,55,28.786075818613778,18.948765623386013,4.9312054539820265,1.4001652721826257,4.0779878111765315,1.1454395207106705,1,28,14,2,38,/home/bradley/.codex/worktrees/maxima-growth-policy/glob2/artifacts/maxima-historical-validation/duels/Muka-castor-9503-1-latest,16896,,15360,,12800,15360,8704,8192,10240,1024,3509,,
duels,strange2.map.gz,castor,9500,1,historical,0,54370,won,True,False,0,70.40117711973515,68.01868677579547,1.5067132609895162,5.289424314879529,0.9952915210594078,33.40194960456134,466,339,13,0,1,/home/bradley/.codex/worktrees/maxima-growth-policy/glob2/artifacts/maxima-historical-validation/duels/strange2-castor-9500-1-historical,512,512,512,,,,4608,1024,1536,512,,,
duels,strange2.map.gz,castor,9500,1,latest,0,42722,won,True,False,0,109.3581761153504,105.05575581667524,2.924207668180329,8.946069940545854,12.586536210851552,43.263892139881094,437,310,22,0,8,/home/bradley/.codex/worktrees/maxima-growth-policy/glob2/artifacts/maxima-historical-validation/duels/strange2-castor-9500-1-latest,512,512,512,,,,3584,2560,1024,512,,,
duels,strange2.map.gz,warrush,9510,1,historical,0,17666,won,True,False,0,150.27284048454658,137.57862560851353,10.63647684818295,8.782520095097928,0.9855088871278161,74.13653345409261,341,229,13,0,5,/home/bradley/.codex/worktrees/maxima-growth-policy/glob2/artifacts/maxima-historical-validation/duels/strange2-warrush-9510-1-historical,512,512,512,,,,2048,1024,1024,512,742,,
duels,strange2.map.gz,warrush,9510,1,latest,0,17058,won,True,False,2,158.96945714620705,146.6932231211162,9.124633603001524,7.435221010669481,5.0505334740297805,71.30519404385039,303,211,18,0,6,/home/bradley/.codex/worktrees/maxima-growth-policy/glob2/artifacts/maxima-historical-validation/duels/strange2-warrush-9510-1-latest,512,512,512,,,,2560,1536,1024,512,735,,
duels,Mazury.map.gz,cortex,9513,1,historical,0,49346,won,True,False,320,109.89822883313744,60.380030802901956,40.34466826085195,2.8146556965103553,8.284562071900458,9.618935678677097,12,269,55,34,321,/home/bradley/.codex/worktrees/maxima-growth-policy/glob2/artifacts/maxima-historical-validation/duels/Mazury-cortex-9513-1-historical,11264,30720,5632,8192,12288,15360,7168,7680,6656,512,1695,,
duels,Mazury.map.gz,cortex,9513,1,latest,0,38082,won,True,False,324,138.92899532587575,96.19841394884722,34.39934877369886,3.0556168268473294,11.832571818707,8.568352502494617,3,234,56,25,210,/home/bradley/.codex/worktrees/maxima-growth-policy/glob2/artifacts/maxima-historical-validation/duels/Mazury-cortex-9513-1-latest,9216,18432,4608,7168,12800,19456,6144,5632,5120,512,1898,,
duels,SmallForTwo.map.gz,cortex,9501,0,historical,0,29442,lost,False,False,11,47.14105699341077,31.350621561035254,12.399225596087222,0.9042863935873922,3.547720942870729,2.9567284831193534,8,73,28,2,58,/home/bradley/.codex/worktrees/maxima-growth-policy/glob2/artifacts/maxima-historical-validation/duels/SmallForTwo-cortex-9501-0-historical,11776,,,,15360,22016,5120,11776,3584,512,3271,,
duels,SmallForTwo.map.gz,cortex,9501,0,latest,0,23170,won,True,False,123,53.69106603366422,28.693569270608545,20.83703064307294,0.9889512300388433,5.530858869227449,4.7407854984894255,3,59,23,0,60,/home/bradley/.codex/worktrees/maxima-growth-policy/glob2/artifacts/maxima-historical-validation/duels/SmallForTwo-cortex-9501-0-latest,11776,19968,,,21504,,9728,10240,3584,512,3688,,
duels,SmallForTwo.map.gz,warrush,9517,0,historical,0,17282,won,True,False,89,36.746441384099064,25.44149982640898,8.186205300312464,1.2297187825483162,2.8892489295220463,1.8443467191297302,1,76,20,1,29,/home/bradley/.codex/worktrees/maxima-growth-policy/glob2/artifacts/maxima-historical-validation/duels/SmallForTwo-warrush-9517-0-historical,12288,,13312,15360,14848,16896,12288,11776,2048,512,3690,,
duels,SmallForTwo.map.gz,warrush,9517,0,latest,0,28002,won,True,False,130,46.44871794871795,31.40614956074566,11.708592243411186,1.2686236697378759,5.0371402042711235,2.4571102064138275,7,113,36,4,91,/home/bradley/.codex/worktrees/maxima-growth-policy/glob2/artifacts/maxima-historical-validation/duels/SmallForTwo-warrush-9517-0-latest,16896,25088,20480,22016,19456,22528,8704,19456,2048,512,1849,,
duels,SmallForTwo.map.gz,castor,9511,0,historical,0,19842,won,True,False,120,46.21368813627659,33.47686725128515,8.910896079024292,1.3549037395423849,3.8971877834895676,1.238988005241407,1,99,28,4,84,/home/bradley/.codex/worktrees/maxima-growth-policy/glob2/artifacts/maxima-historical-validation/duels/SmallForTwo-castor-9511-0-historical,12288,18432,12800,15360,14848,15360,4608,9216,5120,1024,7939,,
duels,SmallForTwo.map.gz,castor,9511,0,latest,0,18594,won,True,False,93,37.878455415725504,26.264493922770786,8.142196407443262,1.228998601699473,4.33268796385931,1.0688394105625472,0,76,19,2,38,/home/bradley/.codex/worktrees/maxima-growth-policy/glob2/artifacts/maxima-historical-validation/duels/SmallForTwo-castor-9511-0-latest,12800,,14336,16384,14848,15872,10240,9728,2560,1024,4085,,
duels,Dejans.map.gz,castor,9516,1,historical,0,17922,won,True,False,73,41.646356433433766,27.43086709072648,9.057917643120188,1.528735632183908,3.5860953018636312,0.39995536212476285,0,64,21,3,68,/home/bradley/.codex/worktrees/maxima-growth-policy/glob2/artifacts/maxima-historical-validation/duels/Dejans-castor-9516-1-historical,10240,,4096,7680,10240,14848,4096,5632,6656,512,3320,,
duels,Dejans.map.gz,castor,9516,1,latest,0,13538,won,True,False,48,27.134214802777368,18.549047126606588,5.570689909883291,1.7730831732899985,3.4282759639533165,0.33815925542916236,0,37,13,0,28,/home/bradley/.codex/worktrees/maxima-growth-policy/glob2/artifacts/maxima-historical-validation/duels/Dejans-castor-9516-1-latest,,,3072,12288,,,4096,5632,3584,512,3319,,
duels,balanced_for_2.map.gz,warrush,9519,0,historical,0,33698,won,True,False,186,88.62445842483234,63.12567511425011,17.110095554632323,1.7720932993055967,5.937681761528874,1.5945753457178466,0,168,47,30,317,/home/bradley/.codex/worktrees/maxima-growth-policy/glob2/artifacts/maxima-historical-validation/duels/balanced_for_2-warrush-9519-0-historical,11776,20992,13824,17920,13824,17920,3072,3584,1024,512,635,,
duels,balanced_for_2.map.gz,warrush,9519,0,latest,0,20770,won,True,False,126,58.54641309581127,39.4351468464131,11.329850746268656,2.4486278285989407,4.921906596051998,0.7411651420317766,0,102,32,4,106,/home/bradley/.codex/worktrees/maxima-growth-policy/glob2/artifacts/maxima-historical-validation/duels/balanced_for_2-warrush-9519-0-latest,8704,17920,8704,12800,9216,11776,6144,4608,1024,512,639,,
duels,Muka.map.gz,warrush,9514,1,historical,0,13058,won,True,False,6,6.833129116250574,5.048782355644049,1.0001531628120692,0.9803951600551386,1.5686935212130495,2.4706693214887427,11,10,3,0,0,/home/bradley/.codex/worktrees/maxima-growth-policy/glob2/artifacts/maxima-historical-validation/duels/Muka-warrush-9514-1-historical,,,,,,,,,1536,1024,3529,,
duels,Muka.map.gz,warrush,9514,1,latest,0,4834,lost,False,False,6,6.741414977244518,3.7943731899048405,0.741414977244518,0.8473314025651634,1.7881671493587092,0.8225072403806372,0,2,2,0,0,/home/bradley/.codex/worktrees/maxima-growth-policy/glob2/artifacts/maxima-historical-validation/duels/Muka-warrush-9514-1-latest,,,,,,,,,1536,1024,3521,,
duels,balanced_for_2.map.gz,cortex,9518,0,historical,0,37218,won,True,False,225,113.67534526304476,85.54855177602235,20.027862862055994,1.961362781449836,6.552313396743511,4.659143425224354,4,190,49,44,418,/home/bradley/.codex/worktrees/maxima-growth-policy/glob2/artifacts/maxima-historical-validation/duels/balanced_for_2-cortex-9518-0-historical,11264,18944,13312,17408,13824,16896,3072,3584,2048,512,2881,,29763
duels,balanced_for_2.map.gz,cortex,9518,0,latest,0,28002,won,True,False,213,97.64016855938861,64.67423755446039,24.443468323691164,2.1497750160702807,7.790300692807657,2.49717877294479,0,154,43,15,246,/home/bradley/.codex/worktrees/maxima-growth-policy/glob2/artifacts/maxima-historical-validation/duels/balanced_for_2-cortex-9518-0-latest,8192,14848,10240,13824,9216,13312,4096,5120,2560,512,2273,,
duels,Dejans.map.gz,cortex,9501,0,historical,0,36226,won,True,False,93,59.12907856235853,36.54176558273063,11.502180754154475,2.0778446419698557,5.357036382708552,3.8445315519240326,17,67,26,25,211,/home/bradley/.codex/worktrees/maxima-growth-policy/glob2/artifacts/maxima-historical-validation/duels/Dejans-cortex-9501-0-historical,10240,,13312,26112,9216,12288,3584,6144,7680,512,6349,14977,
duels,Dejans.map.gz,cortex,9501,0,latest,0,30018,won,True,False,85,51.52991538410287,29.582217336264907,13.237390898794057,1.7634086214937703,6.111133320007995,1.2962888933306682,0,43,22,16,120,/home/bradley/.codex/worktrees/maxima-growth-policy/glob2/artifacts/maxima-historical-validation/duels/Dejans-cortex-9501-0-latest,16384,,16896,,14848,19456,4608,6144,10752,512,13099,,
duels,strange2.map.gz,warrush,9515,1,historical,0,17442,won,True,False,0,152.2320834766655,143.01479188166493,7.015709207659672,8.792569659442725,0.985322784084394,74.09058594197913,342,231,12,0,6,/home/bradley/.codex/worktrees/maxima-growth-policy/glob2/artifacts/maxima-historical-validation/duels/strange2-warrush-9515-1-historical,512,512,512,,,,2048,1024,1024,512,745,,
duels,strange2.map.gz,warrush,9515,1,latest,0,17826,won,True,False,0,155.18545944126558,145.41994838999216,7.008190283855043,8.870750589027264,5.646247054863682,68.84685291147761,323,221,18,0,5,/home/bradley/.codex/worktrees/maxima-growth-policy/glob2/artifacts/maxima-historical-validation/duels/strange2-warrush-9515-1-latest,512,512,512,,,,2560,1536,1024,512,726,,
duels,SmallForTwo.map.gz,castor,9522,0,historical,0,24802,won,True,False,155,57.88843641641803,42.732319974195626,11.344327070397549,1.441416014837513,4.941133779533908,1.4402064349649222,1,140,36,5,136,/home/bradley/.codex/worktrees/maxima-growth-policy/glob2/artifacts/maxima-historical-validation/duels/SmallForTwo-castor-9522-0-historical,12800,19968,15360,17408,15872,17408,7680,9216,2560,512,7739,,
duels,SmallForTwo.map.gz,castor,9522,0,latest,0,16322,won,True,False,76,32.499203528979294,21.79573581668913,6.730547726994241,1.1844136747947556,4.047543193236123,1.114079156966058,0,54,17,1,28,/home/bradley/.codex/worktrees/maxima-growth-policy/glob2/artifacts/maxima-historical-validation/duels/SmallForTwo-castor-9522-0-latest,12288,,13312,15360,15360,15360,9728,8704,2560,512,4894,,
duels,strange2.map.gz,cortex,9518,0,historical,0,9122,lost,False,False,130,240.39761017320762,216.7441350581013,18.008002631001972,5.46217934663451,0.28064021048015786,98.39136154352116,162,243,15,0,6,/home/bradley/.codex/worktrees/maxima-growth-policy/glob2/artifacts/maxima-historical-validation/duels/strange2-cortex-9518-0-historical,512,512,512,,,,3584,2048,2048,512,,,
duels,strange2.map.gz,cortex,9518,0,latest,0,10242,lost,False,False,93,227.59871118922086,215.32552235891427,7.774067564928725,4.799062683069713,3.0494044132005467,86.50107400898263,191,235,19,0,1,/home/bradley/.codex/worktrees/maxima-growth-policy/glob2/artifacts/maxima-historical-validation/duels/strange2-cortex-9518-0-latest,512,512,512,,,,7680,3584,1024,512,,,
duels,Dejans.map.gz,warrush,9505,1,historical,0,19330,won,True,False,75,42.65225038799793,27.240455250905327,10.47759958613554,0.9867563372995344,3.801551991722711,1.7094671495085358,0,56,20,4,82,/home/bradley/.codex/worktrees/maxima-growth-policy/glob2/artifacts/maxima-historical-validation/duels/Dejans-warrush-9505-1-historical,11264,,,,11264,16384,4096,5632,2048,512,2086,16819,
duels,Dejans.map.gz,warrush,9505,1,latest,0,10434,won,True,False,42,23.580026835345983,16.19522714203565,4.807839754648265,1.2698869081847806,3.0126509488211615,1.1717462142994057,0,25,12,0,11,/home/bradley/.codex/worktrees/maxima-growth-policy/glob2/artifacts/maxima-historical-validation/duels/Dejans-warrush-9505-1-latest,,,3072,,,,4608,8192,3072,512,3331,,
duels,Muka.map.gz,castor,9509,0,historical,0,13474,won,True,False,63,31.036737420216713,19.891494730592253,6.0781505120973724,1.430013359061897,3.074068576517738,0.915095739943595,0,45,16,1,24,/home/bradley/.codex/worktrees/maxima-growth-policy/glob2/artifacts/maxima-historical-validation/duels/Muka-castor-9509-0-historical,10752,,3584,8704,10240,12800,8192,6144,8192,1024,3273,,
duels,Muka.map.gz,castor,9509,0,latest,0,35458,won,True,False,201,63.330842123075186,42.19586553105082,14.892830954932597,2.512719273506684,7.899825145242258,2.07620283151898,1,165,42,10,161,/home/bradley/.codex/worktrees/maxima-growth-policy/glob2/artifacts/maxima-historical-validation/duels/Muka-castor-9509-0-latest,18432,27136,3584,11264,15872,19456,14848,13824,10752,1024,,,
duels,strange2.map.gz,cortex,9516,1,historical,0,18786,won,True,False,0,153.65995954434152,136.98030448206111,13.708932183540934,7.106994570424784,0.9863728308314702,71.40636644309592,359,279,15,0,15,/home/bradley/.codex/worktrees/maxima-growth-policy/glob2/artifacts/maxima-historical-validation/duels/strange2-cortex-9516-1-historical,512,512,512,,,,2048,1024,1024,512,732,,
duels,strange2.map.gz,cortex,9516,1,latest,0,18050,won,True,False,0,154.50770083102492,144.9201108033241,7.46016620498615,6.517562326869806,2.8793351800554015,69.12709141274239,334,262,17,0,4,/home/bradley/.codex/worktrees/maxima-growth-policy/glob2/artifacts/maxima-historical-validation/duels/strange2-cortex-9516-1-latest,512,512,512,,,,3584,2048,2048,512,,,
duels,SmallForTwo.map.gz,warrush,9506,1,historical,0,18530,lost,False,False,10,20.903022126281705,13.78337830545062,4.152563410685375,0.8565569347004857,1.9617916891527254,3.181651376146789,13,42,16,0,2,/home/bradley/.codex/worktrees/maxima-growth-policy/glob2/artifacts/maxima-historical-validation/duels/SmallForTwo-warrush-9506-1-historical,,,,,,,4096,7680,4096,512,4774,,
duels,SmallForTwo.map.gz,warrush,9506,1,latest,0,31650,won,True,False,166,82.74028436018958,60.36290679304897,16.141484992101105,0.991911532385466,8.02394944707741,2.2860663507109003,1,126,42,8,169,/home/bradley/.codex/worktrees/maxima-growth-policy/glob2/artifacts/maxima-historical-validation/duels/SmallForTwo-warrush-9506-1-latest,8704,20480,,,12800,16384,4096,6144,4096,512,4354,,
duels,Dejans.map.gz,castor,9502,0,historical,0,36194,won,True,False,64,53.18809747471957,32.33016522075482,14.830690169641377,2.0168536221473174,5.4651599712659555,0.5881085262750733,0,78,24,24,217,/home/bradley/.codex/worktrees/maxima-growth-policy/glob2/artifacts/maxima-historical-validation/duels/Dejans-castor-9502-0-historical,12288,,16896,,11264,14336,2560,4608,4096,512,16303,,
duels,Dejans.map.gz,castor,9502,0,latest,0,21058,won,True,False,63,36.25325292050527,23.76621711463577,7.219204102953746,2.4772533004083956,3.9243043024028874,0.4862759996200969,0,44,16,3,37,/home/bradley/.codex/worktrees/maxima-growth-policy/glob2/artifacts/maxima-historical-validation/duels/Dejans-castor-9502-0-latest,14336,,2560,12800,14848,16896,7168,6144,4608,512,3688,,
duels,strange2.map.gz,castor,9500,0,historical,0,52130,won,True,False,0,74.36915403798197,71.2360636869365,2.052714367926338,5.306771532706695,0.9950892000767313,35.36758104738155,475,348,16,0,3,/home/bradley/.codex/worktrees/maxima-growth-policy/glob2/artifacts/maxima-historical-validation/duels/strange2-castor-9500-0-historical,512,512,512,,,,7680,2048,1024,512,,,
duels,strange2.map.gz,castor,9500,0,latest,0,36770,won,True,False,0,115.58640195811803,111.17236877889584,2.854500951862932,8.427250475931466,6.376665760130541,49.52907261354365,434,307,18,0,4,/home/bradley/.codex/worktrees/maxima-growth-policy/glob2/artifacts/maxima-historical-validation/duels/strange2-castor-9500-0-latest,512,512,512,,,,7680,3584,1024,512,,,
duels,SmallForTwo.map.gz,warrush,9514,0,historical,0,18914,won,True,False,111,44.93909273553981,31.782171936131967,9.701490959077931,1.3232526171090198,3.858306016707201,1.593951570265412,2,91,25,1,67,/home/bradley/.codex/worktrees/maxima-growth-policy/glob2/artifacts/maxima-historical-validation/duels/SmallForTwo-warrush-9514-0-historical,11776,17920,12800,14848,14336,18914,6144,9728,2048,512,1847,,
duels,SmallForTwo.map.gz,warrush,9514,0,latest,0,24834,won,True,False,121,44.84621889345252,30.798340984134654,10.954779737456713,1.4845775952323428,5.299750342272691,2.082628654264315,4,114,33,1,60,/home/bradley/.codex/worktrees/maxima-growth-policy/glob2/artifacts/maxima-historical-validation/duels/SmallForTwo-warrush-9514-0-latest,16384,22016,12800,16384,19968,23552,14336,13312,2048,512,3703,,
duels,SmallForTwo.map.gz,castor,9510,0,historical,0,14786,won,True,False,62,27.757743811713784,19.368930068984174,5.67212227783038,1.134316245096713,3.5414581360746653,0.6364128229406195,0,45,14,0,28,/home/bradley/.codex/worktrees/maxima-growth-policy/glob2/artifacts/maxima-historical-validation/duels/SmallForTwo-castor-9510-0-historical,12800,,12800,,,,8192,8704,2560,512,8353,,
duels,SmallForTwo.map.gz,castor,9510,0,latest,0,18466,won,True,False,111,44.344254305209574,32.401657099534276,7.966641394996209,1.306834181739413,4.8862774829416225,0.9981587782952454,1,89,26,1,56,/home/bradley/.codex/worktrees/maxima-growth-policy/glob2/artifacts/maxima-historical-validation/duels/SmallForTwo-castor-9510-0-latest,11264,17408,12800,15360,14336,16384,8192,11264,5632,512,6525,,
duels,strange2.map.gz,warrush,9521,1,historical,0,17538,lost,False,False,0,151.8841943209032,140.29427528794616,9.487968981639868,8.868628121792678,0.985403124643631,72.83122362869199,329,230,11,0,8,/home/bradley/.codex/worktrees/maxima-growth-policy/glob2/artifacts/maxima-historical-validation/duels/strange2-warrush-9521-1-historical,512,512,512,,,,1536,1024,1024,512,731,,
duels,strange2.map.gz,warrush,9521,1,latest,0,16770,lost,False,False,0,163.54549791293977,156.27918902802622,4.549075730471079,7.381633870005963,3.8395945140131187,75.42635658914729,339,229,14,0,1,/home/bradley/.codex/worktrees/maxima-growth-policy/glob2/artifacts/maxima-historical-validation/duels/strange2-warrush-9521-1-latest,512,512,512,,,,3584,2048,1024,512,732,,
duels,Muka.map.gz,warrush,9515,0,historical,0,13122,won,True,False,40,19.10783417162018,12.931031854900167,4.015698826398415,1.2926383173296754,2.044048163389727,1.0245389422344156,2,27,9,0,11,/home/bradley/.codex/worktrees/maxima-growth-policy/glob2/artifacts/maxima-historical-validation/duels/Muka-warrush-9515-0-historical,,,7168,11264,,,9728,10752,1024,1024,5529,,
duels,Muka.map.gz,warrush,9515,0,latest,0,8738,lost,False,False,4,7.105516136415655,4.234378576333257,0.7617303730830853,0.6445410849164569,1.7070267795834286,1.3554589150835432,3,4,5,0,0,/home/bradley/.codex/worktrees/maxima-growth-policy/glob2/artifacts/maxima-historical-validation/duels/Muka-warrush-9515-0-latest,,,,,,,,,2048,1024,3484,,
duels,balanced_for_2.map.gz,castor,9517,1,historical,0,14978,won,True,False,83,39.445920683669385,26.15375884630792,7.590866604353051,1.513019094672186,3.470423287488316,0.4791026839364401,0,66,22,1,45,/home/bradley/.codex/worktrees/maxima-growth-policy/glob2/artifacts/maxima-historical-validation/duels/balanced_for_2-castor-9517-1-historical,9216,,10240,13312,10752,14848,4096,5632,1536,1024,6889,,
duels,balanced_for_2.map.gz,castor,9517,1,latest,0,22914,won,True,False,164,65.43292310377934,46.839399493759274,11.699223182333943,2.273806406563673,5.469756480754124,1.4023740944400802,0,142,34,10,161,/home/bradley/.codex/worktrees/maxima-growth-policy/glob2/artifacts/maxima-historical-validation/duels/balanced_for_2-castor-9517-1-latest,8704,18432,10240,14848,8704,11264,4608,5120,1024,1024,,,15201
duels,balanced_for_2.map.gz,castor,9508,0,historical,0,19778,won,True,False,134,63.23359288097887,45.8699565173425,10.521893012438062,2.0551117403175243,4.974517140256851,0.5695216907675195,0,105,31,12,156,/home/bradley/.codex/worktrees/maxima-growth-policy/glob2/artifacts/maxima-historical-validation/duels/balanced_for_2-castor-9508-0-historical,8704,15872,10752,14336,10240,12288,4096,5120,1024,512,635,,
duels,balanced_for_2.map.gz,castor,9508,0,latest,0,24898,won,True,False,223,84.24740943047634,63.91445095991646,12.862318258494659,2.519399148525986,6.892842798618363,1.6404530484376254,0,201,42,13,190,/home/bradley/.codex/worktrees/maxima-growth-policy/glob2/artifacts/maxima-historical-validation/duels/balanced_for_2-castor-9508-0-latest,8704,16384,10240,13312,9728,14336,4608,5632,1024,512,639,,
duels,Muka.map.gz,warrush,9523,0,historical,0,16930,won,True,False,50,23.21955109273479,14.995865327820438,5.900118133490845,0.9848789131718843,2.3971647962197284,1.5806261075014767,2,35,15,0,30,/home/bradley/.codex/worktrees/maxima-growth-policy/glob2/artifacts/maxima-historical-validation/duels/Muka-warrush-9523-0-historical,,,,,14336,,10240,10752,1024,1024,6139,,
duels,Muka.map.gz,warrush,9523,0,latest,0,32162,won,True,False,72,37.152415894533924,20.67968409924756,11.56613394689385,1.2568248243268454,4.258939120701449,2.6895715440582055,5,50,26,3,46,/home/bradley/.codex/worktrees/maxima-growth-policy/glob2/artifacts/maxima-historical-validation/duels/Muka-warrush-9523-0-latest,23552,,27136,10752,23552,27648,13312,12288,1536,1024,3688,,
duels,Muka.map.gz,cortex,9512,0,historical,0,41186,won,True,False,101,53.120429272082745,33.643956684310204,15.279026853785266,1.787937648715583,5.686301170300587,3.602923323459428,4,53,27,18,105,/home/bradley/.codex/worktrees/maxima-growth-policy/glob2/artifacts/maxima-historical-validation/duels/Muka-cortex-9512-0-historical,22528,39936,16896,34816,13824,20992,7168,6144,8704,1024,4684,,
duels,Muka.map.gz,cortex,9512,0,latest,0,45666,won,True,False,246,102.23507642447335,69.76696010160732,24.31796084614374,1.6869005386939955,10.657907414706784,5.654097140104235,1,81,44,22,261,/home/bradley/.codex/worktrees/maxima-growth-policy/glob2/artifacts/maxima-historical-validation/duels/Muka-cortex-9512-0-latest,16896,25600,21504,30720,12800,15360,9728,9216,12288,1024,6315,,
duels,balanced_for_2.map.gz,castor,9510,1,historical,0,24738,won,True,False,189,75.3712507074137,55.43964750586143,11.722936373191041,1.747837335273668,5.580160077613388,0.8654701269302288,0,149,40,18,190,/home/bradley/.codex/worktrees/maxima-growth-policy/glob2/artifacts/maxima-historical-validation/duels/balanced_for_2-castor-9510-1-historical,10240,17408,12800,16896,11776,13824,5120,5120,1536,1024,5986,,
duels,balanced_for_2.map.gz,castor,9510,1,latest,0,20354,won,True,False,152,62.09030166060725,43.94418787461924,10.196030264321509,2.5725655890734007,5.157905080082539,0.5597916871376634,0,123,29,10,146,/home/bradley/.codex/worktrees/maxima-growth-policy/glob2/artifacts/maxima-historical-validation/duels/balanced_for_2-castor-9510-1-latest,8704,16896,10752,14848,9728,11776,5120,5632,1536,1024,674,,
duels,SmallForTwo.map.gz,cortex,9513,0,historical,0,31394,won,True,False,171,81.26613365611263,48.76017710390521,27.053131171561446,1.0214690705230298,6.288908708670447,3.9051411097661974,3,93,38,14,204,/home/bradley/.codex/worktrees/maxima-growth-policy/glob2/artifacts/maxima-historical-validation/duels/SmallForTwo-cortex-9513-0-historical,12288,17408,30720,,16384,20992,7680,10240,2048,512,5506,,
duels,SmallForTwo.map.gz,cortex,9513,0,latest,0,14626,lost,False,False,7,17.126692191986873,11.103309175440996,3.853001504170655,0.6651169150827294,1.9253384383973746,1.9042800492274032,6,23,7,0,8,/home/bradley/.codex/worktrees/maxima-growth-policy/glob2/artifacts/maxima-historical-validation/duels/SmallForTwo-cortex-9513-0-latest,,,,,,,7680,8704,2560,512,4488,,
duels,Dejans.map.gz,cortex,9512,0,historical,0,29090,won,True,False,90,55.472567892746646,34.64891715366105,13.123753867308354,1.5127535235476108,4.403918872464764,2.586387074596081,3,61,28,13,160,/home/bradley/.codex/worktrees/maxima-growth-policy/glob2/artifacts/maxima-historical-validation/duels/Dejans-cortex-9512-0-historical,10752,,15360,,10752,13824,3072,4608,4608,512,3686,,
duels,Dejans.map.gz,cortex,9512,0,latest,0,27234,won,True,False,96,56.5463391349049,39.315561430564735,10.770984798413748,1.781596533744584,7.393992803113755,2.6884042006315636,6,43,24,13,129,/home/bradley/.codex/worktrees/maxima-growth-policy/glob2/artifacts/maxima-historical-validation/duels/Dejans-cortex-9512-0-latest,9216,,18432,,10240,13312,3584,6656,4608,512,4091,11705,
duels,SmallForTwo.map.gz,cortex,9514,0,historical,0,28706,won,True,False,139,69.39503936459276,34.64195638542465,30.725144569079635,0.9910820037622796,4.977983696788128,3.6325506862676793,1,73,40,5,153,/home/bradley/.codex/worktrees/maxima-growth-policy/glob2/artifacts/maxima-historical-validation/duels/SmallForTwo-cortex-9514-0-historical,11776,20480,,,14336,21504,8192,10752,2560,512,5514,,
duels,SmallForTwo.map.gz,cortex,9514,0,latest,0,21698,won,True,False,124,55.69504101760531,35.363720158539955,15.726380311549452,0.9882016775739699,6.074384735920361,3.0475619872799338,1,57,30,2,73,/home/bradley/.codex/worktrees/maxima-growth-policy/glob2/artifacts/maxima-historical-validation/duels/SmallForTwo-cortex-9514-0-latest,11776,17408,,,14848,19456,7680,12800,3584,512,3478,,
duels,strange2.map.gz,cortex,9505,1,historical,0,18402,won,True,False,0,163.04314748396914,150.71753070318442,10.238887077491578,6.878056732963809,0.9860884686447126,75.90131507444843,372,284,13,0,11,/home/bradley/.codex/worktrees/maxima-growth-policy/glob2/artifacts/maxima-historical-validation/duels/strange2-cortex-9505-1-historical,512,512,512,,,,2048,1024,1024,512,735,,
duels,strange2.map.gz,cortex,9505,1,latest,0,17826,lost,False,False,0,163.08139795803882,147.7464377875014,12.778694042409963,8.143610456636374,2.651520251318299,70.66543251430495,328,271,17,0,7,/home/bradley/.codex/worktrees/maxima-growth-policy/glob2/artifacts/maxima-historical-validation/duels/strange2-cortex-9505-1-latest,512,512,512,,,,3072,2048,1024,512,730,,
duels,Mazury.map.gz,cortex,9504,0,historical,0,60000,unresolved,False,True,338,113.25253333333333,70.87653333333333,31.896,2.9989333333333335,8.397866666666667,9.139733333333334,17,283,58,37,355,/home/bradley/.codex/worktrees/maxima-growth-policy/glob2/artifacts/maxima-historical-validation/duels/Mazury-cortex-9504-0-historical,13824,22528,7168,11264,11776,15872,4608,5120,5632,512,7615,,
duels,Mazury.map.gz,cortex,9504,0,latest,0,60000,unresolved,False,True,358,159.61546666666666,91.88906666666666,53.0928,3.164266666666667,14.971733333333333,8.052266666666666,6,237,54,33,371,/home/bradley/.codex/worktrees/maxima-growth-policy/glob2/artifacts/maxima-historical-validation/duels/Mazury-cortex-9504-0-latest,8704,17920,4096,7168,10240,13312,4608,4608,7168,512,7427,,
duels,Dejans.map.gz,castor,9506,1,historical,0,47650,won,True,False,60,50.01788037775446,27.000335781741867,18.348121720881426,1.3721301154249739,6.0780692549842605,3.766757607555089,22,78,32,22,239,/home/bradley/.codex/worktrees/maxima-growth-policy/glob2/artifacts/maxima-historical-validation/duels/Dejans-castor-9506-1-historical,22528,,37376,,20992,24576,3584,5120,4608,512,36726,,
duels,Dejans.map.gz,castor,9506,1,latest,0,35074,won,True,False,112,59.49566630552546,37.12952614472259,15.928037862804356,3.1679306608884072,6.686377373553059,0.6570108912584821,0,101,28,12,177,/home/bradley/.codex/worktrees/maxima-growth-policy/glob2/artifacts/maxima-historical-validation/duels/Dejans-castor-9506-1-latest,13824,31744,2560,7680,14336,18432,4096,6656,,512,3320,,
duels,balanced_for_2.map.gz,warrush,9507,0,historical,0,40418,won,True,False,188,99.98609530407245,66.32913553367311,20.07419961403335,1.7466475332772526,6.585333267356129,1.4623682517690137,0,164,40,27,395,/home/bradley/.codex/worktrees/maxima-growth-policy/glob2/artifacts/maxima-historical-validation/duels/balanced_for_2-warrush-9507-0-historical,8192,23040,9728,21504,8704,11776,3072,4608,1024,512,635,,
duels,balanced_for_2.map.gz,warrush,9507,0,latest,0,44674,won,True,False,195,82.67256122129203,51.67432958767964,18.931033710883288,3.2293056363880557,7.286967811254868,1.5932309620808525,0,211,38,25,372,/home/bradley/.codex/worktrees/maxima-growth-policy/glob2/artifacts/maxima-historical-validation/duels/balanced_for_2-warrush-9507-0-latest,8704,36352,5632,10240,10240,13312,4096,5120,1024,512,639,29579,12017
duels,Mazury.map.gz,warrush,9507,0,historical,0,53314,won,True,False,99,79.11599204711708,53.46250515811982,20.018419176951646,2.255730202198297,5.551112278200848,14.52819146940766,100,209,44,16,379,/home/bradley/.codex/worktrees/maxima-growth-policy/glob2/artifacts/maxima-historical-validation/duels/Mazury-warrush-9507-0-historical,12800,25600,8704,18944,12288,19456,4096,5632,3072,512,4742,36670,
duels,Mazury.map.gz,warrush,9507,0,latest,0,38338,won,True,False,245,98.22705931451823,68.24904794198967,18.627106265324223,3.0301528509572746,9.908758933695028,5.722781574417027,1,176,40,18,201,/home/bradley/.codex/worktrees/maxima-growth-policy/glob2/artifacts/maxima-historical-validation/duels/Mazury-warrush-9507-0-latest,8192,22016,4608,10752,9216,13824,4608,5632,2560,512,4132,,
duels,balanced_for_2.map.gz,cortex,9503,0,historical,0,18594,won,True,False,110,56.23206410670109,35.729643971173495,14.820479724642357,1.4442293212864366,4.365279122297515,1.8123050446380553,0,74,28,3,112,/home/bradley/.codex/worktrees/maxima-growth-policy/glob2/artifacts/maxima-historical-validation/duels/balanced_for_2-cortex-9503-0-historical,8704,16384,13312,17920,11776,15360,5120,4096,2560,512,4313,,
duels,balanced_for_2.map.gz,cortex,9503,0,latest,0,26338,won,True,False,193,85.61682739767636,54.7890880097198,22.181866504670058,2.503151340268813,7.0383476345964,2.6952691928012755,1,151,39,14,226,/home/bradley/.codex/worktrees/maxima-growth-policy/glob2/artifacts/maxima-historical-validation/duels/balanced_for_2-cortex-9503-0-latest,7680,17408,9216,14848,8192,10752,3584,4608,2560,512,4520,,
duels,Mazury.map.gz,cortex,9506,0,historical,0,28322,lost,False,False,15,39.13674881717393,24.33948873667114,10.769225337193701,1.464303368406186,3.2687663300614362,6.828260716051126,23,69,16,1,50,/home/bradley/.codex/worktrees/maxima-growth-policy/glob2/artifacts/maxima-historical-validation/duels/Mazury-cortex-9506-0-historical,12288,,7680,14848,12800,24064,4096,4608,4608,512,5947,,
duels,Mazury.map.gz,cortex,9506,0,latest,0,29378,lost,False,False,15,57.18027095105181,38.029648035945264,12.660528286472871,2.1610729117026346,5.402682279256586,5.164000272312615,12,88,23,9,92,/home/bradley/.codex/worktrees/maxima-growth-policy/glob2/artifacts/maxima-historical-validation/duels/Mazury-cortex-9506-0-latest,8704,,4608,9728,8192,11264,4608,4608,8704,512,,,
duels,balanced_for_2.map.gz,castor,9502,0,historical,0,29250,won,True,False,198,85.47264957264957,59.635350427350424,14.585230769230769,1.5974017094017094,5.926017094017094,1.6874529914529914,0,179,36,29,289,/home/bradley/.codex/worktrees/maxima-growth-policy/glob2/artifacts/maxima-historical-validation/duels/balanced_for_2-castor-9502-0-historical,8192,18432,10240,13824,10240,12288,4096,4096,1024,512,635,,
duels,balanced_for_2.map.gz,castor,9502,0,latest,0,20738,won,True,False,145,65.66178030668338,44.962821872890345,11.21713762175716,2.2964606037226347,5.383257787636223,0.6420098370141769,0,117,30,9,132,/home/bradley/.codex/worktrees/maxima-growth-policy/glob2/artifacts/maxima-historical-validation/duels/balanced_for_2-castor-9502-0-latest,7168,17408,9216,14848,8704,11776,4096,4608,1024,512,5131,,
duels,Dejans.map.gz,castor,9523,1,historical,0,10210,won,True,False,51,24.85279138099902,16.759745347698335,5.330460333006856,1.376101860920666,2.3451518119490697,0.3731635651322233,0,41,11,0,26,/home/bradley/.codex/worktrees/maxima-growth-policy/glob2/artifacts/maxima-historical-validation/duels/Dejans-castor-9523-1-historical,,,3584,7168,,,3584,5632,3584,512,3525,,
duels,Dejans.map.gz,castor,9523,1,latest,0,18658,won,True,False,66,34.787115446457285,22.992442919927107,8.29343981134098,1.862793439811341,4.132382892057026,0.600493086075678,0,56,21,0,50,/home/bradley/.codex/worktrees/maxima-growth-policy/glob2/artifacts/maxima-historical-validation/duels/Dejans-castor-9523-1-latest,14336,,2560,10752,14848,,6144,7168,4096,512,3727,,
duels,strange2.map.gz,warrush,9511,0,historical,0,17058,won,True,False,0,144.22323836323133,127.7148551999062,14.107163794114198,8.864931410481885,0.9849923789424317,69.93551412826827,314,209,16,0,10,/home/bradley/.codex/worktrees/maxima-growth-policy/glob2/artifacts/maxima-historical-validation/duels/strange2-warrush-9511-0-historical,512,512,512,,,,2560,1536,1024,512,919,,
duels,strange2.map.gz,warrush,9511,0,latest,0,18018,won,True,False,0,140.14785214785215,134.54989454989456,3.324675324675325,6.122433122433122,0.681984681984682,66.86291486291486,310,221,11,0,0,/home/bradley/.codex/worktrees/maxima-growth-policy/glob2/artifacts/maxima-historical-validation/duels/strange2-warrush-9511-0-latest,512,512,512,,,,,,1024,512,909,,
duels,strange2.map.gz,castor,9518,0,historical,0,60000,unresolved,False,True,0,66.56,63.010133333333336,2.6624,4.7504,0.9957333333333334,31.6672,489,361,16,0,9,/home/bradley/.codex/worktrees/maxima-growth-policy/glob2/artifacts/maxima-historical-validation/duels/strange2-castor-9518-0-historical,512,512,512,,,,4608,2048,1024,512,,,
duels,strange2.map.gz,castor,9518,0,latest,0,35426,won,True,False,0,116.48845480720375,111.7190763845763,2.9483430248969684,8.934963021509626,5.430813526788235,51.0901597696607,443,315,16,0,3,/home/bradley/.codex/worktrees/maxima-growth-policy/glob2/artifacts/maxima-historical-validation/duels/strange2-castor-9518-0-latest,512,512,512,,,,7168,4096,1024,512,,,
duels,Dejans.map.gz,warrush,9513,1,historical,0,18018,won,True,False,57,35.38961038961039,20.644466644466643,9.995448995448996,0.9857919857919858,2.826173826173826,2.255744255744256,6,57,15,0,23,/home/bradley/.codex/worktrees/maxima-growth-policy/glob2/artifacts/maxima-historical-validation/duels/Dejans-warrush-9513-1-historical,15872,,,,14336,,5632,4608,2048,512,3522,,
duels,Dejans.map.gz,warrush,9513,1,latest,0,25922,won,True,False,77,45.217190031633365,27.99278605045907,12.152727413008256,1.4099992284545946,5.2717382917984725,1.5482601651107168,1,63,21,7,88,/home/bradley/.codex/worktrees/maxima-growth-policy/glob2/artifacts/maxima-historical-validation/duels/Dejans-warrush-9513-1-latest,14336,,17408,,13312,16384,6656,5632,1536,512,3522,21233,
duels,Muka.map.gz,castor,9522,1,historical,0,24930,won,True,False,56,36.57468912956278,21.73441636582431,8.43826714801444,1.9833935018050541,3.761411953469715,1.51103088648215,0,36,16,7,85,/home/bradley/.codex/worktrees/maxima-growth-policy/glob2/artifacts/maxima-historical-validation/duels/Muka-castor-9522-1-historical,16896,,12288,17920,11776,16896,6144,7168,4608,1024,3724,,
duels,Muka.map.gz,castor,9522,1,latest,0,60000,unresolved,False,True,182,68.452,44.81653333333333,17.006933333333333,2.9306666666666668,8.1136,1.312,0,272,58,32,268,/home/bradley/.codex/worktrees/maxima-growth-policy/glob2/artifacts/maxima-historical-validation/duels/Muka-castor-9522-1-latest,26112,46080,18432,23040,16384,19456,12288,11776,7680,1024,27963,,
duels,Mazury.map.gz,castor,9520,0,historical,0,31010,won,True,False,155,55.594517897452434,37.837052563689134,13.288584327636247,2.2663656884875847,4.665914221218961,4.733053853595615,7,128,31,11,132,/home/bradley/.codex/worktrees/maxima-growth-policy/glob2/artifacts/maxima-historical-validation/duels/Mazury-castor-9520-0-historical,13824,27648,7168,12800,11776,17920,4096,5632,4608,512,,28485,
duels,Mazury.map.gz,castor,9520,0,latest,0,23618,won,True,False,225,80.03526970954357,58.84757388432551,13.734566855787959,2.951393005334914,7.944364467778812,4.607672114488949,5,170,36,8,115,/home/bradley/.codex/worktrees/maxima-growth-policy/glob2/artifacts/maxima-historical-validation/duels/Mazury-castor-9520-0-latest,9728,16384,4096,6656,10240,12800,4608,4608,9216,512,,,
duels,Dejans.map.gz,cortex,9505,1,historical,0,33282,won,True,False,129,68.24211285379485,43.07114957033832,15.901147767562046,2.1769725377080706,5.777116759810108,1.692326182320774,4,79,29,23,238,/home/bradley/.codex/worktrees/maxima-growth-policy/glob2/artifacts/maxima-historical-validation/duels/Dejans-cortex-9505-1-historical,9728,28672,12288,24064,9728,12288,4096,5632,6656,512,3728,16446,
duels,Dejans.map.gz,cortex,9505,1,latest,0,20322,won,True,False,96,50.30129908473575,31.840320834563528,12.844798740281469,1.9748056293671883,5.309024702293081,3.001869894695404,4,59,22,5,71,/home/bradley/.codex/worktrees/maxima-growth-policy/glob2/artifacts/maxima-historical-validation/duels/Dejans-cortex-9505-1-latest,9728,,2560,6656,15872,13312,4096,5632,5120,512,3731,15207,
duels,SmallForTwo.map.gz,warrush,9518,1,historical,0,40066,won,True,False,167,89.26423900564069,65.33362451954275,19.636699445914243,1.185294264463635,6.316527729246743,5.595018219937104,2,170,41,11,228,/home/bradley/.codex/worktrees/maxima-growth-policy/glob2/artifacts/maxima-historical-validation/duels/SmallForTwo-warrush-9518-1-historical,11776,21504,5632,34816,16384,20480,6656,5120,3072,512,3938,,
duels,SmallForTwo.map.gz,warrush,9518,1,latest,0,37090,won,True,False,135,78.74459423025074,52.122728498247504,18.569884065785928,1.103531949312483,7.9943380965219735,3.0207063898624966,0,78,35,12,148,/home/bradley/.codex/worktrees/maxima-growth-policy/glob2/artifacts/maxima-historical-validation/duels/SmallForTwo-warrush-9518-1-latest,10240,20992,8192,,12288,16384,4096,6144,4096,512,4141,,
duels,Mazury.map.gz,cortex,9509,0,historical,0,27746,lost,False,False,9,41.84084192316009,27.48904346572479,9.467815180566568,2.2143732429899807,3.710444748792619,4.346284149066532,15,83,19,1,41,/home/bradley/.codex/worktrees/maxima-growth-policy/glob2/artifacts/maxima-historical-validation/duels/Mazury-cortex-9509-0-historical,13312,,7168,11776,12800,25600,4608,5120,8192,512,7830,,
duels,Mazury.map.gz,cortex,9509,0,latest,0,26114,lost,False,False,3,34.615225549513674,23.22378800643333,7.2446197441985145,1.4116565826759593,3.744811212376503,3.3724438998238493,10,61,23,2,53,/home/bradley/.codex/worktrees/maxima-growth-policy/glob2/artifacts/maxima-historical-validation/duels/Mazury-cortex-9509-0-latest,10240,,4608,10240,9728,13312,5120,4608,4608,512,1662,,
duels,strange2.map.gz,cortex,9512,0,historical,0,11970,lost,False,False,18,205.22297410192147,181.42915622389307,19.21704260651629,5.6837092731829575,0.6843776106934002,90.14870509607351,271,243,17,0,9,/home/bradley/.codex/worktrees/maxima-growth-policy/glob2/artifacts/maxima-historical-validation/duels/strange2-cortex-9512-0-historical,512,512,512,,,,3072,2048,2560,512,,,
duels,strange2.map.gz,cortex,9512,0,latest,0,18690,won,True,False,0,135.76629213483147,126.1234884965222,5.999357945425361,5.1229534510433385,2.410807918673087,56.92541466024612,277,245,18,0,0,/home/bradley/.codex/worktrees/maxima-growth-policy/glob2/artifacts/maxima-historical-validation/duels/strange2-cortex-9512-0-latest,512,512,512,,,,,4096,1024,512,,,
duels,Mazury.map.gz,warrush,9506,1,historical,0,45634,won,True,False,119,42.51455055441119,27.031423938291624,9.589538501994127,2.5975369242231667,5.155980190209054,2.809790945347767,0,90,38,8,134,/home/bradley/.codex/worktrees/maxima-growth-policy/glob2/artifacts/maxima-historical-validation/duels/Mazury-warrush-9506-1-historical,32768,43008,4096,21504,30208,35840,4096,5120,1536,512,9318,,43551
duels,Mazury.map.gz,warrush,9506,1,latest,0,37314,won,True,False,129,74.24395669185829,52.38551214021547,14.005627914455701,2.476925550731629,6.919762019617302,9.002519161708742,29,118,35,4,61,/home/bradley/.codex/worktrees/maxima-growth-policy/glob2/artifacts/maxima-historical-validation/duels/Mazury-warrush-9506-1-latest,17408,24576,5120,7168,18944,28160,6144,5120,1536,512,26435,,
duels,strange2.map.gz,cortex,9515,0,historical,0,9570,lost,False,False,83,235.9514106583072,213.7387669801463,17.290595611285266,4.6010449320794145,0.37450365726227797,97.24075235109719,192,241,16,0,4,/home/bradley/.codex/worktrees/maxima-growth-policy/glob2/artifacts/maxima-historical-validation/duels/strange2-cortex-9515-0-historical,512,512,512,,,,3584,1536,1024,512,,,
duels,strange2.map.gz,cortex,9515,0,latest,0,10370,lost,False,False,43,218.25091610414657,201.78457087753134,11.677145612343297,4.93731918997107,1.3824493731918996,91.57222757955641,218,240,17,0,0,/home/bradley/.codex/worktrees/maxima-growth-policy/glob2/artifacts/maxima-historical-validation/duels/strange2-cortex-9515-0-latest,512,512,512,,,,,3584,1024,512,,,
duels,balanced_for_2.map.gz,warrush,9506,0,historical,0,29410,won,True,False,187,87.57796667800068,62.003094185651136,16.561237674260454,1.8412784767086026,5.735804148248895,1.4971778306698402,0,167,32,22,334,/home/bradley/.codex/worktrees/maxima-growth-policy/glob2/artifacts/maxima-historical-validation/duels/balanced_for_2-warrush-9506-0-historical,8704,19456,10752,18432,10240,12288,3584,3584,1024,512,635,,
duels,balanced_for_2.map.gz,warrush,9506,0,latest,0,26754,won,True,False,212,73.5485908649174,53.260035882484864,12.948643193541153,2.617403005158107,6.072437766315318,1.4406070120355834,0,196,38,11,180,/home/bradley/.codex/worktrees/maxima-growth-policy/glob2/artifacts/maxima-historical-validation/duels/balanced_for_2-warrush-9506-0-latest,11776,19968,9216,13824,12800,16384,4608,5120,1024,512,642,,
duels,strange2.map.gz,castor,9503,0,historical,0,44482,lost,False,False,0,86.02778652039026,82.96605368463648,1.8531540847983454,6.6386403489051755,0.9942448630906884,40.64277685355874,461,342,16,0,0,/home/bradley/.codex/worktrees/maxima-growth-policy/glob2/artifacts/maxima-historical-validation/duels/strange2-castor-9503-0-historical,512,512,512,,,,,1536,1024,512,,,
duels,strange2.map.gz,castor,9503,0,latest,0,19810,lost,False,False,0,210.0168096920747,201.7462392730944,5.582635032811711,8.88369510348309,7.638162544169611,90.25754669358909,431,304,16,0,4,/home/bradley/.codex/worktrees/maxima-growth-policy/glob2/artifacts/maxima-historical-validation/duels/strange2-castor-9503-0-latest,512,512,512,,,,7168,4096,1024,512,,,
duels,Muka.map.gz,castor,9500,1,historical,0,55042,won,True,False,233,66.34786163293485,40.38497874350496,19.661749209694417,2.47447403800734,5.153882489735111,5.053304749100687,16,282,49,39,281,/home/bradley/.codex/worktrees/maxima-growth-policy/glob2/artifacts/maxima-historical-validation/duels/Muka-castor-9500-1-historical,18944,46080,10240,20480,12288,15872,8192,7680,5632,1024,,,
duels,Muka.map.gz,castor,9500,1,latest,0,30914,won,True,False,96,38.832858898880765,24.251633564081,9.220612020443811,2.0622371740958787,5.095620107394708,1.292359448793427,0,59,21,9,59,/home/bradley/.codex/worktrees/maxima-growth-policy/glob2/artifacts/maxima-historical-validation/duels/Muka-castor-9500-1-latest,18944,,17920,21504,16896,21504,13312,12800,7168,1024,,,
duels,SmallForTwo.map.gz,castor,9506,0,historical,0,20066,won,True,False,102,41.63993820392704,28.806089903319048,9.206817502242599,1.379746835443038,3.4915777932821688,0.8596631117312867,0,95,21,3,73,/home/bradley/.codex/worktrees/maxima-growth-policy/glob2/artifacts/maxima-historical-validation/duels/SmallForTwo-castor-9506-0-historical,12288,19968,13312,16896,14848,15360,5632,8704,2560,512,11010,,
duels,SmallForTwo.map.gz,castor,9506,0,latest,0,25282,won,True,False,121,51.51305276481291,34.90530812435725,11.20484929989716,1.2911953168262005,5.980381298947868,0.9647179811723756,0,92,28,6,105,/home/bradley/.codex/worktrees/maxima-growth-policy/glob2/artifacts/maxima-historical-validation/duels/SmallForTwo-castor-9506-0-latest,14336,21504,19968,22528,17920,17920,8192,10240,2560,512,6322,,
duels,Dejans.map.gz,warrush,9500,1,historical,0,14946,won,True,False,60,35.931419777866985,22.08450421517463,8.700789508898701,1.2463535394085374,2.916900843034926,2.424193764217851,3,49,17,0,37,/home/bradley/.codex/worktrees/maxima-growth-policy/glob2/artifacts/maxima-historical-validation/duels/Dejans-warrush-9500-1-historical,11264,,11264,,10752,,4608,5120,2048,512,1680,11173,
duels,Dejans.map.gz,warrush,9500,1,latest,0,36866,won,True,False,120,63.19752617588021,39.453208918786956,17.049476482395704,2.722291542342538,7.7990017902674555,1.833342375088157,2,80,36,14,206,/home/bradley/.codex/worktrees/maxima-growth-policy/glob2/artifacts/maxima-historical-validation/duels/Dejans-warrush-9500-1-latest,15360,31744,2560,7168,15360,19968,4096,9216,2048,512,2307,,
duels,SmallForTwo.map.gz,warrush,9511,0,historical,0,14274,won,True,False,66,28.522978842650975,19.63815328569427,6.449488580636122,1.1032646770351688,2.708701134930643,1.2690205968894495,0,45,11,0,19,/home/bradley/.codex/worktrees/maxima-growth-policy/glob2/artifacts/maxima-historical-validation/duels/SmallForTwo-warrush-9511-0-historical,11776,,12800,,14274,,7168,11776,2560,1024,2258,,
duels,SmallForTwo.map.gz,warrush,9511,0,latest,0,16706,lost,False,False,3,13.833951873578355,10.370764994612713,2.880881120555489,0.8620854782712798,1.9387046570094577,1.7854662995331019,3,23,8,0,0,/home/bradley/.codex/worktrees/maxima-growth-policy/glob2/artifacts/maxima-historical-validation/duels/SmallForTwo-warrush-9511-0-latest,,,,,,,,,2048,1024,4516,,
duels,SmallForTwo.map.gz,cortex,9518,1,historical,0,29730,won,True,False,140,72.35331315169861,42.062966700302724,26.160040363269424,1.8277833837874202,4.125126135216952,10.044197780020182,19,153,35,9,172,/home/bradley/.codex/worktrees/maxima-growth-policy/glob2/artifacts/maxima-historical-validation/duels/SmallForTwo-cortex-9518-1-historical,8192,19968,5120,10752,10240,17920,4096,5120,4608,512,5165,,11248
duels,SmallForTwo.map.gz,cortex,9518,1,latest,0,19874,won,True,False,146,67.0643051222703,42.31136157794103,19.622018717922913,0.9871188487471068,6.519472677870585,2.7702525913253497,0,88,35,6,134,/home/bradley/.codex/worktrees/maxima-growth-policy/glob2/artifacts/maxima-historical-validation/duels/SmallForTwo-cortex-9518-1-latest,8704,13824,,,10752,14336,4096,5632,7168,512,4957,,
duels,strange2.map.gz,warrush,9501,0,historical,0,18146,won,True,False,0,138.19993386972337,129.14273118042544,6.884602667254492,6.765127300782542,0.5643116940372533,67.35060068334619,310,213,16,0,4,/home/bradley/.codex/worktrees/maxima-growth-policy/glob2/artifacts/maxima-historical-validation/duels/strange2-warrush-9501-0-historical,512,512,512,,,,2560,2048,1024,512,700,,
duels,strange2.map.gz,warrush,9501,0,latest,0,17506,won,True,False,2,152.0961955900834,141.53798697589397,8.130698046384097,8.175482691648577,4.29247115274763,68.06923340568947,298,195,20,0,1,/home/bradley/.codex/worktrees/maxima-growth-policy/glob2/artifacts/maxima-historical-validation/duels/strange2-warrush-9501-0-latest,512,512,512,,,,7680,5120,1024,512,696,,
duels,balanced_for_2.map.gz,castor,9507,1,historical,0,25186,won,True,False,224,90.74934487413643,69.82311601683475,12.985706344794727,2.1016437703486064,6.478360994203129,1.1539744302390216,0,189,46,21,230,/home/bradley/.codex/worktrees/maxima-growth-policy/glob2/artifacts/maxima-historical-validation/duels/balanced_for_2-castor-9507-1-historical,8704,15872,10240,14848,11264,13824,4096,5120,1536,1024,674,,15850
duels,balanced_for_2.map.gz,castor,9507,1,latest,0,18082,won,True,False,129,54.48860745492755,38.291671275301404,9.504645503815949,2.3525052538436015,4.653578144010618,0.8055524831323969,0,106,27,6,117,/home/bradley/.codex/worktrees/maxima-growth-policy/glob2/artifacts/maxima-historical-validation/duels/balanced_for_2-castor-9507-1-latest,8192,16384,10240,14336,9728,11776,4096,5120,1024,1024,6402,,
duels,Muka.map.gz,cortex,9506,0,historical,0,29474,won,True,False,109,43.999423220465495,26.501255343692748,14.065651082309833,1.202076406324218,3.396620750491959,4.909072402795684,14,76,29,5,104,/home/bradley/.codex/worktrees/maxima-growth-policy/glob2/artifacts/maxima-historical-validation/duels/Muka-cortex-9506-0-historical,19456,28672,24064,27136,9728,19968,6656,6144,7680,1024,,,
duels,Muka.map.gz,cortex,9506,0,latest,0,28002,won,True,False,147,63.54228269409328,43.660774230412116,13.34922505535319,2.1933433326190985,7.596171702021284,2.7515891722019856,0,100,34,11,173,/home/bradley/.codex/worktrees/maxima-growth-policy/glob2/artifacts/maxima-historical-validation/duels/Muka-cortex-9506-0-latest,12800,18432,3584,10240,11776,14848,10240,10240,8704,1024,3879,,
duels,strange2.map.gz,cortex,9507,1,historical,0,16770,won,True,False,0,176.15843768634466,156.49666070363745,17.066666666666666,8.862611806797853,0.5800834824090638,83.44818127608825,361,281,15,0,16,/home/bradley/.codex/worktrees/maxima-growth-policy/glob2/artifacts/maxima-historical-validation/duels/strange2-cortex-9507-1-historical,512,512,512,,,,2048,1024,1024,512,737,,
duels,strange2.map.gz,cortex,9507,1,latest,0,10882,lost,False,False,105,254.64942106230473,235.60420878514978,13.446241499724316,7.858114317221099,3.8935857379158243,103.8711633890829,238,272,16,0,3,/home/bradley/.codex/worktrees/maxima-growth-policy/glob2/artifacts/maxima-historical-validation/duels/strange2-cortex-9507-1-latest,512,512,512,,,,3584,2048,1536,512,729,,
duels,Dejans.map.gz,warrush,9512,0,historical,0,20706,won,True,False,74,46.28779097846035,30.17864387134164,10.286583598956824,1.1592775041050902,4.516372066067807,1.7294504008499951,2,57,22,7,80,/home/bradley/.codex/worktrees/maxima-growth-policy/glob2/artifacts/maxima-historical-validation/duels/Dejans-warrush-9512-0-historical,9728,,17408,,9728,12800,5120,4096,2560,512,3492,10906,
duels,Dejans.map.gz,warrush,9512,0,latest,0,17474,won,True,False,63,38.22250200297585,24.8057113425661,8.932871695089847,1.2967837930639807,4.776925718209912,1.4943344397390408,2,44,20,1,39,/home/bradley/.codex/worktrees/maxima-growth-policy/glob2/artifacts/maxima-historical-validation/duels/Dejans-warrush-9512-0-latest,12288,,12288,,11776,17408,6656,5632,2048,512,1861,,
duels,balanced_for_2.map.gz,cortex,9520,1,historical,0,33154,won,True,False,215,92.68685528141401,54.10936840200277,31.218254207637088,1.613922905230138,5.6220063944018825,2.4208843578452073,0,156,56,24,241,/home/bradley/.codex/worktrees/maxima-growth-policy/glob2/artifacts/maxima-historical-validation/duels/balanced_for_2-cortex-9520-1-historical,10240,20480,12800,17408,12288,16896,4608,5632,2560,1024,4552,,
duels,balanced_for_2.map.gz,cortex,9520,1,latest,0,14658,lost,False,False,16,26.850184199754402,17.324259789875835,5.3014053759039435,0.7684540865056624,2.3537999727111476,3.446718515486424,13,40,16,0,10,/home/bradley/.codex/worktrees/maxima-growth-policy/glob2/artifacts/maxima-historical-validation/duels/balanced_for_2-cortex-9520-1-latest,10240,,,,11776,,5120,5632,2560,1024,3322,,
duels,SmallForTwo.map.gz,warrush,9522,1,historical,0,24322,won,True,False,127,55.09004193734068,39.39935038236987,11.648425293972535,1.07376038154757,3.9793602499794423,2.0632349313378833,2,113,34,1,97,/home/bradley/.codex/worktrees/maxima-growth-policy/glob2/artifacts/maxima-historical-validation/duels/SmallForTwo-warrush-9522-1-historical,13824,19968,22528,,14848,21504,12288,10752,2048,1024,2702,,
duels,SmallForTwo.map.gz,warrush,9522,1,latest,0,17858,won,True,False,98,46.968025534774334,33.81117706350095,9.473961249860007,1.025198790458058,5.194198678463434,1.7814984880725726,0,78,29,1,58,/home/bradley/.codex/worktrees/maxima-growth-policy/glob2/artifacts/maxima-historical-validation/duels/SmallForTwo-warrush-9522-1-latest,10240,,17408,,12800,15360,6656,5632,3072,1024,3113,,
duels,Mazury.map.gz,cortex,9508,0,historical,0,47458,lost,False,False,1,27.415609591638923,18.46988916515656,6.378060600952421,1.0788486661890513,2.9344683720342197,3.905432171604366,36,83,25,6,81,/home/bradley/.codex/worktrees/maxima-growth-policy/glob2/artifacts/maxima-historical-validation/duels/Mazury-cortex-9508-0-historical,10240,,10240,,9216,11776,4096,5120,4608,512,7387,,
duels,Mazury.map.gz,cortex,9508,0,latest,0,45122,won,True,False,539,168.41070874517973,119.21756571073978,39.46004166481982,3.6540933469261114,13.379194184654935,14.353308807233722,17,426,87,41,266,/home/bradley/.codex/worktrees/maxima-growth-policy/glob2/artifacts/maxima-historical-validation/duels/Mazury-cortex-9508-0-latest,9216,20480,5120,7680,9728,14336,4608,4608,4608,512,2068,43183,44554
duels,Dejans.map.gz,castor,9518,1,historical,0,16610,won,True,False,66,37.10355207706201,24.498314268512942,8.518181818181818,0.984587597832631,3.871282360024082,0.7379891631547261,0,56,20,1,48,/home/bradley/.codex/worktrees/maxima-growth-policy/glob2/artifacts/maxima-historical-validation/duels/Dejans-castor-9518-1-historical,12288,,,,12288,15872,3584,4608,4608,512,3528,,
duels,Dejans.map.gz,castor,9518,1,latest,0,32066,won,True,False,79,45.43516497224474,26.43235826108651,13.224287407222603,2.6587662945175574,5.960331815630263,0.3074908002245369,0,74,28,8,123,/home/bradley/.codex/worktrees/maxima-growth-policy/glob2/artifacts/maxima-historical-validation/duels/Dejans-castor-9518-1-latest,16896,,3072,11776,15872,20480,5632,6656,28672,512,21841,,
duels,Muka.map.gz,warrush,9506,0,historical,0,14338,won,True,False,56,25.468545124843075,16.50244106569954,5.876272841400474,1.2678197796066397,2.35737201841261,1.017854651973776,2,46,12,0,19,/home/bradley/.codex/worktrees/maxima-growth-policy/glob2/artifacts/maxima-historical-validation/duels/Muka-warrush-9506-0-historical,13824,,8704,11776,12800,,9728,8704,1024,1024,7775,,
duels,Muka.map.gz,warrush,9506,0,latest,0,15490,lost,False,False,2,8.842091672046482,6.561394448030987,0.2974822466107166,0.7271788250484184,1.7518398967075532,1.347062621045836,4,6,9,0,0,/home/bradley/.codex/worktrees/maxima-growth-policy/glob2/artifacts/maxima-historical-validation/duels/Muka-warrush-9506-0-latest,,,,,,,,7680,1024,1024,3480,,
duels,balanced_for_2.map.gz,cortex,9504,1,historical,0,51074,lost,False,False,8,42.89850021537377,26.044406155773974,9.30297215804519,1.433527822375377,4.039942044876062,2.656694208403493,9,110,41,8,35,/home/bradley/.codex/worktrees/maxima-growth-policy/glob2/artifacts/maxima-historical-validation/duels/balanced_for_2-cortex-9504-1-historical,12288,,11264,18432,10752,16896,5120,6144,2560,1024,5985,,
duels,balanced_for_2.map.gz,cortex,9504,1,latest,0,31810,won,True,False,238,95.64171644137063,61.80380383527193,25.19723357434769,1.9457403332285446,7.537881169443571,1.843193964162213,0,199,54,20,203,/home/bradley/.codex/worktrees/maxima-growth-policy/glob2/artifacts/maxima-historical-validation/duels/balanced_for_2-cortex-9504-1-latest,8704,19968,14848,18432,11776,16896,4608,5632,2560,1024,2918,,
duels,balanced_for_2.map.gz,castor,9505,1,historical,0,18722,won,True,False,102,53.864758038671084,37.31743403482534,9.557365666061319,1.8103835060356799,4.0346116867856,1.0446533490011751,0,77,26,6,111,/home/bradley/.codex/worktrees/maxima-growth-policy/glob2/artifacts/maxima-historical-validation/duels/balanced_for_2-castor-9505-1-historical,8192,,11264,17920,9216,12288,4608,5120,1536,1024,5166,,
duels,balanced_for_2.map.gz,castor,9505,1,latest,0,24610,won,True,False,213,76.0415684681024,56.500731409995936,12.34043071921983,2.638683462007314,6.180251930109711,1.0339699309223893,0,192,37,13,182,/home/bradley/.codex/worktrees/maxima-growth-policy/glob2/artifacts/maxima-historical-validation/duels/balanced_for_2-castor-9505-1-latest,10240,17920,10240,14336,9728,13312,4608,5632,1024,1024,7627,,
duels,SmallForTwo.map.gz,castor,9514,1,historical,0,14146,won,True,False,76,37.0258023469532,24.952283330976954,7.6975823554361655,1.4932843206560158,3.1453414392761205,0.4389933550120175,0,67,17,0,43,/home/bradley/.codex/worktrees/maxima-growth-policy/glob2/artifacts/maxima-historical-validation/duels/SmallForTwo-castor-9514-1-historical,9728,,7168,,11264,,4096,5632,2560,512,6406,,
duels,SmallForTwo.map.gz,castor,9514,1,latest,0,8162,won,True,False,49,21.75312423425631,15.033447684391081,4.509311443273708,1.3099730458221024,2.522175937270277,0.34133790737564323,0,39,10,0,17,/home/bradley/.codex/worktrees/maxima-growth-policy/glob2/artifacts/maxima-historical-validation/duels/SmallForTwo-castor-9514-1-latest,,,5632,,,,4096,5120,2560,512,5983,,
duels,Muka.map.gz,cortex,9509,0,historical,0,29890,lost,False,False,7,29.739377718300435,18.26677818668451,8.8881231180997,1.267581130812981,2.4303111408497826,4.599531615925058,25,63,20,3,41,/home/bradley/.codex/worktrees/maxima-growth-policy/glob2/artifacts/maxima-historical-validation/duels/Muka-cortex-9509-0-historical,,,14336,19968,10752,20992,7168,6656,9728,1024,4678,,
duels,Muka.map.gz,cortex,9509,0,latest,0,35874,won,True,False,95,48.43702960361264,24.628365947482855,17.184980766014384,1.3577521324636226,5.465741205329765,3.2311980821765065,2,54,21,7,74,/home/bradley/.codex/worktrees/maxima-growth-policy/glob2/artifacts/maxima-historical-validation/duels/Muka-cortex-9509-0-latest,15872,,3584,9216,13824,18432,10752,10240,10240,1024,5100,,
duels,balanced_for_2.map.gz,castor,9523,1,historical,0,14210,won,True,False,69,34.54524982406756,23.80935960591133,6.005559465165376,1.063194933145672,3.648838845883181,0.6216748768472906,0,52,18,1,47,/home/bradley/.codex/worktrees/maxima-growth-policy/glob2/artifacts/maxima-historical-validation/duels/balanced_for_2-castor-9523-1-historical,11264,,13312,,12288,14210,4608,5120,1536,1024,5785,,
duels,balanced_for_2.map.gz,castor,9523,1,latest,0,22402,won,True,False,202,74.23962146236943,55.81555218284082,11.355325417373448,2.1030265154896886,5.932148915275421,0.9258101955182573,0,168,38,11,145,/home/bradley/.codex/worktrees/maxima-growth-policy/glob2/artifacts/maxima-historical-validation/duels/balanced_for_2-castor-9523-1-latest,8704,16896,10240,14848,9728,11776,5632,5632,1024,1024,4536,,
duels,Muka.map.gz,warrush,9516,1,historical,0,5858,lost,False,False,5,7.55394332536702,4.431888016387846,0.7866165926937522,0.7866165926937522,1.213383407306248,2.072038238306589,5,2,2,0,0,/home/bradley/.codex/worktrees/maxima-growth-policy/glob2/artifacts/maxima-historical-validation/duels/Muka-warrush-9516-1-historical,,,,,,,,,1024,1024,4551,,
duels,Muka.map.gz,warrush,9516,1,latest,0,5922,lost,False,False,6,7.210401891252955,4.345829111786559,0.5187436676798379,0.6916582235731172,1.740628166160081,1.1469098277608916,2,4,3,0,0,/home/bradley/.codex/worktrees/maxima-growth-policy/glob2/artifacts/maxima-historical-validation/duels/Muka-warrush-9516-1-latest,,,,,,,,,1536,1024,2497,,
duels,balanced_for_2.map.gz,castor,9509,1,historical,0,16770,won,True,False,89,48.68795468097794,33.93100775193798,8.489445438282647,1.3055456171735242,4.023255813953488,0.7099582587954681,0,69,23,7,120,/home/bradley/.codex/worktrees/maxima-growth-policy/glob2/artifacts/maxima-historical-validation/duels/balanced_for_2-castor-9509-1-historical,8192,,14336,,8704,11264,4096,5120,1536,1024,6207,,
duels,balanced_for_2.map.gz,castor,9509,1,latest,0,16930,won,True,False,87,41.6518606024808,27.049143532191376,8.279149438865918,1.6411104548139397,3.943532191376255,0.608860011813349,0,68,22,3,76,/home/bradley/.codex/worktrees/maxima-growth-policy/glob2/artifacts/maxima-historical-validation/duels/balanced_for_2-castor-9509-1-latest,9728,,11264,15872,10240,12288,5632,5632,1536,1024,5556,,
duels,SmallForTwo.map.gz,cortex,9522,0,historical,0,27682,lost,False,False,7,38.39657539195145,23.96987211906654,10.727548587529803,0.9062928979120006,2.9223322014305326,4.1689184307492235,21,64,22,0,40,/home/bradley/.codex/worktrees/maxima-growth-policy/glob2/artifacts/maxima-historical-validation/duels/SmallForTwo-cortex-9522-0-historical,13824,,,,19456,,9216,8704,4608,512,4492,,
duels,SmallForTwo.map.gz,cortex,9522,0,latest,0,28130,won,True,False,195,78.35915392819054,45.22136509065055,27.31816565943832,0.9908993956629932,7.6858158549591185,4.155776750799858,0,69,45,8,110,/home/bradley/.codex/worktrees/maxima-growth-policy/glob2/artifacts/maxima-historical-validation/duels/SmallForTwo-cortex-9522-0-latest,12800,18944,,,15360,22016,9728,20480,4608,512,5515,,
duels,Mazury.map.gz,warrush,9508,0,historical,0,19394,won,True,False,66,43.66566979478189,30.566051356089513,9.010415592451274,1.2080024749922655,4.099205939981437,4.702794678766629,4,53,16,0,43,/home/bradley/.codex/worktrees/maxima-growth-policy/glob2/artifacts/maxima-historical-validation/duels/Mazury-warrush-9508-0-historical,10240,,11264,,13312,,4096,5120,3584,512,7414,,
duels,Mazury.map.gz,warrush,9508,0,latest,0,31298,won,True,False,118,64.67007476516072,43.58700236436833,14.491788612690907,2.265959486229152,7.1559205061026265,3.6237459262572687,3,75,33,11,152,/home/bradley/.codex/worktrees/maxima-growth-policy/glob2/artifacts/maxima-historical-validation/duels/Mazury-warrush-9508-0-latest,9728,25600,11264,20992,10752,13312,4096,6144,2560,512,2065,,
duels,Dejans.map.gz,warrush,9511,0,historical,0,30498,won,True,False,61,42.662764771460424,23.188536953242835,13.203390386254837,1.1102367368352024,4.843858613679585,1.9518656961112204,5,56,22,8,96,/home/bradley/.codex/worktrees/maxima-growth-policy/glob2/artifacts/maxima-historical-validation/duels/Dejans-warrush-9511-0-historical,20992,,27136,,15360,18944,5120,4096,2560,512,,12939,
duels,Dejans.map.gz,warrush,9511,0,latest,0,27842,won,True,False,79,49.433194454421375,30.69549601321744,12.619136556281877,1.2254148408878673,5.972703110408735,1.464478126571367,1,58,23,7,101,/home/bradley/.codex/worktrees/maxima-growth-policy/glob2/artifacts/maxima-historical-validation/duels/Dejans-warrush-9511-0-latest,13312,,23040,,11264,14848,6656,5632,2048,512,3487,,
duels,Dejans.map.gz,cortex,9517,0,historical,0,52322,won,True,False,108,64.31726615955047,33.83341615381675,22.062344711593592,1.5664156568938497,6.712052291579068,3.8148006574672224,16,82,36,26,323,/home/bradley/.codex/worktrees/maxima-growth-policy/glob2/artifacts/maxima-historical-validation/duels/Dejans-cortex-9517-0-historical,22016,35328,3584,6144,19968,27648,2560,4096,3072,512,28141,,
duels,Dejans.map.gz,cortex,9517,0,latest,0,33058,won,True,False,95,52.86844334200496,29.345544195051122,14.197168612741242,1.7687095408070663,6.515215681529433,1.2865267106298022,2,45,24,11,118,/home/bradley/.codex/worktrees/maxima-growth-policy/glob2/artifacts/maxima-historical-validation/duels/Dejans-cortex-9517-0-latest,16384,,18432,,14336,20480,2560,5120,4608,512,14712,,
duels,strange2.map.gz,warrush,9522,0,historical,0,17250,won,True,False,0,146.09066666666666,137.45344927536232,6.618898550724638,6.676985507246377,0.20776811594202899,72.45171014492753,331,217,15,0,0,/home/bradley/.codex/worktrees/maxima-growth-policy/glob2/artifacts/maxima-historical-validation/duels/strange2-warrush-9522-0-historical,512,512,512,,,,,2048,1024,512,701,,
duels,strange2.map.gz,warrush,9522,0,latest,0,17762,won,True,False,0,155.744623353226,145.74214615471232,7.4658259205044475,7.302668618398829,3.1818488908906652,71.05506136696317,321,210,19,0,3,/home/bradley/.codex/worktrees/maxima-growth-policy/glob2/artifacts/maxima-historical-validation/duels/strange2-warrush-9522-0-latest,512,512,512,,,,8704,4096,1024,512,698,,
duels,strange2.map.gz,cortex,9503,0,historical,0,10050,lost,False,False,75,235.77830845771143,218.94009950248756,12.813532338308457,5.152039800995025,0.25472636815920396,100.67880597014926,217,249,16,0,0,/home/bradley/.codex/worktrees/maxima-growth-policy/glob2/artifacts/maxima-historical-validation/duels/strange2-cortex-9503-0-historical,512,512,512,,,,,1536,2560,512,,,
duels,strange2.map.gz,cortex,9503,0,latest,0,10018,lost,False,False,79,227.90137752046317,210.62777001397484,12.378319025753644,5.833100419245358,1.431024156518267,91.22659213415851,196,248,17,0,0,/home/bradley/.codex/worktrees/maxima-growth-policy/glob2/artifacts/maxima-historical-validation/duels/strange2-cortex-9503-0-latest,512,512,512,,,,,2560,1024,512,,,
duels,strange2.map.gz,warrush,9514,0,historical,0,19586,won,True,False,0,128.82344531808434,120.7981211069131,5.960175635658123,5.058511181456142,0.49668130297151025,62.58184417441029,326,212,17,0,4,/home/bradley/.codex/worktrees/maxima-growth-policy/glob2/artifacts/maxima-historical-validation/duels/strange2-warrush-9514-0-historical,512,512,512,,,,2560,1536,1024,512,701,,
duels,strange2.map.gz,warrush,9514,0,latest,0,17218,won,True,False,0,153.17179695667326,144.10221860843305,6.274364037635033,6.743408061331165,2.802880706237658,72.11058194912302,320,209,15,0,0,/home/bradley/.codex/worktrees/maxima-growth-policy/glob2/artifacts/maxima-historical-validation/duels/strange2-warrush-9514-0-latest,512,512,512,,,,,,1024,512,915,,
duels,Mazury.map.gz,cortex,9514,1,historical,0,40034,lost,False,False,14,30.940425638207525,20.196882649747714,8.035245041714543,2.579457461158016,2.8824499175700655,5.139181695558775,35,93,25,1,29,/home/bradley/.codex/worktrees/maxima-growth-policy/glob2/artifacts/maxima-historical-validation/duels/Mazury-cortex-9514-1-historical,,,2048,9728,14848,34816,9728,7680,3584,512,1895,,
duels,Mazury.map.gz,cortex,9514,1,latest,0,60000,unresolved,False,True,463,266.0192,199.2424,50.5696,4.907733333333334,16.50186666666667,32.13386666666667,102,551,66,45,509,/home/bradley/.codex/worktrees/maxima-growth-policy/glob2/artifacts/maxima-historical-validation/duels/Mazury-cortex-9514-1-latest,10240,16896,4608,6656,15360,20480,5632,6656,6656,512,3942,,
duels,Muka.map.gz,castor,9520,1,historical,0,52866,won,True,False,247,75.89267203873945,49.21961184882533,19.439488518140205,2.622365981916544,5.600839859266825,3.8837816365906255,7,297,54,33,297,/home/bradley/.codex/worktrees/maxima-growth-policy/glob2/artifacts/maxima-historical-validation/duels/Muka-castor-9520-1-historical,26112,38912,16896,22016,15872,18944,12288,11264,7680,1024,25442,45314,
duels,Muka.map.gz,castor,9520,1,latest,0,46050,won,True,False,136,52.169923995656895,32.16527687296417,15.1285776330076,2.4928121606948968,6.304799131378936,1.4502931596091204,0,156,40,22,230,/home/bradley/.codex/worktrees/maxima-growth-policy/glob2/artifacts/maxima-historical-validation/duels/Muka-castor-9520-1-latest,23552,38912,18432,22016,17920,21504,13312,12800,8704,1024,,,
duels,SmallForTwo.map.gz,warrush,9508,1,historical,0,10978,won,True,False,62,30.62515940972855,20.090089269447986,7.330661322645291,1.3470577518673712,2.4581891054836946,1.6680633995263254,1,49,14,0,13,/home/bradley/.codex/worktrees/maxima-growth-policy/glob2/artifacts/maxima-historical-validation/duels/SmallForTwo-warrush-9508-1-historical,9216,,7168,,,,4096,5632,2048,512,4167,,
duels,SmallForTwo.map.gz,warrush,9508,1,latest,0,13058,won,True,False,62,28.142288252412314,18.964619390412008,6.667483534997703,1.2159595650176138,3.5689998468371877,1.2551692449073364,0,46,15,0,10,/home/bradley/.codex/worktrees/maxima-growth-policy/glob2/artifacts/maxima-historical-validation/duels/SmallForTwo-warrush-9508-1-latest,11264,,11776,,,,5120,7168,2560,512,5390,,
duels,SmallForTwo.map.gz,cortex,9500,1,historical,0,23234,won,True,False,139,74.28931737970215,49.31832659034174,19.766979426702246,1.0744598433330463,5.5926659206335545,2.9228716536110873,0,94,29,10,182,/home/bradley/.codex/worktrees/maxima-growth-policy/glob2/artifacts/maxima-historical-validation/duels/SmallForTwo-cortex-9500-1-historical,8704,14336,21504,,10240,13312,4096,6144,7168,512,4339,,
duels,SmallForTwo.map.gz,cortex,9500,1,latest,0,20738,won,True,False,125,65.56128845597453,44.522711929790724,15.186324621467836,0.9876555116211785,6.617803066833831,2.296171279776256,0,63,28,5,99,/home/bradley/.codex/worktrees/maxima-growth-policy/glob2/artifacts/maxima-historical-validation/duels/SmallForTwo-cortex-9500-1-latest,8192,14848,,,11776,13312,4608,6144,4096,512,4335,,
duels,SmallForTwo.map.gz,warrush,9514,1,historical,0,25922,won,True,False,128,63.61357148368182,46.49159015508063,12.941671167348199,1.1729804799012422,5.259625028932953,1.4692539155929327,1,107,35,9,164,/home/bradley/.codex/worktrees/maxima-growth-policy/glob2/artifacts/maxima-historical-validation/duels/SmallForTwo-warrush-9514-1-historical,10752,19456,23040,,13312,18432,4096,5632,3584,512,4760,,
duels,SmallForTwo.map.gz,warrush,9514,1,latest,0,23554,won,True,False,163,83.01766154368684,63.19054088477541,14.07684469729133,1.5869915937844952,9.066145877557952,2.391440944213297,1,124,37,9,144,/home/bradley/.codex/worktrees/maxima-growth-policy/glob2/artifacts/maxima-historical-validation/duels/SmallForTwo-warrush-9514-1-latest,8192,14336,11264,13824,10752,13824,4096,5120,4096,512,3936,,
duels,Dejans.map.gz,warrush,9502,0,historical,0,26402,won,True,False,78,50.91292326338914,33.61207484281494,11.761116582077115,1.2061965002651314,4.448602378607681,2.2352852056662376,3,66,22,18,170,/home/bradley/.codex/worktrees/maxima-growth-policy/glob2/artifacts/maxima-historical-validation/duels/Dejans-warrush-9502-0-historical,10752,,23552,,8192,12288,2560,4608,3584,512,3505,8911,
duels,Dejans.map.gz,warrush,9502,0,latest,0,29090,won,True,False,62,44.26026125816432,28.418838088690272,10.774252320385012,2.081540048126504,5.835132347885872,1.6368511515984874,8,51,24,9,119,/home/bradley/.codex/worktrees/maxima-growth-policy/glob2/artifacts/maxima-historical-validation/duels/Dejans-warrush-9502-0-latest,15360,,6144,15872,13312,17920,2560,6144,2560,512,3700,16814,
duels,Mazury.map.gz,cortex,9503,0,historical,0,60000,unresolved,False,True,69,56.2896,32.496,18.413333333333334,1.4853333333333334,5.226133333333333,5.254933333333334,16,89,30,24,193,/home/bradley/.codex/worktrees/maxima-growth-policy/glob2/artifacts/maxima-historical-validation/duels/Mazury-cortex-9503-0-historical,10240,,11776,52224,9728,12800,4096,4096,4096,512,6162,,
duels,Mazury.map.gz,cortex,9503,0,latest,0,60000,unresolved,False,True,563,282.0885333333333,192.35386666666668,59.891733333333335,5.027733333333333,15.927466666666668,44.178133333333335,317,749,89,70,563,/home/bradley/.codex/worktrees/maxima-growth-policy/glob2/artifacts/maxima-historical-validation/duels/Mazury-cortex-9503-0-latest,8704,20480,4608,10240,8192,12800,4096,4608,6656,512,5852,49141,43231
duels,balanced_for_2.map.gz,castor,9518,0,historical,0,16386,won,True,False,120,57.19516660563896,40.881484193823994,9.563285731722202,1.500061027706579,4.344196265104357,0.6251678261930916,0,90,23,6,119,/home/bradley/.codex/worktrees/maxima-growth-policy/glob2/artifacts/maxima-historical-validation/duels/balanced_for_2-castor-9518-0-historical,7168,14848,9728,12288,9728,11776,4096,4608,1024,512,635,,
duels,balanced_for_2.map.gz,castor,9518,0,latest,0,11202,won,True,False,70,36.00294590251741,22.59569719692912,8.086591680057133,1.8801999642920908,3.3033386895197285,0.7770041064095697,0,52,17,0,31,/home/bradley/.codex/worktrees/maxima-growth-policy/glob2/artifacts/maxima-historical-validation/duels/balanced_for_2-castor-9518-0-latest,8192,,2560,6144,9728,,4096,4608,2048,512,639,,
duels,balanced_for_2.map.gz,warrush,9505,1,historical,0,37730,won,True,False,207,96.37391995759343,68.12695467797509,17.983593957063345,2.124728332891598,6.59909886032335,2.11317254174397,1,190,46,28,321,/home/bradley/.codex/worktrees/maxima-growth-policy/glob2/artifacts/maxima-historical-validation/duels/balanced_for_2-warrush-9505-1-historical,11264,21504,14336,20480,12800,15360,5120,8192,1024,1024,5387,,
duels,balanced_for_2.map.gz,warrush,9505,1,latest,0,37410,won,True,False,220,95.93477679764769,64.58273188986902,19.775942261427424,2.3362202619620422,8.194760759155306,2.007751937984496,0,222,45,17,315,/home/bradley/.codex/worktrees/maxima-growth-policy/glob2/artifacts/maxima-historical-validation/duels/balanced_for_2-warrush-9505-1-latest,9216,22016,10752,18432,9216,14848,5632,5120,1024,1024,675,,
duels,strange2.map.gz,castor,9507,1,historical,0,34594,lost,False,False,0,116.55200323755565,110.11389258252876,4.913684453951553,7.596461814187431,0.9925998728103139,55.05694629126438,489,361,14,0,11,/home/bradley/.codex/worktrees/maxima-growth-policy/glob2/artifacts/maxima-historical-validation/duels/strange2-castor-9507-1-historical,512,512,512,,,,2560,1024,1024,512,,,
duels,strange2.map.gz,castor,9507,1,latest,0,40674,won,True,False,0,111.0504007474062,104.41658061661012,5.198800216354428,8.943354477061513,10.628657127403255,45.66887938240645,437,310,17,0,10,/home/bradley/.codex/worktrees/maxima-growth-policy/glob2/artifacts/maxima-historical-validation/duels/strange2-castor-9507-1-latest,512,512,512,,,,3584,2048,1024,512,,,
duels,balanced_for_2.map.gz,warrush,9502,0,historical,0,28962,won,True,False,154,67.86112837511222,43.99768662385194,14.795456114909191,2.213313997652096,4.962847869622264,1.2386575512740834,0,156,32,18,220,/home/bradley/.codex/worktrees/maxima-growth-policy/glob2/artifacts/maxima-historical-validation/duels/balanced_for_2-warrush-9502-0-historical,8704,23552,9728,18432,9216,11264,4096,4608,1024,512,635,24022,
duels,balanced_for_2.map.gz,warrush,9502,0,latest,0,33346,won,True,False,201,97.41312301325496,68.87872608408804,19.707011335692435,2.44922929286871,7.90265699034367,1.829364841360283,0,168,39,15,276,/home/bradley/.codex/worktrees/maxima-growth-policy/glob2/artifacts/maxima-historical-validation/duels/balanced_for_2-warrush-9502-0-latest,7680,19456,11776,16384,12288,16896,3072,4096,1024,512,642,,
duels,balanced_for_2.map.gz,warrush,9515,0,historical,0,34018,won,True,False,151,66.60653183608677,40.93935563525193,17.352872008936444,2.0141689693691576,5.110235757540126,1.409489094009054,0,153,33,16,244,/home/bradley/.codex/worktrees/maxima-growth-policy/glob2/artifacts/maxima-historical-validation/duels/balanced_for_2-warrush-9515-0-historical,12288,26112,15360,20480,15360,19968,5120,3584,1024,512,635,,
duels,balanced_for_2.map.gz,warrush,9515,0,latest,0,30818,won,True,False,141,67.6723992471932,43.98932442079305,15.597540398468427,2.1226555908884417,6.052307093257188,1.2242845090531507,0,133,32,15,251,/home/bradley/.codex/worktrees/maxima-growth-policy/glob2/artifacts/maxima-historical-validation/duels/balanced_for_2-warrush-9515-0-latest,9216,25600,11776,20992,10752,15360,4608,5632,1024,512,639,,
duels,Mazury.map.gz,cortex,9523,0,historical,0,37634,lost,False,False,4,32.99165648084179,21.223574427379496,8.788648562470106,1.3060530371472605,3.0747728118191,4.299144390710528,18,69,23,6,75,/home/bradley/.codex/worktrees/maxima-growth-policy/glob2/artifacts/maxima-historical-validation/duels/Mazury-cortex-9523-0-historical,11264,,10752,,10240,15872,4096,5120,4608,512,6153,,
duels,Mazury.map.gz,cortex,9523,0,latest,0,60000,unresolved,False,True,195,114.26186666666666,70.5312,31.478933333333334,2.4442666666666666,11.8624,10.775466666666667,62,188,47,28,312,/home/bradley/.codex/worktrees/maxima-growth-policy/glob2/artifacts/maxima-historical-validation/duels/Mazury-cortex-9523-0-latest,8192,14336,3584,6144,11264,14848,4096,4608,8192,512,7841,,
duels,balanced_for_2.map.gz,cortex,9514,0,historical,0,24194,won,True,False,111,58.72650243862115,33.85231875671654,18.0644787963958,1.5979168388856742,4.465900636521452,1.4709432090600976,0,85,30,6,157,/home/bradley/.codex/worktrees/maxima-growth-policy/glob2/artifacts/maxima-historical-validation/duels/balanced_for_2-cortex-9514-0-historical,9216,23552,13824,22016,11264,14848,2560,4096,2560,512,2066,,
duels,balanced_for_2.map.gz,cortex,9514,0,latest,0,34338,won,True,False,195,84.56468052886015,51.398741918574174,24.91944784204089,1.8593395072514416,7.062088648144912,2.59642378705807,0,137,45,15,239,/home/bradley/.codex/worktrees/maxima-growth-policy/glob2/artifacts/maxima-historical-validation/duels/balanced_for_2-cortex-9514-0-latest,8192,22528,17408,20992,17920,14336,4608,5632,2560,512,639,,
duels,Muka.map.gz,cortex,9507,0,historical,0,26178,lost,False,False,4,36.2518145007258,23.076705630682252,9.290243716097486,1.1343876537550615,2.8018947207578884,4.151424860569945,18,55,22,4,48,/home/bradley/.codex/worktrees/maxima-growth-policy/glob2/artifacts/maxima-historical-validation/duels/Muka-cortex-9507-0-historical,15360,,16896,,13312,16384,6656,6144,8704,1024,,,
duels,Muka.map.gz,cortex,9507,0,latest,0,16130,won,True,False,98,38.253254804711716,26.648419094854308,6.6123372597644146,1.6509609423434595,4.9215127092374455,1.7459392436453813,0,56,22,1,42,/home/bradley/.codex/worktrees/maxima-growth-policy/glob2/artifacts/maxima-historical-validation/duels/Muka-cortex-9507-0-latest,10752,,3584,9728,11264,15360,9728,9216,8192,1024,4083,,
duels,balanced_for_2.map.gz,castor,9522,1,historical,0,24578,won,True,False,154,68.67361054601676,49.22442835055741,12.313613800960209,1.927170640410123,4.917080315729514,1.2707299210676215,0,128,33,18,198,/home/bradley/.codex/worktrees/maxima-growth-policy/glob2/artifacts/maxima-historical-validation/duels/balanced_for_2-castor-9522-1-historical,9728,18432,11264,17920,10752,12800,4096,5120,1536,1024,7338,,
duels,balanced_for_2.map.gz,castor,9522,1,latest,0,20642,won,True,False,165,62.821383586861735,45.50067822885379,10.252107353938571,2.383199302393179,5.278170719891484,1.161224687530278,1,138,30,5,122,/home/bradley/.codex/worktrees/maxima-growth-policy/glob2/artifacts/maxima-historical-validation/duels/balanced_for_2-castor-9522-1-latest,9728,16384,10240,13312,9728,12800,5120,6656,1536,1024,674,,
duels,strange2.map.gz,castor,9522,0,historical,0,60000,unresolved,False,True,0,64.3328,62.020266666666664,1.3653333333333333,4.7504,0.9957333333333334,30.677333333333333,473,345,15,0,0,/home/bradley/.codex/worktrees/maxima-growth-policy/glob2/artifacts/maxima-historical-validation/duels/strange2-castor-9522-0-historical,512,512,512,,,,,1536,1024,512,,,
duels,strange2.map.gz,castor,9522,0,latest,0,50050,won,True,False,0,81.77678321678322,78.49302697302697,2.1994005994005996,8.953966033966035,6.800519480519481,35.896263736263734,437,310,17,0,5,/home/bradley/.codex/worktrees/maxima-growth-policy/glob2/artifacts/maxima-historical-validation/duels/strange2-castor-9522-0-latest,512,512,512,,,,4096,3072,1024,512,,,
duels,strange2.map.gz,warrush,9502,0,historical,0,17442,won,True,False,0,139.58032335741314,130.06948744410045,7.42667125329664,6.893360853113175,0.23483545464969613,68.57195275771127,311,210,17,0,5,/home/bradley/.codex/worktrees/maxima-growth-policy/glob2/artifacts/maxima-historical-validation/duels/strange2-warrush-9502-0-historical,512,512,512,,,,2560,2048,1024,512,698,,
duels,strange2.map.gz,warrush,9502,0,latest,0,16930,won,True,False,2,159.31978735971649,151.28848198464266,5.430478440637921,4.890135853514471,2.8296515062020084,70.31707028942705,301,204,19,0,2,/home/bradley/.codex/worktrees/maxima-growth-policy/glob2/artifacts/maxima-historical-validation/duels/strange2-warrush-9502-0-latest,512,512,512,,,,9728,3584,1024,512,698,,
duels,balanced_for_2.map.gz,cortex,9502,0,historical,0,39426,won,True,False,139,81.77563029472937,47.7547811089129,24.58529904124182,1.3311520316542382,5.415715517678689,2.571399584030843,1,99,40,31,357,/home/bradley/.codex/worktrees/maxima-growth-policy/glob2/artifacts/maxima-historical-validation/duels/balanced_for_2-cortex-9502-0-historical,10240,27136,22528,34816,10240,14848,3072,5120,2560,512,635,,
duels,balanced_for_2.map.gz,cortex,9502,0,latest,0,23490,won,True,False,161,75.77134951042997,48.89748829289059,19.345125585355472,2.073648361004683,6.594465730097914,2.0706683695189443,0,122,33,10,158,/home/bradley/.codex/worktrees/maxima-growth-policy/glob2/artifacts/maxima-historical-validation/duels/balanced_for_2-cortex-9502-0-latest,7680,17408,9216,12288,8704,9728,4096,4096,2560,512,2475,,
duels,Mazury.map.gz,castor,9516,0,historical,0,55874,won,True,False,661,288.0551419264774,223.26081898557467,31.40995812005584,5.210903103411247,14.286716540788202,52.217131402799154,397,1053,73,48,563,/home/bradley/.codex/worktrees/maxima-growth-policy/glob2/artifacts/maxima-historical-validation/duels/Mazury-castor-9516-0-historical,11776,19968,5632,10752,11776,14336,4096,4608,9728,512,,51862,33385
duels,Mazury.map.gz,castor,9516,0,latest,0,22722,won,True,False,140,64.76700994630754,45.750066015315554,11.816521432972449,2.445207288090837,6.276560161957574,4.419945427339143,6,108,23,6,87,/home/bradley/.codex/worktrees/maxima-growth-policy/glob2/artifacts/maxima-historical-validation/duels/Mazury-castor-9516-0-latest,8704,18944,2048,5120,10240,16384,4608,5632,4608,512,,,
duels,strange2.map.gz,castor,9516,1,historical,0,40290,lost,False,False,0,100.49381980640358,95.14380739637627,4.282551501613304,6.790866219905684,0.9936460660213452,47.37493174484984,488,362,15,0,8,/home/bradley/.codex/worktrees/maxima-growth-policy/glob2/artifacts/maxima-historical-validation/duels/strange2-castor-9516-1-historical,512,512,512,,,,2560,1024,1024,512,,,
duels,strange2.map.gz,castor,9516,1,latest,0,40290,won,True,False,0,112.59171010176222,105.71675353685778,5.045023579051874,8.942814594192107,12.304988830975429,45.40521221146687,430,303,21,0,8,/home/bradley/.codex/worktrees/maxima-growth-policy/glob2/artifacts/maxima-historical-validation/duels/strange2-castor-9516-1-latest,512,512,512,,,,4096,2048,1024,512,,,
duels,balanced_for_2.map.gz,cortex,9510,1,historical,0,25058,won,True,False,140,60.602522148615215,39.54537473062495,14.437544895841647,1.7728469949716656,4.841966637401229,1.4393008220927448,0,108,31,9,157,/home/bradley/.codex/worktrees/maxima-growth-policy/glob2/artifacts/maxima-historical-validation/duels/balanced_for_2-cortex-9510-1-historical,11264,20480,16384,19456,14848,17408,4608,5120,2560,1024,3733,,24836
duels,balanced_for_2.map.gz,cortex,9510,1,latest,0,60000,unresolved,False,True,140,80.45786666666666,44.732,23.829333333333334,1.3488,7.551466666666666,2.5434666666666668,1,90,48,28,373,/home/bradley/.codex/worktrees/maxima-growth-policy/glob2/artifacts/maxima-historical-validation/duels/balanced_for_2-cortex-9510-1-latest,9728,23552,11776,59392,10240,13312,4608,5120,2048,1024,3726,,
duels,Muka.map.gz,warrush,9520,0,historical,0,16482,won,True,False,66,32.413663390365244,21.28977065890062,7.286494357480888,0.9844679043805363,3.1731585972576144,1.3476519839825265,3,51,19,2,35,/home/bradley/.codex/worktrees/maxima-growth-policy/glob2/artifacts/maxima-historical-validation/duels/Muka-warrush-9520-0-historical,12800,,,,11776,14848,10752,7680,1024,1024,7363,,
duels,Muka.map.gz,warrush,9520,0,latest,0,24738,won,True,False,68,30.669860134206484,18.445225968146172,7.788301398657935,0.982051903953432,4.17107284339882,1.6067588325652842,2,39,25,1,24,/home/bradley/.codex/worktrees/maxima-growth-policy/glob2/artifacts/maxima-historical-validation/duels/Muka-warrush-9520-0-latest,20992,,22528,18432,18432,24576,17408,9728,1536,1024,3697,,
duels,Mazury.map.gz,warrush,9500,1,historical,0,12450,lost,False,False,7,12.517188755020081,8.837590361445782,2.1309236947791166,0.5346184738955824,1.5887550200803213,0.758714859437751,2,11,9,0,3,/home/bradley/.codex/worktrees/maxima-growth-policy/glob2/artifacts/maxima-historical-validation/duels/Mazury-warrush-9500-1-historical,,,2048,,,,7680,6144,1536,512,7254,,
duels,Mazury.map.gz,warrush,9500,1,latest,0,27490,won,True,False,148,72.44143324845399,49.464641687886505,14.210403783193888,2.044379774463441,6.989086940705711,5.422626409603492,9,106,32,4,57,/home/bradley/.codex/worktrees/maxima-growth-policy/glob2/artifacts/maxima-historical-validation/duels/Mazury-warrush-9500-1-latest,9728,20992,2560,5120,8192,16384,10752,7168,1536,512,19425,,
duels,strange2.map.gz,warrush,9505,1,historical,0,17442,won,True,False,0,155.66655200091733,142.98543744983374,10.33276000458663,8.85127852310515,0.46967090929939226,76.67377594312579,348,233,13,0,7,/home/bradley/.codex/worktrees/maxima-growth-policy/glob2/artifacts/maxima-historical-validation/duels/strange2-warrush-9505-1-historical,512,512,512,,,,1536,1024,1024,512,739,,
duels,strange2.map.gz,warrush,9505,1,latest,0,17378,won,True,False,1,171.072505466682,159.61157785706064,8.131660720451146,7.30935665784325,6.353550466106571,77.4700195649672,332,219,18,0,2,/home/bradley/.codex/worktrees/maxima-growth-policy/glob2/artifacts/maxima-historical-validation/duels/strange2-warrush-9505-1-latest,512,512,512,,,,4096,2560,2048,512,734,,
duels,Dejans.map.gz,warrush,9508,0,historical,0,20162,won,True,False,69,44.710346195813905,28.40482095030255,10.2100982045432,1.1873822041464142,3.946136296002381,1.4190060509870053,4,57,21,5,95,/home/bradley/.codex/worktrees/maxima-growth-policy/glob2/artifacts/maxima-historical-validation/duels/Dejans-warrush-9508-0-historical,9728,,15872,,9728,13312,3072,5632,2048,512,3491,10535,
duels,Dejans.map.gz,warrush,9508,0,latest,0,14914,won,True,False,48,31.281212283760226,19.417460104599705,7.798980823387422,0.9828349202091994,4.111841223011935,0.8925841491216306,0,33,16,0,31,/home/bradley/.codex/worktrees/maxima-growth-policy/glob2/artifacts/maxima-historical-validation/duels/Dejans-warrush-9508-0-latest,,,,,14336,,3584,6144,2560,512,3492,,
duels,balanced_for_2.map.gz,warrush,9514,0,historical,0,31522,won,True,False,146,69.39978427764736,44.80864158365586,16.69729078104181,1.5137998857940487,5.25607512213692,1.222511261975763,0,146,38,17,229,/home/bradley/.codex/worktrees/maxima-growth-policy/glob2/artifacts/maxima-historical-validation/duels/balanced_for_2-warrush-9514-0-historical,9728,25088,17408,21504,11776,14336,3584,4096,1024,512,635,,
duels,balanced_for_2.map.gz,warrush,9514,0,latest,0,39682,won,True,False,174,100.48112494329924,69.9768156846933,19.27806058162391,2.10332140517111,8.38743006904894,1.8838264200393124,1,155,45,22,316,/home/bradley/.codex/worktrees/maxima-growth-policy/glob2/artifacts/maxima-historical-validation/duels/balanced_for_2-warrush-9514-0-latest,8704,20992,12800,20992,10240,13312,5632,5632,1024,512,639,,
duels,Dejans.map.gz,warrush,9521,1,historical,0,21090,won,True,False,79,44.791512565196776,28.806258890469415,10.444713134186818,1.3613086770981508,4.4070175438596495,1.4976766239924135,1,59,24,4,93,/home/bradley/.codex/worktrees/maxima-growth-policy/glob2/artifacts/maxima-historical-validation/duels/Dejans-warrush-9521-1-historical,11776,,16896,,12288,17408,4096,6144,2048,512,3531,,
duels,Dejans.map.gz,warrush,9521,1,latest,0,33634,won,True,False,84,49.700927632752574,31.915918415888683,12.14744009038473,2.2798358803591605,6.242908961170245,1.6346554082178748,3,67,30,11,145,/home/bradley/.codex/worktrees/maxima-growth-policy/glob2/artifacts/maxima-historical-validation/duels/Dejans-warrush-9521-1-latest,15872,,2560,17408,14848,18944,5120,6144,2048,512,2720,25782,
duels,SmallForTwo.map.gz,castor,9515,0,historical,0,24514,won,True,False,147,59.982173451905034,44.55017540996981,11.374398303010524,1.477849392184058,5.217100432405972,1.8617116749612466,0,118,32,12,121,/home/bradley/.codex/worktrees/maxima-growth-policy/glob2/artifacts/maxima-historical-validation/duels/SmallForTwo-castor-9515-0-historical,12288,18944,12800,16384,15360,14848,8704,8704,4608,512,7739,,16872
duels,SmallForTwo.map.gz,castor,9515,0,latest,0,19874,won,True,False,129,46.786706249371036,33.67600885579149,8.93982087149039,1.4929053034114923,5.25842809701117,1.217671329375063,0,108,28,3,76,/home/bradley/.codex/worktrees/maxima-growth-policy/glob2/artifacts/maxima-historical-validation/duels/SmallForTwo-castor-9515-0-latest,12800,17408,11264,14336,14848,15360,8192,8704,5120,512,7542,,
duels,Dejans.map.gz,cortex,9515,0,historical,0,21570,won,True,False,82,46.59522484932777,27.52559109874826,11.855632823365786,1.3977746870653687,4.905424200278164,1.6025961984237367,2,52,24,9,111,/home/bradley/.codex/worktrees/maxima-growth-policy/glob2/artifacts/maxima-historical-validation/duels/Dejans-cortex-9515-0-historical,12800,,15872,,11776,13824,3072,4608,5120,512,4315,11552,
duels,Dejans.map.gz,cortex,9515,0,latest,0,39522,won,True,False,86,47.55536157077071,29.45187490511614,10.4603005920753,2.514194625778048,5.686048276909063,2.0438236931329388,3,49,27,14,132,/home/bradley/.codex/worktrees/maxima-growth-policy/glob2/artifacts/maxima-historical-validation/duels/Dejans-cortex-9515-0-latest,20480,,3072,13312,19456,25088,3584,7680,5632,512,3505,,
duels,Mazury.map.gz,cortex,9500,0,historical,0,33730,lost,False,False,7,45.56225911651349,27.219833975689298,14.845419507856507,1.4116809961458643,3.8613104061666172,5.320604802846131,17,68,22,8,93,/home/bradley/.codex/worktrees/maxima-growth-policy/glob2/artifacts/maxima-historical-validation/duels/Mazury-cortex-9500-0-historical,10752,,12800,,11264,13312,4096,5632,2560,512,14081,,
duels,Mazury.map.gz,cortex,9500,0,latest,0,51170,lost,False,False,9,65.80682040257963,45.207680281414895,13.43640805159273,1.4308383818643737,5.503224545632206,7.981160836427594,38,166,57,11,92,/home/bradley/.codex/worktrees/maxima-growth-policy/glob2/artifacts/maxima-historical-validation/duels/Mazury-cortex-9500-0-latest,8192,22528,3072,5632,16384,22016,5120,4608,5632,512,4524,,
duels,Mazury.map.gz,warrush,9510,1,historical,0,27714,won,True,False,37,23.53095908205239,15.120661037742657,6.103088691635996,1.4272930648769575,2.879916287796781,1.556613985711193,0,15,14,0,21,/home/bradley/.codex/worktrees/maxima-growth-policy/glob2/artifacts/maxima-historical-validation/duels/Mazury-warrush-9510-1-historical,,,5120,19456,,,8704,6144,1536,512,11985,,
duels,Mazury.map.gz,warrush,9510,1,latest,0,19074,lost,False,False,1,11.267379679144385,5.147216105693614,4.402222921254063,0.8589703260983538,2.37579951766803,1.3689839572192513,3,19,3,0,0,/home/bradley/.codex/worktrees/maxima-growth-policy/glob2/artifacts/maxima-historical-validation/duels/Mazury-warrush-9510-1-latest,,,4096,,,,,,3584,512,2723,,
duels,strange2.map.gz,warrush,9500,0,historical,0,16642,won,True,False,0,150.65881504626847,137.9834154548732,10.491046749188799,7.353683451508232,0.43071746184352844,72.9143131835116,319,212,14,0,4,/home/bradley/.codex/worktrees/maxima-growth-policy/glob2/artifacts/maxima-historical-validation/duels/strange2-warrush-9500-0-historical,512,512,512,,,,2560,1536,1024,512,701,,
duels,strange2.map.gz,warrush,9500,0,latest,0,18402,won,True,False,0,132.2151940006521,127.48527333985436,2.8935985218997935,6.667753505053798,1.391153135528747,61.46114552766004,295,195,18,0,0,/home/bradley/.codex/worktrees/maxima-growth-policy/glob2/artifacts/maxima-historical-validation/duels/strange2-warrush-9500-0-latest,512,512,512,,,,,5120,1024,512,916,,
duels,balanced_for_2.map.gz,warrush,9513,0,historical,0,32514,won,True,False,224,89.08697791720489,62.10801500891923,16.567878452358983,2.2835086424309528,6.330995878698407,1.7164298456049703,0,227,35,25,303,/home/bradley/.codex/worktrees/maxima-growth-policy/glob2/artifacts/maxima-historical-validation/duels/balanced_for_2-warrush-9513-0-historical,9728,22016,11264,17920,11264,13312,3072,4096,1024,512,635,,
duels,balanced_for_2.map.gz,warrush,9513,0,latest,0,60000,unresolved,False,True,132,114.848,89.192,17.9952,2.8992,12.308266666666666,7.140266666666666,36,169,40,20,518,/home/bradley/.codex/worktrees/maxima-growth-policy/glob2/artifacts/maxima-historical-validation/duels/balanced_for_2-warrush-9513-0-latest,10240,19456,2560,14848,10752,13824,6144,5120,1024,512,640,,
duels,SmallForTwo.map.gz,warrush,9501,0,historical,0,17058,won,True,False,87,37.150193457615195,25.715558682143275,8.340602649783094,1.189588462891312,3.2986282096377066,1.1950990737483878,1,72,18,0,27,/home/bradley/.codex/worktrees/maxima-growth-policy/glob2/artifacts/maxima-historical-validation/duels/SmallForTwo-warrush-9501-0-historical,11776,,13824,15360,15872,,7680,7168,3072,1024,3689,,
duels,SmallForTwo.map.gz,warrush,9501,0,latest,0,10658,won,True,False,46,22.75351848376806,15.477012572715331,5.230906361418652,0.9759804841433665,2.895102270594858,0.8647025708388065,0,27,9,0,0,/home/bradley/.codex/worktrees/maxima-growth-policy/glob2/artifacts/maxima-historical-validation/duels/SmallForTwo-warrush-9501-0-latest,,,,,,,,10240,2560,1024,1647,,
duels,Mazury.map.gz,castor,9509,1,historical,0,32450,won,True,False,384,114.15935285053929,90.99029275808937,16.153035439137135,3.724129429892142,8.348104776579353,6.014360554699538,7,353,59,19,218,/home/bradley/.codex/worktrees/maxima-growth-policy/glob2/artifacts/maxima-historical-validation/duels/Mazury-castor-9509-1-historical,12800,19968,6144,9216,12800,15872,6656,7680,2048,512,7200,,31879
duels,Mazury.map.gz,castor,9509,1,latest,0,31138,won,True,False,254,102.68475817329308,78.97013295651615,15.086935577108356,3.3362451024471707,9.804547498233669,4.897488599139315,6,237,37,6,66,/home/bradley/.codex/worktrees/maxima-growth-policy/glob2/artifacts/maxima-historical-validation/duels/Mazury-castor-9509-1-latest,10240,16896,2560,5120,19968,17408,8704,7168,6144,512,4348,,
duels,strange2.map.gz,warrush,9504,1,historical,0,17794,won,True,False,0,149.39327863324715,140.2144543104417,7.222209733618073,7.726424637518265,0.9856131280206811,73.1140833988985,327,227,14,0,6,/home/bradley/.codex/worktrees/maxima-growth-policy/glob2/artifacts/maxima-historical-validation/duels/strange2-warrush-9504-1-historical,512,512,512,,,,1536,1024,1024,512,739,,
duels,strange2.map.gz,warrush,9504,1,latest,0,17570,won,True,False,1,147.03801935116675,138.61639157655094,6.177803073420603,6.611952191235059,2.413318155947638,67.77564029595902,305,214,15,0,3,/home/bradley/.codex/worktrees/maxima-growth-policy/glob2/artifacts/maxima-historical-validation/duels/strange2-warrush-9504-1-latest,512,512,512,,,,2560,2048,1024,512,730,,
duels,SmallForTwo.map.gz,warrush,9520,0,historical,0,26338,won,True,False,121,49.03033639608171,32.459943807426534,12.4560331080568,1.4351127648264865,3.875389171539221,3.0508770597615613,4,104,33,2,107,/home/bradley/.codex/worktrees/maxima-growth-policy/glob2/artifacts/maxima-historical-validation/duels/SmallForTwo-warrush-9520-0-historical,16896,24064,18944,21504,19456,22528,6144,11264,2048,1024,3484,,
duels,SmallForTwo.map.gz,warrush,9520,0,latest,0,30466,won,True,False,152,71.97580909866737,53.53357841528261,14.69001509879866,1.5463139237182433,9.025864898575461,1.8656863388695595,2,119,34,10,181,/home/bradley/.codex/worktrees/maxima-growth-policy/glob2/artifacts/maxima-historical-validation/duels/SmallForTwo-warrush-9520-0-latest,12800,20992,15872,19968,15872,19968,7680,10240,2048,1024,1646,,
duels,strange2.map.gz,cortex,9516,0,historical,0,9570,lost,False,False,87,241.8566353187043,223.12152560083595,14.113584117032392,5.296551724137931,0.42800417972831767,98.79791013584116,201,251,16,0,2,/home/bradley/.codex/worktrees/maxima-growth-policy/glob2/artifacts/maxima-historical-validation/duels/strange2-cortex-9516-0-historical,512,512,512,,,,4096,1536,1024,512,,,
duels,strange2.map.gz,cortex,9516,0,latest,0,10050,lost,False,False,78,228.49970149253733,215.27203980099503,8.126567164179104,4.534129353233831,1.9359203980099502,91.69930348258707,195,239,15,0,0,/home/bradley/.codex/worktrees/maxima-growth-policy/glob2/artifacts/maxima-historical-validation/duels/strange2-cortex-9516-0-latest,512,512,512,,,,,,1024,512,,,
duels,Muka.map.gz,cortex,9505,1,historical,0,49314,won,True,False,249,91.91902907896338,55.01788538751673,23.76355598815752,2.87678955266253,7.071095429289857,4.143448108042341,1,203,47,29,360,/home/bradley/.codex/worktrees/maxima-growth-policy/glob2/artifacts/maxima-historical-validation/duels/Muka-cortex-9505-1-historical,13312,31232,10752,13312,13312,15872,5120,7680,10240,1024,7386,,
duels,Muka.map.gz,cortex,9505,1,latest,0,34818,lost,False,False,8,41.33632029410075,26.631167786776956,8.587856855649378,2.0145901545177782,4.036590269400884,2.022114997989546,14,88,28,8,84,/home/bradley/.codex/worktrees/maxima-growth-policy/glob2/artifacts/maxima-historical-validation/duels/Muka-cortex-9505-1-latest,16896,,3584,21504,14336,17920,9216,10240,7168,1024,3518,,
duels,strange2.map.gz,warrush,9512,1,historical,0,18786,won,True,False,0,142.7037155328436,127.19599701905675,13.654423506866816,7.71702331523475,0.9863728308314702,69.7438518045353,329,225,16,0,10,/home/bradley/.codex/worktrees/maxima-growth-policy/glob2/artifacts/maxima-historical-validation/duels/strange2-warrush-9512-1-historical,512,512,512,,,,2048,1024,1024,512,734,,
duels,strange2.map.gz,warrush,9512,1,latest,0,19618,won,True,False,0,151.05800795188094,141.37547150576,7.177082271383424,8.130492404934245,7.039147721480274,64.69813436639821,312,218,16,0,7,/home/bradley/.codex/worktrees/maxima-growth-policy/glob2/artifacts/maxima-historical-validation/duels/strange2-warrush-9512-1-latest,512,512,512,,,,2560,1536,1024,512,732,,
duels,Mazury.map.gz,warrush,9508,1,historical,0,60000,unresolved,False,True,205,64.92453333333333,39.623733333333334,18.9264,2.4954666666666667,6.1664,5.229866666666667,6,158,38,20,215,/home/bradley/.codex/worktrees/maxima-growth-policy/glob2/artifacts/maxima-historical-validation/duels/Mazury-warrush-9508-1-historical,28160,50688,2560,5632,27648,32256,11776,5632,3584,512,10573,,
duels,Mazury.map.gz,warrush,9508,1,latest,0,32610,won,True,False,129,71.09037105182459,46.1196258816314,16.324685679239497,2.084513952775222,6.90328120208525,6.430604109168967,6,102,30,6,71,/home/bradley/.codex/worktrees/maxima-growth-policy/glob2/artifacts/maxima-historical-validation/duels/Mazury-warrush-9508-1-latest,9216,23040,5120,7168,16896,21504,9216,5120,1536,512,18389,,
duels,Muka.map.gz,castor,9508,1,historical,0,42466,won,True,False,116,52.099821033297225,29.83556256770122,16.03694720482268,2.0829840342862527,5.244336645787218,3.3911835350633446,5,127,35,23,196,/home/bradley/.codex/worktrees/maxima-growth-policy/glob2/artifacts/maxima-historical-validation/duels/Muka-castor-9508-1-historical,22016,38400,16896,28160,13312,16896,9728,9216,7168,1024,,,
duels,Muka.map.gz,castor,9508,1,latest,0,60000,unresolved,False,True,60,35.7568,21.167466666666666,9.104,2.2474666666666665,4.936533333333333,0.8714666666666666,0,118,38,14,143,/home/bradley/.codex/worktrees/maxima-growth-policy/glob2/artifacts/maxima-historical-validation/duels/Muka-castor-9508-1-latest,53248,,20480,32256,16384,19456,13312,12288,8704,1024,28567,,
duels,Mazury.map.gz,cortex,9501,1,historical,0,60000,unresolved,False,True,13,57.514133333333334,33.6848,21.493866666666666,1.8005333333333333,3.8997333333333333,11.908266666666666,106,179,35,13,167,/home/bradley/.codex/worktrees/maxima-growth-policy/glob2/artifacts/maxima-historical-validation/duels/Mazury-cortex-9501-1-historical,12800,29184,2560,7168,14336,22016,5120,7168,4608,512,2917,,
duels,Mazury.map.gz,cortex,9501,1,latest,0,60000,unresolved,False,True,332,159.0464,97.68213333333334,51.9792,2.8768,14.254933333333334,15.026666666666667,34,185,51,24,159,/home/bradley/.codex/worktrees/maxima-growth-policy/glob2/artifacts/maxima-historical-validation/duels/Mazury-cortex-9501-1-latest,8704,19968,2560,5632,13824,18432,6144,5120,6656,512,4141,,
duels,Dejans.map.gz,castor,9508,0,historical,0,11906,won,True,False,53,30.13270619855535,18.475390559381825,7.054594322190492,1.0539223920712246,2.580883588106837,0.785318326894003,0,40,13,0,27,/home/bradley/.codex/worktrees/maxima-growth-policy/glob2/artifacts/maxima-historical-validation/duels/Dejans-castor-9508-0-historical,11776,,11264,,11264,,2560,4608,3584,512,,,
duels,Dejans.map.gz,castor,9508,0,latest,0,18658,won,True,False,59,36.49206774573909,23.6530174723979,8.487136884982313,1.6432629435094865,4.516561260585272,0.9572301425661914,1,43,16,2,51,/home/bradley/.codex/worktrees/maxima-growth-policy/glob2/artifacts/maxima-historical-validation/duels/Dejans-castor-9508-0-latest,13824,,6656,,11264,15872,3584,5120,4096,512,3485,9611,
duels,Mazury.map.gz,warrush,9521,1,historical,0,43170,won,True,False,59,25.244313180449385,17.619712763493165,5.5243919388464215,1.7843409775306927,2.9681723419041,2.776233495482974,8,51,27,1,51,/home/bradley/.codex/worktrees/maxima-growth-policy/glob2/artifacts/maxima-historical-validation/duels/Mazury-warrush-9521-1-historical,40448,,10240,18432,39424,42496,6144,5632,4096,512,20003,,
duels,Mazury.map.gz,warrush,9521,1,latest,0,58050,won,True,False,437,138.36406546080966,101.60752799310939,22.350697674418605,3.11266149870801,11.828423772609819,8.294539190353143,7,401,90,34,275,/home/bradley/.codex/worktrees/maxima-growth-policy/glob2/artifacts/maxima-historical-validation/duels/Mazury-warrush-9521-1-latest,12800,21504,4096,7168,17920,31232,5632,36864,3072,512,5605,,54369
duels,Muka.map.gz,castor,9521,0,historical,0,34818,won,True,False,123,56.39353208110747,33.54655637888448,14.199724280544546,2.3824458613360906,5.536963639496812,3.0738123958871846,1,98,29,12,131,/home/bradley/.codex/worktrees/maxima-growth-policy/glob2/artifacts/maxima-historical-validation/duels/Muka-castor-9521-0-historical,14848,31744,3584,7168,12800,18432,7168,6656,8704,1024,,,
duels,Muka.map.gz,castor,9521,0,latest,0,21026,won,True,False,69,32.25382859317036,19.302625321031105,6.165509369352231,1.5024255683439551,4.4934842575858465,1.1582802244839723,0,41,18,1,22,/home/bradley/.codex/worktrees/maxima-growth-policy/glob2/artifacts/maxima-historical-validation/duels/Muka-castor-9521-0-latest,15872,,10752,15872,13824,18944,10752,9728,13824,1024,3268,,16772
duels,Muka.map.gz,castor,9511,0,historical,0,22626,won,True,False,67,40.25970122867498,24.336029346769205,9.371917263325377,1.5474233183063733,3.872889596039954,2.227967824626536,2,51,18,4,72,/home/bradley/.codex/worktrees/maxima-growth-policy/glob2/artifacts/maxima-historical-validation/duels/Muka-castor-9511-0-historical,13312,,3584,7680,12288,15872,8192,6656,8704,1024,4494,,
duels,Muka.map.gz,castor,9511,0,latest,0,52002,won,True,False,146,58.548517364716744,35.303276797046266,16.10643821391485,3.0252682589131186,7.503749855774778,1.9245029037344719,0,152,38,22,245,/home/bradley/.codex/worktrees/maxima-growth-policy/glob2/artifacts/maxima-historical-validation/duels/Muka-castor-9511-0-latest,19968,48128,13824,19968,11776,14848,9216,8192,7680,1024,,,
duels,Muka.map.gz,castor,9520,0,historical,0,16354,won,True,False,55,34.47804818393054,21.75516693163752,7.053442582854347,1.217316864375688,3.199828788064082,2.0442705148587503,2,42,13,3,39,/home/bradley/.codex/worktrees/maxima-growth-policy/glob2/artifacts/maxima-historical-validation/duels/Muka-castor-9520-0-historical,11264,,12800,,10240,13312,7168,6656,9216,1024,4695,,
duels,Muka.map.gz,castor,9520,0,latest,0,30306,won,True,False,88,44.73035042565829,26.313403286477925,12.162278096746519,1.8427374117336501,5.788094766712862,1.1734310037616313,0,68,25,9,117,/home/bradley/.codex/worktrees/maxima-growth-policy/glob2/artifacts/maxima-historical-validation/duels/Muka-castor-9520-0-latest,16384,,14336,19968,11776,14848,9216,8704,8704,1024,,,
duels,balanced_for_2.map.gz,warrush,9518,0,historical,0,25890,won,True,False,142,68.87010428736964,47.360641174198534,13.7642719196601,2.0408651989185014,5.133796832753959,0.9703360370799536,0,128,30,19,233,/home/bradley/.codex/worktrees/maxima-growth-policy/glob2/artifacts/maxima-historical-validation/duels/balanced_for_2-warrush-9518-0-historical,8192,20480,10752,16896,9216,11776,2560,4096,1024,512,635,,
duels,balanced_for_2.map.gz,warrush,9518,0,latest,0,48194,won,True,False,186,110.17844544964103,73.54276465950119,25.38174876540648,2.5870440303772253,9.115823546499565,2.4674440801759556,0,170,41,28,444,/home/bradley/.codex/worktrees/maxima-growth-policy/glob2/artifacts/maxima-historical-validation/duels/balanced_for_2-warrush-9518-0-latest,11264,24064,13312,19456,11264,15872,5120,5632,1024,512,639,37949,
duels,Muka.map.gz,cortex,9521,0,historical,0,32450,won,True,False,140,61.12027734976888,38.71919876733436,18.361386748844374,1.589768875192604,4.996425269645608,5.422434514637905,12,94,34,12,148,/home/bradley/.codex/worktrees/maxima-growth-policy/glob2/artifacts/maxima-historical-validation/duels/Muka-cortex-9521-0-historical,15872,26624,13312,16896,13312,17920,6656,5632,8192,1024,3671,,
duels,Muka.map.gz,cortex,9521,0,latest,0,23522,won,True,False,106,53.325482526996005,35.418204234333814,10.95718901453958,1.629963438483122,6.23178301164867,2.9212651985375393,1,57,21,7,66,/home/bradley/.codex/worktrees/maxima-growth-policy/glob2/artifacts/maxima-historical-validation/duels/Muka-cortex-9521-0-latest,11264,19968,3584,8704,11264,14336,10752,9728,12800,1024,3879,,
duels,SmallForTwo.map.gz,cortex,9512,1,historical,0,26466,won,True,False,141,85.23637875009446,55.79989420388423,25.21998035214993,1.7871986699916875,5.369001738079045,7.9226176981787955,3,109,29,11,199,/home/bradley/.codex/worktrees/maxima-growth-policy/glob2/artifacts/maxima-historical-validation/duels/SmallForTwo-cortex-9512-1-historical,8192,13824,5632,11776,10240,13312,4608,5632,5632,512,4751,,12058
duels,SmallForTwo.map.gz,cortex,9512,1,latest,0,16578,won,True,False,121,57.44384123537218,39.71612981059235,13.39920376402461,0.9845578477500302,5.873688020267825,2.606466401254675,0,70,28,4,79,/home/bradley/.codex/worktrees/maxima-growth-policy/glob2/artifacts/maxima-historical-validation/duels/SmallForTwo-cortex-9512-1-latest,7680,13312,,,10752,12288,4096,5120,6656,512,4553,,
duels,Dejans.map.gz,castor,9519,0,historical,0,18242,won,True,False,65,38.86591382523846,24.99292840697292,8.535741694989584,0.9859664510470343,3.9791689507729417,1.9438658041881374,1,53,19,1,46,/home/bradley/.codex/worktrees/maxima-growth-policy/glob2/artifacts/maxima-historical-validation/duels/Dejans-castor-9519-0-historical,11776,,,,12288,17920,3072,5632,3584,512,3693,9428,
duels,Dejans.map.gz,castor,9519,0,latest,0,25026,won,True,False,69,35.95264924478543,23.777791097258852,7.714217214097339,1.9054583233437226,5.074402621273875,1.6726604331495245,5,59,21,2,67,/home/bradley/.codex/worktrees/maxima-growth-policy/glob2/artifacts/maxima-historical-validation/duels/Dejans-castor-9519-0-latest,21504,,7680,18944,17408,22528,3584,6144,3584,512,,9197,
duels,strange2.map.gz,warrush,9506,0,historical,0,18434,won,True,False,0,129.93034609959858,118.54269285016817,9.415645003797332,8.041553650862536,0.9861126179884995,63.382011500488225,305,198,16,0,6,/home/bradley/.codex/worktrees/maxima-growth-policy/glob2/artifacts/maxima-historical-validation/duels/strange2-warrush-9506-0-historical,512,512,512,,,,2560,1536,1024,512,701,,
duels,strange2.map.gz,warrush,9506,0,latest,0,17506,won,True,False,0,140.21067062721352,131.72900719753227,6.6098480520964245,6.701930766594311,1.3161201873643322,66.127727636239,298,193,19,0,2,/home/bradley/.codex/worktrees/maxima-growth-policy/glob2/artifacts/maxima-historical-validation/duels/strange2-warrush-9506-0-latest,512,512,512,,,,8704,4096,1024,512,914,,
duels,strange2.map.gz,cortex,9510,0,historical,0,11330,lost,False,False,23,204.41429832303618,185.36098852603706,15.257369814651367,4.773345101500441,0.18075904677846424,89.81306266548985,265,237,16,0,5,/home/bradley/.codex/worktrees/maxima-growth-policy/glob2/artifacts/maxima-historical-validation/duels/strange2-cortex-9510-0-historical,512,512,512,,,,3584,1536,1024,512,,,
duels,strange2.map.gz,cortex,9510,0,latest,0,9538,lost,False,False,90,228.72080100650032,216.1527573914867,7.307401971063116,5.260641643950514,2.0935206542252045,86.41203606626127,177,239,14,0,0,/home/bradley/.codex/worktrees/maxima-growth-policy/glob2/artifacts/maxima-historical-validation/duels/strange2-cortex-9510-0-latest,512,512,512,,,,,,1024,512,,,
duels,balanced_for_2.map.gz,cortex,9519,1,historical,0,29058,won,True,False,194,92.87025948103792,65.35301810172759,17.809450065386468,1.6123614839286944,6.410007571064767,2.074953541193475,0,142,38,25,278,/home/bradley/.codex/worktrees/maxima-growth-policy/glob2/artifacts/maxima-historical-validation/duels/balanced_for_2-cortex-9519-1-historical,7680,16384,12288,18944,10240,13824,4608,4096,2560,1024,6210,,
duels,balanced_for_2.map.gz,cortex,9519,1,latest,0,33090,won,True,False,203,96.63692958597764,62.49437896645512,24.863946811725597,1.8956784527047446,7.785856754306437,2.0813538833484437,0,138,44,26,230,/home/bradley/.codex/worktrees/maxima-growth-policy/glob2/artifacts/maxima-historical-validation/duels/balanced_for_2-cortex-9519-1-latest,8704,19456,11776,16384,9728,15360,4096,5120,2048,1024,4967,,
duels,SmallForTwo.map.gz,castor,9510,1,historical,0,13250,won,True,False,79,34.09328301886792,23.33856603773585,7.396981132075472,2.0146415094339623,2.7008301886792454,1.111245283018868,0,72,15,0,33,/home/bradley/.codex/worktrees/maxima-growth-policy/glob2/artifacts/maxima-historical-validation/duels/SmallForTwo-castor-9510-1-historical,10240,,5632,9728,11776,,4096,5632,2560,512,4743,,10752
duels,SmallForTwo.map.gz,castor,9510,1,latest,0,12546,won,True,False,67,33.44404591104735,22.12625538020086,7.357962697274032,1.3878527020564324,4.082257293161167,0.8165152239757691,0,49,16,0,36,/home/bradley/.codex/worktrees/maxima-growth-policy/glob2/artifacts/maxima-historical-validation/duels/SmallForTwo-castor-9510-1-latest,9216,,7680,,11264,,4096,5632,2560,512,4130,,
duels,strange2.map.gz,cortex,9520,0,historical,0,9954,lost,False,False,54,220.1077958609604,202.3681936909785,13.62467349809122,4.372111713883866,0.41149286718906974,91.82117741611412,209,231,16,0,2,/home/bradley/.codex/worktrees/maxima-growth-policy/glob2/artifacts/maxima-historical-validation/duels/strange2-cortex-9520-0-historical,512,512,512,,,,4096,2048,2560,512,,,
duels,strange2.map.gz,cortex,9520,0,latest,0,11874,lost,False,False,30,199.2694121610241,181.9188984335523,13.426646454438268,4.945426983324912,1.552299140980293,81.25568468923699,239,249,19,0,0,/home/bradley/.codex/worktrees/maxima-growth-policy/glob2/artifacts/maxima-historical-validation/duels/strange2-cortex-9520-0-latest,512,512,512,,,,,3584,1024,512,,,
duels,Dejans.map.gz,warrush,9512,1,historical,0,27266,won,True,False,89,51.641238172082446,31.67299933983716,13.179270886818749,1.5305508692144063,5.324286657375486,1.1549915645859312,0,71,28,5,119,/home/bradley/.codex/worktrees/maxima-growth-policy/glob2/artifacts/maxima-historical-validation/duels/Dejans-warrush-9512-1-historical,12288,,11776,15360,11776,16896,4096,5632,2048,512,1680,,
duels,Dejans.map.gz,warrush,9512,1,latest,0,13634,won,True,False,50,29.240061610679184,19.039313481003372,6.566598210356462,1.6244682411618014,3.4790963767052956,0.8261698694440369,1,33,14,0,27,/home/bradley/.codex/worktrees/maxima-growth-policy/glob2/artifacts/maxima-historical-validation/duels/Dejans-warrush-9512-1-latest,,,2560,,12800,,4096,7680,3072,512,3736,,
duels,balanced_for_2.map.gz,cortex,9500,1,historical,0,31586,won,True,False,262,98.56996770721206,72.02181346166023,18.254163236877098,2.071044133476857,6.472487811055531,1.7468498701956563,0,228,52,31,268,/home/bradley/.codex/worktrees/maxima-growth-policy/glob2/artifacts/maxima-historical-validation/duels/balanced_for_2-cortex-9500-1-historical,9216,19968,13312,17920,11776,14336,4096,5120,2560,1024,2922,,23249
duels,balanced_for_2.map.gz,cortex,9500,1,latest,0,60000,unresolved,False,True,97,71.9384,35.67786666666667,25.711733333333335,1.3712,5.920533333333333,3.331733333333333,3,74,36,25,264,/home/bradley/.codex/worktrees/maxima-growth-policy/glob2/artifacts/maxima-historical-validation/duels/balanced_for_2-cortex-9500-1-latest,9216,44032,11776,17408,9728,15360,4096,5632,2048,1024,3321,,
duels,Muka.map.gz,cortex,9500,0,historical,0,37058,won,True,False,145,74.4105186464461,45.551243995898325,21.737114793027146,1.775595013222516,6.06238868800259,3.660046413729829,2,101,33,20,288,/home/bradley/.codex/worktrees/maxima-growth-policy/glob2/artifacts/maxima-historical-validation/duels/Muka-cortex-9500-0-historical,12800,20480,12800,16896,10752,13824,8192,7168,12288,1024,,,
duels,Muka.map.gz,cortex,9500,0,latest,0,29474,lost,False,False,2,29.425425799009297,18.863710388817264,5.471941372056728,0.938047092352582,4.204994232204655,1.529822894754699,14,49,19,4,51,/home/bradley/.codex/worktrees/maxima-growth-policy/glob2/artifacts/maxima-historical-validation/duels/Muka-cortex-9500-0-latest,19968,,18432,,13312,16384,11264,10240,10752,1024,3873,,
duels,Muka.map.gz,warrush,9522,1,historical,0,19490,lost,False,False,4,13.010569522832222,10.593740379681888,0.9194458696767573,0.9868650590046177,1.5534120061570036,2.4500769625448946,12,17,12,0,0,/home/bradley/.codex/worktrees/maxima-growth-policy/glob2/artifacts/maxima-historical-validation/duels/Muka-warrush-9522-1-historical,,,12288,,,,,10240,1024,1024,7628,,
duels,Muka.map.gz,warrush,9522,1,latest,0,7618,lost,False,False,2,5.69650826988711,3.5458125492255186,0.6720924127067471,0.8319768968233132,1.731163034917301,1.5712785508007352,5,2,2,0,0,/home/bradley/.codex/worktrees/maxima-growth-policy/glob2/artifacts/maxima-historical-validation/duels/Muka-warrush-9522-1-latest,,,,,,,,,1536,1024,3521,,
duels,Muka.map.gz,castor,9512,1,historical,0,44578,won,True,False,197,70.11945354210597,44.36692987572345,20.731930548701154,2.8005294091255775,5.632060657723541,2.513392256269909,2,243,42,20,325,/home/bradley/.codex/worktrees/maxima-growth-policy/glob2/artifacts/maxima-historical-validation/duels/Muka-castor-9512-1-historical,18432,33792,3584,11776,13312,16896,8192,7680,5120,1024,,,
duels,Muka.map.gz,castor,9512,1,latest,0,38274,won,True,False,98,50.40547107697131,30.493023984950618,13.671238961174687,2.301092125202487,6.204263991221195,2.170716413230914,0,80,27,14,162,/home/bradley/.codex/worktrees/maxima-growth-policy/glob2/artifacts/maxima-historical-validation/duels/Muka-castor-9512-1-latest,18432,,16896,22528,14336,17920,10240,9728,10752,1024,3306,,
duels,balanced_for_2.map.gz,warrush,9504,0,historical,0,36386,won,True,False,217,108.34810091793547,77.39322816467872,20.147694168086627,1.9155719232671906,6.568460396855934,2.5238828120705765,0,191,47,42,403,/home/bradley/.codex/worktrees/maxima-growth-policy/glob2/artifacts/maxima-historical-validation/duels/balanced_for_2-warrush-9504-0-historical,8192,20480,14336,18944,9216,13312,3072,4608,1024,512,635,,
duels,balanced_for_2.map.gz,warrush,9504,0,latest,0,38050,won,True,False,195,78.49600525624179,53.53264126149803,17.154218134034167,2.371826544021025,6.742286465177398,2.154060446780552,0,186,38,16,270,/home/bradley/.codex/worktrees/maxima-growth-policy/glob2/artifacts/maxima-historical-validation/duels/balanced_for_2-warrush-9504-0-latest,18432,25600,14848,18944,18432,22016,4608,5120,1024,512,640,,
duels,Mazury.map.gz,warrush,9505,0,historical,0,19202,won,True,False,79,46.33663160087491,32.56905530673888,9.63404853661077,1.4668263722528903,4.293719404228726,4.506509738568899,7,71,21,2,78,/home/bradley/.codex/worktrees/maxima-growth-policy/glob2/artifacts/maxima-historical-validation/duels/Mazury-warrush-9505-0-historical,9728,,12288,,11264,13824,4096,5120,3072,512,3713,,
duels,Mazury.map.gz,warrush,9505,0,latest,0,31682,won,True,False,116,70.55836121456979,50.12297203459377,13.166529890789723,2.109210277128969,6.099173032005555,5.505144877217347,8,116,36,8,94,/home/bradley/.codex/worktrees/maxima-growth-policy/glob2/artifacts/maxima-historical-validation/duels/Mazury-warrush-9505-0-latest,8704,26624,6144,9216,8704,12800,4608,5120,3072,512,1864,,
duels,Mazury.map.gz,castor,9518,1,historical,0,25250,won,True,False,72,39.27948514851485,25.73342574257426,9.52039603960396,2.6045940594059407,4.35009900990099,3.0506930693069307,4,61,23,4,69,/home/bradley/.codex/worktrees/maxima-growth-policy/glob2/artifacts/maxima-historical-validation/duels/Mazury-castor-9518-1-historical,15360,,2048,8192,14848,16384,7168,7680,2048,512,,,
duels,Mazury.map.gz,castor,9518,1,latest,0,20802,won,True,False,58,32.35323526583982,19.456879146235938,8.019036631093163,1.8769349101047976,3.668108835688876,2.1913277569464475,0,52,16,1,24,/home/bradley/.codex/worktrees/maxima-growth-policy/glob2/artifacts/maxima-historical-validation/duels/Mazury-castor-9518-1-latest,17408,,2560,7168,16896,20802,8192,11264,7680,512,2512,,
duels,Mazury.map.gz,warrush,9522,1,historical,0,28002,lost,False,False,5,18.33283336904507,12.536675951717735,2.5598171559174343,1.4078994357545889,2.4353260481394186,2.3065495321762732,12,14,15,0,14,/home/bradley/.codex/worktrees/maxima-growth-policy/glob2/artifacts/maxima-historical-validation/duels/Mazury-warrush-9522-1-historical,,,2048,20992,,,6656,8192,1536,512,6026,,
duels,Mazury.map.gz,warrush,9522,1,latest,0,43106,lost,False,False,4,61.97276481232311,46.951143692293414,8.63142021992298,1.5879459935971791,6.822344917180903,10.223031596529486,70,97,25,3,46,/home/bradley/.codex/worktrees/maxima-growth-policy/glob2/artifacts/maxima-historical-validation/duels/Mazury-warrush-9522-1-latest,9728,18944,5632,9728,13824,21504,14848,5120,3072,512,2513,,
duels,strange2.map.gz,cortex,9519,0,historical,0,9698,lost,False,False,68,227.12404619509178,207.996906578676,13.325943493503814,5.6195091771499275,0.3695607341719942,92.89606104351412,208,241,17,0,4,/home/bradley/.codex/worktrees/maxima-growth-policy/glob2/artifacts/maxima-historical-validation/duels/strange2-cortex-9519-0-historical,512,512,512,,,,3072,1536,1024,512,,,
duels,strange2.map.gz,cortex,9519,0,latest,0,10754,lost,False,False,43,211.89715454714525,193.9953505672308,13.950158080714154,4.475358006323229,2.8566114933978053,78.588618188581,196,229,20,0,1,/home/bradley/.codex/worktrees/maxima-growth-policy/glob2/artifacts/maxima-historical-validation/duels/strange2-cortex-9519-0-latest,512,512,512,,,,8192,3072,1024,512,,,
duels,Mazury.map.gz,warrush,9510,0,historical,0,60000,unresolved,False,True,145,79.13546666666667,50.797333333333334,22.416,2.5237333333333334,5.952533333333333,9.4016,46,187,50,25,416,/home/bradley/.codex/worktrees/maxima-growth-policy/glob2/artifacts/maxima-historical-validation/duels/Mazury-warrush-9510-0-historical,9728,44544,7168,11264,10752,13312,4096,4096,3584,512,1657,,
duels,Mazury.map.gz,warrush,9510,0,latest,0,19938,won,True,False,102,55.34241147557428,37.13160798475273,11.731918948741097,2.0883739592737487,5.83689437255492,2.8444176948540476,5,77,23,4,64,/home/bradley/.codex/worktrees/maxima-growth-policy/glob2/artifacts/maxima-historical-validation/duels/Mazury-warrush-9510-0-latest,8704,,5632,7680,8192,10240,5120,4608,3072,512,4123,,
duels,Dejans.map.gz,cortex,9500,0,historical,0,36258,won,True,False,121,64.76432787246952,36.5673230735286,18.53806056594407,1.5340062882674168,5.608362292459595,3.707926526559656,8,61,31,17,218,/home/bradley/.codex/worktrees/maxima-growth-policy/glob2/artifacts/maxima-historical-validation/duels/Dejans-cortex-9500-0-historical,10240,31232,12800,,11264,15360,3584,4096,6144,512,3668,,
duels,Dejans.map.gz,cortex,9500,0,latest,0,24738,won,True,False,82,48.726453229848815,30.482819953108578,11.03771525588164,1.8513218530196458,5.922710000808473,1.2549114722289596,1,42,23,7,95,/home/bradley/.codex/worktrees/maxima-growth-policy/glob2/artifacts/maxima-historical-validation/duels/Dejans-cortex-9500-0-latest,10752,,12288,,11264,14848,4096,5632,5632,512,3695,10878,
duels,balanced_for_2.map.gz,warrush,9516,1,historical,0,32194,won,True,False,232,85.5805118966267,61.92601105796111,15.873765297881592,2.2445797353544137,5.835435174256072,1.4115673728023856,0,223,52,24,260,/home/bradley/.codex/worktrees/maxima-growth-policy/glob2/artifacts/maxima-historical-validation/duels/balanced_for_2-warrush-9516-1-historical,11264,22528,13824,17920,13312,16384,6144,5632,1024,1024,5806,,32179
duels,balanced_for_2.map.gz,warrush,9516,1,latest,0,41570,won,True,False,235,81.35689198941544,48.455472696656244,21.829251864325233,2.4319942266057253,7.018330526822227,1.6475342795285062,0,231,50,15,280,/home/bradley/.codex/worktrees/maxima-growth-policy/glob2/artifacts/maxima-historical-validation/duels/balanced_for_2-warrush-9516-1-latest,9728,31232,13312,16896,12288,17408,6656,5120,1024,1024,2513,,
duels,SmallForTwo.map.gz,cortex,9515,1,historical,0,22210,won,True,False,129,70.87266996848267,47.57469608284556,18.862764520486266,0.9884736605132823,5.619990995047276,4.9172444844664565,3,93,30,6,177,/home/bradley/.codex/worktrees/maxima-growth-policy/glob2/artifacts/maxima-historical-validation/duels/SmallForTwo-cortex-9515-1-historical,9216,13824,,,11264,14336,4096,5632,5120,1024,4543,,
duels,SmallForTwo.map.gz,cortex,9515,1,latest,0,19778,won,True,False,141,64.06426332288402,44.07852158964506,15.143998382040651,0.9870563252098291,6.47345535443422,2.5728587319243603,0,82,32,5,105,/home/bradley/.codex/worktrees/maxima-growth-policy/glob2/artifacts/maxima-historical-validation/duels/SmallForTwo-cortex-9515-1-latest,9216,14336,,,11776,14848,5120,6144,5120,1024,19587,,
duels,Mazury.map.gz,cortex,9504,1,historical,0,60000,unresolved,False,True,255,95.19893333333333,60.87146666666667,26.717333333333332,3.1610666666666667,6.3744,12.210133333333333,54,279,52,27,311,/home/bradley/.codex/worktrees/maxima-growth-policy/glob2/artifacts/maxima-historical-validation/duels/Mazury-cortex-9504-1-historical,11776,31232,4096,7680,13312,20992,4608,5632,5120,512,1689,,
duels,Mazury.map.gz,cortex,9504,1,latest,0,46722,lost,False,False,24,73.82669834339283,54.60500406660674,11.724305466375583,1.9040708873763965,6.536792089379736,8.849535550704164,57,119,43,4,54,/home/bradley/.codex/worktrees/maxima-growth-policy/glob2/artifacts/maxima-historical-validation/duels/Mazury-cortex-9504-1-latest,12288,18944,3072,8192,17408,19968,7168,5120,6144,512,,,
duels,Dejans.map.gz,warrush,9521,0,historical,0,15970,won,True,False,57,36.46549780839073,22.608766437069505,8.088666249217283,1.0061365059486538,3.69167188478397,1.625172197871008,4,50,18,1,42,/home/bradley/.codex/worktrees/maxima-growth-policy/glob2/artifacts/maxima-historical-validation/duels/Dejans-warrush-9521-0-historical,11776,,15872,,9728,15360,3072,5632,2560,512,3287,12200,
duels,Dejans.map.gz,warrush,9521,0,latest,0,14498,won,True,False,55,31.698441164298522,21.539315767692095,6.6665057249275765,0.9823423920540765,3.874603393571527,1.4926196716788522,0,36,18,0,36,/home/bradley/.codex/worktrees/maxima-growth-policy/glob2/artifacts/maxima-historical-validation/duels/Dejans-warrush-9521-0-latest,12800,,,,12288,,3072,6144,2048,512,2877,12115,
duels,SmallForTwo.map.gz,cortex,9506,0,historical,0,27746,won,True,False,150,73.51185756505443,42.259064369638864,27.485619548763786,0.990773444820875,5.49744107258704,3.5500612700929866,1,86,36,7,133,/home/bradley/.codex/worktrees/maxima-growth-policy/glob2/artifacts/maxima-historical-validation/duels/SmallForTwo-cortex-9506-0-historical,10752,18432,,,16384,19968,5120,8192,5120,512,4281,,
duels,SmallForTwo.map.gz,cortex,9506,0,latest,0,15394,lost,False,False,6,26.32168377289853,16.491230349486813,6.618682603611797,0.6984539430947122,2.793815772378849,3.1352474990255943,8,27,13,0,4,/home/bradley/.codex/worktrees/maxima-growth-policy/glob2/artifacts/maxima-historical-validation/duels/SmallForTwo-cortex-9506-0-latest,,,,,,,8704,13312,5120,512,4295,,
duels,balanced_for_2.map.gz,cortex,9508,1,historical,0,35170,won,True,False,172,82.9294284901905,56.0007676997441,19.311117429627522,1.3740119419960193,6.0603923798692065,1.6651691782769407,0,130,39,34,288,/home/bradley/.codex/worktrees/maxima-growth-policy/glob2/artifacts/maxima-historical-validation/duels/balanced_for_2-cortex-9508-1-historical,9216,21504,16384,26624,13312,17408,4608,5120,2560,1024,3123,,27437
duels,balanced_for_2.map.gz,cortex,9508,1,latest,0,31490,won,True,False,283,114.94960304858685,81.43194664973008,23.90301683073992,2.5366783105747857,9.041473483645602,2.0976818037472214,0,224,56,21,290,/home/bradley/.codex/worktrees/maxima-growth-policy/glob2/artifacts/maxima-historical-validation/duels/balanced_for_2-cortex-9508-1-latest,8192,16384,11776,16896,9728,12800,4096,5120,2048,1024,3325,,
duels,strange2.map.gz,cortex,9513,1,historical,0,18402,won,True,False,0,154.41799804369091,138.16932942071514,14.412346484077817,5.270840126073253,0.5842843169220737,72.78513205086404,351,264,17,0,16,/home/bradley/.codex/worktrees/maxima-growth-policy/glob2/artifacts/maxima-historical-validation/duels/strange2-cortex-9513-1-historical,512,512,512,,,,2048,1024,2048,512,732,,
duels,strange2.map.gz,cortex,9513,1,latest,0,19842,won,True,False,0,131.36740247958875,122.80052414071162,6.709001108759198,5.935288781372845,1.7870174377582906,56.97490172361657,320,260,14,0,4,/home/bradley/.codex/worktrees/maxima-growth-policy/glob2/artifacts/maxima-historical-validation/duels/strange2-cortex-9513-1-latest,512,512,512,,,,3584,2560,1536,512,,,
duels,Muka.map.gz,warrush,9519,1,historical,0,7042,lost,False,False,7,8.554245952854302,5.4636466912808865,0.9821073558648111,0.9636466912808861,1.4183470604941777,2.6370349332575973,6,6,2,0,0,/home/bradley/.codex/worktrees/maxima-growth-policy/glob2/artifacts/maxima-historical-validation/duels/Muka-warrush-9519-1-historical,,,,,,,,,1024,1024,,,
duels,Muka.map.gz,warrush,9519,1,latest,0,4258,lost,False,False,8,6.677313292625646,3.7595115077501173,0.8196336308125881,0.9398778769375293,1.7595115077501173,0.4147487083137623,0,2,2,0,0,/home/bradley/.codex/worktrees/maxima-growth-policy/glob2/artifacts/maxima-historical-validation/duels/Muka-warrush-9519-1-latest,,,,,,,,,1536,1024,,,
duels,Muka.map.gz,castor,9509,1,historical,0,60000,unresolved,False,True,146,58.93946666666667,34.58133333333333,19.102133333333335,2.2250666666666667,6.1888,5.533333333333333,17,200,45,34,302,/home/bradley/.codex/worktrees/maxima-growth-policy/glob2/artifacts/maxima-historical-validation/duels/Muka-castor-9509-1-historical,35840,51200,19456,32256,15872,18944,8192,7168,7168,1024,24548,,
duels,Muka.map.gz,castor,9509,1,latest,0,28226,won,True,False,76,39.12279458655141,24.480053851059306,6.694536951746617,1.8300148798979665,5.072840643378445,1.4786367179196485,0,31,16,8,74,/home/bradley/.codex/worktrees/maxima-growth-policy/glob2/artifacts/maxima-historical-validation/duels/Muka-castor-9509-1-latest,15872,,16384,27136,15872,15360,10240,11776,10240,1024,5534,,
duels,strange2.map.gz,cortex,9506,1,historical,0,16898,won,True,False,2,167.31376494259675,148.55840927920465,16.210202390815482,6.272458279086282,0.9848502781394248,77.71830985915493,338,273,14,0,12,/home/bradley/.codex/worktrees/maxima-growth-policy/glob2/artifacts/maxima-historical-validation/duels/strange2-cortex-9506-1-historical,512,512,512,,,,2048,1024,1024,512,737,,
duels,strange2.map.gz,cortex,9506,1,latest,0,18146,won,True,False,0,169.57566405819463,157.97905874572908,9.113633858701641,6.257246776149014,3.1037143172048935,72.23189683676843,346,267,19,0,2,/home/bradley/.codex/worktrees/maxima-growth-policy/glob2/artifacts/maxima-historical-validation/duels/strange2-cortex-9506-1-latest,512,512,512,,,,4096,2560,1536,512,733,,
duels,Dejans.map.gz,castor,9514,0,historical,0,22114,won,True,False,74,41.18811612553134,25.475083657411595,9.178800759699739,1.3214253414126798,4.511078954508456,1.2894094238943656,3,56,20,3,68,/home/bradley/.codex/worktrees/maxima-growth-policy/glob2/artifacts/maxima-historical-validation/duels/Dejans-castor-9514-0-historical,15360,,18432,,13312,18432,2560,5120,4096,512,,20850,
duels,Dejans.map.gz,castor,9514,0,latest,0,28834,won,True,False,69,44.581570368315184,28.152493583963377,11.216896719151002,0.9911215925643337,5.898175764722203,0.437400291322744,0,58,24,6,99,/home/bradley/.codex/worktrees/maxima-growth-policy/glob2/artifacts/maxima-historical-validation/duels/Dejans-castor-9514-0-latest,15360,,,,12800,18432,2560,5632,4096,512,4302,,
duels,Mazury.map.gz,cortex,9508,1,historical,0,40482,lost,False,False,7,20.761004891062694,12.784595622745911,6.3575169211007365,1.8212538906180524,1.9422459364655897,4.614248307889927,54,94,23,0,32,/home/bradley/.codex/worktrees/maxima-growth-policy/glob2/artifacts/maxima-historical-validation/duels/Mazury-cortex-9508-1-historical,,,3072,7168,14848,,6656,8192,7168,512,1693,,
duels,Mazury.map.gz,cortex,9508,1,latest,0,38882,won,True,False,130,90.91646520240728,60.31762769404866,22.75258474358315,1.894655624710663,8.100714983797129,12.5027519160537,44,114,24,11,93,/home/bradley/.codex/worktrees/maxima-growth-policy/glob2/artifacts/maxima-historical-validation/duels/Mazury-cortex-9508-1-latest,9728,20992,4096,6656,13824,19968,6144,4608,6656,512,4558,,
duels,Mazury.map.gz,warrush,9523,0,historical,0,13474,won,True,False,45,29.47736381178566,19.747216862104793,6.725100192964227,1.1260204838949086,2.8980258275196675,2.214041858393944,1,35,14,0,21,/home/bradley/.codex/worktrees/maxima-growth-policy/glob2/artifacts/maxima-historical-validation/duels/Mazury-warrush-9523-0-historical,,,11776,,11264,,4096,5120,3072,512,4324,,
duels,Mazury.map.gz,warrush,9523,0,latest,0,24866,won,True,False,205,83.64075444381886,63.66934770369179,13.11899782836001,3.0336202042950213,8.387034504946513,4.66299364594225,2,165,37,7,115,/home/bradley/.codex/worktrees/maxima-growth-policy/glob2/artifacts/maxima-historical-validation/duels/Mazury-warrush-9523-0-latest,7168,15360,3584,5632,10240,14848,4096,5120,2560,512,1662,,
duels,Mazury.map.gz,cortex,9517,0,historical,0,60000,unresolved,False,True,296,101.03573333333334,58.45013333333333,31.2624,2.5722666666666667,8.053333333333333,8.812266666666666,27,308,61,47,421,/home/bradley/.codex/worktrees/maxima-growth-policy/glob2/artifacts/maxima-historical-validation/duels/Mazury-cortex-9517-0-historical,11776,34816,13824,29184,11264,13824,3584,4608,4608,512,7398,,
duels,Mazury.map.gz,cortex,9517,0,latest,0,60000,unresolved,False,True,88,75.18293333333334,41.0528,23.915733333333332,1.9973333333333334,8.074666666666667,5.36,17,108,36,17,181,/home/bradley/.codex/worktrees/maxima-growth-policy/glob2/artifacts/maxima-historical-validation/duels/Mazury-cortex-9517-0-latest,10240,34304,9216,29696,7680,11776,4608,4608,4608,512,6788,,
duels,SmallForTwo.map.gz,cortex,9503,0,historical,0,26146,won,True,False,132,63.52053851449553,32.98936739845483,25.949590759580815,0.9902088273540885,4.654019735332365,3.023483515642928,3,94,34,6,116,/home/bradley/.codex/worktrees/maxima-growth-policy/glob2/artifacts/maxima-historical-validation/duels/SmallForTwo-cortex-9503-0-historical,11264,20992,,,13824,17920,7680,8192,4096,1024,5095,,
duels,SmallForTwo.map.gz,cortex,9503,0,latest,0,25762,won,True,False,138,71.34182128716715,40.46122195481717,25.50399813679062,0.9900628833165127,5.997981523173666,3.822762207903113,2,71,32,7,110,/home/bradley/.codex/worktrees/maxima-growth-policy/glob2/artifacts/maxima-historical-validation/duels/SmallForTwo-cortex-9503-0-latest,10240,16384,,,13312,16384,7680,8192,2560,1024,6129,,
duels,Mazury.map.gz,castor,9513,0,historical,0,47266,won,True,False,575,244.48967545381458,208.3128252866754,25.21080692252359,4.79363601743325,12.691067575001059,44.143824313459994,238,814,82,42,379,/home/bradley/.codex/worktrees/maxima-growth-policy/glob2/artifacts/maxima-historical-validation/duels/Mazury-castor-9513-0-historical,11264,19968,6656,11264,10240,16896,4096,5120,6656,512,6776,,33754
duels,Mazury.map.gz,castor,9513,0,latest,0,32802,won,True,False,195,101.29254313761356,73.49765258215963,16.90628620206085,2.7356868483629047,10.596731906591062,5.341808426315469,1,142,36,14,205,/home/bradley/.codex/worktrees/maxima-growth-policy/glob2/artifacts/maxima-historical-validation/duels/Mazury-castor-9513-0-latest,8704,16896,5120,8192,9216,12800,4096,4608,6144,512,,,
duels,SmallForTwo.map.gz,cortex,9507,0,historical,0,33858,won,True,False,127,56.636452241715396,29.782119440014178,22.45726268533286,0.9924390099828696,3.9624313308523833,5.290979975190502,14,115,31,1,122,/home/bradley/.codex/worktrees/maxima-growth-policy/glob2/artifacts/maxima-historical-validation/duels/SmallForTwo-cortex-9507-0-historical,12800,29696,,,25600,32256,7168,8192,4608,512,4697,,
duels,SmallForTwo.map.gz,cortex,9507,0,latest,0,33794,won,True,False,159,74.90649227673552,43.72965615197964,23.888560099425934,0.9924246907735101,8.068710421968397,4.242291531041014,1,67,46,12,91,/home/bradley/.codex/worktrees/maxima-growth-policy/glob2/artifacts/maxima-historical-validation/duels/SmallForTwo-cortex-9507-0-latest,11264,25600,,,12800,19456,13824,15872,5120,512,5107,,
duels,SmallForTwo.map.gz,warrush,9521,0,historical,0,23330,won,True,False,127,53.257093870552936,37.373124732104586,10.71645949421346,1.6722674667809687,4.402314616373768,2.1755679382768967,1,100,30,4,75,/home/bradley/.codex/worktrees/maxima-growth-policy/glob2/artifacts/maxima-historical-validation/duels/SmallForTwo-warrush-9521-0-historical,11776,21504,10752,12800,15360,18944,5120,12800,3072,512,4701,,
duels,SmallForTwo.map.gz,warrush,9521,0,latest,0,11650,lost,False,False,4,10.548326180257511,7.99931330472103,1.7139914163090129,0.8022317596566524,1.9121030042918454,2.3292703862660944,4,13,4,0,0,/home/bradley/.codex/worktrees/maxima-growth-policy/glob2/artifacts/maxima-historical-validation/duels/SmallForTwo-warrush-9521-0-latest,,,,,,,,,2048,512,1852,,
duels,Mazury.map.gz,cortex,9510,1,historical,0,22978,lost,False,False,15,33.629602228218296,21.63939420315084,8.112411872225607,1.6711637218208721,2.860562276960571,3.624249281921838,7,58,18,0,14,/home/bradley/.codex/worktrees/maxima-growth-policy/glob2/artifacts/maxima-historical-validation/duels/Mazury-cortex-9510-1-historical,16384,,2048,6144,16896,,13824,9728,6656,512,4136,,
duels,Mazury.map.gz,cortex,9510,1,latest,0,60000,unresolved,False,True,476,301.4098666666667,252.95226666666667,37.3328,5.2096,16.849066666666666,61.28,436,807,83,83,563,/home/bradley/.codex/worktrees/maxima-growth-policy/glob2/artifacts/maxima-historical-validation/duels/Mazury-cortex-9510-1-latest,10240,16896,2560,5120,17920,21504,8704,6144,4096,512,1897,,37992
duels,Mazury.map.gz,castor,9503,1,historical,0,35394,won,True,False,282,79.53579702774482,57.86506187489405,15.14578742159688,2.991128439848562,6.306323105611121,5.2011075323501155,7,265,43,15,198,/home/bradley/.codex/worktrees/maxima-growth-policy/glob2/artifacts/maxima-historical-validation/duels/Mazury-castor-9503-1-historical,13312,26624,2048,8192,12800,16384,7680,8192,5120,512,,,
duels,Mazury.map.gz,castor,9503,1,latest,0,33730,won,True,False,202,113.47669730210495,90.81061369700564,14.265668544322562,3.5351912244292913,12.463682182033798,8.781974503409428,13,187,43,16,143,/home/bradley/.codex/worktrees/maxima-growth-policy/glob2/artifacts/maxima-historical-validation/duels/Mazury-castor-9503-1-latest,10752,15360,2560,5120,11264,17920,12800,19456,6656,512,2308,,
duels,Muka.map.gz,cortex,9520,0,historical,0,55170,won,True,False,204,86.50306325901758,52.271451876019576,22.669349284031178,2.125357984411818,6.965452238535436,4.777487765089723,3,128,39,24,318,/home/bradley/.codex/worktrees/maxima-growth-policy/glob2/artifacts/maxima-historical-validation/duels/Muka-cortex-9520-0-historical,12288,35328,25088,30208,11264,14848,7680,6656,10240,1024,3878,,
duels,Muka.map.gz,cortex,9520,0,latest,0,21538,won,True,False,103,48.12248119602563,31.510075215897484,10.51100380722444,1.4904819388986907,5.961927755594763,2.1830253505432258,0,52,20,6,66,/home/bradley/.codex/worktrees/maxima-growth-policy/glob2/artifacts/maxima-historical-validation/duels/Muka-cortex-9520-0-latest,11776,19456,15360,,11776,13824,9216,8192,10240,1024,4483,,
duels,Dejans.map.gz,cortex,9501,1,historical,0,33378,won,True,False,183,77.05812211636407,50.74600035951825,16.609802864162024,2.1026424591047994,6.0282221822757505,2.460183354305231,0,116,34,21,233,/home/bradley/.codex/worktrees/maxima-growth-policy/glob2/artifacts/maxima-historical-validation/duels/Dejans-cortex-9501-1-historical,12800,23040,14336,26112,12288,15872,4608,5632,6144,512,6169,,
duels,Dejans.map.gz,cortex,9501,1,latest,0,32514,won,True,False,115,58.68062988251215,36.71089376883804,14.33173402226733,2.582764347665621,7.323245371224703,1.3070062127083717,2,71,33,11,171,/home/bradley/.codex/worktrees/maxima-growth-policy/glob2/artifacts/maxima-historical-validation/duels/Dejans-cortex-9501-1-latest,10752,28672,2560,7680,11776,16896,4096,6144,8704,512,3729,9929,
duels,Dejans.map.gz,warrush,9515,0,historical,0,14786,won,True,False,62,34.962329230353035,23.36575138644664,7.7151359394021375,0.9826863249019343,3.6453401866630597,1.762342756661707,1,44,17,0,35,/home/bradley/.codex/worktrees/maxima-growth-policy/glob2/artifacts/maxima-historical-validation/duels/Dejans-warrush-9515-0-historical,11264,,,,11264,,3072,5120,2560,512,2676,12520,
duels,Dejans.map.gz,warrush,9515,0,latest,0,14690,won,True,False,42,28.19795779441797,17.80272294077604,6.939550714771953,0.9825731790333561,3.804220558202859,0.9128658951667801,1,30,14,0,27,/home/bradley/.codex/worktrees/maxima-growth-policy/glob2/artifacts/maxima-historical-validation/duels/Dejans-warrush-9515-0-latest,,,,,,,3584,6144,3072,512,3492,,
duels,Muka.map.gz,warrush,9502,1,historical,0,10818,lost,False,False,6,9.644296542799038,6.331299685709004,0.9938990571270105,0.80458495100758,1.2427435755222778,2.296173044925125,7,3,5,0,0,/home/bradley/.codex/worktrees/maxima-growth-policy/glob2/artifacts/maxima-historical-validation/duels/Muka-warrush-9502-1-historical,,,,,,,,,1536,1024,3520,,
duels,Muka.map.gz,warrush,9502,1,latest,0,3938,lost,False,False,8,6.179786693753174,3.739969527679025,0.8049771457592687,0.9349923819197562,1.585068562722194,0.13001523616048755,0,2,2,0,0,/home/bradley/.codex/worktrees/maxima-growth-policy/glob2/artifacts/maxima-historical-validation/duels/Muka-warrush-9502-1-latest,,,,,,,,,1536,1024,,,
duels,SmallForTwo.map.gz,castor,9518,1,historical,0,4514,won,True,False,25,12.714222419140452,9.127381479840496,2.334514842711564,0.9432875498449269,0.8298626495347807,0.11342490031014621,0,21,4,0,3,/home/bradley/.codex/worktrees/maxima-growth-policy/glob2/artifacts/maxima-historical-validation/duels/SmallForTwo-castor-9518-1-historical,,,,,,,3584,,2048,512,4137,,
duels,SmallForTwo.map.gz,castor,9518,1,latest,0,8194,won,True,False,51,21.35098852819136,14.34830363680742,4.439345862826459,1.3126678057114962,2.656822064925555,0.5003661215523554,0,39,8,0,16,/home/bradley/.codex/worktrees/maxima-growth-policy/glob2/artifacts/maxima-historical-validation/duels/SmallForTwo-castor-9518-1-latest,8192,,5632,,,,4096,5120,2560,512,4961,,
duels,Muka.map.gz,castor,9507,0,historical,0,18114,won,True,False,61,35.47973942806669,22.019322071326044,7.272827647123772,1.5160649221596556,3.5409075852931435,0.7631666114607486,0,43,14,3,37,/home/bradley/.codex/worktrees/maxima-growth-policy/glob2/artifacts/maxima-historical-validation/duels/Muka-castor-9507-0-historical,11776,,12800,,10240,14336,7680,7168,10240,1024,3266,,
duels,Muka.map.gz,castor,9507,0,latest,0,20962,won,True,False,72,35.826352447285565,22.028146169258658,7.643736284705658,1.487071844289667,4.675317240721305,0.8139490506631046,0,52,21,4,65,/home/bradley/.codex/worktrees/maxima-growth-policy/glob2/artifacts/maxima-historical-validation/duels/Muka-castor-9507-0-latest,13824,,3584,10752,12288,15872,10752,10240,14336,1024,3273,,
duels,strange2.map.gz,warrush,9510,0,historical,0,18274,won,True,False,0,135.91507059209806,122.80267046076392,11.095107803436576,7.7317500273612785,0.28017948998577213,66.71073656561235,310,209,17,0,7,/home/bradley/.codex/worktrees/maxima-growth-policy/glob2/artifacts/maxima-historical-validation/duels/strange2-warrush-9510-0-historical,512,512,512,,,,2048,1536,1024,512,698,,
duels,strange2.map.gz,warrush,9510,0,latest,0,15970,won,True,False,8,159.35579211020664,146.43556668753914,10.451596743894802,7.496931747025673,4.51296180338134,70.01415153412648,278,177,20,0,0,/home/bradley/.codex/worktrees/maxima-growth-policy/glob2/artifacts/maxima-historical-validation/duels/strange2-warrush-9510-0-latest,512,512,512,,,,,4096,1024,512,917,,
duels,Mazury.map.gz,castor,9519,1,historical,0,32098,won,True,False,155,58.24465698797433,38.44068166240887,14.924294348557542,3.0778864726774255,5.265561717240949,3.730512804536108,6,132,32,7,122,/home/bradley/.codex/worktrees/maxima-growth-policy/glob2/artifacts/maxima-historical-validation/duels/Mazury-castor-9519-1-historical,13824,28160,2048,7168,12288,17408,8192,6656,2560,512,,,
duels,Mazury.map.gz,castor,9519,1,latest,0,20738,won,True,False,101,54.10941267238885,38.20088726010223,10.179718391358858,1.9507184878001735,5.35856881087858,3.358472369563121,2,93,19,3,71,/home/bradley/.codex/worktrees/maxima-growth-policy/glob2/artifacts/maxima-historical-validation/duels/Mazury-castor-9519-1-latest,10752,19456,5120,7168,13312,16384,5632,5120,2560,512,2306,,
duels,Mazury.map.gz,warrush,9518,1,historical,0,26626,lost,False,False,2,9.441748666716743,7.364981596935326,1.5191166528956659,1.182678584841884,2.0767670697814165,0.9423871403890933,6,16,14,0,9,/home/bradley/.codex/worktrees/maxima-growth-policy/glob2/artifacts/maxima-historical-validation/duels/Mazury-warrush-9518-1-historical,,,5120,16384,,,6656,7680,4608,512,1693,,
duels,Mazury.map.gz,warrush,9518,1,latest,0,8450,lost,False,False,7,13.513609467455622,9.1498224852071,2.7879289940828405,0.8482840236686391,1.3936094674556212,1.091360946745562,0,18,4,0,1,/home/bradley/.codex/worktrees/maxima-growth-policy/glob2/artifacts/maxima-historical-validation/duels/Mazury-warrush-9518-1-latest,,,5120,,,,7168,6144,1536,512,4585,,
duels,SmallForTwo.map.gz,castor,9521,1,historical,0,13602,won,True,False,70,33.32399647110719,21.98654609616233,7.824290545508013,1.2095280105866784,3.0639611821790913,0.7578297309219233,0,61,16,0,30,/home/bradley/.codex/worktrees/maxima-growth-policy/glob2/artifacts/maxima-historical-validation/duels/SmallForTwo-castor-9521-1-historical,10752,,10752,,12800,,4096,5632,2560,512,,,
duels,SmallForTwo.map.gz,castor,9521,1,latest,0,12898,won,True,False,67,33.94541789424717,23.368584276632035,7.2761668475732675,1.2335245774538688,3.8838579624748024,0.39696076911149014,0,53,16,0,35,/home/bradley/.codex/worktrees/maxima-growth-policy/glob2/artifacts/maxima-historical-validation/duels/SmallForTwo-castor-9521-1-latest,8704,,11264,,10752,,4096,5632,2560,512,4967,,
duels,balanced_for_2.map.gz,castor,9511,1,historical,0,14018,won,True,False,76,40.107789984305896,27.348480525039236,7.393494079041233,1.196461692110144,3.0415180482237125,0.511342559566272,0,60,20,2,47,/home/bradley/.codex/worktrees/maxima-growth-policy/glob2/artifacts/maxima-historical-validation/duels/balanced_for_2-castor-9511-1-historical,8704,,11264,,9728,11776,4608,5120,1024,1024,5775,,
duels,balanced_for_2.map.gz,castor,9511,1,latest,0,22018,won,True,False,162,63.03224634390045,44.856662730493234,11.1985648106095,2.5699881914796983,5.314469979108003,1.186120446907076,0,141,29,10,139,/home/bradley/.codex/worktrees/maxima-growth-policy/glob2/artifacts/maxima-historical-validation/duels/balanced_for_2-castor-9511-1-latest,8704,18432,6656,14848,8704,11264,4608,5632,1536,1024,6396,,
duels,Dejans.map.gz,warrush,9520,1,historical,0,15170,won,True,False,64,36.836849044166115,23.43895847066579,8.464864864864865,0.9831245880026368,3.743045484508899,1.1812788398154253,0,50,20,0,40,/home/bradley/.codex/worktrees/maxima-growth-policy/glob2/artifacts/maxima-historical-validation/duels/Dejans-warrush-9520-1-historical,11264,,,,11776,,4096,5120,2560,512,3121,,
duels,Dejans.map.gz,warrush,9520,1,latest,0,8418,won,True,False,37,19.81777144214778,13.481349489189832,4.03943929674507,1.6958897600380138,2.4150629603231173,1.2665716322166785,0,22,9,0,6,/home/bradley/.codex/worktrees/maxima-growth-policy/glob2/artifacts/maxima-historical-validation/duels/Dejans-warrush-9520-1-latest,,,2560,7680,,,5120,5632,2560,512,2098,,
duels,strange2.map.gz,castor,9505,1,historical,0,31458,lost,False,False,0,125.9736791913027,118.71473075211394,5.566278847987793,7.9540339500286095,0.9918621654269184,59.84563545044186,480,353,14,0,8,/home/bradley/.codex/worktrees/maxima-growth-policy/glob2/artifacts/maxima-historical-validation/duels/strange2-castor-9505-1-historical,512,512,512,,,,2048,1536,1024,512,,,
duels,strange2.map.gz,castor,9505,1,latest,0,40578,won,True,False,0,114.84607422741387,110.00088718024546,3.1165656266942676,8.943220464290995,13.470057666715954,44.79274483710385,433,305,20,0,3,/home/bradley/.codex/worktrees/maxima-growth-policy/glob2/artifacts/maxima-historical-validation/duels/strange2-castor-9505-1-latest,512,512,512,,,,6656,1536,1024,512,,,
duels,Dejans.map.gz,cortex,9504,1,historical,0,28354,won,True,False,100,58.81103195316358,36.64301333145235,14.086478098328278,1.8352966071806447,5.97319602172533,1.6027368272554137,1,67,27,15,134,/home/bradley/.codex/worktrees/maxima-growth-policy/glob2/artifacts/maxima-historical-validation/duels/Dejans-cortex-9504-1-historical,10240,27136,14848,,10240,12288,4096,5632,4096,512,4546,,
duels,Dejans.map.gz,cortex,9504,1,latest,0,29058,won,True,False,133,69.24661022782023,46.63734599765985,14.996489779062564,2.7710785325899923,7.793309931860417,1.5197880101865235,1,93,29,14,194,/home/bradley/.codex/worktrees/maxima-growth-policy/glob2/artifacts/maxima-historical-validation/duels/Dejans-cortex-9504-1-latest,10240,20992,2560,11776,11776,11776,5632,6656,4608,512,3732,14567,
duels,strange2.map.gz,castor,9510,1,historical,0,39746,lost,False,False,0,99.48613696975796,94.29477180093595,4.122175816434358,6.766265787752227,0.9935591002868213,47.17314949932069,479,351,13,0,7,/home/bradley/.codex/worktrees/maxima-growth-policy/glob2/artifacts/maxima-historical-validation/duels/strange2-castor-9510-1-historical,512,512,512,,,,1536,1024,1024,512,,,
duels,strange2.map.gz,castor,9510,1,latest,0,42050,won,True,False,0,110.32656361474436,106.2110820451843,2.7274197384066587,8.945208085612366,12.482520808561237,44.198810939357905,433,305,20,0,4,/home/bradley/.codex/worktrees/maxima-growth-policy/glob2/artifacts/maxima-historical-validation/duels/strange2-castor-9510-1-latest,512,512,512,,,,6144,2560,1024,512,,,
duels,SmallForTwo.map.gz,castor,9503,1,historical,0,14082,won,True,False,76,38.57782985371396,26.467760261326514,7.964351654594518,1.6729157790086635,3.4550489987217725,0.8727453486720637,0,65,17,0,43,/home/bradley/.codex/worktrees/maxima-growth-policy/glob2/artifacts/maxima-historical-validation/duels/SmallForTwo-castor-9503-1-historical,9216,,7168,13312,11264,,4096,5632,3584,512,6385,,13844
duels,SmallForTwo.map.gz,castor,9503,1,latest,0,10626,won,True,False,67,30.283643892339544,20.57124035384905,6.4106907585168456,1.4699792960662525,3.0967438358742707,0.3372859025032938,0,55,13,0,28,/home/bradley/.codex/worktrees/maxima-growth-policy/glob2/artifacts/maxima-historical-validation/duels/SmallForTwo-castor-9503-1-latest,8704,,5632,10240,,,4096,4608,2560,512,,,10533
duels,Dejans.map.gz,castor,9515,1,historical,0,15522,won,True,False,60,36.18451230511532,22.898724391186704,8.293518876433449,1.010436799381523,3.289137997680711,0.8246360005153975,1,52,17,1,47,/home/bradley/.codex/worktrees/maxima-growth-policy/glob2/artifacts/maxima-historical-validation/duels/Dejans-castor-9515-1-historical,10752,,15360,,10752,14848,3584,5632,6144,512,3517,10295,
duels,Dejans.map.gz,castor,9515,1,latest,0,10146,won,True,False,40,22.140646560220777,15.352257047112163,4.231224127735068,1.7476838162822788,2.637492607924305,0.3532426572048098,0,30,10,0,22,/home/bradley/.codex/worktrees/maxima-growth-policy/glob2/artifacts/maxima-historical-validation/duels/Dejans-castor-9515-1-latest,,,2560,10146,,,4096,5632,4096,512,3522,9830,
duels,Muka.map.gz,castor,9517,0,historical,0,42210,won,True,False,120,53.514451551764985,33.04719260838664,13.796683250414594,2.3624733475479744,5.44060649135276,1.7666903577351338,1,132,29,20,165,/home/bradley/.codex/worktrees/maxima-growth-policy/glob2/artifacts/maxima-historical-validation/duels/Muka-castor-9517-0-historical,14848,39936,13312,18944,10752,14848,7680,7168,7680,1024,,35908,
duels,Muka.map.gz,castor,9517,0,latest,0,39682,won,True,False,124,51.30038808527796,29.515170606320247,15.436595937704753,2.0517111032710047,6.723048233455975,1.4968499571594174,2,112,35,14,158,/home/bradley/.codex/worktrees/maxima-growth-policy/glob2/artifacts/maxima-historical-validation/duels/Muka-castor-9517-0-latest,17408,35328,3584,10240,14848,17408,11776,11264,8192,1024,,,
duels,Mazury.map.gz,cortex,9516,1,historical,0,39010,lost,False,False,11,27.60948474750064,16.823942578825942,7.364009228402973,1.7456036913611894,2.6077928736221483,6.123147910792104,53,85,31,0,17,/home/bradley/.codex/worktrees/maxima-growth-policy/glob2/artifacts/maxima-historical-validation/duels/Mazury-cortex-9516-1-historical,,,5120,9728,32768,,4608,9728,7680,512,1692,,
duels,Mazury.map.gz,cortex,9516,1,latest,0,35874,lost,False,False,14,50.33029492111278,34.24652951998662,10.679377822378324,1.569939231755589,4.809722919105759,6.026147070301612,28,93,21,1,58,/home/bradley/.codex/worktrees/maxima-growth-policy/glob2/artifacts/maxima-historical-validation/duels/Mazury-cortex-9516-1-latest,14848,,6144,12288,18432,24576,6144,5632,4608,512,5368,,13845
duels,Mazury.map.gz,warrush,9511,0,historical,0,50562,won,True,False,394,113.61085400102844,77.2153395830861,22.07970412562794,3.0558522210355603,7.818361615442427,9.886515565048851,26,409,60,24,354,/home/bradley/.codex/worktrees/maxima-growth-policy/glob2/artifacts/maxima-historical-validation/duels/Mazury-warrush-9511-0-historical,11776,31744,6144,11264,11264,15872,3584,4608,3072,512,6183,,
duels,Mazury.map.gz,warrush,9511,0,latest,0,24962,won,True,False,175,70.9772454130278,51.49395080522394,12.357383222498198,2.5899367037897605,8.169938306225463,3.4875410624148704,1,134,33,7,108,/home/bradley/.codex/worktrees/maxima-growth-policy/glob2/artifacts/maxima-historical-validation/duels/Mazury-warrush-9511-0-latest,9216,18944,4096,8192,8192,13312,4608,5120,2560,512,2273,,
duels,Mazury.map.gz,castor,9517,0,historical,0,52994,won,True,False,680,223.60169075744423,172.50935955013776,26.70387213646828,4.802128542853908,12.097067592557648,33.63810997471412,222,854,75,55,434,/home/bradley/.codex/worktrees/maxima-growth-policy/glob2/artifacts/maxima-historical-validation/duels/Mazury-castor-9517-0-historical,11776,26624,12800,20480,11776,14336,4096,4608,6656,512,3497,,38915
duels,Mazury.map.gz,castor,9517,0,latest,0,20898,won,True,False,126,58.371375251220215,40.74509522442339,10.641018279261173,2.383003158196957,6.576514498995119,2.531247009283185,1,95,24,8,89,/home/bradley/.codex/worktrees/maxima-growth-policy/glob2/artifacts/maxima-historical-validation/duels/Mazury-castor-9517-0-latest,9216,17920,5632,10752,9216,11264,5120,4608,8192,512,,,
duels,Muka.map.gz,cortex,9515,0,historical,0,25282,won,True,False,81,44.604105687841155,26.866110276085752,11.077050866228937,1.5747171900957202,4.316667985127759,2.970255517759671,1,43,18,5,44,/home/bradley/.codex/worktrees/maxima-growth-policy/glob2/artifacts/maxima-historical-validation/duels/Muka-cortex-9515-0-historical,11776,,10752,16896,10240,14848,8704,7680,9728,1024,5307,,
duels,Muka.map.gz,cortex,9515,0,latest,0,30178,won,True,False,179,74.90807873285175,54.12306978593678,14.001060375107695,2.218569819073497,9.260520909271655,3.813373981045795,0,114,39,13,194,/home/bradley/.codex/worktrees/maxima-growth-policy/glob2/artifacts/maxima-historical-validation/duels/Muka-cortex-9515-0-latest,11776,19968,3584,9216,11776,13824,9216,8704,8704,1024,3887,,
duels,Mazury.map.gz,castor,9509,0,historical,0,60000,unresolved,False,True,586,286.3333333333333,219.3248,31.0016,5.175466666666667,15.415466666666667,52.61226666666666,365,1036,70,43,644,/home/bradley/.codex/worktrees/maxima-growth-policy/glob2/artifacts/maxima-historical-validation/duels/Mazury-castor-9509-0-historical,9728,19968,10752,20992,9728,12800,4096,4608,4608,512,7613,,33263
duels,Mazury.map.gz,castor,9509,0,latest,0,22498,won,True,False,205,83.49191039203485,63.79100364476842,12.753089163481198,2.543514979109254,7.665392479331496,4.224908880789403,5,161,34,5,84,/home/bradley/.codex/worktrees/maxima-growth-policy/glob2/artifacts/maxima-historical-validation/duels/Mazury-castor-9509-0-latest,8704,14336,4096,6656,11776,15360,4608,4608,7680,512,,,
duels,Dejans.map.gz,warrush,9519,1,historical,0,15362,won,True,False,59,35.15310506444473,22.90196588985809,8.000520765525323,1.3334201275875537,3.2504882176799894,1.7501627392266632,4,46,21,1,54,/home/bradley/.codex/worktrees/maxima-growth-policy/glob2/artifacts/maxima-historical-validation/duels/Dejans-warrush-9519-1-historical,11264,,6144,8704,11776,15360,4096,6656,3072,512,3529,12238,
duels,Dejans.map.gz,warrush,9519,1,latest,0,22722,won,True,False,77,44.45775019804595,28.379015931696152,10.762916996743245,2.245136871754247,5.115746853269958,1.842267406038201,3,56,25,2,76,/home/bradley/.codex/worktrees/maxima-growth-policy/glob2/artifacts/maxima-historical-validation/duels/Dejans-warrush-9519-1-latest,13312,,2560,12800,13824,18944,4096,10240,3072,512,3536,,
duels,strange2.map.gz,castor,9517,1,historical,0,33506,lost,False,False,0,120.0921625977437,113.3074673192861,5.256610756282456,7.56043693666806,0.9923595773891243,57.02811436757596,487,361,16,0,12,/home/bradley/.codex/worktrees/maxima-growth-policy/glob2/artifacts/maxima-historical-validation/duels/strange2-castor-9517-1-historical,512,512,512,,,,1536,1024,1024,512,,,
duels,strange2.map.gz,castor,9517,1,latest,0,38050,won,True,False,0,122.7588961892247,115.41193166885677,5.611143232588699,8.939448094612352,13.502128777923785,48.347332457293035,431,303,20,0,3,/home/bradley/.codex/worktrees/maxima-growth-policy/glob2/artifacts/maxima-historical-validation/duels/strange2-castor-9517-1-latest,512,512,512,,,,4096,2048,1024,512,,,
duels,Mazury.map.gz,warrush,9517,0,historical,0,59714,won,True,False,480,158.77285058780186,108.72446997354054,28.660180192249722,3.2230632682453026,10.178383628629803,20.88665974478347,92,625,68,28,477,/home/bradley/.codex/worktrees/maxima-growth-policy/glob2/artifacts/maxima-historical-validation/duels/Mazury-warrush-9517-0-historical,10240,28672,11264,14336,9728,12288,4096,4608,3072,512,5147,44887,
duels,Mazury.map.gz,warrush,9517,0,latest,0,60000,unresolved,False,True,317,132.4744,85.4104,29.3312,2.7461333333333333,10.961066666666667,11.463466666666667,56,320,76,20,273,/home/bradley/.codex/worktrees/maxima-growth-policy/glob2/artifacts/maxima-historical-validation/duels/Mazury-warrush-9517-0-latest,10240,24576,5120,9728,10752,20480,5632,5120,2560,512,4125,56448,
duels,Mazury.map.gz,castor,9511,1,historical,0,34370,won,True,False,302,106.49554844340994,82.51288914751237,16.570846668606343,3.407972068664533,7.7697992435263314,6.469944719231888,2,292,47,13,254,/home/bradley/.codex/worktrees/maxima-growth-policy/glob2/artifacts/maxima-historical-validation/duels/Mazury-castor-9511-1-historical,12800,17920,5120,8192,14336,18432,6656,6656,2560,512,,,
duels,Mazury.map.gz,castor,9511,1,latest,0,31810,won,True,False,238,99.81747878025779,75.56155297076391,15.963879283244262,2.9257466205595724,10.51191449229802,5.748443885570575,2,213,39,7,126,/home/bradley/.codex/worktrees/maxima-growth-policy/glob2/artifacts/maxima-historical-validation/duels/Mazury-castor-9511-1-latest,10752,17408,4608,7168,13824,16896,6656,7680,2560,512,1899,,
duels,strange2.map.gz,warrush,9515,0,historical,0,18562,won,True,False,0,132.2616097403297,119.8215709514061,10.343712961965306,7.186079086305355,0.9862083827173795,65.7584312035341,309,202,17,0,3,/home/bradley/.codex/worktrees/maxima-growth-policy/glob2/artifacts/maxima-historical-validation/duels/strange2-warrush-9515-0-historical,512,512,512,,,,2560,2048,1024,512,914,,
duels,strange2.map.gz,warrush,9515,0,latest,0,17858,won,True,False,1,151.30574532422443,145.22757307649232,3.5838279762571394,8.2006943666704,3.645089035726285,70.68395117034382,311,211,16,0,0,/home/bradley/.codex/worktrees/maxima-growth-policy/glob2/artifacts/maxima-historical-validation/duels/strange2-warrush-9515-0-latest,512,512,512,,,,,,1024,512,699,,
duels,Dejans.map.gz,cortex,9521,1,historical,0,34402,won,True,False,123,65.85727573978257,44.71274925876403,13.881867333294576,1.9107028661124352,5.4458461717342015,3.9851171443520728,8,111,41,14,204,/home/bradley/.codex/worktrees/maxima-growth-policy/glob2/artifacts/maxima-historical-validation/duels/Dejans-cortex-9521-1-historical,9728,29696,3584,7168,9728,12800,3584,6144,4096,512,4344,9308,
duels,Dejans.map.gz,cortex,9521,1,latest,0,26178,won,True,False,106,55.293567117426846,33.48888379555352,12.916685766674307,2.6113530445412176,6.132477652991061,1.5037818015127207,1,62,27,6,98,/home/bradley/.codex/worktrees/maxima-growth-policy/glob2/artifacts/maxima-historical-validation/duels/Dejans-cortex-9521-1-latest,12288,24064,2560,7168,12800,17920,4096,6656,5120,512,3733,,
duels,Mazury.map.gz,cortex,9505,0,historical,0,31874,lost,False,False,12,45.781012737654514,28.444562966681307,12.56961787036456,1.5420719081382945,3.3732822990525193,8.26516910334442,42,103,27,2,64,/home/bradley/.codex/worktrees/maxima-growth-policy/glob2/artifacts/maxima-historical-validation/duels/Mazury-cortex-9505-0-historical,11776,,6144,9728,11264,13824,4096,5632,4608,512,7361,,
duels,Mazury.map.gz,cortex,9505,0,latest,0,32866,lost,False,False,11,57.602811416053065,37.81707539706688,13.36146777825108,1.557840929836305,5.349357999148055,5.854986916570316,21,83,25,6,97,/home/bradley/.codex/worktrees/maxima-growth-policy/glob2/artifacts/maxima-historical-validation/duels/Mazury-cortex-9505-0-latest,9216,,5120,11264,8192,12288,4608,4608,3072,512,4526,,
duels,Muka.map.gz,warrush,9517,0,historical,0,19650,won,True,False,58,36.22529262086514,23.460763358778625,8.47791348600509,1.6581170483460559,3.055674300254453,3.0920101781170484,6,48,18,4,67,/home/bradley/.codex/worktrees/maxima-growth-policy/glob2/artifacts/maxima-historical-validation/duels/Muka-warrush-9517-0-historical,12800,,11776,16896,11264,14336,7168,6144,1024,1024,3680,,
duels,Muka.map.gz,warrush,9517,0,latest,0,12802,won,True,False,58,23.405405405405407,14.983440087486331,4.621309170442118,1.499921887205124,3.060615528823621,0.7400406186533354,0,38,12,0,10,/home/bradley/.codex/worktrees/maxima-growth-policy/glob2/artifacts/maxima-historical-validation/duels/Muka-warrush-9517-0-latest,12288,,3584,8704,10752,,10752,10240,1024,1024,3481,,
duels,SmallForTwo.map.gz,castor,9509,0,historical,0,27266,won,True,False,161,56.08512433066823,39.97128291645272,12.062128658402406,1.4929949387515586,4.868994351940145,1.385241692950928,1,156,37,5,142,/home/bradley/.codex/worktrees/maxima-growth-policy/glob2/artifacts/maxima-historical-validation/duels/SmallForTwo-castor-9509-0-historical,15872,22528,13824,15872,17920,22016,9216,11776,2560,512,6309,,
duels,SmallForTwo.map.gz,castor,9509,0,latest,0,18882,won,True,False,89,39.072873636267346,26.64595911450058,8.006196377502384,1.1322953077004554,4.485224022878932,0.7966317127422943,0,60,20,2,45,/home/bradley/.codex/worktrees/maxima-growth-policy/glob2/artifacts/maxima-historical-validation/duels/SmallForTwo-castor-9509-0-latest,11776,,16384,,14848,16384,8192,10240,2560,512,6720,,
duels,Muka.map.gz,castor,9505,0,historical,0,34050,won,True,False,96,54.90082232011748,32.94516886930984,13.83518355359765,2.24064610866373,5.2784140969163,2.210748898678414,2,90,27,8,142,/home/bradley/.codex/worktrees/maxima-growth-policy/glob2/artifacts/maxima-historical-validation/duels/Muka-castor-9505-0-historical,13824,,11264,16384,10752,13312,7680,7168,9216,1024,,,
duels,Muka.map.gz,castor,9505,0,latest,0,25698,won,True,False,66,37.13857109502685,22.754105377850415,8.821309051288038,1.282745738968013,5.184605805899292,1.1769787532103666,0,45,21,7,48,/home/bradley/.codex/worktrees/maxima-growth-policy/glob2/artifacts/maxima-historical-validation/duels/Muka-castor-9505-0-latest,15360,,18432,,12288,16384,9728,9216,10240,1024,3066,,
duels,Mazury.map.gz,castor,9501,1,historical,0,39618,won,True,False,50,37.75261244888687,24.943131909737996,10.870967741935484,2.0888989853097075,4.576859003483265,4.300368519359887,14,51,18,8,78,/home/bradley/.codex/worktrees/maxima-growth-policy/glob2/artifacts/maxima-historical-validation/duels/Mazury-castor-9501-1-historical,16896,,2048,8704,15360,23552,8192,8192,7680,512,,,
duels,Mazury.map.gz,castor,9501,1,latest,0,33826,won,True,False,142,96.03110033701886,69.60687045467984,16.591261160054398,2.7739608585112046,10.516111866611482,11.043871578076036,34,127,30,9,111,/home/bradley/.codex/worktrees/maxima-growth-policy/glob2/artifacts/maxima-historical-validation/duels/Mazury-castor-9501-1-latest,10752,15872,2560,5120,14336,13312,6656,5120,4608,512,2100,,
duels,SmallForTwo.map.gz,warrush,9510,1,historical,0,24482,won,True,False,116,63.25851646107344,46.44714484110775,12.637447920921494,1.3307736296054244,4.8277918470713175,2.2784903194183483,0,92,30,9,150,/home/bradley/.codex/worktrees/maxima-growth-policy/glob2/artifacts/maxima-historical-validation/duels/SmallForTwo-warrush-9510-1-historical,9728,20992,8704,24482,12288,14336,4608,6656,3584,512,3517,,
duels,SmallForTwo.map.gz,warrush,9510,1,latest,0,19362,won,True,False,124,57.79506249354406,42.64528457803946,10.842165065592397,1.1802499741762216,6.190786075818614,1.4098750129118893,0,96,30,3,99,/home/bradley/.codex/worktrees/maxima-growth-policy/glob2/artifacts/maxima-historical-validation/duels/SmallForTwo-warrush-9510-1-latest,9216,16896,15872,17408,12800,16384,6144,7168,3072,512,4352,,
duels,Dejans.map.gz,castor,9522,0,historical,0,14306,won,True,False,55,33.51069481336502,21.205368376904794,7.418985041241437,1.0336921571368656,3.8326576261708376,1.0336921571368656,0,39,18,0,42,/home/bradley/.codex/worktrees/maxima-growth-policy/glob2/artifacts/maxima-historical-validation/duels/Dejans-castor-9522-0-historical,12800,,13824,,11264,,3072,6144,4096,512,3285,,
duels,Dejans.map.gz,castor,9522,0,latest,0,43298,won,True,False,73,49.34659799528847,29.481431012979815,11.861240703958613,1.7532449535775325,7.139128828121391,0.6038616102360386,0,65,27,12,168,/home/bradley/.codex/worktrees/maxima-growth-policy/glob2/artifacts/maxima-historical-validation/duels/Dejans-castor-9522-0-latest,16384,,14336,34816,12288,15872,3072,5120,4096,512,3693,,
duels,SmallForTwo.map.gz,warrush,9507,0,historical,0,21602,won,True,False,132,54.41084158874178,39.89700027775206,10.433663549671326,1.423849643551523,4.5322655309693545,1.7556707712248867,0,110,27,5,113,/home/bradley/.codex/worktrees/maxima-growth-policy/glob2/artifacts/maxima-historical-validation/duels/SmallForTwo-warrush-9507-0-historical,11264,18432,13312,15360,14336,16896,8192,11776,3072,512,4511,,
duels,SmallForTwo.map.gz,warrush,9507,0,latest,0,25666,won,True,False,146,69.75656510558716,51.75531831995636,12.66921218732954,1.5138315280916388,7.6016519909608045,1.9925972103171512,0,109,37,6,133,/home/bradley/.codex/worktrees/maxima-growth-policy/glob2/artifacts/maxima-historical-validation/duels/SmallForTwo-warrush-9507-0-latest,10240,17920,13824,15360,14848,18944,8704,10240,2048,512,1847,,
duels,Mazury.map.gz,cortex,9518,1,historical,0,60000,unresolved,False,True,512,270.5136,199.34373333333335,56.96,4.782933333333333,13.973333333333333,55.21066666666667,376,870,93,67,671,/home/bradley/.codex/worktrees/maxima-growth-policy/glob2/artifacts/maxima-historical-validation/duels/Mazury-cortex-9518-1-historical,12288,20992,6144,9728,13824,20992,6656,8192,7680,512,10804,59822,41496
duels,Mazury.map.gz,cortex,9518,1,latest,0,42754,won,True,False,200,112.76154277962296,79.61977826636104,24.37500584740609,2.503064040791505,12.347850493521074,9.67759741778547,18,104,36,14,221,/home/bradley/.codex/worktrees/maxima-growth-policy/glob2/artifacts/maxima-historical-validation/duels/Mazury-cortex-9518-1-latest,10752,17920,4608,7680,15872,19968,6656,5120,3584,512,2509,,
duels,SmallForTwo.map.gz,cortex,9504,0,historical,0,23042,lost,False,False,10,40.286259873274886,26.02065792899922,11.088099991320197,0.9110320284697508,2.7997569655411856,5.089141567572259,21,70,21,0,44,/home/bradley/.codex/worktrees/maxima-growth-policy/glob2/artifacts/maxima-historical-validation/duels/SmallForTwo-cortex-9504-0-historical,10752,,,,13312,,6144,9216,2560,512,7763,,
duels,SmallForTwo.map.gz,cortex,9504,0,latest,0,34690,won,True,False,127,55.68296339002595,28.193254540213317,23.15001441337561,0.49080426635918134,5.908157970596713,3.915191697895647,1,42,43,8,89,/home/bradley/.codex/worktrees/maxima-growth-policy/glob2/artifacts/maxima-historical-validation/duels/SmallForTwo-cortex-9504-0-latest,11776,30208,,,20480,23552,8192,18432,2560,512,5104,,
duels,Dejans.map.gz,warrush,9514,0,historical,0,16898,won,True,False,57,37.16901408450704,25.668126405491773,7.015623150668718,0.9848502781394248,4.288199786957036,0.7123919990531424,2,46,17,1,65,/home/bradley/.codex/worktrees/maxima-growth-policy/glob2/artifacts/maxima-historical-validation/duels/Dejans-warrush-9514-0-historical,13824,,,,11264,15872,3584,6144,3072,512,3507,9399,
duels,Dejans.map.gz,warrush,9514,0,latest,0,23586,won,True,False,68,39.68146358008988,26.26185025014839,8.753201051471212,1.89146103620792,5.224285593148478,1.2959382684643432,1,48,24,3,64,/home/bradley/.codex/worktrees/maxima-growth-policy/glob2/artifacts/maxima-historical-validation/duels/Dejans-warrush-9514-0-latest,16384,,2560,13312,14848,19456,7680,8192,3584,512,3492,,
duels,strange2.map.gz,castor,9519,0,historical,0,45954,won,True,False,0,85.47817382599992,82.52565609087348,1.816076946511729,6.478913696305001,0.9944292118205161,40.588762675719195,480,352,14,0,0,/home/bradley/.codex/worktrees/maxima-growth-policy/glob2/artifacts/maxima-historical-validation/duels/strange2-castor-9519-0-historical,512,512,512,,,,,1536,1024,512,,,
duels,strange2.map.gz,castor,9519,0,latest,0,18498,lost,False,False,0,219.5351389339388,207.60563304140987,9.272353767974916,8.875445994161531,6.4602659746999676,96.61595848199805,435,307,15,0,4,/home/bradley/.codex/worktrees/maxima-growth-policy/glob2/artifacts/maxima-historical-validation/duels/strange2-castor-9519-0-latest,512,512,512,,,,4096,3072,1024,512,,,
duels,balanced_for_2.map.gz,cortex,9521,0,historical,0,35714,won,True,False,173,78.26507812062496,46.34025872206978,22.563420507364057,1.7599260794086353,5.179425435403483,1.94265554124433,0,151,37,23,261,/home/bradley/.codex/worktrees/maxima-growth-policy/glob2/artifacts/maxima-historical-validation/duels/balanced_for_2-cortex-9521-0-historical,10240,28160,13312,20480,13312,16896,3584,3584,2560,512,3699,,
duels,balanced_for_2.map.gz,cortex,9521,0,latest,0,25378,won,True,False,207,83.12175900386161,55.38241784222555,19.654622113641736,2.3658286705020095,6.556781464260383,1.8372606194341556,0,156,38,13,207,/home/bradley/.codex/worktrees/maxima-growth-policy/glob2/artifacts/maxima-historical-validation/duels/balanced_for_2-cortex-9521-0-latest,8192,16384,10240,15872,10240,13824,4608,5120,2560,512,642,,
duels,strange2.map.gz,cortex,9503,1,historical,0,15490,lost,False,False,0,185.71575209812784,171.5688185926404,11.998450613298903,7.454357650096837,0.9834732085216269,86.7244673983215,352,278,13,0,10,/home/bradley/.codex/worktrees/maxima-growth-policy/glob2/artifacts/maxima-historical-validation/duels/strange2-cortex-9503-1-historical,512,512,512,,,,2048,1024,1024,512,735,,
duels,strange2.map.gz,cortex,9503,1,latest,0,17922,won,True,False,0,157.78239035821895,150.15467023769668,4.285236022765316,5.085369936391028,1.6855261689543577,69.36368708849459,344,275,11,0,0,/home/bradley/.codex/worktrees/maxima-growth-policy/glob2/artifacts/maxima-historical-validation/duels/strange2-cortex-9503-1-latest,512,512,512,,,,,1536,1024,512,,,
duels,Dejans.map.gz,warrush,9520,0,historical,0,24034,won,True,False,86,51.53149704585171,32.684946326038116,12.328368145127735,1.2850961138387285,4.932345843388533,1.263792959973371,0,66,26,6,124,/home/bradley/.codex/worktrees/maxima-growth-policy/glob2/artifacts/maxima-historical-validation/duels/Dejans-warrush-9520-0-historical,10240,,19456,,9216,15360,3072,5632,3072,512,3294,9281,
duels,Dejans.map.gz,warrush,9520,0,latest,0,28258,won,True,False,70,44.586701111189754,28.604642932974734,10.288732394366198,2.0850024771746054,5.693325783848821,0.9128742303064619,1,48,25,6,92,/home/bradley/.codex/worktrees/maxima-growth-policy/glob2/artifacts/maxima-historical-validation/duels/Dejans-warrush-9520-0-latest,15872,,6144,20992,13312,17920,3072,6144,2048,512,3486,,
duels,SmallForTwo.map.gz,castor,9514,0,historical,0,14786,won,True,False,63,26.772960908967942,18.511632625456514,5.843162450967131,1.272825645881239,3.160557283917219,0.601785472744488,1,53,13,0,31,/home/bradley/.codex/worktrees/maxima-growth-policy/glob2/artifacts/maxima-historical-validation/duels/SmallForTwo-castor-9514-0-historical,13312,,10752,13824,,,6144,10240,2560,1024,4487,,
duels,SmallForTwo.map.gz,castor,9514,0,latest,0,20162,won,True,False,108,40.15256422973911,27.200426544985618,8.605842674337863,1.3143537347485368,4.6925900208312665,0.863406408094435,0,87,24,2,53,/home/bradley/.codex/worktrees/maxima-growth-policy/glob2/artifacts/maxima-historical-validation/duels/SmallForTwo-castor-9514-0-latest,13312,19968,13824,15872,15872,17920,8192,9216,5120,1024,6927,,
duels,Muka.map.gz,cortex,9509,1,historical,0,35042,won,True,False,131,56.079533131670566,33.86650305347868,15.283260087894526,2.027509845328463,4.8423035214885,2.6970492551794987,2,73,31,17,177,/home/bradley/.codex/worktrees/maxima-growth-policy/glob2/artifacts/maxima-historical-validation/duels/Muka-cortex-9509-1-historical,15872,31232,19968,26624,13312,17920,4608,9216,8192,1024,8201,,
duels,Muka.map.gz,cortex,9509,1,latest,0,40834,won,True,False,200,73.21768624185728,43.90911985110447,21.61865112406328,2.2227065680560316,8.307880687662243,3.9689474457559877,0,104,36,15,216,/home/bradley/.codex/worktrees/maxima-growth-policy/glob2/artifacts/maxima-historical-validation/duels/Muka-cortex-9509-1-latest,14848,29184,16384,34304,13824,16896,8704,10752,9216,1024,3713,,
duels,Mazury.map.gz,castor,9520,1,historical,0,30978,won,True,False,79,44.6260894828588,28.538511201497837,11.459261411324166,2.6281231841952355,4.81012331331913,3.6034605203692944,6,58,23,7,91,/home/bradley/.codex/worktrees/maxima-growth-policy/glob2/artifacts/maxima-historical-validation/duels/Mazury-castor-9520-1-historical,13824,,3584,9216,13824,19968,6144,7680,2560,512,,,
duels,Mazury.map.gz,castor,9520,1,latest,0,34466,won,True,False,132,105.18632855567806,81.49706957581384,15.028956072651308,3.563743979574073,11.517669587419485,12.184645737828586,47,154,32,5,90,/home/bradley/.codex/worktrees/maxima-growth-policy/glob2/artifacts/maxima-historical-validation/duels/Mazury-castor-9520-1-latest,8704,15360,4096,7168,10752,13824,7680,5120,2560,512,4558,,
duels,Muka.map.gz,castor,9506,0,historical,0,22114,won,True,False,82,44.42308040155557,27.48123360766935,10.176087546350727,1.8770914352898616,4.117482138012119,1.5529528805281723,0,66,25,8,86,/home/bradley/.codex/worktrees/maxima-growth-policy/glob2/artifacts/maxima-historical-validation/duels/Muka-castor-9506-0-historical,11776,,3584,8192,10752,13824,8704,7168,8704,1024,3476,,
duels,Muka.map.gz,castor,9506,0,latest,0,49794,won,True,False,140,60.839920472346066,36.65387396071816,19.188335944089648,1.8766116399566213,7.8384945977427,1.5297023737799735,1,131,44,20,279,/home/bradley/.codex/worktrees/maxima-growth-policy/glob2/artifacts/maxima-historical-validation/duels/Muka-castor-9506-0-latest,17408,43008,3584,10240,15872,19456,12288,11776,7168,1024,,,
duels,SmallForTwo.map.gz,warrush,9505,1,historical,0,24226,won,True,False,137,66.33071906216462,49.02575745067283,12.788244035333939,1.3832246346900026,6.044002311566086,2.034508379427062,0,106,33,7,159,/home/bradley/.codex/worktrees/maxima-growth-policy/glob2/artifacts/maxima-historical-validation/duels/SmallForTwo-warrush-9505-1-historical,9216,17408,17408,22016,11264,14336,4096,5120,3072,512,4557,,
duels,SmallForTwo.map.gz,warrush,9505,1,latest,0,9538,won,True,False,57,27.42535122667226,18.480394212623192,5.84367791989935,0.9731599916124973,2.9402390438247012,1.6917592786747746,0,39,14,0,12,/home/bradley/.codex/worktrees/maxima-growth-policy/glob2/artifacts/maxima-historical-validation/duels/SmallForTwo-warrush-9505-1-latest,8704,,,,,,4096,5120,3584,512,4561,,
duels,balanced_for_2.map.gz,warrush,9510,0,historical,0,46786,won,True,False,131,63.22102765784636,36.160047877570214,17.39481896293763,1.7032018125080153,4.726584875817553,1.3433933227888684,0,133,35,30,294,/home/bradley/.codex/worktrees/maxima-growth-policy/glob2/artifacts/maxima-historical-validation/duels/balanced_for_2-warrush-9510-0-historical,9216,44032,12288,36352,10752,14336,4096,3584,1024,512,635,,
duels,balanced_for_2.map.gz,warrush,9510,0,latest,0,29250,won,True,False,207,75.30434188034188,52.06242735042735,14.946324786324785,2.825230769230769,6.676717948717949,1.2103247863247864,0,182,43,9,205,/home/bradley/.codex/worktrees/maxima-growth-policy/glob2/artifacts/maxima-historical-validation/duels/balanced_for_2-warrush-9510-0-latest,8704,23040,13312,17920,10240,14848,4608,5120,1536,512,640,,
duels,Muka.map.gz,castor,9500,0,historical,0,22754,won,True,False,69,44.55207875538367,28.450118660455306,9.138349301221764,2.1098707919486683,4.401072338929419,1.9761800123055286,0,51,18,6,55,/home/bradley/.codex/worktrees/maxima-growth-policy/glob2/artifacts/maxima-historical-validation/duels/Muka-castor-9500-0-historical,10752,,12288,22754,9728,12288,8192,6144,9216,1024,3472,,
duels,Muka.map.gz,castor,9500,0,latest,0,24002,won,True,False,81,43.3417215232064,27.422173152237313,10.294142154820431,1.9867511040746604,5.221731522373136,2.080159986667778,2,72,21,4,55,/home/bradley/.codex/worktrees/maxima-growth-policy/glob2/artifacts/maxima-historical-validation/duels/Muka-castor-9500-0-latest,14336,,3584,8704,12288,15872,9728,8704,9216,1024,4084,,
duels,balanced_for_2.map.gz,castor,9515,0,historical,0,26786,won,True,False,166,83.91644889121183,62.072164563577985,13.674195475248265,1.2580452475173598,6.170088852385574,1.0321809900694392,0,138,41,34,270,/home/bradley/.codex/worktrees/maxima-growth-policy/glob2/artifacts/maxima-historical-validation/duels/balanced_for_2-castor-9515-0-historical,7680,17408,11264,16384,8704,11776,3072,3584,1024,512,5135,,
duels,balanced_for_2.map.gz,castor,9515,0,latest,0,24738,won,True,False,221,82.08618319993532,58.813081089821324,13.785027083838628,2.9199611933058454,6.827471905570378,1.057239873878244,0,187,43,12,190,/home/bradley/.codex/worktrees/maxima-growth-policy/glob2/artifacts/maxima-historical-validation/duels/balanced_for_2-castor-9515-0-latest,7680,18432,9728,14336,8704,11264,4096,4608,2048,512,642,,
duels,strange2.map.gz,warrush,9507,0,historical,0,20066,won,True,False,0,118.5208810923951,106.47742449915279,9.823582178809927,7.633011063490481,0.15309478720223263,57.92086115817801,315,217,13,0,5,/home/bradley/.codex/worktrees/maxima-growth-policy/glob2/artifacts/maxima-historical-validation/duels/strange2-warrush-9507-0-historical,512,512,512,,,,3072,2048,1024,512,1144,,
duels,strange2.map.gz,warrush,9507,0,latest,0,17826,won,True,False,0,150.61864692022888,142.8349601705374,5.198698530236733,5.87602378548188,2.1058005161000786,69.22024009873219,314,211,17,0,1,/home/bradley/.codex/worktrees/maxima-growth-policy/glob2/artifacts/maxima-historical-validation/duels/strange2-warrush-9507-0-latest,512,512,512,,,,10240,3072,1024,512,701,,
duels,balanced_for_2.map.gz,cortex,9518,1,historical,0,33058,won,True,False,145,62.31226934478795,38.935749289128196,16.703339584971868,1.2256034847843185,4.672151975316111,1.7077863149615826,0,103,39,22,140,/home/bradley/.codex/worktrees/maxima-growth-policy/glob2/artifacts/maxima-historical-validation/duels/balanced_for_2-cortex-9518-1-historical,15360,28160,24064,13824,19456,17408,4608,5120,2560,1024,5792,,
duels,balanced_for_2.map.gz,cortex,9518,1,latest,0,15010,lost,False,False,1,18.879347101932044,10.903730846102599,3.786275816122585,0.7441705529646903,2.840239840106596,1.3985343104596935,7,30,13,0,2,/home/bradley/.codex/worktrees/maxima-growth-policy/glob2/artifacts/maxima-historical-validation/duels/balanced_for_2-cortex-9518-1-latest,,,,,,,5120,5632,2048,1024,2912,,
duels,SmallForTwo.map.gz,warrush,9510,0,historical,0,45026,won,True,False,159,80.5109048105539,55.891751432505664,19.688357837693776,1.3290987429485186,5.735797095011771,6.259183582818816,12,162,41,23,181,/home/bradley/.codex/worktrees/maxima-growth-policy/glob2/artifacts/maxima-historical-validation/duels/SmallForTwo-warrush-9510-0-historical,11264,33792,30208,35840,14336,17920,8192,7680,3072,512,3475,,
duels,SmallForTwo.map.gz,warrush,9510,0,latest,0,33410,won,True,False,148,67.24426818317869,46.503472014366956,15.556539958096378,1.4867404968572284,8.173061957497755,2.0728524393894046,1,104,38,16,180,/home/bradley/.codex/worktrees/maxima-growth-policy/glob2/artifacts/maxima-historical-validation/duels/SmallForTwo-warrush-9510-0-latest,13824,23552,16896,28672,19456,22016,11776,9216,2048,512,4503,,
duels,strange2.map.gz,warrush,9500,1,historical,0,19938,won,True,False,0,134.53545992576989,123.90410271842713,8.833784732671282,8.55361621025178,0.9871601966094894,65.73979335941418,333,230,13,0,7,/home/bradley/.codex/worktrees/maxima-growth-policy/glob2/artifacts/maxima-historical-validation/duels/strange2-warrush-9500-1-historical,512,512,512,,,,1536,512,1024,512,731,,
duels,strange2.map.gz,warrush,9500,1,latest,0,17090,won,True,False,1,176.72475131655938,162.49420713867758,11.833820947922762,8.209713282621417,9.014979520187245,76.48180222352252,324,207,20,0,5,/home/bradley/.codex/worktrees/maxima-growth-policy/glob2/artifacts/maxima-historical-validation/duels/strange2-warrush-9500-1-latest,512,512,512,,,,3072,1536,1024,512,733,,
duels,Muka.map.gz,cortex,9515,1,historical,0,40834,won,True,False,125,67.54508497820444,38.3667287064701,21.837978155458686,2.25713865896067,4.968849488171622,6.435862271636381,10,106,30,17,166,/home/bradley/.codex/worktrees/maxima-growth-policy/glob2/artifacts/maxima-historical-validation/duels/Muka-cortex-9515-1-historical,15872,26624,12800,15360,12800,15872,5632,8192,13312,1024,8386,,
duels,Muka.map.gz,cortex,9515,1,latest,0,30466,won,True,False,188,72.74276242368542,49.87986608022057,15.249228648329286,2.369920567189654,8.420993894833584,3.395260290159522,0,94,35,12,135,/home/bradley/.codex/worktrees/maxima-growth-policy/glob2/artifacts/maxima-historical-validation/duels/Muka-cortex-9515-1-latest,12288,21504,12800,18432,12800,15872,8704,9728,7168,1024,3716,,
duels,Muka.map.gz,cortex,9512,1,historical,0,21122,lost,False,False,7,26.764937032477985,17.123141747940537,4.605624467379983,0.8241643783732601,2.8603351955307263,1.9034182369093835,8,25,18,1,27,/home/bradley/.codex/worktrees/maxima-growth-policy/glob2/artifacts/maxima-historical-validation/duels/Muka-cortex-9512-1-historical,,,,,11776,17408,7168,9216,9728,1024,3726,,
duels,Muka.map.gz,cortex,9512,1,latest,0,50434,won,True,False,158,68.67862949597493,37.26313597969624,21.820934290359677,2.1726612999167227,7.188166712931753,3.066066542411865,0,81,34,19,193,/home/bradley/.codex/worktrees/maxima-growth-policy/glob2/artifacts/maxima-historical-validation/duels/Muka-cortex-9512-1-latest,15360,39936,17920,29184,14848,18944,8192,11776,10752,1024,3721,,
duels,Mazury.map.gz,cortex,9511,1,historical,0,60000,unresolved,False,True,75,71.14026666666666,42.58773333333333,23.6256,2.586133333333333,6.213866666666667,8.250666666666667,28,96,38,25,210,/home/bradley/.codex/worktrees/maxima-growth-policy/glob2/artifacts/maxima-historical-validation/duels/Mazury-cortex-9511-1-historical,17408,36352,5632,10752,18432,22016,14848,9728,3072,512,2504,55820,
duels,Mazury.map.gz,cortex,9511,1,latest,0,38786,lost,False,False,5,45.08211725880472,29.693317176300727,9.63332130150054,1.5874284535657195,4.392667457329964,4.867890475944929,35,93,30,2,46,/home/bradley/.codex/worktrees/maxima-growth-policy/glob2/artifacts/maxima-historical-validation/duels/Mazury-cortex-9511-1-latest,11776,24064,4096,6144,14336,18944,5632,6144,5120,512,4356,,
duels,strange2.map.gz,cortex,9523,0,historical,0,9410,lost,False,False,109,237.66780021253985,214.6863974495218,17.72337938363443,5.543251859723698,0.21764080765143465,98.90201912858662,197,240,16,0,3,/home/bradley/.codex/worktrees/maxima-growth-policy/glob2/artifacts/maxima-historical-validation/duels/strange2-cortex-9523-0-historical,512,512,512,,,,3072,1536,1024,512,,,
duels,strange2.map.gz,cortex,9523,0,latest,0,9506,lost,False,False,108,235.42089206816746,222.33726067746687,7.58626130864717,5.332211235009468,2.3160109404586575,85.51840942562592,170,254,13,0,0,/home/bradley/.codex/worktrees/maxima-growth-policy/glob2/artifacts/maxima-historical-validation/duels/strange2-cortex-9523-0-latest,512,512,512,,,,,3584,1024,512,,,
duels,SmallForTwo.map.gz,castor,9509,1,historical,0,13794,won,True,False,80,37.205596636218644,25.16949398289111,7.652892561983471,1.4803537770044948,3.3068000579962304,0.8122372045817022,0,66,16,0,41,/home/bradley/.codex/worktrees/maxima-growth-policy/glob2/artifacts/maxima-historical-validation/duels/SmallForTwo-castor-9509-1-historical,9216,,7168,,12288,,4608,5632,3072,1024,,,
duels,SmallForTwo.map.gz,castor,9509,1,latest,0,7362,won,True,False,41,16.945395273023635,11.764602010323282,3.406275468622657,0.965226840532464,2.4615593588698723,0.7840260798696006,0,31,7,0,14,/home/bradley/.codex/worktrees/maxima-growth-policy/glob2/artifacts/maxima-historical-validation/duels/SmallForTwo-castor-9509-1-latest,,,,,,,5120,5632,4096,1024,5370,,
duels,SmallForTwo.map.gz,castor,9513,0,historical,0,16418,won,True,False,84,35.660738214155195,24.59221586064076,7.642343769033987,1.4698501644536484,3.3045437933974906,1.0155926422219514,1,65,19,0,41,/home/bradley/.codex/worktrees/maxima-growth-policy/glob2/artifacts/maxima-historical-validation/duels/SmallForTwo-castor-9513-0-historical,11776,,8704,14336,13824,,8192,8192,2560,512,4698,,14994
duels,SmallForTwo.map.gz,castor,9513,0,latest,0,20386,won,True,False,120,45.44427548317473,31.90939860688708,9.024624742470323,1.3972333954674776,5.243990974197979,1.3628961051702149,0,99,27,4,58,/home/bradley/.codex/worktrees/maxima-growth-policy/glob2/artifacts/maxima-historical-validation/duels/SmallForTwo-castor-9513-0-latest,12800,18432,12288,15360,14848,16384,8192,9728,5120,512,7740,,
duels,SmallForTwo.map.gz,castor,9512,0,historical,0,19106,won,True,False,95,36.764000837433265,24.881555532293522,8.155343871035276,1.3836491154611117,3.5345964618444468,0.7940960954673925,0,84,22,0,53,/home/bradley/.codex/worktrees/maxima-growth-policy/glob2/artifacts/maxima-historical-validation/duels/SmallForTwo-castor-9512-0-historical,13824,,11776,15360,16896,,8192,9216,2048,512,6724,,
duels,SmallForTwo.map.gz,castor,9512,0,latest,0,17090,won,True,False,92,39.89918080748976,27.6694558221182,7.941018139262726,1.221064950263312,4.5810415447630195,1.0976009362200116,0,68,20,2,40,/home/bradley/.codex/worktrees/maxima-growth-policy/glob2/artifacts/maxima-historical-validation/duels/SmallForTwo-castor-9512-0-latest,10752,,13312,16896,13312,14336,8192,7680,8192,512,,,
duels,Mazury.map.gz,warrush,9512,0,historical,0,38658,won,True,False,97,55.70735682135651,39.196569920844325,12.709296911376688,2.013296083604946,4.278338248228051,7.4436339179471265,22,104,37,15,101,/home/bradley/.codex/worktrees/maxima-growth-policy/glob2/artifacts/maxima-historical-validation/duels/Mazury-warrush-9512-0-historical,10240,,6144,10752,12288,23040,3584,4608,3072,512,3911,,
duels,Mazury.map.gz,warrush,9512,0,latest,0,32354,won,True,False,134,72.0042962230327,50.895561599802186,15.746615565308772,1.8843419669901713,6.826420226247141,10.1351919391729,40,156,40,10,137,/home/bradley/.codex/worktrees/maxima-growth-policy/glob2/artifacts/maxima-historical-validation/duels/Mazury-warrush-9512-0-latest,9728,23040,7168,9728,9216,12288,5120,5120,2560,512,1663,23263,
duels,balanced_for_2.map.gz,cortex,9500,0,historical,0,24514,won,True,False,97,51.794729542302356,30.960838704413803,13.38989964918006,1.443991188708493,4.232601778575508,1.3446194011585217,0,78,25,7,128,/home/bradley/.codex/worktrees/maxima-growth-policy/glob2/artifacts/maxima-historical-validation/duels/balanced_for_2-cortex-9500-0-historical,9728,,14848,20480,17920,14336,4096,4096,2048,512,635,,
duels,balanced_for_2.map.gz,cortex,9500,0,latest,0,23778,won,True,False,178,72.58537303389689,48.532130540836064,17.109597106569097,2.2128017495163594,6.20649339725797,2.0873917066195644,0,135,36,12,172,/home/bradley/.codex/worktrees/maxima-growth-policy/glob2/artifacts/maxima-historical-validation/duels/balanced_for_2-cortex-9500-0-latest,8704,17920,12800,17920,11776,11264,4608,5632,2048,512,2267,,
duels,Dejans.map.gz,cortex,9510,0,historical,0,38306,lost,False,False,16,43.99451783010495,28.783402078003444,9.746854278703076,0.9623557667206182,3.5504620686054404,5.057432256043439,27,70,27,14,147,/home/bradley/.codex/worktrees/maxima-growth-policy/glob2/artifacts/maxima-historical-validation/duels/Dejans-cortex-9510-0-historical,18432,,,,11264,16896,2560,4608,6656,512,6342,,
duels,Dejans.map.gz,cortex,9510,0,latest,0,25154,won,True,False,87,51.40995467917627,30.627653653494473,13.145742227876282,1.7813469030770455,6.254750735469508,1.6057088335851157,1,41,22,8,97,/home/bradley/.codex/worktrees/maxima-growth-policy/glob2/artifacts/maxima-historical-validation/duels/Dejans-cortex-9510-0-latest,12800,,16384,,13312,16384,3072,5120,5632,512,4918,,
duels,balanced_for_2.map.gz,castor,9521,0,historical,0,30722,won,True,False,254,109.29275437797018,82.28207798971421,15.90104810884708,1.8500097649892586,7.058720135407851,1.9606145433240023,3,234,65,43,290,/home/bradley/.codex/worktrees/maxima-growth-policy/glob2/artifacts/maxima-historical-validation/duels/balanced_for_2-castor-9521-0-historical,7680,16896,9728,13312,9216,12288,4096,3584,1024,512,2882,,
duels,balanced_for_2.map.gz,castor,9521,0,latest,0,12546,won,True,False,73,41.23967798501514,27.97297943567671,7.633349274669217,1.4288219352781764,3.46979116849992,0.6124661246612466,0,54,19,2,54,/home/bradley/.codex/worktrees/maxima-growth-policy/glob2/artifacts/maxima-historical-validation/duels/balanced_for_2-castor-9521-0-latest,7168,,9216,,8192,10240,3584,4608,1024,512,4313,,
duels,Muka.map.gz,castor,9517,1,historical,0,41794,won,True,False,195,64.89517634110159,39.22680289036704,17.090754653778053,2.5421830884816004,5.8166243958462935,5.789682729578408,21,205,38,23,245,/home/bradley/.codex/worktrees/maxima-growth-policy/glob2/artifacts/maxima-historical-validation/duels/Muka-castor-9517-1-historical,16384,34304,3584,9728,14336,18432,7680,8192,8192,1024,3523,,
duels,Muka.map.gz,castor,9517,1,latest,0,44418,won,True,False,203,63.45859786573011,38.45607636543743,16.479625377099374,2.2133369354766086,6.231077491107209,1.7063352694853438,0,217,44,18,249,/home/bradley/.codex/worktrees/maxima-growth-policy/glob2/artifacts/maxima-historical-validation/duels/Muka-castor-9517-1-latest,23040,34304,19456,22016,18944,22528,8704,14336,7680,1024,,,
duels,Mazury.map.gz,castor,9512,1,historical,0,36930,won,True,False,192,63.19499052261035,42.79991876523152,15.876523151909018,3.0192255618738155,5.584511237476306,6.050744652044409,11,160,37,14,160,/home/bradley/.codex/worktrees/maxima-growth-policy/glob2/artifacts/maxima-historical-validation/duels/Mazury-castor-9512-1-historical,15360,29696,2048,8192,15360,23552,7168,9216,2048,512,5155,,
duels,Mazury.map.gz,castor,9512,1,latest,0,25378,won,True,False,296,103.70714792339822,82.85451966269997,13.47403262668453,3.359760422413114,8.687209393963276,4.330837733469934,0,265,41,4,58,/home/bradley/.codex/worktrees/maxima-growth-policy/glob2/artifacts/maxima-historical-validation/duels/Mazury-castor-9512-1-latest,9216,14848,3072,6144,15360,18944,7168,5632,2560,512,2099,,
duels,SmallForTwo.map.gz,warrush,9506,0,historical,0,26658,won,True,False,142,63.25440768249681,45.563057993848,13.170230324855577,1.492310000750244,4.331607772526071,2.7708005101658038,2,123,31,7,115,/home/bradley/.codex/worktrees/maxima-growth-policy/glob2/artifacts/maxima-historical-validation/duels/SmallForTwo-warrush-9506-0-historical,10752,20480,13312,18944,13312,16896,6656,12288,2560,512,3694,,
duels,SmallForTwo.map.gz,warrush,9506,0,latest,0,27778,won,True,False,157,72.33328533371733,54.087695298437616,12.927280581755346,1.5899632802937576,8.521491828065376,2.0555835553315576,1,114,36,6,132,/home/bradley/.codex/worktrees/maxima-growth-policy/glob2/artifacts/maxima-historical-validation/duels/SmallForTwo-warrush-9506-0-latest,11776,18944,13312,16384,14848,19456,8192,15872,2048,512,4107,23368,
duels,Mazury.map.gz,warrush,9506,0,historical,0,12066,won,True,False,70,33.35604177026355,22.591662522791314,7.292723354881486,1.4908005967180507,2.517652909000497,2.930548649096635,1,60,15,0,36,/home/bradley/.codex/worktrees/maxima-growth-policy/glob2/artifacts/maxima-historical-validation/duels/Mazury-warrush-9506-0-historical,9216,,6144,8192,10240,,4096,5632,3072,512,6175,,
duels,Mazury.map.gz,warrush,9506,0,latest,0,26562,won,True,False,209,78.2564189443566,57.66964084029817,13.825088472253595,3.0435208192154204,7.793840825239063,4.385513139070853,2,181,37,9,119,/home/bradley/.codex/worktrees/maxima-growth-policy/glob2/artifacts/maxima-historical-validation/duels/Mazury-warrush-9506-0-latest,9728,18944,5632,8192,10240,14336,6144,5120,3072,512,1866,,
duels,SmallForTwo.map.gz,cortex,9517,0,historical,0,31330,won,True,False,109,68.59399936163422,35.686690073412066,28.176954995212256,0.9918289179699968,4.74790935205873,7.420363868496649,18,91,29,8,153,/home/bradley/.codex/worktrees/maxima-growth-policy/glob2/artifacts/maxima-historical-validation/duels/SmallForTwo-cortex-9517-0-historical,12288,19456,,,15360,18944,6144,10240,7680,512,7341,,
duels,SmallForTwo.map.gz,cortex,9517,0,latest,0,20866,won,True,False,128,57.801159781462665,30.83489887855842,22.223521518259368,0.9877312374197259,5.399405731812518,3.619476660596185,0,63,28,1,60,/home/bradley/.codex/worktrees/maxima-growth-policy/glob2/artifacts/maxima-historical-validation/duels/SmallForTwo-cortex-9517-0-latest,10752,16384,,,16384,20866,8704,7680,4608,512,5314,,
duels,Mazury.map.gz,cortex,9521,0,historical,0,60000,unresolved,False,True,83,60.03253333333333,26.219733333333334,30.7632,2.0853333333333333,5.459733333333333,6.9450666666666665,21,63,27,19,204,/home/bradley/.codex/worktrees/maxima-growth-policy/glob2/artifacts/maxima-historical-validation/duels/Mazury-cortex-9521-0-historical,10240,,11776,45568,8704,12288,4096,4608,4608,512,5135,57477,
duels,Mazury.map.gz,cortex,9521,0,latest,0,51170,won,True,False,389,164.77537619699044,101.16771545827633,49.3000195427008,3.778698456126637,14.733398475669338,12.05092827828806,20,251,60,32,368,/home/bradley/.codex/worktrees/maxima-growth-policy/glob2/artifacts/maxima-historical-validation/duels/Mazury-cortex-9521-0-latest,8704,16384,2048,4608,8192,10752,4096,5120,4608,512,5157,42608,
duels,SmallForTwo.map.gz,warrush,9509,0,historical,0,9762,lost,False,False,14,15.625896332718705,11.625896332718705,2.659086252817046,0.9737758656013112,1.6783446015160828,3.8338455234583075,9,18,5,0,3,/home/bradley/.codex/worktrees/maxima-growth-policy/glob2/artifacts/maxima-historical-validation/duels/SmallForTwo-warrush-9509-0-historical,,,,,,,7168,,2560,512,2046,,
duels,SmallForTwo.map.gz,warrush,9509,0,latest,0,29858,won,True,False,127,55.70245830263246,38.21896979034095,13.983923906490723,1.3140866769375041,5.899926317904749,2.391251925782035,2,118,34,6,91,/home/bradley/.codex/worktrees/maxima-growth-policy/glob2/artifacts/maxima-historical-validation/duels/SmallForTwo-warrush-9509-0-latest,13312,26624,20480,24576,19456,23040,12288,11264,2048,512,1648,,
duels,SmallForTwo.map.gz,warrush,9518,0,historical,0,26050,won,True,False,149,68.56391554702495,51.155009596928984,12.804376199616122,1.4889827255278312,5.204299424184261,3.0747792706333974,2,127,31,7,104,/home/bradley/.codex/worktrees/maxima-growth-policy/glob2/artifacts/maxima-historical-validation/duels/SmallForTwo-warrush-9518-0-historical,10240,19456,13312,15360,12288,16384,9216,8192,3072,512,3882,21114,
duels,SmallForTwo.map.gz,warrush,9518,0,latest,0,9890,won,True,False,44,20.669666329625883,14.662487360970678,4.191001011122346,0.9741152679474216,2.550455005055612,0.8705763397371082,0,27,7,0,4,/home/bradley/.codex/worktrees/maxima-growth-policy/glob2/artifacts/maxima-historical-validation/duels/SmallForTwo-warrush-9518-0-latest,,,,,,,8704,8192,2048,512,1647,,
duels,SmallForTwo.map.gz,cortex,9523,0,historical,0,25090,won,True,False,128,61.47469111199681,35.931845356715826,21.185492227979275,0.9897967317656436,4.520765245117577,3.357114388202471,1,76,32,6,139,/home/bradley/.codex/worktrees/maxima-growth-policy/glob2/artifacts/maxima-historical-validation/duels/SmallForTwo-cortex-9523-0-historical,11264,18432,,,12800,18432,8192,8704,6656,1024,5508,,
duels,SmallForTwo.map.gz,cortex,9523,0,latest,0,21890,lost,False,False,3,27.544586569209685,16.294152581087253,7.508085883965281,0.771859296482412,2.8067610781178622,2.0935587026039286,10,36,14,0,20,/home/bradley/.codex/worktrees/maxima-growth-policy/glob2/artifacts/maxima-historical-validation/duels/SmallForTwo-cortex-9523-0-latest,12288,,,,,,8704,,6144,1024,7760,,
duels,Mazury.map.gz,warrush,9519,0,historical,0,14210,won,True,False,61,33.23814215341309,22.70957072484166,7.901618578465869,1.3966220971147079,2.748064743138635,2.2441942294159043,2,53,14,0,36,/home/bradley/.codex/worktrees/maxima-growth-policy/glob2/artifacts/maxima-historical-validation/duels/Mazury-warrush-9519-0-historical,11776,,9216,,10240,,4096,5120,3072,512,1657,,
duels,Mazury.map.gz,warrush,9519,0,latest,0,36834,won,True,False,186,85.18387902481403,60.532497149372865,15.704484986697073,2.6933811152739318,9.026605853287723,4.883477222131726,3,136,40,14,177,/home/bradley/.codex/worktrees/maxima-growth-policy/glob2/artifacts/maxima-historical-validation/duels/Mazury-warrush-9519-0-latest,8192,26112,10752,21504,9216,14336,4608,5632,2560,512,1662,,
duels,balanced_for_2.map.gz,cortex,9506,1,historical,0,18562,won,True,False,97,45.995097511044065,28.421129188665013,12.428617605861437,0.9862083827173795,3.786553173149445,1.5722443702187265,0,65,24,3,92,/home/bradley/.codex/worktrees/maxima-growth-policy/glob2/artifacts/maxima-historical-validation/duels/balanced_for_2-cortex-9506-1-historical,10240,,,,14848,13312,4608,5632,2560,1024,3526,,
duels,balanced_for_2.map.gz,cortex,9506,1,latest,0,33346,won,True,False,263,97.55119054759191,72.0876267018533,17.28501169555569,2.5356564505487915,7.839500989623943,3.2419480597373,0,206,48,17,219,/home/bradley/.codex/worktrees/maxima-growth-policy/glob2/artifacts/maxima-historical-validation/duels/balanced_for_2-cortex-9506-1-latest,10240,20992,13824,18432,13312,18432,4608,5120,2560,1024,2916,,
duels,Mazury.map.gz,castor,9514,1,historical,0,36962,won,True,False,346,110.73388885882798,84.90033006871923,18.007196580271632,3.3638331259131,8.174611763432715,6.958876684162113,16,340,46,21,247,/home/bradley/.codex/worktrees/maxima-growth-policy/glob2/artifacts/maxima-historical-validation/duels/Mazury-castor-9514-1-historical,11776,22528,2560,6144,14848,15872,6656,5632,2560,512,6813,,
duels,Mazury.map.gz,castor,9514,1,latest,0,20930,won,True,False,145,62.94352603917822,47.95016722408027,7.313951266125179,2.7524128045867178,5.65236502627807,3.5934065934065935,4,123,23,0,22,/home/bradley/.codex/worktrees/maxima-growth-policy/glob2/artifacts/maxima-historical-validation/duels/Mazury-castor-9514-1-latest,9216,16896,2560,5120,15360,,16384,19968,2560,512,4346,,
duels,Muka.map.gz,cortex,9502,0,historical,0,31842,lost,False,False,8,32.58539036492682,20.209220526348847,7.520193455184976,0.9437221280070347,2.7878902079015138,3.85647886439294,23,53,20,2,33,/home/bradley/.codex/worktrees/maxima-growth-policy/glob2/artifacts/maxima-historical-validation/duels/Muka-cortex-9502-0-historical,23552,,16896,,21504,23040,7168,6144,7680,1024,4678,,
duels,Muka.map.gz,cortex,9502,0,latest,0,30050,won,True,False,122,52.25321131447588,33.43178036605657,12.450582362728785,1.5602662229617303,6.537237936772047,1.8839933444259567,1,74,28,12,130,/home/bradley/.codex/worktrees/maxima-growth-policy/glob2/artifacts/maxima-historical-validation/duels/Muka-cortex-9502-0-latest,13312,27136,16896,25600,12288,15360,10240,9216,13312,1024,4284,,
duels,balanced_for_2.map.gz,cortex,9522,1,historical,0,41186,won,True,False,181,84.33958141115913,45.329578011945806,29.973777497207788,1.6519205555285776,5.461807410285048,2.908221240227262,0,144,49,21,265,/home/bradley/.codex/worktrees/maxima-growth-policy/glob2/artifacts/maxima-historical-validation/duels/balanced_for_2-cortex-9522-1-historical,10240,27648,14336,22016,13824,16896,4096,5120,2560,1024,2919,,
duels,balanced_for_2.map.gz,cortex,9522,1,latest,0,29026,won,True,False,246,93.0396541032178,64.32023013849653,20.941983049679596,2.038654998966444,7.17281058361469,2.388065871976848,0,183,49,16,238,/home/bradley/.codex/worktrees/maxima-growth-policy/glob2/artifacts/maxima-historical-validation/duels/balanced_for_2-cortex-9522-1-latest,8704,18432,11776,17920,11264,14848,5120,5120,2048,1024,2914,,
duels,Mazury.map.gz,castor,9507,0,historical,0,60000,unresolved,False,True,557,290.84453333333335,226.58613333333332,31.1264,4.919466666666667,14.971733333333333,52.04586666666667,431,1024,84,58,580,/home/bradley/.codex/worktrees/maxima-growth-policy/glob2/artifacts/maxima-historical-validation/duels/Mazury-castor-9507-0-historical,10752,20480,6656,9216,10240,13312,4096,5120,4608,512,7186,,38730
duels,Mazury.map.gz,castor,9507,0,latest,0,34370,won,True,False,287,116.07416351469304,83.53293569973815,19.71236543497236,3.1287750945592085,11.82938609252255,5.035554262438173,6,241,45,16,180,/home/bradley/.codex/worktrees/maxima-growth-policy/glob2/artifacts/maxima-historical-validation/duels/Mazury-castor-9507-0-latest,9216,17408,3584,6144,10240,12800,5120,5120,9216,512,5347,,
duels,Dejans.map.gz,cortex,9506,0,historical,0,31074,lost,False,False,7,38.407929458711465,26.54463538649675,5.140760764626376,0.5766879062882152,3.443650640406771,3.2483748471390874,18,42,28,8,85,/home/bradley/.codex/worktrees/maxima-growth-policy/glob2/artifacts/maxima-historical-validation/duels/Dejans-cortex-9506-0-historical,12288,,,,9728,14848,3072,4608,6144,512,3905,9239,
duels,Dejans.map.gz,cortex,9506,0,latest,0,19714,won,True,False,87,46.84812823374252,31.46357918230699,10.059297960840013,1.6364005275438775,5.247336917926347,1.7142132494673836,1,47,24,5,78,/home/bradley/.codex/worktrees/maxima-growth-policy/glob2/artifacts/maxima-historical-validation/duels/Dejans-cortex-9506-0-latest,9216,,7168,19456,9216,12288,3072,5632,4096,512,3899,9688,
duels,Dejans.map.gz,cortex,9513,1,historical,0,21282,won,True,False,101,54.94638661779908,35.209096889390096,12.596983366224979,1.592613476177051,5.5492904802180245,1.3007236162014848,0,63,25,11,114,/home/bradley/.codex/worktrees/maxima-growth-policy/glob2/artifacts/maxima-historical-validation/duels/Dejans-cortex-9513-1-historical,9216,20992,14848,,9728,10752,4096,5120,4096,512,3739,,
duels,Dejans.map.gz,cortex,9513,1,latest,0,32898,won,True,False,142,66.1504954708493,40.02404401483373,15.078910572071251,2.6342634810626784,7.156240500942307,1.4629460757492856,0,66,33,19,153,/home/bradley/.codex/worktrees/maxima-growth-policy/glob2/artifacts/maxima-historical-validation/duels/Dejans-cortex-9513-1-latest,14336,25600,3072,6656,12288,15360,4096,6144,3584,512,3733,,
duels,SmallForTwo.map.gz,cortex,9519,0,historical,0,19586,lost,False,False,8,32.023690391095684,18.16205452874502,9.626774226488308,0.8103747574798326,2.339834575717349,2.0526906974369448,11,56,17,0,28,/home/bradley/.codex/worktrees/maxima-growth-policy/glob2/artifacts/maxima-historical-validation/duels/SmallForTwo-cortex-9519-0-historical,10240,,,,13824,,8192,7680,2048,512,4907,,
duels,SmallForTwo.map.gz,cortex,9519,0,latest,0,26402,won,True,False,160,76.94204984470873,44.193697447163096,27.97007802439209,0.990303764866298,6.164154230740095,4.496401787743353,1,85,35,11,138,/home/bradley/.codex/worktrees/maxima-growth-policy/glob2/artifacts/maxima-historical-validation/duels/SmallForTwo-cortex-9519-0-latest,10752,16896,,,16384,19968,8192,7680,3584,512,3275,,
duels,Muka.map.gz,cortex,9508,1,historical,0,58434,won,True,False,217,73.29845637813602,50.945784988191804,14.277235855837356,1.7426498271554232,5.786733750898449,4.642879145702844,15,163,52,42,348,/home/bradley/.codex/worktrees/maxima-growth-policy/glob2/artifacts/maxima-historical-validation/duels/Muka-cortex-9508-1-historical,14848,48640,12288,15360,11776,15360,7680,7680,10240,1024,3719,,
duels,Muka.map.gz,cortex,9508,1,latest,0,44514,won,True,False,189,75.42485510176574,45.455497146965,19.753807790807386,1.5629240239025926,8.950307768342544,3.2868760389989666,1,72,44,22,205,/home/bradley/.codex/worktrees/maxima-growth-policy/glob2/artifacts/maxima-historical-validation/duels/Muka-cortex-9508-1-latest,14336,33792,15360,30720,13312,16384,8704,10240,6656,1024,3720,,
duels,Dejans.map.gz,castor,9501,0,historical,0,10018,won,True,False,48,26.65901377520463,18.1241764823318,4.93691355559992,0.9744459972050309,2.620083849071671,0.5246556198842084,0,34,10,0,23,/home/bradley/.codex/worktrees/maxima-growth-policy/glob2/artifacts/maxima-historical-validation/duels/Dejans-castor-9501-0-historical,,,,,,,2560,5120,2560,512,3495,,
duels,Dejans.map.gz,castor,9501,0,latest,0,19458,won,True,False,51,29.699558022407235,18.88282454517422,6.395312981806969,2.3553294274848393,3.973892486380923,0.6054065165998561,1,40,13,0,36,/home/bradley/.codex/worktrees/maxima-growth-policy/glob2/artifacts/maxima-historical-validation/duels/Dejans-castor-9501-0-latest,19456,,3584,7168,,,2560,5632,2560,512,3695,,
duels,strange2.map.gz,warrush,9508,0,historical,0,18946,won,True,False,0,127.04064182413174,112.79890214293255,12.241950807558323,6.188958091417714,0.16214504380871952,62.64203525810198,319,209,17,0,4,/home/bradley/.codex/worktrees/maxima-growth-policy/glob2/artifacts/maxima-historical-validation/duels/strange2-warrush-9508-0-historical,512,512,512,,,,3584,2048,1024,512,698,,
duels,strange2.map.gz,warrush,9508,0,latest,0,18434,won,True,False,0,145.92861017684714,137.62395573396984,5.888249972876207,7.29163502224151,4.388846696322013,67.07605511554736,317,211,19,0,0,/home/bradley/.codex/worktrees/maxima-growth-policy/glob2/artifacts/maxima-historical-validation/duels/strange2-warrush-9508-0-latest,512,512,512,,,,,3072,1024,512,921,,
duels,Muka.map.gz,warrush,9521,1,historical,0,10466,lost,False,False,1,8.642365755780624,6.196350085992738,0.8805656411236384,0.8776992165106058,1.5165297152684885,3.4244219377030385,12,7,5,0,0,/home/bradley/.codex/worktrees/maxima-growth-policy/glob2/artifacts/maxima-historical-validation/duels/Muka-warrush-9521-1-historical,,,,,,,,,1536,1024,3318,,
duels,Muka.map.gz,warrush,9521,1,latest,0,20034,lost,False,False,2,6.114605171208945,4.939003693720675,0.6133572926025757,0.6038734151941699,1.846660676849356,1.2427872616551863,4,4,7,0,0,/home/bradley/.codex/worktrees/maxima-growth-policy/glob2/artifacts/maxima-historical-validation/duels/Muka-warrush-9521-1-latest,,,,,,,,,3072,1024,3524,,
duels,Mazury.map.gz,warrush,9507,1,historical,0,15458,lost,False,False,6,12.889377668521155,10.338983050847459,1.9873204813041792,0.8280502005434079,2.0662440160434725,1.3400181135981368,3,12,11,0,8,/home/bradley/.codex/worktrees/maxima-growth-policy/glob2/artifacts/maxima-historical-validation/duels/Mazury-warrush-9507-1-historical,,,,12800,,,5632,6144,1536,512,6829,,
duels,Mazury.map.gz,warrush,9507,1,latest,0,43554,won,True,False,99,80.04422096707536,54.570119851219175,15.826766772282683,1.623823299811728,8.632823621251779,9.604169536667126,38,84,26,5,70,/home/bradley/.codex/worktrees/maxima-growth-policy/glob2/artifacts/maxima-historical-validation/duels/Mazury-warrush-9507-1-latest,11264,22528,3072,15360,16384,26624,11264,5120,1536,512,6851,,
duels,SmallForTwo.map.gz,warrush,9511,1,historical,0,21154,won,True,False,110,59.49565094072043,43.32225583813936,11.940247707289402,1.177082348492011,5.038290630613596,1.991112791906968,2,85,30,5,102,/home/bradley/.codex/worktrees/maxima-growth-policy/glob2/artifacts/maxima-historical-validation/duels/SmallForTwo-warrush-9511-1-historical,9216,17408,17408,,10752,14848,4608,5632,4096,512,5175,,
duels,SmallForTwo.map.gz,warrush,9511,1,latest,0,20738,won,True,False,133,64.11153438132897,47.518034525990934,12.247661298100105,1.531005882920243,6.544025460507282,2.1235413251036745,1,104,32,3,84,/home/bradley/.codex/worktrees/maxima-growth-policy/glob2/artifacts/maxima-historical-validation/duels/SmallForTwo-warrush-9511-1-latest,8704,15360,12288,16384,10240,14848,4096,5632,4096,512,4137,,
duels,Muka.map.gz,warrush,9511,0,historical,0,16290,won,True,False,57,29.142786985880907,19.646286065070594,7.453836709637814,1.025659914057704,2.774217311233886,1.6013505217925108,2,43,14,0,23,/home/bradley/.codex/worktrees/maxima-growth-policy/glob2/artifacts/maxima-historical-validation/duels/Muka-warrush-9511-0-historical,14848,,15872,,13312,,7168,6144,1024,1024,3470,,
duels,Muka.map.gz,warrush,9511,0,latest,0,11810,lost,False,False,2,7.635901778154107,5.164775613886537,0.43353090601185434,0.7182049110922947,1.609822184589331,1.3251481795088909,4,4,5,0,0,/home/bradley/.codex/worktrees/maxima-growth-policy/glob2/artifacts/maxima-historical-validation/duels/Muka-warrush-9511-0-latest,,,6656,,,,,,1024,1024,9066,,
duels,Dejans.map.gz,castor,9511,1,historical,0,14434,won,True,False,60,33.928225024248306,22.097686019121518,7.79243452958293,0.9822640986559512,2.9848967715117083,0.5811278924760981,0,51,16,0,42,/home/bradley/.codex/worktrees/maxima-growth-policy/glob2/artifacts/maxima-historical-validation/duels/Dejans-castor-9511-1-historical,11776,,,,12288,,4096,5120,4096,512,3733,10929,
duels,Dejans.map.gz,castor,9511,1,latest,0,13506,won,True,False,51,28.019917073893083,18.591959129275878,6.574411372723234,2.2228639123352583,3.3509551310528654,0.45490892936472677,0,41,14,0,30,/home/bradley/.codex/worktrees/maxima-growth-policy/glob2/artifacts/maxima-historical-validation/duels/Dejans-castor-9511-1-latest,13312,,2560,6656,13312,,4608,6144,7168,512,3528,,
duels,strange2.map.gz,castor,9518,1,historical,0,28770,lost,False,False,0,141.4985053875565,133.70371915189435,5.8549878345498785,7.874104970455336,0.9911018421967327,67.05651720542231,497,369,13,0,9,/home/bradley/.codex/worktrees/maxima-growth-policy/glob2/artifacts/maxima-historical-validation/duels/strange2-castor-9518-1-historical,512,512,512,,,,1536,1024,1024,512,,,
duels,strange2.map.gz,castor,9518,1,latest,0,55970,won,True,False,0,79.32020725388601,74.59996426657138,3.5584777559406824,8.958835090226907,9.762158299088798,33.04170091120243,446,318,17,0,8,/home/bradley/.codex/worktrees/maxima-growth-policy/glob2/artifacts/maxima-historical-validation/duels/strange2-castor-9518-1-latest,512,512,512,,,,4096,3072,1024,512,,,
duels,Muka.map.gz,cortex,9522,0,historical,0,27138,lost,False,False,11,36.384921512270616,22.01798216522957,8.178716191318447,1.3772569828285062,4.169504016508217,2.094922249244602,11,55,20,7,74,/home/bradley/.codex/worktrees/maxima-growth-policy/glob2/artifacts/maxima-historical-validation/duels/Muka-cortex-9522-0-historical,13312,,13312,18432,10240,13824,8192,7680,11776,1024,4485,,
duels,Muka.map.gz,cortex,9522,0,latest,0,26754,won,True,False,121,54.76328773267549,37.393324362712114,11.08731404649772,2.143679449801899,7.029304029304029,1.7082305449652389,0,70,27,13,160,/home/bradley/.codex/worktrees/maxima-growth-policy/glob2/artifacts/maxima-historical-validation/duels/Muka-cortex-9522-0-latest,11776,24576,14336,24064,11264,13824,11264,9728,7168,1024,3875,,
duels,strange2.map.gz,castor,9520,1,historical,0,60000,unresolved,False,True,0,68.56533333333333,64.86186666666667,2.747733333333333,4.886933333333333,0.9957333333333334,32.41813333333333,501,373,14,0,6,/home/bradley/.codex/worktrees/maxima-growth-policy/glob2/artifacts/maxima-historical-validation/duels/strange2-castor-9520-1-historical,512,512,512,,,,2048,1024,1536,512,,,
duels,strange2.map.gz,castor,9520,1,latest,0,41922,won,True,False,0,108.97800677448595,104.49577787319308,3.0044368112208386,8.945040790038643,11.621392109155098,44.1505653356233,438,310,18,0,5,/home/bradley/.codex/worktrees/maxima-growth-policy/glob2/artifacts/maxima-historical-validation/duels/strange2-castor-9520-1-latest,512,512,512,,,,6656,2048,1024,512,,,
duels,strange2.map.gz,cortex,9505,0,historical,0,10338,lost,False,False,40,208.3473592571097,190.1523505513639,12.648094408976592,5.828786999419617,0.3962081640549429,85.70458502611724,218,233,16,0,3,/home/bradley/.codex/worktrees/maxima-growth-policy/glob2/artifacts/maxima-historical-validation/duels/strange2-cortex-9505-0-historical,512,512,512,,,,4096,1536,1024,512,,,
duels,strange2.map.gz,cortex,9505,0,latest,0,10306,lost,False,False,30,206.62449058800698,194.12361731030467,7.483213661944498,4.620221230351252,2.235590917911896,78.94740927614981,192,227,17,0,0,/home/bradley/.codex/worktrees/maxima-growth-policy/glob2/artifacts/maxima-historical-validation/duels/strange2-cortex-9505-0-latest,512,512,512,,,,,3072,1024,512,,,
duels,Mazury.map.gz,cortex,9502,1,historical,0,50018,lost,False,False,7,56.92996521252349,39.58376984285657,12.041824943020513,2.272461913711064,4.3299612139629735,6.311447878763645,39,122,34,14,109,/home/bradley/.codex/worktrees/maxima-growth-policy/glob2/artifacts/maxima-historical-validation/duels/Mazury-cortex-9502-1-historical,12288,,2048,6656,13312,20480,8192,7168,3584,512,7423,,
duels,Mazury.map.gz,cortex,9502,1,latest,0,53954,won,True,False,269,160.25792341624347,109.4541275901694,40.97431145049487,3.3820291359306074,14.557882640768062,19.602031360047448,95,181,56,27,247,/home/bradley/.codex/worktrees/maxima-growth-policy/glob2/artifacts/maxima-historical-validation/duels/Mazury-cortex-9502-1-latest,9728,22016,2560,6656,16896,26624,6656,5120,2048,512,4157,,
duels,balanced_for_2.map.gz,cortex,9514,1,historical,0,37250,won,True,False,218,92.55476510067115,62.03718120805369,20.61261744966443,1.4262013422818791,5.811275167785235,2.4673288590604026,0,146,44,39,345,/home/bradley/.codex/worktrees/maxima-growth-policy/glob2/artifacts/maxima-historical-validation/duels/balanced_for_2-cortex-9514-1-historical,13312,23552,18944,24064,15872,17408,5120,7680,2048,1024,4962,,
duels,balanced_for_2.map.gz,cortex,9514,1,latest,0,35682,won,True,False,248,101.60187209237151,67.57067989462475,25.50479233226837,2.192029594753657,8.162098537077519,2.5910543130990416,1,176,51,21,295,/home/bradley/.codex/worktrees/maxima-growth-policy/glob2/artifacts/maxima-historical-validation/duels/balanced_for_2-cortex-9514-1-latest,9216,20480,12288,22528,10240,15872,4096,5120,2560,1024,4341,,
duels,strange2.map.gz,castor,9515,0,historical,0,60000,unresolved,False,True,0,63.505066666666664,61.141333333333336,1.3994666666666666,5.023466666666667,0.9957333333333334,30.1568,466,338,16,0,1,/home/bradley/.codex/worktrees/maxima-growth-policy/glob2/artifacts/maxima-historical-validation/duels/strange2-castor-9515-0-historical,512,512,512,,,,4608,1536,1024,512,,,
duels,strange2.map.gz,castor,9515,0,latest,0,36226,won,True,False,0,115.21625351957158,110.58046706785181,3.0245679898415503,8.93639927124165,7.759730580246232,49.69336940319108,435,307,16,0,4,/home/bradley/.codex/worktrees/maxima-growth-policy/glob2/artifacts/maxima-historical-validation/duels/strange2-castor-9515-0-latest,512,512,512,,,,7680,5120,3584,512,,,
duels,strange2.map.gz,warrush,9511,1,historical,0,17698,lost,False,False,0,146.50062153915698,130.03955249180697,14.696349870041812,7.94021923381173,0.23143858063057973,72.70064414058086,341,224,14,0,11,/home/bradley/.codex/worktrees/maxima-growth-policy/glob2/artifacts/maxima-historical-validation/duels/strange2-warrush-9511-1-historical,512,512,512,,,,2048,512,2048,512,733,,
duels,strange2.map.gz,warrush,9511,1,latest,0,18594,won,True,False,1,158.02269549316983,145.5214585350113,10.215768527481984,8.876089060987415,7.178982467462622,69.55028503818436,319,210,19,0,5,/home/bradley/.codex/worktrees/maxima-growth-policy/glob2/artifacts/maxima-historical-validation/duels/strange2-warrush-9511-1-latest,512,512,512,,,,2560,2048,1024,512,731,,
duels,Mazury.map.gz,castor,9514,0,historical,0,31202,won,True,False,275,90.57355297737324,67.95327222613935,15.993782449842959,2.9150695468239216,6.7268764822767775,6.86584193320941,8,252,44,13,187,/home/bradley/.codex/worktrees/maxima-growth-policy/glob2/artifacts/maxima-historical-validation/duels/Mazury-castor-9514-0-historical,9728,21504,9728,17920,9216,12288,4096,4608,4608,512,,,30770
duels,Mazury.map.gz,castor,9514,0,latest,0,24034,won,True,False,195,76.6553216276941,53.77174003495049,14.616626445868354,2.901639344262295,8.027627527669136,3.9053840392776897,1,148,32,7,101,/home/bradley/.codex/worktrees/maxima-growth-policy/glob2/artifacts/maxima-historical-validation/duels/Mazury-castor-9514-0-latest,9728,17408,6144,10240,9728,15872,5120,5120,4096,512,4110,,
duels,Dejans.map.gz,warrush,9518,0,historical,0,17922,won,True,False,77,45.41781051221962,30.58799241156121,9.500836960160697,1.114384555295168,4.7432206226983595,1.4142394822006472,1,58,22,6,95,/home/bradley/.codex/worktrees/maxima-growth-policy/glob2/artifacts/maxima-historical-validation/duels/Dejans-warrush-9518-0-historical,9728,,15872,,8704,13312,3072,5120,3072,512,3308,7457,
duels,Dejans.map.gz,warrush,9518,0,latest,0,23874,won,True,False,82,42.547457485130266,25.85310379492335,11.329437882214961,2.1770964228868226,5.30334254837899,1.0134874759152215,3,52,26,1,55,/home/bradley/.codex/worktrees/maxima-growth-policy/glob2/artifacts/maxima-historical-validation/duels/Dejans-warrush-9518-0-latest,14848,,3072,11264,14336,23552,3584,6144,2048,512,3492,13980,
duels,SmallForTwo.map.gz,cortex,9520,1,historical,0,22434,won,True,False,132,69.10328073459927,44.962824284568065,19.705892841223143,1.0642774360345904,5.207274672372292,2.804849781581528,0,93,33,8,138,/home/bradley/.codex/worktrees/maxima-growth-policy/glob2/artifacts/maxima-historical-validation/duels/SmallForTwo-cortex-9520-1-historical,8704,14336,20992,,11264,14336,4608,5120,4096,512,4569,,
duels,SmallForTwo.map.gz,cortex,9520,1,latest,0,17634,won,True,False,126,62.01536803901554,39.44346149483952,18.34303050924351,0.9854825904502665,5.73188159237836,3.188726324146535,0,69,30,3,93,/home/bradley/.codex/worktrees/maxima-growth-policy/glob2/artifacts/maxima-historical-validation/duels/SmallForTwo-cortex-9520-1-latest,7680,13312,,,11776,14848,4096,5632,4608,512,4956,,
duels,SmallForTwo.map.gz,warrush,9502,0,historical,0,17186,won,True,False,100,45.25578959618294,32.63173513324799,8.977598044920285,1.284999418131037,3.588851390666822,1.3445827999534505,1,81,20,1,33,/home/bradley/.codex/worktrees/maxima-growth-policy/glob2/artifacts/maxima-historical-validation/duels/SmallForTwo-warrush-9502-0-historical,9728,,12288,14336,12288,15872,8704,7680,3072,512,3474,,
duels,SmallForTwo.map.gz,warrush,9502,0,latest,0,31170,won,True,False,150,74.4093038177735,53.59692011549567,15.191915303176131,1.4148861084376003,9.267564966313763,1.648829002245749,0,98,37,14,167,/home/bradley/.codex/worktrees/maxima-growth-policy/glob2/artifacts/maxima-historical-validation/duels/SmallForTwo-warrush-9502-0-latest,11776,20480,15872,26112,14848,18432,10752,10240,2048,512,1853,,
duels,balanced_for_2.map.gz,castor,9511,0,historical,0,16866,won,True,False,98,52.894047195541326,37.42790228862801,9.183090240720977,1.8143009605122733,4.100913079568363,0.6035811692161746,0,77,23,5,113,/home/bradley/.codex/worktrees/maxima-growth-policy/glob2/artifacts/maxima-historical-validation/duels/balanced_for_2-castor-9511-0-historical,7680,,10752,14848,9216,11264,3584,3584,1024,512,4724,,15598
duels,balanced_for_2.map.gz,castor,9511,0,latest,0,7106,won,True,False,55,26.66507177033493,18.45538981142696,4.943287362792007,1.2794821277793413,2.459611595834506,0.0,0,38,10,0,17,/home/bradley/.codex/worktrees/maxima-growth-policy/glob2/artifacts/maxima-historical-validation/duels/balanced_for_2-castor-9511-0-latest,6656,,5120,,7106,,3584,4096,1536,512,4527,,
duels,Muka.map.gz,castor,9523,0,historical,0,39970,won,True,False,229,87.21601200900676,59.731098323742806,19.17157868401301,2.1810357768326245,6.552064048036027,2.321491118338754,0,237,41,24,344,/home/bradley/.codex/worktrees/maxima-growth-policy/glob2/artifacts/maxima-historical-validation/duels/Muka-castor-9523-0-historical,14848,25088,11776,15360,10752,14336,8704,7680,7680,1024,,,
duels,Muka.map.gz,castor,9523,0,latest,0,37314,won,True,False,185,65.11515784960069,42.27166747065445,16.781529720748246,2.3671544192528273,8.122474138393097,2.25073698879777,1,162,42,17,201,/home/bradley/.codex/worktrees/maxima-growth-policy/glob2/artifacts/maxima-historical-validation/duels/Muka-castor-9523-0-latest,14336,29696,3584,7680,13312,16384,10752,9728,12800,1024,,,
duels,balanced_for_2.map.gz,warrush,9505,0,historical,0,31170,won,True,False,198,81.75781199871672,57.91007378889958,15.610779595765159,2.0226499839589347,5.571190247032403,1.3758100737888996,0,190,43,21,239,/home/bradley/.codex/worktrees/maxima-growth-policy/glob2/artifacts/maxima-historical-validation/duels/balanced_for_2-warrush-9505-0-historical,11264,20992,13824,17408,13312,15872,3072,4608,1024,512,635,,
duels,balanced_for_2.map.gz,warrush,9505,0,latest,0,60000,unresolved,False,True,33,104.80026666666667,78.836,17.8432,2.2101333333333333,9.444266666666667,6.3008,25,158,58,24,468,/home/bradley/.codex/worktrees/maxima-growth-policy/glob2/artifacts/maxima-historical-validation/duels/balanced_for_2-warrush-9505-0-latest,10240,19968,12288,17408,11264,15360,5632,6144,1024,512,639,,
duels,Muka.map.gz,warrush,9515,1,historical,0,9570,lost,False,False,7,8.203761755485893,5.615256008359457,1.3579937304075236,0.9732497387669802,1.5082549634273772,1.9795193312434691,4,7,4,0,0,/home/bradley/.codex/worktrees/maxima-growth-policy/glob2/artifacts/maxima-historical-validation/duels/Muka-warrush-9515-1-historical,,,,,,,,,1024,1024,,,
duels,Muka.map.gz,warrush,9515,1,latest,0,7618,lost,False,False,4,6.885928065108953,4.802441585718036,0.6720924127067471,0.8319768968233132,1.3696508269887109,2.588605933315831,6,3,2,0,0,/home/bradley/.codex/worktrees/maxima-growth-policy/glob2/artifacts/maxima-historical-validation/duels/Muka-warrush-9515-1-latest,,,,,,,,,1024,1024,3524,,
duels,Muka.map.gz,castor,9510,1,historical,0,36738,won,True,False,118,45.70074582176493,26.251646796232784,13.81659317328107,2.2300615166857205,4.965376449452883,3.565735750449126,9,113,34,17,127,/home/bradley/.codex/worktrees/maxima-growth-policy/glob2/artifacts/maxima-historical-validation/duels/Muka-castor-9510-1-historical,22016,34816,17408,26112,14848,17920,10240,9728,10240,2048,3512,,
duels,Muka.map.gz,castor,9510,1,latest,0,42690,won,True,False,165,59.1353478566409,37.21906769735301,16.694659170765988,2.4394003279456546,7.504286718200984,1.9280393534785665,0,176,40,16,211,/home/bradley/.codex/worktrees/maxima-growth-policy/glob2/artifacts/maxima-historical-validation/duels/Muka-castor-9510-1-latest,23552,34304,18432,23040,15872,19968,12288,11776,9216,1024,19809,,
duels,SmallForTwo.map.gz,cortex,9500,0,historical,0,22818,lost,False,False,9,34.002760978175125,20.988474011745115,9.401700411955474,0.8526601805592077,2.535542115873433,3.465947935840126,13,43,17,0,26,/home/bradley/.codex/worktrees/maxima-growth-policy/glob2/artifacts/maxima-historical-validation/duels/SmallForTwo-cortex-9500-0-historical,15360,,,,,,7680,9216,4096,512,2859,,
duels,SmallForTwo.map.gz,cortex,9500,0,latest,0,53026,won,True,False,104,79.40708331761778,48.37076151321993,22.48017953456795,0.9951721796854374,7.074982084260552,7.716780447327726,34,74,31,11,155,/home/bradley/.codex/worktrees/maxima-growth-policy/glob2/artifacts/maxima-historical-validation/duels/SmallForTwo-cortex-9500-0-latest,12288,18432,,,18432,23552,7680,12800,3584,512,3477,,
duels,Mazury.map.gz,castor,9513,1,historical,0,51554,won,True,False,359,93.45181751173527,61.187803080265354,17.770124529619427,3.2490204445823796,7.1029987973775075,7.3891065678705825,7,356,57,17,275,/home/bradley/.codex/worktrees/maxima-growth-policy/glob2/artifacts/maxima-historical-validation/duels/Mazury-castor-9513-1-historical,16384,37376,4608,8192,13824,15360,5632,6656,2560,512,10571,,49280
duels,Mazury.map.gz,castor,9513,1,latest,0,37762,won,True,False,112,86.26576982151369,66.76857687622477,9.436073301202267,2.057677029818336,9.251046025104603,11.660611196440867,60,136,27,3,8,/home/bradley/.codex/worktrees/maxima-growth-policy/glob2/artifacts/maxima-historical-validation/duels/Mazury-castor-9513-1-latest,7680,12288,3072,5632,30720,32256,33792,,4608,512,,,
duels,Mazury.map.gz,castor,9521,0,historical,0,41186,won,True,False,606,169.87527315107076,127.07432137133978,20.975744184917204,3.8471810809498375,10.275724760841063,15.510367600640995,19,604,68,34,318,/home/bradley/.codex/worktrees/maxima-growth-policy/glob2/artifacts/maxima-historical-validation/duels/Mazury-castor-9521-0-historical,10240,22016,10752,22016,9728,12288,4096,5120,6656,512,,,29479
duels,Mazury.map.gz,castor,9521,0,latest,0,34722,won,True,False,198,82.47560624387997,54.11217671793099,17.116784747422383,2.5595875813605207,8.793272276942572,4.535510627268015,5,155,34,15,178,/home/bradley/.codex/worktrees/maxima-growth-policy/glob2/artifacts/maxima-historical-validation/duels/Mazury-castor-9521-0-latest,9728,23040,2048,4096,8704,15360,4608,5632,7168,512,5574,,
duels,SmallForTwo.map.gz,cortex,9519,1,historical,0,30882,won,True,False,111,80.49115989897028,52.05255488634156,23.811637847289685,1.734732206463312,4.875655721779678,10.838805776827925,17,100,30,12,216,/home/bradley/.codex/worktrees/maxima-growth-policy/glob2/artifacts/maxima-historical-validation/duels/SmallForTwo-cortex-9519-1-historical,8704,15360,8192,12800,10752,13824,5120,5632,4608,512,6396,,13961
duels,SmallForTwo.map.gz,cortex,9519,1,latest,0,22722,won,True,False,99,58.15852477774844,37.80477070680398,15.950884605228413,0.9887333861455858,4.932752398556465,5.50699762344864,3,65,26,7,109,/home/bradley/.codex/worktrees/maxima-growth-policy/glob2/artifacts/maxima-historical-validation/duels/SmallForTwo-cortex-9519-1-latest,7680,,,,9728,11776,4608,5632,4608,512,4759,,
duels,balanced_for_2.map.gz,castor,9520,0,historical,0,16770,won,True,False,96,53.749254621347646,37.152713178294576,9.96267143709004,1.328324388789505,4.11484794275492,0.732737030411449,0,71,21,8,119,/home/bradley/.codex/worktrees/maxima-growth-policy/glob2/artifacts/maxima-historical-validation/duels/balanced_for_2-castor-9520-0-historical,7168,,11264,,9216,11264,3072,4096,1024,512,635,,
duels,balanced_for_2.map.gz,castor,9520,0,latest,0,22018,won,True,False,174,73.98582977563811,54.3798710146244,11.838314106640022,2.453719683894995,5.9890089926423835,1.3607957125987828,0,153,32,8,192,/home/bradley/.codex/worktrees/maxima-growth-policy/glob2/artifacts/maxima-historical-validation/duels/balanced_for_2-castor-9520-0-latest,7168,15872,9728,13312,9216,11264,3584,4608,2048,512,5124,,
duels,Dejans.map.gz,castor,9514,1,historical,0,18306,won,True,False,65,38.3384682617721,22.966677592046324,9.797989730143122,0.9860155140391128,3.741614771113296,0.7622637386649186,2,57,19,1,60,/home/bradley/.codex/worktrees/maxima-growth-policy/glob2/artifacts/maxima-historical-validation/duels/Dejans-castor-9514-1-historical,12288,,,,11264,16896,3584,4608,6656,512,3165,,
duels,Dejans.map.gz,castor,9514,1,latest,0,26146,won,True,False,75,44.88170274611795,28.17811519926566,11.708177159030061,2.668400520156047,5.535225273464392,0.4027384685994034,0,65,26,5,99,/home/bradley/.codex/worktrees/maxima-growth-policy/glob2/artifacts/maxima-historical-validation/duels/Dejans-castor-9514-1-latest,13312,,2560,6144,13312,17920,4096,5632,7168,512,3523,,
duels,balanced_for_2.map.gz,cortex,9509,0,historical,0,19554,lost,False,False,4,20.181650813132862,10.962974327503325,4.241791960724148,0.8036207425590672,2.51365449524394,1.2325866830316048,2,30,10,0,11,/home/bradley/.codex/worktrees/maxima-growth-policy/glob2/artifacts/maxima-historical-validation/duels/balanced_for_2-cortex-9509-0-historical,,,,,,,4608,3584,2560,512,5027,,
duels,balanced_for_2.map.gz,cortex,9509,0,latest,0,28194,won,True,False,250,92.79829041640065,68.82560119174292,16.061076824856354,2.6664538554302335,7.55018798325885,1.9921259842519685,1,215,44,15,231,/home/bradley/.codex/worktrees/maxima-growth-policy/glob2/artifacts/maxima-historical-validation/duels/balanced_for_2-cortex-9509-0-latest,9216,18944,3072,16384,11776,14848,4096,3584,2048,512,3301,,
duels,balanced_for_2.map.gz,castor,9520,1,historical,0,23330,won,True,False,173,74.94860694384911,55.2573939134162,11.774624946420918,1.8697813973424775,5.305015002143163,0.9495070724389199,0,145,34,17,207,/home/bradley/.codex/worktrees/maxima-growth-policy/glob2/artifacts/maxima-historical-validation/duels/balanced_for_2-castor-9520-1-historical,8192,16896,10752,15360,10752,13824,4608,5632,1024,1024,5989,,
duels,balanced_for_2.map.gz,castor,9520,1,latest,0,24930,won,True,False,228,88.77472924187725,67.67392699558765,13.38604091456077,2.977055756117128,6.840272763738468,1.4249498596068992,0,200,36,13,195,/home/bradley/.codex/worktrees/maxima-growth-policy/glob2/artifacts/maxima-historical-validation/duels/balanced_for_2-castor-9520-1-latest,8192,15872,10752,14336,8704,11264,4096,3584,1536,1024,675,,
duels,Mazury.map.gz,castor,9508,0,historical,0,41186,won,True,False,385,115.64189287622007,84.16818821929782,20.66770261739426,3.251930267566649,8.423444859903851,7.965667945418346,8,372,49,23,258,/home/bradley/.codex/worktrees/maxima-growth-policy/glob2/artifacts/maxima-historical-validation/duels/Mazury-castor-9508-0-historical,12288,26112,7680,13824,11264,14848,4096,5632,4608,512,7180,,30865
duels,Mazury.map.gz,castor,9508,0,latest,0,25346,won,True,False,110,59.1655488045451,41.04300481338278,11.758620689655173,2.464767616191904,6.000473447486783,4.141402982719167,7,83,24,10,102,/home/bradley/.codex/worktrees/maxima-growth-policy/glob2/artifacts/maxima-historical-validation/duels/Mazury-castor-9508-0-latest,9728,24064,5120,11264,8704,12800,4096,5632,9728,1024,,,
duels,Dejans.map.gz,warrush,9506,0,historical,0,14274,won,True,False,56,34.72943813927421,22.65657839428331,8.296763345943674,0.9820652935407034,3.61902760263416,1.4619588062211013,1,42,16,0,42,/home/bradley/.codex/worktrees/maxima-growth-policy/glob2/artifacts/maxima-historical-validation/duels/Dejans-warrush-9506-0-historical,12288,,,,10240,,2560,4608,2560,512,3082,11379,
duels,Dejans.map.gz,warrush,9506,0,latest,0,36898,won,True,False,112,58.70101360507345,37.78386362404466,14.039270421161039,2.5430104612716136,6.380183207761938,1.5124939021085153,3,86,35,13,209,/home/bradley/.codex/worktrees/maxima-growth-policy/glob2/artifacts/maxima-historical-validation/duels/Dejans-warrush-9506-0-latest,15872,34816,3072,16384,14848,21504,2560,5632,2048,512,3497,8498,
duels,SmallForTwo.map.gz,warrush,9515,0,historical,0,31106,won,True,False,152,73.14289847617823,54.23239889410403,14.807561242204077,1.5762232366745965,5.4077026940140165,3.7737414003729186,2,136,36,14,139,/home/bradley/.codex/worktrees/maxima-growth-policy/glob2/artifacts/maxima-historical-validation/duels/SmallForTwo-warrush-9515-0-historical,13312,20480,15360,17408,15360,19968,7680,11264,3072,1024,2664,25218,
duels,SmallForTwo.map.gz,warrush,9515,0,latest,0,31522,won,True,False,120,48.01973225049172,30.352261912315207,13.531057674005456,1.1878687900513927,5.065478078802107,2.860859082545524,13,103,33,4,112,/home/bradley/.codex/worktrees/maxima-growth-policy/glob2/artifacts/maxima-historical-validation/duels/SmallForTwo-warrush-9515-0-latest,19456,27648,13824,,23040,26112,6656,13824,3072,1024,5127,,
duels,balanced_for_2.map.gz,warrush,9519,1,historical,0,27586,won,True,False,249,95.80319727397955,73.31552236641775,14.517182628869717,2.1555136663524976,6.383310374827811,1.2019140143551077,1,231,53,32,254,/home/bradley/.codex/worktrees/maxima-growth-policy/glob2/artifacts/maxima-historical-validation/duels/balanced_for_2-warrush-9519-1-historical,9728,17408,11776,15360,10752,12800,4608,5120,1024,1024,673,,
duels,balanced_for_2.map.gz,warrush,9519,1,latest,0,38242,won,True,False,221,94.43669264159824,61.95674912399979,20.980754144657705,2.176612101877517,7.757857852622771,2.0395899796035772,0,197,49,22,340,/home/bradley/.codex/worktrees/maxima-growth-policy/glob2/artifacts/maxima-historical-validation/duels/balanced_for_2-warrush-9519-1-latest,10240,23552,15872,20992,13312,16384,6144,6144,1024,1024,5595,36581,
duels,balanced_for_2.map.gz,cortex,9521,1,historical,0,34978,won,True,False,121,46.130482017267994,26.882955000285893,13.533706901480931,1.4996283378123392,3.72577048430442,1.3905883698324661,0,100,40,4,112,/home/bradley/.codex/worktrees/maxima-growth-policy/glob2/artifacts/maxima-historical-validation/duels/balanced_for_2-cortex-9521-1-historical,22528,32768,24576,16896,26624,22016,4608,5120,2560,1024,4556,,
duels,balanced_for_2.map.gz,cortex,9521,1,latest,0,27138,won,True,False,164,76.62908099344094,46.70307318151669,22.19935146289336,1.9058147247402166,6.123148352863144,2.2641314761588918,0,116,41,13,195,/home/bradley/.codex/worktrees/maxima-growth-policy/glob2/artifacts/maxima-historical-validation/duels/balanced_for_2-cortex-9521-1-latest,8704,19456,15360,19456,10752,13824,4096,5120,2048,1024,2510,,
duels,SmallForTwo.map.gz,castor,9508,0,historical,0,21250,won,True,False,99,47.60715294117647,34.130023529411766,9.621505882352942,1.445835294117647,4.433976470588235,1.1569882352941177,1,77,25,6,84,/home/bradley/.codex/worktrees/maxima-growth-policy/glob2/artifacts/maxima-historical-validation/duels/SmallForTwo-castor-9508-0-historical,11264,,11776,18432,13312,14848,8192,9216,2560,512,7756,,18733
duels,SmallForTwo.map.gz,castor,9508,0,latest,0,21378,won,True,False,122,48.44372719618299,34.4394704836748,9.710777434746001,1.329404060248854,5.317990457479652,1.3233230423800169,0,100,27,5,75,/home/bradley/.codex/worktrees/maxima-growth-policy/glob2/artifacts/maxima-historical-validation/duels/SmallForTwo-castor-9508-0-latest,11776,19456,14336,15872,14336,14336,6144,9216,4608,512,7342,,
duels,Mazury.map.gz,cortex,9507,0,historical,0,28386,lost,False,False,7,46.32477277531177,32.30997674910167,9.541605016557458,1.8037060522792927,3.3347424786866764,6.289649827379694,30,85,21,7,96,/home/bradley/.codex/worktrees/maxima-growth-policy/glob2/artifacts/maxima-historical-validation/duels/Mazury-cortex-9507-0-historical,9728,,11264,18944,10240,12800,4096,4608,4608,512,6370,,
duels,Mazury.map.gz,cortex,9507,0,latest,0,60000,unresolved,False,True,121,62.3512,36.02106666666667,21.228266666666666,2.2816,6.928,5.394666666666667,14,96,28,23,236,/home/bradley/.codex/worktrees/maxima-growth-policy/glob2/artifacts/maxima-historical-validation/duels/Mazury-cortex-9507-0-latest,11776,53760,5120,12800,10240,13824,4096,5120,6144,512,6605,,
duels,strange2.map.gz,cortex,9504,0,historical,0,11074,lost,False,False,32,217.57973631930648,200.8428752031786,13.546685931009572,5.646559508759256,0.3698753837818313,95.05327794834749,263,253,13,0,2,/home/bradley/.codex/worktrees/maxima-growth-policy/glob2/artifacts/maxima-historical-validation/duels/strange2-cortex-9504-0-historical,512,512,512,,,,3584,2560,1024,512,,,
duels,strange2.map.gz,cortex,9504,0,latest,0,9698,lost,False,False,83,221.14136935450608,207.56073417199423,7.909878325427924,4.857083934831924,2.5341307486079603,81.84965972365436,164,232,17,0,0,/home/bradley/.codex/worktrees/maxima-growth-policy/glob2/artifacts/maxima-historical-validation/duels/strange2-cortex-9504-0-latest,512,512,512,,,,,4096,1024,512,,,
duels,SmallForTwo.map.gz,warrush,9501,1,historical,0,29730,won,True,False,197,93.62697611839893,73.40201816347124,15.396030945173226,1.7095190043726876,6.489068281197444,3.8254961318533467,1,172,41,8,159,/home/bradley/.codex/worktrees/maxima-growth-policy/glob2/artifacts/maxima-historical-validation/duels/SmallForTwo-warrush-9501-1-historical,10240,16896,6144,17408,15360,21504,6144,6144,4096,512,4353,,
duels,SmallForTwo.map.gz,warrush,9501,1,latest,0,21154,won,True,False,124,59.69967854779238,44.107166493334596,11.238347357473764,1.1528788881535408,6.138318994043679,2.0242034603384704,0,99,33,2,85,/home/bradley/.codex/worktrees/maxima-growth-policy/glob2/artifacts/maxima-historical-validation/duels/SmallForTwo-warrush-9501-1-latest,9728,16384,17920,19456,11776,15872,7168,6656,4096,512,4755,,
duels,Muka.map.gz,warrush,9505,0,historical,0,18658,won,True,False,50,30.95572944581413,20.418158430699968,7.46735984564262,0.9862793439811341,2.6553757101511417,3.2446135705863437,8,46,17,1,34,/home/bradley/.codex/worktrees/maxima-growth-policy/glob2/artifacts/maxima-historical-validation/duels/Muka-warrush-9505-0-historical,15360,,,,12288,16384,12800,12800,1024,1024,3471,,
duels,Muka.map.gz,warrush,9505,0,latest,0,13442,won,True,False,15,9.395997619401875,6.800476119625055,1.50029757476566,0.9809552149977682,2.0761791400089273,1.4286564499330456,4,6,10,0,1,/home/bradley/.codex/worktrees/maxima-growth-policy/glob2/artifacts/maxima-historical-validation/duels/Muka-warrush-9505-0-latest,,,,,,,12800,11776,1024,1024,3474,,
duels,SmallForTwo.map.gz,cortex,9514,1,historical,0,23842,won,True,False,143,72.27770321281771,42.242051841288486,25.30123311802701,1.118110896736851,5.168190588037916,3.6349299555406427,0,110,33,8,160,/home/bradley/.codex/worktrees/maxima-growth-policy/glob2/artifacts/maxima-historical-validation/duels/SmallForTwo-cortex-9514-1-historical,9216,15872,7168,,12288,15360,4096,5120,6144,512,4131,19058,
duels,SmallForTwo.map.gz,cortex,9514,1,latest,0,16674,won,True,False,130,58.699532205829435,40.540002398944466,13.721482547679022,1.1402183039462637,6.757346767422334,2.528127623845508,0,75,31,4,82,/home/bradley/.codex/worktrees/maxima-growth-policy/glob2/artifacts/maxima-historical-validation/duels/SmallForTwo-cortex-9514-1-latest,8192,12800,14336,,10240,12800,4608,5632,4096,512,4343,,
duels,SmallForTwo.map.gz,castor,9506,1,historical,0,9154,won,True,False,49,21.63491369892943,14.618745903430195,4.561066200568058,1.1050906707450294,2.67882892724492,0.3008520865195543,0,38,11,0,16,/home/bradley/.codex/worktrees/maxima-growth-policy/glob2/artifacts/maxima-historical-validation/duels/SmallForTwo-castor-9506-1-historical,,,8192,,,,5632,6144,4096,1024,6385,,
duels,SmallForTwo.map.gz,castor,9506,1,latest,0,8418,won,True,False,44,19.688168210976478,13.176407697790449,4.279163696840104,1.0876692801140413,3.019719648372535,0.604656688049418,0,33,10,0,12,/home/bradley/.codex/worktrees/maxima-growth-policy/glob2/artifacts/maxima-historical-validation/duels/SmallForTwo-castor-9506-1-latest,,,7680,,,,5632,6144,2560,1024,4334,,
duels,Mazury.map.gz,cortex,9518,0,historical,0,50658,won,True,False,498,173.72993406766946,95.39585060602471,59.16064589995657,3.7651703580875675,11.26519009830629,14.696276994749102,27,488,67,40,473,/home/bradley/.codex/worktrees/maxima-growth-policy/glob2/artifacts/maxima-historical-validation/duels/Mazury-cortex-9518-0-historical,11264,22016,6144,8704,9216,13824,4096,5120,5632,512,5954,,
duels,Mazury.map.gz,cortex,9518,0,latest,0,53218,won,True,False,571,199.68106655642828,133.9494344018941,42.72614528918787,3.8726746589499794,14.08095005449284,19.7019805329024,77,497,64,42,351,/home/bradley/.codex/worktrees/maxima-growth-policy/glob2/artifacts/maxima-historical-validation/duels/Mazury-cortex-9518-0-latest,9216,22528,4096,11264,10752,14848,4608,4608,4608,512,,50636,47651
duels,Muka.map.gz,castor,9519,1,historical,0,21378,won,True,False,61,31.362054448498455,19.438862381887922,5.425951913181776,2.006081017868837,3.072036673215455,1.7551688651885116,2,41,16,1,37,/home/bradley/.codex/worktrees/maxima-growth-policy/glob2/artifacts/maxima-historical-validation/duels/Muka-castor-9519-1-historical,15872,,3584,11264,13312,18432,10752,11264,9216,2048,3518,,
duels,Muka.map.gz,castor,9519,1,latest,0,31554,won,True,False,99,40.76525955504849,25.17985041516131,10.76364327818977,1.823603980477911,5.298599226722444,1.7142042213348545,0,66,23,8,65,/home/bradley/.codex/worktrees/maxima-growth-policy/glob2/artifacts/maxima-historical-validation/duels/Muka-castor-9519-1-latest,20480,,16896,22016,15872,18944,10752,10240,7680,1024,3716,,
duels,strange2.map.gz,cortex,9514,0,historical,0,11106,lost,False,False,65,230.24950477219522,211.2028633171259,15.035836484783001,5.439942373491807,0.32270844588510716,100.45128759229246,247,263,16,0,7,/home/bradley/.codex/worktrees/maxima-growth-policy/glob2/artifacts/maxima-historical-validation/duels/strange2-cortex-9514-0-historical,512,512,512,,,,3072,2048,1024,512,,,
duels,strange2.map.gz,cortex,9514,0,latest,0,9602,lost,False,False,52,206.2095396792335,193.7452614038742,7.718600291605916,4.052489064778171,1.9196000833159759,75.41095605082275,164,212,15,0,0,/home/bradley/.codex/worktrees/maxima-growth-policy/glob2/artifacts/maxima-historical-validation/duels/strange2-cortex-9514-0-latest,512,512,512,,,,,3584,1024,512,,,
duels,balanced_for_2.map.gz,cortex,9513,0,historical,0,21378,won,True,False,102,53.875526241930956,33.56618954064927,13.309149593039573,1.3833847880999157,3.994293198615399,1.5149218823089157,0,85,26,4,131,/home/bradley/.codex/worktrees/maxima-growth-policy/glob2/artifacts/maxima-historical-validation/duels/balanced_for_2-cortex-9513-0-historical,9728,,16384,19456,13824,16896,3072,3584,2560,512,3085,,
duels,balanced_for_2.map.gz,cortex,9513,0,latest,0,17698,won,True,False,107,54.17849474516895,33.596169058650695,14.8658605492146,1.5988247259577353,4.702000226014239,1.9672279353599276,0,69,28,3,86,/home/bradley/.codex/worktrees/maxima-growth-policy/glob2/artifacts/maxima-historical-validation/duels/balanced_for_2-cortex-9513-0-latest,8704,17408,11776,16384,11776,13824,4608,5120,2048,512,3078,,
duels,SmallForTwo.map.gz,warrush,9517,1,historical,0,29762,won,True,False,164,92.59723808883811,73.44160338686916,15.190040991868827,2.010819165378671,7.348766883945971,8.412875478798467,15,155,36,7,176,/home/bradley/.codex/worktrees/maxima-growth-policy/glob2/artifacts/maxima-historical-validation/duels/SmallForTwo-warrush-9517-1-historical,9728,15872,6144,10752,12288,16896,3584,5632,3584,512,4356,,10632
duels,SmallForTwo.map.gz,warrush,9517,1,latest,0,27746,won,True,False,152,71.38582137965832,52.83676926403806,13.698839472356376,1.5698839472356376,7.635046493188208,2.2824911698983636,1,129,39,7,152,/home/bradley/.codex/worktrees/maxima-growth-policy/glob2/artifacts/maxima-historical-validation/duels/SmallForTwo-warrush-9517-1-latest,11264,18432,17408,20480,14336,18432,4608,7680,4096,512,4770,,
duels,balanced_for_2.map.gz,castor,9512,1,historical,0,18658,won,True,False,106,55.27634258762997,39.67375924536392,9.332993890020367,1.7788616143209348,4.322864186943939,0.7941901597170115,0,82,26,9,133,/home/bradley/.codex/worktrees/maxima-growth-policy/glob2/artifacts/maxima-historical-validation/duels/balanced_for_2-castor-9512-1-historical,8192,17920,10240,15872,10240,12288,5120,5120,1536,1024,5365,,16686
duels,balanced_for_2.map.gz,castor,9512,1,latest,0,29378,won,True,False,94,57.75515692014432,37.97007965143985,11.928722173054666,2.481652937572333,5.228946830961944,1.8473687793587037,2,78,25,13,201,/home/bradley/.codex/worktrees/maxima-growth-policy/glob2/artifacts/maxima-historical-validation/duels/balanced_for_2-castor-9512-1-latest,9728,,12288,16896,10240,12800,6144,7168,1536,1024,6779,,
duels,SmallForTwo.map.gz,warrush,9520,1,historical,0,10242,won,True,False,61,28.581331771138448,19.379222808045302,6.051552431165788,0.9750048818590119,2.475493067760203,1.8500292911540714,0,43,13,0,14,/home/bradley/.codex/worktrees/maxima-growth-policy/glob2/artifacts/maxima-historical-validation/duels/SmallForTwo-warrush-9520-1-historical,9216,,,,,,6656,5120,3072,512,3731,,
duels,SmallForTwo.map.gz,warrush,9520,1,latest,0,15234,won,True,False,112,46.88637258763293,33.784232637521335,9.21950899304188,1.428646448733097,5.101614808979913,1.8655638702901405,0,85,27,2,41,/home/bradley/.codex/worktrees/maxima-growth-policy/glob2/artifacts/maxima-historical-validation/duels/SmallForTwo-warrush-9520-1-latest,9216,14336,7680,12800,11264,13824,4096,6144,4096,512,4770,,
duels,Mazury.map.gz,castor,9515,0,historical,0,40418,won,True,False,588,203.12256915235787,159.86562917512,22.545153149586817,4.206789054381711,11.725072987282894,31.22836360037607,81,670,78,37,356,/home/bradley/.codex/worktrees/maxima-growth-policy/glob2/artifacts/maxima-historical-validation/duels/Mazury-castor-9515-0-historical,9216,19968,9216,12288,8192,11264,4096,4608,4096,512,7189,37848,28481
duels,Mazury.map.gz,castor,9515,0,latest,0,29922,won,True,False,192,96.28975335873271,72.13568611723815,15.542076064434196,3.176659314216964,9.800748613060625,4.8183276518949265,7,148,36,9,124,/home/bradley/.codex/worktrees/maxima-growth-policy/glob2/artifacts/maxima-historical-validation/duels/Mazury-castor-9515-0-latest,8192,16384,2560,5120,11264,15872,5120,4608,7168,512,,21377,
duels,balanced_for_2.map.gz,cortex,9511,1,historical,0,33954,lost,False,False,2,27.287860045944512,14.2443305648819,6.061848383106556,1.0706249631854863,2.533309772044531,1.4476055840254463,7,39,17,1,23,/home/bradley/.codex/worktrees/maxima-growth-policy/glob2/artifacts/maxima-historical-validation/duels/balanced_for_2-cortex-9511-1-historical,17920,,18432,13312,,21504,5120,5632,2560,1024,2916,,
duels,balanced_for_2.map.gz,cortex,9511,1,latest,0,29826,won,True,False,219,88.9915509957755,61.07630926037685,20.339904781063503,1.9228860725541475,7.786092670824114,1.7425065379199356,0,154,44,19,279,/home/bradley/.codex/worktrees/maxima-growth-policy/glob2/artifacts/maxima-historical-validation/duels/balanced_for_2-cortex-9511-1-latest,9216,17920,14848,18432,9728,13824,4608,5120,2560,1024,5800,,
duels,SmallForTwo.map.gz,castor,9519,1,historical,0,12738,won,True,False,65,30.578112733553148,20.335688491128906,6.734495211179149,1.5328937038781598,2.8648139425341497,0.37698225781127337,0,57,16,0,31,/home/bradley/.codex/worktrees/maxima-growth-policy/glob2/artifacts/maxima-historical-validation/duels/SmallForTwo-castor-9519-1-historical,10240,,6656,12288,12288,,4096,6144,3584,512,6382,,
duels,SmallForTwo.map.gz,castor,9519,1,latest,0,4386,won,True,False,22,11.077519379844961,7.995896032831737,2.0155038759689923,0.9416324669402645,1.4163246694026448,0.35020519835841313,0,18,4,0,2,/home/bradley/.codex/worktrees/maxima-growth-policy/glob2/artifacts/maxima-historical-validation/duels/SmallForTwo-castor-9519-1-latest,,,,,,,3584,,2560,512,,,
duels,SmallForTwo.map.gz,cortex,9502,1,historical,0,16642,won,True,False,94,51.02818170892922,28.98714096863358,17.394604013940633,1.5692825381564717,3.5388775387573608,3.907943756760005,0,73,23,3,79,/home/bradley/.codex/worktrees/maxima-growth-policy/glob2/artifacts/maxima-historical-validation/duels/SmallForTwo-cortex-9502-1-historical,8192,,7168,,10240,14336,4096,4608,5632,512,4342,,
duels,SmallForTwo.map.gz,cortex,9502,1,latest,0,15938,won,True,False,101,52.34747145187602,36.92006525285481,11.80461789434057,1.0362655289245828,5.5346969506839,1.6466306939390136,0,60,25,2,76,/home/bradley/.codex/worktrees/maxima-growth-policy/glob2/artifacts/maxima-historical-validation/duels/SmallForTwo-cortex-9502-1-latest,8192,15872,15360,,10240,13312,4608,5632,6144,512,5170,,
duels,Mazury.map.gz,cortex,9506,1,historical,0,60000,unresolved,False,True,414,94.39946666666667,63.02986666666666,26.936,2.7861333333333334,7.104,8.179733333333333,27,371,79,18,239,/home/bradley/.codex/worktrees/maxima-growth-policy/glob2/artifacts/maxima-historical-validation/duels/Mazury-cortex-9506-1-historical,32256,39936,2048,7168,13824,44544,5632,6656,8192,512,,51141,52511
duels,Mazury.map.gz,cortex,9506,1,latest,0,44994,lost,False,False,17,63.99942214517491,40.05116237720585,16.647397430768546,1.8320664977552563,6.301373516468862,8.647064052984842,49,104,28,6,58,/home/bradley/.codex/worktrees/maxima-growth-policy/glob2/artifacts/maxima-historical-validation/duels/Mazury-cortex-9506-1-latest,10240,25088,4608,7168,13312,21504,5632,6144,2560,512,7027,,
duels,strange2.map.gz,cortex,9517,0,historical,0,9922,lost,False,False,51,221.59322717194115,200.4283410602701,16.62386615601693,5.30880870792179,0.3612174964724854,92.24692602297924,228,235,14,0,4,/home/bradley/.codex/worktrees/maxima-growth-policy/glob2/artifacts/maxima-historical-validation/duels/strange2-cortex-9517-0-historical,512,512,512,,,,3584,2048,1024,512,,,
duels,strange2.map.gz,cortex,9517,0,latest,0,10690,lost,False,False,61,217.4933582787652,200.211131898971,13.30692235734331,4.0710944808231995,2.1073900841908326,84.2198316183349,221,239,21,0,2,/home/bradley/.codex/worktrees/maxima-growth-policy/glob2/artifacts/maxima-historical-validation/duels/strange2-cortex-9517-0-latest,512,512,512,,,,6656,3584,1024,512,,,
duels,Mazury.map.gz,castor,9523,1,historical,0,26786,won,True,False,143,62.7484133502576,43.190845964309716,12.79142089151049,2.734936160680953,5.638393190472635,4.89487045471515,8,126,32,7,109,/home/bradley/.codex/worktrees/maxima-growth-policy/glob2/artifacts/maxima-historical-validation/duels/Mazury-castor-9523-1-historical,11776,20992,5120,8704,13312,20992,5120,6144,2560,512,4756,,
duels,Mazury.map.gz,castor,9523,1,latest,0,26498,won,True,False,238,91.06408030794778,69.3886708430825,13.496301607668503,2.9277681334440335,8.75477394520341,3.4884142199411277,0,209,36,4,111,/home/bradley/.codex/worktrees/maxima-growth-policy/glob2/artifacts/maxima-historical-validation/duels/Mazury-castor-9523-1-latest,9728,15872,4096,6656,11776,15360,6656,5120,2560,512,,,
duels,balanced_for_2.map.gz,cortex,9510,0,historical,0,28962,won,True,False,248,95.70879082936261,71.33761480560734,16.103653062633796,2.001173952075133,6.130792072370693,1.7383467992541952,0,223,54,21,242,/home/bradley/.codex/worktrees/maxima-growth-policy/glob2/artifacts/maxima-historical-validation/duels/balanced_for_2-cortex-9510-0-historical,9728,18432,11776,15360,12800,16896,2560,4096,2560,512,3081,,20860
duels,balanced_for_2.map.gz,cortex,9510,0,latest,0,29282,won,True,False,246,90.15156068574551,63.89843589918721,18.588894201215766,2.5608223482002597,7.334061881019056,1.912574277713271,0,201,46,15,231,/home/bradley/.codex/worktrees/maxima-growth-policy/glob2/artifacts/maxima-historical-validation/duels/balanced_for_2-cortex-9510-0-latest,9216,19968,15872,19456,14336,17408,4608,5120,2048,512,640,,
duels,balanced_for_2.map.gz,castor,9523,0,historical,0,22850,won,True,False,137,71.79689277899344,52.680919037199125,11.986958424507659,1.52945295404814,5.269234135667396,0.6302844638949672,0,109,33,19,204,/home/bradley/.codex/worktrees/maxima-growth-policy/glob2/artifacts/maxima-historical-validation/duels/balanced_for_2-castor-9523-0-historical,8192,16384,13312,17408,9728,12288,4096,3584,1024,512,5129,,
duels,balanced_for_2.map.gz,castor,9523,0,latest,0,24578,won,True,False,225,85.73008381479372,64.83318414842542,13.021726747497762,2.6042802506306453,6.761249898283017,0.8957604361624216,0,201,41,15,196,/home/bradley/.codex/worktrees/maxima-growth-policy/glob2/artifacts/maxima-historical-validation/duels/balanced_for_2-castor-9523-0-latest,7680,17408,10752,14848,8704,10752,3584,4608,1024,512,5344,,
duels,Mazury.map.gz,castor,9500,1,historical,0,31362,won,True,False,351,105.56855430138384,82.50806708755819,15.627606657738665,3.575792360181111,7.449971302850583,6.923027868120656,9,341,55,12,196,/home/bradley/.codex/worktrees/maxima-growth-policy/glob2/artifacts/maxima-historical-validation/duels/Mazury-castor-9500-1-historical,11264,19968,4608,8192,12800,20480,4608,5120,5120,512,5989,,28509
duels,Mazury.map.gz,castor,9500,1,latest,0,25634,won,True,False,212,88.00335491924787,66.62662869626277,12.909378169618476,2.533276117656238,8.249590387766247,5.683077163142701,4,186,32,6,80,/home/bradley/.codex/worktrees/maxima-growth-policy/glob2/artifacts/maxima-historical-validation/duels/Mazury-castor-9500-1-latest,8192,13824,2560,5120,12800,19456,7168,5632,5120,512,8905,,
duels,SmallForTwo.map.gz,cortex,9511,1,historical,0,22242,won,True,False,155,77.56370829961334,51.66109162845068,20.06779965830411,1.1712975451847856,6.337199892096034,3.126607319485658,1,93,31,7,152,/home/bradley/.codex/worktrees/maxima-growth-policy/glob2/artifacts/maxima-historical-validation/duels/SmallForTwo-cortex-9511-1-historical,8192,14336,16384,20992,10240,13312,4608,5120,7168,512,4344,,
duels,SmallForTwo.map.gz,cortex,9511,1,latest,0,19010,won,True,False,124,60.47632824829037,37.82046291425566,16.463440294581797,0.9865334034718569,6.431772751183588,2.501735928458706,0,66,27,6,92,/home/bradley/.codex/worktrees/maxima-growth-policy/glob2/artifacts/maxima-historical-validation/duels/SmallForTwo-cortex-9511-1-latest,8192,14848,,,9728,12288,4096,5120,4608,512,4126,,
duels,balanced_for_2.map.gz,castor,9514,0,historical,0,15938,won,True,False,93,51.878592044171164,35.63251348977287,9.33002886183963,0.9839377588154097,3.932111933743255,1.0803112059229514,0,70,21,6,103,/home/bradley/.codex/worktrees/maxima-growth-policy/glob2/artifacts/maxima-historical-validation/duels/balanced_for_2-castor-9514-0-historical,7680,,,,9216,11264,3584,3584,2048,512,429,,
duels,balanced_for_2.map.gz,castor,9514,0,latest,0,21986,won,True,False,168,64.88888383516783,46.78882015828254,11.114436459565178,2.5897389247703084,5.352769944510142,1.125352497043573,0,151,33,8,155,/home/bradley/.codex/worktrees/maxima-growth-policy/glob2/artifacts/maxima-historical-validation/duels/balanced_for_2-castor-9514-0-latest,7680,18432,10240,16896,8704,10752,3584,4096,2048,512,639,,
duels,SmallForTwo.map.gz,castor,9508,1,historical,0,11362,won,True,False,63,30.19019538813589,19.400193627882416,7.358563633163175,1.2339376870269319,2.9218447456433725,0.6169688435134659,0,50,14,0,27,/home/bradley/.codex/worktrees/maxima-growth-policy/glob2/artifacts/maxima-historical-validation/duels/SmallForTwo-castor-9508-1-historical,9728,,8704,,11264,,4096,5120,2560,512,4248,,
duels,SmallForTwo.map.gz,castor,9508,1,latest,0,4418,won,True,False,21,10.207333635129018,7.336351290176551,1.7980986871887732,0.9420552286102308,1.6523313716613852,0.11588954277953825,0,17,4,0,2,/home/bradley/.codex/worktrees/maxima-growth-policy/glob2/artifacts/maxima-historical-validation/duels/SmallForTwo-castor-9508-1-latest,,,,,,,4096,,2560,512,,,
duels,Mazury.map.gz,cortex,9522,1,historical,0,30338,lost,False,False,22,48.81050168106005,33.00524095194146,10.923528248401345,2.295207330740326,2.8565495418287297,12.380381040279518,77,147,26,2,44,/home/bradley/.codex/worktrees/maxima-growth-policy/glob2/artifacts/maxima-historical-validation/duels/Mazury-cortex-9522-1-historical,9728,,4608,7168,9728,14336,5120,6144,8192,512,7423,,
duels,Mazury.map.gz,cortex,9522,1,latest,0,60000,unresolved,False,True,247,150.68853333333334,98.46133333333333,42.29333333333334,2.9872,13.4496,18.1168,100,166,56,24,174,/home/bradley/.codex/worktrees/maxima-growth-policy/glob2/artifacts/maxima-historical-validation/duels/Mazury-cortex-9522-1-latest,10752,16896,3072,6656,13312,22528,5632,11264,4096,512,1896,,
duels,Dejans.map.gz,warrush,9509,1,historical,0,40898,won,True,False,121,66.40087534842779,39.36613037312338,18.524304366961708,1.4539097266369994,6.026749474301922,3.1849479192136534,11,119,28,29,280,/home/bradley/.codex/worktrees/maxima-growth-policy/glob2/artifacts/maxima-historical-validation/duels/Dejans-warrush-9509-1-historical,13312,31744,24064,32256,13312,15872,3584,6144,2048,512,3331,,
duels,Dejans.map.gz,warrush,9509,1,latest,0,41474,won,True,False,114,58.163186574721514,36.62530742151709,15.328012730867531,2.7161112986449343,6.809036987028017,1.9444953464821333,1,73,41,17,219,/home/bradley/.codex/worktrees/maxima-growth-policy/glob2/artifacts/maxima-historical-validation/duels/Dejans-warrush-9509-1-latest,21504,36352,2560,11264,19968,27136,4608,9728,2560,512,2099,,
duels,Muka.map.gz,cortex,9507,1,historical,0,26146,lost,False,False,12,31.699839363573776,19.223284632448557,7.561386062877687,1.0770289910502562,3.0156811749407173,3.9575460873556185,13,25,19,3,29,/home/bradley/.codex/worktrees/maxima-growth-policy/glob2/artifacts/maxima-historical-validation/duels/Muka-cortex-9507-1-historical,16896,,11776,,16896,22528,7168,9728,8704,1024,4341,,
duels,Muka.map.gz,cortex,9507,1,latest,0,46338,won,True,False,141,62.7519314601407,35.142625922568946,21.84082178773361,2.2431697526867795,7.525184513789978,3.9338340023307006,1,59,31,15,145,/home/bradley/.codex/worktrees/maxima-growth-policy/glob2/artifacts/maxima-historical-validation/duels/Muka-cortex-9507-1-latest,16384,38400,22016,33280,15872,19968,11264,13312,11776,1024,4337,,
duels,Muka.map.gz,cortex,9505,0,historical,0,45602,won,True,False,185,107.13113459935968,66.93250296039648,30.745800622779704,2.2133239770185518,7.9756589623262135,8.917986053243279,19,121,38,35,424,/home/bradley/.codex/worktrees/maxima-growth-policy/glob2/artifacts/maxima-historical-validation/duels/Muka-cortex-9505-0-historical,11264,20992,11776,17408,11264,14336,8704,7680,12288,1024,4490,,
duels,Muka.map.gz,cortex,9505,0,latest,0,51650,won,True,False,109,52.27477250726041,29.084298160697,16.06760890609874,1.8451500484027106,7.136534365924492,3.0408518877057116,4,60,35,17,163,/home/bradley/.codex/worktrees/maxima-growth-policy/glob2/artifacts/maxima-historical-validation/duels/Muka-cortex-9505-0-latest,15872,49664,17408,32256,12800,15360,8704,8192,10752,1024,3674,,
duels,balanced_for_2.map.gz,cortex,9511,0,historical,0,20546,won,True,False,102,51.1248418183588,31.201645089068432,13.153509198870827,1.5329504526428501,4.022096758493137,1.6169570719361432,0,84,26,3,112,/home/bradley/.codex/worktrees/maxima-growth-policy/glob2/artifacts/maxima-historical-validation/duels/balanced_for_2-cortex-9511-0-historical,9216,20480,12800,18432,14336,16384,4096,3584,2048,512,2688,,
duels,balanced_for_2.map.gz,cortex,9511,0,latest,0,17474,won,True,False,114,55.603754149021405,35.074510701613825,13.810919079775667,1.7145473274579375,4.648849719583381,1.659265194002518,0,78,29,4,107,/home/bradley/.codex/worktrees/maxima-growth-policy/glob2/artifacts/maxima-historical-validation/duels/balanced_for_2-cortex-9511-0-latest,8192,15872,10752,13824,9216,12800,3584,5632,2560,512,2473,,
island,Holiday_Island_2.map.gz,cortex,9550,2,historical,0,60000,unresolved,False,True,95,82.42613333333334,57.8672,16.234666666666666,1.8832,5.7296,13.213866666666666,94,219,47,28,220,/home/bradley/.codex/worktrees/maxima-growth-policy/glob2/artifacts/maxima-historical-validation/island/Holiday_Island_2-cortex-9550-2-historical,10752,13824,4096,8192,13312,13312,7168,7168,8192,1024,5434,,
island,Holiday_Island_2.map.gz,cortex,9550,2,latest,0,54850,won,True,False,171,124.39726526891522,93.38960802187785,21.778960802187786,0.718760255241568,10.77852324521422,13.906362807657247,27,85,45,14,228,/home/bradley/.codex/worktrees/maxima-growth-policy/glob2/artifacts/maxima-historical-validation/island/Holiday_Island_2-cortex-9550-2-latest,10752,15360,,,16384,15360,4096,7168,8704,1024,7293,,
island,Holiday_Island_2.map.gz,cortex,9553,1,historical,0,60000,unresolved,False,True,240,139.776,94.90293333333334,31.580266666666667,2.0970666666666666,10.9088,12.2576,19,178,51,39,404,/home/bradley/.codex/worktrees/maxima-growth-policy/glob2/artifacts/maxima-historical-validation/island/Holiday_Island_2-cortex-9553-1-historical,9728,20480,27136,26624,14848,16384,4096,7168,7168,1024,3341,44198,36208
island,Holiday_Island_2.map.gz,cortex,9553,1,latest,0,51458,won,True,False,128,109.20224260562011,75.75896847914804,28.149908663375957,0.9950250689883011,10.716506665630222,17.432974464611917,58,55,29,16,246,/home/bradley/.codex/worktrees/maxima-growth-policy/glob2/artifacts/maxima-historical-validation/island/Holiday_Island_2-cortex-9553-1-latest,8704,13312,,,11776,12800,6656,7168,7168,1024,3546,,
island,Holiday_Island_2.map.gz,castor,9553,1,historical,0,21986,won,True,False,109,52.58796506868007,35.65500773219321,10.682252342399709,1.3815155098699172,4.7965978349859,2.2328754662057673,0,82,23,1,65,/home/bradley/.codex/worktrees/maxima-growth-policy/glob2/artifacts/maxima-historical-validation/island/Holiday_Island_2-castor-9553-1-historical,11264,19968,16896,20480,16896,21504,5120,6144,8192,1024,3547,,
island,Holiday_Island_2.map.gz,castor,9553,1,latest,0,19330,won,True,False,85,43.64655975168132,29.850491464045525,8.332126228660114,1.3378168649767201,5.901189860320745,1.6623900672529746,0,54,23,1,57,/home/bradley/.codex/worktrees/maxima-growth-policy/glob2/artifacts/maxima-historical-validation/island/Holiday_Island_2-castor-9553-1-latest,10752,,12800,18432,15360,18432,6144,7680,9728,1024,3753,,18973
island,Holiday_Island_2.map.gz,cortex,9551,0,historical,0,60000,unresolved,False,True,121,88.39333333333333,57.4896,24.146933333333333,2.150933333333333,6.6832,11.5328,71,136,43,19,333,/home/bradley/.codex/worktrees/maxima-growth-policy/glob2/artifacts/maxima-historical-validation/island/Holiday_Island_2-cortex-9551-0-historical,10240,16896,3584,7168,14848,14848,4096,6656,8192,512,3718,25112,
island,Holiday_Island_2.map.gz,cortex,9551,0,latest,0,60000,unresolved,False,True,139,108.7792,81.472,21.407466666666668,0.9957333333333334,10.051733333333333,10.085333333333333,18,49,28,18,241,/home/bradley/.codex/worktrees/maxima-growth-policy/glob2/artifacts/maxima-historical-validation/island/Holiday_Island_2-cortex-9551-0-latest,9728,14848,,,13312,12800,7680,7168,7680,512,3504,26117,
island,Holiday_Island_2.map.gz,cortex,9553,2,historical,0,60000,unresolved,False,True,154,112.4256,83.14293333333333,24.375466666666668,1.0981333333333334,9.127466666666667,10.2496,20,79,38,24,454,/home/bradley/.codex/worktrees/maxima-growth-policy/glob2/artifacts/maxima-historical-validation/island/Holiday_Island_2-cortex-9553-2-historical,10752,16384,3584,7680,13312,13824,4096,7168,9728,1024,3387,37898,
island,Holiday_Island_2.map.gz,cortex,9553,2,latest,0,60000,unresolved,False,True,162,120.39146666666667,85.16853333333333,26.9696,1.9402666666666666,8.464533333333334,16.9984,60,193,41,18,310,/home/bradley/.codex/worktrees/maxima-growth-policy/glob2/artifacts/maxima-historical-validation/island/Holiday_Island_2-cortex-9553-2-latest,9216,13312,3584,7680,12800,14336,7168,8192,9728,1024,3382,49638,
island,Holiday_Island_2.map.gz,warrush,9551,2,historical,0,20802,won,True,False,103,45.957552158446305,30.463753485241803,9.407268531871935,1.6339775021632534,4.6034035188924145,2.178636669551005,0,67,24,2,67,/home/bradley/.codex/worktrees/maxima-growth-policy/glob2/artifacts/maxima-historical-validation/island/Holiday_Island_2-warrush-9551-2-historical,12288,,12800,18944,15360,17920,6144,8192,4608,1024,3178,,19446
island,Holiday_Island_2.map.gz,warrush,9551,2,latest,0,41442,won,True,False,222,110.06826407991892,79.86289271753294,20.386685005549925,0.9938226919550215,11.28854785000724,5.310699290574779,1,131,56,13,176,/home/bradley/.codex/worktrees/maxima-growth-policy/glob2/artifacts/maxima-historical-validation/island/Holiday_Island_2-warrush-9551-2-latest,11264,19968,,,14336,18432,8704,10240,7168,1536,3399,,
island,Holiday_Island_2.map.gz,warrush,9550,3,historical,0,17570,won,True,False,62,35.19066590779738,23.71041548093341,8.685714285714285,1.1840637450199203,3.7508252703471827,2.7416050085372796,1,32,15,0,36,/home/bradley/.codex/worktrees/maxima-growth-policy/glob2/artifacts/maxima-historical-validation/island/Holiday_Island_2-warrush-9550-3-historical,11776,,14336,,,,4096,8192,7168,1024,4658,,
island,Holiday_Island_2.map.gz,warrush,9550,3,latest,0,16354,won,True,False,60,33.577534548122784,23.17506420447597,7.470588235294118,0.9843463372875138,4.260609025314908,3.9613550201785497,2,26,13,0,26,/home/bradley/.codex/worktrees/maxima-growth-policy/glob2/artifacts/maxima-historical-validation/island/Holiday_Island_2-warrush-9550-3-latest,10752,,,,,,7168,7680,8192,1024,4240,,
island,Holiday_Island_2.map.gz,castor,9550,0,historical,0,29474,won,True,False,162,76.30158784013028,53.447004139241365,14.20838705299586,1.8807084209812037,6.042817398385018,2.9415077695596117,1,115,31,9,174,/home/bradley/.codex/worktrees/maxima-growth-policy/glob2/artifacts/maxima-historical-validation/island/Holiday_Island_2-castor-9550-0-historical,11264,18432,3584,6656,15360,17920,3584,6656,5632,512,5148,,
island,Holiday_Island_2.map.gz,castor,9550,0,latest,0,17314,won,True,False,78,37.69954949751646,25.19348504100728,6.241423125794155,0.9852142774633245,5.327711678410535,1.0054291324939355,0,42,20,0,36,/home/bradley/.codex/worktrees/maxima-growth-policy/glob2/artifacts/maxima-historical-validation/island/Holiday_Island_2-castor-9550-0-latest,12288,,,,16384,,7168,9728,9216,512,3509,,
island,Holiday_Island_2.map.gz,warrush,9553,1,historical,0,31074,won,True,False,143,72.65739846817274,51.345240393898436,15.797000707987385,0.9917616013387398,6.835746926691124,4.389135611765463,2,99,41,5,162,/home/bradley/.codex/worktrees/maxima-growth-policy/glob2/artifacts/maxima-historical-validation/island/Holiday_Island_2-warrush-9553-1-historical,11264,20992,,,14848,27136,4096,8704,2560,1024,3141,,
island,Holiday_Island_2.map.gz,warrush,9553,1,latest,0,23202,won,True,False,92,39.73821222308422,24.524265149556072,10.510042237738126,1.0069821567106283,5.207395914145332,3.1353331609344024,1,45,29,1,31,/home/bradley/.codex/worktrees/maxima-growth-policy/glob2/artifacts/maxima-historical-validation/island/Holiday_Island_2-warrush-9553-1-latest,15872,,22528,11264,19968,23040,16384,15360,2560,1024,1901,,
island,Holiday_Island_2.map.gz,warrush,9550,2,historical,0,27458,won,True,False,177,64.5009469007211,43.806103867725255,13.263274819724671,1.7996940782285673,4.855925413358584,3.9909680238910337,3,140,34,4,117,/home/bradley/.codex/worktrees/maxima-growth-policy/glob2/artifacts/maxima-historical-validation/island/Holiday_Island_2-warrush-9550-2-historical,12800,22016,15872,23552,16896,20480,4096,7168,6656,1024,5021,,24267
island,Holiday_Island_2.map.gz,warrush,9550,2,latest,0,13922,won,True,False,71,31.10903605803764,20.4079873581382,7.052004022410573,0.9816118373796868,4.248814825456113,3.0551644878609396,3,30,17,0,16,/home/bradley/.codex/worktrees/maxima-growth-policy/glob2/artifacts/maxima-historical-validation/island/Holiday_Island_2-warrush-9550-2-latest,10752,,,,13312,,8192,7168,9216,1024,5232,,
island,Holiday_Island_2.map.gz,warrush,9553,2,historical,0,14338,won,True,False,77,33.13112010043242,22.32501046171014,7.198075045334077,1.178686009206305,3.6254707769563397,2.500767192076998,0,40,15,0,22,/home/bradley/.codex/worktrees/maxima-growth-policy/glob2/artifacts/maxima-historical-validation/island/Holiday_Island_2-warrush-9553-2-historical,10752,,11776,,,,6144,7168,9728,1024,3380,,
island,Holiday_Island_2.map.gz,warrush,9553,2,latest,0,33314,won,True,False,137,66.51047607612415,44.04436573212463,15.847271417422105,0.9923155430149486,7.0619559344419764,4.436453142822837,1,87,41,2,105,/home/bradley/.codex/worktrees/maxima-growth-policy/glob2/artifacts/maxima-historical-validation/island/Holiday_Island_2-warrush-9553-2-latest,13312,24064,,,19968,25088,9728,13312,2560,1024,2354,,
island,Holiday_Island_2.map.gz,castor,9552,2,historical,0,34274,won,True,False,207,96.07507148275661,74.14529964404505,15.760605706949875,2.4314640835618837,7.269358697554998,9.56596837252728,6,176,38,14,239,/home/bradley/.codex/worktrees/maxima-growth-policy/glob2/artifacts/maxima-historical-validation/island/Holiday_Island_2-castor-9552-2-historical,11776,18944,3584,9216,15872,19456,6656,9216,14336,1024,3388,,
island,Holiday_Island_2.map.gz,castor,9552,2,latest,0,17346,won,True,False,81,33.853914447134784,23.04214228064107,5.870344748068719,1.822898650985818,4.60555747722818,1.645797301971636,0,45,19,0,36,/home/bradley/.codex/worktrees/maxima-growth-policy/glob2/artifacts/maxima-historical-validation/island/Holiday_Island_2-castor-9552-2-latest,12800,,3584,9216,16384,,6656,8704,13312,1024,4821,,
island,Holiday_Island_2.map.gz,cortex,9550,3,historical,0,42562,lost,False,False,0,23.637986936704102,13.112165781683192,7.7951224096612,0.5774164747897186,2.8509938442742353,3.1156430618861894,14,32,16,0,38,/home/bradley/.codex/worktrees/maxima-growth-policy/glob2/artifacts/maxima-historical-validation/island/Holiday_Island_2-cortex-9550-3-historical,18944,,,,,,6144,11264,8704,1024,5065,,
island,Holiday_Island_2.map.gz,cortex,9550,3,latest,0,44674,lost,False,False,0,28.12481532882661,16.583784751757175,8.17155392398263,0.4469713927564131,3.1861037740072526,4.263419438599633,39,20,17,0,36,/home/bradley/.codex/worktrees/maxima-growth-policy/glob2/artifacts/maxima-historical-validation/island/Holiday_Island_2-cortex-9550-3-latest,10752,,,,,,6656,7680,8192,1024,4248,14792,
island,Holiday_Island_2.map.gz,cortex,9552,3,historical,0,51842,lost,False,False,0,33.31229505034528,22.270745727402492,6.735542610238802,0.6518267042166583,3.4961614135257126,4.177616604297674,27,30,17,2,43,/home/bradley/.codex/worktrees/maxima-growth-policy/glob2/artifacts/maxima-historical-validation/island/Holiday_Island_2-cortex-9552-3-historical,10240,,,,,30208,4096,8704,11776,1024,4445,,
island,Holiday_Island_2.map.gz,cortex,9552,3,latest,0,45058,lost,False,False,0,22.51036441919304,14.840250344001065,4.988414931865595,0.5113409383461317,2.7839673309956057,3.3862133250477164,27,27,20,0,25,/home/bradley/.codex/worktrees/maxima-growth-policy/glob2/artifacts/maxima-historical-validation/island/Holiday_Island_2-cortex-9552-3-latest,12800,,,,,,7680,10240,8704,1024,5261,,
island,Holiday_Island_2.map.gz,castor,9552,0,historical,0,31906,won,True,False,136,72.26076600012537,47.83827493261455,14.915689838901773,1.6600639378173385,6.209929166927851,2.930734031216699,0,99,31,10,161,/home/bradley/.codex/worktrees/maxima-growth-policy/glob2/artifacts/maxima-historical-validation/island/Holiday_Island_2-castor-9552-0-historical,12288,20992,3584,6656,17920,23040,4096,5120,10752,512,5138,,
island,Holiday_Island_2.map.gz,castor,9552,0,latest,0,20610,won,True,False,94,48.373944687045125,32.13658418243571,9.119068413391558,0.9875788452207667,6.16205725376031,2.000388161086851,0,46,22,2,68,/home/bradley/.codex/worktrees/maxima-growth-policy/glob2/artifacts/maxima-historical-validation/island/Holiday_Island_2-castor-9552-0-latest,11264,,,,15872,17408,4096,6144,8192,512,3503,,
island,Holiday_Island_2.map.gz,cortex,9552,0,historical,0,60000,unresolved,False,True,132,97.4536,59.89573333333333,29.5328,1.064,6.663466666666666,7.223466666666667,23,149,37,18,469,/home/bradley/.codex/worktrees/maxima-growth-policy/glob2/artifacts/maxima-historical-validation/island/Holiday_Island_2-cortex-9552-0-historical,11264,18944,3584,6656,16896,16384,4096,5120,5120,512,4735,20876,
island,Holiday_Island_2.map.gz,cortex,9552,0,latest,0,60000,unresolved,False,True,117,99.46826666666666,75.0272,17.733333333333334,1.6442666666666668,8.185066666666666,9.861866666666666,21,86,29,15,247,/home/bradley/.codex/worktrees/maxima-growth-policy/glob2/artifacts/maxima-historical-validation/island/Holiday_Island_2-cortex-9552-0-latest,9728,15360,9216,14848,14848,13824,7168,6656,8192,512,3303,,
island,Holiday_Island_2.map.gz,warrush,9552,1,historical,0,41954,won,True,False,234,109.71678505029318,81.84916813653048,20.698908328168947,1.6202507508223292,8.323783191114078,7.184535443581065,4,193,52,18,291,/home/bradley/.codex/worktrees/maxima-growth-policy/glob2/artifacts/maxima-historical-validation/island/Holiday_Island_2-warrush-9552-1-historical,11776,17920,13312,15872,15872,20480,3072,7680,3584,1024,3354,,34688
island,Holiday_Island_2.map.gz,warrush,9552,1,latest,0,27554,won,True,False,131,75.61896639326413,54.62709588444509,14.516513028961313,1.3251796472381505,7.410321550410104,3.8739203019525297,1,80,31,4,58,/home/bradley/.codex/worktrees/maxima-growth-policy/glob2/artifacts/maxima-historical-validation/island/Holiday_Island_2-warrush-9552-1-latest,9728,15872,4608,8704,12800,15872,7680,7168,2048,1024,4169,,
island,Holiday_Island_2.map.gz,castor,9552,3,historical,0,35554,won,True,False,128,56.50489396411093,36.65643809416662,13.132643303144512,1.4959779490352703,6.311751139112336,2.697193002193846,0,83,32,8,129,/home/bradley/.codex/worktrees/maxima-growth-policy/glob2/artifacts/maxima-historical-validation/island/Holiday_Island_2-castor-9552-3-historical,17408,30208,10240,19456,26624,26624,4096,9216,12800,1024,5463,,
island,Holiday_Island_2.map.gz,castor,9552,3,latest,0,39298,won,True,False,79,48.96564710672299,32.98798921064685,9.104534581912565,1.8566848185658302,5.645121889154664,2.195429792864777,0,32,18,4,71,/home/bradley/.codex/worktrees/maxima-growth-policy/glob2/artifacts/maxima-historical-validation/island/Holiday_Island_2-castor-9552-3-latest,17408,,5632,16384,38912,24576,7168,11264,14848,1024,6291,,
island,Holiday_Island_2.map.gz,warrush,9552,3,historical,0,23746,won,True,False,67,38.77857323338667,27.469005306156827,9.697675397961762,0.9892192369241135,3.886970437126253,4.827170891939695,7,37,16,0,46,/home/bradley/.codex/worktrees/maxima-growth-policy/glob2/artifacts/maxima-historical-validation/island/Holiday_Island_2-warrush-9552-3-historical,11776,,,,,,6144,8192,3584,1024,3424,,
island,Holiday_Island_2.map.gz,warrush,9552,3,latest,0,12130,won,True,False,56,22.765045342126957,16.27856553998351,5.114921681780709,1.7045342126957956,3.079472382522671,3.2240725474031326,3,21,8,0,8,/home/bradley/.codex/worktrees/maxima-growth-policy/glob2/artifacts/maxima-historical-validation/island/Holiday_Island_2-warrush-9552-3-latest,11776,,3584,,,,9216,,7680,1024,5913,,
island,Holiday_Island_2.map.gz,warrush,9551,3,historical,0,20770,won,True,False,72,41.70934039480019,27.879922965816082,10.218921521425132,0.9876745305729417,4.869330765527203,3.291670678863746,0,29,17,0,32,/home/bradley/.codex/worktrees/maxima-growth-policy/glob2/artifacts/maxima-historical-validation/island/Holiday_Island_2-warrush-9551-3-historical,11264,,,,,,5632,8704,12288,1024,5676,,
island,Holiday_Island_2.map.gz,warrush,9551,3,latest,0,19906,won,True,False,67,38.77443986737667,25.196071536220234,10.407666030342611,0.9871395559127901,4.559630262232493,2.7778559228373356,0,24,13,0,32,/home/bradley/.codex/worktrees/maxima-growth-policy/glob2/artifacts/maxima-historical-validation/island/Holiday_Island_2-warrush-9551-3-latest,11264,,,,,,7168,11776,9216,1024,3836,,
island,Holiday_Island_2.map.gz,castor,9551,0,historical,0,28962,won,True,False,133,69.19387473240798,47.510979904702715,13.839651957737725,1.3989365375319385,6.663490090463366,2.2215316621780263,1,90,32,7,161,/home/bradley/.codex/worktrees/maxima-growth-policy/glob2/artifacts/maxima-historical-validation/island/Holiday_Island_2-castor-9551-0-historical,11264,20480,3584,7168,14848,19456,4096,6144,5120,512,4533,,
island,Holiday_Island_2.map.gz,castor,9551,0,latest,0,14402,won,True,False,61,28.895500624913208,19.75163171781697,4.2591306762949594,1.00458269684766,4.173725871406749,1.253437022635745,0,29,14,0,25,/home/bradley/.codex/worktrees/maxima-growth-policy/glob2/artifacts/maxima-historical-validation/island/Holiday_Island_2-castor-9551-0-latest,12288,,14336,,,,7680,9728,14336,512,5348,,
island,Holiday_Island_2.map.gz,castor,9550,2,historical,0,33218,won,True,False,210,80.98061292070564,58.317327954723346,15.49443073032693,2.13498705521103,6.632428201577458,3.4939490637606117,1,164,37,8,174,/home/bradley/.codex/worktrees/maxima-growth-policy/glob2/artifacts/maxima-historical-validation/island/Holiday_Island_2-castor-9550-2-historical,13824,20480,3584,8192,18432,23040,4096,9728,9728,1024,3387,,23038
island,Holiday_Island_2.map.gz,castor,9550,2,latest,0,26146,won,True,False,148,67.15363726765088,47.02122695632219,11.9398760804712,2.159259542568653,7.825671230780999,2.4810678497666947,0,103,31,5,107,/home/bradley/.codex/worktrees/maxima-growth-policy/glob2/artifacts/maxima-historical-validation/island/Holiday_Island_2-castor-9550-2-latest,12288,16896,3584,9216,15872,20992,6656,9216,12800,1024,3388,,
island,Holiday_Island_2.map.gz,cortex,9553,0,historical,0,60000,unresolved,False,True,112,68.49706666666667,40.016533333333335,23.336533333333332,1.1152,4.928,6.648,30,99,39,19,211,/home/bradley/.codex/worktrees/maxima-growth-policy/glob2/artifacts/maxima-historical-validation/island/Holiday_Island_2-cortex-9553-0-historical,16896,26624,3584,7680,20992,20480,4096,6656,9216,1024,3307,,
island,Holiday_Island_2.map.gz,cortex,9553,0,latest,0,60000,unresolved,False,True,91,95.2112,67.47573333333334,19.153066666666668,0.8106666666666666,8.213333333333333,10.807466666666667,56,43,26,12,268,/home/bradley/.codex/worktrees/maxima-growth-policy/glob2/artifacts/maxima-historical-validation/island/Holiday_Island_2-cortex-9553-0-latest,9216,14848,,,12800,13824,6144,7680,8192,1024,3508,45213,
island,Holiday_Island_2.map.gz,cortex,9553,3,historical,0,60000,unresolved,False,True,83,49.7584,30.361066666666666,14.4688,0.8677333333333334,4.1424,6.9488,38,100,47,5,126,/home/bradley/.codex/worktrees/maxima-growth-policy/glob2/artifacts/maxima-historical-validation/island/Holiday_Island_2-cortex-9553-3-historical,14336,,,49152,20480,20480,4096,10752,8192,1024,3420,30911,
island,Holiday_Island_2.map.gz,cortex,9553,3,latest,0,57090,lost,False,False,0,32.12443510246978,21.039621650026273,7.748607461902259,0.8071466106148187,3.399054125065686,4.645577158871957,38,47,15,1,35,/home/bradley/.codex/worktrees/maxima-growth-policy/glob2/artifacts/maxima-historical-validation/island/Holiday_Island_2-cortex-9553-3-latest,15360,,11776,23552,,32256,6656,9216,6656,1024,9572,,
island,Holiday_Island_2.map.gz,cortex,9551,2,historical,0,60000,unresolved,False,True,279,149.71573333333333,107.75306666666667,32.3136,1.7610666666666666,10.664533333333333,14.213333333333333,39,253,59,42,395,/home/bradley/.codex/worktrees/maxima-growth-policy/glob2/artifacts/maxima-historical-validation/island/Holiday_Island_2-cortex-9551-2-historical,10240,15872,14848,22528,13824,14336,4096,6656,7680,1024,3587,,23346
island,Holiday_Island_2.map.gz,cortex,9551,2,latest,0,60000,unresolved,False,True,150,117.68426666666667,85.52906666666667,23.805333333333333,1.7210666666666667,9.462933333333334,12.9552,31,103,43,23,278,/home/bradley/.codex/worktrees/maxima-growth-policy/glob2/artifacts/maxima-historical-validation/island/Holiday_Island_2-cortex-9551-2-latest,10240,14848,3584,8704,14336,14848,6656,7680,4096,1024,3389,43133,
island,Holiday_Island_2.map.gz,cortex,9550,0,historical,0,60000,unresolved,False,True,137,99.3176,60.64053333333333,31.138933333333334,1.064,6.395733333333333,10.945066666666667,38,134,37,24,317,/home/bradley/.codex/worktrees/maxima-growth-policy/glob2/artifacts/maxima-historical-validation/island/Holiday_Island_2-cortex-9550-0-historical,15360,21504,3584,7680,18432,18432,4608,6144,8704,512,4527,,
island,Holiday_Island_2.map.gz,cortex,9550,0,latest,0,60000,unresolved,False,True,143,110.8592,81.456,22.555733333333333,1.8378666666666668,7.7696,16.139733333333332,83,191,31,15,249,/home/bradley/.codex/worktrees/maxima-growth-policy/glob2/artifacts/maxima-historical-validation/island/Holiday_Island_2-cortex-9550-0-latest,9728,16384,11264,16384,15872,16384,7680,7168,9728,512,3508,48795,
island,Holiday_Island_2.map.gz,castor,9553,3,historical,0,17442,won,True,False,64,32.78058708863662,22.551714252952642,6.279784428391239,1.3248480678821235,3.903107441807132,1.7690631808278867,0,38,14,0,33,/home/bradley/.codex/worktrees/maxima-growth-policy/glob2/artifacts/maxima-historical-validation/island/Holiday_Island_2-castor-9553-3-historical,12288,,11776,,,,4608,7680,9216,1024,6500,,
island,Holiday_Island_2.map.gz,castor,9553,3,latest,0,56642,won,True,False,163,85.30330849899367,55.504537269164224,19.24126972917623,2.136753645704601,8.249885244165107,8.016312983298612,61,140,24,16,225,/home/bradley/.codex/worktrees/maxima-growth-policy/glob2/artifacts/maxima-historical-validation/island/Holiday_Island_2-castor-9553-3-latest,16896,35328,14336,31232,25600,21504,6144,9728,13312,1024,6899,,33734
island,Holiday_Island_2.map.gz,castor,9550,1,historical,0,22626,won,True,False,109,52.99146999027667,35.63015999292849,10.484089101034208,1.4116503137982852,5.096526120392469,2.1374524882878103,0,73,21,2,67,/home/bradley/.codex/worktrees/maxima-growth-policy/glob2/artifacts/maxima-historical-validation/island/Holiday_Island_2-castor-9550-1-historical,11264,20480,13312,22016,15360,19456,3584,6656,6144,1024,2728,,
island,Holiday_Island_2.map.gz,castor,9550,1,latest,0,15266,won,True,False,66,32.26634350845015,21.92407965413337,5.68551028429189,1.2621511856412944,4.623214987554042,1.2056858378095114,0,37,15,0,31,/home/bradley/.codex/worktrees/maxima-growth-policy/glob2/artifacts/maxima-historical-validation/island/Holiday_Island_2-castor-9550-1-latest,11264,,11264,,,,7168,7168,9216,1024,3340,,
island,Holiday_Island_2.map.gz,warrush,9553,3,historical,0,31618,won,True,False,122,54.052881270162565,33.950597760769185,14.04548042254412,2.0041115820102475,4.478082105129989,6.162945157821494,9,100,30,0,83,/home/bradley/.codex/worktrees/maxima-growth-policy/glob2/artifacts/maxima-historical-validation/island/Holiday_Island_2-warrush-9553-3-historical,15872,27648,15872,18944,25600,,4096,7680,11264,1024,3421,,25931
island,Holiday_Island_2.map.gz,warrush,9553,3,latest,0,25090,won,True,False,71,47.48146671980869,31.368513351933043,11.888322040653646,0.9897967317656436,5.653248306098047,5.602471104025508,1,24,14,0,39,/home/bradley/.codex/worktrees/maxima-growth-policy/glob2/artifacts/maxima-historical-validation/island/Holiday_Island_2-warrush-9553-3-latest,10752,,,,,,8192,9216,10240,1024,4859,,
island,Holiday_Island_2.map.gz,castor,9551,1,historical,0,13954,won,True,False,68,28.84033252114089,19.315608427690986,6.0101762935359035,0.9816540060197793,3.2847928909273327,1.0742439443887057,0,42,14,0,30,/home/bradley/.codex/worktrees/maxima-growth-policy/glob2/artifacts/maxima-historical-validation/island/Holiday_Island_2-castor-9551-1-historical,11776,,,,,,4096,7680,10752,1024,3133,,
island,Holiday_Island_2.map.gz,castor,9551,1,latest,0,19074,won,True,False,82,41.172066687637624,27.311628394673377,8.021075810003145,1.1744783474887281,5.537485582468282,1.7113348013001992,0,46,22,1,51,/home/bradley/.codex/worktrees/maxima-growth-policy/glob2/artifacts/maxima-historical-validation/island/Holiday_Island_2-castor-9551-1-latest,11776,,3584,6656,14848,18432,5632,8192,7168,1024,6419,,
island,Holiday_Island_2.map.gz,castor,9552,1,historical,0,19234,won,True,False,89,46.10263075803265,31.147967141520226,9.05583861911199,1.4942289695331183,4.541229073515649,1.0931683477175835,0,62,19,1,59,/home/bradley/.codex/worktrees/maxima-growth-policy/glob2/artifacts/maxima-historical-validation/island/Holiday_Island_2-castor-9552-1-historical,10752,,9728,,14848,17408,3072,7680,8704,1024,,,
island,Holiday_Island_2.map.gz,castor,9552,1,latest,0,14178,won,True,False,72,30.951474114825785,21.049090139652982,5.470588235294118,1.7111017068697982,4.251234306672309,0.8082945408379179,0,41,17,0,31,/home/bradley/.codex/worktrees/maxima-growth-policy/glob2/artifacts/maxima-historical-validation/island/Holiday_Island_2-castor-9552-1-latest,11264,,3584,7168,,,6656,7680,11776,1024,3958,,
island,Holiday_Island_2.map.gz,castor,9553,2,historical,0,26402,won,True,False,160,66.12945988940231,46.64635254904931,12.274335277630483,2.0607529732596017,5.754336792667222,2.9178850087114614,0,120,28,6,120,/home/bradley/.codex/worktrees/maxima-growth-policy/glob2/artifacts/maxima-historical-validation/island/Holiday_Island_2-castor-9553-2-historical,11776,19456,3584,8192,15872,18432,3584,7680,10240,1024,3591,,
island,Holiday_Island_2.map.gz,castor,9553,2,latest,0,18786,won,True,False,86,37.77243692111146,24.64910039391036,7.892845736186522,1.2316618758650058,5.153944426700734,1.2797828169913765,0,55,21,2,58,/home/bradley/.codex/worktrees/maxima-growth-policy/glob2/artifacts/maxima-historical-validation/island/Holiday_Island_2-castor-9553-2-latest,12288,,3584,8192,16384,16896,4096,7680,10752,1024,3386,,
island,Holiday_Island_2.map.gz,warrush,9552,2,historical,0,26210,won,True,False,194,74.35516978252575,54.78370850820298,13.433269744372376,1.8767645936665396,5.547577260587562,4.608470049599389,3,163,29,4,110,/home/bradley/.codex/worktrees/maxima-growth-policy/glob2/artifacts/maxima-historical-validation/island/Holiday_Island_2-warrush-9552-2-historical,10240,17920,11776,15872,14848,17920,4096,7168,6656,1024,3176,,
island,Holiday_Island_2.map.gz,warrush,9552,2,latest,0,23874,won,True,False,139,65.44169389293792,47.295761078998076,12.373544441652006,1.1878193851051353,7.375973862779593,3.133869481444249,0,89,32,3,99,/home/bradley/.codex/worktrees/maxima-growth-policy/glob2/artifacts/maxima-historical-validation/island/Holiday_Island_2-warrush-9552-2-latest,9728,17920,15872,23552,13824,18432,6144,7680,8192,1024,5637,,
island,Holiday_Island_2.map.gz,castor,9550,3,historical,0,34722,won,True,False,140,57.60918149876159,38.262628880824835,12.786965036576234,1.6755947238062323,6.6131559241979145,2.294165082656529,0,99,28,7,121,/home/bradley/.codex/worktrees/maxima-growth-policy/glob2/artifacts/maxima-historical-validation/island/Holiday_Island_2-castor-9550-3-historical,13824,29184,11264,23552,25600,22528,4608,8704,12800,1024,7951,,24803
island,Holiday_Island_2.map.gz,castor,9550,3,latest,0,37698,won,True,False,86,47.047907050771926,31.919783542893523,7.68629635524431,0.9932091888163829,5.614886731391586,2.378534670274285,1,31,20,2,61,/home/bradley/.codex/worktrees/maxima-growth-policy/glob2/artifacts/maxima-historical-validation/island/Holiday_Island_2-castor-9550-3-latest,21504,,,,36352,34816,6144,9216,12288,1024,7727,,
island,Holiday_Island_2.map.gz,castor,9551,2,historical,0,19490,won,True,False,89,37.35253976398153,24.483119548486403,6.614622883530015,1.5385325808106722,4.1908671113391485,1.2495638789122627,0,53,20,2,49,/home/bradley/.codex/worktrees/maxima-growth-policy/glob2/artifacts/maxima-historical-validation/island/Holiday_Island_2-castor-9551-2-historical,13824,,5632,12288,17408,17408,4608,7680,13824,1024,2763,,
island,Holiday_Island_2.map.gz,castor,9551,2,latest,0,32674,won,True,False,133,80.56194527759075,58.01603721613515,14.520321968537676,1.8903103384954398,8.431413356185345,5.101854685682806,4,91,33,6,163,/home/bradley/.codex/worktrees/maxima-growth-policy/glob2/artifacts/maxima-historical-validation/island/Holiday_Island_2-castor-9551-2-latest,10752,16896,3584,8192,14336,17920,8192,7680,11776,1024,3381,,
island,Holiday_Island_2.map.gz,warrush,9551,1,historical,0,29730,won,True,False,124,59.00430541540531,37.7489404641776,14.251934073326606,0.991389169189371,4.358762193070972,3.9288261015808947,3,103,34,4,113,/home/bradley/.codex/worktrees/maxima-growth-policy/glob2/artifacts/maxima-historical-validation/island/Holiday_Island_2-warrush-9551-1-historical,15360,22528,,,18432,22016,6144,7168,2048,1024,8496,,
island,Holiday_Island_2.map.gz,warrush,9551,1,latest,0,14242,won,True,False,77,33.13291672517905,22.205869962083977,7.541848055048448,0.9820249964892571,4.524224125825024,2.599775312456116,0,41,19,0,25,/home/bradley/.codex/worktrees/maxima-growth-policy/glob2/artifacts/maxima-historical-validation/island/Holiday_Island_2-warrush-9551-1-latest,10240,,,,13824,,6144,9216,3072,1024,6239,,
island,Holiday_Island_2.map.gz,castor,9551,3,historical,0,34658,won,True,False,136,62.07291245888395,39.939754169311556,12.399705695654683,1.766460845980726,6.141439205955335,2.9511223959836115,1,77,27,9,102,/home/bradley/.codex/worktrees/maxima-growth-policy/glob2/artifacts/maxima-historical-validation/island/Holiday_Island_2-castor-9551-3-historical,12800,29184,17408,30208,27136,22016,6144,8704,13824,1024,7954,27391,
island,Holiday_Island_2.map.gz,castor,9551,3,latest,0,37826,won,True,False,117,55.28578226616613,36.442632052027705,10.612620948553905,2.50081954211389,6.139057790937451,1.959393010098874,0,53,20,5,34,/home/bradley/.codex/worktrees/maxima-growth-policy/glob2/artifacts/maxima-historical-validation/island/Holiday_Island_2-castor-9551-3-latest,19968,31744,3584,23552,28160,28672,15360,14848,8704,1024,5260,,
island,Holiday_Island_2.map.gz,warrush,9550,0,historical,0,34434,won,True,False,118,62.6872277400244,39.82366265899982,16.268571760469303,1.4610559330893884,6.647151071615264,2.6023116686995413,5,68,33,6,162,/home/bradley/.codex/worktrees/maxima-growth-policy/glob2/artifacts/maxima-historical-validation/island/Holiday_Island_2-warrush-9550-0-historical,14336,26624,15872,,20480,25600,5632,8704,2048,512,4339,,
island,Holiday_Island_2.map.gz,warrush,9550,0,latest,0,13058,won,True,False,59,29.474957880226683,19.894547403890336,6.403201102772247,1.0589676826466534,3.686628886506356,2.470209833052535,4,32,15,0,7,/home/bradley/.codex/worktrees/maxima-growth-policy/glob2/artifacts/maxima-historical-validation/island/Holiday_Island_2-warrush-9550-0-latest,11264,,12288,,,,10240,9728,2560,512,3301,,
island,Holiday_Island_2.map.gz,cortex,9551,1,historical,0,60000,unresolved,False,True,116,94.05226666666667,68.87893333333334,20.78933333333333,1.0213333333333334,7.880533333333333,11.495466666666667,48,99,37,26,365,/home/bradley/.codex/worktrees/maxima-growth-policy/glob2/artifacts/maxima-historical-validation/island/Holiday_Island_2-cortex-9551-1-historical,10240,16384,26624,,15360,17408,4608,6656,6656,1024,3750,33831,
island,Holiday_Island_2.map.gz,cortex,9551,1,latest,0,60000,unresolved,False,True,92,105.21813333333333,79.36,17.609066666666667,0.9957333333333334,10.737066666666667,14.008,57,56,41,15,158,/home/bradley/.codex/worktrees/maxima-growth-policy/glob2/artifacts/maxima-historical-validation/island/Holiday_Island_2-cortex-9551-1-latest,9216,13824,,,12288,12288,5120,7168,10752,1024,4989,18924,
island,Holiday_Island_2.map.gz,warrush,9551,0,historical,0,17698,won,True,False,77,39.52768674426489,26.256808678946772,8.595886540852074,0.9855350887105888,3.253587976042491,2.0887105887670923,2,52,20,0,51,/home/bradley/.codex/worktrees/maxima-growth-policy/glob2/artifacts/maxima-historical-validation/island/Holiday_Island_2-warrush-9551-0-historical,11264,,,,14848,,4096,6656,3072,512,3096,,
island,Holiday_Island_2.map.gz,warrush,9551,0,latest,0,28898,won,True,False,92,54.67419890649872,35.51131566198353,12.368710637414354,0.9911412554502042,6.57844833552495,2.903591944079175,1,50,32,3,67,/home/bradley/.codex/worktrees/maxima-growth-policy/glob2/artifacts/maxima-historical-validation/island/Holiday_Island_2-warrush-9551-0-latest,12800,,,,21504,22528,7680,7168,2560,512,3105,,
island,Holiday_Island_2.map.gz,castor,9553,0,historical,0,33090,won,True,False,149,67.71284375944394,44.36524629797522,15.134481716530674,1.508854638863705,6.226594137201571,2.642369295859776,3,93,29,11,165,/home/bradley/.codex/worktrees/maxima-growth-policy/glob2/artifacts/maxima-historical-validation/island/Holiday_Island_2-castor-9553-0-historical,15872,23552,3584,6656,20480,22016,4096,7168,8704,1024,,,
island,Holiday_Island_2.map.gz,castor,9553,0,latest,0,22722,won,True,False,98,50.754819118035385,34.74641316785494,9.610993750550128,1.842267406038201,5.806091013115043,2.49300237655136,1,60,23,1,59,/home/bradley/.codex/worktrees/maxima-growth-policy/glob2/artifacts/maxima-historical-validation/island/Holiday_Island_2-castor-9553-0-latest,11776,,3584,9216,18432,22528,6144,7680,9728,1024,5154,,
island,Holiday_Island_2.map.gz,warrush,9553,0,historical,0,17314,won,True,False,85,38.23818874898926,26.411054637865313,8.342208617303916,1.2217858380501327,3.8599976897308537,2.748642716876516,1,53,22,0,53,/home/bradley/.codex/worktrees/maxima-growth-policy/glob2/artifacts/maxima-historical-validation/island/Holiday_Island_2-warrush-9553-0-historical,11776,,7680,11776,14848,,4096,8704,2048,1024,7218,,
island,Holiday_Island_2.map.gz,warrush,9553,0,latest,0,20578,lost,False,False,0,6.892020604529109,4.553212168335115,1.0698804548546992,1.0373214112158615,1.1445232772864224,2.1397609097093984,16,12,7,0,0,/home/bradley/.codex/worktrees/maxima-growth-policy/glob2/artifacts/maxima-historical-validation/island/Holiday_Island_2-warrush-9553-0-latest,,,11776,,,,,,3072,1024,3101,,
island,Holiday_Island_2.map.gz,cortex,9550,1,historical,0,56034,won,True,False,92,58.456936859763715,32.6369347182068,18.44294535460613,1.2872898597280222,5.57807759574544,6.640147053574616,42,100,43,13,120,/home/bradley/.codex/worktrees/maxima-growth-policy/glob2/artifacts/maxima-historical-validation/island/Holiday_Island_2-cortex-9550-1-historical,11776,,10752,13824,14848,15872,3584,7680,9728,1024,2520,,
island,Holiday_Island_2.map.gz,cortex,9550,1,latest,0,60000,unresolved,False,True,122,101.50293333333333,77.15146666666666,17.1456,0.6485333333333333,10.188266666666667,11.037333333333333,43,62,46,18,217,/home/bradley/.codex/worktrees/maxima-growth-policy/glob2/artifacts/maxima-historical-validation/island/Holiday_Island_2-cortex-9550-1-latest,9728,13824,,,13824,12800,7680,7168,6656,1024,3340,57926,
island,Holiday_Island_2.map.gz,warrush,9550,1,historical,0,19650,won,True,False,87,38.38269720101781,25.568396946564885,8.022340966921119,0.9869720101781171,4.143715012722646,2.2834605597964375,1,49,21,0,40,/home/bradley/.codex/worktrees/maxima-growth-policy/glob2/artifacts/maxima-historical-validation/island/Holiday_Island_2-warrush-9550-1-historical,13824,,,,18432,,8192,11776,3584,1024,3142,,
island,Holiday_Island_2.map.gz,warrush,9550,1,latest,0,28482,won,True,False,130,69.62439435432906,48.9242328488168,13.502141703532056,1.2270205743978653,8.360087072537041,3.1301874868337896,1,81,35,5,111,/home/bradley/.codex/worktrees/maxima-growth-policy/glob2/artifacts/maxima-historical-validation/island/Holiday_Island_2-warrush-9550-1-latest,11264,18432,22016,27648,15872,18944,7680,5632,2048,1024,3135,,
island,Holiday_Island_2.map.gz,cortex,9552,1,historical,0,60000,unresolved,False,True,104,91.78026666666666,64.0496,19.124,1.1125333333333334,7.891733333333334,9.6672,24,75,37,26,219,/home/bradley/.codex/worktrees/maxima-growth-policy/glob2/artifacts/maxima-historical-validation/island/Holiday_Island_2-cortex-9552-1-historical,9728,15360,31744,,12800,13824,4096,7680,6144,1024,4157,,
island,Holiday_Island_2.map.gz,cortex,9552,1,latest,0,60000,unresolved,False,True,107,101.95253333333334,78.92,17.471466666666668,1.0213333333333334,11.522133333333333,15.232,56,62,29,15,224,/home/bradley/.codex/worktrees/maxima-growth-policy/glob2/artifacts/maxima-historical-validation/island/Holiday_Island_2-cortex-9552-1-latest,8704,14336,35328,,14336,13312,5632,6656,9728,1024,3952,53912,
island,Holiday_Island_2.map.gz,cortex,9551,3,historical,0,42434,lost,False,False,5,46.58330583965688,30.198685016731865,12.35464486025357,0.8808031295659141,3.8460668331997927,6.004571805627563,33,54,17,1,52,/home/bradley/.codex/worktrees/maxima-growth-policy/glob2/artifacts/maxima-historical-validation/island/Holiday_Island_2-cortex-9551-3-historical,12288,,,,29696,35840,4608,9216,7680,1024,6506,,
island,Holiday_Island_2.map.gz,cortex,9551,3,latest,0,50850,lost,False,False,4,42.64416912487709,30.370265486725664,8.206096361848575,1.047158308751229,3.56251720747296,7.12133726647001,45,37,21,1,63,/home/bradley/.codex/worktrees/maxima-growth-policy/glob2/artifacts/maxima-historical-validation/island/Holiday_Island_2-cortex-9551-3-latest,18432,,3584,15872,26624,26112,7168,9216,8192,1024,6902,,
island,Holiday_Island_2.map.gz,warrush,9552,0,historical,0,27010,won,True,False,136,71.64457608293225,48.10796001480933,15.687967419474269,1.587782302850796,6.493150684931507,3.2703443169196595,1,82,30,3,126,/home/bradley/.codex/worktrees/maxima-growth-policy/glob2/artifacts/maxima-historical-validation/island/Holiday_Island_2-warrush-9552-0-historical,9728,18944,15360,27010,14848,18944,5632,5632,2560,512,3299,,
island,Holiday_Island_2.map.gz,warrush,9552,0,latest,0,60000,unresolved,False,True,137,99.72213333333333,73.8176,19.913066666666666,1.8634666666666666,7.7104,12.6048,35,142,39,14,236,/home/bradley/.codex/worktrees/maxima-growth-policy/glob2/artifacts/maxima-historical-validation/island/Holiday_Island_2-warrush-9552-0-latest,11776,19456,8192,16384,16896,20992,4096,6656,3072,512,3304,,
island,Holiday_Island_2.map.gz,cortex,9552,2,historical,0,60000,unresolved,False,True,140,85.78773333333334,57.46293333333333,21.887733333333333,1.9402666666666666,5.449066666666667,12.632,101,255,62,26,297,/home/bradley/.codex/worktrees/maxima-growth-policy/glob2/artifacts/maxima-historical-validation/island/Holiday_Island_2-cortex-9552-2-historical,11264,16384,3584,8192,14336,14848,5632,8704,8192,1024,3390,51824,
island,Holiday_Island_2.map.gz,cortex,9552,2,latest,0,50882,won,True,False,207,122.0373019928462,89.21457489878543,22.721787665579182,1.929562517196651,10.61290829762981,8.812625289886403,3,94,42,32,323,/home/bradley/.codex/worktrees/maxima-growth-policy/glob2/artifacts/maxima-historical-validation/island/Holiday_Island_2-cortex-9552-2-latest,9216,14336,3584,8192,11776,13824,6144,8192,9728,1024,4205,,
passive-fixed,strange2.map.gz,javascript,9606,0,historical,0,30000,unresolved,False,True,0,134.84373333333335,126.53226666666667,6.656,8.234133333333334,0.9914666666666667,63.7952,490,362,15,0,17,/home/bradley/.codex/worktrees/maxima-growth-policy/glob2/artifacts/maxima-historical-validation/passive-fixed/strange2-javascript-9606-0-historical,512,512,512,,,,2560,2048,,512,,,
passive-fixed,strange2.map.gz,javascript,9606,0,latest,0,30000,unresolved,False,True,0,148.05333333333334,142.11413333333334,3.6522666666666668,8.9232,6.786666666666667,64.01706666666666,470,342,14,0,0,/home/bradley/.codex/worktrees/maxima-growth-policy/glob2/artifacts/maxima-historical-validation/passive-fixed/strange2-javascript-9606-0-latest,512,512,512,,,,,,,512,,,
passive-fixed,Holiday_Island_2.map.gz,javascript,9605,1,historical,0,30000,unresolved,False,True,132,56.38453333333333,36.33546666666667,13.976,1.6757333333333333,4.383466666666667,1.1466666666666667,1,128,27,4,126,/home/bradley/.codex/worktrees/maxima-growth-policy/glob2/artifacts/maxima-historical-validation/passive-fixed/Holiday_Island_2-javascript-9605-1-historical,14336,25088,9728,19968,18432,21504,6656,8704,,1024,,,21417
passive-fixed,Holiday_Island_2.map.gz,javascript,9605,1,latest,0,30000,unresolved,False,True,154,60.00026666666667,40.4152,13.699733333333333,1.744,6.632,1.6042666666666667,0,149,32,4,104,/home/bradley/.codex/worktrees/maxima-growth-policy/glob2/artifacts/maxima-historical-validation/passive-fixed/Holiday_Island_2-javascript-9605-1-latest,14336,23552,10240,12288,22016,27648,6656,9216,,1024,,,
passive-fixed,Holiday_Island_2.map.gz,javascript,9605,0,historical,0,30000,unresolved,False,True,119,51.2608,31.522133333333333,14.1264,1.7968,4.231466666666667,1.1434666666666666,0,114,29,2,124,/home/bradley/.codex/worktrees/maxima-growth-policy/glob2/artifacts/maxima-historical-validation/passive-fixed/Holiday_Island_2-javascript-9605-0-historical,16896,27136,7168,18944,22016,26112,4096,5632,,512,,,19743
passive-fixed,Holiday_Island_2.map.gz,javascript,9605,0,latest,0,30000,unresolved,False,True,156,62.464533333333335,42.434133333333335,14.213333333333333,1.9488,6.614933333333333,0.8053333333333333,0,151,34,3,78,/home/bradley/.codex/worktrees/maxima-growth-policy/glob2/artifacts/maxima-historical-validation/passive-fixed/Holiday_Island_2-javascript-9605-0-latest,15360,23040,8192,15872,20992,25088,7168,6656,,512,,,16529
passive-fixed,strange2.map.gz,javascript,9601,0,historical,0,30000,unresolved,False,True,0,132.8128,125.1328,5.9050666666666665,8.165866666666666,0.9914666666666667,62.89066666666667,483,355,15,0,15,/home/bradley/.codex/worktrees/maxima-growth-policy/glob2/artifacts/maxima-historical-validation/passive-fixed/strange2-javascript-9601-0-historical,512,512,512,,,,2560,2048,,512,,,
passive-fixed,strange2.map.gz,javascript,9601,0,latest,0,30000,unresolved,False,True,0,148.65066666666667,142.31893333333332,3.9424,8.9232,7.6416,63.11253333333333,463,335,15,0,0,/home/bradley/.codex/worktrees/maxima-growth-policy/glob2/artifacts/maxima-historical-validation/passive-fixed/strange2-javascript-9601-0-latest,512,512,512,,,,,,,512,,,
passive-fixed,Dejans.map.gz,javascript,9602,1,historical,0,30000,unresolved,False,True,83,57.4528,38.4592,14.565333333333333,1.7610666666666666,3.3514666666666666,12.0672,58,137,11,2,121,/home/bradley/.codex/worktrees/maxima-growth-policy/glob2/artifacts/maxima-historical-validation/passive-fixed/Dejans-javascript-9602-1-historical,11264,,5632,8192,11776,16896,4096,6144,,512,,,
passive-fixed,Dejans.map.gz,javascript,9602,1,latest,0,30000,unresolved,False,True,133,55.3416,35.07386666666667,14.194666666666667,2.6501333333333332,4.172266666666666,0.8773333333333333,0,129,12,0,87,/home/bradley/.codex/worktrees/maxima-growth-policy/glob2/artifacts/maxima-historical-validation/passive-fixed/Dejans-javascript-9602-1-latest,15872,25600,2560,7168,,,4096,6144,,512,,,
passive-fixed,balanced_for_2.map.gz,javascript,9605,0,historical,0,30000,unresolved,False,True,244,97.37013333333333,75.64693333333334,14.470933333333333,2.4949333333333334,6.8864,0.5866666666666667,0,236,62,33,268,/home/bradley/.codex/worktrees/maxima-growth-policy/glob2/artifacts/maxima-historical-validation/passive-fixed/balanced_for_2-javascript-9605-0-historical,11776,17408,2560,9216,12800,15360,5632,8192,,512,,,13934
passive-fixed,balanced_for_2.map.gz,javascript,9605,0,latest,0,30000,unresolved,False,True,338,143.66186666666667,121.80213333333333,14.792,3.1109333333333336,10.517333333333333,0.7370666666666666,0,330,74,38,291,/home/bradley/.codex/worktrees/maxima-growth-policy/glob2/artifacts/maxima-historical-validation/passive-fixed/balanced_for_2-javascript-9605-0-latest,10240,13824,2560,7680,11776,14336,5632,6656,,512,,,11688
passive-fixed,Holiday_Island_2.map.gz,javascript,9604,2,historical,0,30000,unresolved,False,True,224,75.17893333333333,55.1144,13.955733333333333,2.6192,5.586133333333334,2.4704,2,221,37,5,138,/home/bradley/.codex/worktrees/maxima-growth-policy/glob2/artifacts/maxima-historical-validation/passive-fixed/Holiday_Island_2-javascript-9604-2-historical,15360,20480,10240,13824,18944,23552,4096,7168,,1024,,,21993
passive-fixed,Holiday_Island_2.map.gz,javascript,9604,2,latest,0,30000,unresolved,False,True,145,52.736,33.541866666666664,13.906133333333333,1.6074666666666666,5.9989333333333335,0.9573333333333334,0,140,33,1,89,/home/bradley/.codex/worktrees/maxima-growth-policy/glob2/artifacts/maxima-historical-validation/passive-fixed/Holiday_Island_2-javascript-9604-2-latest,17920,25600,11776,16896,23552,29184,4608,8704,,1024,,,
passive-fixed,Dejans.map.gz,javascript,9601,0,historical,0,30000,unresolved,False,True,76,54.68026666666667,36.57573333333333,14.396266666666667,0.9914666666666667,3.3344,12.5872,53,125,9,0,91,/home/bradley/.codex/worktrees/maxima-growth-policy/glob2/artifacts/maxima-historical-validation/passive-fixed/Dejans-javascript-9601-0-historical,11264,,,,,,2560,4608,,512,,,
passive-fixed,Dejans.map.gz,javascript,9601,0,latest,0,30000,unresolved,False,True,75,45.19306666666667,26.930133333333334,12.821333333333333,0.9914666666666667,5.148266666666666,0.2064,0,71,15,11,157,/home/bradley/.codex/worktrees/maxima-growth-policy/glob2/artifacts/maxima-historical-validation/passive-fixed/Dejans-javascript-9601-0-latest,15872,,,,13824,17920,4608,5632,,512,,,
passive-fixed,Holiday_Island_2.map.gz,javascript,9604,1,historical,0,30000,unresolved,False,True,96,41.3048,24.636533333333333,12.453866666666666,1.6261333333333334,4.177066666666667,2.276266666666667,3,94,24,0,78,/home/bradley/.codex/worktrees/maxima-growth-policy/glob2/artifacts/maxima-historical-validation/passive-fixed/Holiday_Island_2-javascript-9604-1-historical,20480,,11776,22528,25600,,5632,9728,,1024,,,23900
passive-fixed,Holiday_Island_2.map.gz,javascript,9604,1,latest,0,30000,unresolved,False,True,110,47.525866666666666,28.7088,13.580266666666667,1.6928,5.2896,0.9914666666666667,0,105,25,1,79,/home/bradley/.codex/worktrees/maxima-growth-policy/glob2/artifacts/maxima-historical-validation/passive-fixed/Holiday_Island_2-javascript-9604-1-latest,16384,28672,9216,20480,24064,28672,5632,9728,,1024,,,21046
passive-fixed,SmallForTwo.map.gz,javascript,9607,0,historical,0,30000,unresolved,False,True,215,76.9736,58.910666666666664,14.419733333333333,2.138133333333333,5.656,0.9248,1,212,44,8,188,/home/bradley/.codex/worktrees/maxima-growth-policy/glob2/artifacts/maxima-historical-validation/passive-fixed/SmallForTwo-javascript-9607-0-historical,13824,20480,10240,15872,15360,18432,5120,9728,,512,,,15877
passive-fixed,SmallForTwo.map.gz,javascript,9607,0,latest,0,30000,unresolved,False,True,200,71.5088,53.6864,13.9744,2.1397333333333335,7.850133333333333,0.9093333333333333,0,196,42,13,178,/home/bradley/.codex/worktrees/maxima-growth-policy/glob2/artifacts/maxima-historical-validation/passive-fixed/SmallForTwo-javascript-9607-0-latest,14336,20992,12288,16384,16384,20480,9216,8704,,512,,,
passive-fixed,Holiday_Island_2.map.gz,javascript,9600,1,historical,0,30000,unresolved,False,True,137,59.5432,38.7976,14.536,2.018666666666667,4.811733333333334,1.5936,0,132,28,2,109,/home/bradley/.codex/worktrees/maxima-growth-policy/glob2/artifacts/maxima-historical-validation/passive-fixed/Holiday_Island_2-javascript-9600-1-historical,13312,25088,9216,16896,18432,27136,3584,7168,,1024,,,18095
passive-fixed,Holiday_Island_2.map.gz,javascript,9600,1,latest,0,30000,unresolved,False,True,119,55.66053333333333,36.50213333333333,13.733866666666666,1.7626666666666666,6.250133333333333,1.1141333333333334,0,114,30,2,122,/home/bradley/.codex/worktrees/maxima-growth-policy/glob2/artifacts/maxima-historical-validation/passive-fixed/Holiday_Island_2-javascript-9600-1-latest,14848,25088,8192,18944,19456,23040,4096,7680,,1024,,,20262
passive-fixed,balanced_for_2.map.gz,javascript,9603,0,historical,0,30000,unresolved,False,True,252,78.44586666666666,59.49066666666667,13.069866666666666,2.872,5.777066666666666,0.6176,0,244,50,18,209,/home/bradley/.codex/worktrees/maxima-growth-policy/glob2/artifacts/maxima-historical-validation/passive-fixed/balanced_for_2-javascript-9603-0-historical,14848,20480,2560,13824,15360,18944,9728,11264,,512,,,15066
passive-fixed,balanced_for_2.map.gz,javascript,9603,0,latest,0,30000,unresolved,False,True,352,153.99946666666668,131.42266666666666,15.3552,3.2304,11.286933333333334,1.1685333333333334,0,344,77,48,291,/home/bradley/.codex/worktrees/maxima-growth-policy/glob2/artifacts/maxima-historical-validation/passive-fixed/balanced_for_2-javascript-9603-0-latest,9216,13312,2560,7680,11264,13312,3584,4608,,512,,,
passive-fixed,Muka.map.gz,javascript,9602,0,historical,0,30000,unresolved,False,True,26,8.988,5.577333333333334,1.4074666666666666,1.4213333333333333,2.0357333333333334,0.29333333333333333,0,21,5,0,3,/home/bradley/.codex/worktrees/maxima-growth-policy/glob2/artifacts/maxima-historical-validation/passive-fixed/Muka-javascript-9602-0-historical,,,23552,30000,,,26112,,,1024,,,
passive-fixed,Muka.map.gz,javascript,9602,0,latest,0,30000,unresolved,False,True,43,16.777066666666666,9.885866666666667,3.808,2.2064,2.7370666666666668,0.44533333333333336,1,39,13,0,30,/home/bradley/.codex/worktrees/maxima-growth-policy/glob2/artifacts/maxima-historical-validation/passive-fixed/Muka-javascript-9602-0-latest,,,4608,15872,27648,,18432,23552,,1024,,,
passive-fixed,SmallForTwo.map.gz,javascript,9602,0,historical,0,30000,unresolved,False,True,200,74.73093333333334,56.142133333333334,14.6384,2.104,5.4821333333333335,1.3114666666666666,0,196,40,11,209,/home/bradley/.codex/worktrees/maxima-growth-policy/glob2/artifacts/maxima-historical-validation/passive-fixed/SmallForTwo-javascript-9602-0-historical,12800,20480,9216,15360,15360,19968,6656,8192,,512,,,15765
passive-fixed,SmallForTwo.map.gz,javascript,9602,0,latest,0,30000,unresolved,False,True,144,61.452,43.91973333333333,13.7696,1.6757333333333333,6.801066666666666,1.0629333333333333,0,140,32,8,170,/home/bradley/.codex/worktrees/maxima-growth-policy/glob2/artifacts/maxima-historical-validation/passive-fixed/SmallForTwo-javascript-9602-0-latest,14848,22528,9728,14336,17920,20480,7680,9216,,512,,,15486
passive-fixed,SmallForTwo.map.gz,javascript,9602,1,historical,0,30000,unresolved,False,True,206,94.9576,75.37733333333334,15.288533333333334,2.0853333333333333,7.103466666666667,2.042133333333333,0,202,42,22,219,/home/bradley/.codex/worktrees/maxima-growth-policy/glob2/artifacts/maxima-historical-validation/passive-fixed/SmallForTwo-javascript-9602-1-historical,9216,16384,5120,11264,11264,14848,4096,5120,,512,,,
passive-fixed,SmallForTwo.map.gz,javascript,9602,1,latest,0,30000,unresolved,False,True,183,91.8896,72.60106666666667,15.030933333333333,1.7952,10.7376,0.9589333333333333,0,179,45,17,247,/home/bradley/.codex/worktrees/maxima-growth-policy/glob2/artifacts/maxima-historical-validation/passive-fixed/SmallForTwo-javascript-9602-1-latest,9728,16384,6144,10240,11776,15872,4608,6144,,512,,,10662
passive-fixed,Holiday_Island_2.map.gz,javascript,9604,0,historical,0,30000,unresolved,False,True,174,68.19706666666667,46.79813333333333,14.7456,1.9333333333333333,5.2416,2.4474666666666667,3,172,31,4,165,/home/bradley/.codex/worktrees/maxima-growth-policy/glob2/artifacts/maxima-historical-validation/passive-fixed/Holiday_Island_2-javascript-9604-0-historical,14336,22016,3584,6144,19456,22528,4096,8192,,512,,,
passive-fixed,Holiday_Island_2.map.gz,javascript,9604,0,latest,0,30000,unresolved,False,True,178,56.58453333333333,36.2128,14.366933333333334,2.0698666666666665,6.309333333333333,0.6378666666666667,0,173,37,2,93,/home/bradley/.codex/worktrees/maxima-growth-policy/glob2/artifacts/maxima-historical-validation/passive-fixed/Holiday_Island_2-javascript-9604-0-latest,18944,25600,13824,19456,24576,27136,6144,5632,,512,,,
passive-fixed,Muka.map.gz,javascript,9606,1,historical,0,30000,unresolved,False,True,42,18.161333333333335,11.319466666666667,3.760266666666667,2.172266666666667,2.702933333333333,0.37706666666666666,0,37,14,0,25,/home/bradley/.codex/worktrees/maxima-growth-policy/glob2/artifacts/maxima-historical-validation/passive-fixed/Muka-javascript-9606-1-historical,,,6656,20480,28672,,17920,22016,,1024,,,
passive-fixed,Muka.map.gz,javascript,9606,1,latest,0,30000,unresolved,False,True,59,28.271466666666665,17.636266666666668,6.545066666666667,2.0730666666666666,3.9024,0.2730666666666667,0,54,21,2,53,/home/bradley/.codex/worktrees/maxima-growth-policy/glob2/artifacts/maxima-historical-validation/passive-fixed/Muka-javascript-9606-1-latest,24576,,13824,20992,18944,25600,14336,13824,,1024,,,26384
passive-fixed,Holiday_Island_2.map.gz,javascript,9600,3,historical,0,30000,unresolved,False,True,67,31.564533333333333,19.274933333333333,8.7936,1.5050666666666668,3.5237333333333334,1.1669333333333334,0,62,15,0,51,/home/bradley/.codex/worktrees/maxima-growth-policy/glob2/artifacts/maxima-historical-validation/passive-fixed/Holiday_Island_2-javascript-9600-3-historical,24576,,10240,17920,,,3584,9216,,1024,,,
passive-fixed,Holiday_Island_2.map.gz,javascript,9600,3,latest,0,30000,unresolved,False,True,53,24.906666666666666,16.1472,5.7274666666666665,2.256,3.4384,0.39413333333333334,0,48,14,0,38,/home/bradley/.codex/worktrees/maxima-growth-policy/glob2/artifacts/maxima-historical-validation/passive-fixed/Holiday_Island_2-javascript-9600-3-latest,29696,,3584,16896,,,4608,20480,,1024,,,
passive-fixed,Mazury.map.gz,javascript,9601,0,historical,0,30000,unresolved,False,True,221,78.57386666666666,58.150933333333334,14.708266666666667,3.1498666666666666,5.9770666666666665,4.3792,5,220,33,22,201,/home/bradley/.codex/worktrees/maxima-growth-policy/glob2/artifacts/maxima-historical-validation/passive-fixed/Mazury-javascript-9601-0-historical,9728,23040,3584,6144,10240,12800,4096,5120,,512,,,
passive-fixed,Mazury.map.gz,javascript,9601,0,latest,0,30000,unresolved,False,True,97,61.3392,40.168533333333336,13.864,3.2490666666666668,7.3082666666666665,1.0304,0,91,27,11,155,/home/bradley/.codex/worktrees/maxima-growth-policy/glob2/artifacts/maxima-historical-validation/passive-fixed/Mazury-javascript-9601-0-latest,9728,,4096,6656,9728,12800,4608,4608,,512,,,
passive-fixed,strange2.map.gz,javascript,9602,0,historical,0,30000,unresolved,False,True,0,133.46133333333333,125.50826666666667,6.161066666666667,8.3552,0.9914666666666667,63.14666666666667,487,359,15,0,15,/home/bradley/.codex/worktrees/maxima-growth-policy/glob2/artifacts/maxima-historical-validation/passive-fixed/strange2-javascript-9602-0-historical,512,512,512,,,,3072,2048,,512,,,
passive-fixed,strange2.map.gz,javascript,9602,0,latest,0,30000,unresolved,False,True,0,148.71893333333333,142.4896,3.925333333333333,8.9232,7.658666666666667,64.06826666666667,471,343,15,0,0,/home/bradley/.codex/worktrees/maxima-growth-policy/glob2/artifacts/maxima-historical-validation/passive-fixed/strange2-javascript-9602-0-latest,512,512,512,,,,,,,512,,,
passive-fixed,Muka.map.gz,javascript,9603,0,historical,0,30000,unresolved,False,True,51,25.613333333333333,14.669333333333332,6.801066666666666,1.7968,3.2352,0.4112,0,46,19,2,30,/home/bradley/.codex/worktrees/maxima-growth-policy/glob2/artifacts/maxima-historical-validation/passive-fixed/Muka-javascript-9603-0-historical,29184,,4608,14336,19968,24576,17408,16384,,1024,,,
passive-fixed,Muka.map.gz,javascript,9603,0,latest,0,30000,unresolved,False,True,60,25.460533333333334,14.303733333333334,6.926933333333333,2.1893333333333334,3.6293333333333333,0.27466666666666667,0,55,21,1,29,/home/bradley/.codex/worktrees/maxima-growth-policy/glob2/artifacts/maxima-historical-validation/passive-fixed/Muka-javascript-9603-0-latest,26112,,3584,12288,23040,28672,17920,17408,,1024,,,
passive-fixed,Holiday_Island_2.map.gz,javascript,9604,3,historical,0,30000,unresolved,False,True,73,32.47866666666667,18.883733333333332,9.998133333333334,1.6416,3.8837333333333333,1.384,3,71,18,0,56,/home/bradley/.codex/worktrees/maxima-growth-policy/glob2/artifacts/maxima-historical-validation/passive-fixed/Holiday_Island_2-javascript-9604-3-historical,22016,,10752,15360,,,3584,14336,,1024,,,28418
passive-fixed,Holiday_Island_2.map.gz,javascript,9604,3,latest,0,30000,unresolved,False,True,60,25.0408,16.7168,5.4456,2.0528,3.5424,0.5493333333333333,0,55,15,0,36,/home/bradley/.codex/worktrees/maxima-growth-policy/glob2/artifacts/maxima-historical-validation/passive-fixed/Holiday_Island_2-javascript-9604-3-latest,28672,,3584,16896,,,5632,14848,,1024,,,
passive-fixed,Mazury.map.gz,javascript,9604,1,historical,0,30000,unresolved,False,True,232,84.36,63.2544,14.827733333333333,3.2709333333333332,6.6272,4.546133333333334,6,232,39,18,215,/home/bradley/.codex/worktrees/maxima-growth-policy/glob2/artifacts/maxima-historical-validation/passive-fixed/Mazury-javascript-9604-1-historical,11264,20992,5120,8704,11264,14336,5632,7680,,512,,,
passive-fixed,Mazury.map.gz,javascript,9604,1,latest,0,30000,unresolved,False,True,230,94.00613333333334,71.51973333333333,15.5088,3.6122666666666667,9.322666666666667,3.6464,5,229,43,7,95,/home/bradley/.codex/worktrees/maxima-growth-policy/glob2/artifacts/maxima-historical-validation/passive-fixed/Mazury-javascript-9604-1-latest,9728,17920,2048,6656,14336,20480,6656,5120,,512,,,
passive-fixed,Holiday_Island_2.map.gz,javascript,9603,0,historical,0,30000,unresolved,False,True,160,64.69306666666667,43.43546666666666,14.8432,1.9845333333333333,4.8816,3.3413333333333335,3,158,30,6,146,/home/bradley/.codex/worktrees/maxima-growth-policy/glob2/artifacts/maxima-historical-validation/passive-fixed/Holiday_Island_2-javascript-9603-0-historical,14336,23040,3584,6144,20480,24064,4096,6144,,512,,,
passive-fixed,Holiday_Island_2.map.gz,javascript,9603,0,latest,0,30000,unresolved,False,True,157,66.56213333333334,46.704,14.28,1.5562666666666667,7.418666666666667,0.7712,0,152,38,2,113,/home/bradley/.codex/worktrees/maxima-growth-policy/glob2/artifacts/maxima-historical-validation/passive-fixed/Holiday_Island_2-javascript-9603-0-latest,14336,22016,13312,16384,18944,25088,7168,6656,,512,,,
passive-fixed,Mazury.map.gz,javascript,9603,0,historical,0,30000,unresolved,False,True,286,96.37253333333334,74.5624,15.020266666666666,3.6293333333333333,7.111466666666667,8.3296,10,290,41,12,175,/home/bradley/.codex/worktrees/maxima-growth-policy/glob2/artifacts/maxima-historical-validation/passive-fixed/Mazury-javascript-9603-0-historical,10240,19968,5632,8704,10240,18944,4096,5632,,512,,,
passive-fixed,Mazury.map.gz,javascript,9603,0,latest,0,30000,unresolved,False,True,215,86.22373333333333,64.91973333333334,14.1296,3.4912,9.3536,2.4656,0,209,38,13,134,/home/bradley/.codex/worktrees/maxima-growth-policy/glob2/artifacts/maxima-historical-validation/passive-fixed/Mazury-javascript-9603-0-latest,8704,14336,3072,5632,11264,13824,4608,5632,,512,,,
passive-fixed,strange2.map.gz,javascript,9600,1,historical,0,30000,unresolved,False,True,0,134.41706666666667,127.19786666666667,5.7514666666666665,8.165866666666666,0.9914666666666667,63.5392,489,361,15,0,15,/home/bradley/.codex/worktrees/maxima-growth-policy/glob2/artifacts/maxima-historical-validation/passive-fixed/strange2-javascript-9600-1-historical,512,512,512,,,,2048,1536,,512,,,
passive-fixed,strange2.map.gz,javascript,9600,1,latest,0,30000,unresolved,False,True,0,159.24906666666666,151.46666666666667,6.621866666666667,8.9232,11.402666666666667,65.82613333333333,459,331,17,0,12,/home/bradley/.codex/worktrees/maxima-growth-policy/glob2/artifacts/maxima-historical-validation/passive-fixed/strange2-javascript-9600-1-latest,512,512,512,,,,3072,2560,,512,,,
passive-fixed,Dejans.map.gz,javascript,9603,0,historical,0,30000,unresolved,False,True,80,44.06106666666667,25.009866666666667,13.729066666666666,2.477866666666667,4.378666666666667,3.1402666666666668,7,83,28,1,72,/home/bradley/.codex/worktrees/maxima-growth-policy/glob2/artifacts/maxima-historical-validation/passive-fixed/Dejans-javascript-9603-0-historical,17920,,4096,6656,19968,26624,3072,4608,,512,,,
passive-fixed,Dejans.map.gz,javascript,9603,0,latest,0,30000,unresolved,False,True,80,49.91493333333333,29.650133333333333,13.691733333333334,1.9845333333333333,5.3872,0.33226666666666665,0,76,17,12,152,/home/bradley/.codex/worktrees/maxima-growth-policy/glob2/artifacts/maxima-historical-validation/passive-fixed/Dejans-javascript-9603-0-latest,13312,,14336,,12288,15872,5632,4608,,512,,,
passive-fixed,Muka.map.gz,javascript,9603,1,historical,0,30000,unresolved,False,True,24,9.4968,6.101333333333334,1.3256,1.744,2.803733333333333,0.3413333333333333,0,19,8,0,6,/home/bradley/.codex/worktrees/maxima-growth-policy/glob2/artifacts/maxima-historical-validation/passive-fixed/Muka-javascript-9603-1-historical,,,10240,29184,,,24576,29696,,1024,,,
passive-fixed,Muka.map.gz,javascript,9603,1,latest,0,30000,unresolved,False,True,56,18.350933333333334,11.642666666666667,3.777066666666667,2.0544,3.032,0.37866666666666665,0,51,16,0,37,/home/bradley/.codex/worktrees/maxima-growth-policy/glob2/artifacts/maxima-historical-validation/passive-fixed/Muka-javascript-9603-1-latest,28672,,11776,18944,26624,,11264,23552,,1024,,,
passive-fixed,SmallForTwo.map.gz,javascript,9605,0,historical,0,30000,unresolved,False,True,195,71.69173333333333,53.74986666666667,14.042666666666667,2.0698666666666665,5.311466666666667,1.6042666666666667,0,191,38,12,157,/home/bradley/.codex/worktrees/maxima-growth-policy/glob2/artifacts/maxima-historical-validation/passive-fixed/SmallForTwo-javascript-9605-0-historical,13824,20992,8704,15360,16384,18944,9216,9216,,512,,,
passive-fixed,SmallForTwo.map.gz,javascript,9605,0,latest,0,30000,unresolved,False,True,112,55.59813333333334,37.930933333333336,13.750933333333334,1.4026666666666667,6.7296,0.48106666666666664,0,108,30,12,195,/home/bradley/.codex/worktrees/maxima-growth-policy/glob2/artifacts/maxima-historical-validation/passive-fixed/SmallForTwo-javascript-9605-0-latest,13312,27136,19456,23040,15360,17920,9216,8704,,512,,,
passive-fixed,Dejans.map.gz,javascript,9605,1,historical,0,30000,unresolved,False,True,98,57.1288,35.90346666666667,14.258133333333333,1.1109333333333333,4.5152,1.9274666666666667,3,97,17,16,226,/home/bradley/.codex/worktrees/maxima-growth-policy/glob2/artifacts/maxima-historical-validation/passive-fixed/Dejans-javascript-9605-1-historical,10752,,3584,6656,11264,13312,6656,6144,,512,,,
passive-fixed,Dejans.map.gz,javascript,9605,1,latest,0,30000,unresolved,False,True,93,47.3416,28.712266666666668,13.187733333333334,1.9146666666666667,5.2352,0.2064,0,89,20,10,156,/home/bradley/.codex/worktrees/maxima-growth-policy/glob2/artifacts/maxima-historical-validation/passive-fixed/Dejans-javascript-9605-1-latest,15360,,2560,12800,15872,18432,7680,7168,,512,,,
passive-fixed,Mazury.map.gz,javascript,9605,1,historical,0,30000,unresolved,False,True,439,136.4104,113.9608,15.180266666666666,3.9754666666666667,9.288533333333334,10.610133333333334,18,451,57,15,193,/home/bradley/.codex/worktrees/maxima-growth-policy/glob2/artifacts/maxima-historical-validation/passive-fixed/Mazury-javascript-9605-1-historical,10752,14336,4096,7680,13312,20992,6656,7168,,512,,,26802
passive-fixed,Mazury.map.gz,javascript,9605,1,latest,0,30000,unresolved,False,True,118,100.8136,79.28026666666666,13.530133333333334,2.7184,8.9344,17.530133333333332,70,182,23,1,37,/home/bradley/.codex/worktrees/maxima-growth-policy/glob2/artifacts/maxima-historical-validation/passive-fixed/Mazury-javascript-9605-1-latest,8704,13312,3584,5632,16896,27648,8192,7168,,512,,,
passive-fixed,balanced_for_2.map.gz,javascript,9606,1,historical,0,30000,unresolved,False,True,211,73.94293333333333,54.272533333333335,13.512,2.1877333333333335,5.634133333333334,0.29173333333333334,0,203,47,17,235,/home/bradley/.codex/worktrees/maxima-growth-policy/glob2/artifacts/maxima-historical-validation/passive-fixed/balanced_for_2-javascript-9606-1-historical,14848,20992,3584,13824,14848,18944,5632,8704,,1024,,,
passive-fixed,balanced_for_2.map.gz,javascript,9606,1,latest,0,30000,unresolved,False,True,258,103.2088,79.95226666666667,15.390933333333333,3.1450666666666667,7.833066666666666,0.6874666666666667,0,250,49,22,251,/home/bradley/.codex/worktrees/maxima-growth-policy/glob2/artifacts/maxima-historical-validation/passive-fixed/balanced_for_2-javascript-9606-1-latest,9728,18432,2560,8704,10240,13312,4096,5632,,1024,,,
passive-fixed,Mazury.map.gz,javascript,9606,1,historical,0,30000,unresolved,False,True,458,150.15866666666668,127.0312,15.755733333333334,4.2624,9.8176,11.549333333333333,14,466,66,21,190,/home/bradley/.codex/worktrees/maxima-growth-policy/glob2/artifacts/maxima-historical-validation/passive-fixed/Mazury-javascript-9606-1-historical,9728,14336,3584,6656,11264,20992,4608,6144,,512,,,12606
passive-fixed,Mazury.map.gz,javascript,9606,1,latest,0,30000,unresolved,False,True,117,84.5408,62.949866666666665,14.168,1.8805333333333334,8.216,9.4704,41,152,23,1,43,/home/bradley/.codex/worktrees/maxima-growth-policy/glob2/artifacts/maxima-historical-validation/passive-fixed/Mazury-javascript-9606-1-latest,10240,16896,3584,6144,21504,24576,7680,6656,,1024,,,
passive-fixed,balanced_for_2.map.gz,javascript,9604,1,historical,0,30000,unresolved,False,True,175,63.28693333333333,44.248,13.119466666666666,2.2048,4.900266666666667,0.37546666666666667,0,167,42,20,221,/home/bradley/.codex/worktrees/maxima-growth-policy/glob2/artifacts/maxima-historical-validation/passive-fixed/balanced_for_2-javascript-9604-1-historical,14848,22528,3584,12288,15360,17920,5632,10240,,1024,,,16772
passive-fixed,balanced_for_2.map.gz,javascript,9604,1,latest,0,30000,unresolved,False,True,261,109.40533333333333,88.2144,14.366933333333334,2.9914666666666667,8.241066666666667,0.9248,0,253,50,29,265,/home/bradley/.codex/worktrees/maxima-growth-policy/glob2/artifacts/maxima-historical-validation/passive-fixed/balanced_for_2-javascript-9604-1-latest,10752,16384,2560,8704,11776,13824,6144,7168,,1024,,,14407
passive-fixed,Mazury.map.gz,javascript,9607,1,historical,0,30000,unresolved,False,True,209,84.10133333333333,64.91786666666667,14.166933333333333,2.8752,6.4224,10.3664,18,221,32,7,170,/home/bradley/.codex/worktrees/maxima-growth-policy/glob2/artifacts/maxima-historical-validation/passive-fixed/Mazury-javascript-9607-1-historical,11264,15360,5632,8704,11776,15872,6656,8192,,512,,,
passive-fixed,Mazury.map.gz,javascript,9607,1,latest,0,30000,unresolved,False,True,167,84.95866666666667,62.79813333333333,14.858666666666666,3.1637333333333335,8.992,6.706133333333334,10,171,30,5,96,/home/bradley/.codex/worktrees/maxima-growth-policy/glob2/artifacts/maxima-historical-validation/passive-fixed/Mazury-javascript-9607-1-latest,10752,16384,2048,5120,13312,16896,8704,7168,,512,,,
passive-fixed,SmallForTwo.map.gz,javascript,9603,1,historical,0,30000,unresolved,False,True,238,105.37173333333334,86.1024,15.0512,2.3429333333333333,6.949866666666667,4.533333333333333,2,236,40,22,271,/home/bradley/.codex/worktrees/maxima-growth-policy/glob2/artifacts/maxima-historical-validation/passive-fixed/SmallForTwo-javascript-9603-1-historical,10240,15872,9728,12288,13312,16384,4608,6656,,1024,,,17215
passive-fixed,SmallForTwo.map.gz,javascript,9603,1,latest,0,30000,unresolved,False,True,158,74.47573333333334,55.57973333333333,14.792,1.8122666666666667,8.753066666666667,1.0101333333333333,0,154,35,10,218,/home/bradley/.codex/worktrees/maxima-growth-policy/glob2/artifacts/maxima-historical-validation/passive-fixed/SmallForTwo-javascript-9603-1-latest,12288,19456,11264,13824,13824,17920,5632,6656,,1024,,,
passive-fixed,balanced_for_2.map.gz,javascript,9605,1,historical,0,30000,unresolved,False,True,189,76.22186666666667,54.4264,14.315733333333334,2.0512,5.567466666666666,0.44533333333333336,0,181,40,28,250,/home/bradley/.codex/worktrees/maxima-growth-policy/glob2/artifacts/maxima-historical-validation/passive-fixed/balanced_for_2-javascript-9605-1-historical,11264,20992,11776,15872,11264,14336,4608,5120,,1024,,,
passive-fixed,balanced_for_2.map.gz,javascript,9605,1,latest,0,30000,unresolved,False,True,243,90.90373333333334,68.8408,14.5376,3.232,7.005866666666667,0.7029333333333333,0,235,44,21,224,/home/bradley/.codex/worktrees/maxima-growth-policy/glob2/artifacts/maxima-historical-validation/passive-fixed/balanced_for_2-javascript-9605-1-latest,11264,19456,2048,10240,12288,15872,6144,7168,,1024,,,12944
passive-fixed,Holiday_Island_2.map.gz,javascript,9600,0,historical,0,30000,unresolved,False,True,97,45.14986666666667,25.803733333333334,14.2288,1.5082666666666666,4.1925333333333334,1.1621333333333332,3,95,23,1,88,/home/bradley/.codex/worktrees/maxima-growth-policy/glob2/artifacts/maxima-historical-validation/passive-fixed/Holiday_Island_2-javascript-9600-0-historical,18944,,3584,6656,24576,29184,3584,6144,,512,,,
passive-fixed,Holiday_Island_2.map.gz,javascript,9600,0,latest,0,30000,unresolved,False,True,171,65.92586666666666,46.20426666666667,14.28,2.2405333333333335,7.421866666666666,1.1141333333333334,0,166,38,4,146,/home/bradley/.codex/worktrees/maxima-growth-policy/glob2/artifacts/maxima-historical-validation/passive-fixed/Holiday_Island_2-javascript-9600-0-latest,15360,22528,3584,7168,19456,24064,5632,7680,,512,,,
passive-fixed,Holiday_Island_2.map.gz,javascript,9600,2,historical,0,30000,unresolved,False,True,154,52.91093333333333,35.06346666666666,12.984533333333333,1.8309333333333333,4.076266666666666,2.2794666666666665,1,150,26,1,82,/home/bradley/.codex/worktrees/maxima-growth-policy/glob2/artifacts/maxima-historical-validation/passive-fixed/Holiday_Island_2-javascript-9600-2-historical,17408,25088,11264,16896,22528,30000,3584,10240,,1024,,,
passive-fixed,Holiday_Island_2.map.gz,javascript,9600,2,latest,0,30000,unresolved,False,True,187,65.49066666666667,46.34453333333333,13.5152,2.530666666666667,6.039466666666667,2.090133333333333,2,184,34,3,103,/home/bradley/.codex/worktrees/maxima-growth-policy/glob2/artifacts/maxima-historical-validation/passive-fixed/Holiday_Island_2-javascript-9600-2-latest,15360,22528,3584,7680,20992,25600,6144,9728,,1024,,,21970
passive-fixed,strange2.map.gz,javascript,9606,1,historical,0,30000,unresolved,False,True,0,132.2496,124.2624,6.178133333333333,8.4576,0.9914666666666667,62.63466666666667,479,351,13,0,15,/home/bradley/.codex/worktrees/maxima-growth-policy/glob2/artifacts/maxima-historical-validation/passive-fixed/strange2-javascript-9606-1-historical,512,512,512,,,,1536,1024,,512,,,
passive-fixed,strange2.map.gz,javascript,9606,1,latest,0,30000,unresolved,False,True,0,158.37866666666667,149.8112,6.8096,8.9232,11.470933333333333,64.58026666666666,454,326,17,0,12,/home/bradley/.codex/worktrees/maxima-growth-policy/glob2/artifacts/maxima-historical-validation/passive-fixed/strange2-javascript-9606-1-latest,512,512,512,,,,3072,2048,,512,,,
passive-fixed,Dejans.map.gz,javascript,9600,0,historical,0,30000,unresolved,False,True,97,55.638933333333334,34.214666666666666,14.539466666666666,1.5562666666666667,4.429866666666666,4.730133333333334,9,102,15,8,158,/home/bradley/.codex/worktrees/maxima-growth-policy/glob2/artifacts/maxima-historical-validation/passive-fixed/Dejans-javascript-9600-0-historical,12800,,13312,,11776,14848,3072,5632,,512,,,
passive-fixed,Dejans.map.gz,javascript,9600,0,latest,0,30000,unresolved,False,True,66,42.87466666666667,23.283733333333334,13.005866666666666,1.848,5.08,0.17066666666666666,0,62,18,7,127,/home/bradley/.codex/worktrees/maxima-growth-policy/glob2/artifacts/maxima-historical-validation/passive-fixed/Dejans-javascript-9600-0-latest,17920,,16896,29696,14848,18432,3584,6656,,512,,,
passive-fixed,strange2.map.gz,javascript,9604,1,historical,0,30000,unresolved,False,True,0,133.12,125.55946666666667,5.819733333333334,7.8928,0.9914666666666667,63.0784,486,358,13,0,15,/home/bradley/.codex/worktrees/maxima-growth-policy/glob2/artifacts/maxima-historical-validation/passive-fixed/strange2-javascript-9604-1-historical,512,512,512,,,,2048,1024,,512,,,
passive-fixed,strange2.map.gz,javascript,9604,1,latest,0,30000,unresolved,False,True,0,158.1056,151.43253333333334,4.2496,8.9232,12.4624,63.19786666666667,447,319,18,0,6,/home/bradley/.codex/worktrees/maxima-growth-policy/glob2/artifacts/maxima-historical-validation/passive-fixed/strange2-javascript-9604-1-latest,512,512,512,,,,7680,6656,,512,,,
passive-fixed,Dejans.map.gz,javascript,9603,1,historical,0,30000,unresolved,False,True,33,37.0328,20.652533333333334,13.564266666666667,1.8464,0.9744,10.7744,61,90,13,0,34,/home/bradley/.codex/worktrees/maxima-growth-policy/glob2/artifacts/maxima-historical-validation/passive-fixed/Dejans-javascript-9603-1-historical,,,4608,6656,12800,,5120,4608,,512,,,
passive-fixed,Dejans.map.gz,javascript,9603,1,latest,0,30000,unresolved,False,True,60,42.42133333333334,24.5248,12.576,1.0613333333333332,5.4896,0.1536,0,56,22,8,114,/home/bradley/.codex/worktrees/maxima-growth-policy/glob2/artifacts/maxima-historical-validation/passive-fixed/Dejans-javascript-9603-1-latest,17920,,28160,,13824,18944,6144,5632,,512,,,
passive-fixed,balanced_for_2.map.gz,javascript,9601,0,historical,0,30000,unresolved,False,True,268,113.63893333333333,90.59013333333333,15.423466666666666,2.5802666666666667,7.808,1.1130666666666666,0,260,67,45,313,/home/bradley/.codex/worktrees/maxima-growth-policy/glob2/artifacts/maxima-historical-validation/passive-fixed/balanced_for_2-javascript-9601-0-historical,9216,15872,2560,8704,10240,13312,4608,5120,,512,,,
passive-fixed,balanced_for_2.map.gz,javascript,9601,0,latest,0,30000,unresolved,False,True,358,167.87733333333333,140.21706666666665,15.955733333333333,3.2304,12.072,1.4714666666666667,0,350,82,43,301,/home/bradley/.codex/worktrees/maxima-growth-policy/glob2/artifacts/maxima-historical-validation/passive-fixed/balanced_for_2-javascript-9601-0-latest,8192,12288,2560,5632,9728,12800,4096,4608,,512,,,
passive-fixed,Holiday_Island_2.map.gz,javascript,9607,3,historical,0,30000,unresolved,False,True,47,27.279466666666668,15.741333333333333,7.516266666666667,1.5562666666666667,3.6773333333333333,0.7557333333333334,0,42,12,0,37,/home/bradley/.codex/worktrees/maxima-growth-policy/glob2/artifacts/maxima-historical-validation/passive-fixed/Holiday_Island_2-javascript-9607-3-historical,,,13312,28672,,,9216,12288,,1024,,,
passive-fixed,Holiday_Island_2.map.gz,javascript,9607,3,latest,0,30000,unresolved,False,True,74,32.958133333333336,19.625866666666667,8.759466666666667,1.9488,3.8512,1.0442666666666667,0,69,18,0,48,/home/bradley/.codex/worktrees/maxima-growth-policy/glob2/artifacts/maxima-historical-validation/passive-fixed/Holiday_Island_2-javascript-9607-3-latest,23552,,10240,16896,29184,,6656,8704,,1536,,,
passive-fixed,strange2.map.gz,javascript,9607,1,historical,0,30000,unresolved,False,True,0,132.88106666666667,125.7472,5.7856,8.012266666666667,0.9914666666666667,62.89066666666667,483,355,16,0,15,/home/bradley/.codex/worktrees/maxima-growth-policy/glob2/artifacts/maxima-historical-validation/passive-fixed/strange2-javascript-9607-1-historical,512,512,512,,,,2048,1024,,512,,,
passive-fixed,strange2.map.gz,javascript,9607,1,latest,0,30000,unresolved,False,True,0,154.33386666666667,147.3536,4.608,8.9232,10.479466666666667,64.6144,462,334,15,0,0,/home/bradley/.codex/worktrees/maxima-growth-policy/glob2/artifacts/maxima-historical-validation/passive-fixed/strange2-javascript-9607-1-latest,512,512,512,,,,,,,512,,,
passive-fixed,strange2.map.gz,javascript,9603,1,historical,0,30000,unresolved,False,True,0,134.12693333333334,126.39573333333334,5.768533333333333,7.8928,0.9914666666666667,63.1808,489,361,13,0,14,/home/bradley/.codex/worktrees/maxima-growth-policy/glob2/artifacts/maxima-historical-validation/passive-fixed/strange2-javascript-9603-1-historical,512,512,512,,,,1536,1024,,512,,,
passive-fixed,strange2.map.gz,javascript,9603,1,latest,0,30000,unresolved,False,True,0,159.62453333333335,153.22453333333334,4.113066666666667,8.9232,10.581866666666667,66.2016,466,338,15,0,0,/home/bradley/.codex/worktrees/maxima-growth-policy/glob2/artifacts/maxima-historical-validation/passive-fixed/strange2-javascript-9603-1-latest,512,512,512,,,,,,,512,,,
passive-fixed,strange2.map.gz,javascript,9605,0,historical,0,30000,unresolved,False,True,0,133.4784,125.66186666666667,6.109866666666667,8.304,0.9914666666666667,63.14666666666667,485,357,17,0,13,/home/bradley/.codex/worktrees/maxima-growth-policy/glob2/artifacts/maxima-historical-validation/passive-fixed/strange2-javascript-9605-0-historical,512,512,512,,,,3072,2048,,512,,,
passive-fixed,strange2.map.gz,javascript,9605,0,latest,0,30000,unresolved,False,True,0,141.056,135.15093333333334,3.618133333333333,8.9232,5.863466666666667,62.242133333333335,468,340,12,0,0,/home/bradley/.codex/worktrees/maxima-growth-policy/glob2/artifacts/maxima-historical-validation/passive-fixed/strange2-javascript-9605-0-latest,512,512,512,,,,,,,512,,,
passive-fixed,Holiday_Island_2.map.gz,javascript,9603,3,historical,0,30000,unresolved,False,True,62,29.764533333333333,18.042933333333334,8.2784,1.1466666666666667,3.5578666666666665,1.1109333333333333,1,58,13,0,41,/home/bradley/.codex/worktrees/maxima-growth-policy/glob2/artifacts/maxima-historical-validation/passive-fixed/Holiday_Island_2-javascript-9603-3-historical,27136,,25600,,,,12288,11776,,1024,,,
passive-fixed,Holiday_Island_2.map.gz,javascript,9603,3,latest,0,30000,unresolved,False,True,79,30.14666666666667,18.161066666666667,7.8752,2.3429333333333333,3.817066666666667,0.9930666666666667,0,74,15,0,43,/home/bradley/.codex/worktrees/maxima-growth-policy/glob2/artifacts/maxima-historical-validation/passive-fixed/Holiday_Island_2-javascript-9603-3-latest,25088,,8704,16384,,,6656,10752,,1024,,,
passive-fixed,Holiday_Island_2.map.gz,javascript,9605,2,historical,0,30000,unresolved,False,True,149,53.0736,33.76,13.650133333333333,2.1552,4.350933333333334,1.1653333333333333,0,144,29,3,118,/home/bradley/.codex/worktrees/maxima-growth-policy/glob2/artifacts/maxima-historical-validation/passive-fixed/Holiday_Island_2-javascript-9605-2-historical,16384,25088,3584,7680,23040,26624,7168,9216,,1024,,,18509
passive-fixed,Holiday_Island_2.map.gz,javascript,9605,2,latest,0,30000,unresolved,False,True,139,53.412533333333336,34.849866666666664,13.325866666666666,1.7610666666666666,5.5024,1.2538666666666667,0,134,29,1,90,/home/bradley/.codex/worktrees/maxima-growth-policy/glob2/artifacts/maxima-historical-validation/passive-fixed/Holiday_Island_2-javascript-9605-2-latest,16384,24576,3584,8192,20992,28672,7168,10752,,1024,,,20210
passive-fixed,Mazury.map.gz,javascript,9601,1,historical,0,30000,unresolved,False,True,186,73.9952,54.28746666666667,14.658666666666667,3.0986666666666665,6.538666666666667,4.069866666666667,9,189,31,14,191,/home/bradley/.codex/worktrees/maxima-growth-policy/glob2/artifacts/maxima-historical-validation/passive-fixed/Mazury-javascript-9601-1-historical,10752,22016,5120,7168,10240,13824,5632,5632,,512,,,
passive-fixed,Mazury.map.gz,javascript,9601,1,latest,0,30000,unresolved,False,True,78,65.65386666666667,45.58266666666667,12.847466666666667,2.3258666666666667,6.793066666666666,8.024533333333334,26,98,18,3,84,/home/bradley/.codex/worktrees/maxima-growth-policy/glob2/artifacts/maxima-historical-validation/passive-fixed/Mazury-javascript-9601-1-latest,10752,19968,2560,5120,15360,21504,8192,7168,,512,,,
passive-fixed,Holiday_Island_2.map.gz,javascript,9603,2,historical,0,30000,unresolved,False,True,118,44.81146666666667,25.960266666666666,13.3584,1.7456,4.2624,0.9077333333333333,0,113,25,1,91,/home/bradley/.codex/worktrees/maxima-growth-policy/glob2/artifacts/maxima-historical-validation/passive-fixed/Holiday_Island_2-javascript-9603-2-historical,17920,28160,11776,17408,25088,28672,4096,8704,,1024,,,20159
passive-fixed,Holiday_Island_2.map.gz,javascript,9603,2,latest,0,30000,unresolved,False,True,199,66.14826666666667,47.10613333333333,13.446933333333334,2.4794666666666667,5.473066666666667,2.7978666666666667,3,197,31,0,87,/home/bradley/.codex/worktrees/maxima-growth-policy/glob2/artifacts/maxima-historical-validation/passive-fixed/Holiday_Island_2-javascript-9603-2-latest,15872,21504,3584,7168,20992,,4608,11776,,1024,,,22363
passive-fixed,Muka.map.gz,javascript,9607,1,historical,0,30000,unresolved,False,True,53,27.34026666666667,17.3568,5.978666666666666,2.0698666666666665,3.3376,0.4128,0,48,17,3,58,/home/bradley/.codex/worktrees/maxima-growth-policy/glob2/artifacts/maxima-historical-validation/passive-fixed/Muka-javascript-9607-1-historical,27648,,10240,18944,22528,25088,8192,11776,,1024,,,
passive-fixed,Muka.map.gz,javascript,9607,1,latest,0,30000,unresolved,False,True,72,29.998933333333333,16.790933333333335,8.2784,2.0698666666666665,4.127466666666667,0.6704,0,67,26,1,40,/home/bradley/.codex/worktrees/maxima-growth-policy/glob2/artifacts/maxima-historical-validation/passive-fixed/Muka-javascript-9607-1-latest,24576,,8192,14336,19456,29184,14848,13824,,1024,,,
passive-fixed,balanced_for_2.map.gz,javascript,9600,1,historical,0,30000,unresolved,False,True,198,78.90213333333334,57.8648,14.349866666666667,2.256,5.738133333333334,0.5306666666666666,0,190,45,28,242,/home/bradley/.codex/worktrees/maxima-growth-policy/glob2/artifacts/maxima-historical-validation/passive-fixed/balanced_for_2-javascript-9600-1-historical,11776,20480,4608,12800,11776,14848,5632,7168,,1024,,,
passive-fixed,balanced_for_2.map.gz,javascript,9600,1,latest,0,30000,unresolved,False,True,269,115.58613333333334,92.84693333333334,14.757866666666667,3.128,8.857066666666666,1.6976,0,261,48,30,276,/home/bradley/.codex/worktrees/maxima-growth-policy/glob2/artifacts/maxima-historical-validation/passive-fixed/balanced_for_2-javascript-9600-1-latest,9728,15872,2560,7680,10240,13312,5632,6656,,1024,,,13414
passive-fixed,Mazury.map.gz,javascript,9603,1,historical,0,30000,unresolved,False,True,121,56.87226666666667,39.09466666666667,12.8992,2.2933333333333334,5.1328,4.133333333333334,9,124,27,11,140,/home/bradley/.codex/worktrees/maxima-growth-policy/glob2/artifacts/maxima-historical-validation/passive-fixed/Mazury-javascript-9603-1-historical,11776,28672,6144,10752,12288,19456,5120,7680,,512,,,
passive-fixed,Mazury.map.gz,javascript,9603,1,latest,0,30000,unresolved,False,True,59,74.52213333333333,55.664,12.332266666666667,2.3429333333333333,8.639466666666667,12.818666666666667,67,120,19,4,53,/home/bradley/.codex/worktrees/maxima-growth-policy/glob2/artifacts/maxima-historical-validation/passive-fixed/Mazury-javascript-9603-1-latest,8192,13824,3072,5632,14336,17920,6656,5632,,512,,,
passive-fixed,strange2.map.gz,javascript,9605,1,historical,0,30000,unresolved,False,True,0,132.89813333333333,125.73013333333333,5.7344,7.9952,0.9914666666666667,62.8736,482,354,14,0,14,/home/bradley/.codex/worktrees/maxima-growth-policy/glob2/artifacts/maxima-historical-validation/passive-fixed/strange2-javascript-9605-1-historical,512,512,512,,,,2048,1024,,512,,,
passive-fixed,strange2.map.gz,javascript,9605,1,latest,0,30000,unresolved,False,True,0,154.79466666666667,149.43573333333333,3.6693333333333333,8.9232,9.6928,64.8192,462,334,14,0,0,/home/bradley/.codex/worktrees/maxima-growth-policy/glob2/artifacts/maxima-historical-validation/passive-fixed/strange2-javascript-9605-1-latest,512,512,512,,,,,,,512,,,
passive-fixed,SmallForTwo.map.gz,javascript,9603,0,historical,0,30000,unresolved,False,True,206,73.57306666666666,56.025333333333336,13.802133333333334,2.018666666666667,5.173333333333333,1.2026666666666668,0,202,42,10,179,/home/bradley/.codex/worktrees/maxima-growth-policy/glob2/artifacts/maxima-historical-validation/passive-fixed/SmallForTwo-javascript-9603-0-historical,14336,20992,10752,16384,16384,21504,8704,9216,,512,,,
passive-fixed,SmallForTwo.map.gz,javascript,9603,0,latest,0,30000,unresolved,False,True,147,64.75413333333333,46.8448,14.061333333333334,1.7968,6.9408,1.0768,0,143,29,11,170,/home/bradley/.codex/worktrees/maxima-growth-policy/glob2/artifacts/maxima-historical-validation/passive-fixed/SmallForTwo-javascript-9603-0-latest,13312,22016,9728,17408,15360,18432,8704,7680,,512,,,
passive-fixed,Holiday_Island_2.map.gz,javascript,9601,0,historical,0,30000,unresolved,False,True,115,54.03626666666667,33.87093333333333,14.604266666666666,1.6090666666666666,4.588266666666667,1.3482666666666667,1,111,29,4,123,/home/bradley/.codex/worktrees/maxima-growth-policy/glob2/artifacts/maxima-historical-validation/passive-fixed/Holiday_Island_2-javascript-9601-0-historical,15872,27648,12288,15360,19968,24064,4096,5632,,512,,,
passive-fixed,Holiday_Island_2.map.gz,javascript,9601,0,latest,0,30000,unresolved,False,True,123,50.352533333333334,30.6976,13.735466666666667,2.018666666666667,5.821866666666667,1.1994666666666667,0,118,27,0,89,/home/bradley/.codex/worktrees/maxima-growth-policy/glob2/artifacts/maxima-historical-validation/passive-fixed/Holiday_Island_2-javascript-9601-0-latest,14848,28160,7168,15872,24576,,4608,6656,,512,,,16945
passive-fixed,Holiday_Island_2.map.gz,javascript,9606,3,historical,0,30000,unresolved,False,True,71,32.632533333333335,20.672533333333334,8.293333333333333,1.9674666666666667,3.1296,1.696,1,67,14,0,40,/home/bradley/.codex/worktrees/maxima-growth-policy/glob2/artifacts/maxima-historical-validation/passive-fixed/Holiday_Island_2-javascript-9606-3-historical,25600,,10752,24064,,,10240,9216,,1024,,,
passive-fixed,Holiday_Island_2.map.gz,javascript,9606,3,latest,0,30000,unresolved,False,True,40,26.435466666666667,15.840533333333333,7.550666666666666,2.2405333333333335,3.7626666666666666,1.7952,2,37,9,0,36,/home/bradley/.codex/worktrees/maxima-growth-policy/glob2/artifacts/maxima-historical-validation/passive-fixed/Holiday_Island_2-javascript-9606-3-latest,,,11264,16384,,,6144,10752,,1024,,,
passive-fixed,Holiday_Island_2.map.gz,javascript,9607,0,historical,0,30000,unresolved,False,True,85,39.584,21.722666666666665,13.0512,1.9333333333333333,3.5936,1.9349333333333334,2,82,20,0,73,/home/bradley/.codex/worktrees/maxima-growth-policy/glob2/artifacts/maxima-historical-validation/passive-fixed/Holiday_Island_2-javascript-9607-0-historical,22528,,3584,8704,28160,,4096,8192,,1024,,,26879
passive-fixed,Holiday_Island_2.map.gz,javascript,9607,0,latest,0,30000,unresolved,False,True,160,52.596266666666665,34.42613333333333,13.0528,2.2064,5.828266666666667,0.7045333333333333,0,155,32,0,89,/home/bradley/.codex/worktrees/maxima-growth-policy/glob2/artifacts/maxima-historical-validation/passive-fixed/Holiday_Island_2-javascript-9607-0-latest,16896,25600,9728,14336,23552,,7168,9728,,1024,,,
passive-fixed,Holiday_Island_2.map.gz,javascript,9601,3,historical,0,30000,unresolved,False,True,60,28.9592,17.986666666666668,7.631733333333333,1.6074666666666666,3.5237333333333334,0.7696,0,55,13,0,49,/home/bradley/.codex/worktrees/maxima-growth-policy/glob2/artifacts/maxima-historical-validation/passive-fixed/Holiday_Island_2-javascript-9601-3-historical,26624,,11264,17920,,,4096,12288,,1024,,,
passive-fixed,Holiday_Island_2.map.gz,javascript,9601,3,latest,0,30000,unresolved,False,True,52,26.164533333333335,15.321333333333333,7.6064,1.4709333333333334,3.6448,0.6842666666666667,0,47,13,0,47,/home/bradley/.codex/worktrees/maxima-growth-policy/glob2/artifacts/maxima-historical-validation/passive-fixed/Holiday_Island_2-javascript-9601-3-latest,29184,,15872,,,,11264,13824,,1024,,,
passive-fixed,Holiday_Island_2.map.gz,javascript,9602,0,historical,0,30000,unresolved,False,True,87,43.27706666666667,24.1512,12.882133333333334,1.7610666666666666,4.279466666666667,1.3157333333333334,0,82,25,0,72,/home/bradley/.codex/worktrees/maxima-growth-policy/glob2/artifacts/maxima-historical-validation/passive-fixed/Holiday_Island_2-javascript-9602-0-historical,17920,,7168,17920,27648,,4608,6656,,1024,,,18140
passive-fixed,Holiday_Island_2.map.gz,javascript,9602,0,latest,0,30000,unresolved,False,True,89,35.25546666666666,20.310933333333335,10.253866666666667,1.7968,4.416,0.6736,0,84,21,0,62,/home/bradley/.codex/worktrees/maxima-growth-policy/glob2/artifacts/maxima-historical-validation/passive-fixed/Holiday_Island_2-javascript-9602-0-latest,23040,,14848,20480,29184,,7680,10752,,1024,,,
passive-fixed,Muka.map.gz,javascript,9601,1,historical,0,30000,unresolved,False,True,47,27.279466666666668,16.099733333333333,9.005866666666666,1.6944,2.9434666666666667,3.5376,7,49,17,0,32,/home/bradley/.codex/worktrees/maxima-growth-policy/glob2/artifacts/maxima-historical-validation/passive-fixed/Muka-javascript-9601-1-historical,,,18944,25600,24064,,8192,7680,,1024,,,
passive-fixed,Muka.map.gz,javascript,9601,1,latest,0,30000,unresolved,False,True,46,16.396266666666666,9.827733333333333,3.6218666666666666,2.2064,3.506666666666667,0.29013333333333335,0,41,14,0,26,/home/bradley/.codex/worktrees/maxima-growth-policy/glob2/artifacts/maxima-historical-validation/passive-fixed/Muka-javascript-9601-1-latest,,,3584,15360,29696,,11776,24064,,1024,,,
passive-fixed,balanced_for_2.map.gz,javascript,9602,1,historical,0,30000,unresolved,False,True,265,105.66053333333333,84.5224,14.416533333333334,2.0512,6.710933333333333,0.8458666666666667,0,257,61,33,284,/home/bradley/.codex/worktrees/maxima-growth-policy/glob2/artifacts/maxima-historical-validation/passive-fixed/balanced_for_2-javascript-9602-1-historical,11264,17408,8704,11776,11776,15360,4608,7168,,1024,,,11883
passive-fixed,balanced_for_2.map.gz,javascript,9602,1,latest,0,30000,unresolved,False,True,287,123.684,101.07493333333333,14.964266666666667,2.7696,9.338133333333333,1.8613333333333333,0,279,61,30,261,/home/bradley/.codex/worktrees/maxima-growth-policy/glob2/artifacts/maxima-historical-validation/passive-fixed/balanced_for_2-javascript-9602-1-latest,10240,15360,2560,7680,11264,14336,5632,6656,,1024,,,11322
passive-fixed,SmallForTwo.map.gz,javascript,9604,1,historical,0,30000,unresolved,False,True,211,89.45306666666667,69.44613333333334,15.681066666666666,1.6074666666666666,6.797866666666667,3.0149333333333335,0,207,32,16,278,/home/bradley/.codex/worktrees/maxima-growth-policy/glob2/artifacts/maxima-historical-validation/passive-fixed/SmallForTwo-javascript-9604-1-historical,9728,18432,11776,16384,11776,14848,4608,4608,,512,,,
passive-fixed,SmallForTwo.map.gz,javascript,9604,1,latest,0,30000,unresolved,False,True,186,99.25013333333334,80.20373333333333,14.805866666666667,2.4282666666666666,11.182933333333333,1.6122666666666667,0,182,41,14,194,/home/bradley/.codex/worktrees/maxima-growth-policy/glob2/artifacts/maxima-historical-validation/passive-fixed/SmallForTwo-javascript-9604-1-latest,10240,15360,8192,11776,11776,15872,4608,5632,,512,,,
passive-fixed,strange2.map.gz,javascript,9607,0,historical,0,30000,unresolved,False,True,0,131.20853333333332,123.17013333333334,6.263466666666667,8.0464,0.9914666666666667,62.0032,480,352,15,0,16,/home/bradley/.codex/worktrees/maxima-growth-policy/glob2/artifacts/maxima-historical-validation/passive-fixed/strange2-javascript-9607-0-historical,512,512,512,,,,3072,2048,,512,,,
passive-fixed,strange2.map.gz,javascript,9607,0,latest,0,30000,unresolved,False,True,0,147.5584,141.22666666666666,4.113066666666667,8.9232,6.803733333333334,63.86346666666667,468,340,14,0,0,/home/bradley/.codex/worktrees/maxima-growth-policy/glob2/artifacts/maxima-historical-validation/passive-fixed/strange2-javascript-9607-0-latest,512,512,512,,,,,,,512,,,
passive-fixed,Mazury.map.gz,javascript,9600,1,historical,0,30000,unresolved,False,True,351,112.55013333333333,90.8952,15.172266666666667,3.8512,8.072,6.8074666666666666,4,349,49,16,231,/home/bradley/.codex/worktrees/maxima-growth-policy/glob2/artifacts/maxima-historical-validation/passive-fixed/Mazury-javascript-9600-1-historical,11264,15872,5120,8192,11264,14336,6144,7168,,512,,,
passive-fixed,Mazury.map.gz,javascript,9600,1,latest,0,30000,unresolved,False,True,106,86.032,64.61493333333334,13.9088,2.6672,6.693866666666667,11.817066666666667,57,157,20,1,68,/home/bradley/.codex/worktrees/maxima-growth-policy/glob2/artifacts/maxima-historical-validation/passive-fixed/Mazury-javascript-9600-1-latest,9728,14336,3072,6144,18432,29184,6656,5120,,1024,,,
passive-fixed,SmallForTwo.map.gz,javascript,9600,1,historical,0,30000,unresolved,False,True,227,102.57893333333334,83.42693333333334,14.979733333333334,1.7610666666666666,7.311466666666667,3.3616,0,223,43,16,237,/home/bradley/.codex/worktrees/maxima-growth-policy/glob2/artifacts/maxima-historical-validation/passive-fixed/SmallForTwo-javascript-9600-1-historical,10240,15360,7168,11264,12800,15872,4608,6656,,1024,,,11463
passive-fixed,SmallForTwo.map.gz,javascript,9600,1,latest,0,30000,unresolved,False,True,170,86.0184,67.13946666666666,14.774933333333333,2.1024,10.0704,1.0954666666666666,0,166,35,12,225,/home/bradley/.codex/worktrees/maxima-growth-policy/glob2/artifacts/maxima-historical-validation/passive-fixed/SmallForTwo-javascript-9600-1-latest,10240,16384,6656,11776,11776,16384,4608,6144,,1024,,,
passive-fixed,balanced_for_2.map.gz,javascript,9600,0,historical,0,30000,unresolved,False,True,269,94.33146666666667,74.09626666666666,13.752533333333334,2.7354666666666665,6.560533333333334,0.4282666666666667,0,261,57,26,240,/home/bradley/.codex/worktrees/maxima-growth-policy/glob2/artifacts/maxima-historical-validation/passive-fixed/balanced_for_2-javascript-9600-0-historical,12288,17920,2560,9216,13824,16384,7680,9216,,512,,,15968
passive-fixed,balanced_for_2.map.gz,javascript,9600,0,latest,0,30000,unresolved,False,True,322,145.37706666666668,118.51733333333334,15.5072,4.069866666666667,10.944,1.2512,0,314,56,33,290,/home/bradley/.codex/worktrees/maxima-growth-policy/glob2/artifacts/maxima-historical-validation/passive-fixed/balanced_for_2-javascript-9600-0-latest,8192,13824,2560,6656,8704,11264,4608,4608,,512,,,10483
passive-fixed,Dejans.map.gz,javascript,9607,0,historical,0,30000,unresolved,False,True,103,56.8296,35.5312,14.4848,1.744,4.446933333333333,4.8992,11,110,18,7,225,/home/bradley/.codex/worktrees/maxima-growth-policy/glob2/artifacts/maxima-historical-validation/passive-fixed/Dejans-javascript-9607-0-historical,12800,28160,3584,8192,12288,15360,5120,4608,,512,,,
passive-fixed,Dejans.map.gz,javascript,9607,0,latest,0,30000,unresolved,False,True,82,47.0032,27.812,13.664266666666666,1.8976,5.1312,0.2048,0,78,17,8,134,/home/bradley/.codex/worktrees/maxima-growth-policy/glob2/artifacts/maxima-historical-validation/passive-fixed/Dejans-javascript-9607-0-latest,16384,,3072,6656,15360,18432,6656,5632,,512,,,
passive-fixed,Holiday_Island_2.map.gz,javascript,9603,1,historical,0,30000,unresolved,False,True,116,48.80186666666667,29.5224,14.042666666666667,1.8309333333333333,4.245333333333333,1.9797333333333333,4,115,23,0,77,/home/bradley/.codex/worktrees/maxima-growth-policy/glob2/artifacts/maxima-historical-validation/passive-fixed/Holiday_Island_2-javascript-9603-1-historical,18432,27648,8192,19968,23552,,5120,7168,,1024,,,21067
passive-fixed,Holiday_Island_2.map.gz,javascript,9603,1,latest,0,30000,unresolved,False,True,109,46.940533333333335,28.635466666666666,13.187733333333334,1.6416,5.275733333333333,1.3002666666666667,0,104,25,2,92,/home/bradley/.codex/worktrees/maxima-growth-policy/glob2/artifacts/maxima-historical-validation/passive-fixed/Holiday_Island_2-javascript-9603-1-latest,16896,28160,10752,22016,23040,26624,5632,9216,,1024,,,23102
passive-fixed,Muka.map.gz,javascript,9607,0,historical,0,30000,unresolved,False,True,65,29.137866666666667,17.192533333333333,7.271733333333334,2.3941333333333334,2.9637333333333333,0.9605333333333334,1,61,20,2,49,/home/bradley/.codex/worktrees/maxima-growth-policy/glob2/artifacts/maxima-historical-validation/passive-fixed/Muka-javascript-9607-0-historical,23040,,6144,16384,21504,25088,16896,16896,,1024,,,
passive-fixed,Muka.map.gz,javascript,9607,0,latest,0,30000,unresolved,False,True,39,13.1184,7.7152,2.6442666666666668,1.8634666666666666,3.1312,0.47786666666666666,0,34,12,0,12,/home/bradley/.codex/worktrees/maxima-growth-policy/glob2/artifacts/maxima-historical-validation/passive-fixed/Muka-javascript-9607-0-latest,,,3584,18432,,,25600,26112,,1024,,,
passive-fixed,Muka.map.gz,javascript,9604,1,historical,0,30000,unresolved,False,True,44,22.001066666666667,13.950933333333333,4.5744,2.0698666666666665,2.6362666666666668,0.3072,0,39,16,1,41,/home/bradley/.codex/worktrees/maxima-growth-policy/glob2/artifacts/maxima-historical-validation/passive-fixed/Muka-javascript-9604-1-historical,,,10240,20480,23552,28672,10752,16896,,1024,,,
passive-fixed,Muka.map.gz,javascript,9604,1,latest,0,30000,unresolved,False,True,70,27.852266666666665,17.088,6.5344,2.1397333333333335,3.7845333333333335,0.37546666666666667,0,65,20,2,55,/home/bradley/.codex/worktrees/maxima-growth-policy/glob2/artifacts/maxima-historical-validation/passive-fixed/Muka-javascript-9604-1-latest,24064,,9728,16384,20992,26112,13824,16896,,1024,,,23632
passive-fixed,Muka.map.gz,javascript,9604,0,historical,0,30000,unresolved,False,True,75,33.40346666666667,20.2416,8.488266666666666,2.429866666666667,3.8682666666666665,0.9157333333333333,0,70,24,3,69,/home/bradley/.codex/worktrees/maxima-growth-policy/glob2/artifacts/maxima-historical-validation/passive-fixed/Muka-javascript-9604-0-historical,20992,,3584,12288,18944,23040,11264,12800,,1024,,,
passive-fixed,Muka.map.gz,javascript,9604,0,latest,0,30000,unresolved,False,True,73,27.7,16.309866666666668,7.330933333333333,2.5136,3.5984,0.44533333333333336,0,68,24,1,46,/home/bradley/.codex/worktrees/maxima-growth-policy/glob2/artifacts/maxima-historical-validation/passive-fixed/Muka-javascript-9604-0-latest,25088,,5632,14848,22528,29184,13824,16384,,1024,,,
passive-fixed,SmallForTwo.map.gz,javascript,9607,1,historical,0,30000,unresolved,False,True,201,89.86026666666666,70.46773333333333,15.133333333333333,1.7781333333333333,6.5728,2.9029333333333334,1,198,36,15,243,/home/bradley/.codex/worktrees/maxima-growth-policy/glob2/artifacts/maxima-historical-validation/passive-fixed/SmallForTwo-javascript-9607-1-historical,10752,17920,6656,11776,12800,16384,4096,6144,,512,,,12047
passive-fixed,SmallForTwo.map.gz,javascript,9607,1,latest,0,30000,unresolved,False,True,184,87.49493333333334,68.29173333333334,15.030933333333333,2.2064,9.5584,1.336,0,180,37,10,222,/home/bradley/.codex/worktrees/maxima-growth-policy/glob2/artifacts/maxima-historical-validation/passive-fixed/SmallForTwo-javascript-9607-1-latest,10240,17408,7168,11264,12288,15872,4096,5632,,512,,,11896
passive-fixed,Dejans.map.gz,javascript,9604,1,historical,0,30000,unresolved,False,True,117,62.484,40.733066666666666,14.824533333333333,1.7968,5.888533333333333,8.565866666666667,21,134,31,0,132,/home/bradley/.codex/worktrees/maxima-growth-policy/glob2/artifacts/maxima-historical-validation/passive-fixed/Dejans-javascript-9604-1-historical,12288,25088,16384,23552,12800,,4096,5632,,512,,,
passive-fixed,Dejans.map.gz,javascript,9604,1,latest,0,30000,unresolved,False,True,138,62.2992,41.9104,14.418133333333333,2.5136,4.532266666666667,3.9189333333333334,4,138,12,0,88,/home/bradley/.codex/worktrees/maxima-growth-policy/glob2/artifacts/maxima-historical-validation/passive-fixed/Dejans-javascript-9604-1-latest,14336,23040,2560,10752,,,4096,5632,,512,,,
passive-fixed,SmallForTwo.map.gz,javascript,9601,0,historical,0,30000,unresolved,False,True,204,77.6624,59.641866666666665,14.365333333333334,2.4810666666666665,4.706133333333334,3.7301333333333333,2,202,32,16,185,/home/bradley/.codex/worktrees/maxima-growth-policy/glob2/artifacts/maxima-historical-validation/passive-fixed/SmallForTwo-javascript-9601-0-historical,13312,19968,10240,16384,15360,18432,7168,8704,,512,,,
passive-fixed,SmallForTwo.map.gz,javascript,9601,0,latest,0,30000,unresolved,False,True,131,57.318133333333336,39.2056,13.580266666666667,1.7813333333333334,6.507733333333333,0.4437333333333333,0,127,28,9,168,/home/bradley/.codex/worktrees/maxima-growth-policy/glob2/artifacts/maxima-historical-validation/passive-fixed/SmallForTwo-javascript-9601-0-latest,13312,25600,18944,21504,16896,20480,8704,11264,,512,,,
passive-fixed,Holiday_Island_2.map.gz,javascript,9607,1,historical,0,30000,unresolved,False,True,90,43.92693333333333,25.178133333333335,13.2048,1.8138666666666667,3.9690666666666665,1.7797333333333334,1,86,19,0,74,/home/bradley/.codex/worktrees/maxima-growth-policy/glob2/artifacts/maxima-historical-validation/passive-fixed/Holiday_Island_2-javascript-9607-1-historical,18432,,7680,26112,27648,,4608,6656,,1024,,,27533
passive-fixed,Holiday_Island_2.map.gz,javascript,9607,1,latest,0,30000,unresolved,False,True,138,57.95066666666666,38.60293333333333,13.8208,1.7285333333333333,6.082666666666666,0.7509333333333333,0,133,33,4,133,/home/bradley/.codex/worktrees/maxima-growth-policy/glob2/artifacts/maxima-historical-validation/passive-fixed/Holiday_Island_2-javascript-9607-1-latest,14848,24064,9216,16896,20480,24064,4096,7680,,1024,,,17611
passive-fixed,SmallForTwo.map.gz,javascript,9606,0,historical,0,30000,unresolved,False,True,189,75.45733333333334,57.41466666666667,14.3824,1.9488,5.773866666666667,1.3376,1,186,39,15,166,/home/bradley/.codex/worktrees/maxima-growth-policy/glob2/artifacts/maxima-historical-validation/passive-fixed/SmallForTwo-javascript-9606-0-historical,13312,20480,10752,14848,14848,18432,7168,9216,,512,,,15483
passive-fixed,SmallForTwo.map.gz,javascript,9606,0,latest,0,30000,unresolved,False,True,208,72.3168,54.83253333333333,14.011733333333334,2.0016,7.5616,1.0288,1,205,45,9,149,/home/bradley/.codex/worktrees/maxima-growth-policy/glob2/artifacts/maxima-historical-validation/passive-fixed/SmallForTwo-javascript-9606-0-latest,14848,20992,10240,15872,16896,20480,9728,9728,,512,,,16705
passive-fixed,Holiday_Island_2.map.gz,javascript,9602,3,historical,0,30000,unresolved,False,True,80,35.00213333333333,21.142933333333332,9.168533333333333,2.2576,3.5424,1.6741333333333333,0,75,19,0,58,/home/bradley/.codex/worktrees/maxima-growth-policy/glob2/artifacts/maxima-historical-validation/passive-fixed/Holiday_Island_2-javascript-9602-3-historical,20992,,10240,17408,30000,,6144,10240,,1024,,,
passive-fixed,Holiday_Island_2.map.gz,javascript,9602,3,latest,0,30000,unresolved,False,True,118,37.28853333333333,24.374933333333335,8.4448,2.291733333333333,4.298133333333333,1.0784,0,113,21,0,55,/home/bradley/.codex/worktrees/maxima-growth-policy/glob2/artifacts/maxima-historical-validation/passive-fixed/Holiday_Island_2-javascript-9602-3-latest,21504,28672,7680,15872,27136,,6144,18432,,1536,,,
passive-fixed,Holiday_Island_2.map.gz,javascript,9602,2,historical,0,30000,unresolved,False,True,147,50.745866666666664,32.62853333333333,13.324266666666666,1.9674666666666667,4.093333333333334,1.7616,1,143,27,0,78,/home/bradley/.codex/worktrees/maxima-growth-policy/glob2/artifacts/maxima-historical-validation/passive-fixed/Holiday_Island_2-javascript-9602-2-historical,17408,25600,10752,18944,24064,,7168,9216,,1024,,,19692
passive-fixed,Holiday_Island_2.map.gz,javascript,9602,2,latest,0,30000,unresolved,False,True,134,49.284533333333336,32.14,12.470933333333333,1.6074666666666666,5.413866666666666,0.5290666666666667,0,129,29,1,91,/home/bradley/.codex/worktrees/maxima-growth-policy/glob2/artifacts/maxima-historical-validation/passive-fixed/Holiday_Island_2-javascript-9602-2-latest,18432,25600,11776,17408,23040,28160,7168,11264,,1024,,,
passive-fixed,balanced_for_2.map.gz,javascript,9604,0,historical,0,30000,unresolved,False,True,293,114.604,92.79866666666666,14.416533333333334,2.6485333333333334,7.930666666666666,1.3488,0,285,77,34,282,/home/bradley/.codex/worktrees/maxima-growth-policy/glob2/artifacts/maxima-historical-validation/passive-fixed/balanced_for_2-javascript-9604-0-historical,11264,16384,2560,8704,13312,15872,5120,7680,,512,,,12914
passive-fixed,balanced_for_2.map.gz,javascript,9604,0,latest,0,30000,unresolved,False,True,356,151.88613333333333,127.556,15.6624,3.3498666666666668,11.029333333333334,1.0288,0,348,78,40,287,/home/bradley/.codex/worktrees/maxima-growth-policy/glob2/artifacts/maxima-historical-validation/passive-fixed/balanced_for_2-javascript-9604-0-latest,8704,13824,2560,5632,9728,11776,5120,4096,,512,,,
passive-fixed,Mazury.map.gz,javascript,9602,1,historical,0,30000,unresolved,False,True,286,96.89493333333333,75.38133333333333,14.928533333333334,3.151466666666667,6.309333333333333,9.3872,22,302,37,4,141,/home/bradley/.codex/worktrees/maxima-growth-policy/glob2/artifacts/maxima-historical-validation/passive-fixed/Mazury-javascript-9602-1-historical,10752,17408,4608,7168,16384,25600,4608,6144,,512,,,
passive-fixed,Mazury.map.gz,javascript,9602,1,latest,0,30000,unresolved,False,True,144,83.51546666666667,62.6584,14.340266666666666,2.684266666666667,7.676266666666667,7.712533333333333,21,159,26,4,74,/home/bradley/.codex/worktrees/maxima-growth-policy/glob2/artifacts/maxima-historical-validation/passive-fixed/Mazury-javascript-9602-1-latest,11776,18432,2560,8192,17408,20992,7168,6144,,1024,,,
passive-fixed,Mazury.map.gz,javascript,9606,0,historical,0,30000,unresolved,False,True,284,101.16853333333333,79.0,15.3616,3.817066666666667,7.7088,6.4661333333333335,5,283,39,14,215,/home/bradley/.codex/worktrees/maxima-growth-policy/glob2/artifacts/maxima-historical-validation/passive-fixed/Mazury-javascript-9606-0-historical,9728,17408,4096,6656,9728,13312,5120,5120,,512,,,
passive-fixed,Mazury.map.gz,javascript,9606,0,latest,0,30000,unresolved,False,True,113,96.62106666666666,75.54853333333334,13.770666666666667,3.1808,11.209066666666667,12.112,56,163,25,4,58,/home/bradley/.codex/worktrees/maxima-growth-policy/glob2/artifacts/maxima-historical-validation/passive-fixed/Mazury-javascript-9606-0-latest,8192,12800,2560,6144,10752,14848,5632,5120,,512,,,
passive-fixed,balanced_for_2.map.gz,javascript,9602,0,historical,0,30000,unresolved,False,True,192,76.70453333333333,56.059733333333334,13.699733333333333,2.2901333333333334,5.722666666666667,0.8101333333333334,0,184,42,26,262,/home/bradley/.codex/worktrees/maxima-growth-policy/glob2/artifacts/maxima-historical-validation/passive-fixed/balanced_for_2-javascript-9602-0-historical,12800,18944,2560,10752,14848,17920,6144,8704,,512,,,
passive-fixed,balanced_for_2.map.gz,javascript,9602,0,latest,0,30000,unresolved,False,True,362,157.34346666666667,133.2968,15.833066666666667,3.3856,11.268266666666667,1.032,0,354,73,43,316,/home/bradley/.codex/worktrees/maxima-growth-policy/glob2/artifacts/maxima-historical-validation/passive-fixed/balanced_for_2-javascript-9602-0-latest,8704,13312,2560,6656,9728,12288,3584,4608,,512,,,
passive-fixed,balanced_for_2.map.gz,javascript,9606,0,historical,0,30000,unresolved,False,True,297,114.1768,93.2248,14.2304,2.768,7.5552,0.4176,0,289,75,27,252,/home/bradley/.codex/worktrees/maxima-growth-policy/glob2/artifacts/maxima-historical-validation/passive-fixed/balanced_for_2-javascript-9606-0-historical,11264,16896,2560,9216,13312,16384,5120,7168,,512,,,13305
passive-fixed,balanced_for_2.map.gz,javascript,9606,0,latest,0,30000,unresolved,False,True,348,148.94133333333335,125.67093333333334,15.390933333333333,3.2304,10.722133333333334,0.7866666666666666,0,340,70,41,303,/home/bradley/.codex/worktrees/maxima-growth-policy/glob2/artifacts/maxima-historical-validation/passive-fixed/balanced_for_2-javascript-9606-0-latest,8704,13312,2560,6144,10240,12288,5632,6144,,512,,,
passive-fixed,Muka.map.gz,javascript,9606,0,historical,0,30000,unresolved,False,True,39,15.835466666666667,10.003733333333333,3.0061333333333335,2.2048,2.464,0.39253333333333335,0,34,13,0,16,/home/bradley/.codex/worktrees/maxima-growth-policy/glob2/artifacts/maxima-historical-validation/passive-fixed/Muka-javascript-9606-0-historical,,,4608,22528,,,23552,24576,,1024,,,
passive-fixed,Muka.map.gz,javascript,9606,0,latest,0,30000,unresolved,False,True,47,18.561866666666667,11.167466666666666,3.985333333333333,2.4112,3.0101333333333335,0.3072,0,42,16,0,25,/home/bradley/.codex/worktrees/maxima-growth-policy/glob2/artifacts/maxima-historical-validation/passive-fixed/Muka-javascript-9606-0-latest,,,4096,16384,27136,,20480,23040,,1024,,,
passive-fixed,balanced_for_2.map.gz,javascript,9607,0,historical,0,30000,unresolved,False,True,290,114.292,92.3688,14.8944,2.9402666666666666,7.637333333333333,0.72,0,282,67,38,278,/home/bradley/.codex/worktrees/maxima-growth-policy/glob2/artifacts/maxima-historical-validation/passive-fixed/balanced_for_2-javascript-9607-0-historical,10240,15872,2560,8704,11264,14336,5120,5632,,512,,,
passive-fixed,balanced_for_2.map.gz,javascript,9607,0,latest,0,30000,unresolved,False,True,349,153.07306666666668,127.096,15.322666666666667,3.128,11.165866666666666,1.1498666666666666,0,341,64,42,288,/home/bradley/.codex/worktrees/maxima-growth-policy/glob2/artifacts/maxima-historical-validation/passive-fixed/balanced_for_2-javascript-9607-0-latest,9216,13312,2560,6656,9728,12288,5120,6144,,512,,,
passive-fixed,Dejans.map.gz,javascript,9606,0,historical,0,30000,unresolved,False,True,86,49.279466666666664,30.180266666666668,12.599466666666666,1.9845333333333333,5.101866666666667,2.0170666666666666,5,87,32,8,128,/home/bradley/.codex/worktrees/maxima-growth-policy/glob2/artifacts/maxima-historical-validation/passive-fixed/Dejans-javascript-9606-0-historical,12800,,13824,19456,13824,23040,4096,6144,,512,,,
passive-fixed,Dejans.map.gz,javascript,9606,0,latest,0,30000,unresolved,False,True,82,44.4296,27.428,11.643733333333333,2.6858666666666666,5.2384,0.37866666666666665,0,78,28,8,124,/home/bradley/.codex/worktrees/maxima-growth-policy/glob2/artifacts/maxima-historical-validation/passive-fixed/Dejans-javascript-9606-0-latest,17920,,6656,17920,18432,24064,4608,6656,,512,,,
passive-fixed,Holiday_Island_2.map.gz,javascript,9606,0,historical,0,30000,unresolved,False,True,177,67.12666666666667,45.91706666666666,14.928533333333334,1.9845333333333333,5.122133333333333,2.5136,1,173,33,4,151,/home/bradley/.codex/worktrees/maxima-growth-policy/glob2/artifacts/maxima-historical-validation/passive-fixed/Holiday_Island_2-javascript-9606-0-historical,13312,23040,3584,6144,18944,23040,4096,5632,,512,,,25894
passive-fixed,Holiday_Island_2.map.gz,javascript,9606,0,latest,0,30000,unresolved,False,True,119,53.81733333333333,33.908,14.245866666666666,1.6944,6.32,0.3957333333333333,0,114,30,3,111,/home/bradley/.codex/worktrees/maxima-growth-policy/glob2/artifacts/maxima-historical-validation/passive-fixed/Holiday_Island_2-javascript-9606-0-latest,16896,25088,12800,16896,22016,24576,7680,6656,,512,,,
passive-fixed,Holiday_Island_2.map.gz,javascript,9607,2,historical,0,30000,unresolved,False,True,139,50.11866666666667,30.977333333333334,13.768,2.7882666666666664,4.1104,1.6789333333333334,1,135,26,2,103,/home/bradley/.codex/worktrees/maxima-growth-policy/glob2/artifacts/maxima-historical-validation/passive-fixed/Holiday_Island_2-javascript-9607-2-historical,18432,26624,6656,12288,24064,27648,4096,7680,,1024,,,20399
passive-fixed,Holiday_Island_2.map.gz,javascript,9607,2,latest,0,30000,unresolved,False,True,173,67.09973333333333,46.693866666666665,14.0256,1.8805333333333334,6.7376,1.8885333333333334,0,168,32,4,107,/home/bradley/.codex/worktrees/maxima-growth-policy/glob2/artifacts/maxima-historical-validation/passive-fixed/Holiday_Island_2-javascript-9607-2-latest,13824,22016,3584,7168,19456,25600,4608,9216,,1024,,,
passive-fixed,Muka.map.gz,javascript,9600,0,historical,0,30000,unresolved,False,True,48,18.6352,11.3432,3.8829333333333333,2.2746666666666666,2.6704,0.32426666666666665,0,43,14,0,27,/home/bradley/.codex/worktrees/maxima-growth-policy/glob2/artifacts/maxima-historical-validation/passive-fixed/Muka-javascript-9600-0-historical,,,4608,16384,27648,,17920,23552,,1024,,,
passive-fixed,Muka.map.gz,javascript,9600,0,latest,0,30000,unresolved,False,True,40,12.748,7.9608,2.2176,2.3088,3.0442666666666667,0.6176,0,35,11,0,12,/home/bradley/.codex/worktrees/maxima-growth-policy/glob2/artifacts/maxima-historical-validation/passive-fixed/Muka-javascript-9600-0-latest,,,3584,20992,,,23552,26624,,1024,,,
passive-fixed,Holiday_Island_2.map.gz,javascript,9602,1,historical,0,30000,unresolved,False,True,100,43.9224,27.9896,10.184,1.4538666666666666,4.346133333333333,1.4090666666666667,0,95,23,0,69,/home/bradley/.codex/worktrees/maxima-growth-policy/glob2/artifacts/maxima-historical-validation/passive-fixed/Holiday_Island_2-javascript-9602-1-historical,15872,,3584,8192,25088,,6144,15360,,1024,,,
passive-fixed,Holiday_Island_2.map.gz,javascript,9602,1,latest,0,30000,unresolved,False,True,124,56.334133333333334,36.3208,13.955733333333333,1.9008,6.335466666666667,0.928,0,119,30,2,114,/home/bradley/.codex/worktrees/maxima-growth-policy/glob2/artifacts/maxima-historical-validation/passive-fixed/Holiday_Island_2-javascript-9602-1-latest,14848,25088,7680,17920,20480,26112,4608,7168,,1024,,,19833
passive-fixed,strange2.map.gz,javascript,9603,0,historical,0,30000,unresolved,False,True,0,134.41706666666667,126.73706666666666,6.144,8.165866666666666,0.9914666666666667,63.77813333333334,489,361,17,0,16,/home/bradley/.codex/worktrees/maxima-growth-policy/glob2/artifacts/maxima-historical-validation/passive-fixed/strange2-javascript-9603-0-historical,512,512,512,,,,2560,1536,,512,,,
passive-fixed,strange2.map.gz,javascript,9603,0,latest,0,30000,unresolved,False,True,0,147.37066666666666,141.55093333333335,3.7205333333333335,8.9232,7.6416,63.470933333333335,463,335,15,0,0,/home/bradley/.codex/worktrees/maxima-growth-policy/glob2/artifacts/maxima-historical-validation/passive-fixed/strange2-javascript-9603-0-latest,512,512,512,,,,,,,512,,,
passive-fixed,Muka.map.gz,javascript,9605,0,historical,0,30000,unresolved,False,True,53,21.11093333333333,12.349866666666667,5.077333333333334,2.1210666666666667,2.6362666666666668,0.5834666666666667,0,48,16,0,36,/home/bradley/.codex/worktrees/maxima-growth-policy/glob2/artifacts/maxima-historical-validation/passive-fixed/Muka-javascript-9605-0-historical,28672,,4608,13312,25088,,15360,20992,,1024,,,
passive-fixed,Muka.map.gz,javascript,9605,0,latest,0,30000,unresolved,False,True,59,21.734933333333334,12.919466666666667,5.234133333333333,2.2064,3.305066666666667,0.6485333333333333,0,54,18,1,37,/home/bradley/.codex/worktrees/maxima-growth-policy/glob2/artifacts/maxima-historical-validation/passive-fixed/Muka-javascript-9605-0-latest,28160,,6144,15872,26112,29696,17408,21504,,1024,,,
passive-fixed,Muka.map.gz,javascript,9600,1,historical,0,30000,unresolved,False,True,46,31.390933333333333,17.942933333333333,8.402133333333333,1.8138666666666667,3.1978666666666666,0.47786666666666666,0,41,15,6,73,/home/bradley/.codex/worktrees/maxima-growth-policy/glob2/artifacts/maxima-historical-validation/passive-fixed/Muka-javascript-9600-1-historical,,,17920,,14848,17408,11264,10752,,1024,,,
passive-fixed,Muka.map.gz,javascript,9600,1,latest,0,30000,unresolved,False,True,55,22.616,13.8224,5.1456,1.9845333333333333,3.663466666666667,0.32426666666666665,0,50,16,1,38,/home/bradley/.codex/worktrees/maxima-growth-policy/glob2/artifacts/maxima-historical-validation/passive-fixed/Muka-javascript-9600-1-latest,26624,,10240,17408,24064,27648,14848,19968,,1024,,,
passive-fixed,strange2.map.gz,javascript,9601,1,historical,0,30000,unresolved,False,True,0,132.23253333333332,124.3648,5.7856,7.8928,0.9914666666666667,62.5664,486,358,12,0,15,/home/bradley/.codex/worktrees/maxima-growth-policy/glob2/artifacts/maxima-historical-validation/passive-fixed/strange2-javascript-9601-1-historical,512,512,512,,,,1536,1024,,512,,,
passive-fixed,strange2.map.gz,javascript,9601,1,latest,0,30000,unresolved,False,True,0,159.5904,153.4464,4.130133333333333,8.9232,11.402666666666667,65.0752,461,333,16,0,0,/home/bradley/.codex/worktrees/maxima-growth-policy/glob2/artifacts/maxima-historical-validation/passive-fixed/strange2-javascript-9601-1-latest,512,512,512,,,,,,,512,,,
passive-fixed,Dejans.map.gz,javascript,9601,1,historical,0,30000,unresolved,False,True,82,54.611466666666665,35.5088,14.551466666666666,1.7098666666666666,3.3514666666666666,12.163733333333333,56,134,10,0,96,/home/bradley/.codex/worktrees/maxima-growth-policy/glob2/artifacts/maxima-historical-validation/passive-fixed/Dejans-javascript-9601-1-historical,11264,,3584,7168,,,4096,6144,,512,,,
passive-fixed,Dejans.map.gz,javascript,9601,1,latest,0,30000,unresolved,False,True,126,58.068,38.2952,13.8192,1.9146666666666667,5.477333333333333,0.4965333333333333,0,122,16,8,151,/home/bradley/.codex/worktrees/maxima-growth-policy/glob2/artifacts/maxima-historical-validation/passive-fixed/Dejans-javascript-9601-1-latest,14336,24576,2560,11776,16896,19456,4608,8704,,512,,,
passive-fixed,strange2.map.gz,javascript,9600,0,historical,0,30000,unresolved,False,True,0,133.35893333333334,125.67893333333333,5.973333333333334,8.165866666666666,0.9914666666666667,62.9248,484,356,13,0,13,/home/bradley/.codex/worktrees/maxima-growth-policy/glob2/artifacts/maxima-historical-validation/passive-fixed/strange2-javascript-9600-0-historical,512,512,512,,,,3584,2560,,512,,,
passive-fixed,strange2.map.gz,javascript,9600,0,latest,0,30000,unresolved,False,True,0,146.15893333333332,140.37333333333333,3.7205333333333335,8.9232,6.752533333333333,63.09546666666667,463,335,14,0,0,/home/bradley/.codex/worktrees/maxima-growth-policy/glob2/artifacts/maxima-historical-validation/passive-fixed/strange2-javascript-9600-0-latest,512,512,512,,,,,,,512,,,
passive-fixed,Dejans.map.gz,javascript,9605,0,historical,0,30000,unresolved,False,True,100,61.8288,41.52106666666667,14.4816,0.9914666666666667,3.488,9.5088,34,130,10,0,96,/home/bradley/.codex/worktrees/maxima-growth-policy/glob2/artifacts/maxima-historical-validation/passive-fixed/Dejans-javascript-9605-0-historical,11264,,,,,,2560,5120,,512,,,
passive-fixed,Dejans.map.gz,javascript,9605,0,latest,0,30000,unresolved,False,True,89,50.85093333333333,31.250133333333334,13.118133333333333,2.3104,6.1616,0.22186666666666666,0,85,27,11,168,/home/bradley/.codex/worktrees/maxima-growth-policy/glob2/artifacts/maxima-historical-validation/passive-fixed/Dejans-javascript-9605-0-latest,12800,,15360,22016,11264,13824,4096,5120,,512,,,
passive-fixed,Muka.map.gz,javascript,9602,1,historical,0,30000,unresolved,False,True,76,39.617333333333335,24.032,10.606133333333334,2.4112,3.7674666666666665,2.841066666666667,3,74,26,3,83,/home/bradley/.codex/worktrees/maxima-growth-policy/glob2/artifacts/maxima-historical-validation/passive-fixed/Muka-javascript-9602-1-historical,18432,,6656,11776,15872,20992,9216,8704,,1024,,,12280
passive-fixed,Muka.map.gz,javascript,9602,1,latest,0,30000,unresolved,False,True,57,26.578666666666667,15.890666666666666,6.545066666666667,2.1552,3.7504,0.5632,0,52,18,2,57,/home/bradley/.codex/worktrees/maxima-growth-policy/glob2/artifacts/maxima-historical-validation/passive-fixed/Muka-javascript-9602-1-latest,24576,,3584,14848,21504,26112,11264,17920,,1024,,,
passive-fixed,Holiday_Island_2.map.gz,javascript,9601,2,historical,0,30000,unresolved,False,True,168,58.510666666666665,39.796,13.290133333333333,1.9861333333333333,4.6597333333333335,1.0149333333333332,0,163,29,3,134,/home/bradley/.codex/worktrees/maxima-growth-policy/glob2/artifacts/maxima-historical-validation/passive-fixed/Holiday_Island_2-javascript-9601-2-historical,15872,23552,4096,10240,21504,25088,6144,10752,,1024,,,20704
passive-fixed,Holiday_Island_2.map.gz,javascript,9601,2,latest,0,30000,unresolved,False,True,171,62.7104,43.379733333333334,13.854933333333333,1.8309333333333333,6.601066666666667,0.4997333333333333,0,166,36,1,113,/home/bradley/.codex/worktrees/maxima-growth-policy/glob2/artifacts/maxima-historical-validation/passive-fixed/Holiday_Island_2-javascript-9601-2-latest,14848,23040,8704,16384,20480,25088,7168,7168,,1024,,,17230
passive-fixed,Dejans.map.gz,javascript,9602,0,historical,0,30000,unresolved,False,True,70,50.830666666666666,31.3024,14.237866666666667,0.9914666666666667,3.933333333333333,10.924266666666666,39,105,11,1,119,/home/bradley/.codex/worktrees/maxima-growth-policy/glob2/artifacts/maxima-historical-validation/passive-fixed/Dejans-javascript-9602-0-historical,12800,,,,11264,17920,3072,5120,,512,,,
passive-fixed,Dejans.map.gz,javascript,9602,0,latest,0,30000,unresolved,False,True,70,45.458133333333336,26.773333333333333,12.953066666666667,0.9914666666666667,5.4741333333333335,0.13653333333333334,0,66,17,12,177,/home/bradley/.codex/worktrees/maxima-growth-policy/glob2/artifacts/maxima-historical-validation/passive-fixed/Dejans-javascript-9602-0-latest,15872,,,,14336,17408,3584,6656,,512,,,
passive-fixed,balanced_for_2.map.gz,javascript,9603,1,historical,0,30000,unresolved,False,True,231,83.62773333333334,63.73546666666667,13.6144,2.0682666666666667,5.787733333333334,0.4176,0,223,52,24,265,/home/bradley/.codex/worktrees/maxima-growth-policy/glob2/artifacts/maxima-historical-validation/passive-fixed/balanced_for_2-javascript-9603-1-historical,13824,19456,10240,13312,13824,17408,5632,9216,,1024,,,13826
passive-fixed,balanced_for_2.map.gz,javascript,9603,1,latest,0,30000,unresolved,False,True,262,100.78506666666667,79.76533333333333,14.0752,3.2474666666666665,7.539733333333333,0.8053333333333333,0,254,60,23,214,/home/bradley/.codex/worktrees/maxima-growth-policy/glob2/artifacts/maxima-historical-validation/passive-fixed/balanced_for_2-javascript-9603-1-latest,11776,17408,3072,8704,12800,15872,7168,9728,,1024,,,
passive-fixed,SmallForTwo.map.gz,javascript,9604,0,historical,0,30000,unresolved,False,True,218,71.5648,54.2048,13.682666666666666,2.0698666666666665,5.382933333333333,0.9248,0,214,45,12,177,/home/bradley/.codex/worktrees/maxima-growth-policy/glob2/artifacts/maxima-historical-validation/passive-fixed/SmallForTwo-javascript-9604-0-historical,14848,21504,11776,18432,17408,20992,8704,10240,,1024,,,
passive-fixed,SmallForTwo.map.gz,javascript,9604,0,latest,0,30000,unresolved,False,True,194,69.59093333333334,52.589333333333336,13.375466666666666,1.7968,7.6112,0.8565333333333334,0,190,45,10,163,/home/bradley/.codex/worktrees/maxima-growth-policy/glob2/artifacts/maxima-historical-validation/passive-fixed/SmallForTwo-javascript-9604-0-latest,15360,20992,14848,17408,17408,20480,8192,10752,,1024,,,
passive-fixed,Mazury.map.gz,javascript,9602,0,historical,0,30000,unresolved,False,True,121,65.15973333333334,46.1752,14.095466666666667,2.8069333333333333,6.175466666666667,3.2117333333333336,10,125,28,16,180,/home/bradley/.codex/worktrees/maxima-growth-policy/glob2/artifacts/maxima-historical-validation/passive-fixed/Mazury-javascript-9602-0-historical,9216,27648,5120,7680,8192,11264,4608,4608,,512,,,
passive-fixed,Mazury.map.gz,javascript,9602,0,latest,0,30000,unresolved,False,True,141,103.15466666666667,81.49866666666667,14.456533333333333,2.7354666666666665,10.130666666666666,11.490133333333333,38,173,25,2,45,/home/bradley/.codex/worktrees/maxima-growth-policy/glob2/artifacts/maxima-historical-validation/passive-fixed/Mazury-javascript-9602-0-latest,8192,12800,2560,5632,17920,27648,5632,5120,,512,,,
passive-fixed,SmallForTwo.map.gz,javascript,9605,1,historical,0,30000,unresolved,False,True,221,97.80773333333333,77.25466666666667,15.423466666666666,1.6757333333333333,6.9328,3.4725333333333332,0,217,39,16,241,/home/bradley/.codex/worktrees/maxima-growth-policy/glob2/artifacts/maxima-historical-validation/passive-fixed/SmallForTwo-javascript-9605-1-historical,10240,16384,9728,12800,11776,14336,4608,5120,,512,,,
passive-fixed,SmallForTwo.map.gz,javascript,9605,1,latest,0,30000,unresolved,False,True,195,90.2192,71.016,14.9968,2.2234666666666665,9.9696,1.2490666666666668,0,191,39,13,213,/home/bradley/.codex/worktrees/maxima-growth-policy/glob2/artifacts/maxima-historical-validation/passive-fixed/SmallForTwo-javascript-9605-1-latest,9728,17408,6144,13312,12288,15872,4096,6144,,1024,,,13521
passive-fixed,SmallForTwo.map.gz,javascript,9606,1,historical,0,30000,unresolved,False,True,207,86.18693333333333,66.62533333333333,15.269866666666667,1.7952,6.3882666666666665,1.4245333333333334,0,203,43,21,242,/home/bradley/.codex/worktrees/maxima-growth-policy/glob2/artifacts/maxima-historical-validation/passive-fixed/SmallForTwo-javascript-9606-1-historical,10752,18432,6144,14848,12288,15872,4096,5632,,512,,,15154
passive-fixed,SmallForTwo.map.gz,javascript,9606,1,latest,0,30000,unresolved,False,True,230,107.1168,87.58933333333333,15.338133333333333,2.616,10.9952,1.6341333333333334,1,227,44,14,192,/home/bradley/.codex/worktrees/maxima-growth-policy/glob2/artifacts/maxima-historical-validation/passive-fixed/SmallForTwo-javascript-9606-1-latest,9728,15872,5632,10240,12288,15872,4096,6144,,512,,,12727
passive-fixed,Holiday_Island_2.map.gz,javascript,9606,1,historical,0,30000,unresolved,False,True,170,60.2616,40.9992,13.7168,2.0032,4.2672,2.5477333333333334,2,167,26,3,117,/home/bradley/.codex/worktrees/maxima-growth-policy/glob2/artifacts/maxima-historical-validation/passive-fixed/Holiday_Island_2-javascript-9606-1-historical,16896,23040,11264,16384,22016,25088,5632,8704,,1024,,,16619
passive-fixed,Holiday_Island_2.map.gz,javascript,9606,1,latest,0,30000,unresolved,False,True,83,43.6528,25.296533333333333,13.0,1.6757333333333333,5.219733333333333,1.0101333333333333,0,78,21,1,87,/home/bradley/.codex/worktrees/maxima-growth-policy/glob2/artifacts/maxima-historical-validation/passive-fixed/Holiday_Island_2-javascript-9606-1-latest,16384,,9728,26112,24576,29184,6144,9216,,1024,,,29441
passive-fixed,Muka.map.gz,javascript,9605,1,historical,0,30000,unresolved,False,True,54,21.266133333333332,12.708266666666667,5.0789333333333335,2.0016,3.1466666666666665,0.4672,0,49,17,0,37,/home/bradley/.codex/worktrees/maxima-growth-policy/glob2/artifacts/maxima-historical-validation/passive-fixed/Muka-javascript-9605-1-historical,28160,,6144,17920,26624,,7680,22016,,1024,,,
passive-fixed,Muka.map.gz,javascript,9605,1,latest,0,30000,unresolved,False,True,63,23.417333333333332,13.8272,5.616266666666666,2.2064,3.3221333333333334,0.6501333333333333,0,58,18,1,41,/home/bradley/.codex/worktrees/maxima-growth-policy/glob2/artifacts/maxima-historical-validation/passive-fixed/Muka-javascript-9605-1-latest,26624,,3584,12288,24064,30000,11264,20480,,1024,,,
passive-fixed,strange2.map.gz,javascript,9602,1,historical,0,30000,unresolved,False,True,0,132.94933333333333,125.37173333333334,5.7514666666666665,7.9610666666666665,0.9914666666666667,62.788266666666665,484,356,12,0,16,/home/bradley/.codex/worktrees/maxima-growth-policy/glob2/artifacts/maxima-historical-validation/passive-fixed/strange2-javascript-9602-1-historical,512,512,512,,,,2048,1024,,512,,,
passive-fixed,strange2.map.gz,javascript,9602,1,latest,0,30000,unresolved,False,True,0,160.22186666666667,153.9584,4.471466666666666,8.9232,12.3088,64.83626666666666,455,327,18,0,6,/home/bradley/.codex/worktrees/maxima-growth-policy/glob2/artifacts/maxima-historical-validation/passive-fixed/strange2-javascript-9602-1-latest,512,512,512,,,,7680,6656,,512,,,
passive-fixed,Mazury.map.gz,javascript,9605,0,historical,0,30000,unresolved,False,True,168,64.97893333333333,45.9384,13.854933333333333,2.7898666666666667,5.632533333333333,3.1546666666666665,7,169,30,13,173,/home/bradley/.codex/worktrees/maxima-growth-policy/glob2/artifacts/maxima-historical-validation/passive-fixed/Mazury-javascript-9605-0-historical,9728,25088,3584,6656,10752,15360,4096,5120,,512,,,
passive-fixed,Mazury.map.gz,javascript,9605,0,latest,0,30000,unresolved,False,True,88,56.553066666666666,38.818933333333334,10.876,3.3701333333333334,6.789866666666667,1.6074666666666666,1,83,19,10,125,/home/bradley/.codex/worktrees/maxima-growth-policy/glob2/artifacts/maxima-historical-validation/passive-fixed/Mazury-javascript-9605-0-latest,9216,,3584,9216,9216,11264,4096,5120,,512,,,
passive-fixed,Holiday_Island_2.map.gz,javascript,9605,3,historical,0,30000,unresolved,False,True,79,34.79226666666667,21.042133333333332,9.825866666666666,2.2064,3.267733333333333,1.4538666666666666,0,74,16,0,62,/home/bradley/.codex/worktrees/maxima-growth-policy/glob2/artifacts/maxima-historical-validation/passive-fixed/Holiday_Island_2-javascript-9605-3-historical,20992,,11264,17920,,,5632,11264,,1024,,,24405
passive-fixed,Holiday_Island_2.map.gz,javascript,9605,3,latest,0,30000,unresolved,False,True,74,31.985333333333333,22.158666666666665,5.050666666666666,2.1024,4.552533333333334,1.3530666666666666,0,69,17,0,16,/home/bradley/.codex/worktrees/maxima-growth-policy/glob2/artifacts/maxima-historical-validation/passive-fixed/Holiday_Island_2-javascript-9605-3-latest,22528,,9728,15872,29696,,9728,28672,,1024,,,
passive-fixed,Holiday_Island_2.map.gz,javascript,9606,2,historical,0,30000,unresolved,False,True,148,54.522666666666666,34.6256,14.0272,2.3088,3.8714666666666666,1.6602666666666666,1,144,28,2,114,/home/bradley/.codex/worktrees/maxima-growth-policy/glob2/artifacts/maxima-historical-validation/passive-fixed/Holiday_Island_2-javascript-9606-2-historical,15872,25600,10240,18432,21504,25088,6144,7680,,1024,,,21485
passive-fixed,Holiday_Island_2.map.gz,javascript,9606,2,latest,0,30000,unresolved,False,True,123,46.488533333333336,28.405333333333335,12.505066666666666,2.0512,4.658133333333334,0.9962666666666666,0,118,24,1,80,/home/bradley/.codex/worktrees/maxima-growth-policy/glob2/artifacts/maxima-historical-validation/passive-fixed/Holiday_Island_2-javascript-9606-2-latest,17408,27136,3584,10240,23552,29184,11776,12800,,1024,,,
passive-fixed,SmallForTwo.map.gz,javascript,9600,0,historical,0,30000,unresolved,False,True,219,84.56426666666667,66.58986666666667,14.058133333333334,2.0869333333333335,6.079466666666667,1.1936,0,215,38,10,208,/home/bradley/.codex/worktrees/maxima-growth-policy/glob2/artifacts/maxima-historical-validation/passive-fixed/SmallForTwo-javascript-9600-0-historical,13312,18944,12288,14336,15872,18944,7168,10752,,512,,,
passive-fixed,SmallForTwo.map.gz,javascript,9600,0,latest,0,30000,unresolved,False,True,168,71.17066666666666,53.55466666666667,13.768,2.190933333333333,8.1216,0.5290666666666667,0,164,40,13,196,/home/bradley/.codex/worktrees/maxima-growth-policy/glob2/artifacts/maxima-historical-validation/passive-fixed/SmallForTwo-javascript-9600-0-latest,14848,20480,9728,14336,17408,22016,8704,11776,,512,,,
passive-fixed,Dejans.map.gz,javascript,9604,0,historical,0,30000,unresolved,False,True,77,53.0504,33.9136,13.693333333333333,0.9914666666666667,4.035733333333333,10.447466666666667,38,111,11,4,120,/home/bradley/.codex/worktrees/maxima-growth-policy/glob2/artifacts/maxima-historical-validation/passive-fixed/Dejans-javascript-9604-0-historical,11264,,,,10240,15360,2560,4608,,512,,,
passive-fixed,Dejans.map.gz,javascript,9604,0,latest,0,30000,unresolved,False,True,82,46.8632,26.393866666666668,14.157333333333334,0.9914666666666667,5.6448,0.17066666666666666,0,78,16,7,144,/home/bradley/.codex/worktrees/maxima-growth-policy/glob2/artifacts/maxima-historical-validation/passive-fixed/Dejans-javascript-9604-0-latest,15872,,,,14848,18944,2560,5120,,512,,,
passive-fixed,SmallForTwo.map.gz,javascript,9601,1,historical,0,30000,unresolved,False,True,219,109.76826666666666,90.80373333333333,15.065066666666667,2.530666666666667,6.6752,10.547733333333333,12,227,45,13,239,/home/bradley/.codex/worktrees/maxima-growth-policy/glob2/artifacts/maxima-historical-validation/passive-fixed/SmallForTwo-javascript-9601-1-historical,10752,15360,6656,10752,13312,16896,4608,5632,,512,,,11637
passive-fixed,SmallForTwo.map.gz,javascript,9601,1,latest,0,30000,unresolved,False,True,259,117.22213333333333,97.86533333333334,15.133333333333333,2.1893333333333334,12.053333333333333,1.1792,0,255,56,17,225,/home/bradley/.codex/worktrees/maxima-growth-policy/glob2/artifacts/maxima-historical-validation/passive-fixed/SmallForTwo-javascript-9601-1-latest,10240,14848,7680,10752,12800,17408,4096,6144,,512,,,
passive-fixed,Muka.map.gz,javascript,9601,0,historical,0,30000,unresolved,False,True,62,30.375466666666668,18.626133333333332,7.126933333333334,2.36,3.2368,0.8224,0,57,21,3,66,/home/bradley/.codex/worktrees/maxima-growth-policy/glob2/artifacts/maxima-historical-validation/passive-fixed/Muka-javascript-9601-0-historical,24576,,3072,13824,19456,23040,11264,13312,,1024,,,
passive-fixed,Muka.map.gz,javascript,9601,0,latest,0,30000,unresolved,False,True,59,28.274933333333333,17.496533333333332,6.5672,2.291733333333333,3.835733333333333,0.5461333333333334,0,54,21,1,40,/home/bradley/.codex/worktrees/maxima-growth-policy/glob2/artifacts/maxima-historical-validation/passive-fixed/Muka-javascript-9601-0-latest,24576,,4608,13824,20992,28672,13312,16896,,1024,,,
passive-fixed,Dejans.map.gz,javascript,9606,1,historical,0,30000,unresolved,False,True,95,58.776,39.03306666666667,14.362133333333333,0.9914666666666667,4.104,9.392533333333333,35,126,10,0,86,/home/bradley/.codex/worktrees/maxima-growth-policy/glob2/artifacts/maxima-historical-validation/passive-fixed/Dejans-javascript-9606-1-historical,12800,,,,,,4096,6144,,512,,,
passive-fixed,Dejans.map.gz,javascript,9606,1,latest,0,30000,unresolved,False,True,98,51.73226666666667,31.4256,14.0752,2.6672,5.267733333333333,0.3072,1,95,15,11,157,/home/bradley/.codex/worktrees/maxima-growth-policy/glob2/artifacts/maxima-historical-validation/passive-fixed/Dejans-javascript-9606-1-latest,14336,,2560,6656,13312,16896,4096,7680,,512,,,
passive-fixed,balanced_for_2.map.gz,javascript,9601,1,historical,0,30000,unresolved,False,True,167,67.8992,47.44213333333333,13.854933333333333,2.2048,5.205866666666667,0.37706666666666666,0,159,33,19,245,/home/bradley/.codex/worktrees/maxima-growth-policy/glob2/artifacts/maxima-historical-validation/passive-fixed/balanced_for_2-javascript-9601-1-historical,13312,21504,3584,13312,12800,16384,5120,8192,,1024,,,
passive-fixed,balanced_for_2.map.gz,javascript,9601,1,latest,0,30000,unresolved,False,True,281,116.1104,92.12906666666667,14.962666666666667,3.2816,8.7904,0.7930666666666667,0,273,54,29,272,/home/bradley/.codex/worktrees/maxima-growth-policy/glob2/artifacts/maxima-historical-validation/passive-fixed/balanced_for_2-javascript-9601-1-latest,9728,16896,2560,9728,9728,12288,4608,5632,,1024,,,
passive-fixed,Mazury.map.gz,javascript,9600,0,historical,0,30000,unresolved,False,True,295,92.8168,71.02853333333333,15.0496,3.4570666666666665,6.925333333333334,3.616,1,290,43,8,220,/home/bradley/.codex/worktrees/maxima-growth-policy/glob2/artifacts/maxima-historical-validation/passive-fixed/Mazury-javascript-9600-0-historical,10752,19968,5632,8704,9216,13312,4608,5120,,512,,,
passive-fixed,Mazury.map.gz,javascript,9600,0,latest,0,30000,unresolved,False,True,82,56.673066666666664,37.53066666666667,12.301333333333334,2.7712,6.397333333333333,0.8053333333333333,0,76,22,8,125,/home/bradley/.codex/worktrees/maxima-growth-policy/glob2/artifacts/maxima-historical-validation/passive-fixed/Mazury-javascript-9600-0-latest,10240,,3584,10240,11264,14336,4608,5120,,512,,,
passive-fixed,Dejans.map.gz,javascript,9607,1,historical,0,30000,unresolved,False,True,113,62.67893333333333,42.132533333333335,14.786933333333334,2.291733333333333,3.3856,10.8048,45,154,13,0,78,/home/bradley/.codex/worktrees/maxima-growth-policy/glob2/artifacts/maxima-historical-validation/passive-fixed/Dejans-javascript-9607-1-historical,11776,23552,3584,7168,,,6144,5632,,512,,,
passive-fixed,Dejans.map.gz,javascript,9607,1,latest,0,30000,unresolved,False,True,66,43.71093333333334,24.8368,12.715733333333333,0.9914666666666667,5.097066666666667,0.17226666666666668,0,62,20,9,90,/home/bradley/.codex/worktrees/maxima-growth-policy/glob2/artifacts/maxima-historical-validation/passive-fixed/Dejans-javascript-9607-1-latest,15360,,,,14848,18432,8192,7680,,512,,,
passive-fixed,strange2.map.gz,javascript,9604,0,historical,0,30000,unresolved,False,True,0,133.66613333333333,126.32746666666667,5.7514666666666665,8.9232,0.9914666666666667,63.0784,486,358,13,0,12,/home/bradley/.codex/worktrees/maxima-growth-policy/glob2/artifacts/maxima-historical-validation/passive-fixed/strange2-javascript-9604-0-historical,512,512,512,,,,3072,2048,,512,,,
passive-fixed,strange2.map.gz,javascript,9604,0,latest,0,30000,unresolved,False,True,0,148.25813333333335,142.14826666666667,4.010666666666666,8.9232,6.701333333333333,64.5632,475,347,14,0,0,/home/bradley/.codex/worktrees/maxima-growth-policy/glob2/artifacts/maxima-historical-validation/passive-fixed/strange2-javascript-9604-0-latest,512,512,512,,,,,,,512,,,
passive-fixed,balanced_for_2.map.gz,javascript,9607,1,historical,0,30000,unresolved,False,True,172,70.05413333333334,50.586933333333334,13.3088,2.238933333333333,5.24,0.37706666666666666,0,164,43,22,222,/home/bradley/.codex/worktrees/maxima-growth-policy/glob2/artifacts/maxima-historical-validation/passive-fixed/balanced_for_2-javascript-9607-1-historical,14336,20992,3072,11776,14848,17920,5120,9216,,1024,,,14738
passive-fixed,balanced_for_2.map.gz,javascript,9607,1,latest,0,30000,unresolved,False,True,289,112.7304,92.0344,14.042666666666667,3.2816,8.242666666666667,1.0133333333333334,0,281,69,20,216,/home/bradley/.codex/worktrees/maxima-growth-policy/glob2/artifacts/maxima-historical-validation/passive-fixed/balanced_for_2-javascript-9607-1-latest,11776,16384,3072,8704,14336,16384,8192,9728,,1024,,,13580
passive-fixed,Mazury.map.gz,javascript,9607,0,historical,0,30000,unresolved,False,True,329,109.0776,86.61733333333333,15.636266666666666,3.936533333333333,7.884266666666667,4.6928,1,324,49,15,210,/home/bradley/.codex/worktrees/maxima-growth-policy/glob2/artifacts/maxima-historical-validation/passive-fixed/Mazury-javascript-9607-0-historical,8704,19456,3584,6144,9216,12288,3584,4608,,512,,,
passive-fixed,Mazury.map.gz,javascript,9607,0,latest,0,30000,unresolved,False,True,99,64.30533333333334,44.7776,12.294133333333333,2.7541333333333333,7.9024,1.9829333333333334,3,96,21,8,119,/home/bradley/.codex/worktrees/maxima-growth-policy/glob2/artifacts/maxima-historical-validation/passive-fixed/Mazury-javascript-9607-0-latest,8704,,2560,5120,9216,14848,5120,5632,,512,,,
passive-fixed,Mazury.map.gz,javascript,9604,0,historical,0,30000,unresolved,False,True,355,113.24266666666666,91.30826666666667,15.6736,3.7146666666666666,8.261333333333333,9.431466666666667,15,364,50,13,205,/home/bradley/.codex/worktrees/maxima-growth-policy/glob2/artifacts/maxima-historical-validation/passive-fixed/Mazury-javascript-9604-0-historical,9216,17920,5632,8192,8704,12288,4608,4608,,512,,,
passive-fixed,Mazury.map.gz,javascript,9604,0,latest,0,30000,unresolved,False,True,149,73.8096,52.209066666666665,14.657066666666667,3.267733333333333,8.596266666666667,1.6090666666666666,0,143,33,12,185,/home/bradley/.codex/worktrees/maxima-growth-policy/glob2/artifacts/maxima-historical-validation/passive-fixed/Mazury-javascript-9604-0-latest,9728,22016,3584,6656,8192,12288,4608,4096,,512,,,
passive-fixed,Dejans.map.gz,javascript,9600,1,historical,0,30000,unresolved,False,True,81,50.15546666666667,31.590133333333334,13.8656,1.7098666666666666,3.3173333333333335,9.901333333333334,44,121,12,0,85,/home/bradley/.codex/worktrees/maxima-growth-policy/glob2/artifacts/maxima-historical-validation/passive-fixed/Dejans-javascript-9600-1-historical,13824,,3584,8704,,,6144,7680,,512,,,
passive-fixed,Dejans.map.gz,javascript,9600,1,latest,0,30000,unresolved,False,True,129,60.68053333333334,40.72666666666667,14.1264,1.9146666666666667,4.138133333333333,5.568533333333333,7,132,14,0,83,/home/bradley/.codex/worktrees/maxima-growth-policy/glob2/artifacts/maxima-historical-validation/passive-fixed/Dejans-javascript-9600-1-latest,13824,24064,2560,10752,30000,,4096,8192,,512,,,
passive-fixed,Holiday_Island_2.map.gz,javascript,9601,1,historical,0,30000,unresolved,False,True,105,45.6576,27.813333333333333,13.3072,1.9674666666666667,3.9536,1.6837333333333333,1,101,22,0,76,/home/bradley/.codex/worktrees/maxima-growth-policy/glob2/artifacts/maxima-historical-validation/passive-fixed/Holiday_Island_2-javascript-9601-1-historical,17408,29696,11776,17920,24064,,5120,7680,,1024,,,
passive-fixed,Holiday_Island_2.map.gz,javascript,9601,1,latest,0,30000,unresolved,False,True,132,58.5008,39.154666666666664,13.7168,1.8464,6.183466666666667,0.5989333333333333,0,127,30,2,105,/home/bradley/.codex/worktrees/maxima-growth-policy/glob2/artifacts/maxima-historical-validation/passive-fixed/Holiday_Island_2-javascript-9601-1-latest,14848,23552,8704,13824,19968,23552,4608,8192,,1024,,,17606
