config,method,seed,success,tiles,grass_tiles,sand_tiles,water_tiles,shore,free,fit4,um_grass,um_sand,um_water,seconds,hash,min_local_fit4,worst_wheat_distance,worst_wood_distance,viable_teams,wheat_tiles,wood_tiles,stone_tiles,algae_tiles,status
edge-1-width-min,1,24001,1,8192,4506,192,2332,1162,3604,2622,4811,772,2609,0.000740,354655092834897733,787,8,15,4,264,396,150,496,ok
edge-1-width-min,1,24001,1,8192,4506,192,2332,1162,3604,2622,4811,772,2609,0.000750,354655092834897733,787,8,15,4,264,396,150,496,ok
edge-1-width-min,1,24003,1,8192,4613,193,2403,983,3624,2562,4869,684,2639,0.000747,7387189732466504953,304,11,10,4,326,428,135,493,ok
edge-1-width-min,1,24003,1,8192,4613,193,2403,983,3624,2562,4869,684,2639,0.000832,7387189732466504953,304,11,10,4,326,428,135,493,ok
edge-1-width-min,1,24004,1,8192,4620,158,2378,1036,3614,2727,4887,676,2629,0.000962,2283787201577684569,617,9,15,4,365,369,165,496,ok
edge-1-width-min,1,24004,1,8192,4620,158,2378,1036,3614,2727,4887,676,2629,0.000756,2283787201577684569,617,9,15,4,365,369,165,496,ok
edge-1-width-max,1,24001,1,65536,37323,1159,19630,7424,29612,23502,39237,4871,21428,0.005554,1510421835335318050,0,10,22,3,3212,3101,1305,3962,ok
edge-1-width-max,1,24001,1,65536,37323,1159,19630,7424,29612,23502,39237,4871,21428,0.005554,1510421835335318050,0,10,22,3,3212,3101,1305,3962,ok
edge-1-width-max,1,24003,1,65536,37237,1253,19644,7402,29543,23365,39129,4952,21455,0.008551,14655133220378056420,1113,13,12,4,3214,3093,1287,3970,ok
edge-1-width-max,1,24003,1,65536,37237,1253,19644,7402,29543,23365,39129,4952,21455,0.005900,14655133220378056420,1113,13,12,4,3214,3093,1287,3970,ok
edge-1-width-max,1,24004,1,65536,37291,1033,19678,7534,29538,23442,39224,4800,21512,0.005538,2696248690097268267,968,7,17,4,3572,2687,1398,3966,ok
edge-1-width-max,1,24004,1,65536,37291,1033,19678,7534,29538,23442,39224,4800,21512,0.008577,2696248690097268267,968,7,17,4,3572,2687,1398,3966,ok
edge-1-height-min,1,24001,1,8192,4611,153,2419,1009,3618,2677,4875,656,2661,0.000746,5993380641348072149,921,12,16,4,390,360,146,496,ok
edge-1-height-min,1,24001,1,8192,4611,153,2419,1009,3618,2677,4875,656,2661,0.000782,5993380641348072149,921,12,16,4,390,360,146,496,ok
edge-1-height-min,1,24003,1,8192,4757,102,2531,802,3628,2731,4960,502,2730,0.000738,1808543194305134926,750,14,12,4,430,394,219,495,ok
edge-1-height-min,1,24003,1,8192,4757,102,2531,802,3628,2731,4960,502,2730,0.000738,1808543194305134926,750,14,12,4,430,394,219,495,ok
edge-1-height-min,1,24004,1,8192,4651,130,2452,959,3631,2635,4906,609,2677,0.000739,1517223058165164336,596,14,13,4,440,297,191,495,ok
edge-1-height-min,1,24004,1,8192,4651,130,2452,959,3631,2635,4906,609,2677,0.000754,1517223058165164336,596,14,13,4,440,297,191,495,ok
edge-1-height-max,1,24001,1,65536,36887,1444,19417,7788,29444,23038,38891,5338,21307,0.125080,18349716135080740857,604,20,12,4,3366,2798,1183,3961,ok
edge-1-height-max,1,24001,1,65536,36887,1444,19417,7788,29444,23038,38891,5338,21307,0.005767,18349716135080740857,604,20,12,4,3366,2798,1183,3961,ok
edge-1-height-max,1,24003,1,65536,37321,1304,19671,7240,29663,23616,39187,4923,21426,0.128583,18016351330854298622,420,11,6,4,3160,3109,1291,3979,ok
edge-1-height-max,1,24003,1,65536,37321,1304,19671,7240,29663,23616,39187,4923,21426,0.023905,18016351330854298622,420,11,6,4,3160,3109,1291,3979,ok
edge-1-height-max,1,24004,1,65536,37162,1310,19428,7636,29562,23232,39119,5127,21290,0.127327,14147695598255769863,425,10,13,4,3343,2920,1244,3976,ok
edge-1-height-max,1,24004,1,65536,37162,1310,19428,7636,29562,23232,39119,5127,21290,0.010093,14147695598255769863,425,10,13,4,3343,2920,1244,3976,ok
edge-1-teams-min,1,24001,1,16384,9332,282,4946,1824,7377,5675,9806,1193,5385,0.001638,3691568818373152596,688,1,6,1,969,641,315,994,ok
edge-1-teams-min,1,24001,1,16384,9332,282,4946,1824,7377,5675,9806,1193,5385,0.001236,3691568818373152596,688,1,6,1,969,641,315,994,ok
edge-1-teams-min,1,24003,1,16384,9403,278,4989,1714,7363,5792,9842,1134,5408,0.001348,17111279724926110250,987,18,4,1,842,755,400,991,ok
edge-1-teams-min,1,24003,1,16384,9403,278,4989,1714,7363,5792,9842,1134,5408,0.001783,17111279724926110250,987,18,4,1,842,755,400,991,ok
edge-1-teams-min,1,24004,1,16384,9349,285,4978,1772,7375,5879,9811,1170,5403,0.002998,17259471453116953259,1217,5,4,1,593,1058,290,994,ok
edge-1-teams-min,1,24004,1,16384,9349,285,4978,1772,7375,5879,9811,1170,5403,0.001237,17259471453116953259,1217,5,4,1,593,1058,290,994,ok
edge-1-teams-max,1,24001,1,16384,9336,282,4946,1820,7176,5164,9807,1192,5385,0.007912,8377485932594510683,330,13,13,12,954,641,315,994,ok
edge-1-teams-max,1,24001,1,16384,9336,282,4946,1820,7176,5164,9807,1192,5385,0.002530,8377485932594510683,330,13,13,12,954,641,315,994,ok
edge-1-teams-max,1,24003,0,16384,0,0,16384,0,0,0,9842,1134,5408,0.001259,17614258571223508803,16384,100000,100000,0,0,0,0,0,failed
edge-1-teams-max,1,24003,0,16384,0,0,16384,0,0,0,9842,1134,5408,0.002513,17614258571223508803,16384,100000,100000,0,0,0,0,0,failed
edge-1-teams-max,1,24004,1,16384,9378,279,4953,1774,7185,5387,9840,1166,5378,0.004729,13667748426926015759,0,20,18,11,593,1057,290,994,ok
edge-1-teams-max,1,24004,1,16384,9378,279,4953,1774,7185,5387,9840,1166,5378,0.001920,13667748426926015759,0,20,18,11,593,1057,290,994,ok
edge-1-workers-min,1,24001,1,16384,9332,282,4946,1824,7344,5573,9806,1193,5385,0.001378,13890498528614818315,526,10,10,4,954,641,315,994,ok
edge-1-workers-min,1,24001,1,16384,9332,282,4946,1824,7344,5573,9806,1193,5385,0.001404,13890498528614818315,526,10,10,4,954,641,315,994,ok
edge-1-workers-min,1,24003,1,16384,9411,274,4987,1712,7341,5689,9850,1129,5405,0.005096,1743860520622184812,397,18,17,4,824,755,400,991,ok
edge-1-workers-min,1,24003,1,16384,9411,274,4987,1712,7341,5689,9850,1129,5405,0.001440,1743860520622184812,397,18,17,4,824,755,400,991,ok
edge-1-workers-min,1,24004,1,16384,9349,285,4978,1772,7328,5741,9811,1170,5403,0.001333,17965142136197182547,780,22,8,4,593,1057,290,994,ok
edge-1-workers-min,1,24004,1,16384,9349,285,4978,1772,7328,5741,9811,1170,5403,0.046888,17965142136197182547,780,22,8,4,593,1057,290,994,ok
edge-1-workers-max,1,24001,1,16384,9332,282,4946,1824,7316,5554,9806,1193,5385,0.001339,13890498528614818315,598,9,9,4,954,641,315,994,ok
edge-1-workers-max,1,24001,1,16384,9332,282,4946,1824,7316,5554,9806,1193,5385,0.001743,13890498528614818315,598,9,9,4,954,641,315,994,ok
edge-1-workers-max,1,24003,1,16384,9411,274,4987,1712,7313,5659,9850,1129,5405,0.001378,1743860520622184812,551,18,17,4,824,755,400,991,ok
edge-1-workers-max,1,24003,1,16384,9411,274,4987,1712,7313,5659,9850,1129,5405,0.001358,1743860520622184812,551,18,17,4,824,755,400,991,ok
edge-1-workers-max,1,24004,1,16384,9349,285,4978,1772,7300,5711,9811,1170,5403,0.004252,17965142136197182547,846,20,5,4,593,1057,290,994,ok
edge-1-workers-max,1,24004,1,16384,9349,285,4978,1772,7300,5711,9811,1170,5403,0.001410,17965142136197182547,846,20,5,4,593,1057,290,994,ok
edge-1-water-min,1,24001,0,16384,0,0,16384,0,0,0,16383,1,0,0.001091,253967105468988286,16384,100000,100000,0,0,0,0,0,failed
edge-1-water-min,1,24001,0,16384,0,0,16384,0,0,0,16383,1,0,0.001120,253967105468988286,16384,100000,100000,0,0,0,0,0,failed
edge-1-water-min,1,24003,0,16384,0,0,16384,0,0,0,16383,1,0,0.004801,17614258571223508803,16384,100000,100000,0,0,0,0,0,failed
edge-1-water-min,1,24003,0,16384,0,0,16384,0,0,0,16383,1,0,0.001045,17614258571223508803,16384,100000,100000,0,0,0,0,0,failed
edge-1-water-min,1,24004,0,16384,0,0,16384,0,0,0,16383,1,0,0.001035,17810711605240484000,16384,100000,100000,0,0,0,0,0,failed
edge-1-water-min,1,24004,0,16384,0,0,16384,0,0,0,16383,1,0,0.001033,17810711605240484000,16384,100000,100000,0,0,0,0,0,failed
edge-1-water-max,1,24001,1,16384,4979,323,8934,2148,3041,1720,5510,1397,9477,0.001381,14123798832588003375,148,15,7,4,689,842,313,1690,ok
edge-1-water-max,1,24001,1,16384,4979,323,8934,2148,3041,1720,5510,1397,9477,0.001366,14123798832588003375,148,15,7,4,689,842,313,1690,ok
edge-1-water-max,1,24003,1,16384,5107,339,9034,1904,3025,1892,5571,1291,9522,0.004533,6682157493061246418,129,9,7,4,662,955,375,1695,ok
edge-1-water-max,1,24003,1,16384,5107,339,9034,1904,3025,1892,5571,1291,9522,0.001416,6682157493061246418,129,9,7,4,662,955,375,1695,ok
edge-1-water-max,1,24004,1,16384,5182,281,9181,1740,3043,1977,5624,1150,9610,0.001383,10747540473145447402,39,21,14,4,1002,708,321,1695,ok
edge-1-water-max,1,24004,1,16384,5182,281,9181,1740,3043,1977,5624,1150,9610,0.001502,10747540473145447402,39,21,14,4,1002,708,321,1695,ok
edge-1-grass-min,1,24001,0,16384,0,0,16384,0,0,0,330,257,15797,0.001202,253967105468988286,16384,100000,100000,0,0,0,0,0,failed
edge-1-grass-min,1,24001,0,16384,0,0,16384,0,0,0,330,257,15797,0.003721,253967105468988286,16384,100000,100000,0,0,0,0,0,failed
edge-1-grass-min,1,24003,0,16384,0,0,16384,0,0,0,345,226,15813,0.002813,17614258571223508803,16384,100000,100000,0,0,0,0,0,failed
edge-1-grass-min,1,24003,0,16384,0,0,16384,0,0,0,345,226,15813,0.001068,17614258571223508803,16384,100000,100000,0,0,0,0,0,failed
edge-1-grass-min,1,24004,0,16384,0,0,16384,0,0,0,326,270,15788,0.001081,17810711605240484000,16384,100000,100000,0,0,0,0,0,failed
edge-1-grass-min,1,24004,0,16384,0,0,16384,0,0,0,326,270,15788,0.003218,17810711605240484000,16384,100000,100000,0,0,0,0,0,failed
edge-1-grass-max,1,24001,1,16384,11285,204,3407,1488,9885,8176,11680,947,3757,0.003325,3609620929673755109,1068,10,13,4,541,475,279,696,ok
edge-1-grass-max,1,24001,1,16384,11285,204,3407,1488,9885,8176,11680,947,3757,0.003975,3609620929673755109,1068,10,13,4,541,475,279,696,ok
edge-1-grass-max,1,24003,1,16384,11324,230,3384,1446,9942,8397,11687,952,3745,0.001341,4936522091075774384,971,23,11,4,558,514,213,698,ok
edge-1-grass-max,1,24003,1,16384,11324,230,3384,1446,9942,8397,11687,952,3745,0.003343,4936522091075774384,971,23,11,4,558,514,213,698,ok
edge-1-grass-max,1,24004,1,16384,11264,237,3389,1494,9918,8343,11660,983,3741,0.004670,16153151779798774698,1132,6,12,4,404,626,223,701,ok
edge-1-grass-max,1,24004,1,16384,11264,237,3389,1494,9918,8343,11660,983,3741,0.003137,16153151779798774698,1132,6,12,4,404,626,223,701,ok
edge-1-smoothing-min,1,24001,1,16384,8114,658,3825,3787,6783,3797,9138,2552,4694,0.003433,5021615561480563420,466,13,6,4,435,556,250,990,ok
edge-1-smoothing-min,1,24001,1,16384,8114,658,3825,3787,6783,3797,9138,2552,4694,0.001494,5021615561480563420,466,13,6,4,435,556,250,990,ok
edge-1-smoothing-min,1,24003,1,16384,8243,651,3920,3570,6875,3845,9180,2437,4767,0.002187,12728242639966732679,376,7,9,4,492,545,227,983,ok
edge-1-smoothing-min,1,24003,1,16384,8243,651,3920,3570,6875,3845,9180,2437,4767,0.004730,12728242639966732679,376,7,9,4,492,545,227,983,ok
edge-1-smoothing-min,1,24004,1,16384,8229,645,3964,3546,6848,3913,9169,2420,4795,0.001407,7515091598127115981,416,9,3,4,543,511,240,994,ok
edge-1-smoothing-min,1,24004,1,16384,8229,645,3964,3546,6848,3913,9169,2420,4795,0.001414,7515091598127115981,416,9,3,4,543,511,240,994,ok
edge-1-smoothing-max,1,24001,1,16384,9465,233,5012,1674,7381,5845,9902,1069,5413,0.001902,7108776383409922387,728,16,15,4,666,949,364,991,ok
edge-1-smoothing-max,1,24001,1,16384,9465,233,5012,1674,7381,5845,9902,1069,5413,0.001357,7108776383409922387,728,16,15,4,666,949,364,991,ok
edge-1-smoothing-max,1,24003,1,16384,9470,260,5040,1614,7295,5826,9880,1066,5438,0.005065,6057965752441029688,795,14,14,4,702,967,398,988,ok
edge-1-smoothing-max,1,24003,1,16384,9470,260,5040,1614,7295,5826,9880,1066,5438,0.002917,6057965752441029688,795,14,14,4,702,967,398,988,ok
edge-1-smoothing-max,1,24004,1,16384,9350,307,4949,1778,7329,5697,9808,1196,5380,0.003134,12055984761683483090,519,12,11,4,827,781,307,993,ok
edge-1-smoothing-max,1,24004,1,16384,9350,307,4949,1778,7329,5697,9808,1196,5380,0.001379,12055984761683483090,519,12,11,4,827,781,307,993,ok
edge-1-fruit-min,1,24001,1,16384,9332,282,4946,1824,7342,5640,9806,1193,5385,0.032317,11947252659821411454,579,10,10,4,954,641,315,994,ok
edge-1-fruit-min,1,24001,1,16384,9332,282,4946,1824,7342,5640,9806,1193,5385,0.001444,11947252659821411454,579,10,10,4,954,641,315,994,ok
edge-1-fruit-min,1,24003,1,16384,9411,274,4987,1712,7352,5779,9850,1129,5405,0.001347,5813234162792613140,556,18,17,4,824,755,400,991,ok
edge-1-fruit-min,1,24003,1,16384,9411,274,4987,1712,7352,5779,9850,1129,5405,0.001906,5813234162792613140,556,18,17,4,824,755,400,991,ok
edge-1-fruit-min,1,24004,1,16384,9349,285,4978,1772,7329,5810,9811,1170,5403,0.001419,5815179870271813462,888,20,6,4,593,1057,290,994,ok
edge-1-fruit-min,1,24004,1,16384,9349,285,4978,1772,7329,5810,9811,1170,5403,0.001336,5815179870271813462,888,20,6,4,593,1057,290,994,ok
edge-1-fruit-max,1,24001,1,16384,9332,282,4946,1824,7044,4165,9806,1193,5385,0.001389,6867792694369419104,327,10,10,4,954,641,315,994,ok
edge-1-fruit-max,1,24001,1,16384,9332,282,4946,1824,7044,4165,9806,1193,5385,0.005230,6867792694369419104,327,10,10,4,954,641,315,994,ok
edge-1-fruit-max,1,24003,1,16384,9411,274,4987,1712,7017,4404,9850,1129,5405,0.001407,4327981281064200431,328,18,17,4,824,755,400,991,ok
edge-1-fruit-max,1,24003,1,16384,9411,274,4987,1712,7017,4404,9850,1129,5405,0.002306,4327981281064200431,328,18,17,4,824,755,400,991,ok
edge-1-fruit-max,1,24004,1,16384,9349,285,4978,1772,7026,4313,9811,1170,5403,0.001422,4390929319407353961,651,20,6,4,593,1057,290,994,ok
edge-1-fruit-max,1,24004,1,16384,9349,285,4978,1772,7026,4313,9811,1170,5403,0.001380,4390929319407353961,651,20,6,4,593,1057,290,994,ok
edge-1-repeat-min,1,24001,1,16384,9332,282,4946,1824,7332,5567,9806,1193,5385,0.001382,13890498528614818315,575,10,10,4,954,641,315,994,ok
edge-1-repeat-min,1,24001,1,16384,9332,282,4946,1824,7332,5567,9806,1193,5385,0.002214,13890498528614818315,575,10,10,4,954,641,315,994,ok
edge-1-repeat-min,1,24003,1,16384,9411,274,4987,1712,7329,5680,9850,1129,5405,0.001691,1743860520622184812,551,18,17,4,824,755,400,991,ok
edge-1-repeat-min,1,24003,1,16384,9411,274,4987,1712,7329,5680,9850,1129,5405,0.009181,1743860520622184812,551,18,17,4,824,755,400,991,ok
edge-1-repeat-min,1,24004,1,16384,9349,285,4978,1772,7316,5732,9811,1170,5403,0.002014,17965142136197182547,851,20,6,4,593,1057,290,994,ok
edge-1-repeat-min,1,24004,1,16384,9349,285,4978,1772,7316,5732,9811,1170,5403,0.004363,17965142136197182547,851,20,6,4,593,1057,290,994,ok
edge-1-repeat-max,1,24001,1,16384,8192,728,4008,3456,6496,2060,9124,2424,4836,0.000693,3221758993762238880,184,2,10,4,384,544,32,960,ok
edge-1-repeat-max,1,24001,1,16384,8192,728,4008,3456,6496,2060,9124,2424,4836,0.000712,3221758993762238880,184,2,10,4,384,544,32,960,ok
edge-1-repeat-max,1,24003,1,16384,7556,660,3232,4936,5732,836,8872,3096,4416,0.001259,15318678605301309947,108,6,4,4,540,416,156,960,ok
edge-1-repeat-max,1,24003,1,16384,7556,660,3232,4936,5732,836,8872,3096,4416,0.000595,15318678605301309947,108,6,4,4,540,416,156,960,ok
edge-1-repeat-max,1,24004,1,16384,8180,728,3756,3720,6464,1564,9172,2556,4656,0.001808,2270769969064918328,138,5,6,4,244,500,124,960,ok
edge-1-repeat-max,1,24004,1,16384,8180,728,3756,3720,6464,1564,9172,2556,4656,0.000576,2270769969064918328,138,5,6,4,244,500,124,960,ok
size-1-6-6-4,1,24001,1,4096,2318,73,1233,472,1764,1089,2443,308,1345,0.000442,17079717480519420910,319,11,6,4,104,269,85,247,ok
size-1-6-6-4,1,24001,1,4096,2318,73,1233,472,1764,1089,2443,308,1345,0.001205,17079717480519420910,319,11,6,4,104,269,85,247,ok
size-1-6-6-4,1,24003,0,4096,0,0,4096,0,0,0,2431,330,1335,0.000303,3748852957731584147,4096,100000,100000,0,0,0,0,0,failed
size-1-6-6-4,1,24003,0,4096,0,0,4096,0,0,0,2431,330,1335,0.000738,3748852957731584147,4096,100000,100000,0,0,0,0,0,failed
size-1-6-6-4,1,24004,1,4096,2220,136,1120,620,1746,1089,2383,446,1267,0.001094,11627436278644698582,310,7,18,4,121,194,66,247,ok
size-1-6-6-4,1,24004,1,4096,2220,136,1120,620,1746,1089,2383,446,1267,0.000431,11627436278644698582,310,7,18,4,121,194,66,247,ok
size-1-6-6-12,1,24001,0,4096,0,0,4096,0,0,0,2443,308,1345,0.000325,3724996725508102354,4096,100000,100000,0,0,0,0,0,failed
size-1-6-6-12,1,24001,0,4096,0,0,4096,0,0,0,2443,308,1345,0.000323,3724996725508102354,4096,100000,100000,0,0,0,0,0,failed
size-1-6-6-12,1,24003,0,4096,0,0,4096,0,0,0,2431,330,1335,0.000967,3748852957731584147,4096,100000,100000,0,0,0,0,0,failed
size-1-6-6-12,1,24003,0,4096,0,0,4096,0,0,0,2431,330,1335,0.000304,3748852957731584147,4096,100000,100000,0,0,0,0,0,failed
size-1-6-6-12,1,24004,0,4096,0,0,4096,0,0,0,2382,447,1267,0.000394,5764149895046820619,4096,100000,100000,0,0,0,0,0,failed
size-1-6-6-12,1,24004,0,4096,0,0,4096,0,0,0,2382,447,1267,0.001097,5764149895046820619,4096,100000,100000,0,0,0,0,0,failed
size-1-7-7-8,1,24001,1,16384,9332,282,4946,1824,7252,5357,9806,1193,5385,0.001508,2571324380836695905,490,13,13,8,954,641,315,994,ok
size-1-7-7-8,1,24001,1,16384,9332,282,4946,1824,7252,5357,9806,1193,5385,0.004267,2571324380836695905,490,13,13,8,954,641,315,994,ok
size-1-7-7-8,1,24003,1,16384,9415,274,4987,1708,7303,5583,9851,1128,5405,0.009835,9280150380393299210,0,18,17,7,789,743,397,991,ok
size-1-7-7-8,1,24003,1,16384,9415,274,4987,1708,7303,5583,9851,1128,5405,0.002735,9280150380393299210,0,18,17,7,789,743,397,991,ok
size-1-7-7-8,1,24004,1,16384,9353,285,4978,1768,7240,5547,9812,1169,5403,0.001501,11396205303651550806,814,20,18,8,593,1057,290,994,ok
size-1-7-7-8,1,24004,1,16384,9353,285,4978,1768,7240,5547,9812,1169,5403,0.002575,11396205303651550806,814,20,18,8,593,1057,290,994,ok
size-1-6-9-12,1,24001,1,32768,18450,768,9592,3958,14638,11066,19484,2747,10537,0.003206,205956527766588996,524,10,15,12,1260,1711,586,1990,ok
size-1-6-9-12,1,24001,1,32768,18450,768,9592,3958,14638,11066,19484,2747,10537,0.048581,205956527766588996,524,10,15,12,1260,1711,586,1990,ok
size-1-6-9-12,1,24003,1,32768,18547,735,9666,3820,14623,11114,19544,2644,10580,0.008060,4488402287655512689,213,12,19,12,1536,1454,677,1988,ok
size-1-6-9-12,1,24003,1,32768,18547,735,9666,3820,14623,11114,19544,2644,10580,0.007410,4488402287655512689,213,12,19,12,1536,1454,677,1988,ok
size-1-6-9-12,1,24004,1,32768,18464,725,9613,3966,14601,11185,19483,2707,10578,0.005707,9377437999984426408,268,11,17,12,1628,1403,567,1990,ok
size-1-6-9-12,1,24004,1,32768,18464,725,9613,3966,14601,11185,19483,2707,10578,0.020534,9377437999984426408,268,11,17,12,1628,1403,567,1990,ok
size-1-9-6-12,1,24001,1,32768,18428,650,9648,4042,14596,10861,19461,2670,10637,0.003411,16480885287169114817,632,13,21,12,1586,1355,637,1981,ok
size-1-9-6-12,1,24001,1,32768,18428,650,9648,4042,14596,10861,19461,2670,10637,0.031473,16480885287169114817,632,13,21,12,1586,1355,637,1981,ok
size-1-9-6-12,1,24003,1,32768,18407,682,9623,4056,14488,10953,19462,2708,10598,0.003339,5197832662345982046,549,17,19,12,1585,1429,650,1980,ok
size-1-9-6-12,1,24003,1,32768,18407,682,9623,4056,14488,10953,19462,2708,10598,0.004480,5197832662345982046,549,17,19,12,1585,1429,650,1980,ok
size-1-9-6-12,1,24004,1,32768,18651,551,9813,3753,14547,11197,19611,2428,10729,0.007475,15292689523055164251,490,13,19,12,1644,1494,707,1978,ok
size-1-9-6-12,1,24004,1,32768,18651,551,9813,3753,14547,11197,19611,2428,10729,0.003726,15292689523055164251,490,13,19,12,1644,1494,707,1978,ok
size-1-9-9-12,1,24001,1,262144,149149,5198,78183,29614,118418,94574,156739,20005,85400,0.140929,16415405346331145548,0,100000,16,11,12901,12409,5160,15840,ok
size-1-9-9-12,1,24001,1,262144,149149,5198,78183,29614,118418,94574,156739,20005,85400,0.207999,16415405346331145548,0,100000,16,11,12901,12409,5160,15840,ok
size-1-9-9-12,1,24003,1,262144,148916,5302,78338,29588,118280,94638,156537,20096,85511,0.302889,17473792559893687585,378,19,16,12,12411,12609,5360,15855,ok
size-1-9-9-12,1,24003,1,262144,148916,5302,78338,29588,118280,94638,156537,20096,85511,0.298061,17473792559893687585,378,19,16,12,12411,12609,5360,15855,ok
size-1-9-9-12,1,24004,1,262144,149399,4538,78867,29340,118261,94428,156953,19209,85982,0.187686,14278055095835393210,637,16,16,12,12710,12805,5373,15920,ok
size-1-9-9-12,1,24004,1,262144,149399,4538,78867,29340,118261,94428,156953,19209,85982,0.226154,14278055095835393210,637,16,16,12,12710,12805,5373,15920,ok
corner-1-min,1,24001,0,0,0,0,0,0,0,0,0,0,0,0.041574,14695981039346656037,0,100000,100000,0,0,0,0,0,failed
corner-1-min,1,24001,0,0,0,0,0,0,0,0,0,0,0,0.000003,14695981039346656037,0,100000,100000,0,0,0,0,0,failed
corner-1-min,1,24003,0,0,0,0,0,0,0,0,0,0,0,0.000005,14695981039346656037,0,100000,100000,0,0,0,0,0,failed
corner-1-min,1,24003,0,0,0,0,0,0,0,0,0,0,0,0.000008,14695981039346656037,0,100000,100000,0,0,0,0,0,failed
corner-1-min,1,24004,0,0,0,0,0,0,0,0,0,0,0,0.000007,14695981039346656037,0,100000,100000,0,0,0,0,0,failed
corner-1-min,1,24004,0,0,0,0,0,0,0,0,0,0,0,0.000004,14695981039346656037,0,100000,100000,0,0,0,0,0,failed
corner-1-max,1,24001,1,262144,113996,5220,113136,29792,56340,17376,121524,20084,120536,0.128402,11153872659230279882,281,1,2,12,25640,13892,7568,21696,ok
corner-1-max,1,24001,1,262144,113996,5220,113136,29792,56340,17376,121524,20084,120536,0.095332,11153872659230279882,281,1,2,12,25640,13892,7568,21696,ok
corner-1-max,1,24003,1,262144,111552,5024,110128,35440,56996,16952,120524,22744,118876,0.064198,13304278174034654577,181,15,1,12,18940,17776,8092,21504,ok
corner-1-max,1,24003,1,262144,111552,5024,110128,35440,56996,16952,120524,22744,118876,0.082056,13304278174034654577,181,15,1,12,18940,17776,8092,21504,ok
corner-1-max,1,24004,1,262144,112668,6588,110440,32448,55832,17184,120676,22812,118656,0.074396,765892347145801071,106,1,1,12,23484,14736,7608,21664,ok
corner-1-max,1,24004,1,262144,112668,6588,110440,32448,55832,17184,120676,22812,118656,0.075969,765892347145801071,106,1,1,12,23484,14736,7608,21664,ok
edge-2-width-min,2,24001,1,8192,4472,313,2617,790,3197,2353,4705,705,2782,0.001032,12503860844371180222,0,22,7,3,359,564,254,472,ok
edge-2-width-min,2,24001,1,8192,4472,313,2617,790,3197,2353,4705,705,2782,0.001542,12503860844371180222,0,22,7,3,359,564,254,472,ok
edge-2-width-min,2,24003,1,8192,4383,285,2580,944,3163,2287,4669,753,2770,0.001019,2289046138649135511,650,13,13,4,527,425,174,482,ok
edge-2-width-min,2,24003,1,8192,4383,285,2580,944,3163,2287,4669,753,2770,0.002871,2289046138649135511,650,13,13,4,527,425,174,482,ok
edge-2-width-min,2,24004,1,8192,4460,248,2581,903,3245,2383,4719,696,2777,0.003043,12008136029917599670,469,5,16,4,420,508,193,478,ok
edge-2-width-min,2,24004,1,8192,4460,248,2581,903,3245,2383,4719,696,2777,0.001045,12008136029917599670,469,5,16,4,420,508,193,478,ok
edge-2-width-max,2,24001,1,65536,37588,1941,22369,3638,26676,23371,38639,3757,23140,0.179237,898222588874111289,1231,23,24,4,3715,4034,3058,3843,ok
edge-2-width-max,2,24001,1,65536,37588,1941,22369,3638,26676,23371,38639,3757,23140,0.155979,898222588874111289,1231,23,24,4,3715,4034,3058,3843,ok
edge-2-width-max,2,24003,1,65536,37493,1887,22178,3978,26774,23275,38591,3874,23071,0.133704,7657302466715763635,1260,20,26,4,4216,3547,2853,3813,ok
edge-2-width-max,2,24003,1,65536,37493,1887,22178,3978,26774,23275,38591,3874,23071,0.085862,7657302466715763635,1260,20,26,4,4216,3547,2853,3813,ok
edge-2-width-max,2,24004,1,65536,37637,2411,22604,2884,26389,23282,38567,3843,23126,0.059894,384484046444111817,1346,28,28,1,4031,3714,3402,3783,ok
edge-2-width-max,2,24004,1,65536,37637,2411,22604,2884,26389,23282,38567,3843,23126,0.021655,384484046444111817,1346,28,28,1,4031,3714,3402,3783,ok
edge-2-height-min,2,24001,1,8192,4520,253,2725,694,3273,2398,4740,596,2856,0.002338,21500989661319052,662,15,15,4,328,495,323,472,ok
edge-2-height-min,2,24001,1,8192,4520,253,2725,694,3273,2398,4740,596,2856,0.002602,21500989661319052,662,15,15,4,328,495,323,472,ok
edge-2-height-min,2,24003,1,8192,4618,216,2688,670,3365,2477,4821,548,2823,0.002526,9714228658532047050,0,100000,14,2,490,332,335,459,ok
edge-2-height-min,2,24003,1,8192,4618,216,2688,670,3365,2477,4821,548,2823,0.002060,9714228658532047050,0,100000,14,2,490,332,335,459,ok
edge-2-height-min,2,24004,1,8192,4599,226,2717,650,3215,2238,4796,548,2848,0.001803,3068368816682946139,719,18,7,4,422,535,318,473,ok
edge-2-height-min,2,24004,1,8192,4599,226,2717,650,3215,2238,4796,548,2848,0.002870,3068368816682946139,719,18,7,4,422,535,318,473,ok
edge-2-height-max,2,24001,1,65536,37439,1851,22285,3961,26656,22969,38603,3823,23110,0.025513,3088623821463467421,1053,23,40,3,4024,3721,2938,3837,ok
edge-2-height-max,2,24001,1,65536,37439,1851,22285,3961,26656,22969,38603,3823,23110,0.044465,3088623821463467421,1053,23,40,3,4024,3721,2938,3837,ok
edge-2-height-max,2,24003,1,65536,37331,1747,22148,4310,26658,22598,38577,3899,23060,0.050557,14885947647247422686,1256,29,34,0,3959,3797,2816,3609,ok
edge-2-height-max,2,24003,1,65536,37331,1747,22148,4310,26658,22598,38577,3899,23060,0.106717,14885947647247422686,1256,29,34,0,3959,3797,2816,3609,ok
edge-2-height-max,2,24004,1,65536,37334,2033,22487,3682,26353,22681,38493,3866,23177,0.039131,6600342002624190149,0,21,100000,1,3880,3854,3150,3764,ok
edge-2-height-max,2,24004,1,65536,37334,2033,22487,3682,26353,22681,38493,3866,23177,0.245534,6600342002624190149,0,21,100000,1,3880,3854,3150,3764,ok
edge-2-teams-min,2,24001,1,16384,8946,923,5518,997,6276,4247,9294,1417,5673,0.001784,18091492188118644277,902,1,9,1,1247,899,485,959,ok
edge-2-teams-min,2,24001,1,16384,8946,923,5518,997,6276,4247,9294,1417,5673,0.002718,18091492188118644277,902,1,9,1,1247,899,485,959,ok
edge-2-teams-min,2,24003,1,16384,9552,607,5280,945,7338,5547,9860,1077,5447,0.004448,9744020794824514254,1742,11,13,1,828,883,465,960,ok
edge-2-teams-min,2,24003,1,16384,9552,607,5280,945,7338,5547,9860,1077,5447,0.001560,9744020794824514254,1742,11,13,1,828,883,465,960,ok
edge-2-teams-min,2,24004,1,16384,9018,622,5520,1224,6595,5307,9397,1230,5757,0.001751,11258575627840650753,1106,9,10,1,954,740,700,964,ok
edge-2-teams-min,2,24004,1,16384,9018,622,5520,1224,6595,5307,9397,1230,5757,0.002096,11258575627840650753,1106,9,10,1,954,740,700,964,ok
edge-2-teams-max,2,24001,1,16384,8953,919,5515,997,6176,3965,9301,1413,5670,0.002302,18386146786474578188,0,100000,17,11,1202,869,447,959,ok
edge-2-teams-max,2,24001,1,16384,8953,919,5515,997,6176,3965,9301,1413,5670,0.002343,18386146786474578188,0,100000,17,11,1202,869,447,959,ok
edge-2-teams-max,2,24003,0,16384,0,0,16384,0,0,0,9860,1077,5447,0.004491,17614258571223508803,16384,100000,100000,0,0,0,0,0,failed
edge-2-teams-max,2,24003,0,16384,0,0,16384,0,0,0,9860,1077,5447,0.004771,17614258571223508803,16384,100000,100000,0,0,0,0,0,failed
edge-2-teams-max,2,24004,0,16384,0,0,16384,0,0,0,9397,1230,5757,0.003091,17810711605240484000,16384,100000,100000,0,0,0,0,0,failed
edge-2-teams-max,2,24004,0,16384,0,0,16384,0,0,0,9397,1230,5757,0.001614,17810711605240484000,16384,100000,100000,0,0,0,0,0,failed
edge-2-workers-min,2,24001,1,16384,8949,920,5518,997,6268,4190,9297,1414,5673,0.004927,5660897849027081340,320,15,20,4,1210,899,485,959,ok
edge-2-workers-min,2,24001,1,16384,8949,920,5518,997,6268,4190,9297,1414,5673,0.001813,5660897849027081340,320,15,20,4,1210,899,485,959,ok
edge-2-workers-min,2,24003,1,16384,9552,607,5280,945,7362,5545,9860,1077,5447,0.001713,6519285490690037608,602,11,13,4,800,839,465,960,ok
edge-2-workers-min,2,24003,1,16384,9552,607,5280,945,7362,5545,9860,1077,5447,0.023920,6519285490690037608,602,11,13,4,800,839,465,960,ok
edge-2-workers-min,2,24004,1,16384,9030,610,5520,1224,6562,5234,9409,1218,5757,0.001741,14833552175046425086,388,9,10,4,954,737,700,964,ok
edge-2-workers-min,2,24004,1,16384,9030,610,5520,1224,6562,5234,9409,1218,5757,0.001745,14833552175046425086,388,9,10,4,954,737,700,964,ok
edge-2-workers-max,2,24001,1,16384,8949,920,5518,997,6240,4189,9297,1414,5673,0.001947,5660897849027081340,418,15,17,4,1210,899,485,959,ok
edge-2-workers-max,2,24001,1,16384,8949,920,5518,997,6240,4189,9297,1414,5673,0.008564,5660897849027081340,418,15,17,4,1210,899,485,959,ok
edge-2-workers-max,2,24003,1,16384,9552,607,5280,945,7334,5521,9860,1077,5447,0.001743,6519285490690037608,737,10,12,4,800,839,465,960,ok
edge-2-workers-max,2,24003,1,16384,9552,607,5280,945,7334,5521,9860,1077,5447,0.002654,6519285490690037608,737,10,12,4,800,839,465,960,ok
edge-2-workers-max,2,24004,1,16384,9030,610,5520,1224,6534,5207,9409,1218,5757,0.001885,14833552175046425086,488,8,9,4,954,737,700,964,ok
edge-2-workers-max,2,24004,1,16384,9030,610,5520,1224,6534,5207,9409,1218,5757,0.001807,14833552175046425086,488,8,9,4,954,737,700,964,ok
edge-2-water-min,2,24001,1,16384,14609,1028,0,747,14514,13149,14991,1393,0,0.001878,15818806745139821749,1659,100000,100000,0,0,0,6,0,ok
edge-2-water-min,2,24001,1,16384,14609,1028,0,747,14514,13149,14991,1393,0,0.002063,15818806745139821749,1659,100000,100000,0,0,0,6,0,ok
edge-2-water-min,2,24003,1,16384,14653,1155,0,576,14533,13340,14948,1436,0,0.001564,17836359041140578458,1565,100000,100000,0,0,0,15,0,ok
edge-2-water-min,2,24003,1,16384,14653,1155,0,576,14533,13340,14948,1436,0,0.004168,17836359041140578458,1565,100000,100000,0,0,0,15,0,ok
edge-2-water-min,2,24004,1,16384,14196,1348,0,840,14102,12533,14624,1760,0,0.001831,7469588657728267115,1789,100000,100000,0,0,0,0,0,ok
edge-2-water-min,2,24004,1,16384,14196,1348,0,840,14102,12533,14624,1760,0,0.003183,7469588657728267115,1789,100000,100000,0,0,0,0,0,ok
edge-2-water-max,2,24001,1,16384,6173,831,7375,2005,3535,1864,6760,1833,7791,0.002096,17006424890009917153,331,8,14,4,991,928,626,1495,ok
edge-2-water-max,2,24001,1,16384,6173,831,7375,2005,3535,1864,6760,1833,7791,0.001947,17006424890009917153,331,8,14,4,991,928,626,1495,ok
edge-2-water-max,2,24003,1,16384,6199,590,7573,2022,3133,1707,6764,1598,8022,0.001729,1703270134573847676,0,34,6,3,854,1395,724,1490,ok
edge-2-water-max,2,24003,1,16384,6199,590,7573,2022,3133,1707,6764,1598,8022,0.001654,1703270134573847676,0,34,6,3,854,1395,724,1490,ok
edge-2-water-max,2,24004,1,16384,6125,557,8336,1366,3463,1818,6540,1236,8608,0.003470,5844940350594474362,214,14,8,4,619,1167,781,1487,ok
edge-2-water-max,2,24004,1,16384,6125,557,8336,1366,3463,1818,6540,1236,8608,0.001874,5844940350594474362,214,14,8,4,619,1167,781,1487,ok
edge-2-sand-min,2,24001,1,16384,9027,884,5523,950,7164,5282,9351,1353,5680,0.003961,1287794769456463877,918,17,20,4,764,391,614,987,ok
edge-2-sand-min,2,24001,1,16384,9027,884,5523,950,7164,5282,9351,1353,5680,0.004739,1287794769456463877,918,17,20,4,764,391,614,987,ok
edge-2-sand-min,2,24003,1,16384,8866,778,5504,1236,7309,5475,9282,1391,5711,0.001672,15593615391680384401,912,7,13,4,453,396,610,981,ok
edge-2-sand-min,2,24003,1,16384,8866,778,5504,1236,7309,5475,9282,1391,5711,0.001632,15593615391680384401,912,7,13,4,453,396,610,981,ok
edge-2-sand-min,2,24004,1,16384,9022,739,5413,1210,6553,5232,9402,1340,5642,0.001837,1511840691034133524,485,8,9,4,1089,837,454,988,ok
edge-2-sand-min,2,24004,1,16384,9022,739,5413,1210,6553,5232,9402,1340,5642,0.001761,1511840691034133524,485,8,9,4,1089,837,454,988,ok
edge-2-sand-max,2,24001,1,16384,5334,6360,3120,1570,3649,1915,5953,7143,3288,0.001899,13415170006420454930,293,6,10,4,497,478,620,546,ok
edge-2-sand-max,2,24001,1,16384,5334,6360,3120,1570,3649,1915,5953,7143,3288,0.001834,13415170006420454930,293,6,10,4,497,478,620,546,ok
edge-2-sand-max,2,24003,1,16384,5162,6659,3141,1422,4293,2611,5742,7368,3274,0.005413,7498629016206827803,344,100000,100000,0,0,0,776,540,ok
edge-2-sand-max,2,24003,1,16384,5162,6659,3141,1422,4293,2611,5742,7368,3274,0.001899,7498629016206827803,344,100000,100000,0,0,0,776,540,ok
edge-2-sand-max,2,24004,1,16384,5283,6530,3055,1516,3582,1899,5807,7289,3288,0.001881,8936974655475243293,278,13,14,4,429,879,298,534,ok
edge-2-sand-max,2,24004,1,16384,5283,6530,3055,1516,3582,1899,5807,7289,3288,0.001776,8936974655475243293,278,13,14,4,429,879,298,534,ok
edge-2-grass-min,2,24001,0,16384,0,0,16384,0,0,0,602,1671,14111,0.001525,253967105468988286,16384,100000,100000,0,0,0,0,0,failed
edge-2-grass-min,2,24001,0,16384,0,0,16384,0,0,0,602,1671,14111,0.001764,253967105468988286,16384,100000,100000,0,0,0,0,0,failed
edge-2-grass-min,2,24003,1,16384,329,975,13785,1295,21,0,639,1647,14098,0.002534,17907722784531174403,0,100000,100000,0,0,0,228,2336,ok
edge-2-grass-min,2,24003,1,16384,329,975,13785,1295,21,0,639,1647,14098,0.002342,17907722784531174403,0,100000,100000,0,0,0,228,2336,ok
edge-2-grass-min,2,24004,0,16384,0,0,16384,0,0,0,594,2055,13735,0.001598,17810711605240484000,16384,100000,100000,0,0,0,0,0,failed
edge-2-grass-min,2,24004,0,16384,0,0,16384,0,0,0,594,2055,13735,0.091162,17810711605240484000,16384,100000,100000,0,0,0,0,0,failed
edge-2-grass-max,2,24001,1,16384,10045,658,4676,1005,7993,6246,10397,1152,4835,0.003787,15747200618786921993,1153,19,20,4,842,474,642,801,ok
edge-2-grass-max,2,24001,1,16384,10045,658,4676,1005,7993,6246,10397,1152,4835,0.001965,15747200618786921993,1153,19,20,4,842,474,642,801,ok
edge-2-grass-max,2,24003,1,16384,10419,541,4704,720,8382,6634,10649,898,4837,0.013078,4750185470642720124,771,15,13,4,698,693,548,806,ok
edge-2-grass-max,2,24003,1,16384,10419,541,4704,720,8382,6634,10649,898,4837,0.001639,4750185470642720124,771,15,13,4,698,693,548,806,ok
edge-2-grass-max,2,24004,1,16384,10329,362,4495,1198,8179,7021,10683,958,4743,0.001822,2892416573280956093,1021,11,20,4,1004,585,472,785,ok
edge-2-grass-max,2,24004,1,16384,10329,362,4495,1198,8179,7021,10683,958,4743,0.001850,2892416573280956093,1021,11,20,4,1004,585,472,785,ok
edge-2-desert-min,2,24001,1,16384,8949,920,5518,997,6256,4190,9297,1414,5673,0.002526,5660897849027081340,418,15,17,4,1210,899,485,959,ok
edge-2-desert-min,2,24001,1,16384,8949,920,5518,997,6256,4190,9297,1414,5673,0.003701,5660897849027081340,418,15,17,4,1210,899,485,959,ok
edge-2-desert-min,2,24003,1,16384,9552,607,5280,945,7350,5537,9860,1077,5447,0.001695,6519285490690037608,723,11,13,4,800,839,465,960,ok
edge-2-desert-min,2,24003,1,16384,9552,607,5280,945,7350,5537,9860,1077,5447,0.001638,6519285490690037608,723,11,13,4,800,839,465,960,ok
edge-2-desert-min,2,24004,1,16384,9030,610,5520,1224,6550,5225,9409,1218,5757,0.001811,14833552175046425086,492,9,10,4,954,737,700,964,ok
edge-2-desert-min,2,24004,1,16384,9030,610,5520,1224,6550,5225,9409,1218,5757,0.001832,14833552175046425086,492,9,10,4,954,737,700,964,ok
edge-2-desert-max,2,24001,1,16384,3921,7965,3006,1492,2507,982,4500,8716,3168,0.003974,5497211519881356870,86,11,39,3,765,267,289,536,ok
edge-2-desert-max,2,24001,1,16384,3921,7965,3006,1492,2507,982,4500,8716,3168,0.002214,5497211519881356870,86,11,39,3,765,267,289,536,ok
edge-2-desert-max,2,24003,1,16384,4122,7759,3085,1418,2558,1182,4698,8471,3215,0.001557,3480572482632351213,202,42,42,2,504,566,390,540,ok
edge-2-desert-max,2,24003,1,16384,4122,7759,3085,1418,2558,1182,4698,8471,3215,0.004231,3480572482632351213,202,42,42,2,504,566,390,540,ok
edge-2-desert-max,2,24004,1,16384,4737,7281,2882,1484,3435,1841,5247,8026,3111,0.001872,1099917036119030571,197,2,12,4,577,412,210,534,ok
edge-2-desert-max,2,24004,1,16384,4737,7281,2882,1484,3435,1841,5247,8026,3111,0.002180,1099917036119030571,197,2,12,4,577,412,210,534,ok
edge-2-smoothing-min,2,24001,1,16384,9048,666,5536,1134,6861,4387,9468,1220,5696,0.001960,2613473709282920172,630,12,12,4,728,696,667,958,ok
edge-2-smoothing-min,2,24001,1,16384,9048,666,5536,1134,6861,4387,9468,1220,5696,0.001791,2613473709282920172,630,12,12,4,728,696,667,958,ok
edge-2-smoothing-min,2,24003,1,16384,9245,449,5296,1394,6634,3921,9726,1134,5524,0.001587,66553570091746125,511,4,4,4,841,975,690,958,ok
edge-2-smoothing-min,2,24003,1,16384,9245,449,5296,1394,6634,3921,9726,1134,5524,0.001617,66553570091746125,511,4,4,4,841,975,690,958,ok
edge-2-smoothing-min,2,24004,1,16384,9166,422,5510,1286,6625,5123,9579,1056,5749,0.028921,14894153078089829296,804,8,9,4,1029,723,700,962,ok
edge-2-smoothing-min,2,24004,1,16384,9166,422,5510,1286,6625,5123,9579,1056,5749,0.004390,14894153078089829296,804,8,9,4,1029,723,700,962,ok
edge-2-smoothing-max,2,24001,1,16384,9387,615,5534,848,6629,5251,9657,1036,5691,0.052779,16332416003315470351,0,23,100000,3,933,1036,689,959,ok
edge-2-smoothing-max,2,24001,1,16384,9387,615,5534,848,6629,5251,9657,1036,5691,0.001801,16332416003315470351,0,23,100000,3,933,1036,689,959,ok
edge-2-smoothing-max,2,24003,1,16384,9051,873,5496,964,6949,5555,9361,1352,5671,0.001729,10575936385512013596,434,13,14,4,849,777,378,954,ok
edge-2-smoothing-max,2,24003,1,16384,9051,873,5496,964,6949,5555,9361,1352,5671,0.001665,10575936385512013596,434,13,14,4,849,777,378,954,ok
edge-2-smoothing-max,2,24004,0,16384,0,0,16384,0,0,0,9489,1140,5755,0.001620,17810711605240484000,16384,100000,100000,0,0,0,0,0,failed
edge-2-smoothing-max,2,24004,0,16384,0,0,16384,0,0,0,9489,1140,5755,0.097096,17810711605240484000,16384,100000,100000,0,0,0,0,0,failed
edge-2-river-width-min,2,24001,1,16384,9047,976,4395,1966,7052,4809,9643,1957,4784,0.001543,995488406803712075,0,7,100000,3,672,470,755,961,ok
edge-2-river-width-min,2,24001,1,16384,9047,976,4395,1966,7052,4809,9643,1957,4784,0.001637,995488406803712075,0,7,100000,3,672,470,755,961,ok
edge-2-river-width-min,2,24003,1,16384,8950,938,4380,2116,6847,4524,9574,1993,4817,0.001492,14309378745742228429,597,9,16,4,548,762,697,961,ok
edge-2-river-width-min,2,24003,1,16384,8950,938,4380,2116,6847,4524,9574,1993,4817,0.001798,14309378745742228429,597,9,16,4,548,762,697,961,ok
edge-2-river-width-min,2,24004,1,16384,8871,743,4938,1832,7021,4914,9428,1653,5303,0.004875,17138623470901157076,407,13,8,4,761,643,346,965,ok
edge-2-river-width-min,2,24004,1,16384,8871,743,4938,1832,7021,4914,9428,1653,5303,0.001867,17138623470901157076,407,13,8,4,761,643,346,965,ok
edge-2-river-width-max,2,24001,1,16384,9270,595,5649,870,6418,5302,9554,1026,5804,0.002624,13040961475971353362,1330,19,38,3,969,967,815,951,ok
edge-2-river-width-max,2,24001,1,16384,9270,595,5649,870,6418,5302,9554,1026,5804,0.004005,13040961475971353362,1330,19,38,3,969,967,815,951,ok
edge-2-river-width-max,2,24003,1,16384,9304,653,5671,756,6441,5446,9555,1026,5803,0.002171,4763919030790921477,496,28,28,1,881,1058,819,961,ok
edge-2-river-width-max,2,24003,1,16384,9304,653,5671,756,6441,5446,9555,1026,5803,0.002442,4763919030790921477,496,28,28,1,881,1058,819,961,ok
edge-2-river-width-max,2,24004,0,16384,0,0,16384,0,0,0,9501,1120,5763,0.002452,17810711605240484000,16384,100000,100000,0,0,0,0,0,failed
edge-2-river-width-max,2,24004,0,16384,0,0,16384,0,0,0,9501,1120,5763,0.003508,17810711605240484000,16384,100000,100000,0,0,0,0,0,failed
edge-2-fruit-min,2,24001,1,16384,9605,382,5629,768,7199,5630,9817,765,5802,0.001847,7176297995739189086,667,16,12,4,815,758,753,997,ok
edge-2-fruit-min,2,24001,1,16384,9605,382,5629,768,7199,5630,9817,765,5802,0.001914,7176297995739189086,667,16,12,4,815,758,753,997,ok
edge-2-fruit-min,2,24003,0,16384,0,0,16384,0,0,0,9815,858,5711,0.001389,17614258571223508803,16384,100000,100000,0,0,0,0,0,failed
edge-2-fruit-min,2,24003,0,16384,0,0,16384,0,0,0,9815,858,5711,0.002189,17614258571223508803,16384,100000,100000,0,0,0,0,0,failed
edge-2-fruit-min,2,24004,0,16384,0,0,16384,0,0,0,9918,513,5953,0.029737,17810711605240484000,16384,100000,100000,0,0,0,0,0,failed
edge-2-fruit-min,2,24004,0,16384,0,0,16384,0,0,0,9918,513,5953,0.002514,17810711605240484000,16384,100000,100000,0,0,0,0,0,failed
edge-2-fruit-max,2,24001,1,16384,5156,5803,3755,1670,3094,1029,5835,6636,3913,0.002021,3788484734914861314,80,24,38,3,803,411,467,651,ok
edge-2-fruit-max,2,24001,1,16384,5156,5803,3755,1670,3094,1029,5835,6636,3913,0.002181,3788484734914861314,80,24,38,3,803,411,467,651,ok
edge-2-fruit-max,2,24003,1,16384,5437,5607,3794,1546,3664,1417,6079,6379,3926,0.001584,5260591269051681174,299,20,30,4,489,416,507,654,ok
edge-2-fruit-max,2,24003,1,16384,5437,5607,3794,1546,3664,1417,6079,6379,3926,0.004311,5260591269051681174,299,20,30,4,489,416,507,654,ok
edge-2-fruit-max,2,24004,1,16384,5728,5261,3557,1838,3774,1339,6412,6180,3792,0.001967,210623947230701153,141,26,28,3,781,486,299,651,ok
edge-2-fruit-max,2,24004,1,16384,5728,5261,3557,1838,3774,1339,6412,6180,3792,0.002174,210623947230701153,141,26,28,3,781,486,299,651,ok
edge-2-repeat-min,2,24001,1,16384,8949,920,5518,997,6256,4190,9297,1414,5673,0.001920,5660897849027081340,418,15,17,4,1210,899,485,959,ok
edge-2-repeat-min,2,24001,1,16384,8949,920,5518,997,6256,4190,9297,1414,5673,0.001904,5660897849027081340,418,15,17,4,1210,899,485,959,ok
edge-2-repeat-min,2,24003,1,16384,9552,607,5280,945,7350,5537,9860,1077,5447,0.003039,6519285490690037608,723,11,13,4,800,839,465,960,ok
edge-2-repeat-min,2,24003,1,16384,9552,607,5280,945,7350,5537,9860,1077,5447,0.013182,6519285490690037608,723,11,13,4,800,839,465,960,ok
edge-2-repeat-min,2,24004,1,16384,9030,610,5520,1224,6550,5225,9409,1218,5757,0.004103,14833552175046425086,492,9,10,4,954,737,700,964,ok
edge-2-repeat-min,2,24004,1,16384,9030,610,5520,1224,6550,5225,9409,1218,5757,0.001836,14833552175046425086,492,9,10,4,954,737,700,964,ok
edge-2-repeat-max,2,24001,1,16384,7104,480,3680,5120,4860,1120,8608,3008,4768,0.000539,15024589055358181125,70,1,2,4,448,828,416,800,ok
edge-2-repeat-max,2,24001,1,16384,7104,480,3680,5120,4860,1120,8608,3008,4768,0.000517,15024589055358181125,70,1,2,4,448,828,416,800,ok
edge-2-repeat-max,2,24003,1,16384,7104,416,3552,5312,4904,600,8640,3040,4704,0.000494,5590689445227312896,30,2,2,4,596,600,512,928,ok
edge-2-repeat-max,2,24003,1,16384,7104,416,3552,5312,4904,600,8640,3040,4704,0.001229,5590689445227312896,30,2,2,4,596,600,512,928,ok
edge-2-repeat-max,2,24004,1,16384,7520,576,3616,4672,4596,608,8768,2912,4704,0.000511,17324586385127991603,37,1,1,4,576,1308,352,896,ok
edge-2-repeat-max,2,24004,1,16384,7520,576,3616,4672,4596,608,8768,2912,4704,0.001039,17324586385127991603,37,1,1,4,576,1308,352,896,ok
size-2-6-6-4,2,24001,1,4096,2214,141,1319,422,1504,786,2340,350,1406,0.000527,12702816318780975272,171,5,14,4,396,110,114,238,ok
size-2-6-6-4,2,24001,1,4096,2214,141,1319,422,1504,786,2340,350,1406,0.000517,12702816318780975272,171,5,14,4,396,110,114,238,ok
size-2-6-6-4,2,24003,1,4096,2208,132,1288,468,1559,927,2344,366,1386,0.001279,3938647859703722544,247,8,8,4,183,251,115,234,ok
size-2-6-6-4,2,24003,1,4096,2208,132,1288,468,1559,927,2344,366,1386,0.000519,3938647859703722544,247,8,8,4,183,251,115,234,ok
size-2-6-6-4,2,24004,0,4096,0,0,4096,0,0,0,2393,373,1330,0.001112,5764149895046820619,4096,100000,100000,0,0,0,0,0,failed
size-2-6-6-4,2,24004,0,4096,0,0,4096,0,0,0,2393,373,1330,0.000359,5764149895046820619,4096,100000,100000,0,0,0,0,0,failed
size-2-6-6-12,2,24001,0,4096,0,0,4096,0,0,0,2340,350,1406,0.000469,3724996725508102354,4096,100000,100000,0,0,0,0,0,failed
size-2-6-6-12,2,24001,0,4096,0,0,4096,0,0,0,2340,350,1406,0.000448,3724996725508102354,4096,100000,100000,0,0,0,0,0,failed
size-2-6-6-12,2,24003,0,4096,0,0,4096,0,0,0,2344,366,1386,0.000368,3748852957731584147,4096,100000,100000,0,0,0,0,0,failed
size-2-6-6-12,2,24003,0,4096,0,0,4096,0,0,0,2344,366,1386,0.000380,3748852957731584147,4096,100000,100000,0,0,0,0,0,failed
size-2-6-6-12,2,24004,0,4096,0,0,4096,0,0,0,2393,373,1330,0.001593,5764149895046820619,4096,100000,100000,0,0,0,0,0,failed
size-2-6-6-12,2,24004,0,4096,0,0,4096,0,0,0,2393,373,1330,0.001113,5764149895046820619,4096,100000,100000,0,0,0,0,0,failed
size-2-7-7-8,2,24001,1,16384,8949,920,5518,997,6208,4023,9297,1414,5673,0.003702,16617434980050527102,0,100000,17,7,1213,897,452,959,ok
size-2-7-7-8,2,24001,1,16384,8949,920,5518,997,6208,4023,9297,1414,5673,0.005853,16617434980050527102,0,100000,17,7,1213,897,452,959,ok
size-2-7-7-8,2,24003,0,16384,0,0,16384,0,0,0,9860,1077,5447,0.001526,17614258571223508803,16384,100000,100000,0,0,0,0,0,failed
size-2-7-7-8,2,24003,0,16384,0,0,16384,0,0,0,9860,1077,5447,0.026580,17614258571223508803,16384,100000,100000,0,0,0,0,0,failed
size-2-7-7-8,2,24004,0,16384,0,0,16384,0,0,0,9397,1230,5757,0.001863,17810711605240484000,16384,100000,100000,0,0,0,0,0,failed
size-2-7-7-8,2,24004,0,16384,0,0,16384,0,0,0,9397,1230,5757,0.006247,17810711605240484000,16384,100000,100000,0,0,0,0,0,failed
size-2-6-9-12,2,24001,1,32768,17769,892,10374,3733,13014,9371,18891,2748,11129,0.070280,11686570519299650906,628,25,24,11,1846,1898,752,1930,ok
size-2-6-9-12,2,24001,1,32768,17769,892,10374,3733,13014,9371,18891,2748,11129,0.050174,11686570519299650906,628,25,24,11,1846,1898,752,1930,ok
size-2-6-9-12,2,24003,1,32768,17580,1137,9993,4058,13138,9747,18693,3161,10914,0.033997,3187380565725862322,511,22,18,12,1913,1783,485,1913,ok
size-2-6-9-12,2,24003,1,32768,17580,1137,9993,4058,13138,9747,18693,3161,10914,0.068471,3187380565725862322,511,22,18,12,1913,1783,485,1913,ok
size-2-6-9-12,2,24004,1,32768,17767,1012,10224,3765,13087,9517,18840,2887,11041,0.197296,4914701710707839179,760,20,20,12,1895,1868,661,1807,ok
size-2-6-9-12,2,24004,1,32768,17767,1012,10224,3765,13087,9517,18840,2887,11041,0.022514,4914701710707839179,760,20,20,12,1895,1868,661,1807,ok
size-2-9-6-12,2,24001,1,32768,18175,731,10642,3220,12980,9656,19142,2339,11287,0.044046,14530006048841308419,250,14,16,12,1925,1919,1087,1800,ok
size-2-9-6-12,2,24001,1,32768,18175,731,10642,3220,12980,9656,19142,2339,11287,0.021462,14530006048841308419,250,14,16,12,1925,1919,1087,1800,ok
size-2-9-6-12,2,24003,1,32768,17666,1085,10025,3992,13142,9649,18745,3081,10942,0.084821,15235139514388628623,596,15,12,12,1830,1875,567,1779,ok
size-2-9-6-12,2,24003,1,32768,17666,1085,10025,3992,13142,9649,18745,3081,10942,0.076352,15235139514388628623,596,15,12,12,1830,1875,567,1779,ok
size-2-9-6-12,2,24004,1,32768,17915,956,10413,3484,13062,9824,18905,2695,11168,0.076457,17904064177986095803,611,15,18,12,1879,1960,765,1866,ok
size-2-9-6-12,2,24004,1,32768,17915,956,10413,3484,13062,9824,18905,2695,11168,0.070326,17904064177986095803,611,15,18,12,1879,1960,765,1866,ok
size-2-9-9-12,2,24001,1,262144,149100,12955,91905,8184,109726,85886,152601,16958,92585,0.848434,9572728202868954291,0,100000,100000,7,14454,13999,10668,15420,ok
size-2-9-9-12,2,24001,1,262144,149100,12955,91905,8184,109726,85886,152601,16958,92585,0.701838,9572728202868954291,0,100000,100000,7,14454,13999,10668,15420,ok
size-2-9-9-12,2,24003,1,262144,147869,13206,89841,11228,103729,78628,152140,18741,91263,0.598385,10176986978518237311,522,14,13,12,16701,16929,10248,15436,ok
size-2-9-9-12,2,24003,1,262144,147869,13206,89841,11228,103729,78628,152140,18741,91263,0.744190,10176986978518237311,522,14,13,12,16701,16929,10248,15436,ok
size-2-9-9-12,2,24004,1,262144,150768,12248,91836,7292,106434,95707,153413,15855,92876,0.844746,6462093021749933095,1443,51,52,2,14398,15267,14415,15377,ok
size-2-9-9-12,2,24004,1,262144,150768,12248,91836,7292,106434,95707,153413,15855,92876,0.854000,6462093021749933095,1443,51,52,2,14398,15267,14415,15377,ok
corner-2-min,2,24001,0,0,0,0,0,0,0,0,0,0,0,0.000009,14695981039346656037,0,100000,100000,0,0,0,0,0,failed
corner-2-min,2,24001,0,0,0,0,0,0,0,0,0,0,0,0.000011,14695981039346656037,0,100000,100000,0,0,0,0,0,failed
corner-2-min,2,24003,0,0,0,0,0,0,0,0,0,0,0,0.000007,14695981039346656037,0,100000,100000,0,0,0,0,0,failed
corner-2-min,2,24003,0,0,0,0,0,0,0,0,0,0,0,0.000008,14695981039346656037,0,100000,100000,0,0,0,0,0,failed
corner-2-min,2,24004,0,0,0,0,0,0,0,0,0,0,0,0.000005,14695981039346656037,0,100000,100000,0,0,0,0,0,failed
corner-2-min,2,24004,0,0,0,0,0,0,0,0,0,0,0,0.000008,14695981039346656037,0,100000,100000,0,0,0,0,0,failed
corner-2-max,2,24001,1,262144,47952,136696,52192,25304,17240,224,56348,149348,56448,0.011546,11845766406100531494,0,1,1,0,6924,11520,4992,9280,ok
corner-2-max,2,24001,1,262144,47952,136696,52192,25304,17240,224,56348,149348,56448,0.076648,11845766406100531494,0,1,1,0,6924,11520,4992,9280,ok
corner-2-max,2,24003,1,262144,48208,137304,51392,25240,15364,96,56604,149924,55616,0.100834,6995744940389614058,0,2,1,0,7984,10620,5600,8992,ok
corner-2-max,2,24003,1,262144,48208,137304,51392,25240,15364,96,56604,149924,55616,0.070179,6995744940389614058,0,2,1,0,7984,10620,5600,8992,ok
corner-2-max,2,24004,1,262144,48112,137336,51520,25176,15408,224,56476,149924,55744,0.245977,6866782697663556605,5,1,2,0,10300,9036,4480,8896,ok
corner-2-max,2,24004,1,262144,48112,137336,51520,25176,15408,224,56476,149924,55744,0.033469,6866782697663556605,5,1,2,0,10300,9036,4480,8896,ok
edge-3-width-min,3,24001,1,8192,3779,316,2579,1518,2694,1583,4175,1072,2945,0.002238,5528040763038411418,317,9,17,4,425,411,150,546,ok
edge-3-width-min,3,24001,1,8192,3779,316,2579,1518,2694,1583,4175,1072,2945,0.000858,5528040763038411418,317,9,17,4,425,411,150,546,ok
edge-3-width-min,3,24003,1,8192,3777,357,2576,1482,2693,1601,4156,1096,2940,0.000876,16057670206668850732,83,8,19,4,474,325,189,546,ok
edge-3-width-min,3,24003,1,8192,3777,357,2576,1482,2693,1601,4156,1096,2940,0.000895,16057670206668850732,83,8,19,4,474,325,189,546,ok
edge-3-width-min,3,24004,1,8192,3781,319,2604,1488,2707,1578,4170,1060,2962,0.001447,10194287565770016619,221,12,11,4,433,399,151,545,ok
edge-3-width-min,3,24004,1,8192,3781,319,2604,1488,2707,1578,4170,1060,2962,0.002381,10194287565770016619,221,12,11,4,433,399,151,545,ok
edge-3-width-max,3,24001,1,65536,34383,1840,24878,4435,22401,19171,35580,4055,25901,0.144345,1121796287204890133,1175,26,27,3,4614,4122,3144,4371,ok
edge-3-width-max,3,24001,1,65536,34383,1840,24878,4435,22401,19171,35580,4055,25901,0.077997,1121796287204890133,1175,26,27,3,4614,4122,3144,4371,ok
edge-3-width-max,3,24003,1,65536,34350,1826,24873,4487,22446,19094,35550,4065,25921,0.006762,15420516851104356162,1205,30,31,3,4581,4180,3048,4376,ok
edge-3-width-max,3,24003,1,65536,34350,1826,24873,4487,22446,19094,35550,4065,25921,0.006519,15420516851104356162,1205,30,31,3,4581,4180,3048,4376,ok
edge-3-width-max,3,24004,1,65536,34467,1809,24982,4278,22472,19480,35608,3946,25982,0.078431,9783622262180087610,1119,37,38,2,4933,3799,3157,4337,ok
edge-3-width-max,3,24004,1,65536,34467,1809,24982,4278,22472,19480,35608,3946,25982,0.015036,9783622262180087610,1119,37,38,2,4933,3799,3157,4337,ok
edge-3-height-min,3,24001,1,8192,3781,330,2595,1486,2692,1543,4171,1069,2952,0.002316,8296798997807980933,211,15,8,4,378,459,155,545,ok
edge-3-height-min,3,24001,1,8192,3781,330,2595,1486,2692,1543,4171,1069,2952,0.000926,8296798997807980933,211,15,8,4,378,459,155,545,ok
edge-3-height-min,3,24003,1,8192,3777,340,2615,1460,2674,1588,4159,1068,2965,0.002542,3287260318131999003,201,18,10,4,361,496,146,543,ok
edge-3-height-min,3,24003,1,8192,3777,340,2615,1460,2674,1588,4159,1068,2965,0.002197,3287260318131999003,201,18,10,4,361,496,146,543,ok
edge-3-height-min,3,24004,1,8192,3747,304,2585,1556,2674,1470,4161,1077,2954,0.000893,8306510028419146177,130,11,8,4,362,437,182,545,ok
edge-3-height-min,3,24004,1,8192,3747,304,2585,1556,2674,1470,4161,1077,2954,0.003821,8306510028419146177,130,11,8,4,362,437,182,545,ok
edge-3-height-max,3,24001,1,65536,34189,2110,24709,4528,22420,19210,35400,4370,25766,0.007522,14451902555196200460,1362,31,49,1,3801,4953,2913,4377,ok
edge-3-height-max,3,24001,1,65536,34189,2110,24709,4528,22420,19210,35400,4370,25766,0.011496,14451902555196200460,1362,31,49,1,3801,4953,2913,4377,ok
edge-3-height-max,3,24003,1,65536,34397,1997,24946,4196,22518,19529,35501,4093,25942,0.009812,4567928969128129527,1060,46,20,3,4720,3986,3075,4345,ok
edge-3-height-max,3,24003,1,65536,34397,1997,24946,4196,22518,19529,35501,4093,25942,0.007646,4567928969128129527,1060,46,20,3,4720,3986,3075,4345,ok
edge-3-height-max,3,24004,1,65536,34403,1989,24918,4226,22434,19318,35539,4099,25898,0.005880,16325195449582695868,1130,52,29,3,4891,3848,3136,4354,ok
edge-3-height-max,3,24004,1,65536,34403,1989,24918,4226,22434,19318,35539,4099,25898,0.006299,16325195449582695868,1130,52,29,3,4891,3848,3136,4354,ok
edge-3-teams-min,3,24001,1,16384,8637,466,6301,980,5592,4748,8908,955,6521,0.001594,15467076962016452729,1415,14,39,0,1146,1053,810,1094,ok
edge-3-teams-min,3,24001,1,16384,8637,466,6301,980,5592,4748,8908,955,6521,0.001584,15467076962016452729,1415,14,39,0,1146,1053,810,1094,ok
edge-3-teams-min,3,24003,1,16384,8642,446,6268,1028,5596,4769,8922,959,6503,0.001588,16213537115684893476,1725,21,37,0,1149,1050,811,1081,ok
edge-3-teams-min,3,24003,1,16384,8642,446,6268,1028,5596,4769,8922,959,6503,0.003589,16213537115684893476,1725,21,37,0,1149,1050,811,1081,ok
edge-3-teams-min,3,24004,1,16384,8636,448,6262,1038,5595,4741,8919,966,6499,0.001615,15389565672406902104,1193,31,8,0,1167,1017,817,1085,ok
edge-3-teams-min,3,24004,1,16384,8636,448,6262,1038,5595,4741,8919,966,6499,0.001595,15389565672406902104,1193,31,8,0,1167,1017,817,1085,ok
edge-3-teams-max,3,24001,1,16384,7305,663,4863,3553,5349,2758,8215,2433,5736,0.001878,15526420115868331245,54,9,13,12,676,784,246,1093,ok
edge-3-teams-max,3,24001,1,16384,7305,663,4863,3553,5349,2758,8215,2433,5736,0.001959,15526420115868331245,54,9,13,12,676,784,246,1093,ok
edge-3-teams-max,3,24003,1,16384,7240,720,4857,3567,5297,2654,8166,2495,5723,0.001934,9678267356762982999,113,8,13,12,674,767,246,1087,ok
edge-3-teams-max,3,24003,1,16384,7240,720,4857,3567,5297,2654,8166,2495,5723,0.001852,9678267356762982999,113,8,13,12,674,767,246,1087,ok
edge-3-teams-max,3,24004,1,16384,7189,643,4847,3705,5236,2467,8154,2487,5743,0.001940,17741115356312039064,62,10,11,12,644,728,318,1079,ok
edge-3-teams-max,3,24004,1,16384,7189,643,4847,3705,5236,2467,8154,2487,5743,0.026656,17741115356312039064,62,10,11,12,644,728,318,1079,ok
edge-3-workers-min,3,24001,1,16384,7907,530,5612,2335,5485,3698,8532,1694,6158,0.001681,12754827918508373822,536,13,13,4,1123,743,471,1084,ok
edge-3-workers-min,3,24001,1,16384,7907,530,5612,2335,5485,3698,8532,1694,6158,0.001573,12754827918508373822,536,13,13,4,1123,743,471,1084,ok
edge-3-workers-min,3,24003,1,16384,8072,494,5698,2120,5526,3950,8630,1551,6203,0.001615,13384879564688048696,682,20,16,4,1080,957,422,1089,ok
edge-3-workers-min,3,24003,1,16384,8072,494,5698,2120,5526,3950,8630,1551,6203,0.004522,13384879564688048696,682,20,16,4,1080,957,422,1089,ok
edge-3-workers-min,3,24004,1,16384,8056,534,5672,2122,5550,4015,8607,1593,6184,0.001584,7198112912547603041,629,13,19,4,1071,918,427,1084,ok
edge-3-workers-min,3,24004,1,16384,8056,534,5672,2122,5550,4015,8607,1593,6184,0.003620,7198112912547603041,629,13,19,4,1071,918,427,1084,ok
edge-3-workers-max,3,24001,1,16384,7907,530,5612,2335,5457,3658,8532,1694,6158,0.001616,12754827918508373822,526,12,12,4,1123,743,471,1084,ok
edge-3-workers-max,3,24001,1,16384,7907,530,5612,2335,5457,3658,8532,1694,6158,0.001508,12754827918508373822,526,12,12,4,1123,743,471,1084,ok
edge-3-workers-max,3,24003,1,16384,8072,494,5698,2120,5498,3919,8630,1551,6203,0.002459,13384879564688048696,786,20,16,4,1080,957,422,1089,ok
edge-3-workers-max,3,24003,1,16384,8072,494,5698,2120,5498,3919,8630,1551,6203,0.001559,13384879564688048696,786,20,16,4,1080,957,422,1089,ok
edge-3-workers-max,3,24004,1,16384,8056,534,5672,2122,5522,3987,8607,1593,6184,0.004305,7198112912547603041,778,12,18,4,1071,918,427,1084,ok
edge-3-workers-max,3,24004,1,16384,8056,534,5672,2122,5522,3987,8607,1593,6184,0.002560,7198112912547603041,778,12,18,4,1071,918,427,1084,ok
edge-3-water-min,3,24001,1,16384,14576,1038,0,770,14469,12851,14986,1398,0,0.004253,7011207854252150283,1735,100000,100000,0,0,0,2,0,ok
edge-3-water-min,3,24001,1,16384,14576,1038,0,770,14469,12851,14986,1398,0,0.001609,7011207854252150283,1735,100000,100000,0,0,0,2,0,ok
edge-3-water-min,3,24003,1,16384,14496,966,0,922,14387,12555,14989,1395,0,0.001492,17813000635001715956,1796,100000,100000,0,0,0,4,0,ok
edge-3-water-min,3,24003,1,16384,14496,966,0,922,14387,12555,14989,1395,0,0.001513,17813000635001715956,1796,100000,100000,0,0,0,4,0,ok
edge-3-water-min,3,24004,1,16384,14600,1066,0,718,14503,12983,14985,1399,0,0.003047,12600054127630809182,1888,100000,100000,0,0,0,3,0,ok
edge-3-water-min,3,24004,1,16384,14600,1066,0,718,14503,12983,14985,1399,0,0.005787,12600054127630809182,1888,100000,100000,0,0,0,3,0,ok
edge-3-water-max,3,24001,1,16384,5858,399,8156,1971,3175,1730,6382,1380,8622,0.003365,3028610027892560003,246,8,12,4,1157,891,527,1485,ok
edge-3-water-max,3,24001,1,16384,5858,399,8156,1971,3175,1730,6382,1380,8622,0.001580,3028610027892560003,246,8,12,4,1157,891,527,1485,ok
edge-3-water-max,3,24003,1,16384,5943,404,8209,1828,3199,1924,6425,1315,8644,0.004482,16231263052623910756,392,16,7,4,1151,1013,477,1496,ok
edge-3-water-max,3,24003,1,16384,5943,404,8209,1828,3199,1924,6425,1315,8644,0.005360,16231263052623910756,392,16,7,4,1151,1013,477,1496,ok
edge-3-water-max,3,24004,1,16384,5945,436,8183,1820,3262,2071,6413,1344,8627,0.016115,4402223064569854256,276,11,16,4,1265,865,461,1481,ok
edge-3-water-max,3,24004,1,16384,5945,436,8183,1820,3262,2071,6413,1344,8627,0.002601,4402223064569854256,276,11,16,4,1265,865,461,1481,ok
edge-3-sand-min,3,24001,1,16384,7860,728,5467,2329,5608,3830,8480,1889,6015,0.001659,2946918700507912519,378,6,14,4,1061,716,378,1114,ok
edge-3-sand-min,3,24001,1,16384,7860,728,5467,2329,5608,3830,8480,1889,6015,0.001558,2946918700507912519,378,6,14,4,1061,716,378,1114,ok
edge-3-sand-min,3,24003,1,16384,7979,708,5569,2128,5629,4034,8540,1769,6075,0.006882,17593408615499011249,766,20,16,4,1039,901,311,1114,ok
edge-3-sand-min,3,24003,1,16384,7979,708,5569,2128,5629,4034,8540,1769,6075,0.001581,17593408615499011249,766,20,16,4,1039,901,311,1114,ok
edge-3-sand-min,3,24004,1,16384,7988,730,5526,2140,5682,4139,8542,1798,6044,0.002828,7014644291778475253,896,13,20,4,1042,848,314,1110,ok
edge-3-sand-min,3,24004,1,16384,7988,730,5526,2140,5682,4139,8542,1798,6044,0.004365,7014644291778475253,896,13,20,4,1042,848,314,1110,ok
edge-3-sand-max,3,24001,1,16384,4786,6211,3229,2158,3165,1827,5253,7287,3844,0.001445,2135500165035206320,243,6,11,4,652,555,324,636,ok
edge-3-sand-max,3,24001,1,16384,4786,6211,3229,2158,3165,1827,5253,7287,3844,0.002860,2135500165035206320,243,6,11,4,652,555,324,636,ok
edge-3-sand-max,3,24003,1,16384,4838,6285,3261,2000,3158,1939,5262,7282,3840,0.005026,1391947087025844220,315,14,15,4,668,594,309,640,ok
edge-3-sand-max,3,24003,1,16384,4838,6285,3261,2000,3158,1939,5262,7282,3840,0.001508,1391947087025844220,315,14,15,4,668,594,309,640,ok
edge-3-sand-max,3,24004,1,16384,4864,6272,3266,1982,3232,2123,5273,7262,3849,0.001480,14692715695912506646,246,13,18,4,765,468,316,632,ok
edge-3-sand-max,3,24004,1,16384,4864,6272,3266,1982,3232,2123,5273,7262,3849,0.001542,14692715695912506646,246,13,18,4,765,468,316,632,ok
edge-3-grass-min,3,24001,0,16384,0,0,16384,0,0,0,8,1847,14529,0.001211,253967105468988286,16384,100000,100000,0,0,0,0,0,failed
edge-3-grass-min,3,24001,0,16384,0,0,16384,0,0,0,8,1847,14529,0.003670,253967105468988286,16384,100000,100000,0,0,0,0,0,failed
edge-3-grass-min,3,24003,0,16384,0,0,16384,0,0,0,10,1844,14530,0.003749,17614258571223508803,16384,100000,100000,0,0,0,0,0,failed
edge-3-grass-min,3,24003,0,16384,0,0,16384,0,0,0,10,1844,14530,0.001201,17614258571223508803,16384,100000,100000,0,0,0,0,0,failed
edge-3-grass-min,3,24004,0,16384,0,0,16384,0,0,0,5,1849,14530,0.001299,17810711605240484000,16384,100000,100000,0,0,0,0,0,failed
edge-3-grass-min,3,24004,0,16384,0,0,16384,0,0,0,5,1849,14530,0.001169,17810711605240484000,16384,100000,100000,0,0,0,0,0,failed
edge-3-grass-max,3,24001,1,16384,8963,512,4485,2424,7148,5252,9604,1721,5059,0.001550,3006635018881676965,822,14,14,4,764,623,331,926,ok
edge-3-grass-max,3,24001,1,16384,8963,512,4485,2424,7148,5252,9604,1721,5059,0.004568,3006635018881676965,822,14,14,4,764,623,331,926,ok
edge-3-grass-max,3,24003,1,16384,9100,481,4575,2228,7153,5436,9683,1592,5109,0.001615,16155656616633487546,658,15,17,4,829,701,313,920,ok
edge-3-grass-max,3,24003,1,16384,9100,481,4575,2228,7153,5436,9683,1592,5109,0.001576,16155656616633487546,658,15,17,4,829,701,313,920,ok
edge-3-grass-max,3,24004,1,16384,9109,509,4548,2218,7201,5579,9679,1616,5089,0.002959,3721709725734800813,1081,14,22,4,874,637,306,914,ok
edge-3-grass-max,3,24004,1,16384,9109,509,4548,2218,7201,5579,9679,1616,5089,0.001577,3721709725734800813,1081,14,22,4,874,637,306,914,ok
edge-3-desert-min,3,24001,1,16384,7907,530,5612,2335,5473,3686,8532,1694,6158,0.039450,12754827918508373822,533,13,13,4,1123,743,471,1084,ok
edge-3-desert-min,3,24001,1,16384,7907,530,5612,2335,5473,3686,8532,1694,6158,0.002335,12754827918508373822,533,13,13,4,1123,743,471,1084,ok
edge-3-desert-min,3,24003,1,16384,8072,494,5698,2120,5514,3941,8630,1551,6203,0.004556,13384879564688048696,793,20,16,4,1080,957,422,1089,ok
edge-3-desert-min,3,24003,1,16384,8072,494,5698,2120,5514,3941,8630,1551,6203,0.001608,13384879564688048696,793,20,16,4,1080,957,422,1089,ok
edge-3-desert-min,3,24004,1,16384,8056,534,5672,2122,5538,4009,8607,1593,6184,0.001627,7198112912547603041,779,13,19,4,1071,918,427,1084,ok
edge-3-desert-min,3,24004,1,16384,8056,534,5672,2122,5538,4009,8607,1593,6184,0.002638,7198112912547603041,779,13,19,4,1071,918,427,1084,ok
edge-3-desert-max,3,24001,1,16384,3516,7008,2560,3300,2544,330,4563,8656,3165,0.001557,17078476210265677871,18,14,17,4,363,322,191,625,ok
edge-3-desert-max,3,24001,1,16384,3516,7008,2560,3300,2544,330,4563,8656,3165,0.004225,17078476210265677871,18,14,17,4,363,322,191,625,ok
edge-3-desert-max,3,24003,1,16384,3663,6983,2619,3119,2738,292,4645,8543,3196,0.005704,6493544119451687889,26,23,22,4,351,337,140,620,ok
edge-3-desert-max,3,24003,1,16384,3663,6983,2619,3119,2738,292,4645,8543,3196,0.001433,6493544119451687889,26,23,22,4,351,337,140,620,ok
edge-3-desert-max,3,24004,1,16384,3665,6985,2566,3168,2709,382,4659,8566,3159,0.001549,18152073624814054768,5,10,14,3,463,247,144,620,ok
edge-3-desert-max,3,24004,1,16384,3665,6985,2566,3168,2709,382,4659,8566,3159,0.001518,18152073624814054768,5,10,14,3,463,247,144,620,ok
edge-3-smoothing-min,3,24001,1,16384,7907,542,5579,2356,5471,3674,8540,1717,6127,0.001556,2522226670394524074,547,13,10,4,1241,666,427,1087,ok
edge-3-smoothing-min,3,24001,1,16384,7907,542,5579,2356,5471,3674,8540,1717,6127,0.002024,2522226670394524074,547,13,10,4,1241,666,427,1087,ok
edge-3-smoothing-min,3,24003,1,16384,7989,518,5671,2206,5482,3837,8579,1616,6189,0.002766,5300193696107674525,752,13,13,4,1018,979,407,1093,ok
edge-3-smoothing-min,3,24003,1,16384,7989,518,5671,2206,5482,3837,8579,1616,6189,0.001552,5300193696107674525,752,13,13,4,1018,979,407,1093,ok
edge-3-smoothing-min,3,24004,1,16384,8063,522,5637,2162,5529,3912,8632,1600,6152,0.001673,17631944061623576957,765,12,19,4,1050,947,435,1080,ok
edge-3-smoothing-min,3,24004,1,16384,8063,522,5637,2162,5529,3912,8632,1600,6152,0.001889,17631944061623576957,765,12,19,4,1050,947,435,1080,ok
edge-3-smoothing-max,3,24001,1,16384,7920,539,5610,2315,5478,3686,8550,1692,6142,0.003520,11141673957128682515,426,8,11,4,1187,698,460,1093,ok
edge-3-smoothing-max,3,24001,1,16384,7920,539,5610,2315,5478,3686,8550,1692,6142,0.001992,11141673957128682515,426,8,11,4,1187,698,460,1093,ok
edge-3-smoothing-max,3,24003,1,16384,8048,501,5697,2138,5478,3868,8620,1567,6197,0.005673,2630897386024857052,604,20,12,4,1030,1024,418,1086,ok
edge-3-smoothing-max,3,24003,1,16384,8048,501,5697,2138,5478,3868,8620,1567,6197,0.118373,2630897386024857052,604,20,12,4,1030,1024,418,1086,ok
edge-3-smoothing-max,3,24004,1,16384,8082,487,5727,2088,5517,3957,8638,1528,6218,0.001557,9305954735862488224,768,12,23,4,1178,854,438,1085,ok
edge-3-smoothing-max,3,24004,1,16384,8082,487,5727,2088,5517,3957,8638,1528,6218,0.001572,9305954735862488224,768,12,23,4,1178,854,438,1085,ok
edge-3-extra-islands-min,3,24001,1,16384,7907,530,5612,2335,5473,3686,8532,1694,6158,0.002429,12754827918508373822,533,13,13,4,1123,743,471,1084,ok
edge-3-extra-islands-min,3,24001,1,16384,7907,530,5612,2335,5473,3686,8532,1694,6158,0.003526,12754827918508373822,533,13,13,4,1123,743,471,1084,ok
edge-3-extra-islands-min,3,24003,1,16384,8072,494,5698,2120,5514,3941,8630,1551,6203,0.001586,13384879564688048696,793,20,16,4,1080,957,422,1089,ok
edge-3-extra-islands-min,3,24003,1,16384,8072,494,5698,2120,5514,3941,8630,1551,6203,0.003008,13384879564688048696,793,20,16,4,1080,957,422,1089,ok
edge-3-extra-islands-min,3,24004,1,16384,8056,534,5672,2122,5538,4009,8607,1593,6184,0.001709,7198112912547603041,779,13,19,4,1071,918,427,1084,ok
edge-3-extra-islands-min,3,24004,1,16384,8056,534,5672,2122,5538,4009,8607,1593,6184,0.005363,7198112912547603041,779,13,19,4,1071,918,427,1084,ok
edge-3-extra-islands-max,3,24001,1,16384,7264,700,4863,3557,5466,3020,8176,2472,5736,0.003253,6464814558566477888,194,9,10,4,678,784,246,1093,ok
edge-3-extra-islands-max,3,24001,1,16384,7264,700,4863,3557,5466,3020,8176,2472,5736,0.001793,6464814558566477888,194,9,10,4,678,784,246,1093,ok
edge-3-extra-islands-max,3,24003,1,16384,7219,739,4857,3569,5436,3003,8146,2515,5723,0.002916,18057301383644286829,176,8,8,4,674,767,246,1087,ok
edge-3-extra-islands-max,3,24003,1,16384,7219,739,4857,3569,5436,3003,8146,2515,5723,0.006614,18057301383644286829,176,8,8,4,674,767,246,1087,ok
edge-3-extra-islands-max,3,24004,1,16384,7171,649,4849,3715,5373,2707,8141,2498,5745,0.072596,4649899318218875381,197,9,11,4,644,728,318,1079,ok
edge-3-extra-islands-max,3,24004,1,16384,7171,649,4849,3715,5373,2707,8141,2498,5745,0.001553,4649899318218875381,197,9,11,4,644,728,318,1079,ok
edge-3-fruit-min,3,24001,1,16384,8311,132,5829,2112,5771,4432,8826,1186,6372,0.001649,9074598716795909270,685,14,14,4,1184,779,497,1124,ok
edge-3-fruit-min,3,24001,1,16384,8311,132,5829,2112,5771,4432,8826,1186,6372,0.001563,9074598716795909270,685,14,14,4,1184,779,497,1124,ok
edge-3-fruit-min,3,24003,1,16384,8430,96,5910,1948,5768,4519,8906,1069,6409,0.001703,4550702485884274400,797,20,18,4,1109,995,478,1123,ok
edge-3-fruit-min,3,24003,1,16384,8430,96,5910,1948,5768,4519,8906,1069,6409,0.001558,4550702485884274400,797,20,18,4,1109,995,478,1123,ok
edge-3-fruit-min,3,24004,1,16384,8398,119,5887,1980,5773,4508,8881,1108,6395,0.004665,4367030019395138836,808,16,20,4,1120,961,464,1124,ok
edge-3-fruit-min,3,24004,1,16384,8398,119,5887,1980,5773,4508,8881,1108,6395,0.002655,4367030019395138836,808,16,20,4,1120,961,464,1124,ok
edge-3-fruit-max,3,24001,1,16384,4751,5143,3386,3104,3225,666,5713,6692,3979,0.002006,11118651149639723521,14,14,9,3,491,464,254,756,ok
edge-3-fruit-max,3,24001,1,16384,4751,5143,3386,3104,3225,666,5713,6692,3979,0.001616,11118651149639723521,14,14,9,3,491,464,254,756,ok
edge-3-fruit-max,3,24003,1,16384,4864,5139,3472,2909,3284,651,5755,6590,4039,0.001795,13841240366447628489,46,21,8,4,560,454,214,748,ok
edge-3-fruit-max,3,24003,1,16384,4864,5139,3472,2909,3284,651,5755,6590,4039,0.001680,13841240366447628489,46,21,8,4,560,454,214,748,ok
edge-3-fruit-max,3,24004,1,16384,4856,5144,3430,2954,3254,695,5764,6617,4003,0.002682,11238189415334656871,32,12,21,4,662,381,196,754,ok
edge-3-fruit-max,3,24004,1,16384,4856,5144,3430,2954,3254,695,5764,6617,4003,0.001622,11238189415334656871,32,12,21,4,662,381,196,754,ok
edge-3-repeat-min,3,24001,1,16384,7907,530,5612,2335,5473,3686,8532,1694,6158,0.001564,12754827918508373822,533,13,13,4,1123,743,471,1084,ok
edge-3-repeat-min,3,24001,1,16384,7907,530,5612,2335,5473,3686,8532,1694,6158,0.001939,12754827918508373822,533,13,13,4,1123,743,471,1084,ok
edge-3-repeat-min,3,24003,1,16384,8072,494,5698,2120,5514,3941,8630,1551,6203,0.001558,13384879564688048696,793,20,16,4,1080,957,422,1089,ok
edge-3-repeat-min,3,24003,1,16384,8072,494,5698,2120,5514,3941,8630,1551,6203,0.002084,13384879564688048696,793,20,16,4,1080,957,422,1089,ok
edge-3-repeat-min,3,24004,1,16384,8056,534,5672,2122,5538,4009,8607,1593,6184,0.001561,7198112912547603041,779,13,19,4,1071,918,427,1084,ok
edge-3-repeat-min,3,24004,1,16384,8056,534,5672,2122,5538,4009,8607,1593,6184,0.001615,7198112912547603041,779,13,19,4,1071,918,427,1084,ok
edge-3-repeat-max,3,24001,1,16384,6180,672,3644,5888,4608,748,7716,3584,5084,0.000586,11485152635733424568,4,2,4,0,428,488,224,896,ok
edge-3-repeat-max,3,24001,1,16384,6180,672,3644,5888,4608,748,7716,3584,5084,0.000562,11485152635733424568,4,2,4,0,428,488,224,896,ok
edge-3-repeat-max,3,24003,1,16384,6112,640,3616,6016,4344,416,7680,3616,5088,0.000556,9445496948617613408,6,2,9,0,384,480,384,896,ok
edge-3-repeat-max,3,24003,1,16384,6112,640,3616,6016,4344,416,7680,3616,5088,0.000548,9445496948617613408,6,2,9,0,384,480,384,896,ok
edge-3-repeat-max,3,24004,1,16384,6072,632,3784,5896,4624,752,7644,3548,5192,0.000558,4872015995867199970,6,2,6,0,508,448,188,896,ok
edge-3-repeat-max,3,24004,1,16384,6072,632,3784,5896,4624,752,7644,3548,5192,0.001155,4872015995867199970,6,2,6,0,508,448,188,896,ok
size-3-6-6-4,3,24001,1,4096,1757,196,1139,1004,1298,550,2010,695,1391,0.001480,2408001620924930647,101,7,11,4,179,135,50,269,ok
size-3-6-6-4,3,24001,1,4096,1757,196,1139,1004,1298,550,2010,695,1391,0.000528,2408001620924930647,101,7,11,4,179,135,50,269,ok
size-3-6-6-4,3,24003,1,4096,1717,259,1072,1048,1263,584,1982,781,1333,0.001305,7780550642838424467,0,10,8,3,123,193,44,247,ok
size-3-6-6-4,3,24003,1,4096,1717,259,1072,1048,1263,584,1982,781,1333,0.001225,7780550642838424467,0,10,8,3,123,193,44,247,ok
size-3-6-6-4,3,24004,1,4096,1723,172,1120,1081,1271,466,2003,708,1385,0.000506,14041330535239152130,60,7,9,4,170,141,54,269,ok
size-3-6-6-4,3,24004,1,4096,1723,172,1120,1081,1271,466,2003,708,1385,0.000519,14041330535239152130,60,7,9,4,170,141,54,269,ok
size-3-6-6-12,3,24001,1,4096,1399,269,673,1755,922,57,1823,1154,1119,0.000666,1489856931770057666,6,8,7,8,75,99,55,135,ok
size-3-6-6-12,3,24001,1,4096,1399,269,673,1755,922,57,1823,1154,1119,0.001186,1489856931770057666,6,8,7,8,75,99,55,135,ok
size-3-6-6-12,3,24003,1,4096,1420,300,797,1579,940,87,1845,1106,1145,0.000701,2284419457830081742,13,9,7,11,96,86,49,208,ok
size-3-6-6-12,3,24003,1,4096,1420,300,797,1579,940,87,1845,1106,1145,0.000903,2284419457830081742,13,9,7,11,96,86,49,208,ok
size-3-6-6-12,3,24004,1,4096,1420,259,712,1705,932,78,1843,1120,1133,0.000672,13781994263373817762,6,13,6,10,99,88,41,179,ok
size-3-6-6-12,3,24004,1,4096,1420,259,712,1705,932,78,1843,1120,1133,0.000719,13781994263373817762,6,13,6,10,99,88,41,179,ok
size-3-7-7-8,3,24001,1,16384,7632,605,5192,2955,5447,3362,8401,2077,5906,0.001719,3134242000182279350,211,13,12,8,872,830,315,1079,ok
size-3-7-7-8,3,24001,1,16384,7632,605,5192,2955,5447,3362,8401,2077,5906,0.001729,3134242000182279350,211,13,12,8,872,830,315,1079,ok
size-3-7-7-8,3,24003,1,16384,7523,582,5165,3114,5407,3207,8346,2133,5905,0.007214,9477542308708889540,259,12,14,8,744,826,364,1091,ok
size-3-7-7-8,3,24003,1,16384,7523,582,5165,3114,5407,3207,8346,2133,5905,0.001786,9477542308708889540,259,12,14,8,744,826,364,1091,ok
size-3-7-7-8,3,24004,1,16384,7533,615,5147,3089,5407,3156,8335,2154,5895,0.001971,3885494216138766292,80,10,11,8,917,683,349,1087,ok
size-3-7-7-8,3,24004,1,16384,7533,615,5147,3089,5407,3156,8335,2154,5895,0.004681,3885494216138766292,80,10,11,8,917,683,349,1087,ok
size-3-6-9-12,3,24001,1,32768,15532,1255,10797,5184,10922,7265,16862,3843,12063,0.004440,4292325463971593553,333,25,26,11,1788,1831,738,2168,ok
size-3-6-9-12,3,24001,1,32768,15532,1255,10797,5184,10922,7265,16862,3843,12063,0.003479,4292325463971593553,333,25,26,11,1788,1831,738,2168,ok
size-3-6-9-12,3,24003,1,32768,15617,1211,10890,5050,10904,7336,16944,3726,12098,0.003421,9077211435807253382,268,24,22,12,1739,1869,842,2177,ok
size-3-6-9-12,3,24003,1,32768,15617,1211,10890,5050,10904,7336,16944,3726,12098,0.003402,9077211435807253382,268,24,22,12,1739,1869,842,2177,ok
size-3-6-9-12,3,24004,1,32768,15671,1114,10899,5084,10929,7385,16998,3649,12121,0.066922,16684913468144428077,441,16,17,12,1733,1961,784,2184,ok
size-3-6-9-12,3,24004,1,32768,15671,1114,10899,5084,10929,7385,16998,3649,12121,0.003441,16684913468144428077,441,16,17,12,1733,1961,784,2184,ok
size-3-9-6-12,3,24001,1,32768,15587,1146,10912,5123,10901,7225,16933,3701,12134,0.004738,11860156535094621637,13,100000,22,10,1751,1899,778,2183,ok
size-3-9-6-12,3,24001,1,32768,15587,1146,10912,5123,10901,7225,16933,3701,12134,0.005198,11860156535094621637,13,100000,22,10,1751,1899,778,2183,ok
size-3-9-6-12,3,24003,1,32768,15659,1207,10862,5040,10978,7434,16960,3723,12085,0.003789,14734992354316944878,45,20,100000,11,1833,1809,783,2170,ok
size-3-9-6-12,3,24003,1,32768,15659,1207,10862,5040,10978,7434,16960,3723,12085,0.105734,14734992354316944878,45,20,100000,11,1833,1809,783,2170,ok
size-3-9-6-12,3,24004,1,32768,15662,1185,10905,5016,10944,7338,16951,3688,12129,0.003726,13574052253604112191,89,14,18,12,2107,1564,787,2185,ok
size-3-9-6-12,3,24004,1,32768,15662,1185,10905,5016,10944,7338,16951,3688,12129,0.005941,13574052253604112191,89,14,18,12,2107,1564,787,2185,ok
size-3-9-9-12,3,24001,1,262144,137934,7746,100142,16322,90050,78820,142345,15896,103903,0.324298,17791796161650287991,1279,29,45,6,18801,16092,12744,17386,ok
size-3-9-9-12,3,24001,1,262144,137934,7746,100142,16322,90050,78820,142345,15896,103903,0.313554,17791796161650287991,1279,29,45,6,18801,16092,12744,17386,ok
size-3-9-9-12,3,24003,1,262144,138248,7774,100139,15983,90246,79624,142476,15759,103909,0.255989,2802800432745166429,1189,32,48,7,17575,17347,12834,17477,ok
size-3-9-9-12,3,24003,1,262144,138248,7774,100139,15983,90246,79624,142476,15759,103909,0.058551,2802800432745166429,1189,32,48,7,17575,17347,12834,17477,ok
size-3-9-9-12,3,24004,1,262144,138018,7475,100529,16122,89932,78537,142386,15522,104236,0.339608,2986413288923889907,1170,51,42,3,17800,17223,12811,17390,ok
size-3-9-9-12,3,24004,1,262144,138018,7475,100529,16122,89932,78537,142386,15522,104236,0.262262,2986413288923889907,1170,51,42,3,17800,17223,12811,17390,ok
corner-3-min,3,24001,0,0,0,0,0,0,0,0,0,0,0,0.000004,14695981039346656037,0,100000,100000,0,0,0,0,0,failed
corner-3-min,3,24001,0,0,0,0,0,0,0,0,0,0,0,0.000022,14695981039346656037,0,100000,100000,0,0,0,0,0,failed
corner-3-min,3,24003,0,0,0,0,0,0,0,0,0,0,0,0.000005,14695981039346656037,0,100000,100000,0,0,0,0,0,failed
corner-3-min,3,24003,0,0,0,0,0,0,0,0,0,0,0,0.000008,14695981039346656037,0,100000,100000,0,0,0,0,0,failed
corner-3-min,3,24004,0,0,0,0,0,0,0,0,0,0,0,0.000006,14695981039346656037,0,100000,100000,0,0,0,0,0,failed
corner-3-min,3,24004,0,0,0,0,0,0,0,0,0,0,0,0.000006,14695981039346656037,0,100000,100000,0,0,0,0,0,failed
corner-3-max,3,24001,1,262144,47052,132844,49888,32360,16268,32,56752,148976,56416,0.015632,3882014515311933110,1,12,4,0,7968,10304,4704,9280,ok
corner-3-max,3,24001,1,262144,47052,132844,49888,32360,16268,32,56752,148976,56416,0.014599,3882014515311933110,1,12,4,0,7968,10304,4704,9280,ok
corner-3-max,3,24003,1,262144,47068,133132,50016,31928,16156,64,56808,149048,56288,0.038924,12350383196907311314,2,5,5,0,9088,9280,4608,9248,ok
corner-3-max,3,24003,1,262144,47068,133132,50016,31928,16156,64,56808,149048,56288,0.124088,12350383196907311314,2,5,5,0,9088,9280,4608,9248,ok
corner-3-max,3,24004,1,262144,46656,133312,49920,32256,15256,224,56448,149408,56288,0.070951,9589820212205955278,1,1,3,0,8032,10240,4480,9280,ok
corner-3-max,3,24004,1,262144,46656,133312,49920,32256,15256,224,56448,149408,56288,0.020159,9589820212205955278,1,1,3,0,8032,10240,4480,9280,ok
edge-4-width-min,4,24001,1,8192,5378,285,1593,936,4631,3576,5644,753,1795,0.000853,4541659758168081294,799,11,13,4,244,275,125,317,ok
edge-4-width-min,4,24001,1,8192,5378,285,1593,936,4631,3576,5644,753,1795,0.001823,4541659758168081294,799,11,13,4,244,275,125,317,ok
edge-4-width-min,4,24003,1,8192,5318,297,1581,996,4642,3494,5606,794,1792,0.001666,18160520391721934799,724,9,7,4,213,250,115,316,ok
edge-4-width-min,4,24003,1,8192,5318,297,1581,996,4642,3494,5606,794,1792,0.002143,18160520391721934799,724,9,7,4,213,250,115,316,ok
edge-4-width-min,4,24004,1,8192,5390,268,1600,934,4668,3631,5667,734,1791,0.000812,11804285690529431025,295,13,20,4,229,298,91,317,ok
edge-4-width-min,4,24004,1,8192,5390,268,1600,934,4668,3631,5667,734,1791,0.000794,11804285690529431025,295,13,20,4,229,298,91,317,ok
edge-4-width-max,4,24001,1,65536,42919,2255,12891,7471,37697,30747,45080,5982,14474,0.006483,12734081638166914099,1354,14,20,4,2126,2061,923,2537,ok
edge-4-width-max,4,24001,1,65536,42919,2255,12891,7471,37697,30747,45080,5982,14474,0.009254,12734081638166914099,1354,14,20,4,2126,2061,923,2537,ok
edge-4-width-max,4,24003,1,65536,42855,2285,12828,7568,37743,30584,45044,6061,14431,0.012220,2107868326165549141,712,18,15,4,2034,2130,845,2535,ok
edge-4-width-max,4,24003,1,65536,42855,2285,12828,7568,37743,30584,45044,6061,14431,0.006295,2107868326165549141,712,18,15,4,2034,2130,845,2535,ok
edge-4-width-max,4,24004,1,65536,42909,2313,12782,7532,37796,30922,45068,6076,14392,0.052076,6059020898415111911,735,15,25,4,2219,1977,832,2529,ok
edge-4-width-max,4,24004,1,65536,42909,2313,12782,7532,37796,30922,45068,6076,14392,0.006980,6059020898415111911,735,15,25,4,2219,1977,832,2529,ok
edge-4-height-min,4,24001,1,8192,5325,259,1583,1025,4598,3411,5632,770,1790,0.000814,9093900865957847469,922,26,10,3,215,302,106,316,ok
edge-4-height-min,4,24001,1,8192,5325,259,1583,1025,4598,3411,5632,770,1790,0.000810,9093900865957847469,922,26,10,3,215,302,106,316,ok
edge-4-height-min,4,24003,1,8192,5308,279,1579,1026,4629,3519,5616,791,1785,0.000836,6046727951330402993,839,16,16,4,250,230,97,315,ok
edge-4-height-min,4,24003,1,8192,5308,279,1579,1026,4629,3519,5616,791,1785,0.000940,6046727951330402993,839,16,16,4,250,230,97,315,ok
edge-4-height-min,4,24004,1,8192,5338,274,1604,976,4630,3453,5630,760,1802,0.000862,2739917840607138342,756,8,13,4,261,257,99,318,ok
edge-4-height-min,4,24004,1,8192,5338,274,1604,976,4630,3453,5630,760,1802,0.000870,2739917840607138342,756,8,13,4,261,257,99,318,ok
edge-4-height-max,4,24001,1,65536,42907,2242,12858,7529,37753,30832,45078,5994,14464,0.008825,8351122231019620984,862,19,19,4,2162,2004,885,2551,ok
edge-4-height-max,4,24001,1,65536,42907,2242,12858,7529,37753,30832,45078,5994,14464,0.005740,8351122231019620984,862,19,19,4,2162,2004,885,2551,ok
edge-4-height-max,4,24003,1,65536,43086,2213,13071,7166,37684,31105,45179,5796,14561,0.037019,16747919569644837282,1025,20,27,4,2261,2132,910,2550,ok
edge-4-height-max,4,24003,1,65536,43086,2213,13071,7166,37684,31105,45179,5796,14561,0.005916,16747919569644837282,1025,20,27,4,2261,2132,910,2550,ok
edge-4-height-max,4,24004,1,65536,42840,2269,12711,7716,37781,30509,45075,6112,14349,0.047404,4070000572400454117,678,13,16,4,2075,2000,890,2549,ok
edge-4-height-max,4,24004,1,65536,42840,2269,12711,7716,37781,30509,45075,6112,14349,0.011417,4070000572400454117,678,13,16,4,2075,2000,890,2549,ok
edge-4-teams-min,4,24001,1,16384,10687,563,3186,1948,9392,7468,11261,1533,3590,0.001680,14607272382324076510,2187,15,23,1,535,506,213,632,ok
edge-4-teams-min,4,24001,1,16384,10687,563,3186,1948,9392,7468,11261,1533,3590,0.001362,14607272382324076510,2187,15,23,1,535,506,213,632,ok
edge-4-teams-min,4,24003,1,16384,10682,556,3153,1993,9432,7515,11261,1550,3573,0.002074,3459117622114281977,1171,8,12,1,488,514,213,632,ok
edge-4-teams-min,4,24003,1,16384,10682,556,3153,1993,9432,7515,11261,1550,3573,0.001369,3459117622114281977,1171,8,12,1,488,514,213,632,ok
edge-4-teams-min,4,24004,1,16384,10625,598,3118,2043,9432,7583,11208,1620,3556,0.002790,5151524803494005197,1311,9,8,1,453,500,200,635,ok
edge-4-teams-min,4,24004,1,16384,10625,598,3118,2043,9432,7583,11208,1620,3556,0.001979,5151524803494005197,1311,9,8,1,453,500,200,635,ok
edge-4-teams-max,4,24001,1,16384,10712,562,3158,1952,9201,6972,11288,1534,3562,0.026853,2362421247749281498,439,25,23,11,534,503,213,632,ok
edge-4-teams-max,4,24001,1,16384,10712,562,3158,1952,9201,6972,11288,1534,3562,0.001812,2362421247749281498,439,25,23,11,534,503,213,632,ok
edge-4-teams-max,4,24003,1,16384,10682,556,3153,1993,9238,7035,11261,1550,3573,0.001896,1927621497452940970,743,19,22,12,483,493,213,632,ok
edge-4-teams-max,4,24003,1,16384,10682,556,3153,1993,9238,7035,11261,1550,3573,0.001906,1927621497452940970,743,19,22,12,483,493,213,632,ok
edge-4-teams-max,4,24004,1,16384,10645,583,3113,2043,9235,7102,11228,1605,3551,0.003720,3573620643882315263,663,16,21,12,450,500,200,635,ok
edge-4-teams-max,4,24004,1,16384,10645,583,3113,2043,9235,7102,11228,1605,3551,0.001902,3573620643882315263,663,16,21,12,450,500,200,635,ok
edge-4-workers-min,4,24001,1,16384,10712,562,3158,1952,9370,7365,11288,1534,3562,0.001459,8254136538010680180,518,18,23,4,534,506,213,632,ok
edge-4-workers-min,4,24001,1,16384,10712,562,3158,1952,9370,7365,11288,1534,3562,0.001987,8254136538010680180,518,18,23,4,534,506,213,632,ok
edge-4-workers-min,4,24003,1,16384,10682,556,3153,1993,9395,7405,11261,1550,3573,0.006068,1062923027973093604,729,8,12,4,485,506,213,632,ok
edge-4-workers-min,4,24003,1,16384,10682,556,3153,1993,9395,7405,11261,1550,3573,0.001524,1062923027973093604,729,8,12,4,485,506,213,632,ok
edge-4-workers-min,4,24004,1,16384,10625,598,3118,2043,9384,7450,11208,1620,3556,0.001524,3707328080328529486,802,9,8,4,453,500,200,635,ok
edge-4-workers-min,4,24004,1,16384,10625,598,3118,2043,9384,7450,11208,1620,3556,0.002563,3707328080328529486,802,9,8,4,453,500,200,635,ok
edge-4-workers-max,4,24001,1,16384,10712,562,3158,1952,9342,7335,11288,1534,3562,0.001546,8254136538010680180,539,15,23,4,534,506,213,632,ok
edge-4-workers-max,4,24001,1,16384,10712,562,3158,1952,9342,7335,11288,1534,3562,0.001747,8254136538010680180,539,15,23,4,534,506,213,632,ok
edge-4-workers-max,4,24003,1,16384,10682,556,3153,1993,9367,7397,11261,1550,3573,0.001507,1062923027973093604,802,8,11,4,485,506,213,632,ok
edge-4-workers-max,4,24003,1,16384,10682,556,3153,1993,9367,7397,11261,1550,3573,0.001528,1062923027973093604,802,8,11,4,485,506,213,632,ok
edge-4-workers-max,4,24004,1,16384,10625,598,3118,2043,9356,7417,11208,1620,3556,0.001507,3707328080328529486,865,9,7,4,453,500,200,635,ok
edge-4-workers-max,4,24004,1,16384,10625,598,3118,2043,9356,7417,11208,1620,3556,0.084143,3707328080328529486,865,9,7,4,453,500,200,635,ok
edge-4-water-min,4,24001,1,16384,14642,1102,0,640,14534,13094,14979,1405,0,0.003265,4794024178719344639,2103,100000,100000,0,0,0,3,0,ok
edge-4-water-min,4,24001,1,16384,14642,1102,0,640,14534,13094,14979,1405,0,0.001436,4794024178719344639,2103,100000,100000,0,0,0,3,0,ok
edge-4-water-min,4,24003,1,16384,14668,1110,0,606,14564,13209,14987,1397,0,0.001432,18136764116766803282,1599,100000,100000,0,0,0,2,0,ok
edge-4-water-min,4,24003,1,16384,14668,1110,0,606,14564,13209,14987,1397,0,0.003431,18136764116766803282,1599,100000,100000,0,0,0,2,0,ok
edge-4-water-min,4,24004,1,16384,14707,1145,0,532,14613,13471,14984,1400,0,0.001409,307839220994827965,1851,100000,100000,0,0,0,0,0,ok
edge-4-water-min,4,24004,1,16384,14707,1145,0,532,14613,13471,14984,1400,0,0.001458,307839220994827965,1851,100000,100000,0,0,0,0,0,ok
edge-4-water-max,4,24001,1,16384,5964,477,8269,1674,3289,1952,6416,1313,8655,0.001498,1543614798758202213,0,12,100000,2,924,1113,546,1497,ok
edge-4-water-max,4,24001,1,16384,5964,477,8269,1674,3289,1952,6416,1313,8655,0.002464,1543614798758202213,0,12,100000,2,924,1113,546,1497,ok
edge-4-water-max,4,24003,1,16384,5814,429,8089,2052,3230,1718,6366,1452,8566,0.001482,11021664634660526930,124,12,9,4,1066,961,460,1496,ok
edge-4-water-max,4,24003,1,16384,5814,429,8089,2052,3230,1718,6366,1452,8566,0.001655,11021664634660526930,124,12,9,4,1066,961,460,1496,ok
edge-4-water-max,4,24004,1,16384,5751,469,8106,2058,3298,1980,6308,1497,8579,0.001494,16619325114269491904,82,10,11,4,851,1114,390,1498,ok
edge-4-water-max,4,24004,1,16384,5751,469,8106,2058,3298,1980,6308,1497,8579,0.004484,16619325114269491904,82,10,11,4,851,1114,390,1498,ok
edge-4-sand-min,4,24001,1,16384,10683,786,2951,1964,9623,7596,11268,1765,3351,0.001491,13410321720515600371,560,16,24,4,383,421,155,654,ok
edge-4-sand-min,4,24001,1,16384,10683,786,2951,1964,9623,7596,11268,1765,3351,0.001459,13410321720515600371,560,16,24,4,383,421,155,654,ok
edge-4-sand-min,4,24003,1,16384,10643,822,2932,1987,9641,7650,11226,1814,3344,0.002153,14477966123237028695,826,10,14,4,355,395,151,651,ok
edge-4-sand-min,4,24003,1,16384,10643,822,2932,1987,9641,7650,11226,1814,3344,0.003203,14477966123237028695,826,10,14,4,355,395,151,651,ok
edge-4-sand-min,4,24004,1,16384,10579,886,2912,2007,9602,7685,11160,1891,3333,0.001476,9589238647282499469,1053,9,14,4,332,414,131,648,ok
edge-4-sand-min,4,24004,1,16384,10579,886,2912,2007,9602,7685,11160,1891,3333,0.001496,9589238647282499469,1053,9,14,4,332,414,131,648,ok
edge-4-sand-max,4,24001,1,16384,5577,7541,1678,1588,4836,3299,6038,8343,2003,0.001450,14189173806338207264,459,13,15,4,223,295,128,333,ok
edge-4-sand-max,4,24001,1,16384,5577,7541,1678,1588,4836,3299,6038,8343,2003,0.004784,14189173806338207264,459,13,15,4,223,295,128,333,ok
edge-4-sand-max,4,24003,1,16384,5524,7472,1682,1706,4825,3192,6047,8332,2005,0.001617,15696502119339532185,213,18,18,4,254,208,136,332,ok
edge-4-sand-max,4,24003,1,16384,5524,7472,1682,1706,4825,3192,6047,8332,2005,0.001451,15696502119339532185,213,18,18,4,254,208,136,332,ok
edge-4-sand-max,4,24004,1,16384,5512,7459,1674,1739,4854,3370,6038,8341,2005,0.043162,4849518523568563639,232,14,10,4,155,288,107,331,ok
edge-4-sand-max,4,24004,1,16384,5512,7459,1674,1739,4854,3370,6038,8341,2005,0.003715,4849518523568563639,232,14,10,4,155,288,107,331,ok
edge-4-grass-min,4,24001,0,16384,0,0,16384,0,0,0,21,3564,12799,0.001299,253967105468988286,16384,100000,100000,0,0,0,0,0,failed
edge-4-grass-min,4,24001,0,16384,0,0,16384,0,0,0,21,3564,12799,0.001272,253967105468988286,16384,100000,100000,0,0,0,0,0,failed
edge-4-grass-min,4,24003,0,16384,0,0,16384,0,0,0,19,3576,12789,0.001155,17614258571223508803,16384,100000,100000,0,0,0,0,0,failed
edge-4-grass-min,4,24003,0,16384,0,0,16384,0,0,0,19,3576,12789,0.001153,17614258571223508803,16384,100000,100000,0,0,0,0,0,failed
edge-4-grass-min,4,24004,0,16384,0,0,16384,0,0,0,16,3576,12792,0.001179,17810711605240484000,16384,100000,100000,0,0,0,0,0,failed
edge-4-grass-min,4,24004,0,16384,0,0,16384,0,0,0,16,3576,12792,0.001216,17810711605240484000,16384,100000,100000,0,0,0,0,0,failed
edge-4-grass-max,4,24001,1,16384,11660,473,2497,1754,10666,8734,12174,1347,2863,0.003041,3081479129659193038,697,17,25,4,365,360,164,514,ok
edge-4-grass-max,4,24001,1,16384,11660,473,2497,1754,10666,8734,12174,1347,2863,0.001578,3081479129659193038,697,17,25,4,365,360,164,514,ok
edge-4-grass-max,4,24003,1,16384,11613,484,2450,1837,10639,8706,12157,1401,2826,0.001499,16220650475573237379,958,10,13,4,331,369,169,516,ok
edge-4-grass-max,4,24003,1,16384,11613,484,2450,1837,10639,8706,12157,1401,2826,0.001618,16220650475573237379,958,10,13,4,331,369,169,516,ok
edge-4-grass-max,4,24004,1,16384,11573,500,2445,1866,10635,8780,12120,1430,2834,0.001487,1097820657693125625,1055,11,23,4,310,369,167,516,ok
edge-4-grass-max,4,24004,1,16384,11573,500,2445,1866,10635,8780,12120,1430,2834,0.001531,1097820657693125625,1055,11,23,4,310,369,167,516,ok
edge-4-desert-min,4,24001,1,16384,10712,562,3158,1952,9358,7356,11288,1534,3562,0.001414,8254136538010680180,518,15,23,4,534,506,213,632,ok
edge-4-desert-min,4,24001,1,16384,10712,562,3158,1952,9358,7356,11288,1534,3562,0.001970,8254136538010680180,518,15,23,4,534,506,213,632,ok
edge-4-desert-min,4,24003,1,16384,10682,556,3153,1993,9383,7405,11261,1550,3573,0.004261,1062923027973093604,770,8,12,4,485,506,213,632,ok
edge-4-desert-min,4,24003,1,16384,10682,556,3153,1993,9383,7405,11261,1550,3573,0.001904,1062923027973093604,770,8,12,4,485,506,213,632,ok
edge-4-desert-min,4,24004,1,16384,10625,598,3118,2043,9372,7439,11208,1620,3556,0.097196,3707328080328529486,841,9,8,4,453,500,200,635,ok
edge-4-desert-min,4,24004,1,16384,10625,598,3118,2043,9372,7439,11208,1620,3556,0.003716,3707328080328529486,841,9,8,4,453,500,200,635,ok
edge-4-desert-max,4,24001,1,16384,4943,7917,1383,2141,4408,1932,5719,8988,1677,0.001510,4426490326196461153,331,10,18,4,153,184,103,325,ok
edge-4-desert-max,4,24001,1,16384,4943,7917,1383,2141,4408,1932,5719,8988,1677,0.001509,4426490326196461153,331,10,18,4,153,184,103,325,ok
edge-4-desert-max,4,24003,1,16384,4853,7837,1383,2311,4328,1578,5705,8995,1684,0.002314,12785947869004050330,244,12,11,4,192,140,98,324,ok
edge-4-desert-max,4,24003,1,16384,4853,7837,1383,2311,4328,1578,5705,8995,1684,0.001495,12785947869004050330,244,12,11,4,192,140,98,324,ok
edge-4-desert-max,4,24004,1,16384,4797,7851,1376,2360,4276,1502,5665,9038,1681,0.001514,10830302627865370351,152,21,19,4,152,183,89,328,ok
edge-4-desert-max,4,24004,1,16384,4797,7851,1376,2360,4276,1502,5665,9038,1681,0.001478,10830302627865370351,152,21,19,4,152,183,89,328,ok
edge-4-smoothing-min,4,24001,1,16384,10618,497,3184,2085,9255,6983,11262,1530,3592,0.001955,11493225337334270162,919,15,23,4,512,523,227,634,ok
edge-4-smoothing-min,4,24001,1,16384,10618,497,3184,2085,9255,6983,11262,1530,3592,0.001499,11493225337334270162,919,15,23,4,512,523,227,634,ok
edge-4-smoothing-min,4,24003,1,16384,10620,499,3141,2124,9304,7010,11274,1552,3558,0.002631,5034150749963636557,482,22,20,4,432,556,215,636,ok
edge-4-smoothing-min,4,24003,1,16384,10620,499,3141,2124,9304,7010,11274,1552,3558,0.003138,5034150749963636557,482,22,20,4,432,556,215,636,ok
edge-4-smoothing-min,4,24004,1,16384,10500,571,3056,2257,9308,7006,11171,1697,3516,0.001606,17443006140792250911,1011,8,6,4,399,499,200,636,ok
edge-4-smoothing-min,4,24004,1,16384,10500,571,3056,2257,9308,7006,11171,1697,3516,0.001544,17443006140792250911,1011,8,6,4,399,499,200,636,ok
edge-4-smoothing-max,4,24001,1,16384,10658,510,3189,2027,9305,7218,11272,1519,3593,0.004813,3760489223540803542,686,24,22,4,465,565,228,633,ok
edge-4-smoothing-max,4,24001,1,16384,10658,510,3189,2027,9305,7218,11272,1519,3593,0.001484,3760489223540803542,686,24,22,4,465,565,228,633,ok
edge-4-smoothing-max,4,24003,1,16384,10730,584,3174,1896,9391,7381,11264,1530,3590,0.001580,3114500145959872434,1162,29,17,3,562,437,233,635,ok
edge-4-smoothing-max,4,24003,1,16384,10730,584,3174,1896,9391,7381,11264,1530,3590,0.001513,3114500145959872434,1162,29,17,3,562,437,233,635,ok
edge-4-smoothing-max,4,24004,1,16384,10660,560,3113,2051,9406,7473,11243,1583,3558,0.001501,731412055027956474,901,12,19,4,425,523,214,634,ok
edge-4-smoothing-max,4,24004,1,16384,10660,560,3113,2051,9406,7473,11243,1583,3558,0.001974,731412055027956474,901,12,19,4,425,523,214,634,ok
edge-4-lake-density-min,4,24001,1,16384,11044,514,3530,1296,9357,7548,11450,1157,3777,0.001494,8629925748382678687,1000,21,19,4,567,588,434,637,ok
edge-4-lake-density-min,4,24001,1,16384,11044,514,3530,1296,9357,7548,11450,1157,3777,0.004653,8629925748382678687,1000,21,19,4,567,588,434,637,ok
edge-4-lake-density-min,4,24003,1,16384,10877,496,3411,1600,9299,7467,11375,1289,3720,0.005198,3261879646515407256,660,21,17,4,626,572,293,636,ok
edge-4-lake-density-min,4,24003,1,16384,10877,496,3411,1600,9299,7467,11375,1289,3720,0.001453,3261879646515407256,660,21,17,4,626,572,293,636,ok
edge-4-lake-density-min,4,24004,1,16384,11026,576,3522,1260,9382,7756,11412,1202,3770,0.001473,3513928367786325251,523,13,19,4,430,730,391,636,ok
edge-4-lake-density-min,4,24004,1,16384,11026,576,3522,1260,9382,7756,11412,1202,3770,0.001471,3513928367786325251,523,13,19,4,430,730,391,636,ok
edge-4-lake-density-max,4,24001,1,16384,10285,657,2844,2598,9289,6716,11046,1956,3382,0.001576,5093769824615020375,892,13,10,4,372,357,171,635,ok
edge-4-lake-density-max,4,24001,1,16384,10285,657,2844,2598,9289,6716,11046,1956,3382,0.003514,5093769824615020375,892,13,10,4,372,357,171,635,ok
edge-4-lake-density-max,4,24003,1,16384,10355,584,2887,2558,9294,6652,11127,1857,3400,0.001545,3048521784300642060,829,15,18,4,411,381,175,636,ok
edge-4-lake-density-max,4,24003,1,16384,10355,584,2887,2558,9294,6652,11127,1857,3400,0.001550,3048521784300642060,829,15,18,4,411,381,175,636,ok
edge-4-lake-density-max,4,24004,1,16384,10269,623,2900,2592,9238,6626,11042,1916,3426,0.001521,14214230773756149775,722,9,5,4,387,373,177,636,ok
edge-4-lake-density-max,4,24004,1,16384,10269,623,2900,2592,9238,6626,11042,1916,3426,0.001538,14214230773756149775,722,9,5,4,387,373,177,636,ok
edge-4-lake-size-min,4,24001,1,16384,10382,783,2942,2277,8925,6631,11058,1919,3407,0.003082,356576884332847302,667,22,16,4,569,465,318,637,ok
edge-4-lake-size-min,4,24001,1,16384,10382,783,2942,2277,8925,6631,11058,1919,3407,0.112929,356576884332847302,667,22,16,4,569,465,318,637,ok
edge-4-lake-size-min,4,24003,1,16384,10342,787,2872,2383,8839,6746,11043,1978,3363,0.001512,11976132177559827711,26,18,16,4,485,599,326,637,ok
edge-4-lake-size-min,4,24003,1,16384,10342,787,2872,2383,8839,6746,11043,1978,3363,0.001443,11976132177559827711,26,18,16,4,485,599,326,637,ok
edge-4-lake-size-min,4,24004,1,16384,10480,728,3036,2140,9019,6817,11109,1796,3479,0.001476,12510093574884878762,882,9,13,4,465,548,350,637,ok
edge-4-lake-size-min,4,24004,1,16384,10480,728,3036,2140,9019,6817,11109,1796,3479,0.001486,12510093574884878762,882,9,13,4,465,548,350,637,ok
edge-4-lake-size-max,4,24001,1,16384,10768,580,3202,1834,9397,7630,11297,1494,3593,0.002013,4917776454980176967,664,21,24,4,482,540,248,630,ok
edge-4-lake-size-max,4,24001,1,16384,10768,580,3202,1834,9397,7630,11297,1494,3593,0.002851,4917776454980176967,664,21,24,4,482,540,248,630,ok
edge-4-lake-size-max,4,24003,1,16384,10749,589,3192,1854,9406,7498,11269,1515,3600,0.001652,192118136470395207,956,11,14,4,530,493,226,635,ok
edge-4-lake-size-max,4,24003,1,16384,10749,589,3192,1854,9406,7498,11269,1515,3600,0.002128,192118136470395207,956,11,14,4,530,493,226,635,ok
edge-4-lake-size-max,4,24004,1,16384,10712,612,3188,1872,9343,7454,11246,1549,3589,0.001618,13579775533962361372,805,13,9,4,518,469,276,633,ok
edge-4-lake-size-max,4,24004,1,16384,10712,612,3188,1872,9343,7454,11246,1549,3589,0.008064,13579775533962361372,805,13,9,4,518,469,276,633,ok
edge-4-fruit-min,4,24001,1,16384,11265,46,3343,1730,9862,8410,11718,910,3756,0.073504,13727028702911961066,705,20,23,4,552,540,231,654,ok
edge-4-fruit-min,4,24001,1,16384,11265,46,3343,1730,9862,8410,11718,910,3756,0.003111,13727028702911961066,705,20,23,4,552,540,231,654,ok
edge-4-fruit-min,4,24003,1,16384,11225,59,3291,1809,9865,8278,11699,965,3720,0.001501,13210986106375009244,726,16,13,4,503,564,213,659,ok
edge-4-fruit-min,4,24003,1,16384,11225,59,3291,1809,9865,8278,11699,965,3720,0.001605,13210986106375009244,726,16,13,4,503,564,213,659,ok
edge-4-fruit-min,4,24004,1,16384,11164,81,3271,1868,9856,8281,11650,1020,3714,0.001488,7241652660036938659,1018,19,14,4,488,532,208,660,ok
edge-4-fruit-min,4,24004,1,16384,11164,81,3271,1868,9856,8281,11650,1020,3714,0.004024,7241652660036938659,1018,19,14,4,488,532,208,660,ok
edge-4-fruit-max,4,24001,1,16384,6325,5984,1820,2255,5345,2188,7114,7113,2157,0.003653,4362957826146166621,302,5,16,4,217,258,129,407,ok
edge-4-fruit-max,4,24001,1,16384,6325,5984,1820,2255,5345,2188,7114,7113,2157,0.001529,4362957826146166621,302,5,16,4,217,258,129,407,ok
edge-4-fruit-max,4,24003,1,16384,6281,5932,1833,2338,5340,2156,7119,7100,2165,0.001547,9401746125361811691,230,10,11,4,244,223,116,407,ok
edge-4-fruit-max,4,24003,1,16384,6281,5932,1833,2338,5340,2156,7119,7100,2165,0.001494,9401746125361811691,230,10,11,4,244,223,116,407,ok
edge-4-fruit-max,4,24004,1,16384,6203,5948,1785,2448,5250,1947,7076,7171,2137,0.001585,16759074768503135645,271,13,7,4,229,254,117,406,ok
edge-4-fruit-max,4,24004,1,16384,6203,5948,1785,2448,5250,1947,7076,7171,2137,0.001581,16759074768503135645,271,13,7,4,229,254,117,406,ok
edge-4-repeat-min,4,24001,1,16384,10712,562,3158,1952,9358,7356,11288,1534,3562,0.004474,8254136538010680180,518,15,23,4,534,506,213,632,ok
edge-4-repeat-min,4,24001,1,16384,10712,562,3158,1952,9358,7356,11288,1534,3562,0.001495,8254136538010680180,518,15,23,4,534,506,213,632,ok
edge-4-repeat-min,4,24003,1,16384,10682,556,3153,1993,9383,7405,11261,1550,3573,0.001511,1062923027973093604,770,8,12,4,485,506,213,632,ok
edge-4-repeat-min,4,24003,1,16384,10682,556,3153,1993,9383,7405,11261,1550,3573,0.001594,1062923027973093604,770,8,12,4,485,506,213,632,ok
edge-4-repeat-min,4,24004,1,16384,10625,598,3118,2043,9372,7439,11208,1620,3556,0.001533,3707328080328529486,841,9,8,4,453,500,200,635,ok
edge-4-repeat-min,4,24004,1,16384,10625,598,3118,2043,9372,7439,11208,1620,3556,0.001629,3707328080328529486,841,9,8,4,453,500,200,635,ok
edge-4-repeat-max,4,24001,1,16384,9272,792,2096,4224,8236,2900,10584,2904,2896,0.000678,2300712310789260919,392,4,6,4,64,360,56,576,ok
edge-4-repeat-max,4,24001,1,16384,9272,792,2096,4224,8236,2900,10584,2904,2896,0.000747,2300712310789260919,392,4,6,4,64,360,56,576,ok
edge-4-repeat-max,4,24003,1,16384,9308,584,2404,4088,7556,1824,10736,2568,3080,0.001151,15676489074034912807,294,4,1,4,220,664,244,576,ok
edge-4-repeat-max,4,24003,1,16384,9308,584,2404,4088,7556,1824,10736,2568,3080,0.001113,15676489074034912807,294,4,1,4,220,664,244,576,ok
edge-4-repeat-max,4,24004,1,16384,9476,608,2396,3904,7632,1984,10788,2528,3068,0.000609,10650943619486687672,347,7,3,4,256,352,224,576,ok
edge-4-repeat-max,4,24004,1,16384,9476,608,2396,3904,7632,1984,10788,2528,3068,0.000593,10650943619486687672,347,7,3,4,256,352,224,576,ok
size-4-6-6-4,4,24001,1,4096,2645,130,789,532,2240,1571,2807,394,895,0.000685,6522132994922700061,886,16,17,4,117,137,44,158,ok
size-4-6-6-4,4,24001,1,4096,2645,130,789,532,2240,1571,2807,394,895,0.000466,6522132994922700061,886,16,17,4,117,137,44,158,ok
size-4-6-6-4,4,24003,1,4096,2613,131,766,586,2247,1495,2792,423,881,0.000501,3893475650893073251,590,9,15,4,101,113,54,158,ok
size-4-6-6-4,4,24003,1,4096,2613,131,766,586,2247,1495,2792,423,881,0.000491,3893475650893073251,590,9,15,4,101,113,54,158,ok
size-4-6-6-4,4,24004,1,4096,2688,140,810,458,2271,1659,2820,369,907,0.001783,16598518496421687426,657,19,19,4,115,158,52,158,ok
size-4-6-6-4,4,24004,1,4096,2688,140,810,458,2271,1659,2820,369,907,0.001887,16598518496421687426,657,19,19,4,115,158,52,158,ok
size-4-6-6-12,4,24001,0,4096,0,0,4096,0,0,0,2807,394,895,0.000366,3724996725508102354,4096,100000,100000,0,0,0,0,0,failed
size-4-6-6-12,4,24001,0,4096,0,0,4096,0,0,0,2807,394,895,0.000962,3724996725508102354,4096,100000,100000,0,0,0,0,0,failed
size-4-6-6-12,4,24003,0,4096,0,0,4096,0,0,0,2790,424,882,0.000424,3748852957731584147,4096,100000,100000,0,0,0,0,0,failed
size-4-6-6-12,4,24003,0,4096,0,0,4096,0,0,0,2790,424,882,0.000505,3748852957731584147,4096,100000,100000,0,0,0,0,0,failed
size-4-6-6-12,4,24004,0,4096,0,0,4096,0,0,0,2820,369,907,0.001127,5764149895046820619,4096,100000,100000,0,0,0,0,0,failed
size-4-6-6-12,4,24004,0,4096,0,0,4096,0,0,0,2820,369,907,0.000386,5764149895046820619,4096,100000,100000,0,0,0,0,0,failed
size-4-7-7-8,4,24001,1,16384,10712,562,3158,1952,9281,7171,11288,1534,3562,0.001894,15583763586484531551,518,25,23,7,534,503,213,632,ok
size-4-7-7-8,4,24001,1,16384,10712,562,3158,1952,9281,7171,11288,1534,3562,0.001633,15583763586484531551,518,25,23,7,534,503,213,632,ok
size-4-7-7-8,4,24003,1,16384,10682,556,3153,1993,9317,7244,11261,1550,3573,0.002103,5482014022574351707,770,11,12,8,485,492,213,632,ok
size-4-7-7-8,4,24003,1,16384,10682,556,3153,1993,9317,7244,11261,1550,3573,0.001760,5482014022574351707,770,11,12,8,485,492,213,632,ok
size-4-7-7-8,4,24004,1,16384,10631,597,3113,2043,9301,7281,11214,1619,3551,0.004585,7813010578140552413,841,16,21,8,450,500,200,635,ok
size-4-7-7-8,4,24004,1,16384,10631,597,3113,2043,9301,7281,11214,1619,3551,0.001704,7813010578140552413,841,16,21,8,450,500,200,635,ok
size-4-6-9-12,4,24001,1,32768,21547,1105,6540,3576,18628,14887,22595,2886,7287,0.003564,14873471884697784680,685,37,38,10,1164,1045,453,1264,ok
size-4-6-9-12,4,24001,1,32768,21547,1105,6540,3576,18628,14887,22595,2886,7287,0.004295,14873471884697784680,685,37,38,10,1164,1045,453,1264,ok
size-4-6-9-12,4,24003,1,32768,21447,1109,6422,3790,18715,15021,22559,2997,7212,0.079111,3903544181060677136,412,19,21,12,973,1049,463,1272,ok
size-4-6-9-12,4,24003,1,32768,21447,1109,6422,3790,18715,15021,22559,2997,7212,0.005647,3903544181060677136,412,19,21,12,973,1049,463,1272,ok
size-4-6-9-12,4,24004,1,32768,21571,1103,6525,3569,18716,14860,22606,2883,7279,0.007159,4155787913330145562,674,19,20,12,1010,1108,479,1269,ok
size-4-6-9-12,4,24004,1,32768,21571,1103,6525,3569,18716,14860,22606,2883,7279,0.010276,4155787913330145562,674,19,20,12,1010,1108,479,1269,ok
size-4-9-6-12,4,24001,1,32768,21136,1097,6235,4300,18564,14126,22413,3241,7114,0.003605,16525546010019320907,998,22,19,12,836,1048,423,1271,ok
size-4-9-6-12,4,24001,1,32768,21136,1097,6235,4300,18564,14126,22413,3241,7114,0.003836,16525546010019320907,998,22,19,12,836,1048,423,1271,ok
size-4-9-6-12,4,24003,1,32768,21401,1185,6291,3891,18748,14854,22511,3133,7124,0.006538,4891460588746945516,641,24,16,12,924,1070,401,1274,ok
size-4-9-6-12,4,24003,1,32768,21401,1185,6291,3891,18748,14854,22511,3133,7124,0.003958,4891460588746945516,641,24,16,12,924,1070,401,1274,ok
size-4-9-6-12,4,24004,1,32768,21514,1155,6484,3615,18699,14990,22539,2962,7267,0.004790,7109692120240274476,831,25,27,11,1109,973,465,1270,ok
size-4-9-6-12,4,24004,1,32768,21514,1155,6484,3615,18699,14990,22539,2962,7267,0.006008,7109692120240274476,831,25,27,11,1109,973,465,1270,ok
size-4-9-9-12,4,24001,1,262144,171342,9373,50976,30453,151343,124193,180016,24580,57548,0.386439,9883531783368080857,689,29,32,11,8197,8064,3479,10146,ok
size-4-9-9-12,4,24001,1,262144,171342,9373,50976,30453,151343,124193,180016,24580,57548,0.163084,9883531783368080857,689,29,32,11,8197,8064,3479,10146,ok
size-4-9-9-12,4,24003,1,262144,171683,9069,51518,29874,151181,123641,180299,23974,57871,0.143692,14463795164623604611,889,22,24,12,8277,8389,3576,10148,ok
size-4-9-9-12,4,24003,1,262144,171683,9069,51518,29874,151181,123641,180299,23974,57871,0.176869,14463795164623604611,889,22,24,12,8277,8389,3576,10148,ok
size-4-9-9-12,4,24004,1,262144,171322,9023,51209,30590,151167,122582,180171,24281,57692,0.331625,3652722481845561522,827,33,41,11,7695,8693,3491,10158,ok
size-4-9-9-12,4,24004,1,262144,171322,9023,51209,30590,151167,122582,180171,24281,57692,0.138683,3652722481845561522,827,33,41,11,7695,8693,3491,10158,ok
corner-4-min,4,24001,0,0,0,0,0,0,0,0,0,0,0,0.000006,14695981039346656037,0,100000,100000,0,0,0,0,0,failed
corner-4-min,4,24001,0,0,0,0,0,0,0,0,0,0,0,0.000007,14695981039346656037,0,100000,100000,0,0,0,0,0,failed
corner-4-min,4,24003,0,0,0,0,0,0,0,0,0,0,0,0.000007,14695981039346656037,0,100000,100000,0,0,0,0,0,failed
corner-4-min,4,24003,0,0,0,0,0,0,0,0,0,0,0,0.000004,14695981039346656037,0,100000,100000,0,0,0,0,0,failed
corner-4-min,4,24004,0,0,0,0,0,0,0,0,0,0,0,0.000007,14695981039346656037,0,100000,100000,0,0,0,0,0,failed
corner-4-min,4,24004,0,0,0,0,0,0,0,0,0,0,0,0.000012,14695981039346656037,0,100000,100000,0,0,0,0,0,failed
corner-4-max,4,24001,1,262144,35892,120480,48348,57424,15088,0,56940,149176,56028,0.011404,11431102598582502079,0,7,7,0,7080,6856,3104,9376,ok
corner-4-max,4,24001,1,262144,35892,120480,48348,57424,15088,0,56940,149176,56028,0.011668,11431102598582502079,0,7,7,0,7080,6856,3104,9376,ok
corner-4-max,4,24003,1,262144,32812,117332,48224,63776,12072,0,56680,149304,56160,0.131737,10343313809265980641,0,4,1,0,7376,6496,2580,9376,ok
corner-4-max,4,24003,1,262144,32812,117332,48224,63776,12072,0,56680,149304,56160,0.043587,10343313809265980641,0,4,1,0,7376,6496,2580,9376,ok
corner-4-max,4,24004,1,262144,33936,116304,47616,64288,13388,0,57040,148656,56448,0.084651,3610559417604788182,0,3,1,0,6304,7008,3304,9376,ok
corner-4-max,4,24004,1,262144,33936,116304,47616,64288,13388,0,57040,148656,56448,0.012865,3610559417604788182,0,3,1,0,6304,7008,3304,9376,ok
edge-5-width-min,5,24001,1,8192,4244,61,1954,1933,2178,957,4679,1028,2485,0.006794,17171761383611781295,156,2,9,4,1042,914,24,2,ok
edge-5-width-min,5,24001,1,8192,4244,61,1954,1933,2178,957,4679,1028,2485,0.057199,17171761383611781295,156,2,9,4,1042,914,24,2,ok
edge-5-width-min,5,24003,1,8192,4171,60,2022,1939,2113,847,4590,1022,2580,0.005190,5703813900008587670,131,1,8,4,1091,854,24,2,ok
edge-5-width-min,5,24003,1,8192,4171,60,2022,1939,2113,847,4590,1022,2580,0.052252,5703813900008587670,131,1,8,4,1091,854,24,2,ok
edge-5-width-min,5,24004,1,8192,4664,46,1654,1828,2348,1038,5089,960,2143,0.005554,7841045921695058678,162,1,7,4,1213,987,24,2,ok
edge-5-width-min,5,24004,1,8192,4664,46,1654,1828,2348,1038,5089,960,2143,0.005486,7841045921695058678,162,1,7,4,1213,987,24,2,ok
edge-5-width-max,5,24001,1,65536,53666,136,5327,6407,39819,34855,55233,3337,6966,0.356904,6551436702106436975,353,4,36,3,8300,5437,24,2,ok
edge-5-width-max,5,24001,1,65536,53666,136,5327,6407,39819,34855,55233,3337,6966,0.484098,6551436702106436975,353,4,36,3,8300,5437,24,2,ok
edge-5-width-max,5,24003,1,65536,53379,173,5199,6785,37943,32469,55071,3562,6903,0.502737,18123336872848219798,91,2,100000,2,10113,5210,24,0,ok
edge-5-width-max,5,24003,1,65536,53379,173,5199,6785,37943,32469,55071,3562,6903,0.457281,18123336872848219798,91,2,100000,2,10113,5210,24,0,ok
edge-5-width-max,5,24004,1,65536,55344,134,4349,5709,41200,36288,56767,2985,5784,0.572890,14238173093679142971,1070,1,58,3,8876,5152,24,0,ok
edge-5-width-max,5,24004,1,65536,55344,134,4349,5709,41200,36288,56767,2985,5784,0.527236,14238173093679142971,1070,1,58,3,8876,5152,24,0,ok
edge-5-height-min,5,24001,1,8192,4042,55,2024,2071,2128,830,4510,1091,2591,0.020844,18181004065509020172,118,3,5,4,907,897,24,3,ok
edge-5-height-min,5,24001,1,8192,4042,55,2024,2071,2128,830,4510,1091,2591,0.008257,18181004065509020172,118,3,5,4,907,897,24,3,ok
edge-5-height-min,5,24003,1,8192,4498,44,1731,1919,2250,982,4934,1004,2254,0.015101,13641719035445064182,141,1,11,4,1180,955,24,1,ok
edge-5-height-min,5,24003,1,8192,4498,44,1731,1919,2250,982,4934,1004,2254,0.005411,13641719035445064182,141,1,11,4,1180,955,24,1,ok
edge-5-height-min,5,24004,1,8192,4375,60,1728,2029,2222,1038,4850,1073,2269,0.005258,8915583425988203371,229,5,7,4,1047,990,24,2,ok
edge-5-height-min,5,24004,1,8192,4375,60,1728,2029,2222,1038,4850,1073,2269,0.046863,8915583425988203371,229,5,7,4,1047,990,24,2,ok
edge-5-height-max,5,24001,1,65536,56580,112,3915,4929,43156,38625,57790,2576,5170,0.467537,2606329050636720493,968,2,73,2,8597,4717,24,0,ok
edge-5-height-max,5,24001,1,65536,56580,112,3915,4929,43156,38625,57790,2576,5170,0.410093,2606329050636720493,968,2,73,2,8597,4717,24,0,ok
edge-5-height-max,5,24003,1,65536,53244,113,5319,6860,37061,31890,54942,3543,7051,0.557101,7521527562398943057,59,3,100000,2,10876,5194,24,1,ok
edge-5-height-max,5,24003,1,65536,53244,113,5319,6860,37061,31890,54942,3543,7051,0.522673,7521527562398943057,59,3,100000,2,10876,5194,24,1,ok
edge-5-height-max,5,24004,1,65536,52480,139,5628,7289,38311,32618,54266,3787,7483,0.563887,13289230739172764216,236,2,55,2,8893,5160,24,1,ok
edge-5-height-max,5,24004,1,65536,52480,139,5628,7289,38311,32618,54266,3787,7483,0.681050,13289230739172764216,236,2,55,2,8893,5160,24,1,ok
edge-5-teams-min,5,24001,1,16384,12077,72,1889,2346,7754,6362,12655,1246,2483,0.010668,12139880955903287514,512,3,27,1,3273,1018,6,0,ok
edge-5-teams-min,5,24001,1,16384,12077,72,1889,2346,7754,6362,12655,1246,2483,0.049256,12139880955903287514,512,3,27,1,3273,1018,6,0,ok
edge-5-teams-min,5,24003,1,16384,12083,75,1872,2354,7369,5967,12657,1253,2474,0.021280,3350966425812963857,1184,1,9,1,3590,1089,6,0,ok
edge-5-teams-min,5,24003,1,16384,12083,75,1872,2354,7369,5967,12657,1253,2474,0.010580,3350966425812963857,1184,1,9,1,3590,1089,6,0,ok
edge-5-teams-min,5,24004,1,16384,11895,53,1968,2468,7299,5781,12504,1287,2593,0.073430,5773595217240884218,1063,1,46,0,3409,1149,6,0,ok
edge-5-teams-min,5,24004,1,16384,11895,53,1968,2468,7299,5781,12504,1287,2593,0.016160,5773595217240884218,1063,1,46,0,3409,1149,6,0,ok
edge-5-teams-max,5,24001,1,16384,8600,136,3685,3963,4271,1573,9495,2117,4772,0.041424,1242877349242468839,73,3,10,12,1974,2037,72,0,ok
edge-5-teams-max,5,24001,1,16384,8600,136,3685,3963,4271,1573,9495,2117,4772,0.109248,1242877349242468839,73,3,10,12,1974,2037,72,0,ok
edge-5-teams-max,5,24003,1,16384,8690,119,3701,3874,4226,1439,9593,2054,4737,0.029636,2931377641924482398,65,3,14,12,2119,2024,72,0,ok
edge-5-teams-max,5,24003,1,16384,8690,119,3701,3874,4226,1439,9593,2054,4737,0.039162,2931377641924482398,65,3,14,12,2119,2024,72,0,ok
edge-5-teams-max,5,24004,1,16384,8749,104,3693,3838,4280,1477,9623,2017,4744,0.094048,15092112594054926975,77,4,8,12,2019,2126,72,0,ok
edge-5-teams-max,5,24004,1,16384,8749,104,3693,3838,4280,1477,9623,2017,4744,0.041540,15092112594054926975,77,4,8,12,2019,2126,72,0,ok
edge-5-workers-min,5,24001,1,16384,11254,76,2321,2733,6638,4665,11914,1441,3029,0.098683,7123999391715415104,0,6,100000,3,2607,1911,24,0,ok
edge-5-workers-min,5,24001,1,16384,11254,76,2321,2733,6638,4665,11914,1441,3029,0.073933,7123999391715415104,0,6,100000,3,2607,1911,24,0,ok
edge-5-workers-min,5,24003,1,16384,10432,89,2681,3182,5881,3814,11191,1680,3513,0.064071,1175273401662215666,0,6,100000,3,2573,1877,24,0,ok
edge-5-workers-min,5,24003,1,16384,10432,89,2681,3182,5881,3814,11191,1680,3513,0.108449,1175273401662215666,0,6,100000,3,2573,1877,24,0,ok
edge-5-workers-min,5,24004,1,16384,10593,71,2710,3010,6258,4069,11298,1572,3514,0.034747,5190250561350529432,462,5,21,4,2432,1799,24,0,ok
edge-5-workers-min,5,24004,1,16384,10593,71,2710,3010,6258,4069,11298,1572,3514,0.084410,5190250561350529432,462,5,21,4,2432,1799,24,0,ok
edge-5-workers-max,5,24001,1,16384,11254,76,2321,2733,6578,4579,11914,1441,3029,0.087516,14655486661103581760,524,1,13,4,2596,1954,24,0,ok
edge-5-workers-max,5,24001,1,16384,11254,76,2321,2733,6578,4579,11914,1441,3029,0.085124,14655486661103581760,524,1,13,4,2596,1954,24,0,ok
edge-5-workers-max,5,24003,1,16384,10432,89,2681,3182,5869,3832,11191,1680,3513,0.050959,5061961116353793522,382,1,12,4,2521,1913,24,0,ok
edge-5-workers-max,5,24003,1,16384,10432,89,2681,3182,5869,3832,11191,1680,3513,0.093912,5061961116353793522,382,1,12,4,2521,1913,24,0,ok
edge-5-workers-max,5,24004,1,16384,10593,71,2710,3010,6062,3952,11298,1572,3514,0.013060,12822396717584548248,371,2,21,4,2511,1888,24,0,ok
edge-5-workers-max,5,24004,1,16384,10593,71,2710,3010,6062,3952,11298,1572,3514,0.011030,12822396717584548248,371,2,21,4,2511,1888,24,0,ok
edge-5-channel-width-min,5,24001,1,16384,11254,76,2321,2733,6532,4472,11914,1441,3029,0.059151,16198348791202468928,520,2,23,4,2649,1963,24,0,ok
edge-5-channel-width-min,5,24001,1,16384,11254,76,2321,2733,6532,4472,11914,1441,3029,0.021339,16198348791202468928,520,2,23,4,2649,1963,24,0,ok
edge-5-channel-width-min,5,24003,1,16384,10432,89,2681,3182,5810,3616,11191,1680,3513,0.081161,9817715955724006130,371,1,27,4,2597,1912,24,0,ok
edge-5-channel-width-min,5,24003,1,16384,10432,89,2681,3182,5810,3616,11191,1680,3513,0.050435,9817715955724006130,371,1,27,4,2597,1912,24,0,ok
edge-5-channel-width-min,5,24004,1,16384,10593,71,2710,3010,6117,3988,11298,1572,3514,0.076508,13565529459509754520,502,3,15,4,2428,1932,24,0,ok
edge-5-channel-width-min,5,24004,1,16384,10593,71,2710,3010,6117,3988,11298,1572,3514,0.089174,13565529459509754520,502,3,15,4,2428,1932,24,0,ok
edge-5-channel-width-max,5,24001,1,16384,8097,60,6048,2179,4518,2917,8615,1147,6622,0.087184,10995638509345458802,575,2,9,4,1891,1578,24,3759,ok
edge-5-channel-width-max,5,24001,1,16384,8097,60,6048,2179,4518,2917,8615,1147,6622,0.100170,10995638509345458802,575,2,9,4,1891,1578,24,3759,ok
edge-5-channel-width-max,5,24003,1,16384,6852,57,7040,2435,3653,1935,7428,1272,7684,0.087515,12403104663351606330,351,2,12,4,1692,1393,24,4431,ok
edge-5-channel-width-max,5,24003,1,16384,6852,57,7040,2435,3653,1935,7428,1272,7684,0.113171,12403104663351606330,351,2,12,4,1692,1393,24,4431,ok
edge-5-channel-width-max,5,24004,1,16384,7228,56,6833,2267,3822,2008,7770,1190,7424,0.034384,15586038024190125750,236,3,8,4,1771,1519,24,4311,ok
edge-5-channel-width-max,5,24004,1,16384,7228,56,6833,2267,3822,2008,7770,1190,7424,0.034391,15586038024190125750,236,3,8,4,1771,1519,24,4311,ok
edge-5-extra-islands-min,5,24001,1,16384,12315,35,1850,2184,7554,5742,12847,1127,2410,0.054103,15319057177535303165,755,2,22,4,2497,2160,24,0,ok
edge-5-extra-islands-min,5,24001,1,16384,12315,35,1850,2184,7554,5742,12847,1127,2410,0.010895,15319057177535303165,755,2,22,4,2497,2160,24,0,ok
edge-5-extra-islands-min,5,24003,1,16384,12276,73,1811,2224,7898,6001,12813,1184,2387,0.070369,816497216597935629,849,3,14,4,2289,1985,24,1,ok
edge-5-extra-islands-min,5,24003,1,16384,12276,73,1811,2224,7898,6001,12813,1184,2387,0.019834,816497216597935629,849,3,14,4,2289,1985,24,1,ok
edge-5-extra-islands-min,5,24004,1,16384,12419,42,1821,2102,8050,6148,12931,1093,2360,0.014440,4024635329982450899,838,2,34,3,2248,2017,24,1,ok
edge-5-extra-islands-min,5,24004,1,16384,12419,42,1821,2102,8050,6148,12931,1093,2360,0.124215,4024635329982450899,838,2,34,3,2248,2017,24,1,ok
edge-5-extra-islands-max,5,24001,1,16384,9382,109,3265,3628,5115,3089,10240,1920,4224,0.013927,3677509818522375674,27,2,21,4,2411,1739,24,0,ok
edge-5-extra-islands-max,5,24001,1,16384,9382,109,3265,3628,5115,3089,10240,1920,4224,0.084618,3677509818522375674,27,2,21,4,2411,1739,24,0,ok
edge-5-extra-islands-max,5,24003,1,16384,9036,114,3424,3810,4740,2576,9935,2019,4430,0.108538,4650947493334634350,363,2,16,4,2521,1653,24,0,ok
edge-5-extra-islands-max,5,24003,1,16384,9036,114,3424,3810,4740,2576,9935,2019,4430,0.015736,4650947493334634350,363,2,16,4,2521,1653,24,0,ok
edge-5-extra-islands-max,5,24004,1,16384,10012,76,2948,3348,5484,3047,10796,1748,3840,0.016219,1822594680024405239,582,3,10,4,2800,1601,24,1,ok
edge-5-extra-islands-max,5,24004,1,16384,10012,76,2948,3348,5484,3047,10796,1748,3840,0.166408,1822594680024405239,582,3,10,4,2800,1601,24,1,ok
size-5-6-6-4,5,24001,1,4096,1501,47,1265,1283,677,89,1783,687,1626,0.002810,4651726352976272702,8,3,5,2,360,355,24,0,ok
size-5-6-6-4,5,24001,1,4096,1501,47,1265,1283,677,89,1783,687,1626,0.003919,4651726352976272702,8,3,5,2,360,355,24,0,ok
size-5-6-6-4,5,24003,1,4096,1734,42,1139,1181,783,90,2004,632,1460,0.004965,4106057933311672777,8,3,4,3,439,403,24,0,ok
size-5-6-6-4,5,24003,1,4096,1734,42,1139,1181,783,90,2004,632,1460,0.002865,4106057933311672777,8,3,4,3,439,403,24,0,ok
size-5-6-6-4,5,24004,1,4096,1638,38,1189,1231,736,152,1917,652,1527,0.004491,7623062973509903136,0,3,4,3,394,392,24,3,ok
size-5-6-6-4,5,24004,1,4096,1638,38,1189,1231,736,152,1917,652,1527,0.002673,7623062973509903136,0,3,4,3,394,392,24,3,ok
size-5-6-6-12,5,24001,0,4096,923,43,1709,1421,876,280,1220,753,2123,0.006725,6375674900583504980,4096,100000,100000,0,24,17,6,0,failed
size-5-6-6-12,5,24001,0,4096,923,43,1709,1421,876,280,1220,753,2123,0.005554,6375674900583504980,4096,100000,100000,0,24,17,6,0,failed
size-5-6-6-12,5,24003,0,4096,950,28,1717,1401,908,311,1243,727,2126,0.002221,10650788504315581361,4096,100000,100000,0,22,12,6,2,failed
size-5-6-6-12,5,24003,0,4096,950,28,1717,1401,908,311,1243,727,2126,0.002094,10650788504315581361,4096,100000,100000,0,22,12,6,2,failed
size-5-6-6-12,5,24004,0,4096,857,38,1825,1376,817,253,1139,723,2234,0.002856,11680217874443233530,4096,100000,100000,0,19,15,6,2,failed
size-5-6-6-12,5,24004,0,4096,857,38,1825,1376,817,253,1139,723,2234,0.002932,11680217874443233530,4096,100000,100000,0,19,15,6,2,failed
size-5-7-7-8,5,24001,1,16384,9267,106,3419,3592,4717,2317,10108,1897,4379,0.184038,801385284587197134,201,4,13,8,2197,2139,48,0,ok
size-5-7-7-8,5,24001,1,16384,9267,106,3419,3592,4717,2317,10108,1897,4379,0.082424,801385284587197134,201,4,13,8,2197,2139,48,0,ok
size-5-7-7-8,5,24003,1,16384,9302,120,3370,3592,4733,2215,10135,1910,4339,0.066871,8610794216540169989,201,5,9,8,2298,2054,48,0,ok
size-5-7-7-8,5,24003,1,16384,9302,120,3370,3592,4733,2215,10135,1910,4339,0.107539,8610794216540169989,201,5,9,8,2298,2054,48,0,ok
size-5-7-7-8,5,24004,1,16384,9418,97,3303,3566,4837,2461,10236,1876,4272,0.014448,12042202373557920104,208,4,14,8,2262,2099,48,1,ok
size-5-7-7-8,5,24004,1,16384,9418,97,3303,3566,4837,2461,10236,1876,4272,0.042163,12042202373557920104,208,4,14,8,2262,2099,48,1,ok
size-5-6-9-12,5,24001,1,32768,20327,179,5644,6618,11064,6319,21893,3480,7395,0.249690,5418256031852975315,290,4,26,12,4634,4311,72,0,ok
size-5-6-9-12,5,24001,1,32768,20327,179,5644,6618,11064,6319,21893,3480,7395,0.296518,5418256031852975315,290,4,26,12,4634,4311,72,0,ok
size-5-6-9-12,5,24003,1,32768,20829,136,5353,6450,11173,6552,22386,3356,7026,0.282039,16836414780086224395,330,2,16,12,4935,4400,72,0,ok
size-5-6-9-12,5,24003,1,32768,20829,136,5353,6450,11173,6552,22386,3356,7026,0.273700,16836414780086224395,330,2,16,12,4935,4400,72,0,ok
size-5-6-9-12,5,24004,1,32768,19996,173,5816,6783,11077,6452,21615,3564,7589,0.288426,11284631810791223717,159,4,15,12,4414,4181,72,0,ok
size-5-6-9-12,5,24004,1,32768,19996,173,5816,6783,11077,6452,21615,3564,7589,0.351615,11284631810791223717,159,4,15,12,4414,4181,72,0,ok
size-5-9-6-12,5,24001,1,32768,19833,207,5904,6824,10503,6101,21463,3618,7687,0.444717,9914795222840391452,333,2,16,12,4713,4299,72,4,ok
size-5-9-6-12,5,24001,1,32768,19833,207,5904,6824,10503,6101,21463,3618,7687,0.277273,9914795222840391452,333,2,16,12,4713,4299,72,4,ok
size-5-9-6-12,5,24003,1,32768,20018,129,5759,6862,10908,6336,21649,3563,7556,0.264060,10626352557760732287,323,5,18,12,4566,4223,72,1,ok
size-5-9-6-12,5,24003,1,32768,20018,129,5759,6862,10908,6336,21649,3563,7556,0.191762,10626352557760732287,323,5,18,12,4566,4223,72,1,ok
size-5-9-6-12,5,24004,1,32768,20170,153,5939,6506,10916,6357,21714,3400,7654,0.241783,2930393585886118444,323,5,23,12,4609,4321,72,0,ok
size-5-9-6-12,5,24004,1,32768,20170,153,5939,6506,10916,6357,21714,3400,7654,0.456094,2930393585886118444,323,5,23,12,4609,4321,72,0,ok
size-5-9-9-12,5,24001,1,262144,222605,484,17401,21654,179792,162618,227887,11308,22949,4.060011,18016697878824307604,687,3,92,9,25058,17437,72,0,ok
size-5-9-9-12,5,24001,1,262144,222605,484,17401,21654,179792,162618,227887,11308,22949,4.333187,18016697878824307604,687,3,92,9,25058,17437,72,0,ok
size-5-9-9-12,5,24003,1,262144,222341,511,17745,21547,177847,159953,227618,11284,23242,4.594076,13204712083959918866,0,5,100000,7,27034,17139,72,0,ok
size-5-9-9-12,5,24003,1,262144,222341,511,17745,21547,177847,159953,227618,11284,23242,4.365123,13204712083959918866,0,5,100000,7,27034,17139,72,0,ok
size-5-9-9-12,5,24004,1,262144,225930,351,16056,19807,181496,165172,230811,10240,21093,4.264293,13394875853363115778,0,3,100000,6,26369,17741,72,0,ok
size-5-9-9-12,5,24004,1,262144,225930,351,16056,19807,181496,165172,230811,10240,21093,4.021998,13394875853363115778,0,3,100000,6,26369,17741,72,0,ok
corner-5-min,5,24001,0,4096,0,0,4096,0,0,0,0,0,4096,0.001281,15070008172932738451,4096,100000,100000,0,0,0,0,2596,failed
corner-5-min,5,24001,0,4096,0,0,4096,0,0,0,0,0,4096,0.001310,15070008172932738451,4096,100000,100000,0,0,0,0,2596,failed
corner-5-min,5,24003,0,4096,0,0,4096,0,0,0,0,0,4096,0.001297,3473231813497914905,4096,100000,100000,0,0,0,0,2649,failed
corner-5-min,5,24003,0,4096,0,0,4096,0,0,0,0,0,4096,0.003182,3473231813497914905,4096,100000,100000,0,0,0,0,2649,failed
corner-5-min,5,24004,0,4096,0,0,4096,0,0,0,0,0,4096,0.001413,18126423395565846657,4096,100000,100000,0,0,0,0,2901,failed
corner-5-min,5,24004,0,4096,0,0,4096,0,0,0,0,0,4096,0.002548,18126423395565846657,4096,100000,100000,0,0,0,0,2901,failed
corner-5-max,5,24001,1,262144,189760,411,51837,20136,146952,131029,194706,10476,56962,3.919425,8267887055777218505,144,2,100000,7,26242,16193,72,31719,ok
corner-5-max,5,24001,1,262144,189760,411,51837,20136,146952,131029,194706,10476,56962,4.016038,8267887055777218505,144,2,100000,7,26242,16193,72,31719,ok
corner-5-max,5,24003,1,262144,186756,427,52992,21969,143202,126250,192167,11412,58565,4.240843,15587302819288139138,280,2,67,7,26102,17074,72,32031,ok
corner-5-max,5,24003,1,262144,186756,427,52992,21969,143202,126250,192167,11412,58565,3.981434,15587302819288139138,280,2,67,7,26102,17074,72,32031,ok
corner-5-max,5,24004,1,262144,189203,418,52102,20421,143164,126522,194185,10622,57337,4.158956,8924188191017556042,819,1,63,5,29311,16345,72,32098,ok
corner-5-max,5,24004,1,262144,189203,418,52102,20421,143164,126522,194185,10622,57337,3.665281,8924188191017556042,819,1,63,5,29311,16345,72,32098,ok
edge-6-width-min,6,24001,1,8192,3876,322,2089,1905,2086,901,4414,1293,2485,0.007337,8301481773998981155,215,4,10,4,841,845,24,74,ok
edge-6-width-min,6,24001,1,8192,3876,322,2089,1905,2086,901,4414,1293,2485,0.004646,8301481773998981155,215,4,10,4,841,845,24,74,ok
edge-6-width-min,6,24003,1,8192,3400,330,2761,1701,1809,562,3857,1200,3135,0.007951,11260754162497162439,149,1,5,4,747,740,24,46,ok
edge-6-width-min,6,24003,1,8192,3400,330,2761,1701,1809,562,3857,1200,3135,0.010023,11260754162497162439,149,1,5,4,747,740,24,46,ok
edge-6-width-min,6,24004,1,8192,3312,314,2753,1813,1773,546,3807,1228,3157,0.032714,11622027674796834941,131,3,4,4,712,723,24,98,ok
edge-6-width-min,6,24004,1,8192,3312,314,2753,1813,1773,546,3807,1228,3157,0.006903,11622027674796834941,131,3,4,4,712,723,24,98,ok
edge-6-width-max,6,24001,1,65536,26058,1471,31659,6348,18362,14960,27762,4673,33101,0.292315,15831918896906361328,1090,2,25,4,3896,3696,24,94,ok
edge-6-width-max,6,24001,1,65536,26058,1471,31659,6348,18362,14960,27762,4673,33101,0.263758,15831918896906361328,1090,2,25,4,3896,3696,24,94,ok
edge-6-width-max,6,24003,1,65536,26796,1685,30000,7055,19392,15893,28653,5230,31653,0.205091,7572749383616265500,1172,4,28,4,3748,3552,24,100,ok
edge-6-width-max,6,24003,1,65536,26796,1685,30000,7055,19392,15893,28653,5230,31653,0.236993,7572749383616265500,1172,4,28,4,3748,3552,24,100,ok
edge-6-width-max,6,24004,1,65536,24443,1364,33803,5926,17244,13924,25994,4355,35187,0.280962,4840076621543531009,948,2,29,4,3733,3362,24,87,ok
edge-6-width-max,6,24004,1,65536,24443,1364,33803,5926,17244,13924,25994,4355,35187,0.253937,4840076621543531009,948,2,29,4,3733,3362,24,87,ok
edge-6-height-min,6,24001,1,8192,3675,369,2214,1934,1957,754,4183,1347,2662,0.004422,602148175110294740,177,2,9,4,784,830,24,56,ok
edge-6-height-min,6,24001,1,8192,3675,369,2214,1934,1957,754,4183,1347,2662,0.005902,602148175110294740,177,2,9,4,784,830,24,56,ok
edge-6-height-min,6,24003,1,8192,3424,434,2560,1774,1825,598,3916,1341,2935,0.034891,10724234975970144101,108,3,8,4,728,767,24,73,ok
edge-6-height-min,6,24003,1,8192,3424,434,2560,1774,1825,598,3916,1341,2935,0.004659,10724234975970144101,108,3,8,4,728,767,24,73,ok
edge-6-height-min,6,24004,1,8192,3836,443,2048,1865,2042,783,4319,1392,2481,0.005227,16560501378303616241,192,4,9,4,817,873,24,75,ok
edge-6-height-min,6,24004,1,8192,3836,443,2048,1865,2042,783,4319,1392,2481,0.004520,16560501378303616241,192,4,9,4,817,873,24,75,ok
edge-6-height-max,6,24001,1,65536,27059,1123,31121,6233,19455,15821,28676,4270,32590,0.213385,14239867738790271377,1169,1,39,3,3902,3598,24,97,ok
edge-6-height-max,6,24001,1,65536,27059,1123,31121,6233,19455,15821,28676,4270,32590,0.273713,14239867738790271377,1169,1,39,3,3902,3598,24,97,ok
edge-6-height-max,6,24003,1,65536,24646,936,34597,5357,17463,14225,26029,3639,35868,0.302143,5829103401409267935,1005,4,26,4,3723,3356,24,99,ok
edge-6-height-max,6,24003,1,65536,24646,936,34597,5357,17463,14225,26029,3639,35868,0.256553,5829103401409267935,1005,4,26,4,3723,3356,24,99,ok
edge-6-height-max,6,24004,1,65536,24685,1027,34316,5508,17292,13948,26121,3825,35590,0.402356,14424515157103611352,947,1,43,3,3703,3586,24,100,ok
edge-6-height-max,6,24004,1,65536,24685,1027,34316,5508,17292,13948,26121,3825,35590,0.277400,14424515157103611352,947,1,43,3,3703,3586,24,100,ok
edge-6-teams-min,6,24001,0,16384,1670,146,13956,612,1670,1353,1819,455,14110,0.002701,13724714730050812290,16384,100000,100000,0,0,0,0,0,failed
edge-6-teams-min,6,24001,0,16384,1670,146,13956,612,1670,1353,1819,455,14110,0.002511,13724714730050812290,16384,100000,100000,0,0,0,0,0,failed
edge-6-teams-min,6,24003,0,16384,1602,129,14015,638,1602,1292,1770,450,14164,0.015378,5555895874860407129,16384,100000,100000,0,0,0,0,0,failed
edge-6-teams-min,6,24003,0,16384,1602,129,14015,638,1602,1292,1770,450,14164,0.002591,5555895874860407129,16384,100000,100000,0,0,0,0,0,failed
edge-6-teams-min,6,24004,0,16384,1645,141,13942,656,1645,1327,1811,473,14100,0.002517,16883743711992608893,16384,100000,100000,0,0,0,0,0,failed
edge-6-teams-min,6,24004,0,16384,1645,141,13942,656,1645,1327,1811,473,14100,0.004241,16883743711992608893,16384,100000,100000,0,0,0,0,0,failed
edge-6-teams-max,6,24001,1,16384,10616,701,1141,3926,6177,1756,11936,2656,1792,0.042114,1078194504538917648,104,3,11,12,2066,2061,72,92,ok
edge-6-teams-max,6,24001,1,16384,10616,701,1141,3926,6177,1756,11936,2656,1792,0.053325,1078194504538917648,104,3,11,12,2066,2061,72,92,ok
edge-6-teams-max,6,24003,1,16384,10158,791,1312,4123,6263,1692,11603,2828,1953,0.174375,10246265899692024718,100,5,7,12,1737,1846,72,115,ok
edge-6-teams-max,6,24003,1,16384,10158,791,1312,4123,6263,1692,11603,2828,1953,0.049400,10246265899692024718,100,5,7,12,1737,1846,72,115,ok
edge-6-teams-max,6,24004,1,16384,10483,668,1386,3847,6530,1837,11815,2564,2005,0.083996,9955619800240440577,71,6,7,12,1827,1814,72,164,ok
edge-6-teams-max,6,24004,1,16384,10483,668,1386,3847,6530,1837,11815,2564,2005,0.069513,9955619800240440577,71,6,7,12,1827,1814,72,164,ok
edge-6-workers-min,6,24001,1,16384,6997,592,6141,2654,4047,2304,7700,1921,6763,0.074498,10478685938506820208,505,4,14,4,1454,1404,24,99,ok
edge-6-workers-min,6,24001,1,16384,6997,592,6141,2654,4047,2304,7700,1921,6763,0.008573,10478685938506820208,505,4,14,4,1454,1404,24,99,ok
edge-6-workers-min,6,24003,1,16384,6893,597,5962,2932,3919,2164,7668,2070,6646,0.008415,16638262727558778513,320,4,10,4,1459,1423,24,92,ok
edge-6-workers-min,6,24003,1,16384,6893,597,5962,2932,3919,2164,7668,2070,6646,0.050374,16638262727558778513,320,4,10,4,1459,1423,24,92,ok
edge-6-workers-min,6,24004,1,16384,7089,539,5668,3088,4002,2187,7906,2092,6386,0.012881,8225055719630622565,403,5,15,4,1497,1498,24,89,ok
edge-6-workers-min,6,24004,1,16384,7089,539,5668,3088,4002,2187,7906,2092,6386,0.022610,8225055719630622565,403,5,15,4,1497,1498,24,89,ok
edge-6-workers-max,6,24001,1,16384,6997,592,6141,2654,4018,2266,7700,1921,6763,0.013143,17181742508508505200,514,2,5,4,1438,1421,24,99,ok
edge-6-workers-max,6,24001,1,16384,6997,592,6141,2654,4018,2266,7700,1921,6763,0.009956,17181742508508505200,514,2,5,4,1438,1421,24,99,ok
edge-6-workers-max,6,24003,1,16384,6893,597,5962,2932,3872,2135,7668,2070,6646,0.032319,3330212283408972177,454,1,8,4,1497,1404,24,92,ok
edge-6-workers-max,6,24003,1,16384,6893,597,5962,2932,3872,2135,7668,2070,6646,0.040489,3330212283408972177,454,1,8,4,1497,1404,24,92,ok
edge-6-workers-max,6,24004,1,16384,7089,539,5668,3088,4081,2174,7906,2092,6386,0.029831,1518336612106003301,395,2,6,4,1466,1422,24,89,ok
edge-6-workers-max,6,24004,1,16384,7089,539,5668,3088,4081,2174,7906,2092,6386,0.008412,1518336612106003301,395,2,6,4,1466,1422,24,89,ok
edge-6-island-size-min,6,24001,1,16384,4428,448,8951,2557,2435,1019,5105,1729,9550,0.048474,2337629969544153032,241,2,9,4,920,969,24,98,ok
edge-6-island-size-min,6,24001,1,16384,4428,448,8951,2557,2435,1019,5105,1729,9550,0.008013,2337629969544153032,241,2,9,4,920,969,24,98,ok
edge-6-island-size-min,6,24003,1,16384,4286,482,9017,2599,2278,895,4948,1799,9637,0.007839,9941356866946445158,185,5,7,4,963,941,24,87,ok
edge-6-island-size-min,6,24003,1,16384,4286,482,9017,2599,2278,895,4948,1799,9637,0.012050,9941356866946445158,185,5,7,4,963,941,24,87,ok
edge-6-island-size-min,6,24004,1,16384,4449,588,8518,2829,2441,937,5182,2019,9183,0.051960,16934352449055104569,213,4,9,4,950,954,24,81,ok
edge-6-island-size-min,6,24004,1,16384,4449,588,8518,2829,2441,937,5182,2019,9183,0.009031,16934352449055104569,213,4,9,4,950,954,24,81,ok
edge-6-island-size-max,6,24001,1,16384,7474,535,5436,2939,4230,2384,8253,2022,6109,0.014569,9523367320184550060,434,1,10,4,1601,1539,24,95,ok
edge-6-island-size-max,6,24001,1,16384,7474,535,5436,2939,4230,2384,8253,2022,6109,0.009447,9523367320184550060,434,1,10,4,1601,1539,24,95,ok
edge-6-island-size-max,6,24003,1,16384,7411,563,5413,2997,4178,2414,8193,2064,6127,0.054111,15266498219304234197,500,2,17,4,1586,1543,24,95,ok
edge-6-island-size-max,6,24003,1,16384,7411,563,5413,2997,4178,2414,8193,2064,6127,0.009252,15266498219304234197,500,2,17,4,1586,1543,24,95,ok
edge-6-island-size-max,6,24004,1,16384,7668,574,5058,3084,4472,2525,8461,2132,5791,0.060344,17668093791446278362,437,3,9,4,1587,1505,24,100,ok
edge-6-island-size-max,6,24004,1,16384,7668,574,5058,3084,4472,2525,8461,2132,5791,0.041982,17668093791446278362,437,3,9,4,1587,1505,24,100,ok
edge-6-bridge-width-min,6,24001,1,16384,6752,614,6275,2743,3775,2233,7478,1990,6916,0.017442,5556296913352800080,484,1,6,4,1459,1414,24,100,ok
edge-6-bridge-width-min,6,24001,1,16384,6752,614,6275,2743,3775,2233,7478,1990,6916,0.009452,5556296913352800080,484,1,6,4,1459,1414,24,100,ok
edge-6-bridge-width-min,6,24003,1,16384,6628,601,6157,2998,3657,1990,7398,2115,6871,0.027132,102958655870675986,437,3,13,4,1459,1408,24,100,ok
edge-6-bridge-width-min,6,24003,1,16384,6628,601,6157,2998,3657,1990,7398,2115,6871,0.056861,102958655870675986,437,3,13,4,1459,1408,24,100,ok
edge-6-bridge-width-min,6,24004,1,16384,6815,555,5878,3136,3834,2191,7625,2143,6616,0.008786,399138138934018572,493,2,13,4,1496,1381,24,100,ok
edge-6-bridge-width-min,6,24004,1,16384,6815,555,5878,3136,3834,2191,7625,2143,6616,0.068053,399138138934018572,493,2,13,4,1496,1381,24,100,ok
edge-6-bridge-width-max,6,24001,1,16384,7510,555,5769,2550,4283,2364,8182,1834,6368,0.140124,11436370948444010525,495,2,11,4,1621,1502,24,100,ok
edge-6-bridge-width-max,6,24001,1,16384,7510,555,5769,2550,4283,2364,8182,1834,6368,0.068692,11436370948444010525,495,2,11,4,1621,1502,24,100,ok
edge-6-bridge-width-max,6,24003,1,16384,7484,541,5558,2801,4338,2282,8225,1946,6213,0.010345,16058708852202796820,494,5,6,4,1503,1539,24,98,ok
edge-6-bridge-width-max,6,24003,1,16384,7484,541,5558,2801,4338,2282,8225,1946,6213,0.010996,16058708852202796820,494,5,6,4,1503,1539,24,98,ok
edge-6-bridge-width-max,6,24004,1,16384,7710,540,5172,2962,4523,2493,8502,2029,5853,0.018877,6983343505154156422,500,1,15,4,1591,1492,24,100,ok
edge-6-bridge-width-max,6,24004,1,16384,7710,540,5172,2962,4523,2493,8502,2029,5853,0.010890,6983343505154156422,500,1,15,4,1591,1492,24,100,ok
size-6-6-6-4,6,24001,1,4096,2272,237,328,1259,1210,213,2623,871,602,0.003098,4297036404364719968,69,1,5,4,472,486,24,14,ok
size-6-6-6-4,6,24001,1,4096,2272,237,328,1259,1210,213,2623,871,602,0.002529,4297036404364719968,69,1,5,4,472,486,24,14,ok
size-6-6-6-4,6,24003,1,4096,2234,228,437,1197,1145,307,2555,838,703,0.019897,4448878305702187952,72,2,3,4,473,512,24,51,ok
size-6-6-6-4,6,24003,1,4096,2234,228,437,1197,1145,307,2555,838,703,0.002531,4448878305702187952,72,2,3,4,473,512,24,51,ok
size-6-6-6-4,6,24004,1,4096,2221,216,409,1250,1156,213,2565,846,685,0.002576,2339653472317238558,54,3,3,4,501,460,24,45,ok
size-6-6-6-4,6,24004,1,4096,2221,216,409,1250,1156,213,2565,846,685,0.002497,2339653472317238558,54,3,3,4,501,460,24,45,ok
size-6-6-6-12,6,24001,0,4096,3852,21,0,223,3852,3283,3982,112,2,0.004930,9275156586024609708,4096,100000,100000,0,0,0,0,0,failed
size-6-6-6-12,6,24001,0,4096,3852,21,0,223,3852,3283,3982,112,2,0.002065,9275156586024609708,4096,100000,100000,0,0,0,0,0,failed
size-6-6-6-12,6,24003,0,4096,3820,37,0,239,3820,3275,3949,140,7,0.001936,18090506768242481536,4096,100000,100000,0,0,0,0,0,failed
size-6-6-6-12,6,24003,0,4096,3820,37,0,239,3820,3275,3949,140,7,0.002883,18090506768242481536,4096,100000,100000,0,0,0,0,0,failed
size-6-6-6-12,6,24004,0,4096,3418,91,52,535,3418,2601,3641,344,111,0.001839,17445749914128481966,4096,100000,100000,0,0,0,0,18,failed
size-6-6-6-12,6,24004,0,4096,3418,91,52,535,3418,2601,3641,344,111,0.003876,17445749914128481966,4096,100000,100000,0,0,0,0,18,failed
size-6-7-7-8,6,24001,1,16384,7102,813,3831,4638,4157,1047,8432,3140,4812,0.059656,1544098799779975629,124,3,7,8,1382,1355,48,120,ok
size-6-7-7-8,6,24001,1,16384,7102,813,3831,4638,4157,1047,8432,3140,4812,0.020510,1544098799779975629,124,3,7,8,1382,1355,48,120,ok
size-6-7-7-8,6,24003,1,16384,8184,754,3349,4097,4605,1365,9376,2796,4212,0.161835,5206711405975171718,142,4,11,8,1661,1710,48,131,ok
size-6-7-7-8,6,24003,1,16384,8184,754,3349,4097,4605,1365,9376,2796,4212,0.057456,5206711405975171718,142,4,11,8,1661,1710,48,131,ok
size-6-7-7-8,6,24004,1,16384,8523,758,3139,3964,4863,1805,9647,2761,3976,0.127345,9930504172083004857,179,3,8,8,1724,1728,48,140,ok
size-6-7-7-8,6,24004,1,16384,8523,758,3139,3964,4863,1805,9647,2761,3976,0.056197,9930504172083004857,179,3,8,8,1724,1728,48,140,ok
size-6-6-9-12,6,24001,1,32768,15663,1333,7412,8360,9034,3817,17998,5537,9233,0.295250,9744454154937155772,270,3,12,12,3164,3153,72,213,ok
size-6-6-9-12,6,24001,1,32768,15663,1333,7412,8360,9034,3817,17998,5537,9233,0.248852,9744454154937155772,270,3,12,12,3164,3153,72,213,ok
size-6-6-9-12,6,24003,1,32768,15764,1139,7675,8190,9091,3567,18075,5275,9418,0.195161,3945711515277836980,260,4,14,12,3241,3120,72,172,ok
size-6-6-9-12,6,24003,1,32768,15764,1139,7675,8190,9091,3567,18075,5275,9418,0.186376,3945711515277836980,260,4,14,12,3241,3120,72,172,ok
size-6-6-9-12,6,24004,1,32768,15416,1151,8118,8083,8872,3617,17643,5219,9906,0.222475,1130691957958131145,242,5,12,12,3152,3080,72,222,ok
size-6-6-9-12,6,24004,1,32768,15416,1151,8118,8083,8872,3617,17643,5219,9906,0.159700,1130691957958131145,242,5,12,12,3152,3080,72,222,ok
size-6-9-6-12,6,24001,1,32768,14684,2078,7268,8738,8231,3564,17085,6468,9215,0.197666,11857700093439170408,274,3,18,12,3150,2991,72,248,ok
size-6-9-6-12,6,24001,1,32768,14684,2078,7268,8738,8231,3564,17085,6468,9215,0.158530,11857700093439170408,274,3,18,12,3150,2991,72,248,ok
size-6-9-6-12,6,24003,1,32768,15472,1813,7527,7956,8974,3896,17641,5818,9309,0.238045,2610189826550231322,285,4,10,12,3140,3046,72,185,ok
size-6-9-6-12,6,24003,1,32768,15472,1813,7527,7956,8974,3896,17641,5818,9309,0.296042,2610189826550231322,285,4,10,12,3140,3046,72,185,ok
size-6-9-6-12,6,24004,1,32768,14973,1858,7737,8200,8473,3515,17249,5972,9547,0.238810,8162734438950355997,223,4,15,12,3090,3098,72,244,ok
size-6-9-6-12,6,24004,1,32768,14973,1858,7737,8200,8473,3515,17249,5972,9547,0.298055,8162734438950355997,223,4,15,12,3090,3098,72,244,ok
size-6-9-9-12,6,24001,1,262144,94799,7136,122592,37617,71106,54946,104894,26009,131241,3.791361,14985575880983416012,1018,2,49,9,12308,11073,72,273,ok
size-6-9-9-12,6,24001,1,262144,94799,7136,122592,37617,71106,54946,104894,26009,131241,3.800057,14985575880983416012,1018,2,49,9,12308,11073,72,273,ok
size-6-9-9-12,6,24003,1,262144,93848,6430,127677,34189,70435,54384,103023,23608,135513,3.426301,14775211458720681956,819,3,48,6,12070,11031,72,281,ok
size-6-9-9-12,6,24003,1,262144,93848,6430,127677,34189,70435,54384,103023,23608,135513,3.702816,14775211458720681956,819,3,48,6,12070,11031,72,281,ok
size-6-9-9-12,6,24004,1,262144,96866,6257,124848,34173,72649,57187,106027,23423,132694,3.626516,10644597901623392893,890,3,51,7,12315,11590,72,288,ok
size-6-9-9-12,6,24004,1,262144,96866,6257,124848,34173,72649,57187,106027,23423,132694,3.707816,10644597901623392893,890,3,51,7,12315,11590,72,288,ok
corner-6-min,6,24001,0,4096,364,37,3413,282,364,225,431,179,3486,0.000680,13032831175469049256,4096,100000,100000,0,0,0,0,0,failed
corner-6-min,6,24001,0,4096,364,37,3413,282,364,225,431,179,3486,0.000708,13032831175469049256,4096,100000,100000,0,0,0,0,0,failed
corner-6-min,6,24003,0,4096,346,67,3381,302,346,205,418,219,3459,0.001828,4538073216810535782,4096,100000,100000,0,0,0,0,0,failed
corner-6-min,6,24003,0,4096,346,67,3381,302,346,205,418,219,3459,0.000677,4538073216810535782,4096,100000,100000,0,0,0,0,0,failed
corner-6-min,6,24004,0,4096,321,48,3399,328,321,186,402,213,3481,0.001331,6504701441893939564,4096,100000,100000,0,0,0,0,0,failed
corner-6-min,6,24004,0,4096,321,48,3399,328,321,186,402,213,3481,0.001437,6504701441893939564,4096,100000,100000,0,0,0,0,0,failed
corner-6-max,6,24001,1,262144,120167,6188,102948,32841,93768,70201,129117,22679,110348,3.929968,6449499192887501291,885,1,40,10,13739,12300,72,298,ok
corner-6-max,6,24001,1,262144,120167,6188,102948,32841,93768,70201,129117,22679,110348,4.096833,6449499192887501291,885,1,40,10,13739,12300,72,298,ok
corner-6-max,6,24003,1,262144,123597,6580,96143,35824,96452,69703,133362,24589,104193,3.753294,12680308190373788541,942,3,48,6,13940,12845,72,297,ok
corner-6-max,6,24003,1,262144,123597,6580,96143,35824,96452,69703,133362,24589,104193,3.665227,12680308190373788541,942,3,48,6,13940,12845,72,297,ok
corner-6-max,6,24004,1,262144,119881,6052,103104,33107,91750,68214,128814,22657,110673,3.485251,3158686122395171908,895,1,50,9,14656,13115,72,294,ok
corner-6-max,6,24004,1,262144,119881,6052,103104,33107,91750,68214,128814,22657,110673,3.755580,3158686122395171908,895,1,50,9,14656,13115,72,294,ok
edge-7-width-min,7,24001,0,8192,0,0,8192,0,0,0,3891,2244,2057,0.019886,7749714202859875114,8192,100000,100000,0,0,0,0,0,failed
edge-7-width-min,7,24001,0,8192,0,0,8192,0,0,0,3891,2244,2057,0.058049,7749714202859875114,8192,100000,100000,0,0,0,0,0,failed
edge-7-width-min,7,24003,0,8192,0,0,8192,0,0,0,4320,2078,1794,0.097895,4139461070367048631,8192,100000,100000,0,0,0,0,0,failed
edge-7-width-min,7,24003,0,8192,0,0,8192,0,0,0,4320,2078,1794,0.042093,4139461070367048631,8192,100000,100000,0,0,0,0,0,failed
edge-7-width-min,7,24004,1,8192,4013,811,710,2658,3119,849,4936,2127,1129,0.053420,1932614858527718601,161,14,15,4,388,169,257,114,ok
edge-7-width-min,7,24004,1,8192,4013,811,710,2658,3119,849,4936,2127,1129,0.091390,1932614858527718601,161,14,15,4,388,169,257,114,ok
edge-7-width-max,7,24001,1,65536,29290,4778,12068,19400,28288,14750,34528,14549,16459,0.184120,4289464862370130736,295,11,18,4,461,191,270,116,ok
edge-7-width-max,7,24001,1,65536,29290,4778,12068,19400,28288,14750,34528,14549,16459,0.260332,4289464862370130736,295,11,18,4,461,191,270,116,ok
edge-7-width-max,7,24003,1,65536,28922,4642,14159,17813,27868,14568,33718,13584,18234,0.357274,5039114077258876817,580,8,22,4,490,192,292,184,ok
edge-7-width-max,7,24003,1,65536,28922,4642,14159,17813,27868,14568,33718,13584,18234,0.213452,5039114077258876817,580,8,22,4,490,192,292,184,ok
edge-7-width-max,7,24004,1,65536,29612,7023,5639,23262,28592,10392,37684,18630,9222,0.386971,2919346984229201714,500,6,14,4,521,229,190,87,ok
edge-7-width-max,7,24004,1,65536,29612,7023,5639,23262,28592,10392,37684,18630,9222,0.247708,2919346984229201714,500,6,14,4,521,229,190,87,ok
edge-7-height-min,7,24001,1,8192,3401,590,1612,2589,2654,733,4093,1904,2195,0.073513,9639025586956667039,130,16,23,4,306,123,238,175,ok
edge-7-height-min,7,24001,1,8192,3401,590,1612,2589,2654,733,4093,1904,2195,0.085679,9639025586956667039,130,16,23,4,306,123,238,175,ok
edge-7-height-min,7,24003,0,8192,0,0,8192,0,0,0,4278,1925,1989,0.080120,16889309551585618671,8192,100000,100000,0,0,0,0,0,failed
edge-7-height-min,7,24003,0,8192,0,0,8192,0,0,0,4278,1925,1989,0.021210,16889309551585618671,8192,100000,100000,0,0,0,0,0,failed
edge-7-height-min,7,24004,0,8192,0,0,8192,0,0,0,4861,2534,797,0.068787,11722665298193346431,8192,100000,100000,0,0,0,0,0,failed
edge-7-height-min,7,24004,0,8192,0,0,8192,0,0,0,4861,2534,797,0.179168,11722665298193346431,8192,100000,100000,0,0,0,0,0,failed
edge-7-height-max,7,24001,1,65536,28770,5154,11868,19744,27745,13904,34182,15115,16239,0.190713,8462703386345682414,439,8,14,4,468,185,292,144,ok
edge-7-height-max,7,24001,1,65536,28770,5154,11868,19744,27745,13904,34182,15115,16239,0.200248,8462703386345682414,439,8,14,4,468,185,292,144,ok
edge-7-height-max,7,24003,1,65536,28274,5226,13150,18886,27294,13827,33367,14755,17414,0.196687,17965852414514832769,389,10,17,4,466,174,260,108,ok
edge-7-height-max,7,24003,1,65536,28274,5226,13150,18886,27294,13827,33367,14755,17414,0.242180,17965852414514832769,389,10,17,4,466,174,260,108,ok
edge-7-height-max,7,24004,1,65536,30239,6899,5731,22667,29214,11368,37957,18238,9341,0.278769,16426413119338499249,417,9,12,4,485,240,220,121,ok
edge-7-height-max,7,24004,1,65536,30239,6899,5731,22667,29214,11368,37957,18238,9341,0.199088,16426413119338499249,417,9,12,4,485,240,220,121,ok
edge-7-teams-min,7,24001,1,16384,6727,1513,2961,5183,6504,3026,8186,4144,4054,0.024204,2996695497079447710,565,5,11,1,117,37,49,34,ok
edge-7-teams-min,7,24001,1,16384,6727,1513,2961,5183,6504,3026,8186,4144,4054,0.030498,2996695497079447710,565,5,11,1,117,37,49,34,ok
edge-7-teams-min,7,24003,1,16384,6971,1448,2991,4974,6747,3047,8377,3959,4048,0.195630,10850214427827422687,778,7,19,1,113,49,42,33,ok
edge-7-teams-min,7,24003,1,16384,6971,1448,2991,4974,6747,3047,8377,3959,4048,0.054465,10850214427827422687,778,7,19,1,113,49,42,33,ok
edge-7-teams-min,7,24004,1,16384,7338,1720,1599,5727,7084,2650,9315,4587,2482,0.068931,16120643585322759056,723,5,9,1,140,45,49,22,ok
edge-7-teams-min,7,24004,1,16384,7338,1720,1599,5727,7084,2650,9315,4587,2482,0.126231,16120643585322759056,723,5,9,1,140,45,49,22,ok
edge-7-teams-max,7,24001,0,16384,0,0,16384,0,0,0,7774,4313,4297,0.066800,253967105468988286,16384,100000,100000,0,0,0,0,0,failed
edge-7-teams-max,7,24001,0,16384,0,0,16384,0,0,0,7774,4313,4297,0.205120,253967105468988286,16384,100000,100000,0,0,0,0,0,failed
edge-7-teams-max,7,24003,0,16384,0,0,16384,0,0,0,8268,4021,4095,0.093587,17614258571223508803,16384,100000,100000,0,0,0,0,0,failed
edge-7-teams-max,7,24003,0,16384,0,0,16384,0,0,0,8268,4021,4095,0.055442,17614258571223508803,16384,100000,100000,0,0,0,0,0,failed
edge-7-teams-max,7,24004,0,16384,0,0,16384,0,0,0,9186,4638,2560,0.127962,17810711605240484000,16384,100000,100000,0,0,0,0,0,failed
edge-7-teams-max,7,24004,0,16384,0,0,16384,0,0,0,9186,4638,2560,0.027212,17810711605240484000,16384,100000,100000,0,0,0,0,0,failed
edge-7-workers-min,7,24001,1,16384,6469,1542,3046,5327,5538,1915,7958,4248,4178,0.077322,4204626813648185965,173,8,23,4,428,218,217,69,ok
edge-7-workers-min,7,24001,1,16384,6469,1542,3046,5327,5538,1915,7958,4248,4178,0.144408,4204626813648185965,173,8,23,4,428,218,217,69,ok
edge-7-workers-min,7,24003,1,16384,7197,1387,2877,4923,6359,2453,8599,3869,3916,0.107967,3252641365549671066,107,11,35,3,361,173,236,151,ok
edge-7-workers-min,7,24003,1,16384,7197,1387,2877,4923,6359,2453,8599,3869,3916,0.082422,3252641365549671066,107,11,35,3,361,173,236,151,ok
edge-7-workers-min,7,24004,1,16384,7434,1672,1633,5645,6587,2213,9362,4500,2522,0.115490,5596711191859025707,204,8,13,4,372,164,243,35,ok
edge-7-workers-min,7,24004,1,16384,7434,1672,1633,5645,6587,2213,9362,4500,2522,0.076133,5596711191859025707,204,8,13,4,372,164,243,35,ok
edge-7-workers-max,7,24001,1,16384,6469,1542,3046,5327,5512,1892,7958,4248,4178,0.167392,14634870893842776685,217,8,22,4,428,218,215,69,ok
edge-7-workers-max,7,24001,1,16384,6469,1542,3046,5327,5512,1892,7958,4248,4178,0.161514,14634870893842776685,217,8,22,4,428,218,215,69,ok
edge-7-workers-max,7,24003,1,16384,7197,1387,2877,4923,6331,2430,8599,3869,3916,0.215144,3252641365549671066,108,11,35,3,361,173,236,151,ok
edge-7-workers-max,7,24003,1,16384,7197,1387,2877,4923,6331,2430,8599,3869,3916,0.132042,3252641365549671066,108,11,35,3,361,173,236,151,ok
edge-7-workers-max,7,24004,1,16384,7434,1672,1633,5645,6559,2180,9362,4500,2522,0.103474,5596711191859025707,210,6,13,4,372,164,243,35,ok
edge-7-workers-max,7,24004,1,16384,7434,1672,1633,5645,6559,2180,9362,4500,2522,0.086251,5596711191859025707,210,6,13,4,372,164,243,35,ok
edge-7-water-min,7,24001,0,16384,0,0,16384,0,0,0,15616,768,0,0.018816,253967105468988286,16384,100000,100000,0,0,0,0,0,failed
edge-7-water-min,7,24001,0,16384,0,0,16384,0,0,0,15616,768,0,0.071860,253967105468988286,16384,100000,100000,0,0,0,0,0,failed
edge-7-water-min,7,24003,0,16384,0,0,16384,0,0,0,13971,2413,0,0.035242,17614258571223508803,16384,100000,100000,0,0,0,0,0,failed
edge-7-water-min,7,24003,0,16384,0,0,16384,0,0,0,13971,2413,0,0.019439,17614258571223508803,16384,100000,100000,0,0,0,0,0,failed
edge-7-water-min,7,24004,0,16384,0,0,16384,0,0,0,16133,251,0,0.033833,17810711605240484000,16384,100000,100000,0,0,0,0,0,failed
edge-7-water-min,7,24004,0,16384,0,0,16384,0,0,0,16133,251,0,0.021039,17810711605240484000,16384,100000,100000,0,0,0,0,0,failed
edge-7-water-max,7,24001,1,16384,1705,1166,8863,4650,1280,125,2512,3494,10378,0.076079,9060107067306753658,9,100000,45,0,121,162,62,179,ok
edge-7-water-max,7,24001,1,16384,1705,1166,8863,4650,1280,125,2512,3494,10378,0.050275,9060107067306753658,9,100000,45,0,121,162,62,179,ok
edge-7-water-max,7,24003,1,16384,3110,1863,5477,5934,2703,480,4520,4873,6991,0.125294,14641659834926888497,40,56,113,1,160,100,67,139,ok
edge-7-water-max,7,24003,1,16384,3110,1863,5477,5934,2703,480,4520,4873,6991,0.054056,14641659834926888497,40,56,113,1,160,100,67,139,ok
edge-7-water-max,7,24004,1,16384,2783,1286,7166,5149,2217,327,3893,3883,8608,0.116582,8546910261617826056,40,100000,52,2,216,156,114,169,ok
edge-7-water-max,7,24004,1,16384,2783,1286,7166,5149,2217,327,3893,3883,8608,0.128315,8546910261617826056,40,100000,52,2,216,156,114,169,ok
edge-7-sand-min,7,24001,1,16384,6422,1350,3486,5126,5590,2220,7742,3944,4698,0.092266,18420736929713685340,170,15,52,2,366,173,213,117,ok
edge-7-sand-min,7,24001,1,16384,6422,1350,3486,5126,5590,2220,7742,3944,4698,0.074208,18420736929713685340,170,15,52,2,366,173,213,117,ok
edge-7-sand-min,7,24003,1,16384,4962,1320,5353,4749,4222,1531,6062,3691,6631,0.086618,12794643825776072709,85,15,59,3,377,160,123,177,ok
edge-7-sand-min,7,24003,1,16384,4962,1320,5353,4749,4222,1531,6062,3691,6631,0.135348,12794643825776072709,85,15,59,3,377,160,123,177,ok
edge-7-sand-min,7,24004,1,16384,7898,1043,3285,4158,6941,3288,9047,3130,4207,0.033000,12672208926715367398,365,9,17,4,437,221,219,134,ok
edge-7-sand-min,7,24004,1,16384,7898,1043,3285,4158,6941,3288,9047,3130,4207,0.132046,12672208926715367398,365,9,17,4,437,221,219,134,ok
edge-7-sand-max,7,24001,1,16384,3344,6561,1353,5126,2836,538,4784,9291,2309,0.135224,14567139433359851325,83,13,31,4,294,55,79,101,ok
edge-7-sand-max,7,24001,1,16384,3344,6561,1353,5126,2836,538,4784,9291,2309,0.025340,14567139433359851325,83,13,31,4,294,55,79,101,ok
edge-7-sand-max,7,24003,1,16384,2834,8036,925,4589,2349,458,4059,10514,1811,0.086162,14334491603640591819,49,24,32,4,222,145,38,71,ok
edge-7-sand-max,7,24003,1,16384,2834,8036,925,4589,2349,458,4059,10514,1811,0.031681,14334491603640591819,49,24,32,4,222,145,38,71,ok
edge-7-sand-max,7,24004,1,16384,2575,7158,1073,5578,2141,322,4061,10187,2136,0.065618,10342097500297702324,44,34,31,3,141,105,108,57,ok
edge-7-sand-max,7,24004,1,16384,2575,7158,1073,5578,2141,322,4061,10187,2136,0.157132,10342097500297702324,44,34,31,3,141,105,108,57,ok
edge-7-grass-min,7,24001,0,16384,0,0,16384,0,0,0,0,1167,15217,0.062430,253967105468988286,16384,100000,100000,0,0,0,0,0,failed
edge-7-grass-min,7,24001,0,16384,0,0,16384,0,0,0,0,1167,15217,0.046082,253967105468988286,16384,100000,100000,0,0,0,0,0,failed
edge-7-grass-min,7,24003,0,16384,0,0,16384,0,0,0,0,523,15861,0.022064,17614258571223508803,16384,100000,100000,0,0,0,0,0,failed
edge-7-grass-min,7,24003,0,16384,0,0,16384,0,0,0,0,523,15861,0.152995,17614258571223508803,16384,100000,100000,0,0,0,0,0,failed
edge-7-grass-min,7,24004,0,16384,0,0,16384,0,0,0,0,456,15928,0.081969,17810711605240484000,16384,100000,100000,0,0,0,0,0,failed
edge-7-grass-min,7,24004,0,16384,0,0,16384,0,0,0,0,456,15928,0.047870,17810711605240484000,16384,100000,100000,0,0,0,0,0,failed
edge-7-grass-max,7,24001,1,16384,11093,783,1312,3196,10095,6485,12063,2385,1936,0.074527,9127560645823346963,453,5,36,3,555,176,187,103,ok
edge-7-grass-max,7,24001,1,16384,11093,783,1312,3196,10095,6485,12063,2385,1936,0.158525,9127560645823346963,453,5,36,3,555,176,187,103,ok
edge-7-grass-max,7,24003,1,16384,9270,1150,1771,4193,8327,4639,10471,3254,2659,0.034744,4133842926619578305,433,14,17,4,417,192,254,101,ok
edge-7-grass-max,7,24003,1,16384,9270,1150,1771,4193,8327,4639,10471,3254,2659,0.233804,4133842926619578305,433,14,17,4,417,192,254,101,ok
edge-7-grass-max,7,24004,1,16384,9250,1166,1820,4148,8334,4209,10515,3253,2616,0.022217,14889756881492068813,457,7,18,4,387,186,263,140,ok
edge-7-grass-max,7,24004,1,16384,9250,1166,1820,4148,8334,4209,10515,3253,2616,0.114765,14889756881492068813,457,7,18,4,387,186,263,140,ok
edge-7-smoothing-min,7,24001,1,16384,4637,3391,855,7501,3864,537,6907,7336,2141,0.011141,7854435468174684219,72,6,7,4,312,163,218,50,ok
edge-7-smoothing-min,7,24001,1,16384,4637,3391,855,7501,3864,537,6907,7336,2141,0.006329,7854435468174684219,72,6,7,4,312,163,218,50,ok
edge-7-smoothing-min,7,24003,1,16384,5166,3168,982,7068,4426,830,7368,6894,2122,0.010020,14522476709359291924,85,15,16,4,291,163,206,56,ok
edge-7-smoothing-min,7,24003,1,16384,5166,3168,982,7068,4426,830,7368,6894,2122,0.007431,14522476709359291924,85,15,16,4,291,163,206,56,ok
edge-7-smoothing-min,7,24004,1,16384,5275,2855,1246,7008,4542,941,7435,6489,2460,0.006783,4167283095269788562,131,8,16,4,299,203,151,66,ok
edge-7-smoothing-min,7,24004,1,16384,5275,2855,1246,7008,4542,941,7435,6489,2460,0.006278,4167283095269788562,131,8,16,4,299,203,151,66,ok
edge-7-smoothing-max,7,24001,0,16384,0,0,16384,0,0,0,8780,2386,5218,3.301861,253967105468988286,16384,100000,100000,0,0,0,0,0,failed
edge-7-smoothing-max,7,24001,0,16384,0,0,16384,0,0,0,8780,2386,5218,3.377591,253967105468988286,16384,100000,100000,0,0,0,0,0,failed
edge-7-smoothing-max,7,24003,1,16384,7956,814,4334,3280,7025,4090,8815,2463,5106,3.445955,2945018518815158476,232,8,17,4,496,206,149,158,ok
edge-7-smoothing-max,7,24003,1,16384,7956,814,4334,3280,7025,4090,8815,2463,5106,3.478460,2945018518815158476,232,8,17,4,496,206,149,158,ok
edge-7-smoothing-max,7,24004,1,16384,8319,709,4140,3216,7333,4189,9162,2322,4900,3.135704,926688446117414204,268,10,26,4,493,184,229,136,ok
edge-7-smoothing-max,7,24004,1,16384,8319,709,4140,3216,7333,4189,9162,2322,4900,3.287979,926688446117414204,268,10,26,4,493,184,229,136,ok
size-7-6-6-4,7,24001,1,4096,1581,375,621,1519,985,139,1962,1138,996,0.019082,4942677217394702267,41,9,13,4,294,103,119,76,ok
size-7-6-6-4,7,24001,1,4096,1581,375,621,1519,985,139,1962,1138,996,0.114679,4942677217394702267,41,9,13,4,294,103,119,76,ok
size-7-6-6-4,7,24003,1,4096,1926,295,692,1183,1224,247,2244,892,960,0.148391,9993748889653469060,92,10,12,4,307,166,149,70,ok
size-7-6-6-4,7,24003,1,4096,1926,295,692,1183,1224,247,2244,892,960,0.055659,9993748889653469060,92,10,12,4,307,166,149,70,ok
size-7-6-6-4,7,24004,0,4096,0,0,4096,0,0,0,2460,1206,430,0.033299,5764149895046820619,4096,100000,100000,0,0,0,0,0,failed
size-7-6-6-4,7,24004,0,4096,0,0,4096,0,0,0,2460,1206,430,0.113059,5764149895046820619,4096,100000,100000,0,0,0,0,0,failed
size-7-6-6-12,7,24001,0,4096,0,0,4096,0,0,0,1868,1165,1063,0.058378,3724996725508102354,4096,100000,100000,0,0,0,0,0,failed
size-7-6-6-12,7,24001,0,4096,0,0,4096,0,0,0,1868,1165,1063,0.025972,3724996725508102354,4096,100000,100000,0,0,0,0,0,failed
size-7-6-6-12,7,24003,0,4096,0,0,4096,0,0,0,2200,899,997,0.094144,3748852957731584147,4096,100000,100000,0,0,0,0,0,failed
size-7-6-6-12,7,24003,0,4096,0,0,4096,0,0,0,2200,899,997,0.017872,3748852957731584147,4096,100000,100000,0,0,0,0,0,failed
size-7-6-6-12,7,24004,0,4096,0,0,4096,0,0,0,2487,1180,429,0.021959,5764149895046820619,4096,100000,100000,0,0,0,0,0,failed
size-7-6-6-12,7,24004,0,4096,0,0,4096,0,0,0,2487,1180,429,0.022632,5764149895046820619,4096,100000,100000,0,0,0,0,0,failed
size-7-7-7-8,7,24001,1,16384,6567,1517,3009,5291,5025,1371,8049,4203,4132,0.129933,1760404624663908432,132,10,12,8,746,343,293,161,ok
size-7-7-7-8,7,24001,1,16384,6567,1517,3009,5291,5025,1371,8049,4203,4132,0.046047,1760404624663908432,132,10,12,8,746,343,293,161,ok
size-7-7-7-8,7,24003,1,16384,7095,1390,2948,4951,5554,1797,8500,3890,3994,0.093135,3541327904259981104,71,14,13,8,681,330,370,199,ok
size-7-7-7-8,7,24003,1,16384,7095,1390,2948,4951,5554,1797,8500,3890,3994,0.072566,3541327904259981104,71,14,13,8,681,330,370,199,ok
size-7-7-7-8,7,24004,0,16384,0,0,16384,0,0,0,9150,4668,2566,0.240752,17810711605240484000,16384,100000,100000,0,0,0,0,0,failed
size-7-7-7-8,7,24004,0,16384,0,0,16384,0,0,0,9150,4668,2566,0.119946,17810711605240484000,16384,100000,100000,0,0,0,0,0,failed
size-7-6-9-12,7,24001,0,32768,0,0,32768,0,0,0,16046,7940,8782,0.267628,17663834589658576963,32768,100000,100000,0,0,0,0,0,failed
size-7-6-9-12,7,24001,0,32768,0,0,32768,0,0,0,16046,7940,8782,0.119421,17663834589658576963,32768,100000,100000,0,0,0,0,0,failed
size-7-6-9-12,7,24003,0,32768,0,0,32768,0,0,0,16123,8205,8440,0.121072,2126817964852287323,32768,100000,100000,0,0,0,0,0,failed
size-7-6-9-12,7,24003,0,32768,0,0,32768,0,0,0,16123,8205,8440,0.143997,2126817964852287323,32768,100000,100000,0,0,0,0,0,failed
size-7-6-9-12,7,24004,0,32768,0,0,32768,0,0,0,17991,9354,5423,0.113465,14399021283580285130,32768,100000,100000,0,0,0,0,0,failed
size-7-6-9-12,7,24004,0,32768,0,0,32768,0,0,0,17991,9354,5423,0.037693,14399021283580285130,32768,100000,100000,0,0,0,0,0,failed
size-7-9-6-12,7,24001,1,32768,13001,2473,7384,9910,10314,3257,15703,7469,9596,0.123001,697173060607085614,115,12,38,11,1346,573,528,378,ok
size-7-9-6-12,7,24001,1,32768,13001,2473,7384,9910,10314,3257,15703,7469,9596,0.052905,697173060607085614,115,12,38,11,1346,573,528,378,ok
size-7-9-6-12,7,24003,0,32768,0,0,32768,0,0,0,17583,7586,7599,0.109105,4324331741806674723,32768,100000,100000,0,0,0,0,0,failed
size-7-9-6-12,7,24003,0,32768,0,0,32768,0,0,0,17583,7586,7599,0.116770,4324331741806674723,32768,100000,100000,0,0,0,0,0,failed
size-7-9-6-12,7,24004,0,32768,0,0,32768,0,0,0,18658,9739,4371,0.271079,1060199958884461770,32768,100000,100000,0,0,0,0,0,failed
size-7-9-6-12,7,24004,0,32768,0,0,32768,0,0,0,18658,9739,4371,0.115559,1060199958884461770,32768,100000,100000,0,0,0,0,0,failed
size-7-9-9-12,7,24001,1,262144,115973,20461,48225,77485,112961,59742,136825,59539,65780,0.894000,16861156850021574435,549,11,22,12,1421,690,661,363,ok
size-7-9-9-12,7,24001,1,262144,115973,20461,48225,77485,112961,59742,136825,59539,65780,0.865847,16861156850021574435,549,11,22,12,1421,690,661,363,ok
size-7-9-9-12,7,24003,1,262144,123593,20709,43844,73998,120485,63773,144618,57984,59542,0.975009,17276785293891729727,666,10,22,12,1580,609,679,387,ok
size-7-9-9-12,7,24003,1,262144,123593,20709,43844,73998,120485,63773,144618,57984,59542,0.991754,17276785293891729727,666,10,22,12,1580,609,679,387,ok
size-7-9-9-12,7,24004,1,262144,118599,28700,23874,90971,115508,44908,149999,74099,38046,1.230714,10847581075193611586,467,11,14,12,1679,549,623,311,ok
size-7-9-9-12,7,24004,1,262144,118599,28700,23874,90971,115508,44908,149999,74099,38046,1.097365,10847581075193611586,467,11,14,12,1679,549,623,311,ok
corner-7-min,7,24001,0,0,0,0,0,0,0,0,0,0,0,0.000005,14695981039346656037,0,100000,100000,0,0,0,0,0,failed
corner-7-min,7,24001,0,0,0,0,0,0,0,0,0,0,0,0.000005,14695981039346656037,0,100000,100000,0,0,0,0,0,failed
corner-7-min,7,24003,0,0,0,0,0,0,0,0,0,0,0,0.000006,14695981039346656037,0,100000,100000,0,0,0,0,0,failed
corner-7-min,7,24003,0,0,0,0,0,0,0,0,0,0,0,0.000005,14695981039346656037,0,100000,100000,0,0,0,0,0,failed
corner-7-min,7,24004,0,0,0,0,0,0,0,0,0,0,0,0.000004,14695981039346656037,0,100000,100000,0,0,0,0,0,failed
corner-7-min,7,24004,0,0,0,0,0,0,0,0,0,0,0,0.000004,14695981039346656037,0,100000,100000,0,0,0,0,0,failed
corner-7-max,7,24001,1,262144,61736,80069,58973,61366,58624,23551,76619,111541,73984,5.101618,3928696166872537512,199,7,13,12,1663,553,608,395,ok
corner-7-max,7,24001,1,262144,61736,80069,58973,61366,58624,23551,76619,111541,73984,5.273087,3928696166872537512,199,7,13,12,1663,553,608,395,ok
corner-7-max,7,24003,1,262144,62664,78735,60194,60551,59721,24893,77566,109731,74847,5.953248,15068249694491358920,230,11,22,12,1501,473,681,502,ok
corner-7-max,7,24003,1,262144,62664,78735,60194,60551,59721,24893,77566,109731,74847,5.364685,15068249694491358920,230,11,22,12,1501,473,681,502,ok
corner-7-max,7,24004,1,262144,64821,77421,60608,59294,61712,26156,79518,107701,74925,6.030400,16857853472906737771,258,11,16,12,1485,616,720,391,ok
corner-7-max,7,24004,1,262144,64821,77421,60608,59294,61712,26156,79518,107701,74925,3.885962,16857853472906737771,258,11,16,12,1485,616,720,391,ok
edge-8-width-min,8,24001,1,8192,4167,475,2012,1538,3068,1679,4511,1256,2425,0.023390,11168460705556684115,478,3,4,4,487,528,4,27,ok
edge-8-width-min,8,24001,1,8192,4167,475,2012,1538,3068,1679,4511,1256,2425,0.006128,11168460705556684115,478,3,4,4,487,528,4,27,ok
edge-8-width-min,8,24003,1,8192,3715,486,2424,1567,2725,1432,4027,1281,2884,0.006104,17785469579485744303,374,3,4,4,403,503,4,15,ok
edge-8-width-min,8,24003,1,8192,3715,486,2424,1567,2725,1432,4027,1281,2884,0.007637,17785469579485744303,374,3,4,4,403,503,4,15,ok
edge-8-width-min,8,24004,1,8192,4036,590,1864,1702,2875,1576,4400,1447,2345,0.007919,13688052440775195898,361,3,3,4,523,554,4,31,ok
edge-8-width-min,8,24004,1,8192,4036,590,1864,1702,2875,1576,4400,1447,2345,0.005369,13688052440775195898,361,3,3,4,523,554,4,31,ok
edge-8-width-max,8,24001,1,65536,47703,1431,11807,4595,33063,28267,48732,3756,13048,0.221746,16732010231130978669,1331,13,14,4,5516,9040,4,239,ok
edge-8-width-max,8,24001,1,65536,47703,1431,11807,4595,33063,28267,48732,3756,13048,0.343654,16732010231130978669,1331,13,14,4,5516,9040,4,239,ok
edge-8-width-max,8,24003,1,65536,45385,1406,14360,4385,30988,26301,46356,3628,15552,0.213345,13337121346526928145,1369,13,14,4,5896,8417,4,277,ok
edge-8-width-max,8,24003,1,65536,45385,1406,14360,4385,30988,26301,46356,3628,15552,0.362500,13337121346526928145,1369,13,14,4,5896,8417,4,277,ok
edge-8-width-max,8,24004,1,65536,45740,1633,12992,5171,30749,25697,46855,4240,14441,0.371658,1230238689060249801,1369,13,14,4,5328,9579,4,543,ok
edge-8-width-max,8,24004,1,65536,45740,1633,12992,5171,30749,25697,46855,4240,14441,0.254556,1230238689060249801,1369,13,14,4,5328,9579,4,543,ok
edge-8-height-min,8,24001,1,8192,3811,488,2340,1553,2816,1535,4157,1273,2762,0.023963,8092515821314941492,398,2,4,4,507,404,4,16,ok
edge-8-height-min,8,24001,1,8192,3811,488,2340,1553,2816,1535,4157,1273,2762,0.004608,8092515821314941492,398,2,4,4,507,404,4,16,ok
edge-8-height-min,8,24003,1,8192,3415,446,3016,1315,2377,1261,3684,1106,3402,0.011287,4553775760903998981,295,3,4,4,496,458,4,28,ok
edge-8-height-min,8,24003,1,8192,3415,446,3016,1315,2377,1261,3684,1106,3402,0.005565,4553775760903998981,295,3,4,4,496,458,4,28,ok
edge-8-height-min,8,24004,1,8192,3069,454,3261,1408,1950,869,3353,1165,3674,0.026750,10086129522298792280,182,3,4,4,489,546,4,21,ok
edge-8-height-min,8,24004,1,8192,3069,454,3261,1408,1950,869,3353,1165,3674,0.004667,10086129522298792280,182,3,4,4,489,546,4,21,ok
edge-8-height-max,8,24001,1,65536,47458,1401,12177,4500,32066,27256,48448,3669,13419,0.417064,16737113895491891884,1340,13,14,4,7213,8095,4,0,ok
edge-8-height-max,8,24001,1,65536,47458,1401,12177,4500,32066,27256,48448,3669,13419,0.284789,16737113895491891884,1340,13,14,4,7213,8095,4,0,ok
edge-8-height-max,8,24003,1,65536,46049,1751,12205,5531,30842,25849,47241,4537,13758,0.282010,12613659818067807716,1369,13,14,4,6451,8672,4,0,ok
edge-8-height-max,8,24003,1,65536,46049,1751,12205,5531,30842,25849,47241,4537,13758,0.249848,12613659818067807716,1369,13,14,4,6451,8672,4,0,ok
edge-8-height-max,8,24004,1,65536,42637,1729,15649,5521,29066,24337,43811,4528,17197,0.352061,6552194030669331597,1331,13,14,4,5362,8125,4,26,ok
edge-8-height-max,8,24004,1,65536,42637,1729,15649,5521,29066,24337,43811,4528,17197,0.324213,6552194030669331597,1331,13,14,4,5362,8125,4,26,ok
edge-8-teams-min,8,24001,1,16384,6966,459,7568,1391,4976,3907,7229,1157,7998,0.031341,8731846698091770699,1205,9,10,1,622,1347,1,121,ok
edge-8-teams-min,8,24001,1,16384,6966,459,7568,1391,4976,3907,7229,1157,7998,0.043410,8731846698091770699,1205,9,10,1,622,1347,1,121,ok
edge-8-teams-min,8,24003,1,16384,7483,477,6934,1490,5469,4389,7766,1231,7387,0.064573,8603429038783025515,1247,10,10,1,585,1408,1,117,ok
edge-8-teams-min,8,24003,1,16384,7483,477,6934,1490,5469,4389,7766,1231,7387,0.011875,8603429038783025515,1247,10,10,1,585,1408,1,117,ok
edge-8-teams-min,8,24004,1,16384,7065,414,7575,1330,4576,3586,7331,1076,7977,0.057349,1187664599781887709,1140,10,10,1,949,1519,1,121,ok
edge-8-teams-min,8,24004,1,16384,7065,414,7575,1330,4576,3586,7331,1076,7977,0.013850,1187664599781887709,1140,10,10,1,949,1519,1,121,ok
edge-8-teams-max,8,24001,1,16384,7758,1189,3871,3566,5789,2581,8526,3005,4853,0.008123,16900393535412682397,128,3,4,12,827,890,12,24,ok
edge-8-teams-max,8,24001,1,16384,7758,1189,3871,3566,5789,2581,8526,3005,4853,0.015489,16900393535412682397,128,3,4,12,827,890,12,24,ok
edge-8-teams-max,8,24003,1,16384,7419,1075,4516,3374,5537,2474,8143,2770,5471,0.008760,2282274312235013453,178,3,4,12,848,783,11,55,ok
edge-8-teams-max,8,24003,1,16384,7419,1075,4516,3374,5537,2474,8143,2770,5471,0.007175,2282274312235013453,178,3,4,12,848,783,11,55,ok
edge-8-teams-max,8,24004,1,16384,6957,1345,4019,4063,5295,2190,7772,3397,5215,0.009615,2586129154889094525,141,3,4,12,677,734,11,82,ok
edge-8-teams-max,8,24004,1,16384,6957,1345,4019,4063,5295,2190,7772,3397,5215,0.009106,2586129154889094525,141,3,4,12,677,734,11,82,ok
edge-8-workers-min,8,24001,1,16384,6350,789,6670,2575,4506,2615,6844,2083,7457,0.005736,6515502212627969163,440,5,6,4,765,1007,4,99,ok
edge-8-workers-min,8,24001,1,16384,6350,789,6670,2575,4506,2615,6844,2083,7457,0.004918,6515502212627969163,440,5,6,4,765,1007,4,99,ok
edge-8-workers-min,8,24003,1,16384,6052,820,6891,2621,4350,2440,6573,2131,7680,0.006827,5808590115991954283,460,5,6,4,882,748,4,98,ok
edge-8-workers-min,8,24003,1,16384,6052,820,6891,2621,4350,2440,6573,2131,7680,0.087149,5808590115991954283,460,5,6,4,882,748,4,98,ok
edge-8-workers-min,8,24004,1,16384,6036,808,7012,2528,4257,2396,6508,2077,7799,0.008937,8755176265363253992,513,5,6,4,880,827,4,100,ok
edge-8-workers-min,8,24004,1,16384,6036,808,7012,2528,4257,2396,6508,2077,7799,0.006001,8755176265363253992,513,5,6,4,880,827,4,100,ok
edge-8-workers-max,8,24001,1,16384,6350,789,6670,2575,4478,2575,6844,2083,7457,0.081936,6515502212627969163,430,5,5,4,765,1007,4,99,ok
edge-8-workers-max,8,24001,1,16384,6350,789,6670,2575,4478,2575,6844,2083,7457,0.005097,6515502212627969163,430,5,5,4,765,1007,4,99,ok
edge-8-workers-max,8,24003,1,16384,6052,820,6891,2621,4322,2400,6573,2131,7680,0.006804,5808590115991954283,450,5,5,4,882,748,4,98,ok
edge-8-workers-max,8,24003,1,16384,6052,820,6891,2621,4322,2400,6573,2131,7680,0.005200,5808590115991954283,450,5,5,4,882,748,4,98,ok
edge-8-workers-max,8,24004,1,16384,6036,808,7012,2528,4229,2356,6508,2077,7799,0.005224,8755176265363253992,503,5,5,4,880,827,4,100,ok
edge-8-workers-max,8,24004,1,16384,6036,808,7012,2528,4229,2356,6508,2077,7799,0.115159,8755176265363253992,503,5,5,4,880,827,4,100,ok
edge-8-island-size-min,8,24001,1,16384,4135,553,9707,1989,2991,1552,4505,1545,10334,0.004854,10172128676173860437,187,3,5,4,531,529,4,99,ok
edge-8-island-size-min,8,24001,1,16384,4135,553,9707,1989,2991,1552,4505,1545,10334,0.005815,10172128676173860437,187,3,5,4,531,529,4,99,ok
edge-8-island-size-min,8,24003,1,16384,3812,620,9763,2189,2801,1368,4225,1713,10446,0.080019,11538144604986265008,268,4,4,4,470,457,4,99,ok
edge-8-island-size-min,8,24003,1,16384,3812,620,9763,2189,2801,1368,4225,1713,10446,0.014929,11538144604986265008,268,4,4,4,470,457,4,99,ok
edge-8-island-size-min,8,24004,1,16384,3718,673,9965,2028,2673,1287,4105,1687,10592,0.004762,10959576368931806186,263,4,5,4,530,431,4,100,ok
edge-8-island-size-min,8,24004,1,16384,3718,673,9965,2028,2673,1287,4105,1687,10592,0.007813,10959576368931806186,263,4,5,4,530,431,4,100,ok
edge-8-island-size-max,8,24001,1,16384,7747,832,4999,2806,5396,3247,8301,2242,5841,0.005476,16066042146348431062,517,5,6,4,960,1307,4,91,ok
edge-8-island-size-max,8,24001,1,16384,7747,832,4999,2806,5396,3247,8301,2242,5841,0.025421,16066042146348431062,517,5,6,4,960,1307,4,91,ok
edge-8-island-size-max,8,24003,1,16384,7465,930,5151,2838,5018,2963,8001,2350,6033,0.007803,2882025045471101485,553,5,6,4,1281,1082,4,82,ok
edge-8-island-size-max,8,24003,1,16384,7465,930,5151,2838,5018,2963,8001,2350,6033,0.104742,2882025045471101485,553,5,6,4,1281,1082,4,82,ok
edge-8-island-size-max,8,24004,1,16384,7386,874,5304,2820,5009,2938,7917,2293,6174,0.010600,17272371466343954211,600,5,6,4,975,1318,4,98,ok
edge-8-island-size-max,8,24004,1,16384,7386,874,5304,2820,5009,2938,7917,2293,6174,0.005044,17272371466343954211,600,5,6,4,975,1318,4,98,ok
edge-8-beach-size-min,8,24001,1,16384,6357,475,7288,2264,4501,2605,6857,1610,7917,0.008022,642294031756670187,437,5,6,4,765,1007,4,100,ok
edge-8-beach-size-min,8,24001,1,16384,6357,475,7288,2264,4501,2605,6857,1610,7917,0.004196,642294031756670187,437,5,6,4,765,1007,4,100,ok
edge-8-beach-size-min,8,24003,1,16384,6057,497,7512,2318,4343,2430,6590,1662,8132,0.004405,11476863113224605731,457,5,6,4,882,748,4,100,ok
edge-8-beach-size-min,8,24003,1,16384,6057,497,7512,2318,4343,2430,6590,1662,8132,0.007247,11476863113224605731,457,5,6,4,882,748,4,100,ok
edge-8-beach-size-min,8,24004,1,16384,6040,503,7650,2191,4249,2385,6519,1602,8263,0.004310,18276758955520330632,510,5,6,4,880,827,4,100,ok
edge-8-beach-size-min,8,24004,1,16384,6040,503,7650,2191,4249,2385,6519,1602,8263,0.007436,18276758955520330632,510,5,6,4,880,827,4,100,ok
edge-8-beach-size-max,8,24001,1,16384,6336,2170,4829,3049,4480,2597,6815,3753,5816,0.030607,5803748850750772787,437,5,6,4,765,1007,4,78,ok
edge-8-beach-size-max,8,24001,1,16384,6336,2170,4829,3049,4480,2597,6815,3753,5816,0.017551,5803748850750772787,437,5,6,4,765,1007,4,78,ok
edge-8-beach-size-max,8,24003,1,16384,6038,2257,4995,3094,4324,2425,6537,3859,5988,0.007158,195699143552790923,456,5,6,4,882,748,4,80,ok
edge-8-beach-size-max,8,24003,1,16384,6038,2257,4995,3094,4324,2425,6537,3859,5988,0.065655,195699143552790923,456,5,6,4,882,748,4,80,ok
edge-8-beach-size-max,8,24004,1,16384,6030,2141,5127,3086,4239,2384,6491,3732,6161,0.008905,6657545027504875160,510,5,6,4,880,827,4,100,ok
edge-8-beach-size-max,8,24004,1,16384,6030,2141,5127,3086,4239,2384,6491,3732,6161,0.009795,6657545027504875160,510,5,6,4,880,827,4,100,ok
size-8-6-6-4,8,24001,1,4096,1582,388,942,1184,1087,323,1834,996,1266,0.001110,6499355411517282126,64,2,3,4,240,172,3,22,ok
size-8-6-6-4,8,24001,1,4096,1582,388,942,1184,1087,323,1834,996,1266,0.001630,6499355411517282126,64,2,3,4,240,172,3,22,ok
size-8-6-6-4,8,24003,1,4096,1790,418,668,1220,1299,473,2050,1045,1001,0.001221,6987438381204511612,180,2,3,4,202,205,4,16,ok
size-8-6-6-4,8,24003,1,4096,1790,418,668,1220,1299,473,2050,1045,1001,0.001387,6987438381204511612,180,2,3,4,202,205,4,16,ok
size-8-6-6-4,8,24004,1,4096,1864,409,525,1298,1300,425,2138,1078,880,0.000860,5781171558839341672,143,2,3,4,244,236,4,25,ok
size-8-6-6-4,8,24004,1,4096,1864,409,525,1298,1300,425,2138,1078,880,0.000860,5781171558839341672,143,2,3,4,244,236,4,25,ok
size-8-6-6-12,8,24001,1,4096,3031,247,82,736,2000,711,3266,629,201,0.006894,8654506366848622993,277,2,3,12,470,311,10,0,ok
size-8-6-6-12,8,24001,1,4096,3031,247,82,736,2000,711,3266,629,201,0.005010,8654506366848622993,277,2,3,12,470,311,10,0,ok
size-8-6-6-12,8,24003,1,4096,3093,295,55,653,2051,688,3304,633,159,0.004199,18078120065523699720,258,2,3,12,481,311,10,2,ok
size-8-6-6-12,8,24003,1,4096,3093,295,55,653,2051,688,3304,633,159,0.004389,18078120065523699720,258,2,3,12,481,311,10,2,ok
size-8-6-6-12,8,24004,1,4096,3090,205,128,673,2020,659,3315,545,236,0.006114,17738325349339576213,294,2,2,12,493,327,10,5,ok
size-8-6-6-12,8,24004,1,4096,3090,205,128,673,2020,659,3315,545,236,0.004699,17738325349339576213,294,2,2,12,493,327,10,5,ok
size-8-7-7-8,8,24001,1,16384,5702,964,6678,3040,4074,1777,6299,2490,7595,0.044214,7948674464223908679,93,3,4,8,666,794,8,63,ok
size-8-7-7-8,8,24001,1,16384,5702,964,6678,3040,4074,1777,6299,2490,7595,0.055451,7948674464223908679,93,3,4,8,666,794,8,63,ok
size-8-7-7-8,8,24003,1,16384,6457,895,6096,2936,4665,2157,7057,2371,6956,0.009191,5605007882511156480,198,3,4,8,720,904,8,41,ok
size-8-7-7-8,8,24003,1,16384,6457,895,6096,2936,4665,2157,7057,2371,6956,0.011074,5605007882511156480,198,3,4,8,720,904,8,41,ok
size-8-7-7-8,8,24004,1,16384,6208,976,6116,3084,4443,2087,6811,2533,7040,0.007935,2557215965569984820,233,3,4,8,715,882,8,54,ok
size-8-7-7-8,8,24004,1,16384,6208,976,6116,3084,4443,2087,6811,2533,7040,0.020009,2557215965569984820,233,3,4,8,715,882,8,54,ok
size-8-6-9-12,8,24001,1,32768,29759,414,1357,1238,17594,13078,30100,1040,1628,0.031754,1146600372999166395,725,6,7,12,5196,6718,11,0,ok
size-8-6-9-12,8,24001,1,32768,29759,414,1357,1238,17594,13078,30100,1040,1628,0.134063,1146600372999166395,725,6,7,12,5196,6718,11,0,ok
size-8-6-9-12,8,24003,1,32768,29903,541,832,1492,18105,13671,30308,1293,1167,0.106047,439073163953902621,796,6,7,12,5184,6362,12,0,ok
size-8-6-9-12,8,24003,1,32768,29903,541,832,1492,18105,13671,30308,1293,1167,0.108150,439073163953902621,796,6,7,12,5184,6362,12,0,ok
size-8-6-9-12,8,24004,1,32768,29513,552,980,1723,17263,12406,29983,1433,1352,0.114159,1615816978887300187,732,6,7,12,5073,6925,12,0,ok
size-8-6-9-12,8,24004,1,32768,29513,552,980,1723,17263,12406,29983,1433,1352,0.015979,1615816978887300187,732,6,7,12,5073,6925,12,0,ok
size-8-9-6-12,8,24001,1,32768,30314,572,212,1670,18051,13234,30807,1433,528,0.083175,10246488510024421728,664,6,7,12,4881,7130,12,11,ok
size-8-9-6-12,8,24001,1,32768,30314,572,212,1670,18051,13234,30807,1433,528,0.036305,10246488510024421728,664,6,7,12,4881,7130,12,11,ok
size-8-9-6-12,8,24003,1,32768,28972,708,932,2156,16986,12213,29547,1811,1410,0.103459,10334973683976933424,591,6,7,12,4854,6880,12,2,ok
size-8-9-6-12,8,24003,1,32768,28972,708,932,2156,16986,12213,29547,1811,1410,0.105073,10334973683976933424,591,6,7,12,4854,6880,12,2,ok
size-8-9-6-12,8,24004,1,32768,29356,664,716,2032,17411,12858,29870,1708,1190,0.118923,592925104582868716,586,6,7,12,4350,7343,12,5,ok
size-8-9-6-12,8,24004,1,32768,29356,664,716,2032,17411,12858,29870,1708,1190,0.043719,592925104582868716,586,6,7,12,4350,7343,12,5,ok
size-8-9-9-12,8,24001,1,262144,122523,5699,115974,17948,85439,70549,126210,14732,121202,1.380596,639902297847682829,1216,12,13,12,17030,19802,12,1756,ok
size-8-9-9-12,8,24001,1,262144,122523,5699,115974,17948,85439,70549,126210,14732,121202,1.213039,639902297847682829,1216,12,13,12,17030,19802,12,1756,ok
size-8-9-9-12,8,24003,1,262144,116913,5448,122562,17221,81595,66803,120458,14107,127579,1.400221,13366311633393428937,1245,12,13,12,14847,20219,12,1505,ok
size-8-9-9-12,8,24003,1,262144,116913,5448,122562,17221,81595,66803,120458,14107,127579,1.301910,13366311633393428937,1245,12,13,12,14847,20219,12,1505,ok
size-8-9-9-12,8,24004,1,262144,119369,5846,118969,17960,82617,68027,123048,14883,124213,1.291885,876562435972935345,1245,12,13,12,14249,22251,12,2026,ok
size-8-9-9-12,8,24004,1,262144,119369,5846,118969,17960,82617,68027,123048,14883,124213,1.182049,876562435972935345,1245,12,13,12,14249,22251,12,2026,ok
corner-8-min,8,24001,1,4096,754,88,2858,396,509,230,836,287,2973,0.001091,2094329235498495192,230,3,4,1,156,71,1,25,ok
corner-8-min,8,24001,1,4096,754,88,2858,396,509,230,836,287,2973,0.001493,2094329235498495192,230,3,4,1,156,71,1,25,ok
corner-8-min,8,24003,1,4096,738,89,2841,428,522,226,833,305,2958,0.000964,11439071887512958536,226,3,5,1,114,84,1,25,ok
corner-8-min,8,24003,1,4096,738,89,2841,428,522,226,833,305,2958,0.000970,11439071887512958536,226,3,5,1,114,84,1,25,ok
corner-8-min,8,24004,1,4096,823,81,2754,438,677,347,920,301,2875,0.000989,17713212695282631944,341,3,4,1,49,79,1,25,ok
corner-8-min,8,24004,1,4096,823,81,2754,438,677,347,920,301,2875,0.000961,17713212695282631944,341,3,4,1,49,79,1,25,ok
corner-8-max,8,24001,1,262144,137991,15548,88089,20516,93443,77856,141558,26250,94336,1.640130,6975546691930020269,1236,12,12,12,18311,25937,12,1370,ok
corner-8-max,8,24001,1,262144,137991,15548,88089,20516,93443,77856,141558,26250,94336,1.640624,6975546691930020269,1236,12,12,12,18311,25937,12,1370,ok
corner-8-max,8,24003,1,262144,131834,14505,96383,19422,88851,73699,135281,24557,102306,1.549813,13500037929696646449,1236,12,12,12,16689,25994,12,1224,ok
corner-8-max,8,24003,1,262144,131834,14505,96383,19422,88851,73699,135281,24557,102306,1.594883,13500037929696646449,1236,12,12,12,16689,25994,12,1224,ok
corner-8-max,8,24004,1,262144,134906,15168,91778,20292,90927,75562,138482,25724,97938,1.523318,8163465322631622208,1228,12,12,12,17357,26322,12,1936,ok
corner-8-max,8,24004,1,262144,134906,15168,91778,20292,90927,75562,138482,25724,97938,1.487342,8163465322631622208,1228,12,12,12,17357,26322,12,1936,ok
