tick,event,kind,building,unit,live_choice,fresh_choice,live_resource,fresh_resource,live_score,fresh_score,changed,harm_cost,live_age,pending,live_reason,fresh_reason,building_identity,unit_identity,live_identity,fresh_identity
512,1,hiring,2,-1,-1,-1,-1,-1,-1,-1,0,0,512,0,-1,-1,1,0,0,0
512,2,hiring,3,-1,-1,-1,-1,-1,-1,-1,0,0,512,0,-1,-1,1,0,0,0
512,3,hiring,4,-1,-1,-1,-1,-1,-1,-1,0,0,512,0,-1,-1,1,0,0,0
512,4,hiring,5,-1,-1,-1,-1,-1,-1,-1,0,0,512,0,-1,-1,1,0,0,0
512,5,hiring,6,-1,-1,-1,-1,-1,-1,-1,0,0,512,0,-1,-1,1,0,0,0
512,6,hiring,7,-1,-1,-1,-1,-1,-1,-1,0,0,512,0,-1,-1,1,0,0,0
512,7,hiring,8,-1,-1,-1,-1,-1,-1,-1,0,0,512,0,-1,-1,1,0,0,0
512,8,hiring,9,-1,-1,-1,-1,-1,-1,-1,0,0,512,0,-1,-1,1,0,0,0
512,9,hiring,10,-1,-1,-1,-1,-1,-1,-1,0,0,512,0,-1,-1,1,0,0,0
512,10,hiring,10,-1,-1,-1,-1,-1,-1,-1,0,0,512,0,-1,-1,1,0,0,0
512,11,hiring,10,-1,-1,-1,-1,-1,-1,-1,0,0,512,0,-1,-1,1,0,0,0
512,12,hiring,10,-1,-1,-1,-1,-1,-1,-1,0,0,512,0,-1,-1,1,0,0,0
512,13,hiring,11,-1,-1,-1,-1,-1,-1,-1,0,0,512,0,-1,-1,1,0,0,0
512,14,hiring_candidate,0,1,-1,-1,1,1,0,0,0,0,237,0,0,0,1,1,0,0
512,14,hiring,0,-1,-1,-1,-1,-1,-1,-1,0,0,237,0,-1,-1,1,0,0,0
512,15,hiring_candidate,1,0,-1,-1,0,0,0,0,0,0,233,0,0,0,1,1,0,0
512,15,hiring,1,-1,-1,-1,-1,-1,-1,-1,0,0,233,0,-1,-1,1,0,0,0
512,16,hiring_candidate,1024,1024,-1,-1,1,1,0,0,0,0,405,0,0,0,1,1,0,0
512,16,hiring,1024,-1,-1,-1,-1,-1,-1,-1,0,0,405,0,-1,-1,1,0,0,0
512,17,hiring,2049,-1,-1,-1,-1,-1,-1,-1,0,0,512,0,-1,-1,1,0,0,0
512,18,hiring,2050,-1,-1,-1,-1,-1,-1,-1,0,0,512,0,-1,-1,1,0,0,0
512,19,hiring,2052,-1,-1,-1,-1,-1,-1,-1,0,0,512,0,-1,-1,1,0,0,0
512,20,hiring,2053,-1,-1,-1,-1,-1,-1,-1,0,0,512,0,-1,-1,1,0,0,0
512,21,hiring,2054,-1,-1,-1,-1,-1,-1,-1,0,0,512,0,-1,-1,1,0,0,0
512,22,hiring,2055,-1,-1,-1,-1,-1,-1,-1,0,0,512,0,-1,-1,1,0,0,0
512,23,hiring,2056,-1,-1,-1,-1,-1,-1,-1,0,0,512,0,-1,-1,1,0,0,0
512,24,hiring,2057,-1,-1,-1,-1,-1,-1,-1,0,0,512,0,-1,-1,1,0,0,0
512,25,hiring,2058,-1,-1,-1,-1,-1,-1,-1,0,0,512,0,-1,-1,1,0,0,0
512,26,hiring,2058,-1,-1,-1,-1,-1,-1,-1,0,0,512,0,-1,-1,1,0,0,0
512,27,hiring,2058,-1,-1,-1,-1,-1,-1,-1,0,0,512,0,-1,-1,1,0,0,0
512,28,hiring,2058,-1,-1,-1,-1,-1,-1,-1,0,0,512,0,-1,-1,1,0,0,0
512,29,hiring,2059,-1,-1,-1,-1,-1,-1,-1,0,0,512,0,-1,-1,1,0,0,0
512,30,hiring_candidate,2048,2049,-1,-1,1,1,0,0,0,0,341,0,0,0,1,1,0,0
512,30,hiring,2048,-1,-1,-1,-1,-1,-1,-1,0,0,341,0,-1,-1,1,0,0,0
512,31,hiring_candidate,2051,2048,-1,-1,0,0,0,0,0,0,394,0,0,0,1,1,0,0
512,31,hiring,2051,-1,-1,-1,-1,-1,-1,-1,0,0,394,0,-1,-1,1,0,0,0
512,32,hiring_candidate,3073,3073,-1,-1,0,0,0,0,0,0,460,0,0,0,1,1,0,0
512,32,hiring,3073,-1,-1,-1,-1,-1,-1,-1,0,0,460,0,-1,-1,1,0,0,0
512,33,hiring_candidate,3072,3072,-1,-1,1,1,0,0,0,0,381,0,0,0,1,1,0,0
512,33,hiring,3072,-1,-1,-1,-1,-1,-1,-1,0,0,381,0,-1,-1,1,0,0,0
512,34,hiring,4097,-1,-1,-1,-1,-1,-1,-1,0,0,512,0,-1,-1,1,0,0,0
512,35,hiring,4098,-1,-1,-1,-1,-1,-1,-1,0,0,512,0,-1,-1,1,0,0,0
512,36,hiring,4099,-1,-1,-1,-1,-1,-1,-1,0,0,512,0,-1,-1,1,0,0,0
512,37,hiring,4100,-1,-1,-1,-1,-1,-1,-1,0,0,512,0,-1,-1,1,0,0,0
512,38,hiring,4101,-1,-1,-1,-1,-1,-1,-1,0,0,512,0,-1,-1,1,0,0,0
512,39,hiring,4102,-1,-1,-1,-1,-1,-1,-1,0,0,512,0,-1,-1,1,0,0,0
512,40,hiring,4103,-1,-1,-1,-1,-1,-1,-1,0,0,512,0,-1,-1,1,0,0,0
512,41,hiring,4104,-1,-1,-1,-1,-1,-1,-1,0,0,512,0,-1,-1,1,0,0,0
512,42,hiring,4105,-1,-1,-1,-1,-1,-1,-1,0,0,512,0,-1,-1,1,0,0,0
512,43,hiring,4105,-1,-1,-1,-1,-1,-1,-1,0,0,512,0,-1,-1,1,0,0,0
512,44,hiring,4105,-1,-1,-1,-1,-1,-1,-1,0,0,512,0,-1,-1,1,0,0,0
512,45,hiring,4105,-1,-1,-1,-1,-1,-1,-1,0,0,512,0,-1,-1,1,0,0,0
512,46,hiring,4106,-1,-1,-1,-1,-1,-1,-1,0,0,512,0,-1,-1,1,0,0,0
512,47,hiring,4096,-1,-1,-1,-1,-1,-1,-1,0,0,231,0,-1,-1,1,0,0,0
512,48,hiring_candidate,5121,5120,-1,-1,0,0,0,0,0,0,460,0,0,0,1,1,0,0
512,48,hiring,5121,-1,-1,-1,-1,-1,-1,-1,0,0,460,0,-1,-1,1,0,0,0
512,49,hiring_candidate,5120,5121,-1,-1,1,1,0,0,0,0,46,0,0,0,1,1,0,0
512,49,hiring,5120,-1,-1,-1,-1,-1,-1,-1,0,0,46,0,-1,-1,1,0,0,0
512,50,hiring,6145,-1,-1,-1,-1,-1,-1,-1,0,0,512,0,-1,-1,1,0,0,0
512,51,hiring,6146,-1,-1,-1,-1,-1,-1,-1,0,0,512,0,-1,-1,1,0,0,0
512,52,hiring,6147,-1,-1,-1,-1,-1,-1,-1,0,0,512,0,-1,-1,1,0,0,0
512,53,hiring,6148,-1,-1,-1,-1,-1,-1,-1,0,0,512,0,-1,-1,1,0,0,0
512,54,hiring,6149,-1,-1,-1,-1,-1,-1,-1,0,0,512,0,-1,-1,1,0,0,0
512,55,hiring,6150,-1,-1,-1,-1,-1,-1,-1,0,0,512,0,-1,-1,1,0,0,0
512,56,hiring,6151,-1,-1,-1,-1,-1,-1,-1,0,0,512,0,-1,-1,1,0,0,0
512,57,hiring,6152,-1,-1,-1,-1,-1,-1,-1,0,0,512,0,-1,-1,1,0,0,0
512,58,hiring,6153,-1,-1,-1,-1,-1,-1,-1,0,0,512,0,-1,-1,1,0,0,0
512,59,hiring,6153,-1,-1,-1,-1,-1,-1,-1,0,0,512,0,-1,-1,1,0,0,0
512,60,hiring,6153,-1,-1,-1,-1,-1,-1,-1,0,0,512,0,-1,-1,1,0,0,0
512,61,hiring,6153,-1,-1,-1,-1,-1,-1,-1,0,0,512,0,-1,-1,1,0,0,0
512,62,hiring,6154,-1,-1,-1,-1,-1,-1,-1,0,0,512,0,-1,-1,1,0,0,0
512,63,hiring,6144,-1,-1,-1,-1,-1,-1,-1,0,0,356,0,-1,-1,1,0,0,0
512,64,hiring_candidate,7169,7168,-1,-1,0,0,0,0,0,0,460,0,0,0,1,1,0,0
512,64,hiring,7169,-1,-1,-1,-1,-1,-1,-1,0,0,460,0,-1,-1,1,0,0,0
512,65,hiring_candidate,7168,7169,-1,-1,1,1,0,0,0,0,176,0,0,0,1,1,0,0
512,65,hiring,7168,-1,-1,-1,-1,-1,-1,-1,0,0,176,0,-1,-1,1,0,0,0
512,66,hiring,8193,-1,-1,-1,-1,-1,-1,-1,0,0,512,0,-1,-1,1,0,0,0
512,67,hiring,8194,-1,-1,-1,-1,-1,-1,-1,0,0,512,0,-1,-1,1,0,0,0
512,68,hiring,8196,-1,-1,-1,-1,-1,-1,-1,0,0,512,0,-1,-1,1,0,0,0
512,69,hiring,8197,-1,-1,-1,-1,-1,-1,-1,0,0,512,0,-1,-1,1,0,0,0
512,70,hiring,8198,-1,-1,-1,-1,-1,-1,-1,0,0,512,0,-1,-1,1,0,0,0
512,71,hiring,8199,-1,-1,-1,-1,-1,-1,-1,0,0,512,0,-1,-1,1,0,0,0
512,72,hiring,8200,-1,-1,-1,-1,-1,-1,-1,0,0,512,0,-1,-1,1,0,0,0
512,73,hiring,8201,-1,-1,-1,-1,-1,-1,-1,0,0,512,0,-1,-1,1,0,0,0
512,74,hiring,8202,-1,-1,-1,-1,-1,-1,-1,0,0,512,0,-1,-1,1,0,0,0
512,75,hiring,8202,-1,-1,-1,-1,-1,-1,-1,0,0,512,0,-1,-1,1,0,0,0
512,76,hiring,8202,-1,-1,-1,-1,-1,-1,-1,0,0,512,0,-1,-1,1,0,0,0
512,77,hiring,8202,-1,-1,-1,-1,-1,-1,-1,0,0,512,0,-1,-1,1,0,0,0
512,78,hiring,8203,-1,-1,-1,-1,-1,-1,-1,0,0,512,0,-1,-1,1,0,0,0
512,79,hiring_candidate,8192,8193,-1,-1,1,1,0,0,0,0,407,0,0,0,1,1,0,0
512,79,hiring,8192,-1,-1,-1,-1,-1,-1,-1,0,0,407,0,-1,-1,1,0,0,0
512,80,hiring_candidate,8195,8192,-1,-1,0,0,0,0,0,0,397,0,0,0,1,1,0,0
512,80,hiring,8195,-1,-1,-1,-1,-1,-1,-1,0,0,397,0,-1,-1,1,0,0,0
512,81,hiring_candidate,9217,9216,-1,-1,0,0,0,0,0,0,24,0,0,0,1,1,0,0
512,81,hiring,9217,-1,-1,-1,-1,-1,-1,-1,0,0,24,0,-1,-1,1,0,0,0
512,82,hiring_candidate,9216,9217,-1,-1,1,1,0,0,0,0,371,0,0,0,1,1,0,0
512,82,hiring,9216,-1,-1,-1,-1,-1,-1,-1,0,0,371,0,-1,-1,1,0,0,0
512,83,hiring,10241,-1,-1,-1,-1,-1,-1,-1,0,0,512,0,-1,-1,1,0,0,0
512,84,hiring,10242,-1,-1,-1,-1,-1,-1,-1,0,0,512,0,-1,-1,1,0,0,0
512,85,hiring,10244,-1,-1,-1,-1,-1,-1,-1,0,0,512,0,-1,-1,1,0,0,0
512,86,hiring,10245,-1,-1,-1,-1,-1,-1,-1,0,0,512,0,-1,-1,1,0,0,0
512,87,hiring,10246,-1,-1,-1,-1,-1,-1,-1,0,0,512,0,-1,-1,1,0,0,0
512,88,hiring,10247,-1,-1,-1,-1,-1,-1,-1,0,0,512,0,-1,-1,1,0,0,0
512,89,hiring,10248,-1,-1,-1,-1,-1,-1,-1,0,0,512,0,-1,-1,1,0,0,0
512,90,hiring,10249,-1,-1,-1,-1,-1,-1,-1,0,0,512,0,-1,-1,1,0,0,0
512,91,hiring,10250,-1,-1,-1,-1,-1,-1,-1,0,0,512,0,-1,-1,1,0,0,0
512,92,hiring,10251,-1,-1,-1,-1,-1,-1,-1,0,0,512,0,-1,-1,1,0,0,0
512,93,hiring,10251,-1,-1,-1,-1,-1,-1,-1,0,0,512,0,-1,-1,1,0,0,0
512,94,hiring,10251,-1,-1,-1,-1,-1,-1,-1,0,0,512,0,-1,-1,1,0,0,0
512,95,hiring,10251,-1,-1,-1,-1,-1,-1,-1,0,0,512,0,-1,-1,1,0,0,0
512,96,hiring_candidate,10240,10240,-1,-1,1,1,0,0,0,0,382,0,0,0,1,1,0,0
512,96,hiring,10240,-1,-1,-1,-1,-1,-1,-1,0,0,382,0,-1,-1,1,0,0,0
512,97,hiring_candidate,10243,10241,-1,-1,0,0,0,0,0,0,392,0,0,0,1,1,0,0
512,97,hiring,10243,-1,-1,-1,-1,-1,-1,-1,0,0,392,0,-1,-1,1,0,0,0
513,98,hiring,2,-1,-1,-1,-1,-1,-1,-1,0,0,513,0,-1,-1,1,0,0,0
513,99,hiring,3,-1,-1,-1,-1,-1,-1,-1,0,0,513,0,-1,-1,1,0,0,0
513,100,hiring,4,-1,-1,-1,-1,-1,-1,-1,0,0,513,0,-1,-1,1,0,0,0
513,101,hiring,5,-1,-1,-1,-1,-1,-1,-1,0,0,513,0,-1,-1,1,0,0,0
513,102,hiring,6,-1,-1,-1,-1,-1,-1,-1,0,0,513,0,-1,-1,1,0,0,0
513,103,hiring,7,-1,-1,-1,-1,-1,-1,-1,0,0,513,0,-1,-1,1,0,0,0
513,104,hiring,8,-1,-1,-1,-1,-1,-1,-1,0,0,513,0,-1,-1,1,0,0,0
513,105,hiring,9,-1,-1,-1,-1,-1,-1,-1,0,0,513,0,-1,-1,1,0,0,0
513,106,hiring,10,-1,-1,-1,-1,-1,-1,-1,0,0,513,0,-1,-1,1,0,0,0
513,107,hiring,11,-1,-1,-1,-1,-1,-1,-1,0,0,513,0,-1,-1,1,0,0,0
513,108,hiring_candidate,0,1,-1,-1,1,1,0,0,0,0,238,0,0,0,1,1,0,0
513,108,hiring,0,-1,-1,-1,-1,-1,-1,-1,0,0,238,0,-1,-1,1,0,0,0
513,109,hiring_candidate,1,0,-1,-1,0,0,0,0,0,0,234,0,0,0,1,1,0,0
513,109,hiring,1,-1,-1,-1,-1,-1,-1,-1,0,0,234,0,-1,-1,1,0,0,0
513,110,hiring_candidate,1024,1024,-1,-1,1,1,0,0,0,0,406,0,0,0,1,1,0,0
513,110,hiring,1024,-1,-1,-1,-1,-1,-1,-1,0,0,406,0,-1,-1,1,0,0,0
513,111,hiring,2049,-1,-1,-1,-1,-1,-1,-1,0,0,513,0,-1,-1,1,0,0,0
513,112,hiring,2050,-1,-1,-1,-1,-1,-1,-1,0,0,513,0,-1,-1,1,0,0,0
513,113,hiring,2052,-1,-1,-1,-1,-1,-1,-1,0,0,513,0,-1,-1,1,0,0,0
513,114,hiring,2053,-1,-1,-1,-1,-1,-1,-1,0,0,513,0,-1,-1,1,0,0,0
513,115,hiring,2054,-1,-1,-1,-1,-1,-1,-1,0,0,513,0,-1,-1,1,0,0,0
513,116,hiring,2055,-1,-1,-1,-1,-1,-1,-1,0,0,513,0,-1,-1,1,0,0,0
513,117,hiring,2056,-1,-1,-1,-1,-1,-1,-1,0,0,513,0,-1,-1,1,0,0,0
513,118,hiring,2057,-1,-1,-1,-1,-1,-1,-1,0,0,513,0,-1,-1,1,0,0,0
513,119,hiring,2058,-1,-1,-1,-1,-1,-1,-1,0,0,513,0,-1,-1,1,0,0,0
513,120,hiring,2059,-1,-1,-1,-1,-1,-1,-1,0,0,513,0,-1,-1,1,0,0,0
513,121,hiring_candidate,2048,2049,-1,-1,1,1,0,0,0,0,342,0,0,0,1,1,0,0
513,121,hiring,2048,-1,-1,-1,-1,-1,-1,-1,0,0,342,0,-1,-1,1,0,0,0
513,122,hiring_candidate,2051,2048,-1,-1,0,0,0,0,0,0,395,0,0,0,1,1,0,0
513,122,hiring,2051,-1,-1,-1,-1,-1,-1,-1,0,0,395,0,-1,-1,1,0,0,0
513,123,hiring_candidate,3073,3073,-1,-1,0,0,0,0,0,0,461,0,0,0,1,1,0,0
513,123,hiring,3073,-1,-1,-1,-1,-1,-1,-1,0,0,461,0,-1,-1,1,0,0,0
513,124,hiring_candidate,3072,3072,-1,-1,1,1,0,0,0,0,382,0,0,0,1,1,0,0
513,124,hiring,3072,-1,-1,-1,-1,-1,-1,-1,0,0,382,0,-1,-1,1,0,0,0
513,125,hiring,4097,-1,-1,-1,-1,-1,-1,-1,0,0,513,0,-1,-1,1,0,0,0
513,126,hiring,4098,-1,-1,-1,-1,-1,-1,-1,0,0,513,0,-1,-1,1,0,0,0
513,127,hiring,4099,-1,-1,-1,-1,-1,-1,-1,0,0,513,0,-1,-1,1,0,0,0
513,128,hiring,4100,-1,-1,-1,-1,-1,-1,-1,0,0,513,0,-1,-1,1,0,0,0
513,129,hiring,4101,-1,-1,-1,-1,-1,-1,-1,0,0,513,0,-1,-1,1,0,0,0
513,130,hiring,4102,-1,-1,-1,-1,-1,-1,-1,0,0,513,0,-1,-1,1,0,0,0
513,131,hiring,4103,-1,-1,-1,-1,-1,-1,-1,0,0,513,0,-1,-1,1,0,0,0
513,132,hiring,4104,-1,-1,-1,-1,-1,-1,-1,0,0,513,0,-1,-1,1,0,0,0
513,133,hiring,4105,-1,-1,-1,-1,-1,-1,-1,0,0,513,0,-1,-1,1,0,0,0
513,134,hiring,4106,-1,-1,-1,-1,-1,-1,-1,0,0,513,0,-1,-1,1,0,0,0
513,135,hiring,4096,-1,-1,-1,-1,-1,-1,-1,0,0,232,0,-1,-1,1,0,0,0
513,136,hiring_candidate,5121,5120,-1,-1,0,0,0,0,0,0,461,0,0,0,1,1,0,0
513,136,hiring,5121,-1,-1,-1,-1,-1,-1,-1,0,0,461,0,-1,-1,1,0,0,0
513,137,hiring_candidate,5120,5121,-1,-1,1,1,0,0,0,0,47,0,0,0,1,1,0,0
513,137,hiring,5120,-1,-1,-1,-1,-1,-1,-1,0,0,47,0,-1,-1,1,0,0,0
513,138,hiring,6145,-1,-1,-1,-1,-1,-1,-1,0,0,513,0,-1,-1,1,0,0,0
513,139,hiring,6146,-1,-1,-1,-1,-1,-1,-1,0,0,513,0,-1,-1,1,0,0,0
513,140,hiring,6147,-1,-1,-1,-1,-1,-1,-1,0,0,513,0,-1,-1,1,0,0,0
513,141,hiring,6148,-1,-1,-1,-1,-1,-1,-1,0,0,513,0,-1,-1,1,0,0,0
513,142,hiring,6149,-1,-1,-1,-1,-1,-1,-1,0,0,513,0,-1,-1,1,0,0,0
513,143,hiring,6150,-1,-1,-1,-1,-1,-1,-1,0,0,513,0,-1,-1,1,0,0,0
513,144,hiring,6151,-1,-1,-1,-1,-1,-1,-1,0,0,513,0,-1,-1,1,0,0,0
513,145,hiring,6152,-1,-1,-1,-1,-1,-1,-1,0,0,513,0,-1,-1,1,0,0,0
513,146,hiring,6153,-1,-1,-1,-1,-1,-1,-1,0,0,513,0,-1,-1,1,0,0,0
513,147,hiring,6154,-1,-1,-1,-1,-1,-1,-1,0,0,513,0,-1,-1,1,0,0,0
513,148,hiring_candidate,6144,6146,6146,6146,1,1,2048,2304,0,0,357,0,-1,-1,1,1,1,1
513,148,hiring,6144,-1,6146,6146,1,1,2048,2304,0,0,357,0,-1,-1,1,0,1,1
513,149,hiring,6144,-1,-1,-1,-1,-1,-1,-1,0,0,357,0,-1,-1,1,0,0,0
513,150,hiring_candidate,7169,7168,-1,-1,0,0,0,0,0,0,461,0,0,0,1,1,0,0
513,150,hiring,7169,-1,-1,-1,-1,-1,-1,-1,0,0,461,0,-1,-1,1,0,0,0
513,151,hiring_candidate,7168,7169,-1,-1,1,1,0,0,0,0,177,0,0,0,1,1,0,0
513,151,hiring,7168,-1,-1,-1,-1,-1,-1,-1,0,0,177,0,-1,-1,1,0,0,0
513,152,hiring,8193,-1,-1,-1,-1,-1,-1,-1,0,0,513,0,-1,-1,1,0,0,0
513,153,hiring,8194,-1,-1,-1,-1,-1,-1,-1,0,0,513,0,-1,-1,1,0,0,0
513,154,hiring,8196,-1,-1,-1,-1,-1,-1,-1,0,0,513,0,-1,-1,1,0,0,0
513,155,hiring,8197,-1,-1,-1,-1,-1,-1,-1,0,0,513,0,-1,-1,1,0,0,0
513,156,hiring,8198,-1,-1,-1,-1,-1,-1,-1,0,0,513,0,-1,-1,1,0,0,0
513,157,hiring,8199,-1,-1,-1,-1,-1,-1,-1,0,0,513,0,-1,-1,1,0,0,0
513,158,hiring,8200,-1,-1,-1,-1,-1,-1,-1,0,0,513,0,-1,-1,1,0,0,0
513,159,hiring,8201,-1,-1,-1,-1,-1,-1,-1,0,0,513,0,-1,-1,1,0,0,0
513,160,hiring,8202,-1,-1,-1,-1,-1,-1,-1,0,0,513,0,-1,-1,1,0,0,0
513,161,hiring,8203,-1,-1,-1,-1,-1,-1,-1,0,0,513,0,-1,-1,1,0,0,0
513,162,hiring_candidate,8192,8193,-1,-1,1,1,0,0,0,0,408,0,0,0,1,1,0,0
513,162,hiring,8192,-1,-1,-1,-1,-1,-1,-1,0,0,408,0,-1,-1,1,0,0,0
513,163,hiring_candidate,8195,8192,-1,-1,0,0,0,0,0,0,398,0,0,0,1,1,0,0
513,163,hiring,8195,-1,-1,-1,-1,-1,-1,-1,0,0,398,0,-1,-1,1,0,0,0
513,164,hiring_candidate,9217,9216,-1,-1,0,0,0,0,0,0,25,0,0,0,1,1,0,0
513,164,hiring,9217,-1,-1,-1,-1,-1,-1,-1,0,0,25,0,-1,-1,1,0,0,0
513,165,hiring_candidate,9216,9217,-1,-1,1,1,0,0,0,0,372,0,0,0,1,1,0,0
513,165,hiring,9216,-1,-1,-1,-1,-1,-1,-1,0,0,372,0,-1,-1,1,0,0,0
513,166,hiring,10241,-1,-1,-1,-1,-1,-1,-1,0,0,513,0,-1,-1,1,0,0,0
513,167,hiring,10242,-1,-1,-1,-1,-1,-1,-1,0,0,513,0,-1,-1,1,0,0,0
513,168,hiring,10244,-1,-1,-1,-1,-1,-1,-1,0,0,513,0,-1,-1,1,0,0,0
513,169,hiring,10245,-1,-1,-1,-1,-1,-1,-1,0,0,513,0,-1,-1,1,0,0,0
513,170,hiring,10246,-1,-1,-1,-1,-1,-1,-1,0,0,513,0,-1,-1,1,0,0,0
513,171,hiring,10247,-1,-1,-1,-1,-1,-1,-1,0,0,513,0,-1,-1,1,0,0,0
513,172,hiring,10248,-1,-1,-1,-1,-1,-1,-1,0,0,513,0,-1,-1,1,0,0,0
513,173,hiring,10249,-1,-1,-1,-1,-1,-1,-1,0,0,513,0,-1,-1,1,0,0,0
513,174,hiring,10250,-1,-1,-1,-1,-1,-1,-1,0,0,513,0,-1,-1,1,0,0,0
513,175,hiring,10251,-1,-1,-1,-1,-1,-1,-1,0,0,513,0,-1,-1,1,0,0,0
513,176,hiring_candidate,10240,10240,-1,-1,1,1,0,0,0,0,383,0,0,0,1,1,0,0
513,176,hiring,10240,-1,-1,-1,-1,-1,-1,-1,0,0,383,0,-1,-1,1,0,0,0
513,177,hiring_candidate,10243,10241,-1,-1,0,0,0,0,0,0,393,0,0,0,1,1,0,0
513,177,hiring,10243,-1,-1,-1,-1,-1,-1,-1,0,0,393,0,-1,-1,1,0,0,0
514,178,hiring,2,-1,-1,-1,-1,-1,-1,-1,0,0,514,0,-1,-1,1,0,0,0
514,179,hiring,3,-1,-1,-1,-1,-1,-1,-1,0,0,514,0,-1,-1,1,0,0,0
514,180,hiring,4,-1,-1,-1,-1,-1,-1,-1,0,0,514,0,-1,-1,1,0,0,0
514,181,hiring,5,-1,-1,-1,-1,-1,-1,-1,0,0,514,0,-1,-1,1,0,0,0
514,182,hiring,6,-1,-1,-1,-1,-1,-1,-1,0,0,514,0,-1,-1,1,0,0,0
514,183,hiring,7,-1,-1,-1,-1,-1,-1,-1,0,0,514,0,-1,-1,1,0,0,0
514,184,hiring,8,-1,-1,-1,-1,-1,-1,-1,0,0,514,0,-1,-1,1,0,0,0
514,185,hiring,9,-1,-1,-1,-1,-1,-1,-1,0,0,514,0,-1,-1,1,0,0,0
514,186,hiring,10,-1,-1,-1,-1,-1,-1,-1,0,0,514,0,-1,-1,1,0,0,0
514,187,hiring,11,-1,-1,-1,-1,-1,-1,-1,0,0,514,0,-1,-1,1,0,0,0
514,188,hiring,11,-1,-1,-1,-1,-1,-1,-1,0,0,514,0,-1,-1,1,0,0,0
514,189,hiring,11,-1,-1,-1,-1,-1,-1,-1,0,0,514,0,-1,-1,1,0,0,0
514,190,hiring,11,-1,-1,-1,-1,-1,-1,-1,0,0,514,0,-1,-1,1,0,0,0
514,191,hiring_candidate,0,1,-1,-1,1,1,0,0,0,0,239,0,0,0,1,1,0,0
514,191,hiring,0,-1,-1,-1,-1,-1,-1,-1,0,0,239,0,-1,-1,1,0,0,0
514,192,hiring_candidate,1,0,-1,-1,0,0,0,0,0,0,235,0,0,0,1,1,0,0
514,192,hiring,1,-1,-1,-1,-1,-1,-1,-1,0,0,235,0,-1,-1,1,0,0,0
514,193,hiring_candidate,1024,1024,-1,-1,1,1,0,0,0,0,407,0,0,0,1,1,0,0
514,193,hiring,1024,-1,-1,-1,-1,-1,-1,-1,0,0,407,0,-1,-1,1,0,0,0
514,194,hiring,2049,-1,-1,-1,-1,-1,-1,-1,0,0,514,0,-1,-1,1,0,0,0
514,195,hiring,2050,-1,-1,-1,-1,-1,-1,-1,0,0,514,0,-1,-1,1,0,0,0
514,196,hiring,2052,-1,-1,-1,-1,-1,-1,-1,0,0,514,0,-1,-1,1,0,0,0
514,197,hiring,2053,-1,-1,-1,-1,-1,-1,-1,0,0,514,0,-1,-1,1,0,0,0
514,198,hiring,2054,-1,-1,-1,-1,-1,-1,-1,0,0,514,0,-1,-1,1,0,0,0
514,199,hiring,2055,-1,-1,-1,-1,-1,-1,-1,0,0,514,0,-1,-1,1,0,0,0
514,200,hiring,2056,-1,-1,-1,-1,-1,-1,-1,0,0,514,0,-1,-1,1,0,0,0
514,201,hiring,2057,-1,-1,-1,-1,-1,-1,-1,0,0,514,0,-1,-1,1,0,0,0
514,202,hiring,2058,-1,-1,-1,-1,-1,-1,-1,0,0,514,0,-1,-1,1,0,0,0
514,203,hiring,2059,-1,-1,-1,-1,-1,-1,-1,0,0,514,0,-1,-1,1,0,0,0
514,204,hiring,2059,-1,-1,-1,-1,-1,-1,-1,0,0,514,0,-1,-1,1,0,0,0
514,205,hiring,2059,-1,-1,-1,-1,-1,-1,-1,0,0,514,0,-1,-1,1,0,0,0
514,206,hiring,2059,-1,-1,-1,-1,-1,-1,-1,0,0,514,0,-1,-1,1,0,0,0
514,207,hiring_candidate,2048,2049,-1,-1,1,1,0,0,0,0,343,0,0,0,1,1,0,0
514,207,hiring,2048,-1,-1,-1,-1,-1,-1,-1,0,0,343,0,-1,-1,1,0,0,0
514,208,hiring_candidate,2051,2048,-1,-1,0,0,0,0,0,0,396,0,0,0,1,1,0,0
514,208,hiring,2051,-1,-1,-1,-1,-1,-1,-1,0,0,396,0,-1,-1,1,0,0,0
514,209,hiring_candidate,3073,3073,-1,-1,0,0,0,0,0,0,462,0,0,0,1,1,0,0
514,209,hiring,3073,-1,-1,-1,-1,-1,-1,-1,0,0,462,0,-1,-1,1,0,0,0
514,210,hiring_candidate,3072,3072,-1,-1,1,1,0,0,0,0,383,0,0,0,1,1,0,0
514,210,hiring,3072,-1,-1,-1,-1,-1,-1,-1,0,0,383,0,-1,-1,1,0,0,0
514,211,resource_type,4096,4096,-1,-1,-1,-1,512,512,0,0,233,0,-1,-1,1,1,0,0
514,211,resource,4096,4096,-2,-2,-1,-1,512,512,0,0,233,0,-1,-1,1,1,0,0
514,211,resource_site,4096,4096,-1,-1,-1,-1,0,0,0,0,233,0,-1,-1,1,1,0,0
514,212,hiring,4097,-1,-1,-1,-1,-1,-1,-1,0,0,514,0,-1,-1,1,0,0,0
514,213,hiring,4098,-1,-1,-1,-1,-1,-1,-1,0,0,514,0,-1,-1,1,0,0,0
514,214,hiring,4099,-1,-1,-1,-1,-1,-1,-1,0,0,514,0,-1,-1,1,0,0,0
514,215,hiring,4100,-1,-1,-1,-1,-1,-1,-1,0,0,514,0,-1,-1,1,0,0,0
514,216,hiring,4101,-1,-1,-1,-1,-1,-1,-1,0,0,514,0,-1,-1,1,0,0,0
514,217,hiring,4102,-1,-1,-1,-1,-1,-1,-1,0,0,514,0,-1,-1,1,0,0,0
514,218,hiring,4103,-1,-1,-1,-1,-1,-1,-1,0,0,514,0,-1,-1,1,0,0,0
514,219,hiring,4104,-1,-1,-1,-1,-1,-1,-1,0,0,514,0,-1,-1,1,0,0,0
514,220,hiring,4105,-1,-1,-1,-1,-1,-1,-1,0,0,514,0,-1,-1,1,0,0,0
514,221,hiring,4106,-1,-1,-1,-1,-1,-1,-1,0,0,514,0,-1,-1,1,0,0,0
514,222,hiring,4106,-1,-1,-1,-1,-1,-1,-1,0,0,514,0,-1,-1,1,0,0,0
514,223,hiring,4106,-1,-1,-1,-1,-1,-1,-1,0,0,514,0,-1,-1,1,0,0,0
514,224,hiring,4106,-1,-1,-1,-1,-1,-1,-1,0,0,514,0,-1,-1,1,0,0,0
514,225,hiring_candidate,4096,4096,4096,4096,1,1,512,512,0,0,233,0,-1,-1,1,1,1,1
514,225,hiring,4096,-1,4096,4096,1,1,512,512,0,0,233,0,-1,-1,1,0,1,1
514,226,hiring,4096,-1,-1,-1,-1,-1,-1,-1,0,0,233,0,-1,-1,1,0,0,0
514,227,resource_type,5120,5120,1,1,1,1,0,0,0,0,48,0,-1,-1,1,1,0,0
514,227,resource,5120,5120,-1,-1,1,1,0,0,0,0,48,0,-1,-1,1,1,0,0
514,227,resource_site,5120,5120,21712,21712,1,1,0,0,0,0,48,0,-1,-1,1,1,0,0
514,228,hiring_candidate,5121,5120,-1,-1,0,0,0,0,0,0,462,0,0,0,1,1,0,0
514,228,hiring,5121,-1,-1,-1,-1,-1,-1,-1,0,0,462,0,-1,-1,1,0,0,0
514,229,hiring_candidate,5120,5121,-1,-1,1,1,0,0,0,0,48,0,0,0,1,1,0,0
514,229,hiring,5120,-1,-1,-1,-1,-1,-1,-1,0,0,48,0,-1,-1,1,0,0,0
514,230,hiring,6145,-1,-1,-1,-1,-1,-1,-1,0,0,514,0,-1,-1,1,0,0,0
514,231,hiring,6146,-1,-1,-1,-1,-1,-1,-1,0,0,514,0,-1,-1,1,0,0,0
514,232,hiring,6147,-1,-1,-1,-1,-1,-1,-1,0,0,514,0,-1,-1,1,0,0,0
514,233,hiring,6148,-1,-1,-1,-1,-1,-1,-1,0,0,514,0,-1,-1,1,0,0,0
514,234,hiring,6149,-1,-1,-1,-1,-1,-1,-1,0,0,514,0,-1,-1,1,0,0,0
514,235,hiring,6150,-1,-1,-1,-1,-1,-1,-1,0,0,514,0,-1,-1,1,0,0,0
514,236,hiring,6151,-1,-1,-1,-1,-1,-1,-1,0,0,514,0,-1,-1,1,0,0,0
514,237,hiring,6152,-1,-1,-1,-1,-1,-1,-1,0,0,514,0,-1,-1,1,0,0,0
514,238,hiring,6153,-1,-1,-1,-1,-1,-1,-1,0,0,514,0,-1,-1,1,0,0,0
514,239,hiring,6154,-1,-1,-1,-1,-1,-1,-1,0,0,514,0,-1,-1,1,0,0,0
514,240,hiring,6154,-1,-1,-1,-1,-1,-1,-1,0,0,514,0,-1,-1,1,0,0,0
514,241,hiring,6154,-1,-1,-1,-1,-1,-1,-1,0,0,514,0,-1,-1,1,0,0,0
514,242,hiring,6154,-1,-1,-1,-1,-1,-1,-1,0,0,514,0,-1,-1,1,0,0,0
514,243,hiring,6144,-1,-1,-1,-1,-1,-1,-1,0,0,358,0,-1,-1,1,0,0,0
514,244,hiring_candidate,7169,7168,-1,-1,0,0,0,0,0,0,462,0,0,0,1,1,0,0
514,244,hiring,7169,-1,-1,-1,-1,-1,-1,-1,0,0,462,0,-1,-1,1,0,0,0
514,245,hiring_candidate,7168,7169,-1,-1,1,1,0,0,0,0,178,0,0,0,1,1,0,0
514,245,hiring,7168,-1,-1,-1,-1,-1,-1,-1,0,0,178,0,-1,-1,1,0,0,0
514,246,hiring,8193,-1,-1,-1,-1,-1,-1,-1,0,0,514,0,-1,-1,1,0,0,0
514,247,hiring,8194,-1,-1,-1,-1,-1,-1,-1,0,0,514,0,-1,-1,1,0,0,0
514,248,hiring,8196,-1,-1,-1,-1,-1,-1,-1,0,0,514,0,-1,-1,1,0,0,0
514,249,hiring,8197,-1,-1,-1,-1,-1,-1,-1,0,0,514,0,-1,-1,1,0,0,0
514,250,hiring,8198,-1,-1,-1,-1,-1,-1,-1,0,0,514,0,-1,-1,1,0,0,0
514,251,hiring,8199,-1,-1,-1,-1,-1,-1,-1,0,0,514,0,-1,-1,1,0,0,0
514,252,hiring,8200,-1,-1,-1,-1,-1,-1,-1,0,0,514,0,-1,-1,1,0,0,0
514,253,hiring,8201,-1,-1,-1,-1,-1,-1,-1,0,0,514,0,-1,-1,1,0,0,0
514,254,hiring,8202,-1,-1,-1,-1,-1,-1,-1,0,0,514,0,-1,-1,1,0,0,0
514,255,hiring,8203,-1,-1,-1,-1,-1,-1,-1,0,0,514,0,-1,-1,1,0,0,0
514,256,hiring,8203,-1,-1,-1,-1,-1,-1,-1,0,0,514,0,-1,-1,1,0,0,0
514,257,hiring,8203,-1,-1,-1,-1,-1,-1,-1,0,0,514,0,-1,-1,1,0,0,0
514,258,hiring,8203,-1,-1,-1,-1,-1,-1,-1,0,0,514,0,-1,-1,1,0,0,0
514,259,hiring_candidate,8192,8193,-1,-1,1,1,0,0,0,0,409,0,0,0,1,1,0,0
514,259,hiring,8192,-1,-1,-1,-1,-1,-1,-1,0,0,409,0,-1,-1,1,0,0,0
514,260,hiring_candidate,8195,8192,-1,-1,0,0,0,0,0,0,399,0,0,0,1,1,0,0
514,260,hiring,8195,-1,-1,-1,-1,-1,-1,-1,0,0,399,0,-1,-1,1,0,0,0
514,261,hiring_candidate,9217,9216,-1,-1,0,0,0,0,0,0,26,0,0,0,1,1,0,0
514,261,hiring,9217,-1,-1,-1,-1,-1,-1,-1,0,0,26,0,-1,-1,1,0,0,0
514,262,hiring_candidate,9216,9217,-1,-1,1,1,0,0,0,0,373,0,0,0,1,1,0,0
514,262,hiring,9216,-1,-1,-1,-1,-1,-1,-1,0,0,373,0,-1,-1,1,0,0,0
514,263,hiring,10241,-1,-1,-1,-1,-1,-1,-1,0,0,514,0,-1,-1,1,0,0,0
514,264,hiring,10242,-1,-1,-1,-1,-1,-1,-1,0,0,514,0,-1,-1,1,0,0,0
514,265,hiring,10244,-1,-1,-1,-1,-1,-1,-1,0,0,514,0,-1,-1,1,0,0,0
514,266,hiring,10245,-1,-1,-1,-1,-1,-1,-1,0,0,514,0,-1,-1,1,0,0,0
514,267,hiring,10246,-1,-1,-1,-1,-1,-1,-1,0,0,514,0,-1,-1,1,0,0,0
514,268,hiring,10247,-1,-1,-1,-1,-1,-1,-1,0,0,514,0,-1,-1,1,0,0,0
514,269,hiring,10248,-1,-1,-1,-1,-1,-1,-1,0,0,514,0,-1,-1,1,0,0,0
514,270,hiring,10249,-1,-1,-1,-1,-1,-1,-1,0,0,514,0,-1,-1,1,0,0,0
514,271,hiring,10250,-1,-1,-1,-1,-1,-1,-1,0,0,514,0,-1,-1,1,0,0,0
514,272,hiring,10251,-1,-1,-1,-1,-1,-1,-1,0,0,514,0,-1,-1,1,0,0,0
514,273,hiring_candidate,10240,10240,-1,-1,1,1,0,0,0,0,384,0,0,0,1,1,0,0
514,273,hiring,10240,-1,-1,-1,-1,-1,-1,-1,0,0,384,0,-1,-1,1,0,0,0
514,274,hiring_candidate,10243,10241,-1,-1,0,0,0,0,0,0,394,0,0,0,1,1,0,0
514,274,hiring,10243,-1,-1,-1,-1,-1,-1,-1,0,0,394,0,-1,-1,1,0,0,0
515,275,hiring,2,-1,-1,-1,-1,-1,-1,-1,0,0,515,0,-1,-1,1,0,0,0
515,276,hiring,3,-1,-1,-1,-1,-1,-1,-1,0,0,515,0,-1,-1,1,0,0,0
515,277,hiring,4,-1,-1,-1,-1,-1,-1,-1,0,0,515,0,-1,-1,1,0,0,0
515,278,hiring,5,-1,-1,-1,-1,-1,-1,-1,0,0,515,0,-1,-1,1,0,0,0
515,279,hiring,6,-1,-1,-1,-1,-1,-1,-1,0,0,515,0,-1,-1,1,0,0,0
515,280,hiring,7,-1,-1,-1,-1,-1,-1,-1,0,0,515,0,-1,-1,1,0,0,0
515,281,hiring,8,-1,-1,-1,-1,-1,-1,-1,0,0,515,0,-1,-1,1,0,0,0
515,282,hiring,9,-1,-1,-1,-1,-1,-1,-1,0,0,515,0,-1,-1,1,0,0,0
515,283,hiring,10,-1,-1,-1,-1,-1,-1,-1,0,0,515,0,-1,-1,1,0,0,0
515,284,hiring,11,-1,-1,-1,-1,-1,-1,-1,0,0,515,0,-1,-1,1,0,0,0
515,285,hiring_candidate,0,1,-1,-1,1,1,0,0,0,0,240,0,0,0,1,1,0,0
515,285,hiring,0,-1,-1,-1,-1,-1,-1,-1,0,0,240,0,-1,-1,1,0,0,0
515,286,hiring_candidate,1,0,-1,-1,0,0,0,0,0,0,236,0,0,0,1,1,0,0
515,286,hiring,1,-1,-1,-1,-1,-1,-1,-1,0,0,236,0,-1,-1,1,0,0,0
515,287,hiring_candidate,1024,1024,-1,-1,1,1,0,0,0,0,408,0,0,0,1,1,0,0
515,287,hiring,1024,-1,-1,-1,-1,-1,-1,-1,0,0,408,0,-1,-1,1,0,0,0
515,288,hiring,2049,-1,-1,-1,-1,-1,-1,-1,0,0,515,0,-1,-1,1,0,0,0
515,289,hiring,2050,-1,-1,-1,-1,-1,-1,-1,0,0,515,0,-1,-1,1,0,0,0
515,290,hiring,2052,-1,-1,-1,-1,-1,-1,-1,0,0,515,0,-1,-1,1,0,0,0
515,291,hiring,2053,-1,-1,-1,-1,-1,-1,-1,0,0,515,0,-1,-1,1,0,0,0
515,292,hiring,2054,-1,-1,-1,-1,-1,-1,-1,0,0,515,0,-1,-1,1,0,0,0
515,293,hiring,2055,-1,-1,-1,-1,-1,-1,-1,0,0,515,0,-1,-1,1,0,0,0
515,294,hiring,2056,-1,-1,-1,-1,-1,-1,-1,0,0,515,0,-1,-1,1,0,0,0
515,295,hiring,2057,-1,-1,-1,-1,-1,-1,-1,0,0,515,0,-1,-1,1,0,0,0
515,296,hiring,2058,-1,-1,-1,-1,-1,-1,-1,0,0,515,0,-1,-1,1,0,0,0
515,297,hiring,2059,-1,-1,-1,-1,-1,-1,-1,0,0,515,0,-1,-1,1,0,0,0
515,298,hiring_candidate,2048,2049,-1,-1,1,1,0,0,0,0,344,0,0,0,1,1,0,0
515,298,hiring,2048,-1,-1,-1,-1,-1,-1,-1,0,0,344,0,-1,-1,1,0,0,0
515,299,hiring_candidate,2051,2048,-1,-1,0,0,0,0,0,0,397,0,0,0,1,1,0,0
515,299,hiring,2051,-1,-1,-1,-1,-1,-1,-1,0,0,397,0,-1,-1,1,0,0,0
515,300,hiring_candidate,3073,3073,-1,-1,0,0,0,0,0,0,463,0,0,0,1,1,0,0
515,300,hiring,3073,-1,-1,-1,-1,-1,-1,-1,0,0,463,0,-1,-1,1,0,0,0
515,301,hiring_candidate,3072,3072,-1,-1,1,1,0,0,0,0,384,0,0,0,1,1,0,0
515,301,hiring,3072,-1,-1,-1,-1,-1,-1,-1,0,0,384,0,-1,-1,1,0,0,0
515,302,hiring,4097,-1,-1,-1,-1,-1,-1,-1,0,0,515,0,-1,-1,1,0,0,0
515,303,hiring,4098,-1,-1,-1,-1,-1,-1,-1,0,0,515,0,-1,-1,1,0,0,0
515,304,hiring,4099,-1,-1,-1,-1,-1,-1,-1,0,0,515,0,-1,-1,1,0,0,0
515,305,hiring,4100,-1,-1,-1,-1,-1,-1,-1,0,0,515,0,-1,-1,1,0,0,0
515,306,hiring,4101,-1,-1,-1,-1,-1,-1,-1,0,0,515,0,-1,-1,1,0,0,0
515,307,hiring,4102,-1,-1,-1,-1,-1,-1,-1,0,0,515,0,-1,-1,1,0,0,0
515,308,hiring,4103,-1,-1,-1,-1,-1,-1,-1,0,0,515,0,-1,-1,1,0,0,0
515,309,hiring,4104,-1,-1,-1,-1,-1,-1,-1,0,0,515,0,-1,-1,1,0,0,0
515,310,hiring,4105,-1,-1,-1,-1,-1,-1,-1,0,0,515,0,-1,-1,1,0,0,0
515,311,hiring,4106,-1,-1,-1,-1,-1,-1,-1,0,0,515,0,-1,-1,1,0,0,0
515,312,hiring,4096,-1,-1,-1,-1,-1,-1,-1,0,0,234,0,-1,-1,1,0,0,0
515,313,hiring_candidate,5121,5120,-1,-1,0,0,0,0,0,0,463,0,0,0,1,1,0,0
515,313,hiring,5121,-1,-1,-1,-1,-1,-1,-1,0,0,463,0,-1,-1,1,0,0,0
515,314,hiring_candidate,5120,5121,-1,-1,1,1,0,0,0,0,49,0,0,0,1,1,0,0
515,314,hiring,5120,-1,-1,-1,-1,-1,-1,-1,0,0,49,0,-1,-1,1,0,0,0
515,315,hiring,6145,-1,-1,-1,-1,-1,-1,-1,0,0,515,0,-1,-1,1,0,0,0
515,316,hiring,6146,-1,-1,-1,-1,-1,-1,-1,0,0,515,0,-1,-1,1,0,0,0
515,317,hiring,6147,-1,-1,-1,-1,-1,-1,-1,0,0,515,0,-1,-1,1,0,0,0
515,318,hiring,6148,-1,-1,-1,-1,-1,-1,-1,0,0,515,0,-1,-1,1,0,0,0
515,319,hiring,6149,-1,-1,-1,-1,-1,-1,-1,0,0,515,0,-1,-1,1,0,0,0
515,320,hiring,6150,-1,-1,-1,-1,-1,-1,-1,0,0,515,0,-1,-1,1,0,0,0
515,321,hiring,6151,-1,-1,-1,-1,-1,-1,-1,0,0,515,0,-1,-1,1,0,0,0
515,322,hiring,6152,-1,-1,-1,-1,-1,-1,-1,0,0,515,0,-1,-1,1,0,0,0
515,323,hiring,6153,-1,-1,-1,-1,-1,-1,-1,0,0,515,0,-1,-1,1,0,0,0
515,324,hiring,6154,-1,-1,-1,-1,-1,-1,-1,0,0,515,0,-1,-1,1,0,0,0
515,325,hiring,6144,-1,-1,-1,-1,-1,-1,-1,0,0,359,0,-1,-1,1,0,0,0
515,326,hiring_candidate,7169,7168,-1,-1,0,0,0,0,0,0,463,0,0,0,1,1,0,0
515,326,hiring,7169,-1,-1,-1,-1,-1,-1,-1,0,0,463,0,-1,-1,1,0,0,0
515,327,hiring_candidate,7168,7169,-1,-1,1,1,0,0,0,0,179,0,0,0,1,1,0,0
515,327,hiring,7168,-1,-1,-1,-1,-1,-1,-1,0,0,179,0,-1,-1,1,0,0,0
515,328,hiring,8193,-1,-1,-1,-1,-1,-1,-1,0,0,515,0,-1,-1,1,0,0,0
515,329,hiring,8194,-1,-1,-1,-1,-1,-1,-1,0,0,515,0,-1,-1,1,0,0,0
515,330,hiring,8196,-1,-1,-1,-1,-1,-1,-1,0,0,515,0,-1,-1,1,0,0,0
515,331,hiring,8197,-1,-1,-1,-1,-1,-1,-1,0,0,515,0,-1,-1,1,0,0,0
515,332,hiring,8198,-1,-1,-1,-1,-1,-1,-1,0,0,515,0,-1,-1,1,0,0,0
515,333,hiring,8199,-1,-1,-1,-1,-1,-1,-1,0,0,515,0,-1,-1,1,0,0,0
515,334,hiring,8200,-1,-1,-1,-1,-1,-1,-1,0,0,515,0,-1,-1,1,0,0,0
515,335,hiring,8201,-1,-1,-1,-1,-1,-1,-1,0,0,515,0,-1,-1,1,0,0,0
515,336,hiring,8202,-1,-1,-1,-1,-1,-1,-1,0,0,515,0,-1,-1,1,0,0,0
515,337,hiring,8203,-1,-1,-1,-1,-1,-1,-1,0,0,515,0,-1,-1,1,0,0,0
515,338,hiring_candidate,8192,8193,-1,-1,1,1,0,0,0,0,410,0,0,0,1,1,0,0
515,338,hiring,8192,-1,-1,-1,-1,-1,-1,-1,0,0,410,0,-1,-1,1,0,0,0
515,339,hiring_candidate,8195,8192,-1,-1,0,0,0,0,0,0,400,0,0,0,1,1,0,0
515,339,hiring,8195,-1,-1,-1,-1,-1,-1,-1,0,0,400,0,-1,-1,1,0,0,0
515,340,hiring_candidate,9217,9216,-1,-1,0,0,0,0,0,0,27,0,0,0,1,1,0,0
515,340,hiring,9217,-1,-1,-1,-1,-1,-1,-1,0,0,27,0,-1,-1,1,0,0,0
515,341,hiring_candidate,9216,9217,-1,-1,1,1,0,0,0,0,374,0,0,0,1,1,0,0
515,341,hiring,9216,-1,-1,-1,-1,-1,-1,-1,0,0,374,0,-1,-1,1,0,0,0
515,342,hiring,10241,-1,-1,-1,-1,-1,-1,-1,0,0,515,0,-1,-1,1,0,0,0
515,343,hiring,10242,-1,-1,-1,-1,-1,-1,-1,0,0,515,0,-1,-1,1,0,0,0
515,344,hiring,10244,-1,-1,-1,-1,-1,-1,-1,0,0,515,0,-1,-1,1,0,0,0
515,345,hiring,10245,-1,-1,-1,-1,-1,-1,-1,0,0,515,0,-1,-1,1,0,0,0
515,346,hiring,10246,-1,-1,-1,-1,-1,-1,-1,0,0,515,0,-1,-1,1,0,0,0
515,347,hiring,10247,-1,-1,-1,-1,-1,-1,-1,0,0,515,0,-1,-1,1,0,0,0
515,348,hiring,10248,-1,-1,-1,-1,-1,-1,-1,0,0,515,0,-1,-1,1,0,0,0
515,349,hiring,10249,-1,-1,-1,-1,-1,-1,-1,0,0,515,0,-1,-1,1,0,0,0
515,350,hiring,10250,-1,-1,-1,-1,-1,-1,-1,0,0,515,0,-1,-1,1,0,0,0
515,351,hiring,10251,-1,-1,-1,-1,-1,-1,-1,0,0,515,0,-1,-1,1,0,0,0
515,352,hiring_candidate,10240,10240,-1,-1,1,1,0,0,0,0,385,0,0,0,1,1,0,0
515,352,hiring,10240,-1,-1,-1,-1,-1,-1,-1,0,0,385,0,-1,-1,1,0,0,0
515,353,hiring_candidate,10243,10241,-1,-1,0,0,0,0,0,0,395,0,0,0,1,1,0,0
515,353,hiring,10243,-1,-1,-1,-1,-1,-1,-1,0,0,395,0,-1,-1,1,0,0,0
516,354,hiring,2,-1,-1,-1,-1,-1,-1,-1,0,0,516,0,-1,-1,1,0,0,0
516,355,hiring,3,-1,-1,-1,-1,-1,-1,-1,0,0,516,0,-1,-1,1,0,0,0
516,356,hiring,4,-1,-1,-1,-1,-1,-1,-1,0,0,516,0,-1,-1,1,0,0,0
516,357,hiring,5,-1,-1,-1,-1,-1,-1,-1,0,0,516,0,-1,-1,1,0,0,0
516,358,hiring,6,-1,-1,-1,-1,-1,-1,-1,0,0,516,0,-1,-1,1,0,0,0
516,359,hiring,7,-1,-1,-1,-1,-1,-1,-1,0,0,516,0,-1,-1,1,0,0,0
516,360,hiring,8,-1,-1,-1,-1,-1,-1,-1,0,0,516,0,-1,-1,1,0,0,0
516,361,hiring,9,-1,-1,-1,-1,-1,-1,-1,0,0,516,0,-1,-1,1,0,0,0
516,362,hiring,10,-1,-1,-1,-1,-1,-1,-1,0,0,516,0,-1,-1,1,0,0,0
516,363,hiring,11,-1,-1,-1,-1,-1,-1,-1,0,0,516,0,-1,-1,1,0,0,0
516,364,hiring_candidate,0,1,-1,-1,1,1,0,0,0,0,241,0,0,0,1,1,0,0
516,364,hiring,0,-1,-1,-1,-1,-1,-1,-1,0,0,241,0,-1,-1,1,0,0,0
516,365,hiring_candidate,1,0,-1,-1,0,0,0,0,0,0,237,0,0,0,1,1,0,0
516,365,hiring,1,-1,-1,-1,-1,-1,-1,-1,0,0,237,0,-1,-1,1,0,0,0
516,366,hiring_candidate,1024,1024,-1,-1,1,1,0,0,0,0,409,0,0,0,1,1,0,0
516,366,hiring,1024,-1,-1,-1,-1,-1,-1,-1,0,0,409,0,-1,-1,1,0,0,0
516,367,hiring,2049,-1,-1,-1,-1,-1,-1,-1,0,0,516,0,-1,-1,1,0,0,0
516,368,hiring,2050,-1,-1,-1,-1,-1,-1,-1,0,0,516,0,-1,-1,1,0,0,0
516,369,hiring,2052,-1,-1,-1,-1,-1,-1,-1,0,0,516,0,-1,-1,1,0,0,0
516,370,hiring,2053,-1,-1,-1,-1,-1,-1,-1,0,0,516,0,-1,-1,1,0,0,0
516,371,hiring,2054,-1,-1,-1,-1,-1,-1,-1,0,0,516,0,-1,-1,1,0,0,0
516,372,hiring,2055,-1,-1,-1,-1,-1,-1,-1,0,0,516,0,-1,-1,1,0,0,0
516,373,hiring,2056,-1,-1,-1,-1,-1,-1,-1,0,0,516,0,-1,-1,1,0,0,0
516,374,hiring,2057,-1,-1,-1,-1,-1,-1,-1,0,0,516,0,-1,-1,1,0,0,0
516,375,hiring,2058,-1,-1,-1,-1,-1,-1,-1,0,0,516,0,-1,-1,1,0,0,0
516,376,hiring,2059,-1,-1,-1,-1,-1,-1,-1,0,0,516,0,-1,-1,1,0,0,0
516,377,hiring_candidate,2048,2049,-1,-1,1,1,0,0,0,0,345,0,0,0,1,1,0,0
516,377,hiring,2048,-1,-1,-1,-1,-1,-1,-1,0,0,345,0,-1,-1,1,0,0,0
516,378,hiring_candidate,2051,2048,-1,-1,0,0,0,0,0,0,398,0,0,0,1,1,0,0
516,378,hiring,2051,-1,-1,-1,-1,-1,-1,-1,0,0,398,0,-1,-1,1,0,0,0
516,379,hiring_candidate,3073,3073,-1,-1,0,0,0,0,0,0,464,0,0,0,1,1,0,0
516,379,hiring,3073,-1,-1,-1,-1,-1,-1,-1,0,0,464,0,-1,-1,1,0,0,0
516,380,hiring_candidate,3072,3072,-1,-1,1,1,0,0,0,0,385,0,0,0,1,1,0,0
516,380,hiring,3072,-1,-1,-1,-1,-1,-1,-1,0,0,385,0,-1,-1,1,0,0,0
516,381,hiring,4097,-1,-1,-1,-1,-1,-1,-1,0,0,516,0,-1,-1,1,0,0,0
516,382,hiring,4098,-1,-1,-1,-1,-1,-1,-1,0,0,516,0,-1,-1,1,0,0,0
516,383,hiring,4099,-1,-1,-1,-1,-1,-1,-1,0,0,516,0,-1,-1,1,0,0,0
516,384,hiring,4100,-1,-1,-1,-1,-1,-1,-1,0,0,516,0,-1,-1,1,0,0,0
516,385,hiring,4101,-1,-1,-1,-1,-1,-1,-1,0,0,516,0,-1,-1,1,0,0,0
516,386,hiring,4102,-1,-1,-1,-1,-1,-1,-1,0,0,516,0,-1,-1,1,0,0,0
516,387,hiring,4103,-1,-1,-1,-1,-1,-1,-1,0,0,516,0,-1,-1,1,0,0,0
516,388,hiring,4104,-1,-1,-1,-1,-1,-1,-1,0,0,516,0,-1,-1,1,0,0,0
516,389,hiring,4105,-1,-1,-1,-1,-1,-1,-1,0,0,516,0,-1,-1,1,0,0,0
516,390,hiring,4106,-1,-1,-1,-1,-1,-1,-1,0,0,516,0,-1,-1,1,0,0,0
516,391,hiring,4096,-1,-1,-1,-1,-1,-1,-1,0,0,235,0,-1,-1,1,0,0,0
516,392,hiring_candidate,5121,5120,-1,-1,0,0,0,0,0,0,464,0,0,0,1,1,0,0
516,392,hiring,5121,-1,-1,-1,-1,-1,-1,-1,0,0,464,0,-1,-1,1,0,0,0
516,393,hiring_candidate,5120,5121,-1,-1,1,1,0,0,0,0,50,0,0,0,1,1,0,0
516,393,hiring,5120,-1,-1,-1,-1,-1,-1,-1,0,0,50,0,-1,-1,1,0,0,0
516,394,hiring,6145,-1,-1,-1,-1,-1,-1,-1,0,0,516,0,-1,-1,1,0,0,0
516,395,hiring,6146,-1,-1,-1,-1,-1,-1,-1,0,0,516,0,-1,-1,1,0,0,0
516,396,hiring,6147,-1,-1,-1,-1,-1,-1,-1,0,0,516,0,-1,-1,1,0,0,0
516,397,hiring,6148,-1,-1,-1,-1,-1,-1,-1,0,0,516,0,-1,-1,1,0,0,0
516,398,hiring,6149,-1,-1,-1,-1,-1,-1,-1,0,0,516,0,-1,-1,1,0,0,0
516,399,hiring,6150,-1,-1,-1,-1,-1,-1,-1,0,0,516,0,-1,-1,1,0,0,0
516,400,hiring,6151,-1,-1,-1,-1,-1,-1,-1,0,0,516,0,-1,-1,1,0,0,0
516,401,hiring,6152,-1,-1,-1,-1,-1,-1,-1,0,0,516,0,-1,-1,1,0,0,0
516,402,hiring,6153,-1,-1,-1,-1,-1,-1,-1,0,0,516,0,-1,-1,1,0,0,0
516,403,hiring,6154,-1,-1,-1,-1,-1,-1,-1,0,0,516,0,-1,-1,1,0,0,0
516,404,hiring,6144,-1,-1,-1,-1,-1,-1,-1,0,0,360,0,-1,-1,1,0,0,0
516,405,hiring_candidate,7169,7168,-1,-1,0,0,0,0,0,0,464,0,0,0,1,1,0,0
516,405,hiring,7169,-1,-1,-1,-1,-1,-1,-1,0,0,464,0,-1,-1,1,0,0,0
516,406,hiring_candidate,7168,7169,-1,-1,1,1,0,0,0,0,180,0,0,0,1,1,0,0
516,406,hiring,7168,-1,-1,-1,-1,-1,-1,-1,0,0,180,0,-1,-1,1,0,0,0
516,407,hiring,8193,-1,-1,-1,-1,-1,-1,-1,0,0,516,0,-1,-1,1,0,0,0
516,408,hiring,8194,-1,-1,-1,-1,-1,-1,-1,0,0,516,0,-1,-1,1,0,0,0
516,409,hiring,8196,-1,-1,-1,-1,-1,-1,-1,0,0,516,0,-1,-1,1,0,0,0
516,410,hiring,8197,-1,-1,-1,-1,-1,-1,-1,0,0,516,0,-1,-1,1,0,0,0
516,411,hiring,8198,-1,-1,-1,-1,-1,-1,-1,0,0,516,0,-1,-1,1,0,0,0
516,412,hiring,8199,-1,-1,-1,-1,-1,-1,-1,0,0,516,0,-1,-1,1,0,0,0
516,413,hiring,8200,-1,-1,-1,-1,-1,-1,-1,0,0,516,0,-1,-1,1,0,0,0
516,414,hiring,8201,-1,-1,-1,-1,-1,-1,-1,0,0,516,0,-1,-1,1,0,0,0
516,415,hiring,8202,-1,-1,-1,-1,-1,-1,-1,0,0,516,0,-1,-1,1,0,0,0
516,416,hiring,8203,-1,-1,-1,-1,-1,-1,-1,0,0,516,0,-1,-1,1,0,0,0
516,417,hiring_candidate,8192,8193,-1,-1,1,1,0,0,0,0,411,0,0,0,1,1,0,0
516,417,hiring,8192,-1,-1,-1,-1,-1,-1,-1,0,0,411,0,-1,-1,1,0,0,0
516,418,hiring_candidate,8195,8192,-1,-1,0,0,0,0,0,0,401,0,0,0,1,1,0,0
516,418,hiring,8195,-1,-1,-1,-1,-1,-1,-1,0,0,401,0,-1,-1,1,0,0,0
516,419,resource_type,9216,9216,-1,-1,-1,-1,512,512,0,0,375,0,-1,-1,1,1,0,0
516,419,resource,9216,9216,-2,-2,-1,-1,512,512,0,0,375,0,-1,-1,1,1,0,0
516,419,resource_site,9216,9216,-1,-1,-1,-1,0,0,0,0,375,0,-1,-1,1,1,0,0
516,420,hiring_candidate,9216,9216,9216,9216,1,1,1280,1280,0,0,375,0,-1,-1,1,1,1,1
516,420,hiring_candidate,9216,9217,-1,-1,1,1,0,0,0,0,375,0,0,0,1,1,0,0
516,420,hiring,9216,-1,9216,9216,1,1,1280,1280,0,0,375,0,-1,-1,1,0,1,1
516,421,hiring_candidate,9217,9216,-1,-1,0,0,0,0,0,0,28,0,0,0,1,1,0,0
516,421,hiring,9217,-1,-1,-1,-1,-1,-1,-1,0,0,28,0,-1,-1,1,0,0,0
516,422,hiring_candidate,9216,9217,-1,-1,1,1,0,0,0,0,375,0,0,0,1,1,0,0
516,422,hiring,9216,-1,-1,-1,-1,-1,-1,-1,0,0,375,0,-1,-1,1,0,0,0
516,423,hiring,10241,-1,-1,-1,-1,-1,-1,-1,0,0,516,0,-1,-1,1,0,0,0
516,424,hiring,10242,-1,-1,-1,-1,-1,-1,-1,0,0,516,0,-1,-1,1,0,0,0
516,425,hiring,10244,-1,-1,-1,-1,-1,-1,-1,0,0,516,0,-1,-1,1,0,0,0
516,426,hiring,10245,-1,-1,-1,-1,-1,-1,-1,0,0,516,0,-1,-1,1,0,0,0
516,427,hiring,10246,-1,-1,-1,-1,-1,-1,-1,0,0,516,0,-1,-1,1,0,0,0
516,428,hiring,10247,-1,-1,-1,-1,-1,-1,-1,0,0,516,0,-1,-1,1,0,0,0
516,429,hiring,10248,-1,-1,-1,-1,-1,-1,-1,0,0,516,0,-1,-1,1,0,0,0
516,430,hiring,10249,-1,-1,-1,-1,-1,-1,-1,0,0,516,0,-1,-1,1,0,0,0
516,431,hiring,10250,-1,-1,-1,-1,-1,-1,-1,0,0,516,0,-1,-1,1,0,0,0
516,432,hiring,10251,-1,-1,-1,-1,-1,-1,-1,0,0,516,0,-1,-1,1,0,0,0
516,433,hiring_candidate,10240,10240,-1,-1,1,1,0,0,0,0,386,0,0,0,1,1,0,0
516,433,hiring,10240,-1,-1,-1,-1,-1,-1,-1,0,0,386,0,-1,-1,1,0,0,0
516,434,hiring_candidate,10243,10241,-1,-1,0,0,0,0,0,0,396,0,0,0,1,1,0,0
516,434,hiring,10243,-1,-1,-1,-1,-1,-1,-1,0,0,396,0,-1,-1,1,0,0,0
517,435,movement,1,1,1,1,0,0,50,50,0,0,238,0,-1,-1,1,1,0,0
517,436,hiring,2,-1,-1,-1,-1,-1,-1,-1,0,0,517,0,-1,-1,1,0,0,0
517,437,hiring,3,-1,-1,-1,-1,-1,-1,-1,0,0,517,0,-1,-1,1,0,0,0
517,438,hiring,4,-1,-1,-1,-1,-1,-1,-1,0,0,517,0,-1,-1,1,0,0,0
517,439,hiring,5,-1,-1,-1,-1,-1,-1,-1,0,0,517,0,-1,-1,1,0,0,0
517,440,hiring,6,-1,-1,-1,-1,-1,-1,-1,0,0,517,0,-1,-1,1,0,0,0
517,441,hiring,7,-1,-1,-1,-1,-1,-1,-1,0,0,517,0,-1,-1,1,0,0,0
517,442,hiring,8,-1,-1,-1,-1,-1,-1,-1,0,0,517,0,-1,-1,1,0,0,0
517,443,hiring,9,-1,-1,-1,-1,-1,-1,-1,0,0,517,0,-1,-1,1,0,0,0
517,444,hiring,10,-1,-1,-1,-1,-1,-1,-1,0,0,517,0,-1,-1,1,0,0,0
517,445,hiring,11,-1,-1,-1,-1,-1,-1,-1,0,0,517,0,-1,-1,1,0,0,0
517,446,hiring_candidate,0,1,-1,-1,1,1,0,0,0,0,242,0,0,0,1,1,0,0
517,446,hiring,0,-1,-1,-1,-1,-1,-1,-1,0,0,242,0,-1,-1,1,0,0,0
517,447,hiring_candidate,1,0,-1,-1,0,0,0,0,0,0,238,0,0,0,1,1,0,0
517,447,hiring,1,-1,-1,-1,-1,-1,-1,-1,0,0,238,0,-1,-1,1,0,0,0
517,448,hiring_candidate,1024,1024,-1,-1,1,1,0,0,0,0,410,0,0,0,1,1,0,0
517,448,hiring,1024,-1,-1,-1,-1,-1,-1,-1,0,0,410,0,-1,-1,1,0,0,0
517,449,hiring,2049,-1,-1,-1,-1,-1,-1,-1,0,0,517,0,-1,-1,1,0,0,0
517,450,hiring,2050,-1,-1,-1,-1,-1,-1,-1,0,0,517,0,-1,-1,1,0,0,0
517,451,hiring,2052,-1,-1,-1,-1,-1,-1,-1,0,0,517,0,-1,-1,1,0,0,0
517,452,hiring,2053,-1,-1,-1,-1,-1,-1,-1,0,0,517,0,-1,-1,1,0,0,0
517,453,hiring,2054,-1,-1,-1,-1,-1,-1,-1,0,0,517,0,-1,-1,1,0,0,0
517,454,hiring,2055,-1,-1,-1,-1,-1,-1,-1,0,0,517,0,-1,-1,1,0,0,0
517,455,hiring,2056,-1,-1,-1,-1,-1,-1,-1,0,0,517,0,-1,-1,1,0,0,0
517,456,hiring,2057,-1,-1,-1,-1,-1,-1,-1,0,0,517,0,-1,-1,1,0,0,0
517,457,hiring,2058,-1,-1,-1,-1,-1,-1,-1,0,0,517,0,-1,-1,1,0,0,0
517,458,hiring,2059,-1,-1,-1,-1,-1,-1,-1,0,0,517,0,-1,-1,1,0,0,0
517,459,hiring_candidate,2048,2049,-1,-1,1,1,0,0,0,0,346,0,0,0,1,1,0,0
517,459,hiring,2048,-1,-1,-1,-1,-1,-1,-1,0,0,346,0,-1,-1,1,0,0,0
517,460,hiring_candidate,2051,2048,-1,-1,0,0,0,0,0,0,399,0,0,0,1,1,0,0
517,460,hiring,2051,-1,-1,-1,-1,-1,-1,-1,0,0,399,0,-1,-1,1,0,0,0
517,461,hiring_candidate,3073,3073,-1,-1,0,0,0,0,0,0,465,0,0,0,1,1,0,0
517,461,hiring,3073,-1,-1,-1,-1,-1,-1,-1,0,0,465,0,-1,-1,1,0,0,0
517,462,hiring_candidate,3072,3072,-1,-1,1,1,0,0,0,0,386,0,0,0,1,1,0,0
517,462,hiring,3072,-1,-1,-1,-1,-1,-1,-1,0,0,386,0,-1,-1,1,0,0,0
517,463,hiring,4097,-1,-1,-1,-1,-1,-1,-1,0,0,517,0,-1,-1,1,0,0,0
517,464,hiring,4098,-1,-1,-1,-1,-1,-1,-1,0,0,517,0,-1,-1,1,0,0,0
517,465,hiring,4099,-1,-1,-1,-1,-1,-1,-1,0,0,517,0,-1,-1,1,0,0,0
517,466,hiring,4100,-1,-1,-1,-1,-1,-1,-1,0,0,517,0,-1,-1,1,0,0,0
517,467,hiring,4101,-1,-1,-1,-1,-1,-1,-1,0,0,517,0,-1,-1,1,0,0,0
517,468,hiring,4102,-1,-1,-1,-1,-1,-1,-1,0,0,517,0,-1,-1,1,0,0,0
517,469,hiring,4103,-1,-1,-1,-1,-1,-1,-1,0,0,517,0,-1,-1,1,0,0,0
517,470,hiring,4104,-1,-1,-1,-1,-1,-1,-1,0,0,517,0,-1,-1,1,0,0,0
517,471,hiring,4105,-1,-1,-1,-1,-1,-1,-1,0,0,517,0,-1,-1,1,0,0,0
517,472,hiring,4106,-1,-1,-1,-1,-1,-1,-1,0,0,517,0,-1,-1,1,0,0,0
517,473,hiring,4096,-1,-1,-1,-1,-1,-1,-1,0,0,236,0,-1,-1,1,0,0,0
517,474,hiring_candidate,5121,5120,-1,-1,0,0,0,0,0,0,465,0,0,0,1,1,0,0
517,474,hiring,5121,-1,-1,-1,-1,-1,-1,-1,0,0,465,0,-1,-1,1,0,0,0
517,475,hiring_candidate,5120,5121,-1,-1,1,1,0,0,0,0,51,0,0,0,1,1,0,0
517,475,hiring,5120,-1,-1,-1,-1,-1,-1,-1,0,0,51,0,-1,-1,1,0,0,0
517,476,hiring,6145,-1,-1,-1,-1,-1,-1,-1,0,0,517,0,-1,-1,1,0,0,0
517,477,hiring,6146,-1,-1,-1,-1,-1,-1,-1,0,0,517,0,-1,-1,1,0,0,0
517,478,hiring,6147,-1,-1,-1,-1,-1,-1,-1,0,0,517,0,-1,-1,1,0,0,0
517,479,hiring,6148,-1,-1,-1,-1,-1,-1,-1,0,0,517,0,-1,-1,1,0,0,0
517,480,hiring,6149,-1,-1,-1,-1,-1,-1,-1,0,0,517,0,-1,-1,1,0,0,0
517,481,hiring,6150,-1,-1,-1,-1,-1,-1,-1,0,0,517,0,-1,-1,1,0,0,0
517,482,hiring,6151,-1,-1,-1,-1,-1,-1,-1,0,0,517,0,-1,-1,1,0,0,0
517,483,hiring,6152,-1,-1,-1,-1,-1,-1,-1,0,0,517,0,-1,-1,1,0,0,0
517,484,hiring,6153,-1,-1,-1,-1,-1,-1,-1,0,0,517,0,-1,-1,1,0,0,0
517,485,hiring,6154,-1,-1,-1,-1,-1,-1,-1,0,0,517,0,-1,-1,1,0,0,0
517,486,hiring,6144,-1,-1,-1,-1,-1,-1,-1,0,0,361,0,-1,-1,1,0,0,0
517,487,hiring_candidate,7169,7168,-1,-1,0,0,0,0,0,0,465,0,0,0,1,1,0,0
517,487,hiring,7169,-1,-1,-1,-1,-1,-1,-1,0,0,465,0,-1,-1,1,0,0,0
517,488,hiring_candidate,7168,7169,-1,-1,1,1,0,0,0,0,181,0,0,0,1,1,0,0
517,488,hiring,7168,-1,-1,-1,-1,-1,-1,-1,0,0,181,0,-1,-1,1,0,0,0
517,489,hiring,8193,-1,-1,-1,-1,-1,-1,-1,0,0,517,0,-1,-1,1,0,0,0
517,490,hiring,8194,-1,-1,-1,-1,-1,-1,-1,0,0,517,0,-1,-1,1,0,0,0
517,491,hiring,8196,-1,-1,-1,-1,-1,-1,-1,0,0,517,0,-1,-1,1,0,0,0
517,492,hiring,8197,-1,-1,-1,-1,-1,-1,-1,0,0,517,0,-1,-1,1,0,0,0
517,493,hiring,8198,-1,-1,-1,-1,-1,-1,-1,0,0,517,0,-1,-1,1,0,0,0
517,494,hiring,8199,-1,-1,-1,-1,-1,-1,-1,0,0,517,0,-1,-1,1,0,0,0
517,495,hiring,8200,-1,-1,-1,-1,-1,-1,-1,0,0,517,0,-1,-1,1,0,0,0
517,496,hiring,8201,-1,-1,-1,-1,-1,-1,-1,0,0,517,0,-1,-1,1,0,0,0
517,497,hiring,8202,-1,-1,-1,-1,-1,-1,-1,0,0,517,0,-1,-1,1,0,0,0
517,498,hiring,8203,-1,-1,-1,-1,-1,-1,-1,0,0,517,0,-1,-1,1,0,0,0
517,499,hiring_candidate,8192,8193,-1,-1,1,1,0,0,0,0,412,0,0,0,1,1,0,0
517,499,hiring,8192,-1,-1,-1,-1,-1,-1,-1,0,0,412,0,-1,-1,1,0,0,0
517,500,hiring_candidate,8195,8192,-1,-1,0,0,0,0,0,0,402,0,0,0,1,1,0,0
517,500,hiring,8195,-1,-1,-1,-1,-1,-1,-1,0,0,402,0,-1,-1,1,0,0,0
517,501,hiring_candidate,9217,9216,-1,-1,0,0,0,0,0,0,29,0,0,0,1,1,0,0
517,501,hiring,9217,-1,-1,-1,-1,-1,-1,-1,0,0,29,0,-1,-1,1,0,0,0
517,502,hiring_candidate,9216,9217,-1,-1,1,1,0,0,0,0,376,0,0,0,1,1,0,0
517,502,hiring,9216,-1,-1,-1,-1,-1,-1,-1,0,0,376,0,-1,-1,1,0,0,0
517,503,hiring,10241,-1,-1,-1,-1,-1,-1,-1,0,0,517,0,-1,-1,1,0,0,0
517,504,hiring,10242,-1,-1,-1,-1,-1,-1,-1,0,0,517,0,-1,-1,1,0,0,0
517,505,hiring,10244,-1,-1,-1,-1,-1,-1,-1,0,0,517,0,-1,-1,1,0,0,0
517,506,hiring,10245,-1,-1,-1,-1,-1,-1,-1,0,0,517,0,-1,-1,1,0,0,0
517,507,hiring,10246,-1,-1,-1,-1,-1,-1,-1,0,0,517,0,-1,-1,1,0,0,0
517,508,hiring,10247,-1,-1,-1,-1,-1,-1,-1,0,0,517,0,-1,-1,1,0,0,0
517,509,hiring,10248,-1,-1,-1,-1,-1,-1,-1,0,0,517,0,-1,-1,1,0,0,0
517,510,hiring,10249,-1,-1,-1,-1,-1,-1,-1,0,0,517,0,-1,-1,1,0,0,0
517,511,hiring,10250,-1,-1,-1,-1,-1,-1,-1,0,0,517,0,-1,-1,1,0,0,0
517,512,hiring,10251,-1,-1,-1,-1,-1,-1,-1,0,0,517,0,-1,-1,1,0,0,0
517,513,hiring_candidate,10240,10240,-1,-1,1,1,0,0,0,0,387,0,0,0,1,1,0,0
517,513,hiring,10240,-1,-1,-1,-1,-1,-1,-1,0,0,387,0,-1,-1,1,0,0,0
517,514,hiring_candidate,10243,10241,-1,-1,0,0,0,0,0,0,397,0,0,0,1,1,0,0
517,514,hiring,10243,-1,-1,-1,-1,-1,-1,-1,0,0,397,0,-1,-1,1,0,0,0
518,515,hiring,2,-1,-1,-1,-1,-1,-1,-1,0,0,518,0,-1,-1,1,0,0,0
518,516,hiring,3,-1,-1,-1,-1,-1,-1,-1,0,0,518,0,-1,-1,1,0,0,0
518,517,hiring,4,-1,-1,-1,-1,-1,-1,-1,0,0,518,0,-1,-1,1,0,0,0
518,518,hiring,5,-1,-1,-1,-1,-1,-1,-1,0,0,518,0,-1,-1,1,0,0,0
518,519,hiring,6,-1,-1,-1,-1,-1,-1,-1,0,0,518,0,-1,-1,1,0,0,0
518,520,hiring,7,-1,-1,-1,-1,-1,-1,-1,0,0,518,0,-1,-1,1,0,0,0
518,521,hiring,8,-1,-1,-1,-1,-1,-1,-1,0,0,518,0,-1,-1,1,0,0,0
518,522,hiring,9,-1,-1,-1,-1,-1,-1,-1,0,0,518,0,-1,-1,1,0,0,0
518,523,hiring,10,-1,-1,-1,-1,-1,-1,-1,0,0,518,0,-1,-1,1,0,0,0
518,524,hiring,11,-1,-1,-1,-1,-1,-1,-1,0,0,518,0,-1,-1,1,0,0,0
518,525,hiring_candidate,0,1,-1,-1,1,1,0,0,0,0,243,0,0,0,1,1,0,0
518,525,hiring,0,-1,-1,-1,-1,-1,-1,-1,0,0,243,0,-1,-1,1,0,0,0
518,526,hiring_candidate,1,0,-1,-1,0,0,0,0,0,0,239,0,0,0,1,1,0,0
518,526,hiring,1,-1,-1,-1,-1,-1,-1,-1,0,0,239,0,-1,-1,1,0,0,0
518,527,hiring_candidate,1024,1024,-1,-1,1,1,0,0,0,0,411,0,0,0,1,1,0,0
518,527,hiring,1024,-1,-1,-1,-1,-1,-1,-1,0,0,411,0,-1,-1,1,0,0,0
518,528,hiring,2049,-1,-1,-1,-1,-1,-1,-1,0,0,518,0,-1,-1,1,0,0,0
518,529,hiring,2050,-1,-1,-1,-1,-1,-1,-1,0,0,518,0,-1,-1,1,0,0,0
518,530,hiring,2052,-1,-1,-1,-1,-1,-1,-1,0,0,518,0,-1,-1,1,0,0,0
518,531,hiring,2053,-1,-1,-1,-1,-1,-1,-1,0,0,518,0,-1,-1,1,0,0,0
518,532,hiring,2054,-1,-1,-1,-1,-1,-1,-1,0,0,518,0,-1,-1,1,0,0,0
518,533,hiring,2055,-1,-1,-1,-1,-1,-1,-1,0,0,518,0,-1,-1,1,0,0,0
518,534,hiring,2056,-1,-1,-1,-1,-1,-1,-1,0,0,518,0,-1,-1,1,0,0,0
518,535,hiring,2057,-1,-1,-1,-1,-1,-1,-1,0,0,518,0,-1,-1,1,0,0,0
518,536,hiring,2058,-1,-1,-1,-1,-1,-1,-1,0,0,518,0,-1,-1,1,0,0,0
518,537,hiring,2059,-1,-1,-1,-1,-1,-1,-1,0,0,518,0,-1,-1,1,0,0,0
518,538,hiring_candidate,2048,2049,-1,-1,1,1,0,0,0,0,347,0,0,0,1,1,0,0
518,538,hiring,2048,-1,-1,-1,-1,-1,-1,-1,0,0,347,0,-1,-1,1,0,0,0
518,539,hiring_candidate,2051,2048,-1,-1,0,0,0,0,0,0,400,0,0,0,1,1,0,0
518,539,hiring,2051,-1,-1,-1,-1,-1,-1,-1,0,0,400,0,-1,-1,1,0,0,0
518,540,hiring_candidate,3073,3073,-1,-1,0,0,0,0,0,0,466,0,0,0,1,1,0,0
518,540,hiring,3073,-1,-1,-1,-1,-1,-1,-1,0,0,466,0,-1,-1,1,0,0,0
518,541,hiring_candidate,3072,3072,-1,-1,1,1,0,0,0,0,387,0,0,0,1,1,0,0
518,541,hiring,3072,-1,-1,-1,-1,-1,-1,-1,0,0,387,0,-1,-1,1,0,0,0
518,542,hiring,4097,-1,-1,-1,-1,-1,-1,-1,0,0,518,0,-1,-1,1,0,0,0
518,543,hiring,4098,-1,-1,-1,-1,-1,-1,-1,0,0,518,0,-1,-1,1,0,0,0
518,544,hiring,4099,-1,-1,-1,-1,-1,-1,-1,0,0,518,0,-1,-1,1,0,0,0
518,545,hiring,4100,-1,-1,-1,-1,-1,-1,-1,0,0,518,0,-1,-1,1,0,0,0
518,546,hiring,4101,-1,-1,-1,-1,-1,-1,-1,0,0,518,0,-1,-1,1,0,0,0
518,547,hiring,4102,-1,-1,-1,-1,-1,-1,-1,0,0,518,0,-1,-1,1,0,0,0
518,548,hiring,4103,-1,-1,-1,-1,-1,-1,-1,0,0,518,0,-1,-1,1,0,0,0
518,549,hiring,4104,-1,-1,-1,-1,-1,-1,-1,0,0,518,0,-1,-1,1,0,0,0
518,550,hiring,4105,-1,-1,-1,-1,-1,-1,-1,0,0,518,0,-1,-1,1,0,0,0
518,551,hiring,4106,-1,-1,-1,-1,-1,-1,-1,0,0,518,0,-1,-1,1,0,0,0
518,552,hiring,4096,-1,-1,-1,-1,-1,-1,-1,0,0,237,0,-1,-1,1,0,0,0
518,553,hiring_candidate,5121,5120,-1,-1,0,0,0,0,0,0,466,0,0,0,1,1,0,0
518,553,hiring,5121,-1,-1,-1,-1,-1,-1,-1,0,0,466,0,-1,-1,1,0,0,0
518,554,hiring_candidate,5120,5121,-1,-1,1,1,0,0,0,0,52,0,0,0,1,1,0,0
518,554,hiring,5120,-1,-1,-1,-1,-1,-1,-1,0,0,52,0,-1,-1,1,0,0,0
518,555,hiring,6145,-1,-1,-1,-1,-1,-1,-1,0,0,518,0,-1,-1,1,0,0,0
518,556,hiring,6146,-1,-1,-1,-1,-1,-1,-1,0,0,518,0,-1,-1,1,0,0,0
518,557,hiring,6147,-1,-1,-1,-1,-1,-1,-1,0,0,518,0,-1,-1,1,0,0,0
518,558,hiring,6148,-1,-1,-1,-1,-1,-1,-1,0,0,518,0,-1,-1,1,0,0,0
518,559,hiring,6149,-1,-1,-1,-1,-1,-1,-1,0,0,518,0,-1,-1,1,0,0,0
518,560,hiring,6150,-1,-1,-1,-1,-1,-1,-1,0,0,518,0,-1,-1,1,0,0,0
518,561,hiring,6151,-1,-1,-1,-1,-1,-1,-1,0,0,518,0,-1,-1,1,0,0,0
518,562,hiring,6152,-1,-1,-1,-1,-1,-1,-1,0,0,518,0,-1,-1,1,0,0,0
518,563,hiring,6153,-1,-1,-1,-1,-1,-1,-1,0,0,518,0,-1,-1,1,0,0,0
518,564,hiring,6154,-1,-1,-1,-1,-1,-1,-1,0,0,518,0,-1,-1,1,0,0,0
518,565,hiring,6144,-1,-1,-1,-1,-1,-1,-1,0,0,362,0,-1,-1,1,0,0,0
518,566,hiring_candidate,7169,7168,-1,-1,0,0,0,0,0,0,466,0,0,0,1,1,0,0
518,566,hiring,7169,-1,-1,-1,-1,-1,-1,-1,0,0,466,0,-1,-1,1,0,0,0
518,567,hiring_candidate,7168,7169,-1,-1,1,1,0,0,0,0,182,0,0,0,1,1,0,0
518,567,hiring,7168,-1,-1,-1,-1,-1,-1,-1,0,0,182,0,-1,-1,1,0,0,0
518,568,hiring,8193,-1,-1,-1,-1,-1,-1,-1,0,0,518,0,-1,-1,1,0,0,0
518,569,hiring,8194,-1,-1,-1,-1,-1,-1,-1,0,0,518,0,-1,-1,1,0,0,0
518,570,hiring,8196,-1,-1,-1,-1,-1,-1,-1,0,0,518,0,-1,-1,1,0,0,0
518,571,hiring,8197,-1,-1,-1,-1,-1,-1,-1,0,0,518,0,-1,-1,1,0,0,0
518,572,hiring,8198,-1,-1,-1,-1,-1,-1,-1,0,0,518,0,-1,-1,1,0,0,0
518,573,hiring,8199,-1,-1,-1,-1,-1,-1,-1,0,0,518,0,-1,-1,1,0,0,0
518,574,hiring,8200,-1,-1,-1,-1,-1,-1,-1,0,0,518,0,-1,-1,1,0,0,0
518,575,hiring,8201,-1,-1,-1,-1,-1,-1,-1,0,0,518,0,-1,-1,1,0,0,0
518,576,hiring,8202,-1,-1,-1,-1,-1,-1,-1,0,0,518,0,-1,-1,1,0,0,0
518,577,hiring,8203,-1,-1,-1,-1,-1,-1,-1,0,0,518,0,-1,-1,1,0,0,0
518,578,hiring_candidate,8192,8193,-1,-1,1,1,0,0,0,0,413,0,0,0,1,1,0,0
518,578,hiring,8192,-1,-1,-1,-1,-1,-1,-1,0,0,413,0,-1,-1,1,0,0,0
518,579,hiring_candidate,8195,8192,-1,-1,0,0,0,0,0,0,403,0,0,0,1,1,0,0
518,579,hiring,8195,-1,-1,-1,-1,-1,-1,-1,0,0,403,0,-1,-1,1,0,0,0
518,580,hiring_candidate,9217,9216,-1,-1,0,0,0,0,0,0,30,0,0,0,1,1,0,0
518,580,hiring,9217,-1,-1,-1,-1,-1,-1,-1,0,0,30,0,-1,-1,1,0,0,0
518,581,hiring_candidate,9216,9217,-1,-1,1,1,0,0,0,0,377,0,0,0,1,1,0,0
518,581,hiring,9216,-1,-1,-1,-1,-1,-1,-1,0,0,377,0,-1,-1,1,0,0,0
518,582,hiring,10241,-1,-1,-1,-1,-1,-1,-1,0,0,518,0,-1,-1,1,0,0,0
518,583,hiring,10242,-1,-1,-1,-1,-1,-1,-1,0,0,518,0,-1,-1,1,0,0,0
518,584,hiring,10244,-1,-1,-1,-1,-1,-1,-1,0,0,518,0,-1,-1,1,0,0,0
518,585,hiring,10245,-1,-1,-1,-1,-1,-1,-1,0,0,518,0,-1,-1,1,0,0,0
518,586,hiring,10246,-1,-1,-1,-1,-1,-1,-1,0,0,518,0,-1,-1,1,0,0,0
518,587,hiring,10247,-1,-1,-1,-1,-1,-1,-1,0,0,518,0,-1,-1,1,0,0,0
518,588,hiring,10248,-1,-1,-1,-1,-1,-1,-1,0,0,518,0,-1,-1,1,0,0,0
518,589,hiring,10249,-1,-1,-1,-1,-1,-1,-1,0,0,518,0,-1,-1,1,0,0,0
518,590,hiring,10250,-1,-1,-1,-1,-1,-1,-1,0,0,518,0,-1,-1,1,0,0,0
518,591,hiring,10251,-1,-1,-1,-1,-1,-1,-1,0,0,518,0,-1,-1,1,0,0,0
518,592,hiring_candidate,10240,10240,-1,-1,1,1,0,0,0,0,388,0,0,0,1,1,0,0
518,592,hiring,10240,-1,-1,-1,-1,-1,-1,-1,0,0,388,0,-1,-1,1,0,0,0
518,593,hiring_candidate,10243,10241,-1,-1,0,0,0,0,0,0,398,0,0,0,1,1,0,0
518,593,hiring,10243,-1,-1,-1,-1,-1,-1,-1,0,0,398,0,-1,-1,1,0,0,0
519,594,hiring,2,-1,-1,-1,-1,-1,-1,-1,0,0,519,0,-1,-1,1,0,0,0
519,595,hiring,3,-1,-1,-1,-1,-1,-1,-1,0,0,519,0,-1,-1,1,0,0,0
519,596,hiring,4,-1,-1,-1,-1,-1,-1,-1,0,0,519,0,-1,-1,1,0,0,0
519,597,hiring,5,-1,-1,-1,-1,-1,-1,-1,0,0,519,0,-1,-1,1,0,0,0
519,598,hiring,6,-1,-1,-1,-1,-1,-1,-1,0,0,519,0,-1,-1,1,0,0,0
519,599,hiring,7,-1,-1,-1,-1,-1,-1,-1,0,0,519,0,-1,-1,1,0,0,0
519,600,hiring,8,-1,-1,-1,-1,-1,-1,-1,0,0,519,0,-1,-1,1,0,0,0
519,601,hiring,9,-1,-1,-1,-1,-1,-1,-1,0,0,519,0,-1,-1,1,0,0,0
519,602,hiring,10,-1,-1,-1,-1,-1,-1,-1,0,0,519,0,-1,-1,1,0,0,0
519,603,hiring,11,-1,-1,-1,-1,-1,-1,-1,0,0,519,0,-1,-1,1,0,0,0
519,604,hiring_candidate,0,1,-1,-1,1,1,0,0,0,0,244,0,0,0,1,1,0,0
519,604,hiring,0,-1,-1,-1,-1,-1,-1,-1,0,0,244,0,-1,-1,1,0,0,0
519,605,hiring_candidate,1,0,-1,-1,0,0,0,0,0,0,240,0,0,0,1,1,0,0
519,605,hiring,1,-1,-1,-1,-1,-1,-1,-1,0,0,240,0,-1,-1,1,0,0,0
519,606,hiring_candidate,1024,1024,-1,-1,1,1,0,0,0,0,412,0,0,0,1,1,0,0
519,606,hiring,1024,-1,-1,-1,-1,-1,-1,-1,0,0,412,0,-1,-1,1,0,0,0
519,607,hiring,2049,-1,-1,-1,-1,-1,-1,-1,0,0,519,0,-1,-1,1,0,0,0
519,608,hiring,2050,-1,-1,-1,-1,-1,-1,-1,0,0,519,0,-1,-1,1,0,0,0
519,609,hiring,2052,-1,-1,-1,-1,-1,-1,-1,0,0,519,0,-1,-1,1,0,0,0
519,610,hiring,2053,-1,-1,-1,-1,-1,-1,-1,0,0,519,0,-1,-1,1,0,0,0
519,611,hiring,2054,-1,-1,-1,-1,-1,-1,-1,0,0,519,0,-1,-1,1,0,0,0
519,612,hiring,2055,-1,-1,-1,-1,-1,-1,-1,0,0,519,0,-1,-1,1,0,0,0
519,613,hiring,2056,-1,-1,-1,-1,-1,-1,-1,0,0,519,0,-1,-1,1,0,0,0
519,614,hiring,2057,-1,-1,-1,-1,-1,-1,-1,0,0,519,0,-1,-1,1,0,0,0
519,615,hiring,2058,-1,-1,-1,-1,-1,-1,-1,0,0,519,0,-1,-1,1,0,0,0
519,616,hiring,2059,-1,-1,-1,-1,-1,-1,-1,0,0,519,0,-1,-1,1,0,0,0
519,617,hiring_candidate,2048,2049,-1,-1,1,1,0,0,0,0,348,0,0,0,1,1,0,0
519,617,hiring,2048,-1,-1,-1,-1,-1,-1,-1,0,0,348,0,-1,-1,1,0,0,0
519,618,hiring_candidate,2051,2048,-1,-1,0,0,0,0,0,0,401,0,0,0,1,1,0,0
519,618,hiring,2051,-1,-1,-1,-1,-1,-1,-1,0,0,401,0,-1,-1,1,0,0,0
519,619,movement,3072,3073,3,-1,-1,-1,-1,-1,1,0,388,0,-1,-1,1,1,0,0
519,620,hiring_candidate,3073,3073,-1,-1,0,0,0,0,0,0,467,0,0,0,1,1,0,0
519,620,hiring,3073,-1,-1,-1,-1,-1,-1,-1,0,0,467,0,-1,-1,1,0,0,0
519,621,hiring_candidate,3072,3072,-1,-1,1,1,0,0,0,0,388,0,0,0,1,1,0,0
519,621,hiring,3072,-1,-1,-1,-1,-1,-1,-1,0,0,388,0,-1,-1,1,0,0,0
519,622,hiring,4097,-1,-1,-1,-1,-1,-1,-1,0,0,519,0,-1,-1,1,0,0,0
519,623,hiring,4098,-1,-1,-1,-1,-1,-1,-1,0,0,519,0,-1,-1,1,0,0,0
519,624,hiring,4099,-1,-1,-1,-1,-1,-1,-1,0,0,519,0,-1,-1,1,0,0,0
519,625,hiring,4100,-1,-1,-1,-1,-1,-1,-1,0,0,519,0,-1,-1,1,0,0,0
519,626,hiring,4101,-1,-1,-1,-1,-1,-1,-1,0,0,519,0,-1,-1,1,0,0,0
519,627,hiring,4102,-1,-1,-1,-1,-1,-1,-1,0,0,519,0,-1,-1,1,0,0,0
519,628,hiring,4103,-1,-1,-1,-1,-1,-1,-1,0,0,519,0,-1,-1,1,0,0,0
519,629,hiring,4104,-1,-1,-1,-1,-1,-1,-1,0,0,519,0,-1,-1,1,0,0,0
519,630,hiring,4105,-1,-1,-1,-1,-1,-1,-1,0,0,519,0,-1,-1,1,0,0,0
519,631,hiring,4106,-1,-1,-1,-1,-1,-1,-1,0,0,519,0,-1,-1,1,0,0,0
519,632,hiring,4096,-1,-1,-1,-1,-1,-1,-1,0,0,238,0,-1,-1,1,0,0,0
519,633,hiring_candidate,5121,5120,-1,-1,0,0,0,0,0,0,467,0,0,0,1,1,0,0
519,633,hiring,5121,-1,-1,-1,-1,-1,-1,-1,0,0,467,0,-1,-1,1,0,0,0
519,634,hiring_candidate,5120,5121,-1,-1,1,1,0,0,0,0,53,0,0,0,1,1,0,0
519,634,hiring,5120,-1,-1,-1,-1,-1,-1,-1,0,0,53,0,-1,-1,1,0,0,0
519,635,hiring,6145,-1,-1,-1,-1,-1,-1,-1,0,0,519,0,-1,-1,1,0,0,0
519,636,hiring,6146,-1,-1,-1,-1,-1,-1,-1,0,0,519,0,-1,-1,1,0,0,0
519,637,hiring,6147,-1,-1,-1,-1,-1,-1,-1,0,0,519,0,-1,-1,1,0,0,0
519,638,hiring,6148,-1,-1,-1,-1,-1,-1,-1,0,0,519,0,-1,-1,1,0,0,0
519,639,hiring,6149,-1,-1,-1,-1,-1,-1,-1,0,0,519,0,-1,-1,1,0,0,0
519,640,hiring,6150,-1,-1,-1,-1,-1,-1,-1,0,0,519,0,-1,-1,1,0,0,0
519,641,hiring,6151,-1,-1,-1,-1,-1,-1,-1,0,0,519,0,-1,-1,1,0,0,0
519,642,hiring,6152,-1,-1,-1,-1,-1,-1,-1,0,0,519,0,-1,-1,1,0,0,0
519,643,hiring,6153,-1,-1,-1,-1,-1,-1,-1,0,0,519,0,-1,-1,1,0,0,0
519,644,hiring,6154,-1,-1,-1,-1,-1,-1,-1,0,0,519,0,-1,-1,1,0,0,0
519,645,hiring,6144,-1,-1,-1,-1,-1,-1,-1,0,0,363,0,-1,-1,1,0,0,0
519,646,hiring_candidate,7169,7168,-1,-1,0,0,0,0,0,0,467,0,0,0,1,1,0,0
519,646,hiring,7169,-1,-1,-1,-1,-1,-1,-1,0,0,467,0,-1,-1,1,0,0,0
519,647,hiring_candidate,7168,7169,-1,-1,1,1,0,0,0,0,183,0,0,0,1,1,0,0
519,647,hiring,7168,-1,-1,-1,-1,-1,-1,-1,0,0,183,0,-1,-1,1,0,0,0
519,648,hiring,8193,-1,-1,-1,-1,-1,-1,-1,0,0,519,0,-1,-1,1,0,0,0
519,649,hiring,8194,-1,-1,-1,-1,-1,-1,-1,0,0,519,0,-1,-1,1,0,0,0
519,650,hiring,8196,-1,-1,-1,-1,-1,-1,-1,0,0,519,0,-1,-1,1,0,0,0
519,651,hiring,8197,-1,-1,-1,-1,-1,-1,-1,0,0,519,0,-1,-1,1,0,0,0
519,652,hiring,8198,-1,-1,-1,-1,-1,-1,-1,0,0,519,0,-1,-1,1,0,0,0
519,653,hiring,8199,-1,-1,-1,-1,-1,-1,-1,0,0,519,0,-1,-1,1,0,0,0
519,654,hiring,8200,-1,-1,-1,-1,-1,-1,-1,0,0,519,0,-1,-1,1,0,0,0
519,655,hiring,8201,-1,-1,-1,-1,-1,-1,-1,0,0,519,0,-1,-1,1,0,0,0
519,656,hiring,8202,-1,-1,-1,-1,-1,-1,-1,0,0,519,0,-1,-1,1,0,0,0
519,657,hiring,8203,-1,-1,-1,-1,-1,-1,-1,0,0,519,0,-1,-1,1,0,0,0
519,658,hiring_candidate,8192,8193,-1,-1,1,1,0,0,0,0,414,0,0,0,1,1,0,0
519,658,hiring,8192,-1,-1,-1,-1,-1,-1,-1,0,0,414,0,-1,-1,1,0,0,0
519,659,hiring_candidate,8195,8192,-1,-1,0,0,0,0,0,0,404,0,0,0,1,1,0,0
519,659,hiring,8195,-1,-1,-1,-1,-1,-1,-1,0,0,404,0,-1,-1,1,0,0,0
519,660,hiring_candidate,9217,9216,-1,-1,0,0,0,0,0,0,31,0,0,0,1,1,0,0
519,660,hiring,9217,-1,-1,-1,-1,-1,-1,-1,0,0,31,0,-1,-1,1,0,0,0
519,661,hiring_candidate,9216,9217,-1,-1,1,1,0,0,0,0,378,0,0,0,1,1,0,0
519,661,hiring,9216,-1,-1,-1,-1,-1,-1,-1,0,0,378,0,-1,-1,1,0,0,0
519,662,hiring,10241,-1,-1,-1,-1,-1,-1,-1,0,0,519,0,-1,-1,1,0,0,0
519,663,hiring,10242,-1,-1,-1,-1,-1,-1,-1,0,0,519,0,-1,-1,1,0,0,0
519,664,hiring,10244,-1,-1,-1,-1,-1,-1,-1,0,0,519,0,-1,-1,1,0,0,0
519,665,hiring,10245,-1,-1,-1,-1,-1,-1,-1,0,0,519,0,-1,-1,1,0,0,0
519,666,hiring,10246,-1,-1,-1,-1,-1,-1,-1,0,0,519,0,-1,-1,1,0,0,0
519,667,hiring,10247,-1,-1,-1,-1,-1,-1,-1,0,0,519,0,-1,-1,1,0,0,0
519,668,hiring,10248,-1,-1,-1,-1,-1,-1,-1,0,0,519,0,-1,-1,1,0,0,0
519,669,hiring,10249,-1,-1,-1,-1,-1,-1,-1,0,0,519,0,-1,-1,1,0,0,0
519,670,hiring,10250,-1,-1,-1,-1,-1,-1,-1,0,0,519,0,-1,-1,1,0,0,0
519,671,hiring,10251,-1,-1,-1,-1,-1,-1,-1,0,0,519,0,-1,-1,1,0,0,0
519,672,hiring_candidate,10240,10240,-1,-1,1,1,0,0,0,0,389,0,0,0,1,1,0,0
519,672,hiring,10240,-1,-1,-1,-1,-1,-1,-1,0,0,389,0,-1,-1,1,0,0,0
519,673,hiring_candidate,10243,10241,-1,-1,0,0,0,0,0,0,399,0,0,0,1,1,0,0
519,673,hiring,10243,-1,-1,-1,-1,-1,-1,-1,0,0,399,0,-1,-1,1,0,0,0
520,674,hiring,2,-1,-1,-1,-1,-1,-1,-1,0,0,520,0,-1,-1,1,0,0,0
520,675,hiring,3,-1,-1,-1,-1,-1,-1,-1,0,0,520,0,-1,-1,1,0,0,0
520,676,hiring,4,-1,-1,-1,-1,-1,-1,-1,0,0,520,0,-1,-1,1,0,0,0
520,677,hiring,5,-1,-1,-1,-1,-1,-1,-1,0,0,520,0,-1,-1,1,0,0,0
520,678,hiring,6,-1,-1,-1,-1,-1,-1,-1,0,0,520,0,-1,-1,1,0,0,0
520,679,hiring,7,-1,-1,-1,-1,-1,-1,-1,0,0,520,0,-1,-1,1,0,0,0
520,680,hiring,8,-1,-1,-1,-1,-1,-1,-1,0,0,520,0,-1,-1,1,0,0,0
520,681,hiring,9,-1,-1,-1,-1,-1,-1,-1,0,0,520,0,-1,-1,1,0,0,0
520,682,hiring,10,-1,-1,-1,-1,-1,-1,-1,0,0,520,0,-1,-1,1,0,0,0
520,683,hiring,11,-1,-1,-1,-1,-1,-1,-1,0,0,520,0,-1,-1,1,0,0,0
520,684,hiring_candidate,0,1,-1,-1,1,1,0,0,0,0,245,0,0,0,1,1,0,0
520,684,hiring,0,-1,-1,-1,-1,-1,-1,-1,0,0,245,0,-1,-1,1,0,0,0
520,685,hiring_candidate,1,0,-1,-1,0,0,0,0,0,0,241,0,0,0,1,1,0,0
520,685,hiring,1,-1,-1,-1,-1,-1,-1,-1,0,0,241,0,-1,-1,1,0,0,0
520,686,hiring_candidate,1024,1024,-1,-1,1,1,0,0,0,0,413,0,0,0,1,1,0,0
520,686,hiring,1024,-1,-1,-1,-1,-1,-1,-1,0,0,413,0,-1,-1,1,0,0,0
520,687,hiring,2049,-1,-1,-1,-1,-1,-1,-1,0,0,520,0,-1,-1,1,0,0,0
520,688,hiring,2050,-1,-1,-1,-1,-1,-1,-1,0,0,520,0,-1,-1,1,0,0,0
520,689,hiring,2052,-1,-1,-1,-1,-1,-1,-1,0,0,520,0,-1,-1,1,0,0,0
520,690,hiring,2053,-1,-1,-1,-1,-1,-1,-1,0,0,520,0,-1,-1,1,0,0,0
520,691,hiring,2054,-1,-1,-1,-1,-1,-1,-1,0,0,520,0,-1,-1,1,0,0,0
520,692,hiring,2055,-1,-1,-1,-1,-1,-1,-1,0,0,520,0,-1,-1,1,0,0,0
520,693,hiring,2056,-1,-1,-1,-1,-1,-1,-1,0,0,520,0,-1,-1,1,0,0,0
520,694,hiring,2057,-1,-1,-1,-1,-1,-1,-1,0,0,520,0,-1,-1,1,0,0,0
520,695,hiring,2058,-1,-1,-1,-1,-1,-1,-1,0,0,520,0,-1,-1,1,0,0,0
520,696,hiring,2059,-1,-1,-1,-1,-1,-1,-1,0,0,520,0,-1,-1,1,0,0,0
520,697,hiring_candidate,2048,2049,-1,-1,1,1,0,0,0,0,349,0,0,0,1,1,0,0
520,697,hiring,2048,-1,-1,-1,-1,-1,-1,-1,0,0,349,0,-1,-1,1,0,0,0
520,698,hiring_candidate,2051,2048,-1,-1,0,0,0,0,0,0,402,0,0,0,1,1,0,0
520,698,hiring,2051,-1,-1,-1,-1,-1,-1,-1,0,0,402,0,-1,-1,1,0,0,0
520,699,hiring_candidate,3073,3073,-1,-1,0,0,0,0,0,0,468,0,0,0,1,1,0,0
520,699,hiring,3073,-1,-1,-1,-1,-1,-1,-1,0,0,468,0,-1,-1,1,0,0,0
520,700,hiring_candidate,3072,3072,-1,-1,1,1,0,0,0,0,389,0,0,0,1,1,0,0
520,700,hiring,3072,-1,-1,-1,-1,-1,-1,-1,0,0,389,0,-1,-1,1,0,0,0
520,701,hiring,4097,-1,-1,-1,-1,-1,-1,-1,0,0,520,0,-1,-1,1,0,0,0
520,702,hiring,4098,-1,-1,-1,-1,-1,-1,-1,0,0,520,0,-1,-1,1,0,0,0
520,703,hiring,4099,-1,-1,-1,-1,-1,-1,-1,0,0,520,0,-1,-1,1,0,0,0
520,704,hiring,4100,-1,-1,-1,-1,-1,-1,-1,0,0,520,0,-1,-1,1,0,0,0
520,705,hiring,4101,-1,-1,-1,-1,-1,-1,-1,0,0,520,0,-1,-1,1,0,0,0
520,706,hiring,4102,-1,-1,-1,-1,-1,-1,-1,0,0,520,0,-1,-1,1,0,0,0
520,707,hiring,4103,-1,-1,-1,-1,-1,-1,-1,0,0,520,0,-1,-1,1,0,0,0
520,708,hiring,4104,-1,-1,-1,-1,-1,-1,-1,0,0,520,0,-1,-1,1,0,0,0
520,709,hiring,4105,-1,-1,-1,-1,-1,-1,-1,0,0,520,0,-1,-1,1,0,0,0
520,710,hiring,4106,-1,-1,-1,-1,-1,-1,-1,0,0,520,0,-1,-1,1,0,0,0
520,711,hiring,4096,-1,-1,-1,-1,-1,-1,-1,0,0,239,0,-1,-1,1,0,0,0
520,712,hiring_candidate,5121,5120,-1,-1,0,0,0,0,0,0,468,0,0,0,1,1,0,0
520,712,hiring,5121,-1,-1,-1,-1,-1,-1,-1,0,0,468,0,-1,-1,1,0,0,0
520,713,hiring_candidate,5120,5121,-1,-1,1,1,0,0,0,0,54,0,0,0,1,1,0,0
520,713,hiring,5120,-1,-1,-1,-1,-1,-1,-1,0,0,54,0,-1,-1,1,0,0,0
520,714,hiring,6145,-1,-1,-1,-1,-1,-1,-1,0,0,520,0,-1,-1,1,0,0,0
520,715,hiring,6146,-1,-1,-1,-1,-1,-1,-1,0,0,520,0,-1,-1,1,0,0,0
520,716,hiring,6147,-1,-1,-1,-1,-1,-1,-1,0,0,520,0,-1,-1,1,0,0,0
520,717,hiring,6148,-1,-1,-1,-1,-1,-1,-1,0,0,520,0,-1,-1,1,0,0,0
520,718,hiring,6149,-1,-1,-1,-1,-1,-1,-1,0,0,520,0,-1,-1,1,0,0,0
520,719,hiring,6150,-1,-1,-1,-1,-1,-1,-1,0,0,520,0,-1,-1,1,0,0,0
520,720,hiring,6151,-1,-1,-1,-1,-1,-1,-1,0,0,520,0,-1,-1,1,0,0,0
520,721,hiring,6152,-1,-1,-1,-1,-1,-1,-1,0,0,520,0,-1,-1,1,0,0,0
520,722,hiring,6153,-1,-1,-1,-1,-1,-1,-1,0,0,520,0,-1,-1,1,0,0,0
520,723,hiring,6154,-1,-1,-1,-1,-1,-1,-1,0,0,520,0,-1,-1,1,0,0,0
520,724,hiring,6144,-1,-1,-1,-1,-1,-1,-1,0,0,364,0,-1,-1,1,0,0,0
520,725,hiring_candidate,7169,7168,-1,-1,0,0,0,0,0,0,468,0,0,0,1,1,0,0
520,725,hiring,7169,-1,-1,-1,-1,-1,-1,-1,0,0,468,0,-1,-1,1,0,0,0
520,726,hiring_candidate,7168,7169,-1,-1,1,1,0,0,0,0,184,0,0,0,1,1,0,0
520,726,hiring,7168,-1,-1,-1,-1,-1,-1,-1,0,0,184,0,-1,-1,1,0,0,0
520,727,hiring,8193,-1,-1,-1,-1,-1,-1,-1,0,0,520,0,-1,-1,1,0,0,0
520,728,hiring,8194,-1,-1,-1,-1,-1,-1,-1,0,0,520,0,-1,-1,1,0,0,0
520,729,hiring,8196,-1,-1,-1,-1,-1,-1,-1,0,0,520,0,-1,-1,1,0,0,0
520,730,hiring,8197,-1,-1,-1,-1,-1,-1,-1,0,0,520,0,-1,-1,1,0,0,0
520,731,hiring,8198,-1,-1,-1,-1,-1,-1,-1,0,0,520,0,-1,-1,1,0,0,0
520,732,hiring,8199,-1,-1,-1,-1,-1,-1,-1,0,0,520,0,-1,-1,1,0,0,0
520,733,hiring,8200,-1,-1,-1,-1,-1,-1,-1,0,0,520,0,-1,-1,1,0,0,0
520,734,hiring,8201,-1,-1,-1,-1,-1,-1,-1,0,0,520,0,-1,-1,1,0,0,0
520,735,hiring,8202,-1,-1,-1,-1,-1,-1,-1,0,0,520,0,-1,-1,1,0,0,0
520,736,hiring,8203,-1,-1,-1,-1,-1,-1,-1,0,0,520,0,-1,-1,1,0,0,0
520,737,hiring_candidate,8192,8193,-1,-1,1,1,0,0,0,0,415,0,0,0,1,1,0,0
520,737,hiring,8192,-1,-1,-1,-1,-1,-1,-1,0,0,415,0,-1,-1,1,0,0,0
520,738,hiring_candidate,8195,8192,-1,-1,0,0,0,0,0,0,405,0,0,0,1,1,0,0
520,738,hiring,8195,-1,-1,-1,-1,-1,-1,-1,0,0,405,0,-1,-1,1,0,0,0
520,739,hiring_candidate,9217,9216,-1,-1,0,0,0,0,0,0,32,0,0,0,1,1,0,0
520,739,hiring,9217,-1,-1,-1,-1,-1,-1,-1,0,0,32,0,-1,-1,1,0,0,0
520,740,hiring_candidate,9216,9217,-1,-1,1,1,0,0,0,0,379,0,0,0,1,1,0,0
520,740,hiring,9216,-1,-1,-1,-1,-1,-1,-1,0,0,379,0,-1,-1,1,0,0,0
520,741,hiring,10241,-1,-1,-1,-1,-1,-1,-1,0,0,520,0,-1,-1,1,0,0,0
520,742,hiring,10242,-1,-1,-1,-1,-1,-1,-1,0,0,520,0,-1,-1,1,0,0,0
520,743,hiring,10244,-1,-1,-1,-1,-1,-1,-1,0,0,520,0,-1,-1,1,0,0,0
520,744,hiring,10245,-1,-1,-1,-1,-1,-1,-1,0,0,520,0,-1,-1,1,0,0,0
520,745,hiring,10246,-1,-1,-1,-1,-1,-1,-1,0,0,520,0,-1,-1,1,0,0,0
520,746,hiring,10247,-1,-1,-1,-1,-1,-1,-1,0,0,520,0,-1,-1,1,0,0,0
520,747,hiring,10248,-1,-1,-1,-1,-1,-1,-1,0,0,520,0,-1,-1,1,0,0,0
520,748,hiring,10249,-1,-1,-1,-1,-1,-1,-1,0,0,520,0,-1,-1,1,0,0,0
520,749,hiring,10250,-1,-1,-1,-1,-1,-1,-1,0,0,520,0,-1,-1,1,0,0,0
520,750,hiring,10251,-1,-1,-1,-1,-1,-1,-1,0,0,520,0,-1,-1,1,0,0,0
520,751,hiring_candidate,10240,10240,-1,-1,1,1,0,0,0,0,390,0,0,0,1,1,0,0
520,751,hiring,10240,-1,-1,-1,-1,-1,-1,-1,0,0,390,0,-1,-1,1,0,0,0
520,752,hiring_candidate,10243,10241,-1,-1,0,0,0,0,0,0,400,0,0,0,1,1,0,0
520,752,hiring,10243,-1,-1,-1,-1,-1,-1,-1,0,0,400,0,-1,-1,1,0,0,0
521,753,hiring,2,-1,-1,-1,-1,-1,-1,-1,0,0,521,0,-1,-1,1,0,0,0
521,754,hiring,3,-1,-1,-1,-1,-1,-1,-1,0,0,521,0,-1,-1,1,0,0,0
521,755,hiring,4,-1,-1,-1,-1,-1,-1,-1,0,0,521,0,-1,-1,1,0,0,0
521,756,hiring,5,-1,-1,-1,-1,-1,-1,-1,0,0,521,0,-1,-1,1,0,0,0
521,757,hiring,6,-1,-1,-1,-1,-1,-1,-1,0,0,521,0,-1,-1,1,0,0,0
521,758,hiring,7,-1,-1,-1,-1,-1,-1,-1,0,0,521,0,-1,-1,1,0,0,0
521,759,hiring,8,-1,-1,-1,-1,-1,-1,-1,0,0,521,0,-1,-1,1,0,0,0
521,760,hiring,9,-1,-1,-1,-1,-1,-1,-1,0,0,521,0,-1,-1,1,0,0,0
521,761,hiring,10,-1,-1,-1,-1,-1,-1,-1,0,0,521,0,-1,-1,1,0,0,0
521,762,hiring,11,-1,-1,-1,-1,-1,-1,-1,0,0,521,0,-1,-1,1,0,0,0
521,763,hiring_candidate,0,1,-1,-1,1,1,0,0,0,0,246,0,0,0,1,1,0,0
521,763,hiring,0,-1,-1,-1,-1,-1,-1,-1,0,0,246,0,-1,-1,1,0,0,0
521,764,hiring_candidate,1,0,-1,-1,0,0,0,0,0,0,242,0,0,0,1,1,0,0
521,764,hiring,1,-1,-1,-1,-1,-1,-1,-1,0,0,242,0,-1,-1,1,0,0,0
521,765,hiring_candidate,1024,1024,-1,-1,1,1,0,0,0,0,414,0,0,0,1,1,0,0
521,765,hiring,1024,-1,-1,-1,-1,-1,-1,-1,0,0,414,0,-1,-1,1,0,0,0
521,766,hiring,2049,-1,-1,-1,-1,-1,-1,-1,0,0,521,0,-1,-1,1,0,0,0
521,767,hiring,2050,-1,-1,-1,-1,-1,-1,-1,0,0,521,0,-1,-1,1,0,0,0
521,768,hiring,2052,-1,-1,-1,-1,-1,-1,-1,0,0,521,0,-1,-1,1,0,0,0
521,769,hiring,2053,-1,-1,-1,-1,-1,-1,-1,0,0,521,0,-1,-1,1,0,0,0
521,770,hiring,2054,-1,-1,-1,-1,-1,-1,-1,0,0,521,0,-1,-1,1,0,0,0
521,771,hiring,2055,-1,-1,-1,-1,-1,-1,-1,0,0,521,0,-1,-1,1,0,0,0
521,772,hiring,2056,-1,-1,-1,-1,-1,-1,-1,0,0,521,0,-1,-1,1,0,0,0
521,773,hiring,2057,-1,-1,-1,-1,-1,-1,-1,0,0,521,0,-1,-1,1,0,0,0
521,774,hiring,2058,-1,-1,-1,-1,-1,-1,-1,0,0,521,0,-1,-1,1,0,0,0
521,775,hiring,2059,-1,-1,-1,-1,-1,-1,-1,0,0,521,0,-1,-1,1,0,0,0
521,776,hiring_candidate,2048,2049,-1,-1,1,1,0,0,0,0,350,0,0,0,1,1,0,0
521,776,hiring,2048,-1,-1,-1,-1,-1,-1,-1,0,0,350,0,-1,-1,1,0,0,0
521,777,hiring_candidate,2051,2048,-1,-1,0,0,0,0,0,0,403,0,0,0,1,1,0,0
521,777,hiring,2051,-1,-1,-1,-1,-1,-1,-1,0,0,403,0,-1,-1,1,0,0,0
521,778,hiring_candidate,3073,3073,-1,-1,0,0,0,0,0,0,469,0,0,0,1,1,0,0
521,778,hiring,3073,-1,-1,-1,-1,-1,-1,-1,0,0,469,0,-1,-1,1,0,0,0
521,779,hiring_candidate,3072,3072,-1,-1,1,1,0,0,0,0,390,0,0,0,1,1,0,0
521,779,hiring,3072,-1,-1,-1,-1,-1,-1,-1,0,0,390,0,-1,-1,1,0,0,0
521,780,hiring,4097,-1,-1,-1,-1,-1,-1,-1,0,0,521,0,-1,-1,1,0,0,0
521,781,hiring,4098,-1,-1,-1,-1,-1,-1,-1,0,0,521,0,-1,-1,1,0,0,0
521,782,hiring,4099,-1,-1,-1,-1,-1,-1,-1,0,0,521,0,-1,-1,1,0,0,0
521,783,hiring,4100,-1,-1,-1,-1,-1,-1,-1,0,0,521,0,-1,-1,1,0,0,0
521,784,hiring,4101,-1,-1,-1,-1,-1,-1,-1,0,0,521,0,-1,-1,1,0,0,0
521,785,hiring,4102,-1,-1,-1,-1,-1,-1,-1,0,0,521,0,-1,-1,1,0,0,0
521,786,hiring,4103,-1,-1,-1,-1,-1,-1,-1,0,0,521,0,-1,-1,1,0,0,0
521,787,hiring,4104,-1,-1,-1,-1,-1,-1,-1,0,0,521,0,-1,-1,1,0,0,0
521,788,hiring,4105,-1,-1,-1,-1,-1,-1,-1,0,0,521,0,-1,-1,1,0,0,0
521,789,hiring,4106,-1,-1,-1,-1,-1,-1,-1,0,0,521,0,-1,-1,1,0,0,0
521,790,hiring,4096,-1,-1,-1,-1,-1,-1,-1,0,0,240,0,-1,-1,1,0,0,0
521,791,hiring_candidate,5121,5120,-1,-1,0,0,0,0,0,0,469,0,0,0,1,1,0,0
521,791,hiring,5121,-1,-1,-1,-1,-1,-1,-1,0,0,469,0,-1,-1,1,0,0,0
521,792,hiring_candidate,5120,5121,-1,-1,1,1,0,0,0,0,55,0,0,0,1,1,0,0
521,792,hiring,5120,-1,-1,-1,-1,-1,-1,-1,0,0,55,0,-1,-1,1,0,0,0
521,793,hiring,6145,-1,-1,-1,-1,-1,-1,-1,0,0,521,0,-1,-1,1,0,0,0
521,794,hiring,6146,-1,-1,-1,-1,-1,-1,-1,0,0,521,0,-1,-1,1,0,0,0
521,795,hiring,6147,-1,-1,-1,-1,-1,-1,-1,0,0,521,0,-1,-1,1,0,0,0
521,796,hiring,6148,-1,-1,-1,-1,-1,-1,-1,0,0,521,0,-1,-1,1,0,0,0
521,797,hiring,6149,-1,-1,-1,-1,-1,-1,-1,0,0,521,0,-1,-1,1,0,0,0
521,798,hiring,6150,-1,-1,-1,-1,-1,-1,-1,0,0,521,0,-1,-1,1,0,0,0
521,799,hiring,6151,-1,-1,-1,-1,-1,-1,-1,0,0,521,0,-1,-1,1,0,0,0
521,800,hiring,6152,-1,-1,-1,-1,-1,-1,-1,0,0,521,0,-1,-1,1,0,0,0
521,801,hiring,6153,-1,-1,-1,-1,-1,-1,-1,0,0,521,0,-1,-1,1,0,0,0
521,802,hiring,6154,-1,-1,-1,-1,-1,-1,-1,0,0,521,0,-1,-1,1,0,0,0
521,803,hiring,6144,-1,-1,-1,-1,-1,-1,-1,0,0,365,0,-1,-1,1,0,0,0
521,804,hiring_candidate,7169,7168,-1,-1,0,0,0,0,0,0,469,0,0,0,1,1,0,0
521,804,hiring,7169,-1,-1,-1,-1,-1,-1,-1,0,0,469,0,-1,-1,1,0,0,0
521,805,hiring_candidate,7168,7169,-1,-1,1,1,0,0,0,0,185,0,0,0,1,1,0,0
521,805,hiring,7168,-1,-1,-1,-1,-1,-1,-1,0,0,185,0,-1,-1,1,0,0,0
521,806,hiring,8193,-1,-1,-1,-1,-1,-1,-1,0,0,521,0,-1,-1,1,0,0,0
521,807,hiring,8194,-1,-1,-1,-1,-1,-1,-1,0,0,521,0,-1,-1,1,0,0,0
521,808,hiring,8196,-1,-1,-1,-1,-1,-1,-1,0,0,521,0,-1,-1,1,0,0,0
521,809,hiring,8197,-1,-1,-1,-1,-1,-1,-1,0,0,521,0,-1,-1,1,0,0,0
521,810,hiring,8198,-1,-1,-1,-1,-1,-1,-1,0,0,521,0,-1,-1,1,0,0,0
521,811,hiring,8199,-1,-1,-1,-1,-1,-1,-1,0,0,521,0,-1,-1,1,0,0,0
521,812,hiring,8200,-1,-1,-1,-1,-1,-1,-1,0,0,521,0,-1,-1,1,0,0,0
521,813,hiring,8201,-1,-1,-1,-1,-1,-1,-1,0,0,521,0,-1,-1,1,0,0,0
521,814,hiring,8202,-1,-1,-1,-1,-1,-1,-1,0,0,521,0,-1,-1,1,0,0,0
521,815,hiring,8203,-1,-1,-1,-1,-1,-1,-1,0,0,521,0,-1,-1,1,0,0,0
521,816,hiring_candidate,8192,8193,-1,-1,1,1,0,0,0,0,416,0,0,0,1,1,0,0
521,816,hiring,8192,-1,-1,-1,-1,-1,-1,-1,0,0,416,0,-1,-1,1,0,0,0
521,817,hiring_candidate,8195,8192,-1,-1,0,0,0,0,0,0,406,0,0,0,1,1,0,0
521,817,hiring,8195,-1,-1,-1,-1,-1,-1,-1,0,0,406,0,-1,-1,1,0,0,0
521,818,hiring_candidate,9217,9216,-1,-1,0,0,0,0,0,0,33,0,0,0,1,1,0,0
521,818,hiring,9217,-1,-1,-1,-1,-1,-1,-1,0,0,33,0,-1,-1,1,0,0,0
521,819,hiring_candidate,9216,9217,-1,-1,1,1,0,0,0,0,380,0,0,0,1,1,0,0
521,819,hiring,9216,-1,-1,-1,-1,-1,-1,-1,0,0,380,0,-1,-1,1,0,0,0
521,820,hiring,10241,-1,-1,-1,-1,-1,-1,-1,0,0,521,0,-1,-1,1,0,0,0
521,821,hiring,10242,-1,-1,-1,-1,-1,-1,-1,0,0,521,0,-1,-1,1,0,0,0
521,822,hiring,10244,-1,-1,-1,-1,-1,-1,-1,0,0,521,0,-1,-1,1,0,0,0
521,823,hiring,10245,-1,-1,-1,-1,-1,-1,-1,0,0,521,0,-1,-1,1,0,0,0
521,824,hiring,10246,-1,-1,-1,-1,-1,-1,-1,0,0,521,0,-1,-1,1,0,0,0
521,825,hiring,10247,-1,-1,-1,-1,-1,-1,-1,0,0,521,0,-1,-1,1,0,0,0
521,826,hiring,10248,-1,-1,-1,-1,-1,-1,-1,0,0,521,0,-1,-1,1,0,0,0
521,827,hiring,10249,-1,-1,-1,-1,-1,-1,-1,0,0,521,0,-1,-1,1,0,0,0
521,828,hiring,10250,-1,-1,-1,-1,-1,-1,-1,0,0,521,0,-1,-1,1,0,0,0
521,829,hiring,10251,-1,-1,-1,-1,-1,-1,-1,0,0,521,0,-1,-1,1,0,0,0
521,830,hiring_candidate,10240,10240,-1,-1,1,1,0,0,0,0,391,0,0,0,1,1,0,0
521,830,hiring,10240,-1,-1,-1,-1,-1,-1,-1,0,0,391,0,-1,-1,1,0,0,0
521,831,hiring_candidate,10243,10241,-1,-1,0,0,0,0,0,0,401,0,0,0,1,1,0,0
521,831,hiring,10243,-1,-1,-1,-1,-1,-1,-1,0,0,401,0,-1,-1,1,0,0,0
522,832,hiring,2,-1,-1,-1,-1,-1,-1,-1,0,0,522,0,-1,-1,1,0,0,0
522,833,hiring,3,-1,-1,-1,-1,-1,-1,-1,0,0,522,0,-1,-1,1,0,0,0
522,834,hiring,4,-1,-1,-1,-1,-1,-1,-1,0,0,522,0,-1,-1,1,0,0,0
522,835,hiring,5,-1,-1,-1,-1,-1,-1,-1,0,0,522,0,-1,-1,1,0,0,0
522,836,hiring,6,-1,-1,-1,-1,-1,-1,-1,0,0,522,0,-1,-1,1,0,0,0
522,837,hiring,7,-1,-1,-1,-1,-1,-1,-1,0,0,522,0,-1,-1,1,0,0,0
522,838,hiring,8,-1,-1,-1,-1,-1,-1,-1,0,0,522,0,-1,-1,1,0,0,0
522,839,hiring,9,-1,-1,-1,-1,-1,-1,-1,0,0,522,0,-1,-1,1,0,0,0
522,840,hiring,10,-1,-1,-1,-1,-1,-1,-1,0,0,522,0,-1,-1,1,0,0,0
522,841,hiring,11,-1,-1,-1,-1,-1,-1,-1,0,0,522,0,-1,-1,1,0,0,0
522,842,hiring_candidate,0,1,-1,-1,1,1,0,0,0,0,247,0,0,0,1,1,0,0
522,842,hiring,0,-1,-1,-1,-1,-1,-1,-1,0,0,247,0,-1,-1,1,0,0,0
522,843,hiring_candidate,1,0,-1,-1,0,0,0,0,0,0,243,0,0,0,1,1,0,0
522,843,hiring,1,-1,-1,-1,-1,-1,-1,-1,0,0,243,0,-1,-1,1,0,0,0
522,844,hiring_candidate,1025,1025,-1,-1,1,1,0,0,0,0,0,0,0,0,1,1,0,0
522,844,hiring_candidate,1025,1024,1024,1024,1,1,512,512,0,0,0,0,-1,-1,1,1,1,1
522,844,hiring_candidate,1025,1025,-1,-1,1,1,0,0,0,0,0,0,0,0,1,1,0,0
522,844,hiring,1025,-1,1024,1024,1,1,512,512,0,0,0,0,-1,-1,1,0,1,1
522,845,hiring_candidate,1024,1024,-1,-1,1,1,0,0,0,0,415,0,0,0,1,1,0,0
522,845,hiring,1024,-1,-1,-1,-1,-1,-1,-1,0,0,415,0,-1,-1,1,0,0,0
522,846,hiring,1025,-1,-1,-1,-1,-1,-1,-1,0,0,0,0,-1,-1,1,0,0,0
522,847,hiring,2049,-1,-1,-1,-1,-1,-1,-1,0,0,522,0,-1,-1,1,0,0,0
522,848,hiring,2050,-1,-1,-1,-1,-1,-1,-1,0,0,522,0,-1,-1,1,0,0,0
522,849,hiring,2052,-1,-1,-1,-1,-1,-1,-1,0,0,522,0,-1,-1,1,0,0,0
522,850,hiring,2053,-1,-1,-1,-1,-1,-1,-1,0,0,522,0,-1,-1,1,0,0,0
522,851,hiring,2054,-1,-1,-1,-1,-1,-1,-1,0,0,522,0,-1,-1,1,0,0,0
522,852,hiring,2055,-1,-1,-1,-1,-1,-1,-1,0,0,522,0,-1,-1,1,0,0,0
522,853,hiring,2056,-1,-1,-1,-1,-1,-1,-1,0,0,522,0,-1,-1,1,0,0,0
522,854,hiring,2057,-1,-1,-1,-1,-1,-1,-1,0,0,522,0,-1,-1,1,0,0,0
522,855,hiring,2058,-1,-1,-1,-1,-1,-1,-1,0,0,522,0,-1,-1,1,0,0,0
522,856,hiring,2059,-1,-1,-1,-1,-1,-1,-1,0,0,522,0,-1,-1,1,0,0,0
522,857,hiring_candidate,2048,2049,-1,-1,1,1,0,0,0,0,351,0,0,0,1,1,0,0
522,857,hiring,2048,-1,-1,-1,-1,-1,-1,-1,0,0,351,0,-1,-1,1,0,0,0
522,858,hiring_candidate,2051,2048,-1,-1,0,0,0,0,0,0,404,0,0,0,1,1,0,0
522,858,hiring,2051,-1,-1,-1,-1,-1,-1,-1,0,0,404,0,-1,-1,1,0,0,0
522,859,hiring_candidate,3073,3073,-1,-1,0,0,0,0,0,0,470,0,0,0,1,1,0,0
522,859,hiring,3073,-1,-1,-1,-1,-1,-1,-1,0,0,470,0,-1,-1,1,0,0,0
522,860,hiring_candidate,3072,3072,-1,-1,1,1,0,0,0,0,391,0,0,0,1,1,0,0
522,860,hiring,3072,-1,-1,-1,-1,-1,-1,-1,0,0,391,0,-1,-1,1,0,0,0
522,861,hiring,4097,-1,-1,-1,-1,-1,-1,-1,0,0,522,0,-1,-1,1,0,0,0
522,862,hiring,4098,-1,-1,-1,-1,-1,-1,-1,0,0,522,0,-1,-1,1,0,0,0
522,863,hiring,4099,-1,-1,-1,-1,-1,-1,-1,0,0,522,0,-1,-1,1,0,0,0
522,864,hiring,4100,-1,-1,-1,-1,-1,-1,-1,0,0,522,0,-1,-1,1,0,0,0
522,865,hiring,4101,-1,-1,-1,-1,-1,-1,-1,0,0,522,0,-1,-1,1,0,0,0
522,866,hiring,4102,-1,-1,-1,-1,-1,-1,-1,0,0,522,0,-1,-1,1,0,0,0
522,867,hiring,4103,-1,-1,-1,-1,-1,-1,-1,0,0,522,0,-1,-1,1,0,0,0
522,868,hiring,4104,-1,-1,-1,-1,-1,-1,-1,0,0,522,0,-1,-1,1,0,0,0
522,869,hiring,4105,-1,-1,-1,-1,-1,-1,-1,0,0,522,0,-1,-1,1,0,0,0
522,870,hiring,4106,-1,-1,-1,-1,-1,-1,-1,0,0,522,0,-1,-1,1,0,0,0
522,871,hiring,4096,-1,-1,-1,-1,-1,-1,-1,0,0,241,0,-1,-1,1,0,0,0
522,872,hiring_candidate,5121,5120,-1,-1,0,0,0,0,0,0,470,0,0,0,1,1,0,0
522,872,hiring,5121,-1,-1,-1,-1,-1,-1,-1,0,0,470,0,-1,-1,1,0,0,0
522,873,hiring_candidate,5120,5121,-1,-1,1,1,0,0,0,0,56,0,0,0,1,1,0,0
522,873,hiring,5120,-1,-1,-1,-1,-1,-1,-1,0,0,56,0,-1,-1,1,0,0,0
522,874,hiring,6145,-1,-1,-1,-1,-1,-1,-1,0,0,522,0,-1,-1,1,0,0,0
522,875,hiring,6146,-1,-1,-1,-1,-1,-1,-1,0,0,522,0,-1,-1,1,0,0,0
522,876,hiring,6147,-1,-1,-1,-1,-1,-1,-1,0,0,522,0,-1,-1,1,0,0,0
522,877,hiring,6148,-1,-1,-1,-1,-1,-1,-1,0,0,522,0,-1,-1,1,0,0,0
522,878,hiring,6149,-1,-1,-1,-1,-1,-1,-1,0,0,522,0,-1,-1,1,0,0,0
522,879,hiring,6150,-1,-1,-1,-1,-1,-1,-1,0,0,522,0,-1,-1,1,0,0,0
522,880,hiring,6151,-1,-1,-1,-1,-1,-1,-1,0,0,522,0,-1,-1,1,0,0,0
522,881,hiring,6152,-1,-1,-1,-1,-1,-1,-1,0,0,522,0,-1,-1,1,0,0,0
522,882,hiring,6153,-1,-1,-1,-1,-1,-1,-1,0,0,522,0,-1,-1,1,0,0,0
522,883,hiring,6154,-1,-1,-1,-1,-1,-1,-1,0,0,522,0,-1,-1,1,0,0,0
522,884,hiring,6144,-1,-1,-1,-1,-1,-1,-1,0,0,366,0,-1,-1,1,0,0,0
522,885,hiring_candidate,7169,7168,-1,-1,0,0,0,0,0,0,470,0,0,0,1,1,0,0
522,885,hiring,7169,-1,-1,-1,-1,-1,-1,-1,0,0,470,0,-1,-1,1,0,0,0
522,886,hiring_candidate,7168,7169,-1,-1,1,1,0,0,0,0,186,0,0,0,1,1,0,0
522,886,hiring,7168,-1,-1,-1,-1,-1,-1,-1,0,0,186,0,-1,-1,1,0,0,0
522,887,hiring,8193,-1,-1,-1,-1,-1,-1,-1,0,0,522,0,-1,-1,1,0,0,0
522,888,hiring,8194,-1,-1,-1,-1,-1,-1,-1,0,0,522,0,-1,-1,1,0,0,0
522,889,hiring,8196,-1,-1,-1,-1,-1,-1,-1,0,0,522,0,-1,-1,1,0,0,0
522,890,hiring,8197,-1,-1,-1,-1,-1,-1,-1,0,0,522,0,-1,-1,1,0,0,0
522,891,hiring,8198,-1,-1,-1,-1,-1,-1,-1,0,0,522,0,-1,-1,1,0,0,0
522,892,hiring,8199,-1,-1,-1,-1,-1,-1,-1,0,0,522,0,-1,-1,1,0,0,0
522,893,hiring,8200,-1,-1,-1,-1,-1,-1,-1,0,0,522,0,-1,-1,1,0,0,0
522,894,hiring,8201,-1,-1,-1,-1,-1,-1,-1,0,0,522,0,-1,-1,1,0,0,0
522,895,hiring,8202,-1,-1,-1,-1,-1,-1,-1,0,0,522,0,-1,-1,1,0,0,0
522,896,hiring,8203,-1,-1,-1,-1,-1,-1,-1,0,0,522,0,-1,-1,1,0,0,0
522,897,hiring_candidate,8192,8193,-1,-1,1,1,0,0,0,0,417,0,0,0,1,1,0,0
522,897,hiring,8192,-1,-1,-1,-1,-1,-1,-1,0,0,417,0,-1,-1,1,0,0,0
522,898,hiring_candidate,8195,8192,-1,-1,0,0,0,0,0,0,407,0,0,0,1,1,0,0
522,898,hiring,8195,-1,-1,-1,-1,-1,-1,-1,0,0,407,0,-1,-1,1,0,0,0
522,899,hiring_candidate,9217,9216,-1,-1,0,0,0,0,0,0,34,0,0,0,1,1,0,0
522,899,hiring,9217,-1,-1,-1,-1,-1,-1,-1,0,0,34,0,-1,-1,1,0,0,0
522,900,hiring_candidate,9216,9217,-1,-1,1,1,0,0,0,0,381,0,0,0,1,1,0,0
522,900,hiring,9216,-1,-1,-1,-1,-1,-1,-1,0,0,381,0,-1,-1,1,0,0,0
522,901,hiring,10241,-1,-1,-1,-1,-1,-1,-1,0,0,522,0,-1,-1,1,0,0,0
522,902,hiring,10242,-1,-1,-1,-1,-1,-1,-1,0,0,522,0,-1,-1,1,0,0,0
522,903,hiring,10244,-1,-1,-1,-1,-1,-1,-1,0,0,522,0,-1,-1,1,0,0,0
522,904,hiring,10245,-1,-1,-1,-1,-1,-1,-1,0,0,522,0,-1,-1,1,0,0,0
522,905,hiring,10246,-1,-1,-1,-1,-1,-1,-1,0,0,522,0,-1,-1,1,0,0,0
522,906,hiring,10247,-1,-1,-1,-1,-1,-1,-1,0,0,522,0,-1,-1,1,0,0,0
522,907,hiring,10248,-1,-1,-1,-1,-1,-1,-1,0,0,522,0,-1,-1,1,0,0,0
522,908,hiring,10249,-1,-1,-1,-1,-1,-1,-1,0,0,522,0,-1,-1,1,0,0,0
522,909,hiring,10250,-1,-1,-1,-1,-1,-1,-1,0,0,522,0,-1,-1,1,0,0,0
522,910,hiring,10251,-1,-1,-1,-1,-1,-1,-1,0,0,522,0,-1,-1,1,0,0,0
522,911,hiring_candidate,10240,10240,-1,-1,1,1,0,0,0,0,392,0,0,0,1,1,0,0
522,911,hiring,10240,-1,-1,-1,-1,-1,-1,-1,0,0,392,0,-1,-1,1,0,0,0
522,912,hiring_candidate,10243,10241,-1,-1,0,0,0,0,0,0,402,0,0,0,1,1,0,0
522,912,hiring,10243,-1,-1,-1,-1,-1,-1,-1,0,0,402,0,-1,-1,1,0,0,0
523,913,hiring,2,-1,-1,-1,-1,-1,-1,-1,0,0,523,0,-1,-1,1,0,0,0
523,914,hiring,3,-1,-1,-1,-1,-1,-1,-1,0,0,523,0,-1,-1,1,0,0,0
523,915,hiring,4,-1,-1,-1,-1,-1,-1,-1,0,0,523,0,-1,-1,1,0,0,0
523,916,hiring,5,-1,-1,-1,-1,-1,-1,-1,0,0,523,0,-1,-1,1,0,0,0
523,917,hiring,6,-1,-1,-1,-1,-1,-1,-1,0,0,523,0,-1,-1,1,0,0,0
523,918,hiring,7,-1,-1,-1,-1,-1,-1,-1,0,0,523,0,-1,-1,1,0,0,0
523,919,hiring,8,-1,-1,-1,-1,-1,-1,-1,0,0,523,0,-1,-1,1,0,0,0
523,920,hiring,9,-1,-1,-1,-1,-1,-1,-1,0,0,523,0,-1,-1,1,0,0,0
523,921,hiring,10,-1,-1,-1,-1,-1,-1,-1,0,0,523,0,-1,-1,1,0,0,0
523,922,hiring,11,-1,-1,-1,-1,-1,-1,-1,0,0,523,0,-1,-1,1,0,0,0
523,923,hiring_candidate,0,1,-1,-1,1,1,0,0,0,0,248,0,0,0,1,1,0,0
523,923,hiring,0,-1,-1,-1,-1,-1,-1,-1,0,0,248,0,-1,-1,1,0,0,0
523,924,hiring_candidate,1,0,-1,-1,0,0,0,0,0,0,244,0,0,0,1,1,0,0
523,924,hiring,1,-1,-1,-1,-1,-1,-1,-1,0,0,244,0,-1,-1,1,0,0,0
523,925,hiring_candidate,1024,1024,-1,-1,1,1,0,0,0,0,416,0,0,0,1,1,0,0
523,925,hiring,1024,-1,-1,-1,-1,-1,-1,-1,0,0,416,0,-1,-1,1,0,0,0
523,926,hiring,2049,-1,-1,-1,-1,-1,-1,-1,0,0,523,0,-1,-1,1,0,0,0
523,927,hiring,2050,-1,-1,-1,-1,-1,-1,-1,0,0,523,0,-1,-1,1,0,0,0
523,928,hiring,2052,-1,-1,-1,-1,-1,-1,-1,0,0,523,0,-1,-1,1,0,0,0
523,929,hiring,2053,-1,-1,-1,-1,-1,-1,-1,0,0,523,0,-1,-1,1,0,0,0
523,930,hiring,2054,-1,-1,-1,-1,-1,-1,-1,0,0,523,0,-1,-1,1,0,0,0
523,931,hiring,2055,-1,-1,-1,-1,-1,-1,-1,0,0,523,0,-1,-1,1,0,0,0
523,932,hiring,2056,-1,-1,-1,-1,-1,-1,-1,0,0,523,0,-1,-1,1,0,0,0
523,933,hiring,2057,-1,-1,-1,-1,-1,-1,-1,0,0,523,0,-1,-1,1,0,0,0
523,934,hiring,2058,-1,-1,-1,-1,-1,-1,-1,0,0,523,0,-1,-1,1,0,0,0
523,935,hiring,2059,-1,-1,-1,-1,-1,-1,-1,0,0,523,0,-1,-1,1,0,0,0
523,936,hiring_candidate,2048,2049,-1,-1,1,1,0,0,0,0,352,0,0,0,1,1,0,0
523,936,hiring,2048,-1,-1,-1,-1,-1,-1,-1,0,0,352,0,-1,-1,1,0,0,0
523,937,hiring_candidate,2051,2048,-1,-1,0,0,0,0,0,0,405,0,0,0,1,1,0,0
523,937,hiring,2051,-1,-1,-1,-1,-1,-1,-1,0,0,405,0,-1,-1,1,0,0,0
523,938,hiring_candidate,3073,3073,-1,-1,0,0,0,0,0,0,471,0,0,0,1,1,0,0
523,938,hiring,3073,-1,-1,-1,-1,-1,-1,-1,0,0,471,0,-1,-1,1,0,0,0
523,939,hiring_candidate,3072,3072,-1,-1,1,1,0,0,0,0,392,0,0,0,1,1,0,0
523,939,hiring,3072,-1,-1,-1,-1,-1,-1,-1,0,0,392,0,-1,-1,1,0,0,0
523,940,hiring,4097,-1,-1,-1,-1,-1,-1,-1,0,0,523,0,-1,-1,1,0,0,0
523,941,hiring,4098,-1,-1,-1,-1,-1,-1,-1,0,0,523,0,-1,-1,1,0,0,0
523,942,hiring,4099,-1,-1,-1,-1,-1,-1,-1,0,0,523,0,-1,-1,1,0,0,0
523,943,hiring,4100,-1,-1,-1,-1,-1,-1,-1,0,0,523,0,-1,-1,1,0,0,0
523,944,hiring,4101,-1,-1,-1,-1,-1,-1,-1,0,0,523,0,-1,-1,1,0,0,0
523,945,hiring,4102,-1,-1,-1,-1,-1,-1,-1,0,0,523,0,-1,-1,1,0,0,0
523,946,hiring,4103,-1,-1,-1,-1,-1,-1,-1,0,0,523,0,-1,-1,1,0,0,0
523,947,hiring,4104,-1,-1,-1,-1,-1,-1,-1,0,0,523,0,-1,-1,1,0,0,0
523,948,hiring,4105,-1,-1,-1,-1,-1,-1,-1,0,0,523,0,-1,-1,1,0,0,0
523,949,hiring,4106,-1,-1,-1,-1,-1,-1,-1,0,0,523,0,-1,-1,1,0,0,0
523,950,hiring,4096,-1,-1,-1,-1,-1,-1,-1,0,0,242,0,-1,-1,1,0,0,0
523,951,hiring_candidate,5121,5120,-1,-1,0,0,0,0,0,0,471,0,0,0,1,1,0,0
523,951,hiring,5121,-1,-1,-1,-1,-1,-1,-1,0,0,471,0,-1,-1,1,0,0,0
523,952,hiring_candidate,5120,5121,-1,-1,1,1,0,0,0,0,57,0,0,0,1,1,0,0
523,952,hiring,5120,-1,-1,-1,-1,-1,-1,-1,0,0,57,0,-1,-1,1,0,0,0
523,953,hiring,6145,-1,-1,-1,-1,-1,-1,-1,0,0,523,0,-1,-1,1,0,0,0
523,954,hiring,6146,-1,-1,-1,-1,-1,-1,-1,0,0,523,0,-1,-1,1,0,0,0
523,955,hiring,6147,-1,-1,-1,-1,-1,-1,-1,0,0,523,0,-1,-1,1,0,0,0
523,956,hiring,6148,-1,-1,-1,-1,-1,-1,-1,0,0,523,0,-1,-1,1,0,0,0
523,957,hiring,6149,-1,-1,-1,-1,-1,-1,-1,0,0,523,0,-1,-1,1,0,0,0
523,958,hiring,6150,-1,-1,-1,-1,-1,-1,-1,0,0,523,0,-1,-1,1,0,0,0
523,959,hiring,6151,-1,-1,-1,-1,-1,-1,-1,0,0,523,0,-1,-1,1,0,0,0
523,960,hiring,6152,-1,-1,-1,-1,-1,-1,-1,0,0,523,0,-1,-1,1,0,0,0
523,961,hiring,6153,-1,-1,-1,-1,-1,-1,-1,0,0,523,0,-1,-1,1,0,0,0
523,962,hiring,6154,-1,-1,-1,-1,-1,-1,-1,0,0,523,0,-1,-1,1,0,0,0
523,963,hiring,6144,-1,-1,-1,-1,-1,-1,-1,0,0,367,0,-1,-1,1,0,0,0
523,964,hiring_candidate,7169,7168,-1,-1,0,0,0,0,0,0,471,0,0,0,1,1,0,0
523,964,hiring,7169,-1,-1,-1,-1,-1,-1,-1,0,0,471,0,-1,-1,1,0,0,0
523,965,hiring_candidate,7168,7169,-1,-1,1,1,0,0,0,0,187,0,0,0,1,1,0,0
523,965,hiring,7168,-1,-1,-1,-1,-1,-1,-1,0,0,187,0,-1,-1,1,0,0,0
523,966,hiring,8193,-1,-1,-1,-1,-1,-1,-1,0,0,523,0,-1,-1,1,0,0,0
523,967,hiring,8194,-1,-1,-1,-1,-1,-1,-1,0,0,523,0,-1,-1,1,0,0,0
523,968,hiring,8196,-1,-1,-1,-1,-1,-1,-1,0,0,523,0,-1,-1,1,0,0,0
523,969,hiring,8197,-1,-1,-1,-1,-1,-1,-1,0,0,523,0,-1,-1,1,0,0,0
523,970,hiring,8198,-1,-1,-1,-1,-1,-1,-1,0,0,523,0,-1,-1,1,0,0,0
523,971,hiring,8199,-1,-1,-1,-1,-1,-1,-1,0,0,523,0,-1,-1,1,0,0,0
523,972,hiring,8200,-1,-1,-1,-1,-1,-1,-1,0,0,523,0,-1,-1,1,0,0,0
523,973,hiring,8201,-1,-1,-1,-1,-1,-1,-1,0,0,523,0,-1,-1,1,0,0,0
523,974,hiring,8202,-1,-1,-1,-1,-1,-1,-1,0,0,523,0,-1,-1,1,0,0,0
523,975,hiring,8203,-1,-1,-1,-1,-1,-1,-1,0,0,523,0,-1,-1,1,0,0,0
523,976,hiring_candidate,8192,8193,-1,-1,1,1,0,0,0,0,418,0,0,0,1,1,0,0
523,976,hiring,8192,-1,-1,-1,-1,-1,-1,-1,0,0,418,0,-1,-1,1,0,0,0
523,977,hiring_candidate,8195,8192,-1,-1,0,0,0,0,0,0,408,0,0,0,1,1,0,0
523,977,hiring,8195,-1,-1,-1,-1,-1,-1,-1,0,0,408,0,-1,-1,1,0,0,0
523,978,hiring_candidate,9217,9216,-1,-1,0,0,0,0,0,0,35,0,0,0,1,1,0,0
523,978,hiring,9217,-1,-1,-1,-1,-1,-1,-1,0,0,35,0,-1,-1,1,0,0,0
523,979,hiring_candidate,9216,9217,-1,-1,1,1,0,0,0,0,382,0,0,0,1,1,0,0
523,979,hiring,9216,-1,-1,-1,-1,-1,-1,-1,0,0,382,0,-1,-1,1,0,0,0
523,980,hiring,10241,-1,-1,-1,-1,-1,-1,-1,0,0,523,0,-1,-1,1,0,0,0
523,981,hiring,10242,-1,-1,-1,-1,-1,-1,-1,0,0,523,0,-1,-1,1,0,0,0
523,982,hiring,10244,-1,-1,-1,-1,-1,-1,-1,0,0,523,0,-1,-1,1,0,0,0
523,983,hiring,10245,-1,-1,-1,-1,-1,-1,-1,0,0,523,0,-1,-1,1,0,0,0
523,984,hiring,10246,-1,-1,-1,-1,-1,-1,-1,0,0,523,0,-1,-1,1,0,0,0
523,985,hiring,10247,-1,-1,-1,-1,-1,-1,-1,0,0,523,0,-1,-1,1,0,0,0
523,986,hiring,10248,-1,-1,-1,-1,-1,-1,-1,0,0,523,0,-1,-1,1,0,0,0
523,987,hiring,10249,-1,-1,-1,-1,-1,-1,-1,0,0,523,0,-1,-1,1,0,0,0
523,988,hiring,10250,-1,-1,-1,-1,-1,-1,-1,0,0,523,0,-1,-1,1,0,0,0
523,989,hiring,10251,-1,-1,-1,-1,-1,-1,-1,0,0,523,0,-1,-1,1,0,0,0
523,990,hiring_candidate,10240,10240,-1,-1,1,1,0,0,0,0,393,0,0,0,1,1,0,0
523,990,hiring,10240,-1,-1,-1,-1,-1,-1,-1,0,0,393,0,-1,-1,1,0,0,0
523,991,hiring_candidate,10243,10241,-1,-1,0,0,0,0,0,0,403,0,0,0,1,1,0,0
523,991,hiring,10243,-1,-1,-1,-1,-1,-1,-1,0,0,403,0,-1,-1,1,0,0,0
524,992,hiring,2,-1,-1,-1,-1,-1,-1,-1,0,0,524,0,-1,-1,1,0,0,0
524,993,hiring,3,-1,-1,-1,-1,-1,-1,-1,0,0,524,0,-1,-1,1,0,0,0
524,994,hiring,4,-1,-1,-1,-1,-1,-1,-1,0,0,524,0,-1,-1,1,0,0,0
524,995,hiring,5,-1,-1,-1,-1,-1,-1,-1,0,0,524,0,-1,-1,1,0,0,0
524,996,hiring,6,-1,-1,-1,-1,-1,-1,-1,0,0,524,0,-1,-1,1,0,0,0
524,997,hiring,7,-1,-1,-1,-1,-1,-1,-1,0,0,524,0,-1,-1,1,0,0,0
524,998,hiring,8,-1,-1,-1,-1,-1,-1,-1,0,0,524,0,-1,-1,1,0,0,0
524,999,hiring,9,-1,-1,-1,-1,-1,-1,-1,0,0,524,0,-1,-1,1,0,0,0
524,1000,hiring,10,-1,-1,-1,-1,-1,-1,-1,0,0,524,0,-1,-1,1,0,0,0
524,1001,hiring,11,-1,-1,-1,-1,-1,-1,-1,0,0,524,0,-1,-1,1,0,0,0
524,1002,hiring_candidate,0,1,-1,-1,1,1,0,0,0,0,249,0,0,0,1,1,0,0
524,1002,hiring,0,-1,-1,-1,-1,-1,-1,-1,0,0,249,0,-1,-1,1,0,0,0
524,1003,hiring_candidate,1,0,-1,-1,0,0,0,0,0,0,245,0,0,0,1,1,0,0
524,1003,hiring,1,-1,-1,-1,-1,-1,-1,-1,0,0,245,0,-1,-1,1,0,0,0
524,1004,hiring_candidate,1024,1024,-1,-1,1,1,0,0,0,0,417,0,0,0,1,1,0,0
524,1004,hiring,1024,-1,-1,-1,-1,-1,-1,-1,0,0,417,0,-1,-1,1,0,0,0
524,1005,hiring,2049,-1,-1,-1,-1,-1,-1,-1,0,0,524,0,-1,-1,1,0,0,0
524,1006,hiring,2050,-1,-1,-1,-1,-1,-1,-1,0,0,524,0,-1,-1,1,0,0,0
524,1007,hiring,2052,-1,-1,-1,-1,-1,-1,-1,0,0,524,0,-1,-1,1,0,0,0
524,1008,hiring,2053,-1,-1,-1,-1,-1,-1,-1,0,0,524,0,-1,-1,1,0,0,0
524,1009,hiring,2054,-1,-1,-1,-1,-1,-1,-1,0,0,524,0,-1,-1,1,0,0,0
524,1010,hiring,2055,-1,-1,-1,-1,-1,-1,-1,0,0,524,0,-1,-1,1,0,0,0
524,1011,hiring,2056,-1,-1,-1,-1,-1,-1,-1,0,0,524,0,-1,-1,1,0,0,0
524,1012,hiring,2057,-1,-1,-1,-1,-1,-1,-1,0,0,524,0,-1,-1,1,0,0,0
524,1013,hiring,2058,-1,-1,-1,-1,-1,-1,-1,0,0,524,0,-1,-1,1,0,0,0
524,1014,hiring,2059,-1,-1,-1,-1,-1,-1,-1,0,0,524,0,-1,-1,1,0,0,0
524,1015,hiring_candidate,2048,2049,-1,-1,1,1,0,0,0,0,353,0,0,0,1,1,0,0
524,1015,hiring,2048,-1,-1,-1,-1,-1,-1,-1,0,0,353,0,-1,-1,1,0,0,0
524,1016,hiring_candidate,2051,2048,-1,-1,0,0,0,0,0,0,406,0,0,0,1,1,0,0
524,1016,hiring,2051,-1,-1,-1,-1,-1,-1,-1,0,0,406,0,-1,-1,1,0,0,0
524,1017,hiring_candidate,3073,3073,-1,-1,0,0,0,0,0,0,472,0,0,0,1,1,0,0
524,1017,hiring,3073,-1,-1,-1,-1,-1,-1,-1,0,0,472,0,-1,-1,1,0,0,0
524,1018,hiring_candidate,3072,3072,-1,-1,1,1,0,0,0,0,393,0,0,0,1,1,0,0
524,1018,hiring,3072,-1,-1,-1,-1,-1,-1,-1,0,0,393,0,-1,-1,1,0,0,0
524,1019,hiring,4097,-1,-1,-1,-1,-1,-1,-1,0,0,524,0,-1,-1,1,0,0,0
524,1020,hiring,4098,-1,-1,-1,-1,-1,-1,-1,0,0,524,0,-1,-1,1,0,0,0
524,1021,hiring,4099,-1,-1,-1,-1,-1,-1,-1,0,0,524,0,-1,-1,1,0,0,0
524,1022,hiring,4100,-1,-1,-1,-1,-1,-1,-1,0,0,524,0,-1,-1,1,0,0,0
524,1023,hiring,4101,-1,-1,-1,-1,-1,-1,-1,0,0,524,0,-1,-1,1,0,0,0
524,1024,hiring,4102,-1,-1,-1,-1,-1,-1,-1,0,0,524,0,-1,-1,1,0,0,0
524,1025,hiring,4103,-1,-1,-1,-1,-1,-1,-1,0,0,524,0,-1,-1,1,0,0,0
524,1026,hiring,4104,-1,-1,-1,-1,-1,-1,-1,0,0,524,0,-1,-1,1,0,0,0
524,1027,hiring,4105,-1,-1,-1,-1,-1,-1,-1,0,0,524,0,-1,-1,1,0,0,0
524,1028,hiring,4106,-1,-1,-1,-1,-1,-1,-1,0,0,524,0,-1,-1,1,0,0,0
524,1029,hiring,4096,-1,-1,-1,-1,-1,-1,-1,0,0,243,0,-1,-1,1,0,0,0
524,1030,hiring_candidate,5121,5120,-1,-1,0,0,0,0,0,0,472,0,0,0,1,1,0,0
524,1030,hiring,5121,-1,-1,-1,-1,-1,-1,-1,0,0,472,0,-1,-1,1,0,0,0
524,1031,hiring_candidate,5120,5121,-1,-1,1,1,0,0,0,0,58,0,0,0,1,1,0,0
524,1031,hiring,5120,-1,-1,-1,-1,-1,-1,-1,0,0,58,0,-1,-1,1,0,0,0
524,1032,hiring,6145,-1,-1,-1,-1,-1,-1,-1,0,0,524,0,-1,-1,1,0,0,0
524,1033,hiring,6146,-1,-1,-1,-1,-1,-1,-1,0,0,524,0,-1,-1,1,0,0,0
524,1034,hiring,6147,-1,-1,-1,-1,-1,-1,-1,0,0,524,0,-1,-1,1,0,0,0
524,1035,hiring,6148,-1,-1,-1,-1,-1,-1,-1,0,0,524,0,-1,-1,1,0,0,0
524,1036,hiring,6149,-1,-1,-1,-1,-1,-1,-1,0,0,524,0,-1,-1,1,0,0,0
524,1037,hiring,6150,-1,-1,-1,-1,-1,-1,-1,0,0,524,0,-1,-1,1,0,0,0
524,1038,hiring,6151,-1,-1,-1,-1,-1,-1,-1,0,0,524,0,-1,-1,1,0,0,0
524,1039,hiring,6152,-1,-1,-1,-1,-1,-1,-1,0,0,524,0,-1,-1,1,0,0,0
524,1040,hiring,6153,-1,-1,-1,-1,-1,-1,-1,0,0,524,0,-1,-1,1,0,0,0
524,1041,hiring,6154,-1,-1,-1,-1,-1,-1,-1,0,0,524,0,-1,-1,1,0,0,0
524,1042,hiring,6144,-1,-1,-1,-1,-1,-1,-1,0,0,368,0,-1,-1,1,0,0,0
524,1043,hiring_candidate,7169,7168,-1,-1,0,0,0,0,0,0,472,0,0,0,1,1,0,0
524,1043,hiring,7169,-1,-1,-1,-1,-1,-1,-1,0,0,472,0,-1,-1,1,0,0,0
524,1044,hiring_candidate,7168,7169,-1,-1,1,1,0,0,0,0,188,0,0,0,1,1,0,0
524,1044,hiring,7168,-1,-1,-1,-1,-1,-1,-1,0,0,188,0,-1,-1,1,0,0,0
524,1045,hiring,8193,-1,-1,-1,-1,-1,-1,-1,0,0,524,0,-1,-1,1,0,0,0
524,1046,hiring,8194,-1,-1,-1,-1,-1,-1,-1,0,0,524,0,-1,-1,1,0,0,0
524,1047,hiring,8196,-1,-1,-1,-1,-1,-1,-1,0,0,524,0,-1,-1,1,0,0,0
524,1048,hiring,8197,-1,-1,-1,-1,-1,-1,-1,0,0,524,0,-1,-1,1,0,0,0
524,1049,hiring,8198,-1,-1,-1,-1,-1,-1,-1,0,0,524,0,-1,-1,1,0,0,0
524,1050,hiring,8199,-1,-1,-1,-1,-1,-1,-1,0,0,524,0,-1,-1,1,0,0,0
524,1051,hiring,8200,-1,-1,-1,-1,-1,-1,-1,0,0,524,0,-1,-1,1,0,0,0
524,1052,hiring,8201,-1,-1,-1,-1,-1,-1,-1,0,0,524,0,-1,-1,1,0,0,0
524,1053,hiring,8202,-1,-1,-1,-1,-1,-1,-1,0,0,524,0,-1,-1,1,0,0,0
524,1054,hiring,8203,-1,-1,-1,-1,-1,-1,-1,0,0,524,0,-1,-1,1,0,0,0
524,1055,hiring_candidate,8192,8193,-1,-1,1,1,0,0,0,0,419,0,0,0,1,1,0,0
524,1055,hiring,8192,-1,-1,-1,-1,-1,-1,-1,0,0,419,0,-1,-1,1,0,0,0
524,1056,hiring_candidate,8195,8192,-1,-1,0,0,0,0,0,0,409,0,0,0,1,1,0,0
524,1056,hiring,8195,-1,-1,-1,-1,-1,-1,-1,0,0,409,0,-1,-1,1,0,0,0
524,1057,hiring_candidate,9217,9216,-1,-1,0,0,0,0,0,0,36,0,0,0,1,1,0,0
524,1057,hiring,9217,-1,-1,-1,-1,-1,-1,-1,0,0,36,0,-1,-1,1,0,0,0
524,1058,hiring_candidate,9216,9217,-1,-1,1,1,0,0,0,0,383,0,0,0,1,1,0,0
524,1058,hiring,9216,-1,-1,-1,-1,-1,-1,-1,0,0,383,0,-1,-1,1,0,0,0
524,1059,hiring,10241,-1,-1,-1,-1,-1,-1,-1,0,0,524,0,-1,-1,1,0,0,0
524,1060,hiring,10242,-1,-1,-1,-1,-1,-1,-1,0,0,524,0,-1,-1,1,0,0,0
524,1061,hiring,10244,-1,-1,-1,-1,-1,-1,-1,0,0,524,0,-1,-1,1,0,0,0
524,1062,hiring,10245,-1,-1,-1,-1,-1,-1,-1,0,0,524,0,-1,-1,1,0,0,0
524,1063,hiring,10246,-1,-1,-1,-1,-1,-1,-1,0,0,524,0,-1,-1,1,0,0,0
524,1064,hiring,10247,-1,-1,-1,-1,-1,-1,-1,0,0,524,0,-1,-1,1,0,0,0
524,1065,hiring,10248,-1,-1,-1,-1,-1,-1,-1,0,0,524,0,-1,-1,1,0,0,0
524,1066,hiring,10249,-1,-1,-1,-1,-1,-1,-1,0,0,524,0,-1,-1,1,0,0,0
524,1067,hiring,10250,-1,-1,-1,-1,-1,-1,-1,0,0,524,0,-1,-1,1,0,0,0
524,1068,hiring,10251,-1,-1,-1,-1,-1,-1,-1,0,0,524,0,-1,-1,1,0,0,0
524,1069,hiring_candidate,10240,10240,-1,-1,1,1,0,0,0,0,394,0,0,0,1,1,0,0
524,1069,hiring,10240,-1,-1,-1,-1,-1,-1,-1,0,0,394,0,-1,-1,1,0,0,0
524,1070,hiring_candidate,10243,10241,-1,-1,0,0,0,0,0,0,404,0,0,0,1,1,0,0
524,1070,hiring,10243,-1,-1,-1,-1,-1,-1,-1,0,0,404,0,-1,-1,1,0,0,0
525,1071,hiring,2,-1,-1,-1,-1,-1,-1,-1,0,0,525,0,-1,-1,1,0,0,0
525,1072,hiring,3,-1,-1,-1,-1,-1,-1,-1,0,0,525,0,-1,-1,1,0,0,0
525,1073,hiring,4,-1,-1,-1,-1,-1,-1,-1,0,0,525,0,-1,-1,1,0,0,0
525,1074,hiring,5,-1,-1,-1,-1,-1,-1,-1,0,0,525,0,-1,-1,1,0,0,0
525,1075,hiring,6,-1,-1,-1,-1,-1,-1,-1,0,0,525,0,-1,-1,1,0,0,0
525,1076,hiring,7,-1,-1,-1,-1,-1,-1,-1,0,0,525,0,-1,-1,1,0,0,0
525,1077,hiring,8,-1,-1,-1,-1,-1,-1,-1,0,0,525,0,-1,-1,1,0,0,0
525,1078,hiring,9,-1,-1,-1,-1,-1,-1,-1,0,0,525,0,-1,-1,1,0,0,0
525,1079,hiring,10,-1,-1,-1,-1,-1,-1,-1,0,0,525,0,-1,-1,1,0,0,0
525,1080,hiring,11,-1,-1,-1,-1,-1,-1,-1,0,0,525,0,-1,-1,1,0,0,0
525,1081,hiring_candidate,0,1,-1,-1,1,1,0,0,0,0,250,0,0,0,1,1,0,0
525,1081,hiring,0,-1,-1,-1,-1,-1,-1,-1,0,0,250,0,-1,-1,1,0,0,0
525,1082,hiring_candidate,1,0,-1,-1,0,0,0,0,0,0,246,0,0,0,1,1,0,0
525,1082,hiring,1,-1,-1,-1,-1,-1,-1,-1,0,0,246,0,-1,-1,1,0,0,0
525,1083,hiring_candidate,1024,1024,-1,-1,1,1,0,0,0,0,418,0,0,0,1,1,0,0
525,1083,hiring,1024,-1,-1,-1,-1,-1,-1,-1,0,0,418,0,-1,-1,1,0,0,0
525,1084,hiring,2049,-1,-1,-1,-1,-1,-1,-1,0,0,525,0,-1,-1,1,0,0,0
525,1085,hiring,2050,-1,-1,-1,-1,-1,-1,-1,0,0,525,0,-1,-1,1,0,0,0
525,1086,hiring,2052,-1,-1,-1,-1,-1,-1,-1,0,0,525,0,-1,-1,1,0,0,0
525,1087,hiring,2053,-1,-1,-1,-1,-1,-1,-1,0,0,525,0,-1,-1,1,0,0,0
525,1088,hiring,2054,-1,-1,-1,-1,-1,-1,-1,0,0,525,0,-1,-1,1,0,0,0
525,1089,hiring,2055,-1,-1,-1,-1,-1,-1,-1,0,0,525,0,-1,-1,1,0,0,0
525,1090,hiring,2056,-1,-1,-1,-1,-1,-1,-1,0,0,525,0,-1,-1,1,0,0,0
525,1091,hiring,2057,-1,-1,-1,-1,-1,-1,-1,0,0,525,0,-1,-1,1,0,0,0
525,1092,hiring,2058,-1,-1,-1,-1,-1,-1,-1,0,0,525,0,-1,-1,1,0,0,0
525,1093,hiring,2059,-1,-1,-1,-1,-1,-1,-1,0,0,525,0,-1,-1,1,0,0,0
525,1094,hiring_candidate,2048,2049,-1,-1,1,1,0,0,0,0,354,0,0,0,1,1,0,0
525,1094,hiring,2048,-1,-1,-1,-1,-1,-1,-1,0,0,354,0,-1,-1,1,0,0,0
525,1095,hiring_candidate,2051,2048,-1,-1,0,0,0,0,0,0,407,0,0,0,1,1,0,0
525,1095,hiring,2051,-1,-1,-1,-1,-1,-1,-1,0,0,407,0,-1,-1,1,0,0,0
525,1096,hiring_candidate,3073,3073,-1,-1,0,0,0,0,0,0,473,0,0,0,1,1,0,0
525,1096,hiring,3073,-1,-1,-1,-1,-1,-1,-1,0,0,473,0,-1,-1,1,0,0,0
525,1097,hiring_candidate,3072,3072,-1,-1,1,1,0,0,0,0,394,0,0,0,1,1,0,0
525,1097,hiring,3072,-1,-1,-1,-1,-1,-1,-1,0,0,394,0,-1,-1,1,0,0,0
525,1098,hiring,4097,-1,-1,-1,-1,-1,-1,-1,0,0,525,0,-1,-1,1,0,0,0
525,1099,hiring,4098,-1,-1,-1,-1,-1,-1,-1,0,0,525,0,-1,-1,1,0,0,0
525,1100,hiring,4099,-1,-1,-1,-1,-1,-1,-1,0,0,525,0,-1,-1,1,0,0,0
525,1101,hiring,4100,-1,-1,-1,-1,-1,-1,-1,0,0,525,0,-1,-1,1,0,0,0
525,1102,hiring,4101,-1,-1,-1,-1,-1,-1,-1,0,0,525,0,-1,-1,1,0,0,0
525,1103,hiring,4102,-1,-1,-1,-1,-1,-1,-1,0,0,525,0,-1,-1,1,0,0,0
525,1104,hiring,4103,-1,-1,-1,-1,-1,-1,-1,0,0,525,0,-1,-1,1,0,0,0
525,1105,hiring,4104,-1,-1,-1,-1,-1,-1,-1,0,0,525,0,-1,-1,1,0,0,0
525,1106,hiring,4105,-1,-1,-1,-1,-1,-1,-1,0,0,525,0,-1,-1,1,0,0,0
525,1107,hiring,4106,-1,-1,-1,-1,-1,-1,-1,0,0,525,0,-1,-1,1,0,0,0
525,1108,hiring,4096,-1,-1,-1,-1,-1,-1,-1,0,0,244,0,-1,-1,1,0,0,0
525,1109,hiring_candidate,5121,5120,-1,-1,0,0,0,0,0,0,473,0,0,0,1,1,0,0
525,1109,hiring,5121,-1,-1,-1,-1,-1,-1,-1,0,0,473,0,-1,-1,1,0,0,0
525,1110,hiring_candidate,5120,5121,-1,-1,1,1,0,0,0,0,59,0,0,0,1,1,0,0
525,1110,hiring,5120,-1,-1,-1,-1,-1,-1,-1,0,0,59,0,-1,-1,1,0,0,0
525,1111,hiring,6145,-1,-1,-1,-1,-1,-1,-1,0,0,525,0,-1,-1,1,0,0,0
525,1112,hiring,6146,-1,-1,-1,-1,-1,-1,-1,0,0,525,0,-1,-1,1,0,0,0
525,1113,hiring,6147,-1,-1,-1,-1,-1,-1,-1,0,0,525,0,-1,-1,1,0,0,0
525,1114,hiring,6148,-1,-1,-1,-1,-1,-1,-1,0,0,525,0,-1,-1,1,0,0,0
525,1115,hiring,6149,-1,-1,-1,-1,-1,-1,-1,0,0,525,0,-1,-1,1,0,0,0
525,1116,hiring,6150,-1,-1,-1,-1,-1,-1,-1,0,0,525,0,-1,-1,1,0,0,0
525,1117,hiring,6151,-1,-1,-1,-1,-1,-1,-1,0,0,525,0,-1,-1,1,0,0,0
525,1118,hiring,6152,-1,-1,-1,-1,-1,-1,-1,0,0,525,0,-1,-1,1,0,0,0
525,1119,hiring,6153,-1,-1,-1,-1,-1,-1,-1,0,0,525,0,-1,-1,1,0,0,0
525,1120,hiring,6154,-1,-1,-1,-1,-1,-1,-1,0,0,525,0,-1,-1,1,0,0,0
525,1121,hiring,6144,-1,-1,-1,-1,-1,-1,-1,0,0,369,0,-1,-1,1,0,0,0
525,1122,hiring_candidate,7169,7168,-1,-1,0,0,0,0,0,0,473,0,0,0,1,1,0,0
525,1122,hiring,7169,-1,-1,-1,-1,-1,-1,-1,0,0,473,0,-1,-1,1,0,0,0
525,1123,hiring_candidate,7168,7169,-1,-1,1,1,0,0,0,0,189,0,0,0,1,1,0,0
525,1123,hiring,7168,-1,-1,-1,-1,-1,-1,-1,0,0,189,0,-1,-1,1,0,0,0
525,1124,hiring,8193,-1,-1,-1,-1,-1,-1,-1,0,0,525,0,-1,-1,1,0,0,0
525,1125,hiring,8194,-1,-1,-1,-1,-1,-1,-1,0,0,525,0,-1,-1,1,0,0,0
525,1126,hiring,8196,-1,-1,-1,-1,-1,-1,-1,0,0,525,0,-1,-1,1,0,0,0
525,1127,hiring,8197,-1,-1,-1,-1,-1,-1,-1,0,0,525,0,-1,-1,1,0,0,0
525,1128,hiring,8198,-1,-1,-1,-1,-1,-1,-1,0,0,525,0,-1,-1,1,0,0,0
525,1129,hiring,8199,-1,-1,-1,-1,-1,-1,-1,0,0,525,0,-1,-1,1,0,0,0
525,1130,hiring,8200,-1,-1,-1,-1,-1,-1,-1,0,0,525,0,-1,-1,1,0,0,0
525,1131,hiring,8201,-1,-1,-1,-1,-1,-1,-1,0,0,525,0,-1,-1,1,0,0,0
525,1132,hiring,8202,-1,-1,-1,-1,-1,-1,-1,0,0,525,0,-1,-1,1,0,0,0
525,1133,hiring,8203,-1,-1,-1,-1,-1,-1,-1,0,0,525,0,-1,-1,1,0,0,0
525,1134,hiring_candidate,8192,8193,-1,-1,1,1,0,0,0,0,420,0,0,0,1,1,0,0
525,1134,hiring,8192,-1,-1,-1,-1,-1,-1,-1,0,0,420,0,-1,-1,1,0,0,0
525,1135,hiring_candidate,8195,8192,-1,-1,0,0,0,0,0,0,410,0,0,0,1,1,0,0
525,1135,hiring,8195,-1,-1,-1,-1,-1,-1,-1,0,0,410,0,-1,-1,1,0,0,0
525,1136,hiring_candidate,9217,9216,-1,-1,0,0,0,0,0,0,37,0,0,0,1,1,0,0
525,1136,hiring,9217,-1,-1,-1,-1,-1,-1,-1,0,0,37,0,-1,-1,1,0,0,0
525,1137,hiring_candidate,9216,9217,-1,-1,1,1,0,0,0,0,384,0,0,0,1,1,0,0
525,1137,hiring,9216,-1,-1,-1,-1,-1,-1,-1,0,0,384,0,-1,-1,1,0,0,0
525,1138,hiring,10241,-1,-1,-1,-1,-1,-1,-1,0,0,525,0,-1,-1,1,0,0,0
525,1139,hiring,10242,-1,-1,-1,-1,-1,-1,-1,0,0,525,0,-1,-1,1,0,0,0
525,1140,hiring,10244,-1,-1,-1,-1,-1,-1,-1,0,0,525,0,-1,-1,1,0,0,0
525,1141,hiring,10245,-1,-1,-1,-1,-1,-1,-1,0,0,525,0,-1,-1,1,0,0,0
525,1142,hiring,10246,-1,-1,-1,-1,-1,-1,-1,0,0,525,0,-1,-1,1,0,0,0
525,1143,hiring,10247,-1,-1,-1,-1,-1,-1,-1,0,0,525,0,-1,-1,1,0,0,0
525,1144,hiring,10248,-1,-1,-1,-1,-1,-1,-1,0,0,525,0,-1,-1,1,0,0,0
525,1145,hiring,10249,-1,-1,-1,-1,-1,-1,-1,0,0,525,0,-1,-1,1,0,0,0
525,1146,hiring,10250,-1,-1,-1,-1,-1,-1,-1,0,0,525,0,-1,-1,1,0,0,0
525,1147,hiring,10251,-1,-1,-1,-1,-1,-1,-1,0,0,525,0,-1,-1,1,0,0,0
525,1148,hiring_candidate,10240,10240,-1,-1,1,1,0,0,0,0,395,0,0,0,1,1,0,0
525,1148,hiring,10240,-1,-1,-1,-1,-1,-1,-1,0,0,395,0,-1,-1,1,0,0,0
525,1149,hiring_candidate,10243,10241,-1,-1,0,0,0,0,0,0,405,0,0,0,1,1,0,0
525,1149,hiring,10243,-1,-1,-1,-1,-1,-1,-1,0,0,405,0,-1,-1,1,0,0,0
526,1150,hiring,2,-1,-1,-1,-1,-1,-1,-1,0,0,526,0,-1,-1,1,0,0,0
526,1151,hiring,3,-1,-1,-1,-1,-1,-1,-1,0,0,526,0,-1,-1,1,0,0,0
526,1152,hiring,4,-1,-1,-1,-1,-1,-1,-1,0,0,526,0,-1,-1,1,0,0,0
526,1153,hiring,5,-1,-1,-1,-1,-1,-1,-1,0,0,526,0,-1,-1,1,0,0,0
526,1154,hiring,6,-1,-1,-1,-1,-1,-1,-1,0,0,526,0,-1,-1,1,0,0,0
526,1155,hiring,7,-1,-1,-1,-1,-1,-1,-1,0,0,526,0,-1,-1,1,0,0,0
526,1156,hiring,8,-1,-1,-1,-1,-1,-1,-1,0,0,526,0,-1,-1,1,0,0,0
526,1157,hiring,9,-1,-1,-1,-1,-1,-1,-1,0,0,526,0,-1,-1,1,0,0,0
526,1158,hiring,10,-1,-1,-1,-1,-1,-1,-1,0,0,526,0,-1,-1,1,0,0,0
526,1159,hiring,11,-1,-1,-1,-1,-1,-1,-1,0,0,526,0,-1,-1,1,0,0,0
526,1160,hiring_candidate,0,1,-1,-1,1,1,0,0,0,0,251,0,0,0,1,1,0,0
526,1160,hiring,0,-1,-1,-1,-1,-1,-1,-1,0,0,251,0,-1,-1,1,0,0,0
526,1161,hiring_candidate,1,0,-1,-1,0,0,0,0,0,0,247,0,0,0,1,1,0,0
526,1161,hiring,1,-1,-1,-1,-1,-1,-1,-1,0,0,247,0,-1,-1,1,0,0,0
526,1162,hiring_candidate,1024,1024,-1,-1,1,1,0,0,0,0,419,0,0,0,1,1,0,0
526,1162,hiring,1024,-1,-1,-1,-1,-1,-1,-1,0,0,419,0,-1,-1,1,0,0,0
526,1163,hiring,2049,-1,-1,-1,-1,-1,-1,-1,0,0,526,0,-1,-1,1,0,0,0
526,1164,hiring,2050,-1,-1,-1,-1,-1,-1,-1,0,0,526,0,-1,-1,1,0,0,0
526,1165,hiring,2052,-1,-1,-1,-1,-1,-1,-1,0,0,526,0,-1,-1,1,0,0,0
526,1166,hiring,2053,-1,-1,-1,-1,-1,-1,-1,0,0,526,0,-1,-1,1,0,0,0
526,1167,hiring,2054,-1,-1,-1,-1,-1,-1,-1,0,0,526,0,-1,-1,1,0,0,0
526,1168,hiring,2055,-1,-1,-1,-1,-1,-1,-1,0,0,526,0,-1,-1,1,0,0,0
526,1169,hiring,2056,-1,-1,-1,-1,-1,-1,-1,0,0,526,0,-1,-1,1,0,0,0
526,1170,hiring,2057,-1,-1,-1,-1,-1,-1,-1,0,0,526,0,-1,-1,1,0,0,0
526,1171,hiring,2058,-1,-1,-1,-1,-1,-1,-1,0,0,526,0,-1,-1,1,0,0,0
526,1172,hiring,2059,-1,-1,-1,-1,-1,-1,-1,0,0,526,0,-1,-1,1,0,0,0
526,1173,hiring_candidate,2048,2049,-1,-1,1,1,0,0,0,0,355,0,0,0,1,1,0,0
526,1173,hiring,2048,-1,-1,-1,-1,-1,-1,-1,0,0,355,0,-1,-1,1,0,0,0
526,1174,hiring_candidate,2051,2048,-1,-1,0,0,0,0,0,0,408,0,0,0,1,1,0,0
526,1174,hiring,2051,-1,-1,-1,-1,-1,-1,-1,0,0,408,0,-1,-1,1,0,0,0
526,1175,movement,3073,3072,3,3,0,0,192,192,0,0,474,0,-1,-1,1,1,0,0
526,1176,hiring_candidate,3073,3073,-1,-1,0,0,0,0,0,0,474,0,0,0,1,1,0,0
526,1176,hiring,3073,-1,-1,-1,-1,-1,-1,-1,0,0,474,0,-1,-1,1,0,0,0
526,1177,hiring_candidate,3072,3072,-1,-1,1,1,0,0,0,0,395,0,0,0,1,1,0,0
526,1177,hiring,3072,-1,-1,-1,-1,-1,-1,-1,0,0,395,0,-1,-1,1,0,0,0
526,1178,hiring,4097,-1,-1,-1,-1,-1,-1,-1,0,0,526,0,-1,-1,1,0,0,0
526,1179,hiring,4098,-1,-1,-1,-1,-1,-1,-1,0,0,526,0,-1,-1,1,0,0,0
526,1180,hiring,4099,-1,-1,-1,-1,-1,-1,-1,0,0,526,0,-1,-1,1,0,0,0
526,1181,hiring,4100,-1,-1,-1,-1,-1,-1,-1,0,0,526,0,-1,-1,1,0,0,0
526,1182,hiring,4101,-1,-1,-1,-1,-1,-1,-1,0,0,526,0,-1,-1,1,0,0,0
526,1183,hiring,4102,-1,-1,-1,-1,-1,-1,-1,0,0,526,0,-1,-1,1,0,0,0
526,1184,hiring,4103,-1,-1,-1,-1,-1,-1,-1,0,0,526,0,-1,-1,1,0,0,0
526,1185,hiring,4104,-1,-1,-1,-1,-1,-1,-1,0,0,526,0,-1,-1,1,0,0,0
526,1186,hiring,4105,-1,-1,-1,-1,-1,-1,-1,0,0,526,0,-1,-1,1,0,0,0
526,1187,hiring,4106,-1,-1,-1,-1,-1,-1,-1,0,0,526,0,-1,-1,1,0,0,0
526,1188,hiring,4096,-1,-1,-1,-1,-1,-1,-1,0,0,245,0,-1,-1,1,0,0,0
526,1189,movement,5121,5121,1,1,-1,-1,66,66,0,0,474,0,-1,-1,1,1,0,0
526,1190,hiring_candidate,5121,5120,-1,-1,0,0,0,0,0,0,474,0,0,0,1,1,0,0
526,1190,hiring,5121,-1,-1,-1,-1,-1,-1,-1,0,0,474,0,-1,-1,1,0,0,0
526,1191,hiring_candidate,5120,5121,-1,-1,1,1,0,0,0,0,60,0,0,0,1,1,0,0
526,1191,hiring,5120,-1,-1,-1,-1,-1,-1,-1,0,0,60,0,-1,-1,1,0,0,0
526,1192,hiring,6145,-1,-1,-1,-1,-1,-1,-1,0,0,526,0,-1,-1,1,0,0,0
526,1193,hiring,6146,-1,-1,-1,-1,-1,-1,-1,0,0,526,0,-1,-1,1,0,0,0
526,1194,hiring,6147,-1,-1,-1,-1,-1,-1,-1,0,0,526,0,-1,-1,1,0,0,0
526,1195,hiring,6148,-1,-1,-1,-1,-1,-1,-1,0,0,526,0,-1,-1,1,0,0,0
526,1196,hiring,6149,-1,-1,-1,-1,-1,-1,-1,0,0,526,0,-1,-1,1,0,0,0
526,1197,hiring,6150,-1,-1,-1,-1,-1,-1,-1,0,0,526,0,-1,-1,1,0,0,0
526,1198,hiring,6151,-1,-1,-1,-1,-1,-1,-1,0,0,526,0,-1,-1,1,0,0,0
526,1199,hiring,6152,-1,-1,-1,-1,-1,-1,-1,0,0,526,0,-1,-1,1,0,0,0
526,1200,hiring,6153,-1,-1,-1,-1,-1,-1,-1,0,0,526,0,-1,-1,1,0,0,0
526,1201,hiring,6154,-1,-1,-1,-1,-1,-1,-1,0,0,526,0,-1,-1,1,0,0,0
526,1202,hiring,6144,-1,-1,-1,-1,-1,-1,-1,0,0,370,0,-1,-1,1,0,0,0
526,1203,hiring_candidate,7169,7168,-1,-1,0,0,0,0,0,0,474,0,0,0,1,1,0,0
526,1203,hiring,7169,-1,-1,-1,-1,-1,-1,-1,0,0,474,0,-1,-1,1,0,0,0
526,1204,hiring_candidate,7168,7169,-1,-1,1,1,0,0,0,0,190,0,0,0,1,1,0,0
526,1204,hiring,7168,-1,-1,-1,-1,-1,-1,-1,0,0,190,0,-1,-1,1,0,0,0
526,1205,movement,8192,8192,2,-1,-1,-1,-1,-1,1,0,421,0,-1,-1,1,1,0,0
526,1206,hiring,8193,-1,-1,-1,-1,-1,-1,-1,0,0,526,0,-1,-1,1,0,0,0
526,1207,hiring,8194,-1,-1,-1,-1,-1,-1,-1,0,0,526,0,-1,-1,1,0,0,0
526,1208,hiring,8196,-1,-1,-1,-1,-1,-1,-1,0,0,526,0,-1,-1,1,0,0,0
526,1209,hiring,8197,-1,-1,-1,-1,-1,-1,-1,0,0,526,0,-1,-1,1,0,0,0
526,1210,hiring,8198,-1,-1,-1,-1,-1,-1,-1,0,0,526,0,-1,-1,1,0,0,0
526,1211,hiring,8199,-1,-1,-1,-1,-1,-1,-1,0,0,526,0,-1,-1,1,0,0,0
526,1212,hiring,8200,-1,-1,-1,-1,-1,-1,-1,0,0,526,0,-1,-1,1,0,0,0
526,1213,hiring,8201,-1,-1,-1,-1,-1,-1,-1,0,0,526,0,-1,-1,1,0,0,0
526,1214,hiring,8202,-1,-1,-1,-1,-1,-1,-1,0,0,526,0,-1,-1,1,0,0,0
526,1215,hiring,8203,-1,-1,-1,-1,-1,-1,-1,0,0,526,0,-1,-1,1,0,0,0
526,1216,hiring_candidate,8192,8193,-1,-1,1,1,0,0,0,0,421,0,0,0,1,1,0,0
526,1216,hiring,8192,-1,-1,-1,-1,-1,-1,-1,0,0,421,0,-1,-1,1,0,0,0
526,1217,hiring_candidate,8195,8192,-1,-1,0,0,0,0,0,0,411,0,0,0,1,1,0,0
526,1217,hiring,8195,-1,-1,-1,-1,-1,-1,-1,0,0,411,0,-1,-1,1,0,0,0
526,1218,hiring_candidate,9217,9216,-1,-1,0,0,0,0,0,0,38,0,0,0,1,1,0,0
526,1218,hiring,9217,-1,-1,-1,-1,-1,-1,-1,0,0,38,0,-1,-1,1,0,0,0
526,1219,hiring_candidate,9216,9217,-1,-1,1,1,0,0,0,0,385,0,0,0,1,1,0,0
526,1219,hiring,9216,-1,-1,-1,-1,-1,-1,-1,0,0,385,0,-1,-1,1,0,0,0
526,1220,movement,10240,10241,0,0,1,1,58,58,0,0,396,0,-1,-1,1,1,0,0
526,1221,hiring,10241,-1,-1,-1,-1,-1,-1,-1,0,0,526,0,-1,-1,1,0,0,0
526,1222,hiring,10242,-1,-1,-1,-1,-1,-1,-1,0,0,526,0,-1,-1,1,0,0,0
526,1223,hiring,10244,-1,-1,-1,-1,-1,-1,-1,0,0,526,0,-1,-1,1,0,0,0
526,1224,hiring,10245,-1,-1,-1,-1,-1,-1,-1,0,0,526,0,-1,-1,1,0,0,0
526,1225,hiring,10246,-1,-1,-1,-1,-1,-1,-1,0,0,526,0,-1,-1,1,0,0,0
526,1226,hiring,10247,-1,-1,-1,-1,-1,-1,-1,0,0,526,0,-1,-1,1,0,0,0
526,1227,hiring,10248,-1,-1,-1,-1,-1,-1,-1,0,0,526,0,-1,-1,1,0,0,0
526,1228,hiring,10249,-1,-1,-1,-1,-1,-1,-1,0,0,526,0,-1,-1,1,0,0,0
526,1229,hiring,10250,-1,-1,-1,-1,-1,-1,-1,0,0,526,0,-1,-1,1,0,0,0
526,1230,hiring,10251,-1,-1,-1,-1,-1,-1,-1,0,0,526,0,-1,-1,1,0,0,0
526,1231,hiring_candidate,10240,10240,-1,-1,1,1,0,0,0,0,396,0,0,0,1,1,0,0
526,1231,hiring,10240,-1,-1,-1,-1,-1,-1,-1,0,0,396,0,-1,-1,1,0,0,0
526,1232,hiring_candidate,10243,10241,-1,-1,0,0,0,0,0,0,406,0,0,0,1,1,0,0
526,1232,hiring,10243,-1,-1,-1,-1,-1,-1,-1,0,0,406,0,-1,-1,1,0,0,0
527,1233,hiring,2,-1,-1,-1,-1,-1,-1,-1,0,0,527,0,-1,-1,1,0,0,0
527,1234,hiring,3,-1,-1,-1,-1,-1,-1,-1,0,0,527,0,-1,-1,1,0,0,0
527,1235,hiring,4,-1,-1,-1,-1,-1,-1,-1,0,0,527,0,-1,-1,1,0,0,0
527,1236,hiring,5,-1,-1,-1,-1,-1,-1,-1,0,0,527,0,-1,-1,1,0,0,0
527,1237,hiring,6,-1,-1,-1,-1,-1,-1,-1,0,0,527,0,-1,-1,1,0,0,0
527,1238,hiring,7,-1,-1,-1,-1,-1,-1,-1,0,0,527,0,-1,-1,1,0,0,0
527,1239,hiring,8,-1,-1,-1,-1,-1,-1,-1,0,0,527,0,-1,-1,1,0,0,0
527,1240,hiring,9,-1,-1,-1,-1,-1,-1,-1,0,0,527,0,-1,-1,1,0,0,0
527,1241,hiring,10,-1,-1,-1,-1,-1,-1,-1,0,0,527,0,-1,-1,1,0,0,0
527,1242,hiring,11,-1,-1,-1,-1,-1,-1,-1,0,0,527,0,-1,-1,1,0,0,0
527,1243,hiring_candidate,0,1,-1,-1,1,1,0,0,0,0,252,0,0,0,1,1,0,0
527,1243,hiring,0,-1,-1,-1,-1,-1,-1,-1,0,0,252,0,-1,-1,1,0,0,0
527,1244,hiring_candidate,1,0,-1,-1,0,0,0,0,0,0,248,0,0,0,1,1,0,0
527,1244,hiring,1,-1,-1,-1,-1,-1,-1,-1,0,0,248,0,-1,-1,1,0,0,0
527,1245,hiring_candidate,1026,1024,-1,-1,0,0,0,0,0,0,527,0,0,0,1,1,0,0
527,1245,hiring_candidate,1026,1025,-1,-1,0,0,0,0,0,0,527,0,0,0,1,1,0,0
527,1245,hiring,1026,-1,-1,-1,-1,-1,-1,-1,0,0,527,0,-1,-1,1,0,0,0
527,1246,hiring_candidate,1024,1024,-1,-1,1,1,0,0,0,0,420,0,0,0,1,1,0,0
527,1246,hiring,1024,-1,-1,-1,-1,-1,-1,-1,0,0,420,0,-1,-1,1,0,0,0
527,1247,hiring,2049,-1,-1,-1,-1,-1,-1,-1,0,0,527,0,-1,-1,1,0,0,0
527,1248,hiring,2049,-1,-1,-1,-1,-1,-1,-1,0,0,527,0,-1,-1,1,0,0,0
527,1249,hiring,2049,-1,-1,-1,-1,-1,-1,-1,0,0,527,0,-1,-1,1,0,0,0
527,1250,hiring,2049,-1,-1,-1,-1,-1,-1,-1,0,0,527,0,-1,-1,1,0,0,0
527,1251,hiring,2050,-1,-1,-1,-1,-1,-1,-1,0,0,527,0,-1,-1,1,0,0,0
527,1252,hiring,2052,-1,-1,-1,-1,-1,-1,-1,0,0,527,0,-1,-1,1,0,0,0
527,1253,hiring,2053,-1,-1,-1,-1,-1,-1,-1,0,0,527,0,-1,-1,1,0,0,0
527,1254,hiring,2054,-1,-1,-1,-1,-1,-1,-1,0,0,527,0,-1,-1,1,0,0,0
527,1255,hiring,2055,-1,-1,-1,-1,-1,-1,-1,0,0,527,0,-1,-1,1,0,0,0
527,1256,hiring,2056,-1,-1,-1,-1,-1,-1,-1,0,0,527,0,-1,-1,1,0,0,0
527,1257,hiring,2057,-1,-1,-1,-1,-1,-1,-1,0,0,527,0,-1,-1,1,0,0,0
527,1258,hiring,2058,-1,-1,-1,-1,-1,-1,-1,0,0,527,0,-1,-1,1,0,0,0
527,1259,hiring,2059,-1,-1,-1,-1,-1,-1,-1,0,0,527,0,-1,-1,1,0,0,0
527,1260,hiring_candidate,2048,2049,-1,-1,1,1,0,0,0,0,356,0,0,0,1,1,0,0
527,1260,hiring,2048,-1,-1,-1,-1,-1,-1,-1,0,0,356,0,-1,-1,1,0,0,0
527,1261,hiring_candidate,2051,2048,-1,-1,0,0,0,0,0,0,409,0,0,0,1,1,0,0
527,1261,hiring,2051,-1,-1,-1,-1,-1,-1,-1,0,0,409,0,-1,-1,1,0,0,0
527,1262,hiring_candidate,3073,3073,-1,-1,0,0,0,0,0,0,475,1,0,0,1,1,0,0
527,1262,hiring,3073,-1,-1,-1,-1,-1,-1,-1,0,0,475,1,-1,-1,1,0,0,0
527,1263,hiring_candidate,3072,3072,-1,-1,1,1,0,0,0,0,396,0,0,0,1,1,0,0
527,1263,hiring,3072,-1,-1,-1,-1,-1,-1,-1,0,0,396,0,-1,-1,1,0,0,0
527,1264,hiring,4097,-1,-1,-1,-1,-1,-1,-1,0,0,527,0,-1,-1,1,0,0,0
527,1265,hiring,4097,-1,-1,-1,-1,-1,-1,-1,0,0,527,0,-1,-1,1,0,0,0
527,1266,hiring,4097,-1,-1,-1,-1,-1,-1,-1,0,0,527,0,-1,-1,1,0,0,0
527,1267,hiring,4097,-1,-1,-1,-1,-1,-1,-1,0,0,527,0,-1,-1,1,0,0,0
527,1268,hiring,4098,-1,-1,-1,-1,-1,-1,-1,0,0,527,0,-1,-1,1,0,0,0
527,1269,hiring,4099,-1,-1,-1,-1,-1,-1,-1,0,0,527,0,-1,-1,1,0,0,0
527,1270,hiring,4100,-1,-1,-1,-1,-1,-1,-1,0,0,527,0,-1,-1,1,0,0,0
527,1271,hiring,4101,-1,-1,-1,-1,-1,-1,-1,0,0,527,0,-1,-1,1,0,0,0
527,1272,hiring,4102,-1,-1,-1,-1,-1,-1,-1,0,0,527,0,-1,-1,1,0,0,0
527,1273,hiring,4103,-1,-1,-1,-1,-1,-1,-1,0,0,527,0,-1,-1,1,0,0,0
527,1274,hiring,4104,-1,-1,-1,-1,-1,-1,-1,0,0,527,0,-1,-1,1,0,0,0
527,1275,hiring,4105,-1,-1,-1,-1,-1,-1,-1,0,0,527,0,-1,-1,1,0,0,0
527,1276,hiring,4106,-1,-1,-1,-1,-1,-1,-1,0,0,527,0,-1,-1,1,0,0,0
527,1277,hiring,4096,-1,-1,-1,-1,-1,-1,-1,0,0,246,0,-1,-1,1,0,0,0
527,1278,hiring_candidate,5121,5120,-1,-1,0,0,0,0,0,0,475,1,0,0,1,1,0,0
527,1278,hiring,5121,-1,-1,-1,-1,-1,-1,-1,0,0,475,1,-1,-1,1,0,0,0
527,1279,hiring_candidate,5120,5121,-1,-1,1,1,0,0,0,0,61,0,0,0,1,1,0,0
527,1279,hiring,5120,-1,-1,-1,-1,-1,-1,-1,0,0,61,0,-1,-1,1,0,0,0
527,1280,hiring,6145,-1,-1,-1,-1,-1,-1,-1,0,0,527,0,-1,-1,1,0,0,0
527,1281,hiring,6145,-1,-1,-1,-1,-1,-1,-1,0,0,527,0,-1,-1,1,0,0,0
527,1282,hiring,6145,-1,-1,-1,-1,-1,-1,-1,0,0,527,0,-1,-1,1,0,0,0
527,1283,hiring,6145,-1,-1,-1,-1,-1,-1,-1,0,0,527,0,-1,-1,1,0,0,0
527,1284,hiring,6146,-1,-1,-1,-1,-1,-1,-1,0,0,527,0,-1,-1,1,0,0,0
527,1285,hiring,6147,-1,-1,-1,-1,-1,-1,-1,0,0,527,0,-1,-1,1,0,0,0
527,1286,hiring,6148,-1,-1,-1,-1,-1,-1,-1,0,0,527,0,-1,-1,1,0,0,0
527,1287,hiring,6149,-1,-1,-1,-1,-1,-1,-1,0,0,527,0,-1,-1,1,0,0,0
527,1288,hiring,6150,-1,-1,-1,-1,-1,-1,-1,0,0,527,0,-1,-1,1,0,0,0
527,1289,hiring,6151,-1,-1,-1,-1,-1,-1,-1,0,0,527,0,-1,-1,1,0,0,0
527,1290,hiring,6152,-1,-1,-1,-1,-1,-1,-1,0,0,527,0,-1,-1,1,0,0,0
527,1291,hiring,6153,-1,-1,-1,-1,-1,-1,-1,0,0,527,0,-1,-1,1,0,0,0
527,1292,hiring,6154,-1,-1,-1,-1,-1,-1,-1,0,0,527,0,-1,-1,1,0,0,0
527,1293,hiring,6144,-1,-1,-1,-1,-1,-1,-1,0,0,371,0,-1,-1,1,0,0,0
527,1294,hiring_candidate,7169,7168,-1,-1,0,0,0,0,0,0,475,0,0,0,1,1,0,0
527,1294,hiring,7169,-1,-1,-1,-1,-1,-1,-1,0,0,475,0,-1,-1,1,0,0,0
527,1295,hiring_candidate,7168,7169,-1,-1,1,1,0,0,0,0,191,0,0,0,1,1,0,0
527,1295,hiring,7168,-1,-1,-1,-1,-1,-1,-1,0,0,191,0,-1,-1,1,0,0,0
527,1296,hiring,8193,-1,-1,-1,-1,-1,-1,-1,0,0,527,0,-1,-1,1,0,0,0
527,1297,hiring,8193,-1,-1,-1,-1,-1,-1,-1,0,0,527,0,-1,-1,1,0,0,0
527,1298,hiring,8193,-1,-1,-1,-1,-1,-1,-1,0,0,527,0,-1,-1,1,0,0,0
527,1299,hiring,8193,-1,-1,-1,-1,-1,-1,-1,0,0,527,0,-1,-1,1,0,0,0
527,1300,hiring,8194,-1,-1,-1,-1,-1,-1,-1,0,0,527,0,-1,-1,1,0,0,0
527,1301,hiring,8196,-1,-1,-1,-1,-1,-1,-1,0,0,527,0,-1,-1,1,0,0,0
527,1302,hiring,8197,-1,-1,-1,-1,-1,-1,-1,0,0,527,0,-1,-1,1,0,0,0
527,1303,hiring,8198,-1,-1,-1,-1,-1,-1,-1,0,0,527,0,-1,-1,1,0,0,0
527,1304,hiring,8199,-1,-1,-1,-1,-1,-1,-1,0,0,527,0,-1,-1,1,0,0,0
527,1305,hiring,8200,-1,-1,-1,-1,-1,-1,-1,0,0,527,0,-1,-1,1,0,0,0
527,1306,hiring,8201,-1,-1,-1,-1,-1,-1,-1,0,0,527,0,-1,-1,1,0,0,0
527,1307,hiring,8202,-1,-1,-1,-1,-1,-1,-1,0,0,527,0,-1,-1,1,0,0,0
527,1308,hiring,8203,-1,-1,-1,-1,-1,-1,-1,0,0,527,0,-1,-1,1,0,0,0
527,1309,hiring_candidate,8192,8193,-1,-1,1,1,0,0,0,0,422,1,0,0,1,1,0,0
527,1309,hiring,8192,-1,-1,-1,-1,-1,-1,-1,0,0,422,1,-1,-1,1,0,0,0
527,1310,hiring_candidate,8195,8192,-1,-1,0,0,0,0,0,0,412,0,0,0,1,1,0,0
527,1310,hiring,8195,-1,-1,-1,-1,-1,-1,-1,0,0,412,0,-1,-1,1,0,0,0
527,1311,hiring_candidate,9217,9216,-1,-1,0,0,0,0,0,0,39,0,0,0,1,1,0,0
527,1311,hiring,9217,-1,-1,-1,-1,-1,-1,-1,0,0,39,0,-1,-1,1,0,0,0
527,1312,hiring_candidate,9216,9217,-1,-1,1,1,0,0,0,0,386,0,0,0,1,1,0,0
527,1312,hiring,9216,-1,-1,-1,-1,-1,-1,-1,0,0,386,0,-1,-1,1,0,0,0
527,1313,hiring,10241,-1,-1,-1,-1,-1,-1,-1,0,0,527,0,-1,-1,1,0,0,0
527,1314,hiring,10241,-1,-1,-1,-1,-1,-1,-1,0,0,527,0,-1,-1,1,0,0,0
527,1315,hiring,10241,-1,-1,-1,-1,-1,-1,-1,0,0,527,0,-1,-1,1,0,0,0
527,1316,hiring,10241,-1,-1,-1,-1,-1,-1,-1,0,0,527,0,-1,-1,1,0,0,0
527,1317,hiring,10242,-1,-1,-1,-1,-1,-1,-1,0,0,527,0,-1,-1,1,0,0,0
527,1318,hiring,10244,-1,-1,-1,-1,-1,-1,-1,0,0,527,0,-1,-1,1,0,0,0
527,1319,hiring,10245,-1,-1,-1,-1,-1,-1,-1,0,0,527,0,-1,-1,1,0,0,0
527,1320,hiring,10246,-1,-1,-1,-1,-1,-1,-1,0,0,527,0,-1,-1,1,0,0,0
527,1321,hiring,10247,-1,-1,-1,-1,-1,-1,-1,0,0,527,0,-1,-1,1,0,0,0
527,1322,hiring,10248,-1,-1,-1,-1,-1,-1,-1,0,0,527,0,-1,-1,1,0,0,0
527,1323,hiring,10249,-1,-1,-1,-1,-1,-1,-1,0,0,527,0,-1,-1,1,0,0,0
527,1324,hiring,10250,-1,-1,-1,-1,-1,-1,-1,0,0,527,0,-1,-1,1,0,0,0
527,1325,hiring,10251,-1,-1,-1,-1,-1,-1,-1,0,0,527,0,-1,-1,1,0,0,0
527,1326,hiring_candidate,10240,10240,-1,-1,1,1,0,0,0,0,397,1,0,0,1,1,0,0
527,1326,hiring,10240,-1,-1,-1,-1,-1,-1,-1,0,0,397,1,-1,-1,1,0,0,0
527,1327,hiring_candidate,10243,10241,-1,-1,0,0,0,0,0,0,407,0,0,0,1,1,0,0
527,1327,hiring,10243,-1,-1,-1,-1,-1,-1,-1,0,0,407,0,-1,-1,1,0,0,0
528,1328,hiring,2,-1,-1,-1,-1,-1,-1,-1,0,0,528,0,-1,-1,1,0,0,0
528,1329,hiring,3,-1,-1,-1,-1,-1,-1,-1,0,0,528,0,-1,-1,1,0,0,0
528,1330,hiring,4,-1,-1,-1,-1,-1,-1,-1,0,0,528,0,-1,-1,1,0,0,0
528,1331,hiring,5,-1,-1,-1,-1,-1,-1,-1,0,0,528,0,-1,-1,1,0,0,0
528,1332,hiring,6,-1,-1,-1,-1,-1,-1,-1,0,0,528,0,-1,-1,1,0,0,0
528,1333,hiring,7,-1,-1,-1,-1,-1,-1,-1,0,0,528,0,-1,-1,1,0,0,0
528,1334,hiring,8,-1,-1,-1,-1,-1,-1,-1,0,0,528,0,-1,-1,1,0,0,0
528,1335,hiring,9,-1,-1,-1,-1,-1,-1,-1,0,0,528,0,-1,-1,1,0,0,0
528,1336,hiring,10,-1,-1,-1,-1,-1,-1,-1,0,0,528,0,-1,-1,1,0,0,0
528,1337,hiring,11,-1,-1,-1,-1,-1,-1,-1,0,0,528,0,-1,-1,1,0,0,0
528,1338,hiring_candidate,0,1,-1,-1,1,1,0,0,0,0,253,0,0,0,1,1,0,0
528,1338,hiring,0,-1,-1,-1,-1,-1,-1,-1,0,0,253,0,-1,-1,1,0,0,0
528,1339,hiring_candidate,1,0,-1,-1,0,0,0,0,0,0,249,0,0,0,1,1,0,0
528,1339,hiring,1,-1,-1,-1,-1,-1,-1,-1,0,0,249,0,-1,-1,1,0,0,0
528,1340,hiring_candidate,1026,1024,-1,-1,0,0,0,0,0,0,528,0,0,0,1,1,0,0
528,1340,hiring_candidate,1026,1025,-1,-1,0,0,0,0,0,0,528,0,0,0,1,1,0,0
528,1340,hiring,1026,-1,-1,-1,-1,-1,-1,-1,0,0,528,0,-1,-1,1,0,0,0
528,1341,hiring_candidate,1024,1024,-1,-1,1,1,0,0,0,0,421,0,0,0,1,1,0,0
528,1341,hiring,1024,-1,-1,-1,-1,-1,-1,-1,0,0,421,0,-1,-1,1,0,0,0
528,1342,hiring,2049,-1,-1,-1,-1,-1,-1,-1,0,0,528,0,-1,-1,1,0,0,0
528,1343,hiring,2050,-1,-1,-1,-1,-1,-1,-1,0,0,528,0,-1,-1,1,0,0,0
528,1344,hiring,2052,-1,-1,-1,-1,-1,-1,-1,0,0,528,0,-1,-1,1,0,0,0
528,1345,hiring,2053,-1,-1,-1,-1,-1,-1,-1,0,0,528,0,-1,-1,1,0,0,0
528,1346,hiring,2054,-1,-1,-1,-1,-1,-1,-1,0,0,528,0,-1,-1,1,0,0,0
528,1347,hiring,2055,-1,-1,-1,-1,-1,-1,-1,0,0,528,0,-1,-1,1,0,0,0
528,1348,hiring,2056,-1,-1,-1,-1,-1,-1,-1,0,0,528,0,-1,-1,1,0,0,0
528,1349,hiring,2057,-1,-1,-1,-1,-1,-1,-1,0,0,528,0,-1,-1,1,0,0,0
528,1350,hiring,2058,-1,-1,-1,-1,-1,-1,-1,0,0,528,0,-1,-1,1,0,0,0
528,1351,hiring,2059,-1,-1,-1,-1,-1,-1,-1,0,0,528,0,-1,-1,1,0,0,0
528,1352,hiring_candidate,2048,2049,-1,-1,1,1,0,0,0,0,357,0,0,0,1,1,0,0
528,1352,hiring,2048,-1,-1,-1,-1,-1,-1,-1,0,0,357,0,-1,-1,1,0,0,0
528,1353,hiring_candidate,2051,2048,-1,-1,0,0,0,0,0,0,410,0,0,0,1,1,0,0
528,1353,hiring,2051,-1,-1,-1,-1,-1,-1,-1,0,0,410,0,-1,-1,1,0,0,0
528,1354,hiring_candidate,3073,3073,-1,-1,0,0,0,0,0,0,476,1,0,0,1,1,0,0
528,1354,hiring,3073,-1,-1,-1,-1,-1,-1,-1,0,0,476,1,-1,-1,1,0,0,0
528,1355,hiring_candidate,3072,3072,-1,-1,1,1,0,0,0,0,397,0,0,0,1,1,0,0
528,1355,hiring,3072,-1,-1,-1,-1,-1,-1,-1,0,0,397,0,-1,-1,1,0,0,0
528,1356,hiring,4097,-1,-1,-1,-1,-1,-1,-1,0,0,528,0,-1,-1,1,0,0,0
528,1357,hiring,4098,-1,-1,-1,-1,-1,-1,-1,0,0,528,0,-1,-1,1,0,0,0
528,1358,hiring,4099,-1,-1,-1,-1,-1,-1,-1,0,0,528,0,-1,-1,1,0,0,0
528,1359,hiring,4100,-1,-1,-1,-1,-1,-1,-1,0,0,528,0,-1,-1,1,0,0,0
528,1360,hiring,4101,-1,-1,-1,-1,-1,-1,-1,0,0,528,0,-1,-1,1,0,0,0
528,1361,hiring,4102,-1,-1,-1,-1,-1,-1,-1,0,0,528,0,-1,-1,1,0,0,0
528,1362,hiring,4103,-1,-1,-1,-1,-1,-1,-1,0,0,528,0,-1,-1,1,0,0,0
528,1363,hiring,4104,-1,-1,-1,-1,-1,-1,-1,0,0,528,0,-1,-1,1,0,0,0
528,1364,hiring,4105,-1,-1,-1,-1,-1,-1,-1,0,0,528,0,-1,-1,1,0,0,0
528,1365,hiring,4106,-1,-1,-1,-1,-1,-1,-1,0,0,528,0,-1,-1,1,0,0,0
528,1366,hiring,4096,-1,-1,-1,-1,-1,-1,-1,0,0,247,0,-1,-1,1,0,0,0
528,1367,hiring_candidate,5121,5120,-1,-1,0,0,0,0,0,0,476,1,0,0,1,1,0,0
528,1367,hiring,5121,-1,-1,-1,-1,-1,-1,-1,0,0,476,1,-1,-1,1,0,0,0
528,1368,hiring_candidate,5120,5121,-1,-1,1,1,0,0,0,0,62,0,0,0,1,1,0,0
528,1368,hiring,5120,-1,-1,-1,-1,-1,-1,-1,0,0,62,0,-1,-1,1,0,0,0
528,1369,movement,6144,6146,6,6,1,1,92,92,0,0,372,0,-1,-1,1,1,0,0
528,1370,hiring,6145,-1,-1,-1,-1,-1,-1,-1,0,0,528,0,-1,-1,1,0,0,0
528,1371,hiring,6146,-1,-1,-1,-1,-1,-1,-1,0,0,528,0,-1,-1,1,0,0,0
528,1372,hiring,6147,-1,-1,-1,-1,-1,-1,-1,0,0,528,0,-1,-1,1,0,0,0
528,1373,hiring,6148,-1,-1,-1,-1,-1,-1,-1,0,0,528,0,-1,-1,1,0,0,0
528,1374,hiring,6149,-1,-1,-1,-1,-1,-1,-1,0,0,528,0,-1,-1,1,0,0,0
528,1375,hiring,6150,-1,-1,-1,-1,-1,-1,-1,0,0,528,0,-1,-1,1,0,0,0
528,1376,hiring,6151,-1,-1,-1,-1,-1,-1,-1,0,0,528,0,-1,-1,1,0,0,0
528,1377,hiring,6152,-1,-1,-1,-1,-1,-1,-1,0,0,528,0,-1,-1,1,0,0,0
528,1378,hiring,6153,-1,-1,-1,-1,-1,-1,-1,0,0,528,0,-1,-1,1,0,0,0
528,1379,hiring,6154,-1,-1,-1,-1,-1,-1,-1,0,0,528,0,-1,-1,1,0,0,0
528,1380,hiring,6144,-1,-1,-1,-1,-1,-1,-1,0,0,372,0,-1,-1,1,0,0,0
528,1381,hiring_candidate,7169,7168,-1,-1,0,0,0,0,0,0,476,0,0,0,1,1,0,0
528,1381,hiring,7169,-1,-1,-1,-1,-1,-1,-1,0,0,476,0,-1,-1,1,0,0,0
528,1382,hiring_candidate,7168,7169,-1,-1,1,1,0,0,0,0,192,0,0,0,1,1,0,0
528,1382,hiring,7168,-1,-1,-1,-1,-1,-1,-1,0,0,192,0,-1,-1,1,0,0,0
528,1383,hiring,8193,-1,-1,-1,-1,-1,-1,-1,0,0,528,0,-1,-1,1,0,0,0
528,1384,hiring,8194,-1,-1,-1,-1,-1,-1,-1,0,0,528,0,-1,-1,1,0,0,0
528,1385,hiring,8196,-1,-1,-1,-1,-1,-1,-1,0,0,528,0,-1,-1,1,0,0,0
528,1386,hiring,8197,-1,-1,-1,-1,-1,-1,-1,0,0,528,0,-1,-1,1,0,0,0
528,1387,hiring,8198,-1,-1,-1,-1,-1,-1,-1,0,0,528,0,-1,-1,1,0,0,0
528,1388,hiring,8199,-1,-1,-1,-1,-1,-1,-1,0,0,528,0,-1,-1,1,0,0,0
528,1389,hiring,8200,-1,-1,-1,-1,-1,-1,-1,0,0,528,0,-1,-1,1,0,0,0
528,1390,hiring,8201,-1,-1,-1,-1,-1,-1,-1,0,0,528,0,-1,-1,1,0,0,0
528,1391,hiring,8202,-1,-1,-1,-1,-1,-1,-1,0,0,528,0,-1,-1,1,0,0,0
528,1392,hiring,8203,-1,-1,-1,-1,-1,-1,-1,0,0,528,0,-1,-1,1,0,0,0
528,1393,hiring_candidate,8192,8193,-1,-1,1,1,0,0,0,0,423,1,0,0,1,1,0,0
528,1393,hiring,8192,-1,-1,-1,-1,-1,-1,-1,0,0,423,1,-1,-1,1,0,0,0
528,1394,hiring_candidate,8195,8192,-1,-1,0,0,0,0,0,0,413,0,0,0,1,1,0,0
528,1394,hiring,8195,-1,-1,-1,-1,-1,-1,-1,0,0,413,0,-1,-1,1,0,0,0
528,1395,hiring_candidate,9217,9216,-1,-1,0,0,0,0,0,0,40,0,0,0,1,1,0,0
528,1395,hiring,9217,-1,-1,-1,-1,-1,-1,-1,0,0,40,0,-1,-1,1,0,0,0
528,1396,hiring_candidate,9216,9217,-1,-1,1,1,0,0,0,0,387,0,0,0,1,1,0,0
528,1396,hiring,9216,-1,-1,-1,-1,-1,-1,-1,0,0,387,0,-1,-1,1,0,0,0
528,1397,hiring,10241,-1,-1,-1,-1,-1,-1,-1,0,0,528,0,-1,-1,1,0,0,0
528,1398,hiring,10242,-1,-1,-1,-1,-1,-1,-1,0,0,528,0,-1,-1,1,0,0,0
528,1399,hiring,10244,-1,-1,-1,-1,-1,-1,-1,0,0,528,0,-1,-1,1,0,0,0
528,1400,hiring,10245,-1,-1,-1,-1,-1,-1,-1,0,0,528,0,-1,-1,1,0,0,0
528,1401,hiring,10246,-1,-1,-1,-1,-1,-1,-1,0,0,528,0,-1,-1,1,0,0,0
528,1402,hiring,10247,-1,-1,-1,-1,-1,-1,-1,0,0,528,0,-1,-1,1,0,0,0
528,1403,hiring,10248,-1,-1,-1,-1,-1,-1,-1,0,0,528,0,-1,-1,1,0,0,0
528,1404,hiring,10249,-1,-1,-1,-1,-1,-1,-1,0,0,528,0,-1,-1,1,0,0,0
528,1405,hiring,10250,-1,-1,-1,-1,-1,-1,-1,0,0,528,0,-1,-1,1,0,0,0
528,1406,hiring,10251,-1,-1,-1,-1,-1,-1,-1,0,0,528,0,-1,-1,1,0,0,0
528,1407,hiring_candidate,10240,10240,-1,-1,1,1,0,0,0,0,398,1,0,0,1,1,0,0
528,1407,hiring,10240,-1,-1,-1,-1,-1,-1,-1,0,0,398,1,-1,-1,1,0,0,0
528,1408,hiring_candidate,10243,10241,-1,-1,0,0,0,0,0,0,408,0,0,0,1,1,0,0
528,1408,hiring,10243,-1,-1,-1,-1,-1,-1,-1,0,0,408,0,-1,-1,1,0,0,0
529,1409,hiring,2,-1,-1,-1,-1,-1,-1,-1,0,0,529,0,-1,-1,1,0,0,0
529,1410,hiring,2,-1,-1,-1,-1,-1,-1,-1,0,0,529,0,-1,-1,1,0,0,0
529,1411,hiring,2,-1,-1,-1,-1,-1,-1,-1,0,0,529,0,-1,-1,1,0,0,0
529,1412,hiring,2,-1,-1,-1,-1,-1,-1,-1,0,0,529,0,-1,-1,1,0,0,0
529,1413,hiring,3,-1,-1,-1,-1,-1,-1,-1,0,0,529,0,-1,-1,1,0,0,0
529,1414,hiring,4,-1,-1,-1,-1,-1,-1,-1,0,0,529,0,-1,-1,1,0,0,0
529,1415,hiring,5,-1,-1,-1,-1,-1,-1,-1,0,0,529,0,-1,-1,1,0,0,0
529,1416,hiring,6,-1,-1,-1,-1,-1,-1,-1,0,0,529,0,-1,-1,1,0,0,0
529,1417,hiring,7,-1,-1,-1,-1,-1,-1,-1,0,0,529,0,-1,-1,1,0,0,0
529,1418,hiring,8,-1,-1,-1,-1,-1,-1,-1,0,0,529,0,-1,-1,1,0,0,0
529,1419,hiring,9,-1,-1,-1,-1,-1,-1,-1,0,0,529,0,-1,-1,1,0,0,0
529,1420,hiring,10,-1,-1,-1,-1,-1,-1,-1,0,0,529,0,-1,-1,1,0,0,0
529,1421,hiring,11,-1,-1,-1,-1,-1,-1,-1,0,0,529,0,-1,-1,1,0,0,0
529,1422,hiring_candidate,0,1,-1,-1,1,1,0,0,0,0,254,0,0,0,1,1,0,0
529,1422,hiring,0,-1,-1,-1,-1,-1,-1,-1,0,0,254,0,-1,-1,1,0,0,0
529,1423,hiring_candidate,1,0,-1,-1,0,0,0,0,0,0,250,0,0,0,1,1,0,0
529,1423,hiring,1,-1,-1,-1,-1,-1,-1,-1,0,0,250,0,-1,-1,1,0,0,0
529,1424,hiring_candidate,1026,1024,-1,-1,0,0,0,0,0,0,529,0,0,0,1,1,0,0
529,1424,hiring_candidate,1026,1025,-1,-1,0,0,0,0,0,0,529,0,0,0,1,1,0,0
529,1424,hiring,1026,-1,-1,-1,-1,-1,-1,-1,0,0,529,0,-1,-1,1,0,0,0
529,1425,hiring_candidate,1024,1024,-1,-1,1,1,0,0,0,0,422,0,0,0,1,1,0,0
529,1425,hiring,1024,-1,-1,-1,-1,-1,-1,-1,0,0,422,0,-1,-1,1,0,0,0
529,1426,movement,2048,2048,2,2,1,1,44,44,0,0,358,0,-1,-1,1,1,0,0
529,1427,hiring,2049,-1,-1,-1,-1,-1,-1,-1,0,0,529,0,-1,-1,1,0,0,0
529,1428,hiring,2050,-1,-1,-1,-1,-1,-1,-1,0,0,529,0,-1,-1,1,0,0,0
529,1429,hiring,2050,-1,-1,-1,-1,-1,-1,-1,0,0,529,0,-1,-1,1,0,0,0
529,1430,hiring,2050,-1,-1,-1,-1,-1,-1,-1,0,0,529,0,-1,-1,1,0,0,0
529,1431,hiring,2050,-1,-1,-1,-1,-1,-1,-1,0,0,529,0,-1,-1,1,0,0,0
529,1432,hiring,2052,-1,-1,-1,-1,-1,-1,-1,0,0,529,0,-1,-1,1,0,0,0
529,1433,hiring,2053,-1,-1,-1,-1,-1,-1,-1,0,0,529,0,-1,-1,1,0,0,0
529,1434,hiring,2054,-1,-1,-1,-1,-1,-1,-1,0,0,529,0,-1,-1,1,0,0,0
529,1435,hiring,2055,-1,-1,-1,-1,-1,-1,-1,0,0,529,0,-1,-1,1,0,0,0
529,1436,hiring,2056,-1,-1,-1,-1,-1,-1,-1,0,0,529,0,-1,-1,1,0,0,0
529,1437,hiring,2057,-1,-1,-1,-1,-1,-1,-1,0,0,529,0,-1,-1,1,0,0,0
529,1438,hiring,2058,-1,-1,-1,-1,-1,-1,-1,0,0,529,0,-1,-1,1,0,0,0
529,1439,hiring,2059,-1,-1,-1,-1,-1,-1,-1,0,0,529,0,-1,-1,1,0,0,0
529,1440,hiring_candidate,2048,2049,-1,-1,1,1,0,0,0,0,358,0,0,0,1,1,0,0
529,1440,hiring,2048,-1,-1,-1,-1,-1,-1,-1,0,0,358,0,-1,-1,1,0,0,0
529,1441,hiring_candidate,2051,2048,-1,-1,0,0,0,0,0,0,411,0,0,0,1,1,0,0
529,1441,hiring,2051,-1,-1,-1,-1,-1,-1,-1,0,0,411,0,-1,-1,1,0,0,0
529,1442,hiring_candidate,3073,3073,-1,-1,0,0,0,0,0,0,477,1,0,0,1,1,0,0
529,1442,hiring,3073,-1,-1,-1,-1,-1,-1,-1,0,0,477,1,-1,-1,1,0,0,0
529,1443,hiring_candidate,3072,3072,-1,-1,1,1,0,0,0,0,398,0,0,0,1,1,0,0
529,1443,hiring,3072,-1,-1,-1,-1,-1,-1,-1,0,0,398,0,-1,-1,1,0,0,0
529,1444,hiring,4097,-1,-1,-1,-1,-1,-1,-1,0,0,529,0,-1,-1,1,0,0,0
529,1445,hiring,4098,-1,-1,-1,-1,-1,-1,-1,0,0,529,0,-1,-1,1,0,0,0
529,1446,hiring,4098,-1,-1,-1,-1,-1,-1,-1,0,0,529,0,-1,-1,1,0,0,0
529,1447,hiring,4098,-1,-1,-1,-1,-1,-1,-1,0,0,529,0,-1,-1,1,0,0,0
529,1448,hiring,4098,-1,-1,-1,-1,-1,-1,-1,0,0,529,0,-1,-1,1,0,0,0
529,1449,hiring,4099,-1,-1,-1,-1,-1,-1,-1,0,0,529,0,-1,-1,1,0,0,0
529,1450,hiring,4100,-1,-1,-1,-1,-1,-1,-1,0,0,529,0,-1,-1,1,0,0,0
529,1451,hiring,4101,-1,-1,-1,-1,-1,-1,-1,0,0,529,0,-1,-1,1,0,0,0
529,1452,hiring,4102,-1,-1,-1,-1,-1,-1,-1,0,0,529,0,-1,-1,1,0,0,0
529,1453,hiring,4103,-1,-1,-1,-1,-1,-1,-1,0,0,529,0,-1,-1,1,0,0,0
529,1454,hiring,4104,-1,-1,-1,-1,-1,-1,-1,0,0,529,0,-1,-1,1,0,0,0
529,1455,hiring,4105,-1,-1,-1,-1,-1,-1,-1,0,0,529,0,-1,-1,1,0,0,0
529,1456,hiring,4106,-1,-1,-1,-1,-1,-1,-1,0,0,529,0,-1,-1,1,0,0,0
529,1457,hiring,4096,-1,-1,-1,-1,-1,-1,-1,0,0,248,0,-1,-1,1,0,0,0
529,1458,hiring_candidate,5121,5120,-1,-1,0,0,0,0,0,0,477,1,0,0,1,1,0,0
529,1458,hiring,5121,-1,-1,-1,-1,-1,-1,-1,0,0,477,1,-1,-1,1,0,0,0
529,1459,hiring_candidate,5120,5121,-1,-1,1,1,0,0,0,0,63,0,0,0,1,1,0,0
529,1459,hiring,5120,-1,-1,-1,-1,-1,-1,-1,0,0,63,0,-1,-1,1,0,0,0
529,1460,hiring,6145,-1,-1,-1,-1,-1,-1,-1,0,0,529,0,-1,-1,1,0,0,0
529,1461,hiring,6146,-1,-1,-1,-1,-1,-1,-1,0,0,529,0,-1,-1,1,0,0,0
529,1462,hiring,6146,-1,-1,-1,-1,-1,-1,-1,0,0,529,0,-1,-1,1,0,0,0
529,1463,hiring,6146,-1,-1,-1,-1,-1,-1,-1,0,0,529,0,-1,-1,1,0,0,0
529,1464,hiring,6146,-1,-1,-1,-1,-1,-1,-1,0,0,529,0,-1,-1,1,0,0,0
529,1465,hiring,6147,-1,-1,-1,-1,-1,-1,-1,0,0,529,0,-1,-1,1,0,0,0
529,1466,hiring,6148,-1,-1,-1,-1,-1,-1,-1,0,0,529,0,-1,-1,1,0,0,0
529,1467,hiring,6149,-1,-1,-1,-1,-1,-1,-1,0,0,529,0,-1,-1,1,0,0,0
529,1468,hiring,6150,-1,-1,-1,-1,-1,-1,-1,0,0,529,0,-1,-1,1,0,0,0
529,1469,hiring,6151,-1,-1,-1,-1,-1,-1,-1,0,0,529,0,-1,-1,1,0,0,0
529,1470,hiring,6152,-1,-1,-1,-1,-1,-1,-1,0,0,529,0,-1,-1,1,0,0,0
529,1471,hiring,6153,-1,-1,-1,-1,-1,-1,-1,0,0,529,0,-1,-1,1,0,0,0
529,1472,hiring,6154,-1,-1,-1,-1,-1,-1,-1,0,0,529,0,-1,-1,1,0,0,0
529,1473,hiring,6144,-1,-1,-1,-1,-1,-1,-1,0,0,373,1,-1,-1,1,0,0,0
529,1474,hiring_candidate,7169,7168,-1,-1,0,0,0,0,0,0,477,0,0,0,1,1,0,0
529,1474,hiring,7169,-1,-1,-1,-1,-1,-1,-1,0,0,477,0,-1,-1,1,0,0,0
529,1475,hiring_candidate,7168,7169,-1,-1,1,1,0,0,0,0,193,0,0,0,1,1,0,0
529,1475,hiring,7168,-1,-1,-1,-1,-1,-1,-1,0,0,193,0,-1,-1,1,0,0,0
529,1476,hiring,8193,-1,-1,-1,-1,-1,-1,-1,0,0,529,0,-1,-1,1,0,0,0
529,1477,hiring,8194,-1,-1,-1,-1,-1,-1,-1,0,0,529,0,-1,-1,1,0,0,0
529,1478,hiring,8194,-1,-1,-1,-1,-1,-1,-1,0,0,529,0,-1,-1,1,0,0,0
529,1479,hiring,8194,-1,-1,-1,-1,-1,-1,-1,0,0,529,0,-1,-1,1,0,0,0
529,1480,hiring,8194,-1,-1,-1,-1,-1,-1,-1,0,0,529,0,-1,-1,1,0,0,0
529,1481,hiring,8196,-1,-1,-1,-1,-1,-1,-1,0,0,529,0,-1,-1,1,0,0,0
529,1482,hiring,8197,-1,-1,-1,-1,-1,-1,-1,0,0,529,0,-1,-1,1,0,0,0
529,1483,hiring,8198,-1,-1,-1,-1,-1,-1,-1,0,0,529,0,-1,-1,1,0,0,0
529,1484,hiring,8199,-1,-1,-1,-1,-1,-1,-1,0,0,529,0,-1,-1,1,0,0,0
529,1485,hiring,8200,-1,-1,-1,-1,-1,-1,-1,0,0,529,0,-1,-1,1,0,0,0
529,1486,hiring,8201,-1,-1,-1,-1,-1,-1,-1,0,0,529,0,-1,-1,1,0,0,0
529,1487,hiring,8202,-1,-1,-1,-1,-1,-1,-1,0,0,529,0,-1,-1,1,0,0,0
529,1488,hiring,8203,-1,-1,-1,-1,-1,-1,-1,0,0,529,0,-1,-1,1,0,0,0
529,1489,hiring_candidate,8192,8193,-1,-1,1,1,0,0,0,0,424,1,0,0,1,1,0,0
529,1489,hiring,8192,-1,-1,-1,-1,-1,-1,-1,0,0,424,1,-1,-1,1,0,0,0
529,1490,hiring_candidate,8195,8192,-1,-1,0,0,0,0,0,0,414,0,0,0,1,1,0,0
529,1490,hiring,8195,-1,-1,-1,-1,-1,-1,-1,0,0,414,0,-1,-1,1,0,0,0
529,1491,hiring_candidate,9217,9216,-1,-1,0,0,0,0,0,0,41,0,0,0,1,1,0,0
529,1491,hiring,9217,-1,-1,-1,-1,-1,-1,-1,0,0,41,0,-1,-1,1,0,0,0
529,1492,hiring_candidate,9216,9217,-1,-1,1,1,0,0,0,0,388,0,0,0,1,1,0,0
529,1492,hiring,9216,-1,-1,-1,-1,-1,-1,-1,0,0,388,0,-1,-1,1,0,0,0
529,1493,hiring,10241,-1,-1,-1,-1,-1,-1,-1,0,0,529,0,-1,-1,1,0,0,0
529,1494,hiring,10242,-1,-1,-1,-1,-1,-1,-1,0,0,529,0,-1,-1,1,0,0,0
529,1495,hiring,10242,-1,-1,-1,-1,-1,-1,-1,0,0,529,0,-1,-1,1,0,0,0
529,1496,hiring,10242,-1,-1,-1,-1,-1,-1,-1,0,0,529,0,-1,-1,1,0,0,0
529,1497,hiring,10242,-1,-1,-1,-1,-1,-1,-1,0,0,529,0,-1,-1,1,0,0,0
529,1498,hiring,10244,-1,-1,-1,-1,-1,-1,-1,0,0,529,0,-1,-1,1,0,0,0
529,1499,hiring,10245,-1,-1,-1,-1,-1,-1,-1,0,0,529,0,-1,-1,1,0,0,0
529,1500,hiring,10246,-1,-1,-1,-1,-1,-1,-1,0,0,529,0,-1,-1,1,0,0,0
529,1501,hiring,10247,-1,-1,-1,-1,-1,-1,-1,0,0,529,0,-1,-1,1,0,0,0
529,1502,hiring,10248,-1,-1,-1,-1,-1,-1,-1,0,0,529,0,-1,-1,1,0,0,0
529,1503,hiring,10249,-1,-1,-1,-1,-1,-1,-1,0,0,529,0,-1,-1,1,0,0,0
529,1504,hiring,10250,-1,-1,-1,-1,-1,-1,-1,0,0,529,0,-1,-1,1,0,0,0
529,1505,hiring,10251,-1,-1,-1,-1,-1,-1,-1,0,0,529,0,-1,-1,1,0,0,0
529,1506,hiring_candidate,10240,10240,-1,-1,1,1,0,0,0,0,399,1,0,0,1,1,0,0
529,1506,hiring,10240,-1,-1,-1,-1,-1,-1,-1,0,0,399,1,-1,-1,1,0,0,0
529,1507,hiring_candidate,10243,10241,-1,-1,0,0,0,0,0,0,409,0,0,0,1,1,0,0
529,1507,hiring,10243,-1,-1,-1,-1,-1,-1,-1,0,0,409,0,-1,-1,1,0,0,0
530,1508,hiring,2,-1,-1,-1,-1,-1,-1,-1,0,0,530,0,-1,-1,1,0,0,0
530,1509,hiring,3,-1,-1,-1,-1,-1,-1,-1,0,0,530,0,-1,-1,1,0,0,0
530,1510,hiring,4,-1,-1,-1,-1,-1,-1,-1,0,0,530,0,-1,-1,1,0,0,0
530,1511,hiring,5,-1,-1,-1,-1,-1,-1,-1,0,0,530,0,-1,-1,1,0,0,0
530,1512,hiring,6,-1,-1,-1,-1,-1,-1,-1,0,0,530,0,-1,-1,1,0,0,0
530,1513,hiring,7,-1,-1,-1,-1,-1,-1,-1,0,0,530,0,-1,-1,1,0,0,0
530,1514,hiring,8,-1,-1,-1,-1,-1,-1,-1,0,0,530,0,-1,-1,1,0,0,0
530,1515,hiring,9,-1,-1,-1,-1,-1,-1,-1,0,0,530,0,-1,-1,1,0,0,0
530,1516,hiring,10,-1,-1,-1,-1,-1,-1,-1,0,0,530,0,-1,-1,1,0,0,0
530,1517,hiring,11,-1,-1,-1,-1,-1,-1,-1,0,0,530,0,-1,-1,1,0,0,0
530,1518,hiring_candidate,0,1,-1,-1,1,1,0,0,0,0,255,0,0,0,1,1,0,0
530,1518,hiring,0,-1,-1,-1,-1,-1,-1,-1,0,0,255,0,-1,-1,1,0,0,0
530,1519,hiring_candidate,1,0,-1,-1,0,0,0,0,0,0,251,0,0,0,1,1,0,0
530,1519,hiring,1,-1,-1,-1,-1,-1,-1,-1,0,0,251,0,-1,-1,1,0,0,0
530,1520,hiring_candidate,1026,1024,-1,-1,0,0,0,0,0,0,530,0,0,0,1,1,0,0
530,1520,hiring_candidate,1026,1025,-1,-1,0,0,0,0,0,0,530,0,0,0,1,1,0,0
530,1520,hiring,1026,-1,-1,-1,-1,-1,-1,-1,0,0,530,0,-1,-1,1,0,0,0
530,1521,hiring_candidate,1024,1024,-1,-1,1,1,0,0,0,0,423,0,0,0,1,1,0,0
530,1521,hiring,1024,-1,-1,-1,-1,-1,-1,-1,0,0,423,0,-1,-1,1,0,0,0
530,1522,hiring,2049,-1,-1,-1,-1,-1,-1,-1,0,0,530,0,-1,-1,1,0,0,0
530,1523,hiring,2050,-1,-1,-1,-1,-1,-1,-1,0,0,530,0,-1,-1,1,0,0,0
530,1524,hiring,2052,-1,-1,-1,-1,-1,-1,-1,0,0,530,0,-1,-1,1,0,0,0
530,1525,hiring,2053,-1,-1,-1,-1,-1,-1,-1,0,0,530,0,-1,-1,1,0,0,0
530,1526,hiring,2054,-1,-1,-1,-1,-1,-1,-1,0,0,530,0,-1,-1,1,0,0,0
530,1527,hiring,2055,-1,-1,-1,-1,-1,-1,-1,0,0,530,0,-1,-1,1,0,0,0
530,1528,hiring,2056,-1,-1,-1,-1,-1,-1,-1,0,0,530,0,-1,-1,1,0,0,0
530,1529,hiring,2057,-1,-1,-1,-1,-1,-1,-1,0,0,530,0,-1,-1,1,0,0,0
530,1530,hiring,2058,-1,-1,-1,-1,-1,-1,-1,0,0,530,0,-1,-1,1,0,0,0
530,1531,hiring,2059,-1,-1,-1,-1,-1,-1,-1,0,0,530,0,-1,-1,1,0,0,0
530,1532,hiring_candidate,2048,2049,-1,-1,1,1,0,0,0,0,359,1,0,0,1,1,0,0
530,1532,hiring,2048,-1,-1,-1,-1,-1,-1,-1,0,0,359,1,-1,-1,1,0,0,0
530,1533,hiring_candidate,2051,2048,-1,-1,0,0,0,0,0,0,412,0,0,0,1,1,0,0
530,1533,hiring,2051,-1,-1,-1,-1,-1,-1,-1,0,0,412,0,-1,-1,1,0,0,0
530,1534,hiring_candidate,3073,3073,-1,-1,0,0,0,0,0,0,4,0,0,0,1,1,0,0
530,1534,hiring,3073,-1,-1,-1,-1,-1,-1,-1,0,0,4,0,-1,-1,1,0,0,0
530,1535,hiring_candidate,3072,3072,-1,-1,1,1,0,0,0,0,399,0,0,0,1,1,0,0
530,1535,hiring,3072,-1,-1,-1,-1,-1,-1,-1,0,0,399,0,-1,-1,1,0,0,0
530,1536,hiring,4097,-1,-1,-1,-1,-1,-1,-1,0,0,530,0,-1,-1,1,0,0,0
530,1537,hiring,4098,-1,-1,-1,-1,-1,-1,-1,0,0,530,0,-1,-1,1,0,0,0
530,1538,hiring,4099,-1,-1,-1,-1,-1,-1,-1,0,0,530,0,-1,-1,1,0,0,0
530,1539,hiring,4100,-1,-1,-1,-1,-1,-1,-1,0,0,530,0,-1,-1,1,0,0,0
530,1540,hiring,4101,-1,-1,-1,-1,-1,-1,-1,0,0,530,0,-1,-1,1,0,0,0
530,1541,hiring,4102,-1,-1,-1,-1,-1,-1,-1,0,0,530,0,-1,-1,1,0,0,0
530,1542,hiring,4103,-1,-1,-1,-1,-1,-1,-1,0,0,530,0,-1,-1,1,0,0,0
530,1543,hiring,4104,-1,-1,-1,-1,-1,-1,-1,0,0,530,0,-1,-1,1,0,0,0
530,1544,hiring,4105,-1,-1,-1,-1,-1,-1,-1,0,0,530,0,-1,-1,1,0,0,0
530,1545,hiring,4106,-1,-1,-1,-1,-1,-1,-1,0,0,530,0,-1,-1,1,0,0,0
530,1546,hiring,4096,-1,-1,-1,-1,-1,-1,-1,0,0,249,0,-1,-1,1,0,0,0
530,1547,hiring_candidate,5121,5120,-1,-1,0,0,0,0,0,0,4,0,0,0,1,1,0,0
530,1547,hiring,5121,-1,-1,-1,-1,-1,-1,-1,0,0,4,0,-1,-1,1,0,0,0
530,1548,hiring_candidate,5120,5121,-1,-1,1,1,0,0,0,0,64,0,0,0,1,1,0,0
530,1548,hiring,5120,-1,-1,-1,-1,-1,-1,-1,0,0,64,0,-1,-1,1,0,0,0
530,1549,hiring,6145,-1,-1,-1,-1,-1,-1,-1,0,0,530,0,-1,-1,1,0,0,0
530,1550,hiring,6146,-1,-1,-1,-1,-1,-1,-1,0,0,530,0,-1,-1,1,0,0,0
530,1551,hiring,6147,-1,-1,-1,-1,-1,-1,-1,0,0,530,0,-1,-1,1,0,0,0
530,1552,hiring,6148,-1,-1,-1,-1,-1,-1,-1,0,0,530,0,-1,-1,1,0,0,0
530,1553,hiring,6149,-1,-1,-1,-1,-1,-1,-1,0,0,530,0,-1,-1,1,0,0,0
530,1554,hiring,6150,-1,-1,-1,-1,-1,-1,-1,0,0,530,0,-1,-1,1,0,0,0
530,1555,hiring,6151,-1,-1,-1,-1,-1,-1,-1,0,0,530,0,-1,-1,1,0,0,0
530,1556,hiring,6152,-1,-1,-1,-1,-1,-1,-1,0,0,530,0,-1,-1,1,0,0,0
530,1557,hiring,6153,-1,-1,-1,-1,-1,-1,-1,0,0,530,0,-1,-1,1,0,0,0
530,1558,hiring,6154,-1,-1,-1,-1,-1,-1,-1,0,0,530,0,-1,-1,1,0,0,0
530,1559,hiring,6144,-1,-1,-1,-1,-1,-1,-1,0,0,374,1,-1,-1,1,0,0,0
530,1560,hiring_candidate,7169,7168,-1,-1,0,0,0,0,0,0,478,0,0,0,1,1,0,0
530,1560,hiring,7169,-1,-1,-1,-1,-1,-1,-1,0,0,478,0,-1,-1,1,0,0,0
530,1561,hiring_candidate,7168,7169,-1,-1,1,1,0,0,0,0,194,0,0,0,1,1,0,0
530,1561,hiring,7168,-1,-1,-1,-1,-1,-1,-1,0,0,194,0,-1,-1,1,0,0,0
530,1562,hiring,8193,-1,-1,-1,-1,-1,-1,-1,0,0,530,0,-1,-1,1,0,0,0
530,1563,hiring,8194,-1,-1,-1,-1,-1,-1,-1,0,0,530,0,-1,-1,1,0,0,0
530,1564,hiring,8196,-1,-1,-1,-1,-1,-1,-1,0,0,530,0,-1,-1,1,0,0,0
530,1565,hiring,8197,-1,-1,-1,-1,-1,-1,-1,0,0,530,0,-1,-1,1,0,0,0
530,1566,hiring,8198,-1,-1,-1,-1,-1,-1,-1,0,0,530,0,-1,-1,1,0,0,0
530,1567,hiring,8199,-1,-1,-1,-1,-1,-1,-1,0,0,530,0,-1,-1,1,0,0,0
530,1568,hiring,8200,-1,-1,-1,-1,-1,-1,-1,0,0,530,0,-1,-1,1,0,0,0
530,1569,hiring,8201,-1,-1,-1,-1,-1,-1,-1,0,0,530,0,-1,-1,1,0,0,0
530,1570,hiring,8202,-1,-1,-1,-1,-1,-1,-1,0,0,530,0,-1,-1,1,0,0,0
530,1571,hiring,8203,-1,-1,-1,-1,-1,-1,-1,0,0,530,0,-1,-1,1,0,0,0
530,1572,hiring_candidate,8192,8193,-1,-1,1,1,0,0,0,0,4,0,0,0,1,1,0,0
530,1572,hiring,8192,-1,-1,-1,-1,-1,-1,-1,0,0,4,0,-1,-1,1,0,0,0
530,1573,hiring_candidate,8195,8192,-1,-1,0,0,0,0,0,0,415,0,0,0,1,1,0,0
530,1573,hiring,8195,-1,-1,-1,-1,-1,-1,-1,0,0,415,0,-1,-1,1,0,0,0
530,1574,hiring_candidate,9217,9216,-1,-1,0,0,0,0,0,0,42,0,0,0,1,1,0,0
530,1574,hiring,9217,-1,-1,-1,-1,-1,-1,-1,0,0,42,0,-1,-1,1,0,0,0
530,1575,hiring_candidate,9216,9217,-1,-1,1,1,0,0,0,0,389,0,0,0,1,1,0,0
530,1575,hiring,9216,-1,-1,-1,-1,-1,-1,-1,0,0,389,0,-1,-1,1,0,0,0
530,1576,hiring,10241,-1,-1,-1,-1,-1,-1,-1,0,0,530,0,-1,-1,1,0,0,0
530,1577,hiring,10242,-1,-1,-1,-1,-1,-1,-1,0,0,530,0,-1,-1,1,0,0,0
530,1578,hiring,10244,-1,-1,-1,-1,-1,-1,-1,0,0,530,0,-1,-1,1,0,0,0
530,1579,hiring,10245,-1,-1,-1,-1,-1,-1,-1,0,0,530,0,-1,-1,1,0,0,0
530,1580,hiring,10246,-1,-1,-1,-1,-1,-1,-1,0,0,530,0,-1,-1,1,0,0,0
530,1581,hiring,10247,-1,-1,-1,-1,-1,-1,-1,0,0,530,0,-1,-1,1,0,0,0
530,1582,hiring,10248,-1,-1,-1,-1,-1,-1,-1,0,0,530,0,-1,-1,1,0,0,0
530,1583,hiring,10249,-1,-1,-1,-1,-1,-1,-1,0,0,530,0,-1,-1,1,0,0,0
530,1584,hiring,10250,-1,-1,-1,-1,-1,-1,-1,0,0,530,0,-1,-1,1,0,0,0
530,1585,hiring,10251,-1,-1,-1,-1,-1,-1,-1,0,0,530,0,-1,-1,1,0,0,0
530,1586,hiring_candidate,10240,10240,-1,-1,1,1,0,0,0,0,4,0,0,0,1,1,0,0
530,1586,hiring,10240,-1,-1,-1,-1,-1,-1,-1,0,0,4,0,-1,-1,1,0,0,0
530,1587,hiring_candidate,10243,10241,-1,-1,0,0,0,0,0,0,410,0,0,0,1,1,0,0
530,1587,hiring,10243,-1,-1,-1,-1,-1,-1,-1,0,0,410,0,-1,-1,1,0,0,0
531,1588,hiring,2,-1,-1,-1,-1,-1,-1,-1,0,0,531,0,-1,-1,1,0,0,0
531,1589,hiring,3,-1,-1,-1,-1,-1,-1,-1,0,0,531,0,-1,-1,1,0,0,0
531,1590,hiring,3,-1,-1,-1,-1,-1,-1,-1,0,0,531,0,-1,-1,1,0,0,0
531,1591,hiring,3,-1,-1,-1,-1,-1,-1,-1,0,0,531,0,-1,-1,1,0,0,0
531,1592,hiring,3,-1,-1,-1,-1,-1,-1,-1,0,0,531,0,-1,-1,1,0,0,0
531,1593,hiring,4,-1,-1,-1,-1,-1,-1,-1,0,0,531,0,-1,-1,1,0,0,0
531,1594,hiring,5,-1,-1,-1,-1,-1,-1,-1,0,0,531,0,-1,-1,1,0,0,0
531,1595,hiring,6,-1,-1,-1,-1,-1,-1,-1,0,0,531,0,-1,-1,1,0,0,0
531,1596,hiring,7,-1,-1,-1,-1,-1,-1,-1,0,0,531,0,-1,-1,1,0,0,0
531,1597,hiring,8,-1,-1,-1,-1,-1,-1,-1,0,0,531,0,-1,-1,1,0,0,0
531,1598,hiring,9,-1,-1,-1,-1,-1,-1,-1,0,0,531,0,-1,-1,1,0,0,0
531,1599,hiring,10,-1,-1,-1,-1,-1,-1,-1,0,0,531,0,-1,-1,1,0,0,0
531,1600,hiring,11,-1,-1,-1,-1,-1,-1,-1,0,0,531,0,-1,-1,1,0,0,0
531,1601,hiring_candidate,0,1,-1,-1,1,1,0,0,0,0,256,0,0,0,1,1,0,0
531,1601,hiring,0,-1,-1,-1,-1,-1,-1,-1,0,0,256,0,-1,-1,1,0,0,0
531,1602,hiring_candidate,1,0,-1,-1,0,0,0,0,0,0,252,0,0,0,1,1,0,0
531,1602,hiring,1,-1,-1,-1,-1,-1,-1,-1,0,0,252,0,-1,-1,1,0,0,0
531,1603,hiring_candidate,1026,1024,-1,-1,0,0,0,0,0,0,531,0,0,0,1,1,0,0
531,1603,hiring_candidate,1026,1025,-1,-1,0,0,0,0,0,0,531,0,0,0,1,1,0,0
531,1603,hiring,1026,-1,-1,-1,-1,-1,-1,-1,0,0,531,0,-1,-1,1,0,0,0
531,1604,hiring_candidate,1024,1024,-1,-1,1,1,0,0,0,0,424,0,0,0,1,1,0,0
531,1604,hiring,1024,-1,-1,-1,-1,-1,-1,-1,0,0,424,0,-1,-1,1,0,0,0
531,1605,hiring,2049,-1,-1,-1,-1,-1,-1,-1,0,0,531,0,-1,-1,1,0,0,0
531,1606,hiring,2050,-1,-1,-1,-1,-1,-1,-1,0,0,531,0,-1,-1,1,0,0,0
531,1607,hiring,2052,-1,-1,-1,-1,-1,-1,-1,0,0,531,0,-1,-1,1,0,0,0
531,1608,hiring,2053,-1,-1,-1,-1,-1,-1,-1,0,0,531,0,-1,-1,1,0,0,0
531,1609,hiring,2054,-1,-1,-1,-1,-1,-1,-1,0,0,531,0,-1,-1,1,0,0,0
531,1610,hiring,2055,-1,-1,-1,-1,-1,-1,-1,0,0,531,0,-1,-1,1,0,0,0
531,1611,hiring,2056,-1,-1,-1,-1,-1,-1,-1,0,0,531,0,-1,-1,1,0,0,0
531,1612,hiring,2057,-1,-1,-1,-1,-1,-1,-1,0,0,531,0,-1,-1,1,0,0,0
531,1613,hiring,2058,-1,-1,-1,-1,-1,-1,-1,0,0,531,0,-1,-1,1,0,0,0
531,1614,hiring,2059,-1,-1,-1,-1,-1,-1,-1,0,0,531,0,-1,-1,1,0,0,0
531,1615,hiring_candidate,2048,2049,-1,-1,1,1,0,0,0,0,360,1,0,0,1,1,0,0
531,1615,hiring,2048,-1,-1,-1,-1,-1,-1,-1,0,0,360,1,-1,-1,1,0,0,0
531,1616,hiring_candidate,2051,2048,-1,-1,0,0,0,0,0,0,413,0,0,0,1,1,0,0
531,1616,hiring,2051,-1,-1,-1,-1,-1,-1,-1,0,0,413,0,-1,-1,1,0,0,0
531,1617,hiring_candidate,3073,3073,-1,-1,0,0,0,0,0,0,5,0,0,0,1,1,0,0
531,1617,hiring,3073,-1,-1,-1,-1,-1,-1,-1,0,0,5,0,-1,-1,1,0,0,0
531,1618,hiring_candidate,3072,3072,-1,-1,1,1,0,0,0,0,400,0,0,0,1,1,0,0
531,1618,hiring,3072,-1,-1,-1,-1,-1,-1,-1,0,0,400,0,-1,-1,1,0,0,0
531,1619,hiring,4097,-1,-1,-1,-1,-1,-1,-1,0,0,531,0,-1,-1,1,0,0,0
531,1620,hiring,4098,-1,-1,-1,-1,-1,-1,-1,0,0,531,0,-1,-1,1,0,0,0
531,1621,hiring,4099,-1,-1,-1,-1,-1,-1,-1,0,0,531,0,-1,-1,1,0,0,0
531,1622,hiring,4099,-1,-1,-1,-1,-1,-1,-1,0,0,531,0,-1,-1,1,0,0,0
531,1623,hiring,4099,-1,-1,-1,-1,-1,-1,-1,0,0,531,0,-1,-1,1,0,0,0
531,1624,hiring,4099,-1,-1,-1,-1,-1,-1,-1,0,0,531,0,-1,-1,1,0,0,0
531,1625,hiring,4100,-1,-1,-1,-1,-1,-1,-1,0,0,531,0,-1,-1,1,0,0,0
531,1626,hiring,4101,-1,-1,-1,-1,-1,-1,-1,0,0,531,0,-1,-1,1,0,0,0
531,1627,hiring,4102,-1,-1,-1,-1,-1,-1,-1,0,0,531,0,-1,-1,1,0,0,0
531,1628,hiring,4103,-1,-1,-1,-1,-1,-1,-1,0,0,531,0,-1,-1,1,0,0,0
531,1629,hiring,4104,-1,-1,-1,-1,-1,-1,-1,0,0,531,0,-1,-1,1,0,0,0
531,1630,hiring,4105,-1,-1,-1,-1,-1,-1,-1,0,0,531,0,-1,-1,1,0,0,0
531,1631,hiring,4106,-1,-1,-1,-1,-1,-1,-1,0,0,531,0,-1,-1,1,0,0,0
531,1632,hiring,4096,-1,-1,-1,-1,-1,-1,-1,0,0,250,0,-1,-1,1,0,0,0
531,1633,hiring_candidate,5121,5120,-1,-1,0,0,0,0,0,0,5,0,0,0,1,1,0,0
531,1633,hiring,5121,-1,-1,-1,-1,-1,-1,-1,0,0,5,0,-1,-1,1,0,0,0
531,1634,hiring_candidate,5120,5121,-1,-1,1,1,0,0,0,0,65,0,0,0,1,1,0,0
531,1634,hiring,5120,-1,-1,-1,-1,-1,-1,-1,0,0,65,0,-1,-1,1,0,0,0
531,1635,hiring,6145,-1,-1,-1,-1,-1,-1,-1,0,0,531,0,-1,-1,1,0,0,0
531,1636,hiring,6146,-1,-1,-1,-1,-1,-1,-1,0,0,531,0,-1,-1,1,0,0,0
531,1637,hiring,6147,-1,-1,-1,-1,-1,-1,-1,0,0,531,0,-1,-1,1,0,0,0
531,1638,hiring,6147,-1,-1,-1,-1,-1,-1,-1,0,0,531,0,-1,-1,1,0,0,0
531,1639,hiring,6147,-1,-1,-1,-1,-1,-1,-1,0,0,531,0,-1,-1,1,0,0,0
531,1640,hiring,6147,-1,-1,-1,-1,-1,-1,-1,0,0,531,0,-1,-1,1,0,0,0
531,1641,hiring,6148,-1,-1,-1,-1,-1,-1,-1,0,0,531,0,-1,-1,1,0,0,0
531,1642,hiring,6149,-1,-1,-1,-1,-1,-1,-1,0,0,531,0,-1,-1,1,0,0,0
531,1643,hiring,6150,-1,-1,-1,-1,-1,-1,-1,0,0,531,0,-1,-1,1,0,0,0
531,1644,hiring,6151,-1,-1,-1,-1,-1,-1,-1,0,0,531,0,-1,-1,1,0,0,0
531,1645,hiring,6152,-1,-1,-1,-1,-1,-1,-1,0,0,531,0,-1,-1,1,0,0,0
531,1646,hiring,6153,-1,-1,-1,-1,-1,-1,-1,0,0,531,0,-1,-1,1,0,0,0
531,1647,hiring,6154,-1,-1,-1,-1,-1,-1,-1,0,0,531,0,-1,-1,1,0,0,0
531,1648,hiring,6144,-1,-1,-1,-1,-1,-1,-1,0,0,375,1,-1,-1,1,0,0,0
531,1649,hiring_candidate,7169,7168,-1,-1,0,0,0,0,0,0,479,0,0,0,1,1,0,0
531,1649,hiring,7169,-1,-1,-1,-1,-1,-1,-1,0,0,479,0,-1,-1,1,0,0,0
531,1650,hiring_candidate,7168,7169,-1,-1,1,1,0,0,0,0,195,0,0,0,1,1,0,0
531,1650,hiring,7168,-1,-1,-1,-1,-1,-1,-1,0,0,195,0,-1,-1,1,0,0,0
531,1651,hiring,8193,-1,-1,-1,-1,-1,-1,-1,0,0,531,0,-1,-1,1,0,0,0
531,1652,hiring,8194,-1,-1,-1,-1,-1,-1,-1,0,0,531,0,-1,-1,1,0,0,0
531,1653,hiring,8196,-1,-1,-1,-1,-1,-1,-1,0,0,531,0,-1,-1,1,0,0,0
531,1654,hiring,8196,-1,-1,-1,-1,-1,-1,-1,0,0,531,0,-1,-1,1,0,0,0
531,1655,hiring,8196,-1,-1,-1,-1,-1,-1,-1,0,0,531,0,-1,-1,1,0,0,0
531,1656,hiring,8196,-1,-1,-1,-1,-1,-1,-1,0,0,531,0,-1,-1,1,0,0,0
531,1657,hiring,8197,-1,-1,-1,-1,-1,-1,-1,0,0,531,0,-1,-1,1,0,0,0
531,1658,hiring,8198,-1,-1,-1,-1,-1,-1,-1,0,0,531,0,-1,-1,1,0,0,0
531,1659,hiring,8199,-1,-1,-1,-1,-1,-1,-1,0,0,531,0,-1,-1,1,0,0,0
531,1660,hiring,8200,-1,-1,-1,-1,-1,-1,-1,0,0,531,0,-1,-1,1,0,0,0
531,1661,hiring,8201,-1,-1,-1,-1,-1,-1,-1,0,0,531,0,-1,-1,1,0,0,0
531,1662,hiring,8202,-1,-1,-1,-1,-1,-1,-1,0,0,531,0,-1,-1,1,0,0,0
531,1663,hiring,8203,-1,-1,-1,-1,-1,-1,-1,0,0,531,0,-1,-1,1,0,0,0
531,1664,hiring_candidate,8192,8193,-1,-1,1,1,0,0,0,0,5,0,0,0,1,1,0,0
531,1664,hiring,8192,-1,-1,-1,-1,-1,-1,-1,0,0,5,0,-1,-1,1,0,0,0
531,1665,hiring_candidate,8195,8192,-1,-1,0,0,0,0,0,0,416,0,0,0,1,1,0,0
531,1665,hiring,8195,-1,-1,-1,-1,-1,-1,-1,0,0,416,0,-1,-1,1,0,0,0
531,1666,hiring_candidate,9217,9216,-1,-1,0,0,0,0,0,0,43,0,0,0,1,1,0,0
531,1666,hiring,9217,-1,-1,-1,-1,-1,-1,-1,0,0,43,0,-1,-1,1,0,0,0
531,1667,hiring_candidate,9216,9217,-1,-1,1,1,0,0,0,0,390,0,0,0,1,1,0,0
531,1667,hiring,9216,-1,-1,-1,-1,-1,-1,-1,0,0,390,0,-1,-1,1,0,0,0
531,1668,hiring,10241,-1,-1,-1,-1,-1,-1,-1,0,0,531,0,-1,-1,1,0,0,0
531,1669,hiring,10242,-1,-1,-1,-1,-1,-1,-1,0,0,531,0,-1,-1,1,0,0,0
531,1670,hiring,10244,-1,-1,-1,-1,-1,-1,-1,0,0,531,0,-1,-1,1,0,0,0
531,1671,hiring,10244,-1,-1,-1,-1,-1,-1,-1,0,0,531,0,-1,-1,1,0,0,0
531,1672,hiring,10244,-1,-1,-1,-1,-1,-1,-1,0,0,531,0,-1,-1,1,0,0,0
531,1673,hiring,10244,-1,-1,-1,-1,-1,-1,-1,0,0,531,0,-1,-1,1,0,0,0
531,1674,hiring,10245,-1,-1,-1,-1,-1,-1,-1,0,0,531,0,-1,-1,1,0,0,0
531,1675,hiring,10246,-1,-1,-1,-1,-1,-1,-1,0,0,531,0,-1,-1,1,0,0,0
531,1676,hiring,10247,-1,-1,-1,-1,-1,-1,-1,0,0,531,0,-1,-1,1,0,0,0
531,1677,hiring,10248,-1,-1,-1,-1,-1,-1,-1,0,0,531,0,-1,-1,1,0,0,0
531,1678,hiring,10249,-1,-1,-1,-1,-1,-1,-1,0,0,531,0,-1,-1,1,0,0,0
531,1679,hiring,10250,-1,-1,-1,-1,-1,-1,-1,0,0,531,0,-1,-1,1,0,0,0
531,1680,hiring,10251,-1,-1,-1,-1,-1,-1,-1,0,0,531,0,-1,-1,1,0,0,0
531,1681,hiring_candidate,10240,10240,-1,-1,1,1,0,0,0,0,5,0,0,0,1,1,0,0
531,1681,hiring,10240,-1,-1,-1,-1,-1,-1,-1,0,0,5,0,-1,-1,1,0,0,0
531,1682,hiring_candidate,10243,10241,-1,-1,0,0,0,0,0,0,411,0,0,0,1,1,0,0
531,1682,hiring,10243,-1,-1,-1,-1,-1,-1,-1,0,0,411,0,-1,-1,1,0,0,0
532,1683,hiring,2,-1,-1,-1,-1,-1,-1,-1,0,0,532,0,-1,-1,1,0,0,0
532,1684,hiring,3,-1,-1,-1,-1,-1,-1,-1,0,0,532,0,-1,-1,1,0,0,0
532,1685,hiring,4,-1,-1,-1,-1,-1,-1,-1,0,0,532,0,-1,-1,1,0,0,0
532,1686,hiring,5,-1,-1,-1,-1,-1,-1,-1,0,0,532,0,-1,-1,1,0,0,0
532,1687,hiring,6,-1,-1,-1,-1,-1,-1,-1,0,0,532,0,-1,-1,1,0,0,0
532,1688,hiring,7,-1,-1,-1,-1,-1,-1,-1,0,0,532,0,-1,-1,1,0,0,0
532,1689,hiring,8,-1,-1,-1,-1,-1,-1,-1,0,0,532,0,-1,-1,1,0,0,0
532,1690,hiring,9,-1,-1,-1,-1,-1,-1,-1,0,0,532,0,-1,-1,1,0,0,0
532,1691,hiring,10,-1,-1,-1,-1,-1,-1,-1,0,0,532,0,-1,-1,1,0,0,0
532,1692,hiring,11,-1,-1,-1,-1,-1,-1,-1,0,0,532,0,-1,-1,1,0,0,0
532,1693,hiring_candidate,0,1,-1,-1,1,1,0,0,0,0,257,0,0,0,1,1,0,0
532,1693,hiring,0,-1,-1,-1,-1,-1,-1,-1,0,0,257,0,-1,-1,1,0,0,0
532,1694,hiring_candidate,1,0,-1,-1,0,0,0,0,0,0,253,0,0,0,1,1,0,0
532,1694,hiring,1,-1,-1,-1,-1,-1,-1,-1,0,0,253,0,-1,-1,1,0,0,0
532,1695,hiring_candidate,1026,1024,-1,-1,0,0,0,0,0,0,532,0,0,0,1,1,0,0
532,1695,hiring_candidate,1026,1025,-1,-1,0,0,0,0,0,0,532,0,0,0,1,1,0,0
532,1695,hiring,1026,-1,-1,-1,-1,-1,-1,-1,0,0,532,0,-1,-1,1,0,0,0
532,1696,hiring_candidate,1024,1024,-1,-1,1,1,0,0,0,0,425,0,0,0,1,1,0,0
532,1696,hiring,1024,-1,-1,-1,-1,-1,-1,-1,0,0,425,0,-1,-1,1,0,0,0
532,1697,hiring,2049,-1,-1,-1,-1,-1,-1,-1,0,0,532,0,-1,-1,1,0,0,0
532,1698,hiring,2050,-1,-1,-1,-1,-1,-1,-1,0,0,532,0,-1,-1,1,0,0,0
532,1699,hiring,2052,-1,-1,-1,-1,-1,-1,-1,0,0,532,0,-1,-1,1,0,0,0
532,1700,hiring,2053,-1,-1,-1,-1,-1,-1,-1,0,0,532,0,-1,-1,1,0,0,0
532,1701,hiring,2054,-1,-1,-1,-1,-1,-1,-1,0,0,532,0,-1,-1,1,0,0,0
532,1702,hiring,2055,-1,-1,-1,-1,-1,-1,-1,0,0,532,0,-1,-1,1,0,0,0
532,1703,hiring,2056,-1,-1,-1,-1,-1,-1,-1,0,0,532,0,-1,-1,1,0,0,0
532,1704,hiring,2057,-1,-1,-1,-1,-1,-1,-1,0,0,532,0,-1,-1,1,0,0,0
532,1705,hiring,2058,-1,-1,-1,-1,-1,-1,-1,0,0,532,0,-1,-1,1,0,0,0
532,1706,hiring,2059,-1,-1,-1,-1,-1,-1,-1,0,0,532,0,-1,-1,1,0,0,0
532,1707,hiring_candidate,2048,2049,-1,-1,1,1,0,0,0,0,361,1,0,0,1,1,0,0
532,1707,hiring,2048,-1,-1,-1,-1,-1,-1,-1,0,0,361,1,-1,-1,1,0,0,0
532,1708,hiring_candidate,2051,2048,-1,-1,0,0,0,0,0,0,414,0,0,0,1,1,0,0
532,1708,hiring,2051,-1,-1,-1,-1,-1,-1,-1,0,0,414,0,-1,-1,1,0,0,0
532,1709,hiring_candidate,3073,3073,-1,-1,0,0,0,0,0,0,6,0,0,0,1,1,0,0
532,1709,hiring,3073,-1,-1,-1,-1,-1,-1,-1,0,0,6,0,-1,-1,1,0,0,0
532,1710,hiring_candidate,3072,3072,-1,-1,1,1,0,0,0,0,401,0,0,0,1,1,0,0
532,1710,hiring,3072,-1,-1,-1,-1,-1,-1,-1,0,0,401,0,-1,-1,1,0,0,0
532,1711,hiring,4097,-1,-1,-1,-1,-1,-1,-1,0,0,532,0,-1,-1,1,0,0,0
532,1712,hiring,4098,-1,-1,-1,-1,-1,-1,-1,0,0,532,0,-1,-1,1,0,0,0
532,1713,hiring,4099,-1,-1,-1,-1,-1,-1,-1,0,0,532,0,-1,-1,1,0,0,0
532,1714,hiring,4100,-1,-1,-1,-1,-1,-1,-1,0,0,532,0,-1,-1,1,0,0,0
532,1715,hiring,4101,-1,-1,-1,-1,-1,-1,-1,0,0,532,0,-1,-1,1,0,0,0
532,1716,hiring,4102,-1,-1,-1,-1,-1,-1,-1,0,0,532,0,-1,-1,1,0,0,0
532,1717,hiring,4103,-1,-1,-1,-1,-1,-1,-1,0,0,532,0,-1,-1,1,0,0,0
532,1718,hiring,4104,-1,-1,-1,-1,-1,-1,-1,0,0,532,0,-1,-1,1,0,0,0
532,1719,hiring,4105,-1,-1,-1,-1,-1,-1,-1,0,0,532,0,-1,-1,1,0,0,0
532,1720,hiring,4106,-1,-1,-1,-1,-1,-1,-1,0,0,532,0,-1,-1,1,0,0,0
532,1721,hiring,4096,-1,-1,-1,-1,-1,-1,-1,0,0,251,0,-1,-1,1,0,0,0
532,1722,hiring_candidate,5121,5120,-1,-1,0,0,0,0,0,0,6,0,0,0,1,1,0,0
532,1722,hiring,5121,-1,-1,-1,-1,-1,-1,-1,0,0,6,0,-1,-1,1,0,0,0
532,1723,hiring_candidate,5120,5121,-1,-1,1,1,0,0,0,0,66,0,0,0,1,1,0,0
532,1723,hiring,5120,-1,-1,-1,-1,-1,-1,-1,0,0,66,0,-1,-1,1,0,0,0
532,1724,hiring,6145,-1,-1,-1,-1,-1,-1,-1,0,0,532,0,-1,-1,1,0,0,0
532,1725,hiring,6146,-1,-1,-1,-1,-1,-1,-1,0,0,532,0,-1,-1,1,0,0,0
532,1726,hiring,6147,-1,-1,-1,-1,-1,-1,-1,0,0,532,0,-1,-1,1,0,0,0
532,1727,hiring,6148,-1,-1,-1,-1,-1,-1,-1,0,0,532,0,-1,-1,1,0,0,0
532,1728,hiring,6149,-1,-1,-1,-1,-1,-1,-1,0,0,532,0,-1,-1,1,0,0,0
532,1729,hiring,6150,-1,-1,-1,-1,-1,-1,-1,0,0,532,0,-1,-1,1,0,0,0
532,1730,hiring,6151,-1,-1,-1,-1,-1,-1,-1,0,0,532,0,-1,-1,1,0,0,0
532,1731,hiring,6152,-1,-1,-1,-1,-1,-1,-1,0,0,532,0,-1,-1,1,0,0,0
532,1732,hiring,6153,-1,-1,-1,-1,-1,-1,-1,0,0,532,0,-1,-1,1,0,0,0
532,1733,hiring,6154,-1,-1,-1,-1,-1,-1,-1,0,0,532,0,-1,-1,1,0,0,0
532,1734,hiring,6144,-1,-1,-1,-1,-1,-1,-1,0,0,4,0,-1,-1,1,0,0,0
532,1735,hiring_candidate,7169,7168,-1,-1,0,0,0,0,0,0,480,0,0,0,1,1,0,0
532,1735,hiring,7169,-1,-1,-1,-1,-1,-1,-1,0,0,480,0,-1,-1,1,0,0,0
532,1736,hiring_candidate,7168,7169,-1,-1,1,1,0,0,0,0,196,0,0,0,1,1,0,0
532,1736,hiring,7168,-1,-1,-1,-1,-1,-1,-1,0,0,196,0,-1,-1,1,0,0,0
532,1737,hiring,8193,-1,-1,-1,-1,-1,-1,-1,0,0,532,0,-1,-1,1,0,0,0
532,1738,hiring,8194,-1,-1,-1,-1,-1,-1,-1,0,0,532,0,-1,-1,1,0,0,0
532,1739,hiring,8196,-1,-1,-1,-1,-1,-1,-1,0,0,532,0,-1,-1,1,0,0,0
532,1740,hiring,8197,-1,-1,-1,-1,-1,-1,-1,0,0,532,0,-1,-1,1,0,0,0
532,1741,hiring,8198,-1,-1,-1,-1,-1,-1,-1,0,0,532,0,-1,-1,1,0,0,0
532,1742,hiring,8199,-1,-1,-1,-1,-1,-1,-1,0,0,532,0,-1,-1,1,0,0,0
532,1743,hiring,8200,-1,-1,-1,-1,-1,-1,-1,0,0,532,0,-1,-1,1,0,0,0
532,1744,hiring,8201,-1,-1,-1,-1,-1,-1,-1,0,0,532,0,-1,-1,1,0,0,0
532,1745,hiring,8202,-1,-1,-1,-1,-1,-1,-1,0,0,532,0,-1,-1,1,0,0,0
532,1746,hiring,8203,-1,-1,-1,-1,-1,-1,-1,0,0,532,0,-1,-1,1,0,0,0
532,1747,hiring_candidate,8192,8193,-1,-1,1,1,0,0,0,0,6,0,0,0,1,1,0,0
532,1747,hiring,8192,-1,-1,-1,-1,-1,-1,-1,0,0,6,0,-1,-1,1,0,0,0
532,1748,hiring_candidate,8195,8192,-1,-1,0,0,0,0,0,0,417,0,0,0,1,1,0,0
532,1748,hiring,8195,-1,-1,-1,-1,-1,-1,-1,0,0,417,0,-1,-1,1,0,0,0
532,1749,hiring_candidate,9217,9216,-1,-1,0,0,0,0,0,0,44,0,0,0,1,1,0,0
532,1749,hiring,9217,-1,-1,-1,-1,-1,-1,-1,0,0,44,0,-1,-1,1,0,0,0
532,1750,hiring_candidate,9216,9217,-1,-1,1,1,0,0,0,0,391,0,0,0,1,1,0,0
532,1750,hiring,9216,-1,-1,-1,-1,-1,-1,-1,0,0,391,0,-1,-1,1,0,0,0
532,1751,hiring,10241,-1,-1,-1,-1,-1,-1,-1,0,0,532,0,-1,-1,1,0,0,0
532,1752,hiring,10242,-1,-1,-1,-1,-1,-1,-1,0,0,532,0,-1,-1,1,0,0,0
532,1753,hiring,10244,-1,-1,-1,-1,-1,-1,-1,0,0,532,0,-1,-1,1,0,0,0
532,1754,hiring,10245,-1,-1,-1,-1,-1,-1,-1,0,0,532,0,-1,-1,1,0,0,0
532,1755,hiring,10246,-1,-1,-1,-1,-1,-1,-1,0,0,532,0,-1,-1,1,0,0,0
532,1756,hiring,10247,-1,-1,-1,-1,-1,-1,-1,0,0,532,0,-1,-1,1,0,0,0
532,1757,hiring,10248,-1,-1,-1,-1,-1,-1,-1,0,0,532,0,-1,-1,1,0,0,0
532,1758,hiring,10249,-1,-1,-1,-1,-1,-1,-1,0,0,532,0,-1,-1,1,0,0,0
532,1759,hiring,10250,-1,-1,-1,-1,-1,-1,-1,0,0,532,0,-1,-1,1,0,0,0
532,1760,hiring,10251,-1,-1,-1,-1,-1,-1,-1,0,0,532,0,-1,-1,1,0,0,0
532,1761,hiring_candidate,10240,10240,-1,-1,1,1,0,0,0,0,6,0,0,0,1,1,0,0
532,1761,hiring,10240,-1,-1,-1,-1,-1,-1,-1,0,0,6,0,-1,-1,1,0,0,0
532,1762,hiring_candidate,10243,10241,-1,-1,0,0,0,0,0,0,412,0,0,0,1,1,0,0
532,1762,hiring,10243,-1,-1,-1,-1,-1,-1,-1,0,0,412,0,-1,-1,1,0,0,0
533,1763,hiring,2,-1,-1,-1,-1,-1,-1,-1,0,0,533,0,-1,-1,1,0,0,0
533,1764,hiring,3,-1,-1,-1,-1,-1,-1,-1,0,0,533,0,-1,-1,1,0,0,0
533,1765,hiring,4,-1,-1,-1,-1,-1,-1,-1,0,0,533,0,-1,-1,1,0,0,0
533,1766,hiring,4,-1,-1,-1,-1,-1,-1,-1,0,0,533,0,-1,-1,1,0,0,0
533,1767,hiring,4,-1,-1,-1,-1,-1,-1,-1,0,0,533,0,-1,-1,1,0,0,0
533,1768,hiring,4,-1,-1,-1,-1,-1,-1,-1,0,0,533,0,-1,-1,1,0,0,0
533,1769,hiring,5,-1,-1,-1,-1,-1,-1,-1,0,0,533,0,-1,-1,1,0,0,0
533,1770,hiring,6,-1,-1,-1,-1,-1,-1,-1,0,0,533,0,-1,-1,1,0,0,0
533,1771,hiring,7,-1,-1,-1,-1,-1,-1,-1,0,0,533,0,-1,-1,1,0,0,0
533,1772,hiring,8,-1,-1,-1,-1,-1,-1,-1,0,0,533,0,-1,-1,1,0,0,0
533,1773,hiring,9,-1,-1,-1,-1,-1,-1,-1,0,0,533,0,-1,-1,1,0,0,0
533,1774,hiring,10,-1,-1,-1,-1,-1,-1,-1,0,0,533,0,-1,-1,1,0,0,0
533,1775,hiring,11,-1,-1,-1,-1,-1,-1,-1,0,0,533,0,-1,-1,1,0,0,0
533,1776,hiring_candidate,0,1,-1,-1,1,1,0,0,0,0,258,0,0,0,1,1,0,0
533,1776,hiring,0,-1,-1,-1,-1,-1,-1,-1,0,0,258,0,-1,-1,1,0,0,0
533,1777,hiring_candidate,1,0,-1,-1,0,0,0,0,0,0,254,0,0,0,1,1,0,0
533,1777,hiring,1,-1,-1,-1,-1,-1,-1,-1,0,0,254,0,-1,-1,1,0,0,0
533,1778,hiring_candidate,1026,1024,-1,-1,0,0,0,0,0,0,533,0,0,0,1,1,0,0
533,1778,hiring_candidate,1026,1025,-1,-1,0,0,0,0,0,0,533,0,0,0,1,1,0,0
533,1778,hiring,1026,-1,-1,-1,-1,-1,-1,-1,0,0,533,0,-1,-1,1,0,0,0
533,1779,hiring_candidate,1024,1024,-1,-1,1,1,0,0,0,0,426,0,0,0,1,1,0,0
533,1779,hiring,1024,-1,-1,-1,-1,-1,-1,-1,0,0,426,0,-1,-1,1,0,0,0
533,1780,movement,2051,2049,-1,-1,-1,-1,-1,-1,0,0,415,0,-1,-1,1,1,0,0
533,1781,hiring_candidate,2051,2049,2049,2049,0,0,8,8,0,0,415,0,-1,-1,1,1,1,1
533,1781,hiring,2051,-1,2049,2049,0,0,-58,-58,0,0,415,0,-1,-1,1,0,1,1
533,1782,hiring,2049,-1,-1,-1,-1,-1,-1,-1,0,0,533,0,-1,-1,1,0,0,0
533,1783,hiring,2050,-1,-1,-1,-1,-1,-1,-1,0,0,533,0,-1,-1,1,0,0,0
533,1784,hiring,2052,-1,-1,-1,-1,-1,-1,-1,0,0,533,0,-1,-1,1,0,0,0
533,1785,hiring,2052,-1,-1,-1,-1,-1,-1,-1,0,0,533,0,-1,-1,1,0,0,0
533,1786,hiring,2052,-1,-1,-1,-1,-1,-1,-1,0,0,533,0,-1,-1,1,0,0,0
533,1787,hiring,2052,-1,-1,-1,-1,-1,-1,-1,0,0,533,0,-1,-1,1,0,0,0
533,1788,hiring,2053,-1,-1,-1,-1,-1,-1,-1,0,0,533,0,-1,-1,1,0,0,0
533,1789,hiring,2054,-1,-1,-1,-1,-1,-1,-1,0,0,533,0,-1,-1,1,0,0,0
533,1790,hiring,2055,-1,-1,-1,-1,-1,-1,-1,0,0,533,0,-1,-1,1,0,0,0
533,1791,hiring,2056,-1,-1,-1,-1,-1,-1,-1,0,0,533,0,-1,-1,1,0,0,0
533,1792,hiring,2057,-1,-1,-1,-1,-1,-1,-1,0,0,533,0,-1,-1,1,0,0,0
533,1793,hiring,2058,-1,-1,-1,-1,-1,-1,-1,0,0,533,0,-1,-1,1,0,0,0
533,1794,hiring,2059,-1,-1,-1,-1,-1,-1,-1,0,0,533,0,-1,-1,1,0,0,0
533,1795,hiring_candidate,2048,2049,-1,-1,1,1,0,0,0,0,4,0,0,0,1,1,0,0
533,1795,hiring,2048,-1,-1,-1,-1,-1,-1,-1,0,0,4,0,-1,-1,1,0,0,0
533,1796,hiring_candidate,2051,2048,-1,-1,0,0,0,0,0,0,415,0,0,0,1,1,0,0
533,1796,hiring,2051,-1,-1,-1,-1,-1,-1,-1,0,0,415,0,-1,-1,1,0,0,0
533,1797,hiring_candidate,3073,3073,-1,-1,0,0,0,0,0,0,7,0,0,0,1,1,0,0
533,1797,hiring,3073,-1,-1,-1,-1,-1,-1,-1,0,0,7,0,-1,-1,1,0,0,0
533,1798,hiring_candidate,3072,3072,-1,-1,1,1,0,0,0,0,402,0,0,0,1,1,0,0
533,1798,hiring,3072,-1,-1,-1,-1,-1,-1,-1,0,0,402,0,-1,-1,1,0,0,0
533,1799,hiring,4097,-1,-1,-1,-1,-1,-1,-1,0,0,533,0,-1,-1,1,0,0,0
533,1800,hiring,4098,-1,-1,-1,-1,-1,-1,-1,0,0,533,0,-1,-1,1,0,0,0
533,1801,hiring,4099,-1,-1,-1,-1,-1,-1,-1,0,0,533,0,-1,-1,1,0,0,0
533,1802,hiring,4100,-1,-1,-1,-1,-1,-1,-1,0,0,533,0,-1,-1,1,0,0,0
533,1803,hiring,4100,-1,-1,-1,-1,-1,-1,-1,0,0,533,0,-1,-1,1,0,0,0
533,1804,hiring,4100,-1,-1,-1,-1,-1,-1,-1,0,0,533,0,-1,-1,1,0,0,0
533,1805,hiring,4100,-1,-1,-1,-1,-1,-1,-1,0,0,533,0,-1,-1,1,0,0,0
533,1806,hiring,4101,-1,-1,-1,-1,-1,-1,-1,0,0,533,0,-1,-1,1,0,0,0
533,1807,hiring,4102,-1,-1,-1,-1,-1,-1,-1,0,0,533,0,-1,-1,1,0,0,0
533,1808,hiring,4103,-1,-1,-1,-1,-1,-1,-1,0,0,533,0,-1,-1,1,0,0,0
533,1809,hiring,4104,-1,-1,-1,-1,-1,-1,-1,0,0,533,0,-1,-1,1,0,0,0
533,1810,hiring,4105,-1,-1,-1,-1,-1,-1,-1,0,0,533,0,-1,-1,1,0,0,0
533,1811,hiring,4106,-1,-1,-1,-1,-1,-1,-1,0,0,533,0,-1,-1,1,0,0,0
533,1812,hiring,4096,-1,-1,-1,-1,-1,-1,-1,0,0,252,0,-1,-1,1,0,0,0
533,1813,hiring_candidate,5121,5120,-1,-1,0,0,0,0,0,0,7,0,0,0,1,1,0,0
533,1813,hiring,5121,-1,-1,-1,-1,-1,-1,-1,0,0,7,0,-1,-1,1,0,0,0
533,1814,hiring_candidate,5120,5121,-1,-1,1,1,0,0,0,0,67,0,0,0,1,1,0,0
533,1814,hiring,5120,-1,-1,-1,-1,-1,-1,-1,0,0,67,0,-1,-1,1,0,0,0
533,1815,hiring,6145,-1,-1,-1,-1,-1,-1,-1,0,0,533,0,-1,-1,1,0,0,0
533,1816,hiring,6146,-1,-1,-1,-1,-1,-1,-1,0,0,533,0,-1,-1,1,0,0,0
533,1817,hiring,6147,-1,-1,-1,-1,-1,-1,-1,0,0,533,0,-1,-1,1,0,0,0
533,1818,hiring,6148,-1,-1,-1,-1,-1,-1,-1,0,0,533,0,-1,-1,1,0,0,0
533,1819,hiring,6148,-1,-1,-1,-1,-1,-1,-1,0,0,533,0,-1,-1,1,0,0,0
533,1820,hiring,6148,-1,-1,-1,-1,-1,-1,-1,0,0,533,0,-1,-1,1,0,0,0
533,1821,hiring,6148,-1,-1,-1,-1,-1,-1,-1,0,0,533,0,-1,-1,1,0,0,0
533,1822,hiring,6149,-1,-1,-1,-1,-1,-1,-1,0,0,533,0,-1,-1,1,0,0,0
533,1823,hiring,6150,-1,-1,-1,-1,-1,-1,-1,0,0,533,0,-1,-1,1,0,0,0
533,1824,hiring,6151,-1,-1,-1,-1,-1,-1,-1,0,0,533,0,-1,-1,1,0,0,0
533,1825,hiring,6152,-1,-1,-1,-1,-1,-1,-1,0,0,533,0,-1,-1,1,0,0,0
533,1826,hiring,6153,-1,-1,-1,-1,-1,-1,-1,0,0,533,0,-1,-1,1,0,0,0
533,1827,hiring,6154,-1,-1,-1,-1,-1,-1,-1,0,0,533,0,-1,-1,1,0,0,0
533,1828,hiring,6144,-1,-1,-1,-1,-1,-1,-1,0,0,5,0,-1,-1,1,0,0,0
533,1829,hiring_candidate,7169,7168,-1,-1,0,0,0,0,0,0,481,0,0,0,1,1,0,0
533,1829,hiring,7169,-1,-1,-1,-1,-1,-1,-1,0,0,481,0,-1,-1,1,0,0,0
533,1830,hiring_candidate,7168,7169,-1,-1,1,1,0,0,0,0,197,0,0,0,1,1,0,0
533,1830,hiring,7168,-1,-1,-1,-1,-1,-1,-1,0,0,197,0,-1,-1,1,0,0,0
533,1831,hiring,8193,-1,-1,-1,-1,-1,-1,-1,0,0,533,0,-1,-1,1,0,0,0
533,1832,hiring,8194,-1,-1,-1,-1,-1,-1,-1,0,0,533,0,-1,-1,1,0,0,0
533,1833,hiring,8196,-1,-1,-1,-1,-1,-1,-1,0,0,533,0,-1,-1,1,0,0,0
533,1834,hiring,8197,-1,-1,-1,-1,-1,-1,-1,0,0,533,0,-1,-1,1,0,0,0
533,1835,hiring,8197,-1,-1,-1,-1,-1,-1,-1,0,0,533,0,-1,-1,1,0,0,0
533,1836,hiring,8197,-1,-1,-1,-1,-1,-1,-1,0,0,533,0,-1,-1,1,0,0,0
533,1837,hiring,8197,-1,-1,-1,-1,-1,-1,-1,0,0,533,0,-1,-1,1,0,0,0
533,1838,hiring,8198,-1,-1,-1,-1,-1,-1,-1,0,0,533,0,-1,-1,1,0,0,0
533,1839,hiring,8199,-1,-1,-1,-1,-1,-1,-1,0,0,533,0,-1,-1,1,0,0,0
533,1840,hiring,8200,-1,-1,-1,-1,-1,-1,-1,0,0,533,0,-1,-1,1,0,0,0
533,1841,hiring,8201,-1,-1,-1,-1,-1,-1,-1,0,0,533,0,-1,-1,1,0,0,0
533,1842,hiring,8202,-1,-1,-1,-1,-1,-1,-1,0,0,533,0,-1,-1,1,0,0,0
533,1843,hiring,8203,-1,-1,-1,-1,-1,-1,-1,0,0,533,0,-1,-1,1,0,0,0
533,1844,hiring_candidate,8192,8193,-1,-1,1,1,0,0,0,0,7,0,0,0,1,1,0,0
533,1844,hiring,8192,-1,-1,-1,-1,-1,-1,-1,0,0,7,0,-1,-1,1,0,0,0
533,1845,hiring_candidate,8195,8192,-1,-1,0,0,0,0,0,0,418,0,0,0,1,1,0,0
533,1845,hiring,8195,-1,-1,-1,-1,-1,-1,-1,0,0,418,0,-1,-1,1,0,0,0
533,1846,hiring_candidate,9217,9216,-1,-1,0,0,0,0,0,0,45,0,0,0,1,1,0,0
533,1846,hiring,9217,-1,-1,-1,-1,-1,-1,-1,0,0,45,0,-1,-1,1,0,0,0
533,1847,hiring_candidate,9216,9217,-1,-1,1,1,0,0,0,0,392,0,0,0,1,1,0,0
533,1847,hiring,9216,-1,-1,-1,-1,-1,-1,-1,0,0,392,0,-1,-1,1,0,0,0
533,1848,movement,10243,10240,0,0,0,0,138,138,0,0,413,0,-1,-1,1,1,0,0
533,1849,hiring,10241,-1,-1,-1,-1,-1,-1,-1,0,0,533,0,-1,-1,1,0,0,0
533,1850,hiring,10242,-1,-1,-1,-1,-1,-1,-1,0,0,533,0,-1,-1,1,0,0,0
533,1851,hiring,10244,-1,-1,-1,-1,-1,-1,-1,0,0,533,0,-1,-1,1,0,0,0
533,1852,hiring,10245,-1,-1,-1,-1,-1,-1,-1,0,0,533,0,-1,-1,1,0,0,0
533,1853,hiring,10245,-1,-1,-1,-1,-1,-1,-1,0,0,533,0,-1,-1,1,0,0,0
533,1854,hiring,10245,-1,-1,-1,-1,-1,-1,-1,0,0,533,0,-1,-1,1,0,0,0
533,1855,hiring,10245,-1,-1,-1,-1,-1,-1,-1,0,0,533,0,-1,-1,1,0,0,0
533,1856,hiring,10246,-1,-1,-1,-1,-1,-1,-1,0,0,533,0,-1,-1,1,0,0,0
533,1857,hiring,10247,-1,-1,-1,-1,-1,-1,-1,0,0,533,0,-1,-1,1,0,0,0
533,1858,hiring,10248,-1,-1,-1,-1,-1,-1,-1,0,0,533,0,-1,-1,1,0,0,0
533,1859,hiring,10249,-1,-1,-1,-1,-1,-1,-1,0,0,533,0,-1,-1,1,0,0,0
533,1860,hiring,10250,-1,-1,-1,-1,-1,-1,-1,0,0,533,0,-1,-1,1,0,0,0
533,1861,hiring,10251,-1,-1,-1,-1,-1,-1,-1,0,0,533,0,-1,-1,1,0,0,0
533,1862,hiring_candidate,10240,10240,-1,-1,1,1,0,0,0,0,7,0,0,0,1,1,0,0
533,1862,hiring,10240,-1,-1,-1,-1,-1,-1,-1,0,0,7,0,-1,-1,1,0,0,0
533,1863,hiring_candidate,10243,10241,-1,-1,0,0,0,0,0,0,413,0,0,0,1,1,0,0
533,1863,hiring,10243,-1,-1,-1,-1,-1,-1,-1,0,0,413,0,-1,-1,1,0,0,0
534,1864,hiring,2,-1,-1,-1,-1,-1,-1,-1,0,0,534,0,-1,-1,1,0,0,0
534,1865,hiring,3,-1,-1,-1,-1,-1,-1,-1,0,0,534,0,-1,-1,1,0,0,0
534,1866,hiring,4,-1,-1,-1,-1,-1,-1,-1,0,0,534,0,-1,-1,1,0,0,0
534,1867,hiring,5,-1,-1,-1,-1,-1,-1,-1,0,0,534,0,-1,-1,1,0,0,0
534,1868,hiring,6,-1,-1,-1,-1,-1,-1,-1,0,0,534,0,-1,-1,1,0,0,0
534,1869,hiring,7,-1,-1,-1,-1,-1,-1,-1,0,0,534,0,-1,-1,1,0,0,0
534,1870,hiring,8,-1,-1,-1,-1,-1,-1,-1,0,0,534,0,-1,-1,1,0,0,0
534,1871,hiring,9,-1,-1,-1,-1,-1,-1,-1,0,0,534,0,-1,-1,1,0,0,0
534,1872,hiring,10,-1,-1,-1,-1,-1,-1,-1,0,0,534,0,-1,-1,1,0,0,0
534,1873,hiring,11,-1,-1,-1,-1,-1,-1,-1,0,0,534,0,-1,-1,1,0,0,0
534,1874,hiring_candidate,0,1,-1,-1,1,1,0,0,0,0,259,0,0,0,1,1,0,0
534,1874,hiring,0,-1,-1,-1,-1,-1,-1,-1,0,0,259,0,-1,-1,1,0,0,0
534,1875,hiring_candidate,1,0,-1,-1,0,0,0,0,0,0,255,0,0,0,1,1,0,0
534,1875,hiring,1,-1,-1,-1,-1,-1,-1,-1,0,0,255,0,-1,-1,1,0,0,0
534,1876,hiring_candidate,1026,1024,-1,-1,0,0,0,0,0,0,534,0,0,0,1,1,0,0
534,1876,hiring_candidate,1026,1025,-1,-1,0,0,0,0,0,0,534,0,0,0,1,1,0,0
534,1876,hiring,1026,-1,-1,-1,-1,-1,-1,-1,0,0,534,0,-1,-1,1,0,0,0
534,1877,hiring_candidate,1024,1024,-1,-1,1,1,0,0,0,0,427,0,0,0,1,1,0,0
534,1877,hiring,1024,-1,-1,-1,-1,-1,-1,-1,0,0,427,0,-1,-1,1,0,0,0
534,1878,hiring,2049,-1,-1,-1,-1,-1,-1,-1,0,0,534,0,-1,-1,1,0,0,0
534,1879,hiring,2050,-1,-1,-1,-1,-1,-1,-1,0,0,534,0,-1,-1,1,0,0,0
534,1880,hiring,2052,-1,-1,-1,-1,-1,-1,-1,0,0,534,0,-1,-1,1,0,0,0
534,1881,hiring,2053,-1,-1,-1,-1,-1,-1,-1,0,0,534,0,-1,-1,1,0,0,0
534,1882,hiring,2054,-1,-1,-1,-1,-1,-1,-1,0,0,534,0,-1,-1,1,0,0,0
534,1883,hiring,2055,-1,-1,-1,-1,-1,-1,-1,0,0,534,0,-1,-1,1,0,0,0
534,1884,hiring,2056,-1,-1,-1,-1,-1,-1,-1,0,0,534,0,-1,-1,1,0,0,0
534,1885,hiring,2057,-1,-1,-1,-1,-1,-1,-1,0,0,534,0,-1,-1,1,0,0,0
534,1886,hiring,2058,-1,-1,-1,-1,-1,-1,-1,0,0,534,0,-1,-1,1,0,0,0
534,1887,hiring,2059,-1,-1,-1,-1,-1,-1,-1,0,0,534,0,-1,-1,1,0,0,0
534,1888,hiring_candidate,2048,2049,-1,-1,1,1,0,0,0,0,5,0,0,0,1,1,0,0
534,1888,hiring,2048,-1,-1,-1,-1,-1,-1,-1,0,0,5,0,-1,-1,1,0,0,0
534,1889,hiring_candidate,2051,2048,-1,-1,0,0,0,0,0,0,416,1,0,0,1,1,0,0
534,1889,hiring,2051,-1,-1,-1,-1,-1,-1,-1,0,0,416,1,-1,-1,1,0,0,0
534,1890,hiring_candidate,3073,3073,-1,-1,0,0,0,0,0,0,8,0,0,0,1,1,0,0
534,1890,hiring,3073,-1,-1,-1,-1,-1,-1,-1,0,0,8,0,-1,-1,1,0,0,0
534,1891,hiring_candidate,3072,3072,-1,-1,1,1,0,0,0,0,403,0,0,0,1,1,0,0
534,1891,hiring,3072,-1,-1,-1,-1,-1,-1,-1,0,0,403,0,-1,-1,1,0,0,0
534,1892,hiring,4097,-1,-1,-1,-1,-1,-1,-1,0,0,534,0,-1,-1,1,0,0,0
534,1893,hiring,4098,-1,-1,-1,-1,-1,-1,-1,0,0,534,0,-1,-1,1,0,0,0
534,1894,hiring,4099,-1,-1,-1,-1,-1,-1,-1,0,0,534,0,-1,-1,1,0,0,0
534,1895,hiring,4100,-1,-1,-1,-1,-1,-1,-1,0,0,534,0,-1,-1,1,0,0,0
534,1896,hiring,4101,-1,-1,-1,-1,-1,-1,-1,0,0,534,0,-1,-1,1,0,0,0
534,1897,hiring,4102,-1,-1,-1,-1,-1,-1,-1,0,0,534,0,-1,-1,1,0,0,0
534,1898,hiring,4103,-1,-1,-1,-1,-1,-1,-1,0,0,534,0,-1,-1,1,0,0,0
534,1899,hiring,4104,-1,-1,-1,-1,-1,-1,-1,0,0,534,0,-1,-1,1,0,0,0
534,1900,hiring,4105,-1,-1,-1,-1,-1,-1,-1,0,0,534,0,-1,-1,1,0,0,0
534,1901,hiring,4106,-1,-1,-1,-1,-1,-1,-1,0,0,534,0,-1,-1,1,0,0,0
534,1902,hiring,4096,-1,-1,-1,-1,-1,-1,-1,0,0,253,0,-1,-1,1,0,0,0
534,1903,hiring_candidate,5121,5120,-1,-1,0,0,0,0,0,0,8,0,0,0,1,1,0,0
534,1903,hiring,5121,-1,-1,-1,-1,-1,-1,-1,0,0,8,0,-1,-1,1,0,0,0
534,1904,hiring_candidate,5120,5121,-1,-1,1,1,0,0,0,0,68,0,0,0,1,1,0,0
534,1904,hiring,5120,-1,-1,-1,-1,-1,-1,-1,0,0,68,0,-1,-1,1,0,0,0
534,1905,hiring,6145,-1,-1,-1,-1,-1,-1,-1,0,0,534,0,-1,-1,1,0,0,0
534,1906,hiring,6146,-1,-1,-1,-1,-1,-1,-1,0,0,534,0,-1,-1,1,0,0,0
534,1907,hiring,6147,-1,-1,-1,-1,-1,-1,-1,0,0,534,0,-1,-1,1,0,0,0
534,1908,hiring,6148,-1,-1,-1,-1,-1,-1,-1,0,0,534,0,-1,-1,1,0,0,0
534,1909,hiring,6149,-1,-1,-1,-1,-1,-1,-1,0,0,534,0,-1,-1,1,0,0,0
534,1910,hiring,6150,-1,-1,-1,-1,-1,-1,-1,0,0,534,0,-1,-1,1,0,0,0
534,1911,hiring,6151,-1,-1,-1,-1,-1,-1,-1,0,0,534,0,-1,-1,1,0,0,0
534,1912,hiring,6152,-1,-1,-1,-1,-1,-1,-1,0,0,534,0,-1,-1,1,0,0,0
534,1913,hiring,6153,-1,-1,-1,-1,-1,-1,-1,0,0,534,0,-1,-1,1,0,0,0
534,1914,hiring,6154,-1,-1,-1,-1,-1,-1,-1,0,0,534,0,-1,-1,1,0,0,0
534,1915,hiring,6144,-1,-1,-1,-1,-1,-1,-1,0,0,6,0,-1,-1,1,0,0,0
534,1916,hiring_candidate,7169,7168,-1,-1,0,0,0,0,0,0,482,0,0,0,1,1,0,0
534,1916,hiring,7169,-1,-1,-1,-1,-1,-1,-1,0,0,482,0,-1,-1,1,0,0,0
534,1917,hiring_candidate,7168,7169,-1,-1,1,1,0,0,0,0,198,0,0,0,1,1,0,0
534,1917,hiring,7168,-1,-1,-1,-1,-1,-1,-1,0,0,198,0,-1,-1,1,0,0,0
534,1918,hiring,8193,-1,-1,-1,-1,-1,-1,-1,0,0,534,0,-1,-1,1,0,0,0
534,1919,hiring,8194,-1,-1,-1,-1,-1,-1,-1,0,0,534,0,-1,-1,1,0,0,0
534,1920,hiring,8196,-1,-1,-1,-1,-1,-1,-1,0,0,534,0,-1,-1,1,0,0,0
534,1921,hiring,8197,-1,-1,-1,-1,-1,-1,-1,0,0,534,0,-1,-1,1,0,0,0
534,1922,hiring,8198,-1,-1,-1,-1,-1,-1,-1,0,0,534,0,-1,-1,1,0,0,0
534,1923,hiring,8199,-1,-1,-1,-1,-1,-1,-1,0,0,534,0,-1,-1,1,0,0,0
534,1924,hiring,8200,-1,-1,-1,-1,-1,-1,-1,0,0,534,0,-1,-1,1,0,0,0
534,1925,hiring,8201,-1,-1,-1,-1,-1,-1,-1,0,0,534,0,-1,-1,1,0,0,0
534,1926,hiring,8202,-1,-1,-1,-1,-1,-1,-1,0,0,534,0,-1,-1,1,0,0,0
534,1927,hiring,8203,-1,-1,-1,-1,-1,-1,-1,0,0,534,0,-1,-1,1,0,0,0
534,1928,hiring_candidate,8192,8193,-1,-1,1,1,0,0,0,0,8,0,0,0,1,1,0,0
534,1928,hiring,8192,-1,-1,-1,-1,-1,-1,-1,0,0,8,0,-1,-1,1,0,0,0
534,1929,hiring_candidate,8195,8192,-1,-1,0,0,0,0,0,0,419,0,0,0,1,1,0,0
534,1929,hiring,8195,-1,-1,-1,-1,-1,-1,-1,0,0,419,0,-1,-1,1,0,0,0
534,1930,movement,9217,9217,3,3,-1,-1,60,60,0,0,46,0,-1,-1,1,1,0,0
534,1931,hiring_candidate,9217,9216,-1,-1,0,0,0,0,0,0,46,0,0,0,1,1,0,0
534,1931,hiring,9217,-1,-1,-1,-1,-1,-1,-1,0,0,46,0,-1,-1,1,0,0,0
534,1932,hiring_candidate,9216,9217,-1,-1,1,1,0,0,0,0,393,0,0,0,1,1,0,0
534,1932,hiring,9216,-1,-1,-1,-1,-1,-1,-1,0,0,393,0,-1,-1,1,0,0,0
534,1933,hiring,10241,-1,-1,-1,-1,-1,-1,-1,0,0,534,0,-1,-1,1,0,0,0
534,1934,hiring,10242,-1,-1,-1,-1,-1,-1,-1,0,0,534,0,-1,-1,1,0,0,0
534,1935,hiring,10244,-1,-1,-1,-1,-1,-1,-1,0,0,534,0,-1,-1,1,0,0,0
534,1936,hiring,10245,-1,-1,-1,-1,-1,-1,-1,0,0,534,0,-1,-1,1,0,0,0
534,1937,hiring,10246,-1,-1,-1,-1,-1,-1,-1,0,0,534,0,-1,-1,1,0,0,0
534,1938,hiring,10247,-1,-1,-1,-1,-1,-1,-1,0,0,534,0,-1,-1,1,0,0,0
534,1939,hiring,10248,-1,-1,-1,-1,-1,-1,-1,0,0,534,0,-1,-1,1,0,0,0
534,1940,hiring,10249,-1,-1,-1,-1,-1,-1,-1,0,0,534,0,-1,-1,1,0,0,0
534,1941,hiring,10250,-1,-1,-1,-1,-1,-1,-1,0,0,534,0,-1,-1,1,0,0,0
534,1942,hiring,10251,-1,-1,-1,-1,-1,-1,-1,0,0,534,0,-1,-1,1,0,0,0
534,1943,hiring_candidate,10240,10240,-1,-1,1,1,0,0,0,0,8,0,0,0,1,1,0,0
534,1943,hiring,10240,-1,-1,-1,-1,-1,-1,-1,0,0,8,0,-1,-1,1,0,0,0
534,1944,hiring_candidate,10243,10241,-1,-1,0,0,0,0,0,0,414,1,0,0,1,1,0,0
534,1944,hiring,10243,-1,-1,-1,-1,-1,-1,-1,0,0,414,1,-1,-1,1,0,0,0
535,1945,hiring,2,-1,-1,-1,-1,-1,-1,-1,0,0,535,0,-1,-1,1,0,0,0
535,1946,hiring,3,-1,-1,-1,-1,-1,-1,-1,0,0,535,0,-1,-1,1,0,0,0
535,1947,hiring,4,-1,-1,-1,-1,-1,-1,-1,0,0,535,0,-1,-1,1,0,0,0
535,1948,hiring,5,-1,-1,-1,-1,-1,-1,-1,0,0,535,0,-1,-1,1,0,0,0
535,1949,hiring,5,-1,-1,-1,-1,-1,-1,-1,0,0,535,0,-1,-1,1,0,0,0
535,1950,hiring,5,-1,-1,-1,-1,-1,-1,-1,0,0,535,0,-1,-1,1,0,0,0
535,1951,hiring,5,-1,-1,-1,-1,-1,-1,-1,0,0,535,0,-1,-1,1,0,0,0
535,1952,hiring,6,-1,-1,-1,-1,-1,-1,-1,0,0,535,0,-1,-1,1,0,0,0
535,1953,hiring,7,-1,-1,-1,-1,-1,-1,-1,0,0,535,0,-1,-1,1,0,0,0
535,1954,hiring,8,-1,-1,-1,-1,-1,-1,-1,0,0,535,0,-1,-1,1,0,0,0
535,1955,hiring,9,-1,-1,-1,-1,-1,-1,-1,0,0,535,0,-1,-1,1,0,0,0
535,1956,hiring,10,-1,-1,-1,-1,-1,-1,-1,0,0,535,0,-1,-1,1,0,0,0
535,1957,hiring,11,-1,-1,-1,-1,-1,-1,-1,0,0,535,0,-1,-1,1,0,0,0
535,1958,hiring_candidate,0,1,-1,-1,1,1,0,0,0,0,260,0,0,0,1,1,0,0
535,1958,hiring,0,-1,-1,-1,-1,-1,-1,-1,0,0,260,0,-1,-1,1,0,0,0
535,1959,hiring_candidate,1,0,-1,-1,0,0,0,0,0,0,256,0,0,0,1,1,0,0
535,1959,hiring,1,-1,-1,-1,-1,-1,-1,-1,0,0,256,0,-1,-1,1,0,0,0
535,1960,hiring_candidate,1026,1024,-1,-1,0,0,0,0,0,0,535,0,0,0,1,1,0,0
535,1960,hiring_candidate,1026,1025,-1,-1,0,0,0,0,0,0,535,0,0,0,1,1,0,0
535,1960,hiring,1026,-1,-1,-1,-1,-1,-1,-1,0,0,535,0,-1,-1,1,0,0,0
535,1961,hiring_candidate,1024,1024,-1,-1,1,1,0,0,0,0,428,0,0,0,1,1,0,0
535,1961,hiring,1024,-1,-1,-1,-1,-1,-1,-1,0,0,428,0,-1,-1,1,0,0,0
535,1962,hiring,2049,-1,-1,-1,-1,-1,-1,-1,0,0,535,0,-1,-1,1,0,0,0
535,1963,hiring,2050,-1,-1,-1,-1,-1,-1,-1,0,0,535,0,-1,-1,1,0,0,0
535,1964,hiring,2052,-1,-1,-1,-1,-1,-1,-1,0,0,535,0,-1,-1,1,0,0,0
535,1965,hiring,2053,-1,-1,-1,-1,-1,-1,-1,0,0,535,0,-1,-1,1,0,0,0
535,1966,hiring,2053,-1,-1,-1,-1,-1,-1,-1,0,0,535,0,-1,-1,1,0,0,0
535,1967,hiring,2053,-1,-1,-1,-1,-1,-1,-1,0,0,535,0,-1,-1,1,0,0,0
535,1968,hiring,2053,-1,-1,-1,-1,-1,-1,-1,0,0,535,0,-1,-1,1,0,0,0
535,1969,hiring,2054,-1,-1,-1,-1,-1,-1,-1,0,0,535,0,-1,-1,1,0,0,0
535,1970,hiring,2055,-1,-1,-1,-1,-1,-1,-1,0,0,535,0,-1,-1,1,0,0,0
535,1971,hiring,2056,-1,-1,-1,-1,-1,-1,-1,0,0,535,0,-1,-1,1,0,0,0
535,1972,hiring,2057,-1,-1,-1,-1,-1,-1,-1,0,0,535,0,-1,-1,1,0,0,0
535,1973,hiring,2058,-1,-1,-1,-1,-1,-1,-1,0,0,535,0,-1,-1,1,0,0,0
535,1974,hiring,2059,-1,-1,-1,-1,-1,-1,-1,0,0,535,0,-1,-1,1,0,0,0
535,1975,hiring_candidate,2048,2049,-1,-1,1,1,0,0,0,0,6,0,0,0,1,1,0,0
535,1975,hiring,2048,-1,-1,-1,-1,-1,-1,-1,0,0,6,0,-1,-1,1,0,0,0
535,1976,hiring_candidate,2051,2048,-1,-1,0,0,0,0,0,0,417,1,0,0,1,1,0,0
535,1976,hiring,2051,-1,-1,-1,-1,-1,-1,-1,0,0,417,1,-1,-1,1,0,0,0
535,1977,hiring_candidate,3073,3073,-1,-1,0,0,0,0,0,0,9,0,0,0,1,1,0,0
535,1977,hiring,3073,-1,-1,-1,-1,-1,-1,-1,0,0,9,0,-1,-1,1,0,0,0
535,1978,hiring_candidate,3072,3072,-1,-1,1,1,0,0,0,0,404,0,0,0,1,1,0,0
535,1978,hiring,3072,-1,-1,-1,-1,-1,-1,-1,0,0,404,0,-1,-1,1,0,0,0
535,1979,hiring,4097,-1,-1,-1,-1,-1,-1,-1,0,0,535,0,-1,-1,1,0,0,0
535,1980,hiring,4098,-1,-1,-1,-1,-1,-1,-1,0,0,535,0,-1,-1,1,0,0,0
535,1981,hiring,4099,-1,-1,-1,-1,-1,-1,-1,0,0,535,0,-1,-1,1,0,0,0
535,1982,hiring,4100,-1,-1,-1,-1,-1,-1,-1,0,0,535,0,-1,-1,1,0,0,0
535,1983,hiring,4101,-1,-1,-1,-1,-1,-1,-1,0,0,535,0,-1,-1,1,0,0,0
535,1984,hiring,4102,-1,-1,-1,-1,-1,-1,-1,0,0,535,0,-1,-1,1,0,0,0
535,1985,hiring,4103,-1,-1,-1,-1,-1,-1,-1,0,0,535,0,-1,-1,1,0,0,0
535,1986,hiring,4104,-1,-1,-1,-1,-1,-1,-1,0,0,535,0,-1,-1,1,0,0,0
535,1987,hiring,4105,-1,-1,-1,-1,-1,-1,-1,0,0,535,0,-1,-1,1,0,0,0
535,1988,hiring,4106,-1,-1,-1,-1,-1,-1,-1,0,0,535,0,-1,-1,1,0,0,0
535,1989,hiring,4096,-1,-1,-1,-1,-1,-1,-1,0,0,254,0,-1,-1,1,0,0,0
535,1990,hiring_candidate,5121,5120,-1,-1,0,0,0,0,0,0,9,0,0,0,1,1,0,0
535,1990,hiring,5121,-1,-1,-1,-1,-1,-1,-1,0,0,9,0,-1,-1,1,0,0,0
535,1991,hiring_candidate,5120,5121,-1,-1,1,1,0,0,0,0,69,0,0,0,1,1,0,0
535,1991,hiring,5120,-1,-1,-1,-1,-1,-1,-1,0,0,69,0,-1,-1,1,0,0,0
535,1992,hiring,6145,-1,-1,-1,-1,-1,-1,-1,0,0,535,0,-1,-1,1,0,0,0
535,1993,hiring,6146,-1,-1,-1,-1,-1,-1,-1,0,0,535,0,-1,-1,1,0,0,0
535,1994,hiring,6147,-1,-1,-1,-1,-1,-1,-1,0,0,535,0,-1,-1,1,0,0,0
535,1995,hiring,6148,-1,-1,-1,-1,-1,-1,-1,0,0,535,0,-1,-1,1,0,0,0
535,1996,hiring,6149,-1,-1,-1,-1,-1,-1,-1,0,0,535,0,-1,-1,1,0,0,0
535,1997,hiring,6149,-1,-1,-1,-1,-1,-1,-1,0,0,535,0,-1,-1,1,0,0,0
535,1998,hiring,6149,-1,-1,-1,-1,-1,-1,-1,0,0,535,0,-1,-1,1,0,0,0
535,1999,hiring,6149,-1,-1,-1,-1,-1,-1,-1,0,0,535,0,-1,-1,1,0,0,0
535,2000,hiring,6150,-1,-1,-1,-1,-1,-1,-1,0,0,535,0,-1,-1,1,0,0,0
535,2001,hiring,6151,-1,-1,-1,-1,-1,-1,-1,0,0,535,0,-1,-1,1,0,0,0
535,2002,hiring,6152,-1,-1,-1,-1,-1,-1,-1,0,0,535,0,-1,-1,1,0,0,0
535,2003,hiring,6153,-1,-1,-1,-1,-1,-1,-1,0,0,535,0,-1,-1,1,0,0,0
535,2004,hiring,6154,-1,-1,-1,-1,-1,-1,-1,0,0,535,0,-1,-1,1,0,0,0
535,2005,hiring,6144,-1,-1,-1,-1,-1,-1,-1,0,0,7,0,-1,-1,1,0,0,0
535,2006,hiring_candidate,7169,7168,-1,-1,0,0,0,0,0,0,483,0,0,0,1,1,0,0
535,2006,hiring,7169,-1,-1,-1,-1,-1,-1,-1,0,0,483,0,-1,-1,1,0,0,0
535,2007,hiring_candidate,7168,7169,-1,-1,1,1,0,0,0,0,199,0,0,0,1,1,0,0
535,2007,hiring,7168,-1,-1,-1,-1,-1,-1,-1,0,0,199,0,-1,-1,1,0,0,0
535,2008,hiring,8193,-1,-1,-1,-1,-1,-1,-1,0,0,535,0,-1,-1,1,0,0,0
535,2009,hiring,8194,-1,-1,-1,-1,-1,-1,-1,0,0,535,0,-1,-1,1,0,0,0
535,2010,hiring,8196,-1,-1,-1,-1,-1,-1,-1,0,0,535,0,-1,-1,1,0,0,0
535,2011,hiring,8197,-1,-1,-1,-1,-1,-1,-1,0,0,535,0,-1,-1,1,0,0,0
535,2012,hiring,8198,-1,-1,-1,-1,-1,-1,-1,0,0,535,0,-1,-1,1,0,0,0
535,2013,hiring,8198,-1,-1,-1,-1,-1,-1,-1,0,0,535,0,-1,-1,1,0,0,0
535,2014,hiring,8198,-1,-1,-1,-1,-1,-1,-1,0,0,535,0,-1,-1,1,0,0,0
535,2015,hiring,8198,-1,-1,-1,-1,-1,-1,-1,0,0,535,0,-1,-1,1,0,0,0
535,2016,hiring,8199,-1,-1,-1,-1,-1,-1,-1,0,0,535,0,-1,-1,1,0,0,0
535,2017,hiring,8200,-1,-1,-1,-1,-1,-1,-1,0,0,535,0,-1,-1,1,0,0,0
535,2018,hiring,8201,-1,-1,-1,-1,-1,-1,-1,0,0,535,0,-1,-1,1,0,0,0
535,2019,hiring,8202,-1,-1,-1,-1,-1,-1,-1,0,0,535,0,-1,-1,1,0,0,0
535,2020,hiring,8203,-1,-1,-1,-1,-1,-1,-1,0,0,535,0,-1,-1,1,0,0,0
535,2021,hiring_candidate,8192,8193,-1,-1,1,1,0,0,0,0,9,0,0,0,1,1,0,0
535,2021,hiring,8192,-1,-1,-1,-1,-1,-1,-1,0,0,9,0,-1,-1,1,0,0,0
535,2022,hiring_candidate,8195,8192,-1,-1,0,0,0,0,0,0,420,0,0,0,1,1,0,0
535,2022,hiring,8195,-1,-1,-1,-1,-1,-1,-1,0,0,420,0,-1,-1,1,0,0,0
535,2023,hiring_candidate,9217,9216,-1,-1,0,0,0,0,0,0,47,0,0,0,1,1,0,0
535,2023,hiring,9217,-1,-1,-1,-1,-1,-1,-1,0,0,47,0,-1,-1,1,0,0,0
535,2024,hiring_candidate,9216,9217,-1,-1,1,1,0,0,0,0,394,0,0,0,1,1,0,0
535,2024,hiring,9216,-1,-1,-1,-1,-1,-1,-1,0,0,394,0,-1,-1,1,0,0,0
535,2025,hiring,10241,-1,-1,-1,-1,-1,-1,-1,0,0,535,0,-1,-1,1,0,0,0
535,2026,hiring,10242,-1,-1,-1,-1,-1,-1,-1,0,0,535,0,-1,-1,1,0,0,0
535,2027,hiring,10244,-1,-1,-1,-1,-1,-1,-1,0,0,535,0,-1,-1,1,0,0,0
535,2028,hiring,10245,-1,-1,-1,-1,-1,-1,-1,0,0,535,0,-1,-1,1,0,0,0
535,2029,hiring,10246,-1,-1,-1,-1,-1,-1,-1,0,0,535,0,-1,-1,1,0,0,0
535,2030,hiring,10246,-1,-1,-1,-1,-1,-1,-1,0,0,535,0,-1,-1,1,0,0,0
535,2031,hiring,10246,-1,-1,-1,-1,-1,-1,-1,0,0,535,0,-1,-1,1,0,0,0
535,2032,hiring,10246,-1,-1,-1,-1,-1,-1,-1,0,0,535,0,-1,-1,1,0,0,0
535,2033,hiring,10247,-1,-1,-1,-1,-1,-1,-1,0,0,535,0,-1,-1,1,0,0,0
535,2034,hiring,10248,-1,-1,-1,-1,-1,-1,-1,0,0,535,0,-1,-1,1,0,0,0
535,2035,hiring,10249,-1,-1,-1,-1,-1,-1,-1,0,0,535,0,-1,-1,1,0,0,0
535,2036,hiring,10250,-1,-1,-1,-1,-1,-1,-1,0,0,535,0,-1,-1,1,0,0,0
535,2037,hiring,10251,-1,-1,-1,-1,-1,-1,-1,0,0,535,0,-1,-1,1,0,0,0
535,2038,hiring_candidate,10240,10240,-1,-1,1,1,0,0,0,0,9,0,0,0,1,1,0,0
535,2038,hiring,10240,-1,-1,-1,-1,-1,-1,-1,0,0,9,0,-1,-1,1,0,0,0
535,2039,hiring_candidate,10243,10241,-1,-1,0,0,0,0,0,0,415,1,0,0,1,1,0,0
535,2039,hiring,10243,-1,-1,-1,-1,-1,-1,-1,0,0,415,1,-1,-1,1,0,0,0
536,2040,hiring,2,-1,-1,-1,-1,-1,-1,-1,0,0,536,0,-1,-1,1,0,0,0
536,2041,hiring,3,-1,-1,-1,-1,-1,-1,-1,0,0,536,0,-1,-1,1,0,0,0
536,2042,hiring,4,-1,-1,-1,-1,-1,-1,-1,0,0,536,0,-1,-1,1,0,0,0
536,2043,hiring,5,-1,-1,-1,-1,-1,-1,-1,0,0,536,0,-1,-1,1,0,0,0
536,2044,hiring,6,-1,-1,-1,-1,-1,-1,-1,0,0,536,0,-1,-1,1,0,0,0
536,2045,hiring,7,-1,-1,-1,-1,-1,-1,-1,0,0,536,0,-1,-1,1,0,0,0
536,2046,hiring,8,-1,-1,-1,-1,-1,-1,-1,0,0,536,0,-1,-1,1,0,0,0
536,2047,hiring,9,-1,-1,-1,-1,-1,-1,-1,0,0,536,0,-1,-1,1,0,0,0
536,2048,hiring,10,-1,-1,-1,-1,-1,-1,-1,0,0,536,0,-1,-1,1,0,0,0
536,2049,hiring,11,-1,-1,-1,-1,-1,-1,-1,0,0,536,0,-1,-1,1,0,0,0
536,2050,hiring_candidate,0,1,-1,-1,1,1,0,0,0,0,261,0,0,0,1,1,0,0
536,2050,hiring,0,-1,-1,-1,-1,-1,-1,-1,0,0,261,0,-1,-1,1,0,0,0
536,2051,hiring_candidate,1,0,-1,-1,0,0,0,0,0,0,257,0,0,0,1,1,0,0
536,2051,hiring,1,-1,-1,-1,-1,-1,-1,-1,0,0,257,0,-1,-1,1,0,0,0
536,2052,hiring_candidate,1026,1024,-1,-1,0,0,0,0,0,0,536,0,0,0,1,1,0,0
536,2052,hiring_candidate,1026,1025,-1,-1,0,0,0,0,0,0,536,0,0,0,1,1,0,0
536,2052,hiring,1026,-1,-1,-1,-1,-1,-1,-1,0,0,536,0,-1,-1,1,0,0,0
536,2053,hiring_candidate,1024,1024,-1,-1,1,1,0,0,0,0,429,0,0,0,1,1,0,0
536,2053,hiring,1024,-1,-1,-1,-1,-1,-1,-1,0,0,429,0,-1,-1,1,0,0,0
536,2054,hiring,2049,-1,-1,-1,-1,-1,-1,-1,0,0,536,0,-1,-1,1,0,0,0
536,2055,hiring,2050,-1,-1,-1,-1,-1,-1,-1,0,0,536,0,-1,-1,1,0,0,0
536,2056,hiring,2052,-1,-1,-1,-1,-1,-1,-1,0,0,536,0,-1,-1,1,0,0,0
536,2057,hiring,2053,-1,-1,-1,-1,-1,-1,-1,0,0,536,0,-1,-1,1,0,0,0
536,2058,hiring,2054,-1,-1,-1,-1,-1,-1,-1,0,0,536,0,-1,-1,1,0,0,0
536,2059,hiring,2055,-1,-1,-1,-1,-1,-1,-1,0,0,536,0,-1,-1,1,0,0,0
536,2060,hiring,2056,-1,-1,-1,-1,-1,-1,-1,0,0,536,0,-1,-1,1,0,0,0
536,2061,hiring,2057,-1,-1,-1,-1,-1,-1,-1,0,0,536,0,-1,-1,1,0,0,0
536,2062,hiring,2058,-1,-1,-1,-1,-1,-1,-1,0,0,536,0,-1,-1,1,0,0,0
536,2063,hiring,2059,-1,-1,-1,-1,-1,-1,-1,0,0,536,0,-1,-1,1,0,0,0
536,2064,hiring_candidate,2048,2049,-1,-1,1,1,0,0,0,0,7,0,0,0,1,1,0,0
536,2064,hiring,2048,-1,-1,-1,-1,-1,-1,-1,0,0,7,0,-1,-1,1,0,0,0
536,2065,hiring_candidate,2051,2048,-1,-1,0,0,0,0,0,0,418,1,0,0,1,1,0,0
536,2065,hiring,2051,-1,-1,-1,-1,-1,-1,-1,0,0,418,1,-1,-1,1,0,0,0
536,2066,hiring_candidate,3073,3073,-1,-1,0,0,0,0,0,0,10,0,0,0,1,1,0,0
536,2066,hiring,3073,-1,-1,-1,-1,-1,-1,-1,0,0,10,0,-1,-1,1,0,0,0
536,2067,hiring_candidate,3072,3072,-1,-1,1,1,0,0,0,0,405,0,0,0,1,1,0,0
536,2067,hiring,3072,-1,-1,-1,-1,-1,-1,-1,0,0,405,0,-1,-1,1,0,0,0
536,2068,hiring,4097,-1,-1,-1,-1,-1,-1,-1,0,0,536,0,-1,-1,1,0,0,0
536,2069,hiring,4098,-1,-1,-1,-1,-1,-1,-1,0,0,536,0,-1,-1,1,0,0,0
536,2070,hiring,4099,-1,-1,-1,-1,-1,-1,-1,0,0,536,0,-1,-1,1,0,0,0
536,2071,hiring,4100,-1,-1,-1,-1,-1,-1,-1,0,0,536,0,-1,-1,1,0,0,0
536,2072,hiring,4101,-1,-1,-1,-1,-1,-1,-1,0,0,536,0,-1,-1,1,0,0,0
536,2073,hiring,4102,-1,-1,-1,-1,-1,-1,-1,0,0,536,0,-1,-1,1,0,0,0
536,2074,hiring,4103,-1,-1,-1,-1,-1,-1,-1,0,0,536,0,-1,-1,1,0,0,0
536,2075,hiring,4104,-1,-1,-1,-1,-1,-1,-1,0,0,536,0,-1,-1,1,0,0,0
536,2076,hiring,4105,-1,-1,-1,-1,-1,-1,-1,0,0,536,0,-1,-1,1,0,0,0
536,2077,hiring,4106,-1,-1,-1,-1,-1,-1,-1,0,0,536,0,-1,-1,1,0,0,0
536,2078,hiring,4096,-1,-1,-1,-1,-1,-1,-1,0,0,255,0,-1,-1,1,0,0,0
536,2079,hiring_candidate,5121,5120,-1,-1,0,0,0,0,0,0,10,0,0,0,1,1,0,0
536,2079,hiring,5121,-1,-1,-1,-1,-1,-1,-1,0,0,10,0,-1,-1,1,0,0,0
536,2080,hiring_candidate,5120,5121,-1,-1,1,1,0,0,0,0,70,0,0,0,1,1,0,0
536,2080,hiring,5120,-1,-1,-1,-1,-1,-1,-1,0,0,70,0,-1,-1,1,0,0,0
536,2081,hiring,6145,-1,-1,-1,-1,-1,-1,-1,0,0,536,0,-1,-1,1,0,0,0
536,2082,hiring,6146,-1,-1,-1,-1,-1,-1,-1,0,0,536,0,-1,-1,1,0,0,0
536,2083,hiring,6147,-1,-1,-1,-1,-1,-1,-1,0,0,536,0,-1,-1,1,0,0,0
536,2084,hiring,6148,-1,-1,-1,-1,-1,-1,-1,0,0,536,0,-1,-1,1,0,0,0
536,2085,hiring,6149,-1,-1,-1,-1,-1,-1,-1,0,0,536,0,-1,-1,1,0,0,0
536,2086,hiring,6150,-1,-1,-1,-1,-1,-1,-1,0,0,536,0,-1,-1,1,0,0,0
536,2087,hiring,6151,-1,-1,-1,-1,-1,-1,-1,0,0,536,0,-1,-1,1,0,0,0
536,2088,hiring,6152,-1,-1,-1,-1,-1,-1,-1,0,0,536,0,-1,-1,1,0,0,0
536,2089,hiring,6153,-1,-1,-1,-1,-1,-1,-1,0,0,536,0,-1,-1,1,0,0,0
536,2090,hiring,6154,-1,-1,-1,-1,-1,-1,-1,0,0,536,0,-1,-1,1,0,0,0
536,2091,hiring,6144,-1,-1,-1,-1,-1,-1,-1,0,0,8,0,-1,-1,1,0,0,0
536,2092,hiring_candidate,7169,7168,-1,-1,0,0,0,0,0,0,484,0,0,0,1,1,0,0
536,2092,hiring,7169,-1,-1,-1,-1,-1,-1,-1,0,0,484,0,-1,-1,1,0,0,0
536,2093,hiring_candidate,7168,7169,-1,-1,1,1,0,0,0,0,200,0,0,0,1,1,0,0
536,2093,hiring,7168,-1,-1,-1,-1,-1,-1,-1,0,0,200,0,-1,-1,1,0,0,0
536,2094,hiring,8193,-1,-1,-1,-1,-1,-1,-1,0,0,536,0,-1,-1,1,0,0,0
536,2095,hiring,8194,-1,-1,-1,-1,-1,-1,-1,0,0,536,0,-1,-1,1,0,0,0
536,2096,hiring,8196,-1,-1,-1,-1,-1,-1,-1,0,0,536,0,-1,-1,1,0,0,0
536,2097,hiring,8197,-1,-1,-1,-1,-1,-1,-1,0,0,536,0,-1,-1,1,0,0,0
536,2098,hiring,8198,-1,-1,-1,-1,-1,-1,-1,0,0,536,0,-1,-1,1,0,0,0
536,2099,hiring,8199,-1,-1,-1,-1,-1,-1,-1,0,0,536,0,-1,-1,1,0,0,0
536,2100,hiring,8200,-1,-1,-1,-1,-1,-1,-1,0,0,536,0,-1,-1,1,0,0,0
536,2101,hiring,8201,-1,-1,-1,-1,-1,-1,-1,0,0,536,0,-1,-1,1,0,0,0
536,2102,hiring,8202,-1,-1,-1,-1,-1,-1,-1,0,0,536,0,-1,-1,1,0,0,0
536,2103,hiring,8203,-1,-1,-1,-1,-1,-1,-1,0,0,536,0,-1,-1,1,0,0,0
536,2104,hiring_candidate,8192,8193,-1,-1,1,1,0,0,0,0,10,0,0,0,1,1,0,0
536,2104,hiring,8192,-1,-1,-1,-1,-1,-1,-1,0,0,10,0,-1,-1,1,0,0,0
536,2105,hiring_candidate,8195,8192,-1,-1,0,0,0,0,0,0,421,0,0,0,1,1,0,0
536,2105,hiring,8195,-1,-1,-1,-1,-1,-1,-1,0,0,421,0,-1,-1,1,0,0,0
536,2106,hiring_candidate,9217,9216,-1,-1,0,0,0,0,0,0,48,0,0,0,1,1,0,0
536,2106,hiring,9217,-1,-1,-1,-1,-1,-1,-1,0,0,48,0,-1,-1,1,0,0,0
536,2107,hiring_candidate,9216,9217,-1,-1,1,1,0,0,0,0,395,0,0,0,1,1,0,0
536,2107,hiring,9216,-1,-1,-1,-1,-1,-1,-1,0,0,395,0,-1,-1,1,0,0,0
536,2108,hiring,10241,-1,-1,-1,-1,-1,-1,-1,0,0,536,0,-1,-1,1,0,0,0
536,2109,hiring,10242,-1,-1,-1,-1,-1,-1,-1,0,0,536,0,-1,-1,1,0,0,0
536,2110,hiring,10244,-1,-1,-1,-1,-1,-1,-1,0,0,536,0,-1,-1,1,0,0,0
536,2111,hiring,10245,-1,-1,-1,-1,-1,-1,-1,0,0,536,0,-1,-1,1,0,0,0
536,2112,hiring,10246,-1,-1,-1,-1,-1,-1,-1,0,0,536,0,-1,-1,1,0,0,0
536,2113,hiring,10247,-1,-1,-1,-1,-1,-1,-1,0,0,536,0,-1,-1,1,0,0,0
536,2114,hiring,10248,-1,-1,-1,-1,-1,-1,-1,0,0,536,0,-1,-1,1,0,0,0
536,2115,hiring,10249,-1,-1,-1,-1,-1,-1,-1,0,0,536,0,-1,-1,1,0,0,0
536,2116,hiring,10250,-1,-1,-1,-1,-1,-1,-1,0,0,536,0,-1,-1,1,0,0,0
536,2117,hiring,10251,-1,-1,-1,-1,-1,-1,-1,0,0,536,0,-1,-1,1,0,0,0
536,2118,hiring_candidate,10240,10240,-1,-1,1,1,0,0,0,0,10,0,0,0,1,1,0,0
536,2118,hiring,10240,-1,-1,-1,-1,-1,-1,-1,0,0,10,0,-1,-1,1,0,0,0
536,2119,hiring_candidate,10243,10241,-1,-1,0,0,0,0,0,0,416,1,0,0,1,1,0,0
536,2119,hiring,10243,-1,-1,-1,-1,-1,-1,-1,0,0,416,1,-1,-1,1,0,0,0
537,2120,hiring,2,-1,-1,-1,-1,-1,-1,-1,0,0,537,0,-1,-1,1,0,0,0
537,2121,hiring,3,-1,-1,-1,-1,-1,-1,-1,0,0,537,0,-1,-1,1,0,0,0
537,2122,hiring,4,-1,-1,-1,-1,-1,-1,-1,0,0,537,0,-1,-1,1,0,0,0
537,2123,hiring,5,-1,-1,-1,-1,-1,-1,-1,0,0,537,0,-1,-1,1,0,0,0
537,2124,hiring,6,-1,-1,-1,-1,-1,-1,-1,0,0,537,0,-1,-1,1,0,0,0
537,2125,hiring,6,-1,-1,-1,-1,-1,-1,-1,0,0,537,0,-1,-1,1,0,0,0
537,2126,hiring,6,-1,-1,-1,-1,-1,-1,-1,0,0,537,0,-1,-1,1,0,0,0
537,2127,hiring,6,-1,-1,-1,-1,-1,-1,-1,0,0,537,0,-1,-1,1,0,0,0
537,2128,hiring,7,-1,-1,-1,-1,-1,-1,-1,0,0,537,0,-1,-1,1,0,0,0
537,2129,hiring,8,-1,-1,-1,-1,-1,-1,-1,0,0,537,0,-1,-1,1,0,0,0
537,2130,hiring,9,-1,-1,-1,-1,-1,-1,-1,0,0,537,0,-1,-1,1,0,0,0
537,2131,hiring,10,-1,-1,-1,-1,-1,-1,-1,0,0,537,0,-1,-1,1,0,0,0
537,2132,hiring,11,-1,-1,-1,-1,-1,-1,-1,0,0,537,0,-1,-1,1,0,0,0
537,2133,hiring_candidate,0,1,-1,-1,1,1,0,0,0,0,262,0,0,0,1,1,0,0
537,2133,hiring,0,-1,-1,-1,-1,-1,-1,-1,0,0,262,0,-1,-1,1,0,0,0
537,2134,hiring_candidate,1,0,-1,-1,0,0,0,0,0,0,258,0,0,0,1,1,0,0
537,2134,hiring,1,-1,-1,-1,-1,-1,-1,-1,0,0,258,0,-1,-1,1,0,0,0
537,2135,resource_type,1024,1025,1,1,1,1,0,0,0,0,430,0,-1,-1,1,1,0,0
537,2135,resource,1024,1025,-1,-1,1,1,0,0,0,0,430,0,-1,-1,1,1,0,0
537,2135,resource_site,1024,1025,26024,26281,1,1,0,0,1,0,430,0,-1,-1,1,1,0,0
537,2136,hiring_candidate,1026,1024,-1,-1,0,0,0,0,0,0,537,0,0,0,1,1,0,0
537,2136,hiring_candidate,1026,1025,-1,-1,0,0,0,0,0,0,537,0,0,0,1,1,0,0
537,2136,hiring,1026,-1,-1,-1,-1,-1,-1,-1,0,0,537,0,-1,-1,1,0,0,0
537,2137,hiring_candidate,1024,1024,-1,-1,1,1,0,0,0,0,430,0,0,0,1,1,0,0
537,2137,hiring,1024,-1,-1,-1,-1,-1,-1,-1,0,0,430,0,-1,-1,1,0,0,0
537,2138,hiring,2049,-1,-1,-1,-1,-1,-1,-1,0,0,537,0,-1,-1,1,0,0,0
537,2139,hiring,2050,-1,-1,-1,-1,-1,-1,-1,0,0,537,0,-1,-1,1,0,0,0
537,2140,hiring,2052,-1,-1,-1,-1,-1,-1,-1,0,0,537,0,-1,-1,1,0,0,0
537,2141,hiring,2053,-1,-1,-1,-1,-1,-1,-1,0,0,537,0,-1,-1,1,0,0,0
537,2142,hiring,2054,-1,-1,-1,-1,-1,-1,-1,0,0,537,0,-1,-1,1,0,0,0
537,2143,hiring,2054,-1,-1,-1,-1,-1,-1,-1,0,0,537,0,-1,-1,1,0,0,0
537,2144,hiring,2054,-1,-1,-1,-1,-1,-1,-1,0,0,537,0,-1,-1,1,0,0,0
537,2145,hiring,2054,-1,-1,-1,-1,-1,-1,-1,0,0,537,0,-1,-1,1,0,0,0
537,2146,hiring,2055,-1,-1,-1,-1,-1,-1,-1,0,0,537,0,-1,-1,1,0,0,0
537,2147,hiring,2056,-1,-1,-1,-1,-1,-1,-1,0,0,537,0,-1,-1,1,0,0,0
537,2148,hiring,2057,-1,-1,-1,-1,-1,-1,-1,0,0,537,0,-1,-1,1,0,0,0
537,2149,hiring,2058,-1,-1,-1,-1,-1,-1,-1,0,0,537,0,-1,-1,1,0,0,0
537,2150,hiring,2059,-1,-1,-1,-1,-1,-1,-1,0,0,537,0,-1,-1,1,0,0,0
537,2151,hiring_candidate,2048,2049,-1,-1,1,1,0,0,0,0,8,0,0,0,1,1,0,0
537,2151,hiring,2048,-1,-1,-1,-1,-1,-1,-1,0,0,8,0,-1,-1,1,0,0,0
537,2152,hiring_candidate,2051,2048,-1,-1,0,0,0,0,0,0,4,0,0,0,1,1,0,0
537,2152,hiring,2051,-1,-1,-1,-1,-1,-1,-1,0,0,4,0,-1,-1,1,0,0,0
537,2153,hiring_candidate,3073,3073,-1,-1,0,0,0,0,0,0,11,0,0,0,1,1,0,0
537,2153,hiring,3073,-1,-1,-1,-1,-1,-1,-1,0,0,11,0,-1,-1,1,0,0,0
537,2154,hiring_candidate,3072,3072,-1,-1,1,1,0,0,0,0,406,0,0,0,1,1,0,0
537,2154,hiring,3072,-1,-1,-1,-1,-1,-1,-1,0,0,406,0,-1,-1,1,0,0,0
537,2155,hiring,4097,-1,-1,-1,-1,-1,-1,-1,0,0,537,0,-1,-1,1,0,0,0
537,2156,hiring,4098,-1,-1,-1,-1,-1,-1,-1,0,0,537,0,-1,-1,1,0,0,0
537,2157,hiring,4099,-1,-1,-1,-1,-1,-1,-1,0,0,537,0,-1,-1,1,0,0,0
537,2158,hiring,4100,-1,-1,-1,-1,-1,-1,-1,0,0,537,0,-1,-1,1,0,0,0
537,2159,hiring,4101,-1,-1,-1,-1,-1,-1,-1,0,0,537,0,-1,-1,1,0,0,0
537,2160,hiring,4101,-1,-1,-1,-1,-1,-1,-1,0,0,537,0,-1,-1,1,0,0,0
537,2161,hiring,4101,-1,-1,-1,-1,-1,-1,-1,0,0,537,0,-1,-1,1,0,0,0
537,2162,hiring,4101,-1,-1,-1,-1,-1,-1,-1,0,0,537,0,-1,-1,1,0,0,0
537,2163,hiring,4102,-1,-1,-1,-1,-1,-1,-1,0,0,537,0,-1,-1,1,0,0,0
537,2164,hiring,4103,-1,-1,-1,-1,-1,-1,-1,0,0,537,0,-1,-1,1,0,0,0
537,2165,hiring,4104,-1,-1,-1,-1,-1,-1,-1,0,0,537,0,-1,-1,1,0,0,0
537,2166,hiring,4105,-1,-1,-1,-1,-1,-1,-1,0,0,537,0,-1,-1,1,0,0,0
537,2167,hiring,4106,-1,-1,-1,-1,-1,-1,-1,0,0,537,0,-1,-1,1,0,0,0
537,2168,hiring,4096,-1,-1,-1,-1,-1,-1,-1,0,0,256,0,-1,-1,1,0,0,0
537,2169,hiring_candidate,5121,5120,-1,-1,0,0,0,0,0,0,11,0,0,0,1,1,0,0
537,2169,hiring,5121,-1,-1,-1,-1,-1,-1,-1,0,0,11,0,-1,-1,1,0,0,0
537,2170,hiring_candidate,5120,5121,-1,-1,1,1,0,0,0,0,71,0,0,0,1,1,0,0
537,2170,hiring,5120,-1,-1,-1,-1,-1,-1,-1,0,0,71,0,-1,-1,1,0,0,0
537,2171,hiring,6145,-1,-1,-1,-1,-1,-1,-1,0,0,537,0,-1,-1,1,0,0,0
537,2172,hiring,6146,-1,-1,-1,-1,-1,-1,-1,0,0,537,0,-1,-1,1,0,0,0
537,2173,hiring,6147,-1,-1,-1,-1,-1,-1,-1,0,0,537,0,-1,-1,1,0,0,0
537,2174,hiring,6148,-1,-1,-1,-1,-1,-1,-1,0,0,537,0,-1,-1,1,0,0,0
537,2175,hiring,6149,-1,-1,-1,-1,-1,-1,-1,0,0,537,0,-1,-1,1,0,0,0
537,2176,hiring,6150,-1,-1,-1,-1,-1,-1,-1,0,0,537,0,-1,-1,1,0,0,0
537,2177,hiring,6150,-1,-1,-1,-1,-1,-1,-1,0,0,537,0,-1,-1,1,0,0,0
537,2178,hiring,6150,-1,-1,-1,-1,-1,-1,-1,0,0,537,0,-1,-1,1,0,0,0
537,2179,hiring,6150,-1,-1,-1,-1,-1,-1,-1,0,0,537,0,-1,-1,1,0,0,0
537,2180,hiring,6151,-1,-1,-1,-1,-1,-1,-1,0,0,537,0,-1,-1,1,0,0,0
537,2181,hiring,6152,-1,-1,-1,-1,-1,-1,-1,0,0,537,0,-1,-1,1,0,0,0
537,2182,hiring,6153,-1,-1,-1,-1,-1,-1,-1,0,0,537,0,-1,-1,1,0,0,0
537,2183,hiring,6154,-1,-1,-1,-1,-1,-1,-1,0,0,537,0,-1,-1,1,0,0,0
537,2184,hiring,6144,-1,-1,-1,-1,-1,-1,-1,0,0,9,0,-1,-1,1,0,0,0
537,2185,hiring_candidate,7169,7168,-1,-1,0,0,0,0,0,0,485,0,0,0,1,1,0,0
537,2185,hiring,7169,-1,-1,-1,-1,-1,-1,-1,0,0,485,0,-1,-1,1,0,0,0
537,2186,hiring_candidate,7168,7169,-1,-1,1,1,0,0,0,0,201,0,0,0,1,1,0,0
537,2186,hiring,7168,-1,-1,-1,-1,-1,-1,-1,0,0,201,0,-1,-1,1,0,0,0
537,2187,hiring,8193,-1,-1,-1,-1,-1,-1,-1,0,0,537,0,-1,-1,1,0,0,0
537,2188,hiring,8194,-1,-1,-1,-1,-1,-1,-1,0,0,537,0,-1,-1,1,0,0,0
537,2189,hiring,8196,-1,-1,-1,-1,-1,-1,-1,0,0,537,0,-1,-1,1,0,0,0
537,2190,hiring,8197,-1,-1,-1,-1,-1,-1,-1,0,0,537,0,-1,-1,1,0,0,0
537,2191,hiring,8198,-1,-1,-1,-1,-1,-1,-1,0,0,537,0,-1,-1,1,0,0,0
537,2192,hiring,8199,-1,-1,-1,-1,-1,-1,-1,0,0,537,0,-1,-1,1,0,0,0
537,2193,hiring,8199,-1,-1,-1,-1,-1,-1,-1,0,0,537,0,-1,-1,1,0,0,0
537,2194,hiring,8199,-1,-1,-1,-1,-1,-1,-1,0,0,537,0,-1,-1,1,0,0,0
537,2195,hiring,8199,-1,-1,-1,-1,-1,-1,-1,0,0,537,0,-1,-1,1,0,0,0
537,2196,hiring,8200,-1,-1,-1,-1,-1,-1,-1,0,0,537,0,-1,-1,1,0,0,0
537,2197,hiring,8201,-1,-1,-1,-1,-1,-1,-1,0,0,537,0,-1,-1,1,0,0,0
537,2198,hiring,8202,-1,-1,-1,-1,-1,-1,-1,0,0,537,0,-1,-1,1,0,0,0
537,2199,hiring,8203,-1,-1,-1,-1,-1,-1,-1,0,0,537,0,-1,-1,1,0,0,0
537,2200,hiring_candidate,8192,8193,-1,-1,1,1,0,0,0,0,11,0,0,0,1,1,0,0
537,2200,hiring,8192,-1,-1,-1,-1,-1,-1,-1,0,0,11,0,-1,-1,1,0,0,0
537,2201,hiring_candidate,8195,8192,-1,-1,0,0,0,0,0,0,422,0,0,0,1,1,0,0
537,2201,hiring,8195,-1,-1,-1,-1,-1,-1,-1,0,0,422,0,-1,-1,1,0,0,0
537,2202,hiring_candidate,9217,9216,-1,-1,0,0,0,0,0,0,49,0,0,0,1,1,0,0
537,2202,hiring,9217,-1,-1,-1,-1,-1,-1,-1,0,0,49,0,-1,-1,1,0,0,0
537,2203,hiring_candidate,9216,9217,-1,-1,1,1,0,0,0,0,396,0,0,0,1,1,0,0
537,2203,hiring,9216,-1,-1,-1,-1,-1,-1,-1,0,0,396,0,-1,-1,1,0,0,0
537,2204,hiring,10241,-1,-1,-1,-1,-1,-1,-1,0,0,537,0,-1,-1,1,0,0,0
537,2205,hiring,10242,-1,-1,-1,-1,-1,-1,-1,0,0,537,0,-1,-1,1,0,0,0
537,2206,hiring,10244,-1,-1,-1,-1,-1,-1,-1,0,0,537,0,-1,-1,1,0,0,0
537,2207,hiring,10245,-1,-1,-1,-1,-1,-1,-1,0,0,537,0,-1,-1,1,0,0,0
537,2208,hiring,10246,-1,-1,-1,-1,-1,-1,-1,0,0,537,0,-1,-1,1,0,0,0
537,2209,hiring,10247,-1,-1,-1,-1,-1,-1,-1,0,0,537,0,-1,-1,1,0,0,0
537,2210,hiring,10247,-1,-1,-1,-1,-1,-1,-1,0,0,537,0,-1,-1,1,0,0,0
537,2211,hiring,10247,-1,-1,-1,-1,-1,-1,-1,0,0,537,0,-1,-1,1,0,0,0
537,2212,hiring,10247,-1,-1,-1,-1,-1,-1,-1,0,0,537,0,-1,-1,1,0,0,0
537,2213,hiring,10248,-1,-1,-1,-1,-1,-1,-1,0,0,537,0,-1,-1,1,0,0,0
537,2214,hiring,10249,-1,-1,-1,-1,-1,-1,-1,0,0,537,0,-1,-1,1,0,0,0
537,2215,hiring,10250,-1,-1,-1,-1,-1,-1,-1,0,0,537,0,-1,-1,1,0,0,0
537,2216,hiring,10251,-1,-1,-1,-1,-1,-1,-1,0,0,537,0,-1,-1,1,0,0,0
537,2217,hiring_candidate,10240,10240,-1,-1,1,1,0,0,0,0,11,0,0,0,1,1,0,0
537,2217,hiring,10240,-1,-1,-1,-1,-1,-1,-1,0,0,11,0,-1,-1,1,0,0,0
537,2218,hiring_candidate,10243,10241,-1,-1,0,0,0,0,0,0,4,0,0,0,1,1,0,0
537,2218,hiring,10243,-1,-1,-1,-1,-1,-1,-1,0,0,4,0,-1,-1,1,0,0,0
538,2219,hiring,2,-1,-1,-1,-1,-1,-1,-1,0,0,538,0,-1,-1,1,0,0,0
538,2220,hiring,3,-1,-1,-1,-1,-1,-1,-1,0,0,538,0,-1,-1,1,0,0,0
538,2221,hiring,4,-1,-1,-1,-1,-1,-1,-1,0,0,538,0,-1,-1,1,0,0,0
538,2222,hiring,5,-1,-1,-1,-1,-1,-1,-1,0,0,538,0,-1,-1,1,0,0,0
538,2223,hiring,6,-1,-1,-1,-1,-1,-1,-1,0,0,538,0,-1,-1,1,0,0,0
538,2224,hiring,7,-1,-1,-1,-1,-1,-1,-1,0,0,538,0,-1,-1,1,0,0,0
538,2225,hiring,8,-1,-1,-1,-1,-1,-1,-1,0,0,538,0,-1,-1,1,0,0,0
538,2226,hiring,9,-1,-1,-1,-1,-1,-1,-1,0,0,538,0,-1,-1,1,0,0,0
538,2227,hiring,10,-1,-1,-1,-1,-1,-1,-1,0,0,538,0,-1,-1,1,0,0,0
538,2228,hiring,11,-1,-1,-1,-1,-1,-1,-1,0,0,538,0,-1,-1,1,0,0,0
538,2229,hiring_candidate,0,1,-1,-1,1,1,0,0,0,0,263,0,0,0,1,1,0,0
538,2229,hiring,0,-1,-1,-1,-1,-1,-1,-1,0,0,263,0,-1,-1,1,0,0,0
538,2230,hiring_candidate,1,0,-1,-1,0,0,0,0,0,0,259,0,0,0,1,1,0,0
538,2230,hiring,1,-1,-1,-1,-1,-1,-1,-1,0,0,259,0,-1,-1,1,0,0,0
538,2231,hiring_candidate,1026,1024,-1,-1,0,0,0,0,0,0,538,0,0,0,1,1,0,0
538,2231,hiring_candidate,1026,1025,-1,-1,0,0,0,0,0,0,538,0,0,0,1,1,0,0
538,2231,hiring,1026,-1,-1,-1,-1,-1,-1,-1,0,0,538,0,-1,-1,1,0,0,0
538,2232,hiring_candidate,1024,1024,-1,-1,1,1,0,0,0,0,431,0,0,0,1,1,0,0
538,2232,hiring,1024,-1,-1,-1,-1,-1,-1,-1,0,0,431,0,-1,-1,1,0,0,0
538,2233,hiring,2049,-1,-1,-1,-1,-1,-1,-1,0,0,538,0,-1,-1,1,0,0,0
538,2234,hiring,2050,-1,-1,-1,-1,-1,-1,-1,0,0,538,0,-1,-1,1,0,0,0
538,2235,hiring,2052,-1,-1,-1,-1,-1,-1,-1,0,0,538,0,-1,-1,1,0,0,0
538,2236,hiring,2053,-1,-1,-1,-1,-1,-1,-1,0,0,538,0,-1,-1,1,0,0,0
538,2237,hiring,2054,-1,-1,-1,-1,-1,-1,-1,0,0,538,0,-1,-1,1,0,0,0
538,2238,hiring,2055,-1,-1,-1,-1,-1,-1,-1,0,0,538,0,-1,-1,1,0,0,0
538,2239,hiring,2056,-1,-1,-1,-1,-1,-1,-1,0,0,538,0,-1,-1,1,0,0,0
538,2240,hiring,2057,-1,-1,-1,-1,-1,-1,-1,0,0,538,0,-1,-1,1,0,0,0
538,2241,hiring,2058,-1,-1,-1,-1,-1,-1,-1,0,0,538,0,-1,-1,1,0,0,0
538,2242,hiring,2059,-1,-1,-1,-1,-1,-1,-1,0,0,538,0,-1,-1,1,0,0,0
538,2243,hiring_candidate,2048,2049,-1,-1,1,1,0,0,0,0,9,0,0,0,1,1,0,0
538,2243,hiring,2048,-1,-1,-1,-1,-1,-1,-1,0,0,9,0,-1,-1,1,0,0,0
538,2244,hiring_candidate,2051,2048,-1,-1,0,0,0,0,0,0,5,0,0,0,1,1,0,0
538,2244,hiring,2051,-1,-1,-1,-1,-1,-1,-1,0,0,5,0,-1,-1,1,0,0,0
538,2245,hiring_candidate,3073,3073,-1,-1,0,0,0,0,0,0,12,0,0,0,1,1,0,0
538,2245,hiring,3073,-1,-1,-1,-1,-1,-1,-1,0,0,12,0,-1,-1,1,0,0,0
538,2246,hiring_candidate,3072,3072,-1,-1,1,1,0,0,0,0,407,0,0,0,1,1,0,0
538,2246,hiring,3072,-1,-1,-1,-1,-1,-1,-1,0,0,407,0,-1,-1,1,0,0,0
538,2247,hiring,4097,-1,-1,-1,-1,-1,-1,-1,0,0,538,0,-1,-1,1,0,0,0
538,2248,hiring,4098,-1,-1,-1,-1,-1,-1,-1,0,0,538,0,-1,-1,1,0,0,0
538,2249,hiring,4099,-1,-1,-1,-1,-1,-1,-1,0,0,538,0,-1,-1,1,0,0,0
538,2250,hiring,4100,-1,-1,-1,-1,-1,-1,-1,0,0,538,0,-1,-1,1,0,0,0
538,2251,hiring,4101,-1,-1,-1,-1,-1,-1,-1,0,0,538,0,-1,-1,1,0,0,0
538,2252,hiring,4102,-1,-1,-1,-1,-1,-1,-1,0,0,538,0,-1,-1,1,0,0,0
538,2253,hiring,4103,-1,-1,-1,-1,-1,-1,-1,0,0,538,0,-1,-1,1,0,0,0
538,2254,hiring,4104,-1,-1,-1,-1,-1,-1,-1,0,0,538,0,-1,-1,1,0,0,0
538,2255,hiring,4105,-1,-1,-1,-1,-1,-1,-1,0,0,538,0,-1,-1,1,0,0,0
538,2256,hiring,4106,-1,-1,-1,-1,-1,-1,-1,0,0,538,0,-1,-1,1,0,0,0
538,2257,hiring,4096,-1,-1,-1,-1,-1,-1,-1,0,0,257,0,-1,-1,1,0,0,0
538,2258,hiring_candidate,5121,5120,-1,-1,0,0,0,0,0,0,12,0,0,0,1,1,0,0
538,2258,hiring,5121,-1,-1,-1,-1,-1,-1,-1,0,0,12,0,-1,-1,1,0,0,0
538,2259,hiring_candidate,5120,5121,-1,-1,1,1,0,0,0,0,72,0,0,0,1,1,0,0
538,2259,hiring,5120,-1,-1,-1,-1,-1,-1,-1,0,0,72,0,-1,-1,1,0,0,0
538,2260,hiring,6145,-1,-1,-1,-1,-1,-1,-1,0,0,538,0,-1,-1,1,0,0,0
538,2261,hiring,6146,-1,-1,-1,-1,-1,-1,-1,0,0,538,0,-1,-1,1,0,0,0
538,2262,hiring,6147,-1,-1,-1,-1,-1,-1,-1,0,0,538,0,-1,-1,1,0,0,0
538,2263,hiring,6148,-1,-1,-1,-1,-1,-1,-1,0,0,538,0,-1,-1,1,0,0,0
538,2264,hiring,6149,-1,-1,-1,-1,-1,-1,-1,0,0,538,0,-1,-1,1,0,0,0
538,2265,hiring,6150,-1,-1,-1,-1,-1,-1,-1,0,0,538,0,-1,-1,1,0,0,0
538,2266,hiring,6151,-1,-1,-1,-1,-1,-1,-1,0,0,538,0,-1,-1,1,0,0,0
538,2267,hiring,6152,-1,-1,-1,-1,-1,-1,-1,0,0,538,0,-1,-1,1,0,0,0
538,2268,hiring,6153,-1,-1,-1,-1,-1,-1,-1,0,0,538,0,-1,-1,1,0,0,0
538,2269,hiring,6154,-1,-1,-1,-1,-1,-1,-1,0,0,538,0,-1,-1,1,0,0,0
538,2270,hiring,6144,-1,-1,-1,-1,-1,-1,-1,0,0,10,0,-1,-1,1,0,0,0
538,2271,hiring_candidate,7169,7168,-1,-1,0,0,0,0,0,0,486,0,0,0,1,1,0,0
538,2271,hiring,7169,-1,-1,-1,-1,-1,-1,-1,0,0,486,0,-1,-1,1,0,0,0
538,2272,hiring_candidate,7168,7169,-1,-1,1,1,0,0,0,0,202,0,0,0,1,1,0,0
538,2272,hiring,7168,-1,-1,-1,-1,-1,-1,-1,0,0,202,0,-1,-1,1,0,0,0
538,2273,hiring,8193,-1,-1,-1,-1,-1,-1,-1,0,0,538,0,-1,-1,1,0,0,0
538,2274,hiring,8194,-1,-1,-1,-1,-1,-1,-1,0,0,538,0,-1,-1,1,0,0,0
538,2275,hiring,8196,-1,-1,-1,-1,-1,-1,-1,0,0,538,0,-1,-1,1,0,0,0
538,2276,hiring,8197,-1,-1,-1,-1,-1,-1,-1,0,0,538,0,-1,-1,1,0,0,0
538,2277,hiring,8198,-1,-1,-1,-1,-1,-1,-1,0,0,538,0,-1,-1,1,0,0,0
538,2278,hiring,8199,-1,-1,-1,-1,-1,-1,-1,0,0,538,0,-1,-1,1,0,0,0
538,2279,hiring,8200,-1,-1,-1,-1,-1,-1,-1,0,0,538,0,-1,-1,1,0,0,0
538,2280,hiring,8201,-1,-1,-1,-1,-1,-1,-1,0,0,538,0,-1,-1,1,0,0,0
538,2281,hiring,8202,-1,-1,-1,-1,-1,-1,-1,0,0,538,0,-1,-1,1,0,0,0
538,2282,hiring,8203,-1,-1,-1,-1,-1,-1,-1,0,0,538,0,-1,-1,1,0,0,0
538,2283,hiring_candidate,8192,8193,-1,-1,1,1,0,0,0,0,12,0,0,0,1,1,0,0
538,2283,hiring,8192,-1,-1,-1,-1,-1,-1,-1,0,0,12,0,-1,-1,1,0,0,0
538,2284,hiring_candidate,8195,8192,-1,-1,0,0,0,0,0,0,423,0,0,0,1,1,0,0
538,2284,hiring,8195,-1,-1,-1,-1,-1,-1,-1,0,0,423,0,-1,-1,1,0,0,0
538,2285,hiring_candidate,9217,9216,-1,-1,0,0,0,0,0,0,50,0,0,0,1,1,0,0
538,2285,hiring,9217,-1,-1,-1,-1,-1,-1,-1,0,0,50,0,-1,-1,1,0,0,0
538,2286,hiring_candidate,9216,9217,-1,-1,1,1,0,0,0,0,397,0,0,0,1,1,0,0
538,2286,hiring,9216,-1,-1,-1,-1,-1,-1,-1,0,0,397,0,-1,-1,1,0,0,0
538,2287,hiring,10241,-1,-1,-1,-1,-1,-1,-1,0,0,538,0,-1,-1,1,0,0,0
538,2288,hiring,10242,-1,-1,-1,-1,-1,-1,-1,0,0,538,0,-1,-1,1,0,0,0
538,2289,hiring,10244,-1,-1,-1,-1,-1,-1,-1,0,0,538,0,-1,-1,1,0,0,0
538,2290,hiring,10245,-1,-1,-1,-1,-1,-1,-1,0,0,538,0,-1,-1,1,0,0,0
538,2291,hiring,10246,-1,-1,-1,-1,-1,-1,-1,0,0,538,0,-1,-1,1,0,0,0
538,2292,hiring,10247,-1,-1,-1,-1,-1,-1,-1,0,0,538,0,-1,-1,1,0,0,0
538,2293,hiring,10248,-1,-1,-1,-1,-1,-1,-1,0,0,538,0,-1,-1,1,0,0,0
538,2294,hiring,10249,-1,-1,-1,-1,-1,-1,-1,0,0,538,0,-1,-1,1,0,0,0
538,2295,hiring,10250,-1,-1,-1,-1,-1,-1,-1,0,0,538,0,-1,-1,1,0,0,0
538,2296,hiring,10251,-1,-1,-1,-1,-1,-1,-1,0,0,538,0,-1,-1,1,0,0,0
538,2297,hiring_candidate,10240,10240,-1,-1,1,1,0,0,0,0,12,0,0,0,1,1,0,0
538,2297,hiring,10240,-1,-1,-1,-1,-1,-1,-1,0,0,12,0,-1,-1,1,0,0,0
538,2298,hiring_candidate,10243,10241,-1,-1,0,0,0,0,0,0,5,0,0,0,1,1,0,0
538,2298,hiring,10243,-1,-1,-1,-1,-1,-1,-1,0,0,5,0,-1,-1,1,0,0,0
539,2299,hiring,2,-1,-1,-1,-1,-1,-1,-1,0,0,539,0,-1,-1,1,0,0,0
539,2300,hiring,3,-1,-1,-1,-1,-1,-1,-1,0,0,539,0,-1,-1,1,0,0,0
539,2301,hiring,4,-1,-1,-1,-1,-1,-1,-1,0,0,539,0,-1,-1,1,0,0,0
539,2302,hiring,5,-1,-1,-1,-1,-1,-1,-1,0,0,539,0,-1,-1,1,0,0,0
539,2303,hiring,6,-1,-1,-1,-1,-1,-1,-1,0,0,539,0,-1,-1,1,0,0,0
539,2304,hiring,7,-1,-1,-1,-1,-1,-1,-1,0,0,539,0,-1,-1,1,0,0,0
539,2305,hiring,7,-1,-1,-1,-1,-1,-1,-1,0,0,539,0,-1,-1,1,0,0,0
539,2306,hiring,7,-1,-1,-1,-1,-1,-1,-1,0,0,539,0,-1,-1,1,0,0,0
539,2307,hiring,7,-1,-1,-1,-1,-1,-1,-1,0,0,539,0,-1,-1,1,0,0,0
539,2308,hiring,8,-1,-1,-1,-1,-1,-1,-1,0,0,539,0,-1,-1,1,0,0,0
539,2309,hiring,9,-1,-1,-1,-1,-1,-1,-1,0,0,539,0,-1,-1,1,0,0,0
539,2310,hiring,10,-1,-1,-1,-1,-1,-1,-1,0,0,539,0,-1,-1,1,0,0,0
539,2311,hiring,11,-1,-1,-1,-1,-1,-1,-1,0,0,539,0,-1,-1,1,0,0,0
539,2312,hiring_candidate,0,1,-1,-1,1,1,0,0,0,0,264,0,0,0,1,1,0,0
539,2312,hiring,0,-1,-1,-1,-1,-1,-1,-1,0,0,264,0,-1,-1,1,0,0,0
539,2313,hiring_candidate,1,0,-1,-1,0,0,0,0,0,0,260,0,0,0,1,1,0,0
539,2313,hiring,1,-1,-1,-1,-1,-1,-1,-1,0,0,260,0,-1,-1,1,0,0,0
539,2314,hiring_candidate,1026,1024,-1,-1,0,0,0,0,0,0,539,0,0,0,1,1,0,0
539,2314,hiring_candidate,1026,1025,-1,-1,0,0,0,0,0,0,539,0,0,0,1,1,0,0
539,2314,hiring,1026,-1,-1,-1,-1,-1,-1,-1,0,0,539,0,-1,-1,1,0,0,0
539,2315,hiring_candidate,1024,1024,-1,-1,1,1,0,0,0,0,432,0,0,0,1,1,0,0
539,2315,hiring,1024,-1,-1,-1,-1,-1,-1,-1,0,0,432,0,-1,-1,1,0,0,0
539,2316,hiring,2049,-1,-1,-1,-1,-1,-1,-1,0,0,539,0,-1,-1,1,0,0,0
539,2317,hiring,2050,-1,-1,-1,-1,-1,-1,-1,0,0,539,0,-1,-1,1,0,0,0
539,2318,hiring,2052,-1,-1,-1,-1,-1,-1,-1,0,0,539,0,-1,-1,1,0,0,0
539,2319,hiring,2053,-1,-1,-1,-1,-1,-1,-1,0,0,539,0,-1,-1,1,0,0,0
539,2320,hiring,2054,-1,-1,-1,-1,-1,-1,-1,0,0,539,0,-1,-1,1,0,0,0
539,2321,hiring,2055,-1,-1,-1,-1,-1,-1,-1,0,0,539,0,-1,-1,1,0,0,0
539,2322,hiring,2055,-1,-1,-1,-1,-1,-1,-1,0,0,539,0,-1,-1,1,0,0,0
539,2323,hiring,2055,-1,-1,-1,-1,-1,-1,-1,0,0,539,0,-1,-1,1,0,0,0
539,2324,hiring,2055,-1,-1,-1,-1,-1,-1,-1,0,0,539,0,-1,-1,1,0,0,0
539,2325,hiring,2056,-1,-1,-1,-1,-1,-1,-1,0,0,539,0,-1,-1,1,0,0,0
539,2326,hiring,2057,-1,-1,-1,-1,-1,-1,-1,0,0,539,0,-1,-1,1,0,0,0
539,2327,hiring,2058,-1,-1,-1,-1,-1,-1,-1,0,0,539,0,-1,-1,1,0,0,0
539,2328,hiring,2059,-1,-1,-1,-1,-1,-1,-1,0,0,539,0,-1,-1,1,0,0,0
539,2329,hiring_candidate,2048,2049,-1,-1,1,1,0,0,0,0,10,0,0,0,1,1,0,0
539,2329,hiring,2048,-1,-1,-1,-1,-1,-1,-1,0,0,10,0,-1,-1,1,0,0,0
539,2330,hiring_candidate,2051,2048,-1,-1,0,0,0,0,0,0,6,0,0,0,1,1,0,0
539,2330,hiring,2051,-1,-1,-1,-1,-1,-1,-1,0,0,6,0,-1,-1,1,0,0,0
539,2331,hiring_candidate,3073,3073,-1,-1,0,0,0,0,0,0,13,0,0,0,1,1,0,0
539,2331,hiring,3073,-1,-1,-1,-1,-1,-1,-1,0,0,13,0,-1,-1,1,0,0,0
539,2332,hiring_candidate,3072,3072,-1,-1,1,1,0,0,0,0,408,0,0,0,1,1,0,0
539,2332,hiring,3072,-1,-1,-1,-1,-1,-1,-1,0,0,408,0,-1,-1,1,0,0,0
539,2333,hiring,4097,-1,-1,-1,-1,-1,-1,-1,0,0,539,0,-1,-1,1,0,0,0
539,2334,hiring,4098,-1,-1,-1,-1,-1,-1,-1,0,0,539,0,-1,-1,1,0,0,0
539,2335,hiring,4099,-1,-1,-1,-1,-1,-1,-1,0,0,539,0,-1,-1,1,0,0,0
539,2336,hiring,4100,-1,-1,-1,-1,-1,-1,-1,0,0,539,0,-1,-1,1,0,0,0
539,2337,hiring,4101,-1,-1,-1,-1,-1,-1,-1,0,0,539,0,-1,-1,1,0,0,0
539,2338,hiring,4102,-1,-1,-1,-1,-1,-1,-1,0,0,539,0,-1,-1,1,0,0,0
539,2339,hiring,4102,-1,-1,-1,-1,-1,-1,-1,0,0,539,0,-1,-1,1,0,0,0
539,2340,hiring,4102,-1,-1,-1,-1,-1,-1,-1,0,0,539,0,-1,-1,1,0,0,0
539,2341,hiring,4102,-1,-1,-1,-1,-1,-1,-1,0,0,539,0,-1,-1,1,0,0,0
539,2342,hiring,4103,-1,-1,-1,-1,-1,-1,-1,0,0,539,0,-1,-1,1,0,0,0
539,2343,hiring,4104,-1,-1,-1,-1,-1,-1,-1,0,0,539,0,-1,-1,1,0,0,0
539,2344,hiring,4105,-1,-1,-1,-1,-1,-1,-1,0,0,539,0,-1,-1,1,0,0,0
539,2345,hiring,4106,-1,-1,-1,-1,-1,-1,-1,0,0,539,0,-1,-1,1,0,0,0
539,2346,hiring,4096,-1,-1,-1,-1,-1,-1,-1,0,0,258,0,-1,-1,1,0,0,0
539,2347,hiring_candidate,5121,5120,-1,-1,0,0,0,0,0,0,13,0,0,0,1,1,0,0
539,2347,hiring,5121,-1,-1,-1,-1,-1,-1,-1,0,0,13,0,-1,-1,1,0,0,0
539,2348,hiring_candidate,5120,5121,-1,-1,1,1,0,0,0,0,73,0,0,0,1,1,0,0
539,2348,hiring,5120,-1,-1,-1,-1,-1,-1,-1,0,0,73,0,-1,-1,1,0,0,0
539,2349,hiring,6145,-1,-1,-1,-1,-1,-1,-1,0,0,539,0,-1,-1,1,0,0,0
539,2350,hiring,6146,-1,-1,-1,-1,-1,-1,-1,0,0,539,0,-1,-1,1,0,0,0
539,2351,hiring,6147,-1,-1,-1,-1,-1,-1,-1,0,0,539,0,-1,-1,1,0,0,0
539,2352,hiring,6148,-1,-1,-1,-1,-1,-1,-1,0,0,539,0,-1,-1,1,0,0,0
539,2353,hiring,6149,-1,-1,-1,-1,-1,-1,-1,0,0,539,0,-1,-1,1,0,0,0
539,2354,hiring,6150,-1,-1,-1,-1,-1,-1,-1,0,0,539,0,-1,-1,1,0,0,0
539,2355,hiring,6151,-1,-1,-1,-1,-1,-1,-1,0,0,539,0,-1,-1,1,0,0,0
539,2356,hiring,6152,-1,-1,-1,-1,-1,-1,-1,0,0,539,0,-1,-1,1,0,0,0
539,2357,hiring,6153,-1,-1,-1,-1,-1,-1,-1,0,0,539,0,-1,-1,1,0,0,0
539,2358,hiring,6154,-1,-1,-1,-1,-1,-1,-1,0,0,539,0,-1,-1,1,0,0,0
539,2359,hiring,6144,-1,-1,-1,-1,-1,-1,-1,0,0,11,0,-1,-1,1,0,0,0
539,2360,hiring_candidate,7169,7168,-1,-1,0,0,0,0,0,0,487,0,0,0,1,1,0,0
539,2360,hiring,7169,-1,-1,-1,-1,-1,-1,-1,0,0,487,0,-1,-1,1,0,0,0
539,2361,hiring_candidate,7168,7169,-1,-1,1,1,0,0,0,0,203,0,0,0,1,1,0,0
539,2361,hiring,7168,-1,-1,-1,-1,-1,-1,-1,0,0,203,0,-1,-1,1,0,0,0
539,2362,hiring,8193,-1,-1,-1,-1,-1,-1,-1,0,0,539,0,-1,-1,1,0,0,0
539,2363,hiring,8194,-1,-1,-1,-1,-1,-1,-1,0,0,539,0,-1,-1,1,0,0,0
539,2364,hiring,8196,-1,-1,-1,-1,-1,-1,-1,0,0,539,0,-1,-1,1,0,0,0
539,2365,hiring,8197,-1,-1,-1,-1,-1,-1,-1,0,0,539,0,-1,-1,1,0,0,0
539,2366,hiring,8198,-1,-1,-1,-1,-1,-1,-1,0,0,539,0,-1,-1,1,0,0,0
539,2367,hiring,8199,-1,-1,-1,-1,-1,-1,-1,0,0,539,0,-1,-1,1,0,0,0
539,2368,hiring,8200,-1,-1,-1,-1,-1,-1,-1,0,0,539,0,-1,-1,1,0,0,0
539,2369,hiring,8200,-1,-1,-1,-1,-1,-1,-1,0,0,539,0,-1,-1,1,0,0,0
539,2370,hiring,8200,-1,-1,-1,-1,-1,-1,-1,0,0,539,0,-1,-1,1,0,0,0
539,2371,hiring,8200,-1,-1,-1,-1,-1,-1,-1,0,0,539,0,-1,-1,1,0,0,0
539,2372,hiring,8201,-1,-1,-1,-1,-1,-1,-1,0,0,539,0,-1,-1,1,0,0,0
539,2373,hiring,8202,-1,-1,-1,-1,-1,-1,-1,0,0,539,0,-1,-1,1,0,0,0
539,2374,hiring,8203,-1,-1,-1,-1,-1,-1,-1,0,0,539,0,-1,-1,1,0,0,0
539,2375,hiring_candidate,8192,8193,-1,-1,1,1,0,0,0,0,13,0,0,0,1,1,0,0
539,2375,hiring,8192,-1,-1,-1,-1,-1,-1,-1,0,0,13,0,-1,-1,1,0,0,0
539,2376,hiring_candidate,8195,8192,-1,-1,0,0,0,0,0,0,424,0,0,0,1,1,0,0
539,2376,hiring,8195,-1,-1,-1,-1,-1,-1,-1,0,0,424,0,-1,-1,1,0,0,0
539,2377,hiring_candidate,9217,9216,-1,-1,0,0,0,0,0,0,51,0,0,0,1,1,0,0
539,2377,hiring,9217,-1,-1,-1,-1,-1,-1,-1,0,0,51,0,-1,-1,1,0,0,0
539,2378,hiring_candidate,9216,9217,-1,-1,1,1,0,0,0,0,398,0,0,0,1,1,0,0
539,2378,hiring,9216,-1,-1,-1,-1,-1,-1,-1,0,0,398,0,-1,-1,1,0,0,0
539,2379,hiring,10241,-1,-1,-1,-1,-1,-1,-1,0,0,539,0,-1,-1,1,0,0,0
539,2380,hiring,10242,-1,-1,-1,-1,-1,-1,-1,0,0,539,0,-1,-1,1,0,0,0
539,2381,hiring,10244,-1,-1,-1,-1,-1,-1,-1,0,0,539,0,-1,-1,1,0,0,0
539,2382,hiring,10245,-1,-1,-1,-1,-1,-1,-1,0,0,539,0,-1,-1,1,0,0,0
539,2383,hiring,10246,-1,-1,-1,-1,-1,-1,-1,0,0,539,0,-1,-1,1,0,0,0
539,2384,hiring,10247,-1,-1,-1,-1,-1,-1,-1,0,0,539,0,-1,-1,1,0,0,0
539,2385,hiring,10248,-1,-1,-1,-1,-1,-1,-1,0,0,539,0,-1,-1,1,0,0,0
539,2386,hiring,10248,-1,-1,-1,-1,-1,-1,-1,0,0,539,0,-1,-1,1,0,0,0
539,2387,hiring,10248,-1,-1,-1,-1,-1,-1,-1,0,0,539,0,-1,-1,1,0,0,0
539,2388,hiring,10248,-1,-1,-1,-1,-1,-1,-1,0,0,539,0,-1,-1,1,0,0,0
539,2389,hiring,10249,-1,-1,-1,-1,-1,-1,-1,0,0,539,0,-1,-1,1,0,0,0
539,2390,hiring,10250,-1,-1,-1,-1,-1,-1,-1,0,0,539,0,-1,-1,1,0,0,0
539,2391,hiring,10251,-1,-1,-1,-1,-1,-1,-1,0,0,539,0,-1,-1,1,0,0,0
539,2392,hiring_candidate,10240,10240,-1,-1,1,1,0,0,0,0,13,0,0,0,1,1,0,0
539,2392,hiring,10240,-1,-1,-1,-1,-1,-1,-1,0,0,13,0,-1,-1,1,0,0,0
539,2393,hiring_candidate,10243,10241,-1,-1,0,0,0,0,0,0,6,0,0,0,1,1,0,0
539,2393,hiring,10243,-1,-1,-1,-1,-1,-1,-1,0,0,6,0,-1,-1,1,0,0,0
540,2394,hiring,2,-1,-1,-1,-1,-1,-1,-1,0,0,540,0,-1,-1,1,0,0,0
540,2395,hiring,3,-1,-1,-1,-1,-1,-1,-1,0,0,540,0,-1,-1,1,0,0,0
540,2396,hiring,4,-1,-1,-1,-1,-1,-1,-1,0,0,540,0,-1,-1,1,0,0,0
540,2397,hiring,5,-1,-1,-1,-1,-1,-1,-1,0,0,540,0,-1,-1,1,0,0,0
540,2398,hiring,6,-1,-1,-1,-1,-1,-1,-1,0,0,540,0,-1,-1,1,0,0,0
540,2399,hiring,7,-1,-1,-1,-1,-1,-1,-1,0,0,540,0,-1,-1,1,0,0,0
540,2400,hiring,8,-1,-1,-1,-1,-1,-1,-1,0,0,540,0,-1,-1,1,0,0,0
540,2401,hiring,9,-1,-1,-1,-1,-1,-1,-1,0,0,540,0,-1,-1,1,0,0,0
540,2402,hiring,10,-1,-1,-1,-1,-1,-1,-1,0,0,540,0,-1,-1,1,0,0,0
540,2403,hiring,11,-1,-1,-1,-1,-1,-1,-1,0,0,540,0,-1,-1,1,0,0,0
540,2404,hiring_candidate,0,1,-1,-1,1,1,0,0,0,0,265,0,0,0,1,1,0,0
540,2404,hiring,0,-1,-1,-1,-1,-1,-1,-1,0,0,265,0,-1,-1,1,0,0,0
540,2405,hiring_candidate,1,0,-1,-1,0,0,0,0,0,0,261,0,0,0,1,1,0,0
540,2405,hiring,1,-1,-1,-1,-1,-1,-1,-1,0,0,261,0,-1,-1,1,0,0,0
540,2406,hiring_candidate,1026,1024,-1,-1,0,0,0,0,0,0,540,0,0,0,1,1,0,0
540,2406,hiring_candidate,1026,1025,-1,-1,0,0,0,0,0,0,540,0,0,0,1,1,0,0
540,2406,hiring,1026,-1,-1,-1,-1,-1,-1,-1,0,0,540,0,-1,-1,1,0,0,0
540,2407,hiring_candidate,1024,1024,-1,-1,1,1,0,0,0,0,433,0,0,0,1,1,0,0
540,2407,hiring,1024,-1,-1,-1,-1,-1,-1,-1,0,0,433,0,-1,-1,1,0,0,0
540,2408,hiring,2049,-1,-1,-1,-1,-1,-1,-1,0,0,540,0,-1,-1,1,0,0,0
540,2409,hiring,2050,-1,-1,-1,-1,-1,-1,-1,0,0,540,0,-1,-1,1,0,0,0
540,2410,hiring,2052,-1,-1,-1,-1,-1,-1,-1,0,0,540,0,-1,-1,1,0,0,0
540,2411,hiring,2053,-1,-1,-1,-1,-1,-1,-1,0,0,540,0,-1,-1,1,0,0,0
540,2412,hiring,2054,-1,-1,-1,-1,-1,-1,-1,0,0,540,0,-1,-1,1,0,0,0
540,2413,hiring,2055,-1,-1,-1,-1,-1,-1,-1,0,0,540,0,-1,-1,1,0,0,0
540,2414,hiring,2056,-1,-1,-1,-1,-1,-1,-1,0,0,540,0,-1,-1,1,0,0,0
540,2415,hiring,2057,-1,-1,-1,-1,-1,-1,-1,0,0,540,0,-1,-1,1,0,0,0
540,2416,hiring,2058,-1,-1,-1,-1,-1,-1,-1,0,0,540,0,-1,-1,1,0,0,0
540,2417,hiring,2059,-1,-1,-1,-1,-1,-1,-1,0,0,540,0,-1,-1,1,0,0,0
540,2418,hiring_candidate,2048,2049,-1,-1,1,1,0,0,0,0,11,0,0,0,1,1,0,0
540,2418,hiring,2048,-1,-1,-1,-1,-1,-1,-1,0,0,11,0,-1,-1,1,0,0,0
540,2419,hiring_candidate,2051,2048,-1,-1,0,0,0,0,0,0,7,0,0,0,1,1,0,0
540,2419,hiring,2051,-1,-1,-1,-1,-1,-1,-1,0,0,7,0,-1,-1,1,0,0,0
540,2420,hiring_candidate,3073,3073,-1,-1,0,0,0,0,0,0,14,0,0,0,1,1,0,0
540,2420,hiring,3073,-1,-1,-1,-1,-1,-1,-1,0,0,14,0,-1,-1,1,0,0,0
540,2421,hiring_candidate,3072,3072,-1,-1,1,1,0,0,0,0,409,0,0,0,1,1,0,0
540,2421,hiring,3072,-1,-1,-1,-1,-1,-1,-1,0,0,409,0,-1,-1,1,0,0,0
540,2422,hiring,4097,-1,-1,-1,-1,-1,-1,-1,0,0,540,0,-1,-1,1,0,0,0
540,2423,hiring,4098,-1,-1,-1,-1,-1,-1,-1,0,0,540,0,-1,-1,1,0,0,0
540,2424,hiring,4099,-1,-1,-1,-1,-1,-1,-1,0,0,540,0,-1,-1,1,0,0,0
540,2425,hiring,4100,-1,-1,-1,-1,-1,-1,-1,0,0,540,0,-1,-1,1,0,0,0
540,2426,hiring,4101,-1,-1,-1,-1,-1,-1,-1,0,0,540,0,-1,-1,1,0,0,0
540,2427,hiring,4102,-1,-1,-1,-1,-1,-1,-1,0,0,540,0,-1,-1,1,0,0,0
540,2428,hiring,4103,-1,-1,-1,-1,-1,-1,-1,0,0,540,0,-1,-1,1,0,0,0
540,2429,hiring,4104,-1,-1,-1,-1,-1,-1,-1,0,0,540,0,-1,-1,1,0,0,0
540,2430,hiring,4105,-1,-1,-1,-1,-1,-1,-1,0,0,540,0,-1,-1,1,0,0,0
540,2431,hiring,4106,-1,-1,-1,-1,-1,-1,-1,0,0,540,0,-1,-1,1,0,0,0
540,2432,hiring,4096,-1,-1,-1,-1,-1,-1,-1,0,0,259,0,-1,-1,1,0,0,0
540,2433,hiring_candidate,5121,5120,-1,-1,0,0,0,0,0,0,14,0,0,0,1,1,0,0
540,2433,hiring,5121,-1,-1,-1,-1,-1,-1,-1,0,0,14,0,-1,-1,1,0,0,0
540,2434,hiring_candidate,5120,5121,-1,-1,1,1,0,0,0,0,74,0,0,0,1,1,0,0
540,2434,hiring,5120,-1,-1,-1,-1,-1,-1,-1,0,0,74,0,-1,-1,1,0,0,0
540,2435,hiring,6145,-1,-1,-1,-1,-1,-1,-1,0,0,540,0,-1,-1,1,0,0,0
540,2436,hiring,6146,-1,-1,-1,-1,-1,-1,-1,0,0,540,0,-1,-1,1,0,0,0
540,2437,hiring,6147,-1,-1,-1,-1,-1,-1,-1,0,0,540,0,-1,-1,1,0,0,0
540,2438,hiring,6148,-1,-1,-1,-1,-1,-1,-1,0,0,540,0,-1,-1,1,0,0,0
540,2439,hiring,6149,-1,-1,-1,-1,-1,-1,-1,0,0,540,0,-1,-1,1,0,0,0
540,2440,hiring,6150,-1,-1,-1,-1,-1,-1,-1,0,0,540,0,-1,-1,1,0,0,0
540,2441,hiring,6151,-1,-1,-1,-1,-1,-1,-1,0,0,540,0,-1,-1,1,0,0,0
540,2442,hiring,6152,-1,-1,-1,-1,-1,-1,-1,0,0,540,0,-1,-1,1,0,0,0
540,2443,hiring,6153,-1,-1,-1,-1,-1,-1,-1,0,0,540,0,-1,-1,1,0,0,0
540,2444,hiring,6154,-1,-1,-1,-1,-1,-1,-1,0,0,540,0,-1,-1,1,0,0,0
540,2445,hiring,6144,-1,-1,-1,-1,-1,-1,-1,0,0,12,0,-1,-1,1,0,0,0
540,2446,hiring_candidate,7169,7168,-1,-1,0,0,0,0,0,0,488,0,0,0,1,1,0,0
540,2446,hiring,7169,-1,-1,-1,-1,-1,-1,-1,0,0,488,0,-1,-1,1,0,0,0
540,2447,hiring_candidate,7168,7169,-1,-1,1,1,0,0,0,0,204,0,0,0,1,1,0,0
540,2447,hiring,7168,-1,-1,-1,-1,-1,-1,-1,0,0,204,0,-1,-1,1,0,0,0
540,2448,hiring,8193,-1,-1,-1,-1,-1,-1,-1,0,0,540,0,-1,-1,1,0,0,0
540,2449,hiring,8194,-1,-1,-1,-1,-1,-1,-1,0,0,540,0,-1,-1,1,0,0,0
540,2450,hiring,8196,-1,-1,-1,-1,-1,-1,-1,0,0,540,0,-1,-1,1,0,0,0
540,2451,hiring,8197,-1,-1,-1,-1,-1,-1,-1,0,0,540,0,-1,-1,1,0,0,0
540,2452,hiring,8198,-1,-1,-1,-1,-1,-1,-1,0,0,540,0,-1,-1,1,0,0,0
540,2453,hiring,8199,-1,-1,-1,-1,-1,-1,-1,0,0,540,0,-1,-1,1,0,0,0
540,2454,hiring,8200,-1,-1,-1,-1,-1,-1,-1,0,0,540,0,-1,-1,1,0,0,0
540,2455,hiring,8201,-1,-1,-1,-1,-1,-1,-1,0,0,540,0,-1,-1,1,0,0,0
540,2456,hiring,8202,-1,-1,-1,-1,-1,-1,-1,0,0,540,0,-1,-1,1,0,0,0
540,2457,hiring,8203,-1,-1,-1,-1,-1,-1,-1,0,0,540,0,-1,-1,1,0,0,0
540,2458,hiring_candidate,8192,8193,-1,-1,1,1,0,0,0,0,14,0,0,0,1,1,0,0
540,2458,hiring,8192,-1,-1,-1,-1,-1,-1,-1,0,0,14,0,-1,-1,1,0,0,0
540,2459,hiring_candidate,8195,8192,-1,-1,0,0,0,0,0,0,425,0,0,0,1,1,0,0
540,2459,hiring,8195,-1,-1,-1,-1,-1,-1,-1,0,0,425,0,-1,-1,1,0,0,0
540,2460,movement,9216,9216,5,5,1,1,50,50,0,0,399,0,-1,-1,1,1,0,0
540,2461,hiring_candidate,9217,9216,-1,-1,0,0,0,0,0,0,52,0,0,0,1,1,0,0
540,2461,hiring,9217,-1,-1,-1,-1,-1,-1,-1,0,0,52,0,-1,-1,1,0,0,0
540,2462,hiring_candidate,9216,9217,-1,-1,1,1,0,0,0,0,399,0,0,0,1,1,0,0
540,2462,hiring,9216,-1,-1,-1,-1,-1,-1,-1,0,0,399,0,-1,-1,1,0,0,0
540,2463,hiring,10241,-1,-1,-1,-1,-1,-1,-1,0,0,540,0,-1,-1,1,0,0,0
540,2464,hiring,10242,-1,-1,-1,-1,-1,-1,-1,0,0,540,0,-1,-1,1,0,0,0
540,2465,hiring,10244,-1,-1,-1,-1,-1,-1,-1,0,0,540,0,-1,-1,1,0,0,0
540,2466,hiring,10245,-1,-1,-1,-1,-1,-1,-1,0,0,540,0,-1,-1,1,0,0,0
540,2467,hiring,10246,-1,-1,-1,-1,-1,-1,-1,0,0,540,0,-1,-1,1,0,0,0
540,2468,hiring,10247,-1,-1,-1,-1,-1,-1,-1,0,0,540,0,-1,-1,1,0,0,0
540,2469,hiring,10248,-1,-1,-1,-1,-1,-1,-1,0,0,540,0,-1,-1,1,0,0,0
540,2470,hiring,10249,-1,-1,-1,-1,-1,-1,-1,0,0,540,0,-1,-1,1,0,0,0
540,2471,hiring,10250,-1,-1,-1,-1,-1,-1,-1,0,0,540,0,-1,-1,1,0,0,0
540,2472,hiring,10251,-1,-1,-1,-1,-1,-1,-1,0,0,540,0,-1,-1,1,0,0,0
540,2473,hiring_candidate,10240,10240,-1,-1,1,1,0,0,0,0,14,0,0,0,1,1,0,0
540,2473,hiring,10240,-1,-1,-1,-1,-1,-1,-1,0,0,14,0,-1,-1,1,0,0,0
540,2474,hiring_candidate,10243,10241,-1,-1,0,0,0,0,0,0,7,0,0,0,1,1,0,0
540,2474,hiring,10243,-1,-1,-1,-1,-1,-1,-1,0,0,7,0,-1,-1,1,0,0,0
541,2475,hiring,2,-1,-1,-1,-1,-1,-1,-1,0,0,541,0,-1,-1,1,0,0,0
541,2476,hiring,3,-1,-1,-1,-1,-1,-1,-1,0,0,541,0,-1,-1,1,0,0,0
541,2477,hiring,4,-1,-1,-1,-1,-1,-1,-1,0,0,541,0,-1,-1,1,0,0,0
541,2478,hiring,5,-1,-1,-1,-1,-1,-1,-1,0,0,541,0,-1,-1,1,0,0,0
541,2479,hiring,6,-1,-1,-1,-1,-1,-1,-1,0,0,541,0,-1,-1,1,0,0,0
541,2480,hiring,7,-1,-1,-1,-1,-1,-1,-1,0,0,541,0,-1,-1,1,0,0,0
541,2481,hiring,8,-1,-1,-1,-1,-1,-1,-1,0,0,541,0,-1,-1,1,0,0,0
541,2482,hiring,8,-1,-1,-1,-1,-1,-1,-1,0,0,541,0,-1,-1,1,0,0,0
541,2483,hiring,8,-1,-1,-1,-1,-1,-1,-1,0,0,541,0,-1,-1,1,0,0,0
541,2484,hiring,8,-1,-1,-1,-1,-1,-1,-1,0,0,541,0,-1,-1,1,0,0,0
541,2485,hiring,9,-1,-1,-1,-1,-1,-1,-1,0,0,541,0,-1,-1,1,0,0,0
541,2486,hiring,10,-1,-1,-1,-1,-1,-1,-1,0,0,541,0,-1,-1,1,0,0,0
541,2487,hiring,11,-1,-1,-1,-1,-1,-1,-1,0,0,541,0,-1,-1,1,0,0,0
541,2488,hiring_candidate,0,1,-1,-1,1,1,0,0,0,0,266,0,0,0,1,1,0,0
541,2488,hiring,0,-1,-1,-1,-1,-1,-1,-1,0,0,266,0,-1,-1,1,0,0,0
541,2489,hiring_candidate,1,0,-1,-1,0,0,0,0,0,0,262,0,0,0,1,1,0,0
541,2489,hiring,1,-1,-1,-1,-1,-1,-1,-1,0,0,262,0,-1,-1,1,0,0,0
541,2490,hiring_candidate,1026,1024,-1,-1,0,0,0,0,0,0,541,0,0,0,1,1,0,0
541,2490,hiring_candidate,1026,1025,-1,-1,0,0,0,0,0,0,541,0,0,0,1,1,0,0
541,2490,hiring,1026,-1,-1,-1,-1,-1,-1,-1,0,0,541,0,-1,-1,1,0,0,0
541,2491,hiring_candidate,1024,1024,-1,-1,1,1,0,0,0,0,434,0,0,0,1,1,0,0
541,2491,hiring,1024,-1,-1,-1,-1,-1,-1,-1,0,0,434,0,-1,-1,1,0,0,0
541,2492,hiring,2049,-1,-1,-1,-1,-1,-1,-1,0,0,541,0,-1,-1,1,0,0,0
541,2493,hiring,2050,-1,-1,-1,-1,-1,-1,-1,0,0,541,0,-1,-1,1,0,0,0
541,2494,hiring,2052,-1,-1,-1,-1,-1,-1,-1,0,0,541,0,-1,-1,1,0,0,0
541,2495,hiring,2053,-1,-1,-1,-1,-1,-1,-1,0,0,541,0,-1,-1,1,0,0,0
541,2496,hiring,2054,-1,-1,-1,-1,-1,-1,-1,0,0,541,0,-1,-1,1,0,0,0
541,2497,hiring,2055,-1,-1,-1,-1,-1,-1,-1,0,0,541,0,-1,-1,1,0,0,0
541,2498,hiring,2056,-1,-1,-1,-1,-1,-1,-1,0,0,541,0,-1,-1,1,0,0,0
541,2499,hiring,2056,-1,-1,-1,-1,-1,-1,-1,0,0,541,0,-1,-1,1,0,0,0
541,2500,hiring,2056,-1,-1,-1,-1,-1,-1,-1,0,0,541,0,-1,-1,1,0,0,0
541,2501,hiring,2056,-1,-1,-1,-1,-1,-1,-1,0,0,541,0,-1,-1,1,0,0,0
541,2502,hiring,2057,-1,-1,-1,-1,-1,-1,-1,0,0,541,0,-1,-1,1,0,0,0
541,2503,hiring,2058,-1,-1,-1,-1,-1,-1,-1,0,0,541,0,-1,-1,1,0,0,0
541,2504,hiring,2059,-1,-1,-1,-1,-1,-1,-1,0,0,541,0,-1,-1,1,0,0,0
541,2505,hiring_candidate,2048,2049,-1,-1,1,1,0,0,0,0,12,0,0,0,1,1,0,0
541,2505,hiring,2048,-1,-1,-1,-1,-1,-1,-1,0,0,12,0,-1,-1,1,0,0,0
541,2506,hiring_candidate,2051,2048,-1,-1,0,0,0,0,0,0,8,0,0,0,1,1,0,0
541,2506,hiring,2051,-1,-1,-1,-1,-1,-1,-1,0,0,8,0,-1,-1,1,0,0,0
541,2507,hiring_candidate,3073,3073,-1,-1,0,0,0,0,0,0,15,0,0,0,1,1,0,0
541,2507,hiring,3073,-1,-1,-1,-1,-1,-1,-1,0,0,15,0,-1,-1,1,0,0,0
541,2508,hiring_candidate,3072,3072,-1,-1,1,1,0,0,0,0,410,0,0,0,1,1,0,0
541,2508,hiring,3072,-1,-1,-1,-1,-1,-1,-1,0,0,410,0,-1,-1,1,0,0,0
541,2509,hiring,4097,-1,-1,-1,-1,-1,-1,-1,0,0,541,0,-1,-1,1,0,0,0
541,2510,hiring,4098,-1,-1,-1,-1,-1,-1,-1,0,0,541,0,-1,-1,1,0,0,0
541,2511,hiring,4099,-1,-1,-1,-1,-1,-1,-1,0,0,541,0,-1,-1,1,0,0,0
541,2512,hiring,4100,-1,-1,-1,-1,-1,-1,-1,0,0,541,0,-1,-1,1,0,0,0
541,2513,hiring,4101,-1,-1,-1,-1,-1,-1,-1,0,0,541,0,-1,-1,1,0,0,0
541,2514,hiring,4102,-1,-1,-1,-1,-1,-1,-1,0,0,541,0,-1,-1,1,0,0,0
541,2515,hiring,4103,-1,-1,-1,-1,-1,-1,-1,0,0,541,0,-1,-1,1,0,0,0
541,2516,hiring,4103,-1,-1,-1,-1,-1,-1,-1,0,0,541,0,-1,-1,1,0,0,0
541,2517,hiring,4103,-1,-1,-1,-1,-1,-1,-1,0,0,541,0,-1,-1,1,0,0,0
541,2518,hiring,4103,-1,-1,-1,-1,-1,-1,-1,0,0,541,0,-1,-1,1,0,0,0
541,2519,hiring,4104,-1,-1,-1,-1,-1,-1,-1,0,0,541,0,-1,-1,1,0,0,0
541,2520,hiring,4105,-1,-1,-1,-1,-1,-1,-1,0,0,541,0,-1,-1,1,0,0,0
541,2521,hiring,4106,-1,-1,-1,-1,-1,-1,-1,0,0,541,0,-1,-1,1,0,0,0
541,2522,hiring,4096,-1,-1,-1,-1,-1,-1,-1,0,0,260,0,-1,-1,1,0,0,0
541,2523,hiring_candidate,5121,5120,-1,-1,0,0,0,0,0,0,15,0,0,0,1,1,0,0
541,2523,hiring,5121,-1,-1,-1,-1,-1,-1,-1,0,0,15,0,-1,-1,1,0,0,0
541,2524,hiring_candidate,5120,5121,-1,-1,1,1,0,0,0,0,75,0,0,0,1,1,0,0
541,2524,hiring,5120,-1,-1,-1,-1,-1,-1,-1,0,0,75,0,-1,-1,1,0,0,0
541,2525,hiring,6145,-1,-1,-1,-1,-1,-1,-1,0,0,541,0,-1,-1,1,0,0,0
541,2526,hiring,6146,-1,-1,-1,-1,-1,-1,-1,0,0,541,0,-1,-1,1,0,0,0
541,2527,hiring,6147,-1,-1,-1,-1,-1,-1,-1,0,0,541,0,-1,-1,1,0,0,0
541,2528,hiring,6148,-1,-1,-1,-1,-1,-1,-1,0,0,541,0,-1,-1,1,0,0,0
541,2529,hiring,6149,-1,-1,-1,-1,-1,-1,-1,0,0,541,0,-1,-1,1,0,0,0
541,2530,hiring,6150,-1,-1,-1,-1,-1,-1,-1,0,0,541,0,-1,-1,1,0,0,0
541,2531,hiring,6151,-1,-1,-1,-1,-1,-1,-1,0,0,541,0,-1,-1,1,0,0,0
541,2532,hiring,6151,-1,-1,-1,-1,-1,-1,-1,0,0,541,0,-1,-1,1,0,0,0
541,2533,hiring,6151,-1,-1,-1,-1,-1,-1,-1,0,0,541,0,-1,-1,1,0,0,0
541,2534,hiring,6151,-1,-1,-1,-1,-1,-1,-1,0,0,541,0,-1,-1,1,0,0,0
541,2535,hiring,6152,-1,-1,-1,-1,-1,-1,-1,0,0,541,0,-1,-1,1,0,0,0
541,2536,hiring,6153,-1,-1,-1,-1,-1,-1,-1,0,0,541,0,-1,-1,1,0,0,0
541,2537,hiring,6154,-1,-1,-1,-1,-1,-1,-1,0,0,541,0,-1,-1,1,0,0,0
541,2538,hiring,6144,-1,-1,-1,-1,-1,-1,-1,0,0,13,0,-1,-1,1,0,0,0
541,2539,hiring_candidate,7169,7168,-1,-1,0,0,0,0,0,0,489,0,0,0,1,1,0,0
541,2539,hiring,7169,-1,-1,-1,-1,-1,-1,-1,0,0,489,0,-1,-1,1,0,0,0
541,2540,hiring_candidate,7168,7169,-1,-1,1,1,0,0,0,0,205,0,0,0,1,1,0,0
541,2540,hiring,7168,-1,-1,-1,-1,-1,-1,-1,0,0,205,0,-1,-1,1,0,0,0
541,2541,hiring,8193,-1,-1,-1,-1,-1,-1,-1,0,0,541,0,-1,-1,1,0,0,0
541,2542,hiring,8194,-1,-1,-1,-1,-1,-1,-1,0,0,541,0,-1,-1,1,0,0,0
541,2543,hiring,8196,-1,-1,-1,-1,-1,-1,-1,0,0,541,0,-1,-1,1,0,0,0
541,2544,hiring,8197,-1,-1,-1,-1,-1,-1,-1,0,0,541,0,-1,-1,1,0,0,0
541,2545,hiring,8198,-1,-1,-1,-1,-1,-1,-1,0,0,541,0,-1,-1,1,0,0,0
541,2546,hiring,8199,-1,-1,-1,-1,-1,-1,-1,0,0,541,0,-1,-1,1,0,0,0
541,2547,hiring,8200,-1,-1,-1,-1,-1,-1,-1,0,0,541,0,-1,-1,1,0,0,0
541,2548,hiring,8201,-1,-1,-1,-1,-1,-1,-1,0,0,541,0,-1,-1,1,0,0,0
541,2549,hiring,8201,-1,-1,-1,-1,-1,-1,-1,0,0,541,0,-1,-1,1,0,0,0
541,2550,hiring,8201,-1,-1,-1,-1,-1,-1,-1,0,0,541,0,-1,-1,1,0,0,0
541,2551,hiring,8201,-1,-1,-1,-1,-1,-1,-1,0,0,541,0,-1,-1,1,0,0,0
541,2552,hiring,8202,-1,-1,-1,-1,-1,-1,-1,0,0,541,0,-1,-1,1,0,0,0
541,2553,hiring,8203,-1,-1,-1,-1,-1,-1,-1,0,0,541,0,-1,-1,1,0,0,0
541,2554,hiring_candidate,8192,8193,-1,-1,1,1,0,0,0,0,15,0,0,0,1,1,0,0
541,2554,hiring,8192,-1,-1,-1,-1,-1,-1,-1,0,0,15,0,-1,-1,1,0,0,0
541,2555,hiring_candidate,8195,8192,-1,-1,0,0,0,0,0,0,426,0,0,0,1,1,0,0
541,2555,hiring,8195,-1,-1,-1,-1,-1,-1,-1,0,0,426,0,-1,-1,1,0,0,0
541,2556,hiring_candidate,9217,9216,-1,-1,0,0,0,0,0,0,53,0,0,0,1,1,0,0
541,2556,hiring,9217,-1,-1,-1,-1,-1,-1,-1,0,0,53,0,-1,-1,1,0,0,0
541,2557,hiring_candidate,9216,9217,-1,-1,1,1,0,0,0,0,400,1,0,0,1,1,0,0
541,2557,hiring,9216,-1,-1,-1,-1,-1,-1,-1,0,0,400,1,-1,-1,1,0,0,0
541,2558,hiring,10241,-1,-1,-1,-1,-1,-1,-1,0,0,541,0,-1,-1,1,0,0,0
541,2559,hiring,10242,-1,-1,-1,-1,-1,-1,-1,0,0,541,0,-1,-1,1,0,0,0
541,2560,hiring,10244,-1,-1,-1,-1,-1,-1,-1,0,0,541,0,-1,-1,1,0,0,0
541,2561,hiring,10245,-1,-1,-1,-1,-1,-1,-1,0,0,541,0,-1,-1,1,0,0,0
541,2562,hiring,10246,-1,-1,-1,-1,-1,-1,-1,0,0,541,0,-1,-1,1,0,0,0
541,2563,hiring,10247,-1,-1,-1,-1,-1,-1,-1,0,0,541,0,-1,-1,1,0,0,0
541,2564,hiring,10248,-1,-1,-1,-1,-1,-1,-1,0,0,541,0,-1,-1,1,0,0,0
541,2565,hiring,10249,-1,-1,-1,-1,-1,-1,-1,0,0,541,0,-1,-1,1,0,0,0
541,2566,hiring,10249,-1,-1,-1,-1,-1,-1,-1,0,0,541,0,-1,-1,1,0,0,0
541,2567,hiring,10249,-1,-1,-1,-1,-1,-1,-1,0,0,541,0,-1,-1,1,0,0,0
541,2568,hiring,10249,-1,-1,-1,-1,-1,-1,-1,0,0,541,0,-1,-1,1,0,0,0
541,2569,hiring,10250,-1,-1,-1,-1,-1,-1,-1,0,0,541,0,-1,-1,1,0,0,0
541,2570,hiring,10251,-1,-1,-1,-1,-1,-1,-1,0,0,541,0,-1,-1,1,0,0,0
541,2571,hiring_candidate,10240,10240,-1,-1,1,1,0,0,0,0,15,0,0,0,1,1,0,0
541,2571,hiring,10240,-1,-1,-1,-1,-1,-1,-1,0,0,15,0,-1,-1,1,0,0,0
541,2572,hiring_candidate,10243,10241,-1,-1,0,0,0,0,0,0,8,0,0,0,1,1,0,0
541,2572,hiring,10243,-1,-1,-1,-1,-1,-1,-1,0,0,8,0,-1,-1,1,0,0,0
542,2573,hiring,2,-1,-1,-1,-1,-1,-1,-1,0,0,542,0,-1,-1,1,0,0,0
542,2574,hiring,3,-1,-1,-1,-1,-1,-1,-1,0,0,542,0,-1,-1,1,0,0,0
542,2575,hiring,4,-1,-1,-1,-1,-1,-1,-1,0,0,542,0,-1,-1,1,0,0,0
542,2576,hiring,5,-1,-1,-1,-1,-1,-1,-1,0,0,542,0,-1,-1,1,0,0,0
542,2577,hiring,6,-1,-1,-1,-1,-1,-1,-1,0,0,542,0,-1,-1,1,0,0,0
542,2578,hiring,7,-1,-1,-1,-1,-1,-1,-1,0,0,542,0,-1,-1,1,0,0,0
542,2579,hiring,8,-1,-1,-1,-1,-1,-1,-1,0,0,542,0,-1,-1,1,0,0,0
542,2580,hiring,9,-1,-1,-1,-1,-1,-1,-1,0,0,542,0,-1,-1,1,0,0,0
542,2581,hiring,10,-1,-1,-1,-1,-1,-1,-1,0,0,542,0,-1,-1,1,0,0,0
542,2582,hiring,11,-1,-1,-1,-1,-1,-1,-1,0,0,542,0,-1,-1,1,0,0,0
542,2583,hiring_candidate,0,1,-1,-1,1,1,0,0,0,0,267,0,0,0,1,1,0,0
542,2583,hiring,0,-1,-1,-1,-1,-1,-1,-1,0,0,267,0,-1,-1,1,0,0,0
542,2584,hiring_candidate,1,0,-1,-1,0,0,0,0,0,0,263,0,0,0,1,1,0,0
542,2584,hiring,1,-1,-1,-1,-1,-1,-1,-1,0,0,263,0,-1,-1,1,0,0,0
542,2585,hiring_candidate,1026,1024,-1,-1,0,0,0,0,0,0,542,0,0,0,1,1,0,0
542,2585,hiring_candidate,1026,1025,-1,-1,0,0,0,0,0,0,542,0,0,0,1,1,0,0
542,2585,hiring,1026,-1,-1,-1,-1,-1,-1,-1,0,0,542,0,-1,-1,1,0,0,0
542,2586,hiring_candidate,1024,1024,-1,-1,1,1,0,0,0,0,435,0,0,0,1,1,0,0
542,2586,hiring,1024,-1,-1,-1,-1,-1,-1,-1,0,0,435,0,-1,-1,1,0,0,0
542,2587,hiring,2049,-1,-1,-1,-1,-1,-1,-1,0,0,542,0,-1,-1,1,0,0,0
542,2588,hiring,2050,-1,-1,-1,-1,-1,-1,-1,0,0,542,0,-1,-1,1,0,0,0
542,2589,hiring,2052,-1,-1,-1,-1,-1,-1,-1,0,0,542,0,-1,-1,1,0,0,0
542,2590,hiring,2053,-1,-1,-1,-1,-1,-1,-1,0,0,542,0,-1,-1,1,0,0,0
542,2591,hiring,2054,-1,-1,-1,-1,-1,-1,-1,0,0,542,0,-1,-1,1,0,0,0
542,2592,hiring,2055,-1,-1,-1,-1,-1,-1,-1,0,0,542,0,-1,-1,1,0,0,0
542,2593,hiring,2056,-1,-1,-1,-1,-1,-1,-1,0,0,542,0,-1,-1,1,0,0,0
542,2594,hiring,2057,-1,-1,-1,-1,-1,-1,-1,0,0,542,0,-1,-1,1,0,0,0
542,2595,hiring,2058,-1,-1,-1,-1,-1,-1,-1,0,0,542,0,-1,-1,1,0,0,0
542,2596,hiring,2059,-1,-1,-1,-1,-1,-1,-1,0,0,542,0,-1,-1,1,0,0,0
542,2597,hiring_candidate,2048,2049,-1,-1,1,1,0,0,0,0,13,0,0,0,1,1,0,0
542,2597,hiring,2048,-1,-1,-1,-1,-1,-1,-1,0,0,13,0,-1,-1,1,0,0,0
542,2598,hiring_candidate,2051,2048,-1,-1,0,0,0,0,0,0,9,0,0,0,1,1,0,0
542,2598,hiring,2051,-1,-1,-1,-1,-1,-1,-1,0,0,9,0,-1,-1,1,0,0,0
542,2599,movement,3073,3072,3,3,0,0,182,182,0,0,16,0,-1,-1,1,1,0,0
542,2600,hiring_candidate,3073,3073,-1,-1,0,0,0,0,0,0,16,0,0,0,1,1,0,0
542,2600,hiring,3073,-1,-1,-1,-1,-1,-1,-1,0,0,16,0,-1,-1,1,0,0,0
542,2601,hiring_candidate,3072,3072,-1,-1,1,1,0,0,0,0,411,0,0,0,1,1,0,0
542,2601,hiring,3072,-1,-1,-1,-1,-1,-1,-1,0,0,411,0,-1,-1,1,0,0,0
542,2602,hiring,4097,-1,-1,-1,-1,-1,-1,-1,0,0,542,0,-1,-1,1,0,0,0
542,2603,hiring,4098,-1,-1,-1,-1,-1,-1,-1,0,0,542,0,-1,-1,1,0,0,0
542,2604,hiring,4099,-1,-1,-1,-1,-1,-1,-1,0,0,542,0,-1,-1,1,0,0,0
542,2605,hiring,4100,-1,-1,-1,-1,-1,-1,-1,0,0,542,0,-1,-1,1,0,0,0
542,2606,hiring,4101,-1,-1,-1,-1,-1,-1,-1,0,0,542,0,-1,-1,1,0,0,0
542,2607,hiring,4102,-1,-1,-1,-1,-1,-1,-1,0,0,542,0,-1,-1,1,0,0,0
542,2608,hiring,4103,-1,-1,-1,-1,-1,-1,-1,0,0,542,0,-1,-1,1,0,0,0
542,2609,hiring,4104,-1,-1,-1,-1,-1,-1,-1,0,0,542,0,-1,-1,1,0,0,0
542,2610,hiring,4105,-1,-1,-1,-1,-1,-1,-1,0,0,542,0,-1,-1,1,0,0,0
542,2611,hiring,4106,-1,-1,-1,-1,-1,-1,-1,0,0,542,0,-1,-1,1,0,0,0
542,2612,hiring,4096,-1,-1,-1,-1,-1,-1,-1,0,0,261,0,-1,-1,1,0,0,0
542,2613,movement,5121,5121,2,2,-1,-1,56,56,0,0,16,0,-1,-1,1,1,0,0
542,2614,hiring_candidate,5121,5120,-1,-1,0,0,0,0,0,0,16,0,0,0,1,1,0,0
542,2614,hiring,5121,-1,-1,-1,-1,-1,-1,-1,0,0,16,0,-1,-1,1,0,0,0
542,2615,hiring_candidate,5120,5121,-1,-1,1,1,0,0,0,0,76,0,0,0,1,1,0,0
542,2615,hiring,5120,-1,-1,-1,-1,-1,-1,-1,0,0,76,0,-1,-1,1,0,0,0
542,2616,hiring,6145,-1,-1,-1,-1,-1,-1,-1,0,0,542,0,-1,-1,1,0,0,0
542,2617,hiring,6146,-1,-1,-1,-1,-1,-1,-1,0,0,542,0,-1,-1,1,0,0,0
542,2618,hiring,6147,-1,-1,-1,-1,-1,-1,-1,0,0,542,0,-1,-1,1,0,0,0
542,2619,hiring,6148,-1,-1,-1,-1,-1,-1,-1,0,0,542,0,-1,-1,1,0,0,0
542,2620,hiring,6149,-1,-1,-1,-1,-1,-1,-1,0,0,542,0,-1,-1,1,0,0,0
542,2621,hiring,6150,-1,-1,-1,-1,-1,-1,-1,0,0,542,0,-1,-1,1,0,0,0
542,2622,hiring,6151,-1,-1,-1,-1,-1,-1,-1,0,0,542,0,-1,-1,1,0,0,0
542,2623,hiring,6152,-1,-1,-1,-1,-1,-1,-1,0,0,542,0,-1,-1,1,0,0,0
542,2624,hiring,6153,-1,-1,-1,-1,-1,-1,-1,0,0,542,0,-1,-1,1,0,0,0
542,2625,hiring,6154,-1,-1,-1,-1,-1,-1,-1,0,0,542,0,-1,-1,1,0,0,0
542,2626,hiring,6144,-1,-1,-1,-1,-1,-1,-1,0,0,14,0,-1,-1,1,0,0,0
542,2627,hiring_candidate,7169,7168,-1,-1,0,0,0,0,0,0,490,0,0,0,1,1,0,0
542,2627,hiring,7169,-1,-1,-1,-1,-1,-1,-1,0,0,490,0,-1,-1,1,0,0,0
542,2628,hiring_candidate,7168,7169,-1,-1,1,1,0,0,0,0,206,0,0,0,1,1,0,0
542,2628,hiring,7168,-1,-1,-1,-1,-1,-1,-1,0,0,206,0,-1,-1,1,0,0,0
542,2629,hiring,8193,-1,-1,-1,-1,-1,-1,-1,0,0,542,0,-1,-1,1,0,0,0
542,2630,hiring,8194,-1,-1,-1,-1,-1,-1,-1,0,0,542,0,-1,-1,1,0,0,0
542,2631,hiring,8196,-1,-1,-1,-1,-1,-1,-1,0,0,542,0,-1,-1,1,0,0,0
542,2632,hiring,8197,-1,-1,-1,-1,-1,-1,-1,0,0,542,0,-1,-1,1,0,0,0
542,2633,hiring,8198,-1,-1,-1,-1,-1,-1,-1,0,0,542,0,-1,-1,1,0,0,0
542,2634,hiring,8199,-1,-1,-1,-1,-1,-1,-1,0,0,542,0,-1,-1,1,0,0,0
542,2635,hiring,8200,-1,-1,-1,-1,-1,-1,-1,0,0,542,0,-1,-1,1,0,0,0
542,2636,hiring,8201,-1,-1,-1,-1,-1,-1,-1,0,0,542,0,-1,-1,1,0,0,0
542,2637,hiring,8202,-1,-1,-1,-1,-1,-1,-1,0,0,542,0,-1,-1,1,0,0,0
542,2638,hiring,8203,-1,-1,-1,-1,-1,-1,-1,0,0,542,0,-1,-1,1,0,0,0
542,2639,hiring_candidate,8192,8193,-1,-1,1,1,0,0,0,0,16,0,0,0,1,1,0,0
542,2639,hiring,8192,-1,-1,-1,-1,-1,-1,-1,0,0,16,0,-1,-1,1,0,0,0
542,2640,hiring_candidate,8195,8192,-1,-1,0,0,0,0,0,0,427,0,0,0,1,1,0,0
542,2640,hiring,8195,-1,-1,-1,-1,-1,-1,-1,0,0,427,0,-1,-1,1,0,0,0
542,2641,hiring_candidate,9217,9216,-1,-1,0,0,0,0,0,0,54,0,0,0,1,1,0,0
542,2641,hiring,9217,-1,-1,-1,-1,-1,-1,-1,0,0,54,0,-1,-1,1,0,0,0
542,2642,hiring_candidate,9216,9217,-1,-1,1,1,0,0,0,0,401,1,0,0,1,1,0,0
542,2642,hiring,9216,-1,-1,-1,-1,-1,-1,-1,0,0,401,1,-1,-1,1,0,0,0
542,2643,hiring,10241,-1,-1,-1,-1,-1,-1,-1,0,0,542,0,-1,-1,1,0,0,0
542,2644,hiring,10242,-1,-1,-1,-1,-1,-1,-1,0,0,542,0,-1,-1,1,0,0,0
542,2645,hiring,10244,-1,-1,-1,-1,-1,-1,-1,0,0,542,0,-1,-1,1,0,0,0
542,2646,hiring,10245,-1,-1,-1,-1,-1,-1,-1,0,0,542,0,-1,-1,1,0,0,0
542,2647,hiring,10246,-1,-1,-1,-1,-1,-1,-1,0,0,542,0,-1,-1,1,0,0,0
542,2648,hiring,10247,-1,-1,-1,-1,-1,-1,-1,0,0,542,0,-1,-1,1,0,0,0
542,2649,hiring,10248,-1,-1,-1,-1,-1,-1,-1,0,0,542,0,-1,-1,1,0,0,0
542,2650,hiring,10249,-1,-1,-1,-1,-1,-1,-1,0,0,542,0,-1,-1,1,0,0,0
542,2651,hiring,10250,-1,-1,-1,-1,-1,-1,-1,0,0,542,0,-1,-1,1,0,0,0
542,2652,hiring,10251,-1,-1,-1,-1,-1,-1,-1,0,0,542,0,-1,-1,1,0,0,0
542,2653,hiring_candidate,10240,10240,-1,-1,1,1,0,0,0,0,16,0,0,0,1,1,0,0
542,2653,hiring,10240,-1,-1,-1,-1,-1,-1,-1,0,0,16,0,-1,-1,1,0,0,0
542,2654,hiring_candidate,10243,10241,-1,-1,0,0,0,0,0,0,9,0,0,0,1,1,0,0
542,2654,hiring,10243,-1,-1,-1,-1,-1,-1,-1,0,0,9,0,-1,-1,1,0,0,0
543,2655,hiring,2,-1,-1,-1,-1,-1,-1,-1,0,0,543,0,-1,-1,1,0,0,0
543,2656,hiring,3,-1,-1,-1,-1,-1,-1,-1,0,0,543,0,-1,-1,1,0,0,0
543,2657,hiring,4,-1,-1,-1,-1,-1,-1,-1,0,0,543,0,-1,-1,1,0,0,0
543,2658,hiring,5,-1,-1,-1,-1,-1,-1,-1,0,0,543,0,-1,-1,1,0,0,0
543,2659,hiring,6,-1,-1,-1,-1,-1,-1,-1,0,0,543,0,-1,-1,1,0,0,0
543,2660,hiring,7,-1,-1,-1,-1,-1,-1,-1,0,0,543,0,-1,-1,1,0,0,0
543,2661,hiring,8,-1,-1,-1,-1,-1,-1,-1,0,0,543,0,-1,-1,1,0,0,0
543,2662,hiring,9,-1,-1,-1,-1,-1,-1,-1,0,0,543,0,-1,-1,1,0,0,0
543,2663,hiring,9,-1,-1,-1,-1,-1,-1,-1,0,0,543,0,-1,-1,1,0,0,0
543,2664,hiring,9,-1,-1,-1,-1,-1,-1,-1,0,0,543,0,-1,-1,1,0,0,0
543,2665,hiring,9,-1,-1,-1,-1,-1,-1,-1,0,0,543,0,-1,-1,1,0,0,0
543,2666,hiring,10,-1,-1,-1,-1,-1,-1,-1,0,0,543,0,-1,-1,1,0,0,0
543,2667,hiring,11,-1,-1,-1,-1,-1,-1,-1,0,0,543,0,-1,-1,1,0,0,0
543,2668,hiring_candidate,0,1,-1,-1,1,1,0,0,0,0,268,0,0,0,1,1,0,0
543,2668,hiring,0,-1,-1,-1,-1,-1,-1,-1,0,0,268,0,-1,-1,1,0,0,0
543,2669,hiring_candidate,1,0,-1,-1,0,0,0,0,0,0,264,0,0,0,1,1,0,0
543,2669,hiring,1,-1,-1,-1,-1,-1,-1,-1,0,0,264,0,-1,-1,1,0,0,0
543,2670,hiring_candidate,1026,1024,-1,-1,0,0,0,0,0,0,543,0,0,0,1,1,0,0
543,2670,hiring_candidate,1026,1025,-1,-1,0,0,0,0,0,0,543,0,0,0,1,1,0,0
543,2670,hiring,1026,-1,-1,-1,-1,-1,-1,-1,0,0,543,0,-1,-1,1,0,0,0
543,2671,hiring_candidate,1024,1024,-1,-1,1,1,0,0,0,0,436,0,0,0,1,1,0,0
543,2671,hiring,1024,-1,-1,-1,-1,-1,-1,-1,0,0,436,0,-1,-1,1,0,0,0
543,2672,hiring,2049,-1,-1,-1,-1,-1,-1,-1,0,0,543,0,-1,-1,1,0,0,0
543,2673,hiring,2050,-1,-1,-1,-1,-1,-1,-1,0,0,543,0,-1,-1,1,0,0,0
543,2674,hiring,2052,-1,-1,-1,-1,-1,-1,-1,0,0,543,0,-1,-1,1,0,0,0
543,2675,hiring,2053,-1,-1,-1,-1,-1,-1,-1,0,0,543,0,-1,-1,1,0,0,0
543,2676,hiring,2054,-1,-1,-1,-1,-1,-1,-1,0,0,543,0,-1,-1,1,0,0,0
543,2677,hiring,2055,-1,-1,-1,-1,-1,-1,-1,0,0,543,0,-1,-1,1,0,0,0
543,2678,hiring,2056,-1,-1,-1,-1,-1,-1,-1,0,0,543,0,-1,-1,1,0,0,0
543,2679,hiring,2057,-1,-1,-1,-1,-1,-1,-1,0,0,543,0,-1,-1,1,0,0,0
543,2680,hiring,2057,-1,-1,-1,-1,-1,-1,-1,0,0,543,0,-1,-1,1,0,0,0
543,2681,hiring,2057,-1,-1,-1,-1,-1,-1,-1,0,0,543,0,-1,-1,1,0,0,0
543,2682,hiring,2057,-1,-1,-1,-1,-1,-1,-1,0,0,543,0,-1,-1,1,0,0,0
543,2683,hiring,2058,-1,-1,-1,-1,-1,-1,-1,0,0,543,0,-1,-1,1,0,0,0
543,2684,hiring,2059,-1,-1,-1,-1,-1,-1,-1,0,0,543,0,-1,-1,1,0,0,0
543,2685,hiring_candidate,2048,2049,-1,-1,1,1,0,0,0,0,14,0,0,0,1,1,0,0
543,2685,hiring,2048,-1,-1,-1,-1,-1,-1,-1,0,0,14,0,-1,-1,1,0,0,0
543,2686,hiring_candidate,2051,2048,-1,-1,0,0,0,0,0,0,10,0,0,0,1,1,0,0
543,2686,hiring,2051,-1,-1,-1,-1,-1,-1,-1,0,0,10,0,-1,-1,1,0,0,0
543,2687,hiring_candidate,3073,3073,-1,-1,0,0,0,0,0,0,17,0,0,0,1,1,0,0
543,2687,hiring,3073,-1,-1,-1,-1,-1,-1,-1,0,0,17,0,-1,-1,1,0,0,0
543,2688,hiring_candidate,3072,3072,-1,-1,1,1,0,0,0,0,412,0,0,0,1,1,0,0
543,2688,hiring,3072,-1,-1,-1,-1,-1,-1,-1,0,0,412,0,-1,-1,1,0,0,0
543,2689,hiring,4097,-1,-1,-1,-1,-1,-1,-1,0,0,543,0,-1,-1,1,0,0,0
543,2690,hiring,4098,-1,-1,-1,-1,-1,-1,-1,0,0,543,0,-1,-1,1,0,0,0
543,2691,hiring,4099,-1,-1,-1,-1,-1,-1,-1,0,0,543,0,-1,-1,1,0,0,0
543,2692,hiring,4100,-1,-1,-1,-1,-1,-1,-1,0,0,543,0,-1,-1,1,0,0,0
543,2693,hiring,4101,-1,-1,-1,-1,-1,-1,-1,0,0,543,0,-1,-1,1,0,0,0
543,2694,hiring,4102,-1,-1,-1,-1,-1,-1,-1,0,0,543,0,-1,-1,1,0,0,0
543,2695,hiring,4103,-1,-1,-1,-1,-1,-1,-1,0,0,543,0,-1,-1,1,0,0,0
543,2696,hiring,4104,-1,-1,-1,-1,-1,-1,-1,0,0,543,0,-1,-1,1,0,0,0
543,2697,hiring,4104,-1,-1,-1,-1,-1,-1,-1,0,0,543,0,-1,-1,1,0,0,0
543,2698,hiring,4104,-1,-1,-1,-1,-1,-1,-1,0,0,543,0,-1,-1,1,0,0,0
543,2699,hiring,4104,-1,-1,-1,-1,-1,-1,-1,0,0,543,0,-1,-1,1,0,0,0
543,2700,hiring,4105,-1,-1,-1,-1,-1,-1,-1,0,0,543,0,-1,-1,1,0,0,0
543,2701,hiring,4106,-1,-1,-1,-1,-1,-1,-1,0,0,543,0,-1,-1,1,0,0,0
543,2702,hiring,4096,-1,-1,-1,-1,-1,-1,-1,0,0,262,0,-1,-1,1,0,0,0
543,2703,hiring_candidate,5121,5120,-1,-1,0,0,0,0,0,0,17,0,0,0,1,1,0,0
543,2703,hiring,5121,-1,-1,-1,-1,-1,-1,-1,0,0,17,0,-1,-1,1,0,0,0
543,2704,hiring_candidate,5120,5121,-1,-1,1,1,0,0,0,0,77,0,0,0,1,1,0,0
543,2704,hiring,5120,-1,-1,-1,-1,-1,-1,-1,0,0,77,0,-1,-1,1,0,0,0
543,2705,hiring,6145,-1,-1,-1,-1,-1,-1,-1,0,0,543,0,-1,-1,1,0,0,0
543,2706,hiring,6146,-1,-1,-1,-1,-1,-1,-1,0,0,543,0,-1,-1,1,0,0,0
543,2707,hiring,6147,-1,-1,-1,-1,-1,-1,-1,0,0,543,0,-1,-1,1,0,0,0
543,2708,hiring,6148,-1,-1,-1,-1,-1,-1,-1,0,0,543,0,-1,-1,1,0,0,0
543,2709,hiring,6149,-1,-1,-1,-1,-1,-1,-1,0,0,543,0,-1,-1,1,0,0,0
543,2710,hiring,6150,-1,-1,-1,-1,-1,-1,-1,0,0,543,0,-1,-1,1,0,0,0
543,2711,hiring,6151,-1,-1,-1,-1,-1,-1,-1,0,0,543,0,-1,-1,1,0,0,0
543,2712,hiring,6152,-1,-1,-1,-1,-1,-1,-1,0,0,543,0,-1,-1,1,0,0,0
543,2713,hiring,6152,-1,-1,-1,-1,-1,-1,-1,0,0,543,0,-1,-1,1,0,0,0
543,2714,hiring,6152,-1,-1,-1,-1,-1,-1,-1,0,0,543,0,-1,-1,1,0,0,0
543,2715,hiring,6152,-1,-1,-1,-1,-1,-1,-1,0,0,543,0,-1,-1,1,0,0,0
543,2716,hiring,6153,-1,-1,-1,-1,-1,-1,-1,0,0,543,0,-1,-1,1,0,0,0
543,2717,hiring,6154,-1,-1,-1,-1,-1,-1,-1,0,0,543,0,-1,-1,1,0,0,0
543,2718,hiring,6144,-1,-1,-1,-1,-1,-1,-1,0,0,15,0,-1,-1,1,0,0,0
543,2719,hiring_candidate,7169,7168,-1,-1,0,0,0,0,0,0,491,0,0,0,1,1,0,0
543,2719,hiring,7169,-1,-1,-1,-1,-1,-1,-1,0,0,491,0,-1,-1,1,0,0,0
543,2720,hiring_candidate,7168,7169,-1,-1,1,1,0,0,0,0,207,0,0,0,1,1,0,0
543,2720,hiring,7168,-1,-1,-1,-1,-1,-1,-1,0,0,207,0,-1,-1,1,0,0,0
543,2721,hiring,8193,-1,-1,-1,-1,-1,-1,-1,0,0,543,0,-1,-1,1,0,0,0
543,2722,hiring,8194,-1,-1,-1,-1,-1,-1,-1,0,0,543,0,-1,-1,1,0,0,0
543,2723,hiring,8196,-1,-1,-1,-1,-1,-1,-1,0,0,543,0,-1,-1,1,0,0,0
543,2724,hiring,8197,-1,-1,-1,-1,-1,-1,-1,0,0,543,0,-1,-1,1,0,0,0
543,2725,hiring,8198,-1,-1,-1,-1,-1,-1,-1,0,0,543,0,-1,-1,1,0,0,0
543,2726,hiring,8199,-1,-1,-1,-1,-1,-1,-1,0,0,543,0,-1,-1,1,0,0,0
543,2727,hiring,8200,-1,-1,-1,-1,-1,-1,-1,0,0,543,0,-1,-1,1,0,0,0
543,2728,hiring,8201,-1,-1,-1,-1,-1,-1,-1,0,0,543,0,-1,-1,1,0,0,0
543,2729,hiring,8202,-1,-1,-1,-1,-1,-1,-1,0,0,543,0,-1,-1,1,0,0,0
543,2730,hiring,8203,-1,-1,-1,-1,-1,-1,-1,0,0,543,0,-1,-1,1,0,0,0
543,2731,hiring_candidate,8192,8193,-1,-1,1,1,0,0,0,0,17,0,0,0,1,1,0,0
543,2731,hiring,8192,-1,-1,-1,-1,-1,-1,-1,0,0,17,0,-1,-1,1,0,0,0
543,2732,hiring_candidate,8195,8192,-1,-1,0,0,0,0,0,0,428,0,0,0,1,1,0,0
543,2732,hiring,8195,-1,-1,-1,-1,-1,-1,-1,0,0,428,0,-1,-1,1,0,0,0
543,2733,hiring_candidate,9217,9216,-1,-1,0,0,0,0,0,0,55,0,0,0,1,1,0,0
543,2733,hiring,9217,-1,-1,-1,-1,-1,-1,-1,0,0,55,0,-1,-1,1,0,0,0
543,2734,hiring_candidate,9216,9217,-1,-1,1,1,0,0,0,0,402,1,0,0,1,1,0,0
543,2734,hiring,9216,-1,-1,-1,-1,-1,-1,-1,0,0,402,1,-1,-1,1,0,0,0
543,2735,hiring,10241,-1,-1,-1,-1,-1,-1,-1,0,0,543,0,-1,-1,1,0,0,0
543,2736,hiring,10242,-1,-1,-1,-1,-1,-1,-1,0,0,543,0,-1,-1,1,0,0,0
543,2737,hiring,10244,-1,-1,-1,-1,-1,-1,-1,0,0,543,0,-1,-1,1,0,0,0
543,2738,hiring,10245,-1,-1,-1,-1,-1,-1,-1,0,0,543,0,-1,-1,1,0,0,0
543,2739,hiring,10246,-1,-1,-1,-1,-1,-1,-1,0,0,543,0,-1,-1,1,0,0,0
543,2740,hiring,10247,-1,-1,-1,-1,-1,-1,-1,0,0,543,0,-1,-1,1,0,0,0
543,2741,hiring,10248,-1,-1,-1,-1,-1,-1,-1,0,0,543,0,-1,-1,1,0,0,0
543,2742,hiring,10249,-1,-1,-1,-1,-1,-1,-1,0,0,543,0,-1,-1,1,0,0,0
543,2743,hiring,10250,-1,-1,-1,-1,-1,-1,-1,0,0,543,0,-1,-1,1,0,0,0
543,2744,hiring,10250,-1,-1,-1,-1,-1,-1,-1,0,0,543,0,-1,-1,1,0,0,0
543,2745,hiring,10250,-1,-1,-1,-1,-1,-1,-1,0,0,543,0,-1,-1,1,0,0,0
543,2746,hiring,10250,-1,-1,-1,-1,-1,-1,-1,0,0,543,0,-1,-1,1,0,0,0
543,2747,hiring,10251,-1,-1,-1,-1,-1,-1,-1,0,0,543,0,-1,-1,1,0,0,0
543,2748,hiring_candidate,10240,10240,-1,-1,1,1,0,0,0,0,17,0,0,0,1,1,0,0
543,2748,hiring,10240,-1,-1,-1,-1,-1,-1,-1,0,0,17,0,-1,-1,1,0,0,0
543,2749,hiring_candidate,10243,10241,-1,-1,0,0,0,0,0,0,10,0,0,0,1,1,0,0
543,2749,hiring,10243,-1,-1,-1,-1,-1,-1,-1,0,0,10,0,-1,-1,1,0,0,0
