scons: Reading SConscript files ...
Checking whether the C compiler works... (cached) yes
Checking whether the C++ compiler works... (cached) yes
Checking for C library SDL3... (cached) yes
Checking for C library SDL3_ttf... (cached) yes
Checking for C library SDL3_image... (cached) yes
Checking for C library SDL3_net... (cached) yes
Checking for C library speex... (cached) yes
Checking for C++ header file speex/speex.h... (cached) yes
Checking for C library opusfile... (cached) yes
Checking for C++ header file opusfile.h... (cached) yes
Checking for C library opus... (cached) yes
Checking for C library ogg... (cached) yes
Checking for C++ header file zlib.h... (cached) yes
Checking for C library z... (cached) yes
Checking for C++ header file regex.h... (cached) yes
Checking for C++ header file openssl/ssl.h... (cached) yes
Checking for C library ssl... (cached) yes
Checking for C library crypto... (cached) yes
Checking for C++ header file boost/beast/websocket.hpp... (cached) yes
Checking for C++ header file boost/asio/ssl.hpp... (cached) yes
Using Apple's OpenGL framework
Using Apple's GLUT framework
Checking for C library epoxy... (cached) yes
Checking for C++ header file epoxy/gl.h... (cached) yes
Checking for C library fribidi... (cached) yes
Checking for C++ header file fribidi/fribidi.h... (cached) yes
Checking for C library portaudio... (cached) yes
Checking for C++ header file portaudio.h... (cached) yes
         no portaudio
         no portaudio - although portaudio was found to be installed, you have 
         no portaudio - to explicitly activate it using: 
         no portaudio - $ scons --portaudio=true
         no portaudio - this may not work properly if the version of portaudio
         no portaudio - is wrong. portaudio is used to allow communicating over VOIP
         no portaudio
         no portaudio - if you know of a solution to detect portaudio version
         no portaudio - let us know at:
         no portaudio - https://savannah.nongnu.org/bugs/index.php?24668
         no portaudio
scons: done reading SConscript files.
scons: Building targets ...
Generating build/darwin/client/release/include/glob2/TestBuildProvenance.h
/opt/homebrew/bin/ccache g++ -o build/darwin/client/release/test/engine-SavegameSafetyHarness.o -c -g -std=gnu++20 -Wall -fPIC -O3 -DGLOB2_OFFICIAL_INSTANCE_ORIGIN=\"https://app.glob2online.com\" -DGLOB2_OFFICIAL_INSTANCE_FORMER_ORIGINS=\"https://glob2online.com\" -DHAVE_CONFIG_H -DGL_SILENCE_DEPRECATION -DSDL_MAIN_HANDLED -Ibuild/darwin/client/release/recording/prefix/include -I/Users/bradley/.cache/glob2-sdl3/prefix/include -Ibuild/darwin/client/release/include -I/opt/homebrew/include -I/opt/homebrew/Cellar/opusfile/0.12_1/include/opus -I/opt/homebrew/Cellar/libogg/1.3.6/include -I/opt/homebrew/Cellar/opus/1.6.1/include/opus -Ilibgag/include -I. -Ilibusl/src -Isrc -Isrc/ai -Isrc/hud -Isrc/app -Isrc/game/player -Isrc/team -Isrc/common -Isrc/map -Isrc/game -Isrc/campaign -Isrc/campaign/screens -Isrc/replay -Isrc/game/screens -Isrc/render/clouds -Isrc/ui/screens -Isrc/game/rules -Isrc/game/diagnostics -Isrc/map/editor/screens -Isrc/engine -Isrc/ui -Isrc/map/preview -Isrc/app/cli -Isrc/net/lan/screens -Isrc/online -Isrc/map/tools -Isrc/scripting/map -Isrc/render/overlay -Isrc/audio -Isrc/online/screens -Isrc/game/orders -Isrc/resource -Isrc/ui/settings -Isrc/team/stats -Isrc/render/torus -Isrc/ai/simple -Isrc/ai/castor -Isrc/ai/javascript -Isrc/ai/nicowar -Isrc/ai/numbi -Isrc/ai/telemetry -Isrc/ai/warrush -Isrc/ai/maxima -Isrc/building -Isrc/building/types -Isrc/unit/types -Isrc/building/hud -Isrc/net -Isrc/hud/draw -Isrc/hud/input -Isrc/hud/touch -Isrc/net/turn -Isrc/unit -Isrc/map/editor -Isrc/map/generator -Isrc/map/generator/compatibility -Isrc/map/generator/core -Isrc/map/generator/generators -Isrc/map/generator/shared -Isrc/map/generator/shared/legacy -Isrc/map/gradient -Isrc/map/io -Isrc/net/lan -Isrc/net/message -Isrc/scripting/sgsl -Ithird_party/nlohmann-json/include -I/Users/bradley/.cache/glob2-sdl3/prefix/include/webp -Itest -Itest/support -Ilibgag/src -Ithird_party/quickjs-ng test/SavegameSafetyHarness.cpp
/opt/homebrew/bin/ccache g++ -o build/darwin/client/release/test/engine-support_TestMain.o -c -g -std=gnu++20 -Wall -fPIC -O3 -DGLOB2_OFFICIAL_INSTANCE_ORIGIN=\"https://app.glob2online.com\" -DGLOB2_OFFICIAL_INSTANCE_FORMER_ORIGINS=\"https://glob2online.com\" -DHAVE_CONFIG_H -DGL_SILENCE_DEPRECATION -DSDL_MAIN_HANDLED -Ibuild/darwin/client/release/recording/prefix/include -I/Users/bradley/.cache/glob2-sdl3/prefix/include -Ibuild/darwin/client/release/include -I/opt/homebrew/include -I/opt/homebrew/Cellar/opusfile/0.12_1/include/opus -I/opt/homebrew/Cellar/libogg/1.3.6/include -I/opt/homebrew/Cellar/opus/1.6.1/include/opus -Ilibgag/include -I. -Ilibusl/src -Isrc -Isrc/ai -Isrc/hud -Isrc/app -Isrc/game/player -Isrc/team -Isrc/common -Isrc/map -Isrc/game -Isrc/campaign -Isrc/campaign/screens -Isrc/replay -Isrc/game/screens -Isrc/render/clouds -Isrc/ui/screens -Isrc/game/rules -Isrc/game/diagnostics -Isrc/map/editor/screens -Isrc/engine -Isrc/ui -Isrc/map/preview -Isrc/app/cli -Isrc/net/lan/screens -Isrc/online -Isrc/map/tools -Isrc/scripting/map -Isrc/render/overlay -Isrc/audio -Isrc/online/screens -Isrc/game/orders -Isrc/resource -Isrc/ui/settings -Isrc/team/stats -Isrc/render/torus -Isrc/ai/simple -Isrc/ai/castor -Isrc/ai/javascript -Isrc/ai/nicowar -Isrc/ai/numbi -Isrc/ai/telemetry -Isrc/ai/warrush -Isrc/ai/maxima -Isrc/building -Isrc/building/types -Isrc/unit/types -Isrc/building/hud -Isrc/net -Isrc/hud/draw -Isrc/hud/input -Isrc/hud/touch -Isrc/net/turn -Isrc/unit -Isrc/map/editor -Isrc/map/generator -Isrc/map/generator/compatibility -Isrc/map/generator/core -Isrc/map/generator/generators -Isrc/map/generator/shared -Isrc/map/generator/shared/legacy -Isrc/map/gradient -Isrc/map/io -Isrc/net/lan -Isrc/net/message -Isrc/scripting/sgsl -Ithird_party/nlohmann-json/include -I/Users/bradley/.cache/glob2-sdl3/prefix/include/webp -Itest -Itest/support -Ilibgag/src -Ithird_party/quickjs-ng test/support/TestMain.cpp
/opt/homebrew/bin/ccache g++ -o build/darwin/client/release/test/engine-src_engine_EngineSessionHarness.o -c -g -std=gnu++20 -Wall -fPIC -O3 -fno-access-control -DGLOB2_OFFICIAL_INSTANCE_ORIGIN=\"https://app.glob2online.com\" -DGLOB2_OFFICIAL_INSTANCE_FORMER_ORIGINS=\"https://glob2online.com\" -DHAVE_CONFIG_H -DGL_SILENCE_DEPRECATION -DSDL_MAIN_HANDLED -Ibuild/darwin/client/release/recording/prefix/include -I/Users/bradley/.cache/glob2-sdl3/prefix/include -Ibuild/darwin/client/release/include -I/opt/homebrew/include -I/opt/homebrew/Cellar/opusfile/0.12_1/include/opus -I/opt/homebrew/Cellar/libogg/1.3.6/include -I/opt/homebrew/Cellar/opus/1.6.1/include/opus -Ilibgag/include -I. -Ilibusl/src -Isrc -Isrc/ai -Isrc/hud -Isrc/app -Isrc/game/player -Isrc/team -Isrc/common -Isrc/map -Isrc/game -Isrc/campaign -Isrc/campaign/screens -Isrc/replay -Isrc/game/screens -Isrc/render/clouds -Isrc/ui/screens -Isrc/game/rules -Isrc/game/diagnostics -Isrc/map/editor/screens -Isrc/engine -Isrc/ui -Isrc/map/preview -Isrc/app/cli -Isrc/net/lan/screens -Isrc/online -Isrc/map/tools -Isrc/scripting/map -Isrc/render/overlay -Isrc/audio -Isrc/online/screens -Isrc/game/orders -Isrc/resource -Isrc/ui/settings -Isrc/team/stats -Isrc/render/torus -Isrc/ai/simple -Isrc/ai/castor -Isrc/ai/javascript -Isrc/ai/nicowar -Isrc/ai/numbi -Isrc/ai/telemetry -Isrc/ai/warrush -Isrc/ai/maxima -Isrc/building -Isrc/building/types -Isrc/unit/types -Isrc/building/hud -Isrc/net -Isrc/hud/draw -Isrc/hud/input -Isrc/hud/touch -Isrc/net/turn -Isrc/unit -Isrc/map/editor -Isrc/map/generator -Isrc/map/generator/compatibility -Isrc/map/generator/core -Isrc/map/generator/generators -Isrc/map/generator/shared -Isrc/map/generator/shared/legacy -Isrc/map/gradient -Isrc/map/io -Isrc/net/lan -Isrc/net/message -Isrc/scripting/sgsl -Ithird_party/nlohmann-json/include -I/Users/bradley/.cache/glob2-sdl3/prefix/include/webp -Itest -Itest/support -Ilibgag/src -Ithird_party/quickjs-ng src/engine/EngineSessionHarness.cpp
/opt/homebrew/bin/ccache g++ -o build/darwin/client/release/test/engine-src_game_screens_CustomGameSetupHarness.o -c -g -std=gnu++20 -Wall -fPIC -O3 -DGLOB2_OFFICIAL_INSTANCE_ORIGIN=\"https://app.glob2online.com\" -DGLOB2_OFFICIAL_INSTANCE_FORMER_ORIGINS=\"https://glob2online.com\" -DHAVE_CONFIG_H -DGL_SILENCE_DEPRECATION -DSDL_MAIN_HANDLED -Ibuild/darwin/client/release/recording/prefix/include -I/Users/bradley/.cache/glob2-sdl3/prefix/include -Ibuild/darwin/client/release/include -I/opt/homebrew/include -I/opt/homebrew/Cellar/opusfile/0.12_1/include/opus -I/opt/homebrew/Cellar/libogg/1.3.6/include -I/opt/homebrew/Cellar/opus/1.6.1/include/opus -Ilibgag/include -I. -Ilibusl/src -Isrc -Isrc/ai -Isrc/hud -Isrc/app -Isrc/game/player -Isrc/team -Isrc/common -Isrc/map -Isrc/game -Isrc/campaign -Isrc/campaign/screens -Isrc/replay -Isrc/game/screens -Isrc/render/clouds -Isrc/ui/screens -Isrc/game/rules -Isrc/game/diagnostics -Isrc/map/editor/screens -Isrc/engine -Isrc/ui -Isrc/map/preview -Isrc/app/cli -Isrc/net/lan/screens -Isrc/online -Isrc/map/tools -Isrc/scripting/map -Isrc/render/overlay -Isrc/audio -Isrc/online/screens -Isrc/game/orders -Isrc/resource -Isrc/ui/settings -Isrc/team/stats -Isrc/render/torus -Isrc/ai/simple -Isrc/ai/castor -Isrc/ai/javascript -Isrc/ai/nicowar -Isrc/ai/numbi -Isrc/ai/telemetry -Isrc/ai/warrush -Isrc/ai/maxima -Isrc/building -Isrc/building/types -Isrc/unit/types -Isrc/building/hud -Isrc/net -Isrc/hud/draw -Isrc/hud/input -Isrc/hud/touch -Isrc/net/turn -Isrc/unit -Isrc/map/editor -Isrc/map/generator -Isrc/map/generator/compatibility -Isrc/map/generator/core -Isrc/map/generator/generators -Isrc/map/generator/shared -Isrc/map/generator/shared/legacy -Isrc/map/gradient -Isrc/map/io -Isrc/net/lan -Isrc/net/message -Isrc/scripting/sgsl -Ithird_party/nlohmann-json/include -I/Users/bradley/.cache/glob2-sdl3/prefix/include/webp -Itest -Itest/support -Ilibgag/src -Ithird_party/quickjs-ng src/game/screens/CustomGameSetupHarness.cpp
/opt/homebrew/bin/ccache g++ -o build/darwin/client/release/test/engine-src_map_generator_MapGeneratorDefaultsTest.o -c -g -std=gnu++20 -Wall -fPIC -O3 -fno-access-control -DGLOB2_OFFICIAL_INSTANCE_ORIGIN=\"https://app.glob2online.com\" -DGLOB2_OFFICIAL_INSTANCE_FORMER_ORIGINS=\"https://glob2online.com\" -DHAVE_CONFIG_H -DGL_SILENCE_DEPRECATION -DSDL_MAIN_HANDLED -Ibuild/darwin/client/release/recording/prefix/include -I/Users/bradley/.cache/glob2-sdl3/prefix/include -Ibuild/darwin/client/release/include -I/opt/homebrew/include -I/opt/homebrew/Cellar/opusfile/0.12_1/include/opus -I/opt/homebrew/Cellar/libogg/1.3.6/include -I/opt/homebrew/Cellar/opus/1.6.1/include/opus -Ilibgag/include -I. -Ilibusl/src -Isrc -Isrc/ai -Isrc/hud -Isrc/app -Isrc/game/player -Isrc/team -Isrc/common -Isrc/map -Isrc/game -Isrc/campaign -Isrc/campaign/screens -Isrc/replay -Isrc/game/screens -Isrc/render/clouds -Isrc/ui/screens -Isrc/game/rules -Isrc/game/diagnostics -Isrc/map/editor/screens -Isrc/engine -Isrc/ui -Isrc/map/preview -Isrc/app/cli -Isrc/net/lan/screens -Isrc/online -Isrc/map/tools -Isrc/scripting/map -Isrc/render/overlay -Isrc/audio -Isrc/online/screens -Isrc/game/orders -Isrc/resource -Isrc/ui/settings -Isrc/team/stats -Isrc/render/torus -Isrc/ai/simple -Isrc/ai/castor -Isrc/ai/javascript -Isrc/ai/nicowar -Isrc/ai/numbi -Isrc/ai/telemetry -Isrc/ai/warrush -Isrc/ai/maxima -Isrc/building -Isrc/building/types -Isrc/unit/types -Isrc/building/hud -Isrc/net -Isrc/hud/draw -Isrc/hud/input -Isrc/hud/touch -Isrc/net/turn -Isrc/unit -Isrc/map/editor -Isrc/map/generator -Isrc/map/generator/compatibility -Isrc/map/generator/core -Isrc/map/generator/generators -Isrc/map/generator/shared -Isrc/map/generator/shared/legacy -Isrc/map/gradient -Isrc/map/io -Isrc/net/lan -Isrc/net/message -Isrc/scripting/sgsl -Ithird_party/nlohmann-json/include -I/Users/bradley/.cache/glob2-sdl3/prefix/include/webp -Itest -Itest/support -Ilibgag/src -Ithird_party/quickjs-ng src/map/generator/MapGeneratorDefaultsTest.cpp
/opt/homebrew/bin/ccache g++ -o build/darwin/client/release/src/ui/screens/FileImport.o -c -g -std=gnu++20 -Wall -fPIC -O3 -DGLOB2_OFFICIAL_INSTANCE_ORIGIN=\"https://app.glob2online.com\" -DGLOB2_OFFICIAL_INSTANCE_FORMER_ORIGINS=\"https://glob2online.com\" -DHAVE_CONFIG_H -DGL_SILENCE_DEPRECATION -Ibuild/darwin/client/release/recording/prefix/include -I/Users/bradley/.cache/glob2-sdl3/prefix/include -Ibuild/darwin/client/release/include -I/opt/homebrew/include -I/opt/homebrew/Cellar/opusfile/0.12_1/include/opus -I/opt/homebrew/Cellar/libogg/1.3.6/include -I/opt/homebrew/Cellar/opus/1.6.1/include/opus -Ilibgag/include -I. -Ilibusl/src -Isrc -Isrc/ai -Isrc/hud -Isrc/app -Isrc/game/player -Isrc/team -Isrc/common -Isrc/map -Isrc/game -Isrc/campaign -Isrc/campaign/screens -Isrc/replay -Isrc/game/screens -Isrc/render/clouds -Isrc/ui/screens -Isrc/game/rules -Isrc/game/diagnostics -Isrc/map/editor/screens -Isrc/engine -Isrc/ui -Isrc/map/preview -Isrc/app/cli -Isrc/net/lan/screens -Isrc/online -Isrc/map/tools -Isrc/scripting/map -Isrc/render/overlay -Isrc/audio -Isrc/online/screens -Isrc/game/orders -Isrc/resource -Isrc/ui/settings -Isrc/team/stats -Isrc/render/torus -Isrc/ai/simple -Isrc/ai/castor -Isrc/ai/javascript -Isrc/ai/nicowar -Isrc/ai/numbi -Isrc/ai/telemetry -Isrc/ai/warrush -Isrc/ai/maxima -Isrc/building -Isrc/building/types -Isrc/unit/types -Isrc/building/hud -Isrc/net -Isrc/hud/draw -Isrc/hud/input -Isrc/hud/touch -Isrc/net/turn -Isrc/unit -Isrc/map/editor -Isrc/map/generator -Isrc/map/generator/compatibility -Isrc/map/generator/core -Isrc/map/generator/generators -Isrc/map/generator/shared -Isrc/map/generator/shared/legacy -Isrc/map/gradient -Isrc/map/io -Isrc/net/lan -Isrc/net/message -Isrc/scripting/sgsl -Ithird_party/nlohmann-json/include -I/Users/bradley/.cache/glob2-sdl3/prefix/include/webp -Ibuild/darwin/client/release/src -Isrc -Ithird_party/quickjs-ng src/ui/screens/FileImport.cpp
In file included from src/ui/screens/FileImport.cpp:3:
In file included from src/hud/GameGUI.h:20:
In file included from src/game/Game.h:12:
In file included from src/map/Map.h:21:
In file included from src/team/Team.h:16:
In file included from src/game/GameEvent.h:9:
In file included from libgag/include/GraphicContext.h:6:
libgag/include/SDLGraphicContext.h:545:16: warning: 'setRes' overrides a member function but is not marked 'override' [-Winconsistent-missing-override]
  545 |                 virtual void setRes(int w, int h) { setRes(w, h, optionFlags); }
      |                              ^
libgag/include/SDLGraphicContext.h:244:16: note: overridden virtual function is here
  244 |                 virtual void setRes(int w, int h);
      |                              ^
libgag/include/SDLGraphicContext.h:621:16: warning: 'setClipRect' overrides a member function but is not marked 'override' [-Winconsistent-missing-override]
  621 |                 virtual void setClipRect(int x, int y, int w, int h);
      |                              ^
libgag/include/SDLGraphicContext.h:246:16: note: overridden virtual function is here
  246 |                 virtual void setClipRect(int x, int y, int w, int h);
      |                              ^
libgag/include/SDLGraphicContext.h:622:16: warning: 'setClipRect' overrides a member function but is not marked 'override' [-Winconsistent-missing-override]
  622 |                 virtual void setClipRect(void);
      |                              ^
libgag/include/SDLGraphicContext.h:247:16: note: overridden virtual function is here
  247 |                 virtual void setClipRect(void);
      |                              ^
libgag/include/SDLGraphicContext.h:627:22: warning: 'nextFrame' overrides a member function but is not marked 'override' [-Winconsistent-missing-override]
  627 |         virtual void nextFrame(void);
      |                      ^
libgag/include/SDLGraphicContext.h:248:16: note: overridden virtual function is here
  248 |                 virtual void nextFrame(void) { flushTextPictures(); }
      |                              ^
libgag/include/SDLGraphicContext.h:629:16: warning: 'loadImage' overrides a member function but is not marked 'override' [-Winconsistent-missing-override]
  629 |                 virtual bool loadImage(const std::string name) { return false; }
      |                              ^
libgag/include/SDLGraphicContext.h:249:16: note: overridden virtual function is here
  249 |                 virtual bool loadImage(const std::string name);
      |                              ^
libgag/include/SDLGraphicContext.h:633:16: warning: 'shiftHSV' overrides a member function but is not marked 'override' [-Winconsistent-missing-override]
  633 |                 virtual void shiftHSV(float hue, float sat, float lum) { }
      |                              ^
libgag/include/SDLGraphicContext.h:250:16: note: overridden virtual function is here
  250 |                 virtual void shiftHSV(float hue, float sat, float lum);
      |                              ^
libgag/include/SDLGraphicContext.h:636:16: warning: 'canDrawStretchedSprite' overrides a member function but is not marked 'override' [-Winconsistent-missing-override]
  636 |                 virtual bool canDrawStretchedSprite(void) { return hasPortableRenderer() || (optionFlags & USEGPU) != 0; }
      |                              ^
libgag/include/SDLGraphicContext.h:268:16: note: overridden virtual function is here
  268 |                 virtual bool canDrawStretchedSprite(void) { return false; }
      |                              ^
libgag/include/SDLGraphicContext.h:638:16: warning: 'drawPixel' overrides a member function but is not marked 'override' [-Winconsistent-missing-override]
  638 |                 virtual void drawPixel(int x, int y, const Color& color);
      |                              ^
libgag/include/SDLGraphicContext.h:271:16: note: overridden virtual function is here
  271 |                 virtual void drawPixel(int x, int y, const Color& color);
      |                              ^
libgag/include/SDLGraphicContext.h:639:16: warning: 'drawPixel' overrides a member function but is not marked 'override' [-Winconsistent-missing-override]
  639 |                 virtual void drawPixel(float x, float y, const Color& color);
      |                              ^
libgag/include/SDLGraphicContext.h:272:16: note: overridden virtual function is here
  272 |                 virtual void drawPixel(float x, float y, const Color& color);
      |                              ^
libgag/include/SDLGraphicContext.h:641:16: warning: 'drawRect' overrides a member function but is not marked 'override' [-Winconsistent-missing-override]
  641 |                 virtual void drawRect(int x, int y, int w, int h, const Color& color);
      |                              ^
libgag/include/SDLGraphicContext.h:274:16: note: overridden virtual function is here
  274 |                 virtual void drawRect(int x, int y, int w, int h, const Color& color);
      |                              ^
libgag/include/SDLGraphicContext.h:642:16: warning: 'drawRect' overrides a member function but is not marked 'override' [-Winconsistent-missing-override]
  642 |                 virtual void drawRect(float x, float y, float w, float h, const Color& color);
      |                              ^
libgag/include/SDLGraphicContext.h:275:16: note: overridden virtual function is here
  275 |                 virtual void drawRect(float x, float y, float w, float h, const Color& color);
      |                              ^
libgag/include/SDLGraphicContext.h:644:16: warning: 'drawFilledRect' overrides a member function but is not marked 'override' [-Winconsistent-missing-override]
  644 |                 virtual void drawFilledRect(int x, int y, int w, int h, const Color& color);
      |                              ^
libgag/include/SDLGraphicContext.h:277:16: note: overridden virtual function is here
  277 |                 virtual void drawFilledRect(int x, int y, int w, int h, const Color& color);
      |                              ^
libgag/include/SDLGraphicContext.h:645:16: warning: 'drawFilledRect' overrides a member function but is not marked 'override' [-Winconsistent-missing-override]
  645 |                 virtual void drawFilledRect(float x, float y, float w, float h, const Color& color);
      |                              ^
libgag/include/SDLGraphicContext.h:278:16: note: overridden virtual function is here
  278 |                 virtual void drawFilledRect(float x, float y, float w, float h, const Color& color);
      |                              ^
libgag/include/SDLGraphicContext.h:647:16: warning: 'drawLine' overrides a member function but is not marked 'override' [-Winconsistent-missing-override]
  647 |                 virtual void drawLine(int x1, int y1, int x2, int y2, const Color& color);
      |                              ^
libgag/include/SDLGraphicContext.h:280:16: note: overridden virtual function is here
  280 |                 virtual void drawLine(int x1, int y1, int x2, int y2, const Color& color);
      |                              ^
libgag/include/SDLGraphicContext.h:648:16: warning: 'drawLine' overrides a member function but is not marked 'override' [-Winconsistent-missing-override]
  648 |                 virtual void drawLine(float x1, float y1, float x2, float y2, const Color& color);
      |                              ^
libgag/include/SDLGraphicContext.h:281:16: note: overridden virtual function is here
  281 |                 virtual void drawLine(float x1, float y1, float x2, float y2, const Color& color);
      |                              ^
libgag/include/SDLGraphicContext.h:650:16: warning: 'drawCircle' overrides a member function but is not marked 'override' [-Winconsistent-missing-override]
  650 |                 virtual void drawCircle(int x, int y, int radius, const Color& color);
      |                              ^
libgag/include/SDLGraphicContext.h:283:16: note: overridden virtual function is here
  283 |                 virtual void drawCircle(int x, int y, int radius, const Color& color);
      |                              ^
libgag/include/SDLGraphicContext.h:651:16: warning: 'drawCircle' overrides a member function but is not marked 'override' [-Winconsistent-missing-override]
  651 |                 virtual void drawCircle(float x, float y, float radius, const Color& color);
      |                              ^
libgag/include/SDLGraphicContext.h:284:16: note: overridden virtual function is here
  284 |                 virtual void drawCircle(float x, float y, float radius, const Color& color);
      |                              ^
libgag/include/SDLGraphicContext.h:653:16: warning: 'drawSurface' overrides a member function but is not marked 'override' [-Winconsistent-missing-override]
  653 |                 virtual void drawSurface(int x, int y, DrawableSurface *surface, Uint8 alpha = Color::ALPHA_OPAQUE);
      |                              ^
libgag/include/SDLGraphicContext.h:286:16: note: overridden virtual function is here
  286 |                 virtual void drawSurface(int x, int y, DrawableSurface *surface, Uint8 alpha = Color::ALPHA_OPAQUE);
      |                              ^
libgag/include/SDLGraphicContext.h:654:16: warning: 'drawSurface' overrides a member function but is not marked 'override' [-Winconsistent-missing-override]
  654 |                 virtual void drawSurface(float x, float y, DrawableSurface *surface, Uint8 alpha = Color::ALPHA_OPAQUE);
      |                              ^
libgag/include/SDLGraphicContext.h:287:16: note: overridden virtual function is here
  287 |                 virtual void drawSurface(float x, float y, DrawableSurface *surface, Uint8 alpha = Color::ALPHA_OPAQUE);
      |                              ^
libgag/include/SDLGraphicContext.h:656:16: warning: 'drawSurface' overrides a member function but is not marked 'override' [-Winconsistent-missing-override]
  656 |                 virtual void drawSurface(int x, int y, int w, int h, DrawableSurface *surface, Uint8 alpha = Color::ALPHA_OPAQUE);
      |                              ^
libgag/include/SDLGraphicContext.h:289:16: note: overridden virtual function is here
  289 |                 virtual void drawSurface(int x, int y, int w, int h, DrawableSurface *surface, Uint8 alpha = Color::ALPHA_OPAQUE);
      |                              ^
libgag/include/SDLGraphicContext.h:657:16: warning: 'drawSurface' overrides a member function but is not marked 'override' [-Winconsistent-missing-override]
  657 |                 virtual void drawSurface(float x, float y, float w, float h, DrawableSurface *surface, Uint8 alpha = Color::ALPHA_OPAQUE);
      |                              ^
libgag/include/SDLGraphicContext.h:290:16: note: overridden virtual function is here
  290 |                 virtual void drawSurface(float x, float y, float w, float h, DrawableSurface *surface, Uint8 alpha = Color::ALPHA_OPAQUE);
      |                              ^
libgag/include/SDLGraphicContext.h:659:16: warning: 'drawSurface' overrides a member function but is not marked 'override' [-Winconsistent-missing-override]
  659 |                 virtual void drawSurface(int x, int y, DrawableSurface *surface, int sx, int sy, int sw, int sh, Uint8 alpha = Color::ALPHA_OPAQUE);
      |                              ^
libgag/include/SDLGraphicContext.h:292:16: note: overridden virtual function is here
  292 |                 virtual void drawSurface(int x, int y, DrawableSurface *surface, int sx, int sy, int sw, int sh, Uint8 alpha = Color::ALPHA_OPAQUE);
      |                              ^
libgag/include/SDLGraphicContext.h:660:16: warning: 'drawSurface' overrides a member function but is not marked 'override' [-Winconsistent-missing-override]
  660 |                 virtual void drawSurface(float x, float y, DrawableSurface *surface, int sx, int sy, int sw, int sh, Uint8 alpha = Color::ALPHA_OPAQUE);
      |                              ^
libgag/include/SDLGraphicContext.h:293:16: note: overridden virtual function is here
  293 |                 virtual void drawSurface(float x, float y, DrawableSurface *surface, int sx, int sy, int sw, int sh, Uint8 alpha = Color::ALPHA_OPAQUE);
      |                              ^
libgag/include/SDLGraphicContext.h:662:16: warning: 'drawSurface' overrides a member function but is not marked 'override' [-Winconsistent-missing-override]
  662 |                 virtual void drawSurface(int x, int y, int w, int h, DrawableSurface *surface, int sx, int sy, int sw, int sh,  Uint8 alpha = Color::ALPHA_OPAQUE);
      |                              ^
libgag/include/SDLGraphicContext.h:295:16: note: overridden virtual function is here
  295 |                 virtual void drawSurface(int x, int y, int w, int h, DrawableSurface *surface, int sx, int sy, int sw, int sh,  Uint8 alpha = Color::ALPHA_OPAQUE);
      |                              ^
libgag/include/SDLGraphicContext.h:663:16: warning: 'drawSurface' overrides a member function but is not marked 'override' [-Winconsistent-missing-override]
  663 |                 virtual void drawSurface(float x, float y, float w, float h, DrawableSurface *surface, int sx, int sy, int sw, int sh, Uint8 alpha = Color::ALPHA_OPAQUE);
      |                              ^
libgag/include/SDLGraphicContext.h:296:16: note: overridden virtual function is here
  296 |                 virtual void drawSurface(float x, float y, float w, float h, DrawableSurface *surface, int sx, int sy, int sw, int sh, Uint8 alpha = Color::ALPHA_OPAQUE);
      |                              ^
libgag/include/SDLGraphicContext.h:692:16: warning: 'drawAlphaMap' overrides a member function but is not marked 'override' [-Winconsistent-missing-override]
  692 |                 virtual void drawAlphaMap(const std::valarray<float> &map, int mapW, int mapH, int x, int y, int cellW, int cellH, const Color &color);
      |                              ^
libgag/include/SDLGraphicContext.h:309:16: note: overridden virtual function is here
  309 |                 virtual void drawAlphaMap(const std::valarray<float> &map, int mapW, int mapH, int x, int y, int cellW, int cellH, const Color &color);
      |                              ^
libgag/include/SDLGraphicContext.h:693:16: warning: 'drawAlphaMap' overrides a member function but is not marked 'override' [-Winconsistent-missing-override]
  693 |                 virtual void drawAlphaMap(const std::valarray<unsigned char> &map, int mapW, int mapH, int x, int y, int cellW, int cellH, const Color &color);
      |                              ^
libgag/include/SDLGraphicContext.h:310:16: note: overridden virtual function is here
  310 |                 virtual void drawAlphaMap(const std::valarray<unsigned char> &map, int mapW, int mapH, int x, int y, int cellW, int cellH, const Color &color);
      |                              ^
libgag/include/SDLGraphicContext.h:696:16: warning: 'drawPixel' overrides a member function but is not marked 'override' [-Winconsistent-missing-override]
  696 |                 virtual void drawPixel(int x, int y, Uint8 r, Uint8 g, Uint8 b, Uint8 a = Color::ALPHA_OPAQUE);
      |                              ^
libgag/include/SDLGraphicContext.h:313:16: note: overridden virtual function is here
  313 |                 virtual void drawPixel(int x, int y, Uint8 r, Uint8 g, Uint8 b, Uint8 a = Color::ALPHA_OPAQUE);
      |                              ^
libgag/include/SDLGraphicContext.h:697:16: warning: 'drawRect' overrides a member function but is not marked 'override' [-Winconsistent-missing-override]
  697 |                 virtual void drawRect(int x, int y, int w, int h, Uint8 r, Uint8 g, Uint8 b, Uint8 a = Color::ALPHA_OPAQUE);
      |                              ^
libgag/include/SDLGraphicContext.h:314:16: note: overridden virtual function is here
  314 |                 virtual void drawRect(int x, int y, int w, int h, Uint8 r, Uint8 g, Uint8 b, Uint8 a = Color::ALPHA_OPAQUE);
      |                              ^
libgag/include/SDLGraphicContext.h:698:16: warning: 'drawFilledRect' overrides a member function but is not marked 'override' [-Winconsistent-missing-override]
  698 |                 virtual void drawFilledRect(int x, int y, int w, int h, Uint8 r, Uint8 g, Uint8 b, Uint8 a = Color::ALPHA_OPAQUE);
      |                              ^
libgag/include/SDLGraphicContext.h:315:16: note: overridden virtual function is here
  315 |                 virtual void drawFilledRect(int x, int y, int w, int h, Uint8 r, Uint8 g, Uint8 b, Uint8 a = Color::ALPHA_OPAQUE);
      |                              ^
libgag/include/SDLGraphicContext.h:699:16: warning: 'drawVertLine' overrides a member function but is not marked 'override' [-Winconsistent-missing-override]
  699 |                 virtual void drawVertLine(int x, int y, int l, Uint8 r, Uint8 g, Uint8 b, Uint8 a = Color::ALPHA_OPAQUE);
      |                              ^
libgag/include/SDLGraphicContext.h:316:16: note: overridden virtual function is here
  316 |                 virtual void drawVertLine(int x, int y, int l, Uint8 r, Uint8 g, Uint8 b, Uint8 a = Color::ALPHA_OPAQUE);
      |                              ^
libgag/include/SDLGraphicContext.h:700:16: warning: 'drawVertLine' overrides a member function but is not marked 'override' [-Winconsistent-missing-override]
  700 |                 virtual void drawVertLine(int x, int y, int l, const Color& color);
      |                              ^
libgag/include/SDLGraphicContext.h:317:16: note: overridden virtual function is here
  317 |                 virtual void drawVertLine(int x, int y, int l, const Color& color);
      |                              ^
libgag/include/SDLGraphicContext.h:701:16: warning: 'drawHorzLine' overrides a member function but is not marked 'override' [-Winconsistent-missing-override]
  701 |                 virtual void drawHorzLine(int x, int y, int l, Uint8 r, Uint8 g, Uint8 b, Uint8 a = Color::ALPHA_OPAQUE);
      |                              ^
libgag/include/SDLGraphicContext.h:318:16: note: overridden virtual function is here
  318 |                 virtual void drawHorzLine(int x, int y, int l, Uint8 r, Uint8 g, Uint8 b, Uint8 a = Color::ALPHA_OPAQUE);
      |                              ^
libgag/include/SDLGraphicContext.h:702:16: warning: 'drawHorzLine' overrides a member function but is not marked 'override' [-Winconsistent-missing-override]
  702 |                 virtual void drawHorzLine(int x, int y, int l, const Color& color);
      |                              ^
libgag/include/SDLGraphicContext.h:319:16: note: overridden virtual function is here
  319 |                 virtual void drawHorzLine(int x, int y, int l, const Color& color);
      |                              ^
libgag/include/SDLGraphicContext.h:703:16: warning: 'drawLine' overrides a member function but is not marked 'override' [-Winconsistent-missing-override]
  703 |                 virtual void drawLine(int x1, int y1, int x2, int y2, Uint8 r, Uint8 g, Uint8 b, Uint8 a = Color::ALPHA_OPAQUE);
      |                              ^
libgag/include/SDLGraphicContext.h:320:16: note: overridden virtual function is here
  320 |                 virtual void drawLine(int x1, int y1, int x2, int y2, Uint8 r, Uint8 g, Uint8 b, Uint8 a = Color::ALPHA_OPAQUE);
      |                              ^
libgag/include/SDLGraphicContext.h:704:16: warning: 'drawCircle' overrides a member function but is not marked 'override' [-Winconsistent-missing-override]
  704 |                 virtual void drawCircle(int x, int y, int radius, Uint8 r, Uint8 g, Uint8 b, Uint8 a = Color::ALPHA_OPAQUE);
      |                              ^
libgag/include/SDLGraphicContext.h:321:16: note: overridden virtual function is here
  321 |                 virtual void drawCircle(int x, int y, int radius, Uint8 r, Uint8 g, Uint8 b, Uint8 a = Color::ALPHA_OPAQUE);
      |                              ^
36 warnings generated.
In file included from src/engine/EngineSessionHarness.cpp:3:
In file included from test/support/EngineFixtures.h:9:
In file included from src/game/Game.h:12:
In file included from src/map/Map.h:21:
In file included from src/team/Team.h:16:
In file included from src/game/GameEvent.h:9:
In file included from libgag/include/GraphicContext.h:6:
libgag/include/SDLGraphicContext.h:545:16: warning: 'setRes' overrides a member function but is not marked 'override' [-Winconsistent-missing-override]
  545 |                 virtual void setRes(int w, int h) { setRes(w, h, optionFlags); }
      |                              ^
libgag/include/SDLGraphicContext.h:244:16: note: overridden virtual function is here
  244 |                 virtual void setRes(int w, int h);
      |                              ^
libgag/include/SDLGraphicContext.h:621:16: warning: 'setClipRect' overrides a member function but is not marked 'override' [-Winconsistent-missing-override]
  621 |                 virtual void setClipRect(int x, int y, int w, int h);
      |                              ^
libgag/include/SDLGraphicContext.h:246:16: note: overridden virtual function is here
  246 |                 virtual void setClipRect(int x, int y, int w, int h);
      |                              ^
libgag/include/SDLGraphicContext.h:622:16: warning: 'setClipRect' overrides a member function but is not marked 'override' [-Winconsistent-missing-override]
  622 |                 virtual void setClipRect(void);
      |                              ^
libgag/include/SDLGraphicContext.h:247:16: note: overridden virtual function is here
  247 |                 virtual void setClipRect(void);
      |                              ^
libgag/include/SDLGraphicContext.h:627:22: warning: 'nextFrame' overrides a member function but is not marked 'override' [-Winconsistent-missing-override]
  627 |         virtual void nextFrame(void);
      |                      ^
libgag/include/SDLGraphicContext.h:248:16: note: overridden virtual function is here
  248 |                 virtual void nextFrame(void) { flushTextPictures(); }
      |                              ^
libgag/include/SDLGraphicContext.h:629:16: warning: 'loadImage' overrides a member function but is not marked 'override' [-Winconsistent-missing-override]
  629 |                 virtual bool loadImage(const std::string name) { return false; }
      |                              ^
libgag/include/SDLGraphicContext.h:249:16: note: overridden virtual function is here
  249 |                 virtual bool loadImage(const std::string name);
      |                              ^
libgag/include/SDLGraphicContext.h:633:16: warning: 'shiftHSV' overrides a member function but is not marked 'override' [-Winconsistent-missing-override]
  633 |                 virtual void shiftHSV(float hue, float sat, float lum) { }
      |                              ^
libgag/include/SDLGraphicContext.h:250:16: note: overridden virtual function is here
  250 |                 virtual void shiftHSV(float hue, float sat, float lum);
      |                              ^
libgag/include/SDLGraphicContext.h:636:16: warning: 'canDrawStretchedSprite' overrides a member function but is not marked 'override' [-Winconsistent-missing-override]
  636 |                 virtual bool canDrawStretchedSprite(void) { return hasPortableRenderer() || (optionFlags & USEGPU) != 0; }
      |                              ^
libgag/include/SDLGraphicContext.h:268:16: note: overridden virtual function is here
  268 |                 virtual bool canDrawStretchedSprite(void) { return false; }
      |                              ^
libgag/include/SDLGraphicContext.h:638:16: warning: 'drawPixel' overrides a member function but is not marked 'override' [-Winconsistent-missing-override]
  638 |                 virtual void drawPixel(int x, int y, const Color& color);
      |                              ^
libgag/include/SDLGraphicContext.h:271:16: note: overridden virtual function is here
  271 |                 virtual void drawPixel(int x, int y, const Color& color);
      |                              ^
libgag/include/SDLGraphicContext.h:639:16: warning: 'drawPixel' overrides a member function but is not marked 'override' [-Winconsistent-missing-override]
  639 |                 virtual void drawPixel(float x, float y, const Color& color);
      |                              ^
libgag/include/SDLGraphicContext.h:272:16: note: overridden virtual function is here
  272 |                 virtual void drawPixel(float x, float y, const Color& color);
      |                              ^
libgag/include/SDLGraphicContext.h:641:16: warning: 'drawRect' overrides a member function but is not marked 'override' [-Winconsistent-missing-override]
  641 |                 virtual void drawRect(int x, int y, int w, int h, const Color& color);
      |                              ^
libgag/include/SDLGraphicContext.h:274:16: note: overridden virtual function is here
  274 |                 virtual void drawRect(int x, int y, int w, int h, const Color& color);
      |                              ^
libgag/include/SDLGraphicContext.h:642:16: warning: 'drawRect' overrides a member function but is not marked 'override' [-Winconsistent-missing-override]
  642 |                 virtual void drawRect(float x, float y, float w, float h, const Color& color);
      |                              ^
libgag/include/SDLGraphicContext.h:275:16: note: overridden virtual function is here
  275 |                 virtual void drawRect(float x, float y, float w, float h, const Color& color);
      |                              ^
libgag/include/SDLGraphicContext.h:644:16: warning: 'drawFilledRect' overrides a member function but is not marked 'override' [-Winconsistent-missing-override]
  644 |                 virtual void drawFilledRect(int x, int y, int w, int h, const Color& color);
      |                              ^
libgag/include/SDLGraphicContext.h:277:16: note: overridden virtual function is here
  277 |                 virtual void drawFilledRect(int x, int y, int w, int h, const Color& color);
      |                              ^
libgag/include/SDLGraphicContext.h:645:16: warning: 'drawFilledRect' overrides a member function but is not marked 'override' [-Winconsistent-missing-override]
  645 |                 virtual void drawFilledRect(float x, float y, float w, float h, const Color& color);
      |                              ^
libgag/include/SDLGraphicContext.h:278:16: note: overridden virtual function is here
  278 |                 virtual void drawFilledRect(float x, float y, float w, float h, const Color& color);
      |                              ^
libgag/include/SDLGraphicContext.h:647:16: warning: 'drawLine' overrides a member function but is not marked 'override' [-Winconsistent-missing-override]
  647 |                 virtual void drawLine(int x1, int y1, int x2, int y2, const Color& color);
      |                              ^
libgag/include/SDLGraphicContext.h:280:16: note: overridden virtual function is here
  280 |                 virtual void drawLine(int x1, int y1, int x2, int y2, const Color& color);
      |                              ^
libgag/include/SDLGraphicContext.h:648:16: warning: 'drawLine' overrides a member function but is not marked 'override' [-Winconsistent-missing-override]
  648 |                 virtual void drawLine(float x1, float y1, float x2, float y2, const Color& color);
      |                              ^
libgag/include/SDLGraphicContext.h:281:16: note: overridden virtual function is here
  281 |                 virtual void drawLine(float x1, float y1, float x2, float y2, const Color& color);
      |                              ^
libgag/include/SDLGraphicContext.h:650:16: warning: 'drawCircle' overrides a member function but is not marked 'override' [-Winconsistent-missing-override]
  650 |                 virtual void drawCircle(int x, int y, int radius, const Color& color);
      |                              ^
libgag/include/SDLGraphicContext.h:283:16: note: overridden virtual function is here
  283 |                 virtual void drawCircle(int x, int y, int radius, const Color& color);
      |                              ^
libgag/include/SDLGraphicContext.h:651:16: warning: 'drawCircle' overrides a member function but is not marked 'override' [-Winconsistent-missing-override]
  651 |                 virtual void drawCircle(float x, float y, float radius, const Color& color);
      |                              ^
libgag/include/SDLGraphicContext.h:284:16: note: overridden virtual function is here
  284 |                 virtual void drawCircle(float x, float y, float radius, const Color& color);
      |                              ^
libgag/include/SDLGraphicContext.h:653:16: warning: 'drawSurface' overrides a member function but is not marked 'override' [-Winconsistent-missing-override]
  653 |                 virtual void drawSurface(int x, int y, DrawableSurface *surface, Uint8 alpha = Color::ALPHA_OPAQUE);
      |                              ^
libgag/include/SDLGraphicContext.h:286:16: note: overridden virtual function is here
  286 |                 virtual void drawSurface(int x, int y, DrawableSurface *surface, Uint8 alpha = Color::ALPHA_OPAQUE);
      |                              ^
libgag/include/SDLGraphicContext.h:654:16: warning: 'drawSurface' overrides a member function but is not marked 'override' [-Winconsistent-missing-override]
  654 |                 virtual void drawSurface(float x, float y, DrawableSurface *surface, Uint8 alpha = Color::ALPHA_OPAQUE);
      |                              ^
libgag/include/SDLGraphicContext.h:287:16: note: overridden virtual function is here
  287 |                 virtual void drawSurface(float x, float y, DrawableSurface *surface, Uint8 alpha = Color::ALPHA_OPAQUE);
      |                              ^
libgag/include/SDLGraphicContext.h:656:16: warning: 'drawSurface' overrides a member function but is not marked 'override' [-Winconsistent-missing-override]
  656 |                 virtual void drawSurface(int x, int y, int w, int h, DrawableSurface *surface, Uint8 alpha = Color::ALPHA_OPAQUE);
      |                              ^
libgag/include/SDLGraphicContext.h:289:16: note: overridden virtual function is here
  289 |                 virtual void drawSurface(int x, int y, int w, int h, DrawableSurface *surface, Uint8 alpha = Color::ALPHA_OPAQUE);
      |                              ^
libgag/include/SDLGraphicContext.h:657:16: warning: 'drawSurface' overrides a member function but is not marked 'override' [-Winconsistent-missing-override]
  657 |                 virtual void drawSurface(float x, float y, float w, float h, DrawableSurface *surface, Uint8 alpha = Color::ALPHA_OPAQUE);
      |                              ^
libgag/include/SDLGraphicContext.h:290:16: note: overridden virtual function is here
  290 |                 virtual void drawSurface(float x, float y, float w, float h, DrawableSurface *surface, Uint8 alpha = Color::ALPHA_OPAQUE);
      |                              ^
libgag/include/SDLGraphicContext.h:659:16: warning: 'drawSurface' overrides a member function but is not marked 'override' [-Winconsistent-missing-override]
  659 |                 virtual void drawSurface(int x, int y, DrawableSurface *surface, int sx, int sy, int sw, int sh, Uint8 alpha = Color::ALPHA_OPAQUE);
      |                              ^
libgag/include/SDLGraphicContext.h:292:16: note: overridden virtual function is here
  292 |                 virtual void drawSurface(int x, int y, DrawableSurface *surface, int sx, int sy, int sw, int sh, Uint8 alpha = Color::ALPHA_OPAQUE);
      |                              ^
libgag/include/SDLGraphicContext.h:660:16: warning: 'drawSurface' overrides a member function but is not marked 'override' [-Winconsistent-missing-override]
  660 |                 virtual void drawSurface(float x, float y, DrawableSurface *surface, int sx, int sy, int sw, int sh, Uint8 alpha = Color::ALPHA_OPAQUE);
      |                              ^
libgag/include/SDLGraphicContext.h:293:16: note: overridden virtual function is here
  293 |                 virtual void drawSurface(float x, float y, DrawableSurface *surface, int sx, int sy, int sw, int sh, Uint8 alpha = Color::ALPHA_OPAQUE);
      |                              ^
libgag/include/SDLGraphicContext.h:662:16: warning: 'drawSurface' overrides a member function but is not marked 'override' [-Winconsistent-missing-override]
  662 |                 virtual void drawSurface(int x, int y, int w, int h, DrawableSurface *surface, int sx, int sy, int sw, int sh,  Uint8 alpha = Color::ALPHA_OPAQUE);
      |                              ^
libgag/include/SDLGraphicContext.h:295:16: note: overridden virtual function is here
  295 |                 virtual void drawSurface(int x, int y, int w, int h, DrawableSurface *surface, int sx, int sy, int sw, int sh,  Uint8 alpha = Color::ALPHA_OPAQUE);
      |                              ^
libgag/include/SDLGraphicContext.h:663:16: warning: 'drawSurface' overrides a member function but is not marked 'override' [-Winconsistent-missing-override]
  663 |                 virtual void drawSurface(float x, float y, float w, float h, DrawableSurface *surface, int sx, int sy, int sw, int sh, Uint8 alpha = Color::ALPHA_OPAQUE);
      |                              ^
libgag/include/SDLGraphicContext.h:296:16: note: overridden virtual function is here
  296 |                 virtual void drawSurface(float x, float y, float w, float h, DrawableSurface *surface, int sx, int sy, int sw, int sh, Uint8 alpha = Color::ALPHA_OPAQUE);
      |                              ^
libgag/include/SDLGraphicContext.h:692:16: warning: 'drawAlphaMap' overrides a member function but is not marked 'override' [-Winconsistent-missing-override]
  692 |                 virtual void drawAlphaMap(const std::valarray<float> &map, int mapW, int mapH, int x, int y, int cellW, int cellH, const Color &color);
      |                              ^
libgag/include/SDLGraphicContext.h:309:16: note: overridden virtual function is here
  309 |                 virtual void drawAlphaMap(const std::valarray<float> &map, int mapW, int mapH, int x, int y, int cellW, int cellH, const Color &color);
      |                              ^
libgag/include/SDLGraphicContext.h:693:16: warning: 'drawAlphaMap' overrides a member function but is not marked 'override' [-Winconsistent-missing-override]
  693 |                 virtual void drawAlphaMap(const std::valarray<unsigned char> &map, int mapW, int mapH, int x, int y, int cellW, int cellH, const Color &color);
      |                              ^
libgag/include/SDLGraphicContext.h:310:16: note: overridden virtual function is here
  310 |                 virtual void drawAlphaMap(const std::valarray<unsigned char> &map, int mapW, int mapH, int x, int y, int cellW, int cellH, const Color &color);
      |                              ^
libgag/include/SDLGraphicContext.h:696:16: warning: 'drawPixel' overrides a member function but is not marked 'override' [-Winconsistent-missing-override]
  696 |                 virtual void drawPixel(int x, int y, Uint8 r, Uint8 g, Uint8 b, Uint8 a = Color::ALPHA_OPAQUE);
      |                              ^
libgag/include/SDLGraphicContext.h:313:16: note: overridden virtual function is here
  313 |                 virtual void drawPixel(int x, int y, Uint8 r, Uint8 g, Uint8 b, Uint8 a = Color::ALPHA_OPAQUE);
      |                              ^
libgag/include/SDLGraphicContext.h:697:16: warning: 'drawRect' overrides a member function but is not marked 'override' [-Winconsistent-missing-override]
  697 |                 virtual void drawRect(int x, int y, int w, int h, Uint8 r, Uint8 g, Uint8 b, Uint8 a = Color::ALPHA_OPAQUE);
      |                              ^
libgag/include/SDLGraphicContext.h:314:16: note: overridden virtual function is here
  314 |                 virtual void drawRect(int x, int y, int w, int h, Uint8 r, Uint8 g, Uint8 b, Uint8 a = Color::ALPHA_OPAQUE);
      |                              ^
libgag/include/SDLGraphicContext.h:698:16: warning: 'drawFilledRect' overrides a member function but is not marked 'override' [-Winconsistent-missing-override]
  698 |                 virtual void drawFilledRect(int x, int y, int w, int h, Uint8 r, Uint8 g, Uint8 b, Uint8 a = Color::ALPHA_OPAQUE);
      |                              ^
libgag/include/SDLGraphicContext.h:315:16: note: overridden virtual function is here
  315 |                 virtual void drawFilledRect(int x, int y, int w, int h, Uint8 r, Uint8 g, Uint8 b, Uint8 a = Color::ALPHA_OPAQUE);
      |                              ^
libgag/include/SDLGraphicContext.h:699:16: warning: 'drawVertLine' overrides a member function but is not marked 'override' [-Winconsistent-missing-override]
  699 |                 virtual void drawVertLine(int x, int y, int l, Uint8 r, Uint8 g, Uint8 b, Uint8 a = Color::ALPHA_OPAQUE);
      |                              ^
libgag/include/SDLGraphicContext.h:316:16: note: overridden virtual function is here
  316 |                 virtual void drawVertLine(int x, int y, int l, Uint8 r, Uint8 g, Uint8 b, Uint8 a = Color::ALPHA_OPAQUE);
      |                              ^
libgag/include/SDLGraphicContext.h:700:16: warning: 'drawVertLine' overrides a member function but is not marked 'override' [-Winconsistent-missing-override]
  700 |                 virtual void drawVertLine(int x, int y, int l, const Color& color);
      |                              ^
libgag/include/SDLGraphicContext.h:317:16: note: overridden virtual function is here
  317 |                 virtual void drawVertLine(int x, int y, int l, const Color& color);
      |                              ^
libgag/include/SDLGraphicContext.h:701:16: warning: 'drawHorzLine' overrides a member function but is not marked 'override' [-Winconsistent-missing-override]
  701 |                 virtual void drawHorzLine(int x, int y, int l, Uint8 r, Uint8 g, Uint8 b, Uint8 a = Color::ALPHA_OPAQUE);
      |                              ^
libgag/include/SDLGraphicContext.h:318:16: note: overridden virtual function is here
  318 |                 virtual void drawHorzLine(int x, int y, int l, Uint8 r, Uint8 g, Uint8 b, Uint8 a = Color::ALPHA_OPAQUE);
      |                              ^
libgag/include/SDLGraphicContext.h:702:16: warning: 'drawHorzLine' overrides a member function but is not marked 'override' [-Winconsistent-missing-override]
  702 |                 virtual void drawHorzLine(int x, int y, int l, const Color& color);
      |                              ^
libgag/include/SDLGraphicContext.h:319:16: note: overridden virtual function is here
  319 |                 virtual void drawHorzLine(int x, int y, int l, const Color& color);
      |                              ^
libgag/include/SDLGraphicContext.h:703:16: warning: 'drawLine' overrides a member function but is not marked 'override' [-Winconsistent-missing-override]
  703 |                 virtual void drawLine(int x1, int y1, int x2, int y2, Uint8 r, Uint8 g, Uint8 b, Uint8 a = Color::ALPHA_OPAQUE);
      |                              ^
libgag/include/SDLGraphicContext.h:320:16: note: overridden virtual function is here
  320 |                 virtual void drawLine(int x1, int y1, int x2, int y2, Uint8 r, Uint8 g, Uint8 b, Uint8 a = Color::ALPHA_OPAQUE);
      |                              ^
libgag/include/SDLGraphicContext.h:704:16: warning: 'drawCircle' overrides a member function but is not marked 'override' [-Winconsistent-missing-override]
  704 |                 virtual void drawCircle(int x, int y, int radius, Uint8 r, Uint8 g, Uint8 b, Uint8 a = Color::ALPHA_OPAQUE);
      |                              ^
libgag/include/SDLGraphicContext.h:321:16: note: overridden virtual function is here
  321 |                 virtual void drawCircle(int x, int y, int radius, Uint8 r, Uint8 g, Uint8 b, Uint8 a = Color::ALPHA_OPAQUE);
      |                              ^
In file included from src/engine/EngineSessionHarness.cpp:55:
In file included from libusl/src/native.h:5:
In file included from libusl/src/usl.h:4:
libusl/src/types.h:106:15: warning: 'dumpSpecific' overrides a member function but is not marked 'override' [-Winconsistent-missing-override]
  106 |         virtual void dumpSpecific(std::ostream& stream) const
      |                      ^
libusl/src/types.h:73:15: note: overridden virtual function is here
   73 |         virtual void dumpSpecific(std::ostream& stream) const
      |                      ^
In file included from src/engine/EngineSessionHarness.cpp:55:
In file included from libusl/src/native.h:7:
libusl/src/code.h:28:15: warning: 'execute' overrides a member function but is not marked 'override' [-Winconsistent-missing-override]
   28 |         virtual void execute(Thread* thread);
      |                      ^
libusl/src/code.h:18:15: note: overridden virtual function is here
   18 |         virtual void execute(Thread* thread) = 0;
      |                      ^
libusl/src/code.h:30:15: warning: 'dumpSpecific' overrides a member function but is not marked 'override' [-Winconsistent-missing-override]
   30 |         virtual void dumpSpecific(std::ostream &stream) const;
      |                      ^
libusl/src/code.h:21:15: note: overridden virtual function is here
   21 |         virtual void dumpSpecific(std::ostream &stream) const {};
      |                      ^
src/engine/EngineSessionHarness.cpp:127:22: warning: operator '?:' has lower precedence than '<<'; '<<' will be evaluated first [-Wparentheses]
  127 |                                 REQUIRE(threaded ? engine.threadedClientFrame(0, events) : engine.stepSession(0, events));
      |                                 ~~~~~~~~~~~~~~~~~^~~~~~~~~~~~~~~~~~~~~~~~~~~~~~~~~~~~~~~~~~~~~~~~~~~~~~~~~~~~~~~~~~~~~~~~
test/support/../third_party/doctest.h:2976:38: note: expanded from macro 'REQUIRE'
 2976 | #define REQUIRE(...) DOCTEST_REQUIRE(__VA_ARGS__)
      |                      ~~~~~~~~~~~~~~~~^~~~~~~~~~~~
test/support/../third_party/doctest.h:2441:69: note: expanded from macro 'DOCTEST_REQUIRE'
 2441 | #define DOCTEST_REQUIRE(...) DOCTEST_ASSERT_IMPLEMENT_1(DT_REQUIRE, __VA_ARGS__)
      |                              ~~~~~~~~~~~~~~~~~~~~~~~~~~~~~~~~~~~~~~~^~~~~~~~~~~~
test/support/../third_party/doctest.h:2427:24: note: expanded from macro 'DOCTEST_ASSERT_IMPLEMENT_1'
 2426 |             doctest::detail::ExpressionDecomposer(doctest::assertType::assert_type)                \
      |             ~~~~~~~~~~~~~~~~~~~~~~~~~~~~~~~~~~~~~~~~~~~~~~~~~~~~~~~~~~~~~~~~~~~~~~~~~~~~~~~~~~~~~~~~
 2427 |                     << __VA_ARGS__) DOCTEST_CLANG_SUPPRESS_WARNING_POP
      |                     ~~~^~~~~~~~~~~
src/engine/EngineSessionHarness.cpp:127:22: note: place parentheses around the '<<' expression to silence this warning
  127 |                                 REQUIRE(threaded ? engine.threadedClientFrame(0, events) : engine.stepSession(0, events));
      |                                 ~~~~~~~~~~~~~~~~~^~~~~~~~~~~~~~~~~~~~~~~~~~~~~~~~~~~~~~~~~~~~~~~~~~~~~~~~~~~~~~~~~~~~~~~~
test/support/../third_party/doctest.h:2976:38: note: expanded from macro 'REQUIRE'
 2976 | #define REQUIRE(...) DOCTEST_REQUIRE(__VA_ARGS__)
      |                      ~~~~~~~~~~~~~~~~^~~~~~~~~~~~
test/support/../third_party/doctest.h:2441:69: note: expanded from macro 'DOCTEST_REQUIRE'
 2441 | #define DOCTEST_REQUIRE(...) DOCTEST_ASSERT_IMPLEMENT_1(DT_REQUIRE, __VA_ARGS__)
      |                              ~~~~~~~~~~~~~~~~~~~~~~~~~~~~~~~~~~~~~~~^~~~~~~~~~~~
test/support/../third_party/doctest.h:2427:24: note: expanded from macro 'DOCTEST_ASSERT_IMPLEMENT_1'
 2426 |             doctest::detail::ExpressionDecomposer(doctest::assertType::assert_type)                \
      |             ~~~~~~~~~~~~~~~~~~~~~~~~~~~~~~~~~~~~~~~~~~~~~~~~~~~~~~~~~~~~~~~~~~~~~~~~~~~~~~~~~~~~~~~~
 2427 |                     << __VA_ARGS__) DOCTEST_CLANG_SUPPRESS_WARNING_POP
      |                     ~~~^~~~~~~~~~~
src/engine/EngineSessionHarness.cpp:127:22: note: place parentheses around the '?:' expression to evaluate it first
  127 |                                 REQUIRE(threaded ? engine.threadedClientFrame(0, events) : engine.stepSession(0, events));
      |                                         ~~~~~~~~~^~~~~~~~~~~~~~~~~~~~~~~~~~~~~~~~~~~~~~~~~~~~~~~~~~~~~~~~~~~~~~~~~~~~~~~
test/support/../third_party/doctest.h:2976:38: note: expanded from macro 'REQUIRE'
 2976 | #define REQUIRE(...) DOCTEST_REQUIRE(__VA_ARGS__)
      |                                      ^~~~~~~~~~~
test/support/../third_party/doctest.h:2441:69: note: expanded from macro 'DOCTEST_REQUIRE'
 2441 | #define DOCTEST_REQUIRE(...) DOCTEST_ASSERT_IMPLEMENT_1(DT_REQUIRE, __VA_ARGS__)
      |                                                                     ^~~~~~~~~~~
test/support/../third_party/doctest.h:2427:24: note: expanded from macro 'DOCTEST_ASSERT_IMPLEMENT_1'
 2427 |                     << __VA_ARGS__) DOCTEST_CLANG_SUPPRESS_WARNING_POP
      |                        ^~~~~~~~~~~
40 warnings generated.
In file included from test/SavegameSafetyHarness.cpp:2:
In file included from test/support/EngineFixtures.h:9:
In file included from src/game/Game.h:12:
In file included from src/map/Map.h:21:
In file included from src/team/Team.h:16:
In file included from src/game/GameEvent.h:9:
In file included from libgag/include/GraphicContext.h:6:
libgag/include/SDLGraphicContext.h:545:16: warning: 'setRes' overrides a member function but is not marked 'override' [-Winconsistent-missing-override]
  545 |                 virtual void setRes(int w, int h) { setRes(w, h, optionFlags); }
      |                              ^
libgag/include/SDLGraphicContext.h:244:16: note: overridden virtual function is here
  244 |                 virtual void setRes(int w, int h);
      |                              ^
libgag/include/SDLGraphicContext.h:621:16: warning: 'setClipRect' overrides a member function but is not marked 'override' [-Winconsistent-missing-override]
  621 |                 virtual void setClipRect(int x, int y, int w, int h);
      |                              ^
libgag/include/SDLGraphicContext.h:246:16: note: overridden virtual function is here
  246 |                 virtual void setClipRect(int x, int y, int w, int h);
      |                              ^
libgag/include/SDLGraphicContext.h:622:16: warning: 'setClipRect' overrides a member function but is not marked 'override' [-Winconsistent-missing-override]
  622 |                 virtual void setClipRect(void);
      |                              ^
libgag/include/SDLGraphicContext.h:247:16: note: overridden virtual function is here
  247 |                 virtual void setClipRect(void);
      |                              ^
libgag/include/SDLGraphicContext.h:627:22: warning: 'nextFrame' overrides a member function but is not marked 'override' [-Winconsistent-missing-override]
  627 |         virtual void nextFrame(void);
      |                      ^
libgag/include/SDLGraphicContext.h:248:16: note: overridden virtual function is here
  248 |                 virtual void nextFrame(void) { flushTextPictures(); }
      |                              ^
libgag/include/SDLGraphicContext.h:629:16: warning: 'loadImage' overrides a member function but is not marked 'override' [-Winconsistent-missing-override]
  629 |                 virtual bool loadImage(const std::string name) { return false; }
      |                              ^
libgag/include/SDLGraphicContext.h:249:16: note: overridden virtual function is here
  249 |                 virtual bool loadImage(const std::string name);
      |                              ^
libgag/include/SDLGraphicContext.h:633:16: warning: 'shiftHSV' overrides a member function but is not marked 'override' [-Winconsistent-missing-override]
  633 |                 virtual void shiftHSV(float hue, float sat, float lum) { }
      |                              ^
libgag/include/SDLGraphicContext.h:250:16: note: overridden virtual function is here
  250 |                 virtual void shiftHSV(float hue, float sat, float lum);
      |                              ^
libgag/include/SDLGraphicContext.h:636:16: warning: 'canDrawStretchedSprite' overrides a member function but is not marked 'override' [-Winconsistent-missing-override]
  636 |                 virtual bool canDrawStretchedSprite(void) { return hasPortableRenderer() || (optionFlags & USEGPU) != 0; }
      |                              ^
libgag/include/SDLGraphicContext.h:268:16: note: overridden virtual function is here
  268 |                 virtual bool canDrawStretchedSprite(void) { return false; }
      |                              ^
libgag/include/SDLGraphicContext.h:638:16: warning: 'drawPixel' overrides a member function but is not marked 'override' [-Winconsistent-missing-override]
  638 |                 virtual void drawPixel(int x, int y, const Color& color);
      |                              ^
libgag/include/SDLGraphicContext.h:271:16: note: overridden virtual function is here
  271 |                 virtual void drawPixel(int x, int y, const Color& color);
      |                              ^
libgag/include/SDLGraphicContext.h:639:16: warning: 'drawPixel' overrides a member function but is not marked 'override' [-Winconsistent-missing-override]
  639 |                 virtual void drawPixel(float x, float y, const Color& color);
      |                              ^
libgag/include/SDLGraphicContext.h:272:16: note: overridden virtual function is here
  272 |                 virtual void drawPixel(float x, float y, const Color& color);
      |                              ^
libgag/include/SDLGraphicContext.h:641:16: warning: 'drawRect' overrides a member function but is not marked 'override' [-Winconsistent-missing-override]
  641 |                 virtual void drawRect(int x, int y, int w, int h, const Color& color);
      |                              ^
libgag/include/SDLGraphicContext.h:274:16: note: overridden virtual function is here
  274 |                 virtual void drawRect(int x, int y, int w, int h, const Color& color);
      |                              ^
libgag/include/SDLGraphicContext.h:642:16: warning: 'drawRect' overrides a member function but is not marked 'override' [-Winconsistent-missing-override]
  642 |                 virtual void drawRect(float x, float y, float w, float h, const Color& color);
      |                              ^
libgag/include/SDLGraphicContext.h:275:16: note: overridden virtual function is here
  275 |                 virtual void drawRect(float x, float y, float w, float h, const Color& color);
      |                              ^
libgag/include/SDLGraphicContext.h:644:16: warning: 'drawFilledRect' overrides a member function but is not marked 'override' [-Winconsistent-missing-override]
  644 |                 virtual void drawFilledRect(int x, int y, int w, int h, const Color& color);
      |                              ^
libgag/include/SDLGraphicContext.h:277:16: note: overridden virtual function is here
  277 |                 virtual void drawFilledRect(int x, int y, int w, int h, const Color& color);
      |                              ^
libgag/include/SDLGraphicContext.h:645:16: warning: 'drawFilledRect' overrides a member function but is not marked 'override' [-Winconsistent-missing-override]
  645 |                 virtual void drawFilledRect(float x, float y, float w, float h, const Color& color);
      |                              ^
libgag/include/SDLGraphicContext.h:278:16: note: overridden virtual function is here
  278 |                 virtual void drawFilledRect(float x, float y, float w, float h, const Color& color);
      |                              ^
libgag/include/SDLGraphicContext.h:647:16: warning: 'drawLine' overrides a member function but is not marked 'override' [-Winconsistent-missing-override]
  647 |                 virtual void drawLine(int x1, int y1, int x2, int y2, const Color& color);
      |                              ^
libgag/include/SDLGraphicContext.h:280:16: note: overridden virtual function is here
  280 |                 virtual void drawLine(int x1, int y1, int x2, int y2, const Color& color);
      |                              ^
libgag/include/SDLGraphicContext.h:648:16: warning: 'drawLine' overrides a member function but is not marked 'override' [-Winconsistent-missing-override]
  648 |                 virtual void drawLine(float x1, float y1, float x2, float y2, const Color& color);
      |                              ^
libgag/include/SDLGraphicContext.h:281:16: note: overridden virtual function is here
  281 |                 virtual void drawLine(float x1, float y1, float x2, float y2, const Color& color);
      |                              ^
libgag/include/SDLGraphicContext.h:650:16: warning: 'drawCircle' overrides a member function but is not marked 'override' [-Winconsistent-missing-override]
  650 |                 virtual void drawCircle(int x, int y, int radius, const Color& color);
      |                              ^
libgag/include/SDLGraphicContext.h:283:16: note: overridden virtual function is here
  283 |                 virtual void drawCircle(int x, int y, int radius, const Color& color);
      |                              ^
libgag/include/SDLGraphicContext.h:651:16: warning: 'drawCircle' overrides a member function but is not marked 'override' [-Winconsistent-missing-override]
  651 |                 virtual void drawCircle(float x, float y, float radius, const Color& color);
      |                              ^
libgag/include/SDLGraphicContext.h:284:16: note: overridden virtual function is here
  284 |                 virtual void drawCircle(float x, float y, float radius, const Color& color);
      |                              ^
libgag/include/SDLGraphicContext.h:653:16: warning: 'drawSurface' overrides a member function but is not marked 'override' [-Winconsistent-missing-override]
  653 |                 virtual void drawSurface(int x, int y, DrawableSurface *surface, Uint8 alpha = Color::ALPHA_OPAQUE);
      |                              ^
libgag/include/SDLGraphicContext.h:286:16: note: overridden virtual function is here
  286 |                 virtual void drawSurface(int x, int y, DrawableSurface *surface, Uint8 alpha = Color::ALPHA_OPAQUE);
      |                              ^
libgag/include/SDLGraphicContext.h:654:16: warning: 'drawSurface' overrides a member function but is not marked 'override' [-Winconsistent-missing-override]
  654 |                 virtual void drawSurface(float x, float y, DrawableSurface *surface, Uint8 alpha = Color::ALPHA_OPAQUE);
      |                              ^
libgag/include/SDLGraphicContext.h:287:16: note: overridden virtual function is here
  287 |                 virtual void drawSurface(float x, float y, DrawableSurface *surface, Uint8 alpha = Color::ALPHA_OPAQUE);
      |                              ^
libgag/include/SDLGraphicContext.h:656:16: warning: 'drawSurface' overrides a member function but is not marked 'override' [-Winconsistent-missing-override]
  656 |                 virtual void drawSurface(int x, int y, int w, int h, DrawableSurface *surface, Uint8 alpha = Color::ALPHA_OPAQUE);
      |                              ^
libgag/include/SDLGraphicContext.h:289:16: note: overridden virtual function is here
  289 |                 virtual void drawSurface(int x, int y, int w, int h, DrawableSurface *surface, Uint8 alpha = Color::ALPHA_OPAQUE);
      |                              ^
libgag/include/SDLGraphicContext.h:657:16: warning: 'drawSurface' overrides a member function but is not marked 'override' [-Winconsistent-missing-override]
  657 |                 virtual void drawSurface(float x, float y, float w, float h, DrawableSurface *surface, Uint8 alpha = Color::ALPHA_OPAQUE);
      |                              ^
libgag/include/SDLGraphicContext.h:290:16: note: overridden virtual function is here
  290 |                 virtual void drawSurface(float x, float y, float w, float h, DrawableSurface *surface, Uint8 alpha = Color::ALPHA_OPAQUE);
      |                              ^
libgag/include/SDLGraphicContext.h:659:16: warning: 'drawSurface' overrides a member function but is not marked 'override' [-Winconsistent-missing-override]
  659 |                 virtual void drawSurface(int x, int y, DrawableSurface *surface, int sx, int sy, int sw, int sh, Uint8 alpha = Color::ALPHA_OPAQUE);
      |                              ^
libgag/include/SDLGraphicContext.h:292:16: note: overridden virtual function is here
  292 |                 virtual void drawSurface(int x, int y, DrawableSurface *surface, int sx, int sy, int sw, int sh, Uint8 alpha = Color::ALPHA_OPAQUE);
      |                              ^
libgag/include/SDLGraphicContext.h:660:16: warning: 'drawSurface' overrides a member function but is not marked 'override' [-Winconsistent-missing-override]
  660 |                 virtual void drawSurface(float x, float y, DrawableSurface *surface, int sx, int sy, int sw, int sh, Uint8 alpha = Color::ALPHA_OPAQUE);
      |                              ^
libgag/include/SDLGraphicContext.h:293:16: note: overridden virtual function is here
  293 |                 virtual void drawSurface(float x, float y, DrawableSurface *surface, int sx, int sy, int sw, int sh, Uint8 alpha = Color::ALPHA_OPAQUE);
      |                              ^
libgag/include/SDLGraphicContext.h:662:16: warning: 'drawSurface' overrides a member function but is not marked 'override' [-Winconsistent-missing-override]
  662 |                 virtual void drawSurface(int x, int y, int w, int h, DrawableSurface *surface, int sx, int sy, int sw, int sh,  Uint8 alpha = Color::ALPHA_OPAQUE);
      |                              ^
libgag/include/SDLGraphicContext.h:295:16: note: overridden virtual function is here
  295 |                 virtual void drawSurface(int x, int y, int w, int h, DrawableSurface *surface, int sx, int sy, int sw, int sh,  Uint8 alpha = Color::ALPHA_OPAQUE);
      |                              ^
libgag/include/SDLGraphicContext.h:663:16: warning: 'drawSurface' overrides a member function but is not marked 'override' [-Winconsistent-missing-override]
  663 |                 virtual void drawSurface(float x, float y, float w, float h, DrawableSurface *surface, int sx, int sy, int sw, int sh, Uint8 alpha = Color::ALPHA_OPAQUE);
      |                              ^
libgag/include/SDLGraphicContext.h:296:16: note: overridden virtual function is here
  296 |                 virtual void drawSurface(float x, float y, float w, float h, DrawableSurface *surface, int sx, int sy, int sw, int sh, Uint8 alpha = Color::ALPHA_OPAQUE);
      |                              ^
libgag/include/SDLGraphicContext.h:692:16: warning: 'drawAlphaMap' overrides a member function but is not marked 'override' [-Winconsistent-missing-override]
  692 |                 virtual void drawAlphaMap(const std::valarray<float> &map, int mapW, int mapH, int x, int y, int cellW, int cellH, const Color &color);
      |                              ^
libgag/include/SDLGraphicContext.h:309:16: note: overridden virtual function is here
  309 |                 virtual void drawAlphaMap(const std::valarray<float> &map, int mapW, int mapH, int x, int y, int cellW, int cellH, const Color &color);
      |                              ^
libgag/include/SDLGraphicContext.h:693:16: warning: 'drawAlphaMap' overrides a member function but is not marked 'override' [-Winconsistent-missing-override]
  693 |                 virtual void drawAlphaMap(const std::valarray<unsigned char> &map, int mapW, int mapH, int x, int y, int cellW, int cellH, const Color &color);
      |                              ^
libgag/include/SDLGraphicContext.h:310:16: note: overridden virtual function is here
  310 |                 virtual void drawAlphaMap(const std::valarray<unsigned char> &map, int mapW, int mapH, int x, int y, int cellW, int cellH, const Color &color);
      |                              ^
libgag/include/SDLGraphicContext.h:696:16: warning: 'drawPixel' overrides a member function but is not marked 'override' [-Winconsistent-missing-override]
  696 |                 virtual void drawPixel(int x, int y, Uint8 r, Uint8 g, Uint8 b, Uint8 a = Color::ALPHA_OPAQUE);
      |                              ^
libgag/include/SDLGraphicContext.h:313:16: note: overridden virtual function is here
  313 |                 virtual void drawPixel(int x, int y, Uint8 r, Uint8 g, Uint8 b, Uint8 a = Color::ALPHA_OPAQUE);
      |                              ^
libgag/include/SDLGraphicContext.h:697:16: warning: 'drawRect' overrides a member function but is not marked 'override' [-Winconsistent-missing-override]
  697 |                 virtual void drawRect(int x, int y, int w, int h, Uint8 r, Uint8 g, Uint8 b, Uint8 a = Color::ALPHA_OPAQUE);
      |                              ^
libgag/include/SDLGraphicContext.h:314:16: note: overridden virtual function is here
  314 |                 virtual void drawRect(int x, int y, int w, int h, Uint8 r, Uint8 g, Uint8 b, Uint8 a = Color::ALPHA_OPAQUE);
      |                              ^
libgag/include/SDLGraphicContext.h:698:16: warning: 'drawFilledRect' overrides a member function but is not marked 'override' [-Winconsistent-missing-override]
  698 |                 virtual void drawFilledRect(int x, int y, int w, int h, Uint8 r, Uint8 g, Uint8 b, Uint8 a = Color::ALPHA_OPAQUE);
      |                              ^
libgag/include/SDLGraphicContext.h:315:16: note: overridden virtual function is here
  315 |                 virtual void drawFilledRect(int x, int y, int w, int h, Uint8 r, Uint8 g, Uint8 b, Uint8 a = Color::ALPHA_OPAQUE);
      |                              ^
libgag/include/SDLGraphicContext.h:699:16: warning: 'drawVertLine' overrides a member function but is not marked 'override' [-Winconsistent-missing-override]
  699 |                 virtual void drawVertLine(int x, int y, int l, Uint8 r, Uint8 g, Uint8 b, Uint8 a = Color::ALPHA_OPAQUE);
      |                              ^
libgag/include/SDLGraphicContext.h:316:16: note: overridden virtual function is here
  316 |                 virtual void drawVertLine(int x, int y, int l, Uint8 r, Uint8 g, Uint8 b, Uint8 a = Color::ALPHA_OPAQUE);
      |                              ^
libgag/include/SDLGraphicContext.h:700:16: warning: 'drawVertLine' overrides a member function but is not marked 'override' [-Winconsistent-missing-override]
  700 |                 virtual void drawVertLine(int x, int y, int l, const Color& color);
      |                              ^
libgag/include/SDLGraphicContext.h:317:16: note: overridden virtual function is here
  317 |                 virtual void drawVertLine(int x, int y, int l, const Color& color);
      |                              ^
libgag/include/SDLGraphicContext.h:701:16: warning: 'drawHorzLine' overrides a member function but is not marked 'override' [-Winconsistent-missing-override]
  701 |                 virtual void drawHorzLine(int x, int y, int l, Uint8 r, Uint8 g, Uint8 b, Uint8 a = Color::ALPHA_OPAQUE);
      |                              ^
libgag/include/SDLGraphicContext.h:318:16: note: overridden virtual function is here
  318 |                 virtual void drawHorzLine(int x, int y, int l, Uint8 r, Uint8 g, Uint8 b, Uint8 a = Color::ALPHA_OPAQUE);
      |                              ^
libgag/include/SDLGraphicContext.h:702:16: warning: 'drawHorzLine' overrides a member function but is not marked 'override' [-Winconsistent-missing-override]
  702 |                 virtual void drawHorzLine(int x, int y, int l, const Color& color);
      |                              ^
libgag/include/SDLGraphicContext.h:319:16: note: overridden virtual function is here
  319 |                 virtual void drawHorzLine(int x, int y, int l, const Color& color);
      |                              ^
libgag/include/SDLGraphicContext.h:703:16: warning: 'drawLine' overrides a member function but is not marked 'override' [-Winconsistent-missing-override]
  703 |                 virtual void drawLine(int x1, int y1, int x2, int y2, Uint8 r, Uint8 g, Uint8 b, Uint8 a = Color::ALPHA_OPAQUE);
      |                              ^
libgag/include/SDLGraphicContext.h:320:16: note: overridden virtual function is here
  320 |                 virtual void drawLine(int x1, int y1, int x2, int y2, Uint8 r, Uint8 g, Uint8 b, Uint8 a = Color::ALPHA_OPAQUE);
      |                              ^
libgag/include/SDLGraphicContext.h:704:16: warning: 'drawCircle' overrides a member function but is not marked 'override' [-Winconsistent-missing-override]
  704 |                 virtual void drawCircle(int x, int y, int radius, Uint8 r, Uint8 g, Uint8 b, Uint8 a = Color::ALPHA_OPAQUE);
      |                              ^
libgag/include/SDLGraphicContext.h:321:16: note: overridden virtual function is here
  321 |                 virtual void drawCircle(int x, int y, int radius, Uint8 r, Uint8 g, Uint8 b, Uint8 a = Color::ALPHA_OPAQUE);
      |                              ^
36 warnings generated.
/opt/homebrew/bin/ccache g++ -o build/darwin/client/release/test/unit-support_TestMain.o -c -g -std=gnu++20 -Wall -fPIC -O3 -DGLOB2_OFFICIAL_INSTANCE_ORIGIN=\"https://app.glob2online.com\" -DGLOB2_OFFICIAL_INSTANCE_FORMER_ORIGINS=\"https://glob2online.com\" -DHAVE_CONFIG_H -DGL_SILENCE_DEPRECATION -DSDL_MAIN_HANDLED -Ibuild/darwin/client/release/recording/prefix/include -I/Users/bradley/.cache/glob2-sdl3/prefix/include -Ibuild/darwin/client/release/include -I/opt/homebrew/include -I/opt/homebrew/Cellar/opusfile/0.12_1/include/opus -I/opt/homebrew/Cellar/libogg/1.3.6/include -I/opt/homebrew/Cellar/opus/1.6.1/include/opus -Ilibgag/include -I. -Ilibusl/src -Isrc -Isrc/ai -Isrc/hud -Isrc/app -Isrc/game/player -Isrc/team -Isrc/common -Isrc/map -Isrc/game -Isrc/campaign -Isrc/campaign/screens -Isrc/replay -Isrc/game/screens -Isrc/render/clouds -Isrc/ui/screens -Isrc/game/rules -Isrc/game/diagnostics -Isrc/map/editor/screens -Isrc/engine -Isrc/ui -Isrc/map/preview -Isrc/app/cli -Isrc/net/lan/screens -Isrc/online -Isrc/map/tools -Isrc/scripting/map -Isrc/render/overlay -Isrc/audio -Isrc/online/screens -Isrc/game/orders -Isrc/resource -Isrc/ui/settings -Isrc/team/stats -Isrc/render/torus -Isrc/ai/simple -Isrc/ai/castor -Isrc/ai/javascript -Isrc/ai/nicowar -Isrc/ai/numbi -Isrc/ai/telemetry -Isrc/ai/warrush -Isrc/ai/maxima -Isrc/building -Isrc/building/types -Isrc/unit/types -Isrc/building/hud -Isrc/net -Isrc/hud/draw -Isrc/hud/input -Isrc/hud/touch -Isrc/net/turn -Isrc/unit -Isrc/map/editor -Isrc/map/generator -Isrc/map/generator/compatibility -Isrc/map/generator/core -Isrc/map/generator/generators -Isrc/map/generator/shared -Isrc/map/generator/shared/legacy -Isrc/map/gradient -Isrc/map/io -Isrc/net/lan -Isrc/net/message -Isrc/scripting/sgsl -Ithird_party/nlohmann-json/include -I/Users/bradley/.cache/glob2-sdl3/prefix/include/webp -Itest -Itest/support -Ilibgag/src -Ithird_party/quickjs-ng test/support/TestMain.cpp
/opt/homebrew/bin/ccache g++ -o build/darwin/client/release/test/unit-libgag_src_AssetLoaderTest.o -c -g -std=gnu++20 -Wall -fPIC -O3 -DGLOB2_OFFICIAL_INSTANCE_ORIGIN=\"https://app.glob2online.com\" -DGLOB2_OFFICIAL_INSTANCE_FORMER_ORIGINS=\"https://glob2online.com\" -DHAVE_CONFIG_H -DGL_SILENCE_DEPRECATION -DSDL_MAIN_HANDLED -Ibuild/darwin/client/release/recording/prefix/include -I/Users/bradley/.cache/glob2-sdl3/prefix/include -Ibuild/darwin/client/release/include -I/opt/homebrew/include -I/opt/homebrew/Cellar/opusfile/0.12_1/include/opus -I/opt/homebrew/Cellar/libogg/1.3.6/include -I/opt/homebrew/Cellar/opus/1.6.1/include/opus -Ilibgag/include -I. -Ilibusl/src -Isrc -Isrc/ai -Isrc/hud -Isrc/app -Isrc/game/player -Isrc/team -Isrc/common -Isrc/map -Isrc/game -Isrc/campaign -Isrc/campaign/screens -Isrc/replay -Isrc/game/screens -Isrc/render/clouds -Isrc/ui/screens -Isrc/game/rules -Isrc/game/diagnostics -Isrc/map/editor/screens -Isrc/engine -Isrc/ui -Isrc/map/preview -Isrc/app/cli -Isrc/net/lan/screens -Isrc/online -Isrc/map/tools -Isrc/scripting/map -Isrc/render/overlay -Isrc/audio -Isrc/online/screens -Isrc/game/orders -Isrc/resource -Isrc/ui/settings -Isrc/team/stats -Isrc/render/torus -Isrc/ai/simple -Isrc/ai/castor -Isrc/ai/javascript -Isrc/ai/nicowar -Isrc/ai/numbi -Isrc/ai/telemetry -Isrc/ai/warrush -Isrc/ai/maxima -Isrc/building -Isrc/building/types -Isrc/unit/types -Isrc/building/hud -Isrc/net -Isrc/hud/draw -Isrc/hud/input -Isrc/hud/touch -Isrc/net/turn -Isrc/unit -Isrc/map/editor -Isrc/map/generator -Isrc/map/generator/compatibility -Isrc/map/generator/core -Isrc/map/generator/generators -Isrc/map/generator/shared -Isrc/map/generator/shared/legacy -Isrc/map/gradient -Isrc/map/io -Isrc/net/lan -Isrc/net/message -Isrc/scripting/sgsl -Ithird_party/nlohmann-json/include -I/Users/bradley/.cache/glob2-sdl3/prefix/include/webp -Itest -Itest/support -Ilibgag/src -Ithird_party/quickjs-ng libgag/src/AssetLoaderTest.cpp
In file included from src/game/screens/CustomGameSetupHarness.cpp:14:
In file included from src/game/screens/CustomGameScreen.h:6:
In file included from src/game/rules/CustomGameSetup.h:4:
In file included from src/game/GameHeader.h:6:
In file included from src/game/player/BasePlayer.h:9:
In file included from src/team/Team.h:16:
In file included from src/game/GameEvent.h:9:
In file included from libgag/include/GraphicContext.h:6:
libgag/include/SDLGraphicContext.h:545:16: warning: 'setRes' overrides a member function but is not marked 'override' [-Winconsistent-missing-override]
  545 |                 virtual void setRes(int w, int h) { setRes(w, h, optionFlags); }
      |                              ^
libgag/include/SDLGraphicContext.h:244:16: note: overridden virtual function is here
  244 |                 virtual void setRes(int w, int h);
      |                              ^
libgag/include/SDLGraphicContext.h:621:16: warning: 'setClipRect' overrides a member function but is not marked 'override' [-Winconsistent-missing-override]
  621 |                 virtual void setClipRect(int x, int y, int w, int h);
      |                              ^
libgag/include/SDLGraphicContext.h:246:16: note: overridden virtual function is here
  246 |                 virtual void setClipRect(int x, int y, int w, int h);
      |                              ^
libgag/include/SDLGraphicContext.h:622:16: warning: 'setClipRect' overrides a member function but is not marked 'override' [-Winconsistent-missing-override]
  622 |                 virtual void setClipRect(void);
      |                              ^
libgag/include/SDLGraphicContext.h:247:16: note: overridden virtual function is here
  247 |                 virtual void setClipRect(void);
      |                              ^
libgag/include/SDLGraphicContext.h:627:22: warning: 'nextFrame' overrides a member function but is not marked 'override' [-Winconsistent-missing-override]
  627 |         virtual void nextFrame(void);
      |                      ^
libgag/include/SDLGraphicContext.h:248:16: note: overridden virtual function is here
  248 |                 virtual void nextFrame(void) { flushTextPictures(); }
      |                              ^
libgag/include/SDLGraphicContext.h:629:16: warning: 'loadImage' overrides a member function but is not marked 'override' [-Winconsistent-missing-override]
  629 |                 virtual bool loadImage(const std::string name) { return false; }
      |                              ^
libgag/include/SDLGraphicContext.h:249:16: note: overridden virtual function is here
  249 |                 virtual bool loadImage(const std::string name);
      |                              ^
libgag/include/SDLGraphicContext.h:633:16: warning: 'shiftHSV' overrides a member function but is not marked 'override' [-Winconsistent-missing-override]
  633 |                 virtual void shiftHSV(float hue, float sat, float lum) { }
      |                              ^
libgag/include/SDLGraphicContext.h:250:16: note: overridden virtual function is here
  250 |                 virtual void shiftHSV(float hue, float sat, float lum);
      |                              ^
libgag/include/SDLGraphicContext.h:636:16: warning: 'canDrawStretchedSprite' overrides a member function but is not marked 'override' [-Winconsistent-missing-override]
  636 |                 virtual bool canDrawStretchedSprite(void) { return hasPortableRenderer() || (optionFlags & USEGPU) != 0; }
      |                              ^
libgag/include/SDLGraphicContext.h:268:16: note: overridden virtual function is here
  268 |                 virtual bool canDrawStretchedSprite(void) { return false; }
      |                              ^
libgag/include/SDLGraphicContext.h:638:16: warning: 'drawPixel' overrides a member function but is not marked 'override' [-Winconsistent-missing-override]
  638 |                 virtual void drawPixel(int x, int y, const Color& color);
      |                              ^
libgag/include/SDLGraphicContext.h:271:16: note: overridden virtual function is here
  271 |                 virtual void drawPixel(int x, int y, const Color& color);
      |                              ^
libgag/include/SDLGraphicContext.h:639:16: warning: 'drawPixel' overrides a member function but is not marked 'override' [-Winconsistent-missing-override]
  639 |                 virtual void drawPixel(float x, float y, const Color& color);
      |                              ^
libgag/include/SDLGraphicContext.h:272:16: note: overridden virtual function is here
  272 |                 virtual void drawPixel(float x, float y, const Color& color);
      |                              ^
libgag/include/SDLGraphicContext.h:641:16: warning: 'drawRect' overrides a member function but is not marked 'override' [-Winconsistent-missing-override]
  641 |                 virtual void drawRect(int x, int y, int w, int h, const Color& color);
      |                              ^
libgag/include/SDLGraphicContext.h:274:16: note: overridden virtual function is here
  274 |                 virtual void drawRect(int x, int y, int w, int h, const Color& color);
      |                              ^
libgag/include/SDLGraphicContext.h:642:16: warning: 'drawRect' overrides a member function but is not marked 'override' [-Winconsistent-missing-override]
  642 |                 virtual void drawRect(float x, float y, float w, float h, const Color& color);
      |                              ^
libgag/include/SDLGraphicContext.h:275:16: note: overridden virtual function is here
  275 |                 virtual void drawRect(float x, float y, float w, float h, const Color& color);
      |                              ^
libgag/include/SDLGraphicContext.h:644:16: warning: 'drawFilledRect' overrides a member function but is not marked 'override' [-Winconsistent-missing-override]
  644 |                 virtual void drawFilledRect(int x, int y, int w, int h, const Color& color);
      |                              ^
libgag/include/SDLGraphicContext.h:277:16: note: overridden virtual function is here
  277 |                 virtual void drawFilledRect(int x, int y, int w, int h, const Color& color);
      |                              ^
libgag/include/SDLGraphicContext.h:645:16: warning: 'drawFilledRect' overrides a member function but is not marked 'override' [-Winconsistent-missing-override]
  645 |                 virtual void drawFilledRect(float x, float y, float w, float h, const Color& color);
      |                              ^
libgag/include/SDLGraphicContext.h:278:16: note: overridden virtual function is here
  278 |                 virtual void drawFilledRect(float x, float y, float w, float h, const Color& color);
      |                              ^
libgag/include/SDLGraphicContext.h:647:16: warning: 'drawLine' overrides a member function but is not marked 'override' [-Winconsistent-missing-override]
  647 |                 virtual void drawLine(int x1, int y1, int x2, int y2, const Color& color);
      |                              ^
libgag/include/SDLGraphicContext.h:280:16: note: overridden virtual function is here
  280 |                 virtual void drawLine(int x1, int y1, int x2, int y2, const Color& color);
      |                              ^
libgag/include/SDLGraphicContext.h:648:16: warning: 'drawLine' overrides a member function but is not marked 'override' [-Winconsistent-missing-override]
  648 |                 virtual void drawLine(float x1, float y1, float x2, float y2, const Color& color);
      |                              ^
libgag/include/SDLGraphicContext.h:281:16: note: overridden virtual function is here
  281 |                 virtual void drawLine(float x1, float y1, float x2, float y2, const Color& color);
      |                              ^
libgag/include/SDLGraphicContext.h:650:16: warning: 'drawCircle' overrides a member function but is not marked 'override' [-Winconsistent-missing-override]
  650 |                 virtual void drawCircle(int x, int y, int radius, const Color& color);
      |                              ^
libgag/include/SDLGraphicContext.h:283:16: note: overridden virtual function is here
  283 |                 virtual void drawCircle(int x, int y, int radius, const Color& color);
      |                              ^
libgag/include/SDLGraphicContext.h:651:16: warning: 'drawCircle' overrides a member function but is not marked 'override' [-Winconsistent-missing-override]
  651 |                 virtual void drawCircle(float x, float y, float radius, const Color& color);
      |                              ^
libgag/include/SDLGraphicContext.h:284:16: note: overridden virtual function is here
  284 |                 virtual void drawCircle(float x, float y, float radius, const Color& color);
      |                              ^
libgag/include/SDLGraphicContext.h:653:16: warning: 'drawSurface' overrides a member function but is not marked 'override' [-Winconsistent-missing-override]
  653 |                 virtual void drawSurface(int x, int y, DrawableSurface *surface, Uint8 alpha = Color::ALPHA_OPAQUE);
      |                              ^
libgag/include/SDLGraphicContext.h:286:16: note: overridden virtual function is here
  286 |                 virtual void drawSurface(int x, int y, DrawableSurface *surface, Uint8 alpha = Color::ALPHA_OPAQUE);
      |                              ^
libgag/include/SDLGraphicContext.h:654:16: warning: 'drawSurface' overrides a member function but is not marked 'override' [-Winconsistent-missing-override]
  654 |                 virtual void drawSurface(float x, float y, DrawableSurface *surface, Uint8 alpha = Color::ALPHA_OPAQUE);
      |                              ^
libgag/include/SDLGraphicContext.h:287:16: note: overridden virtual function is here
  287 |                 virtual void drawSurface(float x, float y, DrawableSurface *surface, Uint8 alpha = Color::ALPHA_OPAQUE);
      |                              ^
libgag/include/SDLGraphicContext.h:656:16: warning: 'drawSurface' overrides a member function but is not marked 'override' [-Winconsistent-missing-override]
  656 |                 virtual void drawSurface(int x, int y, int w, int h, DrawableSurface *surface, Uint8 alpha = Color::ALPHA_OPAQUE);
      |                              ^
libgag/include/SDLGraphicContext.h:289:16: note: overridden virtual function is here
  289 |                 virtual void drawSurface(int x, int y, int w, int h, DrawableSurface *surface, Uint8 alpha = Color::ALPHA_OPAQUE);
      |                              ^
libgag/include/SDLGraphicContext.h:657:16: warning: 'drawSurface' overrides a member function but is not marked 'override' [-Winconsistent-missing-override]
  657 |                 virtual void drawSurface(float x, float y, float w, float h, DrawableSurface *surface, Uint8 alpha = Color::ALPHA_OPAQUE);
      |                              ^
libgag/include/SDLGraphicContext.h:290:16: note: overridden virtual function is here
  290 |                 virtual void drawSurface(float x, float y, float w, float h, DrawableSurface *surface, Uint8 alpha = Color::ALPHA_OPAQUE);
      |                              ^
libgag/include/SDLGraphicContext.h:659:16: warning: 'drawSurface' overrides a member function but is not marked 'override' [-Winconsistent-missing-override]
  659 |                 virtual void drawSurface(int x, int y, DrawableSurface *surface, int sx, int sy, int sw, int sh, Uint8 alpha = Color::ALPHA_OPAQUE);
      |                              ^
libgag/include/SDLGraphicContext.h:292:16: note: overridden virtual function is here
  292 |                 virtual void drawSurface(int x, int y, DrawableSurface *surface, int sx, int sy, int sw, int sh, Uint8 alpha = Color::ALPHA_OPAQUE);
      |                              ^
libgag/include/SDLGraphicContext.h:660:16: warning: 'drawSurface' overrides a member function but is not marked 'override' [-Winconsistent-missing-override]
  660 |                 virtual void drawSurface(float x, float y, DrawableSurface *surface, int sx, int sy, int sw, int sh, Uint8 alpha = Color::ALPHA_OPAQUE);
      |                              ^
libgag/include/SDLGraphicContext.h:293:16: note: overridden virtual function is here
  293 |                 virtual void drawSurface(float x, float y, DrawableSurface *surface, int sx, int sy, int sw, int sh, Uint8 alpha = Color::ALPHA_OPAQUE);
      |                              ^
libgag/include/SDLGraphicContext.h:662:16: warning: 'drawSurface' overrides a member function but is not marked 'override' [-Winconsistent-missing-override]
  662 |                 virtual void drawSurface(int x, int y, int w, int h, DrawableSurface *surface, int sx, int sy, int sw, int sh,  Uint8 alpha = Color::ALPHA_OPAQUE);
      |                              ^
libgag/include/SDLGraphicContext.h:295:16: note: overridden virtual function is here
  295 |                 virtual void drawSurface(int x, int y, int w, int h, DrawableSurface *surface, int sx, int sy, int sw, int sh,  Uint8 alpha = Color::ALPHA_OPAQUE);
      |                              ^
libgag/include/SDLGraphicContext.h:663:16: warning: 'drawSurface' overrides a member function but is not marked 'override' [-Winconsistent-missing-override]
  663 |                 virtual void drawSurface(float x, float y, float w, float h, DrawableSurface *surface, int sx, int sy, int sw, int sh, Uint8 alpha = Color::ALPHA_OPAQUE);
      |                              ^
libgag/include/SDLGraphicContext.h:296:16: note: overridden virtual function is here
  296 |                 virtual void drawSurface(float x, float y, float w, float h, DrawableSurface *surface, int sx, int sy, int sw, int sh, Uint8 alpha = Color::ALPHA_OPAQUE);
      |                              ^
libgag/include/SDLGraphicContext.h:692:16: warning: 'drawAlphaMap' overrides a member function but is not marked 'override' [-Winconsistent-missing-override]
  692 |                 virtual void drawAlphaMap(const std::valarray<float> &map, int mapW, int mapH, int x, int y, int cellW, int cellH, const Color &color);
      |                              ^
libgag/include/SDLGraphicContext.h:309:16: note: overridden virtual function is here
  309 |                 virtual void drawAlphaMap(const std::valarray<float> &map, int mapW, int mapH, int x, int y, int cellW, int cellH, const Color &color);
      |                              ^
libgag/include/SDLGraphicContext.h:693:16: warning: 'drawAlphaMap' overrides a member function but is not marked 'override' [-Winconsistent-missing-override]
  693 |                 virtual void drawAlphaMap(const std::valarray<unsigned char> &map, int mapW, int mapH, int x, int y, int cellW, int cellH, const Color &color);
      |                              ^
libgag/include/SDLGraphicContext.h:310:16: note: overridden virtual function is here
  310 |                 virtual void drawAlphaMap(const std::valarray<unsigned char> &map, int mapW, int mapH, int x, int y, int cellW, int cellH, const Color &color);
      |                              ^
libgag/include/SDLGraphicContext.h:696:16: warning: 'drawPixel' overrides a member function but is not marked 'override' [-Winconsistent-missing-override]
  696 |                 virtual void drawPixel(int x, int y, Uint8 r, Uint8 g, Uint8 b, Uint8 a = Color::ALPHA_OPAQUE);
      |                              ^
libgag/include/SDLGraphicContext.h:313:16: note: overridden virtual function is here
  313 |                 virtual void drawPixel(int x, int y, Uint8 r, Uint8 g, Uint8 b, Uint8 a = Color::ALPHA_OPAQUE);
      |                              ^
libgag/include/SDLGraphicContext.h:697:16: warning: 'drawRect' overrides a member function but is not marked 'override' [-Winconsistent-missing-override]
  697 |                 virtual void drawRect(int x, int y, int w, int h, Uint8 r, Uint8 g, Uint8 b, Uint8 a = Color::ALPHA_OPAQUE);
      |                              ^
libgag/include/SDLGraphicContext.h:314:16: note: overridden virtual function is here
  314 |                 virtual void drawRect(int x, int y, int w, int h, Uint8 r, Uint8 g, Uint8 b, Uint8 a = Color::ALPHA_OPAQUE);
      |                              ^
libgag/include/SDLGraphicContext.h:698:16: warning: 'drawFilledRect' overrides a member function but is not marked 'override' [-Winconsistent-missing-override]
  698 |                 virtual void drawFilledRect(int x, int y, int w, int h, Uint8 r, Uint8 g, Uint8 b, Uint8 a = Color::ALPHA_OPAQUE);
      |                              ^
libgag/include/SDLGraphicContext.h:315:16: note: overridden virtual function is here
  315 |                 virtual void drawFilledRect(int x, int y, int w, int h, Uint8 r, Uint8 g, Uint8 b, Uint8 a = Color::ALPHA_OPAQUE);
      |                              ^
libgag/include/SDLGraphicContext.h:699:16: warning: 'drawVertLine' overrides a member function but is not marked 'override' [-Winconsistent-missing-override]
  699 |                 virtual void drawVertLine(int x, int y, int l, Uint8 r, Uint8 g, Uint8 b, Uint8 a = Color::ALPHA_OPAQUE);
      |                              ^
libgag/include/SDLGraphicContext.h:316:16: note: overridden virtual function is here
  316 |                 virtual void drawVertLine(int x, int y, int l, Uint8 r, Uint8 g, Uint8 b, Uint8 a = Color::ALPHA_OPAQUE);
      |                              ^
libgag/include/SDLGraphicContext.h:700:16: warning: 'drawVertLine' overrides a member function but is not marked 'override' [-Winconsistent-missing-override]
  700 |                 virtual void drawVertLine(int x, int y, int l, const Color& color);
      |                              ^
libgag/include/SDLGraphicContext.h:317:16: note: overridden virtual function is here
  317 |                 virtual void drawVertLine(int x, int y, int l, const Color& color);
      |                              ^
libgag/include/SDLGraphicContext.h:701:16: warning: 'drawHorzLine' overrides a member function but is not marked 'override' [-Winconsistent-missing-override]
  701 |                 virtual void drawHorzLine(int x, int y, int l, Uint8 r, Uint8 g, Uint8 b, Uint8 a = Color::ALPHA_OPAQUE);
      |                              ^
libgag/include/SDLGraphicContext.h:318:16: note: overridden virtual function is here
  318 |                 virtual void drawHorzLine(int x, int y, int l, Uint8 r, Uint8 g, Uint8 b, Uint8 a = Color::ALPHA_OPAQUE);
      |                              ^
libgag/include/SDLGraphicContext.h:702:16: warning: 'drawHorzLine' overrides a member function but is not marked 'override' [-Winconsistent-missing-override]
  702 |                 virtual void drawHorzLine(int x, int y, int l, const Color& color);
      |                              ^
libgag/include/SDLGraphicContext.h:319:16: note: overridden virtual function is here
  319 |                 virtual void drawHorzLine(int x, int y, int l, const Color& color);
      |                              ^
libgag/include/SDLGraphicContext.h:703:16: warning: 'drawLine' overrides a member function but is not marked 'override' [-Winconsistent-missing-override]
  703 |                 virtual void drawLine(int x1, int y1, int x2, int y2, Uint8 r, Uint8 g, Uint8 b, Uint8 a = Color::ALPHA_OPAQUE);
      |                              ^
libgag/include/SDLGraphicContext.h:320:16: note: overridden virtual function is here
  320 |                 virtual void drawLine(int x1, int y1, int x2, int y2, Uint8 r, Uint8 g, Uint8 b, Uint8 a = Color::ALPHA_OPAQUE);
      |                              ^
libgag/include/SDLGraphicContext.h:704:16: warning: 'drawCircle' overrides a member function but is not marked 'override' [-Winconsistent-missing-override]
  704 |                 virtual void drawCircle(int x, int y, int radius, Uint8 r, Uint8 g, Uint8 b, Uint8 a = Color::ALPHA_OPAQUE);
      |                              ^
libgag/include/SDLGraphicContext.h:321:16: note: overridden virtual function is here
  321 |                 virtual void drawCircle(int x, int y, int radius, Uint8 r, Uint8 g, Uint8 b, Uint8 a = Color::ALPHA_OPAQUE);
      |                              ^
36 warnings generated.
g++ -o build/darwin/client/release/src/glob2 -g -Wall -O3 -Wl,-rpath,/Users/bradley/.cache/glob2-sdl3/prefix/lib build/darwin/client/release/src/ai/castor/Control.o build/darwin/client/release/src/ai/castor/GetOrder.o build/darwin/client/release/src/ai/castor/Lifecycle.o build/darwin/client/release/src/ai/castor/Maps.o build/darwin/client/release/src/ai/castor/Placement.o build/darwin/client/release/src/ai/castor/Projects.o build/darwin/client/release/src/ai/castor/State.o build/darwin/client/release/src/ai/maxima/AIMaxima.o build/darwin/client/release/src/ai/maxima/AIMaximaState.o build/darwin/client/release/src/ai/maxima/AIMaximaCombat.o build/darwin/client/release/src/ai/maxima/AIMaximaDefense.o build/darwin/client/release/src/ai/maxima/AIMaximaFarming.o build/darwin/client/release/src/ai/maxima/AIMaximaFarmingPolicy.o build/darwin/client/release/src/ai/maxima/AIMaximaFoodLedger.o build/darwin/client/release/src/ai/maxima/AIMaximaPlacement.o build/darwin/client/release/src/ai/maxima/AIMaximaRecon.o build/darwin/client/release/src/ai/maxima/AIMaximaForceModel.o build/darwin/client/release/src/ai/maxima/AIMaximaRuntime.o build/darwin/client/release/src/ai/maxima/AIMaximaStrategy.o build/darwin/client/release/src/ai/maxima/AIMaximaTactics.o build/darwin/client/release/src/ai/AI.o build/darwin/client/release/src/ai/telemetry/AITelemetry.o build/darwin/client/release/src/ai/telemetry/AITelemetryAdapters.o build/darwin/client/release/src/ai/shared_runtime/BuildingOrder.o build/darwin/client/release/src/ai/shared_runtime/BuildingRegister.o build/darwin/client/release/src/ai/shared_runtime/Conditions.o build/darwin/client/release/src/ai/shared_runtime/ConditionsBuilding.o build/darwin/client/release/src/ai/shared_runtime/ConditionsPopulation.o build/darwin/client/release/src/ai/shared_runtime/ConditionsTracker.o build/darwin/client/release/src/ai/shared_runtime/Construction.o build/darwin/client/release/src/ai/shared_runtime/ConstructionConstraints.o build/darwin/client/release/src/ai/shared_runtime/Runtime.o build/darwin/client/release/src/ai/shared_runtime/RuntimeSerialization.o build/darwin/client/release/src/ai/shared_runtime/Entities.o build/darwin/client/release/src/ai/shared_runtime/EntitiesBuilding.o build/darwin/client/release/src/ai/shared_runtime/EntitiesResource.o build/darwin/client/release/src/ai/shared_runtime/EntitiesTerrain.o build/darwin/client/release/src/ai/shared_runtime/Gradient.o build/darwin/client/release/src/ai/shared_runtime/GradientBFS.o build/darwin/client/release/src/ai/shared_runtime/Management.o build/darwin/client/release/src/ai/shared_runtime/ManagementFlag.o build/darwin/client/release/src/ai/shared_runtime/ManagementMisc.o build/darwin/client/release/src/ai/shared_runtime/ManagementOrderBase.o build/darwin/client/release/src/ai/shared_runtime/ManagementTracker.o build/darwin/client/release/src/ai/shared_runtime/MapInfo.o build/darwin/client/release/src/ai/shared_runtime/Econo.o build/darwin/client/release/src/ai/shared_runtime/EconoBuilding.o build/darwin/client/release/src/ai/shared_runtime/EconoFlags.o build/darwin/client/release/src/ai/shared_runtime/SearchTools.o build/darwin/client/release/src/ai/AINames.o build/darwin/client/release/src/ai/nicowar/Attack.o build/darwin/client/release/src/ai/nicowar/Buildings.o build/darwin/client/release/src/ai/nicowar/Farming.o build/darwin/client/release/src/ai/nicowar/Flags.o build/darwin/client/release/src/ai/nicowar/Lifecycle.o build/darwin/client/release/src/ai/nicowar/Phases.o build/darwin/client/release/src/ai/nicowar/Strategy.o build/darwin/client/release/src/ai/nicowar/Upgrade.o build/darwin/client/release/src/ai/simple/AINull.o build/darwin/client/release/src/ai/numbi/AINumbi.o build/darwin/client/release/src/ai/numbi/AINumbiEconomy.o build/darwin/client/release/src/ai/numbi/AINumbiMilitary.o build/darwin/client/release/src/ai/numbi/AINumbiPlacement.o build/darwin/client/release/src/ai/warrush/AIWarrush.o build/darwin/client/release/src/ai/simple/AICabino.o build/darwin/client/release/src/ai/cortex/CortexObservation.o build/darwin/client/release/src/ai/cortex/CortexObservationObserve.o build/darwin/client/release/src/ai/cortex/CortexPlacement.o build/darwin/client/release/src/ai/cortex/CortexPlacementCandidates.o build/darwin/client/release/src/ai/cortex/CortexPlacementGeo.o build/darwin/client/release/src/ai/cortex/CortexPolicy.o build/darwin/client/release/src/ai/cortex/CortexPolicyEconomy.o build/darwin/client/release/src/ai/cortex/CortexPolicyTech.o build/darwin/client/release/src/ai/cortex/CortexPolicyCombat.o build/darwin/client/release/src/ai/cortex/CortexTuning.o build/darwin/client/release/src/ai/cortex/CortexWheat.o build/darwin/client/release/src/ai/cortex/CortexWater.o build/darwin/client/release/src/ai/cortex/CortexNet.o build/darwin/client/release/src/ai/cortex/AICortex.o build/darwin/client/release/src/ai/cortex/AICortexFlags.o build/darwin/client/release/src/ai/cortex/AICortexTranslate.o build/darwin/client/release/src/ai/cortex/AICortexDebug.o build/darwin/client/release/src/game/player/BasePlayer.o build/darwin/client/release/src/team/BaseTeam.o build/darwin/client/release/src/common/BitArray.o build/darwin/client/release/src/map/Brush.o build/darwin/client/release/src/map/BrushCoverage.o build/darwin/client/release/src/building/Lifecycle.o build/darwin/client/release/src/building/Construction.o build/darwin/client/release/src/building/Update.o build/darwin/client/release/src/building/Step.o build/darwin/client/release/src/building/TypeSteps.o build/darwin/client/release/src/building/Misc.o build/darwin/client/release/src/building/types/Buildings.o build/darwin/client/release/src/building/types/BuildingTypesColony.o build/darwin/client/release/src/building/types/BuildingTypesDefence.o build/darwin/client/release/src/building/types/BuildingTypesFlags.o build/darwin/client/release/src/building/types/BuildingTypesUpgrade.o build/darwin/client/release/src/replay/ChecksumSidecar.o build/darwin/client/release/src/game/diagnostics/DatasetWriter.o build/darwin/client/release/src/building/BuildingUtils.o build/darwin/client/release/src/game/Bullet.o build/darwin/client/release/src/campaign/Campaign.o build/darwin/client/release/src/campaign/screens/CampaignEditor.o build/darwin/client/release/src/campaign/screens/CampaignMainMenu.o build/darwin/client/release/src/campaign/screens/CampaignMenuScreen.o build/darwin/client/release/src/campaign/screens/CampaignSelectorScreen.o build/darwin/client/release/src/game/screens/ChooseMapScreen.o build/darwin/client/release/src/ui/screens/CreditScreen.o build/darwin/client/release/src/game/screens/CustomGameOtherOptions.o build/darwin/client/release/src/game/rules/CustomGameRules.o build/darwin/client/release/src/game/screens/CustomGameScreen.o build/darwin/client/release/src/render/clouds/DynamicClouds.o build/darwin/client/release/src/map/editor/screens/EditorMainMenu.o build/darwin/client/release/src/game/screens/EndGameScreen.o build/darwin/client/release/src/engine/Engine.o build/darwin/client/release/src/engine/EngineInit.o build/darwin/client/release/src/engine/EngineLoaders.o build/darwin/client/release/src/engine/EngineRun.o build/darwin/client/release/src/engine/EngineTurnTelemetry.o build/darwin/client/release/src/app/cli/Headless.o build/darwin/client/release/src/app/cli/RenderSkin.o build/darwin/client/release/src/app/cli/VerifyMatch.o build/darwin/client/release/src/app/cli/TurnClientCommand.o build/darwin/client/release/src/app/cli/MapStudy.o build/darwin/client/release/src/map/FertilityCalculator.o build/darwin/client/release/src/map/FertilityField.o build/darwin/client/release/src/game/Game.o build/darwin/client/release/src/game/Game_orders.o build/darwin/client/release/src/game/orders/OrderValidation.o build/darwin/client/release/src/game/Game_io.o build/darwin/client/release/src/game/Game_sync.o build/darwin/client/release/src/game/Game_tiling.o build/darwin/client/release/src/map/MapTiling.o build/darwin/client/release/src/game/Game_editor.o build/darwin/client/release/src/render/GameRender.o build/darwin/client/release/src/render/GameRenderUnits.o build/darwin/client/release/src/render/GameRenderBuildings.o build/darwin/client/release/src/render/GameRenderTerrain.o build/darwin/client/release/src/render/SoftwareTerrainCache.o build/darwin/client/release/src/render/MapOverlayQueue.o build/darwin/client/release/src/render/MapRenderState.o build/darwin/client/release/src/render/FogFade.o build/darwin/client/release/src/render/scene/SceneMap.o build/darwin/client/release/src/render/scene/SceneExtract.o build/darwin/client/release/src/engine/sim/SimulationRunner.o build/darwin/client/release/src/render/GameRenderOverlay.o build/darwin/client/release/src/render/GameAnimations.o build/darwin/client/release/src/game/GameEvent.o build/darwin/client/release/src/building/hud/BuildingGuiState.o build/darwin/client/release/src/hud/GameGUI.o build/darwin/client/release/src/hud/touch/GameGUITouch.o build/darwin/client/release/src/hud/touch/GameGUITouchView.o build/darwin/client/release/src/hud/touch/GameGUITouchPalette.o build/darwin/client/release/src/hud/touch/GameGUITouchPlacement.o build/darwin/client/release/src/hud/GameGUIBuildingActions.o build/darwin/client/release/src/hud/touch/GameGUITouchActions.o build/darwin/client/release/src/hud/touch/TouchReadout.o build/darwin/client/release/src/hud/touch/ThumbSide.o build/darwin/client/release/src/hud/touch/TouchDial.o build/darwin/client/release/src/hud/BrushHUD.o build/darwin/client/release/src/net/ConnectionOverlay.o build/darwin/client/release/src/net/turn/TurnMatchPresenter.o build/darwin/client/release/src/hud/touch/GameGUITouchLens.o build/darwin/client/release/src/hud/touch/GameGUITouchDial.o build/darwin/client/release/src/map/editor/PhoneEditor.o build/darwin/client/release/src/map/editor/PhoneEditorView.o build/darwin/client/release/src/hud/GameGUIDefaultAssignManager.o build/darwin/client/release/src/hud/GameGUIDialog.o build/darwin/client/release/src/hud/draw/GameGUIDraw.o build/darwin/client/release/src/hud/draw/GameGUIDrawChoice.o build/darwin/client/release/src/hud/draw/GameGUIDrawUnitInfos.o build/darwin/client/release/src/hud/draw/GameGUIDrawBuildingInfos.o build/darwin/client/release/src/hud/draw/GameGUIDrawBuildingHelpers.o build/darwin/client/release/src/hud/draw/FailureShapes.o build/darwin/client/release/src/hud/draw/GameGUIDrawMiscPanels.o build/darwin/client/release/src/hud/draw/GameGUIDrawEventFeed.o build/darwin/client/release/src/hud/GameGUIGhostBuildingManager.o build/darwin/client/release/src/hud/input/GameGUIInput.o build/darwin/client/release/src/hud/input/GameGUIInputKey.o build/darwin/client/release/src/hud/input/GameGUIInputMenu.o build/darwin/client/release/src/hud/input/GameGUIInputMenuClick.o build/darwin/client/release/src/hud/input/GameGUIInputMenuClickBuilding.o build/darwin/client/release/src/hud/input/GameGUIInputMouse.o build/darwin/client/release/src/hud/input/GameGUIKeyActions.o build/darwin/client/release/src/hud/LoadSaveDialog.o build/darwin/client/release/src/hud/GameGUIMessageManager.o build/darwin/client/release/src/hud/GameGUIOrders.o build/darwin/client/release/src/audio/GameMusicController.o build/darwin/client/release/src/hud/draw/GameGUIParticles.o build/darwin/client/release/src/hud/GameGUIPersistence.o build/darwin/client/release/src/hud/GameGUIScript.o build/darwin/client/release/src/hud/GameGUISelection.o build/darwin/client/release/src/hud/GameGUIStep.o build/darwin/client/release/src/hud/GameGUIToolManager.o build/darwin/client/release/src/hud/TeamDisplay.o build/darwin/client/release/src/unit/UnitDisplayNames.o build/darwin/client/release/src/game/ExperimentalFeatures.o build/darwin/client/release/src/game/GameHeader.o build/darwin/client/release/src/game/GameHints.o build/darwin/client/release/src/game/GameObjectives.o build/darwin/client/release/src/game/GameUtilities.o build/darwin/client/release/src/app/Glob2.o build/darwin/client/release/src/app/cli/MapCommand.o build/darwin/client/release/src/map/preview/MapRender.o build/darwin/client/release/src/game/diagnostics/GameDiagnostics.o build/darwin/client/release/src/map/tools/MapImage.o build/darwin/client/release/src/map/tools/MapReport.o build/darwin/client/release/src/ui/FrontendUI.o build/darwin/client/release/src/ui/ThemeCatalog.o build/darwin/client/release/src/ui/ThemePainters.o build/darwin/client/release/src/ui/OnlineUI.o build/darwin/client/release/src/ui/MapPictures.o build/darwin/client/release/src/ui/FileListing.o build/darwin/client/release/src/ui/Glob2Style.o build/darwin/client/release/src/ui/FrontendTheme.o build/darwin/client/release/src/ui/MenuColony.o build/darwin/client/release/src/app/GlobalContainer.o build/darwin/client/release/src/app/GlobalContainerArgs.o build/darwin/client/release/src/map/preview/GUIMapPreview.o build/darwin/client/release/src/building/IntBuildingType.o build/darwin/client/release/src/ui/KeyboardManager.o build/darwin/client/release/src/net/lan/screens/LANFindScreen.o build/darwin/client/release/src/online/screens/QuickMatchScreen.o build/darwin/client/release/src/online/screens/OnlineProfileScreen.o build/darwin/client/release/src/online/screens/OnlineMapsScreen.o build/darwin/client/release/src/net/lan/screens/LANMenuScreen.o build/darwin/client/release/src/game/screens/LandscapePickerScreen.o build/darwin/client/release/src/map/preview/LandscapePreviewer.o build/darwin/client/release/src/game/screens/StartQualityScreen.o build/darwin/client/release/src/ui/screens/MainMenuScreen.o build/darwin/client/release/src/map/Map.o build/darwin/client/release/src/map/MapTile.o build/darwin/client/release/src/map/generator/compatibility/LegacyGenerationDescriptor.o build/darwin/client/release/src/map/generator/MapHomogen.o build/darwin/client/release/src/map/generator/core/GenerationContext.o build/darwin/client/release/src/map/generator/core/GenerationService.o build/darwin/client/release/src/map/generator/core/GenerationValidation.o build/darwin/client/release/src/map/generator/core/GeneratorControls.o build/darwin/client/release/src/map/generator/core/GeneratorRegistry.o build/darwin/client/release/src/map/generator/generators/CityStatesGenerator.o build/darwin/client/release/src/map/generator/generators/ConcreteIslandsGenerator.o build/darwin/client/release/src/map/generator/generators/ContestedCommonsGenerator.o build/darwin/client/release/src/map/generator/generators/MazeGenerator.o build/darwin/client/release/src/map/generator/generators/CraterLakesGenerator.o build/darwin/client/release/src/map/generator/generators/EvergladesGenerator.o build/darwin/client/release/src/map/generator/generators/FjordContinentGenerator.o build/darwin/client/release/src/map/generator/generators/IslandsGenerator.o build/darwin/client/release/src/map/generator/generators/IslesGenerator.o build/darwin/client/release/src/map/generator/generators/RingWorldGenerator.o build/darwin/client/release/src/map/generator/generators/RiverGenerator.o build/darwin/client/release/src/map/generator/generators/RuggedArchipelagoGenerator.o build/darwin/client/release/src/map/generator/generators/ShatteredCoastGenerator.o build/darwin/client/release/src/map/generator/generators/StoneHighlandsGenerator.o build/darwin/client/release/src/map/generator/generators/SpiderWebGenerator.o build/darwin/client/release/src/map/generator/generators/CoralGenerator.o build/darwin/client/release/src/map/generator/generators/AmphitheatreGenerator.o build/darwin/client/release/src/map/generator/generators/CarouselGenerator.o build/darwin/client/release/src/map/generator/generators/SwitchbacksGenerator.o build/darwin/client/release/src/map/generator/generators/SwampGenerator.o build/darwin/client/release/src/map/generator/generators/SymmetricArenaGenerator.o build/darwin/client/release/src/map/generator/generators/TidalFlatsGenerator.o build/darwin/client/release/src/map/generator/generators/UniformGenerator.o build/darwin/client/release/src/map/generator/generators/WatershedGenerator.o build/darwin/client/release/src/map/generator/generators/LastTreelineGenerator.o build/darwin/client/release/src/map/generator/generators/BastionKeysGenerator.o build/darwin/client/release/src/map/generator/generators/DrownedForestGenerator.o build/darwin/client/release/src/map/generator/generators/WhoAteTheMapGenerator.o build/darwin/client/release/src/map/generator/generators/HungryMarchesGenerator.o build/darwin/client/release/src/map/generator/generators/CombGenerator.o build/darwin/client/release/src/map/generator/generators/EvenGroundGenerator.o build/darwin/client/release/src/map/generator/generators/MarchlandGenerator.o build/darwin/client/release/src/map/generator/generators/EncircledKingdomGenerator.o build/darwin/client/release/src/map/generator/generators/OrchardCommonsGenerator.o build/darwin/client/release/src/map/generator/generators/GauntletGenerator.o build/darwin/client/release/src/map/generator/generators/FaultedCityGenerator.o build/darwin/client/release/src/map/generator/generators/HiddenOasisGenerator.o build/darwin/client/release/src/map/generator/generators/PortageLakesGenerator.o build/darwin/client/release/src/map/generator/generators/CentralQuarryGenerator.o build/darwin/client/release/src/map/generator/generators/BajadaGenerator.o build/darwin/client/release/src/map/generator/generators/KarstTowersGenerator.o build/darwin/client/release/src/map/generator/generators/HoneycombIsleGenerator.o build/darwin/client/release/src/map/generator/generators/EmojiGenerator.o build/darwin/client/release/src/map/generator/generators/BraidedRiverGenerator.o build/darwin/client/release/src/map/generator/generators/FortsGenerator.o build/darwin/client/release/src/map/generator/generators/BraidedDeltaGenerator.o build/darwin/client/release/src/map/generator/generators/BreachableHighlandsGenerator.o build/darwin/client/release/src/map/generator/generators/HedgerowCountryGenerator.o build/darwin/client/release/src/map/generator/generators/DrumlinFieldGenerator.o build/darwin/client/release/src/map/generator/generators/ContinentsGenerator.o build/darwin/client/release/src/map/generator/generators/SavannahGenerator.o build/darwin/client/release/src/map/generator/generators/HillsGenerator.o build/darwin/client/release/src/map/generator/generators/RiceTerracesGenerator.o build/darwin/client/release/src/map/generator/generators/LocustGenerator.o build/darwin/client/release/src/map/generator/generators/PlantationsGenerator.o build/darwin/client/release/src/map/generator/generators/HilbertRiverGenerator.o build/darwin/client/release/src/map/generator/generators/FractalMapSupport.o build/darwin/client/release/src/map/generator/generators/SierpinskiGardensGenerator.o build/darwin/client/release/src/map/generator/generators/LavaShieldGenerator.o build/darwin/client/release/src/map/generator/generators/AnthillGenerator.o build/darwin/client/release/src/map/generator/generators/OldTownGenerator.o build/darwin/client/release/src/map/generator/generators/PolderGenerator.o build/darwin/client/release/src/map/generator/generators/CanalsGenerator.o build/darwin/client/release/src/map/generator/generators/OldGrowthGenerator.o build/darwin/client/release/src/map/generator/generators/RainShadowGenerator.o build/darwin/client/release/src/map/generator/generators/FingerprintGenerator.o build/darwin/client/release/src/map/generator/generators/GlacisGenerator.o build/darwin/client/release/src/map/generator/generators/AllotmentsGenerator.o build/darwin/client/release/src/map/generator/generators/CaravanseraiGenerator.o build/darwin/client/release/src/map/generator/shared/legacy/Distances.o build/darwin/client/release/src/map/generator/shared/HeightMap.o build/darwin/client/release/src/map/generator/shared/Noise.o build/darwin/client/release/src/map/generator/shared/BalancedStarts.o build/darwin/client/release/src/map/generator/shared/RecursiveGeometry.o build/darwin/client/release/src/map/generator/shared/Rivers.o build/darwin/client/release/src/map/generator/shared/HierarchicalCrossings.o build/darwin/client/release/src/map/generator/shared/Drawing.o build/darwin/client/release/src/map/generator/shared/Geometry.o build/darwin/client/release/src/map/generator/shared/Grid.o build/darwin/client/release/src/map/generator/shared/WalkBandStarts.o build/darwin/client/release/src/map/generator/shared/Walls.o build/darwin/client/release/src/map/generator/shared/Farmland.o build/darwin/client/release/src/map/generator/shared/Towers.o build/darwin/client/release/src/map/generator/shared/WorldAtlas.o build/darwin/client/release/src/map/generator/shared/WorldAtlasData.o build/darwin/client/release/src/map/generator/shared/Raster.o build/darwin/client/release/src/map/generator/shared/Landmass.o build/darwin/client/release/src/map/generator/shared/Tessellation.o build/darwin/client/release/src/map/generator/shared/GraphMaze.o build/darwin/client/release/src/map/generator/shared/Orbits.o build/darwin/client/release/src/map/generator/shared/Morphology.o build/darwin/client/release/src/map/generator/shared/Growth.o build/darwin/client/release/src/map/generator/shared/Contact.o build/darwin/client/release/src/map/generator/shared/Points.o build/darwin/client/release/src/map/generator/shared/Patterns.o build/darwin/client/release/src/map/generator/shared/Channels.o build/darwin/client/release/src/map/generator/shared/Room.o build/darwin/client/release/src/map/generator/shared/Biomes.o build/darwin/client/release/src/map/generator/shared/LatticeNoise.o build/darwin/client/release/src/map/generator/shared/Pipeline.o build/darwin/client/release/src/map/generator/shared/ClearingLandscape.o build/darwin/client/release/src/map/generator/shared/Planting.o build/darwin/client/release/src/map/generator/shared/Roads.o build/darwin/client/release/src/map/generator/shared/Sketch.o build/darwin/client/release/src/map/generator/shared/Solve.o build/darwin/client/release/src/map/generator/shared/Topology.o build/darwin/client/release/src/map/generator/shared/Settlements.o build/darwin/client/release/src/map/generator/shared/ScoredSettlements.o build/darwin/client/release/src/map/generator/shared/legacy/Regions.o build/darwin/client/release/src/map/generator/shared/Resources.o build/darwin/client/release/src/map/generator/shared/legacy/StartingPositions.o build/darwin/client/release/src/map/generator/shared/StartDiagnostics.o build/darwin/client/release/src/map/generator/shared/StartQuality.o build/darwin/client/release/src/map/generator/shared/Terrain.o build/darwin/client/release/src/map/gradient/BuildingGradientSearch.o build/darwin/client/release/src/map/gradient/MapGradientArea.o build/darwin/client/release/src/map/gradient/MapGradientBuilding.o build/darwin/client/release/src/map/gradient/MapGradientChamfer.o build/darwin/client/release/src/map/gradient/MapGradientDirection.o build/darwin/client/release/src/map/gradient/MapGradientPropagation.o build/darwin/client/release/src/map/gradient/MapGradientResource.o build/darwin/client/release/src/map/io/MapExploredAreaIO.o build/darwin/client/release/src/map/io/MapIO.o build/darwin/client/release/src/map/MapMisc.o build/darwin/client/release/src/map/pathfind/MapPathfindArea.o build/darwin/client/release/src/map/pathfind/MapPathfindPoint.o build/darwin/client/release/src/map/pathfind/MapPathfindBuilding.o build/darwin/client/release/src/map/pathfind/MapPathfindRessource.o build/darwin/client/release/src/map/MapQuery.o build/darwin/client/release/src/map/MapResources.o build/darwin/client/release/src/map/MapStep.o build/darwin/client/release/src/map/MapTerrain.o build/darwin/client/release/src/render/MapView.o build/darwin/client/release/src/map/editor/Widgets.o build/darwin/client/release/src/map/editor/WidgetsTools.o build/darwin/client/release/src/map/editor/WidgetsUnit.o build/darwin/client/release/src/map/editor/WidgetsBuilding.o build/darwin/client/release/src/map/editor/MapEditCtor.o build/darwin/client/release/src/map/editor/MapEditIO.o build/darwin/client/release/src/map/editor/MapEditDraw.o build/darwin/client/release/src/map/editor/MapEditEvents.o build/darwin/client/release/src/map/editor/MapEditAction.o build/darwin/client/release/src/map/editor/MapEditActionView.o build/darwin/client/release/src/map/editor/MapEditActionTerrain.o build/darwin/client/release/src/map/editor/MapEditActionUnit.o build/darwin/client/release/src/map/editor/MapEditActionBuilding.o build/darwin/client/release/src/map/editor/MapEditDelegate.o build/darwin/client/release/src/map/editor/MapEditClicks.o build/darwin/client/release/src/map/editor/MapEditDialog.o build/darwin/client/release/src/map/editor/MapEditKeyActions.o build/darwin/client/release/src/map/io/MapHeader.o build/darwin/client/release/src/scripting/javascript/ScriptValue.o build/darwin/client/release/src/scripting/javascript/ScriptRuntime.o build/darwin/client/release/src/hive/HiveWorker.o build/darwin/client/release/src/hive/HiveClient.o build/darwin/client/release/src/hive/HiveObservation.o build/darwin/client/release/src/hive/HiveDialog.o build/darwin/client/release/src/scripting/javascript/ScriptObservations.o build/darwin/client/release/src/scripting/javascript/ScriptOrders.o build/darwin/client/release/src/scripting/javascript/ScriptServices.o build/darwin/client/release/src/scripting/javascript/ScriptSpatial.o build/darwin/client/release/src/scripting/javascript/JavaScriptMap.o build/darwin/client/release/src/scripting/javascript/ScriptCommand.o build/darwin/client/release/src/ai/javascript/ScriptLibrary.o build/darwin/client/release/src/ui/settings/SettingsScreenCustomAIs.o build/darwin/client/release/src/ai/javascript/AIJavaScript.o build/darwin/client/release/src/scripting/map/MapScript.o build/darwin/client/release/src/scripting/map/MapScriptError.o build/darwin/client/release/src/scripting/map/MapScriptUSL.o build/darwin/client/release/src/map/io/MapThumbnail.o build/darwin/client/release/src/render/overlay/MarkManager.o build/darwin/client/release/src/render/Minimap.o build/darwin/client/release/src/net/NetBroadcaster.o build/darwin/client/release/src/net/NetBroadcastListener.o build/darwin/client/release/src/net/NetConnection.o build/darwin/client/release/src/net/NetEngine.o build/darwin/client/release/src/net/NetListener.o build/darwin/client/release/src/net/message/NetMessage.o build/darwin/client/release/src/net/message/MessageRecipients.o build/darwin/client/release/src/net/message/OrderMessages.o build/darwin/client/release/src/net/turn/JitterBuffer.o build/darwin/client/release/src/net/turn/MatchRecord.o build/darwin/client/release/src/net/turn/TurnMessages.o build/darwin/client/release/src/net/turn/TurnSequencer.o build/darwin/client/release/src/net/turn/TurnLockstep.o build/darwin/client/release/src/net/turn/TurnSession.o build/darwin/client/release/src/net/turn/TurnTelemetry.o build/darwin/client/release/src/map/editor/screens/NewMapScreen.o build/darwin/client/release/src/game/orders/Order.o build/darwin/client/release/src/game/orders/OrderBuilding.o build/darwin/client/release/src/game/orders/OrderModify.o build/darwin/client/release/src/game/orders/OrderMisc.o build/darwin/client/release/src/render/overlay/OverlayAreas.o build/darwin/client/release/src/team/stats/TeamStatChart.o build/darwin/client/release/src/team/stats/MetricCatalog.o build/darwin/client/release/src/team/stats/MetricSeries.o build/darwin/client/release/src/render/overlay/OverlayFill.o build/darwin/client/release/src/game/player/Player.o build/darwin/client/release/src/unit/types/Race.o build/darwin/client/release/src/replay/ReplayReader.o build/darwin/client/release/src/replay/ReplayWriter.o build/darwin/client/release/src/replay/ReplayTelemetry.o build/darwin/client/release/src/resource/Ressource.o build/darwin/client/release/src/game/rules/RulesetCatalog.o build/darwin/client/release/src/game/rules/TeamLayout.o build/darwin/client/release/src/resource/Resources.o build/darwin/client/release/src/scripting/map/ScriptEditorScreen.o build/darwin/client/release/src/game/Sector.o build/darwin/client/release/src/app/Settings.o build/darwin/client/release/src/app/SystemLanguage.o build/darwin/client/release/src/render/torus/TorusView.o build/darwin/client/release/src/render/torus/TorusViewRender.o build/darwin/client/release/src/hud/GameGUITorus.o build/darwin/client/release/src/ui/settings/SettingsScreen.o build/darwin/client/release/src/ui/screens/RecordingFilesScreen.o build/darwin/client/release/src/ui/settings/SettingsScreenGeneral.o build/darwin/client/release/src/ui/settings/SettingsScreenBuildings.o build/darwin/client/release/src/ui/settings/SettingsScreenKeyboard.o build/darwin/client/release/src/ui/settings/SettingsScreenOnline.o build/darwin/client/release/src/ui/settings/SettingsScreenRecording.o build/darwin/client/release/src/scripting/sgsl/Lexer.o build/darwin/client/release/src/scripting/sgsl/Parser.o build/darwin/client/release/src/scripting/sgsl/ParserSummon.o build/darwin/client/release/src/scripting/sgsl/ParserWait.o build/darwin/client/release/src/scripting/sgsl/SGSL.o build/darwin/client/release/src/scripting/sgsl/StoryActions.o build/darwin/client/release/src/scripting/sgsl/StoryConditions.o build/darwin/client/release/src/scripting/sgsl/StoryExecute.o build/darwin/client/release/src/render/clouds/SimplexNoise.o build/darwin/client/release/src/audio/PlayerVoice.o build/darwin/client/release/src/audio/SoundMixer.o build/darwin/client/release/src/audio/MusicStream.o build/darwin/client/release/src/audio/MusicLibrary.o build/darwin/client/release/src/ui/screens/MusicLibraryScreen.o build/darwin/client/release/src/ui/screens/MusicSetScreen.o build/darwin/client/release/src/ui/screens/MusicImportScreen.o build/darwin/client/release/src/team/Team.o build/darwin/client/release/src/team/TeamSerialization.o build/darwin/client/release/src/team/TeamLists.o build/darwin/client/release/src/team/TeamRouting.o build/darwin/client/release/src/team/TeamStep.o build/darwin/client/release/src/team/stats/TeamStat.o build/darwin/client/release/src/unit/Unit.o build/darwin/client/release/src/unit/UnitAction.o build/darwin/client/release/src/unit/UnitActivity.o build/darwin/client/release/src/unit/UnitDisplacement.o build/darwin/client/release/src/unit/UnitGeometry.o build/darwin/client/release/src/unit/UnitMedical.o build/darwin/client/release/src/unit/UnitMovement.o build/darwin/client/release/src/unit/UnitSerialization.o build/darwin/client/release/src/unit/render/UnitSkin.o build/darwin/client/release/src/unit/render/ColonySkinPreview.o build/darwin/client/release/src/unit/UnitStats.o build/darwin/client/release/src/unit/types/UnitType.o build/darwin/client/release/src/unit/UnitUtils.o build/darwin/client/release/src/common/Utilities.o build/darwin/client/release/src/audio/VoiceRecorder.o build/darwin/client/release/src/team/stats/WinProbability.o build/darwin/client/release/src/game/WinningConditions.o build/darwin/client/release/src/app/Application.o build/darwin/client/release/src/map/editor/screens/MapEditorScreen.o build/darwin/client/release/src/ui/screens/MessageScreen.o build/darwin/client/release/src/map/editor/screens/EditorLoadScreen.o build/darwin/client/release/src/map/editor/screens/EditorGenerateScreen.o build/darwin/client/release/src/game/screens/GameSessionScreen.o build/darwin/client/release/src/game/screens/GameLoadScreen.o build/darwin/client/release/src/ui/screens/FileImport.o build/darwin/client/release/src/game/screens/SinglePlayerFlow.o build/darwin/client/release/src/map/editor/screens/FertilityScreen.o build/darwin/client/release/src/net/lan/screens/LANSessionScreen.o build/darwin/client/release/src/net/lan/LanClient.o build/darwin/client/release/src/net/lan/LanHost.o build/darwin/client/release/src/net/lan/LanProtocol.o build/darwin/client/release/src/net/lan/LanRoom.o build/darwin/client/release/src/game/screens/MatchStartScreen.o build/darwin/client/release/src/online/screens/OnlineHubScreen.o build/darwin/client/release/src/online/screens/RoomMapPickerScreen.o build/darwin/client/release/src/online/screens/RoomScreen.o build/darwin/client/release/src/net/NetTransport.o build/darwin/client/release/src/net/TcpTransport.o build/darwin/client/release/src/net/NetWait.o build/darwin/client/release/src/net/NetworkConfig.o build/darwin/client/release/src/net/LanIdentity.o build/darwin/client/release/src/net/WssTransport.o build/darwin/client/release/src/online/HttpFetch.o build/darwin/client/release/src/online/HttpFetchCommon.o build/darwin/client/release/src/online/InstanceConfig.o build/darwin/client/release/src/online/InviteLink.o build/darwin/client/release/src/online/MapCache.o build/darwin/client/release/src/online/MapCatalog.o build/darwin/client/release/src/online/MatchSetup.o build/darwin/client/release/src/online/MemoryStorage.o build/darwin/client/release/src/online/OnlineHandoff.o build/darwin/client/release/src/online/OnlineMatch.o build/darwin/client/release/src/online/OnlineResources.o build/darwin/client/release/src/online/OnlineServices.o build/darwin/client/release/src/online/PlatformClient.o build/darwin/client/release/src/online/PlatformClientNative.o build/darwin/client/release/src/online/PlatformProtocol.o build/darwin/client/release/src/online/PlatformRoom.o build/darwin/client/release/src/online/RelayTransport.o build/darwin/client/release/src/online/QuickMatch.o build/darwin/client/release/src/online/QuickMatchShared.o build/darwin/client/release/src/online/RelayProbe.o build/darwin/client/release/src/online/RoomSetup.o build/darwin/client/release/src/online/Sha256.o build/darwin/client/release/src/online/SkinAuthorization.o build/darwin/client/release/src/online/SkinDownloads.o build/darwin/client/release/src/online/SkinSpriteManifest.o build/darwin/client/release/src/online/SkinSprites.o build/darwin/client/release/src/online/ReplayAppearance.o build/darwin/client/release/src/online/SimVersion.o build/darwin/client/release/src/online/UserDirectoryStorage.o build/darwin/client/release/src/PlatformTrustCore.o build/darwin/client/release/src/PlatformTrustPolicy.o build/darwin/client/release/third_party/libGlob2JavaScript.a build/darwin/client/release/libgag/src/libgag.a build/darwin/client/release/libusl/src/libusl.a -L/Users/bradley/.cache/glob2-sdl3/prefix/lib -L/opt/homebrew/lib -lz -lpthread -lssl -lcrypto -lepoxy -lfribidi build/darwin/client/release/recording/prefix/lib/libavformat.a build/darwin/client/release/recording/prefix/lib/libavcodec.a build/darwin/client/release/recording/prefix/lib/libswscale.a build/darwin/client/release/recording/prefix/lib/libswresample.a build/darwin/client/release/recording/prefix/lib/libavutil.a build/darwin/client/release/recording/prefix/lib/libx264.a -lSDL3_net -lopusfile -lopus -logg -lSDL3_ttf -lSDL3_image -lspeex -lSDL3 -lwebp -lsharpyuv -framework Security -framework CoreFoundation -framework AppKit -framework OpenGL -framework CoreFoundation -framework GLUT -framework VideoToolbox -framework CoreMedia -framework CoreVideo -framework Foundation -framework AudioToolbox
g++ -o build/darwin/client/release/test/glob2-unit-tests -g -Wall -O3 -Wl,-rpath,/Users/bradley/.cache/glob2-sdl3/prefix/lib build/darwin/client/release/test/unit-support_TestMain.o build/darwin/client/release/test/unit-support_Glob2Test.o build/darwin/client/release/test/unit-support_GlobalContainerSlot.o build/darwin/client/release/test/unit-support_TestActivity_mac.o build/darwin/client/release/test/unit-unit_stubs_MapSectorStubs.o build/darwin/client/release/test/unit-unit_stubs_MapHeaderStubs.o build/darwin/client/release/test/unit-unit_stubs_OrderStubs.o build/darwin/client/release/test/unit-unit_stubs_GameGUIStubs.o build/darwin/client/release/test/unit-unit_stubs_RaceStubs.o build/darwin/client/release/test/unit-unit_stubs_RuntimeStubs.o build/darwin/client/release/test/unit-libgag_src_TextStreamTest.o build/darwin/client/release/test/unit-libgag_src_AssetLoaderTest.o build/darwin/client/release/test/unit-libgag_src_SpriteLoadTest.o build/darwin/client/release/test/unit-libgag_src_RenderFramePacerTest.o build/darwin/client/release/test/unit-libgag_src_FontMetricsTest.o build/darwin/client/release/test/unit-libgag_src_PackedArrayTest.o build/darwin/client/release/test/unit-libgag_src_EventQueueTest.o build/darwin/client/release/test/unit-src_map_generator_MapGeneratorGoldenCoverageTest.o build/darwin/client/release/test/unit-libgag_src_GameplayRecordingTest.o build/darwin/client/release/test/unit-libgag_src_RecordingSessionTest.o build/darwin/client/release/test/unit-support_RecordingValidationProcess.o build/darwin/client/release/test/unit-libusl_test_USLCoverageTest.o build/darwin/client/release/test/unit-libgag_src_SurfaceCoverageTest.o build/darwin/client/release/test/unit-libgag_src_ImageAssetTest.o build/darwin/client/release/test/unit-src_scripting_javascript_ScriptRuntimeTest.o build/darwin/client/release/test/unit-src_hive_HiveWorkerTest.o build/darwin/client/release/test/unit-src_scripting_javascript_ScriptNumericTest.o build/darwin/client/release/test/unit-libgag_src_UnitDrawBatchTest.o build/darwin/client/release/test/unit-libgag_src_MapGeometryCacheTest.o build/darwin/client/release/test/unit-libgag_src_SpriteDrawBatchTest.o build/darwin/client/release/test/unit-libgag_src_SpriteSheetTest.o build/darwin/client/release/test/unit-libgag_src_OpaqueRectangleBatchTest.o build/darwin/client/release/test/unit-src_hud_AllyTeamWidgetIndexTest.o build/darwin/client/release/test/unit-src_common_BitArrayTest.o build/darwin/client/release/test/unit-libgag_src_BidiTextTest.o build/darwin/client/release/test/unit-src_render_scene_SceneBufferTest.o build/darwin/client/release/test/unit-src_map_BrushAccumulatorTest.o build/darwin/client/release/test/unit-src_map_BrushCoverageTest.o build/darwin/client/release/test/unit-src_map_editor_BrushToolHitTest.o build/darwin/client/release/test/unit-src_building_hud_BuildingFailureDisplayTest.o build/darwin/client/release/test/unit-src_ai_cortex_CortexUpgradeTest.o build/darwin/client/release/test/unit-src_map_editor_EditorWidgetLayoutTest.o build/darwin/client/release/test/unit-src_map_FertilityFieldTest.o build/darwin/client/release/test/unit-src_building_FetchApportionmentTest.o build/darwin/client/release/test/unit-src_common_FilenameStripTest.o build/darwin/client/release/test/unit-src_audio_GameMusicControllerTest.o build/darwin/client/release/test/unit-src_hud_GhostBuildingOverlapTest.o build/darwin/client/release/test/unit-src_ai_shared_runtime_GradientBFSTest.o build/darwin/client/release/test/unit-src_field_FieldTraversalTest.o build/darwin/client/release/test/unit-src_map_gradient_GradientTest.o build/darwin/client/release/test/unit-HelloWorldTest.o build/darwin/client/release/test/unit-libgag_src_Sha1Test.o build/darwin/client/release/test/unit-VendoredJsonTest.o build/darwin/client/release/test/unit-src_online_HttpFetchUrlTest.o build/darwin/client/release/test/unit-src_online_PlatformProtocolTest.o build/darwin/client/release/test/unit-src_online_InstanceConfigTest.o build/darwin/client/release/test/unit-src_online_InviteLinkTest.o build/darwin/client/release/test/unit-src_online_MapCacheTest.o build/darwin/client/release/test/unit-src_online_SkinAuthorizationTest.o build/darwin/client/release/test/unit-src_online_SkinDownloadsTest.o build/darwin/client/release/test/unit-src_online_SkinSpritesTest.o build/darwin/client/release/test/unit-src_online_ReplayAppearanceTest.o build/darwin/client/release/test/unit-src_online_PlatformClientTest.o build/darwin/client/release/test/unit-src_online_OnlineResourcesTest.o build/darwin/client/release/test/unit-src_online_QuickMatchTest.o build/darwin/client/release/test/unit-src_online_MapCatalogTest.o build/darwin/client/release/test/unit-src_ui_KeyActionLookupTest.o build/darwin/client/release/test/unit-src_map_MapQueryTest.o build/darwin/client/release/test/unit-src_net_message_MessageRecipientsTest.o build/darwin/client/release/test/unit-src_render_overlay_OverlayFillTest.o build/darwin/client/release/test/unit-src_render_ZoomDetailTest.o build/darwin/client/release/test/unit-src_render_FogFadeTest.o build/darwin/client/release/test/unit-src_team_stats_MetricSeriesTest.o build/darwin/client/release/test/unit-src_game_rules_TeamLayoutTest.o build/darwin/client/release/test/unit-src_hud_input_PanelButtonHitTest.o build/darwin/client/release/test/unit-src_hud_draw_ParticleCrossfadeTest.o build/darwin/client/release/test/unit-src_map_generator_shared_PerlinNoiseTest.o build/darwin/client/release/test/unit-src_audio_PlayerVoiceDrainTest.o build/darwin/client/release/test/unit-src_hud_draw_SpriteCenteringTest.o build/darwin/client/release/test/unit-libgag_src_SkinMeshTest.o build/darwin/client/release/test/unit-src_building_TurretScanTileTest.o build/darwin/client/release/test/unit-src_unit_render_UnitAnimationTest.o build/darwin/client/release/test/unit-src_unit_render_UnitDrawGeometryTest.o build/darwin/client/release/test/unit-src_unit_UnitTimingTest.o build/darwin/client/release/test/unit-natsort_NatSortTest.o build/darwin/client/release/test/unit-src_game_player_BasePlayerSaveLoadTest.o build/darwin/client/release/test/unit-src_team_BaseTeamSaveLoadTest.o build/darwin/client/release/test/unit-src_game_BulletSaveLoadTest.o build/darwin/client/release/test/unit-src_render_clouds_CloudFieldTest.o build/darwin/client/release/test/unit-src_game_ExperimentalFeaturesTest.o build/darwin/client/release/test/unit-src_game_GameHeaderDefaultAlliancesTest.o build/darwin/client/release/test/unit-src_game_GameHeaderTextSaveLoadTest.o build/darwin/client/release/test/unit-src_game_GameHintsTest.o build/darwin/client/release/test/unit-src_game_GameObjectivesTest.o build/darwin/client/release/test/unit-src_map_io_MapExploredAreaSaveLoadTest.o build/darwin/client/release/test/unit-src_map_preview_MapRenderGeometryTest.o build/darwin/client/release/test/unit-src_common_MersenneTwisterTest.o build/darwin/client/release/test/unit-src_ai_shared_runtime_RuntimeBuildingOrderSaveLoadTest.o build/darwin/client/release/test/unit-src_render_torus_TorusGeometryTest.o build/darwin/client/release/test/unit-src_render_torus_TorusPickingTest.o build/darwin/client/release/test/unit-src_render_torus_TorusTextureTilesTest.o build/darwin/client/release/test/unit-src_ai_shared_runtime_TriboolTest.o build/darwin/client/release/test/unit-src_game_WinningConditionDecodeTest.o build/darwin/client/release/test/unit-src_game_WinningConditionPrestigeToggleTest.o build/darwin/client/release/test/unit-src_game_WinningConditionSuddenDeathToggleTest.o build/darwin/client/release/test/unit-src_net_message_NetSendOrderDecodeTest.o build/darwin/client/release/test/unit-src_net_turn_TurnProtocolTest.o build/darwin/client/release/test/unit-src_net_turn_TurnHarnessTest.o build/darwin/client/release/test/unit-src_net_turn_TurnTelemetryTest.o build/darwin/client/release/test/unit-src_net_ConnectionQualityTest.o build/darwin/client/release/test/unit-src_game_orders_OrderAlterateAreaTest.o build/darwin/client/release/test/unit-src_replay_ReplayStepCounterTest.o build/darwin/client/release/test/unit-src_campaign_CampaignBoundsHarness.o build/darwin/client/release/test/unit-src_campaign_CampaignDescriptionCacheHarness.o build/darwin/client/release/test/unit-src_campaign_CampaignLoadHarness.o build/darwin/client/release/test/unit-src_campaign_CampaignSelectionHarness.o build/darwin/client/release/test/unit-src_game_WinningConditionsHarness.o build/darwin/client/release/test/unit-libgag_src_BufferedFileStreamHarness.o build/darwin/client/release/test/unit-src_common_ComputeExecutorHarness.o build/darwin/client/release/test/unit-src_map_gradient_GradientPipelineHarness.o build/darwin/client/release/test/unit-mobile_MobileCertificateHarness.o build/darwin/client/release/test/unit-mobile_MobileDocumentsHarness.o build/darwin/client/release/test/unit-libgag_src_MobileInputHarness.o build/darwin/client/release/test/unit-mobile_MobileTemporaryFilesHarness.o build/darwin/client/release/test/unit-libgag_src_PerformanceTelemetryHarness.o build/darwin/client/release/test/unit-libgag_src_ScrollPhysicsTest.o build/darwin/client/release/test/unit-libgag_src_GestureScrollTest.o build/darwin/client/release/test/unit-src_hud_GameSpeedControlTest.o build/darwin/client/release/test/unit-src_hud_GameEventFeedTest.o build/darwin/client/release/test/unit-src_audio_SoundMixerTrackSelectionHarness.o build/darwin/client/release/test/unit-libgag_src_ui_UILayoutHarness.o build/darwin/client/release/test/unit-src_map_gradient_GlobalGradientHarness.o build/darwin/client/release/test/unit-src_map_gradient_PathGradientHarness.o build/darwin/client/release/test/unit-src_ai_maxima_MaximaContinuationTest.o build/darwin/client/release/test/unit-src_ai_maxima_MaximaFoodLedgerStandaloneTest.o build/darwin/client/release/test/unit-src_ai_maxima_MaximaDefenseStandaloneTest.o build/darwin/client/release/test/unit-src_ai_maxima_MaximaFarmingStandaloneTest.o build/darwin/client/release/test/unit-src_ai_maxima_MaximaForceModelStandaloneTest.o build/darwin/client/release/test/unit-src_ai_maxima_MaximaLabourStandaloneTest.o build/darwin/client/release/test/unit-src_ai_maxima_MaximaPlacementStandaloneTest.o build/darwin/client/release/test/unit-src_ai_maxima_MaximaReconStandaloneTest.o build/darwin/client/release/test/unit-src_ai_maxima_MaximaStaffingControlStandaloneTest.o build/darwin/client/release/test/unit-src_ai_maxima_MaximaTacticsStandaloneTest.o build/darwin/client/release/src/scripting/javascript/ScriptValue.o build/darwin/client/release/src/scripting/javascript/ScriptRuntime.o build/darwin/client/release/src/hive/HiveWorker.o build/darwin/client/release/src/common/BitArray.o build/darwin/client/release/src/map/Brush.o build/darwin/client/release/src/map/BrushCoverage.o build/darwin/client/release/src/render/overlay/OverlayFill.o build/darwin/client/release/src/audio/PlayerVoice.o build/darwin/client/release/src/common/Utilities.o build/darwin/client/release/src/ai/maxima/AIMaximaDefense.o build/darwin/client/release/src/ai/maxima/AIMaximaFarming.o build/darwin/client/release/src/ai/maxima/AIMaximaFoodLedger.o build/darwin/client/release/src/ai/maxima/AIMaximaForceModel.o build/darwin/client/release/src/ai/maxima/AIMaximaPlacement.o build/darwin/client/release/src/ai/maxima/AIMaximaRecon.o build/darwin/client/release/src/ai/maxima/AIMaximaTactics.o build/darwin/client/release/src/ai/shared_runtime/GradientBFS.o build/darwin/client/release/src/building/BuildingUtils.o build/darwin/client/release/src/hud/input/GameGUIKeyActions.o build/darwin/client/release/src/audio/GameMusicController.o build/darwin/client/release/src/audio/MusicStream.o build/darwin/client/release/src/map/FertilityField.o build/darwin/client/release/src/map/Map.o build/darwin/client/release/src/map/MapQuery.o build/darwin/client/release/src/map/MapTerrain.o build/darwin/client/release/src/map/editor/MapEditKeyActions.o build/darwin/client/release/src/map/generator/shared/Noise.o build/darwin/client/release/src/map/gradient/BuildingGradientSearch.o build/darwin/client/release/src/map/gradient/MapGradientDirection.o build/darwin/client/release/src/map/gradient/MapGradientChamfer.o build/darwin/client/release/src/map/gradient/MapGradientPropagation.o build/darwin/client/release/src/map/pathfind/MapPathfindPoint.o build/darwin/client/release/src/net/message/MessageRecipients.o build/darwin/client/release/src/render/FogFade.o build/darwin/client/release/src/team/stats/MetricCatalog.o build/darwin/client/release/src/team/stats/MetricSeries.o build/darwin/client/release/src/game/rules/TeamLayout.o build/darwin/client/release/src/unit/UnitUtils.o build/darwin/client/release/src/game/player/BasePlayer.o build/darwin/client/release/src/team/BaseTeam.o build/darwin/client/release/src/game/Bullet.o build/darwin/client/release/src/game/ExperimentalFeatures.o build/darwin/client/release/src/game/GameHeader.o build/darwin/client/release/src/game/GameHints.o build/darwin/client/release/src/game/GameObjectives.o build/darwin/client/release/src/render/clouds/SimplexNoise.o build/darwin/client/release/src/game/WinningConditions.o build/darwin/client/release/src/team/stats/WinProbability.o build/darwin/client/release/src/ai/shared_runtime/BuildingOrder.o build/darwin/client/release/src/map/io/MapExploredAreaIO.o build/darwin/client/release/src/online/HttpFetchCommon.o build/darwin/client/release/src/online/InstanceConfig.o build/darwin/client/release/src/online/InviteLink.o build/darwin/client/release/src/online/MapCache.o build/darwin/client/release/src/online/MapCatalog.o build/darwin/client/release/src/online/OnlineHandoff.o build/darwin/client/release/src/online/OnlineResources.o build/darwin/client/release/src/online/MemoryStorage.o build/darwin/client/release/src/online/PlatformClient.o build/darwin/client/release/src/online/PlatformProtocol.o build/darwin/client/release/src/online/QuickMatch.o build/darwin/client/release/src/online/RelayProbe.o build/darwin/client/release/src/online/Sha256.o build/darwin/client/release/src/online/SkinAuthorization.o build/darwin/client/release/src/online/SkinDownloads.o build/darwin/client/release/src/online/SkinSpriteManifest.o build/darwin/client/release/src/online/SkinSprites.o build/darwin/client/release/src/online/ReplayAppearance.o build/darwin/client/release/src/online/SimVersion.o build/darwin/client/release/src/campaign/Campaign.o build/darwin/client/release/src/audio/SoundMixer.o build/darwin/client/release/test/unit-mobile_Documents.o build/darwin/client/release/test/unit-mobile_CertificateTrust.o build/darwin/client/release/test/unit-mobile_TemporaryFiles.o build/darwin/client/release/src/net/turn/JitterBuffer.o build/darwin/client/release/src/net/turn/MatchRecord.o build/darwin/client/release/src/net/turn/TurnMessages.o build/darwin/client/release/src/net/turn/TurnSequencer.o build/darwin/client/release/src/net/turn/TurnSession.o build/darwin/client/release/src/net/turn/TurnTelemetry.o build/darwin/client/release/src/replay/ReplayReader.o build/darwin/client/release/src/replay/ReplayWriter.o build/darwin/client/release/src/replay/ReplayTelemetry.o build/darwin/client/release/test/unit-src_game_orders_OrderModify.o build/darwin/client/release/test/unit-src_game_orders_OrderBuilding.o build/darwin/client/release/test/unit-src_net_message_OrderMessages.o build/darwin/client/release/third_party/libGlob2JavaScript.a build/darwin/client/release/libgag/src/libgag.a build/darwin/client/release/libusl/src/libusl.a -L/Users/bradley/.cache/glob2-sdl3/prefix/lib -L/opt/homebrew/lib -lz -lpthread -lssl -lcrypto -lepoxy -lfribidi build/darwin/client/release/recording/prefix/lib/libavformat.a build/darwin/client/release/recording/prefix/lib/libavcodec.a build/darwin/client/release/recording/prefix/lib/libswscale.a build/darwin/client/release/recording/prefix/lib/libswresample.a build/darwin/client/release/recording/prefix/lib/libavutil.a build/darwin/client/release/recording/prefix/lib/libx264.a -lSDL3_net -lopusfile -lopus -logg -lSDL3_ttf -lSDL3_image -lspeex -lSDL3 -lwebp -lsharpyuv -framework Security -framework CoreFoundation -framework AppKit -framework OpenGL -framework CoreFoundation -framework GLUT -framework VideoToolbox -framework CoreMedia -framework CoreVideo -framework Foundation -framework AudioToolbox
src/map/generator/MapGeneratorDefaultsTest.cpp:2:9: warning: 'SDL_MAIN_HANDLED' macro redefined [-Wmacro-redefined]
    2 | #define SDL_MAIN_HANDLED
      |         ^
<command line>:5:9: note: previous definition is here
    5 | #define SDL_MAIN_HANDLED 1
      |         ^
In file included from src/map/generator/MapGeneratorDefaultsTest.cpp:3:
In file included from src/game/rules/CustomGameSetup.h:4:
In file included from src/game/GameHeader.h:6:
In file included from src/game/player/BasePlayer.h:9:
In file included from src/team/Team.h:16:
In file included from src/game/GameEvent.h:9:
In file included from libgag/include/GraphicContext.h:6:
libgag/include/SDLGraphicContext.h:545:16: warning: 'setRes' overrides a member function but is not marked 'override' [-Winconsistent-missing-override]
  545 |                 virtual void setRes(int w, int h) { setRes(w, h, optionFlags); }
      |                              ^
libgag/include/SDLGraphicContext.h:244:16: note: overridden virtual function is here
  244 |                 virtual void setRes(int w, int h);
      |                              ^
libgag/include/SDLGraphicContext.h:621:16: warning: 'setClipRect' overrides a member function but is not marked 'override' [-Winconsistent-missing-override]
  621 |                 virtual void setClipRect(int x, int y, int w, int h);
      |                              ^
libgag/include/SDLGraphicContext.h:246:16: note: overridden virtual function is here
  246 |                 virtual void setClipRect(int x, int y, int w, int h);
      |                              ^
libgag/include/SDLGraphicContext.h:622:16: warning: 'setClipRect' overrides a member function but is not marked 'override' [-Winconsistent-missing-override]
  622 |                 virtual void setClipRect(void);
      |                              ^
libgag/include/SDLGraphicContext.h:247:16: note: overridden virtual function is here
  247 |                 virtual void setClipRect(void);
      |                              ^
libgag/include/SDLGraphicContext.h:627:22: warning: 'nextFrame' overrides a member function but is not marked 'override' [-Winconsistent-missing-override]
  627 |         virtual void nextFrame(void);
      |                      ^
libgag/include/SDLGraphicContext.h:248:16: note: overridden virtual function is here
  248 |                 virtual void nextFrame(void) { flushTextPictures(); }
      |                              ^
libgag/include/SDLGraphicContext.h:629:16: warning: 'loadImage' overrides a member function but is not marked 'override' [-Winconsistent-missing-override]
  629 |                 virtual bool loadImage(const std::string name) { return false; }
      |                              ^
libgag/include/SDLGraphicContext.h:249:16: note: overridden virtual function is here
  249 |                 virtual bool loadImage(const std::string name);
      |                              ^
libgag/include/SDLGraphicContext.h:633:16: warning: 'shiftHSV' overrides a member function but is not marked 'override' [-Winconsistent-missing-override]
  633 |                 virtual void shiftHSV(float hue, float sat, float lum) { }
      |                              ^
libgag/include/SDLGraphicContext.h:250:16: note: overridden virtual function is here
  250 |                 virtual void shiftHSV(float hue, float sat, float lum);
      |                              ^
libgag/include/SDLGraphicContext.h:636:16: warning: 'canDrawStretchedSprite' overrides a member function but is not marked 'override' [-Winconsistent-missing-override]
  636 |                 virtual bool canDrawStretchedSprite(void) { return hasPortableRenderer() || (optionFlags & USEGPU) != 0; }
      |                              ^
libgag/include/SDLGraphicContext.h:268:16: note: overridden virtual function is here
  268 |                 virtual bool canDrawStretchedSprite(void) { return false; }
      |                              ^
libgag/include/SDLGraphicContext.h:638:16: warning: 'drawPixel' overrides a member function but is not marked 'override' [-Winconsistent-missing-override]
  638 |                 virtual void drawPixel(int x, int y, const Color& color);
      |                              ^
libgag/include/SDLGraphicContext.h:271:16: note: overridden virtual function is here
  271 |                 virtual void drawPixel(int x, int y, const Color& color);
      |                              ^
libgag/include/SDLGraphicContext.h:639:16: warning: 'drawPixel' overrides a member function but is not marked 'override' [-Winconsistent-missing-override]
  639 |                 virtual void drawPixel(float x, float y, const Color& color);
      |                              ^
libgag/include/SDLGraphicContext.h:272:16: note: overridden virtual function is here
  272 |                 virtual void drawPixel(float x, float y, const Color& color);
      |                              ^
libgag/include/SDLGraphicContext.h:641:16: warning: 'drawRect' overrides a member function but is not marked 'override' [-Winconsistent-missing-override]
  641 |                 virtual void drawRect(int x, int y, int w, int h, const Color& color);
      |                              ^
libgag/include/SDLGraphicContext.h:274:16: note: overridden virtual function is here
  274 |                 virtual void drawRect(int x, int y, int w, int h, const Color& color);
      |                              ^
libgag/include/SDLGraphicContext.h:642:16: warning: 'drawRect' overrides a member function but is not marked 'override' [-Winconsistent-missing-override]
  642 |                 virtual void drawRect(float x, float y, float w, float h, const Color& color);
      |                              ^
libgag/include/SDLGraphicContext.h:275:16: note: overridden virtual function is here
  275 |                 virtual void drawRect(float x, float y, float w, float h, const Color& color);
      |                              ^
libgag/include/SDLGraphicContext.h:644:16: warning: 'drawFilledRect' overrides a member function but is not marked 'override' [-Winconsistent-missing-override]
  644 |                 virtual void drawFilledRect(int x, int y, int w, int h, const Color& color);
      |                              ^
libgag/include/SDLGraphicContext.h:277:16: note: overridden virtual function is here
  277 |                 virtual void drawFilledRect(int x, int y, int w, int h, const Color& color);
      |                              ^
libgag/include/SDLGraphicContext.h:645:16: warning: 'drawFilledRect' overrides a member function but is not marked 'override' [-Winconsistent-missing-override]
  645 |                 virtual void drawFilledRect(float x, float y, float w, float h, const Color& color);
      |                              ^
libgag/include/SDLGraphicContext.h:278:16: note: overridden virtual function is here
  278 |                 virtual void drawFilledRect(float x, float y, float w, float h, const Color& color);
      |                              ^
libgag/include/SDLGraphicContext.h:647:16: warning: 'drawLine' overrides a member function but is not marked 'override' [-Winconsistent-missing-override]
  647 |                 virtual void drawLine(int x1, int y1, int x2, int y2, const Color& color);
      |                              ^
libgag/include/SDLGraphicContext.h:280:16: note: overridden virtual function is here
  280 |                 virtual void drawLine(int x1, int y1, int x2, int y2, const Color& color);
      |                              ^
libgag/include/SDLGraphicContext.h:648:16: warning: 'drawLine' overrides a member function but is not marked 'override' [-Winconsistent-missing-override]
  648 |                 virtual void drawLine(float x1, float y1, float x2, float y2, const Color& color);
      |                              ^
libgag/include/SDLGraphicContext.h:281:16: note: overridden virtual function is here
  281 |                 virtual void drawLine(float x1, float y1, float x2, float y2, const Color& color);
      |                              ^
libgag/include/SDLGraphicContext.h:650:16: warning: 'drawCircle' overrides a member function but is not marked 'override' [-Winconsistent-missing-override]
  650 |                 virtual void drawCircle(int x, int y, int radius, const Color& color);
      |                              ^
libgag/include/SDLGraphicContext.h:283:16: note: overridden virtual function is here
  283 |                 virtual void drawCircle(int x, int y, int radius, const Color& color);
      |                              ^
libgag/include/SDLGraphicContext.h:651:16: warning: 'drawCircle' overrides a member function but is not marked 'override' [-Winconsistent-missing-override]
  651 |                 virtual void drawCircle(float x, float y, float radius, const Color& color);
      |                              ^
libgag/include/SDLGraphicContext.h:284:16: note: overridden virtual function is here
  284 |                 virtual void drawCircle(float x, float y, float radius, const Color& color);
      |                              ^
libgag/include/SDLGraphicContext.h:653:16: warning: 'drawSurface' overrides a member function but is not marked 'override' [-Winconsistent-missing-override]
  653 |                 virtual void drawSurface(int x, int y, DrawableSurface *surface, Uint8 alpha = Color::ALPHA_OPAQUE);
      |                              ^
libgag/include/SDLGraphicContext.h:286:16: note: overridden virtual function is here
  286 |                 virtual void drawSurface(int x, int y, DrawableSurface *surface, Uint8 alpha = Color::ALPHA_OPAQUE);
      |                              ^
libgag/include/SDLGraphicContext.h:654:16: warning: 'drawSurface' overrides a member function but is not marked 'override' [-Winconsistent-missing-override]
  654 |                 virtual void drawSurface(float x, float y, DrawableSurface *surface, Uint8 alpha = Color::ALPHA_OPAQUE);
      |                              ^
libgag/include/SDLGraphicContext.h:287:16: note: overridden virtual function is here
  287 |                 virtual void drawSurface(float x, float y, DrawableSurface *surface, Uint8 alpha = Color::ALPHA_OPAQUE);
      |                              ^
libgag/include/SDLGraphicContext.h:656:16: warning: 'drawSurface' overrides a member function but is not marked 'override' [-Winconsistent-missing-override]
  656 |                 virtual void drawSurface(int x, int y, int w, int h, DrawableSurface *surface, Uint8 alpha = Color::ALPHA_OPAQUE);
      |                              ^
libgag/include/SDLGraphicContext.h:289:16: note: overridden virtual function is here
  289 |                 virtual void drawSurface(int x, int y, int w, int h, DrawableSurface *surface, Uint8 alpha = Color::ALPHA_OPAQUE);
      |                              ^
libgag/include/SDLGraphicContext.h:657:16: warning: 'drawSurface' overrides a member function but is not marked 'override' [-Winconsistent-missing-override]
  657 |                 virtual void drawSurface(float x, float y, float w, float h, DrawableSurface *surface, Uint8 alpha = Color::ALPHA_OPAQUE);
      |                              ^
libgag/include/SDLGraphicContext.h:290:16: note: overridden virtual function is here
  290 |                 virtual void drawSurface(float x, float y, float w, float h, DrawableSurface *surface, Uint8 alpha = Color::ALPHA_OPAQUE);
      |                              ^
libgag/include/SDLGraphicContext.h:659:16: warning: 'drawSurface' overrides a member function but is not marked 'override' [-Winconsistent-missing-override]
  659 |                 virtual void drawSurface(int x, int y, DrawableSurface *surface, int sx, int sy, int sw, int sh, Uint8 alpha = Color::ALPHA_OPAQUE);
      |                              ^
libgag/include/SDLGraphicContext.h:292:16: note: overridden virtual function is here
  292 |                 virtual void drawSurface(int x, int y, DrawableSurface *surface, int sx, int sy, int sw, int sh, Uint8 alpha = Color::ALPHA_OPAQUE);
      |                              ^
libgag/include/SDLGraphicContext.h:660:16: warning: 'drawSurface' overrides a member function but is not marked 'override' [-Winconsistent-missing-override]
  660 |                 virtual void drawSurface(float x, float y, DrawableSurface *surface, int sx, int sy, int sw, int sh, Uint8 alpha = Color::ALPHA_OPAQUE);
      |                              ^
libgag/include/SDLGraphicContext.h:293:16: note: overridden virtual function is here
  293 |                 virtual void drawSurface(float x, float y, DrawableSurface *surface, int sx, int sy, int sw, int sh, Uint8 alpha = Color::ALPHA_OPAQUE);
      |                              ^
libgag/include/SDLGraphicContext.h:662:16: warning: 'drawSurface' overrides a member function but is not marked 'override' [-Winconsistent-missing-override]
  662 |                 virtual void drawSurface(int x, int y, int w, int h, DrawableSurface *surface, int sx, int sy, int sw, int sh,  Uint8 alpha = Color::ALPHA_OPAQUE);
      |                              ^
libgag/include/SDLGraphicContext.h:295:16: note: overridden virtual function is here
  295 |                 virtual void drawSurface(int x, int y, int w, int h, DrawableSurface *surface, int sx, int sy, int sw, int sh,  Uint8 alpha = Color::ALPHA_OPAQUE);
      |                              ^
libgag/include/SDLGraphicContext.h:663:16: warning: 'drawSurface' overrides a member function but is not marked 'override' [-Winconsistent-missing-override]
  663 |                 virtual void drawSurface(float x, float y, float w, float h, DrawableSurface *surface, int sx, int sy, int sw, int sh, Uint8 alpha = Color::ALPHA_OPAQUE);
      |                              ^
libgag/include/SDLGraphicContext.h:296:16: note: overridden virtual function is here
  296 |                 virtual void drawSurface(float x, float y, float w, float h, DrawableSurface *surface, int sx, int sy, int sw, int sh, Uint8 alpha = Color::ALPHA_OPAQUE);
      |                              ^
libgag/include/SDLGraphicContext.h:692:16: warning: 'drawAlphaMap' overrides a member function but is not marked 'override' [-Winconsistent-missing-override]
  692 |                 virtual void drawAlphaMap(const std::valarray<float> &map, int mapW, int mapH, int x, int y, int cellW, int cellH, const Color &color);
      |                              ^
libgag/include/SDLGraphicContext.h:309:16: note: overridden virtual function is here
  309 |                 virtual void drawAlphaMap(const std::valarray<float> &map, int mapW, int mapH, int x, int y, int cellW, int cellH, const Color &color);
      |                              ^
libgag/include/SDLGraphicContext.h:693:16: warning: 'drawAlphaMap' overrides a member function but is not marked 'override' [-Winconsistent-missing-override]
  693 |                 virtual void drawAlphaMap(const std::valarray<unsigned char> &map, int mapW, int mapH, int x, int y, int cellW, int cellH, const Color &color);
      |                              ^
libgag/include/SDLGraphicContext.h:310:16: note: overridden virtual function is here
  310 |                 virtual void drawAlphaMap(const std::valarray<unsigned char> &map, int mapW, int mapH, int x, int y, int cellW, int cellH, const Color &color);
      |                              ^
libgag/include/SDLGraphicContext.h:696:16: warning: 'drawPixel' overrides a member function but is not marked 'override' [-Winconsistent-missing-override]
  696 |                 virtual void drawPixel(int x, int y, Uint8 r, Uint8 g, Uint8 b, Uint8 a = Color::ALPHA_OPAQUE);
      |                              ^
libgag/include/SDLGraphicContext.h:313:16: note: overridden virtual function is here
  313 |                 virtual void drawPixel(int x, int y, Uint8 r, Uint8 g, Uint8 b, Uint8 a = Color::ALPHA_OPAQUE);
      |                              ^
libgag/include/SDLGraphicContext.h:697:16: warning: 'drawRect' overrides a member function but is not marked 'override' [-Winconsistent-missing-override]
  697 |                 virtual void drawRect(int x, int y, int w, int h, Uint8 r, Uint8 g, Uint8 b, Uint8 a = Color::ALPHA_OPAQUE);
      |                              ^
libgag/include/SDLGraphicContext.h:314:16: note: overridden virtual function is here
  314 |                 virtual void drawRect(int x, int y, int w, int h, Uint8 r, Uint8 g, Uint8 b, Uint8 a = Color::ALPHA_OPAQUE);
      |                              ^
libgag/include/SDLGraphicContext.h:698:16: warning: 'drawFilledRect' overrides a member function but is not marked 'override' [-Winconsistent-missing-override]
  698 |                 virtual void drawFilledRect(int x, int y, int w, int h, Uint8 r, Uint8 g, Uint8 b, Uint8 a = Color::ALPHA_OPAQUE);
      |                              ^
libgag/include/SDLGraphicContext.h:315:16: note: overridden virtual function is here
  315 |                 virtual void drawFilledRect(int x, int y, int w, int h, Uint8 r, Uint8 g, Uint8 b, Uint8 a = Color::ALPHA_OPAQUE);
      |                              ^
libgag/include/SDLGraphicContext.h:699:16: warning: 'drawVertLine' overrides a member function but is not marked 'override' [-Winconsistent-missing-override]
  699 |                 virtual void drawVertLine(int x, int y, int l, Uint8 r, Uint8 g, Uint8 b, Uint8 a = Color::ALPHA_OPAQUE);
      |                              ^
libgag/include/SDLGraphicContext.h:316:16: note: overridden virtual function is here
  316 |                 virtual void drawVertLine(int x, int y, int l, Uint8 r, Uint8 g, Uint8 b, Uint8 a = Color::ALPHA_OPAQUE);
      |                              ^
libgag/include/SDLGraphicContext.h:700:16: warning: 'drawVertLine' overrides a member function but is not marked 'override' [-Winconsistent-missing-override]
  700 |                 virtual void drawVertLine(int x, int y, int l, const Color& color);
      |                              ^
libgag/include/SDLGraphicContext.h:317:16: note: overridden virtual function is here
  317 |                 virtual void drawVertLine(int x, int y, int l, const Color& color);
      |                              ^
libgag/include/SDLGraphicContext.h:701:16: warning: 'drawHorzLine' overrides a member function but is not marked 'override' [-Winconsistent-missing-override]
  701 |                 virtual void drawHorzLine(int x, int y, int l, Uint8 r, Uint8 g, Uint8 b, Uint8 a = Color::ALPHA_OPAQUE);
      |                              ^
libgag/include/SDLGraphicContext.h:318:16: note: overridden virtual function is here
  318 |                 virtual void drawHorzLine(int x, int y, int l, Uint8 r, Uint8 g, Uint8 b, Uint8 a = Color::ALPHA_OPAQUE);
      |                              ^
libgag/include/SDLGraphicContext.h:702:16: warning: 'drawHorzLine' overrides a member function but is not marked 'override' [-Winconsistent-missing-override]
  702 |                 virtual void drawHorzLine(int x, int y, int l, const Color& color);
      |                              ^
libgag/include/SDLGraphicContext.h:319:16: note: overridden virtual function is here
  319 |                 virtual void drawHorzLine(int x, int y, int l, const Color& color);
      |                              ^
libgag/include/SDLGraphicContext.h:703:16: warning: 'drawLine' overrides a member function but is not marked 'override' [-Winconsistent-missing-override]
  703 |                 virtual void drawLine(int x1, int y1, int x2, int y2, Uint8 r, Uint8 g, Uint8 b, Uint8 a = Color::ALPHA_OPAQUE);
      |                              ^
libgag/include/SDLGraphicContext.h:320:16: note: overridden virtual function is here
  320 |                 virtual void drawLine(int x1, int y1, int x2, int y2, Uint8 r, Uint8 g, Uint8 b, Uint8 a = Color::ALPHA_OPAQUE);
      |                              ^
libgag/include/SDLGraphicContext.h:704:16: warning: 'drawCircle' overrides a member function but is not marked 'override' [-Winconsistent-missing-override]
  704 |                 virtual void drawCircle(int x, int y, int radius, Uint8 r, Uint8 g, Uint8 b, Uint8 a = Color::ALPHA_OPAQUE);
      |                              ^
libgag/include/SDLGraphicContext.h:321:16: note: overridden virtual function is here
  321 |                 virtual void drawCircle(int x, int y, int radius, Uint8 r, Uint8 g, Uint8 b, Uint8 a = Color::ALPHA_OPAQUE);
      |                              ^
37 warnings generated.
g++ -o build/darwin/client/release/test/glob2-engine-tests -g -Wall -O3 -Wl,-rpath,/Users/bradley/.cache/glob2-sdl3/prefix/lib build/darwin/client/release/test/engine-support_TestMain.o build/darwin/client/release/test/engine-support_Glob2Test.o build/darwin/client/release/test/engine-support_GlobalContainerSlot.o build/darwin/client/release/test/engine-support_TestActivity_mac.o build/darwin/client/release/test/engine-support_EngineFixtures.o build/darwin/client/release/test/engine-src_unit_render_ColonySkinPreviewTest.o build/darwin/client/release/test/engine-src_audio_MusicSetTest.o build/darwin/client/release/test/engine-src_audio_MusicStreamTest.o build/darwin/client/release/test/engine-src_ui_screens_MusicScreensTest.o build/darwin/client/release/test/engine-src_ai_LegacyAIStateTest.o build/darwin/client/release/test/engine-src_ai_AIStateContinuationTest.o build/darwin/client/release/test/engine-libgag_src_ScreenExecutionHarness.o build/darwin/client/release/test/engine-libgag_src_MacScrollMonitorTest.o build/darwin/client/release/test/engine-libgag_src_MacScrollVisualHarness.o build/darwin/client/release/test/engine-src_ai_AIRecoveryCoverageTest.o build/darwin/client/release/test/engine-GameplayRecordingIntegrationTest.o build/darwin/client/release/test/engine-src_hud_GUIInteractionCoverageTest.o build/darwin/client/release/test/engine-src_hud_GUIOrderCoverageTest.o build/darwin/client/release/test/engine-src_map_editor_EditorActionCoverageTest.o build/darwin/client/release/test/engine-src_scripting_sgsl_LegacyAreaWaitTest.o build/darwin/client/release/test/engine-src_scripting_sgsl_LegacyScriptCoverageTest.o build/darwin/client/release/test/engine-src_ai_AIDecisionCoverageTest.o build/darwin/client/release/test/engine-src_ai_AIRulesTest.o build/darwin/client/release/test/engine-src_ai_telemetry_AITargetTelemetryTest.o build/darwin/client/release/test/engine-src_ai_castor_CastorContinuationTest.o build/darwin/client/release/test/engine-src_ai_cortex_CortexNetCoverageTest.o build/darwin/client/release/test/engine-src_ai_cortex_CortexActionCoverageTest.o build/darwin/client/release/test/engine-src_ai_cortex_CortexPolicyCoverageTest.o build/darwin/client/release/test/engine-src_scripting_javascript_ScriptCompatibilityTest.o build/darwin/client/release/test/engine-src_scripting_javascript_ScriptIntegrationTest.o build/darwin/client/release/test/engine-src_ai_telemetry_AITelemetryDialogTest.o build/darwin/client/release/test/engine-src_hive_HiveIntegrationTest.o build/darwin/client/release/test/engine-src_scripting_javascript_ScriptPresentationTest.o build/darwin/client/release/test/engine-src_scripting_map_ScriptEditorTest.o build/darwin/client/release/test/engine-src_scripting_javascript_ScriptRealisticTest.o build/darwin/client/release/test/engine-src_scripting_javascript_ScriptSessionTest.o build/darwin/client/release/test/engine-src_scripting_javascript_ScriptSimulationTest.o build/darwin/client/release/test/engine-src_building_BuildingExpelHarness.o build/darwin/client/release/test/engine-src_map_gradient_BuildingGradientInvalidationHarness.o build/darwin/client/release/test/engine-src_building_FetchApportionmentHarness.o build/darwin/client/release/test/engine-src_hud_GameGUISelectionHarness.o build/darwin/client/release/test/engine-src_render_scene_SceneExtractTest.o build/darwin/client/release/test/engine-src_game_diagnostics_GameDiagnosticsTest.o build/darwin/client/release/test/engine-src_team_stats_WinProbabilityTest.o build/darwin/client/release/test/engine-src_engine_sim_ClientChannelsTest.o build/darwin/client/release/test/engine-src_building_HiringBucketHarness.o build/darwin/client/release/test/engine-src_unit_HungryDefeatHarness.o build/darwin/client/release/test/engine-src_map_gradient_ImmobileUnitGradientHarness.o build/darwin/client/release/test/engine-src_building_InnSwapHarness.o build/darwin/client/release/test/engine-src_building_LevelGateHarness.o build/darwin/client/release/test/engine-src_unit_ResourceFetchTargetHarness.o build/darwin/client/release/test/engine-src_unit_MarketFetchHarness.o build/darwin/client/release/test/engine-src_unit_MarketsV2Test.o build/darwin/client/release/test/engine-src_unit_RoundTripHungerGateHarness.o build/darwin/client/release/test/engine-src_map_TerrainResourcesHarness.o build/darwin/client/release/test/engine-src_map_TerrainEcologyHarness.o build/darwin/client/release/test/engine-src_map_TerrainPropertiesTest.o build/darwin/client/release/test/engine-src_net_LockstepSessionTest.o build/darwin/client/release/test/engine-src_game_orders_OrderValidationTest.o build/darwin/client/release/test/engine-src_online_MatchSetupTest.o build/darwin/client/release/test/engine-src_net_turn_TurnEngineHarness.o build/darwin/client/release/test/engine-src_net_LanIdentityTest.o build/darwin/client/release/test/engine-src_net_lan_LanMatchHarness.o build/darwin/client/release/test/engine-src_ai_AISavePortabilityHarness.o build/darwin/client/release/test/engine-src_building_BuildingFootprintHarness.o build/darwin/client/release/test/engine-src_map_MapTilingHarness.o build/darwin/client/release/test/engine-src_map_gradient_ClearingFlagGradientTest.o build/darwin/client/release/test/engine-src_ai_cortex_CortexGeometryHarness.o build/darwin/client/release/test/engine-src_unit_EnteringUnitSaveHarness.o build/darwin/client/release/test/engine-src_map_gradient_MapGradientInvalidationTest.o build/darwin/client/release/test/engine-src_ai_nicowar_NicowarFarmingHarness.o build/darwin/client/release/test/engine-src_ai_shared_runtime_RuntimeContinuationTest.o build/darwin/client/release/test/engine-src_game_SharedWorkerLifecycleTest.o build/darwin/client/release/test/engine-src_unit_TrappedUnitLifecycleTest.o build/darwin/client/release/test/engine-src_unit_UnitContinuationHarness.o build/darwin/client/release/test/engine-SavegameSafetyHarness.o build/darwin/client/release/test/engine-UntrustedFilesTest.o build/darwin/client/release/test/engine-TournamentCompatibilityTest.o build/darwin/client/release/test/engine-src_ai_maxima_MaximaRelocationIntegrationTest.o build/darwin/client/release/test/engine-src_map_generator_CombGeneratorTest.o build/darwin/client/release/test/engine-src_map_generator_OrchardCommonsConversionTest.o build/darwin/client/release/test/engine-PortableGameHarness.o build/darwin/client/release/test/engine-src_team_stats_TeamStatsSaveHarness.o build/darwin/client/release/test/engine-src_team_stats_TeamLabourStatsTest.o build/darwin/client/release/test/engine-src_engine_EngineSessionHarness.o build/darwin/client/release/test/engine-src_net_turn_TurnNetConnectionTest.o build/darwin/client/release/test/engine-src_online_RelayTransportTest.o build/darwin/client/release/test/engine-src_online_OnlineResultTest.o build/darwin/client/release/test/engine-src_online_OnlineScreenLifetimeTest.o build/darwin/client/release/test/engine-src_online_PlatformRoomTest.o build/darwin/client/release/test/engine-src_online_OnlineServicesTest.o build/darwin/client/release/test/engine-src_net_WssBackpressureTest.o build/darwin/client/release/test/engine-src_render_MapRenderResizeHarness.o build/darwin/client/release/test/engine-src_render_PointBarRenderTest.o build/darwin/client/release/test/engine-src_ai_maxima_MaximaCombatIntegrationTest.o build/darwin/client/release/test/engine-src_ai_maxima_MaximaDiagnosticsTest.o build/darwin/client/release/test/engine-src_ai_maxima_MaximaDirectorRegressionTest.o build/darwin/client/release/test/engine-src_ai_maxima_MaximaEconomyRegressionTest.o build/darwin/client/release/test/engine-src_ai_maxima_MaximaFarmingIntegrationTest.o build/darwin/client/release/test/engine-src_ai_maxima_MaximaImplementationIntegrationTest.o build/darwin/client/release/test/engine-src_ai_maxima_MaximaLifecycleTest.o build/darwin/client/release/test/engine-src_ai_maxima_MaximaStrategyTest.o build/darwin/client/release/test/engine-libgag_src_DrawableSurfaceBlendTest.o build/darwin/client/release/test/engine-libgag_src_FontKerningTest.o build/darwin/client/release/test/engine-src_ui_OnlineWordingTest.o build/darwin/client/release/test/engine-src_render_EnteringUnitDrawHarness.o build/darwin/client/release/test/engine-src_render_FailingUnitMarkersHarness.o build/darwin/client/release/test/engine-libgag_src_FullscreenAspectHarness.o build/darwin/client/release/test/engine-src_render_HighResolutionIntegrationHarness.o build/darwin/client/release/test/engine-libgag_src_PortableRendererHarness.o build/darwin/client/release/test/engine-src_render_SoftwareRendererTest.o build/darwin/client/release/test/engine-src_render_TerrainPresentationTest.o build/darwin/client/release/test/engine-libgag_src_RuntimePackCheck.o build/darwin/client/release/test/engine-libgag_src_TextRasterHarness.o build/darwin/client/release/test/engine-src_render_torus_TorusRenderIntegrationTest.o build/darwin/client/release/test/engine-src_unit_render_UnitHighResolutionCacheTest.o build/darwin/client/release/test/engine-src_unit_render_UnitTeamColorCacheTest.o build/darwin/client/release/test/engine-src_unit_render_UnitTeamShaderTest.o build/darwin/client/release/test/engine-libgag_src_WindowResizeHarness.o build/darwin/client/release/test/engine-src_ui_settings_SettingsScreenTest.o build/darwin/client/release/test/engine-src_ui_settings_SettingsGraphicsTest.o build/darwin/client/release/test/engine-src_ui_ThemeCatalogTest.o build/darwin/client/release/test/engine-src_ui_settings_SettingsExperimentsTest.o build/darwin/client/release/test/engine-src_app_SystemLanguageTest.o build/darwin/client/release/test/engine-src_game_orders_GuardAreaBalanceTest.o build/darwin/client/release/test/engine-src_game_orders_FarmAreaTest.o build/darwin/client/release/test/engine-src_game_GameSpeedTest.o build/darwin/client/release/test/engine-src_ui_UIPresentationHarness.o build/darwin/client/release/test/engine-src_ui_UIIconsTest.o build/darwin/client/release/test/engine-src_hud_touch_GameGUITouchHarness.o build/darwin/client/release/test/engine-src_game_screens_CustomGameSetupHarness.o build/darwin/client/release/test/engine-src_team_TeamLimitTest.o build/darwin/client/release/test/engine-src_map_preview_MapPreviewHarness.o build/darwin/client/release/test/engine-src_map_generator_MapGeneratorDefaultsTest.o build/darwin/client/release/src/ai/castor/Control.o build/darwin/client/release/src/ai/castor/GetOrder.o build/darwin/client/release/src/ai/castor/Lifecycle.o build/darwin/client/release/src/ai/castor/Maps.o build/darwin/client/release/src/ai/castor/Placement.o build/darwin/client/release/src/ai/castor/Projects.o build/darwin/client/release/src/ai/castor/State.o build/darwin/client/release/src/ai/maxima/AIMaxima.o build/darwin/client/release/src/ai/maxima/AIMaximaState.o build/darwin/client/release/src/ai/maxima/AIMaximaCombat.o build/darwin/client/release/src/ai/maxima/AIMaximaDefense.o build/darwin/client/release/src/ai/maxima/AIMaximaFarming.o build/darwin/client/release/src/ai/maxima/AIMaximaFarmingPolicy.o build/darwin/client/release/src/ai/maxima/AIMaximaFoodLedger.o build/darwin/client/release/src/ai/maxima/AIMaximaPlacement.o build/darwin/client/release/src/ai/maxima/AIMaximaRecon.o build/darwin/client/release/src/ai/maxima/AIMaximaForceModel.o build/darwin/client/release/src/ai/maxima/AIMaximaRuntime.o build/darwin/client/release/src/ai/maxima/AIMaximaStrategy.o build/darwin/client/release/src/ai/maxima/AIMaximaTactics.o build/darwin/client/release/src/ai/AI.o build/darwin/client/release/src/ai/telemetry/AITelemetry.o build/darwin/client/release/src/ai/telemetry/AITelemetryAdapters.o build/darwin/client/release/src/ai/shared_runtime/BuildingOrder.o build/darwin/client/release/src/ai/shared_runtime/BuildingRegister.o build/darwin/client/release/src/ai/shared_runtime/Conditions.o build/darwin/client/release/src/ai/shared_runtime/ConditionsBuilding.o build/darwin/client/release/src/ai/shared_runtime/ConditionsPopulation.o build/darwin/client/release/src/ai/shared_runtime/ConditionsTracker.o build/darwin/client/release/src/ai/shared_runtime/Construction.o build/darwin/client/release/src/ai/shared_runtime/ConstructionConstraints.o build/darwin/client/release/src/ai/shared_runtime/Runtime.o build/darwin/client/release/src/ai/shared_runtime/RuntimeSerialization.o build/darwin/client/release/src/ai/shared_runtime/Entities.o build/darwin/client/release/src/ai/shared_runtime/EntitiesBuilding.o build/darwin/client/release/src/ai/shared_runtime/EntitiesResource.o build/darwin/client/release/src/ai/shared_runtime/EntitiesTerrain.o build/darwin/client/release/src/ai/shared_runtime/Gradient.o build/darwin/client/release/src/ai/shared_runtime/GradientBFS.o build/darwin/client/release/src/ai/shared_runtime/Management.o build/darwin/client/release/src/ai/shared_runtime/ManagementFlag.o build/darwin/client/release/src/ai/shared_runtime/ManagementMisc.o build/darwin/client/release/src/ai/shared_runtime/ManagementOrderBase.o build/darwin/client/release/src/ai/shared_runtime/ManagementTracker.o build/darwin/client/release/src/ai/shared_runtime/MapInfo.o build/darwin/client/release/src/ai/shared_runtime/Econo.o build/darwin/client/release/src/ai/shared_runtime/EconoBuilding.o build/darwin/client/release/src/ai/shared_runtime/EconoFlags.o build/darwin/client/release/src/ai/shared_runtime/SearchTools.o build/darwin/client/release/src/ai/AINames.o build/darwin/client/release/src/ai/nicowar/Attack.o build/darwin/client/release/src/ai/nicowar/Buildings.o build/darwin/client/release/src/ai/nicowar/Farming.o build/darwin/client/release/src/ai/nicowar/Flags.o build/darwin/client/release/src/ai/nicowar/Lifecycle.o build/darwin/client/release/src/ai/nicowar/Phases.o build/darwin/client/release/src/ai/nicowar/Strategy.o build/darwin/client/release/src/ai/nicowar/Upgrade.o build/darwin/client/release/src/ai/simple/AINull.o build/darwin/client/release/src/ai/numbi/AINumbi.o build/darwin/client/release/src/ai/numbi/AINumbiEconomy.o build/darwin/client/release/src/ai/numbi/AINumbiMilitary.o build/darwin/client/release/src/ai/numbi/AINumbiPlacement.o build/darwin/client/release/src/ai/warrush/AIWarrush.o build/darwin/client/release/src/ai/simple/AICabino.o build/darwin/client/release/src/ai/cortex/CortexObservation.o build/darwin/client/release/src/ai/cortex/CortexObservationObserve.o build/darwin/client/release/src/ai/cortex/CortexPlacement.o build/darwin/client/release/src/ai/cortex/CortexPlacementCandidates.o build/darwin/client/release/src/ai/cortex/CortexPlacementGeo.o build/darwin/client/release/src/ai/cortex/CortexPolicy.o build/darwin/client/release/src/ai/cortex/CortexPolicyEconomy.o build/darwin/client/release/src/ai/cortex/CortexPolicyTech.o build/darwin/client/release/src/ai/cortex/CortexPolicyCombat.o build/darwin/client/release/src/ai/cortex/CortexTuning.o build/darwin/client/release/src/ai/cortex/CortexWheat.o build/darwin/client/release/src/ai/cortex/CortexWater.o build/darwin/client/release/src/ai/cortex/CortexNet.o build/darwin/client/release/src/ai/cortex/AICortex.o build/darwin/client/release/src/ai/cortex/AICortexFlags.o build/darwin/client/release/src/ai/cortex/AICortexTranslate.o build/darwin/client/release/src/ai/cortex/AICortexDebug.o build/darwin/client/release/src/game/player/BasePlayer.o build/darwin/client/release/src/team/BaseTeam.o build/darwin/client/release/src/common/BitArray.o build/darwin/client/release/src/map/Brush.o build/darwin/client/release/src/map/BrushCoverage.o build/darwin/client/release/src/building/Lifecycle.o build/darwin/client/release/src/building/Construction.o build/darwin/client/release/src/building/Update.o build/darwin/client/release/src/building/Step.o build/darwin/client/release/src/building/TypeSteps.o build/darwin/client/release/src/building/Misc.o build/darwin/client/release/src/building/types/Buildings.o build/darwin/client/release/src/building/types/BuildingTypesColony.o build/darwin/client/release/src/building/types/BuildingTypesDefence.o build/darwin/client/release/src/building/types/BuildingTypesFlags.o build/darwin/client/release/src/building/types/BuildingTypesUpgrade.o build/darwin/client/release/src/replay/ChecksumSidecar.o build/darwin/client/release/src/game/diagnostics/DatasetWriter.o build/darwin/client/release/src/building/BuildingUtils.o build/darwin/client/release/src/game/Bullet.o build/darwin/client/release/src/campaign/Campaign.o build/darwin/client/release/src/campaign/screens/CampaignEditor.o build/darwin/client/release/src/campaign/screens/CampaignMainMenu.o build/darwin/client/release/src/campaign/screens/CampaignMenuScreen.o build/darwin/client/release/src/campaign/screens/CampaignSelectorScreen.o build/darwin/client/release/src/game/screens/ChooseMapScreen.o build/darwin/client/release/src/ui/screens/CreditScreen.o build/darwin/client/release/src/game/screens/CustomGameOtherOptions.o build/darwin/client/release/src/game/rules/CustomGameRules.o build/darwin/client/release/src/game/screens/CustomGameScreen.o build/darwin/client/release/src/render/clouds/DynamicClouds.o build/darwin/client/release/src/map/editor/screens/EditorMainMenu.o build/darwin/client/release/src/game/screens/EndGameScreen.o build/darwin/client/release/src/engine/Engine.o build/darwin/client/release/src/engine/EngineInit.o build/darwin/client/release/src/engine/EngineLoaders.o build/darwin/client/release/src/engine/EngineRun.o build/darwin/client/release/src/engine/EngineTurnTelemetry.o build/darwin/client/release/src/app/cli/Headless.o build/darwin/client/release/src/app/cli/RenderSkin.o build/darwin/client/release/src/app/cli/VerifyMatch.o build/darwin/client/release/src/app/cli/TurnClientCommand.o build/darwin/client/release/src/app/cli/MapStudy.o build/darwin/client/release/src/map/FertilityCalculator.o build/darwin/client/release/src/map/FertilityField.o build/darwin/client/release/src/game/Game.o build/darwin/client/release/src/game/Game_orders.o build/darwin/client/release/src/game/orders/OrderValidation.o build/darwin/client/release/src/game/Game_io.o build/darwin/client/release/src/game/Game_sync.o build/darwin/client/release/src/game/Game_tiling.o build/darwin/client/release/src/map/MapTiling.o build/darwin/client/release/src/game/Game_editor.o build/darwin/client/release/src/render/GameRender.o build/darwin/client/release/src/render/GameRenderUnits.o build/darwin/client/release/src/render/GameRenderBuildings.o build/darwin/client/release/src/render/GameRenderTerrain.o build/darwin/client/release/src/render/SoftwareTerrainCache.o build/darwin/client/release/src/render/MapOverlayQueue.o build/darwin/client/release/src/render/MapRenderState.o build/darwin/client/release/src/render/FogFade.o build/darwin/client/release/src/render/scene/SceneMap.o build/darwin/client/release/src/render/scene/SceneExtract.o build/darwin/client/release/src/engine/sim/SimulationRunner.o build/darwin/client/release/src/render/GameRenderOverlay.o build/darwin/client/release/src/render/GameAnimations.o build/darwin/client/release/src/game/GameEvent.o build/darwin/client/release/src/building/hud/BuildingGuiState.o build/darwin/client/release/src/hud/GameGUI.o build/darwin/client/release/src/hud/touch/GameGUITouch.o build/darwin/client/release/src/hud/touch/GameGUITouchView.o build/darwin/client/release/src/hud/touch/GameGUITouchPalette.o build/darwin/client/release/src/hud/touch/GameGUITouchPlacement.o build/darwin/client/release/src/hud/GameGUIBuildingActions.o build/darwin/client/release/src/hud/touch/GameGUITouchActions.o build/darwin/client/release/src/hud/touch/TouchReadout.o build/darwin/client/release/src/hud/touch/ThumbSide.o build/darwin/client/release/src/hud/touch/TouchDial.o build/darwin/client/release/src/hud/BrushHUD.o build/darwin/client/release/src/net/ConnectionOverlay.o build/darwin/client/release/src/net/turn/TurnMatchPresenter.o build/darwin/client/release/src/hud/touch/GameGUITouchLens.o build/darwin/client/release/src/hud/touch/GameGUITouchDial.o build/darwin/client/release/src/map/editor/PhoneEditor.o build/darwin/client/release/src/map/editor/PhoneEditorView.o build/darwin/client/release/src/hud/GameGUIDefaultAssignManager.o build/darwin/client/release/src/hud/GameGUIDialog.o build/darwin/client/release/src/hud/draw/GameGUIDraw.o build/darwin/client/release/src/hud/draw/GameGUIDrawChoice.o build/darwin/client/release/src/hud/draw/GameGUIDrawUnitInfos.o build/darwin/client/release/src/hud/draw/GameGUIDrawBuildingInfos.o build/darwin/client/release/src/hud/draw/GameGUIDrawBuildingHelpers.o build/darwin/client/release/src/hud/draw/FailureShapes.o build/darwin/client/release/src/hud/draw/GameGUIDrawMiscPanels.o build/darwin/client/release/src/hud/draw/GameGUIDrawEventFeed.o build/darwin/client/release/src/hud/GameGUIGhostBuildingManager.o build/darwin/client/release/src/hud/input/GameGUIInput.o build/darwin/client/release/src/hud/input/GameGUIInputKey.o build/darwin/client/release/src/hud/input/GameGUIInputMenu.o build/darwin/client/release/src/hud/input/GameGUIInputMenuClick.o build/darwin/client/release/src/hud/input/GameGUIInputMenuClickBuilding.o build/darwin/client/release/src/hud/input/GameGUIInputMouse.o build/darwin/client/release/src/hud/input/GameGUIKeyActions.o build/darwin/client/release/src/hud/LoadSaveDialog.o build/darwin/client/release/src/hud/GameGUIMessageManager.o build/darwin/client/release/src/hud/GameGUIOrders.o build/darwin/client/release/src/audio/GameMusicController.o build/darwin/client/release/src/hud/draw/GameGUIParticles.o build/darwin/client/release/src/hud/GameGUIPersistence.o build/darwin/client/release/src/hud/GameGUIScript.o build/darwin/client/release/src/hud/GameGUISelection.o build/darwin/client/release/src/hud/GameGUIStep.o build/darwin/client/release/src/hud/GameGUIToolManager.o build/darwin/client/release/src/hud/TeamDisplay.o build/darwin/client/release/src/unit/UnitDisplayNames.o build/darwin/client/release/src/game/ExperimentalFeatures.o build/darwin/client/release/src/game/GameHeader.o build/darwin/client/release/src/game/GameHints.o build/darwin/client/release/src/game/GameObjectives.o build/darwin/client/release/src/game/GameUtilities.o build/darwin/client/release/src/app/cli/MapCommand.o build/darwin/client/release/src/map/preview/MapRender.o build/darwin/client/release/src/game/diagnostics/GameDiagnostics.o build/darwin/client/release/src/map/tools/MapImage.o build/darwin/client/release/src/map/tools/MapReport.o build/darwin/client/release/src/ui/FrontendUI.o build/darwin/client/release/src/ui/ThemeCatalog.o build/darwin/client/release/src/ui/ThemePainters.o build/darwin/client/release/src/ui/OnlineUI.o build/darwin/client/release/src/ui/MapPictures.o build/darwin/client/release/src/ui/FileListing.o build/darwin/client/release/src/ui/Glob2Style.o build/darwin/client/release/src/ui/FrontendTheme.o build/darwin/client/release/src/ui/MenuColony.o build/darwin/client/release/src/app/GlobalContainer.o build/darwin/client/release/src/app/GlobalContainerArgs.o build/darwin/client/release/src/map/preview/GUIMapPreview.o build/darwin/client/release/src/building/IntBuildingType.o build/darwin/client/release/src/ui/KeyboardManager.o build/darwin/client/release/src/net/lan/screens/LANFindScreen.o build/darwin/client/release/src/online/screens/QuickMatchScreen.o build/darwin/client/release/src/online/screens/OnlineProfileScreen.o build/darwin/client/release/src/online/screens/OnlineMapsScreen.o build/darwin/client/release/src/net/lan/screens/LANMenuScreen.o build/darwin/client/release/src/game/screens/LandscapePickerScreen.o build/darwin/client/release/src/map/preview/LandscapePreviewer.o build/darwin/client/release/src/game/screens/StartQualityScreen.o build/darwin/client/release/src/ui/screens/MainMenuScreen.o build/darwin/client/release/src/map/Map.o build/darwin/client/release/src/map/MapTile.o build/darwin/client/release/src/map/generator/compatibility/LegacyGenerationDescriptor.o build/darwin/client/release/src/map/generator/MapHomogen.o build/darwin/client/release/src/map/generator/core/GenerationContext.o build/darwin/client/release/src/map/generator/core/GenerationService.o build/darwin/client/release/src/map/generator/core/GenerationValidation.o build/darwin/client/release/src/map/generator/core/GeneratorControls.o build/darwin/client/release/src/map/generator/core/GeneratorRegistry.o build/darwin/client/release/src/map/generator/generators/CityStatesGenerator.o build/darwin/client/release/src/map/generator/generators/ConcreteIslandsGenerator.o build/darwin/client/release/src/map/generator/generators/ContestedCommonsGenerator.o build/darwin/client/release/src/map/generator/generators/MazeGenerator.o build/darwin/client/release/src/map/generator/generators/CraterLakesGenerator.o build/darwin/client/release/src/map/generator/generators/EvergladesGenerator.o build/darwin/client/release/src/map/generator/generators/FjordContinentGenerator.o build/darwin/client/release/src/map/generator/generators/IslandsGenerator.o build/darwin/client/release/src/map/generator/generators/IslesGenerator.o build/darwin/client/release/src/map/generator/generators/RingWorldGenerator.o build/darwin/client/release/src/map/generator/generators/RiverGenerator.o build/darwin/client/release/src/map/generator/generators/RuggedArchipelagoGenerator.o build/darwin/client/release/src/map/generator/generators/ShatteredCoastGenerator.o build/darwin/client/release/src/map/generator/generators/StoneHighlandsGenerator.o build/darwin/client/release/src/map/generator/generators/SpiderWebGenerator.o build/darwin/client/release/src/map/generator/generators/CoralGenerator.o build/darwin/client/release/src/map/generator/generators/AmphitheatreGenerator.o build/darwin/client/release/src/map/generator/generators/CarouselGenerator.o build/darwin/client/release/src/map/generator/generators/SwitchbacksGenerator.o build/darwin/client/release/src/map/generator/generators/SwampGenerator.o build/darwin/client/release/src/map/generator/generators/SymmetricArenaGenerator.o build/darwin/client/release/src/map/generator/generators/TidalFlatsGenerator.o build/darwin/client/release/src/map/generator/generators/UniformGenerator.o build/darwin/client/release/src/map/generator/generators/WatershedGenerator.o build/darwin/client/release/src/map/generator/generators/LastTreelineGenerator.o build/darwin/client/release/src/map/generator/generators/BastionKeysGenerator.o build/darwin/client/release/src/map/generator/generators/DrownedForestGenerator.o build/darwin/client/release/src/map/generator/generators/WhoAteTheMapGenerator.o build/darwin/client/release/src/map/generator/generators/HungryMarchesGenerator.o build/darwin/client/release/src/map/generator/generators/CombGenerator.o build/darwin/client/release/src/map/generator/generators/EvenGroundGenerator.o build/darwin/client/release/src/map/generator/generators/MarchlandGenerator.o build/darwin/client/release/src/map/generator/generators/EncircledKingdomGenerator.o build/darwin/client/release/src/map/generator/generators/OrchardCommonsGenerator.o build/darwin/client/release/src/map/generator/generators/GauntletGenerator.o build/darwin/client/release/src/map/generator/generators/FaultedCityGenerator.o build/darwin/client/release/src/map/generator/generators/HiddenOasisGenerator.o build/darwin/client/release/src/map/generator/generators/PortageLakesGenerator.o build/darwin/client/release/src/map/generator/generators/CentralQuarryGenerator.o build/darwin/client/release/src/map/generator/generators/BajadaGenerator.o build/darwin/client/release/src/map/generator/generators/KarstTowersGenerator.o build/darwin/client/release/src/map/generator/generators/HoneycombIsleGenerator.o build/darwin/client/release/src/map/generator/generators/EmojiGenerator.o build/darwin/client/release/src/map/generator/generators/BraidedRiverGenerator.o build/darwin/client/release/src/map/generator/generators/FortsGenerator.o build/darwin/client/release/src/map/generator/generators/BraidedDeltaGenerator.o build/darwin/client/release/src/map/generator/generators/BreachableHighlandsGenerator.o build/darwin/client/release/src/map/generator/generators/HedgerowCountryGenerator.o build/darwin/client/release/src/map/generator/generators/DrumlinFieldGenerator.o build/darwin/client/release/src/map/generator/generators/ContinentsGenerator.o build/darwin/client/release/src/map/generator/generators/SavannahGenerator.o build/darwin/client/release/src/map/generator/generators/HillsGenerator.o build/darwin/client/release/src/map/generator/generators/RiceTerracesGenerator.o build/darwin/client/release/src/map/generator/generators/LocustGenerator.o build/darwin/client/release/src/map/generator/generators/PlantationsGenerator.o build/darwin/client/release/src/map/generator/generators/HilbertRiverGenerator.o build/darwin/client/release/src/map/generator/generators/FractalMapSupport.o build/darwin/client/release/src/map/generator/generators/SierpinskiGardensGenerator.o build/darwin/client/release/src/map/generator/generators/LavaShieldGenerator.o build/darwin/client/release/src/map/generator/generators/AnthillGenerator.o build/darwin/client/release/src/map/generator/generators/OldTownGenerator.o build/darwin/client/release/src/map/generator/generators/PolderGenerator.o build/darwin/client/release/src/map/generator/generators/CanalsGenerator.o build/darwin/client/release/src/map/generator/generators/OldGrowthGenerator.o build/darwin/client/release/src/map/generator/generators/RainShadowGenerator.o build/darwin/client/release/src/map/generator/generators/FingerprintGenerator.o build/darwin/client/release/src/map/generator/generators/GlacisGenerator.o build/darwin/client/release/src/map/generator/generators/AllotmentsGenerator.o build/darwin/client/release/src/map/generator/generators/CaravanseraiGenerator.o build/darwin/client/release/src/map/generator/shared/legacy/Distances.o build/darwin/client/release/src/map/generator/shared/HeightMap.o build/darwin/client/release/src/map/generator/shared/Noise.o build/darwin/client/release/src/map/generator/shared/BalancedStarts.o build/darwin/client/release/src/map/generator/shared/RecursiveGeometry.o build/darwin/client/release/src/map/generator/shared/Rivers.o build/darwin/client/release/src/map/generator/shared/HierarchicalCrossings.o build/darwin/client/release/src/map/generator/shared/Drawing.o build/darwin/client/release/src/map/generator/shared/Geometry.o build/darwin/client/release/src/map/generator/shared/Grid.o build/darwin/client/release/src/map/generator/shared/WalkBandStarts.o build/darwin/client/release/src/map/generator/shared/Walls.o build/darwin/client/release/src/map/generator/shared/Farmland.o build/darwin/client/release/src/map/generator/shared/Towers.o build/darwin/client/release/src/map/generator/shared/WorldAtlas.o build/darwin/client/release/src/map/generator/shared/WorldAtlasData.o build/darwin/client/release/src/map/generator/shared/Raster.o build/darwin/client/release/src/map/generator/shared/Landmass.o build/darwin/client/release/src/map/generator/shared/Tessellation.o build/darwin/client/release/src/map/generator/shared/GraphMaze.o build/darwin/client/release/src/map/generator/shared/Orbits.o build/darwin/client/release/src/map/generator/shared/Morphology.o build/darwin/client/release/src/map/generator/shared/Growth.o build/darwin/client/release/src/map/generator/shared/Contact.o build/darwin/client/release/src/map/generator/shared/Points.o build/darwin/client/release/src/map/generator/shared/Patterns.o build/darwin/client/release/src/map/generator/shared/Channels.o build/darwin/client/release/src/map/generator/shared/Room.o build/darwin/client/release/src/map/generator/shared/Biomes.o build/darwin/client/release/src/map/generator/shared/LatticeNoise.o build/darwin/client/release/src/map/generator/shared/Pipeline.o build/darwin/client/release/src/map/generator/shared/ClearingLandscape.o build/darwin/client/release/src/map/generator/shared/Planting.o build/darwin/client/release/src/map/generator/shared/Roads.o build/darwin/client/release/src/map/generator/shared/Sketch.o build/darwin/client/release/src/map/generator/shared/Solve.o build/darwin/client/release/src/map/generator/shared/Topology.o build/darwin/client/release/src/map/generator/shared/Settlements.o build/darwin/client/release/src/map/generator/shared/ScoredSettlements.o build/darwin/client/release/src/map/generator/shared/legacy/Regions.o build/darwin/client/release/src/map/generator/shared/Resources.o build/darwin/client/release/src/map/generator/shared/legacy/StartingPositions.o build/darwin/client/release/src/map/generator/shared/StartDiagnostics.o build/darwin/client/release/src/map/generator/shared/StartQuality.o build/darwin/client/release/src/map/generator/shared/Terrain.o build/darwin/client/release/src/map/gradient/BuildingGradientSearch.o build/darwin/client/release/src/map/gradient/MapGradientArea.o build/darwin/client/release/src/map/gradient/MapGradientBuilding.o build/darwin/client/release/src/map/gradient/MapGradientChamfer.o build/darwin/client/release/src/map/gradient/MapGradientDirection.o build/darwin/client/release/src/map/gradient/MapGradientPropagation.o build/darwin/client/release/src/map/gradient/MapGradientResource.o build/darwin/client/release/src/map/io/MapExploredAreaIO.o build/darwin/client/release/src/map/io/MapIO.o build/darwin/client/release/src/map/MapMisc.o build/darwin/client/release/src/map/pathfind/MapPathfindArea.o build/darwin/client/release/src/map/pathfind/MapPathfindPoint.o build/darwin/client/release/src/map/pathfind/MapPathfindBuilding.o build/darwin/client/release/src/map/pathfind/MapPathfindRessource.o build/darwin/client/release/src/map/MapQuery.o build/darwin/client/release/src/map/MapResources.o build/darwin/client/release/src/map/MapStep.o build/darwin/client/release/src/map/MapTerrain.o build/darwin/client/release/src/render/MapView.o build/darwin/client/release/src/map/editor/Widgets.o build/darwin/client/release/src/map/editor/WidgetsTools.o build/darwin/client/release/src/map/editor/WidgetsUnit.o build/darwin/client/release/src/map/editor/WidgetsBuilding.o build/darwin/client/release/src/map/editor/MapEditCtor.o build/darwin/client/release/src/map/editor/MapEditIO.o build/darwin/client/release/src/map/editor/MapEditDraw.o build/darwin/client/release/src/map/editor/MapEditEvents.o build/darwin/client/release/src/map/editor/MapEditAction.o build/darwin/client/release/src/map/editor/MapEditActionView.o build/darwin/client/release/src/map/editor/MapEditActionTerrain.o build/darwin/client/release/src/map/editor/MapEditActionUnit.o build/darwin/client/release/src/map/editor/MapEditActionBuilding.o build/darwin/client/release/src/map/editor/MapEditDelegate.o build/darwin/client/release/src/map/editor/MapEditClicks.o build/darwin/client/release/src/map/editor/MapEditDialog.o build/darwin/client/release/src/map/editor/MapEditKeyActions.o build/darwin/client/release/src/map/io/MapHeader.o build/darwin/client/release/src/scripting/javascript/ScriptValue.o build/darwin/client/release/src/scripting/javascript/ScriptRuntime.o build/darwin/client/release/src/hive/HiveWorker.o build/darwin/client/release/src/hive/HiveClient.o build/darwin/client/release/src/hive/HiveObservation.o build/darwin/client/release/src/hive/HiveDialog.o build/darwin/client/release/src/scripting/javascript/ScriptObservations.o build/darwin/client/release/src/scripting/javascript/ScriptOrders.o build/darwin/client/release/src/scripting/javascript/ScriptServices.o build/darwin/client/release/src/scripting/javascript/ScriptSpatial.o build/darwin/client/release/src/scripting/javascript/JavaScriptMap.o build/darwin/client/release/src/scripting/javascript/ScriptCommand.o build/darwin/client/release/src/ai/javascript/ScriptLibrary.o build/darwin/client/release/src/ui/settings/SettingsScreenCustomAIs.o build/darwin/client/release/src/ai/javascript/AIJavaScript.o build/darwin/client/release/src/scripting/map/MapScript.o build/darwin/client/release/src/scripting/map/MapScriptError.o build/darwin/client/release/src/scripting/map/MapScriptUSL.o build/darwin/client/release/src/map/io/MapThumbnail.o build/darwin/client/release/src/render/overlay/MarkManager.o build/darwin/client/release/src/render/Minimap.o build/darwin/client/release/src/net/NetBroadcaster.o build/darwin/client/release/src/net/NetBroadcastListener.o build/darwin/client/release/src/net/NetConnection.o build/darwin/client/release/src/net/NetEngine.o build/darwin/client/release/src/net/NetListener.o build/darwin/client/release/src/net/message/NetMessage.o build/darwin/client/release/src/net/message/MessageRecipients.o build/darwin/client/release/src/net/message/OrderMessages.o build/darwin/client/release/src/net/turn/JitterBuffer.o build/darwin/client/release/src/net/turn/MatchRecord.o build/darwin/client/release/src/net/turn/TurnMessages.o build/darwin/client/release/src/net/turn/TurnSequencer.o build/darwin/client/release/src/net/turn/TurnLockstep.o build/darwin/client/release/src/net/turn/TurnSession.o build/darwin/client/release/src/net/turn/TurnTelemetry.o build/darwin/client/release/src/map/editor/screens/NewMapScreen.o build/darwin/client/release/src/game/orders/Order.o build/darwin/client/release/src/game/orders/OrderBuilding.o build/darwin/client/release/src/game/orders/OrderModify.o build/darwin/client/release/src/game/orders/OrderMisc.o build/darwin/client/release/src/render/overlay/OverlayAreas.o build/darwin/client/release/src/team/stats/TeamStatChart.o build/darwin/client/release/src/team/stats/MetricCatalog.o build/darwin/client/release/src/team/stats/MetricSeries.o build/darwin/client/release/src/render/overlay/OverlayFill.o build/darwin/client/release/src/game/player/Player.o build/darwin/client/release/src/unit/types/Race.o build/darwin/client/release/src/replay/ReplayReader.o build/darwin/client/release/src/replay/ReplayWriter.o build/darwin/client/release/src/replay/ReplayTelemetry.o build/darwin/client/release/src/resource/Ressource.o build/darwin/client/release/src/game/rules/RulesetCatalog.o build/darwin/client/release/src/game/rules/TeamLayout.o build/darwin/client/release/src/resource/Resources.o build/darwin/client/release/src/scripting/map/ScriptEditorScreen.o build/darwin/client/release/src/game/Sector.o build/darwin/client/release/src/app/Settings.o build/darwin/client/release/src/app/SystemLanguage.o build/darwin/client/release/src/render/torus/TorusView.o build/darwin/client/release/src/render/torus/TorusViewRender.o build/darwin/client/release/src/hud/GameGUITorus.o build/darwin/client/release/src/ui/settings/SettingsScreen.o build/darwin/client/release/src/ui/screens/RecordingFilesScreen.o build/darwin/client/release/src/ui/settings/SettingsScreenGeneral.o build/darwin/client/release/src/ui/settings/SettingsScreenBuildings.o build/darwin/client/release/src/ui/settings/SettingsScreenKeyboard.o build/darwin/client/release/src/ui/settings/SettingsScreenOnline.o build/darwin/client/release/src/ui/settings/SettingsScreenRecording.o build/darwin/client/release/src/scripting/sgsl/Lexer.o build/darwin/client/release/src/scripting/sgsl/Parser.o build/darwin/client/release/src/scripting/sgsl/ParserSummon.o build/darwin/client/release/src/scripting/sgsl/ParserWait.o build/darwin/client/release/src/scripting/sgsl/SGSL.o build/darwin/client/release/src/scripting/sgsl/StoryActions.o build/darwin/client/release/src/scripting/sgsl/StoryConditions.o build/darwin/client/release/src/scripting/sgsl/StoryExecute.o build/darwin/client/release/src/render/clouds/SimplexNoise.o build/darwin/client/release/src/audio/PlayerVoice.o build/darwin/client/release/src/audio/SoundMixer.o build/darwin/client/release/src/audio/MusicStream.o build/darwin/client/release/src/audio/MusicLibrary.o build/darwin/client/release/src/ui/screens/MusicLibraryScreen.o build/darwin/client/release/src/ui/screens/MusicSetScreen.o build/darwin/client/release/src/ui/screens/MusicImportScreen.o build/darwin/client/release/src/team/Team.o build/darwin/client/release/src/team/TeamSerialization.o build/darwin/client/release/src/team/TeamLists.o build/darwin/client/release/src/team/TeamRouting.o build/darwin/client/release/src/team/TeamStep.o build/darwin/client/release/src/team/stats/TeamStat.o build/darwin/client/release/src/unit/Unit.o build/darwin/client/release/src/unit/UnitAction.o build/darwin/client/release/src/unit/UnitActivity.o build/darwin/client/release/src/unit/UnitDisplacement.o build/darwin/client/release/src/unit/UnitGeometry.o build/darwin/client/release/src/unit/UnitMedical.o build/darwin/client/release/src/unit/UnitMovement.o build/darwin/client/release/src/unit/UnitSerialization.o build/darwin/client/release/src/unit/render/UnitSkin.o build/darwin/client/release/src/unit/render/ColonySkinPreview.o build/darwin/client/release/src/unit/UnitStats.o build/darwin/client/release/src/unit/types/UnitType.o build/darwin/client/release/src/unit/UnitUtils.o build/darwin/client/release/src/common/Utilities.o build/darwin/client/release/src/audio/VoiceRecorder.o build/darwin/client/release/src/team/stats/WinProbability.o build/darwin/client/release/src/game/WinningConditions.o build/darwin/client/release/src/app/Application.o build/darwin/client/release/src/map/editor/screens/MapEditorScreen.o build/darwin/client/release/src/ui/screens/MessageScreen.o build/darwin/client/release/src/map/editor/screens/EditorLoadScreen.o build/darwin/client/release/src/map/editor/screens/EditorGenerateScreen.o build/darwin/client/release/src/game/screens/GameSessionScreen.o build/darwin/client/release/src/game/screens/GameLoadScreen.o build/darwin/client/release/src/ui/screens/FileImport.o build/darwin/client/release/src/game/screens/SinglePlayerFlow.o build/darwin/client/release/src/map/editor/screens/FertilityScreen.o build/darwin/client/release/src/net/lan/screens/LANSessionScreen.o build/darwin/client/release/src/net/lan/LanClient.o build/darwin/client/release/src/net/lan/LanHost.o build/darwin/client/release/src/net/lan/LanProtocol.o build/darwin/client/release/src/net/lan/LanRoom.o build/darwin/client/release/src/game/screens/MatchStartScreen.o build/darwin/client/release/src/online/screens/OnlineHubScreen.o build/darwin/client/release/src/online/screens/RoomMapPickerScreen.o build/darwin/client/release/src/online/screens/RoomScreen.o build/darwin/client/release/src/net/NetTransport.o build/darwin/client/release/src/net/TcpTransport.o build/darwin/client/release/src/net/NetWait.o build/darwin/client/release/src/net/NetworkConfig.o build/darwin/client/release/src/net/LanIdentity.o build/darwin/client/release/src/net/WssTransport.o build/darwin/client/release/src/online/HttpFetch.o build/darwin/client/release/src/online/HttpFetchCommon.o build/darwin/client/release/src/online/InstanceConfig.o build/darwin/client/release/src/online/InviteLink.o build/darwin/client/release/src/online/MapCache.o build/darwin/client/release/src/online/MapCatalog.o build/darwin/client/release/src/online/MatchSetup.o build/darwin/client/release/src/online/MemoryStorage.o build/darwin/client/release/src/online/OnlineHandoff.o build/darwin/client/release/src/online/OnlineMatch.o build/darwin/client/release/src/online/OnlineResources.o build/darwin/client/release/src/online/OnlineServices.o build/darwin/client/release/src/online/PlatformClient.o build/darwin/client/release/src/online/PlatformClientNative.o build/darwin/client/release/src/online/PlatformProtocol.o build/darwin/client/release/src/online/PlatformRoom.o build/darwin/client/release/src/online/RelayTransport.o build/darwin/client/release/src/online/QuickMatch.o build/darwin/client/release/src/online/QuickMatchShared.o build/darwin/client/release/src/online/RelayProbe.o build/darwin/client/release/src/online/RoomSetup.o build/darwin/client/release/src/online/Sha256.o build/darwin/client/release/src/online/SkinAuthorization.o build/darwin/client/release/src/online/SkinDownloads.o build/darwin/client/release/src/online/SkinSpriteManifest.o build/darwin/client/release/src/online/SkinSprites.o build/darwin/client/release/src/online/ReplayAppearance.o build/darwin/client/release/src/online/SimVersion.o build/darwin/client/release/src/online/UserDirectoryStorage.o build/darwin/client/release/src/PlatformTrustCore.o build/darwin/client/release/src/PlatformTrustPolicy.o build/darwin/client/release/third_party/libGlob2JavaScript.a build/darwin/client/release/libgag/src/libgag.a build/darwin/client/release/libusl/src/libusl.a -L/Users/bradley/.cache/glob2-sdl3/prefix/lib -L/opt/homebrew/lib -lz -lpthread -lssl -lcrypto -lepoxy -lfribidi build/darwin/client/release/recording/prefix/lib/libavformat.a build/darwin/client/release/recording/prefix/lib/libavcodec.a build/darwin/client/release/recording/prefix/lib/libswscale.a build/darwin/client/release/recording/prefix/lib/libswresample.a build/darwin/client/release/recording/prefix/lib/libavutil.a build/darwin/client/release/recording/prefix/lib/libx264.a -lSDL3_net -lopusfile -lopus -logg -lSDL3_ttf -lSDL3_image -lspeex -lSDL3 -lwebp -lsharpyuv -framework Security -framework CoreFoundation -framework AppKit -framework OpenGL -framework CoreFoundation -framework GLUT -framework VideoToolbox -framework CoreMedia -framework CoreVideo -framework Foundation -framework AudioToolbox
scons: done building targets.
