job,host,seed,variant,shape,cohort,status,diagnostic,algae-amount,branching,fruit-amount,height,long-tongues,rim-width,stone-amount,teams,tongue-count,wheat-amount,width,wood-amount,workers,fairness,score,minimum_build_sites,minimum_wheat,minimum_wood,branches_requested,branches_placed,approaches_narrow,starter_secondary,unreachable_walking_pairs,water_components,telemetry_dropped,telemetry_invalid,report_version
369f3a597fe89393204eff2d49626d11,pharaoh-dev-2.local,41001,baseline,128x128x2,bulk,completed,lava-shield revision 1 seed 41001 [complete]: ,100,2,100,7,50,8,100,2,5,100,7,100,4,0.988636,0.605364,472,0.625,0.71875,8,3,False,False,0,2,0,0,2
9b88a960beffaf6ec4e3763b01b159d2,pharaoh-dev-2.local,41002,baseline,128x128x2,bulk,completed,lava-shield revision 1 seed 41002 [complete]: ,100,2,100,7,50,8,100,2,5,100,7,100,4,0.96135,0.542102,416,0.541667,0.625,8,3,False,False,0,2,0,0,2
b4bbc261cf7400fce9c73912273a392d,pharaoh-dev-2.local,42001,high-geometry,128x128x2,bulk,completed,lava-shield revision 1 seed 42001 [complete]: ,100,3,100,7,75,8,100,2,5,100,7,100,4,0.981096,0.584436,431,0.625,0.6875,15,3,False,False,0,2,0,0,2
231214c63f2c07260331e2f2128de2c5,pharaoh-dev-2.local,42001,low-geometry,128x128x2,bulk,completed,lava-shield revision 1 seed 42001 [complete]: ,100,0,100,7,25,6,100,2,3,100,7,100,4,0.975458,0.613527,490,0.625,0.71875,0,0,False,False,0,2,0,0,2
9c6aad754be16202db490d6c659727da,pharaoh-dev-2.local,42002,high-geometry,128x128x2,bulk,completed,lava-shield revision 1 seed 42002 [complete]: ,100,3,100,7,75,8,100,2,5,100,7,100,4,0.985757,0.566361,322,0.625,0.6875,15,5,False,False,0,2,0,0,2
99585fa93cb9cc022f37ed1a9fc6c1b3,pharaoh-dev-1.local,42002,low-geometry,128x128x2,bulk,completed,lava-shield revision 1 seed 42002 [complete]: ,100,0,100,7,25,6,100,2,3,100,7,100,4,0.989453,0.606863,522,0.625,0.71875,0,0,False,False,0,2,0,0,2
bdf11273fdd9bcfdedfccd275dfa0f3b,pharaoh-dev-1.local,42003,high-geometry,128x128x2,bulk,completed,lava-shield revision 1 seed 42003 [complete]: ,100,3,100,7,75,8,100,2,5,100,7,100,4,0.983705,0.604851,380,0.625,0.71875,15,5,False,False,0,2,0,0,2
3b47e77544994ac8acd3b837b229da9f,pharaoh-dev-1.local,42003,low-geometry,128x128x2,bulk,completed,lava-shield revision 1 seed 42003 [complete]: ,100,0,100,7,25,6,100,2,3,100,7,100,4,0.998334,0.635674,526,0.625,0.71875,0,0,False,False,0,2,0,0,2
ec49d8d2384e065dc2129802746bc2e6,pharaoh-dev-1.local,43001,workers-min,128x128x2,bulk,completed,lava-shield revision 1 seed 43001 [complete]: ,100,2,100,7,50,8,100,2,5,100,7,100,1,0.927487,0.547643,407,0.541667,0.6875,6,1,False,False,0,2,0,0,2
4dfda530ae983a41c16bd3d220ecf1c1,pharaoh-dev-3.local,43002,workers-max,128x128x2,bulk,completed,lava-shield revision 1 seed 43002 [complete]: ,100,2,100,7,50,8,100,2,5,100,7,100,8,0.981952,0.592245,263,0.625,0.71875,6,0,False,False,0,2,0,0,2
0dcd09a644cf194bfe196c30538e9758,pharaoh-dev-3.local,41001,baseline,128x256x2,bulk,completed,lava-shield revision 1 seed 41001 [complete]: ,100,2,100,8,50,8,100,2,5,100,7,100,4,0.956472,0.588618,622,0.625,0.71875,8,4,False,False,0,2,0,0,2
912d9d6925780478f93e7f666aaabcba,pharaoh-dev-3.local,41002,baseline,128x256x2,bulk,completed,lava-shield revision 1 seed 41002 [complete]: ,100,2,100,8,50,8,100,2,5,100,7,100,4,0.981332,0.604136,617,0.625,0.625,8,3,False,False,0,2,0,0,2
70f24024e83c76c15bd76001cf3ae1e8,pharaoh-dev-2.local,42001,high-geometry,128x256x2,bulk,completed,lava-shield revision 1 seed 42001 [complete]: ,100,3,100,8,75,8,100,2,5,100,7,100,4,0.983581,0.622027,640,0.625,0.71875,15,4,False,False,0,2,0,0,2
f9d57225f92d7bacf5fea07d2a457970,pharaoh-dev-2.local,42001,low-geometry,128x256x2,bulk,completed,lava-shield revision 1 seed 42001 [complete]: ,100,0,100,8,25,6,100,2,3,100,7,100,4,0.991954,0.639994,788,0.625,0.71875,0,0,False,False,0,2,0,0,2
89cac64d02aac320b6777887967e82f6,pharaoh-dev-2.local,42002,high-geometry,128x256x2,bulk,completed,lava-shield revision 1 seed 42002 [complete]: ,100,3,100,8,75,8,100,2,5,100,7,100,4,0.980251,0.597998,654,0.625,0.6875,15,10,False,False,0,2,0,0,2
90dbab9b41e280cb8147a68ce19fb8fb,pharaoh-dev-2.local,42002,low-geometry,128x256x2,bulk,completed,lava-shield revision 1 seed 42002 [complete]: ,100,0,100,8,25,6,100,2,3,100,7,100,4,0.981886,0.641013,791,0.625,0.71875,0,0,False,False,0,2,0,0,2
9cca48e09dd04e3178567a7684fffe8f,pharaoh-dev-2.local,42003,high-geometry,128x256x2,bulk,completed,lava-shield revision 1 seed 42003 [complete]: ,100,3,100,8,75,8,100,2,5,100,7,100,4,0.937959,0.592401,663,0.625,0.71875,15,5,False,False,0,2,0,0,2
f4d77adb5f67a8614a25bb7395bf5aff,pharaoh-dev-2.local,42003,low-geometry,128x256x2,bulk,completed,lava-shield revision 1 seed 42003 [complete]: ,100,0,100,8,25,6,100,2,3,100,7,100,4,0.985277,0.624307,649,0.625,0.65625,0,0,False,False,0,2,0,0,2
e985c8d5a70ad3b6a1bd0448211deffd,pharaoh-dev-1.local,43001,workers-min,128x256x2,bulk,completed,lava-shield revision 1 seed 43001 [complete]: ,100,2,100,8,50,8,100,2,5,100,7,100,1,0.967974,0.592791,603,0.625,0.65625,6,0,False,False,0,2,0,0,2
5938640a668c18745557e8ed300c9121,pharaoh-dev-1.local,43002,workers-max,128x256x2,bulk,completed,lava-shield revision 1 seed 43002 [complete]: ,100,2,100,8,50,8,100,2,5,100,7,100,8,0.986223,0.615952,522,0.625,0.71875,6,1,False,False,0,2,0,0,2
f76386a8c11e214a4939a021fd385c18,therig.local,41001,baseline,256x128x2,bulk,completed,lava-shield revision 1 seed 41001 [complete]: ,100,2,100,7,50,8,100,2,5,100,8,100,4,0.986816,0.602478,433,0.583333,0.71875,8,5,False,False,0,2,0,0,2
1feb9bff05226ed80f18d07b434db2bf,therig.local,41002,baseline,256x128x2,bulk,completed,lava-shield revision 1 seed 41002 [complete]: ,100,2,100,7,50,8,100,2,5,100,8,100,4,0.963446,0.571256,527,0.625,0.625,8,5,False,False,0,2,0,0,2
7291e62e894494b9360aaddad84e31ed,therig.local,42001,high-geometry,256x128x2,bulk,completed,lava-shield revision 1 seed 42001 [complete]: ,100,3,100,7,75,8,100,2,5,100,8,100,4,0.982759,0.626793,637,0.625,0.71875,15,6,False,False,0,2,0,0,2
da6880c9c89c52d996469a6d1c49f64b,therig.local,42001,low-geometry,256x128x2,bulk,completed,lava-shield revision 1 seed 42001 [complete]: ,100,0,100,7,25,6,100,2,3,100,8,100,4,0.998232,0.630894,592,0.625,0.65625,0,0,False,False,0,2,0,0,2
faae132aba5a7e3bf2167abe1394f200,therig.local,42002,high-geometry,256x128x2,bulk,completed,lava-shield revision 1 seed 42002 [complete]: ,100,3,100,7,75,8,100,2,5,100,8,100,4,0.989269,0.63847,876,0.625,0.71875,15,8,False,False,0,2,0,0,2
71255472791b4768d7d30eed40946eae,therig.local,42002,low-geometry,256x128x2,bulk,completed,lava-shield revision 1 seed 42002 [complete]: ,100,0,100,7,25,6,100,2,3,100,8,100,4,0.983043,0.623848,800,0.625,0.65625,0,0,False,False,0,2,0,0,2
5e3672161f1874b1684dee6ec9d39a30,therig.local,42003,high-geometry,256x128x2,bulk,completed,lava-shield revision 1 seed 42003 [complete]: ,100,3,100,7,75,8,100,2,5,100,8,100,4,0.984841,0.615458,478,0.625,0.71875,15,6,False,True,0,2,0,0,2
08cbfa4e99c69343ca0fb97f7c11a056,therig.local,42003,low-geometry,256x128x2,bulk,completed,lava-shield revision 1 seed 42003 [complete]: ,100,0,100,7,25,6,100,2,3,100,8,100,4,0.993172,0.63249,790,0.625,0.6875,0,0,False,False,0,2,0,0,2
d278717b4b6e6ca77d0fbfc4e619d875,therig.local,43001,workers-min,256x128x2,bulk,completed,lava-shield revision 1 seed 43001 [complete]: ,100,2,100,7,50,8,100,2,5,100,8,100,1,0.994163,0.569737,492,0.5,0.59375,6,2,False,False,0,2,0,0,2
f325a175dae0beb167a1b7c99d4e82d6,therig.local,43002,workers-max,256x128x2,bulk,completed,lava-shield revision 1 seed 43002 [complete]: ,100,2,100,7,50,8,100,2,5,100,8,100,8,0.99104,0.635826,860,0.625,0.71875,6,0,False,True,0,2,0,0,2
2a9b5bedf83f7fb9959dcf2d8add07be,therig.local,41001,baseline,256x256x2,bulk,completed,lava-shield revision 1 seed 41001 [complete]: ,100,2,100,8,50,8,100,2,5,100,8,100,4,0.989574,0.611599,1025,0.583333,0.71875,10,6,False,False,0,2,0,0,2
4c742833d842f849b06f7a69fa4ea697,therig.local,41002,baseline,256x256x2,bulk,completed,lava-shield revision 1 seed 41002 [complete]: ,100,2,100,8,50,8,100,2,5,100,8,100,4,0.996494,0.603803,903,0.583333,0.59375,10,6,False,False,0,2,0,0,2
21d0656cc59450995b60f97fec0d458f,therig.local,42001,high-geometry,256x256x2,bulk,completed,lava-shield revision 1 seed 42001 [complete]: ,100,3,100,8,75,12,100,2,9,100,8,100,4,0.977604,0.611659,800,0.625,0.625,27,20,False,False,0,2,0,0,2
1ad5c786a5aa3e9db5d167cb8536c1f1,therig.local,42001,low-geometry,256x256x2,bulk,completed,lava-shield revision 1 seed 42001 [complete]: ,100,0,100,8,25,6,100,2,3,100,8,100,4,0.989053,0.640239,952,0.625,0.71875,0,0,False,False,0,2,0,0,2
ec288c6db903ec08f4b301a96dd325e0,therig.local,42002,high-geometry,256x256x2,bulk,completed,lava-shield revision 1 seed 42002 [complete]: ,100,3,100,8,75,12,100,2,9,100,8,100,4,0.986887,0.608974,798,0.625,0.71875,27,8,False,False,0,2,0,0,2
424e2792032767d40f0fb0f15d9bf3ff,therig.local,42002,low-geometry,256x256x2,bulk,completed,lava-shield revision 1 seed 42002 [complete]: ,100,0,100,8,25,6,100,2,3,100,8,100,4,0.991943,0.641137,1011,0.625,0.6875,0,0,False,False,0,2,0,0,2
71323c7c87303b7280172dc86d8ef311,therig.local,42003,high-geometry,256x256x2,bulk,completed,lava-shield revision 1 seed 42003 [complete]: ,100,3,100,8,75,12,100,2,9,100,8,100,4,0.991267,0.610727,764,0.541667,0.6875,27,19,False,False,0,2,0,0,2
37f3f7592a972bc2ff505bf54e112627,therig.local,42003,low-geometry,256x256x2,bulk,completed,lava-shield revision 1 seed 42003 [complete]: ,100,0,100,8,25,6,100,2,3,100,8,100,4,0.985738,0.635635,986,0.625,0.71875,0,0,False,True,0,2,0,0,2
6da25186d52876f925f320841b096120,pharaoh-dev-1.local,43001,workers-min,256x256x2,bulk,completed,lava-shield revision 1 seed 43001 [complete]: ,100,2,100,8,50,8,100,2,5,100,8,100,1,0.946896,0.554793,746,0.458333,0.6875,10,6,False,False,0,2,0,0,2
a2c4447c1b60f0f950b3acc2eed23dc5,pharaoh-dev-1.local,43002,workers-max,256x256x2,bulk,completed,lava-shield revision 1 seed 43002 [complete]: ,100,2,100,8,50,8,100,2,5,100,8,100,8,0.998352,0.633954,981,0.625,0.6875,10,8,False,False,0,2,0,0,2
d5b2a6609ac8b96bc971f1a5d7fdc335,pharaoh-dev-1.local,41001,baseline,256x256x4,bulk,completed,lava-shield revision 1 seed 41001 [complete]: ,100,2,100,8,50,8,100,4,5,100,8,100,4,0.950283,0.577174,622,0.625,0.71875,10,6,False,False,0,2,0,0,2
8b9b64bddcc7c440055776349aa16164,pharaoh-dev-1.local,41002,baseline,256x256x4,bulk,completed,lava-shield revision 1 seed 41002 [complete]: ,100,2,100,8,50,8,100,4,5,100,8,100,4,0.948131,0.589005,695,0.625,0.71875,10,6,False,False,0,2,0,0,2
87f72bac1cf47c70601da82a46b341ca,pharaoh-dev-3.local,42001,high-geometry,256x256x4,bulk,completed,lava-shield revision 1 seed 42001 [complete]: ,100,3,100,8,75,12,100,4,9,100,8,100,4,0.890739,0.480164,422,0.625,0.65625,27,20,True,False,0,2,0,0,2
1e210c4d7e1847e6d037626ce5dbc817,pharaoh-dev-3.local,42001,low-geometry,256x256x4,bulk,completed,lava-shield revision 1 seed 42001 [complete]: ,100,0,100,8,25,6,100,4,3,100,8,100,4,0.9746,0.624586,901,0.625,0.71875,0,0,False,False,0,2,0,0,2
ac3cd344ac7a8577e26c50e14e864a71,pharaoh-dev-3.local,42002,high-geometry,256x256x4,bulk,completed,lava-shield revision 1 seed 42002 [complete]: ,100,3,100,8,75,12,100,4,9,100,8,100,4,0.947371,0.552739,551,0.583333,0.6875,27,8,False,False,0,2,0,0,2
05eda8f76fb728b13de61a32964138b7,pharaoh-dev-3.local,42002,low-geometry,256x256x4,bulk,completed,lava-shield revision 1 seed 42002 [complete]: ,100,0,100,8,25,6,100,4,3,100,8,100,4,0.975938,0.613782,781,0.625,0.6875,0,0,False,False,0,2,0,0,2
c2ad0d17b30847da561ea4911cb2af87,pharaoh-dev-3.local,42003,high-geometry,256x256x4,bulk,completed,lava-shield revision 1 seed 42003 [complete]: ,100,3,100,8,75,12,100,4,9,100,8,100,4,0.977156,0.614615,717,0.583333,0.71875,27,19,False,False,0,2,0,0,2
c37242db980d6d755d6d6c4f1b221bf9,pharaoh-dev-3.local,42003,low-geometry,256x256x4,bulk,completed,lava-shield revision 1 seed 42003 [complete]: ,100,0,100,8,25,6,100,4,3,100,8,100,4,0.97842,0.617773,655,0.541667,0.6875,0,0,False,True,0,2,0,0,2
e2f00dbe7bb204b7d38115e6ebc43a4c,pharaoh-dev-2.local,43001,workers-min,256x256x4,bulk,completed,lava-shield revision 1 seed 43001 [complete]: ,100,2,100,8,50,8,100,4,5,100,8,100,1,0.967856,0.591917,565,0.625,0.625,10,6,False,False,0,2,0,0,2
781192e410ae9724c220a0eb6f8c7166,pharaoh-dev-1.local,43002,workers-max,256x256x4,bulk,completed,lava-shield revision 1 seed 43002 [complete]: ,100,2,100,8,50,8,100,4,5,100,8,100,8,0.983826,0.624439,686,0.583333,0.71875,10,8,False,False,0,2,0,0,2
055ed4095841062548b10d32863e9ff9,pharaoh-dev-1.local,41001,baseline,256x256x8,bulk,completed,lava-shield revision 1 seed 41001 [complete]: ,100,2,100,8,50,8,100,8,5,100,8,100,4,0.902348,0.518871,574,0.625,0.71875,10,6,False,False,0,2,0,0,2
014b5290ea9923aacfa2aaa260606a9d,pharaoh-dev-2.local,41002,baseline,256x256x8,bulk,completed,lava-shield revision 1 seed 41002 [complete]: ,100,2,100,8,50,8,100,8,5,100,8,100,4,0.913546,0.533439,527,0.583333,0.65625,10,6,False,False,0,2,0,0,2
bc25605b52db124cde307364a595bc9a,pharaoh-dev-2.local,42001,high-geometry,256x256x8,bulk,completed,lava-shield revision 1 seed 42001 [complete]: ,100,3,100,8,75,8,100,8,5,100,8,100,4,0.914816,0.524484,636,0.583333,0.65625,15,10,False,False,0,2,0,0,2
78d9bfb7230dcd5efd3008d3dce2d845,pharaoh-dev-2.local,42001,low-geometry,256x256x8,bulk,completed,lava-shield revision 1 seed 42001 [complete]: ,100,0,100,8,25,6,100,8,3,100,8,100,4,0.908645,0.526574,945,0.541667,0.59375,0,0,False,False,0,2,0,0,2
17ce8d2547b7f421c693168ea837f1c5,pharaoh-dev-2.local,42002,high-geometry,256x256x8,bulk,completed,lava-shield revision 1 seed 42002 [complete]: ,100,3,100,8,75,8,100,8,5,100,8,100,4,0.858004,0.479042,434,0.625,0.65625,15,10,False,True,0,2,0,0,2
a753d6096510cacf15858e176cc5c2a6,pharaoh-dev-2.local,42002,low-geometry,256x256x8,bulk,completed,lava-shield revision 1 seed 42002 [complete]: ,100,0,100,8,25,6,100,8,3,100,8,100,4,0.915738,0.537139,772,0.625,0.65625,0,0,False,False,0,2,0,0,2
a6969605919384634c545b20d48c5b95,pharaoh-dev-2.local,42003,high-geometry,256x256x8,bulk,completed,lava-shield revision 1 seed 42003 [complete]: ,100,3,100,8,75,8,100,8,5,100,8,100,4,0.901739,0.523422,677,0.458333,0.65625,15,12,False,False,0,2,0,0,2
17dd3b009bd1fa87720c42f7e1be68b0,pharaoh-dev-1.local,42003,low-geometry,256x256x8,bulk,completed,lava-shield revision 1 seed 42003 [complete]: ,100,0,100,8,25,6,100,8,3,100,8,100,4,0.945171,0.563196,808,0.541667,0.65625,0,0,False,True,0,2,0,0,2
194a17217afe956a027e28bb2663240d,pharaoh-dev-1.local,43001,workers-min,256x256x8,bulk,completed,lava-shield revision 1 seed 43001 [complete]: ,100,2,100,8,50,8,100,8,5,100,8,100,1,0.860815,0.469727,449,0.5,0.5625,10,6,False,False,0,2,0,0,2
af8083007abe5b170ddaf15af6401f9b,pharaoh-dev-1.local,43002,workers-max,256x256x8,bulk,completed,lava-shield revision 1 seed 43002 [complete]: ,100,2,100,8,50,8,100,8,5,100,8,100,8,0.891402,0.519238,544,0.583333,0.71875,10,8,False,False,0,2,0,0,2
41115d226317f737ad999c0e4950ee3e,pharaoh-dev-1.local,41001,baseline,256x512x2,bulk,completed,lava-shield revision 1 seed 41001 [complete]: ,100,2,100,9,50,8,100,2,5,100,8,100,4,0.981287,0.603621,931,0.625,0.71875,10,6,False,False,0,2,0,0,2
bdcab70d9db2f5afa299715834a2693d,pharaoh-dev-1.local,41002,baseline,256x512x2,bulk,completed,lava-shield revision 1 seed 41002 [complete]: ,100,2,100,9,50,8,100,2,5,100,8,100,4,0.970645,0.610631,935,0.583333,0.6875,10,6,False,False,0,2,0,0,2
3a362925af3834780532fe4262653688,pharaoh-dev-1.local,42001,high-geometry,256x512x2,bulk,completed,lava-shield revision 1 seed 42001 [complete]: ,100,3,100,9,75,12,100,2,9,100,8,100,4,0.982756,0.612153,960,0.625,0.71875,27,23,False,False,0,2,0,0,2
318eb76d538b21019c36b3b53410eece,pharaoh-dev-3.local,42001,low-geometry,256x512x2,bulk,completed,lava-shield revision 1 seed 42001 [complete]: ,100,0,100,9,25,6,100,2,3,100,8,100,4,0.992366,0.62644,875,0.625,0.71875,0,0,False,False,0,2,0,0,2
21156345bca70c41f24cf4f24c53b411,pharaoh-dev-3.local,42002,high-geometry,256x512x2,bulk,completed,lava-shield revision 1 seed 42002 [complete]: ,100,3,100,9,75,12,100,2,9,100,8,100,4,0.973468,0.609973,912,0.625,0.71875,27,14,False,False,0,2,0,0,2
4f37bb59c0abe5455b070d1c2fd1b924,pharaoh-dev-3.local,42002,low-geometry,256x512x2,bulk,completed,lava-shield revision 1 seed 42002 [complete]: ,100,0,100,9,25,6,100,2,3,100,8,100,4,0.989288,0.625795,955,0.625,0.71875,0,0,False,False,0,2,0,0,2
b09555dcd99cc10915915a95431f7dde,pharaoh-dev-2.local,42003,high-geometry,256x512x2,bulk,completed,lava-shield revision 1 seed 42003 [complete]: ,100,3,100,9,75,12,100,2,9,100,8,100,4,0.989607,0.620057,641,0.625,0.71875,27,20,False,False,0,2,0,0,2
c116e4ba69423f1714f8a18f89804ba7,pharaoh-dev-2.local,42003,low-geometry,256x512x2,bulk,completed,lava-shield revision 1 seed 42003 [complete]: ,100,0,100,9,25,6,100,2,3,100,8,100,4,0.997627,0.621583,821,0.625,0.71875,0,0,False,False,0,2,0,0,2
a5b8ec231cce51d15607508de5aae989,pharaoh-dev-2.local,43001,workers-min,256x512x2,bulk,completed,lava-shield revision 1 seed 43001 [complete]: ,100,2,100,9,50,8,100,2,5,100,8,100,1,0.990052,0.60236,607,0.625,0.71875,10,7,False,False,0,2,0,0,2
7bc0ca84704ae2202ffadf8ab9b082df,pharaoh-dev-2.local,43002,workers-max,256x512x2,bulk,completed,lava-shield revision 1 seed 43002 [complete]: ,100,2,100,9,50,8,100,2,5,100,8,100,8,0.996537,0.645101,843,0.625,0.71875,10,10,False,False,0,2,0,0,2
6c6c5d25f95cf540bf0d9a2cdc5f0c63,pharaoh-dev-2.local,41001,baseline,256x512x4,bulk,completed,lava-shield revision 1 seed 41001 [complete]: ,100,2,100,9,50,8,100,4,5,100,8,100,4,0.953398,0.583571,892,0.625,0.6875,10,6,False,True,0,2,0,0,2
20af9c85740e1edd9d1809dc9d341314,pharaoh-dev-2.local,41002,baseline,256x512x4,bulk,completed,lava-shield revision 1 seed 41002 [complete]: ,100,2,100,9,50,8,100,4,5,100,8,100,4,0.976097,0.595034,778,0.583333,0.65625,10,6,False,False,0,2,0,0,2
f3eec5a8705e72f9ad0620159caeaebb,pharaoh-dev-1.local,42001,high-geometry,256x512x4,bulk,completed,lava-shield revision 1 seed 42001 [complete]: ,100,3,100,9,75,12,100,4,9,100,8,100,4,0.965713,0.608388,795,0.625,0.71875,27,23,False,False,0,2,0,0,2
76edf6d301940396cf33c027ec6e23e9,pharaoh-dev-1.local,42001,low-geometry,256x512x4,bulk,completed,lava-shield revision 1 seed 42001 [complete]: ,100,0,100,9,25,6,100,4,3,100,8,100,4,0.964417,0.598475,904,0.583333,0.6875,0,0,False,False,0,2,0,0,2
d5214c6dc3d2d889dd425981c48763b9,pharaoh-dev-1.local,42002,high-geometry,256x512x4,bulk,completed,lava-shield revision 1 seed 42002 [complete]: ,100,3,100,9,75,12,100,4,9,100,8,100,4,0.928669,0.540744,876,0.583333,0.625,27,14,False,False,0,2,0,0,2
8973f61cb47c3e2078651a716a78413b,pharaoh-dev-1.local,42002,low-geometry,256x512x4,bulk,completed,lava-shield revision 1 seed 42002 [complete]: ,100,0,100,9,25,6,100,4,3,100,8,100,4,0.932871,0.563122,736,0.625,0.6875,0,0,False,False,0,2,0,0,2
e238bd7fdde98ca3055cf2cde85e9389,pharaoh-dev-3.local,42003,high-geometry,256x512x4,bulk,completed,lava-shield revision 1 seed 42003 [complete]: ,100,3,100,9,75,12,100,4,9,100,8,100,4,0.923359,0.54597,434,0.625,0.71875,27,20,False,False,0,2,0,0,2
4ad74792186d6963fd1a832b5813b790,pharaoh-dev-3.local,42003,low-geometry,256x512x4,bulk,completed,lava-shield revision 1 seed 42003 [complete]: ,100,0,100,9,25,6,100,4,3,100,8,100,4,0.941894,0.579564,840,0.625,0.71875,0,0,False,False,0,2,0,0,2
c122ba07329b52f984672f60e3cc9463,therig.local,43001,workers-min,256x512x4,bulk,completed,lava-shield revision 1 seed 43001 [complete]: ,100,2,100,9,50,8,100,4,5,100,8,100,1,0.930668,0.52281,675,0.541667,0.5625,10,7,False,False,0,2,0,0,2
a99f29d3924ce7934cf6221918c7863f,therig.local,43002,workers-max,256x512x4,bulk,completed,lava-shield revision 1 seed 43002 [complete]: ,100,2,100,9,50,8,100,4,5,100,8,100,8,0.960151,0.593984,855,0.583333,0.71875,10,10,False,False,0,2,0,0,2
392935e716259c269bdc68dfd817a75d,therig.local,41001,baseline,256x512x8,bulk,completed,lava-shield revision 1 seed 41001 [complete]: ,100,2,100,9,50,8,100,8,5,100,8,100,4,0.936466,0.56294,678,0.625,0.625,10,6,False,True,0,2,0,0,2
8a598df594428175c99b9b13ba241d44,therig.local,41002,baseline,256x512x8,bulk,completed,lava-shield revision 1 seed 41002 [complete]: ,100,2,100,9,50,8,100,8,5,100,8,100,4,0.936308,0.565272,499,0.541667,0.65625,10,6,False,False,0,2,0,0,2
0006b515bd290f4b360f9291b6424e14,therig.local,42001,high-geometry,256x512x8,bulk,completed,lava-shield revision 1 seed 42001 [complete]: ,100,3,100,9,75,8,100,8,5,100,8,100,4,0.927376,0.544063,645,0.541667,0.71875,15,9,False,False,0,2,0,0,2
d012e8129034150b381eabb2a3efc56e,therig.local,42001,low-geometry,256x512x8,bulk,completed,lava-shield revision 1 seed 42001 [complete]: ,100,0,100,9,25,6,100,8,3,100,8,100,4,0.925447,0.562669,770,0.583333,0.65625,0,0,False,False,0,2,0,0,2
9a4c2349afc13abe0889167c28c956f5,therig.local,42002,high-geometry,256x512x8,bulk,completed,lava-shield revision 1 seed 42002 [complete]: ,100,3,100,9,75,8,100,8,5,100,8,100,4,0.929641,0.553047,773,0.583333,0.65625,15,10,False,False,0,2,0,0,2
40a0532d6d8a994edc3f4a843a1ca716,therig.local,42002,low-geometry,256x512x8,bulk,completed,lava-shield revision 1 seed 42002 [complete]: ,100,0,100,9,25,6,100,8,3,100,8,100,4,0.8993,0.52427,801,0.583333,0.65625,0,0,False,False,0,2,0,0,2
2d45d036923501495b9cd12d2c019363,therig.local,42003,high-geometry,256x512x8,bulk,completed,lava-shield revision 1 seed 42003 [complete]: ,100,3,100,9,75,8,100,8,5,100,8,100,4,0.913767,0.533989,913,0.583333,0.53125,15,12,False,False,0,2,0,0,2
9e73b98239a1a18820f3ab5c02ea580c,therig.local,42003,low-geometry,256x512x8,bulk,completed,lava-shield revision 1 seed 42003 [complete]: ,100,0,100,9,25,6,100,8,3,100,8,100,4,0.943222,0.566533,715,0.541667,0.6875,0,0,False,False,0,2,0,0,2
55a6e6a469e98e7b9d13b48823779144,therig.local,43001,workers-min,256x512x8,bulk,completed,lava-shield revision 1 seed 43001 [complete]: ,100,2,100,9,50,8,100,8,5,100,8,100,1,0.856781,0.456454,422,0.541667,0.5625,10,7,False,False,0,2,0,0,2
773d21a5e8dc53702f08a5bc6155bd49,therig.local,43002,workers-max,256x512x8,bulk,completed,lava-shield revision 1 seed 43002 [complete]: ,100,2,100,9,50,8,100,8,5,100,8,100,8,0.934465,0.564481,708,0.625,0.6875,10,10,False,False,0,2,0,0,2
63d49e94f2fef74be60a5509fba153f2,therig.local,41001,baseline,512x256x2,bulk,completed,lava-shield revision 1 seed 41001 [complete]: ,100,2,100,8,50,8,100,2,5,100,9,100,4,0.999195,0.64612,1105,0.625,0.71875,10,8,False,False,0,2,0,0,2
b14aab41ce6450570800aea31e2090b1,therig.local,41002,baseline,512x256x2,bulk,completed,lava-shield revision 1 seed 41002 [complete]: ,100,2,100,8,50,8,100,2,5,100,9,100,4,0.998688,0.62443,779,0.625,0.6875,10,6,False,False,0,2,0,0,2
dabd1c2d3163094fb392317b1de5b13c,therig.local,42001,high-geometry,512x256x2,bulk,completed,lava-shield revision 1 seed 42001 [complete]: ,100,3,100,8,75,12,100,2,9,100,9,100,4,0.984627,0.611074,887,0.625,0.71875,27,21,False,False,0,2,0,0,2
9efc4bc20d4fac022e261fb4cc9b617c,therig.local,42001,low-geometry,512x256x2,bulk,completed,lava-shield revision 1 seed 42001 [complete]: ,100,0,100,8,25,6,100,2,3,100,9,100,4,0.990623,0.628276,1003,0.625,0.6875,0,0,False,False,0,2,0,0,2
807a96be4732d900045cace3ce1aa046,therig.local,42002,high-geometry,512x256x2,bulk,completed,lava-shield revision 1 seed 42002 [complete]: ,100,3,100,8,75,12,100,2,9,100,9,100,4,0.991173,0.615361,862,0.625,0.71875,27,13,False,False,0,2,0,0,2
ef6c61535e8ab65915c433aead109d00,therig.local,42002,low-geometry,512x256x2,bulk,completed,lava-shield revision 1 seed 42002 [complete]: ,100,0,100,8,25,6,100,2,3,100,9,100,4,0.984358,0.609692,1075,0.583333,0.71875,0,0,False,False,0,2,0,0,2
425cf443aa2b8e349d61d3196ceb82ef,pharaoh-dev-3.local,42003,high-geometry,512x256x2,bulk,completed,lava-shield revision 1 seed 42003 [complete]: ,100,3,100,8,75,12,100,2,9,100,9,100,4,0.97094,0.594313,843,0.625,0.65625,27,21,False,False,0,2,0,0,2
a40656ca889fb5f009c25952a53366d8,pharaoh-dev-3.local,42003,low-geometry,512x256x2,bulk,completed,lava-shield revision 1 seed 42003 [complete]: ,100,0,100,8,25,6,100,2,3,100,9,100,4,0.963097,0.59526,926,0.625,0.71875,0,0,False,False,0,2,0,0,2
7663707b846bd175c0a38c4eb0804650,pharaoh-dev-3.local,43001,workers-min,512x256x2,bulk,completed,lava-shield revision 1 seed 43001 [complete]: ,100,2,100,8,50,8,100,2,5,100,9,100,1,0.94657,0.551011,705,0.583333,0.59375,10,8,False,False,0,2,0,0,2
4b7d9f90f68cfb7d64a6bf1832f97852,pharaoh-dev-3.local,43002,workers-max,512x256x2,bulk,completed,lava-shield revision 1 seed 43002 [complete]: ,100,2,100,8,50,8,100,2,5,100,9,100,8,0.95935,0.566569,601,0.583333,0.71875,10,8,False,False,0,2,0,0,2
5d1c660928613e18d071146add0a0fe7,pharaoh-dev-3.local,41001,baseline,512x256x4,bulk,completed,lava-shield revision 1 seed 41001 [complete]: ,100,2,100,8,50,8,100,4,5,100,9,100,4,0.972999,0.614604,935,0.625,0.71875,10,8,False,False,0,2,0,0,2
d5d59679f3a347d783164594e6fd80c3,pharaoh-dev-3.local,41002,baseline,512x256x4,bulk,completed,lava-shield revision 1 seed 41002 [complete]: ,100,2,100,8,50,8,100,4,5,100,9,100,4,0.937484,0.565658,875,0.541667,0.71875,10,6,False,False,0,2,0,0,2
df5cf99f2b3494054e1da7a29b50137c,pharaoh-dev-1.local,42001,high-geometry,512x256x4,bulk,completed,lava-shield revision 1 seed 42001 [complete]: ,100,3,100,8,75,12,100,4,9,100,9,100,4,0.944779,0.569578,837,0.583333,0.6875,27,21,False,False,0,2,0,0,2
19f00e13df40c987d60058486d0a1c98,pharaoh-dev-1.local,42001,low-geometry,512x256x4,bulk,completed,lava-shield revision 1 seed 42001 [complete]: ,100,0,100,8,25,6,100,4,3,100,9,100,4,0.967813,0.600088,984,0.625,0.71875,0,0,False,False,0,2,0,0,2
908d081790f290df809e4177175e83c5,pharaoh-dev-3.local,42002,high-geometry,512x256x4,bulk,completed,lava-shield revision 1 seed 42002 [complete]: ,100,3,100,8,75,12,100,4,9,100,9,100,4,0.915872,0.545697,829,0.541667,0.65625,27,13,False,False,0,2,0,0,2
fddc3c96ab027c5b3260c510ebc0a912,pharaoh-dev-3.local,42002,low-geometry,512x256x4,bulk,completed,lava-shield revision 1 seed 42002 [complete]: ,100,0,100,8,25,6,100,4,3,100,9,100,4,0.933126,0.567418,971,0.625,0.71875,0,0,False,False,0,2,0,0,2
0d66212515dd1afa3ca06f6bdaf2a739,pharaoh-dev-3.local,42003,high-geometry,512x256x4,bulk,completed,lava-shield revision 1 seed 42003 [complete]: ,100,3,100,8,75,12,100,4,9,100,9,100,4,0.966464,0.595701,855,0.625,0.6875,27,21,False,False,0,2,0,0,2
cacc8b7eacdb438a88ece04c76a267c3,pharaoh-dev-3.local,42003,low-geometry,512x256x4,bulk,completed,lava-shield revision 1 seed 42003 [complete]: ,100,0,100,8,25,6,100,4,3,100,9,100,4,0.948001,0.579721,939,0.625,0.65625,0,0,False,False,0,2,0,0,2
cb002364614b7177d539dbc4212e8a4e,pharaoh-dev-3.local,43001,workers-min,512x256x4,bulk,completed,lava-shield revision 1 seed 43001 [complete]: ,100,2,100,8,50,8,100,4,5,100,9,100,1,0.897677,0.497095,547,0.541667,0.53125,10,8,False,False,0,2,0,0,2
24328ecce91078155556c918bdd19770,therig.local,43002,workers-max,512x256x4,bulk,completed,lava-shield revision 1 seed 43002 [complete]: ,100,2,100,8,50,8,100,4,5,100,9,100,8,0.962474,0.594158,552,0.583333,0.71875,10,8,False,False,0,2,0,0,2
0995591bf7b674a3669dcd7504e6a6b5,therig.local,41001,baseline,512x256x8,bulk,completed,lava-shield revision 1 seed 41001 [complete]: ,100,2,100,8,50,8,100,8,5,100,9,100,4,0.951238,0.584482,888,0.583333,0.6875,10,8,False,False,0,2,0,0,2
6c0ce302d07dccaddad8d8a3626bf2a3,therig.local,41002,baseline,512x256x8,bulk,completed,lava-shield revision 1 seed 41002 [complete]: ,100,2,100,8,50,8,100,8,5,100,9,100,4,0.935694,0.563559,705,0.583333,0.625,10,6,False,False,0,2,0,0,2
5ad894004c0b62463b8200e4a44a0151,therig.local,42001,high-geometry,512x256x8,bulk,completed,lava-shield revision 1 seed 42001 [complete]: ,100,3,100,8,75,8,100,8,5,100,9,100,4,0.916164,0.544826,564,0.583333,0.6875,15,10,False,False,0,2,0,0,2
c6a7592e68a17a3bdae1481077492fdb,therig.local,42001,low-geometry,512x256x8,bulk,completed,lava-shield revision 1 seed 42001 [complete]: ,100,0,100,8,25,6,100,8,3,100,9,100,4,0.952946,0.580276,897,0.583333,0.6875,0,0,False,False,0,2,0,0,2
7b2a6d90131393252ffc7fa71f1ffeb5,therig.local,42002,high-geometry,512x256x8,bulk,completed,lava-shield revision 1 seed 42002 [complete]: ,100,3,100,8,75,8,100,8,5,100,9,100,4,0.903026,0.528908,531,0.625,0.65625,15,12,False,False,0,2,0,0,2
8a255f35e1d90b6f61700a8af80680e7,therig.local,42002,low-geometry,512x256x8,bulk,completed,lava-shield revision 1 seed 42002 [complete]: ,100,0,100,8,25,6,100,8,3,100,9,100,4,0.932329,0.564652,890,0.625,0.6875,0,0,False,False,0,2,0,0,2
e5e81472e20ff230bd79caf09a5e4c9b,therig.local,42003,high-geometry,512x256x8,bulk,completed,lava-shield revision 1 seed 42003 [complete]: ,100,3,100,8,75,8,100,8,5,100,9,100,4,0.918173,0.526854,427,0.541667,0.65625,15,13,False,False,0,2,0,0,2
1b31c1b7ca3a1bec24a02f570f872c5e,therig.local,42003,low-geometry,512x256x8,bulk,completed,lava-shield revision 1 seed 42003 [complete]: ,100,0,100,8,25,6,100,8,3,100,9,100,4,0.913546,0.537933,732,0.625,0.5625,0,0,False,False,0,2,0,0,2
da2d9738e0607960063dd0e72f0528b7,therig.local,43001,workers-min,512x256x8,bulk,completed,lava-shield revision 1 seed 43001 [complete]: ,100,2,100,8,50,8,100,8,5,100,9,100,1,0.859837,0.476951,521,0.541667,0.5625,10,8,False,False,0,2,0,0,2
6d09f8c534fe8ad6256a7c1f93446655,therig.local,43002,workers-max,512x256x8,bulk,completed,lava-shield revision 1 seed 43002 [complete]: ,100,2,100,8,50,8,100,8,5,100,9,100,8,0.936327,0.568772,562,0.625,0.71875,10,8,False,False,0,2,0,0,2
861559a74d8ddb82cfbc3465063f73d1,therig.local,41001,baseline,512x512x2,bulk,completed,lava-shield revision 1 seed 41001 [complete]: ,100,2,100,9,50,8,100,2,5,100,9,100,4,0.993108,0.641923,1011,0.625,0.71875,10,7,False,False,0,2,0,0,2
5a05f7724377ec7ebcab15dd818a5ef4,therig.local,41002,baseline,512x512x2,bulk,completed,lava-shield revision 1 seed 41002 [complete]: ,100,2,100,9,50,8,100,2,5,100,9,100,4,0.987958,0.626461,1037,0.625,0.6875,10,10,False,False,0,2,0,0,2
1dd03b0d927f3e4a8c40a9f100f55d79,therig.local,42001,high-geometry,512x512x2,bulk,completed,lava-shield revision 1 seed 42001 [complete]: ,100,3,100,9,75,12,100,2,9,100,9,100,4,0.995909,0.628411,1034,0.625,0.6875,27,22,False,False,0,2,0,0,2
3856ba9420b20c6df1dd812733036a28,therig.local,42001,low-geometry,512x512x2,bulk,completed,lava-shield revision 1 seed 42001 [complete]: ,100,0,100,9,25,6,100,2,3,100,9,100,4,0.999698,0.633784,1023,0.583333,0.71875,0,0,False,False,0,2,0,0,2
54665bf1944f5edf84c63a19d6dfcd4b,pharaoh-dev-2.local,42002,high-geometry,512x512x2,bulk,completed,lava-shield revision 1 seed 42002 [complete]: ,100,3,100,9,75,12,100,2,9,100,9,100,4,0.994104,0.632735,1064,0.583333,0.71875,27,21,False,False,0,2,0,0,2
aee43151bc0eda7c9e430c3c73281a81,pharaoh-dev-2.local,42002,low-geometry,512x512x2,bulk,completed,lava-shield revision 1 seed 42002 [complete]: ,100,0,100,9,25,6,100,2,3,100,9,100,4,0.993045,0.605352,1103,0.625,0.71875,0,0,False,False,0,2,0,0,2
1e6cc4e32e2acd24d344914ffc849ed9,pharaoh-dev-2.local,42003,high-geometry,512x512x2,bulk,completed,lava-shield revision 1 seed 42003 [complete]: ,100,3,100,9,75,12,100,2,9,100,9,100,4,0.987738,0.631636,844,0.625,0.71875,27,20,False,False,0,2,0,0,2
04c8dea2a89632a0a8de098f07952554,pharaoh-dev-2.local,42003,low-geometry,512x512x2,bulk,completed,lava-shield revision 1 seed 42003 [complete]: ,100,0,100,9,25,6,100,2,3,100,9,100,4,0.994171,0.632748,879,0.625,0.65625,0,0,False,False,0,2,0,0,2
0dd7a87c0a28c1c3515161924a5cf56e,pharaoh-dev-2.local,43001,workers-min,512x512x2,bulk,completed,lava-shield revision 1 seed 43001 [complete]: ,100,2,100,9,50,8,100,2,5,100,9,100,1,0.921259,0.541494,646,0.625,0.71875,10,6,False,False,0,2,0,0,2
f936f413548e32bfb9d5a86c8ec2654b,pharaoh-dev-2.local,43002,workers-max,512x512x2,bulk,completed,lava-shield revision 1 seed 43002 [complete]: ,100,2,100,9,50,8,100,2,5,100,9,100,8,0.988015,0.634321,1210,0.625,0.71875,10,9,False,False,0,2,0,0,2
d7c73c83476bca6c818148c8786210b9,pharaoh-dev-1.local,41001,baseline,512x512x4,bulk,completed,lava-shield revision 1 seed 41001 [complete]: ,100,2,100,9,50,8,100,4,5,100,9,100,4,0.981642,0.624008,994,0.625,0.6875,10,7,False,False,0,2,0,0,2
2e673ca147e38b3b69b537375b0a4ea5,pharaoh-dev-1.local,41002,baseline,512x512x4,bulk,completed,lava-shield revision 1 seed 41002 [complete]: ,100,2,100,9,50,8,100,4,5,100,9,100,4,0.935009,0.563988,714,0.583333,0.6875,10,10,False,False,0,2,0,0,2
50b41169e0041f1e7b8244067b775ffe,pharaoh-dev-1.local,42001,high-geometry,512x512x4,bulk,completed,lava-shield revision 1 seed 42001 [complete]: ,100,3,100,9,75,12,100,4,9,100,9,100,4,0.989753,0.611109,644,0.625,0.71875,27,22,False,False,0,2,0,0,2
1dd3d7f868bee643355f8760ae6d353b,pharaoh-dev-1.local,42001,low-geometry,512x512x4,bulk,completed,lava-shield revision 1 seed 42001 [complete]: ,100,0,100,9,25,6,100,4,3,100,9,100,4,0.977428,0.621303,901,0.583333,0.71875,0,0,False,False,0,2,0,0,2
48d58e6ce65d3e2536bc86088f8097e1,pharaoh-dev-1.local,42002,high-geometry,512x512x4,bulk,completed,lava-shield revision 1 seed 42002 [complete]: ,100,3,100,9,75,12,100,4,9,100,9,100,4,0.960145,0.598939,960,0.583333,0.71875,27,21,True,False,0,2,0,0,2
baea64e6ff040f7148a3b994f7e30359,pharaoh-dev-1.local,42002,low-geometry,512x512x4,bulk,completed,lava-shield revision 1 seed 42002 [complete]: ,100,0,100,9,25,6,100,4,3,100,9,100,4,0.952201,0.590058,928,0.625,0.71875,0,0,False,False,0,2,0,0,2
cd6059f4bbee438504060e9b7e898967,pharaoh-dev-3.local,42003,high-geometry,512x512x4,bulk,completed,lava-shield revision 1 seed 42003 [complete]: ,100,3,100,9,75,12,100,4,9,100,9,100,4,0.931168,0.550252,448,0.583333,0.6875,27,20,True,False,0,2,0,0,2
747624bb8791b8c0f9d01c286a44772d,pharaoh-dev-3.local,42003,low-geometry,512x512x4,bulk,completed,lava-shield revision 1 seed 42003 [complete]: ,100,0,100,9,25,6,100,4,3,100,9,100,4,0.977398,0.617545,939,0.625,0.6875,0,0,False,False,0,2,0,0,2
7bcaca10b9a19c26b87829e85bdba4ff,pharaoh-dev-3.local,43001,workers-min,512x512x4,bulk,completed,lava-shield revision 1 seed 43001 [complete]: ,100,2,100,9,50,8,100,4,5,100,9,100,1,0.969186,0.531205,778,0.416667,0.5625,10,6,False,False,0,2,0,0,2
5e0daf0e964b95ae00ed49686a8b4e2c,pharaoh-dev-3.local,43002,workers-max,512x512x4,bulk,completed,lava-shield revision 1 seed 43002 [complete]: ,100,2,100,9,50,8,100,4,5,100,9,100,8,0.993605,0.641652,949,0.625,0.71875,10,9,False,False,0,2,0,0,2
366ae8a3b921753e24fdd1442f26450d,pharaoh-dev-3.local,41001,baseline,512x512x8,bulk,completed,lava-shield revision 1 seed 41001 [complete]: ,100,2,100,9,50,8,100,8,5,100,9,100,4,0.947272,0.583517,803,0.625,0.71875,10,7,False,True,0,2,0,0,2
e0a3b8a58c15495535185d2d1ff16f39,pharaoh-dev-3.local,41002,baseline,512x512x8,bulk,completed,lava-shield revision 1 seed 41002 [complete]: ,100,2,100,9,50,8,100,8,5,100,9,100,4,0.853297,0.471016,485,0.458333,0.65625,10,10,False,False,0,2,0,0,2
6fa1ccee6fead4921f59bbfeaa06ac2f,pharaoh-dev-3.local,42001,high-geometry,512x512x8,bulk,completed,lava-shield revision 1 seed 42001 [complete]: ,100,3,100,9,75,12,100,8,9,100,9,100,4,0.91944,0.542923,595,0.5,0.6875,27,22,False,False,0,2,0,0,2
bcfb18b0f0fa31d62548b6e285a4f837,pharaoh-dev-3.local,42001,low-geometry,512x512x8,bulk,completed,lava-shield revision 1 seed 42001 [complete]: ,100,0,100,9,25,6,100,8,3,100,9,100,4,0.937141,0.572493,870,0.625,0.65625,0,0,False,False,0,2,0,0,2
0eba1648823341c8abccfbf676c55e48,pharaoh-dev-3.local,42002,high-geometry,512x512x8,bulk,completed,lava-shield revision 1 seed 42002 [complete]: ,100,3,100,9,75,12,100,8,9,100,9,100,4,0.930767,0.560809,786,0.541667,0.6875,27,21,True,False,0,2,0,0,2
1599622495f11a571180cc8ea454c610,pharaoh-dev-3.local,42002,low-geometry,512x512x8,bulk,completed,lava-shield revision 1 seed 42002 [complete]: ,100,0,100,9,25,6,100,8,3,100,9,100,4,0.949534,0.57352,835,0.625,0.65625,0,0,False,False,0,2,0,0,2
1ad630237cd2f0e6dc1e39ed0eabe507,pharaoh-dev-3.local,42003,high-geometry,512x512x8,bulk,completed,lava-shield revision 1 seed 42003 [complete]: ,100,3,100,9,75,12,100,8,9,100,9,100,4,0.895736,0.525454,448,0.541667,0.6875,27,20,True,False,0,2,0,0,2
564cb6b978ba4392fac1e9fba4ba7ba2,pharaoh-dev-3.local,42003,low-geometry,512x512x8,bulk,completed,lava-shield revision 1 seed 42003 [complete]: ,100,0,100,9,25,6,100,8,3,100,9,100,4,0.882663,0.504408,674,0.625,0.59375,0,0,False,False,0,2,0,0,2
0dd04cc78c4c7ad28cc1c0d2cc2c47aa,pharaoh-dev-2.local,43001,workers-min,512x512x8,bulk,completed,lava-shield revision 1 seed 43001 [complete]: ,100,2,100,9,50,8,100,8,5,100,9,100,1,0.92248,0.516417,573,0.375,0.5625,10,6,False,False,0,2,0,0,2
8a75410119a1459541031ec07cf070d2,pharaoh-dev-2.local,43002,workers-max,512x512x8,bulk,completed,lava-shield revision 1 seed 43002 [complete]: ,100,2,100,9,50,8,100,8,5,100,9,100,8,0.92677,0.558051,327,0.625,0.6875,10,9,False,False,0,2,0,0,2
c621f5406b1e069d133b9cb5be0af231,pharaoh-dev-2.local,41001,baseline,512x512x12,bulk,completed,lava-shield revision 1 seed 41001 [complete]: ,100,2,100,9,50,8,100,12,5,100,9,100,4,0.927945,0.555832,722,0.583333,0.71875,10,7,False,False,0,2,0,0,2
6ec2161a054ca40e139a653087b1f35f,pharaoh-dev-2.local,41002,baseline,512x512x12,bulk,completed,lava-shield revision 1 seed 41002 [complete]: ,100,2,100,9,50,8,100,12,5,100,9,100,4,0.872717,0.491235,488,0.5,0.625,10,10,False,False,0,2,0,0,2
cd9cabfc0bf0f5235b366f95cd0a5344,pharaoh-dev-2.local,42001,high-geometry,512x512x12,bulk,completed,lava-shield revision 1 seed 42001 [complete]: ,100,3,100,9,75,12,100,12,9,100,9,100,4,0.914774,0.539417,576,0.583333,0.6875,27,22,True,False,0,2,0,0,2
82bffbc19d5f0f77dea52d0b929d3dc7,pharaoh-dev-2.local,42001,low-geometry,512x512x12,bulk,completed,lava-shield revision 1 seed 42001 [complete]: ,100,0,100,9,25,6,100,12,3,100,9,100,4,0.929937,0.564422,784,0.541667,0.6875,0,0,False,True,0,2,0,0,2
eb1d95dd682d89039752e8234af97ec9,pharaoh-dev-1.local,42002,high-geometry,512x512x12,bulk,completed,lava-shield revision 1 seed 42002 [complete]: ,100,3,100,9,75,12,100,12,9,100,9,100,4,0.889483,0.515357,606,0.583333,0.625,27,21,True,True,0,2,0,0,2
178ed16f52a45ee04f4ec46f7d771b41,pharaoh-dev-1.local,42002,low-geometry,512x512x12,bulk,completed,lava-shield revision 1 seed 42002 [complete]: ,100,0,100,9,25,6,100,12,3,100,9,100,4,0.914912,0.5456,889,0.541667,0.71875,0,0,False,True,0,2,0,0,2
22ee40847310f8933b8c552916715d01,pharaoh-dev-1.local,42003,high-geometry,512x512x12,bulk,completed,lava-shield revision 1 seed 42003 [complete]: ,100,3,100,9,75,12,100,12,9,100,9,100,4,0.890089,0.51841,513,0.583333,0.65625,27,20,True,True,0,2,0,0,2
4c5353f645f61907d4b72c18d31ff83d,pharaoh-dev-1.local,42003,low-geometry,512x512x12,bulk,completed,lava-shield revision 1 seed 42003 [complete]: ,100,0,100,9,25,6,100,12,3,100,9,100,4,0.88545,0.50876,631,0.625,0.6875,0,0,False,True,0,2,0,0,2
4229caa1cf67bf8f12b9634ff20c7f31,pharaoh-dev-1.local,43001,workers-min,512x512x12,bulk,completed,lava-shield revision 1 seed 43001 [complete]: ,100,2,100,9,50,8,100,12,5,100,9,100,1,0.892565,0.494048,602,0.5,0.5625,10,6,False,True,0,2,0,0,2
77fc31c97019a77f178e87efda49b95c,pharaoh-dev-1.local,43002,workers-max,512x512x12,bulk,completed,lava-shield revision 1 seed 43002 [complete]: ,100,2,100,9,50,8,100,12,5,100,9,100,8,0.902848,0.525295,433,0.583333,0.71875,10,9,False,False,0,2,0,0,2
f34bc5f59bdd2cf0acc54539ee5d73af,pharaoh-dev-1.local,44001,wheat-amount-0,128x128x2,bulk,completed,lava-shield revision 1 seed 44001 [complete]: ,100,2,100,7,50,8,100,2,5,0,7,100,4,0.911433,0.502942,380,0.583333,0.6875,10,5,False,False,0,2,0,0,2
a24d8f942a95288dd087377c7455caed,pharaoh-dev-1.local,44002,wheat-amount-0,128x128x2,bulk,completed,lava-shield revision 1 seed 44002 [complete]: ,100,2,100,7,50,8,100,2,5,0,7,100,4,0.986809,0.573026,443,0.625,0.71875,10,5,False,False,0,2,0,0,2
1753ab48aa22cd07dc10af9f3dd89008,pharaoh-dev-1.local,44001,wheat-amount-300,128x128x2,bulk,completed,lava-shield revision 1 seed 44001 [complete]: ,100,2,100,7,50,8,100,2,5,300,7,100,4,0.95852,0.527933,202,0.583333,0.71875,10,5,False,False,0,2,0,0,2
68212cde915b28c9cd89f05e0f2ea5ed,pharaoh-dev-1.local,44002,wheat-amount-300,128x128x2,bulk,completed,lava-shield revision 1 seed 44002 [complete]: ,100,2,100,7,50,8,100,2,5,300,7,100,4,0.999251,0.569862,164,0.625,0.71875,10,5,False,False,0,2,0,0,2
832042e0cfac1a4575ddd66647432e5f,therig.local,44001,wood-amount-0,128x128x2,bulk,completed,lava-shield revision 1 seed 44001 [complete]: ,100,2,100,7,50,8,100,2,5,100,7,0,4,0.873153,0.47637,361,0.583333,0.71875,10,5,False,False,0,2,0,0,2
bd8c73ba554d9d06ad5538bc7478d242,therig.local,44002,wood-amount-0,128x128x2,bulk,completed,lava-shield revision 1 seed 44002 [complete]: ,100,2,100,7,50,8,100,2,5,100,7,0,4,0.997194,0.58617,283,0.625,0.71875,10,5,False,False,0,2,0,0,2
7a7c324b859f0defd745794ab6bc2243,therig.local,44001,wood-amount-300,128x128x2,bulk,completed,lava-shield revision 1 seed 44001 [complete]: ,100,2,100,7,50,8,100,2,5,100,7,300,4,0.958206,0.549331,215,0.583333,0.71875,10,5,False,False,0,2,0,0,2
adcea08f87f5f88fdbbb1e2c91531acd,therig.local,44002,wood-amount-300,128x128x2,bulk,completed,lava-shield revision 1 seed 44002 [complete]: ,100,2,100,7,50,8,100,2,5,100,7,300,4,0.979915,0.55706,250,0.625,0.71875,10,5,False,False,0,2,0,0,2
ad1d6b7a975b9109664fe9b0d510aeb9,therig.local,44001,stone-amount-0,128x128x2,bulk,completed,lava-shield revision 1 seed 44001 [complete]: ,100,2,100,7,50,8,0,2,5,100,7,100,4,0.901531,0.505538,299,0.583333,0.6875,10,5,False,False,0,2,0,0,2
868c0e59b6faa28f4814ffcef5f12fa7,therig.local,44002,stone-amount-0,128x128x2,bulk,completed,lava-shield revision 1 seed 44002 [complete]: ,100,2,100,7,50,8,0,2,5,100,7,100,4,0.995786,0.585131,242,0.625,0.6875,10,5,False,False,0,2,0,0,2
a422185cd88b0ff841e68d0f74ff8685,therig.local,44001,stone-amount-300,128x128x2,bulk,completed,lava-shield revision 1 seed 44001 [complete]: ,100,2,100,7,50,8,300,2,5,100,7,100,4,0.901943,0.505769,299,0.583333,0.6875,10,5,False,False,0,2,0,0,2
c38aec93904acc8bd240284a2e7589af,therig.local,44002,stone-amount-300,128x128x2,bulk,completed,lava-shield revision 1 seed 44002 [complete]: ,100,2,100,7,50,8,300,2,5,100,7,100,4,0.995072,0.584292,242,0.625,0.6875,10,5,False,False,0,2,0,0,2
63f3fcd00f8bd9f94a64805133ed0b54,therig.local,44001,algae-amount-0,128x128x2,bulk,completed,lava-shield revision 1 seed 44001 [complete]: ,0,2,100,7,50,8,100,2,5,100,7,100,4,0.901943,0.505769,299,0.583333,0.6875,10,5,False,False,0,2,0,0,2
a846839db8714b1ff9e0d770eccb47f4,therig.local,44002,algae-amount-0,128x128x2,bulk,completed,lava-shield revision 1 seed 44002 [complete]: ,0,2,100,7,50,8,100,2,5,100,7,100,4,0.995786,0.585131,242,0.625,0.6875,10,5,False,False,0,2,0,0,2
ba5eb31816958774c4fdab7a0bd0b4fb,therig.local,44001,algae-amount-300,128x128x2,bulk,completed,lava-shield revision 1 seed 44001 [complete]: ,300,2,100,7,50,8,100,2,5,100,7,100,4,0.901943,0.505769,299,0.583333,0.6875,10,5,False,False,0,2,0,0,2
5944dc47b4d3ee4256b247be25f89c2b,therig.local,44002,algae-amount-300,128x128x2,bulk,completed,lava-shield revision 1 seed 44002 [complete]: ,300,2,100,7,50,8,100,2,5,100,7,100,4,0.995786,0.585131,242,0.625,0.6875,10,5,False,False,0,2,0,0,2
5ad5dd9ac833c859179ff08094deb9d4,therig.local,44001,fruit-amount-0,128x128x2,bulk,completed,lava-shield revision 1 seed 44001 [complete]: ,100,2,0,7,50,8,100,2,5,100,7,100,4,0.901722,0.505816,301,0.583333,0.6875,10,5,False,False,0,2,0,0,2
ae4ecabae2da5439ccbac17464df8d8b,therig.local,44002,fruit-amount-0,128x128x2,bulk,completed,lava-shield revision 1 seed 44002 [complete]: ,100,2,0,7,50,8,100,2,5,100,7,100,4,0.996965,0.586689,245,0.625,0.6875,10,5,False,False,0,2,0,0,2
59eeb843f43eacfdd42d34a9afd229ed,therig.local,44001,fruit-amount-300,128x128x2,bulk,completed,lava-shield revision 1 seed 44001 [complete]: ,100,2,300,7,50,8,100,2,5,100,7,100,4,0.90233,0.504276,281,0.583333,0.6875,10,5,False,False,0,2,0,0,2
f6264aa626ab4d868a1fd6cd1505075c,therig.local,44002,fruit-amount-300,128x128x2,bulk,completed,lava-shield revision 1 seed 44002 [complete]: ,100,2,300,7,50,8,100,2,5,100,7,100,4,0.99398,0.583148,244,0.625,0.6875,10,5,False,False,0,2,0,0,2
e493c291a624567bce312e1c050fd038,therig.local,44003,all-resources-0,128x128x2,bulk,completed,lava-shield revision 1 seed 44003 [complete]: ,0,2,0,7,50,8,0,2,5,0,7,0,4,0.999478,0.587274,810,0.583333,0.6875,10,4,False,False,0,2,0,0,2
7cd325f818cb6ecbc54b07794efeb6a0,therig.local,44004,all-resources-0,128x128x2,bulk,completed,lava-shield revision 1 seed 44004 [complete]: ,0,2,0,7,50,8,0,2,5,0,7,0,4,0.950888,0.527775,700,0.625,0.71875,8,2,False,False,0,2,0,0,2
f3d7db5142e58fb65b2e8ff8d29b1190,pharaoh-dev-3.local,44003,all-resources-300,128x128x2,bulk,completed,lava-shield revision 1 seed 44003 [complete]: ,300,2,300,7,50,8,300,2,5,300,7,300,4,0.990775,0.576577,295,0.625,0.71875,10,4,False,False,0,2,0,0,2
a01fefe4760b024dc3a0ecfa46964de4,pharaoh-dev-3.local,44004,all-resources-300,128x128x2,bulk,completed,lava-shield revision 1 seed 44004 [complete]: ,300,2,300,7,50,8,300,2,5,300,7,300,4,0.959023,0.54488,267,0.625,0.71875,8,2,False,False,0,2,0,0,2
cfe9466fe87c54288fe7b03eda1ff9da,pharaoh-dev-3.local,44001,wheat-amount-0,256x256x4,bulk,completed,lava-shield revision 1 seed 44001 [complete]: ,100,2,100,8,50,8,100,4,5,0,8,100,4,0.972816,0.580514,914,0.583333,0.71875,10,8,False,False,0,2,0,0,2
d93289ab7d9661c8831cd750e1defee7,pharaoh-dev-3.local,44002,wheat-amount-0,256x256x4,bulk,completed,lava-shield revision 1 seed 44002 [complete]: ,100,2,100,8,50,8,100,4,5,0,8,100,4,0.977566,0.568796,914,0.583333,0.65625,10,9,False,False,0,2,0,0,2
ec9c01cfbf82f9f33470a8c70617ad1d,pharaoh-dev-3.local,44001,wheat-amount-300,256x256x4,bulk,completed,lava-shield revision 1 seed 44001 [complete]: ,100,2,100,8,50,8,100,4,5,300,8,100,4,0.973888,0.59807,692,0.625,0.6875,10,8,False,False,0,2,0,0,2
6490f8a4e328a7268742b02c88fcc8b6,pharaoh-dev-3.local,44002,wheat-amount-300,256x256x4,bulk,completed,lava-shield revision 1 seed 44002 [complete]: ,100,2,100,8,50,8,100,4,5,300,8,100,4,0.928875,0.542407,502,0.625,0.6875,10,9,False,False,0,2,0,0,2
06db9b9423ea9d143619ffec48a14340,pharaoh-dev-2.local,44001,wood-amount-0,256x256x4,bulk,completed,lava-shield revision 1 seed 44001 [complete]: ,100,2,100,8,50,8,100,4,5,100,8,0,4,0.966126,0.608331,836,0.625,0.6875,10,8,False,False,0,2,0,0,2
fe31e3b37ee37b64e247ed9158ef3730,pharaoh-dev-2.local,44002,wood-amount-0,256x256x4,bulk,completed,lava-shield revision 1 seed 44002 [complete]: ,100,2,100,8,50,8,100,4,5,100,8,0,4,0.972608,0.61144,604,0.625,0.6875,10,9,False,False,0,2,0,0,2
b477d348736cc060b6049dcf4a4f28c4,pharaoh-dev-2.local,44001,wood-amount-300,256x256x4,bulk,completed,lava-shield revision 1 seed 44001 [complete]: ,100,2,100,8,50,8,100,4,5,100,8,300,4,0.98209,0.626125,750,0.625,0.71875,10,8,False,False,0,2,0,0,2
f610bbd3a346e87a2b00785e8c549277,pharaoh-dev-2.local,44002,wood-amount-300,256x256x4,bulk,completed,lava-shield revision 1 seed 44002 [complete]: ,100,2,100,8,50,8,100,4,5,100,8,300,4,0.958058,0.595173,649,0.625,0.71875,10,9,False,False,0,2,0,0,2
9e561321b7cfa42bb5fcbf1aae159869,pharaoh-dev-2.local,44001,stone-amount-0,256x256x4,bulk,completed,lava-shield revision 1 seed 44001 [complete]: ,100,2,100,8,50,8,0,4,5,100,8,100,4,0.992667,0.641879,824,0.625,0.6875,10,8,False,False,0,2,0,0,2
ba99b84fde29f7a079d34b4be7381504,pharaoh-dev-1.local,44002,stone-amount-0,256x256x4,bulk,completed,lava-shield revision 1 seed 44002 [complete]: ,100,2,100,8,50,8,0,4,5,100,8,100,4,0.952893,0.59207,546,0.625,0.6875,10,9,False,False,0,2,0,0,2
ce603e93187cce667f5894dcea163722,pharaoh-dev-1.local,44001,stone-amount-300,256x256x4,bulk,completed,lava-shield revision 1 seed 44001 [complete]: ,100,2,100,8,50,8,300,4,5,100,8,100,4,0.993498,0.642438,819,0.625,0.6875,10,8,False,False,0,2,0,0,2
a52bdb24206d678ec6b90711a4f70418,pharaoh-dev-1.local,44002,stone-amount-300,256x256x4,bulk,completed,lava-shield revision 1 seed 44002 [complete]: ,100,2,100,8,50,8,300,4,5,100,8,100,4,0.953146,0.592227,546,0.625,0.6875,10,9,False,False,0,2,0,0,2
9012c29fed3686dcdc125dfe9ebb306b,pharaoh-dev-1.local,44001,algae-amount-0,256x256x4,bulk,completed,lava-shield revision 1 seed 44001 [complete]: ,0,2,100,8,50,8,100,4,5,100,8,100,4,0.993194,0.642221,819,0.625,0.6875,10,8,False,False,0,2,0,0,2
040713742f8f39672bea00bd2aca57b1,pharaoh-dev-1.local,44002,algae-amount-0,256x256x4,bulk,completed,lava-shield revision 1 seed 44002 [complete]: ,0,2,100,8,50,8,100,4,5,100,8,100,4,0.952893,0.59207,546,0.625,0.6875,10,9,False,False,0,2,0,0,2
20fc4ba73cd6868340c08214a329221e,pharaoh-dev-1.local,44001,algae-amount-300,256x256x4,bulk,completed,lava-shield revision 1 seed 44001 [complete]: ,300,2,100,8,50,8,100,4,5,100,8,100,4,0.993194,0.642221,819,0.625,0.6875,10,8,False,False,0,2,0,0,2
12bbff9c03d3246bf4c486bebc66c9ac,pharaoh-dev-3.local,44002,algae-amount-300,256x256x4,bulk,completed,lava-shield revision 1 seed 44002 [complete]: ,300,2,100,8,50,8,100,4,5,100,8,100,4,0.952893,0.59207,546,0.625,0.6875,10,9,False,False,0,2,0,0,2
cfb249ba394cf19f520189cfb2ac05e4,pharaoh-dev-3.local,44001,fruit-amount-0,256x256x4,bulk,completed,lava-shield revision 1 seed 44001 [complete]: ,100,2,0,8,50,8,100,4,5,100,8,100,4,0.993194,0.642221,819,0.625,0.6875,10,8,False,False,0,2,0,0,2
b174d7456d248adc470b90345da1d284,pharaoh-dev-3.local,44002,fruit-amount-0,256x256x4,bulk,completed,lava-shield revision 1 seed 44002 [complete]: ,100,2,0,8,50,8,100,4,5,100,8,100,4,0.952893,0.59207,546,0.625,0.6875,10,9,False,False,0,2,0,0,2
c8484895869f359b4bb611b2697d856a,pharaoh-dev-3.local,44001,fruit-amount-300,256x256x4,bulk,completed,lava-shield revision 1 seed 44001 [complete]: ,100,2,300,8,50,8,100,4,5,100,8,100,4,0.993194,0.642221,808,0.625,0.6875,10,8,False,False,0,2,0,0,2
fbcb7d31c225acaaedfeee1368a970ee,pharaoh-dev-2.local,44002,fruit-amount-300,256x256x4,bulk,completed,lava-shield revision 1 seed 44002 [complete]: ,100,2,300,8,50,8,100,4,5,100,8,100,4,0.952893,0.59207,546,0.625,0.6875,10,9,False,False,0,2,0,0,2
5eeb975d52f7c0d4c0c29281b94b8fc6,pharaoh-dev-2.local,44003,all-resources-0,256x256x4,bulk,completed,lava-shield revision 1 seed 44003 [complete]: ,0,2,0,8,50,8,0,4,5,0,8,0,4,0.985503,0.554588,1056,0.541667,0.6875,10,9,False,False,0,2,0,0,2
f5f1e134e6630b9e30ba4ebe34713f19,pharaoh-dev-2.local,44004,all-resources-0,256x256x4,bulk,completed,lava-shield revision 1 seed 44004 [complete]: ,0,2,0,8,50,8,0,4,5,0,8,0,4,0.964268,0.543489,1009,0.583333,0.6875,10,8,False,False,0,2,0,0,2
473b49c432bfc563ef9bc0467e9d3293,pharaoh-dev-2.local,44003,all-resources-300,256x256x4,bulk,completed,lava-shield revision 1 seed 44003 [complete]: ,300,2,300,8,50,8,300,4,5,300,8,300,4,0.92434,0.533828,455,0.625,0.6875,10,9,False,False,0,2,0,0,2
1b3fae4d3ef608c9c72b80e6b5db8eb9,pharaoh-dev-2.local,44004,all-resources-300,256x256x4,bulk,completed,lava-shield revision 1 seed 44004 [complete]: ,300,2,300,8,50,8,300,4,5,300,8,300,4,0.962005,0.579384,799,0.625,0.71875,10,8,False,False,0,2,0,0,2
02baadabea58a306c7eef9d4fdee607a,pharaoh-dev-2.local,44001,wheat-amount-0,512x512x12,bulk,completed,lava-shield revision 1 seed 44001 [complete]: ,100,2,100,9,50,8,100,12,5,0,9,100,4,0.920924,0.506798,831,0.541667,0.65625,10,10,False,False,0,2,0,0,2
48eb882584f9b5ca567cce1e7cd56967,pharaoh-dev-1.local,44002,wheat-amount-0,512x512x12,bulk,completed,lava-shield revision 1 seed 44002 [complete]: ,100,2,100,9,50,8,100,12,5,0,9,100,4,0.915871,0.502345,877,0.5,0.65625,10,8,False,False,0,2,0,0,2
a217de5dcbfb71fa7a7356b69f9c6668,pharaoh-dev-1.local,44001,wheat-amount-300,512x512x12,bulk,completed,lava-shield revision 1 seed 44001 [complete]: ,100,2,100,9,50,8,100,12,5,300,9,100,4,0.856041,0.465661,603,0.625,0.6875,10,10,False,False,0,2,0,0,2
85c656b35a982fd77cdeaa1cadeec2c1,pharaoh-dev-1.local,44002,wheat-amount-300,512x512x12,bulk,completed,lava-shield revision 1 seed 44002 [complete]: ,100,2,100,9,50,8,100,12,5,300,9,100,4,0.929196,0.558319,723,0.583333,0.65625,10,8,False,False,0,2,0,0,2
8ddbffcca69b43bb3972760e809ae1ad,pharaoh-dev-1.local,44001,wood-amount-0,512x512x12,bulk,completed,lava-shield revision 1 seed 44001 [complete]: ,100,2,100,9,50,8,100,12,5,100,9,0,4,0.922477,0.549005,642,0.583333,0.65625,10,10,False,False,0,2,0,0,2
18ef6dffca77e6b0bf736096cd9ed04e,pharaoh-dev-1.local,44002,wood-amount-0,512x512x12,bulk,completed,lava-shield revision 1 seed 44002 [complete]: ,100,2,100,9,50,8,100,12,5,100,9,0,4,0.898073,0.523894,840,0.541667,0.65625,10,8,False,False,0,2,0,0,2
4eff5e507081a5acb8d155596b1ff0d0,pharaoh-dev-1.local,44001,wood-amount-300,512x512x12,bulk,completed,lava-shield revision 1 seed 44001 [complete]: ,100,2,100,9,50,8,100,12,5,100,9,300,4,0.927292,0.55749,631,0.583333,0.6875,10,10,False,False,0,2,0,0,2
dac53d88b625d859ad95e98219420beb,therig.local,44002,wood-amount-300,512x512x12,bulk,completed,lava-shield revision 1 seed 44002 [complete]: ,100,2,100,9,50,8,100,12,5,100,9,300,4,0.925325,0.557977,781,0.583333,0.6875,10,8,False,False,0,2,0,0,2
ab3d00c0a127d75a23984b1528e13681,therig.local,44001,stone-amount-0,512x512x12,bulk,completed,lava-shield revision 1 seed 44001 [complete]: ,100,2,100,9,50,8,0,12,5,100,9,100,4,0.925421,0.554308,637,0.583333,0.6875,10,10,False,False,0,2,0,0,2
206e51f2ffdeb73542968f50c7d11871,therig.local,44002,stone-amount-0,512x512x12,bulk,completed,lava-shield revision 1 seed 44002 [complete]: ,100,2,100,9,50,8,0,12,5,100,9,100,4,0.902511,0.529346,677,0.625,0.65625,10,8,False,False,0,2,0,0,2
31be58ffae9c7ceac537efad8669a380,therig.local,44001,stone-amount-300,512x512x12,bulk,completed,lava-shield revision 1 seed 44001 [complete]: ,100,2,100,9,50,8,300,12,5,100,9,100,4,0.923688,0.55227,627,0.583333,0.6875,10,10,False,False,0,2,0,0,2
31fb65e89a53080e4048cdccee737ddb,therig.local,44002,stone-amount-300,512x512x12,bulk,completed,lava-shield revision 1 seed 44002 [complete]: ,100,2,100,9,50,8,300,12,5,100,9,100,4,0.902545,0.529385,674,0.625,0.65625,10,8,False,False,0,2,0,0,2
7e86f20c8447b4a544284b80f644d0ec,therig.local,44001,algae-amount-0,512x512x12,bulk,completed,lava-shield revision 1 seed 44001 [complete]: ,0,2,100,9,50,8,100,12,5,100,9,100,4,0.923718,0.552288,627,0.583333,0.6875,10,10,False,False,0,2,0,0,2
616aa4eca49d56411dbde8bcc57290be,therig.local,44002,algae-amount-0,512x512x12,bulk,completed,lava-shield revision 1 seed 44002 [complete]: ,0,2,100,9,50,8,100,12,5,100,9,100,4,0.902511,0.529346,677,0.625,0.65625,10,8,False,False,0,2,0,0,2
4088102420e40942f9e0343c1f919d8b,therig.local,44001,algae-amount-300,512x512x12,bulk,completed,lava-shield revision 1 seed 44001 [complete]: ,300,2,100,9,50,8,100,12,5,100,9,100,4,0.923718,0.552288,627,0.583333,0.6875,10,10,False,False,0,2,0,0,2
e9d97af4cf27cb78b76bf6167d892434,therig.local,44002,algae-amount-300,512x512x12,bulk,completed,lava-shield revision 1 seed 44002 [complete]: ,300,2,100,9,50,8,100,12,5,100,9,100,4,0.902511,0.529346,677,0.625,0.65625,10,8,False,False,0,2,0,0,2
750baf648f2a7be6edb05424d0ec1bbf,therig.local,44001,fruit-amount-0,512x512x12,bulk,completed,lava-shield revision 1 seed 44001 [complete]: ,100,2,0,9,50,8,100,12,5,100,9,100,4,0.923718,0.552288,627,0.583333,0.6875,10,10,False,False,0,2,0,0,2
eabcf67ed6986428e0604af9868d9cc3,therig.local,44002,fruit-amount-0,512x512x12,bulk,completed,lava-shield revision 1 seed 44002 [complete]: ,100,2,0,9,50,8,100,12,5,100,9,100,4,0.902511,0.529346,677,0.625,0.65625,10,8,False,False,0,2,0,0,2
4b8604f79d05c4aec4de580d77f43338,therig.local,44001,fruit-amount-300,512x512x12,bulk,completed,lava-shield revision 1 seed 44001 [complete]: ,100,2,300,9,50,8,100,12,5,100,9,100,4,0.925391,0.55429,637,0.583333,0.6875,10,10,False,False,0,2,0,0,2
c7edd3c8a6f4d0a30da1d991cbd0c4eb,therig.local,44002,fruit-amount-300,512x512x12,bulk,completed,lava-shield revision 1 seed 44002 [complete]: ,100,2,300,9,50,8,100,12,5,100,9,100,4,0.902511,0.529346,677,0.625,0.65625,10,8,False,False,0,2,0,0,2
a7f81a7a04d1659a248cfff5f7609d60,therig.local,44003,all-resources-0,512x512x12,bulk,completed,lava-shield revision 1 seed 44003 [complete]: ,0,2,0,9,50,8,0,12,5,0,9,0,4,0.94471,0.516161,948,0.541667,0.65625,10,10,False,False,0,2,0,0,2
78cc8bb8c53d73beb72f348640e5d299,therig.local,44004,all-resources-0,512x512x12,bulk,completed,lava-shield revision 1 seed 44004 [complete]: ,0,2,0,9,50,8,0,12,5,0,9,0,4,0.955658,0.5266,1139,0.541667,0.71875,10,10,False,True,0,2,0,0,2
7699f137cecff1a2a213835925778a05,therig.local,44003,all-resources-300,512x512x12,bulk,completed,lava-shield revision 1 seed 44003 [complete]: ,300,2,300,9,50,8,300,12,5,300,9,300,4,0.859457,0.465308,586,0.625,0.6875,10,10,False,False,0,2,0,0,2
0ddbbee8f97c451a7d999e48dd7e801b,therig.local,44004,all-resources-300,512x512x12,bulk,completed,lava-shield revision 1 seed 44004 [complete]: ,300,2,300,9,50,8,300,12,5,300,9,300,4,0.913605,0.530907,705,0.583333,0.71875,10,10,False,True,0,2,0,0,2
d4e7922a5d35561adab7a2e9709d86ac,therig.local,50000,combined-random,128x128x2,bulk,completed,lava-shield revision 1 seed 50000 [complete]: ,150,0,300,7,75,6,0,2,5,125,7,275,2,0.958424,0.5736,356,0.625,0.65625,0,0,False,False,0,2,0,0,2
e505e0cb0130aacd2ee830b46da90371,pharaoh-dev-3.local,50001,combined-random,128x256x2,bulk,completed,lava-shield revision 1 seed 50001 [complete]: ,75,3,100,8,25,6,50,2,4,0,7,25,1,0.951472,0.519657,891,0.541667,0.6875,9,6,False,False,0,2,0,0,2
239084efeee3b0d824500d93ab3ec1bc,pharaoh-dev-3.local,50002,combined-random,256x128x2,bulk,completed,lava-shield revision 1 seed 50002 [complete]: ,175,2,25,7,25,8,50,2,5,250,8,275,8,0.997273,0.625011,747,0.625,0.71875,8,6,False,False,0,2,0,0,2
5daea4464552d6a7bef3157f57943cb8,pharaoh-dev-3.local,50003,combined-random,256x256x2,bulk,completed,lava-shield revision 1 seed 50003 [complete]: ,300,1,300,8,50,10,25,2,6,50,8,100,5,0.973434,0.575098,1021,0.583333,0.71875,6,4,False,False,0,2,0,0,2
d2b902db1b3d93b34b67ac5bb3cd19c3,pharaoh-dev-3.local,50004,combined-random,256x256x4,bulk,completed,lava-shield revision 1 seed 50004 [complete]: ,125,1,25,8,50,10,300,4,5,50,8,0,3,0.949808,0.559376,924,0.625,0.625,5,5,False,False,0,2,0,0,2
b95aad0c07755dc1053084201cd1ace0,pharaoh-dev-3.local,50005,combined-random,256x256x8,bulk,completed,lava-shield revision 1 seed 50005 [complete]: ,75,1,100,8,50,6,200,8,3,50,8,50,4,0.893723,0.48593,649,0.583333,0.6875,3,2,False,True,0,2,0,0,2
e343b92f96d3cc97dfbef7d7d7e60bc9,pharaoh-dev-3.local,50006,combined-random,256x512x2,bulk,completed,lava-shield revision 1 seed 50006 [complete]: ,100,3,150,9,50,10,300,2,6,275,8,275,1,0.998673,0.579334,478,0.583333,0.71875,18,15,False,False,0,2,0,0,2
b01c52e528b48b6708595c307bbf311b,pharaoh-dev-2.local,50007,combined-random,256x512x4,bulk,completed,lava-shield revision 1 seed 50007 [complete]: ,300,0,300,9,25,6,250,4,8,25,8,75,4,0.958332,0.561743,1019,0.583333,0.71875,0,0,False,False,0,2,0,0,2
998e83e9177806edc54bef58045e0342,pharaoh-dev-2.local,50008,combined-random,256x512x8,bulk,completed,lava-shield revision 1 seed 50008 [complete]: ,300,1,225,9,25,8,300,8,4,250,8,225,4,0.953695,0.586175,606,0.625,0.71875,4,3,False,False,0,2,0,0,2
3c047e57aa9e4a16ffe27d21069cfe2f,pharaoh-dev-2.local,50009,combined-random,512x256x2,bulk,completed,lava-shield revision 1 seed 50009 [complete]: ,100,3,25,8,75,12,50,2,5,50,9,225,7,0.992924,0.607434,1015,0.625,0.71875,15,9,False,False,0,2,0,0,2
9aa1a7f1cbfe3533eb55683abe411365,pharaoh-dev-2.local,50010,combined-random,512x256x4,bulk,completed,lava-shield revision 1 seed 50010 [complete]: ,250,2,50,8,75,6,150,4,7,300,9,50,4,0.969445,0.580772,695,0.583333,0.71875,14,12,False,False,0,2,0,0,2
0970e449eefccf74b2a63a0210c08f0d,pharaoh-dev-2.local,50011,combined-random,512x256x8,bulk,completed,lava-shield revision 1 seed 50011 [complete]: ,200,1,175,8,25,6,125,8,3,250,9,100,7,0.953409,0.58552,798,0.625,0.6875,3,3,False,True,0,2,0,0,2
f4785205d7b4eda634ed3e534fe981d3,pharaoh-dev-2.local,50012,combined-random,512x512x2,bulk,completed,lava-shield revision 1 seed 50012 [complete]: ,300,1,0,9,75,10,200,2,9,25,9,225,1,0.995978,0.587623,965,0.583333,0.71875,9,9,False,False,0,2,0,0,2
f33c9c3e788a354da6875c2abf1b38e4,pharaoh-dev-1.local,50013,combined-random,512x512x4,bulk,completed,lava-shield revision 1 seed 50013 [complete]: ,300,2,250,9,75,10,25,4,9,150,9,75,1,0.894649,0.499175,579,0.458333,0.625,18,12,True,False,0,2,0,0,2
aa2e799940d29643c314d097ebd1b7bb,pharaoh-dev-1.local,50014,combined-random,512x512x8,bulk,completed,lava-shield revision 1 seed 50014 [complete]: ,125,0,100,9,50,10,225,8,7,225,9,250,6,0.926185,0.549961,503,0.625,0.71875,0,0,False,False,0,2,0,0,2
5f8e932f8957b8f2fe190a0222244750,pharaoh-dev-1.local,50015,combined-random,512x512x12,bulk,completed,lava-shield revision 1 seed 50015 [complete]: ,200,2,175,9,50,6,75,12,9,125,9,25,6,0.933244,0.566475,949,0.583333,0.71875,18,16,True,False,0,2,0,0,2
ef69bfc1b3d1c96ddf2800797b99fa7b,pharaoh-dev-3.local,50016,combined-random,128x128x2,bulk,completed,lava-shield revision 1 seed 50016 [complete]: ,275,0,275,7,50,8,0,2,3,250,7,225,4,0.980774,0.562251,406,0.625,0.71875,0,0,False,False,0,2,0,0,2
6b97d3e0e097ae4d8507ea8e281875c5,pharaoh-dev-3.local,50017,combined-random,128x256x2,bulk,completed,lava-shield revision 1 seed 50017 [complete]: ,50,1,175,8,50,6,300,2,3,300,7,150,3,0.999156,0.603081,418,0.625,0.6875,3,1,False,False,0,2,0,0,2
faa1e4737244ec4d4e5e22a2732766fa,pharaoh-dev-3.local,50018,combined-random,256x128x2,bulk,completed,lava-shield revision 1 seed 50018 [complete]: ,200,1,75,7,25,6,75,2,4,300,8,150,3,0.970952,0.558806,412,0.583333,0.65625,4,3,False,False,0,2,0,0,2
e00d177d824a07f773406eb30d1d7ba2,pharaoh-dev-3.local,50019,combined-random,256x256x2,bulk,completed,lava-shield revision 1 seed 50019 [complete]: ,150,1,150,8,75,8,100,2,4,175,8,50,6,0.996012,0.643092,850,0.625,0.71875,4,4,False,False,0,2,0,0,2
541f40277eb0995162afdd4aa2b63fbc,pharaoh-dev-3.local,50020,combined-random,256x256x4,bulk,completed,lava-shield revision 1 seed 50020 [complete]: ,175,1,125,8,50,8,175,4,9,300,8,250,8,0.982198,0.583051,632,0.583333,0.71875,9,5,True,False,0,2,0,0,2
25a07fa103b11501f562ca5eeae7feb8,pharaoh-dev-3.local,50021,combined-random,256x256x8,bulk,completed,lava-shield revision 1 seed 50021 [complete]: ,50,3,275,8,25,6,0,8,5,100,8,275,7,0.953904,0.579174,663,0.583333,0.71875,15,13,False,False,0,2,0,0,2
10607430d0499ced2edd84b8164807f5,pharaoh-dev-2.local,50022,combined-random,256x512x2,bulk,completed,lava-shield revision 1 seed 50022 [complete]: ,75,1,225,9,75,10,75,2,9,275,8,200,4,0.971421,0.591647,766,0.625,0.65625,9,8,False,False,0,2,0,0,2
90ef248fb64a5d6e45ae5279d74117b3,pharaoh-dev-2.local,50023,combined-random,256x512x4,bulk,completed,lava-shield revision 1 seed 50023 [complete]: ,250,1,100,9,50,6,25,4,8,100,8,0,3,0.97841,0.589246,817,0.583333,0.625,8,6,False,False,0,2,0,0,2
6bc7924b4a59594acd08a8e6412607dd,pharaoh-dev-2.local,50024,combined-random,256x512x8,bulk,completed,lava-shield revision 1 seed 50024 [complete]: ,25,0,300,9,50,6,50,8,5,0,8,275,2,0.875071,0.477682,938,0.458333,0.59375,0,0,False,False,0,2,0,0,2
8a4e813bc0d059fa9b0228e297a12826,pharaoh-dev-2.local,50025,combined-random,512x256x2,bulk,completed,lava-shield revision 1 seed 50025 [complete]: ,275,2,175,8,50,8,175,2,7,200,9,250,2,0.986713,0.607379,817,0.625,0.65625,14,9,False,False,0,2,0,0,2
b3f1cf8a5ed8ce806918d85e723426d3,pharaoh-dev-2.local,50026,combined-random,512x256x4,bulk,completed,lava-shield revision 1 seed 50026 [complete]: ,250,0,125,8,25,12,100,4,7,250,9,200,4,0.955221,0.584124,671,0.625,0.71875,0,0,False,False,0,2,0,0,2
3a9f90f0fb69279ad5aaae972dbc3726,pharaoh-dev-2.local,50027,combined-random,512x256x8,bulk,completed,lava-shield revision 1 seed 50027 [complete]: ,0,1,175,8,50,6,200,8,5,125,9,100,5,0.969234,0.612421,775,0.583333,0.71875,5,4,False,False,0,2,0,0,2
986abf3a84a4797ad3c7a211cce2c471,pharaoh-dev-1.local,50028,combined-random,512x512x2,bulk,completed,lava-shield revision 1 seed 50028 [complete]: ,175,1,75,9,50,12,75,2,3,50,9,250,2,0.992786,0.613322,651,0.583333,0.6875,3,3,False,False,0,2,0,0,2
1604b3245591a3a75587392cfba10a02,pharaoh-dev-1.local,50029,combined-random,512x512x4,bulk,completed,lava-shield revision 1 seed 50029 [complete]: ,125,3,150,9,25,12,200,4,6,175,9,275,2,0.95205,0.577684,722,0.625,0.6875,18,17,False,True,0,2,0,0,2
c221e608dbc946f45b2ad82bb2e80dc1,pharaoh-dev-1.local,50030,combined-random,512x512x8,bulk,completed,lava-shield revision 1 seed 50030 [complete]: ,0,3,0,9,25,8,50,8,7,0,9,100,4,0.920046,0.500168,912,0.541667,0.625,21,17,False,False,0,2,0,0,2
8eacbd44b61d0963f9f7492ab9808f52,pharaoh-dev-1.local,50031,combined-random,512x512x12,bulk,completed,lava-shield revision 1 seed 50031 [complete]: ,225,3,0,9,75,12,300,12,5,175,9,125,3,0.86928,0.486446,261,0.541667,0.6875,15,10,False,True,0,2,0,0,2
68f5147f7259106573a02765e9083793,pharaoh-dev-1.local,50032,combined-random,128x128x2,bulk,completed,lava-shield revision 1 seed 50032 [complete]: ,150,1,200,7,75,8,225,2,5,250,7,50,5,0.996962,0.601813,231,0.625,0.71875,5,2,False,False,0,2,0,0,2
6c3378ba746c2363d3cd2a2270d2747a,pharaoh-dev-3.local,50033,combined-random,128x256x2,bulk,completed,lava-shield revision 1 seed 50033 [complete]: ,50,3,0,8,50,8,100,2,5,150,7,275,2,0.971635,0.586135,784,0.5,0.6875,9,4,False,False,0,2,0,0,2
10ec6d7198a7513b66cae1bce970d9cc,pharaoh-dev-3.local,50034,combined-random,256x128x2,bulk,completed,lava-shield revision 1 seed 50034 [complete]: ,75,2,50,7,50,8,175,2,3,75,8,175,5,0.999254,0.636401,621,0.541667,0.71875,6,3,False,False,0,2,0,0,2
451a21d432ed78ba2e0963024c6d1938,pharaoh-dev-3.local,50035,combined-random,256x256x2,bulk,completed,lava-shield revision 1 seed 50035 [complete]: ,250,1,125,8,50,6,25,2,4,275,8,300,7,0.980689,0.608853,890,0.625,0.71875,4,4,False,False,0,2,0,0,2
c77e623e5a8c361df0ae68faedee1e30,pharaoh-dev-3.local,50036,combined-random,256x256x4,bulk,completed,lava-shield revision 1 seed 50036 [complete]: ,300,1,300,8,75,12,75,4,5,225,8,300,5,0.980277,0.609513,796,0.625,0.71875,5,3,False,False,0,2,0,0,2
52838ccf68d266065d3993a0155c4d24,pharaoh-dev-3.local,50037,combined-random,256x256x8,bulk,completed,lava-shield revision 1 seed 50037 [complete]: ,0,2,175,8,25,6,75,8,5,0,8,200,5,0.937405,0.543849,744,0.583333,0.65625,10,9,False,True,0,2,0,0,2
17a3fe788380ec6ef629abaaa9932a71,pharaoh-dev-3.local,50038,combined-random,256x512x2,bulk,completed,lava-shield revision 1 seed 50038 [complete]: ,150,2,150,9,75,12,0,2,7,200,8,25,7,0.952113,0.587481,831,0.625,0.71875,14,12,False,False,0,2,0,0,2
e174b05b3c605866c9d104c0b6c6640e,pharaoh-dev-2.local,50039,combined-random,256x512x4,bulk,completed,lava-shield revision 1 seed 50039 [complete]: ,125,0,25,9,25,6,25,4,8,25,8,300,6,0.969597,0.597996,852,0.625,0.6875,0,0,False,False,0,2,0,0,2
1201a306ad4f09eea2d65d5ee25731ea,pharaoh-dev-2.local,50040,combined-random,256x512x8,bulk,completed,lava-shield revision 1 seed 50040 [complete]: ,100,0,300,9,75,6,175,8,5,175,8,200,7,0.946029,0.575175,671,0.625,0.6875,0,0,False,False,0,2,0,0,2
0e2034f8f3179212fbabd98640231e52,pharaoh-dev-2.local,50041,combined-random,512x256x2,bulk,completed,lava-shield revision 1 seed 50041 [complete]: ,25,0,125,8,25,12,225,2,6,0,9,0,5,0.996699,0.565595,1481,0.583333,0.71875,0,0,False,False,0,2,0,0,2
a3a8aa1702681acf458e8368b597201a,pharaoh-dev-2.local,50042,combined-random,512x256x4,bulk,completed,lava-shield revision 1 seed 50042 [complete]: ,275,2,175,8,25,12,125,4,4,75,9,250,2,0.908184,0.529571,768,0.583333,0.625,8,6,False,False,0,2,0,0,2
a784eff0fa72032346652deb42b48b12,pharaoh-dev-2.local,50043,combined-random,512x256x8,bulk,completed,lava-shield revision 1 seed 50043 [complete]: ,200,0,250,8,25,8,125,8,3,0,9,75,2,0.907781,0.497982,759,0.458333,0.625,0,0,False,False,0,2,0,0,2
436475fe141db6ee99484fb650fe75c9,pharaoh-dev-2.local,50044,combined-random,512x512x2,bulk,completed,lava-shield revision 1 seed 50044 [complete]: ,250,3,275,9,75,12,275,2,4,275,9,275,7,0.993111,0.61621,1057,0.583333,0.71875,12,12,False,True,0,2,0,0,2
3acf067ce36a5acabbd06d13375a7ee6,therig.local,50045,combined-random,512x512x4,bulk,completed,lava-shield revision 1 seed 50045 [complete]: ,225,1,125,9,50,6,50,4,5,150,9,150,8,0.984431,0.620661,999,0.625,0.6875,5,3,False,False,0,2,0,0,2
3591370a5c893ee88b7eed58fa6ecea1,therig.local,50046,combined-random,512x512x8,bulk,completed,lava-shield revision 1 seed 50046 [complete]: ,250,3,25,9,25,10,50,8,6,200,9,125,3,0.930468,0.54324,690,0.541667,0.59375,18,13,False,False,0,2,0,0,2
13e632db831a52ec0f8795cdb857bdb6,therig.local,50047,combined-random,512x512x12,bulk,completed,lava-shield revision 1 seed 50047 [complete]: ,0,1,150,9,50,8,125,12,6,250,9,225,7,0.937985,0.561658,745,0.583333,0.71875,6,5,False,False,0,2,0,0,2
df280d7eed667b0c6f748482ce6a3526,therig.local,50048,combined-random,128x128x2,bulk,completed,lava-shield revision 1 seed 50048 [complete]: ,175,1,75,7,75,8,50,2,5,25,7,300,6,0.952423,0.533392,339,0.583333,0.71875,5,1,False,True,0,2,0,0,2
8e81b1d5c2d089b74a8f502dc1f080d5,therig.local,50049,combined-random,128x256x2,bulk,completed,lava-shield revision 1 seed 50049 [complete]: ,300,1,250,8,75,6,100,2,5,100,7,275,8,0.978606,0.611979,619,0.625,0.71875,4,2,False,False,0,2,0,0,2
d973aff48275ea24c94f6133bc89d37b,therig.local,50050,combined-random,256x128x2,bulk,completed,lava-shield revision 1 seed 50050 [complete]: ,275,2,100,7,25,8,125,2,5,300,8,75,4,0.982714,0.596612,686,0.625,0.71875,6,2,False,False,0,2,0,0,2
fbdb35b3ae7a1666f0f92653f3dee688,therig.local,50051,combined-random,256x256x2,bulk,completed,lava-shield revision 1 seed 50051 [complete]: ,225,0,150,8,50,12,175,2,9,275,8,300,3,0.967621,0.588587,544,0.625,0.71875,0,0,False,False,0,2,0,0,2
07516f4aa87645322a01de0c7641e4e5,therig.local,50052,combined-random,256x256x4,bulk,completed,lava-shield revision 1 seed 50052 [complete]: ,125,1,300,8,50,10,200,4,8,0,8,150,3,0.946895,0.560539,842,0.625,0.71875,8,7,False,False,0,2,0,0,2
4f10e84224b57ddf2011b01ebd793b09,therig.local,50053,combined-random,256x256x8,bulk,completed,lava-shield revision 1 seed 50053 [complete]: ,0,1,300,8,75,8,75,8,5,175,8,200,4,0.916405,0.526817,516,0.625,0.6875,5,4,False,False,0,2,0,0,2
a75f147def17391943857c62a67c8397,therig.local,50054,combined-random,256x512x2,bulk,completed,lava-shield revision 1 seed 50054 [complete]: ,225,2,125,9,75,8,300,2,6,275,8,25,4,0.988333,0.611678,815,0.625,0.71875,12,11,False,False,0,2,0,0,2
1eba16e5df35ca72bad800731567006b,therig.local,50055,combined-random,256x512x4,bulk,completed,lava-shield revision 1 seed 50055 [complete]: ,100,3,300,9,25,10,100,4,7,225,8,100,8,0.966512,0.598863,897,0.625,0.6875,21,15,False,False,0,2,0,0,2
986ca2f23fd4e26890017b94addccefe,therig.local,50056,combined-random,256x512x8,bulk,completed,lava-shield revision 1 seed 50056 [complete]: ,175,1,225,9,75,8,25,8,3,0,8,150,6,0.936056,0.539059,872,0.541667,0.6875,3,1,False,True,0,2,0,0,2
5f09ac34662b4c9cc3a9ca812edf9f0c,therig.local,50057,combined-random,512x256x2,bulk,completed,lava-shield revision 1 seed 50057 [complete]: ,50,0,50,8,75,12,100,2,7,225,9,175,2,0.9936,0.634743,811,0.625,0.71875,0,0,False,False,0,2,0,0,2
ff6662dc003b2ce56531a153b4903fa4,therig.local,50058,combined-random,512x256x4,bulk,completed,lava-shield revision 1 seed 50058 [complete]: ,150,1,200,8,25,6,0,4,3,75,9,150,4,0.972173,0.608035,911,0.625,0.71875,3,3,False,False,0,2,0,0,2
99044a603a295847d020848e6492ed9d,therig.local,50059,combined-random,512x256x8,bulk,completed,lava-shield revision 1 seed 50059 [complete]: ,175,3,50,8,50,6,150,8,3,75,9,150,5,0.94411,0.570132,734,0.583333,0.71875,9,7,False,False,0,2,0,0,2
1d7ddcec94590d89057bb9e0ce601722,therig.local,50060,combined-random,512x512x2,bulk,completed,lava-shield revision 1 seed 50060 [complete]: ,25,0,150,9,75,12,175,2,8,25,9,125,1,0.958817,0.548857,711,0.5,0.71875,0,0,False,False,0,2,0,0,2
0177cc12201996cb44fb19de87d4457a,therig.local,50061,combined-random,512x512x4,bulk,completed,lava-shield revision 1 seed 50061 [complete]: ,200,1,25,9,75,6,75,4,5,250,9,300,2,0.879172,0.490676,917,0.5,0.65625,5,5,False,False,0,2,0,0,2
4b1c8f1f392394be98fae501838e33ae,therig.local,50062,combined-random,512x512x8,bulk,completed,lava-shield revision 1 seed 50062 [complete]: ,50,1,275,9,50,10,225,8,4,50,9,25,1,0.850312,0.440493,663,0.458333,0.53125,4,3,False,False,0,2,0,0,2
c45711dc0e30edf2086197fb73b7407f,pharaoh-dev-1.local,50063,combined-random,512x512x12,bulk,completed,lava-shield revision 1 seed 50063 [complete]: ,225,2,175,9,75,10,175,12,9,0,9,125,5,0.943868,0.538202,785,0.583333,0.71875,18,16,True,False,0,2,0,0,2
f6cf76198700858924ba728de779f5d2,pharaoh-dev-1.local,50064,combined-random,128x128x2,bulk,completed,lava-shield revision 1 seed 50064 [complete]: ,100,3,25,7,25,8,150,2,4,150,7,0,1,0.962773,0.529864,382,0.625,0.5625,12,9,False,False,0,2,0,0,2
a81ae9f8a6b35b30b9124f0b3c407333,pharaoh-dev-1.local,50065,combined-random,128x256x2,bulk,completed,lava-shield revision 1 seed 50065 [complete]: ,250,3,125,8,50,8,100,2,4,25,7,250,4,0.986931,0.595036,652,0.625,0.71875,12,8,False,False,0,2,0,0,2
dbf912d9718cd93bcc59c9b3b56462a5,pharaoh-dev-1.local,50066,combined-random,256x128x2,bulk,completed,lava-shield revision 1 seed 50066 [complete]: ,225,0,75,7,25,8,175,2,3,275,8,300,3,0.98458,0.590909,590,0.625,0.71875,0,0,False,False,0,2,0,0,2
082a8904bf86b2e1bc828ef3ce4cbd84,pharaoh-dev-1.local,50067,combined-random,256x256x2,bulk,completed,lava-shield revision 1 seed 50067 [complete]: ,200,0,25,8,75,6,100,2,3,125,8,200,3,0.98969,0.635243,1001,0.583333,0.71875,0,0,False,False,0,2,0,0,2
cc26efc6b6ae235c6978feb4c1e5b554,pharaoh-dev-1.local,50068,combined-random,256x256x4,bulk,completed,lava-shield revision 1 seed 50068 [complete]: ,250,3,250,8,25,8,300,4,6,250,8,50,5,0.955844,0.589653,407,0.625,0.71875,18,15,False,False,0,2,0,0,2
1c4480c3e40d581b42f09ab43f62efc7,pharaoh-dev-3.local,50069,combined-random,256x256x8,bulk,completed,lava-shield revision 1 seed 50069 [complete]: ,125,3,75,8,75,8,300,8,5,300,8,200,7,0.797914,0.40728,467,0.625,0.65625,15,9,False,False,0,2,0,0,2
f4e617af09d6a0f5377fd4ccf8292239,pharaoh-dev-3.local,50070,combined-random,256x512x2,bulk,completed,lava-shield revision 1 seed 50070 [complete]: ,300,1,175,9,75,12,275,2,3,125,8,75,4,0.986924,0.625475,984,0.625,0.71875,3,2,False,False,0,2,0,0,2
7476dcc274e10365e93a0a6b26020dba,pharaoh-dev-3.local,50071,combined-random,256x512x4,bulk,completed,lava-shield revision 1 seed 50071 [complete]: ,125,2,250,9,75,6,275,4,5,100,8,300,3,0.934331,0.567451,923,0.625,0.59375,10,8,False,False,0,2,0,0,2
a30dc547e42cb42aa5efd30009e3eb32,pharaoh-dev-3.local,50072,combined-random,256x512x8,bulk,completed,lava-shield revision 1 seed 50072 [complete]: ,300,0,50,9,25,8,300,8,5,75,8,25,5,0.905356,0.539949,879,0.625,0.65625,0,0,False,True,0,2,0,0,2
78478ea3b28447274a308a471d68cfeb,pharaoh-dev-3.local,50073,combined-random,512x256x2,bulk,completed,lava-shield revision 1 seed 50073 [complete]: ,50,2,25,8,75,6,225,2,9,100,9,225,7,0.994986,0.636096,1145,0.625,0.71875,18,12,False,False,0,2,0,0,2
6efc317aa32a9a8ff7cc74d03d223ef6,pharaoh-dev-3.local,50074,combined-random,512x256x4,bulk,completed,lava-shield revision 1 seed 50074 [complete]: ,125,1,175,8,25,8,200,4,9,50,9,275,7,0.926202,0.549473,951,0.583333,0.71875,9,9,False,False,0,2,0,0,2
a339b43bc78bd345a1d0f3573c59e432,pharaoh-dev-2.local,50075,combined-random,512x256x8,bulk,completed,lava-shield revision 1 seed 50075 [complete]: ,25,0,50,8,25,8,200,8,3,100,9,150,3,0.926959,0.562145,982,0.541667,0.71875,0,0,False,True,0,2,0,0,2
13d10a314273694f0ae12bc3e98b3cd3,pharaoh-dev-2.local,50076,combined-random,512x512x2,bulk,completed,lava-shield revision 1 seed 50076 [complete]: ,125,2,175,9,25,6,225,2,3,50,9,125,5,0.989795,0.610561,1138,0.625,0.65625,6,5,False,False,0,2,0,0,2
56980bc023876b90c7a8871126d3d339,pharaoh-dev-2.local,50077,combined-random,512x512x4,bulk,completed,lava-shield revision 1 seed 50077 [complete]: ,200,2,75,9,50,10,0,4,9,50,9,300,7,0.978517,0.615082,902,0.625,0.71875,18,16,False,False,0,2,0,0,2
bdeac294df4de86abda76f93b80ddad2,pharaoh-dev-2.local,50078,combined-random,512x512x8,bulk,completed,lava-shield revision 1 seed 50078 [complete]: ,125,3,250,9,25,6,250,8,8,225,9,100,5,0.952941,0.577176,825,0.625,0.625,24,18,False,True,0,2,0,0,2
e75ffbde459ad4062bfdaebb9ae9e0b4,pharaoh-dev-2.local,50079,combined-random,512x512x12,bulk,completed,lava-shield revision 1 seed 50079 [complete]: ,175,1,75,9,25,12,225,12,9,175,9,50,6,0.912399,0.536223,812,0.583333,0.71875,9,7,False,False,0,2,0,0,2
a6d15e2f0fc5aa1cbe89d95842c9f922,pharaoh-dev-2.local,50080,combined-random,128x128x2,bulk,completed,lava-shield revision 1 seed 50080 [complete]: ,25,0,25,7,50,6,150,2,4,275,7,50,4,0.968446,0.58386,487,0.625,0.71875,0,0,False,False,0,2,0,0,2
f6608e9a0ffd0523e1b066f7fa6ae09f,pharaoh-dev-1.local,50081,combined-random,128x256x2,bulk,completed,lava-shield revision 1 seed 50081 [complete]: ,300,2,150,8,25,6,0,2,5,50,7,125,6,0.989578,0.619094,682,0.625,0.71875,6,5,False,False,0,2,0,0,2
594ce539f039a6a1e4c756e2624c8018,pharaoh-dev-1.local,50082,combined-random,256x128x2,bulk,completed,lava-shield revision 1 seed 50082 [complete]: ,250,0,150,7,50,6,275,2,4,150,8,275,5,0.945367,0.580185,522,0.625,0.6875,0,0,False,False,0,2,0,0,2
3a8bd1b6834d0a44e311bf214f5ebd38,pharaoh-dev-1.local,50083,combined-random,256x256x2,bulk,completed,lava-shield revision 1 seed 50083 [complete]: ,225,0,250,8,75,6,175,2,4,225,8,175,7,0.988038,0.610598,791,0.625,0.71875,0,0,False,False,0,2,0,0,2
63044ec84be7001e6ee71a130651201e,pharaoh-dev-1.local,50084,combined-random,256x256x4,bulk,completed,lava-shield revision 1 seed 50084 [complete]: ,125,3,75,8,50,6,225,4,8,25,8,125,8,0.938121,0.563091,638,0.625,0.71875,24,21,False,False,0,2,0,0,2
25a4af62f38dc7aad2686f884fbc3b6e,pharaoh-dev-1.local,50085,combined-random,256x256x8,bulk,completed,lava-shield revision 1 seed 50085 [complete]: ,200,0,50,8,75,8,275,8,5,100,8,250,5,0.898485,0.524518,548,0.625,0.71875,0,0,False,False,0,2,0,0,2
719c1999cc129c0f27966adfb2881cf6,pharaoh-dev-1.local,50086,combined-random,256x512x2,bulk,completed,lava-shield revision 1 seed 50086 [complete]: ,125,0,300,9,75,10,250,2,8,150,8,200,4,0.979398,0.621657,968,0.625,0.71875,0,0,False,False,0,2,0,0,2
e122ba07ec3fc0d28a46a42bb2a9351f,pharaoh-dev-3.local,50087,combined-random,256x512x4,bulk,completed,lava-shield revision 1 seed 50087 [complete]: ,0,1,275,9,75,12,275,4,3,275,8,25,8,0.95778,0.596549,888,0.625,0.71875,3,3,False,False,0,2,0,0,2
f32b21d8cb63245a0518e7284cdcc71d,pharaoh-dev-3.local,50088,combined-random,256x512x8,bulk,completed,lava-shield revision 1 seed 50088 [complete]: ,75,1,0,9,25,6,275,8,4,250,8,300,6,0.926433,0.552951,608,0.625,0.6875,4,4,False,False,0,2,0,0,2
4984d9517e53baf7f9cffdeec4ea1504,pharaoh-dev-3.local,50089,combined-random,512x256x2,bulk,completed,lava-shield revision 1 seed 50089 [complete]: ,100,0,250,8,25,6,75,2,5,125,9,125,2,0.977021,0.537958,405,0.416667,0.65625,0,0,False,False,0,2,0,0,2
386253b99bceb570f4ed410d29ef9d0e,pharaoh-dev-3.local,50090,combined-random,512x256x4,bulk,completed,lava-shield revision 1 seed 50090 [complete]: ,200,2,25,8,25,8,25,4,9,275,9,300,8,0.945365,0.572491,649,0.625,0.71875,18,16,False,False,0,2,0,0,2
2a76456104213c9ff29f72f58e862af6,pharaoh-dev-3.local,50091,combined-random,512x256x8,bulk,completed,lava-shield revision 1 seed 50091 [complete]: ,275,3,100,8,50,8,25,8,3,25,9,100,3,0.924361,0.533841,976,0.541667,0.65625,9,4,False,False,0,2,0,0,2
a6801b72a592336aa1bdafbd91ec4e38,pharaoh-dev-3.local,50092,combined-random,512x512x2,bulk,completed,lava-shield revision 1 seed 50092 [complete]: ,25,0,225,9,50,12,0,2,7,0,9,75,8,0.996627,0.582442,1243,0.583333,0.71875,0,0,False,False,0,2,0,0,2
c6fbd01468e8e8f363ef6be86e5df720,pharaoh-dev-2.local,50093,combined-random,512x512x4,bulk,completed,lava-shield revision 1 seed 50093 [complete]: ,250,1,225,9,50,8,250,4,3,150,9,125,6,0.982652,0.622051,890,0.625,0.65625,3,3,False,False,0,2,0,0,2
d65edd843cef32d6c1dcd376d75b94f9,pharaoh-dev-2.local,50094,combined-random,512x512x8,bulk,completed,lava-shield revision 1 seed 50094 [complete]: ,200,1,25,9,25,6,75,8,6,0,9,300,4,0.856322,0.467643,881,0.333333,0.625,6,5,False,False,0,2,0,0,2
e5a3af70e9599e2e087b0c2a1cda4e4b,pharaoh-dev-2.local,50095,combined-random,512x512x12,bulk,completed,lava-shield revision 1 seed 50095 [complete]: ,25,1,100,9,25,6,300,12,5,75,9,100,3,0.909592,0.53723,855,0.583333,0.65625,5,5,False,False,0,2,0,0,2
7fac5b099e03be3e805b7c2c56e3c5d3,pharaoh-dev-2.local,50096,combined-random,128x128x2,bulk,completed,lava-shield revision 1 seed 50096 [complete]: ,275,0,25,7,75,8,50,2,3,125,7,50,3,0.986198,0.618469,534,0.625,0.65625,0,0,False,False,0,2,0,0,2
f1e90f1a8db8c9327a3e6528c070380c,pharaoh-dev-2.local,50097,combined-random,128x256x2,bulk,completed,lava-shield revision 1 seed 50097 [complete]: ,300,1,50,8,25,6,50,2,5,125,7,0,1,0.978195,0.572151,531,0.583333,0.5625,4,4,False,False,0,2,0,0,2
08a311bc714348ef86a8036a5a37c365,pharaoh-dev-2.local,50098,combined-random,256x128x2,bulk,completed,lava-shield revision 1 seed 50098 [complete]: ,0,1,150,7,75,6,250,2,4,50,8,25,2,0.971459,0.594399,750,0.583333,0.71875,4,2,False,False,0,2,0,0,2
23dbf0e37e1ddde89c8b0de0b2aac7cc,pharaoh-dev-1.local,50099,combined-random,256x256x2,bulk,completed,lava-shield revision 1 seed 50099 [complete]: ,175,0,25,8,25,12,0,2,7,50,8,50,5,0.987869,0.616563,859,0.625,0.71875,0,0,False,False,0,2,0,0,2
367c4d2ea7c2af3c6b4254c99ca529c8,pharaoh-dev-1.local,50100,combined-random,256x256x4,bulk,completed,lava-shield revision 1 seed 50100 [complete]: ,250,3,25,8,50,10,150,4,9,25,8,150,7,0.909174,0.534618,692,0.625,0.6875,27,21,True,False,0,2,0,0,2
544507b45d2532e364782da273fb5deb,pharaoh-dev-1.local,50101,combined-random,256x256x8,bulk,completed,lava-shield revision 1 seed 50101 [complete]: ,300,3,250,8,75,6,225,8,4,150,8,100,2,0.909734,0.529421,538,0.583333,0.6875,12,8,False,False,0,2,0,0,2
5fef1488a8d7f64983f8ebf8ab0725a1,pharaoh-dev-1.local,50102,combined-random,256x512x2,bulk,completed,lava-shield revision 1 seed 50102 [complete]: ,200,1,225,9,75,12,275,2,9,100,8,225,7,0.994419,0.640997,968,0.625,0.71875,9,5,False,False,0,2,0,0,2
544497f1a4381770a9b650e48de32f0c,pharaoh-dev-1.local,50103,combined-random,256x512x4,bulk,completed,lava-shield revision 1 seed 50103 [complete]: ,0,3,100,9,75,8,275,4,9,250,8,300,7,0.959683,0.588813,840,0.625,0.71875,27,22,True,False,0,2,0,0,2
3c6890a2664616ae6b9d2632c2e8226d,pharaoh-dev-1.local,50104,combined-random,256x512x8,bulk,completed,lava-shield revision 1 seed 50104 [complete]: ,0,1,100,9,50,8,0,8,3,0,8,50,1,0.857275,0.424367,877,0.375,0.5625,3,1,False,False,0,2,0,0,2
c49047d3d2533c6f61bb9247c79664a1,therig.local,50105,combined-random,512x256x2,bulk,completed,lava-shield revision 1 seed 50105 [complete]: ,200,2,25,8,50,10,125,2,4,225,9,125,6,0.998829,0.626452,938,0.625,0.71875,8,7,False,False,0,2,0,0,2
bd027a51ef54e6a0ffc2816e414a5d03,therig.local,50106,combined-random,512x256x4,bulk,completed,lava-shield revision 1 seed 50106 [complete]: ,275,3,300,8,50,10,125,4,9,150,9,275,5,0.971861,0.601167,863,0.625,0.71875,27,23,False,False,0,2,0,0,2
6062c77bcb43dbf3fc725e6d0f6b16fc,therig.local,50107,combined-random,512x256x8,bulk,completed,lava-shield revision 1 seed 50107 [complete]: ,250,1,25,8,75,6,125,8,4,25,9,225,7,0.933552,0.554966,1003,0.541667,0.71875,4,4,False,False,0,2,0,0,2
4c31b949ef7d391cb83141e7f759a9e8,therig.local,50108,combined-random,512x512x2,bulk,completed,lava-shield revision 1 seed 50108 [complete]: ,0,3,25,9,25,10,250,2,4,100,9,50,3,0.990471,0.594685,768,0.625,0.625,12,10,False,False,0,2,0,0,2
d6a2bb640f25e3b1f1b0b823cd0d0967,therig.local,50109,combined-random,512x512x4,bulk,completed,lava-shield revision 1 seed 50109 [complete]: ,0,0,200,9,50,8,150,4,4,200,9,50,3,0.958764,0.585674,858,0.583333,0.71875,0,0,False,False,0,2,0,0,2
4f04c5c0b1b5c71d17c1e41a88723064,therig.local,50110,combined-random,512x512x8,bulk,completed,lava-shield revision 1 seed 50110 [complete]: ,125,3,0,9,50,12,225,8,5,250,9,25,1,0.885565,0.478726,643,0.458333,0.625,15,12,False,False,0,2,0,0,2
9ffa889561d9e9a914b5e987ccbdb4b0,therig.local,50111,combined-random,512x512x12,bulk,completed,lava-shield revision 1 seed 50111 [complete]: ,75,1,300,9,50,12,125,12,3,250,9,50,8,0.948625,0.576651,742,0.625,0.65625,3,1,False,False,0,2,0,0,2
07609031897a29ad59c33e66319f742d,therig.local,50112,combined-random,128x128x2,bulk,completed,lava-shield revision 1 seed 50112 [complete]: ,275,1,0,7,75,8,125,2,3,75,7,300,8,0.966526,0.611187,585,0.625,0.71875,2,0,False,False,0,2,0,0,2
de1ab2603b74f98cb03ad66da81ce9d0,therig.local,50113,combined-random,128x256x2,bulk,completed,lava-shield revision 1 seed 50113 [complete]: ,50,3,175,8,75,8,75,2,3,250,7,250,3,0.984205,0.589238,473,0.625,0.71875,6,0,False,False,0,2,0,0,2
6e0c98516a4fb80eaddba15c9a43eb2d,therig.local,50114,combined-random,256x128x2,bulk,completed,lava-shield revision 1 seed 50114 [complete]: ,250,1,300,7,75,8,250,2,3,250,8,300,4,0.993175,0.629469,647,0.625,0.71875,3,1,False,False,0,2,0,0,2
560b59161af84a2c19f384c0461683a1,therig.local,50115,combined-random,256x256x2,bulk,completed,lava-shield revision 1 seed 50115 [complete]: ,50,2,25,8,50,8,275,2,3,275,8,300,6,0.998767,0.640987,881,0.625,0.71875,6,5,False,False,0,2,0,0,2
d9b17bfc141ca5dce240ca7cf60274d3,therig.local,50116,combined-random,256x256x4,bulk,completed,lava-shield revision 1 seed 50116 [complete]: ,25,3,225,8,25,10,225,4,8,150,8,225,8,0.967962,0.597305,589,0.583333,0.71875,24,18,False,False,0,2,0,0,2
05de2ebe2c2cb7eb8ffe58b1447a8ce9,therig.local,50117,combined-random,256x256x8,bulk,completed,lava-shield revision 1 seed 50117 [complete]: ,225,2,225,8,50,6,300,8,5,175,8,0,1,0.83328,0.419835,574,0.375,0.53125,10,7,True,True,0,2,0,0,2
181ba746603ac9891d754e9f90106010,therig.local,50118,combined-random,256x512x2,bulk,completed,lava-shield revision 1 seed 50118 [complete]: ,75,1,50,9,50,6,125,2,9,250,8,100,5,0.939592,0.56338,841,0.625,0.71875,9,5,False,False,0,2,0,0,2
7c6861309691b90698aaed44aad4bd85,therig.local,50119,combined-random,256x512x4,bulk,completed,lava-shield revision 1 seed 50119 [complete]: ,25,1,275,9,50,8,125,4,5,225,8,50,8,0.948978,0.581255,573,0.625,0.71875,5,5,False,False,0,2,0,0,2
fadea47ab133b1dcd606a58c0e28eb49,therig.local,50120,combined-random,256x512x8,bulk,completed,lava-shield revision 1 seed 50120 [complete]: ,300,3,75,9,75,6,250,8,4,100,8,300,4,0.947318,0.574994,592,0.541667,0.71875,12,8,False,False,0,2,0,0,2
65d76720725f669871f43f6438797a47,therig.local,50121,combined-random,512x256x2,bulk,completed,lava-shield revision 1 seed 50121 [complete]: ,75,0,100,8,50,6,25,2,8,100,9,100,1,0.976034,0.567244,576,0.583333,0.59375,0,0,False,False,0,2,0,0,2
b4cfa901c427f4f0ae175c7ea0ec6440,therig.local,50122,combined-random,512x256x4,bulk,completed,lava-shield revision 1 seed 50122 [complete]: ,300,3,125,8,75,10,100,4,5,0,9,275,1,0.890013,0.433926,574,0.375,0.5625,15,11,False,False,0,2,0,0,2
06a7fde6957fdcae4e924054cafce93a,pharaoh-dev-3.local,50123,combined-random,512x256x8,bulk,completed,lava-shield revision 1 seed 50123 [complete]: ,300,1,25,8,25,8,75,8,3,50,9,200,2,0.927083,0.558491,853,0.583333,0.6875,3,3,False,False,0,2,0,0,2
4489ee2c834b659e0bb9e62e39f45cf7,pharaoh-dev-3.local,50124,combined-random,512x512x2,bulk,completed,lava-shield revision 1 seed 50124 [complete]: ,75,2,300,9,75,6,275,2,7,300,9,150,3,0.992652,0.591087,906,0.541667,0.65625,14,12,False,False,0,2,0,0,2
58bf1659a56095101b8ae5c0612adbe3,pharaoh-dev-3.local,50125,combined-random,512x512x4,bulk,completed,lava-shield revision 1 seed 50125 [complete]: ,0,2,225,9,25,6,100,4,8,175,9,300,1,0.950075,0.552618,497,0.625,0.65625,16,15,False,False,0,2,0,0,2
79cd10f069ba52e3b4a467003a308e53,pharaoh-dev-3.local,50126,combined-random,512x512x8,bulk,completed,lava-shield revision 1 seed 50126 [complete]: ,300,3,25,9,25,10,275,8,8,125,9,300,4,0.951307,0.586641,740,0.625,0.71875,24,20,False,False,0,2,0,0,2
65e9dd3449465c22f2f9445b9c1724e3,pharaoh-dev-3.local,50127,combined-random,512x512x12,bulk,completed,lava-shield revision 1 seed 50127 [complete]: ,175,3,225,9,75,10,150,12,3,125,9,175,3,0.86548,0.480525,589,0.541667,0.625,9,8,False,False,0,2,0,0,2
2ccef0f55d99a653a8dfb23e999e96a4,pharaoh-dev-3.local,50128,combined-random,128x128x2,bulk,completed,lava-shield revision 1 seed 50128 [complete]: ,300,3,25,7,25,8,0,2,3,75,7,275,1,0.987692,0.585045,449,0.583333,0.59375,9,6,False,True,0,2,0,0,2
756b828ff18efe53d5d5b4e920a83c34,pharaoh-dev-2.local,50129,combined-random,128x256x2,bulk,completed,lava-shield revision 1 seed 50129 [complete]: ,200,3,200,8,25,8,50,2,4,275,7,75,2,0.984596,0.602767,640,0.625,0.71875,9,5,False,False,0,2,0,0,2
6fad11be22228edc565bdc51bc91bda7,pharaoh-dev-2.local,50130,combined-random,256x128x2,bulk,completed,lava-shield revision 1 seed 50130 [complete]: ,200,0,225,7,75,6,275,2,4,275,8,25,2,0.985697,0.579644,495,0.583333,0.71875,0,0,False,False,0,2,0,0,2
d1c0aa120d17fe6865cd4fdea0e6f73e,pharaoh-dev-2.local,50131,combined-random,256x256x2,bulk,completed,lava-shield revision 1 seed 50131 [complete]: ,225,1,125,8,50,10,250,2,6,250,8,75,7,0.991373,0.611548,804,0.625,0.71875,6,4,False,False,0,2,0,0,2
e59fd4e755697fefae1495156811f61a,pharaoh-dev-2.local,50132,combined-random,256x256x4,bulk,completed,lava-shield revision 1 seed 50132 [complete]: ,50,2,175,8,75,10,150,4,8,0,8,50,5,0.956181,0.545682,758,0.625,0.71875,16,9,True,False,0,2,0,0,2
78356a50782fe754a4a930357a930727,pharaoh-dev-2.local,50133,combined-random,256x256x8,bulk,completed,lava-shield revision 1 seed 50133 [complete]: ,150,2,175,8,50,6,125,8,5,250,8,225,7,0.88903,0.497196,445,0.625,0.6875,10,10,True,False,0,2,0,0,2
1155a17341fa38fe53a7064fc818e060,pharaoh-dev-2.local,50134,combined-random,256x512x2,bulk,completed,lava-shield revision 1 seed 50134 [complete]: ,100,0,125,9,50,12,100,2,3,125,8,275,5,0.971316,0.593056,1102,0.541667,0.71875,0,0,False,False,0,2,0,0,2
92e9c8ebf27128ca040321517ffb8a62,pharaoh-dev-1.local,50135,combined-random,256x512x4,bulk,completed,lava-shield revision 1 seed 50135 [complete]: ,150,2,125,9,75,6,275,4,5,300,8,200,2,0.9338,0.547204,776,0.625,0.6875,10,9,False,False,0,2,0,0,2
b9217732b458210fbaaec94546bae5c6,pharaoh-dev-1.local,50136,combined-random,256x512x8,bulk,completed,lava-shield revision 1 seed 50136 [complete]: ,175,1,0,9,75,8,175,8,5,275,8,50,6,0.928608,0.545532,754,0.625,0.65625,5,4,False,False,0,2,0,0,2
a58c109948d67b2a879836159df4c032,pharaoh-dev-1.local,50137,combined-random,512x256x2,bulk,completed,lava-shield revision 1 seed 50137 [complete]: ,175,1,25,8,50,10,75,2,9,0,9,225,2,0.971956,0.581096,959,0.625,0.71875,9,8,False,True,0,2,0,0,2
e26b8ab0c5dee2bb0e41f5b66c7f04f8,pharaoh-dev-1.local,50138,combined-random,512x256x4,bulk,completed,lava-shield revision 1 seed 50138 [complete]: ,150,1,175,8,25,6,150,4,3,100,9,75,2,0.975948,0.601604,813,0.625,0.65625,3,3,False,False,0,2,0,0,2
37f4c8afa16ba5ed9ce1704d2c53ac2d,pharaoh-dev-1.local,50139,combined-random,512x256x8,bulk,completed,lava-shield revision 1 seed 50139 [complete]: ,25,3,75,8,50,8,100,8,4,150,9,150,4,0.925819,0.558213,880,0.625,0.71875,12,11,False,False,0,2,0,0,2
f2f5d9e0629023dad8b0dd414248b75e,pharaoh-dev-1.local,50140,combined-random,512x512x2,bulk,completed,lava-shield revision 1 seed 50140 [complete]: ,0,1,300,9,75,6,0,2,8,300,9,275,6,0.988976,0.615307,888,0.625,0.71875,8,7,False,False,0,2,0,0,2
6ea847c01d8cd4916fa1290e9630a5c5,pharaoh-dev-3.local,50141,combined-random,512x512x4,bulk,completed,lava-shield revision 1 seed 50141 [complete]: ,300,1,200,9,75,6,0,4,7,225,9,175,3,0.956135,0.574249,715,0.625,0.59375,7,7,False,False,0,2,0,0,2
81c5469c66f498a17f3a2a7df4711ded,pharaoh-dev-3.local,50142,combined-random,512x512x8,bulk,completed,lava-shield revision 1 seed 50142 [complete]: ,175,1,150,9,50,8,100,8,5,25,9,125,1,0.86981,0.451668,487,0.5,0.53125,5,5,False,False,0,2,0,0,2
c0449c3e9a2287695444b9ff7a9ed4ba,pharaoh-dev-3.local,50143,combined-random,512x512x12,bulk,completed,lava-shield revision 1 seed 50143 [complete]: ,75,2,50,9,75,6,150,12,6,150,9,225,1,0.842513,0.457173,511,0.458333,0.5625,12,9,False,False,0,2,0,0,2
b84da2d800dc85a10d91caa1fbb57d0e,pharaoh-dev-3.local,50144,combined-random,128x128x2,bulk,completed,lava-shield revision 1 seed 50144 [complete]: ,25,3,300,7,50,8,175,2,4,250,7,100,4,0.973717,0.599444,477,0.625,0.71875,9,4,False,False,0,2,0,0,2
d6a840e78e2c6b6ed749e2bfd3fdbcea,pharaoh-dev-3.local,50145,combined-random,128x256x2,bulk,completed,lava-shield revision 1 seed 50145 [complete]: ,50,2,25,8,50,6,100,2,3,50,7,25,4,0.971107,0.606281,633,0.625,0.6875,6,3,False,False,0,2,0,0,2
37c6ee79af87aabe16aa5135136c1c0e,pharaoh-dev-3.local,50146,combined-random,256x128x2,bulk,completed,lava-shield revision 1 seed 50146 [complete]: ,250,0,225,7,25,6,75,2,3,250,8,275,8,0.971235,0.609927,809,0.625,0.71875,0,0,False,False,0,2,0,0,2
3a3d4e24d9c11435f75f7ca1145ddbcb,pharaoh-dev-2.local,50147,combined-random,256x256x2,bulk,completed,lava-shield revision 1 seed 50147 [complete]: ,300,2,175,8,25,8,0,2,5,100,8,0,5,0.994782,0.643226,991,0.625,0.71875,10,9,False,False,0,2,0,0,2
1de638c18d2fc186fd97334f25620f13,pharaoh-dev-2.local,50148,combined-random,256x256x4,bulk,completed,lava-shield revision 1 seed 50148 [complete]: ,100,1,275,8,25,8,275,4,6,0,8,250,5,0.957753,0.575068,734,0.625,0.6875,6,6,False,False,0,2,0,0,2
9be151c004079887d3b6ec74d23f6149,pharaoh-dev-2.local,50149,combined-random,256x256x8,bulk,completed,lava-shield revision 1 seed 50149 [complete]: ,0,0,200,8,75,8,225,8,4,50,8,200,1,0.824096,0.42519,485,0.583333,0.5625,0,0,False,False,0,2,0,0,2
e1ea1052120de38cee0a40cca0967218,pharaoh-dev-2.local,50150,combined-random,256x512x2,bulk,completed,lava-shield revision 1 seed 50150 [complete]: ,250,3,300,9,75,10,225,2,9,275,8,275,2,0.989534,0.59049,794,0.625,0.6875,27,23,False,False,0,2,0,0,2
bc696e92d842f31b5fce429e1ffc6676,pharaoh-dev-2.local,50151,combined-random,256x512x4,bulk,completed,lava-shield revision 1 seed 50151 [complete]: ,300,1,0,9,25,10,125,4,7,200,8,250,1,0.900796,0.499725,681,0.541667,0.59375,7,6,False,False,0,2,0,0,2
be4c7291030683a166e6af6379aa814e,pharaoh-dev-2.local,50152,combined-random,256x512x8,bulk,completed,lava-shield revision 1 seed 50152 [complete]: ,150,2,100,9,25,6,25,8,3,200,8,50,1,0.899337,0.504389,539,0.458333,0.625,6,4,False,False,0,2,0,0,2
9c08ea0c22c681fdb21874ca621e7dd9,pharaoh-dev-1.local,50153,combined-random,512x256x2,bulk,completed,lava-shield revision 1 seed 50153 [complete]: ,125,2,175,8,50,6,125,2,8,25,9,150,1,0.971594,0.573403,764,0.625,0.71875,16,13,False,False,0,2,0,0,2
40e8614f4f2f56c339f7d2f6a6007fa4,pharaoh-dev-1.local,50154,combined-random,512x256x4,bulk,completed,lava-shield revision 1 seed 50154 [complete]: ,300,0,125,8,50,8,200,4,4,175,9,200,3,0.980578,0.620366,888,0.625,0.6875,0,0,False,False,0,2,0,0,2
c75431bd5d31bec4ecb056a96a9c1e8d,pharaoh-dev-1.local,50155,combined-random,512x256x8,bulk,completed,lava-shield revision 1 seed 50155 [complete]: ,75,3,300,8,75,6,300,8,3,100,9,50,8,0.943771,0.567033,858,0.583333,0.71875,9,9,False,False,0,2,0,0,2
363fc0ab458e14d543f7717ceee1522e,pharaoh-dev-1.local,50156,combined-random,512x512x2,bulk,completed,lava-shield revision 1 seed 50156 [complete]: ,150,3,50,9,25,8,200,2,4,25,9,175,4,0.993723,0.621754,1112,0.625,0.71875,12,8,False,False,0,2,0,0,2
1b85cc2a686c608d0dcb3da92b7af091,pharaoh-dev-1.local,50157,combined-random,512x512x4,bulk,completed,lava-shield revision 1 seed 50157 [complete]: ,150,2,100,9,75,12,75,4,4,100,9,0,2,0.901779,0.515111,925,0.583333,0.59375,8,7,False,False,0,2,0,0,2
68c93fdcffe8f2cbd4f5b02760c8a9f7,pharaoh-dev-1.local,50158,combined-random,512x512x8,bulk,completed,lava-shield revision 1 seed 50158 [complete]: ,300,2,175,9,75,6,50,8,6,175,9,300,3,0.892541,0.510783,533,0.541667,0.59375,12,9,True,False,0,2,0,0,2
1b13cb4f5195ca9dcc04fb57c33198bc,therig.local,50159,combined-random,512x512x12,bulk,completed,lava-shield revision 1 seed 50159 [complete]: ,250,2,100,9,50,8,100,12,9,125,9,125,6,0.904054,0.528758,670,0.625,0.6875,18,14,False,False,0,2,0,0,2
65304cb54b1b6c1ac8d63c0b4c5e5065,therig.local,50160,combined-random,128x128x2,bulk,completed,lava-shield revision 1 seed 50160 [complete]: ,125,0,175,7,25,8,250,2,3,0,7,300,8,0.993821,0.620804,566,0.583333,0.71875,0,0,False,False,0,2,0,0,2
d26cfeb12c1581e0ad5ebc493863fecd,therig.local,50161,combined-random,128x256x2,bulk,completed,lava-shield revision 1 seed 50161 [complete]: ,25,3,250,8,75,8,50,2,3,75,7,125,8,0.971441,0.613165,976,0.625,0.71875,9,5,False,False,0,2,0,0,2
5d33ab6f718b4324e4f227dea1669a06,therig.local,50162,combined-random,256x128x2,bulk,completed,lava-shield revision 1 seed 50162 [complete]: ,250,1,75,7,25,8,225,2,5,50,8,250,2,0.980745,0.603592,614,0.625,0.65625,5,3,False,False,0,2,0,0,2
665e80b0248d4e212db0b50e4062acae,therig.local,50163,combined-random,256x256x2,bulk,completed,lava-shield revision 1 seed 50163 [complete]: ,100,0,125,8,50,8,250,2,3,150,8,125,8,0.988951,0.636064,916,0.625,0.71875,0,0,False,False,0,2,0,0,2
b72e0f5bbe4d0adb996ab13977a68f16,therig.local,50164,combined-random,256x256x4,bulk,completed,lava-shield revision 1 seed 50164 [complete]: ,50,2,0,8,50,12,200,4,5,175,8,200,5,0.936477,0.567714,827,0.541667,0.71875,10,9,False,False,0,2,0,0,2
13a878d01f768f9fc5dd29ffdc5b2179,therig.local,50165,combined-random,256x256x8,bulk,completed,lava-shield revision 1 seed 50165 [complete]: ,300,2,100,8,75,8,50,8,4,125,8,225,3,0.89734,0.508108,367,0.458333,0.6875,8,7,False,False,0,2,0,0,2
2ad62a3bda54bce16fb0b4ad1d4d03df,therig.local,50166,combined-random,256x512x2,bulk,completed,lava-shield revision 1 seed 50166 [complete]: ,125,1,150,9,50,12,25,2,6,100,8,300,5,0.994994,0.62976,834,0.625,0.71875,6,6,False,False,0,2,0,0,2
afc55747ba317d5455abc3b3f84e2ba6,therig.local,50167,combined-random,256x512x4,bulk,completed,lava-shield revision 1 seed 50167 [complete]: ,150,3,225,9,50,6,200,4,8,200,8,275,1,0.916055,0.522501,648,0.458333,0.6875,24,21,False,False,0,2,0,0,2
b4d65fe19282ba0bca5c2eda919c2007,therig.local,50168,combined-random,256x512x8,bulk,completed,lava-shield revision 1 seed 50168 [complete]: ,250,1,250,9,75,8,275,8,5,50,8,50,5,0.947842,0.536198,959,0.541667,0.65625,5,5,False,False,0,2,0,0,2
059200dbfee2391d316a6709fb010b40,therig.local,50169,combined-random,512x256x2,bulk,completed,lava-shield revision 1 seed 50169 [complete]: ,0,3,300,8,50,12,125,2,3,250,9,225,7,0.989728,0.616134,818,0.625,0.71875,9,5,False,False,0,2,0,0,2
878e833cede4fc8cb7f761b8fb294d9b,therig.local,50170,combined-random,512x256x4,bulk,completed,lava-shield revision 1 seed 50170 [complete]: ,225,1,75,8,50,12,125,4,3,100,9,150,5,0.974852,0.610734,900,0.625,0.71875,3,3,False,False,0,2,0,0,2
4eba8646c92a57c4f140ce2f61db0885,therig.local,50171,combined-random,512x256x8,bulk,completed,lava-shield revision 1 seed 50171 [complete]: ,100,1,0,8,75,6,150,8,4,0,9,25,6,0.944981,0.520731,785,0.541667,0.65625,4,3,False,False,0,2,0,0,2
9d004ec0b9175ed77f82f1622fad59c0,therig.local,50172,combined-random,512x512x2,bulk,completed,lava-shield revision 1 seed 50172 [complete]: ,75,3,100,9,50,12,50,2,5,0,9,0,5,0.982099,0.559549,880,0.625,0.6875,15,14,False,False,0,2,0,0,2
c7f05ac2658c0627b22276e0b3590cb7,therig.local,50173,combined-random,512x512x4,bulk,completed,lava-shield revision 1 seed 50173 [complete]: ,25,3,0,9,75,6,100,4,3,100,9,200,1,0.960527,0.565926,661,0.5,0.65625,9,8,False,False,0,2,0,0,2
6dc56b985fd365974f16037b0aaa7b92,therig.local,50174,combined-random,512x512x8,bulk,completed,lava-shield revision 1 seed 50174 [complete]: ,275,1,100,9,50,6,100,8,5,25,9,175,2,0.904066,0.506333,914,0.458333,0.65625,5,5,False,False,0,2,0,0,2
221bdba0b29596b982454df7abd39f37,therig.local,50175,combined-random,512x512x12,bulk,completed,lava-shield revision 1 seed 50175 [complete]: ,0,3,300,9,50,10,275,12,7,100,9,125,2,0.810336,0.424307,730,0.5,0.59375,21,17,False,False,0,2,0,0,2
3836da14f1771de2b5fcaf6e25746dbe,therig.local,50176,combined-random,128x128x2,bulk,completed,lava-shield revision 1 seed 50176 [complete]: ,150,1,175,7,25,8,250,2,5,225,7,250,4,0.983218,0.577091,383,0.625,0.71875,4,3,False,False,0,2,0,0,2
77d5ab7a2a722078c07246e697a319a3,pharaoh-dev-3.local,50177,combined-random,128x256x2,bulk,completed,lava-shield revision 1 seed 50177 [complete]: ,200,2,300,8,25,6,100,2,4,25,7,75,1,0.982534,0.567145,737,0.583333,0.65625,8,7,False,False,0,2,0,0,2
40ef196327f9fc111bb2efe5dbfa0629,pharaoh-dev-3.local,50178,combined-random,256x128x2,bulk,completed,lava-shield revision 1 seed 50178 [complete]: ,275,3,125,7,25,8,100,2,3,200,8,125,8,0.999933,0.627556,644,0.625,0.71875,6,3,False,False,0,2,0,0,2
7d86d3c6358883e74ac79480432bcc4a,pharaoh-dev-3.local,50179,combined-random,256x256x2,bulk,completed,lava-shield revision 1 seed 50179 [complete]: ,225,1,300,8,25,8,0,2,7,50,8,175,8,0.999168,0.613912,945,0.625,0.71875,7,6,False,False,0,2,0,0,2
912d26531f13798048652f036b6ffb9d,pharaoh-dev-3.local,50180,combined-random,256x256x4,bulk,completed,lava-shield revision 1 seed 50180 [complete]: ,150,0,175,8,25,8,150,4,5,250,8,0,4,0.964252,0.610256,822,0.625,0.71875,0,0,False,False,0,2,0,0,2
07ebfd0d4bd0c164a6e1f3be42266d06,pharaoh-dev-3.local,50181,combined-random,256x256x8,bulk,completed,lava-shield revision 1 seed 50181 [complete]: ,175,3,50,8,75,6,100,8,4,300,8,275,8,0.886553,0.499363,544,0.625,0.71875,12,7,False,False,0,2,0,0,2
ff7c080ef6db46fdb13d0e978eb9fe2f,pharaoh-dev-3.local,50182,combined-random,256x512x2,bulk,completed,lava-shield revision 1 seed 50182 [complete]: ,200,0,100,9,25,6,150,2,3,0,8,125,5,0.987944,0.581768,1352,0.625,0.71875,0,0,False,False,0,2,0,0,2
07d0d2831b83aa1c3c83e3f3720e7780,pharaoh-dev-2.local,50183,combined-random,256x512x4,bulk,completed,lava-shield revision 1 seed 50183 [complete]: ,200,0,100,9,25,10,50,4,7,150,8,175,3,0.954633,0.586276,720,0.625,0.71875,0,0,False,False,0,2,0,0,2
635fe77a82f661b731915973f48e6553,pharaoh-dev-2.local,50184,combined-random,256x512x8,bulk,completed,lava-shield revision 1 seed 50184 [complete]: ,75,3,300,9,75,6,200,8,4,200,8,150,8,0.958784,0.593657,897,0.625,0.71875,12,10,False,False,0,2,0,0,2
1dbb01f47825f45357b9edb77015ff7e,pharaoh-dev-2.local,50185,combined-random,512x256x2,bulk,completed,lava-shield revision 1 seed 50185 [complete]: ,125,0,50,8,50,6,225,2,7,150,9,100,3,0.967433,0.602454,762,0.625,0.71875,0,0,False,False,0,2,0,0,2
fe576e7f7bfdd7c9857bca0db1f4146d,pharaoh-dev-2.local,50186,combined-random,512x256x4,bulk,completed,lava-shield revision 1 seed 50186 [complete]: ,25,3,0,8,50,10,25,4,7,100,9,0,4,0.957563,0.577184,892,0.583333,0.625,21,16,False,False,0,2,0,0,2
634e2e984b729c2d385b00a0cd5fb55c,pharaoh-dev-2.local,50187,combined-random,512x256x8,bulk,completed,lava-shield revision 1 seed 50187 [complete]: ,250,0,125,8,25,8,50,8,5,300,9,175,6,0.937066,0.552294,790,0.625,0.71875,0,0,False,False,0,2,0,0,2
5ec54a0d1b4a500d2ecab2b766261fb2,pharaoh-dev-2.local,50188,combined-random,512x512x2,bulk,completed,lava-shield revision 1 seed 50188 [complete]: ,250,0,225,9,75,8,100,2,6,225,9,200,5,0.975211,0.604414,898,0.625,0.71875,0,0,False,False,0,2,0,0,2
b875497148b369d931c96cafcbba0b97,pharaoh-dev-1.local,50189,combined-random,512x512x4,bulk,completed,lava-shield revision 1 seed 50189 [complete]: ,150,2,150,9,25,12,50,4,3,150,9,275,2,0.94159,0.57235,867,0.625,0.65625,6,6,False,False,0,2,0,0,2
4017785155fc66da21f82e851ab3b385,pharaoh-dev-1.local,50190,combined-random,512x512x8,bulk,completed,lava-shield revision 1 seed 50190 [complete]: ,50,0,25,9,75,12,275,8,4,125,9,250,6,0.94336,0.571218,733,0.583333,0.6875,0,0,False,False,0,2,0,0,2
d87caa8c7b0a1d60b604c6545d3596b2,pharaoh-dev-1.local,50191,combined-random,512x512x12,bulk,completed,lava-shield revision 1 seed 50191 [complete]: ,25,0,300,9,50,10,50,12,9,25,9,200,5,0.914171,0.528619,738,0.625,0.71875,0,0,False,False,0,2,0,0,2
b6598ec489455d24181c8c37c7f1586c,pharaoh-dev-1.local,61001,intermediate-default,128x128x1,heldout,completed,lava-shield revision 1 seed 61001 [complete]: ,100,2,100,7,50,8,100,1,5,100,7,100,4,1,0.637773,604,0.625,0.71875,10,5,False,False,0,2,0,0,2
203e1995b25c2488206c9529e0d7c0d8,pharaoh-dev-1.local,61002,intermediate-default,128x128x1,heldout,completed,lava-shield revision 1 seed 61002 [complete]: ,100,2,100,7,50,8,100,1,5,100,7,100,4,1,0.642455,515,0.583333,0.71875,8,2,False,False,0,2,0,0,2
67babeb22e36f81555f89e3db6fa41d9,pharaoh-dev-1.local,61003,intermediate-high,128x128x1,heldout,completed,lava-shield revision 1 seed 61003 [complete]: ,100,3,100,7,75,8,100,1,5,100,7,100,8,1,0.627298,383,0.625,0.71875,15,3,False,False,0,2,0,0,2
16b986ddc48a6b84a4d1157812d6b9af,pharaoh-dev-3.local,61004,intermediate-high,128x128x1,heldout,completed,lava-shield revision 1 seed 61004 [complete]: ,100,3,100,7,75,8,100,1,5,100,7,100,8,1,0.625834,436,0.625,0.71875,12,1,False,False,0,2,0,0,2
b824562072babed1d77fe2eb57236527,pharaoh-dev-3.local,61001,intermediate-default,256x256x1,heldout,completed,lava-shield revision 1 seed 61001 [complete]: ,100,2,100,8,50,8,100,1,5,100,8,100,4,1,0.651978,1050,0.625,0.71875,10,9,False,False,0,2,0,0,2
2af5a06837ca9d1efa6ca8b2fef6871a,pharaoh-dev-3.local,61002,intermediate-default,256x256x1,heldout,completed,lava-shield revision 1 seed 61002 [complete]: ,100,2,100,8,50,8,100,1,5,100,8,100,4,1,0.643485,1116,0.625,0.71875,10,8,False,False,0,2,0,0,2
6122bc577cf88113bb342a27097c5f56,pharaoh-dev-3.local,61003,intermediate-high,256x256x1,heldout,completed,lava-shield revision 1 seed 61003 [complete]: ,100,3,100,8,75,12,100,1,9,100,8,100,8,1,0.653325,1023,0.625,0.71875,27,11,False,False,0,2,0,0,2
21dcd252f810d314f75566f7a31e1f75,pharaoh-dev-3.local,61004,intermediate-high,256x256x1,heldout,completed,lava-shield revision 1 seed 61004 [complete]: ,100,3,100,8,75,12,100,1,9,100,8,100,8,1,0.651089,1229,0.625,0.71875,27,13,False,False,0,2,0,0,2
1949fcea2c7f295e5223aae16a334643,pharaoh-dev-3.local,61001,intermediate-default,512x512x1,heldout,completed,lava-shield revision 1 seed 61001 [complete]: ,100,2,100,9,50,8,100,1,5,100,9,100,4,1,0.645773,1293,0.625,0.71875,10,9,False,False,0,2,0,0,2
cbdd44abba311f64c224ba9ff3f17a04,pharaoh-dev-2.local,61002,intermediate-default,512x512x1,heldout,completed,lava-shield revision 1 seed 61002 [complete]: ,100,2,100,9,50,8,100,1,5,100,9,100,4,1,0.641463,1022,0.625,0.71875,10,8,False,False,0,2,0,0,2
98d5c7433a82db60ef5386e7e2091d81,pharaoh-dev-2.local,61003,intermediate-high,512x512x1,heldout,completed,lava-shield revision 1 seed 61003 [complete]: ,100,3,100,9,75,12,100,1,9,100,9,100,8,1,0.631026,956,0.625,0.71875,27,20,False,False,0,2,0,0,2
60a0df044b251acde160412f0be4083a,pharaoh-dev-2.local,61004,intermediate-high,512x512x1,heldout,completed,lava-shield revision 1 seed 61004 [complete]: ,100,3,100,9,75,12,100,1,9,100,9,100,8,1,0.653529,1187,0.625,0.71875,27,19,False,False,0,2,0,0,2
ca5302013cf68ff99f69aee8415f0176,pharaoh-dev-2.local,61001,intermediate-default,256x256x3,heldout,completed,lava-shield revision 1 seed 61001 [complete]: ,100,2,100,8,50,8,100,3,5,100,8,100,4,0.990611,0.637227,753,0.583333,0.71875,10,9,False,False,0,2,0,0,2
50ecc88ba8ae7daa661cd54b25d9b0a6,pharaoh-dev-2.local,61002,intermediate-default,256x256x3,heldout,completed,lava-shield revision 1 seed 61002 [complete]: ,100,2,100,8,50,8,100,3,5,100,8,100,4,0.992096,0.614867,781,0.625,0.6875,10,8,False,False,0,2,0,0,2
76b30466e3777d2c6d76a6ab374d0c71,pharaoh-dev-2.local,61003,intermediate-high,256x256x3,heldout,completed,lava-shield revision 1 seed 61003 [complete]: ,100,3,100,8,75,12,100,3,9,100,8,100,8,0.983413,0.619808,807,0.625,0.71875,27,11,False,False,0,2,0,0,2
a04a1d4f5290cc18bf4c35964a2a2c17,pharaoh-dev-1.local,61004,intermediate-high,256x256x3,heldout,completed,lava-shield revision 1 seed 61004 [complete]: ,100,3,100,8,75,12,100,3,9,100,8,100,8,0.955297,0.593951,906,0.625,0.71875,27,13,True,False,0,2,0,0,2
8da13d7976bf87eea0447e976233b449,pharaoh-dev-1.local,61001,intermediate-default,256x256x5,heldout,completed,lava-shield revision 1 seed 61001 [complete]: ,100,2,100,8,50,8,100,5,5,100,8,100,4,0.943166,0.57808,821,0.583333,0.6875,10,9,False,False,0,2,0,0,2
144a8efd56a4fa057531d34f95c8fd5e,pharaoh-dev-1.local,61002,intermediate-default,256x256x5,heldout,completed,lava-shield revision 1 seed 61002 [complete]: ,100,2,100,8,50,8,100,5,5,100,8,100,4,0.932596,0.568063,844,0.583333,0.71875,10,8,False,False,0,2,0,0,2
ae4faecc3ea15bd09c0d5e5a1e198cb2,pharaoh-dev-1.local,61003,intermediate-high,256x256x5,heldout,completed,lava-shield revision 1 seed 61003 [complete]: ,100,3,100,8,75,8,100,5,5,100,8,100,8,0.95811,0.595041,611,0.625,0.71875,15,11,False,False,0,2,0,0,2
65234e9fed1214e7b8f40220c154bcf7,pharaoh-dev-1.local,61004,intermediate-high,256x256x5,heldout,completed,lava-shield revision 1 seed 61004 [complete]: ,100,3,100,8,75,8,100,5,5,100,8,100,8,0.825685,0.441691,710,0.625,0.6875,15,13,False,False,0,2,0,0,2
7f5a58762d78fce84de42cea609e5c8c,pharaoh-dev-1.local,61001,intermediate-default,256x256x6,heldout,completed,lava-shield revision 1 seed 61001 [complete]: ,100,2,100,8,50,8,100,6,5,100,8,100,4,0.967543,0.611612,759,0.625,0.6875,10,9,False,False,0,2,0,0,2
9b9b46b1a26b90559ebce445be782dba,pharaoh-dev-3.local,61002,intermediate-default,256x256x6,heldout,completed,lava-shield revision 1 seed 61002 [complete]: ,100,2,100,8,50,8,100,6,5,100,8,100,4,0.948843,0.583929,829,0.583333,0.6875,10,8,False,False,0,2,0,0,2
2a956ca8e29f0b4feb7f1f37eab6344a,pharaoh-dev-3.local,61003,intermediate-high,256x256x6,heldout,completed,lava-shield revision 1 seed 61003 [complete]: ,100,3,100,8,75,8,100,6,5,100,8,100,8,0.918194,0.539008,609,0.583333,0.6875,15,11,False,False,0,2,0,0,2
d2c805c8812c2cd092b92bf01b98bbca,pharaoh-dev-3.local,61004,intermediate-high,256x256x6,heldout,completed,lava-shield revision 1 seed 61004 [complete]: ,100,3,100,8,75,8,100,6,5,100,8,100,8,0.822922,0.441898,721,0.625,0.6875,15,13,False,True,0,2,0,0,2
fc186944a3b7476df821322394307266,pharaoh-dev-3.local,61001,intermediate-default,256x256x7,heldout,completed,lava-shield revision 1 seed 61001 [complete]: ,100,2,100,8,50,8,100,7,5,100,8,100,4,0.918407,0.536567,552,0.625,0.65625,10,9,False,False,0,2,0,0,2
f4813a7805f7a4733ba4940a4284e7d5,pharaoh-dev-3.local,61002,intermediate-default,256x256x7,heldout,completed,lava-shield revision 1 seed 61002 [complete]: ,100,2,100,8,50,8,100,7,5,100,8,100,4,0.920932,0.549894,812,0.583333,0.59375,10,8,False,False,0,2,0,0,2
eb5b01e85022f0a79e171a176136e157,pharaoh-dev-3.local,61003,intermediate-high,256x256x7,heldout,completed,lava-shield revision 1 seed 61003 [complete]: ,100,3,100,8,75,8,100,7,5,100,8,100,8,0.891328,0.516789,571,0.625,0.71875,15,11,False,False,0,2,0,0,2
f1b9d95c156461990d3ec58a2cfba395,therig.local,61004,intermediate-high,256x256x7,heldout,completed,lava-shield revision 1 seed 61004 [complete]: ,100,3,100,8,75,8,100,7,5,100,8,100,8,0.826831,0.447083,721,0.625,0.6875,15,13,False,True,0,2,0,0,2
9e5d5548788b416e6a3e214cad77dbf2,therig.local,61001,intermediate-default,512x512x3,heldout,completed,lava-shield revision 1 seed 61001 [complete]: ,100,2,100,9,50,8,100,3,5,100,9,100,4,0.990873,0.635653,985,0.625,0.71875,10,9,False,False,0,2,0,0,2
334a6020929ea3976afbf85d15b92f2a,therig.local,61002,intermediate-default,512x512x3,heldout,completed,lava-shield revision 1 seed 61002 [complete]: ,100,2,100,9,50,8,100,3,5,100,9,100,4,0.960908,0.604592,944,0.625,0.71875,10,8,False,False,0,2,0,0,2
0c37b31232da80698830b1ba1615814b,therig.local,61003,intermediate-high,512x512x3,heldout,completed,lava-shield revision 1 seed 61003 [complete]: ,100,3,100,9,75,12,100,3,9,100,9,100,8,0.94344,0.566691,602,0.625,0.71875,27,20,False,False,0,2,0,0,2
1396f90944804b4ef23362033d717c7e,therig.local,61004,intermediate-high,512x512x3,heldout,completed,lava-shield revision 1 seed 61004 [complete]: ,100,3,100,9,75,12,100,3,9,100,9,100,8,0.962652,0.600845,978,0.625,0.6875,27,19,False,False,0,2,0,0,2
77438502c1f402746453bdeedc4eaed7,therig.local,61001,intermediate-default,512x512x5,heldout,completed,lava-shield revision 1 seed 61001 [complete]: ,100,2,100,9,50,8,100,5,5,100,9,100,4,0.944586,0.573664,554,0.625,0.71875,10,9,False,False,0,2,0,0,2
abb8a6da2d72631eeb7143549f8fc085,therig.local,61002,intermediate-default,512x512x5,heldout,completed,lava-shield revision 1 seed 61002 [complete]: ,100,2,100,9,50,8,100,5,5,100,9,100,4,0.979476,0.616174,708,0.625,0.71875,10,8,False,False,0,2,0,0,2
aceb46fd24f5727ddc756cf9cb8e5bfe,therig.local,61003,intermediate-high,512x512x5,heldout,completed,lava-shield revision 1 seed 61003 [complete]: ,100,3,100,9,75,12,100,5,9,100,9,100,8,0.9475,0.566605,658,0.625,0.71875,27,20,False,False,0,2,0,0,2
6db096c134bb40ea7d2fd4d6c7bf8411,therig.local,61004,intermediate-high,512x512x5,heldout,completed,lava-shield revision 1 seed 61004 [complete]: ,100,3,100,9,75,12,100,5,9,100,9,100,8,0.977019,0.619006,1068,0.625,0.6875,27,19,True,False,0,2,0,0,2
15b3555d0ec7efed1ca004a40d08cc45,therig.local,61001,intermediate-default,512x512x6,heldout,completed,lava-shield revision 1 seed 61001 [complete]: ,100,2,100,9,50,8,100,6,5,100,9,100,4,0.950606,0.581961,1021,0.583333,0.71875,10,9,False,False,0,2,0,0,2
e5b5082c5395786cf57f857f6ae4aad7,therig.local,61002,intermediate-default,512x512x6,heldout,completed,lava-shield revision 1 seed 61002 [complete]: ,100,2,100,9,50,8,100,6,5,100,9,100,4,0.958783,0.59092,679,0.583333,0.6875,10,8,False,False,0,2,0,0,2
d356a683fe8c10f3980b0ad89c7b0589,therig.local,61003,intermediate-high,512x512x6,heldout,completed,lava-shield revision 1 seed 61003 [complete]: ,100,3,100,9,75,12,100,6,9,100,9,100,8,0.925552,0.541389,655,0.625,0.71875,27,20,False,False,0,2,0,0,2
bb3121ff3b14a151b909b87756313668,therig.local,61004,intermediate-high,512x512x6,heldout,completed,lava-shield revision 1 seed 61004 [complete]: ,100,3,100,9,75,12,100,6,9,100,9,100,8,0.930872,0.561913,700,0.625,0.6875,27,19,True,False,0,2,0,0,2
dc235b2d96388125c9cc73c1a1efc8ce,therig.local,61001,intermediate-default,512x512x7,heldout,completed,lava-shield revision 1 seed 61001 [complete]: ,100,2,100,9,50,8,100,7,5,100,9,100,4,0.9402,0.575368,1049,0.583333,0.6875,10,9,False,False,0,2,0,0,2
061f61f4c318d04e2302750b21726692,therig.local,61002,intermediate-default,512x512x7,heldout,completed,lava-shield revision 1 seed 61002 [complete]: ,100,2,100,9,50,8,100,7,5,100,9,100,4,0.956452,0.587717,679,0.625,0.65625,10,8,False,False,0,2,0,0,2
0d3b9d9367eb85769b2b53d04456ce6f,therig.local,61003,intermediate-high,512x512x7,heldout,completed,lava-shield revision 1 seed 61003 [complete]: ,100,3,100,9,75,12,100,7,9,100,9,100,8,0.92907,0.559916,596,0.625,0.71875,27,20,False,False,0,2,0,0,2
51ea2d2baae91a4250a12197aebe3cfb,therig.local,61004,intermediate-high,512x512x7,heldout,completed,lava-shield revision 1 seed 61004 [complete]: ,100,3,100,9,75,12,100,7,9,100,9,100,8,0.908735,0.534888,668,0.625,0.6875,27,19,True,False,0,2,0,0,2
c0fc5e154933accb72dc9fbca0b4ee27,therig.local,61001,intermediate-default,512x512x9,heldout,completed,lava-shield revision 1 seed 61001 [complete]: ,100,2,100,9,50,8,100,9,5,100,9,100,4,0.913967,0.539361,550,0.541667,0.6875,10,9,False,False,0,2,0,0,2
ed3f582d5dd4135eb625cde5e198c89b,pharaoh-dev-2.local,61002,intermediate-default,512x512x9,heldout,completed,lava-shield revision 1 seed 61002 [complete]: ,100,2,100,9,50,8,100,9,5,100,9,100,4,0.940223,0.570072,766,0.625,0.6875,10,8,False,False,0,2,0,0,2
032afaf4368173d3616b347cc75ec440,pharaoh-dev-2.local,61003,intermediate-high,512x512x9,heldout,completed,lava-shield revision 1 seed 61003 [complete]: ,100,3,100,9,75,12,100,9,9,100,9,100,8,0.904801,0.525533,680,0.625,0.71875,27,20,True,False,0,2,0,0,2
6c20a209b416e16a6d6a30c5bb77a112,pharaoh-dev-2.local,61004,intermediate-high,512x512x9,heldout,completed,lava-shield revision 1 seed 61004 [complete]: ,100,3,100,9,75,12,100,9,9,100,9,100,8,0.916496,0.544032,666,0.625,0.6875,27,19,True,False,0,2,0,0,2
a69f1a88c8dd92872ca2ed610f75ea07,pharaoh-dev-2.local,61001,intermediate-default,512x512x10,heldout,completed,lava-shield revision 1 seed 61001 [complete]: ,100,2,100,9,50,8,100,10,5,100,9,100,4,0.926515,0.555146,500,0.583333,0.6875,10,9,False,False,0,2,0,0,2
e74d7648424755058e6ad79af0defffd,pharaoh-dev-2.local,61002,intermediate-default,512x512x10,heldout,completed,lava-shield revision 1 seed 61002 [complete]: ,100,2,100,9,50,8,100,10,5,100,9,100,4,0.907907,0.535394,668,0.541667,0.6875,10,8,False,False,0,2,0,0,2
951bd81ec3239073ffbcdbd2b713575f,pharaoh-dev-2.local,61003,intermediate-high,512x512x10,heldout,completed,lava-shield revision 1 seed 61003 [complete]: ,100,3,100,9,75,12,100,10,9,100,9,100,8,0.894634,0.516587,629,0.583333,0.71875,27,20,True,False,0,2,0,0,2
be196c2280b5db32946bfd6e43704e14,pharaoh-dev-1.local,61004,intermediate-high,512x512x10,heldout,completed,lava-shield revision 1 seed 61004 [complete]: ,100,3,100,9,75,12,100,10,9,100,9,100,8,0.914861,0.543109,656,0.583333,0.6875,27,19,True,False,0,2,0,0,2
2f07963d9c0c6056e508fe2808bc8c1d,pharaoh-dev-1.local,61001,intermediate-default,512x512x11,heldout,completed,lava-shield revision 1 seed 61001 [complete]: ,100,2,100,9,50,8,100,11,5,100,9,100,4,0.923544,0.54936,523,0.583333,0.65625,10,9,False,False,0,2,0,0,2
87c3f7c41c016244e460e4c13fdec1dd,pharaoh-dev-1.local,61002,intermediate-default,512x512x11,heldout,completed,lava-shield revision 1 seed 61002 [complete]: ,100,2,100,9,50,8,100,11,5,100,9,100,4,0.928181,0.552659,689,0.541667,0.6875,10,8,False,False,0,2,0,0,2
b2d1bc904c4e032eefa88cef7de22157,pharaoh-dev-1.local,61003,intermediate-high,512x512x11,heldout,completed,lava-shield revision 1 seed 61003 [complete]: ,100,3,100,9,75,12,100,11,9,100,9,100,8,0.90088,0.525426,627,0.583333,0.71875,27,20,True,False,0,2,0,0,2
e35319f9bcda953bfdd1d943422c785e,pharaoh-dev-1.local,61004,intermediate-high,512x512x11,heldout,completed,lava-shield revision 1 seed 61004 [complete]: ,100,3,100,9,75,12,100,11,9,100,9,100,8,0.915546,0.543956,653,0.583333,0.6875,27,19,True,False,0,2,0,0,2
67fb3eb0763faad34200fdbf2450bef0,pharaoh-dev-1.local,62001,dense-heldout,512x512x12,heldout,completed,lava-shield revision 1 seed 62001 [complete]: ,100,3,100,9,75,12,100,12,9,100,9,100,8,0.868562,0.490737,723,0.625,0.6875,27,18,True,False,0,2,0,0,2
6af63f000f0d74a20a66dbc555ee2175,pharaoh-dev-3.local,62002,dense-heldout,512x512x12,heldout,completed,lava-shield revision 1 seed 62002 [complete]: ,100,3,100,9,75,12,100,12,9,100,9,100,8,0.877238,0.495582,431,0.625,0.6875,27,25,True,False,0,2,0,0,2
a5be4a994b505edbe612719398de5f54,pharaoh-dev-3.local,62003,dense-heldout,512x512x12,heldout,completed,lava-shield revision 1 seed 62003 [complete]: ,100,3,100,9,75,12,100,12,9,100,9,100,8,0.923468,0.552423,628,0.625,0.71875,27,23,True,False,0,2,0,0,2
e326e8dcca09b670ce9e62748614477c,pharaoh-dev-3.local,62004,dense-heldout,512x512x12,heldout,completed,lava-shield revision 1 seed 62004 [complete]: ,100,3,100,9,75,12,100,12,9,100,9,100,8,0.864972,0.485238,561,0.625,0.6875,27,24,True,False,0,2,0,0,2
31ccd73d62b2ad032009633faee0888f,pharaoh-dev-3.local,62005,dense-heldout,512x512x12,heldout,completed,lava-shield revision 1 seed 62005 [complete]: ,100,3,100,9,75,12,100,12,9,100,9,100,8,0.909507,0.538326,393,0.625,0.71875,27,22,False,False,0,2,0,0,2
e53cd2261242effbd200c2c76978cae5,pharaoh-dev-3.local,62006,dense-heldout,512x512x12,heldout,completed,lava-shield revision 1 seed 62006 [complete]: ,100,3,100,9,75,12,100,12,9,100,9,100,8,0.897907,0.522102,672,0.583333,0.6875,27,20,True,True,0,2,0,0,2
5fe544323065d1a47e9c1e53a33be491,pharaoh-dev-3.local,62007,dense-heldout,512x512x12,heldout,completed,lava-shield revision 1 seed 62007 [complete]: ,100,3,100,9,75,12,100,12,9,100,9,100,8,0.903721,0.526827,662,0.583333,0.6875,27,23,False,True,0,2,0,0,2
e0d7c710147bbe86d3554243a172277d,pharaoh-dev-2.local,62008,dense-heldout,512x512x12,heldout,completed,lava-shield revision 1 seed 62008 [complete]: ,100,3,100,9,75,12,100,12,9,100,9,100,8,0.902012,0.525707,571,0.625,0.71875,27,27,True,False,0,2,0,0,2
462fa6cbe181932b9c819cb104835532,pharaoh-dev-2.local,62009,dense-heldout,512x512x12,heldout,completed,lava-shield revision 1 seed 62009 [complete]: ,100,3,100,9,75,12,100,12,9,100,9,100,8,0.906901,0.531943,804,0.625,0.71875,27,22,True,False,0,2,0,0,2
24ab64774c0f460a685156dd21de1a54,pharaoh-dev-2.local,62010,dense-heldout,512x512x12,heldout,completed,lava-shield revision 1 seed 62010 [complete]: ,100,3,100,9,75,12,100,12,9,100,9,100,8,0.925126,0.548534,615,0.583333,0.71875,27,20,True,False,0,2,0,0,2
838c3840d14285dc4acca8646aae00b3,pharaoh-dev-2.local,62011,dense-heldout,512x512x12,heldout,completed,lava-shield revision 1 seed 62011 [complete]: ,100,3,100,9,75,12,100,12,9,100,9,100,8,0.883364,0.504289,767,0.625,0.6875,27,21,False,False,0,2,0,0,2
755d5199a2260ad41ec88ccb34263c07,pharaoh-dev-1.local,62012,dense-heldout,512x512x12,heldout,completed,lava-shield revision 1 seed 62012 [complete]: ,100,3,100,9,75,12,100,12,9,100,9,100,8,0.898891,0.526557,485,0.625,0.71875,27,21,True,False,0,2,0,0,2
739a0b83ffd5d643c346cfcc119b3137,pharaoh-dev-1.local,62013,dense-heldout,512x512x12,heldout,completed,lava-shield revision 1 seed 62013 [complete]: ,100,3,100,9,75,12,100,12,9,100,9,100,8,0.921824,0.551586,443,0.625,0.71875,27,21,True,True,0,2,0,0,2
c9bee77e5902c20418d5fbf52325db9d,pharaoh-dev-1.local,62014,dense-heldout,512x512x12,heldout,completed,lava-shield revision 1 seed 62014 [complete]: ,100,3,100,9,75,12,100,12,9,100,9,100,8,0.882355,0.510393,598,0.625,0.71875,27,22,True,False,0,2,0,0,2
d9bc26bd5b1df19d3eddfe169afcec2c,pharaoh-dev-1.local,62015,dense-heldout,512x512x12,heldout,completed,lava-shield revision 1 seed 62015 [complete]: ,100,3,100,9,75,12,100,12,9,100,9,100,8,0.904784,0.530938,315,0.583333,0.65625,27,20,True,False,0,2,0,0,2
1a118d79fc665b13cd21116a0c94e2b7,pharaoh-dev-3.local,62016,dense-heldout,512x512x12,heldout,completed,lava-shield revision 1 seed 62016 [complete]: ,100,3,100,9,75,12,100,12,9,100,9,100,8,0.887783,0.514293,538,0.625,0.6875,27,22,True,False,0,2,0,0,2
b5c18c0657337c81b37f13819bbef514,pharaoh-dev-3.local,62017,dense-heldout,512x512x12,heldout,completed,lava-shield revision 1 seed 62017 [complete]: ,100,3,100,9,75,12,100,12,9,100,9,100,8,0.896175,0.515896,511,0.625,0.65625,27,21,True,False,0,2,0,0,2
7ba1de6a8f3fe682353d53890e03d347,pharaoh-dev-3.local,62018,dense-heldout,512x512x12,heldout,completed,lava-shield revision 1 seed 62018 [complete]: ,100,3,100,9,75,12,100,12,9,100,9,100,8,0.929559,0.565141,719,0.625,0.6875,27,23,False,False,0,2,0,0,2
7bd1c445e4f560be7fa2a62cf3db796f,pharaoh-dev-3.local,62019,dense-heldout,512x512x12,heldout,completed,lava-shield revision 1 seed 62019 [complete]: ,100,3,100,9,75,12,100,12,9,100,9,100,8,0.922687,0.552042,541,0.625,0.6875,27,24,True,False,0,2,0,0,2
59a825f478ad42dbf2ed70a068189bcb,therig.local,62020,dense-heldout,512x512x12,heldout,completed,lava-shield revision 1 seed 62020 [complete]: ,100,3,100,9,75,12,100,12,9,100,9,100,8,0.903369,0.531118,764,0.625,0.6875,27,20,True,False,0,2,0,0,2
b9f9ead854c5c99975e03fcb6fd56922,therig.local,62021,dense-heldout,512x512x12,heldout,completed,lava-shield revision 1 seed 62021 [complete]: ,100,3,100,9,75,12,100,12,9,100,9,100,8,0.890193,0.513805,425,0.625,0.71875,27,25,True,False,0,2,0,0,2
8b4aea4d643ba6d48ce8b1553a653e5d,therig.local,62022,dense-heldout,512x512x12,heldout,completed,lava-shield revision 1 seed 62022 [complete]: ,100,3,100,9,75,12,100,12,9,100,9,100,8,0.888277,0.510009,634,0.583333,0.71875,27,22,True,True,0,2,0,0,2
cfd0966b3692a03084d1f4c399967a85,therig.local,62023,dense-heldout,512x512x12,heldout,completed,lava-shield revision 1 seed 62023 [complete]: ,100,3,100,9,75,12,100,12,9,100,9,100,8,0.873963,0.496514,600,0.583333,0.71875,27,23,True,False,0,2,0,0,2
0617bbfd9732850eea50b06ad80cf66e,therig.local,62024,dense-heldout,512x512x12,heldout,completed,lava-shield revision 1 seed 62024 [complete]: ,100,3,100,9,75,12,100,12,9,100,9,100,8,0.887383,0.51266,536,0.625,0.625,27,20,True,True,0,2,0,0,2
