study,job,generator,seed,width,height,teams,category,hard,soft,diagnostic
service-bulk-boundaries,aebed9f531394af0f96c37171e680031,34,20001,8,8,4,success,,,sierpinski-gardens revision 1 seed 20001 [complete]:
service-bulk-boundaries,3679f76ed56a96a8c53426b5aa039406,34,20002,8,8,4,success,,,sierpinski-gardens revision 1 seed 20002 [complete]:
service-bulk-boundaries,35a76a98670e17fa9da029fbba0cb4bb,34,30001,8,8,4,success,,,sierpinski-gardens revision 1 seed 30001 [complete]:
service-bulk-boundaries,30d8db1edd92a49ec8bb397808a707f3,34,30002,8,8,4,success,,,sierpinski-gardens revision 1 seed 30002 [complete]:
service-bulk-boundaries,b4776d65a41522de631573b74a215d22,34,20001,8,8,4,success,,,sierpinski-gardens revision 1 seed 20001 [complete]:
service-bulk-boundaries,c8a42d4d4e6cb210718ab7a3b9c744de,34,20002,8,8,4,success,,,sierpinski-gardens revision 1 seed 20002 [complete]:
service-bulk-boundaries,d182ecf8e938f32c8fe6b9ce384d917c,34,30001,8,8,4,success,,,sierpinski-gardens revision 1 seed 30001 [complete]:
service-bulk-boundaries,785c4451075fd731319f302531157037,34,30002,8,8,4,success,,,sierpinski-gardens revision 1 seed 30002 [complete]:
service-bulk-boundaries,d01858dc941419a7399ac0f5dfbaf191,34,20001,8,8,4,success,,,sierpinski-gardens revision 1 seed 20001 [complete]:
service-bulk-boundaries,ac92bff89d2a28f6014811ca8e9aac24,34,20002,8,8,4,success,,,sierpinski-gardens revision 1 seed 20002 [complete]:
service-bulk-boundaries,9476c842f8a54e96eccea00da0d614f8,34,30001,8,8,4,success,,,sierpinski-gardens revision 1 seed 30001 [complete]:
service-bulk-boundaries,e0f86aa3d8004f2fa4002fecee425488,34,30002,8,8,4,success,,,sierpinski-gardens revision 1 seed 30002 [complete]:
service-bulk-boundaries,5dfc1c9c28ca5ed8209ab5bb8b364fdd,34,20001,8,8,4,success,,,sierpinski-gardens revision 1 seed 20001 [complete]:
service-bulk-boundaries,c093a45a0d40860223676fb3f363432f,34,20002,8,8,4,success,,,sierpinski-gardens revision 1 seed 20002 [complete]:
service-bulk-boundaries,f408efa3b52b6b8d7e6b7dcf4c6416f9,34,30001,8,8,4,success,,,sierpinski-gardens revision 1 seed 30001 [complete]:
service-bulk-boundaries,5af036ee788ed396e5273d5644439e2e,34,30002,8,8,4,success,,,sierpinski-gardens revision 1 seed 30002 [complete]:
service-bulk-boundaries,a1466b42707d0bf13f200f1d4abba600,34,20001,8,8,4,success,,,sierpinski-gardens revision 1 seed 20001 [complete]:
service-bulk-boundaries,fd6a00b9d082dece396ccaccba6e5fb9,34,20002,8,8,4,success,,,sierpinski-gardens revision 1 seed 20002 [complete]:
service-bulk-boundaries,c55c16a023c9ae2222de46c453cc13f5,34,30001,8,8,4,success,,,sierpinski-gardens revision 1 seed 30001 [complete]:
service-bulk-boundaries,d72ed21b76491d419857866c5ac28f22,34,30002,8,8,4,success,,,sierpinski-gardens revision 1 seed 30002 [complete]:
service-bulk-boundaries,0a1b4ce0178a6383b63f38dc8d77dda8,34,20001,8,8,4,success,,,sierpinski-gardens revision 1 seed 20001 [complete]:
service-bulk-boundaries,f3d73e3db67795e4247ea4dbea500bea,34,20002,8,8,4,success,,,sierpinski-gardens revision 1 seed 20002 [complete]:
service-bulk-boundaries,e881f6205ff1ba582701c57532b70c45,34,30001,8,8,4,success,,,sierpinski-gardens revision 1 seed 30001 [complete]:
service-bulk-boundaries,016f99f25a23bf8dcad11e78ebd6a94a,34,30002,8,8,4,success,,,sierpinski-gardens revision 1 seed 30002 [complete]:
service-bulk-boundaries,3919c9195e0591e251e4a2d7b6a091d7,34,20001,8,8,4,success,,,sierpinski-gardens revision 1 seed 20001 [complete]:
service-bulk-boundaries,a06a48140aa715feceb31c3069d941d7,34,20002,8,8,4,success,,,sierpinski-gardens revision 1 seed 20002 [complete]:
service-bulk-boundaries,0c36947e540213a4e3c12e3e3095db37,34,30001,8,8,4,success,,,sierpinski-gardens revision 1 seed 30001 [complete]:
service-bulk-boundaries,df3fc9815643180dfd816d386e4f8ffa,34,30002,8,8,4,success,,,sierpinski-gardens revision 1 seed 30002 [complete]:
service-bulk-boundaries,462b34244d9ebc73cbb69963366e684e,34,20001,8,8,4,success,,,sierpinski-gardens revision 1 seed 20001 [complete]:
service-bulk-boundaries,e80e6ea825945875d95223aeb2c3ac53,34,20002,8,8,4,success,,,sierpinski-gardens revision 1 seed 20002 [complete]:
service-bulk-boundaries,ab5a45978f9a28dd066a6532701cead3,34,30001,8,8,4,success,,,sierpinski-gardens revision 1 seed 30001 [complete]:
service-bulk-boundaries,b7c36d6548aebab6c06a033de867b640,34,30002,8,8,4,success,,,sierpinski-gardens revision 1 seed 30002 [complete]:
service-bulk-boundaries,8e68311b34206d7ecbd734e546b13c23,34,20001,8,8,4,success,,,sierpinski-gardens revision 1 seed 20001 [complete]:
service-bulk-boundaries,1e9b53b29aefd82d64ba8b1e1d1f9051,34,20002,8,8,4,success,,,sierpinski-gardens revision 1 seed 20002 [complete]:
service-bulk-boundaries,d12819b76de5f41e5bf29807ceb64d75,34,30001,8,8,4,success,,,sierpinski-gardens revision 1 seed 30001 [complete]:
service-bulk-boundaries,cf37aad0c0b253e8fe48523f75011fcb,34,30002,8,8,4,success,,,sierpinski-gardens revision 1 seed 30002 [complete]:
service-bulk-boundaries,2cc5de527892b2f3860cb192c2007852,34,20001,8,8,4,success,,,sierpinski-gardens revision 1 seed 20001 [complete]:
service-bulk-boundaries,fda3b3982d48ffa6c4e665361445c404,34,20002,8,8,4,success,,,sierpinski-gardens revision 1 seed 20002 [complete]:
service-bulk-boundaries,61643f6afdf92c3337337bbbf3fe1e03,34,30001,8,8,4,success,,,sierpinski-gardens revision 1 seed 30001 [complete]:
service-bulk-boundaries,cc61ee0aa58ff20183c9210154b70f3b,34,30002,8,8,4,success,,,sierpinski-gardens revision 1 seed 30002 [complete]:
service-bulk-boundaries,f40dcdf634ea4b538e04494ed558e266,34,20001,8,8,4,success,,,sierpinski-gardens revision 1 seed 20001 [complete]:
service-bulk-boundaries,f6cb0a8ac5d28bb6e015fbda95d87e74,34,20002,8,8,4,success,,,sierpinski-gardens revision 1 seed 20002 [complete]:
service-bulk-boundaries,555fdff56733da477371a2d20d8432cd,34,30001,8,8,4,success,,,sierpinski-gardens revision 1 seed 30001 [complete]:
service-bulk-boundaries,46c9aedb255e0b741ea87cc9b5abfdb1,34,30002,8,8,4,success,,,sierpinski-gardens revision 1 seed 30002 [complete]:
service-bulk-boundaries,0e7c977b1a59343be891203382ae7a24,34,20001,8,8,4,success,,,sierpinski-gardens revision 1 seed 20001 [complete]:
service-bulk-boundaries,e2331a011ddbc16a4f566d285eb2fdf8,34,20002,8,8,4,success,,,sierpinski-gardens revision 1 seed 20002 [complete]:
service-bulk-boundaries,2b098ed9c0577661486c805aa0c943fc,34,30001,8,8,4,success,,,sierpinski-gardens revision 1 seed 30001 [complete]:
service-bulk-boundaries,bdffc36520dcd274c50ac31b98f26116,34,30002,8,8,4,success,,,sierpinski-gardens revision 1 seed 30002 [complete]:
service-bulk-boundaries,47318303e59000c6bc003ce1e7aae758,34,20001,8,8,4,success,,,sierpinski-gardens revision 1 seed 20001 [complete]:
service-bulk-boundaries,caf7a8be0d683951abbee922a749c980,34,20002,8,8,4,success,,,sierpinski-gardens revision 1 seed 20002 [complete]:
service-bulk-boundaries,6dab76153efe2aa2a478a4ff43792f65,34,30001,8,8,4,success,,,sierpinski-gardens revision 1 seed 30001 [complete]:
service-bulk-boundaries,6bd2a5b69ce76b0eb5a9cdcf0fa384b4,34,30002,8,8,4,success,,,sierpinski-gardens revision 1 seed 30002 [complete]:
service-bulk-boundaries,04024dae0a11a53eb40954807315df50,34,20001,8,8,4,success,,,sierpinski-gardens revision 1 seed 20001 [complete]:
service-bulk-boundaries,889982ed2a29a99d5625e1b4c057f0f7,34,20002,8,8,4,success,,,sierpinski-gardens revision 1 seed 20002 [complete]:
service-bulk-boundaries,2dabcb5a70e16af0cb94fc12816ed04e,34,30001,8,8,4,success,,,sierpinski-gardens revision 1 seed 30001 [complete]:
service-bulk-boundaries,77d118276fc3eaf95ccd7116b7d622f2,34,30002,8,8,4,success,,,sierpinski-gardens revision 1 seed 30002 [complete]:
service-bulk-boundaries,123b8866d4ecc9b8fefad7fc11774e23,34,20001,8,8,4,success,,,sierpinski-gardens revision 1 seed 20001 [complete]:
service-bulk-boundaries,64ec4393f3256928cf6c291940943410,34,20002,8,8,4,success,,,sierpinski-gardens revision 1 seed 20002 [complete]:
service-bulk-boundaries,8d24fea19b6586aa3871f3e5a2abac6a,34,30001,8,8,4,success,,,sierpinski-gardens revision 1 seed 30001 [complete]:
service-bulk-boundaries,b9c51116df280496b877a2a70e6abc52,34,30002,8,8,4,success,,,sierpinski-gardens revision 1 seed 30002 [complete]:
service-bulk-boundaries,831576b894eeed8d7a71f6f7b4e6f361,34,20001,8,8,4,success,,,sierpinski-gardens revision 1 seed 20001 [complete]:
service-bulk-boundaries,6c715c2642c91b52778578073be9d03f,34,20002,8,8,4,success,,,sierpinski-gardens revision 1 seed 20002 [complete]:
service-bulk-boundaries,94bccf5c7a312616bda4671cb53a1c2c,34,30001,8,8,4,success,,,sierpinski-gardens revision 1 seed 30001 [complete]:
service-bulk-boundaries,703dc4954335aa3851d7f90557eb4f89,34,30002,8,8,4,success,,,sierpinski-gardens revision 1 seed 30002 [complete]:
service-bulk-boundaries,0832b5b6093357c4b5ad527882896a3e,34,20001,8,8,4,success,,,sierpinski-gardens revision 1 seed 20001 [complete]:
service-bulk-boundaries,6e4243eb21c04009bb3b8d629b5855df,34,20002,8,8,4,success,,,sierpinski-gardens revision 1 seed 20002 [complete]:
service-bulk-boundaries,8f43247aec2267fe89b5c2df39085345,34,30001,8,8,4,success,,,sierpinski-gardens revision 1 seed 30001 [complete]:
service-bulk-boundaries,0323659a39dd6879e43c205f52f9111b,34,30002,8,8,4,success,,,sierpinski-gardens revision 1 seed 30002 [complete]:
service-bulk-boundaries,9e2a13e9758f5d85893fd682e70e9a10,34,20001,8,8,4,success,,,sierpinski-gardens revision 1 seed 20001 [complete]:
service-bulk-boundaries,1d57462a571c841aaa150ae275a0b01a,34,20002,8,8,4,success,,,sierpinski-gardens revision 1 seed 20002 [complete]:
service-bulk-boundaries,e4320f5ccaf8a1f23aff0251a0348512,34,30001,8,8,4,success,,,sierpinski-gardens revision 1 seed 30001 [complete]:
service-bulk-boundaries,7d3b881f99d347e607caf4066f3a27fa,34,30002,8,8,4,success,,,sierpinski-gardens revision 1 seed 30002 [complete]:
service-bulk-boundaries,f48318ae072e1c1f2f71cbc49f824bb7,34,20001,8,8,4,success,,,sierpinski-gardens revision 1 seed 20001 [complete]:
service-bulk-boundaries,7a215e1480aef81570464ccbfc5451a3,34,20002,8,8,4,success,,,sierpinski-gardens revision 1 seed 20002 [complete]:
service-bulk-boundaries,4f74c9fb47ac5b6e7cfb8a788fea2cfb,34,30001,8,8,4,success,,,sierpinski-gardens revision 1 seed 30001 [complete]:
service-bulk-boundaries,6503d331c55ccad39bfcd1de08536860,34,30002,8,8,4,success,,,sierpinski-gardens revision 1 seed 30002 [complete]:
service-bulk-boundaries,1934ba13dd599099e070d57192988a52,34,20001,8,8,4,success,,,sierpinski-gardens revision 1 seed 20001 [complete]:
service-bulk-boundaries,1bd281132a9f86534596f27759dbbcfa,34,20002,8,8,4,success,,,sierpinski-gardens revision 1 seed 20002 [complete]:
service-bulk-boundaries,feabd5df2e3817ab04d5f5df5af757d3,34,30001,8,8,4,success,,,sierpinski-gardens revision 1 seed 30001 [complete]:
service-bulk-boundaries,3328c5a7c8c76fa510c6305e93453272,34,30002,8,8,4,success,,,sierpinski-gardens revision 1 seed 30002 [complete]:
service-bulk-boundaries,efd1de409a55634ae3f71572c5bb998d,34,20001,8,8,4,success,,,sierpinski-gardens revision 1 seed 20001 [complete]:
service-bulk-boundaries,652317117fba0526384705dc25bc3c8d,34,20002,8,8,4,success,,,sierpinski-gardens revision 1 seed 20002 [complete]:
service-bulk-boundaries,6879b9b970b723a8c5eb88add3cb78ae,34,30001,8,8,4,success,,,sierpinski-gardens revision 1 seed 30001 [complete]:
service-bulk-boundaries,396453705b41a013969d73f322014f02,34,30002,8,8,4,success,,,sierpinski-gardens revision 1 seed 30002 [complete]:
service-bulk-boundaries,927bfb9681ba9712edded85640fd09ca,34,20001,8,8,4,success,,,sierpinski-gardens revision 1 seed 20001 [complete]:
service-bulk-boundaries,7076576e33130e5444e45b1165829d99,34,20002,8,8,4,success,,,sierpinski-gardens revision 1 seed 20002 [complete]:
service-bulk-boundaries,a30b9ec060aa148cf5e43f13d7b0e831,34,30001,8,8,4,success,,,sierpinski-gardens revision 1 seed 30001 [complete]:
service-bulk-boundaries,4ea3117aa61e2aa2348c906cbed57c03,34,30002,8,8,4,success,,,sierpinski-gardens revision 1 seed 30002 [complete]:
service-bulk-boundaries,a45a56960caae637a58523821762551b,34,20001,8,8,4,success,,,sierpinski-gardens revision 1 seed 20001 [complete]:
service-bulk-boundaries,1a2cd46664739926f3bd0e6e1581f21a,34,20002,8,8,4,success,,,sierpinski-gardens revision 1 seed 20002 [complete]:
service-bulk-boundaries,b21d494bd3564dc6c77be649ac45ed66,34,30001,8,8,4,success,,,sierpinski-gardens revision 1 seed 30001 [complete]:
service-bulk-boundaries,b08662db9db5e453779d06d2dd9c523b,34,30002,8,8,4,success,,,sierpinski-gardens revision 1 seed 30002 [complete]:
service-bulk-boundaries,1336dd3537b969a26071b3c7f9f5839e,34,20001,8,8,4,success,,,sierpinski-gardens revision 1 seed 20001 [complete]:
service-bulk-boundaries,835867f707c2f267802232ed8fa1a10a,34,20002,8,8,4,success,,,sierpinski-gardens revision 1 seed 20002 [complete]:
service-bulk-boundaries,4fc5e36ed89a0977a50808ae7374d134,34,30001,8,8,4,success,,,sierpinski-gardens revision 1 seed 30001 [complete]:
service-bulk-boundaries,15c1f67a842687d1084be3852016e8e7,34,30002,8,8,4,success,,,sierpinski-gardens revision 1 seed 30002 [complete]:
service-bulk-boundaries,7a1b252c9af4d988bac9be782dc883de,34,20001,7,7,2,success,,,sierpinski-gardens revision 1 seed 20001 [complete]:
service-bulk-boundaries,56f4bf9d3d230fe5b1dc84c004c0f232,34,20002,7,7,2,success,,,sierpinski-gardens revision 1 seed 20002 [complete]:
service-bulk-boundaries,ff939b0152725bd0c35a888bfefaebe5,34,30001,7,7,2,success,,,sierpinski-gardens revision 1 seed 30001 [complete]:
service-bulk-boundaries,59c184467862b639cb8057cbfe1fed05,34,30002,7,7,2,success,,,sierpinski-gardens revision 1 seed 30002 [complete]:
service-bulk-boundaries,2a3a7fa50fdb76ced17a568084347e5d,34,20001,7,9,8,success,,,sierpinski-gardens revision 1 seed 20001 [complete]:
service-bulk-boundaries,30fbe60f3bc649fbe83f6ae70648d0d3,34,20002,7,9,8,success,,,sierpinski-gardens revision 1 seed 20002 [complete]:
service-bulk-boundaries,2ee14ba89ba2abc00e1b2327a4c3899e,34,30001,7,9,8,success,,,sierpinski-gardens revision 1 seed 30001 [complete]:
service-bulk-boundaries,7078ec6079080f35e807097f7c9dbc22,34,30002,7,9,8,success,,,sierpinski-gardens revision 1 seed 30002 [complete]:
service-bulk-boundaries,bc159167806658343ea9b9e331c09f48,34,20001,9,7,8,success,,,sierpinski-gardens revision 1 seed 20001 [complete]:
service-bulk-boundaries,e5e87ab828d78602158edf74d1dd6268,34,20002,9,7,8,success,,,sierpinski-gardens revision 1 seed 20002 [complete]:
service-bulk-boundaries,4dee101c4a738fd60cc3137e110479d6,34,30001,9,7,8,success,,,sierpinski-gardens revision 1 seed 30001 [complete]:
service-bulk-boundaries,78d363a168df1843cfc31aeb8805d516,34,30002,9,7,8,success,,,sierpinski-gardens revision 1 seed 30002 [complete]:
service-bulk-boundaries,61f88d4db0dcb2e8ae9d2ff3a3c3790c,34,20001,9,9,8,success,,,sierpinski-gardens revision 1 seed 20001 [complete]:
service-bulk-boundaries,bcfa6b2184b912d4e8419986c836ac0f,34,20002,9,9,8,success,,,sierpinski-gardens revision 1 seed 20002 [complete]:
service-bulk-boundaries,1a180173f27b682f086c0af42355be3e,34,30001,9,9,8,success,,,sierpinski-gardens revision 1 seed 30001 [complete]:
service-bulk-boundaries,65764fde03ec2d619a1584f60672b50a,34,30002,9,9,8,success,,,sierpinski-gardens revision 1 seed 30002 [complete]:
service-bulk-boundaries,7e5d1f0a0087b3ce6a0caba14d838045,34,20001,8,8,4,success,,,sierpinski-gardens revision 1 seed 20001 [complete]:
service-bulk-boundaries,27a3d63f83920fabbec815fdf9c6e417,34,20002,8,8,4,success,,,sierpinski-gardens revision 1 seed 20002 [complete]:
service-bulk-boundaries,c4b5d2f9ed972272b9817145b5fe9554,34,30001,8,8,4,success,,,sierpinski-gardens revision 1 seed 30001 [complete]:
service-bulk-boundaries,1e7d340d7e009e04fb264c59771a63b0,34,30002,8,8,4,success,,,sierpinski-gardens revision 1 seed 30002 [complete]:
service-bulk-boundaries,9cfca2b5a8eb21fcb8178df89eb6fc2b,34,20001,7,7,2,success,,,sierpinski-gardens revision 1 seed 20001 [complete]:
service-bulk-boundaries,40782bed10d35f9720c29060081b309e,34,20002,7,7,2,success,,,sierpinski-gardens revision 1 seed 20002 [complete]:
service-bulk-boundaries,95316115e9eb95448b62b722f5f266dd,34,30001,7,7,2,success,,,sierpinski-gardens revision 1 seed 30001 [complete]:
service-bulk-boundaries,805c608500d2c7cafe7264438175c4b0,34,30002,7,7,2,success,,,sierpinski-gardens revision 1 seed 30002 [complete]:
service-bulk-boundaries,d9ab9583df99837994f532a7239c6d52,34,20001,7,9,8,success,,,sierpinski-gardens revision 1 seed 20001 [complete]:
service-bulk-boundaries,04fe14f680ded35b6a72337fbd75ebd0,34,20002,7,9,8,success,,,sierpinski-gardens revision 1 seed 20002 [complete]:
service-bulk-boundaries,601a40ff8bcd4cdcfa64162d1d7b64b9,34,30001,7,9,8,success,,,sierpinski-gardens revision 1 seed 30001 [complete]:
service-bulk-boundaries,cfd9bea5a2e3834483d0f48e639639d5,34,30002,7,9,8,success,,,sierpinski-gardens revision 1 seed 30002 [complete]:
service-bulk-boundaries,e8ba696fba1c4b4c44889c5c74aadbb2,34,20001,9,7,8,success,,,sierpinski-gardens revision 1 seed 20001 [complete]:
service-bulk-boundaries,c581a8db1b4a640a9e1fa57590dcb69d,34,20002,9,7,8,success,,,sierpinski-gardens revision 1 seed 20002 [complete]:
service-bulk-boundaries,5b8596ab03339bf4c9acb0dac7e63637,34,30001,9,7,8,success,,,sierpinski-gardens revision 1 seed 30001 [complete]:
service-bulk-boundaries,5a3718141239053b3510de2e4d17cc10,34,30002,9,7,8,success,,,sierpinski-gardens revision 1 seed 30002 [complete]:
service-bulk-boundaries,9e861b40dadf95d145eb1e50ecc462e6,34,20001,9,9,8,success,,,sierpinski-gardens revision 1 seed 20001 [complete]:
service-bulk-boundaries,32bf340c1ef6735d1e0c8feab2c2e246,34,20002,9,9,8,success,,,sierpinski-gardens revision 1 seed 20002 [complete]:
service-bulk-boundaries,81251c7c9835797110ed2317baa89088,34,30001,9,9,8,success,,,sierpinski-gardens revision 1 seed 30001 [complete]:
service-bulk-boundaries,a68f4ccc1004866d527c37fb91dcfc45,34,30002,9,9,8,success,,,sierpinski-gardens revision 1 seed 30002 [complete]:
service-bulk-boundaries,3b55091ad3786d30af9ff83f75e3164a,34,20001,8,8,4,success,,,sierpinski-gardens revision 1 seed 20001 [complete]:
service-bulk-boundaries,495ad8b6d44ca365a714e27a85e5f022,34,20002,8,8,4,success,,,sierpinski-gardens revision 1 seed 20002 [complete]:
service-bulk-boundaries,511f512dc43c405f19183a728ccc4f78,34,30001,8,8,4,success,,,sierpinski-gardens revision 1 seed 30001 [complete]:
service-bulk-boundaries,c5010809860f5931d52c6d1b2573b95b,34,30002,8,8,4,success,,,sierpinski-gardens revision 1 seed 30002 [complete]:
service-bulk-boundaries,d1fe923e154bc203c792f34e0a5b2e0a,35,20001,8,8,4,success,,,hilbert-river revision 1 seed 20001 [complete]:
service-bulk-boundaries,3b4e59ad1a891c9d37c135110c6097dc,35,20002,8,8,4,success,,,hilbert-river revision 1 seed 20002 [complete]:
service-bulk-boundaries,59f61c8dffdcce8d82d7925d39cb6839,35,30001,8,8,4,success,,,hilbert-river revision 1 seed 30001 [complete]:
service-bulk-boundaries,10d9bd62825ff2906bc0f74f5d1384df,35,30002,8,8,4,success,,,hilbert-river revision 1 seed 30002 [complete]:
service-bulk-boundaries,be579f66002ea844025af9ec55069207,35,20001,8,8,4,success,,,hilbert-river revision 1 seed 20001 [complete]:
service-bulk-boundaries,ed732d8e3ac3087e18deddc114db3a3f,35,20002,8,8,4,success,,,hilbert-river revision 1 seed 20002 [complete]:
service-bulk-boundaries,33233502083a55aa29ef4081ac7386e3,35,30001,8,8,4,success,,,hilbert-river revision 1 seed 30001 [complete]:
service-bulk-boundaries,8ac71e05d626981b34d46b46101df0d0,35,30002,8,8,4,success,,,hilbert-river revision 1 seed 30002 [complete]:
service-bulk-boundaries,d362eb0732fb20373100fba2029558fe,35,20001,8,8,4,success,,,hilbert-river revision 1 seed 20001 [complete]:
service-bulk-boundaries,4e01f6096b7376c3b3a656fc743f4bd9,35,20002,8,8,4,success,,,hilbert-river revision 1 seed 20002 [complete]:
service-bulk-boundaries,407b7bdbe192c939a6ab23fbe19e2638,35,30001,8,8,4,success,,,hilbert-river revision 1 seed 30001 [complete]:
service-bulk-boundaries,d80a925add71d19e64e090b2747902dd,35,30002,8,8,4,success,,,hilbert-river revision 1 seed 30002 [complete]:
service-bulk-boundaries,e58ab5600300801885cbd4654b5f40cb,35,20001,8,8,4,success,,,hilbert-river revision 1 seed 20001 [complete]:
service-bulk-boundaries,fdf029d15804edb812c1e7b912bdc4df,35,20002,8,8,4,success,,,hilbert-river revision 1 seed 20002 [complete]:
service-bulk-boundaries,f462e6da91a4cf4c24b287a498b2e474,35,30001,8,8,4,success,,,hilbert-river revision 1 seed 30001 [complete]:
service-bulk-boundaries,c72b280522b663fc28ca2de2e4569b63,35,30002,8,8,4,success,,,hilbert-river revision 1 seed 30002 [complete]:
service-bulk-boundaries,e9ccb54ba3bc94d631e40c453e3c7cef,35,20001,8,8,4,success,,,hilbert-river revision 1 seed 20001 [complete]:
service-bulk-boundaries,4d4ff19063e1d8261b0962d393dbd3d6,35,20002,8,8,4,success,,,hilbert-river revision 1 seed 20002 [complete]:
service-bulk-boundaries,21b1da1be2c335be652fa45a9629232d,35,30001,8,8,4,success,,,hilbert-river revision 1 seed 30001 [complete]:
service-bulk-boundaries,d7d94f4dd9458c6ab60e90aea3d41edc,35,30002,8,8,4,success,,,hilbert-river revision 1 seed 30002 [complete]:
service-bulk-boundaries,4ec27168fd8cc35e9ff1b9a0fbd6f57d,35,20001,8,8,4,success,,,hilbert-river revision 1 seed 20001 [complete]:
service-bulk-boundaries,252798dff3570a66bab33b1213057de6,35,20002,8,8,4,success,,,hilbert-river revision 1 seed 20002 [complete]:
service-bulk-boundaries,2fce281bc76abceef7400af6af75bff4,35,30001,8,8,4,success,,,hilbert-river revision 1 seed 30001 [complete]:
service-bulk-boundaries,83c0e9a421cd14e5ac82b2d26493243e,35,30002,8,8,4,success,,,hilbert-river revision 1 seed 30002 [complete]:
service-bulk-boundaries,3765be16b248ab70827ec05d5b4519aa,35,20001,8,8,4,success,,,hilbert-river revision 1 seed 20001 [complete]:
service-bulk-boundaries,950af14171e969f1f52bbadd613961f4,35,20002,8,8,4,success,,,hilbert-river revision 1 seed 20002 [complete]:
service-bulk-boundaries,ab9023cc629bf7f57ee23b8977b96f1d,35,30001,8,8,4,success,,,hilbert-river revision 1 seed 30001 [complete]:
service-bulk-boundaries,861ba42f07aaa07d3af95205023e58fc,35,30002,8,8,4,success,,,hilbert-river revision 1 seed 30002 [complete]:
service-bulk-boundaries,036718deb8744e5d5522cc085b556c48,35,20001,8,8,4,success,,,hilbert-river revision 1 seed 20001 [complete]:
service-bulk-boundaries,5fb943bd80b9cb453e0799086efbe2b6,35,20002,8,8,4,success,,,hilbert-river revision 1 seed 20002 [complete]:
service-bulk-boundaries,106174516d7596ae6bc67e923d9b97d3,35,30001,8,8,4,success,,,hilbert-river revision 1 seed 30001 [complete]:
service-bulk-boundaries,3029bfdb18b3bec15c86ea4213f1bd8f,35,30002,8,8,4,success,,,hilbert-river revision 1 seed 30002 [complete]:
service-bulk-boundaries,d8d205cdc554a0a4daa2220068a5ae76,35,20001,8,8,4,success,,,hilbert-river revision 1 seed 20001 [complete]:
service-bulk-boundaries,1d59efca0dca52855c94731791e23496,35,20002,8,8,4,success,,,hilbert-river revision 1 seed 20002 [complete]:
service-bulk-boundaries,9cbe563d444d65c7cb0dabf413f6f7e1,35,30001,8,8,4,success,,,hilbert-river revision 1 seed 30001 [complete]:
service-bulk-boundaries,f8e89f57b33bcad1c16852fb33c79311,35,30002,8,8,4,success,,,hilbert-river revision 1 seed 30002 [complete]:
service-bulk-boundaries,65597127e6d02c5ce8ab13ca1a052bf7,35,20001,8,8,4,success,,,hilbert-river revision 1 seed 20001 [complete]:
service-bulk-boundaries,08a05ce7f314bf24fb28b9205019f376,35,20002,8,8,4,success,,,hilbert-river revision 1 seed 20002 [complete]:
service-bulk-boundaries,ff8534a581eff68c9d4a6a0de85f7d13,35,30001,8,8,4,success,,,hilbert-river revision 1 seed 30001 [complete]:
service-bulk-boundaries,2dc85ca9302fe64eb0f208ade6d41317,35,30002,8,8,4,success,,,hilbert-river revision 1 seed 30002 [complete]:
service-bulk-boundaries,7acdd4c1125f2678f1e2b28fbb4a0614,35,20001,8,8,4,success,,,hilbert-river revision 1 seed 20001 [complete]:
service-bulk-boundaries,b1fa0696edab101294e13bec09e2d5d7,35,20002,8,8,4,success,,,hilbert-river revision 1 seed 20002 [complete]:
service-bulk-boundaries,09f2593616e3f0ea55ff225079aea802,35,30001,8,8,4,success,,,hilbert-river revision 1 seed 30001 [complete]:
service-bulk-boundaries,ed05e0b467f55c216a726fdca1dd23cb,35,30002,8,8,4,success,,,hilbert-river revision 1 seed 30002 [complete]:
service-bulk-boundaries,e5679ce8fe6fb72e3b09a6f51d888fd9,35,20001,8,8,4,success,,,hilbert-river revision 1 seed 20001 [complete]:
service-bulk-boundaries,d0322368f65f68d6796874703193c127,35,20002,8,8,4,success,,,hilbert-river revision 1 seed 20002 [complete]:
service-bulk-boundaries,887df4358148de5df55b93fef6d63139,35,30001,8,8,4,success,,,hilbert-river revision 1 seed 30001 [complete]:
service-bulk-boundaries,06fc73922a0d18a662aa1498d9cd4e96,35,30002,8,8,4,success,,,hilbert-river revision 1 seed 30002 [complete]:
service-bulk-boundaries,8d3b863909309575bbc340ef0cae7a88,35,20001,8,8,4,success,,,hilbert-river revision 1 seed 20001 [complete]:
service-bulk-boundaries,832ea8a766e1e1a9fb166f78a64db006,35,20002,8,8,4,success,,,hilbert-river revision 1 seed 20002 [complete]:
service-bulk-boundaries,70e2c5e57cc434731515d3a125e6f19a,35,30001,8,8,4,success,,,hilbert-river revision 1 seed 30001 [complete]:
service-bulk-boundaries,91d58f9312d2d663cd96b46cd2a3c7e2,35,30002,8,8,4,success,,,hilbert-river revision 1 seed 30002 [complete]:
service-bulk-boundaries,98b858ab5d75e76cd0030840f4a58141,35,20001,8,8,4,success,,,hilbert-river revision 1 seed 20001 [complete]:
service-bulk-boundaries,071c6e8e86a6a49e0b7a9c71570d728d,35,20002,8,8,4,success,,,hilbert-river revision 1 seed 20002 [complete]:
service-bulk-boundaries,80189a692ecb1937413aa9ed316430db,35,30001,8,8,4,success,,,hilbert-river revision 1 seed 30001 [complete]:
service-bulk-boundaries,f483a0976a247658197a68b5665fcecc,35,30002,8,8,4,success,,,hilbert-river revision 1 seed 30002 [complete]:
service-bulk-boundaries,28e9e67f1ed078b6b91fc5a642faf430,35,20001,8,8,4,success,,,hilbert-river revision 1 seed 20001 [complete]:
service-bulk-boundaries,f1997947a9af7cf5834ef4a6cfec5960,35,20002,8,8,4,success,,,hilbert-river revision 1 seed 20002 [complete]:
service-bulk-boundaries,23dcb2b1557671ae94ac50b06857c944,35,30001,8,8,4,success,,,hilbert-river revision 1 seed 30001 [complete]:
service-bulk-boundaries,d38e48a81243d001321fc4e202976a0d,35,30002,8,8,4,success,,,hilbert-river revision 1 seed 30002 [complete]:
service-bulk-boundaries,a7b61b4fb204d919d6de895c3b495297,35,20001,8,8,4,success,,,hilbert-river revision 1 seed 20001 [complete]:
service-bulk-boundaries,457efb22c95cd5dda1573a5077208bb9,35,20002,8,8,4,success,,,hilbert-river revision 1 seed 20002 [complete]:
service-bulk-boundaries,2e3e35f9daff08629bddcf8f0a0164a1,35,30001,8,8,4,success,,,hilbert-river revision 1 seed 30001 [complete]:
service-bulk-boundaries,c2ca2d70546a9beb7df921f1177d034c,35,30002,8,8,4,success,,,hilbert-river revision 1 seed 30002 [complete]:
service-bulk-boundaries,bdd04b01df6f9c5a1bcb39c811745117,35,20001,8,8,4,success,,,hilbert-river revision 1 seed 20001 [complete]:
service-bulk-boundaries,10ab1a4f1e838fd0aa2f266d0e42c0bc,35,20002,8,8,4,success,,,hilbert-river revision 1 seed 20002 [complete]:
service-bulk-boundaries,e6fa60a8e4f23f4235333b87d94a8502,35,30001,8,8,4,success,,,hilbert-river revision 1 seed 30001 [complete]:
service-bulk-boundaries,62377dc98233a19e29ff3ca471e19566,35,30002,8,8,4,success,,,hilbert-river revision 1 seed 30002 [complete]:
service-bulk-boundaries,bba66e5b7c7e1ab507134c6fe7acedee,35,20001,8,8,4,success,,,hilbert-river revision 1 seed 20001 [complete]:
service-bulk-boundaries,4825fb28a25fc79361f37de7e892671b,35,20002,8,8,4,success,,,hilbert-river revision 1 seed 20002 [complete]:
service-bulk-boundaries,2f4e562387c73793faf1921f83d25e31,35,30001,8,8,4,success,,,hilbert-river revision 1 seed 30001 [complete]:
service-bulk-boundaries,547d24c19ff309078d1e5c9373900754,35,30002,8,8,4,success,,,hilbert-river revision 1 seed 30002 [complete]:
service-bulk-boundaries,2a4114aa1d35d40763d22f621d4b0fae,35,20001,8,8,4,success,,,hilbert-river revision 1 seed 20001 [complete]:
service-bulk-boundaries,e27054262846d632085769dad3781ddf,35,20002,8,8,4,success,,,hilbert-river revision 1 seed 20002 [complete]:
service-bulk-boundaries,cfcb9244fee19be2b61bda5f89acdeb7,35,30001,8,8,4,success,,,hilbert-river revision 1 seed 30001 [complete]:
service-bulk-boundaries,c6cb60adc5b46194c7c25365d3233466,35,30002,8,8,4,success,,,hilbert-river revision 1 seed 30002 [complete]:
service-bulk-boundaries,250ee5ae6bbace2e70be09d82c2774cf,35,20001,8,8,4,success,,,hilbert-river revision 1 seed 20001 [complete]:
service-bulk-boundaries,bd68c84ee016b6279e2e08ac6da12fd2,35,20002,8,8,4,success,,,hilbert-river revision 1 seed 20002 [complete]:
service-bulk-boundaries,f80aab74fb07244bc3288c7adfc988f4,35,30001,8,8,4,success,,,hilbert-river revision 1 seed 30001 [complete]:
service-bulk-boundaries,c4c94aa18a7b8e8cb44aebd8135df811,35,30002,8,8,4,success,,,hilbert-river revision 1 seed 30002 [complete]:
service-bulk-boundaries,601ec10a18e0b5343392673bb9503a8e,35,20001,8,8,4,success,,,hilbert-river revision 1 seed 20001 [complete]:
service-bulk-boundaries,052ac6648207a01280b0053863a21908,35,20002,8,8,4,success,,,hilbert-river revision 1 seed 20002 [complete]:
service-bulk-boundaries,fe0af72dda0e45779f3a37068e28337f,35,30001,8,8,4,success,,,hilbert-river revision 1 seed 30001 [complete]:
service-bulk-boundaries,4a5d2e4aa33bc5cfea6bdc9d9fa4f248,35,30002,8,8,4,success,,,hilbert-river revision 1 seed 30002 [complete]:
service-bulk-boundaries,190e5da27745b72da7f052c149298cb0,35,20001,8,8,4,success,,,hilbert-river revision 1 seed 20001 [complete]:
service-bulk-boundaries,c11f07be465c18ca2596f362ea95f990,35,20002,8,8,4,success,,,hilbert-river revision 1 seed 20002 [complete]:
service-bulk-boundaries,1bcfcf93cccff7eb8059c891eac2ad0c,35,30001,8,8,4,success,,,hilbert-river revision 1 seed 30001 [complete]:
service-bulk-boundaries,89a4b2f1f29581458a9378bb940cae9c,35,30002,8,8,4,success,,,hilbert-river revision 1 seed 30002 [complete]:
service-bulk-boundaries,92f5326d5e31c6acfd3a9de761de067b,35,20001,8,8,4,success,,,hilbert-river revision 1 seed 20001 [complete]:
service-bulk-boundaries,65dcd8d8c522285ce594545671d690c0,35,20002,8,8,4,success,,,hilbert-river revision 1 seed 20002 [complete]:
service-bulk-boundaries,71bbad22aad0474020b2c73ae2f4e369,35,30001,8,8,4,success,,,hilbert-river revision 1 seed 30001 [complete]:
service-bulk-boundaries,f65ff685a6cb2692d3fa471db5dc5c9d,35,30002,8,8,4,success,,,hilbert-river revision 1 seed 30002 [complete]:
service-bulk-boundaries,9acccbc57510f203e074f29642b7d09f,35,20001,8,8,4,success,,,hilbert-river revision 1 seed 20001 [complete]:
service-bulk-boundaries,381bb1c4d7d14fa9c36f9d3f69870a2a,35,20002,8,8,4,success,,,hilbert-river revision 1 seed 20002 [complete]:
service-bulk-boundaries,a0476b1800fbf6a34c3855faffa20fac,35,30001,8,8,4,success,,,hilbert-river revision 1 seed 30001 [complete]:
service-bulk-boundaries,fd3bc8e055640b3f8381aa336dc3ee08,35,30002,8,8,4,success,,,hilbert-river revision 1 seed 30002 [complete]:
service-bulk-boundaries,5ab9a4274cbea9a6f8c68963d3f66db2,35,20001,8,8,4,success,,,hilbert-river revision 1 seed 20001 [complete]:
service-bulk-boundaries,7dcb8098c6b794a9378d1f67271a8cbe,35,20002,8,8,4,success,,,hilbert-river revision 1 seed 20002 [complete]:
service-bulk-boundaries,a86a7bdbf1c1b077014bede30d3e7104,35,30001,8,8,4,success,,,hilbert-river revision 1 seed 30001 [complete]:
service-bulk-boundaries,2ad5babc99d396660e38e2d9f826808e,35,30002,8,8,4,success,,,hilbert-river revision 1 seed 30002 [complete]:
service-bulk-boundaries,589725c7fff3d79e18d7367a1651d500,35,20001,8,8,4,success,,,hilbert-river revision 1 seed 20001 [complete]:
service-bulk-boundaries,862390f7de5cfbeaba1a4093c8fd2b5e,35,20002,8,8,4,success,,,hilbert-river revision 1 seed 20002 [complete]:
service-bulk-boundaries,8803f987120b4a65a4138c0660eddfc1,35,30001,8,8,4,success,,,hilbert-river revision 1 seed 30001 [complete]:
service-bulk-boundaries,4a2a2b0d24c9f5436fef645534fb212c,35,30002,8,8,4,success,,,hilbert-river revision 1 seed 30002 [complete]:
service-bulk-boundaries,ad47997c8998a8649f9c85c5cee57297,35,20001,8,8,4,success,,,hilbert-river revision 1 seed 20001 [complete]:
service-bulk-boundaries,45e1804afb7218084f56db4f6039333c,35,20002,8,8,4,success,,,hilbert-river revision 1 seed 20002 [complete]:
service-bulk-boundaries,ca010bb5d9d23ca5ade1114fbf608610,35,30001,8,8,4,success,,,hilbert-river revision 1 seed 30001 [complete]:
service-bulk-boundaries,e52cc00890ff15470aa610c02704852f,35,30002,8,8,4,success,,,hilbert-river revision 1 seed 30002 [complete]:
service-bulk-boundaries,c8dbcab597be6e1313390a6c58e2c1d0,35,20001,7,7,2,success,,,hilbert-river revision 1 seed 20001 [complete]:
service-bulk-boundaries,706f56f4a5f70078e798ce84ca6d242c,35,20002,7,7,2,invalid_request,,,hilbert-river revision 1 seed 20002 [validation]: No crossing court fits outside the reserved homes.
service-bulk-boundaries,1c371e984e564a2ba9f28b5722ab04ad,35,30001,7,7,2,invalid_request,,,hilbert-river revision 1 seed 30001 [validation]: No crossing court fits outside the reserved homes.
service-bulk-boundaries,218287c8c73d9f3fc5c7fbf8991b2a5a,35,30002,7,7,2,invalid_request,,,hilbert-river revision 1 seed 30002 [validation]: No crossing court fits outside the reserved homes.
service-bulk-boundaries,cef8baf424bfadbe912d5bf9cc88d834,35,20001,7,9,8,success,,,hilbert-river revision 1 seed 20001 [complete]:
service-bulk-boundaries,b26141186766a83f3997bfa85db84470,35,20002,7,9,8,success,,,hilbert-river revision 1 seed 20002 [complete]:
service-bulk-boundaries,059c3fef2e1ceb62a205db4dd5ed69fd,35,30001,7,9,8,success,,,hilbert-river revision 1 seed 30001 [complete]:
service-bulk-boundaries,ff88a61042d1dc6d2980fc55899f1956,35,30002,7,9,8,success,,,hilbert-river revision 1 seed 30002 [complete]:
service-bulk-boundaries,9b82aff8a61382c97e5750b58fc8d768,35,20001,9,7,8,success,,,hilbert-river revision 1 seed 20001 [complete]:
service-bulk-boundaries,d87034f085134f209c7973abb7f7c4dd,35,20002,9,7,8,invalid_request,,,hilbert-river revision 1 seed 20002 [validation]: No crossing court fits outside the reserved homes.
service-bulk-boundaries,2dbb21954bcaf1e87a6a50b53b5b7f6f,35,30001,9,7,8,success,,,hilbert-river revision 1 seed 30001 [complete]:
service-bulk-boundaries,8f36d9a2f8abc2c86a1247ce344480bd,35,30002,9,7,8,success,,,hilbert-river revision 1 seed 30002 [complete]:
service-bulk-boundaries,ba00e8e1a33f3f8940415552db04f90f,35,20001,9,9,8,success,,,hilbert-river revision 1 seed 20001 [complete]:
service-bulk-boundaries,fdd66b7e03490ad9623a825794ffa3ab,35,20002,9,9,8,success,,,hilbert-river revision 1 seed 20002 [complete]:
service-bulk-boundaries,15b41cbf3f8304a68d90708aa2c282c3,35,30001,9,9,8,success,,,hilbert-river revision 1 seed 30001 [complete]:
service-bulk-boundaries,c7a7e966d96acbf2422b56e86f1dd53e,35,30002,9,9,8,success,,,hilbert-river revision 1 seed 30002 [complete]:
service-bulk-boundaries,9eb79cc30a2a887c140f5fd1f6cfa47f,35,20001,8,8,4,success,,,hilbert-river revision 1 seed 20001 [complete]:
service-bulk-boundaries,12cfa63661195d6da48b1041d6d871b3,35,20002,8,8,4,success,,,hilbert-river revision 1 seed 20002 [complete]:
service-bulk-boundaries,c95ac3b4d53dae54748ad2afeb3d8704,35,30001,8,8,4,success,,,hilbert-river revision 1 seed 30001 [complete]:
service-bulk-boundaries,1d9fa07cdfa46db5a279081da62ba70b,35,30002,8,8,4,success,,,hilbert-river revision 1 seed 30002 [complete]:
service-bulk-boundaries,cb5571cb556be3cc3bd8b8206d1183b6,35,20001,7,7,2,invalid_request,,,hilbert-river revision 1 seed 20001 [validation]: Cannot fit 2 separated 56×56 home/farm modules on this terrain; enlarge the map or reduce colonies/folds/lake size.
service-bulk-boundaries,f14fea55bb412efc37c8ae3cb5e2fb00,35,20002,7,7,2,invalid_request,,,hilbert-river revision 1 seed 20002 [validation]: Cannot fit 2 separated 56×56 home/farm modules on this terrain; enlarge the map or reduce colonies/folds/lake size.
service-bulk-boundaries,be4d1d13f37b58461a044a054655f5cc,35,30001,7,7,2,invalid_request,,,hilbert-river revision 1 seed 30001 [validation]: Cannot fit 2 separated 56×56 home/farm modules on this terrain; enlarge the map or reduce colonies/folds/lake size.
service-bulk-boundaries,53a80e9fa9e9cf48d31fd0ab64e71d99,35,30002,7,7,2,invalid_request,,,hilbert-river revision 1 seed 30002 [validation]: Cannot fit 2 separated 56×56 home/farm modules on this terrain; enlarge the map or reduce colonies/folds/lake size.
service-bulk-boundaries,c12754e340f3185e9307b3571bc2f375,35,20001,7,9,8,success,,,hilbert-river revision 1 seed 20001 [complete]:
service-bulk-boundaries,967d2a76429d04ad8ea0d7ee65251906,35,20002,7,9,8,success,,,hilbert-river revision 1 seed 20002 [complete]:
service-bulk-boundaries,278733b56ce577317d5b44db87f26d68,35,30001,7,9,8,success,,,hilbert-river revision 1 seed 30001 [complete]:
service-bulk-boundaries,b840bb30331ead1d6c22f998d255e1c5,35,30002,7,9,8,invalid_request,,,hilbert-river revision 1 seed 30002 [validation]: Cannot fit 8 separated 56×56 home/farm modules on this terrain; enlarge the map or reduce colonies/folds/lake size.
service-bulk-boundaries,02f2eb75c01eba35bd4ef4d8f5cff378,35,20001,9,7,8,invalid_request,,,hilbert-river revision 1 seed 20001 [validation]: Cannot fit 8 separated 56×56 home/farm modules on this terrain; enlarge the map or reduce colonies/folds/lake size.
service-bulk-boundaries,8629e4882cbfceb3bf29a3c03e42c4b8,35,20002,9,7,8,invalid_request,,,hilbert-river revision 1 seed 20002 [validation]: Cannot fit 8 separated 56×56 home/farm modules on this terrain; enlarge the map or reduce colonies/folds/lake size.
service-bulk-boundaries,c2cf3ec2adb601bb159d97689594e465,35,30001,9,7,8,invalid_request,,,hilbert-river revision 1 seed 30001 [validation]: Cannot fit 8 separated 56×56 home/farm modules on this terrain; enlarge the map or reduce colonies/folds/lake size.
service-bulk-boundaries,4f317ddaff3e4740a424ce803dcb60db,35,30002,9,7,8,success,,,hilbert-river revision 1 seed 30002 [complete]:
service-bulk-boundaries,a8f5a3f4796560c50d0d39103e348f9b,35,20001,9,9,8,success,,,hilbert-river revision 1 seed 20001 [complete]:
service-bulk-boundaries,040fef21868e40114d9d6f35f80b5389,35,20002,9,9,8,success,,,hilbert-river revision 1 seed 20002 [complete]:
service-bulk-boundaries,e0954acedeab72658e6d5199302b7812,35,30001,9,9,8,success,,,hilbert-river revision 1 seed 30001 [complete]:
service-bulk-boundaries,17db08cbb3b0b7a15a96f459f1d7249d,35,30002,9,9,8,success,,,hilbert-river revision 1 seed 30002 [complete]:
service-bulk-boundaries,bdef235df52f32887e379b1e79b46e65,35,20001,8,8,4,success,,,hilbert-river revision 1 seed 20001 [complete]:
service-bulk-boundaries,58f076850ad50bcff870a9f222bf2d74,35,20002,8,8,4,success,,,hilbert-river revision 1 seed 20002 [complete]:
service-bulk-boundaries,2f4f5a9fbf214462aa305e25c5483178,35,30001,8,8,4,success,,,hilbert-river revision 1 seed 30001 [complete]:
service-bulk-boundaries,95d78ae4bdce9b0bf02f2fb7c85c4af2,35,30002,8,8,4,success,,,hilbert-river revision 1 seed 30002 [complete]:
service-bulk-registered-edges,f4ccb70f4d9c8ac3cd667c7377089b3c,34,20001,8,8,4,success,,,sierpinski-gardens revision 1 seed 20001 [complete]:
service-bulk-registered-edges,316b4eef92923eea1fcbedb733bf8291,34,20001,6,6,1,invalid_request,,,sierpinski-gardens revision 1 seed 20001 [validation]: Fractal maps support 128–512 tiles per axis and 2–8 colonies.
service-bulk-registered-edges,8a5126b1d1b9efdb0cc3cf78645c1ba0,34,20001,7,6,1,invalid_request,,,sierpinski-gardens revision 1 seed 20001 [validation]: Fractal maps support 128–512 tiles per axis and 2–8 colonies.
service-bulk-registered-edges,fffa5124e5bc713872770e824f444b28,34,20001,8,6,1,invalid_request,,,sierpinski-gardens revision 1 seed 20001 [validation]: Fractal maps support 128–512 tiles per axis and 2–8 colonies.
service-bulk-registered-edges,b8d1d5af644782befc649ac6d5d28619,34,20001,9,6,1,invalid_request,,,sierpinski-gardens revision 1 seed 20001 [validation]: Fractal maps support 128–512 tiles per axis and 2–8 colonies.
service-bulk-registered-edges,ea4c6e25399c7b6cdf9be9d8ce905436,34,20001,6,6,2,invalid_request,,,sierpinski-gardens revision 1 seed 20001 [validation]: Fractal maps support 128–512 tiles per axis and 2–8 colonies.
service-bulk-registered-edges,9bd4d19c5b38015738e8526ea06a436b,34,20001,7,6,2,invalid_request,,,sierpinski-gardens revision 1 seed 20001 [validation]: Fractal maps support 128–512 tiles per axis and 2–8 colonies.
service-bulk-registered-edges,a88264724e269b8b74d1e9ebc078dde9,34,20001,8,6,2,invalid_request,,,sierpinski-gardens revision 1 seed 20001 [validation]: Fractal maps support 128–512 tiles per axis and 2–8 colonies.
service-bulk-registered-edges,00cb988de8542a8c005c68c0759cc3a0,34,20001,9,6,2,invalid_request,,,sierpinski-gardens revision 1 seed 20001 [validation]: Fractal maps support 128–512 tiles per axis and 2–8 colonies.
service-bulk-registered-edges,07453779ad4d17483e2a86c8f5c3dd6e,34,20001,6,6,8,invalid_request,,,sierpinski-gardens revision 1 seed 20001 [validation]: Fractal maps support 128–512 tiles per axis and 2–8 colonies.
service-bulk-registered-edges,6a141d87dfd72a8d151e3727a23d9716,34,20001,7,6,8,invalid_request,,,sierpinski-gardens revision 1 seed 20001 [validation]: Fractal maps support 128–512 tiles per axis and 2–8 colonies.
service-bulk-registered-edges,c8e24fc4e91f687703d1c85678d0e7ed,34,20001,8,6,8,invalid_request,,,sierpinski-gardens revision 1 seed 20001 [validation]: Fractal maps support 128–512 tiles per axis and 2–8 colonies.
service-bulk-registered-edges,c1cecbd14895a3990e0feb1be244b382,34,20001,9,6,8,invalid_request,,,sierpinski-gardens revision 1 seed 20001 [validation]: Fractal maps support 128–512 tiles per axis and 2–8 colonies.
service-bulk-registered-edges,a8508ba1c35ae43003f62429d7ff4e3f,34,20001,6,6,12,invalid_request,,,sierpinski-gardens revision 1 seed 20001 [validation]: Fractal maps support 128–512 tiles per axis and 2–8 colonies.
service-bulk-registered-edges,c6f9b5be629dc2fce85461cca61d64b0,34,20001,7,6,12,invalid_request,,,sierpinski-gardens revision 1 seed 20001 [validation]: Fractal maps support 128–512 tiles per axis and 2–8 colonies.
service-bulk-registered-edges,da3dd18991e30c9ce6092b6a35b69faa,34,20001,8,6,12,invalid_request,,,sierpinski-gardens revision 1 seed 20001 [validation]: Fractal maps support 128–512 tiles per axis and 2–8 colonies.
service-bulk-registered-edges,ec298b0c6e9bce703cf94a53ad05fb0f,34,20001,9,6,12,invalid_request,,,sierpinski-gardens revision 1 seed 20001 [validation]: Fractal maps support 128–512 tiles per axis and 2–8 colonies.
service-bulk-registered-edges,3d8e03f82c51b5be6940d6c2b252c2e8,34,20001,6,7,1,invalid_request,,,sierpinski-gardens revision 1 seed 20001 [validation]: Fractal maps support 128–512 tiles per axis and 2–8 colonies.
service-bulk-registered-edges,9c7bb2b27a9379e54294f60d5dee42b8,34,20001,7,7,1,invalid_request,,,sierpinski-gardens revision 1 seed 20001 [validation]: Fractal maps support 128–512 tiles per axis and 2–8 colonies.
service-bulk-registered-edges,79eae06b12b0af66af85226531811768,34,20001,8,7,1,invalid_request,,,sierpinski-gardens revision 1 seed 20001 [validation]: Fractal maps support 128–512 tiles per axis and 2–8 colonies.
service-bulk-registered-edges,7b7b02b19441bc08aba488b31ba6f8a3,34,20001,9,7,1,invalid_request,,,sierpinski-gardens revision 1 seed 20001 [validation]: Fractal maps support 128–512 tiles per axis and 2–8 colonies.
service-bulk-registered-edges,7e62d296df28a712bff13cc0d5684990,34,20001,6,7,2,invalid_request,,,sierpinski-gardens revision 1 seed 20001 [validation]: Fractal maps support 128–512 tiles per axis and 2–8 colonies.
service-bulk-registered-edges,ca35c4bec8b1b99bdca3a909ba8ca704,34,20001,7,7,2,success,,,sierpinski-gardens revision 1 seed 20001 [complete]:
service-bulk-registered-edges,e630942c36c03d035b0fa8d45df965be,34,20001,8,7,2,success,,,sierpinski-gardens revision 1 seed 20001 [complete]:
service-bulk-registered-edges,c149db7ad9ab88256eb96253e555e7a5,34,20001,9,7,2,success,,,sierpinski-gardens revision 1 seed 20001 [complete]:
service-bulk-registered-edges,a1cb03a61ff82c302e2a7f834f0cf105,34,20001,6,7,8,invalid_request,,,sierpinski-gardens revision 1 seed 20001 [validation]: Fractal maps support 128–512 tiles per axis and 2–8 colonies.
service-bulk-registered-edges,fb6373edb6e273006b2e94725f24a0a9,34,20001,7,7,8,invalid_request,,,sierpinski-gardens revision 1 seed 20001 [validation]: Cannot fit 8 separated 56×56 home/farm modules on this terrain; enlarge the map or reduce colonies/folds/lake size.
service-bulk-registered-edges,4b7002db6a2e719ed5aa77d6013da355,34,20001,8,7,8,invalid_request,,,sierpinski-gardens revision 1 seed 20001 [validation]: Cannot fit 8 separated 56×56 home/farm modules on this terrain; enlarge the map or reduce colonies/folds/lake size.
service-bulk-registered-edges,289091a583f90763dea7ac07c6004519,34,20001,9,7,8,success,,,sierpinski-gardens revision 1 seed 20001 [complete]:
service-bulk-registered-edges,df9c31803916a6aa17e255b85c62c200,34,20001,6,7,12,invalid_request,,,sierpinski-gardens revision 1 seed 20001 [validation]: Fractal maps support 128–512 tiles per axis and 2–8 colonies.
service-bulk-registered-edges,9354a9e43cb980afd51277fee1e1850b,34,20001,7,7,12,invalid_request,,,sierpinski-gardens revision 1 seed 20001 [validation]: Fractal maps support 128–512 tiles per axis and 2–8 colonies.
service-bulk-registered-edges,d5813055dc6e947f7cb5120be4a52929,34,20001,8,7,12,invalid_request,,,sierpinski-gardens revision 1 seed 20001 [validation]: Fractal maps support 128–512 tiles per axis and 2–8 colonies.
service-bulk-registered-edges,31ec32138c8e0d06d371370d924c5b32,34,20001,9,7,12,invalid_request,,,sierpinski-gardens revision 1 seed 20001 [validation]: Fractal maps support 128–512 tiles per axis and 2–8 colonies.
service-bulk-registered-edges,69846b73a5b00802d18f6520c7a9840f,34,20001,6,8,1,invalid_request,,,sierpinski-gardens revision 1 seed 20001 [validation]: Fractal maps support 128–512 tiles per axis and 2–8 colonies.
service-bulk-registered-edges,18f18338d747d5156f5d47426fd921c4,34,20001,7,8,1,invalid_request,,,sierpinski-gardens revision 1 seed 20001 [validation]: Fractal maps support 128–512 tiles per axis and 2–8 colonies.
service-bulk-registered-edges,5e08fa48aa1cb85d3233abf0dc829576,34,20001,8,8,1,invalid_request,,,sierpinski-gardens revision 1 seed 20001 [validation]: Fractal maps support 128–512 tiles per axis and 2–8 colonies.
service-bulk-registered-edges,c67cb4f30fe805d48ccbd327f1eaf2aa,34,20001,9,8,1,invalid_request,,,sierpinski-gardens revision 1 seed 20001 [validation]: Fractal maps support 128–512 tiles per axis and 2–8 colonies.
service-bulk-registered-edges,fbe259137ade3c00b19426bf670387e6,34,20001,6,8,2,invalid_request,,,sierpinski-gardens revision 1 seed 20001 [validation]: Fractal maps support 128–512 tiles per axis and 2–8 colonies.
service-bulk-registered-edges,faaf132a9a3596b08b05129fdcb15967,34,20001,7,8,2,success,,,sierpinski-gardens revision 1 seed 20001 [complete]:
service-bulk-registered-edges,5d72d2e5eedf232433418e095d87229f,34,20001,8,8,2,success,,,sierpinski-gardens revision 1 seed 20001 [complete]:
service-bulk-registered-edges,696591f12c2c8b2b34cca6c89a93da16,34,20001,9,8,2,success,,,sierpinski-gardens revision 1 seed 20001 [complete]:
service-bulk-registered-edges,eb0ff90b0e007a594d7adcf9a6707a93,34,20001,6,8,8,invalid_request,,,sierpinski-gardens revision 1 seed 20001 [validation]: Fractal maps support 128–512 tiles per axis and 2–8 colonies.
service-bulk-registered-edges,7beee0b9e4253d5d71bf7fa1f3d573b2,34,20001,7,8,8,invalid_request,,,sierpinski-gardens revision 1 seed 20001 [validation]: Cannot fit 8 separated 56×56 home/farm modules on this terrain; enlarge the map or reduce colonies/folds/lake size.
service-bulk-registered-edges,fc6c3eef1837e361d0f44b754423ec6f,34,20001,8,8,8,success,,,sierpinski-gardens revision 1 seed 20001 [complete]:
service-bulk-registered-edges,86832db29875539c9fa48592a105aad7,34,20001,9,8,8,success,,,sierpinski-gardens revision 1 seed 20001 [complete]:
service-bulk-registered-edges,e7d90503050592d514a325458f18ee2c,34,20001,6,8,12,invalid_request,,,sierpinski-gardens revision 1 seed 20001 [validation]: Fractal maps support 128–512 tiles per axis and 2–8 colonies.
service-bulk-registered-edges,becd15c660ddeecd6ca43d363215c12e,34,20001,7,8,12,invalid_request,,,sierpinski-gardens revision 1 seed 20001 [validation]: Fractal maps support 128–512 tiles per axis and 2–8 colonies.
service-bulk-registered-edges,e5ac23dc60cd268e28d368e85a79dca7,34,20001,8,8,12,invalid_request,,,sierpinski-gardens revision 1 seed 20001 [validation]: Fractal maps support 128–512 tiles per axis and 2–8 colonies.
service-bulk-registered-edges,edecd4061f918b49fc515a6741f9803a,34,20001,9,8,12,invalid_request,,,sierpinski-gardens revision 1 seed 20001 [validation]: Fractal maps support 128–512 tiles per axis and 2–8 colonies.
service-bulk-registered-edges,93ded9c7672f7ab4189e20bfbb47851f,34,20001,6,9,1,invalid_request,,,sierpinski-gardens revision 1 seed 20001 [validation]: Fractal maps support 128–512 tiles per axis and 2–8 colonies.
service-bulk-registered-edges,d826c6234aab85c54260ef53745be18d,34,20001,7,9,1,invalid_request,,,sierpinski-gardens revision 1 seed 20001 [validation]: Fractal maps support 128–512 tiles per axis and 2–8 colonies.
service-bulk-registered-edges,dd3c1928c37eafbef17c4a781ee5c469,34,20001,8,9,1,invalid_request,,,sierpinski-gardens revision 1 seed 20001 [validation]: Fractal maps support 128–512 tiles per axis and 2–8 colonies.
service-bulk-registered-edges,4afbadffebc00e9f31b9ea34d5323e5a,34,20001,9,9,1,invalid_request,,,sierpinski-gardens revision 1 seed 20001 [validation]: Fractal maps support 128–512 tiles per axis and 2–8 colonies.
service-bulk-registered-edges,aa7bb426871d2961e3a73b0f51f403a6,34,20001,6,9,2,invalid_request,,,sierpinski-gardens revision 1 seed 20001 [validation]: Fractal maps support 128–512 tiles per axis and 2–8 colonies.
service-bulk-registered-edges,7c167ce1ba2dce39421f596de5d9c4df,34,20001,7,9,2,success,,,sierpinski-gardens revision 1 seed 20001 [complete]:
service-bulk-registered-edges,ab01f209442ada973ad79fea53317409,34,20001,8,9,2,success,,,sierpinski-gardens revision 1 seed 20001 [complete]:
service-bulk-registered-edges,df82f42368c4febc7841972559376e8e,34,20001,9,9,2,success,,,sierpinski-gardens revision 1 seed 20001 [complete]:
service-bulk-registered-edges,d7fc8054be67b7cff4f44c0221b418b9,34,20001,6,9,8,invalid_request,,,sierpinski-gardens revision 1 seed 20001 [validation]: Fractal maps support 128–512 tiles per axis and 2–8 colonies.
service-bulk-registered-edges,6e1523678eb98c4c1709a8f40a40912a,34,20001,7,9,8,success,,,sierpinski-gardens revision 1 seed 20001 [complete]:
service-bulk-registered-edges,bae831cbf4a8c717b8eb4b59a68677d3,34,20001,8,9,8,success,,,sierpinski-gardens revision 1 seed 20001 [complete]:
service-bulk-registered-edges,18c23a555613128c8b31d92d2563a474,34,20001,9,9,8,success,,,sierpinski-gardens revision 1 seed 20001 [complete]:
service-bulk-registered-edges,fecfe0a5ea2c9a583f9bc0634e2d339f,34,20001,6,9,12,invalid_request,,,sierpinski-gardens revision 1 seed 20001 [validation]: Fractal maps support 128–512 tiles per axis and 2–8 colonies.
service-bulk-registered-edges,1a024a19be5703fa2f52a8487e60c813,34,20001,7,9,12,invalid_request,,,sierpinski-gardens revision 1 seed 20001 [validation]: Fractal maps support 128–512 tiles per axis and 2–8 colonies.
service-bulk-registered-edges,c954d5ad53ba7bfa70b3dd43e85599ab,34,20001,8,9,12,invalid_request,,,sierpinski-gardens revision 1 seed 20001 [validation]: Fractal maps support 128–512 tiles per axis and 2–8 colonies.
service-bulk-registered-edges,a9f49eba2b131ce86e369dd583c67b06,34,20001,9,9,12,invalid_request,,,sierpinski-gardens revision 1 seed 20001 [validation]: Fractal maps support 128–512 tiles per axis and 2–8 colonies.
service-bulk-registered-edges,1f4127b9a56fccd1aa42420188180435,34,30001,8,8,4,success,,,sierpinski-gardens revision 1 seed 30001 [complete]:
service-bulk-registered-edges,57864763213a551419a3169541e57efa,34,30001,6,6,1,invalid_request,,,sierpinski-gardens revision 1 seed 30001 [validation]: Fractal maps support 128–512 tiles per axis and 2–8 colonies.
service-bulk-registered-edges,f6553428acccdc541b748159d0bdd38d,34,30001,7,6,1,invalid_request,,,sierpinski-gardens revision 1 seed 30001 [validation]: Fractal maps support 128–512 tiles per axis and 2–8 colonies.
service-bulk-registered-edges,d01e29f8a076d3a7e601cd88792992ec,34,30001,8,6,1,invalid_request,,,sierpinski-gardens revision 1 seed 30001 [validation]: Fractal maps support 128–512 tiles per axis and 2–8 colonies.
service-bulk-registered-edges,e2706821ac1eafff616f43d80df32794,34,30001,9,6,1,invalid_request,,,sierpinski-gardens revision 1 seed 30001 [validation]: Fractal maps support 128–512 tiles per axis and 2–8 colonies.
service-bulk-registered-edges,2a49d0bff36afbb4c897160a87923a6a,34,30001,6,6,2,invalid_request,,,sierpinski-gardens revision 1 seed 30001 [validation]: Fractal maps support 128–512 tiles per axis and 2–8 colonies.
service-bulk-registered-edges,1ffb2c67b7b560b321bffc0bb6fdb3aa,34,30001,7,6,2,invalid_request,,,sierpinski-gardens revision 1 seed 30001 [validation]: Fractal maps support 128–512 tiles per axis and 2–8 colonies.
service-bulk-registered-edges,02fcdbb983d6b6c1e496f5c900488604,34,30001,8,6,2,invalid_request,,,sierpinski-gardens revision 1 seed 30001 [validation]: Fractal maps support 128–512 tiles per axis and 2–8 colonies.
service-bulk-registered-edges,cf5657c51b08f697f9e5885ae82599a7,34,30001,9,6,2,invalid_request,,,sierpinski-gardens revision 1 seed 30001 [validation]: Fractal maps support 128–512 tiles per axis and 2–8 colonies.
service-bulk-registered-edges,d364c3ae27282c80e6e86978fcf7cd1b,34,30001,6,6,8,invalid_request,,,sierpinski-gardens revision 1 seed 30001 [validation]: Fractal maps support 128–512 tiles per axis and 2–8 colonies.
service-bulk-registered-edges,fbb507cbb7a88585bb0221949bd428e4,34,30001,7,6,8,invalid_request,,,sierpinski-gardens revision 1 seed 30001 [validation]: Fractal maps support 128–512 tiles per axis and 2–8 colonies.
service-bulk-registered-edges,2f6c6d153962fb91b009ff98f534ecb1,34,30001,8,6,8,invalid_request,,,sierpinski-gardens revision 1 seed 30001 [validation]: Fractal maps support 128–512 tiles per axis and 2–8 colonies.
service-bulk-registered-edges,3e205b3c7778158f4d780c2fed2a48b7,34,30001,9,6,8,invalid_request,,,sierpinski-gardens revision 1 seed 30001 [validation]: Fractal maps support 128–512 tiles per axis and 2–8 colonies.
service-bulk-registered-edges,4fb3e2c044b7d2246d5edc24014fef27,34,30001,6,6,12,invalid_request,,,sierpinski-gardens revision 1 seed 30001 [validation]: Fractal maps support 128–512 tiles per axis and 2–8 colonies.
service-bulk-registered-edges,e459dd3bb75fada398b3d589333c7083,34,30001,7,6,12,invalid_request,,,sierpinski-gardens revision 1 seed 30001 [validation]: Fractal maps support 128–512 tiles per axis and 2–8 colonies.
service-bulk-registered-edges,6898f436bd7b0a54eab2973974998b3a,34,30001,8,6,12,invalid_request,,,sierpinski-gardens revision 1 seed 30001 [validation]: Fractal maps support 128–512 tiles per axis and 2–8 colonies.
service-bulk-registered-edges,24109facf70b8f1e4f19e4bdefeca4fc,34,30001,9,6,12,invalid_request,,,sierpinski-gardens revision 1 seed 30001 [validation]: Fractal maps support 128–512 tiles per axis and 2–8 colonies.
service-bulk-registered-edges,3963f802f4b8d16c1b68e2012b6be59f,34,30001,6,7,1,invalid_request,,,sierpinski-gardens revision 1 seed 30001 [validation]: Fractal maps support 128–512 tiles per axis and 2–8 colonies.
service-bulk-registered-edges,7e0498f6b0e803c1a1592939afe4aded,34,30001,7,7,1,invalid_request,,,sierpinski-gardens revision 1 seed 30001 [validation]: Fractal maps support 128–512 tiles per axis and 2–8 colonies.
service-bulk-registered-edges,6f1f5e4db36106ed12a6b716f94f9ca9,34,30001,8,7,1,invalid_request,,,sierpinski-gardens revision 1 seed 30001 [validation]: Fractal maps support 128–512 tiles per axis and 2–8 colonies.
service-bulk-registered-edges,fe5935cf7ecc017dd700afc348dc4f02,34,30001,9,7,1,invalid_request,,,sierpinski-gardens revision 1 seed 30001 [validation]: Fractal maps support 128–512 tiles per axis and 2–8 colonies.
service-bulk-registered-edges,a77ea9b0118a4a880c12ef8c379e1a11,34,30001,6,7,2,invalid_request,,,sierpinski-gardens revision 1 seed 30001 [validation]: Fractal maps support 128–512 tiles per axis and 2–8 colonies.
service-bulk-registered-edges,af768b2b784fd26bf6c40423c05a1d08,34,30001,7,7,2,success,,,sierpinski-gardens revision 1 seed 30001 [complete]:
service-bulk-registered-edges,9e755dea6582bdf330bafcf8f67673e2,34,30001,8,7,2,success,,,sierpinski-gardens revision 1 seed 30001 [complete]:
service-bulk-registered-edges,198884a2ecaf95975a1bb81cf803f8a4,34,30001,9,7,2,success,,,sierpinski-gardens revision 1 seed 30001 [complete]:
service-bulk-registered-edges,da24294cf393c048a77f09b3aa514bf0,34,30001,6,7,8,invalid_request,,,sierpinski-gardens revision 1 seed 30001 [validation]: Fractal maps support 128–512 tiles per axis and 2–8 colonies.
service-bulk-registered-edges,c6aa17b069f8bfb5f47a1d19c49e799d,34,30001,7,7,8,invalid_request,,,sierpinski-gardens revision 1 seed 30001 [validation]: Cannot fit 8 separated 56×56 home/farm modules on this terrain; enlarge the map or reduce colonies/folds/lake size.
service-bulk-registered-edges,1ccd4a0788d89fe2b527eeee23fc6a9c,34,30001,8,7,8,invalid_request,,,sierpinski-gardens revision 1 seed 30001 [validation]: Cannot fit 8 separated 56×56 home/farm modules on this terrain; enlarge the map or reduce colonies/folds/lake size.
service-bulk-registered-edges,e0f97626a13916a8b6756aa868c98d12,34,30001,9,7,8,success,,,sierpinski-gardens revision 1 seed 30001 [complete]:
service-bulk-registered-edges,c93fd41c6278e1aaabdb92ad58414ba6,34,30001,6,7,12,invalid_request,,,sierpinski-gardens revision 1 seed 30001 [validation]: Fractal maps support 128–512 tiles per axis and 2–8 colonies.
service-bulk-registered-edges,48ff8e9d7a0f7ccc4da43517e144e5b8,34,30001,7,7,12,invalid_request,,,sierpinski-gardens revision 1 seed 30001 [validation]: Fractal maps support 128–512 tiles per axis and 2–8 colonies.
service-bulk-registered-edges,c2aa095ae6da9af3170a804ae256eda4,34,30001,8,7,12,invalid_request,,,sierpinski-gardens revision 1 seed 30001 [validation]: Fractal maps support 128–512 tiles per axis and 2–8 colonies.
service-bulk-registered-edges,2df4f216df31164f472a1d612af9be34,34,30001,9,7,12,invalid_request,,,sierpinski-gardens revision 1 seed 30001 [validation]: Fractal maps support 128–512 tiles per axis and 2–8 colonies.
service-bulk-registered-edges,ee60a9f610794057eb2e2c1597751e94,34,30001,6,8,1,invalid_request,,,sierpinski-gardens revision 1 seed 30001 [validation]: Fractal maps support 128–512 tiles per axis and 2–8 colonies.
service-bulk-registered-edges,042a93c2e891e7e581fef8030cb05aaa,34,30001,7,8,1,invalid_request,,,sierpinski-gardens revision 1 seed 30001 [validation]: Fractal maps support 128–512 tiles per axis and 2–8 colonies.
service-bulk-registered-edges,24b8a6c5d9c76f23d2701848a0e50254,34,30001,8,8,1,invalid_request,,,sierpinski-gardens revision 1 seed 30001 [validation]: Fractal maps support 128–512 tiles per axis and 2–8 colonies.
service-bulk-registered-edges,e882e1afc6baa5764e79333927c31051,34,30001,9,8,1,invalid_request,,,sierpinski-gardens revision 1 seed 30001 [validation]: Fractal maps support 128–512 tiles per axis and 2–8 colonies.
service-bulk-registered-edges,2756cd1215b2e91481ba8eeb51aae733,34,30001,6,8,2,invalid_request,,,sierpinski-gardens revision 1 seed 30001 [validation]: Fractal maps support 128–512 tiles per axis and 2–8 colonies.
service-bulk-registered-edges,348852c83b8bf8d751819ab4075684c2,34,30001,7,8,2,success,,,sierpinski-gardens revision 1 seed 30001 [complete]:
service-bulk-registered-edges,212453b6b5ecdf40569355b7d89b2a16,34,30001,8,8,2,success,,,sierpinski-gardens revision 1 seed 30001 [complete]:
service-bulk-registered-edges,bd5a38fea76c6d360b3ae4bbf1b31cd9,34,30001,9,8,2,success,,,sierpinski-gardens revision 1 seed 30001 [complete]:
service-bulk-registered-edges,43e34a49cae1ee134ebb6d9e78a009a9,34,30001,6,8,8,invalid_request,,,sierpinski-gardens revision 1 seed 30001 [validation]: Fractal maps support 128–512 tiles per axis and 2–8 colonies.
service-bulk-registered-edges,472e1c0a088704ec238642e4da240f56,34,30001,7,8,8,invalid_request,,,sierpinski-gardens revision 1 seed 30001 [validation]: Cannot fit 8 separated 56×56 home/farm modules on this terrain; enlarge the map or reduce colonies/folds/lake size.
service-bulk-registered-edges,ab12752ad6544c4b1dc32b2c4bd3799d,34,30001,8,8,8,success,,,sierpinski-gardens revision 1 seed 30001 [complete]:
service-bulk-registered-edges,908510807cb35dc675f7ffc4346a3853,34,30001,9,8,8,success,,,sierpinski-gardens revision 1 seed 30001 [complete]:
service-bulk-registered-edges,00fe7141d70cba120076d287ffc2cba4,34,30001,6,8,12,invalid_request,,,sierpinski-gardens revision 1 seed 30001 [validation]: Fractal maps support 128–512 tiles per axis and 2–8 colonies.
service-bulk-registered-edges,17cecc6267f2101ca2dd5d083e78decc,34,30001,7,8,12,invalid_request,,,sierpinski-gardens revision 1 seed 30001 [validation]: Fractal maps support 128–512 tiles per axis and 2–8 colonies.
service-bulk-registered-edges,a4d73f2885ee9e1c993d4f55e59423ad,34,30001,8,8,12,invalid_request,,,sierpinski-gardens revision 1 seed 30001 [validation]: Fractal maps support 128–512 tiles per axis and 2–8 colonies.
service-bulk-registered-edges,8ca11c90be55572782e1dacfe57ba6e9,34,30001,9,8,12,invalid_request,,,sierpinski-gardens revision 1 seed 30001 [validation]: Fractal maps support 128–512 tiles per axis and 2–8 colonies.
service-bulk-registered-edges,98281333cc743dbbcf47cec0d832032d,34,30001,6,9,1,invalid_request,,,sierpinski-gardens revision 1 seed 30001 [validation]: Fractal maps support 128–512 tiles per axis and 2–8 colonies.
service-bulk-registered-edges,c780f38fa3f897115a75d8c7d17e360f,34,30001,7,9,1,invalid_request,,,sierpinski-gardens revision 1 seed 30001 [validation]: Fractal maps support 128–512 tiles per axis and 2–8 colonies.
service-bulk-registered-edges,95013665b4fb174b08a35933dd317f2a,34,30001,8,9,1,invalid_request,,,sierpinski-gardens revision 1 seed 30001 [validation]: Fractal maps support 128–512 tiles per axis and 2–8 colonies.
service-bulk-registered-edges,ab2dfa4eea5d1e463afab9e09a60ad54,34,30001,9,9,1,invalid_request,,,sierpinski-gardens revision 1 seed 30001 [validation]: Fractal maps support 128–512 tiles per axis and 2–8 colonies.
service-bulk-registered-edges,948ff9f766ba42b1a954213a2a93ca4d,34,30001,6,9,2,invalid_request,,,sierpinski-gardens revision 1 seed 30001 [validation]: Fractal maps support 128–512 tiles per axis and 2–8 colonies.
service-bulk-registered-edges,7748c062e160194a287bdb3768aeee87,34,30001,7,9,2,success,,,sierpinski-gardens revision 1 seed 30001 [complete]:
service-bulk-registered-edges,f7a3ea4e025fe771f5a7194ad042cd33,34,30001,8,9,2,success,,,sierpinski-gardens revision 1 seed 30001 [complete]:
service-bulk-registered-edges,7176249ad64f33b6809d65fd7848f7f3,34,30001,9,9,2,success,,,sierpinski-gardens revision 1 seed 30001 [complete]:
service-bulk-registered-edges,f38a8f4fe1527d8538cc94b06c83b827,34,30001,6,9,8,invalid_request,,,sierpinski-gardens revision 1 seed 30001 [validation]: Fractal maps support 128–512 tiles per axis and 2–8 colonies.
service-bulk-registered-edges,d19163a821f5e4ff4027cc7ede4057f1,34,30001,7,9,8,success,,,sierpinski-gardens revision 1 seed 30001 [complete]:
service-bulk-registered-edges,827794398be8832947671ee5616f0428,34,30001,8,9,8,success,,,sierpinski-gardens revision 1 seed 30001 [complete]:
service-bulk-registered-edges,7f8b1148377dbad99bbad81785894dfb,34,30001,9,9,8,success,,,sierpinski-gardens revision 1 seed 30001 [complete]:
service-bulk-registered-edges,1ba0b76212a6107540d9a0bc8cfa89ea,34,30001,6,9,12,invalid_request,,,sierpinski-gardens revision 1 seed 30001 [validation]: Fractal maps support 128–512 tiles per axis and 2–8 colonies.
service-bulk-registered-edges,4499cb52907fe306b4f984d9d79b147e,34,30001,7,9,12,invalid_request,,,sierpinski-gardens revision 1 seed 30001 [validation]: Fractal maps support 128–512 tiles per axis and 2–8 colonies.
service-bulk-registered-edges,0d3f9a6e575b55677ff3490978d2fce2,34,30001,8,9,12,invalid_request,,,sierpinski-gardens revision 1 seed 30001 [validation]: Fractal maps support 128–512 tiles per axis and 2–8 colonies.
service-bulk-registered-edges,d8e3427bce0df2ab982012404ce80774,34,30001,9,9,12,invalid_request,,,sierpinski-gardens revision 1 seed 30001 [validation]: Fractal maps support 128–512 tiles per axis and 2–8 colonies.
service-bulk-registered-edges,3a7a834baf52eac04e3fccd8fb5c3020,35,20001,8,8,4,success,,,hilbert-river revision 1 seed 20001 [complete]:
service-bulk-registered-edges,2161d088267315fb9be31164fe59b758,35,20001,6,6,1,invalid_request,,,hilbert-river revision 1 seed 20001 [validation]: Fractal maps support 128–512 tiles per axis and 2–8 colonies.
service-bulk-registered-edges,9d5e886e62ab5d29d06ffd93fd11ddd9,35,20001,7,6,1,invalid_request,,,hilbert-river revision 1 seed 20001 [validation]: Fractal maps support 128–512 tiles per axis and 2–8 colonies.
service-bulk-registered-edges,ba9fa964facac9b69359ecf4be793d11,35,20001,8,6,1,invalid_request,,,hilbert-river revision 1 seed 20001 [validation]: Fractal maps support 128–512 tiles per axis and 2–8 colonies.
service-bulk-registered-edges,194cab67b9203369b82b9dfcb1541ace,35,20001,9,6,1,invalid_request,,,hilbert-river revision 1 seed 20001 [validation]: Fractal maps support 128–512 tiles per axis and 2–8 colonies.
service-bulk-registered-edges,59751f695634f915c708f6efbd08ee66,35,20001,6,6,2,invalid_request,,,hilbert-river revision 1 seed 20001 [validation]: Fractal maps support 128–512 tiles per axis and 2–8 colonies.
service-bulk-registered-edges,53d73d9b5427e6a0c353a01fb0d00d92,35,20001,7,6,2,invalid_request,,,hilbert-river revision 1 seed 20001 [validation]: Fractal maps support 128–512 tiles per axis and 2–8 colonies.
service-bulk-registered-edges,5d90c01539f3d8953f84ba050d167cbd,35,20001,8,6,2,invalid_request,,,hilbert-river revision 1 seed 20001 [validation]: Fractal maps support 128–512 tiles per axis and 2–8 colonies.
service-bulk-registered-edges,4db2d4ab4623e07b2e23377373877b34,35,20001,9,6,2,invalid_request,,,hilbert-river revision 1 seed 20001 [validation]: Fractal maps support 128–512 tiles per axis and 2–8 colonies.
service-bulk-registered-edges,3f9e7d19ba2a9d12e40eba041b0bffd5,35,20001,6,6,8,invalid_request,,,hilbert-river revision 1 seed 20001 [validation]: Fractal maps support 128–512 tiles per axis and 2–8 colonies.
service-bulk-registered-edges,1ff19e34741e3e15519df32dbe516387,35,20001,7,6,8,invalid_request,,,hilbert-river revision 1 seed 20001 [validation]: Fractal maps support 128–512 tiles per axis and 2–8 colonies.
service-bulk-registered-edges,46a3cd552c589806e3c7200ff674d1ec,35,20001,8,6,8,invalid_request,,,hilbert-river revision 1 seed 20001 [validation]: Fractal maps support 128–512 tiles per axis and 2–8 colonies.
service-bulk-registered-edges,b37f50f8fcfd4cc61d4877bd9650fba3,35,20001,9,6,8,invalid_request,,,hilbert-river revision 1 seed 20001 [validation]: Fractal maps support 128–512 tiles per axis and 2–8 colonies.
service-bulk-registered-edges,ecae21a0765e86720251273da6177a11,35,20001,6,6,12,invalid_request,,,hilbert-river revision 1 seed 20001 [validation]: Fractal maps support 128–512 tiles per axis and 2–8 colonies.
service-bulk-registered-edges,f871a2e16bf72f7c037a8a1feb1f5871,35,20001,7,6,12,invalid_request,,,hilbert-river revision 1 seed 20001 [validation]: Fractal maps support 128–512 tiles per axis and 2–8 colonies.
service-bulk-registered-edges,4382c329a18f9ae02d1672548f939268,35,20001,8,6,12,invalid_request,,,hilbert-river revision 1 seed 20001 [validation]: Fractal maps support 128–512 tiles per axis and 2–8 colonies.
service-bulk-registered-edges,3dafef4924a82d1715f8c7ad74f15943,35,20001,9,6,12,invalid_request,,,hilbert-river revision 1 seed 20001 [validation]: Fractal maps support 128–512 tiles per axis and 2–8 colonies.
service-bulk-registered-edges,33e52a9f31e1fb72a8783e9f454e9098,35,20001,6,7,1,invalid_request,,,hilbert-river revision 1 seed 20001 [validation]: Fractal maps support 128–512 tiles per axis and 2–8 colonies.
service-bulk-registered-edges,2a24dfc9f00bab8af9e611d63d3a13ea,35,20001,7,7,1,invalid_request,,,hilbert-river revision 1 seed 20001 [validation]: Fractal maps support 128–512 tiles per axis and 2–8 colonies.
service-bulk-registered-edges,20cd6d4eb339693538ea54d5d22e395d,35,20001,8,7,1,invalid_request,,,hilbert-river revision 1 seed 20001 [validation]: Fractal maps support 128–512 tiles per axis and 2–8 colonies.
service-bulk-registered-edges,27895d7629c3719f1768c541be1e098d,35,20001,9,7,1,invalid_request,,,hilbert-river revision 1 seed 20001 [validation]: Fractal maps support 128–512 tiles per axis and 2–8 colonies.
service-bulk-registered-edges,ea4fd74a4bef5a16f0a121fb555ab326,35,20001,6,7,2,invalid_request,,,hilbert-river revision 1 seed 20001 [validation]: Fractal maps support 128–512 tiles per axis and 2–8 colonies.
service-bulk-registered-edges,798e30fc4bdd498c65f033402b7e6132,35,20001,7,7,2,success,,,hilbert-river revision 1 seed 20001 [complete]:
service-bulk-registered-edges,dbe880fb85a9f9e938c1153a25b21547,35,20001,8,7,2,success,,,hilbert-river revision 1 seed 20001 [complete]:
service-bulk-registered-edges,a4b568d6e3bb24b3bdca5feb7e2af22b,35,20001,9,7,2,success,,,hilbert-river revision 1 seed 20001 [complete]:
service-bulk-registered-edges,07689878c710df7c3d2f5088d5148fa8,35,20001,6,7,8,invalid_request,,,hilbert-river revision 1 seed 20001 [validation]: Fractal maps support 128–512 tiles per axis and 2–8 colonies.
service-bulk-registered-edges,d55678e649947ee52773e6fe0468cad9,35,20001,7,7,8,invalid_request,,,hilbert-river revision 1 seed 20001 [validation]: Cannot fit 8 separated 56×56 home/farm modules on this terrain; enlarge the map or reduce colonies/folds/lake size.
service-bulk-registered-edges,36c0239b68bae3a39fdcc45e9ec8ed82,35,20001,8,7,8,invalid_request,,,hilbert-river revision 1 seed 20001 [validation]: Cannot fit 8 separated 56×56 home/farm modules on this terrain; enlarge the map or reduce colonies/folds/lake size.
service-bulk-registered-edges,db03dd5227875fe8e84cfaa5cd932041,35,20001,9,7,8,success,,,hilbert-river revision 1 seed 20001 [complete]:
service-bulk-registered-edges,4e18a44a591fb35f9078fd1bee9ee7f3,35,20001,6,7,12,invalid_request,,,hilbert-river revision 1 seed 20001 [validation]: Fractal maps support 128–512 tiles per axis and 2–8 colonies.
service-bulk-registered-edges,748b964293940aaf8bb020c22cf39a18,35,20001,7,7,12,invalid_request,,,hilbert-river revision 1 seed 20001 [validation]: Fractal maps support 128–512 tiles per axis and 2–8 colonies.
service-bulk-registered-edges,42b2658d267cc38c7b38ade35a256af4,35,20001,8,7,12,invalid_request,,,hilbert-river revision 1 seed 20001 [validation]: Fractal maps support 128–512 tiles per axis and 2–8 colonies.
service-bulk-registered-edges,56d5193bba060bf69e3d6a12da76fcc7,35,20001,9,7,12,invalid_request,,,hilbert-river revision 1 seed 20001 [validation]: Fractal maps support 128–512 tiles per axis and 2–8 colonies.
service-bulk-registered-edges,d7395f6c0aa2c8be1bd41d32f461a0ec,35,20001,6,8,1,invalid_request,,,hilbert-river revision 1 seed 20001 [validation]: Fractal maps support 128–512 tiles per axis and 2–8 colonies.
service-bulk-registered-edges,44a20b9d1d72e81ea71a3db521e56705,35,20001,7,8,1,invalid_request,,,hilbert-river revision 1 seed 20001 [validation]: Fractal maps support 128–512 tiles per axis and 2–8 colonies.
service-bulk-registered-edges,95451f5806203043f2e2f256d55393a0,35,20001,8,8,1,invalid_request,,,hilbert-river revision 1 seed 20001 [validation]: Fractal maps support 128–512 tiles per axis and 2–8 colonies.
service-bulk-registered-edges,be90c85f8677b4fdb8a8f50b9e3211d8,35,20001,9,8,1,invalid_request,,,hilbert-river revision 1 seed 20001 [validation]: Fractal maps support 128–512 tiles per axis and 2–8 colonies.
service-bulk-registered-edges,536e2ecb4fd8d5fb33a8938720dbf96c,35,20001,6,8,2,invalid_request,,,hilbert-river revision 1 seed 20001 [validation]: Fractal maps support 128–512 tiles per axis and 2–8 colonies.
service-bulk-registered-edges,9e0ecda49aa1d211fa4aa8a153c16dd7,35,20001,7,8,2,success,,,hilbert-river revision 1 seed 20001 [complete]:
service-bulk-registered-edges,1ffd47bf1b968464e9a2d0eef1592abf,35,20001,8,8,2,success,,,hilbert-river revision 1 seed 20001 [complete]:
service-bulk-registered-edges,ef6a123ced5df55ef0c0212ecf5c1df1,35,20001,9,8,2,success,,,hilbert-river revision 1 seed 20001 [complete]:
service-bulk-registered-edges,271d23350b0254576ebf5267d2bc1f5a,35,20001,6,8,8,invalid_request,,,hilbert-river revision 1 seed 20001 [validation]: Fractal maps support 128–512 tiles per axis and 2–8 colonies.
service-bulk-registered-edges,2e1bb6da166c79ac3297bdbc44ac0ea6,35,20001,7,8,8,invalid_request,,,hilbert-river revision 1 seed 20001 [validation]: Cannot fit 8 separated 56×56 home/farm modules on this terrain; enlarge the map or reduce colonies/folds/lake size.
service-bulk-registered-edges,6fba6dc0acbd8539434e177c77d227a2,35,20001,8,8,8,success,,,hilbert-river revision 1 seed 20001 [complete]:
service-bulk-registered-edges,ddbc6c323eb49329308691d126195067,35,20001,9,8,8,success,,,hilbert-river revision 1 seed 20001 [complete]:
service-bulk-registered-edges,7fdd2e91cd1022e8a12c5ab0cb361d25,35,20001,6,8,12,invalid_request,,,hilbert-river revision 1 seed 20001 [validation]: Fractal maps support 128–512 tiles per axis and 2–8 colonies.
service-bulk-registered-edges,15c8c596d5ddc2a7a6ef841a17b42984,35,20001,7,8,12,invalid_request,,,hilbert-river revision 1 seed 20001 [validation]: Fractal maps support 128–512 tiles per axis and 2–8 colonies.
service-bulk-registered-edges,95a183cf762b0450e08862f5d7c08bea,35,20001,8,8,12,invalid_request,,,hilbert-river revision 1 seed 20001 [validation]: Fractal maps support 128–512 tiles per axis and 2–8 colonies.
service-bulk-registered-edges,fbea2a2118cc712fcf0650456f0f31f2,35,20001,9,8,12,invalid_request,,,hilbert-river revision 1 seed 20001 [validation]: Fractal maps support 128–512 tiles per axis and 2–8 colonies.
service-bulk-registered-edges,88dc5225c2625aa5ed12032f752b1bde,35,20001,6,9,1,invalid_request,,,hilbert-river revision 1 seed 20001 [validation]: Fractal maps support 128–512 tiles per axis and 2–8 colonies.
service-bulk-registered-edges,ecdad8d9aee7f87017945d73c0f850f8,35,20001,7,9,1,invalid_request,,,hilbert-river revision 1 seed 20001 [validation]: Fractal maps support 128–512 tiles per axis and 2–8 colonies.
service-bulk-registered-edges,1b14f2343a577988b1f998b1a589f726,35,20001,8,9,1,invalid_request,,,hilbert-river revision 1 seed 20001 [validation]: Fractal maps support 128–512 tiles per axis and 2–8 colonies.
service-bulk-registered-edges,01365566d54d919f0ab2ff4deb80d6c7,35,20001,9,9,1,invalid_request,,,hilbert-river revision 1 seed 20001 [validation]: Fractal maps support 128–512 tiles per axis and 2–8 colonies.
service-bulk-registered-edges,084f96ea8e4892635de3496dab80fd4b,35,20001,6,9,2,invalid_request,,,hilbert-river revision 1 seed 20001 [validation]: Fractal maps support 128–512 tiles per axis and 2–8 colonies.
service-bulk-registered-edges,761251418cbea1f88b3d25f29e7cd300,35,20001,7,9,2,success,,,hilbert-river revision 1 seed 20001 [complete]:
service-bulk-registered-edges,eb496c12761b99dfcf27f4f8b5f64e99,35,20001,8,9,2,success,,,hilbert-river revision 1 seed 20001 [complete]:
service-bulk-registered-edges,58721c166fcdf0affe67ad8b21eeb23a,35,20001,9,9,2,success,,,hilbert-river revision 1 seed 20001 [complete]:
service-bulk-registered-edges,73724e3bba902892bdbc5a78d8afcca1,35,20001,6,9,8,invalid_request,,,hilbert-river revision 1 seed 20001 [validation]: Fractal maps support 128–512 tiles per axis and 2–8 colonies.
service-bulk-registered-edges,47337363fd024cffa87e2b45ada1edc9,35,20001,7,9,8,success,,,hilbert-river revision 1 seed 20001 [complete]:
service-bulk-registered-edges,900844b12a9ee8ce596be3d75bae2ad0,35,20001,8,9,8,success,,,hilbert-river revision 1 seed 20001 [complete]:
service-bulk-registered-edges,dd3ee92ebd630af85c762cf8baf72427,35,20001,9,9,8,success,,,hilbert-river revision 1 seed 20001 [complete]:
service-bulk-registered-edges,17096dfc830da8018a216325ad18edea,35,20001,6,9,12,invalid_request,,,hilbert-river revision 1 seed 20001 [validation]: Fractal maps support 128–512 tiles per axis and 2–8 colonies.
service-bulk-registered-edges,9db23d814316faf73e02d05b18442d99,35,20001,7,9,12,invalid_request,,,hilbert-river revision 1 seed 20001 [validation]: Fractal maps support 128–512 tiles per axis and 2–8 colonies.
service-bulk-registered-edges,20e898c250f5ed13402791d3a0e67b8a,35,20001,8,9,12,invalid_request,,,hilbert-river revision 1 seed 20001 [validation]: Fractal maps support 128–512 tiles per axis and 2–8 colonies.
service-bulk-registered-edges,245497ef7f2a7ec36ada28eca82dbaa6,35,20001,9,9,12,invalid_request,,,hilbert-river revision 1 seed 20001 [validation]: Fractal maps support 128–512 tiles per axis and 2–8 colonies.
service-bulk-registered-edges,882ba3a4ed3cfe32fe1743c459df8dd0,35,30001,8,8,4,success,,,hilbert-river revision 1 seed 30001 [complete]:
service-bulk-registered-edges,3e65cdc5c92f9ae8d858e7c3cf95281d,35,30001,6,6,1,invalid_request,,,hilbert-river revision 1 seed 30001 [validation]: Fractal maps support 128–512 tiles per axis and 2–8 colonies.
service-bulk-registered-edges,74a15be6bf6743ad597b3cef79e6a5dd,35,30001,7,6,1,invalid_request,,,hilbert-river revision 1 seed 30001 [validation]: Fractal maps support 128–512 tiles per axis and 2–8 colonies.
service-bulk-registered-edges,2b9406b6f702b582b04395643cc582bf,35,30001,8,6,1,invalid_request,,,hilbert-river revision 1 seed 30001 [validation]: Fractal maps support 128–512 tiles per axis and 2–8 colonies.
service-bulk-registered-edges,2d85f11190dfc0d186ca49e0375bfce6,35,30001,9,6,1,invalid_request,,,hilbert-river revision 1 seed 30001 [validation]: Fractal maps support 128–512 tiles per axis and 2–8 colonies.
service-bulk-registered-edges,5331b46df8c75c689f89f76c044350ad,35,30001,6,6,2,invalid_request,,,hilbert-river revision 1 seed 30001 [validation]: Fractal maps support 128–512 tiles per axis and 2–8 colonies.
service-bulk-registered-edges,5a698c50f6a25eea17b5d52b91fdc794,35,30001,7,6,2,invalid_request,,,hilbert-river revision 1 seed 30001 [validation]: Fractal maps support 128–512 tiles per axis and 2–8 colonies.
service-bulk-registered-edges,ece1fca8349b9c53deb78467b1d5ad59,35,30001,8,6,2,invalid_request,,,hilbert-river revision 1 seed 30001 [validation]: Fractal maps support 128–512 tiles per axis and 2–8 colonies.
service-bulk-registered-edges,e80d581946ab7e33939624a091d0f80c,35,30001,9,6,2,invalid_request,,,hilbert-river revision 1 seed 30001 [validation]: Fractal maps support 128–512 tiles per axis and 2–8 colonies.
service-bulk-registered-edges,6ad2fc9f7d614e6e8ba25284cacc3a4f,35,30001,6,6,8,invalid_request,,,hilbert-river revision 1 seed 30001 [validation]: Fractal maps support 128–512 tiles per axis and 2–8 colonies.
service-bulk-registered-edges,09e8a1d299ea8f047ddbab25921239f3,35,30001,7,6,8,invalid_request,,,hilbert-river revision 1 seed 30001 [validation]: Fractal maps support 128–512 tiles per axis and 2–8 colonies.
service-bulk-registered-edges,5747ee407494c20f90985c29ca68e95f,35,30001,8,6,8,invalid_request,,,hilbert-river revision 1 seed 30001 [validation]: Fractal maps support 128–512 tiles per axis and 2–8 colonies.
service-bulk-registered-edges,d763eef491c310199190bd455e8ebfb6,35,30001,9,6,8,invalid_request,,,hilbert-river revision 1 seed 30001 [validation]: Fractal maps support 128–512 tiles per axis and 2–8 colonies.
service-bulk-registered-edges,36f266b8f36c546d247c443d354b14fe,35,30001,6,6,12,invalid_request,,,hilbert-river revision 1 seed 30001 [validation]: Fractal maps support 128–512 tiles per axis and 2–8 colonies.
service-bulk-registered-edges,9db600915dd094b273ad3b8a33fca146,35,30001,7,6,12,invalid_request,,,hilbert-river revision 1 seed 30001 [validation]: Fractal maps support 128–512 tiles per axis and 2–8 colonies.
service-bulk-registered-edges,c6c3c1e42c825e96bebebbb7498095c8,35,30001,8,6,12,invalid_request,,,hilbert-river revision 1 seed 30001 [validation]: Fractal maps support 128–512 tiles per axis and 2–8 colonies.
service-bulk-registered-edges,3e2bf2ede64306c8d020513a1040b038,35,30001,9,6,12,invalid_request,,,hilbert-river revision 1 seed 30001 [validation]: Fractal maps support 128–512 tiles per axis and 2–8 colonies.
service-bulk-registered-edges,388640190313db7196fded15eccb7780,35,30001,6,7,1,invalid_request,,,hilbert-river revision 1 seed 30001 [validation]: Fractal maps support 128–512 tiles per axis and 2–8 colonies.
service-bulk-registered-edges,18269609219527a0d42ff73071200e6d,35,30001,7,7,1,invalid_request,,,hilbert-river revision 1 seed 30001 [validation]: Fractal maps support 128–512 tiles per axis and 2–8 colonies.
service-bulk-registered-edges,8e6353f769bbd1b08faa53a503fcc27b,35,30001,8,7,1,invalid_request,,,hilbert-river revision 1 seed 30001 [validation]: Fractal maps support 128–512 tiles per axis and 2–8 colonies.
service-bulk-registered-edges,e09b88b9da038a312b15abb8810498a8,35,30001,9,7,1,invalid_request,,,hilbert-river revision 1 seed 30001 [validation]: Fractal maps support 128–512 tiles per axis and 2–8 colonies.
service-bulk-registered-edges,b40f351caddcb41271992fa97bfaccbe,35,30001,6,7,2,invalid_request,,,hilbert-river revision 1 seed 30001 [validation]: Fractal maps support 128–512 tiles per axis and 2–8 colonies.
service-bulk-registered-edges,e3c8aa584d7009d3ef7afc13e7b1b41e,35,30001,7,7,2,invalid_request,,,hilbert-river revision 1 seed 30001 [validation]: No crossing court fits outside the reserved homes.
service-bulk-registered-edges,fc2a57fb798cdb85c969f19f0b108f7e,35,30001,8,7,2,success,,,hilbert-river revision 1 seed 30001 [complete]:
service-bulk-registered-edges,794aaae8385676c8f12d9f596791761d,35,30001,9,7,2,success,,,hilbert-river revision 1 seed 30001 [complete]:
service-bulk-registered-edges,fd6ebff6853f5263352d185995ba1244,35,30001,6,7,8,invalid_request,,,hilbert-river revision 1 seed 30001 [validation]: Fractal maps support 128–512 tiles per axis and 2–8 colonies.
service-bulk-registered-edges,ca756001b2ebc1d0356ed7cc4aa5c1e6,35,30001,7,7,8,invalid_request,,,hilbert-river revision 1 seed 30001 [validation]: Cannot fit 8 separated 56×56 home/farm modules on this terrain; enlarge the map or reduce colonies/folds/lake size.
service-bulk-registered-edges,192c8aa2f8547fae94ca0687713d1179,35,30001,8,7,8,invalid_request,,,hilbert-river revision 1 seed 30001 [validation]: Cannot fit 8 separated 56×56 home/farm modules on this terrain; enlarge the map or reduce colonies/folds/lake size.
service-bulk-registered-edges,1715a292be12808162125222591d124f,35,30001,9,7,8,success,,,hilbert-river revision 1 seed 30001 [complete]:
service-bulk-registered-edges,72a7b5246c7976d28ee67ee25032d052,35,30001,6,7,12,invalid_request,,,hilbert-river revision 1 seed 30001 [validation]: Fractal maps support 128–512 tiles per axis and 2–8 colonies.
service-bulk-registered-edges,780288c769b5ecaabb3248e8c40dda60,35,30001,7,7,12,invalid_request,,,hilbert-river revision 1 seed 30001 [validation]: Fractal maps support 128–512 tiles per axis and 2–8 colonies.
service-bulk-registered-edges,60c867b46320f938b4c8e889e85f9bcd,35,30001,8,7,12,invalid_request,,,hilbert-river revision 1 seed 30001 [validation]: Fractal maps support 128–512 tiles per axis and 2–8 colonies.
service-bulk-registered-edges,981be856c1193b7daee914463911073e,35,30001,9,7,12,invalid_request,,,hilbert-river revision 1 seed 30001 [validation]: Fractal maps support 128–512 tiles per axis and 2–8 colonies.
service-bulk-registered-edges,aeffd4bb66d4ad68a1d99b16168f4868,35,30001,6,8,1,invalid_request,,,hilbert-river revision 1 seed 30001 [validation]: Fractal maps support 128–512 tiles per axis and 2–8 colonies.
service-bulk-registered-edges,383db669c94decd6499436839772b72e,35,30001,7,8,1,invalid_request,,,hilbert-river revision 1 seed 30001 [validation]: Fractal maps support 128–512 tiles per axis and 2–8 colonies.
service-bulk-registered-edges,bc8e12353bcef3c5d90c0161ba913e4f,35,30001,8,8,1,invalid_request,,,hilbert-river revision 1 seed 30001 [validation]: Fractal maps support 128–512 tiles per axis and 2–8 colonies.
service-bulk-registered-edges,6de6320b6606e30176f0c3912e93f92e,35,30001,9,8,1,invalid_request,,,hilbert-river revision 1 seed 30001 [validation]: Fractal maps support 128–512 tiles per axis and 2–8 colonies.
service-bulk-registered-edges,422359bc10bc661db43e06e49fab989c,35,30001,6,8,2,invalid_request,,,hilbert-river revision 1 seed 30001 [validation]: Fractal maps support 128–512 tiles per axis and 2–8 colonies.
service-bulk-registered-edges,b63f026388216d91fc9c15d3802b66ff,35,30001,7,8,2,success,,,hilbert-river revision 1 seed 30001 [complete]:
service-bulk-registered-edges,33e63f913532b4d199e70a8ff97769b3,35,30001,8,8,2,success,,,hilbert-river revision 1 seed 30001 [complete]:
service-bulk-registered-edges,77c9d1116022a2158b67efc4a089430d,35,30001,9,8,2,success,,,hilbert-river revision 1 seed 30001 [complete]:
service-bulk-registered-edges,260fcc47f8f30dae29d37460f6ec31de,35,30001,6,8,8,invalid_request,,,hilbert-river revision 1 seed 30001 [validation]: Fractal maps support 128–512 tiles per axis and 2–8 colonies.
service-bulk-registered-edges,f4359676a0f5d22673e6920ba7134303,35,30001,7,8,8,invalid_request,,,hilbert-river revision 1 seed 30001 [validation]: Cannot fit 8 separated 56×56 home/farm modules on this terrain; enlarge the map or reduce colonies/folds/lake size.
service-bulk-registered-edges,c2bfdf8f8f132486c8d9b14b02975891,35,30001,8,8,8,success,,,hilbert-river revision 1 seed 30001 [complete]:
service-bulk-registered-edges,33151933ff04e623f968644fb41cc3c4,35,30001,9,8,8,success,,,hilbert-river revision 1 seed 30001 [complete]:
service-bulk-registered-edges,0071bbf6425b19cbfaa3b402369584e5,35,30001,6,8,12,invalid_request,,,hilbert-river revision 1 seed 30001 [validation]: Fractal maps support 128–512 tiles per axis and 2–8 colonies.
service-bulk-registered-edges,9955b0fc65ae783986668684385e0965,35,30001,7,8,12,invalid_request,,,hilbert-river revision 1 seed 30001 [validation]: Fractal maps support 128–512 tiles per axis and 2–8 colonies.
service-bulk-registered-edges,20640b2c13f7719e1f66cf2e1f7d3c5c,35,30001,8,8,12,invalid_request,,,hilbert-river revision 1 seed 30001 [validation]: Fractal maps support 128–512 tiles per axis and 2–8 colonies.
service-bulk-registered-edges,0a2f15de7c5971b979b9ab3a9a969f7a,35,30001,9,8,12,invalid_request,,,hilbert-river revision 1 seed 30001 [validation]: Fractal maps support 128–512 tiles per axis and 2–8 colonies.
service-bulk-registered-edges,a110df9cdee589446a3fb3950040605b,35,30001,6,9,1,invalid_request,,,hilbert-river revision 1 seed 30001 [validation]: Fractal maps support 128–512 tiles per axis and 2–8 colonies.
service-bulk-registered-edges,f6c1322dca69f007a7c8d14adfff87d6,35,30001,7,9,1,invalid_request,,,hilbert-river revision 1 seed 30001 [validation]: Fractal maps support 128–512 tiles per axis and 2–8 colonies.
service-bulk-registered-edges,ed9ce7a7120f398c8941544b3820364a,35,30001,8,9,1,invalid_request,,,hilbert-river revision 1 seed 30001 [validation]: Fractal maps support 128–512 tiles per axis and 2–8 colonies.
service-bulk-registered-edges,3dd08d8f1e997ed824991c78dca7c5d7,35,30001,9,9,1,invalid_request,,,hilbert-river revision 1 seed 30001 [validation]: Fractal maps support 128–512 tiles per axis and 2–8 colonies.
service-bulk-registered-edges,337a301d16bc71bdf9a1805be19e527b,35,30001,6,9,2,invalid_request,,,hilbert-river revision 1 seed 30001 [validation]: Fractal maps support 128–512 tiles per axis and 2–8 colonies.
service-bulk-registered-edges,a27a04becf6eed1ebd4e2dccf0305212,35,30001,7,9,2,success,,,hilbert-river revision 1 seed 30001 [complete]:
service-bulk-registered-edges,d3513bb89c1ed52ed62555b96afa4273,35,30001,8,9,2,success,,,hilbert-river revision 1 seed 30001 [complete]:
service-bulk-registered-edges,64850cc11ab959aaec0aeb47e0f4c474,35,30001,9,9,2,success,,,hilbert-river revision 1 seed 30001 [complete]:
service-bulk-registered-edges,3bb57c0e9e46305b391738e40fd255c3,35,30001,6,9,8,invalid_request,,,hilbert-river revision 1 seed 30001 [validation]: Fractal maps support 128–512 tiles per axis and 2–8 colonies.
service-bulk-registered-edges,e118f64687bf452a310dda93b2299a04,35,30001,7,9,8,success,,,hilbert-river revision 1 seed 30001 [complete]:
service-bulk-registered-edges,42afc3ee4c22c220d537c83a8ea18b97,35,30001,8,9,8,success,,,hilbert-river revision 1 seed 30001 [complete]:
service-bulk-registered-edges,a2cce8585b19097b6d50b4e2ebe5b05a,35,30001,9,9,8,success,,,hilbert-river revision 1 seed 30001 [complete]:
service-bulk-registered-edges,8f4a6597e6d3d984beb6b00ac7955192,35,30001,6,9,12,invalid_request,,,hilbert-river revision 1 seed 30001 [validation]: Fractal maps support 128–512 tiles per axis and 2–8 colonies.
service-bulk-registered-edges,0b6c807b7fdbc2c14cbd8c4cc8bb39cf,35,30001,7,9,12,invalid_request,,,hilbert-river revision 1 seed 30001 [validation]: Fractal maps support 128–512 tiles per axis and 2–8 colonies.
service-bulk-registered-edges,7d0c87e9fa1de23532e8d4f810726de0,35,30001,8,9,12,invalid_request,,,hilbert-river revision 1 seed 30001 [validation]: Fractal maps support 128–512 tiles per axis and 2–8 colonies.
service-bulk-registered-edges,21f86e7303823bc0d1a700170966005b,35,30001,9,9,12,invalid_request,,,hilbert-river revision 1 seed 30001 [validation]: Fractal maps support 128–512 tiles per axis and 2–8 colonies.
service-bulk-training,f4ccb70f4d9c8ac3cd667c7377089b3c,34,20001,8,8,4,success,,,sierpinski-gardens revision 1 seed 20001 [complete]:
service-bulk-training,4fd38c36bf620ece60e465636368ed77,34,20001,7,7,2,success,,,sierpinski-gardens revision 1 seed 20001 [complete]:
service-bulk-training,5d5444a2bb033fade7727f3ea6e75d73,34,20001,8,7,2,success,,,sierpinski-gardens revision 1 seed 20001 [complete]:
service-bulk-training,53d6c7207ac014b326a8b3b63395f08a,34,20001,9,7,2,success,,,sierpinski-gardens revision 1 seed 20001 [complete]:
service-bulk-training,a9c17734188d2fe29717a10c7b2b9ae2,34,20001,7,7,3,success,,,sierpinski-gardens revision 1 seed 20001 [complete]:
service-bulk-training,43f91f5dce61b26e078c9f7093922902,34,20001,8,7,3,success,,,sierpinski-gardens revision 1 seed 20001 [complete]:
service-bulk-training,30af5916221cd1dd44c2373e36ef4567,34,20001,9,7,3,success,,,sierpinski-gardens revision 1 seed 20001 [complete]:
service-bulk-training,d9724d62915d57262faba24b2d19e4e9,34,20001,7,7,4,invalid_request,,,sierpinski-gardens revision 1 seed 20001 [validation]: Cannot fit 4 separated 56×56 home/farm modules on this terrain; enlarge the map or reduce colonies/folds/lake size.
service-bulk-training,7cee7244972a574737b5782b6b59ad93,34,20001,8,7,4,success,,,sierpinski-gardens revision 1 seed 20001 [complete]:
service-bulk-training,8452cf175dc754621f58e2e7baaae4a6,34,20001,9,7,4,success,,,sierpinski-gardens revision 1 seed 20001 [complete]:
service-bulk-training,5af28ee115d3c04a75ce9610dc6e1d30,34,20001,7,7,5,invalid_request,,,sierpinski-gardens revision 1 seed 20001 [validation]: Cannot fit 5 separated 56×56 home/farm modules on this terrain; enlarge the map or reduce colonies/folds/lake size.
service-bulk-training,21fb65ff2477821f58499ac06dfe5850,34,20001,8,7,5,success,,,sierpinski-gardens revision 1 seed 20001 [complete]:
service-bulk-training,91ca0396db1437078222de68fac2460e,34,20001,9,7,5,success,,,sierpinski-gardens revision 1 seed 20001 [complete]:
service-bulk-training,f7994d71ace7984d132147c0b8d2a04d,34,20001,7,7,6,invalid_request,,,sierpinski-gardens revision 1 seed 20001 [validation]: Cannot fit 6 separated 56×56 home/farm modules on this terrain; enlarge the map or reduce colonies/folds/lake size.
service-bulk-training,f356f221f2dbd02fb85dac278b253a86,34,20001,8,7,6,success,,,sierpinski-gardens revision 1 seed 20001 [complete]:
service-bulk-training,1fcbf4b4a1aff050d9b8d794fdfeca14,34,20001,9,7,6,success,,,sierpinski-gardens revision 1 seed 20001 [complete]:
service-bulk-training,165cc47af68032c8054953b50567ec3d,34,20001,7,7,7,invalid_request,,,sierpinski-gardens revision 1 seed 20001 [validation]: Cannot fit 7 separated 56×56 home/farm modules on this terrain; enlarge the map or reduce colonies/folds/lake size.
service-bulk-training,f692d45ca540146dfd03d21ed5e53fbf,34,20001,8,7,7,invalid_request,,,sierpinski-gardens revision 1 seed 20001 [validation]: Cannot fit 7 separated 56×56 home/farm modules on this terrain; enlarge the map or reduce colonies/folds/lake size.
service-bulk-training,04c62941f78f8fdec246022530ac158a,34,20001,9,7,7,success,,,sierpinski-gardens revision 1 seed 20001 [complete]:
service-bulk-training,f2a5fb2b788c8e929d65f6a8d1fa6c06,34,20001,7,7,8,invalid_request,,,sierpinski-gardens revision 1 seed 20001 [validation]: Cannot fit 8 separated 56×56 home/farm modules on this terrain; enlarge the map or reduce colonies/folds/lake size.
service-bulk-training,12181bda7e0eeed76571d3a7c76a7fcb,34,20001,8,7,8,invalid_request,,,sierpinski-gardens revision 1 seed 20001 [validation]: Cannot fit 8 separated 56×56 home/farm modules on this terrain; enlarge the map or reduce colonies/folds/lake size.
service-bulk-training,be5848be7b2fa8505094902c75b138e7,34,20001,9,7,8,success,,,sierpinski-gardens revision 1 seed 20001 [complete]:
service-bulk-training,cfd3ccd6e80beb60988f0c146fa87ecd,34,20001,7,8,2,success,,,sierpinski-gardens revision 1 seed 20001 [complete]:
service-bulk-training,4cd2b7dc7603eb52234eb3fbc83635aa,34,20001,8,8,2,success,,,sierpinski-gardens revision 1 seed 20001 [complete]:
service-bulk-training,c41026fbf4d3daae557bce3e68f7f91f,34,20001,9,8,2,success,,,sierpinski-gardens revision 1 seed 20001 [complete]:
service-bulk-training,365143a6aa86f9854250842b97663c67,34,20001,7,8,3,success,,,sierpinski-gardens revision 1 seed 20001 [complete]:
service-bulk-training,35e583a95ce09d0a50761b9ed09ad61f,34,20001,8,8,3,success,,,sierpinski-gardens revision 1 seed 20001 [complete]:
service-bulk-training,a2af2eb39a65fadad5b12853730f4ba4,34,20001,9,8,3,success,,,sierpinski-gardens revision 1 seed 20001 [complete]:
service-bulk-training,7223c6d6dfbea86aa6596958481b392e,34,20001,7,8,4,success,,,sierpinski-gardens revision 1 seed 20001 [complete]:
service-bulk-training,a604cd7ca94f89a45819804416a7f4ab,34,20001,8,8,4,success,,,sierpinski-gardens revision 1 seed 20001 [complete]:
service-bulk-training,82921eb3fb0748de4152fc0f18dcf435,34,20001,9,8,4,success,,,sierpinski-gardens revision 1 seed 20001 [complete]:
service-bulk-training,3c1cef457e6a11d2db81a36ff1c23b15,34,20001,7,8,5,success,,,sierpinski-gardens revision 1 seed 20001 [complete]:
service-bulk-training,070d9f27a0847835a1d16e197c511e6d,34,20001,8,8,5,success,,,sierpinski-gardens revision 1 seed 20001 [complete]:
service-bulk-training,13943914a2ea92bbed8243bbe4088a35,34,20001,9,8,5,success,,,sierpinski-gardens revision 1 seed 20001 [complete]:
service-bulk-training,49bf53bfec67ec173186841b3672d0ec,34,20001,7,8,6,success,,,sierpinski-gardens revision 1 seed 20001 [complete]:
service-bulk-training,b70242af7cd6f31e53937da1d817b802,34,20001,8,8,6,success,,,sierpinski-gardens revision 1 seed 20001 [complete]:
service-bulk-training,98fd93227169e9bc17b3103ed229d91b,34,20001,9,8,6,success,,,sierpinski-gardens revision 1 seed 20001 [complete]:
service-bulk-training,b6259b76443cde387b270ba8ec6c4d08,34,20001,7,8,7,invalid_request,,,sierpinski-gardens revision 1 seed 20001 [validation]: Cannot fit 7 separated 56×56 home/farm modules on this terrain; enlarge the map or reduce colonies/folds/lake size.
service-bulk-training,2a924244891430d699e6899fa8c53533,34,20001,8,8,7,success,,,sierpinski-gardens revision 1 seed 20001 [complete]:
service-bulk-training,b161a65d23a14a6dafda0a875122826c,34,20001,9,8,7,success,,,sierpinski-gardens revision 1 seed 20001 [complete]:
service-bulk-training,e4abf6e7e02bedb40b68cf1accf0c4f4,34,20001,7,8,8,invalid_request,,,sierpinski-gardens revision 1 seed 20001 [validation]: Cannot fit 8 separated 56×56 home/farm modules on this terrain; enlarge the map or reduce colonies/folds/lake size.
service-bulk-training,27a60954d57e9e5eb1dcb6051c875a87,34,20001,8,8,8,success,,,sierpinski-gardens revision 1 seed 20001 [complete]:
service-bulk-training,4ac328331988d9aebcdd243431be6ee1,34,20001,9,8,8,success,,,sierpinski-gardens revision 1 seed 20001 [complete]:
service-bulk-training,18f689e35ccbc818ee6f095d3444bb94,34,20001,7,9,2,success,,,sierpinski-gardens revision 1 seed 20001 [complete]:
service-bulk-training,bc4d9ccb442734b8b8db71c0d5a4a998,34,20001,8,9,2,success,,,sierpinski-gardens revision 1 seed 20001 [complete]:
service-bulk-training,460b9711b16f8927b45721347fd590bf,34,20001,9,9,2,success,,,sierpinski-gardens revision 1 seed 20001 [complete]:
service-bulk-training,f6f804c59ee6acbe7ce7d77d8d77825a,34,20001,7,9,3,success,,,sierpinski-gardens revision 1 seed 20001 [complete]:
service-bulk-training,bdaf8361074570fa21b2918f907c2723,34,20001,8,9,3,success,,,sierpinski-gardens revision 1 seed 20001 [complete]:
service-bulk-training,d8364ac25a0c22be15af9e1a8001e6a5,34,20001,9,9,3,success,,,sierpinski-gardens revision 1 seed 20001 [complete]:
service-bulk-training,ecabc5df53ecb52b01357c33d54d0b2e,34,20001,7,9,4,success,,,sierpinski-gardens revision 1 seed 20001 [complete]:
service-bulk-training,cc63b9d0215b56836f5462b673a14e5c,34,20001,8,9,4,success,,,sierpinski-gardens revision 1 seed 20001 [complete]:
service-bulk-training,66327fd8f0b95b26af31c503d6561591,34,20001,9,9,4,success,,,sierpinski-gardens revision 1 seed 20001 [complete]:
service-bulk-training,7e689ad2eee1054148e9635a04f1103e,34,20001,7,9,5,success,,,sierpinski-gardens revision 1 seed 20001 [complete]:
service-bulk-training,ee4eab16b05828eabfdf9c146adc3a86,34,20001,8,9,5,success,,,sierpinski-gardens revision 1 seed 20001 [complete]:
service-bulk-training,d61ea1d5a5e664c0a0956c15d05fc7bf,34,20001,9,9,5,success,,,sierpinski-gardens revision 1 seed 20001 [complete]:
service-bulk-training,a10487d7c1c757a42d8dac04e5c02071,34,20001,7,9,6,success,,,sierpinski-gardens revision 1 seed 20001 [complete]:
service-bulk-training,9a1b05eddd2b7ec0a1a2a4e65270f661,34,20001,8,9,6,success,,,sierpinski-gardens revision 1 seed 20001 [complete]:
service-bulk-training,67c9885b3dcbc1fd056c5a8c07e6a8c6,34,20001,9,9,6,success,,,sierpinski-gardens revision 1 seed 20001 [complete]:
service-bulk-training,2f960a5e7a16c2cef1e773c20cbb8858,34,20001,7,9,7,success,,,sierpinski-gardens revision 1 seed 20001 [complete]:
service-bulk-training,56a3115b8c3a229f5a3402c4d2e988ed,34,20001,8,9,7,success,,,sierpinski-gardens revision 1 seed 20001 [complete]:
service-bulk-training,caa9dcac407a8be3b2b71047b1a5fe3f,34,20001,9,9,7,success,,,sierpinski-gardens revision 1 seed 20001 [complete]:
service-bulk-training,f20aae12833d693a4da0b009715ec847,34,20001,7,9,8,success,,,sierpinski-gardens revision 1 seed 20001 [complete]:
service-bulk-training,8827d371be518481b4fbe1950614bf39,34,20001,8,9,8,success,,,sierpinski-gardens revision 1 seed 20001 [complete]:
service-bulk-training,7365ecaea695ac800f8ee9d502ead6b5,34,20001,9,9,8,success,,,sierpinski-gardens revision 1 seed 20001 [complete]:
service-bulk-training,0321a6310166ddcbff47c2a14850fc44,34,20002,8,8,4,success,,,sierpinski-gardens revision 1 seed 20002 [complete]:
service-bulk-training,16907b8b58a20329bd8d82151e1150fe,34,20002,7,7,2,success,,,sierpinski-gardens revision 1 seed 20002 [complete]:
service-bulk-training,6c5eb968fe92a6c5f67a27352c6fcd4d,34,20002,8,7,2,success,,,sierpinski-gardens revision 1 seed 20002 [complete]:
service-bulk-training,d5f8378304835295737f5f9ef0738a81,34,20002,9,7,2,success,,,sierpinski-gardens revision 1 seed 20002 [complete]:
service-bulk-training,6e8d2f64206086bd84c362ad0c2bdc52,34,20002,7,7,3,success,,,sierpinski-gardens revision 1 seed 20002 [complete]:
service-bulk-training,2d79b91f8dc203533be093ddd9bcff91,34,20002,8,7,3,success,,,sierpinski-gardens revision 1 seed 20002 [complete]:
service-bulk-training,1099703506c7224e993b63c5334ef306,34,20002,9,7,3,success,,,sierpinski-gardens revision 1 seed 20002 [complete]:
service-bulk-training,994ae21e39f2648ea7b199c0cfd8ce4c,34,20002,7,7,4,invalid_request,,,sierpinski-gardens revision 1 seed 20002 [validation]: Cannot fit 4 separated 56×56 home/farm modules on this terrain; enlarge the map or reduce colonies/folds/lake size.
service-bulk-training,71a0ba6449cd8b638a919e54ee3bed92,34,20002,8,7,4,success,,,sierpinski-gardens revision 1 seed 20002 [complete]:
service-bulk-training,c02b10b7579b485ca6c7933b8da1e6ae,34,20002,9,7,4,success,,,sierpinski-gardens revision 1 seed 20002 [complete]:
service-bulk-training,5d4a733dd3d1bea1ed22f5621ee43e01,34,20002,7,7,5,invalid_request,,,sierpinski-gardens revision 1 seed 20002 [validation]: Cannot fit 5 separated 56×56 home/farm modules on this terrain; enlarge the map or reduce colonies/folds/lake size.
service-bulk-training,b6b6159a1e657ba397e58b3eface659d,34,20002,8,7,5,success,,,sierpinski-gardens revision 1 seed 20002 [complete]:
service-bulk-training,26a525f3d4548e671db2939183ce7ba8,34,20002,9,7,5,success,,,sierpinski-gardens revision 1 seed 20002 [complete]:
service-bulk-training,aa50c16eabcbbed22574f3d998cce77f,34,20002,7,7,6,invalid_request,,,sierpinski-gardens revision 1 seed 20002 [validation]: Cannot fit 6 separated 56×56 home/farm modules on this terrain; enlarge the map or reduce colonies/folds/lake size.
service-bulk-training,d3a1f1e20319033c0b656c306ffabbe3,34,20002,8,7,6,success,,,sierpinski-gardens revision 1 seed 20002 [complete]:
service-bulk-training,2460d0a51cb1868a133f22a61260358e,34,20002,9,7,6,success,,,sierpinski-gardens revision 1 seed 20002 [complete]:
service-bulk-training,71afcf065c542b6cb88b2d7fc1c8ff7d,34,20002,7,7,7,invalid_request,,,sierpinski-gardens revision 1 seed 20002 [validation]: Cannot fit 7 separated 56×56 home/farm modules on this terrain; enlarge the map or reduce colonies/folds/lake size.
service-bulk-training,8d8476e6769806095923b79ee279eaa9,34,20002,8,7,7,invalid_request,,,sierpinski-gardens revision 1 seed 20002 [validation]: Cannot fit 7 separated 56×56 home/farm modules on this terrain; enlarge the map or reduce colonies/folds/lake size.
service-bulk-training,de6be190520b9767434d6d8742af92ab,34,20002,9,7,7,success,,,sierpinski-gardens revision 1 seed 20002 [complete]:
service-bulk-training,89cd575add8808c958857093a30b23f5,34,20002,7,7,8,invalid_request,,,sierpinski-gardens revision 1 seed 20002 [validation]: Cannot fit 8 separated 56×56 home/farm modules on this terrain; enlarge the map or reduce colonies/folds/lake size.
service-bulk-training,15f501f35ee90709a5f024204648cf13,34,20002,8,7,8,invalid_request,,,sierpinski-gardens revision 1 seed 20002 [validation]: Cannot fit 8 separated 56×56 home/farm modules on this terrain; enlarge the map or reduce colonies/folds/lake size.
service-bulk-training,44edc7cdb8983837ae112af61aa2a5d8,34,20002,9,7,8,success,,,sierpinski-gardens revision 1 seed 20002 [complete]:
service-bulk-training,02691fa901a2c1eb4644a088232c5c8b,34,20002,7,8,2,success,,,sierpinski-gardens revision 1 seed 20002 [complete]:
service-bulk-training,f716769d5506e224ac37a76c44fb9433,34,20002,8,8,2,success,,,sierpinski-gardens revision 1 seed 20002 [complete]:
service-bulk-training,c6e514a116e844e4f43a3f8f9169a1fa,34,20002,9,8,2,success,,,sierpinski-gardens revision 1 seed 20002 [complete]:
service-bulk-training,d68a02de2d5863c19c2ba00123d84b8c,34,20002,7,8,3,success,,,sierpinski-gardens revision 1 seed 20002 [complete]:
service-bulk-training,f36894ffa8a527fc7738dca1919f3d65,34,20002,8,8,3,success,,,sierpinski-gardens revision 1 seed 20002 [complete]:
service-bulk-training,1506bedf1bfcf7f2e69304063e075daf,34,20002,9,8,3,success,,,sierpinski-gardens revision 1 seed 20002 [complete]:
service-bulk-training,cf5a20b013a9017475bd559822618bf3,34,20002,7,8,4,success,,,sierpinski-gardens revision 1 seed 20002 [complete]:
service-bulk-training,f8243265491271bb645cf7090f5143a4,34,20002,8,8,4,success,,,sierpinski-gardens revision 1 seed 20002 [complete]:
service-bulk-training,895d9898e00f07f6298e22547c28b0c7,34,20002,9,8,4,success,,,sierpinski-gardens revision 1 seed 20002 [complete]:
service-bulk-training,7e9bc9f8eb962955eebc7121777c9de5,34,20002,7,8,5,success,,,sierpinski-gardens revision 1 seed 20002 [complete]:
service-bulk-training,1217ad12ca3e28c27b4438f6eaeb2058,34,20002,8,8,5,success,,,sierpinski-gardens revision 1 seed 20002 [complete]:
service-bulk-training,ccbccf67bc0db7a13219422e74064d4e,34,20002,9,8,5,success,,,sierpinski-gardens revision 1 seed 20002 [complete]:
service-bulk-training,1e701110e657141bf863875b24df2247,34,20002,7,8,6,success,,,sierpinski-gardens revision 1 seed 20002 [complete]:
service-bulk-training,145c14323870c3da70bd879d5b6856a4,34,20002,8,8,6,success,,,sierpinski-gardens revision 1 seed 20002 [complete]:
service-bulk-training,842eecba7caf36f8e33c812244939646,34,20002,9,8,6,success,,,sierpinski-gardens revision 1 seed 20002 [complete]:
service-bulk-training,6316c8df9230c07e4f6f4a3ce59e955c,34,20002,7,8,7,invalid_request,,,sierpinski-gardens revision 1 seed 20002 [validation]: Cannot fit 7 separated 56×56 home/farm modules on this terrain; enlarge the map or reduce colonies/folds/lake size.
service-bulk-training,d58ab88b7b07cb5a32eabc4707ca8189,34,20002,8,8,7,success,,,sierpinski-gardens revision 1 seed 20002 [complete]:
service-bulk-training,69b89965774a0967e2bf7fcc126ce90a,34,20002,9,8,7,success,,,sierpinski-gardens revision 1 seed 20002 [complete]:
service-bulk-training,6edecaf4e3aecf369a9ab1aadbeb19e9,34,20002,7,8,8,invalid_request,,,sierpinski-gardens revision 1 seed 20002 [validation]: Cannot fit 8 separated 56×56 home/farm modules on this terrain; enlarge the map or reduce colonies/folds/lake size.
service-bulk-training,367c2c6dabbd155917018a8c3df742a9,34,20002,8,8,8,success,,,sierpinski-gardens revision 1 seed 20002 [complete]:
service-bulk-training,6910c1c0a2afa79790601e9e3f0c1591,34,20002,9,8,8,success,,,sierpinski-gardens revision 1 seed 20002 [complete]:
service-bulk-training,011ddc250c3a8eaf6a5d695e24dc4552,34,20002,7,9,2,success,,,sierpinski-gardens revision 1 seed 20002 [complete]:
service-bulk-training,efdaaa057cf5f2e1bb998d82c8f1684a,34,20002,8,9,2,success,,,sierpinski-gardens revision 1 seed 20002 [complete]:
service-bulk-training,011077fb553ef21b22f14df44505ac91,34,20002,9,9,2,success,,,sierpinski-gardens revision 1 seed 20002 [complete]:
service-bulk-training,00634df552255a2bb4c012f08c3a16c0,34,20002,7,9,3,success,,,sierpinski-gardens revision 1 seed 20002 [complete]:
service-bulk-training,89a614025abdc805ab6846a0f894a78a,34,20002,8,9,3,success,,,sierpinski-gardens revision 1 seed 20002 [complete]:
service-bulk-training,c1b6609331feb97f1278eea9c5f92519,34,20002,9,9,3,success,,,sierpinski-gardens revision 1 seed 20002 [complete]:
service-bulk-training,d8d8e493509887be53fee71f88804695,34,20002,7,9,4,success,,,sierpinski-gardens revision 1 seed 20002 [complete]:
service-bulk-training,88eee0ce6489366ddd04b23f28063a86,34,20002,8,9,4,success,,,sierpinski-gardens revision 1 seed 20002 [complete]:
service-bulk-training,67ab4c6cb17c43e33431b5bf7f396ff2,34,20002,9,9,4,success,,,sierpinski-gardens revision 1 seed 20002 [complete]:
service-bulk-training,cca7dc5dc75d08fb8974ddc8811578a4,34,20002,7,9,5,success,,,sierpinski-gardens revision 1 seed 20002 [complete]:
service-bulk-training,8774a44e846f69fc9a28cf7b6b5c3396,34,20002,8,9,5,success,,,sierpinski-gardens revision 1 seed 20002 [complete]:
service-bulk-training,cfe20047401ab06879cbd35222151601,34,20002,9,9,5,success,,,sierpinski-gardens revision 1 seed 20002 [complete]:
service-bulk-training,e1cd108456f21b5bb4179b4296b8a34d,34,20002,7,9,6,success,,,sierpinski-gardens revision 1 seed 20002 [complete]:
service-bulk-training,51e1b3a75b9af562d3f6440736f72afa,34,20002,8,9,6,success,,,sierpinski-gardens revision 1 seed 20002 [complete]:
service-bulk-training,ac5171032db0c0877e7f36779cf73e2e,34,20002,9,9,6,success,,,sierpinski-gardens revision 1 seed 20002 [complete]:
service-bulk-training,b5aee7e72d3e697f2fbd92e6a93827c8,34,20002,7,9,7,success,,,sierpinski-gardens revision 1 seed 20002 [complete]:
service-bulk-training,e47c32ae9bb4d53f4442f036e5e10779,34,20002,8,9,7,success,,,sierpinski-gardens revision 1 seed 20002 [complete]:
service-bulk-training,611be845b81d90a085d55153eff5b1dd,34,20002,9,9,7,success,,,sierpinski-gardens revision 1 seed 20002 [complete]:
service-bulk-training,f68b3b60534694c4f4d87dd4b7999d8e,34,20002,7,9,8,success,,,sierpinski-gardens revision 1 seed 20002 [complete]:
service-bulk-training,b245d86bb9f4e8e968fe93aad978dd7b,34,20002,8,9,8,success,,,sierpinski-gardens revision 1 seed 20002 [complete]:
service-bulk-training,4a3978052658128ac56dee43568664da,34,20002,9,9,8,success,,,sierpinski-gardens revision 1 seed 20002 [complete]:
service-bulk-training,326a90ada372a996e743ee4fecdcaa50,34,20003,8,8,4,success,,,sierpinski-gardens revision 1 seed 20003 [complete]:
service-bulk-training,0380b05c7a3510e032d92d3ef004862a,34,20003,7,7,2,success,,,sierpinski-gardens revision 1 seed 20003 [complete]:
service-bulk-training,6d383b3dbfb523feb1fbad37593435ab,34,20003,8,7,2,success,,,sierpinski-gardens revision 1 seed 20003 [complete]:
service-bulk-training,afeb33e74c801ba6227271e1f28be732,34,20003,9,7,2,success,,,sierpinski-gardens revision 1 seed 20003 [complete]:
service-bulk-training,d328efc1b4f3bbd3e2d072da86727ab6,34,20003,7,7,3,success,,,sierpinski-gardens revision 1 seed 20003 [complete]:
service-bulk-training,ced939ffad6a081b8557a49997912a31,34,20003,8,7,3,success,,,sierpinski-gardens revision 1 seed 20003 [complete]:
service-bulk-training,cfebb1b6b29518241552665904c71345,34,20003,9,7,3,success,,,sierpinski-gardens revision 1 seed 20003 [complete]:
service-bulk-training,424e95793b04da39b9887919e9654571,34,20003,7,7,4,invalid_request,,,sierpinski-gardens revision 1 seed 20003 [validation]: Cannot fit 4 separated 56×56 home/farm modules on this terrain; enlarge the map or reduce colonies/folds/lake size.
service-bulk-training,98a03bf1cf187e8e25c5fcea33e526f3,34,20003,8,7,4,success,,,sierpinski-gardens revision 1 seed 20003 [complete]:
service-bulk-training,3020c866b55364a291fa341a356aa78c,34,20003,9,7,4,success,,,sierpinski-gardens revision 1 seed 20003 [complete]:
service-bulk-training,84c18efcfa0171e94b861239c70bf063,34,20003,7,7,5,invalid_request,,,sierpinski-gardens revision 1 seed 20003 [validation]: Cannot fit 5 separated 56×56 home/farm modules on this terrain; enlarge the map or reduce colonies/folds/lake size.
service-bulk-training,553ecd4467bcd90477d1693c17bafad3,34,20003,8,7,5,success,,,sierpinski-gardens revision 1 seed 20003 [complete]:
service-bulk-training,4a123fd1378e19513fa7fc89226d7d34,34,20003,9,7,5,success,,,sierpinski-gardens revision 1 seed 20003 [complete]:
service-bulk-training,ead1ac66bf3b3c80431a1f3ab874a10f,34,20003,7,7,6,invalid_request,,,sierpinski-gardens revision 1 seed 20003 [validation]: Cannot fit 6 separated 56×56 home/farm modules on this terrain; enlarge the map or reduce colonies/folds/lake size.
service-bulk-training,b3d0bd838f6166598ed8c08cc41e2ad0,34,20003,8,7,6,success,,,sierpinski-gardens revision 1 seed 20003 [complete]:
service-bulk-training,97646c3b756c1e0e99cacde5735affb5,34,20003,9,7,6,success,,,sierpinski-gardens revision 1 seed 20003 [complete]:
service-bulk-training,c8f4dc321e23fbaa8d76b52abfa276eb,34,20003,7,7,7,invalid_request,,,sierpinski-gardens revision 1 seed 20003 [validation]: Cannot fit 7 separated 56×56 home/farm modules on this terrain; enlarge the map or reduce colonies/folds/lake size.
service-bulk-training,2ea8890afceaa1fe61d4b787968ada69,34,20003,8,7,7,invalid_request,,,sierpinski-gardens revision 1 seed 20003 [validation]: Cannot fit 7 separated 56×56 home/farm modules on this terrain; enlarge the map or reduce colonies/folds/lake size.
service-bulk-training,4f89b56702cca47a8915d90cf3fa1c80,34,20003,9,7,7,success,,,sierpinski-gardens revision 1 seed 20003 [complete]:
service-bulk-training,f5fa087654aeda4e6953b215034353da,34,20003,7,7,8,invalid_request,,,sierpinski-gardens revision 1 seed 20003 [validation]: Cannot fit 8 separated 56×56 home/farm modules on this terrain; enlarge the map or reduce colonies/folds/lake size.
service-bulk-training,06d29b6acd28cbaecb8b8aeed9c7f9df,34,20003,8,7,8,invalid_request,,,sierpinski-gardens revision 1 seed 20003 [validation]: Cannot fit 8 separated 56×56 home/farm modules on this terrain; enlarge the map or reduce colonies/folds/lake size.
service-bulk-training,ea2bc21fabc7a51ef04ebef0b21ac6df,34,20003,9,7,8,success,,,sierpinski-gardens revision 1 seed 20003 [complete]:
service-bulk-training,317699afe1a240651971e4628fd6f1f3,34,20003,7,8,2,success,,,sierpinski-gardens revision 1 seed 20003 [complete]:
service-bulk-training,40cdf8ff50929720867a0842e21c4ed6,34,20003,8,8,2,success,,,sierpinski-gardens revision 1 seed 20003 [complete]:
service-bulk-training,fab2df2286c1f0a5d2d3aaed5740270c,34,20003,9,8,2,success,,,sierpinski-gardens revision 1 seed 20003 [complete]:
service-bulk-training,71447e2a40bddeb6d66a6c8880397e4d,34,20003,7,8,3,success,,,sierpinski-gardens revision 1 seed 20003 [complete]:
service-bulk-training,8e2c0d5d5879161777b78a04fbdfe69b,34,20003,8,8,3,success,,,sierpinski-gardens revision 1 seed 20003 [complete]:
service-bulk-training,7227d817f533ff94d9b2aad8f9e44280,34,20003,9,8,3,success,,,sierpinski-gardens revision 1 seed 20003 [complete]:
service-bulk-training,7f3bb71edad0251d37c9423e4ab43c70,34,20003,7,8,4,success,,,sierpinski-gardens revision 1 seed 20003 [complete]:
service-bulk-training,f977ee0bf30aead3dbe4f801a231ffb4,34,20003,8,8,4,success,,,sierpinski-gardens revision 1 seed 20003 [complete]:
service-bulk-training,054a795d68fc58604534c597d2dfe83e,34,20003,9,8,4,success,,,sierpinski-gardens revision 1 seed 20003 [complete]:
service-bulk-training,d35e7121667e0e5b29fd00f5f28bc37c,34,20003,7,8,5,success,,,sierpinski-gardens revision 1 seed 20003 [complete]:
service-bulk-training,892134c5e5448b9aea1ec1bc1a296593,34,20003,8,8,5,success,,,sierpinski-gardens revision 1 seed 20003 [complete]:
service-bulk-training,e753df82cd5e2eec84ddcbc51be0ca9e,34,20003,9,8,5,success,,,sierpinski-gardens revision 1 seed 20003 [complete]:
service-bulk-training,77648df91ce6d48981a62d14bb67b0ca,34,20003,7,8,6,success,,,sierpinski-gardens revision 1 seed 20003 [complete]:
service-bulk-training,f362bffb464500dd4f2e570cfe5acf8c,34,20003,8,8,6,success,,,sierpinski-gardens revision 1 seed 20003 [complete]:
service-bulk-training,ea893baa4ad5bdb126afd35bb5fb5df0,34,20003,9,8,6,success,,,sierpinski-gardens revision 1 seed 20003 [complete]:
service-bulk-training,bcac1755b07325dbbec1e8d3fed07756,34,20003,7,8,7,invalid_request,,,sierpinski-gardens revision 1 seed 20003 [validation]: Cannot fit 7 separated 56×56 home/farm modules on this terrain; enlarge the map or reduce colonies/folds/lake size.
service-bulk-training,baa1744545393c02ff9edb0910ef4d1d,34,20003,8,8,7,success,,,sierpinski-gardens revision 1 seed 20003 [complete]:
service-bulk-training,6b6c87677a96613a2971419350cabe75,34,20003,9,8,7,success,,,sierpinski-gardens revision 1 seed 20003 [complete]:
service-bulk-training,b1239f97d57bf2fb00fd185a34a20052,34,20003,7,8,8,invalid_request,,,sierpinski-gardens revision 1 seed 20003 [validation]: Cannot fit 8 separated 56×56 home/farm modules on this terrain; enlarge the map or reduce colonies/folds/lake size.
service-bulk-training,6ed57180690f0ecbe179aa3d7394bd56,34,20003,8,8,8,success,,,sierpinski-gardens revision 1 seed 20003 [complete]:
service-bulk-training,abe4d24369e190ea2472f8e663f2a1c7,34,20003,9,8,8,success,,,sierpinski-gardens revision 1 seed 20003 [complete]:
service-bulk-training,70110f1699489c62394720bb40eb971b,34,20003,7,9,2,success,,,sierpinski-gardens revision 1 seed 20003 [complete]:
service-bulk-training,5a17d091534c4346ac65cabe30f04cf6,34,20003,8,9,2,success,,,sierpinski-gardens revision 1 seed 20003 [complete]:
service-bulk-training,8295893c5068160baa9b8c72b7c88c74,34,20003,9,9,2,success,,,sierpinski-gardens revision 1 seed 20003 [complete]:
service-bulk-training,3743f25821df95e86bb5a57b102e8271,34,20003,7,9,3,success,,,sierpinski-gardens revision 1 seed 20003 [complete]:
service-bulk-training,79e72a21f2f35947c9d62906d009661f,34,20003,8,9,3,success,,,sierpinski-gardens revision 1 seed 20003 [complete]:
service-bulk-training,c585e8e367822c79055a72baee53bd21,34,20003,9,9,3,success,,,sierpinski-gardens revision 1 seed 20003 [complete]:
service-bulk-training,d9b650c6339c4b0db490b48dd20ac7e0,34,20003,7,9,4,success,,,sierpinski-gardens revision 1 seed 20003 [complete]:
service-bulk-training,5f21d76b0965437fbda48d129f17315a,34,20003,8,9,4,success,,,sierpinski-gardens revision 1 seed 20003 [complete]:
service-bulk-training,65cbb52226be926e0ea9ccab2bc63d2e,34,20003,9,9,4,success,,,sierpinski-gardens revision 1 seed 20003 [complete]:
service-bulk-training,ed2d1733fbc41bec3884d2864919518d,34,20003,7,9,5,success,,,sierpinski-gardens revision 1 seed 20003 [complete]:
service-bulk-training,f9596df6491cf1b45a13a055db593127,34,20003,8,9,5,success,,,sierpinski-gardens revision 1 seed 20003 [complete]:
service-bulk-training,b95e9c243faf1d9b552cf383c5443290,34,20003,9,9,5,success,,,sierpinski-gardens revision 1 seed 20003 [complete]:
service-bulk-training,4586c393501b640c706d5cb204707b11,34,20003,7,9,6,success,,,sierpinski-gardens revision 1 seed 20003 [complete]:
service-bulk-training,8136babc85d3a94c7cef186f236c50b5,34,20003,8,9,6,success,,,sierpinski-gardens revision 1 seed 20003 [complete]:
service-bulk-training,862ec63c34b978241cf4de9051886973,34,20003,9,9,6,success,,,sierpinski-gardens revision 1 seed 20003 [complete]:
service-bulk-training,9d36e9899ebb299735ed6f37ff67fc03,34,20003,7,9,7,success,,,sierpinski-gardens revision 1 seed 20003 [complete]:
service-bulk-training,26a54d9e20ebaf576f1d8477676609a7,34,20003,8,9,7,success,,,sierpinski-gardens revision 1 seed 20003 [complete]:
service-bulk-training,567e7763190c5301105d2d7990bd98de,34,20003,9,9,7,success,,,sierpinski-gardens revision 1 seed 20003 [complete]:
service-bulk-training,31b8f67d19b63f8b5daa379e2378432f,34,20003,7,9,8,success,,,sierpinski-gardens revision 1 seed 20003 [complete]:
service-bulk-training,1f8052d8791873a079d30be7531c1aa3,34,20003,8,9,8,success,,,sierpinski-gardens revision 1 seed 20003 [complete]:
service-bulk-training,bc369855517c2782c220f8939a621dbc,34,20003,9,9,8,success,,,sierpinski-gardens revision 1 seed 20003 [complete]:
service-bulk-training,776397dbe4a0ef83f69f5b2ea3def785,34,20004,8,8,4,success,,,sierpinski-gardens revision 1 seed 20004 [complete]:
service-bulk-training,3fa55398b11afa78a18b1d7bd1a38b1f,34,20004,7,7,2,success,,,sierpinski-gardens revision 1 seed 20004 [complete]:
service-bulk-training,c6f0106d304d52588d637e2f82577580,34,20004,8,7,2,success,,,sierpinski-gardens revision 1 seed 20004 [complete]:
service-bulk-training,ec6c6d87acf3c3e2411dfd9c19a5d222,34,20004,9,7,2,success,,,sierpinski-gardens revision 1 seed 20004 [complete]:
service-bulk-training,12b30c9adab2dd3daa718a3938ee8ed3,34,20004,7,7,3,success,,,sierpinski-gardens revision 1 seed 20004 [complete]:
service-bulk-training,0fd4c923b57b712133540b6803a80996,34,20004,8,7,3,success,,,sierpinski-gardens revision 1 seed 20004 [complete]:
service-bulk-training,2a4de52f209044fa6bedbc735219553d,34,20004,9,7,3,success,,,sierpinski-gardens revision 1 seed 20004 [complete]:
service-bulk-training,87fe9b5893cfc83c24bd4e503293fa96,34,20004,7,7,4,invalid_request,,,sierpinski-gardens revision 1 seed 20004 [validation]: Cannot fit 4 separated 56×56 home/farm modules on this terrain; enlarge the map or reduce colonies/folds/lake size.
service-bulk-training,addc8836c89b24f6614957a36e3c0af9,34,20004,8,7,4,success,,,sierpinski-gardens revision 1 seed 20004 [complete]:
service-bulk-training,d5a05ed24f02f4a3468c3e7f3bb71a90,34,20004,9,7,4,success,,,sierpinski-gardens revision 1 seed 20004 [complete]:
service-bulk-training,eed5a9a9fa6fe2ae077758218469c875,34,20004,7,7,5,invalid_request,,,sierpinski-gardens revision 1 seed 20004 [validation]: Cannot fit 5 separated 56×56 home/farm modules on this terrain; enlarge the map or reduce colonies/folds/lake size.
service-bulk-training,526cd1791c35cabb90f2bb8bb3d4627d,34,20004,8,7,5,success,,,sierpinski-gardens revision 1 seed 20004 [complete]:
service-bulk-training,204b13bc1011cd9e45658840aca75146,34,20004,9,7,5,success,,,sierpinski-gardens revision 1 seed 20004 [complete]:
service-bulk-training,db00a411b4add95e836f645cebbfcda4,34,20004,7,7,6,invalid_request,,,sierpinski-gardens revision 1 seed 20004 [validation]: Cannot fit 6 separated 56×56 home/farm modules on this terrain; enlarge the map or reduce colonies/folds/lake size.
service-bulk-training,bd53a18ebaecff64921a5835659b629e,34,20004,8,7,6,success,,,sierpinski-gardens revision 1 seed 20004 [complete]:
service-bulk-training,52bb747f6cd4287c86ea05bece358dbc,34,20004,9,7,6,success,,,sierpinski-gardens revision 1 seed 20004 [complete]:
service-bulk-training,09d9df7e3d4952b99f4b8d64bff0ad11,34,20004,7,7,7,invalid_request,,,sierpinski-gardens revision 1 seed 20004 [validation]: Cannot fit 7 separated 56×56 home/farm modules on this terrain; enlarge the map or reduce colonies/folds/lake size.
service-bulk-training,474bea4174552f7d4a8e462a93f6d994,34,20004,8,7,7,invalid_request,,,sierpinski-gardens revision 1 seed 20004 [validation]: Cannot fit 7 separated 56×56 home/farm modules on this terrain; enlarge the map or reduce colonies/folds/lake size.
service-bulk-training,e59035f9c91db6e06a0e75fe526301d1,34,20004,9,7,7,success,,,sierpinski-gardens revision 1 seed 20004 [complete]:
service-bulk-training,39e4ba07fa67e649dceb65d05bb01ac8,34,20004,7,7,8,invalid_request,,,sierpinski-gardens revision 1 seed 20004 [validation]: Cannot fit 8 separated 56×56 home/farm modules on this terrain; enlarge the map or reduce colonies/folds/lake size.
service-bulk-training,4126e0f9144d71cbc52a8bf3c8e1f348,34,20004,8,7,8,invalid_request,,,sierpinski-gardens revision 1 seed 20004 [validation]: Cannot fit 8 separated 56×56 home/farm modules on this terrain; enlarge the map or reduce colonies/folds/lake size.
service-bulk-training,9fe2739c743e732f1ab6c37de9514a78,34,20004,9,7,8,success,,,sierpinski-gardens revision 1 seed 20004 [complete]:
service-bulk-training,6e2960a9c47ebc3f73472cd81475d351,34,20004,7,8,2,success,,,sierpinski-gardens revision 1 seed 20004 [complete]:
service-bulk-training,d100e520919d46308cc1ebe8bce9c27b,34,20004,8,8,2,success,,,sierpinski-gardens revision 1 seed 20004 [complete]:
service-bulk-training,c0c030498b415c0be3b4194c46cd7e74,34,20004,9,8,2,success,,,sierpinski-gardens revision 1 seed 20004 [complete]:
service-bulk-training,c6d8c53ca336fb362690e656e5d30425,34,20004,7,8,3,success,,,sierpinski-gardens revision 1 seed 20004 [complete]:
service-bulk-training,091a985713f3a63bea8751f992174778,34,20004,8,8,3,success,,,sierpinski-gardens revision 1 seed 20004 [complete]:
service-bulk-training,8da4cbbc0cbe67182daafb8ebd9f80fa,34,20004,9,8,3,success,,,sierpinski-gardens revision 1 seed 20004 [complete]:
service-bulk-training,32a5c8f84fe1a76ecccb060235f4dd9a,34,20004,7,8,4,success,,,sierpinski-gardens revision 1 seed 20004 [complete]:
service-bulk-training,fee349a38d33879bcdb97f49dd05c2d4,34,20004,8,8,4,success,,,sierpinski-gardens revision 1 seed 20004 [complete]:
service-bulk-training,51c53485f6f32f6b7d94d2fcfd8ac7d7,34,20004,9,8,4,success,,,sierpinski-gardens revision 1 seed 20004 [complete]:
service-bulk-training,444b38a6582da0af3ed2056bdca4af39,34,20004,7,8,5,success,,,sierpinski-gardens revision 1 seed 20004 [complete]:
service-bulk-training,3ce20a933ca447f7396a1ff94e9755d4,34,20004,8,8,5,success,,,sierpinski-gardens revision 1 seed 20004 [complete]:
service-bulk-training,69ffa6fb106e91061bf64a0952bbec97,34,20004,9,8,5,success,,,sierpinski-gardens revision 1 seed 20004 [complete]:
service-bulk-training,8880611633311c663139f9c4f40f6342,34,20004,7,8,6,success,,,sierpinski-gardens revision 1 seed 20004 [complete]:
service-bulk-training,6cc72a76e98eff1de9b09f12a7b011e3,34,20004,8,8,6,success,,,sierpinski-gardens revision 1 seed 20004 [complete]:
service-bulk-training,adaf201946eb4c7521149a4f57fb7059,34,20004,9,8,6,success,,,sierpinski-gardens revision 1 seed 20004 [complete]:
service-bulk-training,c8359c1c7a40bc32445f0620d47c66eb,34,20004,7,8,7,invalid_request,,,sierpinski-gardens revision 1 seed 20004 [validation]: Cannot fit 7 separated 56×56 home/farm modules on this terrain; enlarge the map or reduce colonies/folds/lake size.
service-bulk-training,a986b352c8783951878afabe43ce8c70,34,20004,8,8,7,success,,,sierpinski-gardens revision 1 seed 20004 [complete]:
service-bulk-training,f97c64bdd42881794e9fcb911d3ce15d,34,20004,9,8,7,success,,,sierpinski-gardens revision 1 seed 20004 [complete]:
service-bulk-training,9c772148c321162760406f209b697d82,34,20004,7,8,8,invalid_request,,,sierpinski-gardens revision 1 seed 20004 [validation]: Cannot fit 8 separated 56×56 home/farm modules on this terrain; enlarge the map or reduce colonies/folds/lake size.
service-bulk-training,eb364a17ef0fd04eb332da48991102c5,34,20004,8,8,8,success,,,sierpinski-gardens revision 1 seed 20004 [complete]:
service-bulk-training,374efc249cb7b2f41d6379f2ee0e43a7,34,20004,9,8,8,success,,,sierpinski-gardens revision 1 seed 20004 [complete]:
service-bulk-training,e2488bbef06da930d60611eefa5460cd,34,20004,7,9,2,success,,,sierpinski-gardens revision 1 seed 20004 [complete]:
service-bulk-training,b6f0cb16f9669b229312e77514213f7d,34,20004,8,9,2,success,,,sierpinski-gardens revision 1 seed 20004 [complete]:
service-bulk-training,c424da142236324e809156a010f9150e,34,20004,9,9,2,success,,,sierpinski-gardens revision 1 seed 20004 [complete]:
service-bulk-training,53916bc6eb6d6fb6595722cd1b24f67f,34,20004,7,9,3,success,,,sierpinski-gardens revision 1 seed 20004 [complete]:
service-bulk-training,29172718406b8b46af5d1fcc20a8196c,34,20004,8,9,3,success,,,sierpinski-gardens revision 1 seed 20004 [complete]:
service-bulk-training,916e8ab801be77f0c7c4fa3635b5e2b1,34,20004,9,9,3,success,,,sierpinski-gardens revision 1 seed 20004 [complete]:
service-bulk-training,7068bea2447710a70117d23469919f8f,34,20004,7,9,4,success,,,sierpinski-gardens revision 1 seed 20004 [complete]:
service-bulk-training,211bfc52c09f1af2a5a51dae2b862f73,34,20004,8,9,4,success,,,sierpinski-gardens revision 1 seed 20004 [complete]:
service-bulk-training,4c6e3090b28d21280a4c86df02eecf5f,34,20004,9,9,4,success,,,sierpinski-gardens revision 1 seed 20004 [complete]:
service-bulk-training,99a12a57a2d6567259b9697145bf2aa2,34,20004,7,9,5,success,,,sierpinski-gardens revision 1 seed 20004 [complete]:
service-bulk-training,0fc2a50bc696fe5f3b30f8294488bf8b,34,20004,8,9,5,success,,,sierpinski-gardens revision 1 seed 20004 [complete]:
service-bulk-training,5587a5834128c0bd9fb2d221f2690653,34,20004,9,9,5,success,,,sierpinski-gardens revision 1 seed 20004 [complete]:
service-bulk-training,f2ac82ab82aa2044bf9ba226020c1888,34,20004,7,9,6,success,,,sierpinski-gardens revision 1 seed 20004 [complete]:
service-bulk-training,26cf75771c497e1ba14a3f11566e6bef,34,20004,8,9,6,success,,,sierpinski-gardens revision 1 seed 20004 [complete]:
service-bulk-training,d52618ed3be43aed3017abb7a1b59031,34,20004,9,9,6,success,,,sierpinski-gardens revision 1 seed 20004 [complete]:
service-bulk-training,c29e04b8469bde21a8b8f21e5709d9a5,34,20004,7,9,7,success,,,sierpinski-gardens revision 1 seed 20004 [complete]:
service-bulk-training,564084c80b30d73119fa5635a6bab1e2,34,20004,8,9,7,success,,,sierpinski-gardens revision 1 seed 20004 [complete]:
service-bulk-training,c3b750f4fa70ab1cd5b3ef68db5bf8e8,34,20004,9,9,7,success,,,sierpinski-gardens revision 1 seed 20004 [complete]:
service-bulk-training,d19c4223782d7fc06f8255ce81a06b6b,34,20004,7,9,8,success,,,sierpinski-gardens revision 1 seed 20004 [complete]:
service-bulk-training,533b971866941726137701d9ef7b75ef,34,20004,8,9,8,success,,,sierpinski-gardens revision 1 seed 20004 [complete]:
service-bulk-training,b68ab762fc14ab3b4398ce7a2ae325a1,34,20004,9,9,8,success,,,sierpinski-gardens revision 1 seed 20004 [complete]:
service-bulk-training,df732b17ef7cbafd6854820e39978412,34,20005,8,8,4,success,,,sierpinski-gardens revision 1 seed 20005 [complete]:
service-bulk-training,e9efd4ca1fc9e974742b0b13453e2bc1,34,20005,7,7,2,success,,,sierpinski-gardens revision 1 seed 20005 [complete]:
service-bulk-training,b8f221f6507cd08098f49772dfc0351f,34,20005,8,7,2,success,,,sierpinski-gardens revision 1 seed 20005 [complete]:
service-bulk-training,cdabb74727da711c06070eff551d93c5,34,20005,9,7,2,success,,,sierpinski-gardens revision 1 seed 20005 [complete]:
service-bulk-training,6815e8ff189faec4ca68a1bb884756c9,34,20005,7,7,3,success,,,sierpinski-gardens revision 1 seed 20005 [complete]:
service-bulk-training,80f4c4b68a9a0329506a9517722b4cc6,34,20005,8,7,3,success,,,sierpinski-gardens revision 1 seed 20005 [complete]:
service-bulk-training,aed35ae8e88b1f8833d6bacc3c054aa2,34,20005,9,7,3,success,,,sierpinski-gardens revision 1 seed 20005 [complete]:
service-bulk-training,1e1556776da98dae6f82f2d7ea535240,34,20005,7,7,4,invalid_request,,,sierpinski-gardens revision 1 seed 20005 [validation]: Cannot fit 4 separated 56×56 home/farm modules on this terrain; enlarge the map or reduce colonies/folds/lake size.
service-bulk-training,e4461d06bb8144c248b51f7d52257d3d,34,20005,8,7,4,success,,,sierpinski-gardens revision 1 seed 20005 [complete]:
service-bulk-training,b4752b791d80768be957e5817e6ecdc4,34,20005,9,7,4,success,,,sierpinski-gardens revision 1 seed 20005 [complete]:
service-bulk-training,c5da6b6bf15f30dc9bb7c3443cc1467a,34,20005,7,7,5,invalid_request,,,sierpinski-gardens revision 1 seed 20005 [validation]: Cannot fit 5 separated 56×56 home/farm modules on this terrain; enlarge the map or reduce colonies/folds/lake size.
service-bulk-training,7607c306c1c7ccc1a322195e04002ae8,34,20005,8,7,5,success,,,sierpinski-gardens revision 1 seed 20005 [complete]:
service-bulk-training,2f065e3e29ac204f5b7b54a00598f328,34,20005,9,7,5,success,,,sierpinski-gardens revision 1 seed 20005 [complete]:
service-bulk-training,2f52082d1864348ae87b1b72b8135eb4,34,20005,7,7,6,invalid_request,,,sierpinski-gardens revision 1 seed 20005 [validation]: Cannot fit 6 separated 56×56 home/farm modules on this terrain; enlarge the map or reduce colonies/folds/lake size.
service-bulk-training,83d956a5dbc468dfe09754456907966f,34,20005,8,7,6,success,,,sierpinski-gardens revision 1 seed 20005 [complete]:
service-bulk-training,97b5f81126cccfddb8d532c73ac4c1d4,34,20005,9,7,6,success,,,sierpinski-gardens revision 1 seed 20005 [complete]:
service-bulk-training,c092873215ad373d0780b86aef4d1679,34,20005,7,7,7,invalid_request,,,sierpinski-gardens revision 1 seed 20005 [validation]: Cannot fit 7 separated 56×56 home/farm modules on this terrain; enlarge the map or reduce colonies/folds/lake size.
service-bulk-training,854f4b9482fad686abf9ae8cc60b6ce5,34,20005,8,7,7,invalid_request,,,sierpinski-gardens revision 1 seed 20005 [validation]: Cannot fit 7 separated 56×56 home/farm modules on this terrain; enlarge the map or reduce colonies/folds/lake size.
service-bulk-training,76a3dd5982e351ba6f16dc42439a31ad,34,20005,9,7,7,success,,,sierpinski-gardens revision 1 seed 20005 [complete]:
service-bulk-training,466b4b1871d52a0449e89cc7baa6c137,34,20005,7,7,8,invalid_request,,,sierpinski-gardens revision 1 seed 20005 [validation]: Cannot fit 8 separated 56×56 home/farm modules on this terrain; enlarge the map or reduce colonies/folds/lake size.
service-bulk-training,119508590072378e1d68ae03be30e11b,34,20005,8,7,8,invalid_request,,,sierpinski-gardens revision 1 seed 20005 [validation]: Cannot fit 8 separated 56×56 home/farm modules on this terrain; enlarge the map or reduce colonies/folds/lake size.
service-bulk-training,f4f597c3c75448e68bd2024036a1d7f9,34,20005,9,7,8,success,,,sierpinski-gardens revision 1 seed 20005 [complete]:
service-bulk-training,37410f516ca1027e2ddb725237d411d4,34,20005,7,8,2,success,,,sierpinski-gardens revision 1 seed 20005 [complete]:
service-bulk-training,a8a402c3c6020084c0616e5440a82fd3,34,20005,8,8,2,success,,,sierpinski-gardens revision 1 seed 20005 [complete]:
service-bulk-training,7006ab8d8fa9111268a407fb13359ae8,34,20005,9,8,2,success,,,sierpinski-gardens revision 1 seed 20005 [complete]:
service-bulk-training,fee77c3d1ae47200b222f71ae71d73cf,34,20005,7,8,3,success,,,sierpinski-gardens revision 1 seed 20005 [complete]:
service-bulk-training,8f915e5bee5c0d0c0f4f398874b34c34,34,20005,8,8,3,success,,,sierpinski-gardens revision 1 seed 20005 [complete]:
service-bulk-training,207a19d5a748430e3b47764f4747d8b2,34,20005,9,8,3,success,,,sierpinski-gardens revision 1 seed 20005 [complete]:
service-bulk-training,3323fc8faa7f5de8f34d36fc52e0b3ea,34,20005,7,8,4,success,,,sierpinski-gardens revision 1 seed 20005 [complete]:
service-bulk-training,357f626d32085f34172428971f9048da,34,20005,8,8,4,success,,,sierpinski-gardens revision 1 seed 20005 [complete]:
service-bulk-training,c82f2d864b77e90aa7b77e0ef0acae4c,34,20005,9,8,4,success,,,sierpinski-gardens revision 1 seed 20005 [complete]:
service-bulk-training,3561bfaaadc54b782e314c6ceda42aab,34,20005,7,8,5,success,,,sierpinski-gardens revision 1 seed 20005 [complete]:
service-bulk-training,b466af0f61235c02a12fedf12fd3dbbe,34,20005,8,8,5,success,,,sierpinski-gardens revision 1 seed 20005 [complete]:
service-bulk-training,aa6ba3bb18bd55c1a9e94da2a86cd0b6,34,20005,9,8,5,success,,,sierpinski-gardens revision 1 seed 20005 [complete]:
service-bulk-training,311f74821635b1cf10b79933b3a506ca,34,20005,7,8,6,success,,,sierpinski-gardens revision 1 seed 20005 [complete]:
service-bulk-training,0d85fe798b1be5e40b4754ba4dcbac3f,34,20005,8,8,6,success,,,sierpinski-gardens revision 1 seed 20005 [complete]:
service-bulk-training,30c69660a74e4b7c71a41e733486a976,34,20005,9,8,6,success,,,sierpinski-gardens revision 1 seed 20005 [complete]:
service-bulk-training,459288278bc4abdafab46c4fc0976cb0,34,20005,7,8,7,invalid_request,,,sierpinski-gardens revision 1 seed 20005 [validation]: Cannot fit 7 separated 56×56 home/farm modules on this terrain; enlarge the map or reduce colonies/folds/lake size.
service-bulk-training,bb1102d52e430aab857bc91a38d2ba90,34,20005,8,8,7,success,,,sierpinski-gardens revision 1 seed 20005 [complete]:
service-bulk-training,d3ceef653da0a46600712c530a45a2b6,34,20005,9,8,7,success,,,sierpinski-gardens revision 1 seed 20005 [complete]:
service-bulk-training,4e9805b2300351d541d581af57223951,34,20005,7,8,8,invalid_request,,,sierpinski-gardens revision 1 seed 20005 [validation]: Cannot fit 8 separated 56×56 home/farm modules on this terrain; enlarge the map or reduce colonies/folds/lake size.
service-bulk-training,9e64ff7009599f51df331d1fced0cb19,34,20005,8,8,8,success,,,sierpinski-gardens revision 1 seed 20005 [complete]:
service-bulk-training,e70f38c11268834406f4dd54a7963671,34,20005,9,8,8,success,,,sierpinski-gardens revision 1 seed 20005 [complete]:
service-bulk-training,3f3b47206a6630cbcbda9f111466a575,34,20005,7,9,2,success,,,sierpinski-gardens revision 1 seed 20005 [complete]:
service-bulk-training,dfd099e89f9a693e278dd434994efb1c,34,20005,8,9,2,success,,,sierpinski-gardens revision 1 seed 20005 [complete]:
service-bulk-training,2bdd3b6f6cf11e78a1c7f22db8c2cf43,34,20005,9,9,2,success,,,sierpinski-gardens revision 1 seed 20005 [complete]:
service-bulk-training,d15f0f200600c5e72cda159deccffa99,34,20005,7,9,3,success,,,sierpinski-gardens revision 1 seed 20005 [complete]:
service-bulk-training,c8b79069c31fe945ca5692b13ec353d2,34,20005,8,9,3,success,,,sierpinski-gardens revision 1 seed 20005 [complete]:
service-bulk-training,53d2000afb8a5a980cd12ef80ad242af,34,20005,9,9,3,success,,,sierpinski-gardens revision 1 seed 20005 [complete]:
service-bulk-training,640e0464d32c39ca7e05f4b61b9cced7,34,20005,7,9,4,success,,,sierpinski-gardens revision 1 seed 20005 [complete]:
service-bulk-training,b13178156b0afeb1b18b6c6a1dd2494d,34,20005,8,9,4,success,,,sierpinski-gardens revision 1 seed 20005 [complete]:
service-bulk-training,43aa99bf03b7cbba7ec7c04bb6a784ac,34,20005,9,9,4,success,,,sierpinski-gardens revision 1 seed 20005 [complete]:
service-bulk-training,ae9673a1d1ee28babb69d9d6ceda5c20,34,20005,7,9,5,success,,,sierpinski-gardens revision 1 seed 20005 [complete]:
service-bulk-training,0922f3bdd946c7ca8cb4a1553564f691,34,20005,8,9,5,success,,,sierpinski-gardens revision 1 seed 20005 [complete]:
service-bulk-training,ec58544810310be0c9f418c39f68616c,34,20005,9,9,5,success,,,sierpinski-gardens revision 1 seed 20005 [complete]:
service-bulk-training,f5c74675ccb73af21c1cf9c8d3944073,34,20005,7,9,6,success,,,sierpinski-gardens revision 1 seed 20005 [complete]:
service-bulk-training,77449b90aa9970082a434f393eb9eebe,34,20005,8,9,6,success,,,sierpinski-gardens revision 1 seed 20005 [complete]:
service-bulk-training,0f1bc802f5b76f0568a8d97989c9169a,34,20005,9,9,6,success,,,sierpinski-gardens revision 1 seed 20005 [complete]:
service-bulk-training,34ada7e2bc3b7646ae5efa1cf5dd73a1,34,20005,7,9,7,success,,,sierpinski-gardens revision 1 seed 20005 [complete]:
service-bulk-training,9f6cfd66b1b4956bcdd9a59ef956edc9,34,20005,8,9,7,success,,,sierpinski-gardens revision 1 seed 20005 [complete]:
service-bulk-training,93bfbfbf165365b68664b3e74fa55997,34,20005,9,9,7,success,,,sierpinski-gardens revision 1 seed 20005 [complete]:
service-bulk-training,78dde28f54ffb265c6a2db1e2fddd82c,34,20005,7,9,8,success,,,sierpinski-gardens revision 1 seed 20005 [complete]:
service-bulk-training,2c447c9253e7bb92a6c37775519ba011,34,20005,8,9,8,success,,,sierpinski-gardens revision 1 seed 20005 [complete]:
service-bulk-training,958e8d42da8a2a3cea3c21289434fcb7,34,20005,9,9,8,success,,,sierpinski-gardens revision 1 seed 20005 [complete]:
service-bulk-training,126aa64384b45f796f120a4e00e4d9af,34,20006,8,8,4,success,,,sierpinski-gardens revision 1 seed 20006 [complete]:
service-bulk-training,ee3f447345d6f62489399dd4efcefda5,34,20006,7,7,2,success,,,sierpinski-gardens revision 1 seed 20006 [complete]:
service-bulk-training,e47a25efb6c2cb5a0dd3f13532a84825,34,20006,8,7,2,success,,,sierpinski-gardens revision 1 seed 20006 [complete]:
service-bulk-training,5c7d962a0cd9a58e5ec614587d75d67f,34,20006,9,7,2,success,,,sierpinski-gardens revision 1 seed 20006 [complete]:
service-bulk-training,544faa8a2daa98f1abc0b453bb325952,34,20006,7,7,3,success,,,sierpinski-gardens revision 1 seed 20006 [complete]:
service-bulk-training,8d771c8423e37f6ed1148f78796e6988,34,20006,8,7,3,success,,,sierpinski-gardens revision 1 seed 20006 [complete]:
service-bulk-training,c009667d2fb8a99513f253acf10d21a9,34,20006,9,7,3,success,,,sierpinski-gardens revision 1 seed 20006 [complete]:
service-bulk-training,3f8a85810039b28b98d44ea0c7d4d9c6,34,20006,7,7,4,invalid_request,,,sierpinski-gardens revision 1 seed 20006 [validation]: Cannot fit 4 separated 56×56 home/farm modules on this terrain; enlarge the map or reduce colonies/folds/lake size.
service-bulk-training,876e92ac5ba1f55cfc10b7c05060b197,34,20006,8,7,4,success,,,sierpinski-gardens revision 1 seed 20006 [complete]:
service-bulk-training,f38dffeca858d6ea36f99882a796a333,34,20006,9,7,4,success,,,sierpinski-gardens revision 1 seed 20006 [complete]:
service-bulk-training,14ae1a3c55956b645f848f7cf9fa882a,34,20006,7,7,5,invalid_request,,,sierpinski-gardens revision 1 seed 20006 [validation]: Cannot fit 5 separated 56×56 home/farm modules on this terrain; enlarge the map or reduce colonies/folds/lake size.
service-bulk-training,baaf44eeef3cc153be72939a13676c09,34,20006,8,7,5,success,,,sierpinski-gardens revision 1 seed 20006 [complete]:
service-bulk-training,24235edec1813fd2f3e5dc2c470c284e,34,20006,9,7,5,success,,,sierpinski-gardens revision 1 seed 20006 [complete]:
service-bulk-training,553a585e2b78f064642b586bb920d34a,34,20006,7,7,6,invalid_request,,,sierpinski-gardens revision 1 seed 20006 [validation]: Cannot fit 6 separated 56×56 home/farm modules on this terrain; enlarge the map or reduce colonies/folds/lake size.
service-bulk-training,3d220b1b1d884c7104a55e1b125003ca,34,20006,8,7,6,success,,,sierpinski-gardens revision 1 seed 20006 [complete]:
service-bulk-training,cc6b6269437af18f1a3a89d40704d9e8,34,20006,9,7,6,success,,,sierpinski-gardens revision 1 seed 20006 [complete]:
service-bulk-training,1f67b910aecb89617462620d56177657,34,20006,7,7,7,invalid_request,,,sierpinski-gardens revision 1 seed 20006 [validation]: Cannot fit 7 separated 56×56 home/farm modules on this terrain; enlarge the map or reduce colonies/folds/lake size.
service-bulk-training,e8e46b938c42e324478c4ea8744aa2e0,34,20006,8,7,7,invalid_request,,,sierpinski-gardens revision 1 seed 20006 [validation]: Cannot fit 7 separated 56×56 home/farm modules on this terrain; enlarge the map or reduce colonies/folds/lake size.
service-bulk-training,fa4715197dfba767e3cdd0c4f67ab305,34,20006,9,7,7,success,,,sierpinski-gardens revision 1 seed 20006 [complete]:
service-bulk-training,096c17bad004122bd71a0ba9acc409eb,34,20006,7,7,8,invalid_request,,,sierpinski-gardens revision 1 seed 20006 [validation]: Cannot fit 8 separated 56×56 home/farm modules on this terrain; enlarge the map or reduce colonies/folds/lake size.
service-bulk-training,c3e0b29d1aba81e23a9f53e2ca4794bb,34,20006,8,7,8,invalid_request,,,sierpinski-gardens revision 1 seed 20006 [validation]: Cannot fit 8 separated 56×56 home/farm modules on this terrain; enlarge the map or reduce colonies/folds/lake size.
service-bulk-training,dd8dd1c5d57dc4f0a86678957d095c66,34,20006,9,7,8,success,,,sierpinski-gardens revision 1 seed 20006 [complete]:
service-bulk-training,1d0563f85e09efddd575350a70ca2347,34,20006,7,8,2,success,,,sierpinski-gardens revision 1 seed 20006 [complete]:
service-bulk-training,1c939a28825a3bec3348fad9ab190a76,34,20006,8,8,2,success,,,sierpinski-gardens revision 1 seed 20006 [complete]:
service-bulk-training,1edb4f5efb4021f328ec937d7d8717c1,34,20006,9,8,2,success,,,sierpinski-gardens revision 1 seed 20006 [complete]:
service-bulk-training,640dff67d648a6e68a9a478c6cdc5601,34,20006,7,8,3,success,,,sierpinski-gardens revision 1 seed 20006 [complete]:
service-bulk-training,b6635eb4308b4c80c3641c200e59a7fe,34,20006,8,8,3,success,,,sierpinski-gardens revision 1 seed 20006 [complete]:
service-bulk-training,ff01c61bf02df905b03564ff6b0877d0,34,20006,9,8,3,success,,,sierpinski-gardens revision 1 seed 20006 [complete]:
service-bulk-training,bb71ff746214d733dae9f6b9886f3e2c,34,20006,7,8,4,success,,,sierpinski-gardens revision 1 seed 20006 [complete]:
service-bulk-training,557dc22734d548b22e8505c0ca6ce732,34,20006,8,8,4,success,,,sierpinski-gardens revision 1 seed 20006 [complete]:
service-bulk-training,55e4d03708b75ca2278eaa540a981806,34,20006,9,8,4,success,,,sierpinski-gardens revision 1 seed 20006 [complete]:
service-bulk-training,e7b40d5ac1e0caf51141a68add22dd12,34,20006,7,8,5,success,,,sierpinski-gardens revision 1 seed 20006 [complete]:
service-bulk-training,2ca467a4bca760a2df2a1677c321bf72,34,20006,8,8,5,success,,,sierpinski-gardens revision 1 seed 20006 [complete]:
service-bulk-training,4eadee2bd4d3cebd1de1f262157fdad9,34,20006,9,8,5,success,,,sierpinski-gardens revision 1 seed 20006 [complete]:
service-bulk-training,5529b61bf1f9891014fe669d987624e7,34,20006,7,8,6,success,,,sierpinski-gardens revision 1 seed 20006 [complete]:
service-bulk-training,41a76757c440ed0bc2a5415a8f2f97ac,34,20006,8,8,6,success,,,sierpinski-gardens revision 1 seed 20006 [complete]:
service-bulk-training,5723e53dd7082df13fef7166acc48bc1,34,20006,9,8,6,success,,,sierpinski-gardens revision 1 seed 20006 [complete]:
service-bulk-training,9d445817cced1c4b66f002f5ac896e86,34,20006,7,8,7,invalid_request,,,sierpinski-gardens revision 1 seed 20006 [validation]: Cannot fit 7 separated 56×56 home/farm modules on this terrain; enlarge the map or reduce colonies/folds/lake size.
service-bulk-training,703d6d34b774354d0374f3d756c5fcaf,34,20006,8,8,7,success,,,sierpinski-gardens revision 1 seed 20006 [complete]:
service-bulk-training,82e305361b8e798749b1a51c2cd04a70,34,20006,9,8,7,success,,,sierpinski-gardens revision 1 seed 20006 [complete]:
service-bulk-training,734c4ee8cbc62c608b053bc756c9b3f0,34,20006,7,8,8,invalid_request,,,sierpinski-gardens revision 1 seed 20006 [validation]: Cannot fit 8 separated 56×56 home/farm modules on this terrain; enlarge the map or reduce colonies/folds/lake size.
service-bulk-training,ccc86a2254bc76c6e35557def63f7a98,34,20006,8,8,8,success,,,sierpinski-gardens revision 1 seed 20006 [complete]:
service-bulk-training,c0bb51241b7098b92d1f58ccc02aa75b,34,20006,9,8,8,success,,,sierpinski-gardens revision 1 seed 20006 [complete]:
service-bulk-training,d5490859e5ee01933457caab4eed6f72,34,20006,7,9,2,success,,,sierpinski-gardens revision 1 seed 20006 [complete]:
service-bulk-training,f18e773568aaf17204421df69e0ebd80,34,20006,8,9,2,success,,,sierpinski-gardens revision 1 seed 20006 [complete]:
service-bulk-training,540c750f034100135c02595b9c8d93d2,34,20006,9,9,2,success,,,sierpinski-gardens revision 1 seed 20006 [complete]:
service-bulk-training,276d41f8f8f7f3eeeb7f4802c4641e3f,34,20006,7,9,3,success,,,sierpinski-gardens revision 1 seed 20006 [complete]:
service-bulk-training,5f14a08bfba21f297dc2233175acb224,34,20006,8,9,3,success,,,sierpinski-gardens revision 1 seed 20006 [complete]:
service-bulk-training,d97976b16cdee4e56b1d762894ea3fdb,34,20006,9,9,3,success,,,sierpinski-gardens revision 1 seed 20006 [complete]:
service-bulk-training,16be3a789e32a6b328d7feff98e99ed0,34,20006,7,9,4,success,,,sierpinski-gardens revision 1 seed 20006 [complete]:
service-bulk-training,5c75d0dfabadc87d2055f56acb9090cf,34,20006,8,9,4,success,,,sierpinski-gardens revision 1 seed 20006 [complete]:
service-bulk-training,549565ae291fed18f5a31028e2125b96,34,20006,9,9,4,success,,,sierpinski-gardens revision 1 seed 20006 [complete]:
service-bulk-training,431d5f6d2eda94adc280dcf383a1639a,34,20006,7,9,5,success,,,sierpinski-gardens revision 1 seed 20006 [complete]:
service-bulk-training,d0f12d7d4f985b0c42b18d37e140839f,34,20006,8,9,5,success,,,sierpinski-gardens revision 1 seed 20006 [complete]:
service-bulk-training,8ef3a30545118b927bc537817870fa8d,34,20006,9,9,5,success,,,sierpinski-gardens revision 1 seed 20006 [complete]:
service-bulk-training,c3f5bedf070c7e950860c81fb5047cca,34,20006,7,9,6,success,,,sierpinski-gardens revision 1 seed 20006 [complete]:
service-bulk-training,57b733a5e6c51fa5265bc63f946aac7c,34,20006,8,9,6,success,,,sierpinski-gardens revision 1 seed 20006 [complete]:
service-bulk-training,2c477ee89ac80c6dfc0c8752972d7a08,34,20006,9,9,6,success,,,sierpinski-gardens revision 1 seed 20006 [complete]:
service-bulk-training,ce0fbd68de38dd4219bf038828ae8bec,34,20006,7,9,7,success,,,sierpinski-gardens revision 1 seed 20006 [complete]:
service-bulk-training,b0b5e2cfd93884776b484cc4026a646f,34,20006,8,9,7,success,,,sierpinski-gardens revision 1 seed 20006 [complete]:
service-bulk-training,dc204329d9b8f73d60ad4c66f5e8fde8,34,20006,9,9,7,success,,,sierpinski-gardens revision 1 seed 20006 [complete]:
service-bulk-training,5c092fdd556e6540487418f6bf746123,34,20006,7,9,8,success,,,sierpinski-gardens revision 1 seed 20006 [complete]:
service-bulk-training,d02657aface2a671775da98533138551,34,20006,8,9,8,success,,,sierpinski-gardens revision 1 seed 20006 [complete]:
service-bulk-training,c5b85bf7ed32865366dd142af3b45d4f,34,20006,9,9,8,success,,,sierpinski-gardens revision 1 seed 20006 [complete]:
service-bulk-training,9549e19cf07641dd991fccdd043defc0,34,20007,8,8,4,success,,,sierpinski-gardens revision 1 seed 20007 [complete]:
service-bulk-training,ef937e4ab9f0e4e7c634f8f26bce9bdf,34,20007,7,7,2,success,,,sierpinski-gardens revision 1 seed 20007 [complete]:
service-bulk-training,cf0b7b813c4801c77477cbde7fefa496,34,20007,8,7,2,success,,,sierpinski-gardens revision 1 seed 20007 [complete]:
service-bulk-training,37d54d15601e33c2763f18372d19456f,34,20007,9,7,2,success,,,sierpinski-gardens revision 1 seed 20007 [complete]:
service-bulk-training,143083e9419c591eaf52c030840727b2,34,20007,7,7,3,success,,,sierpinski-gardens revision 1 seed 20007 [complete]:
service-bulk-training,abee231601f7359a2ed66e3524b4a20e,34,20007,8,7,3,success,,,sierpinski-gardens revision 1 seed 20007 [complete]:
service-bulk-training,4ad45c96c788ed32b1b08f1394a8f950,34,20007,9,7,3,success,,,sierpinski-gardens revision 1 seed 20007 [complete]:
service-bulk-training,018a8ff35cf1ef5eafd6570962240239,34,20007,7,7,4,invalid_request,,,sierpinski-gardens revision 1 seed 20007 [validation]: Cannot fit 4 separated 56×56 home/farm modules on this terrain; enlarge the map or reduce colonies/folds/lake size.
service-bulk-training,3f935eaef47763aca5a053f843f869b7,34,20007,8,7,4,success,,,sierpinski-gardens revision 1 seed 20007 [complete]:
service-bulk-training,b299e87d98021cedfa445841eb69dc11,34,20007,9,7,4,success,,,sierpinski-gardens revision 1 seed 20007 [complete]:
service-bulk-training,98d6e23f6de56bc6f205f2d75bcf412e,34,20007,7,7,5,invalid_request,,,sierpinski-gardens revision 1 seed 20007 [validation]: Cannot fit 5 separated 56×56 home/farm modules on this terrain; enlarge the map or reduce colonies/folds/lake size.
service-bulk-training,e47c35327ed5568276e264c4c94b94e4,34,20007,8,7,5,success,,,sierpinski-gardens revision 1 seed 20007 [complete]:
service-bulk-training,9abef3b3acce830bac70d6f198888ed8,34,20007,9,7,5,success,,,sierpinski-gardens revision 1 seed 20007 [complete]:
service-bulk-training,7e6f2f62cb61730ed503461f2c6dc08f,34,20007,7,7,6,invalid_request,,,sierpinski-gardens revision 1 seed 20007 [validation]: Cannot fit 6 separated 56×56 home/farm modules on this terrain; enlarge the map or reduce colonies/folds/lake size.
service-bulk-training,314eb5fbdd5436adeb4d69ab25ffc229,34,20007,8,7,6,success,,,sierpinski-gardens revision 1 seed 20007 [complete]:
service-bulk-training,db9fc478570111301a4d0d9fa7d97d19,34,20007,9,7,6,success,,,sierpinski-gardens revision 1 seed 20007 [complete]:
service-bulk-training,ba5cb198fe9f2578ca624ec87626d0c8,34,20007,7,7,7,invalid_request,,,sierpinski-gardens revision 1 seed 20007 [validation]: Cannot fit 7 separated 56×56 home/farm modules on this terrain; enlarge the map or reduce colonies/folds/lake size.
service-bulk-training,0aabda8aaa1ee28e407c83985c4abea1,34,20007,8,7,7,invalid_request,,,sierpinski-gardens revision 1 seed 20007 [validation]: Cannot fit 7 separated 56×56 home/farm modules on this terrain; enlarge the map or reduce colonies/folds/lake size.
service-bulk-training,455897d5f0c0ae2ff219abdf7979c00d,34,20007,9,7,7,success,,,sierpinski-gardens revision 1 seed 20007 [complete]:
service-bulk-training,fd9f93d2e999452454df7ab924f88a41,34,20007,7,7,8,invalid_request,,,sierpinski-gardens revision 1 seed 20007 [validation]: Cannot fit 8 separated 56×56 home/farm modules on this terrain; enlarge the map or reduce colonies/folds/lake size.
service-bulk-training,fae36d9acf42efc8a24f04867fd54eb8,34,20007,8,7,8,invalid_request,,,sierpinski-gardens revision 1 seed 20007 [validation]: Cannot fit 8 separated 56×56 home/farm modules on this terrain; enlarge the map or reduce colonies/folds/lake size.
service-bulk-training,e8ea94051cc67d5e3ec03ecbcbce0022,34,20007,9,7,8,success,,,sierpinski-gardens revision 1 seed 20007 [complete]:
service-bulk-training,6c24a8c065b378a60115653ed8e4bd54,34,20007,7,8,2,success,,,sierpinski-gardens revision 1 seed 20007 [complete]:
service-bulk-training,60e90064c2c61df78cbe45d2b6dc6f6e,34,20007,8,8,2,success,,,sierpinski-gardens revision 1 seed 20007 [complete]:
service-bulk-training,aa3b3e3cfb949477c0f21e8376a1a961,34,20007,9,8,2,success,,,sierpinski-gardens revision 1 seed 20007 [complete]:
service-bulk-training,0b136f1a04da7570d40e12ca1dee3faf,34,20007,7,8,3,success,,,sierpinski-gardens revision 1 seed 20007 [complete]:
service-bulk-training,82d5c0e61bd12193196a5739affd702b,34,20007,8,8,3,success,,,sierpinski-gardens revision 1 seed 20007 [complete]:
service-bulk-training,567d6be8d112f1ce6aa5d7e9fe88b028,34,20007,9,8,3,success,,,sierpinski-gardens revision 1 seed 20007 [complete]:
service-bulk-training,d708f13a7e9d338cc3e24ad05a792229,34,20007,7,8,4,success,,,sierpinski-gardens revision 1 seed 20007 [complete]:
service-bulk-training,3b993674111309674966ea45f49d51f4,34,20007,8,8,4,success,,,sierpinski-gardens revision 1 seed 20007 [complete]:
service-bulk-training,d6c29af4c45c0ed07fbaedeefdfcf206,34,20007,9,8,4,success,,,sierpinski-gardens revision 1 seed 20007 [complete]:
service-bulk-training,d71d68ab73abf8f3e229cdd1c708edac,34,20007,7,8,5,success,,,sierpinski-gardens revision 1 seed 20007 [complete]:
service-bulk-training,ec1179c01114862b8e60f8ba9ca091b9,34,20007,8,8,5,success,,,sierpinski-gardens revision 1 seed 20007 [complete]:
service-bulk-training,b7703c7b051ab36341807e724342c31c,34,20007,9,8,5,success,,,sierpinski-gardens revision 1 seed 20007 [complete]:
service-bulk-training,15b1d5fbf274fb86f1a713c00d4477c3,34,20007,7,8,6,success,,,sierpinski-gardens revision 1 seed 20007 [complete]:
service-bulk-training,25b408c1c5fc0acd6abfb3b6ed387ade,34,20007,8,8,6,success,,,sierpinski-gardens revision 1 seed 20007 [complete]:
service-bulk-training,4c4551ea006b8b9756dcd0565fb8bf77,34,20007,9,8,6,success,,,sierpinski-gardens revision 1 seed 20007 [complete]:
service-bulk-training,30ae7d16c1c110c6fcfa286f510924d5,34,20007,7,8,7,invalid_request,,,sierpinski-gardens revision 1 seed 20007 [validation]: Cannot fit 7 separated 56×56 home/farm modules on this terrain; enlarge the map or reduce colonies/folds/lake size.
service-bulk-training,c7f0dc660d5bce5320e7385e66acd5f9,34,20007,8,8,7,success,,,sierpinski-gardens revision 1 seed 20007 [complete]:
service-bulk-training,f73bc7f6ad88773699bc07fccfbbcad8,34,20007,9,8,7,success,,,sierpinski-gardens revision 1 seed 20007 [complete]:
service-bulk-training,4b1e00fc31e15a389740fb3c287f5185,34,20007,7,8,8,invalid_request,,,sierpinski-gardens revision 1 seed 20007 [validation]: Cannot fit 8 separated 56×56 home/farm modules on this terrain; enlarge the map or reduce colonies/folds/lake size.
service-bulk-training,87478255afdaeab31b34f770b7824b48,34,20007,8,8,8,success,,,sierpinski-gardens revision 1 seed 20007 [complete]:
service-bulk-training,f5d213b12c1730e41d469676116f2070,34,20007,9,8,8,success,,,sierpinski-gardens revision 1 seed 20007 [complete]:
service-bulk-training,fb1b1266f8ff29840ddfc6fde4dce24e,34,20007,7,9,2,success,,,sierpinski-gardens revision 1 seed 20007 [complete]:
service-bulk-training,4a28d5c7417f3a697929397ab5792824,34,20007,8,9,2,success,,,sierpinski-gardens revision 1 seed 20007 [complete]:
service-bulk-training,5d5a23b5cc8dcb47302f9b8ae43f8933,34,20007,9,9,2,success,,,sierpinski-gardens revision 1 seed 20007 [complete]:
service-bulk-training,21bd99042222085e0c0a25ace29d5c8d,34,20007,7,9,3,success,,,sierpinski-gardens revision 1 seed 20007 [complete]:
service-bulk-training,1c49ea68634576f8d19450a808776cca,34,20007,8,9,3,success,,,sierpinski-gardens revision 1 seed 20007 [complete]:
service-bulk-training,28638c69dfa3d998e2bc4b89dec01285,34,20007,9,9,3,success,,,sierpinski-gardens revision 1 seed 20007 [complete]:
service-bulk-training,f6c90f0ebdb2ed7cf55c69696b703f3f,34,20007,7,9,4,success,,,sierpinski-gardens revision 1 seed 20007 [complete]:
service-bulk-training,ba78777674eb920c17117cb37ad32e82,34,20007,8,9,4,success,,,sierpinski-gardens revision 1 seed 20007 [complete]:
service-bulk-training,6cd558ea42cc7ffd012fee30b1329399,34,20007,9,9,4,success,,,sierpinski-gardens revision 1 seed 20007 [complete]:
service-bulk-training,dd11f3eb704cd85843c68c06927bbc34,34,20007,7,9,5,success,,,sierpinski-gardens revision 1 seed 20007 [complete]:
service-bulk-training,12542b48eb084b031a53b1c184b77a23,34,20007,8,9,5,success,,,sierpinski-gardens revision 1 seed 20007 [complete]:
service-bulk-training,c865c1d7fdf849a8bea57fcf9a80d345,34,20007,9,9,5,success,,,sierpinski-gardens revision 1 seed 20007 [complete]:
service-bulk-training,056fc079c232f6598f7f9a5ee636634e,34,20007,7,9,6,success,,,sierpinski-gardens revision 1 seed 20007 [complete]:
service-bulk-training,e271a7f590b86e7e031aa7b353613422,34,20007,8,9,6,success,,,sierpinski-gardens revision 1 seed 20007 [complete]:
service-bulk-training,6c11b9711c3557e441c988528dbbbe17,34,20007,9,9,6,success,,,sierpinski-gardens revision 1 seed 20007 [complete]:
service-bulk-training,aea9993a9611996e0d1efdfe7aa0965b,34,20007,7,9,7,success,,,sierpinski-gardens revision 1 seed 20007 [complete]:
service-bulk-training,c0e28f79f6433b31ac3b162fd652d0ca,34,20007,8,9,7,success,,,sierpinski-gardens revision 1 seed 20007 [complete]:
service-bulk-training,3a37aa0fac434dea17724f8a29ba3651,34,20007,9,9,7,success,,,sierpinski-gardens revision 1 seed 20007 [complete]:
service-bulk-training,b333223d2a84fd1c0da52bb4816aca44,34,20007,7,9,8,success,,,sierpinski-gardens revision 1 seed 20007 [complete]:
service-bulk-training,6198c7175e855f6a8b24494223302342,34,20007,8,9,8,success,,,sierpinski-gardens revision 1 seed 20007 [complete]:
service-bulk-training,09ad77ad9c1b687f03a76ed62ba804ca,34,20007,9,9,8,success,,,sierpinski-gardens revision 1 seed 20007 [complete]:
service-bulk-training,4843a4fc0323cd29fd10de1f34de5864,34,20008,8,8,4,success,,,sierpinski-gardens revision 1 seed 20008 [complete]:
service-bulk-training,8ab3aaf6a02a821264cee66dd7d01f69,34,20008,7,7,2,success,,,sierpinski-gardens revision 1 seed 20008 [complete]:
service-bulk-training,73d3b245fffd4ccf9a1689929b5b3315,34,20008,8,7,2,success,,,sierpinski-gardens revision 1 seed 20008 [complete]:
service-bulk-training,42171beaa597615ad9c6641e156f740f,34,20008,9,7,2,success,,,sierpinski-gardens revision 1 seed 20008 [complete]:
service-bulk-training,ad3705d66cff0364262b5fc74b2a6dcb,34,20008,7,7,3,success,,,sierpinski-gardens revision 1 seed 20008 [complete]:
service-bulk-training,e7363a87e034f07c5b77c0bf9a415d0a,34,20008,8,7,3,success,,,sierpinski-gardens revision 1 seed 20008 [complete]:
service-bulk-training,95f1a42a4a515c8e046f7e8d96346a2d,34,20008,9,7,3,success,,,sierpinski-gardens revision 1 seed 20008 [complete]:
service-bulk-training,9529094956a0e57d0a8361b49675765e,34,20008,7,7,4,invalid_request,,,sierpinski-gardens revision 1 seed 20008 [validation]: Cannot fit 4 separated 56×56 home/farm modules on this terrain; enlarge the map or reduce colonies/folds/lake size.
service-bulk-training,588f9390817c75a70879c71babcbafb2,34,20008,8,7,4,success,,,sierpinski-gardens revision 1 seed 20008 [complete]:
service-bulk-training,9367be31bbef5bb08855bfc861b401da,34,20008,9,7,4,success,,,sierpinski-gardens revision 1 seed 20008 [complete]:
service-bulk-training,8f039b6f59ec75f1209767e2494109c3,34,20008,7,7,5,invalid_request,,,sierpinski-gardens revision 1 seed 20008 [validation]: Cannot fit 5 separated 56×56 home/farm modules on this terrain; enlarge the map or reduce colonies/folds/lake size.
service-bulk-training,620577ef3801976611dbcb78822ed972,34,20008,8,7,5,success,,,sierpinski-gardens revision 1 seed 20008 [complete]:
service-bulk-training,b2d218b54d96d20ef1153c62754ae39e,34,20008,9,7,5,success,,,sierpinski-gardens revision 1 seed 20008 [complete]:
service-bulk-training,dc8b06b9a5020f2ed89076e28f85e61f,34,20008,7,7,6,invalid_request,,,sierpinski-gardens revision 1 seed 20008 [validation]: Cannot fit 6 separated 56×56 home/farm modules on this terrain; enlarge the map or reduce colonies/folds/lake size.
service-bulk-training,0f5cea82fca74446353271b5c081e7e1,34,20008,8,7,6,success,,,sierpinski-gardens revision 1 seed 20008 [complete]:
service-bulk-training,e460990b03cffaf5ab110d1af0fbf7e8,34,20008,9,7,6,success,,,sierpinski-gardens revision 1 seed 20008 [complete]:
service-bulk-training,030650f3ac19e48c2bfe5177d8cf19d8,34,20008,7,7,7,invalid_request,,,sierpinski-gardens revision 1 seed 20008 [validation]: Cannot fit 7 separated 56×56 home/farm modules on this terrain; enlarge the map or reduce colonies/folds/lake size.
service-bulk-training,030cc555c94ad3dccfd885bfc7bfba09,34,20008,8,7,7,invalid_request,,,sierpinski-gardens revision 1 seed 20008 [validation]: Cannot fit 7 separated 56×56 home/farm modules on this terrain; enlarge the map or reduce colonies/folds/lake size.
service-bulk-training,02fdee25c507ab17f1580d6f163736e9,34,20008,9,7,7,success,,,sierpinski-gardens revision 1 seed 20008 [complete]:
service-bulk-training,1420e9a170e648dfe3154670ab309e2b,34,20008,7,7,8,invalid_request,,,sierpinski-gardens revision 1 seed 20008 [validation]: Cannot fit 8 separated 56×56 home/farm modules on this terrain; enlarge the map or reduce colonies/folds/lake size.
service-bulk-training,cf8f3716431a89f73edacba9c6ba1732,34,20008,8,7,8,invalid_request,,,sierpinski-gardens revision 1 seed 20008 [validation]: Cannot fit 8 separated 56×56 home/farm modules on this terrain; enlarge the map or reduce colonies/folds/lake size.
service-bulk-training,67f3dbe470e941a0db3d7f3dc3373b60,34,20008,9,7,8,success,,,sierpinski-gardens revision 1 seed 20008 [complete]:
service-bulk-training,9c075e9f90016613b9774d9c8e7f2834,34,20008,7,8,2,success,,,sierpinski-gardens revision 1 seed 20008 [complete]:
service-bulk-training,982c127c5f6825614d226528435d699a,34,20008,8,8,2,success,,,sierpinski-gardens revision 1 seed 20008 [complete]:
service-bulk-training,278e75795a317fb6c6a956a50bfea467,34,20008,9,8,2,success,,,sierpinski-gardens revision 1 seed 20008 [complete]:
service-bulk-training,9d8a2596feda02d24ab795cb64cb1353,34,20008,7,8,3,success,,,sierpinski-gardens revision 1 seed 20008 [complete]:
service-bulk-training,1291ea2cf252f3aaccca83f57d432bda,34,20008,8,8,3,success,,,sierpinski-gardens revision 1 seed 20008 [complete]:
service-bulk-training,c29812340fc729d2f74e5128d42ee225,34,20008,9,8,3,success,,,sierpinski-gardens revision 1 seed 20008 [complete]:
service-bulk-training,32dc3a275c465f72d7a44a9cf77b83a9,34,20008,7,8,4,success,,,sierpinski-gardens revision 1 seed 20008 [complete]:
service-bulk-training,4cd5a42aacc3de02f28cc5b779038dad,34,20008,8,8,4,success,,,sierpinski-gardens revision 1 seed 20008 [complete]:
service-bulk-training,c4ab2ef51381bd29b7382e7a0b051325,34,20008,9,8,4,success,,,sierpinski-gardens revision 1 seed 20008 [complete]:
service-bulk-training,4303d5d4d880958fb46dac9ec912ddbc,34,20008,7,8,5,success,,,sierpinski-gardens revision 1 seed 20008 [complete]:
service-bulk-training,cc836677ac11327e980a88f04df0c6f0,34,20008,8,8,5,success,,,sierpinski-gardens revision 1 seed 20008 [complete]:
service-bulk-training,f1e600e8ca80d28c26ce29263b86125e,34,20008,9,8,5,success,,,sierpinski-gardens revision 1 seed 20008 [complete]:
service-bulk-training,b690c93a1de7191175872d8028529ee0,34,20008,7,8,6,success,,,sierpinski-gardens revision 1 seed 20008 [complete]:
service-bulk-training,07ee49db7ab1f83bd74df3b35a96b305,34,20008,8,8,6,success,,,sierpinski-gardens revision 1 seed 20008 [complete]:
service-bulk-training,a5be0188755cc6347058ea6ca64182c8,34,20008,9,8,6,success,,,sierpinski-gardens revision 1 seed 20008 [complete]:
service-bulk-training,b9587358a1b5854c467b5cc61daf584b,34,20008,7,8,7,invalid_request,,,sierpinski-gardens revision 1 seed 20008 [validation]: Cannot fit 7 separated 56×56 home/farm modules on this terrain; enlarge the map or reduce colonies/folds/lake size.
service-bulk-training,4c5e0198e0715c90da974ed84ee2c8bd,34,20008,8,8,7,success,,,sierpinski-gardens revision 1 seed 20008 [complete]:
service-bulk-training,ed714d7d42a83aa3fcb2b7ed28a7a47b,34,20008,9,8,7,success,,,sierpinski-gardens revision 1 seed 20008 [complete]:
service-bulk-training,ccdf6f3fdf6147f921e299c6574d1b5f,34,20008,7,8,8,invalid_request,,,sierpinski-gardens revision 1 seed 20008 [validation]: Cannot fit 8 separated 56×56 home/farm modules on this terrain; enlarge the map or reduce colonies/folds/lake size.
service-bulk-training,f5dfa7533d5ba643042d5a40446f49a8,34,20008,8,8,8,success,,,sierpinski-gardens revision 1 seed 20008 [complete]:
service-bulk-training,e0e95fe177c2562a5998dff6a4a11e7b,34,20008,9,8,8,success,,,sierpinski-gardens revision 1 seed 20008 [complete]:
service-bulk-training,368a8044ca6e7eba7f475b77db940bca,34,20008,7,9,2,success,,,sierpinski-gardens revision 1 seed 20008 [complete]:
service-bulk-training,b792b89fcf5916ac6a4e6261af975d8b,34,20008,8,9,2,success,,,sierpinski-gardens revision 1 seed 20008 [complete]:
service-bulk-training,bae7b15b3824c4219babbb23605668af,34,20008,9,9,2,success,,,sierpinski-gardens revision 1 seed 20008 [complete]:
service-bulk-training,b37e0b8cd623b73614d5c3770ef34ce5,34,20008,7,9,3,success,,,sierpinski-gardens revision 1 seed 20008 [complete]:
service-bulk-training,0546278d3b7b2c2e632c2faae8aa6340,34,20008,8,9,3,success,,,sierpinski-gardens revision 1 seed 20008 [complete]:
service-bulk-training,3fcea17ec9f90710ef53310925068515,34,20008,9,9,3,success,,,sierpinski-gardens revision 1 seed 20008 [complete]:
service-bulk-training,4a34460b4c4572b07336dc3382ccaf37,34,20008,7,9,4,success,,,sierpinski-gardens revision 1 seed 20008 [complete]:
service-bulk-training,45ce4e8e23378e322947b08bf00b118c,34,20008,8,9,4,success,,,sierpinski-gardens revision 1 seed 20008 [complete]:
service-bulk-training,3b63d39ecf54b0040d393c27f2250a9a,34,20008,9,9,4,success,,,sierpinski-gardens revision 1 seed 20008 [complete]:
service-bulk-training,d5dd674808a3df513e2525e5119bef97,34,20008,7,9,5,success,,,sierpinski-gardens revision 1 seed 20008 [complete]:
service-bulk-training,bddaf7aebac771c8ca3c890434e88364,34,20008,8,9,5,success,,,sierpinski-gardens revision 1 seed 20008 [complete]:
service-bulk-training,7de1273a284099af4689b4f8b3839d97,34,20008,9,9,5,success,,,sierpinski-gardens revision 1 seed 20008 [complete]:
service-bulk-training,66c9462bcc1d87cfac4689d0948b9462,34,20008,7,9,6,success,,,sierpinski-gardens revision 1 seed 20008 [complete]:
service-bulk-training,c5deab5577be4460df75e8f1ee48d798,34,20008,8,9,6,success,,,sierpinski-gardens revision 1 seed 20008 [complete]:
service-bulk-training,58c29ed3918a64fb79ad762871cd044e,34,20008,9,9,6,success,,,sierpinski-gardens revision 1 seed 20008 [complete]:
service-bulk-training,9fe75f8694d4564f4e31bb726348554d,34,20008,7,9,7,success,,,sierpinski-gardens revision 1 seed 20008 [complete]:
service-bulk-training,ff7c47ba5fa415ba0fcf680d9e353d98,34,20008,8,9,7,success,,,sierpinski-gardens revision 1 seed 20008 [complete]:
service-bulk-training,464dd916c2c9f705a3e3e1e768e4699a,34,20008,9,9,7,success,,,sierpinski-gardens revision 1 seed 20008 [complete]:
service-bulk-training,22cd77d9d5c1f9df07bfde7604741281,34,20008,7,9,8,success,,,sierpinski-gardens revision 1 seed 20008 [complete]:
service-bulk-training,f75eab7fb542e82c47a4a0ef94a18cfa,34,20008,8,9,8,success,,,sierpinski-gardens revision 1 seed 20008 [complete]:
service-bulk-training,b3593b62a3bea9fc0966be8a8b6ad626,34,20008,9,9,8,success,,,sierpinski-gardens revision 1 seed 20008 [complete]:
service-bulk-training,46721671832d8f00e781088675e9e3f3,34,20009,8,8,4,success,,,sierpinski-gardens revision 1 seed 20009 [complete]:
service-bulk-training,f314d2c0316c10f3fdaa343e0d958daf,34,20009,7,7,2,success,,,sierpinski-gardens revision 1 seed 20009 [complete]:
service-bulk-training,e2648ab77adea87e983e78a0f1a3995d,34,20009,8,7,2,success,,,sierpinski-gardens revision 1 seed 20009 [complete]:
service-bulk-training,e533bae686fa338c3972f9952f1dec49,34,20009,9,7,2,success,,,sierpinski-gardens revision 1 seed 20009 [complete]:
service-bulk-training,f6e44665442e8715c84482ddf6bff8a4,34,20009,7,7,3,success,,,sierpinski-gardens revision 1 seed 20009 [complete]:
service-bulk-training,fef1b1f9c4dc5578085e31f24f48d4d2,34,20009,8,7,3,success,,,sierpinski-gardens revision 1 seed 20009 [complete]:
service-bulk-training,d15b2c4a1a9c3d70717064120c768095,34,20009,9,7,3,success,,,sierpinski-gardens revision 1 seed 20009 [complete]:
service-bulk-training,d765d1335686ccffa0522e88210c1719,34,20009,7,7,4,invalid_request,,,sierpinski-gardens revision 1 seed 20009 [validation]: Cannot fit 4 separated 56×56 home/farm modules on this terrain; enlarge the map or reduce colonies/folds/lake size.
service-bulk-training,fdca52e6883f2cd7a0be78fe7cbf5d9c,34,20009,8,7,4,success,,,sierpinski-gardens revision 1 seed 20009 [complete]:
service-bulk-training,02f7be3bc9cda97ead65cd5faf262309,34,20009,9,7,4,success,,,sierpinski-gardens revision 1 seed 20009 [complete]:
service-bulk-training,e11308c0d61eac15fc26d746fa1e3617,34,20009,7,7,5,invalid_request,,,sierpinski-gardens revision 1 seed 20009 [validation]: Cannot fit 5 separated 56×56 home/farm modules on this terrain; enlarge the map or reduce colonies/folds/lake size.
service-bulk-training,e6fee8ff2ef0811651f4ea48be7a4cc7,34,20009,8,7,5,success,,,sierpinski-gardens revision 1 seed 20009 [complete]:
service-bulk-training,f44149bd032e407407492df71a4fd55d,34,20009,9,7,5,success,,,sierpinski-gardens revision 1 seed 20009 [complete]:
service-bulk-training,75dbf8fe35bd6500fb698ea9d81004cf,34,20009,7,7,6,invalid_request,,,sierpinski-gardens revision 1 seed 20009 [validation]: Cannot fit 6 separated 56×56 home/farm modules on this terrain; enlarge the map or reduce colonies/folds/lake size.
service-bulk-training,7cb5e3870ebf171c4fca4b6f23af7e72,34,20009,8,7,6,success,,,sierpinski-gardens revision 1 seed 20009 [complete]:
service-bulk-training,4a985f52bc6d1da496858ac46f8ec141,34,20009,9,7,6,success,,,sierpinski-gardens revision 1 seed 20009 [complete]:
service-bulk-training,1e547b9061f2c3eecb4ab2ad58e2de89,34,20009,7,7,7,invalid_request,,,sierpinski-gardens revision 1 seed 20009 [validation]: Cannot fit 7 separated 56×56 home/farm modules on this terrain; enlarge the map or reduce colonies/folds/lake size.
service-bulk-training,825989b3a3fef6310463adc99ab53c65,34,20009,8,7,7,invalid_request,,,sierpinski-gardens revision 1 seed 20009 [validation]: Cannot fit 7 separated 56×56 home/farm modules on this terrain; enlarge the map or reduce colonies/folds/lake size.
service-bulk-training,b9f4582eb3fea2d8cbeaa4b495ea74e0,34,20009,9,7,7,success,,,sierpinski-gardens revision 1 seed 20009 [complete]:
service-bulk-training,cef48f60709cf000326efc840bc3583d,34,20009,7,7,8,invalid_request,,,sierpinski-gardens revision 1 seed 20009 [validation]: Cannot fit 8 separated 56×56 home/farm modules on this terrain; enlarge the map or reduce colonies/folds/lake size.
service-bulk-training,e8182d7c8457b7624ce16db96f4585b0,34,20009,8,7,8,invalid_request,,,sierpinski-gardens revision 1 seed 20009 [validation]: Cannot fit 8 separated 56×56 home/farm modules on this terrain; enlarge the map or reduce colonies/folds/lake size.
service-bulk-training,922946c408a30d1e15a7f384148a4c10,34,20009,9,7,8,success,,,sierpinski-gardens revision 1 seed 20009 [complete]:
service-bulk-training,1d0d0079b381582f173789d5d8be90da,34,20009,7,8,2,success,,,sierpinski-gardens revision 1 seed 20009 [complete]:
service-bulk-training,2d676361952f35bbe7264f9012b7a848,34,20009,8,8,2,success,,,sierpinski-gardens revision 1 seed 20009 [complete]:
service-bulk-training,d8590cfc267b52f5301b77dbc7ba0f8b,34,20009,9,8,2,success,,,sierpinski-gardens revision 1 seed 20009 [complete]:
service-bulk-training,5d7ce23b8782eaee73c13dea5f1e5ee4,34,20009,7,8,3,success,,,sierpinski-gardens revision 1 seed 20009 [complete]:
service-bulk-training,fd75ef13f448355d6fda5d1f6b6cfde6,34,20009,8,8,3,success,,,sierpinski-gardens revision 1 seed 20009 [complete]:
service-bulk-training,342ae236e043baf6917a9635ffa308d5,34,20009,9,8,3,success,,,sierpinski-gardens revision 1 seed 20009 [complete]:
service-bulk-training,46cdb7a2b2452a83876cc96eb0d253c7,34,20009,7,8,4,success,,,sierpinski-gardens revision 1 seed 20009 [complete]:
service-bulk-training,0c84eec8c34c8a2c7e12d3f8cd7ae39f,34,20009,8,8,4,success,,,sierpinski-gardens revision 1 seed 20009 [complete]:
service-bulk-training,b0731ff37709e5bafd5dd8f83fa5384b,34,20009,9,8,4,success,,,sierpinski-gardens revision 1 seed 20009 [complete]:
service-bulk-training,30bf7e80f228f94ec44ac8fb33eafbc8,34,20009,7,8,5,success,,,sierpinski-gardens revision 1 seed 20009 [complete]:
service-bulk-training,e215067bc471a86b7a42ffa5a0a4f7cb,34,20009,8,8,5,success,,,sierpinski-gardens revision 1 seed 20009 [complete]:
service-bulk-training,17b9d4a55fb423fe1661af8fe7fa2f77,34,20009,9,8,5,success,,,sierpinski-gardens revision 1 seed 20009 [complete]:
service-bulk-training,29d272248384a9d5ed863d51e9342b19,34,20009,7,8,6,success,,,sierpinski-gardens revision 1 seed 20009 [complete]:
service-bulk-training,0f7e57e381bc303898069b36ea79bad7,34,20009,8,8,6,success,,,sierpinski-gardens revision 1 seed 20009 [complete]:
service-bulk-training,dbd25efde80b9e5a279fe571bb042a71,34,20009,9,8,6,success,,,sierpinski-gardens revision 1 seed 20009 [complete]:
service-bulk-training,42ca1f2b907289b17474feab7f40b4e1,34,20009,7,8,7,invalid_request,,,sierpinski-gardens revision 1 seed 20009 [validation]: Cannot fit 7 separated 56×56 home/farm modules on this terrain; enlarge the map or reduce colonies/folds/lake size.
service-bulk-training,cd309552028dc954fa9845ef0e47e4b7,34,20009,8,8,7,success,,,sierpinski-gardens revision 1 seed 20009 [complete]:
service-bulk-training,4a2bc401e99d7f81e0d47ace0179bc75,34,20009,9,8,7,success,,,sierpinski-gardens revision 1 seed 20009 [complete]:
service-bulk-training,2dc98406bcd2c7e95fb34998e4ceed08,34,20009,7,8,8,invalid_request,,,sierpinski-gardens revision 1 seed 20009 [validation]: Cannot fit 8 separated 56×56 home/farm modules on this terrain; enlarge the map or reduce colonies/folds/lake size.
service-bulk-training,c2dbbdb81f3cb38607ba14d13bcfc616,34,20009,8,8,8,success,,,sierpinski-gardens revision 1 seed 20009 [complete]:
service-bulk-training,3cf94edbb9ca4ec7a5668b1b96886f01,34,20009,9,8,8,success,,,sierpinski-gardens revision 1 seed 20009 [complete]:
service-bulk-training,59f2f2e17a4edd30e8c816460cd5fdad,34,20009,7,9,2,success,,,sierpinski-gardens revision 1 seed 20009 [complete]:
service-bulk-training,f4ce14434964f4590982325f726351ea,34,20009,8,9,2,success,,,sierpinski-gardens revision 1 seed 20009 [complete]:
service-bulk-training,6f7210dab294d5ecf9f73257039bc494,34,20009,9,9,2,success,,,sierpinski-gardens revision 1 seed 20009 [complete]:
service-bulk-training,d8169e0b9cbd1044c077c653c4b1f78a,34,20009,7,9,3,success,,,sierpinski-gardens revision 1 seed 20009 [complete]:
service-bulk-training,0a4ae7bb5ad42e3fd489a975b6de903c,34,20009,8,9,3,success,,,sierpinski-gardens revision 1 seed 20009 [complete]:
service-bulk-training,a308791085f250231a74e991f1d796de,34,20009,9,9,3,success,,,sierpinski-gardens revision 1 seed 20009 [complete]:
service-bulk-training,159912cea736c88081d631f569501d64,34,20009,7,9,4,success,,,sierpinski-gardens revision 1 seed 20009 [complete]:
service-bulk-training,376360bbf94989407d7c62d9977888fc,34,20009,8,9,4,success,,,sierpinski-gardens revision 1 seed 20009 [complete]:
service-bulk-training,67948ca44fd41cd5484c8812b1256eb6,34,20009,9,9,4,success,,,sierpinski-gardens revision 1 seed 20009 [complete]:
service-bulk-training,353d3bad1c03bcd7a47ee2bd336c032c,34,20009,7,9,5,success,,,sierpinski-gardens revision 1 seed 20009 [complete]:
service-bulk-training,d0f4cbda99b5df7329232e13d2a379fd,34,20009,8,9,5,success,,,sierpinski-gardens revision 1 seed 20009 [complete]:
service-bulk-training,9baa0c7a907140134d7aaef75b2ce861,34,20009,9,9,5,success,,,sierpinski-gardens revision 1 seed 20009 [complete]:
service-bulk-training,d34cb1bf0a1d596fe5ffc491ff2af3cc,34,20009,7,9,6,success,,,sierpinski-gardens revision 1 seed 20009 [complete]:
service-bulk-training,9bb3b03b9ab9c9adc29e416cf03b21ff,34,20009,8,9,6,success,,,sierpinski-gardens revision 1 seed 20009 [complete]:
service-bulk-training,172effec90e6a0b6aa5236a14bc1518a,34,20009,9,9,6,success,,,sierpinski-gardens revision 1 seed 20009 [complete]:
service-bulk-training,f84f8bb7bcb630e7de97029f03418595,34,20009,7,9,7,success,,,sierpinski-gardens revision 1 seed 20009 [complete]:
service-bulk-training,6e98b4e00fce55b2d1c2ed9735ab4300,34,20009,8,9,7,success,,,sierpinski-gardens revision 1 seed 20009 [complete]:
service-bulk-training,429e30d0a324ab1077040637a39e36cf,34,20009,9,9,7,success,,,sierpinski-gardens revision 1 seed 20009 [complete]:
service-bulk-training,a4d8831fdb616613f44683cb35e0fe88,34,20009,7,9,8,success,,,sierpinski-gardens revision 1 seed 20009 [complete]:
service-bulk-training,d36a417cf6972044da93a7af54efa5b2,34,20009,8,9,8,success,,,sierpinski-gardens revision 1 seed 20009 [complete]:
service-bulk-training,816b94ce40b365c139d7ec18cbb46558,34,20009,9,9,8,success,,,sierpinski-gardens revision 1 seed 20009 [complete]:
service-bulk-training,a011ef3b3eddde97513b1570cd16344f,34,20010,8,8,4,success,,,sierpinski-gardens revision 1 seed 20010 [complete]:
service-bulk-training,c2ace33c568e50296c8ee87ec144d056,34,20010,7,7,2,success,,,sierpinski-gardens revision 1 seed 20010 [complete]:
service-bulk-training,299b7402abfa234c00073f7f89451974,34,20010,8,7,2,success,,,sierpinski-gardens revision 1 seed 20010 [complete]:
service-bulk-training,084a18f6fce9407d9c8a78b3be9c6a95,34,20010,9,7,2,success,,,sierpinski-gardens revision 1 seed 20010 [complete]:
service-bulk-training,ab6d8a57547d69b90e6731c3f241d989,34,20010,7,7,3,success,,,sierpinski-gardens revision 1 seed 20010 [complete]:
service-bulk-training,4ee0652baaf3ab0ff9722a5a10eaf1a2,34,20010,8,7,3,success,,,sierpinski-gardens revision 1 seed 20010 [complete]:
service-bulk-training,2a69f1773be574bae0d5dfffd407cd10,34,20010,9,7,3,success,,,sierpinski-gardens revision 1 seed 20010 [complete]:
service-bulk-training,b0efe5ccd13b1952f5e1137888cf16f6,34,20010,7,7,4,invalid_request,,,sierpinski-gardens revision 1 seed 20010 [validation]: Cannot fit 4 separated 56×56 home/farm modules on this terrain; enlarge the map or reduce colonies/folds/lake size.
service-bulk-training,50009ac9547a69b58f2080e4b6dcc8d6,34,20010,8,7,4,success,,,sierpinski-gardens revision 1 seed 20010 [complete]:
service-bulk-training,24da106382fe4247f68830f2bf0ee983,34,20010,9,7,4,success,,,sierpinski-gardens revision 1 seed 20010 [complete]:
service-bulk-training,cf3d3dfc762360520c4463d40273189c,34,20010,7,7,5,invalid_request,,,sierpinski-gardens revision 1 seed 20010 [validation]: Cannot fit 5 separated 56×56 home/farm modules on this terrain; enlarge the map or reduce colonies/folds/lake size.
service-bulk-training,f38eedd3eec6677c20e1d5ab8c256b35,34,20010,8,7,5,success,,,sierpinski-gardens revision 1 seed 20010 [complete]:
service-bulk-training,53247d4e5f360d552618ea3f7f119dc9,34,20010,9,7,5,success,,,sierpinski-gardens revision 1 seed 20010 [complete]:
service-bulk-training,22eb3db71be148e1034f620a0246bf70,34,20010,7,7,6,invalid_request,,,sierpinski-gardens revision 1 seed 20010 [validation]: Cannot fit 6 separated 56×56 home/farm modules on this terrain; enlarge the map or reduce colonies/folds/lake size.
service-bulk-training,d6a236cf94caef6c0e7d3731697c44b6,34,20010,8,7,6,success,,,sierpinski-gardens revision 1 seed 20010 [complete]:
service-bulk-training,c2d327946f1843c6c75d4faf6f0f5437,34,20010,9,7,6,success,,,sierpinski-gardens revision 1 seed 20010 [complete]:
service-bulk-training,2098c0c8b08c806047033386ee1afe17,34,20010,7,7,7,invalid_request,,,sierpinski-gardens revision 1 seed 20010 [validation]: Cannot fit 7 separated 56×56 home/farm modules on this terrain; enlarge the map or reduce colonies/folds/lake size.
service-bulk-training,155b9d8cc8c5f5ba94c506c2d74705ec,34,20010,8,7,7,invalid_request,,,sierpinski-gardens revision 1 seed 20010 [validation]: Cannot fit 7 separated 56×56 home/farm modules on this terrain; enlarge the map or reduce colonies/folds/lake size.
service-bulk-training,5e2fdf370964ef5f9c52a25448c2b0f9,34,20010,9,7,7,success,,,sierpinski-gardens revision 1 seed 20010 [complete]:
service-bulk-training,217f38b7f0fad0834b49a2f3fbd0b018,34,20010,7,7,8,invalid_request,,,sierpinski-gardens revision 1 seed 20010 [validation]: Cannot fit 8 separated 56×56 home/farm modules on this terrain; enlarge the map or reduce colonies/folds/lake size.
service-bulk-training,9419daffc136a051d2a6425e8c6f9fbd,34,20010,8,7,8,invalid_request,,,sierpinski-gardens revision 1 seed 20010 [validation]: Cannot fit 8 separated 56×56 home/farm modules on this terrain; enlarge the map or reduce colonies/folds/lake size.
service-bulk-training,841f7287cc408fda8a6e6f346d29afcf,34,20010,9,7,8,success,,,sierpinski-gardens revision 1 seed 20010 [complete]:
service-bulk-training,bfb6a652921c3f48a4ef3cfda263bebb,34,20010,7,8,2,success,,,sierpinski-gardens revision 1 seed 20010 [complete]:
service-bulk-training,a658e33cc94605d6d707b5629de5efc5,34,20010,8,8,2,success,,,sierpinski-gardens revision 1 seed 20010 [complete]:
service-bulk-training,38b4348c80d625d7e2ee4659de287bf6,34,20010,9,8,2,success,,,sierpinski-gardens revision 1 seed 20010 [complete]:
service-bulk-training,7b8c7c22804ef8e497281176f7de23b7,34,20010,7,8,3,success,,,sierpinski-gardens revision 1 seed 20010 [complete]:
service-bulk-training,be2da24828befe32183ff74e5f878c3c,34,20010,8,8,3,success,,,sierpinski-gardens revision 1 seed 20010 [complete]:
service-bulk-training,ec929d7f28c1396e579e23c607842285,34,20010,9,8,3,success,,,sierpinski-gardens revision 1 seed 20010 [complete]:
service-bulk-training,0fd83acaa997a7a90d0da115bdc8cc03,34,20010,7,8,4,success,,,sierpinski-gardens revision 1 seed 20010 [complete]:
service-bulk-training,490931de0f57ddcfdb4a029c7bc87f53,34,20010,8,8,4,success,,,sierpinski-gardens revision 1 seed 20010 [complete]:
service-bulk-training,0357a5e4234c2ee747622a1390503cee,34,20010,9,8,4,success,,,sierpinski-gardens revision 1 seed 20010 [complete]:
service-bulk-training,0ba43bf60421ae1548035b0e30988c1e,34,20010,7,8,5,success,,,sierpinski-gardens revision 1 seed 20010 [complete]:
service-bulk-training,da7b4031011a49a5046ec34b182137af,34,20010,8,8,5,success,,,sierpinski-gardens revision 1 seed 20010 [complete]:
service-bulk-training,6a6c2779692b3873888717c42f253e7d,34,20010,9,8,5,success,,,sierpinski-gardens revision 1 seed 20010 [complete]:
service-bulk-training,89aa86d9bc0bf07e0e1c195eba2dc230,34,20010,7,8,6,success,,,sierpinski-gardens revision 1 seed 20010 [complete]:
service-bulk-training,e188dda31104301ee72fbf25267e6941,34,20010,8,8,6,success,,,sierpinski-gardens revision 1 seed 20010 [complete]:
service-bulk-training,428ff22f50f0f0e8ab80b7ca2932c837,34,20010,9,8,6,success,,,sierpinski-gardens revision 1 seed 20010 [complete]:
service-bulk-training,1f098ebbe6110c24467a7afa29768112,34,20010,7,8,7,invalid_request,,,sierpinski-gardens revision 1 seed 20010 [validation]: Cannot fit 7 separated 56×56 home/farm modules on this terrain; enlarge the map or reduce colonies/folds/lake size.
service-bulk-training,2e698ae6d6ba33d29b90a07f0d45ee62,34,20010,8,8,7,success,,,sierpinski-gardens revision 1 seed 20010 [complete]:
service-bulk-training,da7dbbf41d63a1da2116362a69dc18f0,34,20010,9,8,7,success,,,sierpinski-gardens revision 1 seed 20010 [complete]:
service-bulk-training,1cb6b53e404185643f04ef5c449cc534,34,20010,7,8,8,invalid_request,,,sierpinski-gardens revision 1 seed 20010 [validation]: Cannot fit 8 separated 56×56 home/farm modules on this terrain; enlarge the map or reduce colonies/folds/lake size.
service-bulk-training,c40aad470b47936f60942d80a477208b,34,20010,8,8,8,success,,,sierpinski-gardens revision 1 seed 20010 [complete]:
service-bulk-training,debba6853e09ce017afe7842ec98b103,34,20010,9,8,8,success,,,sierpinski-gardens revision 1 seed 20010 [complete]:
service-bulk-training,d77f275ccea4a91cef5df3b75d3ac142,34,20010,7,9,2,success,,,sierpinski-gardens revision 1 seed 20010 [complete]:
service-bulk-training,39b174d212e0b5fdc4730ed6ea14666d,34,20010,8,9,2,success,,,sierpinski-gardens revision 1 seed 20010 [complete]:
service-bulk-training,86b674d5fd40ab23f03c8959a44f690d,34,20010,9,9,2,success,,,sierpinski-gardens revision 1 seed 20010 [complete]:
service-bulk-training,80762a48710d7e05519992b6732d0633,34,20010,7,9,3,success,,,sierpinski-gardens revision 1 seed 20010 [complete]:
service-bulk-training,bdabbc6d102f68ef06f42a7c2e885279,34,20010,8,9,3,success,,,sierpinski-gardens revision 1 seed 20010 [complete]:
service-bulk-training,685ff090517d42b58ca46b390ced5b4b,34,20010,9,9,3,success,,,sierpinski-gardens revision 1 seed 20010 [complete]:
service-bulk-training,191b41fb7b7300ed66364e000fbccfc6,34,20010,7,9,4,success,,,sierpinski-gardens revision 1 seed 20010 [complete]:
service-bulk-training,e25b15dff7b5d545616ceff6dde4c713,34,20010,8,9,4,success,,,sierpinski-gardens revision 1 seed 20010 [complete]:
service-bulk-training,bdec7f406c0a33e8185c22fefe40198a,34,20010,9,9,4,success,,,sierpinski-gardens revision 1 seed 20010 [complete]:
service-bulk-training,70ef13215e5023a798079dea7a83ea0e,34,20010,7,9,5,success,,,sierpinski-gardens revision 1 seed 20010 [complete]:
service-bulk-training,469d118b3c4cb72f51929017c9768ccf,34,20010,8,9,5,success,,,sierpinski-gardens revision 1 seed 20010 [complete]:
service-bulk-training,c23fd6b411a73806a13b80df3439fd47,34,20010,9,9,5,success,,,sierpinski-gardens revision 1 seed 20010 [complete]:
service-bulk-training,76f868e25650a6cd708bc4979d5f8569,34,20010,7,9,6,success,,,sierpinski-gardens revision 1 seed 20010 [complete]:
service-bulk-training,c2ba53a6d236f0111cde86315b13db6e,34,20010,8,9,6,success,,,sierpinski-gardens revision 1 seed 20010 [complete]:
service-bulk-training,3cabc551db627aa0eebd9cf346d19bb5,34,20010,9,9,6,success,,,sierpinski-gardens revision 1 seed 20010 [complete]:
service-bulk-training,d763ad79a9600cf37a21a15c974b4312,34,20010,7,9,7,success,,,sierpinski-gardens revision 1 seed 20010 [complete]:
service-bulk-training,d289b23617d4230636fb29db8942ee8c,34,20010,8,9,7,success,,,sierpinski-gardens revision 1 seed 20010 [complete]:
service-bulk-training,a7a25bdb25e5fe383cf4b105308a9f64,34,20010,9,9,7,success,,,sierpinski-gardens revision 1 seed 20010 [complete]:
service-bulk-training,f53e2b8bb3697187487ed92a1bd4fef4,34,20010,7,9,8,success,,,sierpinski-gardens revision 1 seed 20010 [complete]:
service-bulk-training,240eed9ae5484e6f1a9a99f8ee8b49e0,34,20010,8,9,8,success,,,sierpinski-gardens revision 1 seed 20010 [complete]:
service-bulk-training,404d6dbcaa819903065fc6a4ee78fed7,34,20010,9,9,8,success,,,sierpinski-gardens revision 1 seed 20010 [complete]:
service-bulk-training,5b9fe4af57b4d4ff445b4a64011afdc2,34,20011,8,8,4,success,,,sierpinski-gardens revision 1 seed 20011 [complete]:
service-bulk-training,f5dce8f7c33e8689d119ed39ffe29215,34,20011,7,7,2,success,,,sierpinski-gardens revision 1 seed 20011 [complete]:
service-bulk-training,acfab78ac7d754b720bc1a44bc1e5703,34,20011,8,7,2,success,,,sierpinski-gardens revision 1 seed 20011 [complete]:
service-bulk-training,7859fdfb863cd02e3de661e5c75c445f,34,20011,9,7,2,success,,,sierpinski-gardens revision 1 seed 20011 [complete]:
service-bulk-training,738f7be4cce92fa53f5993ec2976c17c,34,20011,7,7,3,success,,,sierpinski-gardens revision 1 seed 20011 [complete]:
service-bulk-training,0eaa5786640e18cb39bf97ba493ff5c0,34,20011,8,7,3,success,,,sierpinski-gardens revision 1 seed 20011 [complete]:
service-bulk-training,9853803d14f2e8cd6e4a495680367556,34,20011,9,7,3,success,,,sierpinski-gardens revision 1 seed 20011 [complete]:
service-bulk-training,7d34840992a12fb3ffe82fa8e5ffbe41,34,20011,7,7,4,invalid_request,,,sierpinski-gardens revision 1 seed 20011 [validation]: Cannot fit 4 separated 56×56 home/farm modules on this terrain; enlarge the map or reduce colonies/folds/lake size.
service-bulk-training,d282420250f782df7007395b1b83be5e,34,20011,8,7,4,success,,,sierpinski-gardens revision 1 seed 20011 [complete]:
service-bulk-training,d0c1eb721864788259f26fb77891a07e,34,20011,9,7,4,success,,,sierpinski-gardens revision 1 seed 20011 [complete]:
service-bulk-training,1d401c9b75c948e74afd432c57966a29,34,20011,7,7,5,invalid_request,,,sierpinski-gardens revision 1 seed 20011 [validation]: Cannot fit 5 separated 56×56 home/farm modules on this terrain; enlarge the map or reduce colonies/folds/lake size.
service-bulk-training,57ebbd602cab62bf58ebf445343f69d1,34,20011,8,7,5,success,,,sierpinski-gardens revision 1 seed 20011 [complete]:
service-bulk-training,347feaf7b0c8de423dfb8803752a3845,34,20011,9,7,5,success,,,sierpinski-gardens revision 1 seed 20011 [complete]:
service-bulk-training,bfe05661b7e7f6df0fece09489342ae8,34,20011,7,7,6,invalid_request,,,sierpinski-gardens revision 1 seed 20011 [validation]: Cannot fit 6 separated 56×56 home/farm modules on this terrain; enlarge the map or reduce colonies/folds/lake size.
service-bulk-training,0bd80d8ec1d2e2720cc47387579cceaf,34,20011,8,7,6,success,,,sierpinski-gardens revision 1 seed 20011 [complete]:
service-bulk-training,59a4cb8a8bb360b0d5ce93bccc949c55,34,20011,9,7,6,success,,,sierpinski-gardens revision 1 seed 20011 [complete]:
service-bulk-training,b8eb7179e053a0a0f0ac9cce84a39fe0,34,20011,7,7,7,invalid_request,,,sierpinski-gardens revision 1 seed 20011 [validation]: Cannot fit 7 separated 56×56 home/farm modules on this terrain; enlarge the map or reduce colonies/folds/lake size.
service-bulk-training,a934fd80fe86613a87f4ab895b6efda0,34,20011,8,7,7,invalid_request,,,sierpinski-gardens revision 1 seed 20011 [validation]: Cannot fit 7 separated 56×56 home/farm modules on this terrain; enlarge the map or reduce colonies/folds/lake size.
service-bulk-training,604a70229868f8bcd22c9deb073bff9c,34,20011,9,7,7,success,,,sierpinski-gardens revision 1 seed 20011 [complete]:
service-bulk-training,2137033251b3c8c46c9572d90bc6e355,34,20011,7,7,8,invalid_request,,,sierpinski-gardens revision 1 seed 20011 [validation]: Cannot fit 8 separated 56×56 home/farm modules on this terrain; enlarge the map or reduce colonies/folds/lake size.
service-bulk-training,55bfb2b8aa10d85a359b13fed91f2cf8,34,20011,8,7,8,invalid_request,,,sierpinski-gardens revision 1 seed 20011 [validation]: Cannot fit 8 separated 56×56 home/farm modules on this terrain; enlarge the map or reduce colonies/folds/lake size.
service-bulk-training,220de3e289e3988d924677ff6747be7e,34,20011,9,7,8,success,,,sierpinski-gardens revision 1 seed 20011 [complete]:
service-bulk-training,c7baf04b3acf87047f084ee8b7ad6ac1,34,20011,7,8,2,success,,,sierpinski-gardens revision 1 seed 20011 [complete]:
service-bulk-training,67d795c808e6fac465299d7b16e49ddd,34,20011,8,8,2,success,,,sierpinski-gardens revision 1 seed 20011 [complete]:
service-bulk-training,2af71be4cba5399455a65dcbfb4e36db,34,20011,9,8,2,success,,,sierpinski-gardens revision 1 seed 20011 [complete]:
service-bulk-training,0108423f036f0131565d0a80cc611b6f,34,20011,7,8,3,success,,,sierpinski-gardens revision 1 seed 20011 [complete]:
service-bulk-training,419771ed0ac218a98bb89691deaf6ad2,34,20011,8,8,3,success,,,sierpinski-gardens revision 1 seed 20011 [complete]:
service-bulk-training,07aad051ad3a2649de9455dc5178066b,34,20011,9,8,3,success,,,sierpinski-gardens revision 1 seed 20011 [complete]:
service-bulk-training,ce30f43596ed21e6787712c78cd9936a,34,20011,7,8,4,success,,,sierpinski-gardens revision 1 seed 20011 [complete]:
service-bulk-training,1f3111a15ea94f8512eeb73c4597373f,34,20011,8,8,4,success,,,sierpinski-gardens revision 1 seed 20011 [complete]:
service-bulk-training,0fe4f2e3280873cdae126c32d7ee1966,34,20011,9,8,4,success,,,sierpinski-gardens revision 1 seed 20011 [complete]:
service-bulk-training,cfdfa48846a2b1433e2b5eba83800deb,34,20011,7,8,5,success,,,sierpinski-gardens revision 1 seed 20011 [complete]:
service-bulk-training,91ed7b0af15ca96eaa78f6080c39ef84,34,20011,8,8,5,success,,,sierpinski-gardens revision 1 seed 20011 [complete]:
service-bulk-training,7fe51c52c053d42c556813d8a27f91ff,34,20011,9,8,5,success,,,sierpinski-gardens revision 1 seed 20011 [complete]:
service-bulk-training,cf59a410758ca05ea84b75fb7a7fe152,34,20011,7,8,6,success,,,sierpinski-gardens revision 1 seed 20011 [complete]:
service-bulk-training,699bb0e2e4e2a5c90706af7f7f1d5928,34,20011,8,8,6,success,,,sierpinski-gardens revision 1 seed 20011 [complete]:
service-bulk-training,dd05d954adf5fd0415168434990f1cfd,34,20011,9,8,6,success,,,sierpinski-gardens revision 1 seed 20011 [complete]:
service-bulk-training,bd027be2c6df94b621cd059d23d277cf,34,20011,7,8,7,invalid_request,,,sierpinski-gardens revision 1 seed 20011 [validation]: Cannot fit 7 separated 56×56 home/farm modules on this terrain; enlarge the map or reduce colonies/folds/lake size.
service-bulk-training,1abe30b3ea0d6de29daec3e7ac6dba30,34,20011,8,8,7,success,,,sierpinski-gardens revision 1 seed 20011 [complete]:
service-bulk-training,18a41b11d4036a6f279d20d5d3d87059,34,20011,9,8,7,success,,,sierpinski-gardens revision 1 seed 20011 [complete]:
service-bulk-training,ba0314c7b70338778b9028391bafc30c,34,20011,7,8,8,invalid_request,,,sierpinski-gardens revision 1 seed 20011 [validation]: Cannot fit 8 separated 56×56 home/farm modules on this terrain; enlarge the map or reduce colonies/folds/lake size.
service-bulk-training,79032c779112bec9315f390b9f93b56b,34,20011,8,8,8,success,,,sierpinski-gardens revision 1 seed 20011 [complete]:
service-bulk-training,75cfaa810c358b7bfaa499c969de1817,34,20011,9,8,8,success,,,sierpinski-gardens revision 1 seed 20011 [complete]:
service-bulk-training,a74c2154954cc022e3afa0ae79245a6f,34,20011,7,9,2,success,,,sierpinski-gardens revision 1 seed 20011 [complete]:
service-bulk-training,7ede6b143c76c0dfa4ce97425e2747aa,34,20011,8,9,2,success,,,sierpinski-gardens revision 1 seed 20011 [complete]:
service-bulk-training,6e536736b531529baf38b8c44e678cb3,34,20011,9,9,2,success,,,sierpinski-gardens revision 1 seed 20011 [complete]:
service-bulk-training,5adb9f5f565ea542b1bf329f35d9b670,34,20011,7,9,3,success,,,sierpinski-gardens revision 1 seed 20011 [complete]:
service-bulk-training,e809fac96132399e7d0ab9637325fb3b,34,20011,8,9,3,success,,,sierpinski-gardens revision 1 seed 20011 [complete]:
service-bulk-training,68d4f01a7eec4e2de8ceda3b84bb69c7,34,20011,9,9,3,success,,,sierpinski-gardens revision 1 seed 20011 [complete]:
service-bulk-training,b1c05dceae867d1347c80ce6e97ec239,34,20011,7,9,4,success,,,sierpinski-gardens revision 1 seed 20011 [complete]:
service-bulk-training,61e93534820fd0eb13b074be3f5c8930,34,20011,8,9,4,success,,,sierpinski-gardens revision 1 seed 20011 [complete]:
service-bulk-training,3e4e8f4b6bb0777eda382183980cbf4a,34,20011,9,9,4,success,,,sierpinski-gardens revision 1 seed 20011 [complete]:
service-bulk-training,daddfdec0ef2fc37a2d5ceb43d5d67c7,34,20011,7,9,5,success,,,sierpinski-gardens revision 1 seed 20011 [complete]:
service-bulk-training,ab6a1b37fabe18b6fc4db19a4251615b,34,20011,8,9,5,success,,,sierpinski-gardens revision 1 seed 20011 [complete]:
service-bulk-training,42afa9ab819f59272abb6f7dc33da26c,34,20011,9,9,5,success,,,sierpinski-gardens revision 1 seed 20011 [complete]:
service-bulk-training,c640335cc86cee5f23ff494ca4433300,34,20011,7,9,6,success,,,sierpinski-gardens revision 1 seed 20011 [complete]:
service-bulk-training,7b9408a28abe645933ab8c01fa0afb56,34,20011,8,9,6,success,,,sierpinski-gardens revision 1 seed 20011 [complete]:
service-bulk-training,ef374bc2bf644e03306b6eccb5c3f6f9,34,20011,9,9,6,success,,,sierpinski-gardens revision 1 seed 20011 [complete]:
service-bulk-training,f040a5cfef91cbc3b09a81e70d6b7d4b,34,20011,7,9,7,success,,,sierpinski-gardens revision 1 seed 20011 [complete]:
service-bulk-training,8a2c14fa50c28a1fa916691f5dae5577,34,20011,8,9,7,success,,,sierpinski-gardens revision 1 seed 20011 [complete]:
service-bulk-training,8284f6477784c63470091c6e76b6fbf1,34,20011,9,9,7,success,,,sierpinski-gardens revision 1 seed 20011 [complete]:
service-bulk-training,fdb6f75bab05965ad6c51a1b2a76b2b4,34,20011,7,9,8,success,,,sierpinski-gardens revision 1 seed 20011 [complete]:
service-bulk-training,b1b567215065c78fe710ea252c9650c3,34,20011,8,9,8,success,,,sierpinski-gardens revision 1 seed 20011 [complete]:
service-bulk-training,28ed103cd0c74df30a1d1cecc3334420,34,20011,9,9,8,success,,,sierpinski-gardens revision 1 seed 20011 [complete]:
service-bulk-training,7948e9f288f1a3d044e73830f905b5ca,34,20012,8,8,4,success,,,sierpinski-gardens revision 1 seed 20012 [complete]:
service-bulk-training,4007bcbdff7cfbc2e0782b4caac8e3af,34,20012,7,7,2,success,,,sierpinski-gardens revision 1 seed 20012 [complete]:
service-bulk-training,01977ba9e4cd147a46115a7e8310b463,34,20012,8,7,2,success,,,sierpinski-gardens revision 1 seed 20012 [complete]:
service-bulk-training,4ecb3140110ce822749eeca68d19ebed,34,20012,9,7,2,success,,,sierpinski-gardens revision 1 seed 20012 [complete]:
service-bulk-training,744124128e2a6295ccfaca11c9b73452,34,20012,7,7,3,success,,,sierpinski-gardens revision 1 seed 20012 [complete]:
service-bulk-training,e7ad520522cc1283e185f1eab187aa51,34,20012,8,7,3,success,,,sierpinski-gardens revision 1 seed 20012 [complete]:
service-bulk-training,a5895841556d3f427b58dee37a12bef6,34,20012,9,7,3,success,,,sierpinski-gardens revision 1 seed 20012 [complete]:
service-bulk-training,07002ddd609dc8b3eb4bf98cf91528d0,34,20012,7,7,4,invalid_request,,,sierpinski-gardens revision 1 seed 20012 [validation]: Cannot fit 4 separated 56×56 home/farm modules on this terrain; enlarge the map or reduce colonies/folds/lake size.
service-bulk-training,e93dd6d58cb5815824d6fa3c859b2376,34,20012,8,7,4,success,,,sierpinski-gardens revision 1 seed 20012 [complete]:
service-bulk-training,61d6dc5b092e4ffd34c022ae6716e579,34,20012,9,7,4,success,,,sierpinski-gardens revision 1 seed 20012 [complete]:
service-bulk-training,cee18e019ca77b46aec9439dc7740d3b,34,20012,7,7,5,invalid_request,,,sierpinski-gardens revision 1 seed 20012 [validation]: Cannot fit 5 separated 56×56 home/farm modules on this terrain; enlarge the map or reduce colonies/folds/lake size.
service-bulk-training,d6866cb5568cff3705c853cb857a6dae,34,20012,8,7,5,success,,,sierpinski-gardens revision 1 seed 20012 [complete]:
service-bulk-training,11eb118311fb060c9c78a7a98d2a34ee,34,20012,9,7,5,success,,,sierpinski-gardens revision 1 seed 20012 [complete]:
service-bulk-training,81d1dd80fc12546ef451e03d5ac7dd6e,34,20012,7,7,6,invalid_request,,,sierpinski-gardens revision 1 seed 20012 [validation]: Cannot fit 6 separated 56×56 home/farm modules on this terrain; enlarge the map or reduce colonies/folds/lake size.
service-bulk-training,63bd2e1f47ba845a30d3f6218bb98f89,34,20012,8,7,6,success,,,sierpinski-gardens revision 1 seed 20012 [complete]:
service-bulk-training,aee9fc0160693bca1d699047c1eb4af9,34,20012,9,7,6,success,,,sierpinski-gardens revision 1 seed 20012 [complete]:
service-bulk-training,ea28c810ede1db35481af6069fb04def,34,20012,7,7,7,invalid_request,,,sierpinski-gardens revision 1 seed 20012 [validation]: Cannot fit 7 separated 56×56 home/farm modules on this terrain; enlarge the map or reduce colonies/folds/lake size.
service-bulk-training,3105351dad8cbc1b9e263884f799a0a8,34,20012,8,7,7,invalid_request,,,sierpinski-gardens revision 1 seed 20012 [validation]: Cannot fit 7 separated 56×56 home/farm modules on this terrain; enlarge the map or reduce colonies/folds/lake size.
service-bulk-training,673ad8d3e44cd2b2638c3e076e6fb035,34,20012,9,7,7,success,,,sierpinski-gardens revision 1 seed 20012 [complete]:
service-bulk-training,2da09cd8069b012417858ca031492ce2,34,20012,7,7,8,invalid_request,,,sierpinski-gardens revision 1 seed 20012 [validation]: Cannot fit 8 separated 56×56 home/farm modules on this terrain; enlarge the map or reduce colonies/folds/lake size.
service-bulk-training,a14ed30406f1540380d272fa3677242c,34,20012,8,7,8,invalid_request,,,sierpinski-gardens revision 1 seed 20012 [validation]: Cannot fit 8 separated 56×56 home/farm modules on this terrain; enlarge the map or reduce colonies/folds/lake size.
service-bulk-training,76da619260ba80557e726434985c97dc,34,20012,9,7,8,success,,,sierpinski-gardens revision 1 seed 20012 [complete]:
service-bulk-training,1f2d55d21eb421ae6ac224cff1e768dc,34,20012,7,8,2,success,,,sierpinski-gardens revision 1 seed 20012 [complete]:
service-bulk-training,dee5856febb1827e79a4a2f623d969b3,34,20012,8,8,2,success,,,sierpinski-gardens revision 1 seed 20012 [complete]:
service-bulk-training,be67628752bfdf5a7d7e521aec8fb953,34,20012,9,8,2,success,,,sierpinski-gardens revision 1 seed 20012 [complete]:
service-bulk-training,3074c2ed352629231ff56bc6204a9ab5,34,20012,7,8,3,success,,,sierpinski-gardens revision 1 seed 20012 [complete]:
service-bulk-training,4adc60afa4af4cd681cfeff70e664d95,34,20012,8,8,3,success,,,sierpinski-gardens revision 1 seed 20012 [complete]:
service-bulk-training,a2f83fa31d755325f0f3beeef6717dd4,34,20012,9,8,3,success,,,sierpinski-gardens revision 1 seed 20012 [complete]:
service-bulk-training,29a3248cb50f91ceb8127e8eb549dbc5,34,20012,7,8,4,success,,,sierpinski-gardens revision 1 seed 20012 [complete]:
service-bulk-training,010b665e83a613169fe6e0d0b74fae15,34,20012,8,8,4,success,,,sierpinski-gardens revision 1 seed 20012 [complete]:
service-bulk-training,f7f1f677da21ff836de5627230f8f63c,34,20012,9,8,4,success,,,sierpinski-gardens revision 1 seed 20012 [complete]:
service-bulk-training,806eab2146645240adaa68af96fc3d6c,34,20012,7,8,5,success,,,sierpinski-gardens revision 1 seed 20012 [complete]:
service-bulk-training,b7ec2ab4f6b9be93beb662a3c8f2428b,34,20012,8,8,5,success,,,sierpinski-gardens revision 1 seed 20012 [complete]:
service-bulk-training,997c3c14d3bc885b0709a118b5296b2e,34,20012,9,8,5,success,,,sierpinski-gardens revision 1 seed 20012 [complete]:
service-bulk-training,95e80bde147207d8554d896fc6ec518d,34,20012,7,8,6,success,,,sierpinski-gardens revision 1 seed 20012 [complete]:
service-bulk-training,847f5ae83164bf161113e1bd104fffcd,34,20012,8,8,6,success,,,sierpinski-gardens revision 1 seed 20012 [complete]:
service-bulk-training,b38dd80c12921c3cb4de5c7ed6dc6ea7,34,20012,9,8,6,success,,,sierpinski-gardens revision 1 seed 20012 [complete]:
service-bulk-training,816c44225506988a7191874d258de4c3,34,20012,7,8,7,invalid_request,,,sierpinski-gardens revision 1 seed 20012 [validation]: Cannot fit 7 separated 56×56 home/farm modules on this terrain; enlarge the map or reduce colonies/folds/lake size.
service-bulk-training,b8838850a43940e81f259928402af212,34,20012,8,8,7,success,,,sierpinski-gardens revision 1 seed 20012 [complete]:
service-bulk-training,c21685e3443293c912f737d6fb744204,34,20012,9,8,7,success,,,sierpinski-gardens revision 1 seed 20012 [complete]:
service-bulk-training,7140a006dff50d513cab215d0f49c299,34,20012,7,8,8,invalid_request,,,sierpinski-gardens revision 1 seed 20012 [validation]: Cannot fit 8 separated 56×56 home/farm modules on this terrain; enlarge the map or reduce colonies/folds/lake size.
service-bulk-training,f2f0bddbbb0ff69567dc62162d99000e,34,20012,8,8,8,success,,,sierpinski-gardens revision 1 seed 20012 [complete]:
service-bulk-training,7cbc19f30ad39fc3db96bf77ca948994,34,20012,9,8,8,success,,,sierpinski-gardens revision 1 seed 20012 [complete]:
service-bulk-training,6774f93a3cf550eeccd0295fb278d12f,34,20012,7,9,2,success,,,sierpinski-gardens revision 1 seed 20012 [complete]:
service-bulk-training,8f7c54460c0adc671176ed98df768bb0,34,20012,8,9,2,success,,,sierpinski-gardens revision 1 seed 20012 [complete]:
service-bulk-training,27b4793862231aa1e4d894b8d4032f18,34,20012,9,9,2,success,,,sierpinski-gardens revision 1 seed 20012 [complete]:
service-bulk-training,6471960040b618388944d1e37e3c3997,34,20012,7,9,3,success,,,sierpinski-gardens revision 1 seed 20012 [complete]:
service-bulk-training,dff04f153f38573d1e2faf2dab9e06a0,34,20012,8,9,3,success,,,sierpinski-gardens revision 1 seed 20012 [complete]:
service-bulk-training,cae08b7ac81f0ad7bfe21d5288f9810f,34,20012,9,9,3,success,,,sierpinski-gardens revision 1 seed 20012 [complete]:
service-bulk-training,3a22bad2036ba9cc0aa8802891e71a83,34,20012,7,9,4,success,,,sierpinski-gardens revision 1 seed 20012 [complete]:
service-bulk-training,62fc33375dc041b8ae14a9e7381c73cd,34,20012,8,9,4,success,,,sierpinski-gardens revision 1 seed 20012 [complete]:
service-bulk-training,f7bf9e98ba47f33b8d38d4459bc964c2,34,20012,9,9,4,success,,,sierpinski-gardens revision 1 seed 20012 [complete]:
service-bulk-training,db830251bd6ef96c29bb2d3646cc0b98,34,20012,7,9,5,success,,,sierpinski-gardens revision 1 seed 20012 [complete]:
service-bulk-training,f3e1e1763e33e5cc02415bcfe519d4cc,34,20012,8,9,5,success,,,sierpinski-gardens revision 1 seed 20012 [complete]:
service-bulk-training,93ee399bbcb3f1145c7dc79da3a45372,34,20012,9,9,5,success,,,sierpinski-gardens revision 1 seed 20012 [complete]:
service-bulk-training,0c75e6ad69a07394ec823470f913db33,34,20012,7,9,6,success,,,sierpinski-gardens revision 1 seed 20012 [complete]:
service-bulk-training,0aa1fe98af4d7cedc736bc7030598302,34,20012,8,9,6,success,,,sierpinski-gardens revision 1 seed 20012 [complete]:
service-bulk-training,5d6256073344cb83b001c6f1b35c640c,34,20012,9,9,6,success,,,sierpinski-gardens revision 1 seed 20012 [complete]:
service-bulk-training,3dba415110508eb6a6d0decdadb8d3cc,34,20012,7,9,7,success,,,sierpinski-gardens revision 1 seed 20012 [complete]:
service-bulk-training,7a122626dc3f5a55a2d28233f126135d,34,20012,8,9,7,success,,,sierpinski-gardens revision 1 seed 20012 [complete]:
service-bulk-training,ac33f312917c49cf782e9c61a5a868d7,34,20012,9,9,7,success,,,sierpinski-gardens revision 1 seed 20012 [complete]:
service-bulk-training,58c05cb22a099341ebc5ada2bbc31832,34,20012,7,9,8,success,,,sierpinski-gardens revision 1 seed 20012 [complete]:
service-bulk-training,ccb5edcf6586f41c293353399993a7b3,34,20012,8,9,8,success,,,sierpinski-gardens revision 1 seed 20012 [complete]:
service-bulk-training,1f7ff216aa9d1d6c15216b73f9f07d80,34,20012,9,9,8,success,,,sierpinski-gardens revision 1 seed 20012 [complete]:
service-bulk-training,73a99a514847398220e71c012031372d,34,20013,8,8,4,success,,,sierpinski-gardens revision 1 seed 20013 [complete]:
service-bulk-training,1014b450343343bb920481b45e7206da,34,20013,7,7,2,success,,,sierpinski-gardens revision 1 seed 20013 [complete]:
service-bulk-training,22121d3c53ff4b2ce4129c1402078dd3,34,20013,8,7,2,success,,,sierpinski-gardens revision 1 seed 20013 [complete]:
service-bulk-training,83d0377a2d063cbfc1f5193df8612cf7,34,20013,9,7,2,success,,,sierpinski-gardens revision 1 seed 20013 [complete]:
service-bulk-training,208860a70f44fbdd2c9b5632ffc18e5f,34,20013,7,7,3,success,,,sierpinski-gardens revision 1 seed 20013 [complete]:
service-bulk-training,8a347df0ba9194a3e7e618bc2d072ae3,34,20013,8,7,3,success,,,sierpinski-gardens revision 1 seed 20013 [complete]:
service-bulk-training,19d8fb915fca771776728b94c71bacf3,34,20013,9,7,3,success,,,sierpinski-gardens revision 1 seed 20013 [complete]:
service-bulk-training,c5458e64d367ebc76fb73d23c55e4517,34,20013,7,7,4,invalid_request,,,sierpinski-gardens revision 1 seed 20013 [validation]: Cannot fit 4 separated 56×56 home/farm modules on this terrain; enlarge the map or reduce colonies/folds/lake size.
service-bulk-training,2faaf74bd42bb2a4d531d00fdcf0df03,34,20013,8,7,4,success,,,sierpinski-gardens revision 1 seed 20013 [complete]:
service-bulk-training,344fe31dc98e80db10ae0abe2076b430,34,20013,9,7,4,success,,,sierpinski-gardens revision 1 seed 20013 [complete]:
service-bulk-training,91974edfb1ec9ef8bb644e0e676881a5,34,20013,7,7,5,invalid_request,,,sierpinski-gardens revision 1 seed 20013 [validation]: Cannot fit 5 separated 56×56 home/farm modules on this terrain; enlarge the map or reduce colonies/folds/lake size.
service-bulk-training,6ceaf26218a013da39fa36ac383ece87,34,20013,8,7,5,success,,,sierpinski-gardens revision 1 seed 20013 [complete]:
service-bulk-training,f7e49b2b466ddc4090c43dbac108fc16,34,20013,9,7,5,success,,,sierpinski-gardens revision 1 seed 20013 [complete]:
service-bulk-training,d38631a54c14d83eb8ce2e882360ae5c,34,20013,7,7,6,invalid_request,,,sierpinski-gardens revision 1 seed 20013 [validation]: Cannot fit 6 separated 56×56 home/farm modules on this terrain; enlarge the map or reduce colonies/folds/lake size.
service-bulk-training,5bf9bc749858d9fd7d97b1e5c9ff8629,34,20013,8,7,6,success,,,sierpinski-gardens revision 1 seed 20013 [complete]:
service-bulk-training,81f7a828557058b7f36cc0611da04036,34,20013,9,7,6,success,,,sierpinski-gardens revision 1 seed 20013 [complete]:
service-bulk-training,969005904c0164d0c20dd27f03a06a48,34,20013,7,7,7,invalid_request,,,sierpinski-gardens revision 1 seed 20013 [validation]: Cannot fit 7 separated 56×56 home/farm modules on this terrain; enlarge the map or reduce colonies/folds/lake size.
service-bulk-training,4067aad6d1260d8be477aa413e044eda,34,20013,8,7,7,invalid_request,,,sierpinski-gardens revision 1 seed 20013 [validation]: Cannot fit 7 separated 56×56 home/farm modules on this terrain; enlarge the map or reduce colonies/folds/lake size.
service-bulk-training,b6fe6f76912e751366b5caf90b663e03,34,20013,9,7,7,success,,,sierpinski-gardens revision 1 seed 20013 [complete]:
service-bulk-training,6c53ced9836d70fb3d2f2ac9ece33a2b,34,20013,7,7,8,invalid_request,,,sierpinski-gardens revision 1 seed 20013 [validation]: Cannot fit 8 separated 56×56 home/farm modules on this terrain; enlarge the map or reduce colonies/folds/lake size.
service-bulk-training,73154e800f92e53d795a216da762b25a,34,20013,8,7,8,invalid_request,,,sierpinski-gardens revision 1 seed 20013 [validation]: Cannot fit 8 separated 56×56 home/farm modules on this terrain; enlarge the map or reduce colonies/folds/lake size.
service-bulk-training,21af07814b1370e3a2d9f4c735901585,34,20013,9,7,8,success,,,sierpinski-gardens revision 1 seed 20013 [complete]:
service-bulk-training,e5cb794b747ed6eb73783a21e96a630e,34,20013,7,8,2,success,,,sierpinski-gardens revision 1 seed 20013 [complete]:
service-bulk-training,61cbbc4f5179b5ce59fab5a307788b7c,34,20013,8,8,2,success,,,sierpinski-gardens revision 1 seed 20013 [complete]:
service-bulk-training,6dd3ba352aabaa5ef1d5b645747d3d82,34,20013,9,8,2,success,,,sierpinski-gardens revision 1 seed 20013 [complete]:
service-bulk-training,a20714c3fb2caa80908e6de4ba640391,34,20013,7,8,3,success,,,sierpinski-gardens revision 1 seed 20013 [complete]:
service-bulk-training,00b88472d401cc543e63da6524189c02,34,20013,8,8,3,success,,,sierpinski-gardens revision 1 seed 20013 [complete]:
service-bulk-training,2992c1dc31d952dd7732a8d774e0c8fc,34,20013,9,8,3,success,,,sierpinski-gardens revision 1 seed 20013 [complete]:
service-bulk-training,abf9d1ae43d8dbb5ad0500d460bda39e,34,20013,7,8,4,success,,,sierpinski-gardens revision 1 seed 20013 [complete]:
service-bulk-training,9e7dcd16df4a367a429866643fdf5a41,34,20013,8,8,4,success,,,sierpinski-gardens revision 1 seed 20013 [complete]:
service-bulk-training,c3827c9ff7d523378e6e0390c59131a8,34,20013,9,8,4,success,,,sierpinski-gardens revision 1 seed 20013 [complete]:
service-bulk-training,e0f321b5ff48d8c43644a956db6651a6,34,20013,7,8,5,success,,,sierpinski-gardens revision 1 seed 20013 [complete]:
service-bulk-training,a0d82edef3300b033140669de84d8a53,34,20013,8,8,5,success,,,sierpinski-gardens revision 1 seed 20013 [complete]:
service-bulk-training,09253778154ababfdfc3423cb9759bdf,34,20013,9,8,5,success,,,sierpinski-gardens revision 1 seed 20013 [complete]:
service-bulk-training,d4e1b10048c801da99e4df8dc72ae1a9,34,20013,7,8,6,success,,,sierpinski-gardens revision 1 seed 20013 [complete]:
service-bulk-training,df16193f863a057f427be0d109645cc1,34,20013,8,8,6,success,,,sierpinski-gardens revision 1 seed 20013 [complete]:
service-bulk-training,f8037fe3e4a7b7529b02b02c9435c13e,34,20013,9,8,6,success,,,sierpinski-gardens revision 1 seed 20013 [complete]:
service-bulk-training,95530bc7e7c64dbd9d7f254aaab9384c,34,20013,7,8,7,invalid_request,,,sierpinski-gardens revision 1 seed 20013 [validation]: Cannot fit 7 separated 56×56 home/farm modules on this terrain; enlarge the map or reduce colonies/folds/lake size.
service-bulk-training,410a3fd18f49a56369033e5efb55d259,34,20013,8,8,7,success,,,sierpinski-gardens revision 1 seed 20013 [complete]:
service-bulk-training,3253efc78a2a6c5847578cd54efb82f8,34,20013,9,8,7,success,,,sierpinski-gardens revision 1 seed 20013 [complete]:
service-bulk-training,59e26dc06a5a44ba017601055e120695,34,20013,7,8,8,invalid_request,,,sierpinski-gardens revision 1 seed 20013 [validation]: Cannot fit 8 separated 56×56 home/farm modules on this terrain; enlarge the map or reduce colonies/folds/lake size.
service-bulk-training,35a040f50c4282b1c766b7d18487cc24,34,20013,8,8,8,success,,,sierpinski-gardens revision 1 seed 20013 [complete]:
service-bulk-training,4c543dd9bf13048e7833c62f30e8ad16,34,20013,9,8,8,success,,,sierpinski-gardens revision 1 seed 20013 [complete]:
service-bulk-training,50c133af458903e03b84f0cbdeacd639,34,20013,7,9,2,success,,,sierpinski-gardens revision 1 seed 20013 [complete]:
service-bulk-training,7924a92afbd2d50edcd2f357e1d381e9,34,20013,8,9,2,success,,,sierpinski-gardens revision 1 seed 20013 [complete]:
service-bulk-training,6b0464cca07a46f2accdfdec16bd91ed,34,20013,9,9,2,success,,,sierpinski-gardens revision 1 seed 20013 [complete]:
service-bulk-training,c4280ae927d07c6d31d45294cab51574,34,20013,7,9,3,success,,,sierpinski-gardens revision 1 seed 20013 [complete]:
service-bulk-training,0e3592457f2b5fce1d23cd9a22045075,34,20013,8,9,3,success,,,sierpinski-gardens revision 1 seed 20013 [complete]:
service-bulk-training,6ba87aa497b95059cf18a8d2537fe3cb,34,20013,9,9,3,success,,,sierpinski-gardens revision 1 seed 20013 [complete]:
service-bulk-training,81405c135585328c7ce6834cdec173ce,34,20013,7,9,4,success,,,sierpinski-gardens revision 1 seed 20013 [complete]:
service-bulk-training,1cde49fdaa401d5cb1a5c25f3af4ef9d,34,20013,8,9,4,success,,,sierpinski-gardens revision 1 seed 20013 [complete]:
service-bulk-training,b0e9480e968b48658005bf45a90c2082,34,20013,9,9,4,success,,,sierpinski-gardens revision 1 seed 20013 [complete]:
service-bulk-training,6ddd9fdf90f1176530cfa837634b0097,34,20013,7,9,5,success,,,sierpinski-gardens revision 1 seed 20013 [complete]:
service-bulk-training,2abb739285d63848abb40a337a691871,34,20013,8,9,5,success,,,sierpinski-gardens revision 1 seed 20013 [complete]:
service-bulk-training,043a91608db9dad401cefb7ce8d6a8c9,34,20013,9,9,5,success,,,sierpinski-gardens revision 1 seed 20013 [complete]:
service-bulk-training,4d9f3432f6c9b352cf2de68d85d7abf8,34,20013,7,9,6,success,,,sierpinski-gardens revision 1 seed 20013 [complete]:
service-bulk-training,73e997cdf72015bfc532c148ef3b191c,34,20013,8,9,6,success,,,sierpinski-gardens revision 1 seed 20013 [complete]:
service-bulk-training,90e14365feb4ccb4cd9db59fded4ecca,34,20013,9,9,6,success,,,sierpinski-gardens revision 1 seed 20013 [complete]:
service-bulk-training,f34d7538f67a4351574a884216aaab7e,34,20013,7,9,7,success,,,sierpinski-gardens revision 1 seed 20013 [complete]:
service-bulk-training,7a82228d755b810895d2a0d8ef1e7401,34,20013,8,9,7,success,,,sierpinski-gardens revision 1 seed 20013 [complete]:
service-bulk-training,7e0953336a968e6b0db6b470ff0f2ba1,34,20013,9,9,7,success,,,sierpinski-gardens revision 1 seed 20013 [complete]:
service-bulk-training,d5189d878ffcca598a410da5a638c85a,34,20013,7,9,8,success,,,sierpinski-gardens revision 1 seed 20013 [complete]:
service-bulk-training,c758a0127d795e4271a2ef57386385fb,34,20013,8,9,8,success,,,sierpinski-gardens revision 1 seed 20013 [complete]:
service-bulk-training,900fc72c161ebaa42a45eb2548c27d3a,34,20013,9,9,8,success,,,sierpinski-gardens revision 1 seed 20013 [complete]:
service-bulk-training,b39950d7c5f8bec8a42ddfcf890c96f2,34,20014,8,8,4,success,,,sierpinski-gardens revision 1 seed 20014 [complete]:
service-bulk-training,b4764933ddde6f714322941b229b9412,34,20014,7,7,2,success,,,sierpinski-gardens revision 1 seed 20014 [complete]:
service-bulk-training,a3089a7bba2e7e6b3d0315923c534dc4,34,20014,8,7,2,success,,,sierpinski-gardens revision 1 seed 20014 [complete]:
service-bulk-training,844c8c9bf6033af17bab0449b55c022e,34,20014,9,7,2,success,,,sierpinski-gardens revision 1 seed 20014 [complete]:
service-bulk-training,0a7c04840dec7e76fc3be61900623333,34,20014,7,7,3,success,,,sierpinski-gardens revision 1 seed 20014 [complete]:
service-bulk-training,862fd2d7fbbd09d8b47c4459369c12d2,34,20014,8,7,3,success,,,sierpinski-gardens revision 1 seed 20014 [complete]:
service-bulk-training,e7eeb3ab6ab9647fbcd70b1a27318ffa,34,20014,9,7,3,success,,,sierpinski-gardens revision 1 seed 20014 [complete]:
service-bulk-training,1a433c44794e659ac40bb87248d928b6,34,20014,7,7,4,invalid_request,,,sierpinski-gardens revision 1 seed 20014 [validation]: Cannot fit 4 separated 56×56 home/farm modules on this terrain; enlarge the map or reduce colonies/folds/lake size.
service-bulk-training,4dee4b3a9679ee4fd50db37850c924c6,34,20014,8,7,4,success,,,sierpinski-gardens revision 1 seed 20014 [complete]:
service-bulk-training,416897ec92f248b6d2c247abe9157b6e,34,20014,9,7,4,success,,,sierpinski-gardens revision 1 seed 20014 [complete]:
service-bulk-training,6be159996289d6cbecbe2dd3a0494779,34,20014,7,7,5,invalid_request,,,sierpinski-gardens revision 1 seed 20014 [validation]: Cannot fit 5 separated 56×56 home/farm modules on this terrain; enlarge the map or reduce colonies/folds/lake size.
service-bulk-training,4022ea2449694ec390e3361f12fbc109,34,20014,8,7,5,success,,,sierpinski-gardens revision 1 seed 20014 [complete]:
service-bulk-training,719df249751a1265c7862831aa24e45e,34,20014,9,7,5,success,,,sierpinski-gardens revision 1 seed 20014 [complete]:
service-bulk-training,5f45b2d0b9af02823d9225abceb88743,34,20014,7,7,6,invalid_request,,,sierpinski-gardens revision 1 seed 20014 [validation]: Cannot fit 6 separated 56×56 home/farm modules on this terrain; enlarge the map or reduce colonies/folds/lake size.
service-bulk-training,f17bb19030b726f0994e209811772c41,34,20014,8,7,6,success,,,sierpinski-gardens revision 1 seed 20014 [complete]:
service-bulk-training,86fa147e32738634b462ad978fb08f35,34,20014,9,7,6,success,,,sierpinski-gardens revision 1 seed 20014 [complete]:
service-bulk-training,e41d2271e1d79bf213edbfbad194de4d,34,20014,7,7,7,invalid_request,,,sierpinski-gardens revision 1 seed 20014 [validation]: Cannot fit 7 separated 56×56 home/farm modules on this terrain; enlarge the map or reduce colonies/folds/lake size.
service-bulk-training,f5777e9266f8ebc2b17140d379fc36a5,34,20014,8,7,7,invalid_request,,,sierpinski-gardens revision 1 seed 20014 [validation]: Cannot fit 7 separated 56×56 home/farm modules on this terrain; enlarge the map or reduce colonies/folds/lake size.
service-bulk-training,040084ab71506b4403cc4d9c012553dd,34,20014,9,7,7,success,,,sierpinski-gardens revision 1 seed 20014 [complete]:
service-bulk-training,b9cbffe26a0ffe07428c1c92780af0f5,34,20014,7,7,8,invalid_request,,,sierpinski-gardens revision 1 seed 20014 [validation]: Cannot fit 8 separated 56×56 home/farm modules on this terrain; enlarge the map or reduce colonies/folds/lake size.
service-bulk-training,b77cc47c58984546971137dae81e1b3c,34,20014,8,7,8,invalid_request,,,sierpinski-gardens revision 1 seed 20014 [validation]: Cannot fit 8 separated 56×56 home/farm modules on this terrain; enlarge the map or reduce colonies/folds/lake size.
service-bulk-training,f444f257fc4ad478651ef22e7756f146,34,20014,9,7,8,success,,,sierpinski-gardens revision 1 seed 20014 [complete]:
service-bulk-training,1c8b08eefc2493c41dc1cb2c73082c7a,34,20014,7,8,2,success,,,sierpinski-gardens revision 1 seed 20014 [complete]:
service-bulk-training,b976a5266324d72c2103da6c544440f0,34,20014,8,8,2,success,,,sierpinski-gardens revision 1 seed 20014 [complete]:
service-bulk-training,eeda92ccc076c2d28362fe3f5de1a352,34,20014,9,8,2,success,,,sierpinski-gardens revision 1 seed 20014 [complete]:
service-bulk-training,9141721796e322c1d824a23e6b60a961,34,20014,7,8,3,success,,,sierpinski-gardens revision 1 seed 20014 [complete]:
service-bulk-training,ff4a94046764253dc5a183ede0722c65,34,20014,8,8,3,success,,,sierpinski-gardens revision 1 seed 20014 [complete]:
service-bulk-training,127f0970ef2bdea703e9074ac073318d,34,20014,9,8,3,success,,,sierpinski-gardens revision 1 seed 20014 [complete]:
service-bulk-training,09c83ea242e9a1a39cdae3e524ea8c79,34,20014,7,8,4,success,,,sierpinski-gardens revision 1 seed 20014 [complete]:
service-bulk-training,2804ec2969bc772c56e69862fd60baf1,34,20014,8,8,4,success,,,sierpinski-gardens revision 1 seed 20014 [complete]:
service-bulk-training,9ad09c47d678b79b48ec1cef704c65d1,34,20014,9,8,4,success,,,sierpinski-gardens revision 1 seed 20014 [complete]:
service-bulk-training,7e89e4f89858c737abc8128290994c98,34,20014,7,8,5,success,,,sierpinski-gardens revision 1 seed 20014 [complete]:
service-bulk-training,ec0429c9f336c5bb11bf33d04dd415da,34,20014,8,8,5,success,,,sierpinski-gardens revision 1 seed 20014 [complete]:
service-bulk-training,524646c4f5340b1dedfadf1bf37e6b41,34,20014,9,8,5,success,,,sierpinski-gardens revision 1 seed 20014 [complete]:
service-bulk-training,953ad9dfeb778d98695a0844d68baf36,34,20014,7,8,6,success,,,sierpinski-gardens revision 1 seed 20014 [complete]:
service-bulk-training,598af4d20c35ff815380dd1dddfa0805,34,20014,8,8,6,success,,,sierpinski-gardens revision 1 seed 20014 [complete]:
service-bulk-training,e523a4a35524bc5a6962738eac4cd9ee,34,20014,9,8,6,success,,,sierpinski-gardens revision 1 seed 20014 [complete]:
service-bulk-training,3453005789a3b2f3395c890acafacb5b,34,20014,7,8,7,invalid_request,,,sierpinski-gardens revision 1 seed 20014 [validation]: Cannot fit 7 separated 56×56 home/farm modules on this terrain; enlarge the map or reduce colonies/folds/lake size.
service-bulk-training,54f9b181c141fd3d7b899d0260663b0d,34,20014,8,8,7,success,,,sierpinski-gardens revision 1 seed 20014 [complete]:
service-bulk-training,2b3adae4713d8b46ecaa66014dc3f2d9,34,20014,9,8,7,success,,,sierpinski-gardens revision 1 seed 20014 [complete]:
service-bulk-training,9f21c83184212d61f9a805e590221f9c,34,20014,7,8,8,invalid_request,,,sierpinski-gardens revision 1 seed 20014 [validation]: Cannot fit 8 separated 56×56 home/farm modules on this terrain; enlarge the map or reduce colonies/folds/lake size.
service-bulk-training,44af4a951ac6b763d6622348f3e251b9,34,20014,8,8,8,success,,,sierpinski-gardens revision 1 seed 20014 [complete]:
service-bulk-training,88a0847bdc8e6e43776924fbd53b065d,34,20014,9,8,8,success,,,sierpinski-gardens revision 1 seed 20014 [complete]:
service-bulk-training,0400be66da8e980128ec38d7c0017dbb,34,20014,7,9,2,success,,,sierpinski-gardens revision 1 seed 20014 [complete]:
service-bulk-training,d3d5d3827f752ff20cf27f1697c111df,34,20014,8,9,2,success,,,sierpinski-gardens revision 1 seed 20014 [complete]:
service-bulk-training,98f2f11b4c161ebdf1a542be2566f410,34,20014,9,9,2,success,,,sierpinski-gardens revision 1 seed 20014 [complete]:
service-bulk-training,6746f7dbf0db99827634769dd3717cf7,34,20014,7,9,3,success,,,sierpinski-gardens revision 1 seed 20014 [complete]:
service-bulk-training,24b23a546c80efdc4572945aaba530f2,34,20014,8,9,3,success,,,sierpinski-gardens revision 1 seed 20014 [complete]:
service-bulk-training,a6262d561fe2f21c5ac1357b983d86fb,34,20014,9,9,3,success,,,sierpinski-gardens revision 1 seed 20014 [complete]:
service-bulk-training,053241abe9589195847f1ccc845181c1,34,20014,7,9,4,success,,,sierpinski-gardens revision 1 seed 20014 [complete]:
service-bulk-training,cc2a9fe366c65b428d15db5c3ee26262,34,20014,8,9,4,success,,,sierpinski-gardens revision 1 seed 20014 [complete]:
service-bulk-training,9f3f012177169daff404ccd46bb064bc,34,20014,9,9,4,success,,,sierpinski-gardens revision 1 seed 20014 [complete]:
service-bulk-training,023ce61c68041a5e1bc0c39fc760bcd0,34,20014,7,9,5,success,,,sierpinski-gardens revision 1 seed 20014 [complete]:
service-bulk-training,c2d3dcdd3f99e329bf64c695a7eb5ea5,34,20014,8,9,5,success,,,sierpinski-gardens revision 1 seed 20014 [complete]:
service-bulk-training,6b1d3c9f95bea98990626d1758bb7f63,34,20014,9,9,5,success,,,sierpinski-gardens revision 1 seed 20014 [complete]:
service-bulk-training,d94594b258d4fe942a3b59c3b7ba9b90,34,20014,7,9,6,success,,,sierpinski-gardens revision 1 seed 20014 [complete]:
service-bulk-training,03234c662da0d175eee11259e336977e,34,20014,8,9,6,success,,,sierpinski-gardens revision 1 seed 20014 [complete]:
service-bulk-training,52f7e12d5541e210e37855cdd75a8667,34,20014,9,9,6,success,,,sierpinski-gardens revision 1 seed 20014 [complete]:
service-bulk-training,fc69afb5eb8052b9b6bac28fa098c2fa,34,20014,7,9,7,success,,,sierpinski-gardens revision 1 seed 20014 [complete]:
service-bulk-training,53c78246e20f925cf19227d74398d9c8,34,20014,8,9,7,success,,,sierpinski-gardens revision 1 seed 20014 [complete]:
service-bulk-training,779e5855830023edee2a02bee25828d3,34,20014,9,9,7,success,,,sierpinski-gardens revision 1 seed 20014 [complete]:
service-bulk-training,a284caafb0981ed4c362c3cec73a757f,34,20014,7,9,8,success,,,sierpinski-gardens revision 1 seed 20014 [complete]:
service-bulk-training,84d25b01c9b56298848d8ee1ee6da137,34,20014,8,9,8,success,,,sierpinski-gardens revision 1 seed 20014 [complete]:
service-bulk-training,fce98b8f15160db38f75c926c0608be2,34,20014,9,9,8,success,,,sierpinski-gardens revision 1 seed 20014 [complete]:
service-bulk-training,14312085a54cc70fd1bee5750e433c38,34,20015,8,8,4,success,,,sierpinski-gardens revision 1 seed 20015 [complete]:
service-bulk-training,9f9ac7f3b41deea4d147d083e6a68217,34,20015,7,7,2,success,,,sierpinski-gardens revision 1 seed 20015 [complete]:
service-bulk-training,a8f03edd14a8c2fb6e738d53deef77dc,34,20015,8,7,2,success,,,sierpinski-gardens revision 1 seed 20015 [complete]:
service-bulk-training,c56864f50e5aae71cabc59b138f32e5f,34,20015,9,7,2,success,,,sierpinski-gardens revision 1 seed 20015 [complete]:
service-bulk-training,f0a2d7a7c6f082cfec197d2efe8f772c,34,20015,7,7,3,success,,,sierpinski-gardens revision 1 seed 20015 [complete]:
service-bulk-training,f76c66bf1d2f83a8cb0e898fb178cf4c,34,20015,8,7,3,success,,,sierpinski-gardens revision 1 seed 20015 [complete]:
service-bulk-training,1c16a9788bc13df9c5025c84d326c0db,34,20015,9,7,3,success,,,sierpinski-gardens revision 1 seed 20015 [complete]:
service-bulk-training,5e997851b05fa3723cb73d9d3abbf69f,34,20015,7,7,4,invalid_request,,,sierpinski-gardens revision 1 seed 20015 [validation]: Cannot fit 4 separated 56×56 home/farm modules on this terrain; enlarge the map or reduce colonies/folds/lake size.
service-bulk-training,23a58053f0de877e166e1eb35cc68bb1,34,20015,8,7,4,success,,,sierpinski-gardens revision 1 seed 20015 [complete]:
service-bulk-training,1768db14b48541ecbdcd4b37a249c481,34,20015,9,7,4,success,,,sierpinski-gardens revision 1 seed 20015 [complete]:
service-bulk-training,a389ff7360e5e0ce6f204f22ff56eaee,34,20015,7,7,5,invalid_request,,,sierpinski-gardens revision 1 seed 20015 [validation]: Cannot fit 5 separated 56×56 home/farm modules on this terrain; enlarge the map or reduce colonies/folds/lake size.
service-bulk-training,2055db73b75d0524d0e19ac9f538c40e,34,20015,8,7,5,success,,,sierpinski-gardens revision 1 seed 20015 [complete]:
service-bulk-training,983f9e4919cc39e755671dd182e4b467,34,20015,9,7,5,success,,,sierpinski-gardens revision 1 seed 20015 [complete]:
service-bulk-training,1b30b198d05dba24accd5b81323965c5,34,20015,7,7,6,invalid_request,,,sierpinski-gardens revision 1 seed 20015 [validation]: Cannot fit 6 separated 56×56 home/farm modules on this terrain; enlarge the map or reduce colonies/folds/lake size.
service-bulk-training,ccd4eb71f0f9589d7ef8b450725ed5b7,34,20015,8,7,6,success,,,sierpinski-gardens revision 1 seed 20015 [complete]:
service-bulk-training,d52495b1a9fb39ee340582224ecb73ee,34,20015,9,7,6,success,,,sierpinski-gardens revision 1 seed 20015 [complete]:
service-bulk-training,09ac4e4892b2429b1bcc2018ed87c2d0,34,20015,7,7,7,invalid_request,,,sierpinski-gardens revision 1 seed 20015 [validation]: Cannot fit 7 separated 56×56 home/farm modules on this terrain; enlarge the map or reduce colonies/folds/lake size.
service-bulk-training,e0ec3c26385725622a546901373af5c0,34,20015,8,7,7,invalid_request,,,sierpinski-gardens revision 1 seed 20015 [validation]: Cannot fit 7 separated 56×56 home/farm modules on this terrain; enlarge the map or reduce colonies/folds/lake size.
service-bulk-training,86dc3d5d955e1ef9cbe2d26f84851f16,34,20015,9,7,7,success,,,sierpinski-gardens revision 1 seed 20015 [complete]:
service-bulk-training,1828dc082acbfd5fb94abe9848b1a18d,34,20015,7,7,8,invalid_request,,,sierpinski-gardens revision 1 seed 20015 [validation]: Cannot fit 8 separated 56×56 home/farm modules on this terrain; enlarge the map or reduce colonies/folds/lake size.
service-bulk-training,9c91175423c4ab7a1fc64fe93f257830,34,20015,8,7,8,invalid_request,,,sierpinski-gardens revision 1 seed 20015 [validation]: Cannot fit 8 separated 56×56 home/farm modules on this terrain; enlarge the map or reduce colonies/folds/lake size.
service-bulk-training,da8b423b5766f6309f86fa226dab8992,34,20015,9,7,8,success,,,sierpinski-gardens revision 1 seed 20015 [complete]:
service-bulk-training,929246279dfec6366fdb41933045ebc9,34,20015,7,8,2,success,,,sierpinski-gardens revision 1 seed 20015 [complete]:
service-bulk-training,472685e933878dc5349e40335d6d273f,34,20015,8,8,2,success,,,sierpinski-gardens revision 1 seed 20015 [complete]:
service-bulk-training,abafa9c456d6ff705ae8c0c751f6dbfa,34,20015,9,8,2,success,,,sierpinski-gardens revision 1 seed 20015 [complete]:
service-bulk-training,0af9bad77e50964210f690b6b65daafc,34,20015,7,8,3,success,,,sierpinski-gardens revision 1 seed 20015 [complete]:
service-bulk-training,c54b2f9903dbe83b27c3ba630d55c001,34,20015,8,8,3,success,,,sierpinski-gardens revision 1 seed 20015 [complete]:
service-bulk-training,3c5ea79b96e340fbc6c91d5226968e41,34,20015,9,8,3,success,,,sierpinski-gardens revision 1 seed 20015 [complete]:
service-bulk-training,40a13f61c2b07263ee50b89a37f77d1f,34,20015,7,8,4,success,,,sierpinski-gardens revision 1 seed 20015 [complete]:
service-bulk-training,078827e8ffbc88f5dc22912bd2d2581d,34,20015,8,8,4,success,,,sierpinski-gardens revision 1 seed 20015 [complete]:
service-bulk-training,e24c7601307ddd0fa1844beff737bd87,34,20015,9,8,4,success,,,sierpinski-gardens revision 1 seed 20015 [complete]:
service-bulk-training,e81d2bf92b50e073b0b29e65a78ee101,34,20015,7,8,5,success,,,sierpinski-gardens revision 1 seed 20015 [complete]:
service-bulk-training,b1550a8f7723ab7aff60944078f145fb,34,20015,8,8,5,success,,,sierpinski-gardens revision 1 seed 20015 [complete]:
service-bulk-training,9d8ec12ed86ca44958bcd4e58c91f1e0,34,20015,9,8,5,success,,,sierpinski-gardens revision 1 seed 20015 [complete]:
service-bulk-training,8f34e2864009be3fc8de3562c187e7b5,34,20015,7,8,6,success,,,sierpinski-gardens revision 1 seed 20015 [complete]:
service-bulk-training,43373dac78b7b4603a3a37e11e8c63a4,34,20015,8,8,6,success,,,sierpinski-gardens revision 1 seed 20015 [complete]:
service-bulk-training,99c6e08dd51e8dce086195bd7b7c778a,34,20015,9,8,6,success,,,sierpinski-gardens revision 1 seed 20015 [complete]:
service-bulk-training,8bdf1b939f267fc42161759f0a817e61,34,20015,7,8,7,invalid_request,,,sierpinski-gardens revision 1 seed 20015 [validation]: Cannot fit 7 separated 56×56 home/farm modules on this terrain; enlarge the map or reduce colonies/folds/lake size.
service-bulk-training,bf8b9bcc92dbc74294851ba42d3833ea,34,20015,8,8,7,success,,,sierpinski-gardens revision 1 seed 20015 [complete]:
service-bulk-training,bdc28ee6e9e35edf33f78192cd0bd59f,34,20015,9,8,7,success,,,sierpinski-gardens revision 1 seed 20015 [complete]:
service-bulk-training,a54836265df740ad6f383fa73ce4b013,34,20015,7,8,8,invalid_request,,,sierpinski-gardens revision 1 seed 20015 [validation]: Cannot fit 8 separated 56×56 home/farm modules on this terrain; enlarge the map or reduce colonies/folds/lake size.
service-bulk-training,8bad42ca376d7ffeb362390c8fc41143,34,20015,8,8,8,success,,,sierpinski-gardens revision 1 seed 20015 [complete]:
service-bulk-training,4340127519bcc1453bbba489c3c32ff6,34,20015,9,8,8,success,,,sierpinski-gardens revision 1 seed 20015 [complete]:
service-bulk-training,21d3231e13aa1d6d10d41a9da2d979b4,34,20015,7,9,2,success,,,sierpinski-gardens revision 1 seed 20015 [complete]:
service-bulk-training,643f5ed8ba97caec41167c1d1c36c4a9,34,20015,8,9,2,success,,,sierpinski-gardens revision 1 seed 20015 [complete]:
service-bulk-training,57762fa2260053b7138b400283ba8d49,34,20015,9,9,2,success,,,sierpinski-gardens revision 1 seed 20015 [complete]:
service-bulk-training,b16f53ddf8f26032d81de4cc6c501d5f,34,20015,7,9,3,success,,,sierpinski-gardens revision 1 seed 20015 [complete]:
service-bulk-training,4edbe74a84916fa8cffdb169d21883ad,34,20015,8,9,3,success,,,sierpinski-gardens revision 1 seed 20015 [complete]:
service-bulk-training,1589031f831754c005940099d89c06dd,34,20015,9,9,3,success,,,sierpinski-gardens revision 1 seed 20015 [complete]:
service-bulk-training,20abf8a5c1a7f1af1f57e9dad14f5e10,34,20015,7,9,4,success,,,sierpinski-gardens revision 1 seed 20015 [complete]:
service-bulk-training,19774a9dc520e4bdc411e0929a9dc02a,34,20015,8,9,4,success,,,sierpinski-gardens revision 1 seed 20015 [complete]:
service-bulk-training,429e6408661e19ed2add37df70325bfa,34,20015,9,9,4,success,,,sierpinski-gardens revision 1 seed 20015 [complete]:
service-bulk-training,137bb4524f20d76bd1da1c733a188d07,34,20015,7,9,5,success,,,sierpinski-gardens revision 1 seed 20015 [complete]:
service-bulk-training,622a25fe7f7efce59eaaa27f8da6704c,34,20015,8,9,5,success,,,sierpinski-gardens revision 1 seed 20015 [complete]:
service-bulk-training,3e030b00c795b616eccc55cffbb841d2,34,20015,9,9,5,success,,,sierpinski-gardens revision 1 seed 20015 [complete]:
service-bulk-training,8e0e298c38774b9c0c86c49bab61d6b8,34,20015,7,9,6,success,,,sierpinski-gardens revision 1 seed 20015 [complete]:
service-bulk-training,57e484679d7204403c3f53d57f1abf73,34,20015,8,9,6,success,,,sierpinski-gardens revision 1 seed 20015 [complete]:
service-bulk-training,34c9247786ddc11faf22cbae6509d846,34,20015,9,9,6,success,,,sierpinski-gardens revision 1 seed 20015 [complete]:
service-bulk-training,ad0eab19bb34b97e672919f7a71ccd3c,34,20015,7,9,7,success,,,sierpinski-gardens revision 1 seed 20015 [complete]:
service-bulk-training,a1dcd3457fdaff6d1c5a88cfca3c07da,34,20015,8,9,7,success,,,sierpinski-gardens revision 1 seed 20015 [complete]:
service-bulk-training,c809236b2fdeb6e9aefd89aa2fb6f12a,34,20015,9,9,7,success,,,sierpinski-gardens revision 1 seed 20015 [complete]:
service-bulk-training,8e31e1f9c109ae47a41ec3d9d5d92d76,34,20015,7,9,8,success,,,sierpinski-gardens revision 1 seed 20015 [complete]:
service-bulk-training,d13be496c35bf65a56a027f36e988545,34,20015,8,9,8,success,,,sierpinski-gardens revision 1 seed 20015 [complete]:
service-bulk-training,3af1c2a5631142e09dd9df96917eb61f,34,20015,9,9,8,success,,,sierpinski-gardens revision 1 seed 20015 [complete]:
service-bulk-training,5653fbe0b9e66f96143eac0b870c9b18,34,20016,8,8,4,success,,,sierpinski-gardens revision 1 seed 20016 [complete]:
service-bulk-training,a46d35890e148433e88851138993e4bc,34,20016,7,7,2,success,,,sierpinski-gardens revision 1 seed 20016 [complete]:
service-bulk-training,6986abda65f61b2ec8a80f91de51e34c,34,20016,8,7,2,success,,,sierpinski-gardens revision 1 seed 20016 [complete]:
service-bulk-training,c032a2d7f268de47ac75cc44e60747df,34,20016,9,7,2,success,,,sierpinski-gardens revision 1 seed 20016 [complete]:
service-bulk-training,6c57ddb38c5e812cd5a700396a4fdb20,34,20016,7,7,3,success,,,sierpinski-gardens revision 1 seed 20016 [complete]:
service-bulk-training,68f735b196e1a55fc832148d99460446,34,20016,8,7,3,success,,,sierpinski-gardens revision 1 seed 20016 [complete]:
service-bulk-training,fca5ef657fe925526ade6c36bc12cba6,34,20016,9,7,3,success,,,sierpinski-gardens revision 1 seed 20016 [complete]:
service-bulk-training,b77451ba52559e1d3914e05ae1ba9d64,34,20016,7,7,4,invalid_request,,,sierpinski-gardens revision 1 seed 20016 [validation]: Cannot fit 4 separated 56×56 home/farm modules on this terrain; enlarge the map or reduce colonies/folds/lake size.
service-bulk-training,358584094cfc88e18d1e274ad1da5b25,34,20016,8,7,4,success,,,sierpinski-gardens revision 1 seed 20016 [complete]:
service-bulk-training,f0516aba5c03522bd93ef5ffc4a0706a,34,20016,9,7,4,success,,,sierpinski-gardens revision 1 seed 20016 [complete]:
service-bulk-training,a81011dd7f9d6691f696bbdf7b0a687a,34,20016,7,7,5,invalid_request,,,sierpinski-gardens revision 1 seed 20016 [validation]: Cannot fit 5 separated 56×56 home/farm modules on this terrain; enlarge the map or reduce colonies/folds/lake size.
service-bulk-training,1309b40c072c4fae7b429a086ce9a2f2,34,20016,8,7,5,success,,,sierpinski-gardens revision 1 seed 20016 [complete]:
service-bulk-training,d4c116c18f3f5a45ef8217ee904e3bc6,34,20016,9,7,5,success,,,sierpinski-gardens revision 1 seed 20016 [complete]:
service-bulk-training,5f1ffcd0baf130c0cb4ef72f2ca4d12f,34,20016,7,7,6,invalid_request,,,sierpinski-gardens revision 1 seed 20016 [validation]: Cannot fit 6 separated 56×56 home/farm modules on this terrain; enlarge the map or reduce colonies/folds/lake size.
service-bulk-training,3da7982c625656c2887657b946f4bfef,34,20016,8,7,6,success,,,sierpinski-gardens revision 1 seed 20016 [complete]:
service-bulk-training,725fb7a5a95e1a0c3420fc2f14464fcb,34,20016,9,7,6,success,,,sierpinski-gardens revision 1 seed 20016 [complete]:
service-bulk-training,230951bfa7a6df58b6323c4ba6c5c134,34,20016,7,7,7,invalid_request,,,sierpinski-gardens revision 1 seed 20016 [validation]: Cannot fit 7 separated 56×56 home/farm modules on this terrain; enlarge the map or reduce colonies/folds/lake size.
service-bulk-training,241f269c2e564d17264bb7403dd02e9a,34,20016,8,7,7,invalid_request,,,sierpinski-gardens revision 1 seed 20016 [validation]: Cannot fit 7 separated 56×56 home/farm modules on this terrain; enlarge the map or reduce colonies/folds/lake size.
service-bulk-training,d07289f4c143e311a5907eb8449f57d7,34,20016,9,7,7,success,,,sierpinski-gardens revision 1 seed 20016 [complete]:
service-bulk-training,4cbcbe5b6a088b73634597f2883fc986,34,20016,7,7,8,invalid_request,,,sierpinski-gardens revision 1 seed 20016 [validation]: Cannot fit 8 separated 56×56 home/farm modules on this terrain; enlarge the map or reduce colonies/folds/lake size.
service-bulk-training,f54301737681a303921d8efb4dc696a4,34,20016,8,7,8,invalid_request,,,sierpinski-gardens revision 1 seed 20016 [validation]: Cannot fit 8 separated 56×56 home/farm modules on this terrain; enlarge the map or reduce colonies/folds/lake size.
service-bulk-training,273df8057229c118056d85eaacfbcc18,34,20016,9,7,8,success,,,sierpinski-gardens revision 1 seed 20016 [complete]:
service-bulk-training,8476f386f64dcdac5787ba0ab5782123,34,20016,7,8,2,success,,,sierpinski-gardens revision 1 seed 20016 [complete]:
service-bulk-training,7386f177586c13a664c90e947df1968f,34,20016,8,8,2,success,,,sierpinski-gardens revision 1 seed 20016 [complete]:
service-bulk-training,a1dada3a3c59c92697f83fc72f82fbe1,34,20016,9,8,2,success,,,sierpinski-gardens revision 1 seed 20016 [complete]:
service-bulk-training,97e3d36dd05e8e03bd6524ef8eecc767,34,20016,7,8,3,success,,,sierpinski-gardens revision 1 seed 20016 [complete]:
service-bulk-training,eafad6b9b0e4d0466e7adf1425d30f97,34,20016,8,8,3,success,,,sierpinski-gardens revision 1 seed 20016 [complete]:
service-bulk-training,b738d1147c252e6d6a82aaf3f512b8a5,34,20016,9,8,3,success,,,sierpinski-gardens revision 1 seed 20016 [complete]:
service-bulk-training,5ce3804bfbaa084794ab2168f7fa31b2,34,20016,7,8,4,success,,,sierpinski-gardens revision 1 seed 20016 [complete]:
service-bulk-training,4209f327f94d6d2108eb741941023816,34,20016,8,8,4,success,,,sierpinski-gardens revision 1 seed 20016 [complete]:
service-bulk-training,e7b1ba6f6b9052c95034f0c6a05b6bc8,34,20016,9,8,4,success,,,sierpinski-gardens revision 1 seed 20016 [complete]:
service-bulk-training,d77828ff484b74d93df1971a52fa871b,34,20016,7,8,5,success,,,sierpinski-gardens revision 1 seed 20016 [complete]:
service-bulk-training,e2087da7077404772917e67a077ab495,34,20016,8,8,5,success,,,sierpinski-gardens revision 1 seed 20016 [complete]:
service-bulk-training,197f7b6d673e0eddabb90e7c9672b262,34,20016,9,8,5,success,,,sierpinski-gardens revision 1 seed 20016 [complete]:
service-bulk-training,cfac751534e8b4cbf58a6d444852d708,34,20016,7,8,6,success,,,sierpinski-gardens revision 1 seed 20016 [complete]:
service-bulk-training,8894b621f68ed0df2021b735a5c74737,34,20016,8,8,6,success,,,sierpinski-gardens revision 1 seed 20016 [complete]:
service-bulk-training,9909ecb1ad3ae136483613c33fb9a4a3,34,20016,9,8,6,success,,,sierpinski-gardens revision 1 seed 20016 [complete]:
service-bulk-training,018e4728b8fed451136c24d07896e19d,34,20016,7,8,7,invalid_request,,,sierpinski-gardens revision 1 seed 20016 [validation]: Cannot fit 7 separated 56×56 home/farm modules on this terrain; enlarge the map or reduce colonies/folds/lake size.
service-bulk-training,da158b341e532137e4da8824298b7b33,34,20016,8,8,7,success,,,sierpinski-gardens revision 1 seed 20016 [complete]:
service-bulk-training,ec8b0ff6a3edabdcd7dd52337c4146fe,34,20016,9,8,7,success,,,sierpinski-gardens revision 1 seed 20016 [complete]:
service-bulk-training,5c79deca44123e2d05e5e5520bec064d,34,20016,7,8,8,invalid_request,,,sierpinski-gardens revision 1 seed 20016 [validation]: Cannot fit 8 separated 56×56 home/farm modules on this terrain; enlarge the map or reduce colonies/folds/lake size.
service-bulk-training,2d184fc04d82540aa767d9d51e2e02bf,34,20016,8,8,8,success,,,sierpinski-gardens revision 1 seed 20016 [complete]:
service-bulk-training,3ecb2ea5d2067548bac066bc3856341d,34,20016,9,8,8,success,,,sierpinski-gardens revision 1 seed 20016 [complete]:
service-bulk-training,9bd827915cd2253842d5494c9e71f0ad,34,20016,7,9,2,success,,,sierpinski-gardens revision 1 seed 20016 [complete]:
service-bulk-training,cf7de5ff767f156d950539a1949b72aa,34,20016,8,9,2,success,,,sierpinski-gardens revision 1 seed 20016 [complete]:
service-bulk-training,1bdf031acbef7f5e5e9ee15a96a3e656,34,20016,9,9,2,success,,,sierpinski-gardens revision 1 seed 20016 [complete]:
service-bulk-training,38c153153f2b251494bf3db85dd762d2,34,20016,7,9,3,success,,,sierpinski-gardens revision 1 seed 20016 [complete]:
service-bulk-training,a015775b840bfaeebf244afd9de0d8db,34,20016,8,9,3,success,,,sierpinski-gardens revision 1 seed 20016 [complete]:
service-bulk-training,082a85381e870b49628db17edf335ed4,34,20016,9,9,3,success,,,sierpinski-gardens revision 1 seed 20016 [complete]:
service-bulk-training,8bc9a4422b387e222d373ebde3ccf9cf,34,20016,7,9,4,success,,,sierpinski-gardens revision 1 seed 20016 [complete]:
service-bulk-training,eb6d9f78e82dd72a7059800168d591ba,34,20016,8,9,4,success,,,sierpinski-gardens revision 1 seed 20016 [complete]:
service-bulk-training,e09a7b1f1de82ffdc3dad8ba0696ff22,34,20016,9,9,4,success,,,sierpinski-gardens revision 1 seed 20016 [complete]:
service-bulk-training,1b7a811b5edd8333e09eb64aed60cd8a,34,20016,7,9,5,success,,,sierpinski-gardens revision 1 seed 20016 [complete]:
service-bulk-training,69b78ad8b8324a034c309084534185cc,34,20016,8,9,5,success,,,sierpinski-gardens revision 1 seed 20016 [complete]:
service-bulk-training,c4d79c5460c47aa1897f01cb33f8be78,34,20016,9,9,5,success,,,sierpinski-gardens revision 1 seed 20016 [complete]:
service-bulk-training,29ab37ed65ed03ee25aafcc5fb21395b,34,20016,7,9,6,success,,,sierpinski-gardens revision 1 seed 20016 [complete]:
service-bulk-training,f4ae7aaed51b9e1a8a781ccfbda08e34,34,20016,8,9,6,success,,,sierpinski-gardens revision 1 seed 20016 [complete]:
service-bulk-training,88c8ec5adbfc939bf8fd6865f5cd213e,34,20016,9,9,6,success,,,sierpinski-gardens revision 1 seed 20016 [complete]:
service-bulk-training,963b5fdc9625e1fe52b65bdf1e885cda,34,20016,7,9,7,success,,,sierpinski-gardens revision 1 seed 20016 [complete]:
service-bulk-training,6041869c87c99c9ad29d5e1792d61dce,34,20016,8,9,7,success,,,sierpinski-gardens revision 1 seed 20016 [complete]:
service-bulk-training,9b792fa7fa276477b69f9b329f49af14,34,20016,9,9,7,success,,,sierpinski-gardens revision 1 seed 20016 [complete]:
service-bulk-training,ea7f35d39569e2d55528ad08565ef9e5,34,20016,7,9,8,success,,,sierpinski-gardens revision 1 seed 20016 [complete]:
service-bulk-training,e0626e158f026a20509654b5c8e44ee7,34,20016,8,9,8,success,,,sierpinski-gardens revision 1 seed 20016 [complete]:
service-bulk-training,345b5d4506eced9c3e77f643c4e990ae,34,20016,9,9,8,success,,,sierpinski-gardens revision 1 seed 20016 [complete]:
service-bulk-training,3a7a834baf52eac04e3fccd8fb5c3020,35,20001,8,8,4,success,,,hilbert-river revision 1 seed 20001 [complete]:
service-bulk-training,ee34b8bf0a6a7e5e1bbe872567615a4b,35,20001,7,7,2,success,,,hilbert-river revision 1 seed 20001 [complete]:
service-bulk-training,02541ea292588bc9b9b13ddacef2687d,35,20001,8,7,2,success,,,hilbert-river revision 1 seed 20001 [complete]:
service-bulk-training,0fb678b3acdbef854c7acc4091e6afe4,35,20001,9,7,2,success,,,hilbert-river revision 1 seed 20001 [complete]:
service-bulk-training,a43976f3cda18ada2bd9b7da44d88bb8,35,20001,7,7,3,success,,,hilbert-river revision 1 seed 20001 [complete]:
service-bulk-training,bfdee0cbff2b0463dd1d8f4c75202c0d,35,20001,8,7,3,success,,,hilbert-river revision 1 seed 20001 [complete]:
service-bulk-training,6df2e85859d548ea10bb6bebfa7e599d,35,20001,9,7,3,success,,,hilbert-river revision 1 seed 20001 [complete]:
service-bulk-training,7d939b2be297d07ed5b5a0175abb0cc2,35,20001,7,7,4,invalid_request,,,hilbert-river revision 1 seed 20001 [validation]: No crossing court fits outside the reserved homes.
service-bulk-training,0824df390105e816ad0cf111ece9a782,35,20001,8,7,4,invalid_request,,,hilbert-river revision 1 seed 20001 [validation]: No crossing court fits outside the reserved homes.
service-bulk-training,c080e0c6aeffc53790144d5bbe754360,35,20001,9,7,4,success,,,hilbert-river revision 1 seed 20001 [complete]:
service-bulk-training,bf20e586906e00323595edecc22bd1ba,35,20001,7,7,5,invalid_request,,,hilbert-river revision 1 seed 20001 [validation]: Cannot fit 5 separated 56×56 home/farm modules on this terrain; enlarge the map or reduce colonies/folds/lake size.
service-bulk-training,552352b7ee95d7b580586fc6cb7046c3,35,20001,8,7,5,invalid_request,,,hilbert-river revision 1 seed 20001 [validation]: No crossing court fits outside the reserved homes.
service-bulk-training,680d98d557b327d155c4a132eb3dbca4,35,20001,9,7,5,success,,,hilbert-river revision 1 seed 20001 [complete]:
service-bulk-training,60e75c868d45a273b5ef4dd1aeb6bb0e,35,20001,7,7,6,invalid_request,,,hilbert-river revision 1 seed 20001 [validation]: Cannot fit 6 separated 56×56 home/farm modules on this terrain; enlarge the map or reduce colonies/folds/lake size.
service-bulk-training,297996ffd2e3a019c0740a4507da4af5,35,20001,8,7,6,invalid_request,,,hilbert-river revision 1 seed 20001 [validation]: No crossing court fits outside the reserved homes.
service-bulk-training,508814b8df0796f319119f459e92bd66,35,20001,9,7,6,success,,,hilbert-river revision 1 seed 20001 [complete]:
service-bulk-training,25e106e2359b4e8823baf6f296f16902,35,20001,7,7,7,invalid_request,,,hilbert-river revision 1 seed 20001 [validation]: Cannot fit 7 separated 56×56 home/farm modules on this terrain; enlarge the map or reduce colonies/folds/lake size.
service-bulk-training,daad0ec0b10d9e3e1b3cc17eefcf4ed7,35,20001,8,7,7,invalid_request,,,hilbert-river revision 1 seed 20001 [validation]: No crossing court fits outside the reserved homes.
service-bulk-training,595ebeaf4c03df0efbf1da673c0e31fe,35,20001,9,7,7,success,,,hilbert-river revision 1 seed 20001 [complete]:
service-bulk-training,4c5731472674923d55d5322f788355c7,35,20001,7,7,8,invalid_request,,,hilbert-river revision 1 seed 20001 [validation]: Cannot fit 8 separated 56×56 home/farm modules on this terrain; enlarge the map or reduce colonies/folds/lake size.
service-bulk-training,b497e0379b84d5387304917ce11aa7c4,35,20001,8,7,8,invalid_request,,,hilbert-river revision 1 seed 20001 [validation]: Cannot fit 8 separated 56×56 home/farm modules on this terrain; enlarge the map or reduce colonies/folds/lake size.
service-bulk-training,ce160f99ce4c3f89accb1500735ae5ef,35,20001,9,7,8,success,,,hilbert-river revision 1 seed 20001 [complete]:
service-bulk-training,8747dc40d9dbf8b9a0725f1b999b4bc2,35,20001,7,8,2,success,,,hilbert-river revision 1 seed 20001 [complete]:
service-bulk-training,c86d244c53e5e56fe0436b7ace3480f6,35,20001,8,8,2,success,,,hilbert-river revision 1 seed 20001 [complete]:
service-bulk-training,eeae598eb510b6a6da8f7455f3da33eb,35,20001,9,8,2,success,,,hilbert-river revision 1 seed 20001 [complete]:
service-bulk-training,607ea86769c4f24d3d5cebd0bd722dfc,35,20001,7,8,3,success,,,hilbert-river revision 1 seed 20001 [complete]:
service-bulk-training,602aaa7ccaae7294a3b32aae0d5c76b3,35,20001,8,8,3,success,,,hilbert-river revision 1 seed 20001 [complete]:
service-bulk-training,a0260ea197854efbd4ac8457808a1719,35,20001,9,8,3,success,,,hilbert-river revision 1 seed 20001 [complete]:
service-bulk-training,42539c2c35ba999b0c50cc66320758b7,35,20001,7,8,4,success,,,hilbert-river revision 1 seed 20001 [complete]:
service-bulk-training,75242a4ed4e1a278258bbfd39c7f2946,35,20001,8,8,4,success,,,hilbert-river revision 1 seed 20001 [complete]:
service-bulk-training,65998adccde93b03bc0f328519abb1e8,35,20001,9,8,4,success,,,hilbert-river revision 1 seed 20001 [complete]:
service-bulk-training,97390a56012b66aac2102b9346892bd9,35,20001,7,8,5,success,,,hilbert-river revision 1 seed 20001 [complete]:
service-bulk-training,bb16ce14ea0145857fffe330fd8fd9ec,35,20001,8,8,5,success,,,hilbert-river revision 1 seed 20001 [complete]:
service-bulk-training,2e9fc0666a45a40d722fbe05b7210dbb,35,20001,9,8,5,success,,,hilbert-river revision 1 seed 20001 [complete]:
service-bulk-training,98b0aaf145158a71b5f5dfa2fd6d3ced,35,20001,7,8,6,invalid_request,,,hilbert-river revision 1 seed 20001 [validation]: No crossing court fits outside the reserved homes.
service-bulk-training,6ed30092fb762c81fb3f44f42c2678a9,35,20001,8,8,6,success,,,hilbert-river revision 1 seed 20001 [complete]:
service-bulk-training,3c21b096c78023c7f23ece173825b747,35,20001,9,8,6,success,,,hilbert-river revision 1 seed 20001 [complete]:
service-bulk-training,56c761e2e8291a4be65d30f2bc236471,35,20001,7,8,7,invalid_request,,,hilbert-river revision 1 seed 20001 [validation]: No crossing court fits outside the reserved homes.
service-bulk-training,293039741a16f889133517c82a5f1407,35,20001,8,8,7,success,,,hilbert-river revision 1 seed 20001 [complete]:
service-bulk-training,aa4fcf516096b9f5b1f74b673ee556ad,35,20001,9,8,7,success,,,hilbert-river revision 1 seed 20001 [complete]:
service-bulk-training,c87bf9165a86be85a45d6f8eafcb860a,35,20001,7,8,8,invalid_request,,,hilbert-river revision 1 seed 20001 [validation]: Cannot fit 8 separated 56×56 home/farm modules on this terrain; enlarge the map or reduce colonies/folds/lake size.
service-bulk-training,d1bba18091ea8c666fcda444d3e2c93f,35,20001,8,8,8,success,,,hilbert-river revision 1 seed 20001 [complete]:
service-bulk-training,41688e8c38eee6408cf34d71ab11e3d1,35,20001,9,8,8,success,,,hilbert-river revision 1 seed 20001 [complete]:
service-bulk-training,dbc93da78b28a30c90f6290dfd12ba4b,35,20001,7,9,2,success,,,hilbert-river revision 1 seed 20001 [complete]:
service-bulk-training,17614f7cdafd02a5e6b7a5071336dabd,35,20001,8,9,2,success,,,hilbert-river revision 1 seed 20001 [complete]:
service-bulk-training,eb4a51d48ef9c7559084bfb1b4c00d38,35,20001,9,9,2,success,,,hilbert-river revision 1 seed 20001 [complete]:
service-bulk-training,40dde7c9c7bedfabee86d19640d600f3,35,20001,7,9,3,success,,,hilbert-river revision 1 seed 20001 [complete]:
service-bulk-training,478822b2cb48cfd36c431d21c09126a1,35,20001,8,9,3,success,,,hilbert-river revision 1 seed 20001 [complete]:
service-bulk-training,ad5240b44059a9f66e62c3c8b960f55c,35,20001,9,9,3,success,,,hilbert-river revision 1 seed 20001 [complete]:
service-bulk-training,2681c6cc98e7aa5396b37a0ae5e476a6,35,20001,7,9,4,success,,,hilbert-river revision 1 seed 20001 [complete]:
service-bulk-training,841be627760c1683be223b6cd648708e,35,20001,8,9,4,success,,,hilbert-river revision 1 seed 20001 [complete]:
service-bulk-training,e0c4852bc27c680ec7b33b382f54f23f,35,20001,9,9,4,success,,,hilbert-river revision 1 seed 20001 [complete]:
service-bulk-training,5dd3156d08b904c5091cbd1a76535384,35,20001,7,9,5,success,,,hilbert-river revision 1 seed 20001 [complete]:
service-bulk-training,a06ba22a9392224220cf9272f1a90803,35,20001,8,9,5,success,,,hilbert-river revision 1 seed 20001 [complete]:
service-bulk-training,d2947ed6c9d60609d10433d7b274358c,35,20001,9,9,5,success,,,hilbert-river revision 1 seed 20001 [complete]:
service-bulk-training,67ab9170c597a4e4606ab55e1890fb5e,35,20001,7,9,6,success,,,hilbert-river revision 1 seed 20001 [complete]:
service-bulk-training,504fac092a7e24e2aa120d2b66539d31,35,20001,8,9,6,success,,,hilbert-river revision 1 seed 20001 [complete]:
service-bulk-training,9f4d840ef3da70594fc4f0c357421c4e,35,20001,9,9,6,success,,,hilbert-river revision 1 seed 20001 [complete]:
service-bulk-training,2af0762c78d69e0c2f14859d7a252f7b,35,20001,7,9,7,success,,,hilbert-river revision 1 seed 20001 [complete]:
service-bulk-training,bce60afe05e0baae8af2e113c2238b8d,35,20001,8,9,7,success,,,hilbert-river revision 1 seed 20001 [complete]:
service-bulk-training,b811351181c3137b6abc6ca1af589611,35,20001,9,9,7,success,,,hilbert-river revision 1 seed 20001 [complete]:
service-bulk-training,5c958e339d772d3ebde1f6b1f7459c14,35,20001,7,9,8,success,,,hilbert-river revision 1 seed 20001 [complete]:
service-bulk-training,b4fb7b0d4d402617af13b24c0bb4e117,35,20001,8,9,8,success,,,hilbert-river revision 1 seed 20001 [complete]:
service-bulk-training,742f002c3a2860ce052ae825334b47d5,35,20001,9,9,8,success,,,hilbert-river revision 1 seed 20001 [complete]:
service-bulk-training,91d21f26ddfcd4002892bea31e26a0b2,35,20002,8,8,4,success,,,hilbert-river revision 1 seed 20002 [complete]:
service-bulk-training,b2db2337207e9d67313abf2faba94e89,35,20002,7,7,2,invalid_request,,,hilbert-river revision 1 seed 20002 [validation]: No crossing court fits outside the reserved homes.
service-bulk-training,67b9fda6958f6eb2220c0f45a0246c66,35,20002,8,7,2,success,,,hilbert-river revision 1 seed 20002 [complete]:
service-bulk-training,44f4ae32886c10b96e1e1a3ef5f3d468,35,20002,9,7,2,success,,,hilbert-river revision 1 seed 20002 [complete]:
service-bulk-training,61dbe89a4c67f0eb2d12c07ca91ba373,35,20002,7,7,3,invalid_request,,,hilbert-river revision 1 seed 20002 [validation]: No crossing court fits outside the reserved homes.
service-bulk-training,a4d0c84065cd55b914ba1ba6f974726e,35,20002,8,7,3,success,,,hilbert-river revision 1 seed 20002 [complete]:
service-bulk-training,3482e2834fe592ede4a65b47d036774b,35,20002,9,7,3,success,,,hilbert-river revision 1 seed 20002 [complete]:
service-bulk-training,3353af49c298eafac30c15236190472c,35,20002,7,7,4,invalid_request,,,hilbert-river revision 1 seed 20002 [validation]: No crossing court fits outside the reserved homes.
service-bulk-training,ab532e1a3a184336fcd3384c6dc46bb3,35,20002,8,7,4,invalid_request,,,hilbert-river revision 1 seed 20002 [validation]: No crossing court fits outside the reserved homes.
service-bulk-training,dbd5b4796428238cd3bb8c3b3f4604aa,35,20002,9,7,4,success,,,hilbert-river revision 1 seed 20002 [complete]:
service-bulk-training,bfbdd3957bbe8cc716529247d4a9dd66,35,20002,7,7,5,invalid_request,,,hilbert-river revision 1 seed 20002 [validation]: Cannot fit 5 separated 56×56 home/farm modules on this terrain; enlarge the map or reduce colonies/folds/lake size.
service-bulk-training,b405c0d72c9779842acdb1b907cb1a44,35,20002,8,7,5,invalid_request,,,hilbert-river revision 1 seed 20002 [validation]: No crossing court fits outside the reserved homes.
service-bulk-training,dfb6f9b5908211387a4078df8a76503f,35,20002,9,7,5,success,,,hilbert-river revision 1 seed 20002 [complete]:
service-bulk-training,50826ea0d25f0da18b1d0694f72faba7,35,20002,7,7,6,invalid_request,,,hilbert-river revision 1 seed 20002 [validation]: Cannot fit 6 separated 56×56 home/farm modules on this terrain; enlarge the map or reduce colonies/folds/lake size.
service-bulk-training,be4184a07af75316f41aa9ff7f719579,35,20002,8,7,6,invalid_request,,,hilbert-river revision 1 seed 20002 [validation]: No crossing court fits outside the reserved homes.
service-bulk-training,0c7732cce9b1fda43fced8fea31b05b6,35,20002,9,7,6,success,,,hilbert-river revision 1 seed 20002 [complete]:
service-bulk-training,974243698fe41801f759d9e01f5cc432,35,20002,7,7,7,invalid_request,,,hilbert-river revision 1 seed 20002 [validation]: Cannot fit 7 separated 56×56 home/farm modules on this terrain; enlarge the map or reduce colonies/folds/lake size.
service-bulk-training,1d18da1b4d143d2768ec838733465d96,35,20002,8,7,7,invalid_request,,,hilbert-river revision 1 seed 20002 [validation]: No crossing court fits outside the reserved homes.
service-bulk-training,d66f6e66b2adc018a2ad997fcfcd5ca2,35,20002,9,7,7,success,,,hilbert-river revision 1 seed 20002 [complete]:
service-bulk-training,f59c10183396c311feb4bfc3b88e4718,35,20002,7,7,8,invalid_request,,,hilbert-river revision 1 seed 20002 [validation]: Cannot fit 8 separated 56×56 home/farm modules on this terrain; enlarge the map or reduce colonies/folds/lake size.
service-bulk-training,ed8233d809755c7ccfa1919a95537610,35,20002,8,7,8,invalid_request,,,hilbert-river revision 1 seed 20002 [validation]: Cannot fit 8 separated 56×56 home/farm modules on this terrain; enlarge the map or reduce colonies/folds/lake size.
service-bulk-training,4c06de85b0ef602fd6a065ae8cefece0,35,20002,9,7,8,invalid_request,,,hilbert-river revision 1 seed 20002 [validation]: No crossing court fits outside the reserved homes.
service-bulk-training,eeae2fd0a5a2675fd383213366f9d172,35,20002,7,8,2,success,,,hilbert-river revision 1 seed 20002 [complete]:
service-bulk-training,8450a552ee1028637b7fcc88f16b3019,35,20002,8,8,2,success,,,hilbert-river revision 1 seed 20002 [complete]:
service-bulk-training,ec0f024636f3ba6585feba94bfaef898,35,20002,9,8,2,success,,,hilbert-river revision 1 seed 20002 [complete]:
service-bulk-training,e1fc572ad91dd93b061b7c999fcdfe21,35,20002,7,8,3,success,,,hilbert-river revision 1 seed 20002 [complete]:
service-bulk-training,c071d143b17441eccca47968a3d28104,35,20002,8,8,3,success,,,hilbert-river revision 1 seed 20002 [complete]:
service-bulk-training,784b15b45cb4a5871ed3efa8ea87f19a,35,20002,9,8,3,success,,,hilbert-river revision 1 seed 20002 [complete]:
service-bulk-training,385534451c92c856bf077fd58e293e43,35,20002,7,8,4,success,,,hilbert-river revision 1 seed 20002 [complete]:
service-bulk-training,73e2b23816f55db6415e688edee7e606,35,20002,8,8,4,success,,,hilbert-river revision 1 seed 20002 [complete]:
service-bulk-training,9d5404777ad364614ce981eb32a5bc2b,35,20002,9,8,4,success,,,hilbert-river revision 1 seed 20002 [complete]:
service-bulk-training,d7d0eb2c7955211661cd1f9ded602bab,35,20002,7,8,5,success,,,hilbert-river revision 1 seed 20002 [complete]:
service-bulk-training,226c59a012bead6ed879be00bc9f5f9f,35,20002,8,8,5,success,,,hilbert-river revision 1 seed 20002 [complete]:
service-bulk-training,bf62657e903480f9d070794fba8bdb01,35,20002,9,8,5,success,,,hilbert-river revision 1 seed 20002 [complete]:
service-bulk-training,9149498335fac196c339ebe48b354c7c,35,20002,7,8,6,invalid_request,,,hilbert-river revision 1 seed 20002 [validation]: No crossing court fits outside the reserved homes.
service-bulk-training,78602d49d9e7f21942cf6a556af91a2c,35,20002,8,8,6,success,,,hilbert-river revision 1 seed 20002 [complete]:
service-bulk-training,8eab402450484bcbc6efa6a2f05f6753,35,20002,9,8,6,success,,,hilbert-river revision 1 seed 20002 [complete]:
service-bulk-training,96ad9b6b5cccb44a17004b4fac0fe0cc,35,20002,7,8,7,invalid_request,,,hilbert-river revision 1 seed 20002 [validation]: No crossing court fits outside the reserved homes.
service-bulk-training,928317533a41641ebaed1c4b50a315e9,35,20002,8,8,7,success,,,hilbert-river revision 1 seed 20002 [complete]:
service-bulk-training,489462dff67037f9a1990a4d3a949c47,35,20002,9,8,7,success,,,hilbert-river revision 1 seed 20002 [complete]:
service-bulk-training,f3ba4e247a7ad223dd27a7670054cf7b,35,20002,7,8,8,invalid_request,,,hilbert-river revision 1 seed 20002 [validation]: Cannot fit 8 separated 56×56 home/farm modules on this terrain; enlarge the map or reduce colonies/folds/lake size.
service-bulk-training,c7aff4ab37a240bc86c505e93a0ac404,35,20002,8,8,8,success,,,hilbert-river revision 1 seed 20002 [complete]:
service-bulk-training,10e11b0737b6035f948715950c1c24a2,35,20002,9,8,8,success,,,hilbert-river revision 1 seed 20002 [complete]:
service-bulk-training,f67260370bbdac73b37bbfc53d539d59,35,20002,7,9,2,success,,,hilbert-river revision 1 seed 20002 [complete]:
service-bulk-training,65b776dfe9eed8cb10e5b088c09e7c9e,35,20002,8,9,2,success,,,hilbert-river revision 1 seed 20002 [complete]:
service-bulk-training,4b15c3d61b7029d26adcc5eb27e3ecd0,35,20002,9,9,2,success,,,hilbert-river revision 1 seed 20002 [complete]:
service-bulk-training,2fe699d64f9294e9db5afb9b27e4e9a4,35,20002,7,9,3,success,,,hilbert-river revision 1 seed 20002 [complete]:
service-bulk-training,950a5e6e34f1c2f2188db63167934677,35,20002,8,9,3,success,,,hilbert-river revision 1 seed 20002 [complete]:
service-bulk-training,e9993c2cdde8de23729896ac76c0c6d1,35,20002,9,9,3,success,,,hilbert-river revision 1 seed 20002 [complete]:
service-bulk-training,5d5da77bf1c43d84504a5308c54447c6,35,20002,7,9,4,success,,,hilbert-river revision 1 seed 20002 [complete]:
service-bulk-training,149299c9c57dc198c91d3a64611b07a8,35,20002,8,9,4,success,,,hilbert-river revision 1 seed 20002 [complete]:
service-bulk-training,64fddbfeb5345ee99b19e9de631141c7,35,20002,9,9,4,success,,,hilbert-river revision 1 seed 20002 [complete]:
service-bulk-training,a9d14da291c3fc60357ed051af31db7a,35,20002,7,9,5,success,,,hilbert-river revision 1 seed 20002 [complete]:
service-bulk-training,af01696de8fd382127f5995aaebf6583,35,20002,8,9,5,success,,,hilbert-river revision 1 seed 20002 [complete]:
service-bulk-training,5644ad0123d0e80c4045aa0275b29be7,35,20002,9,9,5,success,,,hilbert-river revision 1 seed 20002 [complete]:
service-bulk-training,c624af28db1784953cbacf6dffdf07cb,35,20002,7,9,6,success,,,hilbert-river revision 1 seed 20002 [complete]:
service-bulk-training,cf7453a927505e19b45b0571b9ca1b3a,35,20002,8,9,6,success,,,hilbert-river revision 1 seed 20002 [complete]:
service-bulk-training,83997c3fd367e1af2196b6349263a3a0,35,20002,9,9,6,success,,,hilbert-river revision 1 seed 20002 [complete]:
service-bulk-training,49d76655188e0296a78647b6ab692db8,35,20002,7,9,7,success,,,hilbert-river revision 1 seed 20002 [complete]:
service-bulk-training,12961f27ef7ee7af96144416547b37f9,35,20002,8,9,7,success,,,hilbert-river revision 1 seed 20002 [complete]:
service-bulk-training,558910fcac114de6ae03b4c6573f5d41,35,20002,9,9,7,success,,,hilbert-river revision 1 seed 20002 [complete]:
service-bulk-training,d270210eccf192b5af735c1452e9f60c,35,20002,7,9,8,success,,,hilbert-river revision 1 seed 20002 [complete]:
service-bulk-training,11bd8974bec08d66053a72a2700f2219,35,20002,8,9,8,success,,,hilbert-river revision 1 seed 20002 [complete]:
service-bulk-training,e455313d8adf0ca909f5059da2780f64,35,20002,9,9,8,success,,,hilbert-river revision 1 seed 20002 [complete]:
service-bulk-training,6647292631a46fc75cbd0118eb6aeb61,35,20003,8,8,4,success,,,hilbert-river revision 1 seed 20003 [complete]:
service-bulk-training,9435bca9381f19fc2a8059fe68e1d66c,35,20003,7,7,2,success,,,hilbert-river revision 1 seed 20003 [complete]:
service-bulk-training,d2ca6bf6cf0a827e7dde38e2aca56a5c,35,20003,8,7,2,success,,,hilbert-river revision 1 seed 20003 [complete]:
service-bulk-training,0685e9b7b79483136b535a2b778f3123,35,20003,9,7,2,success,,,hilbert-river revision 1 seed 20003 [complete]:
service-bulk-training,28636e2e78e985a3383353df2b05c3bd,35,20003,7,7,3,success,,,hilbert-river revision 1 seed 20003 [complete]:
service-bulk-training,4979f883a40e88699d44d6cdf0b622a7,35,20003,8,7,3,success,,,hilbert-river revision 1 seed 20003 [complete]:
service-bulk-training,06be28c48f0904f0a17ceffc06d885bc,35,20003,9,7,3,success,,,hilbert-river revision 1 seed 20003 [complete]:
service-bulk-training,2b7fb27c682df6a2fafb086c869ba299,35,20003,7,7,4,invalid_request,,,hilbert-river revision 1 seed 20003 [validation]: No crossing court fits outside the reserved homes.
service-bulk-training,15a6dcaf842f3dcf5e5814a61dfd2608,35,20003,8,7,4,success,,,hilbert-river revision 1 seed 20003 [complete]:
service-bulk-training,ad1c87e16a9fea327b193295227d5aaf,35,20003,9,7,4,success,,,hilbert-river revision 1 seed 20003 [complete]:
service-bulk-training,928156f1fd88b9781aba6ae188a0ec17,35,20003,7,7,5,invalid_request,,,hilbert-river revision 1 seed 20003 [validation]: Cannot fit 5 separated 56×56 home/farm modules on this terrain; enlarge the map or reduce colonies/folds/lake size.
service-bulk-training,72bc0c929640e3273dbfd4a7fab2f907,35,20003,8,7,5,success,,,hilbert-river revision 1 seed 20003 [complete]:
service-bulk-training,00f936ac5c13b59578451a1056e1722c,35,20003,9,7,5,success,,,hilbert-river revision 1 seed 20003 [complete]:
service-bulk-training,068e764cca883c068965deb39a1364f8,35,20003,7,7,6,invalid_request,,,hilbert-river revision 1 seed 20003 [validation]: Cannot fit 6 separated 56×56 home/farm modules on this terrain; enlarge the map or reduce colonies/folds/lake size.
service-bulk-training,8bcc20ed54cb4e488bac3ca11e3979c8,35,20003,8,7,6,invalid_request,,,hilbert-river revision 1 seed 20003 [validation]: No crossing court fits outside the reserved homes.
service-bulk-training,621b7e316e3ee0da336df8cdfbb086e5,35,20003,9,7,6,success,,,hilbert-river revision 1 seed 20003 [complete]:
service-bulk-training,94aed3e855df3147018f8e9f3bfc349d,35,20003,7,7,7,invalid_request,,,hilbert-river revision 1 seed 20003 [validation]: Cannot fit 7 separated 56×56 home/farm modules on this terrain; enlarge the map or reduce colonies/folds/lake size.
service-bulk-training,9f89d7478d7b6b543d4800872b9805a9,35,20003,8,7,7,invalid_request,,,hilbert-river revision 1 seed 20003 [validation]: No crossing court fits outside the reserved homes.
service-bulk-training,01657a2e44843e89110ef716863ecc20,35,20003,9,7,7,success,,,hilbert-river revision 1 seed 20003 [complete]:
service-bulk-training,d5e3503d9a288c2f3629172829850a5f,35,20003,7,7,8,invalid_request,,,hilbert-river revision 1 seed 20003 [validation]: Cannot fit 8 separated 56×56 home/farm modules on this terrain; enlarge the map or reduce colonies/folds/lake size.
service-bulk-training,be70c77bbcaeae6b0b9a453434041ccf,35,20003,8,7,8,invalid_request,,,hilbert-river revision 1 seed 20003 [validation]: Cannot fit 8 separated 56×56 home/farm modules on this terrain; enlarge the map or reduce colonies/folds/lake size.
service-bulk-training,a0e86316588d262c7c244633185c5794,35,20003,9,7,8,success,,,hilbert-river revision 1 seed 20003 [complete]:
service-bulk-training,c04568bb52b37150ee34c1df21afc401,35,20003,7,8,2,success,,,hilbert-river revision 1 seed 20003 [complete]:
service-bulk-training,b83644fed1066ee16ea6709bd3919377,35,20003,8,8,2,success,,,hilbert-river revision 1 seed 20003 [complete]:
service-bulk-training,5ffece29aa9b73b6104a6cbf3f547f3d,35,20003,9,8,2,success,,,hilbert-river revision 1 seed 20003 [complete]:
service-bulk-training,4f2654571ee48f2cc788a5d67ad76956,35,20003,7,8,3,invalid_request,,,hilbert-river revision 1 seed 20003 [validation]: No crossing court fits outside the reserved homes.
service-bulk-training,66f28d54d861655e4353a70e92a5c18c,35,20003,8,8,3,success,,,hilbert-river revision 1 seed 20003 [complete]:
service-bulk-training,87bfb5013494c003e5c5057282929332,35,20003,9,8,3,success,,,hilbert-river revision 1 seed 20003 [complete]:
service-bulk-training,0aeae36afe1cac07561e56fea0e5efd6,35,20003,7,8,4,invalid_request,,,hilbert-river revision 1 seed 20003 [validation]: No crossing court fits outside the reserved homes.
service-bulk-training,24b48f61a5a02b1b9f1903b05f3b6b32,35,20003,8,8,4,success,,,hilbert-river revision 1 seed 20003 [complete]:
service-bulk-training,70989da2acdd0aad6af2b1e347ebd2d9,35,20003,9,8,4,success,,,hilbert-river revision 1 seed 20003 [complete]:
service-bulk-training,4eef00e4870b405a9770891bad553ccc,35,20003,7,8,5,invalid_request,,,hilbert-river revision 1 seed 20003 [validation]: No crossing court fits outside the reserved homes.
service-bulk-training,b481c184ae5ff9661366cd5e600768e9,35,20003,8,8,5,success,,,hilbert-river revision 1 seed 20003 [complete]:
service-bulk-training,7053c09dfd5cddcaa52f25be0c5dac93,35,20003,9,8,5,success,,,hilbert-river revision 1 seed 20003 [complete]:
service-bulk-training,62955af9e273e2d8bf683df69b41e4fe,35,20003,7,8,6,invalid_request,,,hilbert-river revision 1 seed 20003 [validation]: No crossing court fits outside the reserved homes.
service-bulk-training,5df06190ef80a525f76ff3969071e811,35,20003,8,8,6,success,,,hilbert-river revision 1 seed 20003 [complete]:
service-bulk-training,245142abe671c69a8ea081842806303a,35,20003,9,8,6,success,,,hilbert-river revision 1 seed 20003 [complete]:
service-bulk-training,b5a9767ef2c65f45dbef94fa2e231501,35,20003,7,8,7,invalid_request,,,hilbert-river revision 1 seed 20003 [validation]: No crossing court fits outside the reserved homes.
service-bulk-training,eaa357467967499520bc36b6d1536ab3,35,20003,8,8,7,success,,,hilbert-river revision 1 seed 20003 [complete]:
service-bulk-training,259db5067db376c784ac176be84484ab,35,20003,9,8,7,success,,,hilbert-river revision 1 seed 20003 [complete]:
service-bulk-training,d0ab33dfea2c94a4c05813c35c26dcef,35,20003,7,8,8,invalid_request,,,hilbert-river revision 1 seed 20003 [validation]: No crossing court fits outside the reserved homes.
service-bulk-training,395278c688c31ea62a4a1db755c7d9b6,35,20003,8,8,8,success,,,hilbert-river revision 1 seed 20003 [complete]:
service-bulk-training,431d56693a7bbce553d8c2569035a24c,35,20003,9,8,8,success,,,hilbert-river revision 1 seed 20003 [complete]:
service-bulk-training,6798018a8cf14411e454e66635c1ea03,35,20003,7,9,2,success,,,hilbert-river revision 1 seed 20003 [complete]:
service-bulk-training,fc20983005dc83aa19ffde431acb557f,35,20003,8,9,2,success,,,hilbert-river revision 1 seed 20003 [complete]:
service-bulk-training,282de075ed24841d9c826ab30f4e89fb,35,20003,9,9,2,success,,,hilbert-river revision 1 seed 20003 [complete]:
service-bulk-training,50f51fb30d2dff44bf6a6e15b06126f9,35,20003,7,9,3,success,,,hilbert-river revision 1 seed 20003 [complete]:
service-bulk-training,5a8dbf53efbfc944ee1db6ce296f2e1a,35,20003,8,9,3,success,,,hilbert-river revision 1 seed 20003 [complete]:
service-bulk-training,693f5270d63f53a64d26307221e474f9,35,20003,9,9,3,success,,,hilbert-river revision 1 seed 20003 [complete]:
service-bulk-training,f9718d238a98fe95d11c53f40cd48d78,35,20003,7,9,4,success,,,hilbert-river revision 1 seed 20003 [complete]:
service-bulk-training,efbbf65f07d0dab0717b42516235100e,35,20003,8,9,4,success,,,hilbert-river revision 1 seed 20003 [complete]:
service-bulk-training,89c942a2200ae74ac744352b6f3a2d44,35,20003,9,9,4,success,,,hilbert-river revision 1 seed 20003 [complete]:
service-bulk-training,a211cd5c5bc939ab321a6d2cd07e197f,35,20003,7,9,5,success,,,hilbert-river revision 1 seed 20003 [complete]:
service-bulk-training,67caef51c9753069e0c38dc1a324a360,35,20003,8,9,5,success,,,hilbert-river revision 1 seed 20003 [complete]:
service-bulk-training,58e49b251420159c712458b627ad2ca4,35,20003,9,9,5,success,,,hilbert-river revision 1 seed 20003 [complete]:
service-bulk-training,4edde3e5e5251538df4bbd94cd00fd4e,35,20003,7,9,6,success,,,hilbert-river revision 1 seed 20003 [complete]:
service-bulk-training,68d60b260859f7399b25ad39c4f46aab,35,20003,8,9,6,success,,,hilbert-river revision 1 seed 20003 [complete]:
service-bulk-training,136508b527a78f86fc15d84e9b9d3fdd,35,20003,9,9,6,success,,,hilbert-river revision 1 seed 20003 [complete]:
service-bulk-training,b67dd1d27afef03eb344b55dc3d565b5,35,20003,7,9,7,success,,,hilbert-river revision 1 seed 20003 [complete]:
service-bulk-training,f95b9b6946aa313789387f001075534f,35,20003,8,9,7,success,,,hilbert-river revision 1 seed 20003 [complete]:
service-bulk-training,bd31a2e81badaa8638f80d1cab9876f7,35,20003,9,9,7,success,,,hilbert-river revision 1 seed 20003 [complete]:
service-bulk-training,6e0a1a5a1f4fb71311a178eb9a78bd57,35,20003,7,9,8,invalid_request,,,hilbert-river revision 1 seed 20003 [validation]: No crossing court fits outside the reserved homes.
service-bulk-training,354d0d0a3f3443e50647713c5daba9b2,35,20003,8,9,8,success,,,hilbert-river revision 1 seed 20003 [complete]:
service-bulk-training,9c273c81cd7a38acf220ff663e1ff9a6,35,20003,9,9,8,success,,,hilbert-river revision 1 seed 20003 [complete]:
service-bulk-training,9df7a2e5580f6c6663a54ed7fc15d225,35,20004,8,8,4,success,,,hilbert-river revision 1 seed 20004 [complete]:
service-bulk-training,86c44f393e34683c8199d28e32cd5683,35,20004,7,7,2,invalid_request,,,hilbert-river revision 1 seed 20004 [validation]: No crossing court fits outside the reserved homes.
service-bulk-training,00d35387ddd4c4817cc7a14942efb94c,35,20004,8,7,2,success,,,hilbert-river revision 1 seed 20004 [complete]:
service-bulk-training,04eae07c6b10928f147cd34740cf0bfd,35,20004,9,7,2,success,,,hilbert-river revision 1 seed 20004 [complete]:
service-bulk-training,1dea0b9c3ef6e353b8497267a8633dc7,35,20004,7,7,3,invalid_request,,,hilbert-river revision 1 seed 20004 [validation]: No crossing court fits outside the reserved homes.
service-bulk-training,6e407ea3cc2cdad2890044a044fdcd1c,35,20004,8,7,3,success,,,hilbert-river revision 1 seed 20004 [complete]:
service-bulk-training,9716161f096458554f6c8e781b9ac7d7,35,20004,9,7,3,success,,,hilbert-river revision 1 seed 20004 [complete]:
service-bulk-training,1b5cccb8bee4eea650cfe2c89f687b88,35,20004,7,7,4,invalid_request,,,hilbert-river revision 1 seed 20004 [validation]: No crossing court fits outside the reserved homes.
service-bulk-training,d3059bf2b4c755fac09e0bedb629a23c,35,20004,8,7,4,success,,,hilbert-river revision 1 seed 20004 [complete]:
service-bulk-training,3b7bda2c10f640e05835917d22919c71,35,20004,9,7,4,success,,,hilbert-river revision 1 seed 20004 [complete]:
service-bulk-training,208c05b5689db5f287c5a335e679a3ea,35,20004,7,7,5,invalid_request,,,hilbert-river revision 1 seed 20004 [validation]: Cannot fit 5 separated 56×56 home/farm modules on this terrain; enlarge the map or reduce colonies/folds/lake size.
service-bulk-training,c3ddd409da4dd7785d40d2285977f24d,35,20004,8,7,5,success,,,hilbert-river revision 1 seed 20004 [complete]:
service-bulk-training,6bc7b2e3e109cc2280ac1cd3db11665a,35,20004,9,7,5,success,,,hilbert-river revision 1 seed 20004 [complete]:
service-bulk-training,0ef99daa5c49fa460812e10403eb1a72,35,20004,7,7,6,invalid_request,,,hilbert-river revision 1 seed 20004 [validation]: Cannot fit 6 separated 56×56 home/farm modules on this terrain; enlarge the map or reduce colonies/folds/lake size.
service-bulk-training,83e2ca6583e346c53a20ce367b55506a,35,20004,8,7,6,success,,,hilbert-river revision 1 seed 20004 [complete]:
service-bulk-training,e5327364b1ec6c77722a29520ee8f298,35,20004,9,7,6,success,,,hilbert-river revision 1 seed 20004 [complete]:
service-bulk-training,afc1bbb6f3d8034e3582ef4d73d5f86e,35,20004,7,7,7,invalid_request,,,hilbert-river revision 1 seed 20004 [validation]: Cannot fit 7 separated 56×56 home/farm modules on this terrain; enlarge the map or reduce colonies/folds/lake size.
service-bulk-training,4d46b589b42a7bdfdb6ba18af68a8e74,35,20004,8,7,7,invalid_request,,,hilbert-river revision 1 seed 20004 [validation]: No crossing court fits outside the reserved homes.
service-bulk-training,6b974fe4285b094a6f7168405a5b5a0e,35,20004,9,7,7,success,,,hilbert-river revision 1 seed 20004 [complete]:
service-bulk-training,b3c90d96aa3e9696f7752f3fbad2c7d6,35,20004,7,7,8,invalid_request,,,hilbert-river revision 1 seed 20004 [validation]: Cannot fit 8 separated 56×56 home/farm modules on this terrain; enlarge the map or reduce colonies/folds/lake size.
service-bulk-training,4272a986aba465112c5d09b4426cad74,35,20004,8,7,8,invalid_request,,,hilbert-river revision 1 seed 20004 [validation]: Cannot fit 8 separated 56×56 home/farm modules on this terrain; enlarge the map or reduce colonies/folds/lake size.
service-bulk-training,1bf631d85afc022eb5ffbe1716f43f28,35,20004,9,7,8,success,,,hilbert-river revision 1 seed 20004 [complete]:
service-bulk-training,51234ffda30f1b97785ef14a882d9dd3,35,20004,7,8,2,success,,,hilbert-river revision 1 seed 20004 [complete]:
service-bulk-training,0525d36c0deb8690ae4af3924e13f899,35,20004,8,8,2,success,,,hilbert-river revision 1 seed 20004 [complete]:
service-bulk-training,7b80329103405d39912ed85aa0c2f07c,35,20004,9,8,2,success,,,hilbert-river revision 1 seed 20004 [complete]:
service-bulk-training,f2b9adf1759700856a9653bf6cf20850,35,20004,7,8,3,success,,,hilbert-river revision 1 seed 20004 [complete]:
service-bulk-training,e8b1f0562a00b2526b2891796df870b2,35,20004,8,8,3,success,,,hilbert-river revision 1 seed 20004 [complete]:
service-bulk-training,6bd3d3235aecdba0098e11ae3931e83b,35,20004,9,8,3,success,,,hilbert-river revision 1 seed 20004 [complete]:
service-bulk-training,fba2abe81272a7c50ef516203477a760,35,20004,7,8,4,success,,,hilbert-river revision 1 seed 20004 [complete]:
service-bulk-training,2c6a68604c3a897a25ec281fc26d7ca4,35,20004,8,8,4,success,,,hilbert-river revision 1 seed 20004 [complete]:
service-bulk-training,725d24026b9c3ff471ccc487dc3bafe5,35,20004,9,8,4,success,,,hilbert-river revision 1 seed 20004 [complete]:
service-bulk-training,d59847b107765ab3cd918c0dd44fea8a,35,20004,7,8,5,success,,,hilbert-river revision 1 seed 20004 [complete]:
service-bulk-training,8fd86b31afdb1f92752b4434635f0c14,35,20004,8,8,5,success,,,hilbert-river revision 1 seed 20004 [complete]:
service-bulk-training,20f70b133d7422a820c99610f48c8081,35,20004,9,8,5,success,,,hilbert-river revision 1 seed 20004 [complete]:
service-bulk-training,2c9d1a4ed50524bf3134d7591679a651,35,20004,7,8,6,success,,,hilbert-river revision 1 seed 20004 [complete]:
service-bulk-training,da0acca77ac5491069b4fd7fe2be7479,35,20004,8,8,6,success,,,hilbert-river revision 1 seed 20004 [complete]:
service-bulk-training,3831d1b675e6a7d4f68046edb65f5243,35,20004,9,8,6,success,,,hilbert-river revision 1 seed 20004 [complete]:
service-bulk-training,6d5570ed477daf7669ce8ec241128940,35,20004,7,8,7,invalid_request,,,hilbert-river revision 1 seed 20004 [validation]: Cannot fit 7 separated 56×56 home/farm modules on this terrain; enlarge the map or reduce colonies/folds/lake size.
service-bulk-training,04d509b09ea0417d8c2ab272a1f8471e,35,20004,8,8,7,success,,,hilbert-river revision 1 seed 20004 [complete]:
service-bulk-training,0befadf2cf80d25ec2e389d34e988bce,35,20004,9,8,7,success,,,hilbert-river revision 1 seed 20004 [complete]:
service-bulk-training,a060af7ac2346ffed1626e1b3b0a327f,35,20004,7,8,8,invalid_request,,,hilbert-river revision 1 seed 20004 [validation]: Cannot fit 8 separated 56×56 home/farm modules on this terrain; enlarge the map or reduce colonies/folds/lake size.
service-bulk-training,fc6e6fe31bfcb8242f074a0d1b6bd83d,35,20004,8,8,8,success,,,hilbert-river revision 1 seed 20004 [complete]:
service-bulk-training,60bbf2991f9cc9f8b643f7a6c1d7f5f6,35,20004,9,8,8,success,,,hilbert-river revision 1 seed 20004 [complete]:
service-bulk-training,a16a09c05a3630c743989072d1a21bfd,35,20004,7,9,2,success,,,hilbert-river revision 1 seed 20004 [complete]:
service-bulk-training,36abc00757732fb318fce1988c28a104,35,20004,8,9,2,success,,,hilbert-river revision 1 seed 20004 [complete]:
service-bulk-training,6222c414b4532f8d68b443e7d6975506,35,20004,9,9,2,success,,,hilbert-river revision 1 seed 20004 [complete]:
service-bulk-training,fd9b4d00f3aea687762e8e50cccce337,35,20004,7,9,3,success,,,hilbert-river revision 1 seed 20004 [complete]:
service-bulk-training,ed5ded9ff17f3a4177bb5e3fded3f2b4,35,20004,8,9,3,success,,,hilbert-river revision 1 seed 20004 [complete]:
service-bulk-training,772fd1503ebed5ee476c72697612a539,35,20004,9,9,3,success,,,hilbert-river revision 1 seed 20004 [complete]:
service-bulk-training,8324ba94879263c54856fef695ca24f2,35,20004,7,9,4,success,,,hilbert-river revision 1 seed 20004 [complete]:
service-bulk-training,3738b0b43c6c8b9fae34f5d6b6068688,35,20004,8,9,4,success,,,hilbert-river revision 1 seed 20004 [complete]:
service-bulk-training,b84d33c512c28bdf967a0c7cc7dd9f15,35,20004,9,9,4,success,,,hilbert-river revision 1 seed 20004 [complete]:
service-bulk-training,f9b90fa940b52d410dcf9ee364cf31a1,35,20004,7,9,5,success,,,hilbert-river revision 1 seed 20004 [complete]:
service-bulk-training,b5aee0f0990378d5bc50263f49f5aac5,35,20004,8,9,5,success,,,hilbert-river revision 1 seed 20004 [complete]:
service-bulk-training,712cd6d8dd686ef20236f94ccfe6e43c,35,20004,9,9,5,success,,,hilbert-river revision 1 seed 20004 [complete]:
service-bulk-training,8253d2eefc0557f532d3483fb1d2199e,35,20004,7,9,6,success,,,hilbert-river revision 1 seed 20004 [complete]:
service-bulk-training,a6c7ce2ef86e9e8f9253146c044f8eeb,35,20004,8,9,6,success,,,hilbert-river revision 1 seed 20004 [complete]:
service-bulk-training,208cadb3d4aeb48aeb52ae7f7850fd0d,35,20004,9,9,6,success,,,hilbert-river revision 1 seed 20004 [complete]:
service-bulk-training,f7d4600295f2d94aa0e54e31aec62ca9,35,20004,7,9,7,success,,,hilbert-river revision 1 seed 20004 [complete]:
service-bulk-training,e3dcc8d486cebc73ed5386254d71b9a8,35,20004,8,9,7,success,,,hilbert-river revision 1 seed 20004 [complete]:
service-bulk-training,5becace14cfafebfa506211e15d8dacf,35,20004,9,9,7,success,,,hilbert-river revision 1 seed 20004 [complete]:
service-bulk-training,b8d42807709f027a8ff65cf1e0565411,35,20004,7,9,8,success,,,hilbert-river revision 1 seed 20004 [complete]:
service-bulk-training,8cbc7d41cd6d280c5e0203f2d7bc1040,35,20004,8,9,8,success,,,hilbert-river revision 1 seed 20004 [complete]:
service-bulk-training,7c79059f95ac4237a878d979a215e6c3,35,20004,9,9,8,success,,,hilbert-river revision 1 seed 20004 [complete]:
service-bulk-training,25ef0299f7b3293d9392f647fe0f0ac1,35,20005,8,8,4,success,,,hilbert-river revision 1 seed 20005 [complete]:
service-bulk-training,84baa109c0e70291487fc9546f6b9e49,35,20005,7,7,2,invalid_request,,,hilbert-river revision 1 seed 20005 [validation]: No crossing court fits outside the reserved homes.
service-bulk-training,fbcf11c3a86b19438b47222c5c73041f,35,20005,8,7,2,success,,,hilbert-river revision 1 seed 20005 [complete]:
service-bulk-training,747a1c10316d7979f8bed821930da1d6,35,20005,9,7,2,success,,,hilbert-river revision 1 seed 20005 [complete]:
service-bulk-training,6ebce66be06b30165e092bc148665725,35,20005,7,7,3,invalid_request,,,hilbert-river revision 1 seed 20005 [validation]: No crossing court fits outside the reserved homes.
service-bulk-training,e0e7a3ec29cd33f0fd0664c4486f383b,35,20005,8,7,3,success,,,hilbert-river revision 1 seed 20005 [complete]:
service-bulk-training,5554f4cc1af428a358c83febd215476e,35,20005,9,7,3,success,,,hilbert-river revision 1 seed 20005 [complete]:
service-bulk-training,9fce78190ae4946066b7a666e323903f,35,20005,7,7,4,invalid_request,,,hilbert-river revision 1 seed 20005 [validation]: No crossing court fits outside the reserved homes.
service-bulk-training,694e20b9b2e113357dce8dc5f0589762,35,20005,8,7,4,success,,,hilbert-river revision 1 seed 20005 [complete]:
service-bulk-training,f486405b6f46738cacf1cf5d5cf1a36e,35,20005,9,7,4,success,,,hilbert-river revision 1 seed 20005 [complete]:
service-bulk-training,9ace3c3198a7a2f0eb3937f7e47bc4da,35,20005,7,7,5,invalid_request,,,hilbert-river revision 1 seed 20005 [validation]: Cannot fit 5 separated 56×56 home/farm modules on this terrain; enlarge the map or reduce colonies/folds/lake size.
service-bulk-training,6db1ba9e890dc85c38eefa5ab7e37090,35,20005,8,7,5,success,,,hilbert-river revision 1 seed 20005 [complete]:
service-bulk-training,736f08f63e680ced3fe491351910cc54,35,20005,9,7,5,success,,,hilbert-river revision 1 seed 20005 [complete]:
service-bulk-training,bf24ab1017126766f89d5ca2eb8e1225,35,20005,7,7,6,invalid_request,,,hilbert-river revision 1 seed 20005 [validation]: Cannot fit 6 separated 56×56 home/farm modules on this terrain; enlarge the map or reduce colonies/folds/lake size.
service-bulk-training,21a3ea44485931ea3ac2a640fd08307b,35,20005,8,7,6,success,,,hilbert-river revision 1 seed 20005 [complete]:
service-bulk-training,39fd16ba15c070b53f7c45cda5343029,35,20005,9,7,6,success,,,hilbert-river revision 1 seed 20005 [complete]:
service-bulk-training,3940e7423afd3a87007cbcb25d809af4,35,20005,7,7,7,invalid_request,,,hilbert-river revision 1 seed 20005 [validation]: Cannot fit 7 separated 56×56 home/farm modules on this terrain; enlarge the map or reduce colonies/folds/lake size.
service-bulk-training,b938494b34855da5c70cfcd44f9be32f,35,20005,8,7,7,invalid_request,,,hilbert-river revision 1 seed 20005 [validation]: Cannot fit 7 separated 56×56 home/farm modules on this terrain; enlarge the map or reduce colonies/folds/lake size.
service-bulk-training,3c4ce804575e2254d92d660d2b9af0fa,35,20005,9,7,7,success,,,hilbert-river revision 1 seed 20005 [complete]:
service-bulk-training,15a170cc8271611fcf3cb07215f55110,35,20005,7,7,8,invalid_request,,,hilbert-river revision 1 seed 20005 [validation]: Cannot fit 8 separated 56×56 home/farm modules on this terrain; enlarge the map or reduce colonies/folds/lake size.
service-bulk-training,5d24f2b5b52956fbb1b7e91759b4bc4d,35,20005,8,7,8,invalid_request,,,hilbert-river revision 1 seed 20005 [validation]: Cannot fit 8 separated 56×56 home/farm modules on this terrain; enlarge the map or reduce colonies/folds/lake size.
service-bulk-training,a7108052a516699971ace4c6d97f30d8,35,20005,9,7,8,success,,,hilbert-river revision 1 seed 20005 [complete]:
service-bulk-training,928ff5880a129db2257c8117af66a1e8,35,20005,7,8,2,success,,,hilbert-river revision 1 seed 20005 [complete]:
service-bulk-training,69aefcb9fe112059d95163c5d6bbab0c,35,20005,8,8,2,success,,,hilbert-river revision 1 seed 20005 [complete]:
service-bulk-training,51193dac03efb0f7901906a395c8626f,35,20005,9,8,2,success,,,hilbert-river revision 1 seed 20005 [complete]:
service-bulk-training,762fbe7a506897910225e509e2eae88f,35,20005,7,8,3,success,,,hilbert-river revision 1 seed 20005 [complete]:
service-bulk-training,aa59780563aaf8d2110b3821c101c255,35,20005,8,8,3,success,,,hilbert-river revision 1 seed 20005 [complete]:
service-bulk-training,9c340f524f657913258a38c651818728,35,20005,9,8,3,success,,,hilbert-river revision 1 seed 20005 [complete]:
service-bulk-training,06c79e299e99839c466531d4dddae30d,35,20005,7,8,4,success,,,hilbert-river revision 1 seed 20005 [complete]:
service-bulk-training,57dd2a591b50b116168d32db5a58e7ef,35,20005,8,8,4,success,,,hilbert-river revision 1 seed 20005 [complete]:
service-bulk-training,0fdfe0cdd52fd443a6c19e1ba0af5b85,35,20005,9,8,4,success,,,hilbert-river revision 1 seed 20005 [complete]:
service-bulk-training,4f898c8a2fad5f99d94a1413fad9d050,35,20005,7,8,5,success,,,hilbert-river revision 1 seed 20005 [complete]:
service-bulk-training,0265bdceeda99578bcff95ed5f9b25b1,35,20005,8,8,5,success,,,hilbert-river revision 1 seed 20005 [complete]:
service-bulk-training,0a5d435fb88c28575c2791d2e8ac9931,35,20005,9,8,5,success,,,hilbert-river revision 1 seed 20005 [complete]:
service-bulk-training,44a8bd37a07b626f0b572e77f554cdae,35,20005,7,8,6,success,,,hilbert-river revision 1 seed 20005 [complete]:
service-bulk-training,54ed2596bce7c29c7a00049d02ab1607,35,20005,8,8,6,success,,,hilbert-river revision 1 seed 20005 [complete]:
service-bulk-training,68ca0e056f1e729438918ff07a99dff2,35,20005,9,8,6,success,,,hilbert-river revision 1 seed 20005 [complete]:
service-bulk-training,ad760756a9166695664f18d4bed3e4d8,35,20005,7,8,7,invalid_request,,,hilbert-river revision 1 seed 20005 [validation]: No crossing court fits outside the reserved homes.
service-bulk-training,e8698e6817e369a2eda7f4778f95bc70,35,20005,8,8,7,success,,,hilbert-river revision 1 seed 20005 [complete]:
service-bulk-training,014793fa6e8a5dc33a89878a308614f7,35,20005,9,8,7,success,,,hilbert-river revision 1 seed 20005 [complete]:
service-bulk-training,dc416e45de9cf15038c785cac26eaf17,35,20005,7,8,8,invalid_request,,,hilbert-river revision 1 seed 20005 [validation]: Cannot fit 8 separated 56×56 home/farm modules on this terrain; enlarge the map or reduce colonies/folds/lake size.
service-bulk-training,459c67e262d9a6bab42a5da55eeb91fd,35,20005,8,8,8,success,,,hilbert-river revision 1 seed 20005 [complete]:
service-bulk-training,ac7054aff8523d0b6fc86b5ebd672dbe,35,20005,9,8,8,success,,,hilbert-river revision 1 seed 20005 [complete]:
service-bulk-training,6978b9d4aae6796399f67e975318f79c,35,20005,7,9,2,success,,,hilbert-river revision 1 seed 20005 [complete]:
service-bulk-training,1f17db2b134babf1903198d7039f4d64,35,20005,8,9,2,success,,,hilbert-river revision 1 seed 20005 [complete]:
service-bulk-training,0bc5cfcd61790ceacaa1fb172eb3f6ef,35,20005,9,9,2,success,,,hilbert-river revision 1 seed 20005 [complete]:
service-bulk-training,f8bbc4311978f9d7989af06692da4d36,35,20005,7,9,3,success,,,hilbert-river revision 1 seed 20005 [complete]:
service-bulk-training,bedee4ee2be2610bf646f6f186684ccb,35,20005,8,9,3,success,,,hilbert-river revision 1 seed 20005 [complete]:
service-bulk-training,3d4ec2785f6067c9da36062ab6346031,35,20005,9,9,3,success,,,hilbert-river revision 1 seed 20005 [complete]:
service-bulk-training,2550d2a1f29c1236c16c765b496bf7cd,35,20005,7,9,4,success,,,hilbert-river revision 1 seed 20005 [complete]:
service-bulk-training,92b206036e743fb3dfdc9a8f4590f8ae,35,20005,8,9,4,success,,,hilbert-river revision 1 seed 20005 [complete]:
service-bulk-training,695b6cb32184f27f07ea7826955c708c,35,20005,9,9,4,success,,,hilbert-river revision 1 seed 20005 [complete]:
service-bulk-training,9eaf09aaf4660fef5eba1c94218a1e71,35,20005,7,9,5,success,,,hilbert-river revision 1 seed 20005 [complete]:
service-bulk-training,5d046fea07e93d553a9aa3488ca8b486,35,20005,8,9,5,success,,,hilbert-river revision 1 seed 20005 [complete]:
service-bulk-training,6948dfa5a2bb798752eab58dbdd2b739,35,20005,9,9,5,success,,,hilbert-river revision 1 seed 20005 [complete]:
service-bulk-training,2e0a188b3685b2051feea32dfdbc0543,35,20005,7,9,6,success,,,hilbert-river revision 1 seed 20005 [complete]:
service-bulk-training,0e587bff2e7f8fdff4dc13c0c771af04,35,20005,8,9,6,success,,,hilbert-river revision 1 seed 20005 [complete]:
service-bulk-training,8951d812deb4319bc952d4b1a3768f3e,35,20005,9,9,6,success,,,hilbert-river revision 1 seed 20005 [complete]:
service-bulk-training,515d855cde14f467d6179b505b7bdfdb,35,20005,7,9,7,success,,,hilbert-river revision 1 seed 20005 [complete]:
service-bulk-training,e2bd53a308ef7badb4d5a2e2aad700c9,35,20005,8,9,7,success,,,hilbert-river revision 1 seed 20005 [complete]:
service-bulk-training,cf87f81c9443fc469d9b1ba708ad80a0,35,20005,9,9,7,success,,,hilbert-river revision 1 seed 20005 [complete]:
service-bulk-training,644052cd02f4e1e2d5e11211cf229872,35,20005,7,9,8,success,,,hilbert-river revision 1 seed 20005 [complete]:
service-bulk-training,6c4209f67bab8fd1fc9a2e59811d45a8,35,20005,8,9,8,success,,,hilbert-river revision 1 seed 20005 [complete]:
service-bulk-training,d24af89edc2dc4b181f4a840c3506571,35,20005,9,9,8,success,,,hilbert-river revision 1 seed 20005 [complete]:
service-bulk-training,f32f2832f78db443991cc423bb7d8767,35,20006,8,8,4,success,,,hilbert-river revision 1 seed 20006 [complete]:
service-bulk-training,ae1ff1295177defac05a7366e955bbe3,35,20006,7,7,2,invalid_request,,,hilbert-river revision 1 seed 20006 [validation]: No crossing court fits outside the reserved homes.
service-bulk-training,a3f3df8f5c0fc1aa008d7bbefb734ab6,35,20006,8,7,2,success,,,hilbert-river revision 1 seed 20006 [complete]:
service-bulk-training,d5f47353ba2e280dfc8b79a688d165b3,35,20006,9,7,2,success,,,hilbert-river revision 1 seed 20006 [complete]:
service-bulk-training,25447cb162bb0daa3781b3f8e906dac5,35,20006,7,7,3,invalid_request,,,hilbert-river revision 1 seed 20006 [validation]: No crossing court fits outside the reserved homes.
service-bulk-training,d6d5206a59c9e706c412c793f400977e,35,20006,8,7,3,success,,,hilbert-river revision 1 seed 20006 [complete]:
service-bulk-training,2a249c498843a1aa3d187171db643cca,35,20006,9,7,3,success,,,hilbert-river revision 1 seed 20006 [complete]:
service-bulk-training,aaa815c0e0c1f7b91274ffdaef977829,35,20006,7,7,4,invalid_request,,,hilbert-river revision 1 seed 20006 [validation]: No crossing court fits outside the reserved homes.
service-bulk-training,b547ad4bbcb72a6810ea9175114d3b13,35,20006,8,7,4,invalid_request,,,hilbert-river revision 1 seed 20006 [validation]: No crossing court fits outside the reserved homes.
service-bulk-training,f433a7d4788bcd10976ba6381b49bec7,35,20006,9,7,4,success,,,hilbert-river revision 1 seed 20006 [complete]:
service-bulk-training,902404de8e03f9c22b8c0e90a6e91bd0,35,20006,7,7,5,invalid_request,,,hilbert-river revision 1 seed 20006 [validation]: Cannot fit 5 separated 56×56 home/farm modules on this terrain; enlarge the map or reduce colonies/folds/lake size.
service-bulk-training,cf095d02e5c6ff864143e62017aea554,35,20006,8,7,5,invalid_request,,,hilbert-river revision 1 seed 20006 [validation]: No crossing court fits outside the reserved homes.
service-bulk-training,022ae06a064d666bd836456a99317877,35,20006,9,7,5,success,,,hilbert-river revision 1 seed 20006 [complete]:
service-bulk-training,903a4bccda9174b8eba20db23984f0e0,35,20006,7,7,6,invalid_request,,,hilbert-river revision 1 seed 20006 [validation]: Cannot fit 6 separated 56×56 home/farm modules on this terrain; enlarge the map or reduce colonies/folds/lake size.
service-bulk-training,df3c79c7a0b72d5f518023f926881a03,35,20006,8,7,6,invalid_request,,,hilbert-river revision 1 seed 20006 [validation]: No crossing court fits outside the reserved homes.
service-bulk-training,2208de2dae0c6214aa91fd80682b7234,35,20006,9,7,6,success,,,hilbert-river revision 1 seed 20006 [complete]:
service-bulk-training,a5d18a14f933cad2b35b2e0c1c9250df,35,20006,7,7,7,invalid_request,,,hilbert-river revision 1 seed 20006 [validation]: Cannot fit 7 separated 56×56 home/farm modules on this terrain; enlarge the map or reduce colonies/folds/lake size.
service-bulk-training,46f93be89fce5e433419c58a247a5da0,35,20006,8,7,7,invalid_request,,,hilbert-river revision 1 seed 20006 [validation]: No crossing court fits outside the reserved homes.
service-bulk-training,57cb5108e4e519bb1c7e7f6bdfaa4167,35,20006,9,7,7,success,,,hilbert-river revision 1 seed 20006 [complete]:
service-bulk-training,932a279966484350813525d61c530c75,35,20006,7,7,8,invalid_request,,,hilbert-river revision 1 seed 20006 [validation]: Cannot fit 8 separated 56×56 home/farm modules on this terrain; enlarge the map or reduce colonies/folds/lake size.
service-bulk-training,f35d148c9758c723853f7a26803bb2c9,35,20006,8,7,8,invalid_request,,,hilbert-river revision 1 seed 20006 [validation]: Cannot fit 8 separated 56×56 home/farm modules on this terrain; enlarge the map or reduce colonies/folds/lake size.
service-bulk-training,4ee0f6e3ebb7852534750b3bce085823,35,20006,9,7,8,success,,,hilbert-river revision 1 seed 20006 [complete]:
service-bulk-training,0a60c3b317e5b03f49dd15fd2d4cca73,35,20006,7,8,2,success,,,hilbert-river revision 1 seed 20006 [complete]:
service-bulk-training,b58f4c6ff3cec38a78459d988f0571a4,35,20006,8,8,2,success,,,hilbert-river revision 1 seed 20006 [complete]:
service-bulk-training,7179e3306dc90305aebad8846b087a57,35,20006,9,8,2,success,,,hilbert-river revision 1 seed 20006 [complete]:
service-bulk-training,7eada0ef92ea79f6831377ced0483aa4,35,20006,7,8,3,success,,,hilbert-river revision 1 seed 20006 [complete]:
service-bulk-training,4eb1319b3b5af4eba8c80795b3ee404b,35,20006,8,8,3,success,,,hilbert-river revision 1 seed 20006 [complete]:
service-bulk-training,7007e3b1e507d106acc3e29f297fc901,35,20006,9,8,3,success,,,hilbert-river revision 1 seed 20006 [complete]:
service-bulk-training,c21cd41cf951d4f1fdc7457d195df0f5,35,20006,7,8,4,success,,,hilbert-river revision 1 seed 20006 [complete]:
service-bulk-training,4db9769691c2c74b9f73cc695a032d24,35,20006,8,8,4,success,,,hilbert-river revision 1 seed 20006 [complete]:
service-bulk-training,253c6d6b9aa7ccba9e8ecad0c09cf780,35,20006,9,8,4,success,,,hilbert-river revision 1 seed 20006 [complete]:
service-bulk-training,8ffea5388500b7766ecde70507085160,35,20006,7,8,5,success,,,hilbert-river revision 1 seed 20006 [complete]:
service-bulk-training,3ae02ca8ce1414834905177015012efa,35,20006,8,8,5,success,,,hilbert-river revision 1 seed 20006 [complete]:
service-bulk-training,8b66ce1ce09752f692e826250c6ddbaa,35,20006,9,8,5,success,,,hilbert-river revision 1 seed 20006 [complete]:
service-bulk-training,98eaf81185452a07ace3d53b059a6719,35,20006,7,8,6,success,,,hilbert-river revision 1 seed 20006 [complete]:
service-bulk-training,f410e6c50d1c0b090aa588491263e917,35,20006,8,8,6,success,,,hilbert-river revision 1 seed 20006 [complete]:
service-bulk-training,89ea103cbc7875c8513fb58894f60b3d,35,20006,9,8,6,success,,,hilbert-river revision 1 seed 20006 [complete]:
service-bulk-training,266a0381f376663acd14e9f42cd27073,35,20006,7,8,7,invalid_request,,,hilbert-river revision 1 seed 20006 [validation]: No crossing court fits outside the reserved homes.
service-bulk-training,4a068694e00119ae55b3a2adfb467c9c,35,20006,8,8,7,success,,,hilbert-river revision 1 seed 20006 [complete]:
service-bulk-training,2d5f1a263b9e2cf9cd5f242c24b9d7e9,35,20006,9,8,7,success,,,hilbert-river revision 1 seed 20006 [complete]:
service-bulk-training,507be406850891ed8f0eb2b1622ebebd,35,20006,7,8,8,invalid_request,,,hilbert-river revision 1 seed 20006 [validation]: Cannot fit 8 separated 56×56 home/farm modules on this terrain; enlarge the map or reduce colonies/folds/lake size.
service-bulk-training,0d12273880d19562b667af32831f45e7,35,20006,8,8,8,success,,,hilbert-river revision 1 seed 20006 [complete]:
service-bulk-training,639ae18f94df9b16968277d9aedb19c9,35,20006,9,8,8,success,,,hilbert-river revision 1 seed 20006 [complete]:
service-bulk-training,7acb32c90c96665e95dd9ea66366dd94,35,20006,7,9,2,success,,,hilbert-river revision 1 seed 20006 [complete]:
service-bulk-training,eecc9e7e767f6123529665e1875a0643,35,20006,8,9,2,success,,,hilbert-river revision 1 seed 20006 [complete]:
service-bulk-training,81b2551358cec7243c1d26eef5466375,35,20006,9,9,2,success,,,hilbert-river revision 1 seed 20006 [complete]:
service-bulk-training,aa779a3174b7be6769863b70f51894d6,35,20006,7,9,3,success,,,hilbert-river revision 1 seed 20006 [complete]:
service-bulk-training,4e6c25b6e626c0385689b63054020a13,35,20006,8,9,3,success,,,hilbert-river revision 1 seed 20006 [complete]:
service-bulk-training,213fd6a081de523890684f163c4d8296,35,20006,9,9,3,success,,,hilbert-river revision 1 seed 20006 [complete]:
service-bulk-training,3878721c239b9534c2bf5d8c7d3bef3f,35,20006,7,9,4,success,,,hilbert-river revision 1 seed 20006 [complete]:
service-bulk-training,bdbc4ea1f1e2fa3d48186a37352f4a2e,35,20006,8,9,4,success,,,hilbert-river revision 1 seed 20006 [complete]:
service-bulk-training,d849e0bca18941e9c74a5c8949424c61,35,20006,9,9,4,success,,,hilbert-river revision 1 seed 20006 [complete]:
service-bulk-training,7d46d055c18fb593531171dc90ad72db,35,20006,7,9,5,success,,,hilbert-river revision 1 seed 20006 [complete]:
service-bulk-training,54718e8c9bbd4ae3e94cc468223d72ba,35,20006,8,9,5,success,,,hilbert-river revision 1 seed 20006 [complete]:
service-bulk-training,751cce2f122d20ea00b85d75d683c7ee,35,20006,9,9,5,success,,,hilbert-river revision 1 seed 20006 [complete]:
service-bulk-training,9e3e6c8f0b9ee888bd30e2e7359950ca,35,20006,7,9,6,success,,,hilbert-river revision 1 seed 20006 [complete]:
service-bulk-training,b1bdbe865bd7db539b9e28aeed15f460,35,20006,8,9,6,success,,,hilbert-river revision 1 seed 20006 [complete]:
service-bulk-training,3b4db3d4024b5f07d858b04983b0f9dd,35,20006,9,9,6,success,,,hilbert-river revision 1 seed 20006 [complete]:
service-bulk-training,81089c619fdc7f7f2a715bd4cd9ba42d,35,20006,7,9,7,success,,,hilbert-river revision 1 seed 20006 [complete]:
service-bulk-training,2e4523a0223ba9194b7f5cae158fe278,35,20006,8,9,7,success,,,hilbert-river revision 1 seed 20006 [complete]:
service-bulk-training,84c29c9b393d6b0a003e99239933d810,35,20006,9,9,7,success,,,hilbert-river revision 1 seed 20006 [complete]:
service-bulk-training,13257e15d3ca4f08eb2de1e4b9ae6834,35,20006,7,9,8,success,,,hilbert-river revision 1 seed 20006 [complete]:
service-bulk-training,94d72e8796e322e910dd4b022f467ac2,35,20006,8,9,8,success,,,hilbert-river revision 1 seed 20006 [complete]:
service-bulk-training,c5e8c5cadb386499c58543bf80227c12,35,20006,9,9,8,success,,,hilbert-river revision 1 seed 20006 [complete]:
service-bulk-training,12c1a07e3392c0aaa4a9bc45299b44be,35,20007,8,8,4,success,,,hilbert-river revision 1 seed 20007 [complete]:
service-bulk-training,fc61e4f530f81131887ae2d346a00091,35,20007,7,7,2,invalid_request,,,hilbert-river revision 1 seed 20007 [validation]: No crossing court fits outside the reserved homes.
service-bulk-training,0272c0a61de66065f324b1e86f6248e0,35,20007,8,7,2,success,,,hilbert-river revision 1 seed 20007 [complete]:
service-bulk-training,b5639e14369d2ef856750d9c747beeb6,35,20007,9,7,2,success,,,hilbert-river revision 1 seed 20007 [complete]:
service-bulk-training,76ae3258ca2870b0dc8b2331f99c06a6,35,20007,7,7,3,invalid_request,,,hilbert-river revision 1 seed 20007 [validation]: No crossing court fits outside the reserved homes.
service-bulk-training,2fb2b5c35e4cfbbcf06a0bd5ba195fd7,35,20007,8,7,3,invalid_request,,,hilbert-river revision 1 seed 20007 [validation]: No crossing court fits outside the reserved homes.
service-bulk-training,e97a7eb09a8a98e1fc67c8a12fda1405,35,20007,9,7,3,success,,,hilbert-river revision 1 seed 20007 [complete]:
service-bulk-training,5cd34808704decb54630150edd4f34a4,35,20007,7,7,4,invalid_request,,,hilbert-river revision 1 seed 20007 [validation]: No crossing court fits outside the reserved homes.
service-bulk-training,b577636ef90c31d98c34c7106e11893b,35,20007,8,7,4,invalid_request,,,hilbert-river revision 1 seed 20007 [validation]: No crossing court fits outside the reserved homes.
service-bulk-training,26fc1e06c12058b1710fc03eadef2056,35,20007,9,7,4,success,,,hilbert-river revision 1 seed 20007 [complete]:
service-bulk-training,52259983317a23e2baf6212746a49b27,35,20007,7,7,5,invalid_request,,,hilbert-river revision 1 seed 20007 [validation]: Cannot fit 5 separated 56×56 home/farm modules on this terrain; enlarge the map or reduce colonies/folds/lake size.
service-bulk-training,bb87cb423a62ab937d23f2b3f35d4b44,35,20007,8,7,5,invalid_request,,,hilbert-river revision 1 seed 20007 [validation]: No crossing court fits outside the reserved homes.
service-bulk-training,6dbf0e232bfee3e2664fd7bed6745e98,35,20007,9,7,5,success,,,hilbert-river revision 1 seed 20007 [complete]:
service-bulk-training,3e5f576808e1714c1f608f5a66539278,35,20007,7,7,6,invalid_request,,,hilbert-river revision 1 seed 20007 [validation]: Cannot fit 6 separated 56×56 home/farm modules on this terrain; enlarge the map or reduce colonies/folds/lake size.
service-bulk-training,efa9740c3f22060efea3c72f982027f0,35,20007,8,7,6,invalid_request,,,hilbert-river revision 1 seed 20007 [validation]: No crossing court fits outside the reserved homes.
service-bulk-training,8d93846edcdf6db68621623ef1955742,35,20007,9,7,6,success,,,hilbert-river revision 1 seed 20007 [complete]:
service-bulk-training,d07c7fd53eddb43bcf81508dc0a3f49b,35,20007,7,7,7,invalid_request,,,hilbert-river revision 1 seed 20007 [validation]: Cannot fit 7 separated 56×56 home/farm modules on this terrain; enlarge the map or reduce colonies/folds/lake size.
service-bulk-training,9908189e41817b0d1795d0086521add3,35,20007,8,7,7,invalid_request,,,hilbert-river revision 1 seed 20007 [validation]: No crossing court fits outside the reserved homes.
service-bulk-training,3c2827c1cc29e4b29974a50268a87c9d,35,20007,9,7,7,invalid_request,,,hilbert-river revision 1 seed 20007 [validation]: No crossing court fits outside the reserved homes.
service-bulk-training,3f909ef9b2b2ad5d587122f1877f083a,35,20007,7,7,8,invalid_request,,,hilbert-river revision 1 seed 20007 [validation]: Cannot fit 8 separated 56×56 home/farm modules on this terrain; enlarge the map or reduce colonies/folds/lake size.
service-bulk-training,ee0aebae96882d9c6d763bebe2864d1f,35,20007,8,7,8,invalid_request,,,hilbert-river revision 1 seed 20007 [validation]: Cannot fit 8 separated 56×56 home/farm modules on this terrain; enlarge the map or reduce colonies/folds/lake size.
service-bulk-training,50eef79368a75bd41f0e14dbb6a2db09,35,20007,9,7,8,invalid_request,,,hilbert-river revision 1 seed 20007 [validation]: No crossing court fits outside the reserved homes.
service-bulk-training,5a1f8c7f0bb096cfb94d2bd3236c4390,35,20007,7,8,2,success,,,hilbert-river revision 1 seed 20007 [complete]:
service-bulk-training,558847d7c5cce7561307a139f9274c70,35,20007,8,8,2,success,,,hilbert-river revision 1 seed 20007 [complete]:
service-bulk-training,7e97fb8019c3294a695581058b017839,35,20007,9,8,2,success,,,hilbert-river revision 1 seed 20007 [complete]:
service-bulk-training,a8715ddd2110d80873c68946f0232e76,35,20007,7,8,3,success,,,hilbert-river revision 1 seed 20007 [complete]:
service-bulk-training,7d085fc28466fdcb940b1817755b8f5b,35,20007,8,8,3,success,,,hilbert-river revision 1 seed 20007 [complete]:
service-bulk-training,14872ff3e1d18ec6cf8d0422ba9a39f7,35,20007,9,8,3,success,,,hilbert-river revision 1 seed 20007 [complete]:
service-bulk-training,66e9bfd6ffe51b44a168aeea6cfc3203,35,20007,7,8,4,success,,,hilbert-river revision 1 seed 20007 [complete]:
service-bulk-training,1a72975ebb692360889972396856b06f,35,20007,8,8,4,success,,,hilbert-river revision 1 seed 20007 [complete]:
service-bulk-training,b7ac44d47481eedd606a8544c0dccc4b,35,20007,9,8,4,success,,,hilbert-river revision 1 seed 20007 [complete]:
service-bulk-training,bf17d8ab18a5da3944f2626552944c28,35,20007,7,8,5,success,,,hilbert-river revision 1 seed 20007 [complete]:
service-bulk-training,9a71f733f8daea7b3a62faa75dc4c467,35,20007,8,8,5,success,,,hilbert-river revision 1 seed 20007 [complete]:
service-bulk-training,e4a720c25a3ff420462acf719bca19dc,35,20007,9,8,5,success,,,hilbert-river revision 1 seed 20007 [complete]:
service-bulk-training,7e4cdc7741600c616ff1a93993bfd680,35,20007,7,8,6,success,,,hilbert-river revision 1 seed 20007 [complete]:
service-bulk-training,7724bf58a017db4d9760c4a15655b4b6,35,20007,8,8,6,success,,,hilbert-river revision 1 seed 20007 [complete]:
service-bulk-training,30e43c17393e965bcb303c346b539400,35,20007,9,8,6,success,,,hilbert-river revision 1 seed 20007 [complete]:
service-bulk-training,df38eb9c5d9d7068b0fd4a03c0b30240,35,20007,7,8,7,success,,,hilbert-river revision 1 seed 20007 [complete]:
service-bulk-training,e06d34748019355720132f775b7715e3,35,20007,8,8,7,success,,,hilbert-river revision 1 seed 20007 [complete]:
service-bulk-training,8bd70058579dd675457530f3400b30ab,35,20007,9,8,7,success,,,hilbert-river revision 1 seed 20007 [complete]:
service-bulk-training,4e8c9e509a442323b80809179dd8b539,35,20007,7,8,8,invalid_request,,,hilbert-river revision 1 seed 20007 [validation]: Cannot fit 8 separated 56×56 home/farm modules on this terrain; enlarge the map or reduce colonies/folds/lake size.
service-bulk-training,f941dfefaf57d3884119dd3e732b1e42,35,20007,8,8,8,success,,,hilbert-river revision 1 seed 20007 [complete]:
service-bulk-training,ea14bd4361774cea4b08655998349322,35,20007,9,8,8,success,,,hilbert-river revision 1 seed 20007 [complete]:
service-bulk-training,bf46f42b1de24cd0bcc6168ceaee7ea1,35,20007,7,9,2,success,,,hilbert-river revision 1 seed 20007 [complete]:
service-bulk-training,bdad3c5ea96c25cb8ed3c9df602f5f3e,35,20007,8,9,2,success,,,hilbert-river revision 1 seed 20007 [complete]:
service-bulk-training,a9c9048feeef6c467c3cdbfaa7fe4b3f,35,20007,9,9,2,success,,,hilbert-river revision 1 seed 20007 [complete]:
service-bulk-training,72f83778053cb52dfc7944f8f8e2d668,35,20007,7,9,3,success,,,hilbert-river revision 1 seed 20007 [complete]:
service-bulk-training,0a0fec60a25e65e9729650eb5be5f5ba,35,20007,8,9,3,success,,,hilbert-river revision 1 seed 20007 [complete]:
service-bulk-training,51b2b9bcd341945c6699d76b7ecbe4c7,35,20007,9,9,3,success,,,hilbert-river revision 1 seed 20007 [complete]:
service-bulk-training,54b21d0f7514d8714b1e1afd1b097cbc,35,20007,7,9,4,success,,,hilbert-river revision 1 seed 20007 [complete]:
service-bulk-training,19d0547a37d85d41eafe97e70157b6d2,35,20007,8,9,4,success,,,hilbert-river revision 1 seed 20007 [complete]:
service-bulk-training,ac373d697d2b65dbb823f22ff7abe621,35,20007,9,9,4,success,,,hilbert-river revision 1 seed 20007 [complete]:
service-bulk-training,d8a844763cc7bbe6e22717f7586a190f,35,20007,7,9,5,success,,,hilbert-river revision 1 seed 20007 [complete]:
service-bulk-training,aa4e0a5ad7d9369e59536c7c3f4a5d95,35,20007,8,9,5,success,,,hilbert-river revision 1 seed 20007 [complete]:
service-bulk-training,60aac5c91c36c912437c72aea5db908a,35,20007,9,9,5,success,,,hilbert-river revision 1 seed 20007 [complete]:
service-bulk-training,addf831fe7395397072195d763cade65,35,20007,7,9,6,success,,,hilbert-river revision 1 seed 20007 [complete]:
service-bulk-training,ea490153fb5e3b6a6135ebc40a432721,35,20007,8,9,6,success,,,hilbert-river revision 1 seed 20007 [complete]:
service-bulk-training,43123f4ded7be097c35cba430cfe1fa8,35,20007,9,9,6,success,,,hilbert-river revision 1 seed 20007 [complete]:
service-bulk-training,b84451a5a9eb87e44b5345b13c23e355,35,20007,7,9,7,success,,,hilbert-river revision 1 seed 20007 [complete]:
service-bulk-training,017af365e5ca8327f8afddeae465401b,35,20007,8,9,7,success,,,hilbert-river revision 1 seed 20007 [complete]:
service-bulk-training,7e5bf5592d79965259b2b5a8840b86d1,35,20007,9,9,7,success,,,hilbert-river revision 1 seed 20007 [complete]:
service-bulk-training,d8bb72cd2db940e886d30ec860af73f7,35,20007,7,9,8,success,,,hilbert-river revision 1 seed 20007 [complete]:
service-bulk-training,a6a41aac8e1518c85ad174d9755ce2bc,35,20007,8,9,8,success,,,hilbert-river revision 1 seed 20007 [complete]:
service-bulk-training,c4247cc14e0a8b64d2aba181cd86fcaa,35,20007,9,9,8,success,,,hilbert-river revision 1 seed 20007 [complete]:
service-bulk-training,9c56e557d5160314c528fb820715ca75,35,20008,8,8,4,success,,,hilbert-river revision 1 seed 20008 [complete]:
service-bulk-training,6a1e21b6d2eb444f74d80516c32dba84,35,20008,7,7,2,invalid_request,,,hilbert-river revision 1 seed 20008 [validation]: No crossing court fits outside the reserved homes.
service-bulk-training,6fae652b4f2849ae9f6b8b495af03117,35,20008,8,7,2,success,,,hilbert-river revision 1 seed 20008 [complete]:
service-bulk-training,cc19d1a1387d5dade158dfad95de5c2a,35,20008,9,7,2,success,,,hilbert-river revision 1 seed 20008 [complete]:
service-bulk-training,480cf68a565d6ecd21e8d17aa4f75628,35,20008,7,7,3,invalid_request,,,hilbert-river revision 1 seed 20008 [validation]: No crossing court fits outside the reserved homes.
service-bulk-training,4600d3dc42f16e9a92e4e964be4d1c33,35,20008,8,7,3,success,,,hilbert-river revision 1 seed 20008 [complete]:
service-bulk-training,8ac991af93f5d2fb625ffbf9763d4e08,35,20008,9,7,3,success,,,hilbert-river revision 1 seed 20008 [complete]:
service-bulk-training,faff6557fb2ff6dc3a57c00f7c465ce7,35,20008,7,7,4,invalid_request,,,hilbert-river revision 1 seed 20008 [validation]: No crossing court fits outside the reserved homes.
service-bulk-training,36902241bfb1b794b6d71c585309d8e9,35,20008,8,7,4,invalid_request,,,hilbert-river revision 1 seed 20008 [validation]: No crossing court fits outside the reserved homes.
service-bulk-training,0b3bd76f694ab4f9818b934285aea1e1,35,20008,9,7,4,success,,,hilbert-river revision 1 seed 20008 [complete]:
service-bulk-training,a853e9607c3ee7874574a0386de32c94,35,20008,7,7,5,invalid_request,,,hilbert-river revision 1 seed 20008 [validation]: Cannot fit 5 separated 56×56 home/farm modules on this terrain; enlarge the map or reduce colonies/folds/lake size.
service-bulk-training,4540dea132dedee844a16bfae1f369c3,35,20008,8,7,5,invalid_request,,,hilbert-river revision 1 seed 20008 [validation]: No crossing court fits outside the reserved homes.
service-bulk-training,f8493a846fefec87aaa9f69f157c6b5f,35,20008,9,7,5,success,,,hilbert-river revision 1 seed 20008 [complete]:
service-bulk-training,7e8d0cb4a01f194edfebe731f5ba166e,35,20008,7,7,6,invalid_request,,,hilbert-river revision 1 seed 20008 [validation]: Cannot fit 6 separated 56×56 home/farm modules on this terrain; enlarge the map or reduce colonies/folds/lake size.
service-bulk-training,7a74e04adc968ae0617deeec95ba53ad,35,20008,8,7,6,invalid_request,,,hilbert-river revision 1 seed 20008 [validation]: No crossing court fits outside the reserved homes.
service-bulk-training,2d3261a9ea30bf088311c3483a49749b,35,20008,9,7,6,success,,,hilbert-river revision 1 seed 20008 [complete]:
service-bulk-training,07f1dc2b5ff5120a36f47768a8ce23d0,35,20008,7,7,7,invalid_request,,,hilbert-river revision 1 seed 20008 [validation]: Cannot fit 7 separated 56×56 home/farm modules on this terrain; enlarge the map or reduce colonies/folds/lake size.
service-bulk-training,13ddbc035c37e009dbd964c601f3710d,35,20008,8,7,7,invalid_request,,,hilbert-river revision 1 seed 20008 [validation]: No crossing court fits outside the reserved homes.
service-bulk-training,5afaae76d9e40f4fdee76e270d12dd31,35,20008,9,7,7,success,,,hilbert-river revision 1 seed 20008 [complete]:
service-bulk-training,b69100ab68237efdae5d543a1c25e21a,35,20008,7,7,8,invalid_request,,,hilbert-river revision 1 seed 20008 [validation]: Cannot fit 8 separated 56×56 home/farm modules on this terrain; enlarge the map or reduce colonies/folds/lake size.
service-bulk-training,43a538a47fcb1de526609ce92b63a1b7,35,20008,8,7,8,invalid_request,,,hilbert-river revision 1 seed 20008 [validation]: Cannot fit 8 separated 56×56 home/farm modules on this terrain; enlarge the map or reduce colonies/folds/lake size.
service-bulk-training,c28294228a50ccefc1474372f934e1de,35,20008,9,7,8,success,,,hilbert-river revision 1 seed 20008 [complete]:
service-bulk-training,583e8df2e310715cd4c13d0ce7648019,35,20008,7,8,2,success,,,hilbert-river revision 1 seed 20008 [complete]:
service-bulk-training,6a552f0720b80fc5dffd7fc3b2b2ade5,35,20008,8,8,2,success,,,hilbert-river revision 1 seed 20008 [complete]:
service-bulk-training,527435c6a8ee16b2c62a813567ad7a35,35,20008,9,8,2,success,,,hilbert-river revision 1 seed 20008 [complete]:
service-bulk-training,42aefb037b8d6d0a0f52fb84d9744638,35,20008,7,8,3,success,,,hilbert-river revision 1 seed 20008 [complete]:
service-bulk-training,58e1f37aed1891f10a5f70fd87a364ed,35,20008,8,8,3,success,,,hilbert-river revision 1 seed 20008 [complete]:
service-bulk-training,f89ec8ee035a3364438e0633a080d242,35,20008,9,8,3,success,,,hilbert-river revision 1 seed 20008 [complete]:
service-bulk-training,077c3060fa111e54dd59cafbf24ca91e,35,20008,7,8,4,success,,,hilbert-river revision 1 seed 20008 [complete]:
service-bulk-training,97c76e0d260eff0b8675c1613d049d2c,35,20008,8,8,4,success,,,hilbert-river revision 1 seed 20008 [complete]:
service-bulk-training,c6f0d171e2041784842f5966ee3b0797,35,20008,9,8,4,success,,,hilbert-river revision 1 seed 20008 [complete]:
service-bulk-training,42f0761c2fdc893972ca42205006260b,35,20008,7,8,5,invalid_request,,,hilbert-river revision 1 seed 20008 [validation]: No crossing court fits outside the reserved homes.
service-bulk-training,fed6d647790b602a50a868cb5d72226f,35,20008,8,8,5,success,,,hilbert-river revision 1 seed 20008 [complete]:
service-bulk-training,751b4c8d5d373955110ce398b84bb77b,35,20008,9,8,5,success,,,hilbert-river revision 1 seed 20008 [complete]:
service-bulk-training,2153188a172d3e9d68065524006579c8,35,20008,7,8,6,invalid_request,,,hilbert-river revision 1 seed 20008 [validation]: No crossing court fits outside the reserved homes.
service-bulk-training,5126526a3f7d2fe7c653b143f237f68e,35,20008,8,8,6,success,,,hilbert-river revision 1 seed 20008 [complete]:
service-bulk-training,cccd7c082c68ee3a941978db65c9d39a,35,20008,9,8,6,success,,,hilbert-river revision 1 seed 20008 [complete]:
service-bulk-training,344bb60f5ec1f4897cbce894ee72d090,35,20008,7,8,7,invalid_request,,,hilbert-river revision 1 seed 20008 [validation]: No crossing court fits outside the reserved homes.
service-bulk-training,4719072b32f6ddead6b92299e07d7fd4,35,20008,8,8,7,success,,,hilbert-river revision 1 seed 20008 [complete]:
service-bulk-training,f06945a061e90bd919514613188f14fb,35,20008,9,8,7,success,,,hilbert-river revision 1 seed 20008 [complete]:
service-bulk-training,63a6999f43a49a5833441747dda6b6f0,35,20008,7,8,8,invalid_request,,,hilbert-river revision 1 seed 20008 [validation]: Cannot fit 8 separated 56×56 home/farm modules on this terrain; enlarge the map or reduce colonies/folds/lake size.
service-bulk-training,3e9e7a872c7e90c4284eede71df7c2b3,35,20008,8,8,8,invalid_request,,,hilbert-river revision 1 seed 20008 [validation]: No crossing court fits outside the reserved homes.
service-bulk-training,09fae54484d8b62c6d7c3bda3ccb1a73,35,20008,9,8,8,success,,,hilbert-river revision 1 seed 20008 [complete]:
service-bulk-training,4bf9093f00f9771f4254161c3525bd49,35,20008,7,9,2,success,,,hilbert-river revision 1 seed 20008 [complete]:
service-bulk-training,6f384486695d7b87a6047ec0e59c2fd0,35,20008,8,9,2,success,,,hilbert-river revision 1 seed 20008 [complete]:
service-bulk-training,153d8120f812b9e56a1b0c451f363c48,35,20008,9,9,2,success,,,hilbert-river revision 1 seed 20008 [complete]:
service-bulk-training,e33a06664766ff8fd49088d26453713c,35,20008,7,9,3,success,,,hilbert-river revision 1 seed 20008 [complete]:
service-bulk-training,cb8b9b3bcc738ac352c4e586a9c1b40f,35,20008,8,9,3,success,,,hilbert-river revision 1 seed 20008 [complete]:
service-bulk-training,1a8ec206c9f519f0013ca099e45e61a6,35,20008,9,9,3,success,,,hilbert-river revision 1 seed 20008 [complete]:
service-bulk-training,76d238b66689f34158366ca51dee6ec3,35,20008,7,9,4,success,,,hilbert-river revision 1 seed 20008 [complete]:
service-bulk-training,f094169af0ec8f4864c73044130a712b,35,20008,8,9,4,success,,,hilbert-river revision 1 seed 20008 [complete]:
service-bulk-training,e35ab6a48c340f25673b053f7499e02b,35,20008,9,9,4,success,,,hilbert-river revision 1 seed 20008 [complete]:
service-bulk-training,85ab8368411fc1663d77efd282bce5f5,35,20008,7,9,5,success,,,hilbert-river revision 1 seed 20008 [complete]:
service-bulk-training,9c749f39d5e215c96940c60f603b8129,35,20008,8,9,5,success,,,hilbert-river revision 1 seed 20008 [complete]:
service-bulk-training,b930d42dc692e7740816b1476c39c28b,35,20008,9,9,5,success,,,hilbert-river revision 1 seed 20008 [complete]:
service-bulk-training,454402114859fe467f2da210671111ba,35,20008,7,9,6,success,,,hilbert-river revision 1 seed 20008 [complete]:
service-bulk-training,480046a407436ec105b79d899138440c,35,20008,8,9,6,success,,,hilbert-river revision 1 seed 20008 [complete]:
service-bulk-training,a3e443976d807a901c6d9546f610a912,35,20008,9,9,6,success,,,hilbert-river revision 1 seed 20008 [complete]:
service-bulk-training,1d3b75975184defec811de5604a93bd1,35,20008,7,9,7,success,,,hilbert-river revision 1 seed 20008 [complete]:
service-bulk-training,156abc13b6fcc1c838910322708f3faa,35,20008,8,9,7,success,,,hilbert-river revision 1 seed 20008 [complete]:
service-bulk-training,4f21a0f57cdf55be0bcc3e27135b8a24,35,20008,9,9,7,success,,,hilbert-river revision 1 seed 20008 [complete]:
service-bulk-training,d4a6522984c41d01a238e4f21e2bd186,35,20008,7,9,8,success,,,hilbert-river revision 1 seed 20008 [complete]:
service-bulk-training,3c9b7cec42a4bfe3d331eb0703a6509b,35,20008,8,9,8,success,,,hilbert-river revision 1 seed 20008 [complete]:
service-bulk-training,de60e5afb2be228d83c8ef705641ebfb,35,20008,9,9,8,success,,,hilbert-river revision 1 seed 20008 [complete]:
service-bulk-training,a14c1b3789a83b7bf370a2e7ff242924,35,20009,8,8,4,success,,,hilbert-river revision 1 seed 20009 [complete]:
service-bulk-training,9b0fd1e4a5bc3799decf8ede05ee3cbb,35,20009,7,7,2,invalid_request,,,hilbert-river revision 1 seed 20009 [validation]: No crossing court fits outside the reserved homes.
service-bulk-training,419f0b25044566342641ba320654b783,35,20009,8,7,2,success,,,hilbert-river revision 1 seed 20009 [complete]:
service-bulk-training,5c9e9e6a797cab2a431043a331a9f1f3,35,20009,9,7,2,success,,,hilbert-river revision 1 seed 20009 [complete]:
service-bulk-training,57684e7efb8fa951d31d9b6db7ef17e9,35,20009,7,7,3,invalid_request,,,hilbert-river revision 1 seed 20009 [validation]: No crossing court fits outside the reserved homes.
service-bulk-training,d3f0ab397a13853df1b794edbb147bd5,35,20009,8,7,3,success,,,hilbert-river revision 1 seed 20009 [complete]:
service-bulk-training,6d9b3b4fd6e359756dc8e007f3a20342,35,20009,9,7,3,success,,,hilbert-river revision 1 seed 20009 [complete]:
service-bulk-training,c6b6e05348206fca371c775c8c09f8e4,35,20009,7,7,4,invalid_request,,,hilbert-river revision 1 seed 20009 [validation]: No crossing court fits outside the reserved homes.
service-bulk-training,602f8365ba2dacda64ab5e09642d4355,35,20009,8,7,4,success,,,hilbert-river revision 1 seed 20009 [complete]:
service-bulk-training,d230f011a16f88ab92d37559b8c8dbc7,35,20009,9,7,4,success,,,hilbert-river revision 1 seed 20009 [complete]:
service-bulk-training,fd0f0e4e8787ac79c1a406eab84cc164,35,20009,7,7,5,invalid_request,,,hilbert-river revision 1 seed 20009 [validation]: Cannot fit 5 separated 56×56 home/farm modules on this terrain; enlarge the map or reduce colonies/folds/lake size.
service-bulk-training,d6479774e115dbc8330887b4176dcb71,35,20009,8,7,5,success,,,hilbert-river revision 1 seed 20009 [complete]:
service-bulk-training,c31ef6b6650e39f3cfc7361d25e17766,35,20009,9,7,5,success,,,hilbert-river revision 1 seed 20009 [complete]:
service-bulk-training,125b2ad74ac293d7872269606c4071bd,35,20009,7,7,6,invalid_request,,,hilbert-river revision 1 seed 20009 [validation]: Cannot fit 6 separated 56×56 home/farm modules on this terrain; enlarge the map or reduce colonies/folds/lake size.
service-bulk-training,2063a61a239edcc4302544c4a9f65606,35,20009,8,7,6,success,,,hilbert-river revision 1 seed 20009 [complete]:
service-bulk-training,40ce681da9df5999433940d9ff41863d,35,20009,9,7,6,success,,,hilbert-river revision 1 seed 20009 [complete]:
service-bulk-training,093823d0519db3c982f93c35a50f7437,35,20009,7,7,7,invalid_request,,,hilbert-river revision 1 seed 20009 [validation]: Cannot fit 7 separated 56×56 home/farm modules on this terrain; enlarge the map or reduce colonies/folds/lake size.
service-bulk-training,96afeb2baaadc8800e06fdecb0f78cb6,35,20009,8,7,7,success,,,hilbert-river revision 1 seed 20009 [complete]:
service-bulk-training,208b903e6b6c660b117382d4139074b5,35,20009,9,7,7,success,,,hilbert-river revision 1 seed 20009 [complete]:
service-bulk-training,7015b304de764d208ce86899ef2de161,35,20009,7,7,8,invalid_request,,,hilbert-river revision 1 seed 20009 [validation]: Cannot fit 8 separated 56×56 home/farm modules on this terrain; enlarge the map or reduce colonies/folds/lake size.
service-bulk-training,c89c160a5ac5a399e50b7484e33d9884,35,20009,8,7,8,invalid_request,,,hilbert-river revision 1 seed 20009 [validation]: Cannot fit 8 separated 56×56 home/farm modules on this terrain; enlarge the map or reduce colonies/folds/lake size.
service-bulk-training,b30a9bf049ce65836ed9d4a91938a3b4,35,20009,9,7,8,success,,,hilbert-river revision 1 seed 20009 [complete]:
service-bulk-training,5cd506b4030de2d00a511769c47bfad7,35,20009,7,8,2,success,,,hilbert-river revision 1 seed 20009 [complete]:
service-bulk-training,7dbc52aeae61f5fb65add7e79cf3fda8,35,20009,8,8,2,success,,,hilbert-river revision 1 seed 20009 [complete]:
service-bulk-training,fc3026d21418db821debd7a58f516e8b,35,20009,9,8,2,success,,,hilbert-river revision 1 seed 20009 [complete]:
service-bulk-training,4cc4e20638033728603310da50ba6488,35,20009,7,8,3,success,,,hilbert-river revision 1 seed 20009 [complete]:
service-bulk-training,58e68c7e7eb5b1c76e1fad7c4be5147c,35,20009,8,8,3,success,,,hilbert-river revision 1 seed 20009 [complete]:
service-bulk-training,bd446a822d4ff5191893cfe9c6305448,35,20009,9,8,3,success,,,hilbert-river revision 1 seed 20009 [complete]:
service-bulk-training,ef163c2eb0c05874f1541ed9e388e70e,35,20009,7,8,4,success,,,hilbert-river revision 1 seed 20009 [complete]:
service-bulk-training,9cc1f4181ab95a9bfa914ddeedae0265,35,20009,8,8,4,success,,,hilbert-river revision 1 seed 20009 [complete]:
service-bulk-training,5af53841f7980e7e40be33547472bc1f,35,20009,9,8,4,success,,,hilbert-river revision 1 seed 20009 [complete]:
service-bulk-training,1604b3d9dc384ab346deec4b7fa9590b,35,20009,7,8,5,success,,,hilbert-river revision 1 seed 20009 [complete]:
service-bulk-training,3c24346b09a88201d0f1c810e326a1e6,35,20009,8,8,5,success,,,hilbert-river revision 1 seed 20009 [complete]:
service-bulk-training,46ae9ae46bd6fed1a416494b61ec3457,35,20009,9,8,5,success,,,hilbert-river revision 1 seed 20009 [complete]:
service-bulk-training,56936bed54ff1b0b361dc540cdbe9298,35,20009,7,8,6,success,,,hilbert-river revision 1 seed 20009 [complete]:
service-bulk-training,41625df1c8d17487d1b3df29aea32322,35,20009,8,8,6,success,,,hilbert-river revision 1 seed 20009 [complete]:
service-bulk-training,cf4f37aa398ebd6ec8540bf6ed3d3794,35,20009,9,8,6,success,,,hilbert-river revision 1 seed 20009 [complete]:
service-bulk-training,d813bee2dd609e1f46589a28feedcb00,35,20009,7,8,7,invalid_request,,,hilbert-river revision 1 seed 20009 [validation]: No crossing court fits outside the reserved homes.
service-bulk-training,373f978b5b2527fdd082263b096a5048,35,20009,8,8,7,success,,,hilbert-river revision 1 seed 20009 [complete]:
service-bulk-training,5c2262e5e5a0c956fdb808f2e5137e7d,35,20009,9,8,7,success,,,hilbert-river revision 1 seed 20009 [complete]:
service-bulk-training,d316a56216c6f2ac374289cce1261da4,35,20009,7,8,8,invalid_request,,,hilbert-river revision 1 seed 20009 [validation]: Cannot fit 8 separated 56×56 home/farm modules on this terrain; enlarge the map or reduce colonies/folds/lake size.
service-bulk-training,725b9ec80c14f9d59914fd3e707759e0,35,20009,8,8,8,success,,,hilbert-river revision 1 seed 20009 [complete]:
service-bulk-training,db0b1e4dc4050d534b961e6cd1f7970b,35,20009,9,8,8,success,,,hilbert-river revision 1 seed 20009 [complete]:
service-bulk-training,f6b43213af22ad923259a26196fc7ea0,35,20009,7,9,2,success,,,hilbert-river revision 1 seed 20009 [complete]:
service-bulk-training,37c5abc55aa500951a1f409d60fcb16a,35,20009,8,9,2,success,,,hilbert-river revision 1 seed 20009 [complete]:
service-bulk-training,e1a2d490cd048a2efcccfa06dd9a6beb,35,20009,9,9,2,success,,,hilbert-river revision 1 seed 20009 [complete]:
service-bulk-training,41523536743f683f5465d86215ec36e6,35,20009,7,9,3,success,,,hilbert-river revision 1 seed 20009 [complete]:
service-bulk-training,6abc2154d9e89e64c3ce01ac90c4435d,35,20009,8,9,3,success,,,hilbert-river revision 1 seed 20009 [complete]:
service-bulk-training,f34fe8805b03719a63015b7d40195bfb,35,20009,9,9,3,success,,,hilbert-river revision 1 seed 20009 [complete]:
service-bulk-training,a2dd71d64cbbe4d951b7de3f4d4bb70e,35,20009,7,9,4,success,,,hilbert-river revision 1 seed 20009 [complete]:
service-bulk-training,cd221b6534a548b3a23afad8c3092034,35,20009,8,9,4,success,,,hilbert-river revision 1 seed 20009 [complete]:
service-bulk-training,f072d9ab77dae36d175af4446028462b,35,20009,9,9,4,success,,,hilbert-river revision 1 seed 20009 [complete]:
service-bulk-training,0840d6bd14fb200eee41fa0248c01394,35,20009,7,9,5,success,,,hilbert-river revision 1 seed 20009 [complete]:
service-bulk-training,f41fab81905bf6a3f57100d22ba6929b,35,20009,8,9,5,success,,,hilbert-river revision 1 seed 20009 [complete]:
service-bulk-training,75b49218914b0ea8cc82f907c3b2d341,35,20009,9,9,5,success,,,hilbert-river revision 1 seed 20009 [complete]:
service-bulk-training,d59dfee2a61f5834f29ac59e3d6cf2cf,35,20009,7,9,6,success,,,hilbert-river revision 1 seed 20009 [complete]:
service-bulk-training,b5c2eca5a27fbeebecc6331ecb3bd9e7,35,20009,8,9,6,success,,,hilbert-river revision 1 seed 20009 [complete]:
service-bulk-training,939fda766ee2e1857698c596704ca7b0,35,20009,9,9,6,success,,,hilbert-river revision 1 seed 20009 [complete]:
service-bulk-training,8c1c2f796ad1e0fb3cf023776c4f1941,35,20009,7,9,7,success,,,hilbert-river revision 1 seed 20009 [complete]:
service-bulk-training,c47d5cdf42aa00e6ac1dec236d58a9cc,35,20009,8,9,7,success,,,hilbert-river revision 1 seed 20009 [complete]:
service-bulk-training,de19ae8f606655eaa1a0da77ed8c3afa,35,20009,9,9,7,success,,,hilbert-river revision 1 seed 20009 [complete]:
service-bulk-training,951b2623361f40c539a6e68eddc81d47,35,20009,7,9,8,success,,,hilbert-river revision 1 seed 20009 [complete]:
service-bulk-training,51b7013b4fcba936b07ac58cc5e72677,35,20009,8,9,8,success,,,hilbert-river revision 1 seed 20009 [complete]:
service-bulk-training,7390f76271e39949f2fe4c871747b310,35,20009,9,9,8,success,,,hilbert-river revision 1 seed 20009 [complete]:
service-bulk-training,b09558bc91e55ae274886d33d230c66c,35,20010,8,8,4,success,,,hilbert-river revision 1 seed 20010 [complete]:
service-bulk-training,b5e082afd1edc9355a36ef4d8022bc08,35,20010,7,7,2,success,,,hilbert-river revision 1 seed 20010 [complete]:
service-bulk-training,b2e86796a42537cf3c9d7d1b808c09b2,35,20010,8,7,2,success,,,hilbert-river revision 1 seed 20010 [complete]:
service-bulk-training,ef4a8a2b891810ef66bef010d8315841,35,20010,9,7,2,success,,,hilbert-river revision 1 seed 20010 [complete]:
service-bulk-training,56cd9dd9cb7d532e17935382a11d94dd,35,20010,7,7,3,success,,,hilbert-river revision 1 seed 20010 [complete]:
service-bulk-training,85db91290cd746f7fe1a56950f95d23a,35,20010,8,7,3,success,,,hilbert-river revision 1 seed 20010 [complete]:
service-bulk-training,e96af00c58ce975644354ea43aeecc69,35,20010,9,7,3,success,,,hilbert-river revision 1 seed 20010 [complete]:
service-bulk-training,0d11b9df81ed43716028725fb751cd97,35,20010,7,7,4,invalid_request,,,hilbert-river revision 1 seed 20010 [validation]: No crossing court fits outside the reserved homes.
service-bulk-training,0c88f5b1f62d9232856a1f24bc2c1d3e,35,20010,8,7,4,success,,,hilbert-river revision 1 seed 20010 [complete]:
service-bulk-training,afcf156ea929c11249f0ad38231b2f2d,35,20010,9,7,4,success,,,hilbert-river revision 1 seed 20010 [complete]:
service-bulk-training,8165e192e569d87262dfceb78462d9fe,35,20010,7,7,5,invalid_request,,,hilbert-river revision 1 seed 20010 [validation]: Cannot fit 5 separated 56×56 home/farm modules on this terrain; enlarge the map or reduce colonies/folds/lake size.
service-bulk-training,f7c45fb5db69e928c214f4a41f8eb46a,35,20010,8,7,5,success,,,hilbert-river revision 1 seed 20010 [complete]:
service-bulk-training,fb93a2198bc519e28399ee9288c9b288,35,20010,9,7,5,success,,,hilbert-river revision 1 seed 20010 [complete]:
service-bulk-training,9d87f2bb4f452c03e791461f608407d5,35,20010,7,7,6,invalid_request,,,hilbert-river revision 1 seed 20010 [validation]: Cannot fit 6 separated 56×56 home/farm modules on this terrain; enlarge the map or reduce colonies/folds/lake size.
service-bulk-training,e76205b59c993f68284b74eba06a759d,35,20010,8,7,6,invalid_request,,,hilbert-river revision 1 seed 20010 [validation]: No crossing court fits outside the reserved homes.
service-bulk-training,0efa058c0b072dfdf22d51edf0a722ee,35,20010,9,7,6,success,,,hilbert-river revision 1 seed 20010 [complete]:
service-bulk-training,457ab24ee12e025a5e52942e4a736454,35,20010,7,7,7,invalid_request,,,hilbert-river revision 1 seed 20010 [validation]: Cannot fit 7 separated 56×56 home/farm modules on this terrain; enlarge the map or reduce colonies/folds/lake size.
service-bulk-training,24e7a75e401d7aeca18604182be3b594,35,20010,8,7,7,invalid_request,,,hilbert-river revision 1 seed 20010 [validation]: No crossing court fits outside the reserved homes.
service-bulk-training,23fa37f7ae6fead0f6fbad78dbf9d1b8,35,20010,9,7,7,success,,,hilbert-river revision 1 seed 20010 [complete]:
service-bulk-training,2bfda2a4e02db0c2da201343e528e41a,35,20010,7,7,8,invalid_request,,,hilbert-river revision 1 seed 20010 [validation]: Cannot fit 8 separated 56×56 home/farm modules on this terrain; enlarge the map or reduce colonies/folds/lake size.
service-bulk-training,d94ecca19d59c3137fa58e806ad3db65,35,20010,8,7,8,invalid_request,,,hilbert-river revision 1 seed 20010 [validation]: Cannot fit 8 separated 56×56 home/farm modules on this terrain; enlarge the map or reduce colonies/folds/lake size.
service-bulk-training,a98073acf1c6a303d75eb592f7fe031e,35,20010,9,7,8,success,,,hilbert-river revision 1 seed 20010 [complete]:
service-bulk-training,05277ec11a975dede3c408e6580aa2cb,35,20010,7,8,2,success,,,hilbert-river revision 1 seed 20010 [complete]:
service-bulk-training,587685af2cc1e440c1ec2bc899467c74,35,20010,8,8,2,success,,,hilbert-river revision 1 seed 20010 [complete]:
service-bulk-training,a5878a833f2db3e56e4f678e5a003f6b,35,20010,9,8,2,success,,,hilbert-river revision 1 seed 20010 [complete]:
service-bulk-training,e35da1c873ab90b503e8a686f42d8935,35,20010,7,8,3,success,,,hilbert-river revision 1 seed 20010 [complete]:
service-bulk-training,5f19e798bc67cc17f7b777e2c3822055,35,20010,8,8,3,success,,,hilbert-river revision 1 seed 20010 [complete]:
service-bulk-training,3ea49fbb777a669585c5fcbcaed64408,35,20010,9,8,3,success,,,hilbert-river revision 1 seed 20010 [complete]:
service-bulk-training,8f06a6944154b4bfa7525e2858053342,35,20010,7,8,4,success,,,hilbert-river revision 1 seed 20010 [complete]:
service-bulk-training,11ebf84c7a90fb10fba0c6eac82d1711,35,20010,8,8,4,success,,,hilbert-river revision 1 seed 20010 [complete]:
service-bulk-training,449d7db3a27b23c0461001d6d37e95fc,35,20010,9,8,4,success,,,hilbert-river revision 1 seed 20010 [complete]:
service-bulk-training,58f8aa27de8869a02b2de215e71aa3a9,35,20010,7,8,5,success,,,hilbert-river revision 1 seed 20010 [complete]:
service-bulk-training,006925c17c03fcc82c2aeca0b0684d85,35,20010,8,8,5,success,,,hilbert-river revision 1 seed 20010 [complete]:
service-bulk-training,6ea64582a0283fada27f193a3b5f0e04,35,20010,9,8,5,success,,,hilbert-river revision 1 seed 20010 [complete]:
service-bulk-training,800ad3064f09b1fc61b6cba7dcf25a5b,35,20010,7,8,6,invalid_request,,,hilbert-river revision 1 seed 20010 [validation]: No crossing court fits outside the reserved homes.
service-bulk-training,19a1950998ab4661f6e9c3657519f283,35,20010,8,8,6,success,,,hilbert-river revision 1 seed 20010 [complete]:
service-bulk-training,f34f03bb5064e00b0292c9d219c9116b,35,20010,9,8,6,success,,,hilbert-river revision 1 seed 20010 [complete]:
service-bulk-training,5df689065b5293f9c9e90de6a70b0778,35,20010,7,8,7,invalid_request,,,hilbert-river revision 1 seed 20010 [validation]: Cannot fit 7 separated 56×56 home/farm modules on this terrain; enlarge the map or reduce colonies/folds/lake size.
service-bulk-training,a7ab0582cfbf8e3a70a119e3413bd350,35,20010,8,8,7,success,,,hilbert-river revision 1 seed 20010 [complete]:
service-bulk-training,bbbc58d414904e477ac5d01bd0bcdbe0,35,20010,9,8,7,success,,,hilbert-river revision 1 seed 20010 [complete]:
service-bulk-training,557add2e468334399dd539e6450b2004,35,20010,7,8,8,invalid_request,,,hilbert-river revision 1 seed 20010 [validation]: Cannot fit 8 separated 56×56 home/farm modules on this terrain; enlarge the map or reduce colonies/folds/lake size.
service-bulk-training,e7083fc4878b8632bc65fc5793f06dab,35,20010,8,8,8,success,,,hilbert-river revision 1 seed 20010 [complete]:
service-bulk-training,34612b398fce7a8bed404917aa9bf9ba,35,20010,9,8,8,success,,,hilbert-river revision 1 seed 20010 [complete]:
service-bulk-training,45a196219f8b61226e05f0565e13e5b4,35,20010,7,9,2,success,,,hilbert-river revision 1 seed 20010 [complete]:
service-bulk-training,275dca76b0fad10afd1a75bd3780dc30,35,20010,8,9,2,success,,,hilbert-river revision 1 seed 20010 [complete]:
service-bulk-training,1debcfbe124cd4a9d35990160eff574e,35,20010,9,9,2,success,,,hilbert-river revision 1 seed 20010 [complete]:
service-bulk-training,5c1af5016dc6cfcd41a1ef35524d609b,35,20010,7,9,3,success,,,hilbert-river revision 1 seed 20010 [complete]:
service-bulk-training,54b8c1aad6571d8dd2f33b3090a52a49,35,20010,8,9,3,success,,,hilbert-river revision 1 seed 20010 [complete]:
service-bulk-training,c1bc3b281ddd56766075537fc58effaf,35,20010,9,9,3,success,,,hilbert-river revision 1 seed 20010 [complete]:
service-bulk-training,f783f0cce4f4f7aafd10e2a28d0dbe90,35,20010,7,9,4,success,,,hilbert-river revision 1 seed 20010 [complete]:
service-bulk-training,110a13dedbc88c01c71e99b3ecafdc71,35,20010,8,9,4,success,,,hilbert-river revision 1 seed 20010 [complete]:
service-bulk-training,f4c05bb0343406e29f4299822184146a,35,20010,9,9,4,success,,,hilbert-river revision 1 seed 20010 [complete]:
service-bulk-training,b50f122fba712351b4ba14a42cd66932,35,20010,7,9,5,success,,,hilbert-river revision 1 seed 20010 [complete]:
service-bulk-training,34e5c13c454628994f896a8101c29770,35,20010,8,9,5,success,,,hilbert-river revision 1 seed 20010 [complete]:
service-bulk-training,9a638d94ec83a1e596fce98730256c14,35,20010,9,9,5,success,,,hilbert-river revision 1 seed 20010 [complete]:
service-bulk-training,407a9d6baf731c21f5803450269253da,35,20010,7,9,6,success,,,hilbert-river revision 1 seed 20010 [complete]:
service-bulk-training,d9b55927a8c64d29ca63601603eb1d5a,35,20010,8,9,6,success,,,hilbert-river revision 1 seed 20010 [complete]:
service-bulk-training,0d7fe9e4ee20a41d0f5b770f36d37372,35,20010,9,9,6,success,,,hilbert-river revision 1 seed 20010 [complete]:
service-bulk-training,5c8c0b57e3de059b8e4cf3b0e869c659,35,20010,7,9,7,success,,,hilbert-river revision 1 seed 20010 [complete]:
service-bulk-training,570e59376674e2e3e315074d9bdf9d26,35,20010,8,9,7,success,,,hilbert-river revision 1 seed 20010 [complete]:
service-bulk-training,5df8ad5921cf2008ba6494f29b92cc51,35,20010,9,9,7,success,,,hilbert-river revision 1 seed 20010 [complete]:
service-bulk-training,e6a45600f6cc7fa7b30d6f544cbc3dc1,35,20010,7,9,8,success,,,hilbert-river revision 1 seed 20010 [complete]:
service-bulk-training,d5469bc324e226bca66c4c964d6582e9,35,20010,8,9,8,success,,,hilbert-river revision 1 seed 20010 [complete]:
service-bulk-training,e92c740a3015b50995648a5ab7cbced3,35,20010,9,9,8,success,,,hilbert-river revision 1 seed 20010 [complete]:
service-bulk-training,17217e7faea0b7c23e60d869dede06fd,35,20011,8,8,4,success,,,hilbert-river revision 1 seed 20011 [complete]:
service-bulk-training,390be5f62a31d397dcb11bbd45a8ae44,35,20011,7,7,2,invalid_request,,,hilbert-river revision 1 seed 20011 [validation]: No crossing court fits outside the reserved homes.
service-bulk-training,c1ab817a49303bf85210eb49b4b796dc,35,20011,8,7,2,success,,,hilbert-river revision 1 seed 20011 [complete]:
service-bulk-training,293e46c8a146d8bcbf999bcc517bcf45,35,20011,9,7,2,success,,,hilbert-river revision 1 seed 20011 [complete]:
service-bulk-training,81193591f91d195b5cb7d966137b6d08,35,20011,7,7,3,invalid_request,,,hilbert-river revision 1 seed 20011 [validation]: No crossing court fits outside the reserved homes.
service-bulk-training,9623ebec21142f3395a3a7384c4a5082,35,20011,8,7,3,success,,,hilbert-river revision 1 seed 20011 [complete]:
service-bulk-training,572dcf24d8d94328917a7d15e607d784,35,20011,9,7,3,success,,,hilbert-river revision 1 seed 20011 [complete]:
service-bulk-training,c105183baa72cb2f5769223c499e15ca,35,20011,7,7,4,invalid_request,,,hilbert-river revision 1 seed 20011 [validation]: No crossing court fits outside the reserved homes.
service-bulk-training,ff18d9a430767847cf93b0b9fc8322fa,35,20011,8,7,4,success,,,hilbert-river revision 1 seed 20011 [complete]:
service-bulk-training,2ef7048dce520b75aea046098c88f618,35,20011,9,7,4,success,,,hilbert-river revision 1 seed 20011 [complete]:
service-bulk-training,bae6ae4e59cca636b85cd3b674c21a1f,35,20011,7,7,5,invalid_request,,,hilbert-river revision 1 seed 20011 [validation]: Cannot fit 5 separated 56×56 home/farm modules on this terrain; enlarge the map or reduce colonies/folds/lake size.
service-bulk-training,9faf98d419b5b2c587cb31dbbe0a451d,35,20011,8,7,5,success,,,hilbert-river revision 1 seed 20011 [complete]:
service-bulk-training,057bda8d329fb8cf18f19e061725b017,35,20011,9,7,5,success,,,hilbert-river revision 1 seed 20011 [complete]:
service-bulk-training,daa891104248cbaaa193c7b653f3c4cf,35,20011,7,7,6,invalid_request,,,hilbert-river revision 1 seed 20011 [validation]: Cannot fit 6 separated 56×56 home/farm modules on this terrain; enlarge the map or reduce colonies/folds/lake size.
service-bulk-training,eddb4b177577a1c20809cf5f23b2cbd2,35,20011,8,7,6,success,,,hilbert-river revision 1 seed 20011 [complete]:
service-bulk-training,6839b305ad82a017efa66f276a0be180,35,20011,9,7,6,success,,,hilbert-river revision 1 seed 20011 [complete]:
service-bulk-training,1ac6385bea9993191e97d839f292ac7a,35,20011,7,7,7,invalid_request,,,hilbert-river revision 1 seed 20011 [validation]: Cannot fit 7 separated 56×56 home/farm modules on this terrain; enlarge the map or reduce colonies/folds/lake size.
service-bulk-training,4d751487f2d7a923dccfc17b814a9ce3,35,20011,8,7,7,invalid_request,,,hilbert-river revision 1 seed 20011 [validation]: Cannot fit 7 separated 56×56 home/farm modules on this terrain; enlarge the map or reduce colonies/folds/lake size.
service-bulk-training,d1a434401f59399139931de38da0e31c,35,20011,9,7,7,success,,,hilbert-river revision 1 seed 20011 [complete]:
service-bulk-training,b080f9070a7f95a288b7ef757f6b6c1d,35,20011,7,7,8,invalid_request,,,hilbert-river revision 1 seed 20011 [validation]: Cannot fit 8 separated 56×56 home/farm modules on this terrain; enlarge the map or reduce colonies/folds/lake size.
service-bulk-training,7953b854be00600a2663007b39863199,35,20011,8,7,8,invalid_request,,,hilbert-river revision 1 seed 20011 [validation]: Cannot fit 8 separated 56×56 home/farm modules on this terrain; enlarge the map or reduce colonies/folds/lake size.
service-bulk-training,276b778bc3e27ce2160e18e69ea319f9,35,20011,9,7,8,success,,,hilbert-river revision 1 seed 20011 [complete]:
service-bulk-training,b145bba7f3dc3d3aa355de5ac5c51040,35,20011,7,8,2,success,,,hilbert-river revision 1 seed 20011 [complete]:
service-bulk-training,345f9a6038361944ba46b118d0219d4e,35,20011,8,8,2,success,,,hilbert-river revision 1 seed 20011 [complete]:
service-bulk-training,f01473dfeb0794985e13c0a435c11329,35,20011,9,8,2,success,,,hilbert-river revision 1 seed 20011 [complete]:
service-bulk-training,45dd0e41d87b4ab83c7fa1522a9d8bb0,35,20011,7,8,3,success,,,hilbert-river revision 1 seed 20011 [complete]:
service-bulk-training,bb8ad8847179aeffb70186985d8310b0,35,20011,8,8,3,success,,,hilbert-river revision 1 seed 20011 [complete]:
service-bulk-training,7771a889a55cff82bc9edf55b8efb544,35,20011,9,8,3,success,,,hilbert-river revision 1 seed 20011 [complete]:
service-bulk-training,d32b9fc70aaa88aa8d72fb913bfbb86a,35,20011,7,8,4,success,,,hilbert-river revision 1 seed 20011 [complete]:
service-bulk-training,311f5fa96ff46e61c40b491591d10c86,35,20011,8,8,4,success,,,hilbert-river revision 1 seed 20011 [complete]:
service-bulk-training,c3592aed27c0ddf4793883c7245a73df,35,20011,9,8,4,success,,,hilbert-river revision 1 seed 20011 [complete]:
service-bulk-training,eef3c1e2ef16a605ad30fb44304d11aa,35,20011,7,8,5,success,,,hilbert-river revision 1 seed 20011 [complete]:
service-bulk-training,80e222411853d5acd312da717fa52b47,35,20011,8,8,5,success,,,hilbert-river revision 1 seed 20011 [complete]:
service-bulk-training,68dff71d61e6d157a12c6fc61c2f8925,35,20011,9,8,5,success,,,hilbert-river revision 1 seed 20011 [complete]:
service-bulk-training,c3368024b391ee60a9ccf4e31d9e9f3a,35,20011,7,8,6,success,,,hilbert-river revision 1 seed 20011 [complete]:
service-bulk-training,a12ad45eb6acc12c7782e815dada1b89,35,20011,8,8,6,success,,,hilbert-river revision 1 seed 20011 [complete]:
service-bulk-training,8aba4783eac4f8dafe286b27204e0e0b,35,20011,9,8,6,success,,,hilbert-river revision 1 seed 20011 [complete]:
service-bulk-training,ba87e3a8470f941892cc376b3359b4c4,35,20011,7,8,7,invalid_request,,,hilbert-river revision 1 seed 20011 [validation]: No crossing court fits outside the reserved homes.
service-bulk-training,5cdf4ec634a2594cd71d80832be4d935,35,20011,8,8,7,success,,,hilbert-river revision 1 seed 20011 [complete]:
service-bulk-training,5f4525e6654f1f79fa465a2099688dcc,35,20011,9,8,7,success,,,hilbert-river revision 1 seed 20011 [complete]:
service-bulk-training,7705113dfb903f993409c3a063aaaaa4,35,20011,7,8,8,invalid_request,,,hilbert-river revision 1 seed 20011 [validation]: Cannot fit 8 separated 56×56 home/farm modules on this terrain; enlarge the map or reduce colonies/folds/lake size.
service-bulk-training,30dffe417297efe11f7241758a92e7d3,35,20011,8,8,8,success,,,hilbert-river revision 1 seed 20011 [complete]:
service-bulk-training,f466d7e73950ba34b9ee7634f94deaf0,35,20011,9,8,8,success,,,hilbert-river revision 1 seed 20011 [complete]:
service-bulk-training,82596745e1b26b7ae3da8c1f2c0fd6ee,35,20011,7,9,2,success,,,hilbert-river revision 1 seed 20011 [complete]:
service-bulk-training,6ea095760b89b6c3fce6213bdb05329e,35,20011,8,9,2,success,,,hilbert-river revision 1 seed 20011 [complete]:
service-bulk-training,87115c309994f3bb9b0f7b30c7783ea6,35,20011,9,9,2,success,,,hilbert-river revision 1 seed 20011 [complete]:
service-bulk-training,a7ca20145d13ea7beef22b0b5a143a0d,35,20011,7,9,3,success,,,hilbert-river revision 1 seed 20011 [complete]:
service-bulk-training,f97d988f06e4f0d1310a6970c5324958,35,20011,8,9,3,success,,,hilbert-river revision 1 seed 20011 [complete]:
service-bulk-training,007fc8e40b3fed8ac4d03f075b16a914,35,20011,9,9,3,success,,,hilbert-river revision 1 seed 20011 [complete]:
service-bulk-training,f853b95aad46c5e2fd7f1d8a82a2a6de,35,20011,7,9,4,success,,,hilbert-river revision 1 seed 20011 [complete]:
service-bulk-training,d378ffea7d35c13eef23a7e8230df113,35,20011,8,9,4,success,,,hilbert-river revision 1 seed 20011 [complete]:
service-bulk-training,e67415ae634566aebc0ae48cce18bbf7,35,20011,9,9,4,success,,,hilbert-river revision 1 seed 20011 [complete]:
service-bulk-training,e7da731fee3098cff882095edf4ebd2b,35,20011,7,9,5,success,,,hilbert-river revision 1 seed 20011 [complete]:
service-bulk-training,829c9d32cb1cc7aa163a7e73a9cb1adc,35,20011,8,9,5,success,,,hilbert-river revision 1 seed 20011 [complete]:
service-bulk-training,90407bcb14c6fc1720222a69ab1dbf12,35,20011,9,9,5,success,,,hilbert-river revision 1 seed 20011 [complete]:
service-bulk-training,71d952ad48a61a1d0e1ca726530a75dd,35,20011,7,9,6,success,,,hilbert-river revision 1 seed 20011 [complete]:
service-bulk-training,d7f4b661fea22ccced4956f007cd0363,35,20011,8,9,6,success,,,hilbert-river revision 1 seed 20011 [complete]:
service-bulk-training,fdf10a2699943c7e3ae0b6b8abc8196b,35,20011,9,9,6,success,,,hilbert-river revision 1 seed 20011 [complete]:
service-bulk-training,aa24410e45eaebdec545b79a59a6ab9a,35,20011,7,9,7,success,,,hilbert-river revision 1 seed 20011 [complete]:
service-bulk-training,2a5f50133a1d01d1b3e2831b558fbc2b,35,20011,8,9,7,success,,,hilbert-river revision 1 seed 20011 [complete]:
service-bulk-training,096aa2bb8747ce238cef05c6c5e85aec,35,20011,9,9,7,success,,,hilbert-river revision 1 seed 20011 [complete]:
service-bulk-training,f5e678251bc1ae4d9c37661c0c2bbfad,35,20011,7,9,8,success,,,hilbert-river revision 1 seed 20011 [complete]:
service-bulk-training,9d7b953a2f7a56446a7a11b348d3da1a,35,20011,8,9,8,success,,,hilbert-river revision 1 seed 20011 [complete]:
service-bulk-training,979a017493137b5d61fbe74d24565ad5,35,20011,9,9,8,success,,,hilbert-river revision 1 seed 20011 [complete]:
service-bulk-training,2c920a132f21ba5882f8a7d4b40bfbb2,35,20012,8,8,4,success,,,hilbert-river revision 1 seed 20012 [complete]:
service-bulk-training,4044d4cdf0289badced2ab132b94bd42,35,20012,7,7,2,success,,,hilbert-river revision 1 seed 20012 [complete]:
service-bulk-training,651834ccaa36a7e30bed32bc4de7487f,35,20012,8,7,2,success,,,hilbert-river revision 1 seed 20012 [complete]:
service-bulk-training,727a5a6b8447ed58851031b571b9bb10,35,20012,9,7,2,success,,,hilbert-river revision 1 seed 20012 [complete]:
service-bulk-training,cba596ad9c29b74eb6bbafaabbc553e8,35,20012,7,7,3,success,,,hilbert-river revision 1 seed 20012 [complete]:
service-bulk-training,aafa288ead95026115448d4304b2bcce,35,20012,8,7,3,success,,,hilbert-river revision 1 seed 20012 [complete]:
service-bulk-training,14d1044aa1de62b88a6491545686143e,35,20012,9,7,3,success,,,hilbert-river revision 1 seed 20012 [complete]:
service-bulk-training,7b51d84cd2d22d1af043ebf7b681bf59,35,20012,7,7,4,invalid_request,,,hilbert-river revision 1 seed 20012 [validation]: No crossing court fits outside the reserved homes.
service-bulk-training,7ba02502f74e6b8fffd66e02bf983ae4,35,20012,8,7,4,success,,,hilbert-river revision 1 seed 20012 [complete]:
service-bulk-training,aab7712c643955eb891db936f3118acb,35,20012,9,7,4,success,,,hilbert-river revision 1 seed 20012 [complete]:
service-bulk-training,1d165a16a9ca652d3fdc3ae069416ac4,35,20012,7,7,5,invalid_request,,,hilbert-river revision 1 seed 20012 [validation]: Cannot fit 5 separated 56×56 home/farm modules on this terrain; enlarge the map or reduce colonies/folds/lake size.
service-bulk-training,e630a73c62c1c31f447e17e69a9171ff,35,20012,8,7,5,success,,,hilbert-river revision 1 seed 20012 [complete]:
service-bulk-training,eee8c87f59b5c929d81b9667521b8fc8,35,20012,9,7,5,success,,,hilbert-river revision 1 seed 20012 [complete]:
service-bulk-training,d9777d37e1d526f2d7ba508d73b936d9,35,20012,7,7,6,invalid_request,,,hilbert-river revision 1 seed 20012 [validation]: Cannot fit 6 separated 56×56 home/farm modules on this terrain; enlarge the map or reduce colonies/folds/lake size.
service-bulk-training,2c40a27950f4eca9d1f3ab5027672ce6,35,20012,8,7,6,success,,,hilbert-river revision 1 seed 20012 [complete]:
service-bulk-training,ed602cae5fc5976ac6cfa45eaa0d8f31,35,20012,9,7,6,success,,,hilbert-river revision 1 seed 20012 [complete]:
service-bulk-training,6e15384516498031337b124fef9aa7c3,35,20012,7,7,7,invalid_request,,,hilbert-river revision 1 seed 20012 [validation]: Cannot fit 7 separated 56×56 home/farm modules on this terrain; enlarge the map or reduce colonies/folds/lake size.
service-bulk-training,221409ff616a2f7d7f210e2b15309775,35,20012,8,7,7,success,,,hilbert-river revision 1 seed 20012 [complete]:
service-bulk-training,47468d49f5c93ff10f76fe64b3fab815,35,20012,9,7,7,success,,,hilbert-river revision 1 seed 20012 [complete]:
service-bulk-training,405ed78ce36dac0b669966eebbefb00a,35,20012,7,7,8,invalid_request,,,hilbert-river revision 1 seed 20012 [validation]: Cannot fit 8 separated 56×56 home/farm modules on this terrain; enlarge the map or reduce colonies/folds/lake size.
service-bulk-training,765526912544584c5b3612a6894081f3,35,20012,8,7,8,invalid_request,,,hilbert-river revision 1 seed 20012 [validation]: Cannot fit 8 separated 56×56 home/farm modules on this terrain; enlarge the map or reduce colonies/folds/lake size.
service-bulk-training,96e6e2921742f944fd7056cd6d005a0e,35,20012,9,7,8,success,,,hilbert-river revision 1 seed 20012 [complete]:
service-bulk-training,cf50512a7544e030e94eeff5eacee963,35,20012,7,8,2,success,,,hilbert-river revision 1 seed 20012 [complete]:
service-bulk-training,ae7f4f88f50d8d49c296273dd7d6e011,35,20012,8,8,2,success,,,hilbert-river revision 1 seed 20012 [complete]:
service-bulk-training,a15099f77491eb0da492799822712629,35,20012,9,8,2,success,,,hilbert-river revision 1 seed 20012 [complete]:
service-bulk-training,f59c6a7e130e8e9ab356a3aae8df0646,35,20012,7,8,3,success,,,hilbert-river revision 1 seed 20012 [complete]:
service-bulk-training,145f1a50963efb396076bd74870d2edb,35,20012,8,8,3,success,,,hilbert-river revision 1 seed 20012 [complete]:
service-bulk-training,c897b4975a9164c2fb48835e6e851937,35,20012,9,8,3,success,,,hilbert-river revision 1 seed 20012 [complete]:
service-bulk-training,150bea8b0aaa9b7befe56383430dfbf0,35,20012,7,8,4,success,,,hilbert-river revision 1 seed 20012 [complete]:
service-bulk-training,01417719de9a59eae13d819ff93eea34,35,20012,8,8,4,success,,,hilbert-river revision 1 seed 20012 [complete]:
service-bulk-training,1199e8420d2a33a82b367ad5ba1e3078,35,20012,9,8,4,success,,,hilbert-river revision 1 seed 20012 [complete]:
service-bulk-training,835671648f38c1734eb7e1f6c2ff4e67,35,20012,7,8,5,success,,,hilbert-river revision 1 seed 20012 [complete]:
service-bulk-training,2d3233c2fbd52e4e1139eb3053969beb,35,20012,8,8,5,success,,,hilbert-river revision 1 seed 20012 [complete]:
service-bulk-training,93085c4718a2cb48cc295d0e5b0cfac3,35,20012,9,8,5,success,,,hilbert-river revision 1 seed 20012 [complete]:
service-bulk-training,4e971e334ab578eb2e5aa6fd25adb982,35,20012,7,8,6,success,,,hilbert-river revision 1 seed 20012 [complete]:
service-bulk-training,a6c0b97013faeb5ed3d6004243124f30,35,20012,8,8,6,success,,,hilbert-river revision 1 seed 20012 [complete]:
service-bulk-training,3feaad5c4a3a8378f2d83fe80afc08a4,35,20012,9,8,6,success,,,hilbert-river revision 1 seed 20012 [complete]:
service-bulk-training,a8c8ec9246c3f3dce55ce11101a9bbab,35,20012,7,8,7,success,,,hilbert-river revision 1 seed 20012 [complete]:
service-bulk-training,796193e992e96ae9862eb1f0710f0735,35,20012,8,8,7,success,,,hilbert-river revision 1 seed 20012 [complete]:
service-bulk-training,a5d0bf8381291e4984fb1a723c496a73,35,20012,9,8,7,success,,,hilbert-river revision 1 seed 20012 [complete]:
service-bulk-training,29f7a230d7d4fed68e2418dfea93b15b,35,20012,7,8,8,invalid_request,,,hilbert-river revision 1 seed 20012 [validation]: No crossing court fits outside the reserved homes.
service-bulk-training,04da86b63ad4bdb097690dff9b5ec422,35,20012,8,8,8,success,,,hilbert-river revision 1 seed 20012 [complete]:
service-bulk-training,b0f4f983002a99f544d0c7abeed5f09c,35,20012,9,8,8,success,,,hilbert-river revision 1 seed 20012 [complete]:
service-bulk-training,5c2135173656f70529e33b32b8fa24ee,35,20012,7,9,2,success,,,hilbert-river revision 1 seed 20012 [complete]:
service-bulk-training,a9c4941736ec9c1592e3add6c9373eef,35,20012,8,9,2,success,,,hilbert-river revision 1 seed 20012 [complete]:
service-bulk-training,a63f29afe9531ecbd153974a183ca9c1,35,20012,9,9,2,success,,,hilbert-river revision 1 seed 20012 [complete]:
service-bulk-training,3de26db67069cd306dd7521f1279dfbb,35,20012,7,9,3,success,,,hilbert-river revision 1 seed 20012 [complete]:
service-bulk-training,17768cb6d5b7ca3d7a8381c914f39021,35,20012,8,9,3,success,,,hilbert-river revision 1 seed 20012 [complete]:
service-bulk-training,deb80c5b3a5dc3adad2a93784f0d807b,35,20012,9,9,3,success,,,hilbert-river revision 1 seed 20012 [complete]:
service-bulk-training,343c88586b873247f2964820e638701e,35,20012,7,9,4,success,,,hilbert-river revision 1 seed 20012 [complete]:
service-bulk-training,e7a8f2e192b3159e1364eb9031e93dc6,35,20012,8,9,4,success,,,hilbert-river revision 1 seed 20012 [complete]:
service-bulk-training,5506b577b0b62cc4aee9965436e422e2,35,20012,9,9,4,success,,,hilbert-river revision 1 seed 20012 [complete]:
service-bulk-training,8b3540a4ab37ad1fb778dee9b9e84396,35,20012,7,9,5,success,,,hilbert-river revision 1 seed 20012 [complete]:
service-bulk-training,d3e599c1d0d7e3e4db344b87a9d08a38,35,20012,8,9,5,success,,,hilbert-river revision 1 seed 20012 [complete]:
service-bulk-training,8b5edf7b0d14d4abd588b1f0b284d19d,35,20012,9,9,5,success,,,hilbert-river revision 1 seed 20012 [complete]:
service-bulk-training,1da4482b9dbc7fcd64b16d9d37e9c6d6,35,20012,7,9,6,success,,,hilbert-river revision 1 seed 20012 [complete]:
service-bulk-training,5a6e94de6ee7f2bc4c178574dcc3fa09,35,20012,8,9,6,success,,,hilbert-river revision 1 seed 20012 [complete]:
service-bulk-training,7ed6d08e01d06bb0f22314c291db2999,35,20012,9,9,6,success,,,hilbert-river revision 1 seed 20012 [complete]:
service-bulk-training,8f6868e5bb8483c79f55c39830562286,35,20012,7,9,7,success,,,hilbert-river revision 1 seed 20012 [complete]:
service-bulk-training,cac4bdf23ecef9653d2a22a64f4f1cd2,35,20012,8,9,7,success,,,hilbert-river revision 1 seed 20012 [complete]:
service-bulk-training,6c24931ee7063c1d6ffcacbf79db3f18,35,20012,9,9,7,success,,,hilbert-river revision 1 seed 20012 [complete]:
service-bulk-training,f05ba2358bd7be0d1dc550c0d9006a7b,35,20012,7,9,8,success,,,hilbert-river revision 1 seed 20012 [complete]:
service-bulk-training,4926a6a041e5a418b3e71ddf83fe90a1,35,20012,8,9,8,success,,,hilbert-river revision 1 seed 20012 [complete]:
service-bulk-training,4b310f793460e25340f95bdd6c167ae9,35,20012,9,9,8,success,,,hilbert-river revision 1 seed 20012 [complete]:
service-bulk-training,0ad374b124c0980f766a7147a1a9c2a0,35,20013,8,8,4,success,,,hilbert-river revision 1 seed 20013 [complete]:
service-bulk-training,0e067f47bd7c991661de455a0e122a23,35,20013,7,7,2,invalid_request,,,hilbert-river revision 1 seed 20013 [validation]: No crossing court fits outside the reserved homes.
service-bulk-training,1c4d5ffa259f8f28903ab752aa1e35ac,35,20013,8,7,2,success,,,hilbert-river revision 1 seed 20013 [complete]:
service-bulk-training,358bd2b4553e4977e6ef98e9b1643226,35,20013,9,7,2,success,,,hilbert-river revision 1 seed 20013 [complete]:
service-bulk-training,7626e708cca6050fb555b2b8601ecc98,35,20013,7,7,3,invalid_request,,,hilbert-river revision 1 seed 20013 [validation]: No crossing court fits outside the reserved homes.
service-bulk-training,3c293a065751ba4a1c100f6789573e86,35,20013,8,7,3,success,,,hilbert-river revision 1 seed 20013 [complete]:
service-bulk-training,1384ee3e83a4c2b6896de1eb337e5487,35,20013,9,7,3,success,,,hilbert-river revision 1 seed 20013 [complete]:
service-bulk-training,843d6ac9cfb64a3d9c0659a84919da05,35,20013,7,7,4,invalid_request,,,hilbert-river revision 1 seed 20013 [validation]: No crossing court fits outside the reserved homes.
service-bulk-training,ed9176099b47483a7e7393d5e59ae15c,35,20013,8,7,4,success,,,hilbert-river revision 1 seed 20013 [complete]:
service-bulk-training,6cc904423839ba0a69299de8719ffbac,35,20013,9,7,4,success,,,hilbert-river revision 1 seed 20013 [complete]:
service-bulk-training,db94a9e42e747b711930d3a62d425e54,35,20013,7,7,5,invalid_request,,,hilbert-river revision 1 seed 20013 [validation]: Cannot fit 5 separated 56×56 home/farm modules on this terrain; enlarge the map or reduce colonies/folds/lake size.
service-bulk-training,4ff8f03ca3e020a1d98cfe350a26cf76,35,20013,8,7,5,invalid_request,,,hilbert-river revision 1 seed 20013 [validation]: No crossing court fits outside the reserved homes.
service-bulk-training,d70a2a6cd66e5dae75ff74240570793f,35,20013,9,7,5,success,,,hilbert-river revision 1 seed 20013 [complete]:
service-bulk-training,ff9b769763ec7a85536fc38f0dcea6e3,35,20013,7,7,6,invalid_request,,,hilbert-river revision 1 seed 20013 [validation]: Cannot fit 6 separated 56×56 home/farm modules on this terrain; enlarge the map or reduce colonies/folds/lake size.
service-bulk-training,1ddd677e2ca5d619181181dbaea04f0d,35,20013,8,7,6,invalid_request,,,hilbert-river revision 1 seed 20013 [validation]: No crossing court fits outside the reserved homes.
service-bulk-training,6601788193143a789361ed3dbad3a13c,35,20013,9,7,6,success,,,hilbert-river revision 1 seed 20013 [complete]:
service-bulk-training,4253472285d6df415da99a9520e90833,35,20013,7,7,7,invalid_request,,,hilbert-river revision 1 seed 20013 [validation]: Cannot fit 7 separated 56×56 home/farm modules on this terrain; enlarge the map or reduce colonies/folds/lake size.
service-bulk-training,cad4247c6ad7cc580fc7b7d9755e8083,35,20013,8,7,7,invalid_request,,,hilbert-river revision 1 seed 20013 [validation]: No crossing court fits outside the reserved homes.
service-bulk-training,f1c370da7ddb8365b624ea4b84f987cb,35,20013,9,7,7,success,,,hilbert-river revision 1 seed 20013 [complete]:
service-bulk-training,0dbb30455501ad0d95470e18e98962df,35,20013,7,7,8,invalid_request,,,hilbert-river revision 1 seed 20013 [validation]: Cannot fit 8 separated 56×56 home/farm modules on this terrain; enlarge the map or reduce colonies/folds/lake size.
service-bulk-training,188f16d725c439e2641395eb79a6a116,35,20013,8,7,8,invalid_request,,,hilbert-river revision 1 seed 20013 [validation]: Cannot fit 8 separated 56×56 home/farm modules on this terrain; enlarge the map or reduce colonies/folds/lake size.
service-bulk-training,52ecc85908c8e02b3445bc53e38cda6a,35,20013,9,7,8,success,,,hilbert-river revision 1 seed 20013 [complete]:
service-bulk-training,8d45fbbc14e6856f81805521e9ec9532,35,20013,7,8,2,success,,,hilbert-river revision 1 seed 20013 [complete]:
service-bulk-training,ac0140a2b6fdc2727d078f35d49138b0,35,20013,8,8,2,success,,,hilbert-river revision 1 seed 20013 [complete]:
service-bulk-training,162a0e7dd855cd6d2631b56a485ab798,35,20013,9,8,2,success,,,hilbert-river revision 1 seed 20013 [complete]:
service-bulk-training,21152cc34e95f28da62b0d0c82b26933,35,20013,7,8,3,success,,,hilbert-river revision 1 seed 20013 [complete]:
service-bulk-training,47d5fde115fdee360edf761200d8d775,35,20013,8,8,3,success,,,hilbert-river revision 1 seed 20013 [complete]:
service-bulk-training,9276d0ad910150cd059367a7a5a9b4ee,35,20013,9,8,3,success,,,hilbert-river revision 1 seed 20013 [complete]:
service-bulk-training,e77328a8f67ae10ab1d993ee77bf9a35,35,20013,7,8,4,success,,,hilbert-river revision 1 seed 20013 [complete]:
service-bulk-training,6780094a9bc73cf5b31a682bbd6b6635,35,20013,8,8,4,success,,,hilbert-river revision 1 seed 20013 [complete]:
service-bulk-training,81746b27e8fc6c3349b44850edd25b3c,35,20013,9,8,4,success,,,hilbert-river revision 1 seed 20013 [complete]:
service-bulk-training,e723d43f1e56dd7d40a553da6f95c398,35,20013,7,8,5,success,,,hilbert-river revision 1 seed 20013 [complete]:
service-bulk-training,63d3189437eec9b33957ea71e8a2db5e,35,20013,8,8,5,success,,,hilbert-river revision 1 seed 20013 [complete]:
service-bulk-training,11774d1d4ed66b3f036393f5d8b0093e,35,20013,9,8,5,success,,,hilbert-river revision 1 seed 20013 [complete]:
service-bulk-training,a42a7dc4ad0d3ea6fe55e49080cd219f,35,20013,7,8,6,success,,,hilbert-river revision 1 seed 20013 [complete]:
service-bulk-training,9052334f8c9467f646ab569f80a56335,35,20013,8,8,6,success,,,hilbert-river revision 1 seed 20013 [complete]:
service-bulk-training,a5b8e164b38bba6c1e48ec4f6fcb6f1e,35,20013,9,8,6,success,,,hilbert-river revision 1 seed 20013 [complete]:
service-bulk-training,2b04ac298f8ef173401f7268d8860330,35,20013,7,8,7,success,,,hilbert-river revision 1 seed 20013 [complete]:
service-bulk-training,15944317597b7a907d2be41742a6c603,35,20013,8,8,7,success,,,hilbert-river revision 1 seed 20013 [complete]:
service-bulk-training,b87404f3279645b1e9f940140d77373c,35,20013,9,8,7,success,,,hilbert-river revision 1 seed 20013 [complete]:
service-bulk-training,984e9a3ac407b8658d427e19b6a4b61f,35,20013,7,8,8,invalid_request,,,hilbert-river revision 1 seed 20013 [validation]: Cannot fit 8 separated 56×56 home/farm modules on this terrain; enlarge the map or reduce colonies/folds/lake size.
service-bulk-training,4c1cac4f883e569158494595c5cf9338,35,20013,8,8,8,success,,,hilbert-river revision 1 seed 20013 [complete]:
service-bulk-training,2a4713b174ff79e959bbc1b2ce8744fd,35,20013,9,8,8,success,,,hilbert-river revision 1 seed 20013 [complete]:
service-bulk-training,011301bf66b4b94dffce65c5b936063d,35,20013,7,9,2,success,,,hilbert-river revision 1 seed 20013 [complete]:
service-bulk-training,3c1ce652ebdee1a8fdfec9b93a82b862,35,20013,8,9,2,success,,,hilbert-river revision 1 seed 20013 [complete]:
service-bulk-training,fa383d52c9f3253bfaf63242b46de483,35,20013,9,9,2,success,,,hilbert-river revision 1 seed 20013 [complete]:
service-bulk-training,9035d9bf490c6a4a3be951fa0ac57c7e,35,20013,7,9,3,success,,,hilbert-river revision 1 seed 20013 [complete]:
service-bulk-training,2ea6764f3ae46100794803c75b539a0a,35,20013,8,9,3,success,,,hilbert-river revision 1 seed 20013 [complete]:
service-bulk-training,7c93287a9c1b818db48dcc83c26a9f44,35,20013,9,9,3,success,,,hilbert-river revision 1 seed 20013 [complete]:
service-bulk-training,327526b0c117e9894c772f46d40c9166,35,20013,7,9,4,success,,,hilbert-river revision 1 seed 20013 [complete]:
service-bulk-training,ce84917ea71aed5052f141d5733901cd,35,20013,8,9,4,success,,,hilbert-river revision 1 seed 20013 [complete]:
service-bulk-training,451e7ac737151aad309e9d18a18e8c47,35,20013,9,9,4,success,,,hilbert-river revision 1 seed 20013 [complete]:
service-bulk-training,46429c7a367ebb6ccda257a319b56ca8,35,20013,7,9,5,success,,,hilbert-river revision 1 seed 20013 [complete]:
service-bulk-training,6ba17573f4cc245b7d844b0d7e87e399,35,20013,8,9,5,success,,,hilbert-river revision 1 seed 20013 [complete]:
service-bulk-training,27b5db54b675b810637e9d6698a94fa0,35,20013,9,9,5,success,,,hilbert-river revision 1 seed 20013 [complete]:
service-bulk-training,79279902ed1e2663b368564b15ae3531,35,20013,7,9,6,success,,,hilbert-river revision 1 seed 20013 [complete]:
service-bulk-training,63cafd947dbadf46446ef5eb2c8552a8,35,20013,8,9,6,success,,,hilbert-river revision 1 seed 20013 [complete]:
service-bulk-training,3c32e5fb2dede5903b0b1bb6e2fabe51,35,20013,9,9,6,success,,,hilbert-river revision 1 seed 20013 [complete]:
service-bulk-training,971cd96b2e35e665c9e90f866d5b99c5,35,20013,7,9,7,success,,,hilbert-river revision 1 seed 20013 [complete]:
service-bulk-training,5306d0f3f570fcc4fcfccc888aed48e6,35,20013,8,9,7,success,,,hilbert-river revision 1 seed 20013 [complete]:
service-bulk-training,0a4320c3a8ec88192070fdb1f6717b20,35,20013,9,9,7,success,,,hilbert-river revision 1 seed 20013 [complete]:
service-bulk-training,6143adff7a542b6cbb10557a438a0f41,35,20013,7,9,8,success,,,hilbert-river revision 1 seed 20013 [complete]:
service-bulk-training,89c0cdc821afbcd688146b6b945074ea,35,20013,8,9,8,success,,,hilbert-river revision 1 seed 20013 [complete]:
service-bulk-training,1d9ca1d4ce9d38329e498eadc39e19a0,35,20013,9,9,8,success,,,hilbert-river revision 1 seed 20013 [complete]:
service-bulk-training,785f4ba737185d787ad630c6b6747fba,35,20014,8,8,4,success,,,hilbert-river revision 1 seed 20014 [complete]:
service-bulk-training,0b0e9ab80ffa340dc08ee03ddff90570,35,20014,7,7,2,invalid_request,,,hilbert-river revision 1 seed 20014 [validation]: No crossing court fits outside the reserved homes.
service-bulk-training,6feff7ad81fd1b612265165f409daa61,35,20014,8,7,2,success,,,hilbert-river revision 1 seed 20014 [complete]:
service-bulk-training,c797399b0eb400dc7bce41ef686fd314,35,20014,9,7,2,success,,,hilbert-river revision 1 seed 20014 [complete]:
service-bulk-training,a36aae62ba5c9a24e5bc282fbbec237e,35,20014,7,7,3,invalid_request,,,hilbert-river revision 1 seed 20014 [validation]: No crossing court fits outside the reserved homes.
service-bulk-training,5efe54ccfd1af58be11ff51d628eca7e,35,20014,8,7,3,success,,,hilbert-river revision 1 seed 20014 [complete]:
service-bulk-training,aab4195870caf83e393f16c9d40817ff,35,20014,9,7,3,success,,,hilbert-river revision 1 seed 20014 [complete]:
service-bulk-training,804c0c76a1ebe615c2c67e0853ab6a09,35,20014,7,7,4,invalid_request,,,hilbert-river revision 1 seed 20014 [validation]: No crossing court fits outside the reserved homes.
service-bulk-training,cdc6c83aa1e329526206400afd0d11e1,35,20014,8,7,4,success,,,hilbert-river revision 1 seed 20014 [complete]:
service-bulk-training,577853321dc52a4552ee369fe9d1d914,35,20014,9,7,4,success,,,hilbert-river revision 1 seed 20014 [complete]:
service-bulk-training,61a04b9675f3f74ec90c3bbfff28f228,35,20014,7,7,5,invalid_request,,,hilbert-river revision 1 seed 20014 [validation]: Cannot fit 5 separated 56×56 home/farm modules on this terrain; enlarge the map or reduce colonies/folds/lake size.
service-bulk-training,d9dde0f69bbb1e9698d557e10aee9908,35,20014,8,7,5,success,,,hilbert-river revision 1 seed 20014 [complete]:
service-bulk-training,52cf95c73a39e728aa97e19055ba80fd,35,20014,9,7,5,success,,,hilbert-river revision 1 seed 20014 [complete]:
service-bulk-training,fdc5abe4a49d085b6face709ae8e61b1,35,20014,7,7,6,invalid_request,,,hilbert-river revision 1 seed 20014 [validation]: Cannot fit 6 separated 56×56 home/farm modules on this terrain; enlarge the map or reduce colonies/folds/lake size.
service-bulk-training,e2c083d12db1cf6eae6368cd1d89ec08,35,20014,8,7,6,success,,,hilbert-river revision 1 seed 20014 [complete]:
service-bulk-training,e3484716e17db19d9b1c911ab30af043,35,20014,9,7,6,success,,,hilbert-river revision 1 seed 20014 [complete]:
service-bulk-training,1e7783971ce149a84bdab28c7e410d57,35,20014,7,7,7,invalid_request,,,hilbert-river revision 1 seed 20014 [validation]: Cannot fit 7 separated 56×56 home/farm modules on this terrain; enlarge the map or reduce colonies/folds/lake size.
service-bulk-training,e88b74a74ec9b9c9cb03f1146272f203,35,20014,8,7,7,success,,,hilbert-river revision 1 seed 20014 [complete]:
service-bulk-training,26088d05b7cb61a70d631a149d7cea3a,35,20014,9,7,7,invalid_request,,,hilbert-river revision 1 seed 20014 [validation]: No crossing court fits outside the reserved homes.
service-bulk-training,69b0b012c056db48ee5169b44a54c21d,35,20014,7,7,8,invalid_request,,,hilbert-river revision 1 seed 20014 [validation]: Cannot fit 8 separated 56×56 home/farm modules on this terrain; enlarge the map or reduce colonies/folds/lake size.
service-bulk-training,249b0b73620cd4873a2a0d17addd054d,35,20014,8,7,8,invalid_request,,,hilbert-river revision 1 seed 20014 [validation]: Cannot fit 8 separated 56×56 home/farm modules on this terrain; enlarge the map or reduce colonies/folds/lake size.
service-bulk-training,05ff767007390c78ae8b4c340cc4fcfd,35,20014,9,7,8,invalid_request,,,hilbert-river revision 1 seed 20014 [validation]: No crossing court fits outside the reserved homes.
service-bulk-training,aed656ee47cf9aa91fe87f7735a67780,35,20014,7,8,2,success,,,hilbert-river revision 1 seed 20014 [complete]:
service-bulk-training,5ade0147ea2c89d5641beddd4886dd8d,35,20014,8,8,2,success,,,hilbert-river revision 1 seed 20014 [complete]:
service-bulk-training,6890b05c8644dba3f21bdb4a3e79d79d,35,20014,9,8,2,success,,,hilbert-river revision 1 seed 20014 [complete]:
service-bulk-training,2d738f21fda5a7d92542b4945e9923a0,35,20014,7,8,3,success,,,hilbert-river revision 1 seed 20014 [complete]:
service-bulk-training,b2e9f558c7221d3b2da1891009114aa2,35,20014,8,8,3,success,,,hilbert-river revision 1 seed 20014 [complete]:
service-bulk-training,641ca7ee8b5f19cebf736116c6eb5c25,35,20014,9,8,3,success,,,hilbert-river revision 1 seed 20014 [complete]:
service-bulk-training,ca94a00a0396c6d130f004dcea9e441e,35,20014,7,8,4,invalid_request,,,hilbert-river revision 1 seed 20014 [validation]: No crossing court fits outside the reserved homes.
service-bulk-training,4c076f32c2ec3d390de09d0b6112c5f7,35,20014,8,8,4,success,,,hilbert-river revision 1 seed 20014 [complete]:
service-bulk-training,39f83c86d7fc2fd478e1e6702bb75198,35,20014,9,8,4,success,,,hilbert-river revision 1 seed 20014 [complete]:
service-bulk-training,ccadbd8daf9f8346ee3d9884617a19e6,35,20014,7,8,5,invalid_request,,,hilbert-river revision 1 seed 20014 [validation]: No crossing court fits outside the reserved homes.
service-bulk-training,78628ee1e79b5ddda07c2d2469935bcc,35,20014,8,8,5,success,,,hilbert-river revision 1 seed 20014 [complete]:
service-bulk-training,a2eb39e85d7cca9d06f8e14f3316ec39,35,20014,9,8,5,success,,,hilbert-river revision 1 seed 20014 [complete]:
service-bulk-training,7b4f10aef754a325994f151a56321c09,35,20014,7,8,6,invalid_request,,,hilbert-river revision 1 seed 20014 [validation]: No crossing court fits outside the reserved homes.
service-bulk-training,69ffb73804b7847ce391be2498196d40,35,20014,8,8,6,success,,,hilbert-river revision 1 seed 20014 [complete]:
service-bulk-training,3b49881bb3b0d3b88ed1acf7af05f082,35,20014,9,8,6,success,,,hilbert-river revision 1 seed 20014 [complete]:
service-bulk-training,f4c82462c4aced76c8f1c0b349da8946,35,20014,7,8,7,invalid_request,,,hilbert-river revision 1 seed 20014 [validation]: No crossing court fits outside the reserved homes.
service-bulk-training,2cd62ea9da85bb884c8647a068ac7ef9,35,20014,8,8,7,success,,,hilbert-river revision 1 seed 20014 [complete]:
service-bulk-training,6457709acaed2f5a75c9eac4cdbd7db7,35,20014,9,8,7,success,,,hilbert-river revision 1 seed 20014 [complete]:
service-bulk-training,1403267f8eeaafbb286b43bb629b172f,35,20014,7,8,8,invalid_request,,,hilbert-river revision 1 seed 20014 [validation]: No crossing court fits outside the reserved homes.
service-bulk-training,2e2a876b540669f1bd2c32f9bb649805,35,20014,8,8,8,success,,,hilbert-river revision 1 seed 20014 [complete]:
service-bulk-training,70a7dd8498e528f24042bf7787d14f5c,35,20014,9,8,8,success,,,hilbert-river revision 1 seed 20014 [complete]:
service-bulk-training,4802fb221d7f1fb3268d607d5dd389ef,35,20014,7,9,2,success,,,hilbert-river revision 1 seed 20014 [complete]:
service-bulk-training,2fe333fdc627e31eeab7e38511a08d93,35,20014,8,9,2,success,,,hilbert-river revision 1 seed 20014 [complete]:
service-bulk-training,8693d4cc80f262f3a48c0443f10de864,35,20014,9,9,2,success,,,hilbert-river revision 1 seed 20014 [complete]:
service-bulk-training,88c537ce6890b5d6b08d5f7310d13d52,35,20014,7,9,3,success,,,hilbert-river revision 1 seed 20014 [complete]:
service-bulk-training,4a9f1e21094cd17e706627c3b1aeafb4,35,20014,8,9,3,success,,,hilbert-river revision 1 seed 20014 [complete]:
service-bulk-training,558fc53b27fd90e439798e0779cf0829,35,20014,9,9,3,success,,,hilbert-river revision 1 seed 20014 [complete]:
service-bulk-training,8f7d0fde4f84a56e3055b0c74c46a80d,35,20014,7,9,4,success,,,hilbert-river revision 1 seed 20014 [complete]:
service-bulk-training,ceba144d41fdff180786c847a7128d18,35,20014,8,9,4,success,,,hilbert-river revision 1 seed 20014 [complete]:
service-bulk-training,ebb4bec1f3ab1d2e3b7afc7ef59b73a5,35,20014,9,9,4,success,,,hilbert-river revision 1 seed 20014 [complete]:
service-bulk-training,a037b8608e1c78c7896bef5b32720ffb,35,20014,7,9,5,success,,,hilbert-river revision 1 seed 20014 [complete]:
service-bulk-training,717b9fa861a68efb56efabbb13e3f84c,35,20014,8,9,5,success,,,hilbert-river revision 1 seed 20014 [complete]:
service-bulk-training,fc347c670bad6e1111479d934328e3f2,35,20014,9,9,5,success,,,hilbert-river revision 1 seed 20014 [complete]:
service-bulk-training,1091a29d5bfd48675e4cdd6fff1986a7,35,20014,7,9,6,success,,,hilbert-river revision 1 seed 20014 [complete]:
service-bulk-training,8ccb83b504a3ddecd743b29b69bf0202,35,20014,8,9,6,success,,,hilbert-river revision 1 seed 20014 [complete]:
service-bulk-training,a2d68ad3fd057e9abb668e154f2ea832,35,20014,9,9,6,success,,,hilbert-river revision 1 seed 20014 [complete]:
service-bulk-training,241a1c0ab869191d6c0dcfd91ec910d9,35,20014,7,9,7,success,,,hilbert-river revision 1 seed 20014 [complete]:
service-bulk-training,d04b389c63a0851328bff7c1440f9620,35,20014,8,9,7,success,,,hilbert-river revision 1 seed 20014 [complete]:
service-bulk-training,a5be8fca79bde380d82e437283b621d6,35,20014,9,9,7,success,,,hilbert-river revision 1 seed 20014 [complete]:
service-bulk-training,dc4cf8bebb1f32a13cadb32d5af6dfeb,35,20014,7,9,8,success,,,hilbert-river revision 1 seed 20014 [complete]:
service-bulk-training,5bbd821d8b09fce8613a5eb8d73d5e9c,35,20014,8,9,8,success,,,hilbert-river revision 1 seed 20014 [complete]:
service-bulk-training,3fd9039dde2ad8d03e23a51f05ebe854,35,20014,9,9,8,success,,,hilbert-river revision 1 seed 20014 [complete]:
service-bulk-training,8909db34ec1f5914d5aa58eadaa486bb,35,20015,8,8,4,success,,,hilbert-river revision 1 seed 20015 [complete]:
service-bulk-training,ffd7e50d4c5caa7c414eaeea2782e9f8,35,20015,7,7,2,invalid_request,,,hilbert-river revision 1 seed 20015 [validation]: No crossing court fits outside the reserved homes.
service-bulk-training,304b23bd6efffaa9acc7882cb669c056,35,20015,8,7,2,success,,,hilbert-river revision 1 seed 20015 [complete]:
service-bulk-training,29751ec1b9fef10a7772316fed61dd88,35,20015,9,7,2,success,,,hilbert-river revision 1 seed 20015 [complete]:
service-bulk-training,1dd77355db9b4bc9d90135dccd193859,35,20015,7,7,3,invalid_request,,,hilbert-river revision 1 seed 20015 [validation]: No crossing court fits outside the reserved homes.
service-bulk-training,4a3466aa66e02134cc42639b1ab12895,35,20015,8,7,3,invalid_request,,,hilbert-river revision 1 seed 20015 [validation]: No crossing court fits outside the reserved homes.
service-bulk-training,6484cfe1ead62c4fbd2c8b2ad472e2d4,35,20015,9,7,3,success,,,hilbert-river revision 1 seed 20015 [complete]:
service-bulk-training,605d4aedff1127e0bcccbe56c5d15df2,35,20015,7,7,4,invalid_request,,,hilbert-river revision 1 seed 20015 [validation]: No crossing court fits outside the reserved homes.
service-bulk-training,123940c81449ccf26b0ff4200a121ce6,35,20015,8,7,4,invalid_request,,,hilbert-river revision 1 seed 20015 [validation]: No crossing court fits outside the reserved homes.
service-bulk-training,06d51b8642bc4e30f3417e4610e1137c,35,20015,9,7,4,success,,,hilbert-river revision 1 seed 20015 [complete]:
service-bulk-training,d5611a114c4c63b24b3e9cac1c8d2777,35,20015,7,7,5,invalid_request,,,hilbert-river revision 1 seed 20015 [validation]: Cannot fit 5 separated 56×56 home/farm modules on this terrain; enlarge the map or reduce colonies/folds/lake size.
service-bulk-training,b37bf5695c5c11981efd645fccf56a57,35,20015,8,7,5,invalid_request,,,hilbert-river revision 1 seed 20015 [validation]: No crossing court fits outside the reserved homes.
service-bulk-training,341b653837acc34fbc2f603e77ea2591,35,20015,9,7,5,success,,,hilbert-river revision 1 seed 20015 [complete]:
service-bulk-training,35c150d19629598a8013af1cdb3de3ce,35,20015,7,7,6,invalid_request,,,hilbert-river revision 1 seed 20015 [validation]: Cannot fit 6 separated 56×56 home/farm modules on this terrain; enlarge the map or reduce colonies/folds/lake size.
service-bulk-training,75b603a944f0d37e1a0e6233a4117682,35,20015,8,7,6,invalid_request,,,hilbert-river revision 1 seed 20015 [validation]: No crossing court fits outside the reserved homes.
service-bulk-training,0430204dcbd4e86be2c344aa521dc543,35,20015,9,7,6,success,,,hilbert-river revision 1 seed 20015 [complete]:
service-bulk-training,621b5f7f8c160a8ee2d572f0fc6f844a,35,20015,7,7,7,invalid_request,,,hilbert-river revision 1 seed 20015 [validation]: Cannot fit 7 separated 56×56 home/farm modules on this terrain; enlarge the map or reduce colonies/folds/lake size.
service-bulk-training,acb7af142b1ae264b533a2296b9abd18,35,20015,8,7,7,invalid_request,,,hilbert-river revision 1 seed 20015 [validation]: No crossing court fits outside the reserved homes.
service-bulk-training,37bf21e70f7e88dee642648cdb3696e0,35,20015,9,7,7,success,,,hilbert-river revision 1 seed 20015 [complete]:
service-bulk-training,5f926c4d6aa97c0bc7dfe7dfb3cb3e0f,35,20015,7,7,8,invalid_request,,,hilbert-river revision 1 seed 20015 [validation]: Cannot fit 8 separated 56×56 home/farm modules on this terrain; enlarge the map or reduce colonies/folds/lake size.
service-bulk-training,6fe284fd0f70b509ecdba0dc88aa557f,35,20015,8,7,8,invalid_request,,,hilbert-river revision 1 seed 20015 [validation]: Cannot fit 8 separated 56×56 home/farm modules on this terrain; enlarge the map or reduce colonies/folds/lake size.
service-bulk-training,0b935e67ca8bc366c719458ee110c871,35,20015,9,7,8,success,,,hilbert-river revision 1 seed 20015 [complete]:
service-bulk-training,4bf5824d3dfe1d79fd686c0ca402f134,35,20015,7,8,2,success,,,hilbert-river revision 1 seed 20015 [complete]:
service-bulk-training,860eb47990a06398ea9bcc1544525786,35,20015,8,8,2,success,,,hilbert-river revision 1 seed 20015 [complete]:
service-bulk-training,b47f095cd52ffe24ee5256c125dde9db,35,20015,9,8,2,success,,,hilbert-river revision 1 seed 20015 [complete]:
service-bulk-training,58ebeaf39b7e5fab45969467949a9648,35,20015,7,8,3,success,,,hilbert-river revision 1 seed 20015 [complete]:
service-bulk-training,e5e6626eb27ee92cc80fa5dfc09bfd59,35,20015,8,8,3,success,,,hilbert-river revision 1 seed 20015 [complete]:
service-bulk-training,ab7f11a60c2d24099d40e1813309d34a,35,20015,9,8,3,success,,,hilbert-river revision 1 seed 20015 [complete]:
service-bulk-training,00f2bb9f6942d81bd15049fac0f8921f,35,20015,7,8,4,success,,,hilbert-river revision 1 seed 20015 [complete]:
service-bulk-training,f7d265668113ac0b07b3323caf8b9970,35,20015,8,8,4,success,,,hilbert-river revision 1 seed 20015 [complete]:
service-bulk-training,417db19b2e9d06edc83fac641d451f23,35,20015,9,8,4,success,,,hilbert-river revision 1 seed 20015 [complete]:
service-bulk-training,d8a676b55ae68fd7707d222e0f87d12e,35,20015,7,8,5,success,,,hilbert-river revision 1 seed 20015 [complete]:
service-bulk-training,965889fc851d341c0ac77bd2d72ef4bf,35,20015,8,8,5,success,,,hilbert-river revision 1 seed 20015 [complete]:
service-bulk-training,ee3acf1315331ecab9e480600f0414dd,35,20015,9,8,5,success,,,hilbert-river revision 1 seed 20015 [complete]:
service-bulk-training,795da762916e4480a8551f930155cbbe,35,20015,7,8,6,success,,,hilbert-river revision 1 seed 20015 [complete]:
service-bulk-training,4013bebf601bda6db9254171f736b6bf,35,20015,8,8,6,success,,,hilbert-river revision 1 seed 20015 [complete]:
service-bulk-training,bef5dd91646bfba988b05b92c40b46cd,35,20015,9,8,6,success,,,hilbert-river revision 1 seed 20015 [complete]:
service-bulk-training,f288aa91f093d3465e6f2275cbf1de5e,35,20015,7,8,7,success,,,hilbert-river revision 1 seed 20015 [complete]:
service-bulk-training,6ac80ff15203a7493c2c192a9a4be465,35,20015,8,8,7,success,,,hilbert-river revision 1 seed 20015 [complete]:
service-bulk-training,f02d6d48a561c82b4cc8d6b018963933,35,20015,9,8,7,success,,,hilbert-river revision 1 seed 20015 [complete]:
service-bulk-training,89aec0c680f6e3288fe2c7e5c66bb13b,35,20015,7,8,8,invalid_request,,,hilbert-river revision 1 seed 20015 [validation]: Cannot fit 8 separated 56×56 home/farm modules on this terrain; enlarge the map or reduce colonies/folds/lake size.
service-bulk-training,6264d1feb7b46d280ca5812a16dbd15c,35,20015,8,8,8,success,,,hilbert-river revision 1 seed 20015 [complete]:
service-bulk-training,7624795bd489f5c005b562d7046ca919,35,20015,9,8,8,success,,,hilbert-river revision 1 seed 20015 [complete]:
service-bulk-training,a3bebbf7f98fc3e48e00de7d2242b8f2,35,20015,7,9,2,success,,,hilbert-river revision 1 seed 20015 [complete]:
service-bulk-training,aa024b6282d5ca3a2575ee2e6044e73c,35,20015,8,9,2,success,,,hilbert-river revision 1 seed 20015 [complete]:
service-bulk-training,501c0a6877867a725db277ac2210eed2,35,20015,9,9,2,success,,,hilbert-river revision 1 seed 20015 [complete]:
service-bulk-training,04b78310478d50f8ba8b20f31ef7a0e5,35,20015,7,9,3,success,,,hilbert-river revision 1 seed 20015 [complete]:
service-bulk-training,67867707bc8f0bd162fdbaea215c96c0,35,20015,8,9,3,success,,,hilbert-river revision 1 seed 20015 [complete]:
service-bulk-training,769721043d4b2c243cf151b9eb3d72ce,35,20015,9,9,3,success,,,hilbert-river revision 1 seed 20015 [complete]:
service-bulk-training,071ab09fb945866394e5421eb453c467,35,20015,7,9,4,success,,,hilbert-river revision 1 seed 20015 [complete]:
service-bulk-training,7b8da20dd2a7d392bd74c3cb14a79fac,35,20015,8,9,4,success,,,hilbert-river revision 1 seed 20015 [complete]:
service-bulk-training,689558c5d063baa9a2cab949169a9b2a,35,20015,9,9,4,success,,,hilbert-river revision 1 seed 20015 [complete]:
service-bulk-training,5fd89d260f89624b4be52b5608f2474b,35,20015,7,9,5,success,,,hilbert-river revision 1 seed 20015 [complete]:
service-bulk-training,49898678f80f64e0b2db564857bd5d09,35,20015,8,9,5,success,,,hilbert-river revision 1 seed 20015 [complete]:
service-bulk-training,943d324efa55245efdf23e0f430a69a9,35,20015,9,9,5,success,,,hilbert-river revision 1 seed 20015 [complete]:
service-bulk-training,3092917ece8256481141940a55274ee0,35,20015,7,9,6,success,,,hilbert-river revision 1 seed 20015 [complete]:
service-bulk-training,d3a62e19061a30ebe1d1273641b2311b,35,20015,8,9,6,success,,,hilbert-river revision 1 seed 20015 [complete]:
service-bulk-training,f69570ee2bd2408789e46698289cd3e0,35,20015,9,9,6,success,,,hilbert-river revision 1 seed 20015 [complete]:
service-bulk-training,1e11487998d7971533fc06346b63f3cb,35,20015,7,9,7,invalid_request,,,hilbert-river revision 1 seed 20015 [validation]: No crossing court fits outside the reserved homes.
service-bulk-training,440d30030f656a6386340bffdc43eba1,35,20015,8,9,7,success,,,hilbert-river revision 1 seed 20015 [complete]:
service-bulk-training,c4e72978768d9ab0fc4c31f7f713f698,35,20015,9,9,7,success,,,hilbert-river revision 1 seed 20015 [complete]:
service-bulk-training,96b2c8a422e9ea0a9afe55f63843dc0c,35,20015,7,9,8,invalid_request,,,hilbert-river revision 1 seed 20015 [validation]: No crossing court fits outside the reserved homes.
service-bulk-training,9dd0d1fd78d4dd7c3ca70da52a7e5967,35,20015,8,9,8,success,,,hilbert-river revision 1 seed 20015 [complete]:
service-bulk-training,d32b138657e4cca14072e7a415a9dadd,35,20015,9,9,8,success,,,hilbert-river revision 1 seed 20015 [complete]:
service-bulk-training,735e0e467e28b4355e622d088730b7d3,35,20016,8,8,4,success,,,hilbert-river revision 1 seed 20016 [complete]:
service-bulk-training,283420f5557a10812dd3e51353286da1,35,20016,7,7,2,invalid_request,,,hilbert-river revision 1 seed 20016 [validation]: No crossing court fits outside the reserved homes.
service-bulk-training,cb9e7f37f899710d8809d5a731608938,35,20016,8,7,2,success,,,hilbert-river revision 1 seed 20016 [complete]:
service-bulk-training,7fafa2c6d75a0560cccc4f770b97bbac,35,20016,9,7,2,success,,,hilbert-river revision 1 seed 20016 [complete]:
service-bulk-training,d7811c6f5aec4eeb57f29b0a3a719ce3,35,20016,7,7,3,invalid_request,,,hilbert-river revision 1 seed 20016 [validation]: No crossing court fits outside the reserved homes.
service-bulk-training,bf1a3483a526703bc7d69cf4360ec8c8,35,20016,8,7,3,success,,,hilbert-river revision 1 seed 20016 [complete]:
service-bulk-training,a5724f0ff01b1d512efc2f1519269239,35,20016,9,7,3,success,,,hilbert-river revision 1 seed 20016 [complete]:
service-bulk-training,d4ba3d8a83d6ea781797da3a9c19d286,35,20016,7,7,4,invalid_request,,,hilbert-river revision 1 seed 20016 [validation]: No crossing court fits outside the reserved homes.
service-bulk-training,902fe0f4052ac0703789cb99527377ba,35,20016,8,7,4,invalid_request,,,hilbert-river revision 1 seed 20016 [validation]: No crossing court fits outside the reserved homes.
service-bulk-training,8ab411427768d9751555cd526e6af6d8,35,20016,9,7,4,success,,,hilbert-river revision 1 seed 20016 [complete]:
service-bulk-training,4609e49dea5a6bb7a3074ddde9a53bba,35,20016,7,7,5,invalid_request,,,hilbert-river revision 1 seed 20016 [validation]: Cannot fit 5 separated 56×56 home/farm modules on this terrain; enlarge the map or reduce colonies/folds/lake size.
service-bulk-training,28f99dbdc18df3c55a6b50a07f145b4b,35,20016,8,7,5,invalid_request,,,hilbert-river revision 1 seed 20016 [validation]: No crossing court fits outside the reserved homes.
service-bulk-training,9e5c3c6fcdb73629aa59c773c6b3191d,35,20016,9,7,5,success,,,hilbert-river revision 1 seed 20016 [complete]:
service-bulk-training,7b5c63e3a3ee010cc99e14e085b81f84,35,20016,7,7,6,invalid_request,,,hilbert-river revision 1 seed 20016 [validation]: Cannot fit 6 separated 56×56 home/farm modules on this terrain; enlarge the map or reduce colonies/folds/lake size.
service-bulk-training,0a67e3a21bf49897fd66dd91dad523d0,35,20016,8,7,6,invalid_request,,,hilbert-river revision 1 seed 20016 [validation]: No crossing court fits outside the reserved homes.
service-bulk-training,ba34d51ca574621bcc7e7f36189e79e2,35,20016,9,7,6,success,,,hilbert-river revision 1 seed 20016 [complete]:
service-bulk-training,62a1fddca0a81a1097ad91e4c72e1256,35,20016,7,7,7,invalid_request,,,hilbert-river revision 1 seed 20016 [validation]: Cannot fit 7 separated 56×56 home/farm modules on this terrain; enlarge the map or reduce colonies/folds/lake size.
service-bulk-training,c4d9674cbab4b2c4d4477c7780d2ce92,35,20016,8,7,7,invalid_request,,,hilbert-river revision 1 seed 20016 [validation]: No crossing court fits outside the reserved homes.
service-bulk-training,efbba56b47a5bc4b7984802a6bb23c47,35,20016,9,7,7,success,,,hilbert-river revision 1 seed 20016 [complete]:
service-bulk-training,1632cd2dc7b0df142ce4137d06c519db,35,20016,7,7,8,invalid_request,,,hilbert-river revision 1 seed 20016 [validation]: Cannot fit 8 separated 56×56 home/farm modules on this terrain; enlarge the map or reduce colonies/folds/lake size.
service-bulk-training,22fa3a08b06d9c9fb290a8d58c0ef987,35,20016,8,7,8,invalid_request,,,hilbert-river revision 1 seed 20016 [validation]: Cannot fit 8 separated 56×56 home/farm modules on this terrain; enlarge the map or reduce colonies/folds/lake size.
service-bulk-training,766e35fda047bf74c7e8dbb30ea586ab,35,20016,9,7,8,success,,,hilbert-river revision 1 seed 20016 [complete]:
service-bulk-training,7e1adb041aa445d88344192fb5722f2e,35,20016,7,8,2,success,,,hilbert-river revision 1 seed 20016 [complete]:
service-bulk-training,3dd72ad35b73317a8cc4a1ea3a45e20f,35,20016,8,8,2,success,,,hilbert-river revision 1 seed 20016 [complete]:
service-bulk-training,1c5b553e74e0ab21d285b9226d7041af,35,20016,9,8,2,success,,,hilbert-river revision 1 seed 20016 [complete]:
service-bulk-training,e1ac899bf5c5f34e0ed4c30f833f744c,35,20016,7,8,3,success,,,hilbert-river revision 1 seed 20016 [complete]:
service-bulk-training,c5e8b8fe3484dd21f7429380116d1a9b,35,20016,8,8,3,success,,,hilbert-river revision 1 seed 20016 [complete]:
service-bulk-training,b3a2cfd0cc36df6bf9338079568fc6b2,35,20016,9,8,3,success,,,hilbert-river revision 1 seed 20016 [complete]:
service-bulk-training,d9c588c3e39dbef928c8fd4374ad7271,35,20016,7,8,4,success,,,hilbert-river revision 1 seed 20016 [complete]:
service-bulk-training,8bfac69e2f64fb7ab728a75cd90a6fd4,35,20016,8,8,4,success,,,hilbert-river revision 1 seed 20016 [complete]:
service-bulk-training,45f6eaef75859b18d57d7c2c7bce58a4,35,20016,9,8,4,success,,,hilbert-river revision 1 seed 20016 [complete]:
service-bulk-training,b2e04c8e23583ab9ddd5cf7ab089179f,35,20016,7,8,5,success,,,hilbert-river revision 1 seed 20016 [complete]:
service-bulk-training,72fe7f19bb2f81d61551f1fbe16415fc,35,20016,8,8,5,success,,,hilbert-river revision 1 seed 20016 [complete]:
service-bulk-training,d1ebfad30880e0065273479968c54c88,35,20016,9,8,5,success,,,hilbert-river revision 1 seed 20016 [complete]:
service-bulk-training,16ac78ddfdc3d30600fc520fb3d65a7c,35,20016,7,8,6,success,,,hilbert-river revision 1 seed 20016 [complete]:
service-bulk-training,ebdab6f11fbfb7b424f6ece7830e3962,35,20016,8,8,6,success,,,hilbert-river revision 1 seed 20016 [complete]:
service-bulk-training,f64bd9f1771f7356ca90cd16d61f8e3e,35,20016,9,8,6,success,,,hilbert-river revision 1 seed 20016 [complete]:
service-bulk-training,c7f39bf63e3965acef0d41564920a839,35,20016,7,8,7,invalid_request,,,hilbert-river revision 1 seed 20016 [validation]: No crossing court fits outside the reserved homes.
service-bulk-training,1fead4f7101889095c83d1875bdae7f1,35,20016,8,8,7,success,,,hilbert-river revision 1 seed 20016 [complete]:
service-bulk-training,60cf02a885491cba858e54fed249b1c3,35,20016,9,8,7,success,,,hilbert-river revision 1 seed 20016 [complete]:
service-bulk-training,b2fd7732a59305338b5ab3de16af41cd,35,20016,7,8,8,invalid_request,,,hilbert-river revision 1 seed 20016 [validation]: Cannot fit 8 separated 56×56 home/farm modules on this terrain; enlarge the map or reduce colonies/folds/lake size.
service-bulk-training,69d409957b0211d81f4de34c27e25beb,35,20016,8,8,8,success,,,hilbert-river revision 1 seed 20016 [complete]:
service-bulk-training,d037dbaef49dace69ca1e0923a203e90,35,20016,9,8,8,success,,,hilbert-river revision 1 seed 20016 [complete]:
service-bulk-training,c2d44d88ba2af8dd4694edf8cdddf328,35,20016,7,9,2,success,,,hilbert-river revision 1 seed 20016 [complete]:
service-bulk-training,a1cc6b1b8db856f9248e8b00b996a74a,35,20016,8,9,2,success,,,hilbert-river revision 1 seed 20016 [complete]:
service-bulk-training,975e528395ded48a8e9c27e93a2b1aee,35,20016,9,9,2,success,,,hilbert-river revision 1 seed 20016 [complete]:
service-bulk-training,83329cde93d8e258a546d79bdf188179,35,20016,7,9,3,success,,,hilbert-river revision 1 seed 20016 [complete]:
service-bulk-training,6c04377b6ce821c2f1ed2e02238d3236,35,20016,8,9,3,success,,,hilbert-river revision 1 seed 20016 [complete]:
service-bulk-training,31c62430ec8cc8a8df62eaa5d56b771e,35,20016,9,9,3,success,,,hilbert-river revision 1 seed 20016 [complete]:
service-bulk-training,dcb535518d414c50c1245871737d6b11,35,20016,7,9,4,success,,,hilbert-river revision 1 seed 20016 [complete]:
service-bulk-training,58749fe004e1bb6d9061267d0093c5f0,35,20016,8,9,4,success,,,hilbert-river revision 1 seed 20016 [complete]:
service-bulk-training,ecf2c54b177df433e59ab6683236f735,35,20016,9,9,4,success,,,hilbert-river revision 1 seed 20016 [complete]:
service-bulk-training,05f31d70d976f4ed33dae52cb6194c1e,35,20016,7,9,5,success,,,hilbert-river revision 1 seed 20016 [complete]:
service-bulk-training,9190b27734bdbb38c4a15211588bbd4c,35,20016,8,9,5,success,,,hilbert-river revision 1 seed 20016 [complete]:
service-bulk-training,e235897d4920a53b0b94ad95a2495cc2,35,20016,9,9,5,success,,,hilbert-river revision 1 seed 20016 [complete]:
service-bulk-training,871196a2f34d48ad6c293ccb481b21da,35,20016,7,9,6,success,,,hilbert-river revision 1 seed 20016 [complete]:
service-bulk-training,da002484ec3b60c60594f2d290d2df85,35,20016,8,9,6,success,,,hilbert-river revision 1 seed 20016 [complete]:
service-bulk-training,8d813b6158f7638a15c882e6d3dc4f81,35,20016,9,9,6,success,,,hilbert-river revision 1 seed 20016 [complete]:
service-bulk-training,e630dbe5a068974494816197f33e31c5,35,20016,7,9,7,success,,,hilbert-river revision 1 seed 20016 [complete]:
service-bulk-training,c3b1bc571a76d15603837fa42996c3ca,35,20016,8,9,7,success,,,hilbert-river revision 1 seed 20016 [complete]:
service-bulk-training,720624853fa37cea1031debc38539f27,35,20016,9,9,7,success,,,hilbert-river revision 1 seed 20016 [complete]:
service-bulk-training,d04219efe4e16abf67b272b813362d26,35,20016,7,9,8,success,,,hilbert-river revision 1 seed 20016 [complete]:
service-bulk-training,59849169254c2198a8d1e087a4f8536e,35,20016,8,9,8,success,,,hilbert-river revision 1 seed 20016 [complete]:
service-bulk-training,6c33a982e0f50988797cb045606661d2,35,20016,9,9,8,success,,,hilbert-river revision 1 seed 20016 [complete]:
service-bulk-held-out,1f4127b9a56fccd1aa42420188180435,34,30001,8,8,4,success,,,sierpinski-gardens revision 1 seed 30001 [complete]:
service-bulk-held-out,97660c9d428b77af1e14c5d49add02bc,34,30001,7,7,2,success,,,sierpinski-gardens revision 1 seed 30001 [complete]:
service-bulk-held-out,8ef7d0cff68b0263b9310aebd85cb8ae,34,30001,8,7,2,success,,,sierpinski-gardens revision 1 seed 30001 [complete]:
service-bulk-held-out,f0dff16787467c84792debadc0a11aa3,34,30001,9,7,2,success,,,sierpinski-gardens revision 1 seed 30001 [complete]:
service-bulk-held-out,9f6478b7126b3099cac770673ce8f9c3,34,30001,7,7,3,success,,,sierpinski-gardens revision 1 seed 30001 [complete]:
service-bulk-held-out,6a4f0e971237d8900aeea899396298e5,34,30001,8,7,3,success,,,sierpinski-gardens revision 1 seed 30001 [complete]:
service-bulk-held-out,47cd04c49efcac941fc206bf6b8654a2,34,30001,9,7,3,success,,,sierpinski-gardens revision 1 seed 30001 [complete]:
service-bulk-held-out,708054a6c0bc1a320deff201b997ccf6,34,30001,7,7,4,invalid_request,,,sierpinski-gardens revision 1 seed 30001 [validation]: Cannot fit 4 separated 56×56 home/farm modules on this terrain; enlarge the map or reduce colonies/folds/lake size.
service-bulk-held-out,04483963171ea47afb71c65a4c3fedb1,34,30001,8,7,4,success,,,sierpinski-gardens revision 1 seed 30001 [complete]:
service-bulk-held-out,f611f2f768b2ba712050ef78b901bf27,34,30001,9,7,4,success,,,sierpinski-gardens revision 1 seed 30001 [complete]:
service-bulk-held-out,657075fbf6490b7b2b4ccbf52a4ced9a,34,30001,7,7,5,invalid_request,,,sierpinski-gardens revision 1 seed 30001 [validation]: Cannot fit 5 separated 56×56 home/farm modules on this terrain; enlarge the map or reduce colonies/folds/lake size.
service-bulk-held-out,334191cac0820f146c0e27c0195c5f95,34,30001,8,7,5,success,,,sierpinski-gardens revision 1 seed 30001 [complete]:
service-bulk-held-out,7de2cf2a4697adda9e6d9b924f853264,34,30001,9,7,5,success,,,sierpinski-gardens revision 1 seed 30001 [complete]:
service-bulk-held-out,400bbe788ef117ed6bae03c655fd23fc,34,30001,7,7,6,invalid_request,,,sierpinski-gardens revision 1 seed 30001 [validation]: Cannot fit 6 separated 56×56 home/farm modules on this terrain; enlarge the map or reduce colonies/folds/lake size.
service-bulk-held-out,379ff2393f8e7e07682c452594b8acea,34,30001,8,7,6,success,,,sierpinski-gardens revision 1 seed 30001 [complete]:
service-bulk-held-out,998d53ee31f9fbc097a84dd70c90578a,34,30001,9,7,6,success,,,sierpinski-gardens revision 1 seed 30001 [complete]:
service-bulk-held-out,0b4c8e519a82f883bff16de3b389742e,34,30001,7,7,7,invalid_request,,,sierpinski-gardens revision 1 seed 30001 [validation]: Cannot fit 7 separated 56×56 home/farm modules on this terrain; enlarge the map or reduce colonies/folds/lake size.
service-bulk-held-out,f35bc5d23283cf76754adf7cc6c9ce49,34,30001,8,7,7,invalid_request,,,sierpinski-gardens revision 1 seed 30001 [validation]: Cannot fit 7 separated 56×56 home/farm modules on this terrain; enlarge the map or reduce colonies/folds/lake size.
service-bulk-held-out,537807902e8aa7bd17611d9717686aa8,34,30001,9,7,7,success,,,sierpinski-gardens revision 1 seed 30001 [complete]:
service-bulk-held-out,8b41e1fba20b78cf64c6033378627ec0,34,30001,7,7,8,invalid_request,,,sierpinski-gardens revision 1 seed 30001 [validation]: Cannot fit 8 separated 56×56 home/farm modules on this terrain; enlarge the map or reduce colonies/folds/lake size.
service-bulk-held-out,7791d18cb68a5b3171039923fba20e58,34,30001,8,7,8,invalid_request,,,sierpinski-gardens revision 1 seed 30001 [validation]: Cannot fit 8 separated 56×56 home/farm modules on this terrain; enlarge the map or reduce colonies/folds/lake size.
service-bulk-held-out,67fff8d6cd131faa4b0840d52b54ebd9,34,30001,9,7,8,success,,,sierpinski-gardens revision 1 seed 30001 [complete]:
service-bulk-held-out,6c7ff60586f4f1642eef557f7d058ae4,34,30001,7,8,2,success,,,sierpinski-gardens revision 1 seed 30001 [complete]:
service-bulk-held-out,299989b4b099924587ec5e8ae5d3a9d8,34,30001,8,8,2,success,,,sierpinski-gardens revision 1 seed 30001 [complete]:
service-bulk-held-out,d3d60b7087684dc4f0ee717ff8c4554a,34,30001,9,8,2,success,,,sierpinski-gardens revision 1 seed 30001 [complete]:
service-bulk-held-out,e3b4e58c00cafa699f03adee4a22dc99,34,30001,7,8,3,success,,,sierpinski-gardens revision 1 seed 30001 [complete]:
service-bulk-held-out,9d00a8786b2031d5818971e457ed4de0,34,30001,8,8,3,success,,,sierpinski-gardens revision 1 seed 30001 [complete]:
service-bulk-held-out,b092ce72c5707114a6b97960da333143,34,30001,9,8,3,success,,,sierpinski-gardens revision 1 seed 30001 [complete]:
service-bulk-held-out,5c83cee1633d94008fe03466fa4b0cf0,34,30001,7,8,4,success,,,sierpinski-gardens revision 1 seed 30001 [complete]:
service-bulk-held-out,e363e4f84a94fbdbfe43397c239b9b92,34,30001,8,8,4,success,,,sierpinski-gardens revision 1 seed 30001 [complete]:
service-bulk-held-out,21e9672c774a7004851d7724eca727ca,34,30001,9,8,4,success,,,sierpinski-gardens revision 1 seed 30001 [complete]:
service-bulk-held-out,fd88c95abfa80414718c38eee1462724,34,30001,7,8,5,success,,,sierpinski-gardens revision 1 seed 30001 [complete]:
service-bulk-held-out,31bbaa91e333be055c678f819116d561,34,30001,8,8,5,success,,,sierpinski-gardens revision 1 seed 30001 [complete]:
service-bulk-held-out,7cb8ce20cbc5f058a9c30dc99d2529e2,34,30001,9,8,5,success,,,sierpinski-gardens revision 1 seed 30001 [complete]:
service-bulk-held-out,a2d63f6b4b51fafe9e538772257805e4,34,30001,7,8,6,success,,,sierpinski-gardens revision 1 seed 30001 [complete]:
service-bulk-held-out,e3abaeb355c37e869520c7fc25de7f24,34,30001,8,8,6,success,,,sierpinski-gardens revision 1 seed 30001 [complete]:
service-bulk-held-out,a3240b5e2cf0d1d97b94d22bd6ce6660,34,30001,9,8,6,success,,,sierpinski-gardens revision 1 seed 30001 [complete]:
service-bulk-held-out,636fc025bc266182685a332b577eb0b1,34,30001,7,8,7,invalid_request,,,sierpinski-gardens revision 1 seed 30001 [validation]: Cannot fit 7 separated 56×56 home/farm modules on this terrain; enlarge the map or reduce colonies/folds/lake size.
service-bulk-held-out,0de9f2ba84b07dc56343a7f9dbffcc3f,34,30001,8,8,7,success,,,sierpinski-gardens revision 1 seed 30001 [complete]:
service-bulk-held-out,1d9719febf574e440da30f2c9f2f169d,34,30001,9,8,7,success,,,sierpinski-gardens revision 1 seed 30001 [complete]:
service-bulk-held-out,ea061016d575fd6f7a754c6f8b3101e6,34,30001,7,8,8,invalid_request,,,sierpinski-gardens revision 1 seed 30001 [validation]: Cannot fit 8 separated 56×56 home/farm modules on this terrain; enlarge the map or reduce colonies/folds/lake size.
service-bulk-held-out,7483d9be2335a4903ea90126bf2c52ed,34,30001,8,8,8,success,,,sierpinski-gardens revision 1 seed 30001 [complete]:
service-bulk-held-out,b11b01887a64b2d74f5d77dcd350fbdf,34,30001,9,8,8,success,,,sierpinski-gardens revision 1 seed 30001 [complete]:
service-bulk-held-out,6f40451cada511f76ba9cad273b25518,34,30001,7,9,2,success,,,sierpinski-gardens revision 1 seed 30001 [complete]:
service-bulk-held-out,fdfa0b01189b704735c259a8f19ae088,34,30001,8,9,2,success,,,sierpinski-gardens revision 1 seed 30001 [complete]:
service-bulk-held-out,fcaabf3887d448ba150dbcc02d4b1beb,34,30001,9,9,2,success,,,sierpinski-gardens revision 1 seed 30001 [complete]:
service-bulk-held-out,b1068b5032270f9f3d0dcc36d1a2a786,34,30001,7,9,3,success,,,sierpinski-gardens revision 1 seed 30001 [complete]:
service-bulk-held-out,2b73734e94b8c7e7c2dfc9c63a311086,34,30001,8,9,3,success,,,sierpinski-gardens revision 1 seed 30001 [complete]:
service-bulk-held-out,066290cf44c29378994ef1b6a6ec9a34,34,30001,9,9,3,success,,,sierpinski-gardens revision 1 seed 30001 [complete]:
service-bulk-held-out,597f977db2390a34e22a092bc1ef584a,34,30001,7,9,4,success,,,sierpinski-gardens revision 1 seed 30001 [complete]:
service-bulk-held-out,5cb9b43aebe7a939f6d92f80b867ba2e,34,30001,8,9,4,success,,,sierpinski-gardens revision 1 seed 30001 [complete]:
service-bulk-held-out,e9bfcf676c373221fc43503492fa592d,34,30001,9,9,4,success,,,sierpinski-gardens revision 1 seed 30001 [complete]:
service-bulk-held-out,37c76786a3114324cb5726344f418375,34,30001,7,9,5,success,,,sierpinski-gardens revision 1 seed 30001 [complete]:
service-bulk-held-out,4b7c5a3920e3878104f5be7bb2f9a04b,34,30001,8,9,5,success,,,sierpinski-gardens revision 1 seed 30001 [complete]:
service-bulk-held-out,26575a0e6ff422837d7ded51add6ed4c,34,30001,9,9,5,success,,,sierpinski-gardens revision 1 seed 30001 [complete]:
service-bulk-held-out,b05c8a61d5ce09106966acd8c19e4e22,34,30001,7,9,6,success,,,sierpinski-gardens revision 1 seed 30001 [complete]:
service-bulk-held-out,a19fad853741e9855343f74fa172f759,34,30001,8,9,6,success,,,sierpinski-gardens revision 1 seed 30001 [complete]:
service-bulk-held-out,49945a9041adf0a3e4e49e0ea1ac197c,34,30001,9,9,6,success,,,sierpinski-gardens revision 1 seed 30001 [complete]:
service-bulk-held-out,d81b4e9bfa9f9000fbd1f84999380066,34,30001,7,9,7,success,,,sierpinski-gardens revision 1 seed 30001 [complete]:
service-bulk-held-out,2a4b2c7b0235774e1a105ac5df1630af,34,30001,8,9,7,success,,,sierpinski-gardens revision 1 seed 30001 [complete]:
service-bulk-held-out,3a9e328d9929096848873a0c39f66bee,34,30001,9,9,7,success,,,sierpinski-gardens revision 1 seed 30001 [complete]:
service-bulk-held-out,37f083e7a6011d3681c5f2407ead4992,34,30001,7,9,8,success,,,sierpinski-gardens revision 1 seed 30001 [complete]:
service-bulk-held-out,b82c73b4063d92ff50b66f39ca2e57b6,34,30001,8,9,8,success,,,sierpinski-gardens revision 1 seed 30001 [complete]:
service-bulk-held-out,70b4f061893033cce0197c34357e5c1e,34,30001,9,9,8,success,,,sierpinski-gardens revision 1 seed 30001 [complete]:
service-bulk-held-out,2a1a01945a8079142f62c639762d558a,34,30002,8,8,4,success,,,sierpinski-gardens revision 1 seed 30002 [complete]:
service-bulk-held-out,11b37c5c249ae24ad289691aabb04e63,34,30002,7,7,2,success,,,sierpinski-gardens revision 1 seed 30002 [complete]:
service-bulk-held-out,c517f7f2b9803bdb4bb42c16efeaa88d,34,30002,8,7,2,success,,,sierpinski-gardens revision 1 seed 30002 [complete]:
service-bulk-held-out,de4c2ad73fa1648a7139ffe50f3a0f04,34,30002,9,7,2,success,,,sierpinski-gardens revision 1 seed 30002 [complete]:
service-bulk-held-out,e73c92ab1e3b7197e4d19919703c3a37,34,30002,7,7,3,success,,,sierpinski-gardens revision 1 seed 30002 [complete]:
service-bulk-held-out,7686e43a9be40dc1af140b48c4b5527f,34,30002,8,7,3,success,,,sierpinski-gardens revision 1 seed 30002 [complete]:
service-bulk-held-out,38d2c0b5313a50985d76d574c0895965,34,30002,9,7,3,success,,,sierpinski-gardens revision 1 seed 30002 [complete]:
service-bulk-held-out,77c70fd6217ce6d90598d3ea9848d01b,34,30002,7,7,4,invalid_request,,,sierpinski-gardens revision 1 seed 30002 [validation]: Cannot fit 4 separated 56×56 home/farm modules on this terrain; enlarge the map or reduce colonies/folds/lake size.
service-bulk-held-out,8b4866c4539e64c63b57cef6f1f64e56,34,30002,8,7,4,success,,,sierpinski-gardens revision 1 seed 30002 [complete]:
service-bulk-held-out,56d3eb3074e5209a184f52bc0e07aa56,34,30002,9,7,4,success,,,sierpinski-gardens revision 1 seed 30002 [complete]:
service-bulk-held-out,08e3522e6ca19e778ba70a7f7f4a3645,34,30002,7,7,5,invalid_request,,,sierpinski-gardens revision 1 seed 30002 [validation]: Cannot fit 5 separated 56×56 home/farm modules on this terrain; enlarge the map or reduce colonies/folds/lake size.
service-bulk-held-out,c853aab1d01b01206ff4bdecd8709a36,34,30002,8,7,5,success,,,sierpinski-gardens revision 1 seed 30002 [complete]:
service-bulk-held-out,01abd6de25bd7b891a06796308d521ba,34,30002,9,7,5,success,,,sierpinski-gardens revision 1 seed 30002 [complete]:
service-bulk-held-out,ede6568d05f3ef5560a7a497eed5198d,34,30002,7,7,6,invalid_request,,,sierpinski-gardens revision 1 seed 30002 [validation]: Cannot fit 6 separated 56×56 home/farm modules on this terrain; enlarge the map or reduce colonies/folds/lake size.
service-bulk-held-out,59a87dc16d57eeb9da8905d53f8c4c4c,34,30002,8,7,6,success,,,sierpinski-gardens revision 1 seed 30002 [complete]:
service-bulk-held-out,854dcbd82594a6b4cd241680cd591914,34,30002,9,7,6,success,,,sierpinski-gardens revision 1 seed 30002 [complete]:
service-bulk-held-out,189eb179f670626419073c5b20b8c387,34,30002,7,7,7,invalid_request,,,sierpinski-gardens revision 1 seed 30002 [validation]: Cannot fit 7 separated 56×56 home/farm modules on this terrain; enlarge the map or reduce colonies/folds/lake size.
service-bulk-held-out,0cb107b4e561e0b220f1adbd3fd280ff,34,30002,8,7,7,invalid_request,,,sierpinski-gardens revision 1 seed 30002 [validation]: Cannot fit 7 separated 56×56 home/farm modules on this terrain; enlarge the map or reduce colonies/folds/lake size.
service-bulk-held-out,f8992f983c556e3b636f3b97dc933fc2,34,30002,9,7,7,success,,,sierpinski-gardens revision 1 seed 30002 [complete]:
service-bulk-held-out,23cbd22e4ec888811585b2de96f8fa4d,34,30002,7,7,8,invalid_request,,,sierpinski-gardens revision 1 seed 30002 [validation]: Cannot fit 8 separated 56×56 home/farm modules on this terrain; enlarge the map or reduce colonies/folds/lake size.
service-bulk-held-out,f4393459db1e54047a78bf0f4ab3dcda,34,30002,8,7,8,invalid_request,,,sierpinski-gardens revision 1 seed 30002 [validation]: Cannot fit 8 separated 56×56 home/farm modules on this terrain; enlarge the map or reduce colonies/folds/lake size.
service-bulk-held-out,5dfe70eb6d659a82ed8692ea20820657,34,30002,9,7,8,success,,,sierpinski-gardens revision 1 seed 30002 [complete]:
service-bulk-held-out,371f6e446a35257ece8d2c41874a3930,34,30002,7,8,2,success,,,sierpinski-gardens revision 1 seed 30002 [complete]:
service-bulk-held-out,4f77b01d1f71a528aadb9c9b545fd4aa,34,30002,8,8,2,success,,,sierpinski-gardens revision 1 seed 30002 [complete]:
service-bulk-held-out,942a6718a49c6e30add04d5e8c6f0ca0,34,30002,9,8,2,success,,,sierpinski-gardens revision 1 seed 30002 [complete]:
service-bulk-held-out,6e7e06f150615ddce37088ddc6641733,34,30002,7,8,3,success,,,sierpinski-gardens revision 1 seed 30002 [complete]:
service-bulk-held-out,de3ba53228f10137190ef779846864a0,34,30002,8,8,3,success,,,sierpinski-gardens revision 1 seed 30002 [complete]:
service-bulk-held-out,f0dd3cb890f1f71dc03a2bb8236f655e,34,30002,9,8,3,success,,,sierpinski-gardens revision 1 seed 30002 [complete]:
service-bulk-held-out,fd62aa3deaeb832854af7b88b015e49c,34,30002,7,8,4,success,,,sierpinski-gardens revision 1 seed 30002 [complete]:
service-bulk-held-out,13e5de79b025916caac1339a8ba6e323,34,30002,8,8,4,success,,,sierpinski-gardens revision 1 seed 30002 [complete]:
service-bulk-held-out,b9e71d603714c0fc99c8035c57e2c132,34,30002,9,8,4,success,,,sierpinski-gardens revision 1 seed 30002 [complete]:
service-bulk-held-out,988a3b6d22941083c339f1633d3bb5bf,34,30002,7,8,5,success,,,sierpinski-gardens revision 1 seed 30002 [complete]:
service-bulk-held-out,d255246746c42134857898be7b2990f5,34,30002,8,8,5,success,,,sierpinski-gardens revision 1 seed 30002 [complete]:
service-bulk-held-out,18c6c8caa60b5b6c1f9ed4efeb321785,34,30002,9,8,5,success,,,sierpinski-gardens revision 1 seed 30002 [complete]:
service-bulk-held-out,37d1bfafb73aa01ead61a1bf5e375f17,34,30002,7,8,6,success,,,sierpinski-gardens revision 1 seed 30002 [complete]:
service-bulk-held-out,b5cdfe68bc0e005d6553a9a9fe343dc6,34,30002,8,8,6,success,,,sierpinski-gardens revision 1 seed 30002 [complete]:
service-bulk-held-out,9028f7f937871cff903df3a8d143cbd4,34,30002,9,8,6,success,,,sierpinski-gardens revision 1 seed 30002 [complete]:
service-bulk-held-out,c48fd18ecc4e197c8f555b18c4464827,34,30002,7,8,7,invalid_request,,,sierpinski-gardens revision 1 seed 30002 [validation]: Cannot fit 7 separated 56×56 home/farm modules on this terrain; enlarge the map or reduce colonies/folds/lake size.
service-bulk-held-out,b4e7ea4b930ec36f04d561baea76c770,34,30002,8,8,7,success,,,sierpinski-gardens revision 1 seed 30002 [complete]:
service-bulk-held-out,3f5cebd292b34f34155671238dc07792,34,30002,9,8,7,success,,,sierpinski-gardens revision 1 seed 30002 [complete]:
service-bulk-held-out,a9b5647d469e95511c643ca4eb1e77ce,34,30002,7,8,8,invalid_request,,,sierpinski-gardens revision 1 seed 30002 [validation]: Cannot fit 8 separated 56×56 home/farm modules on this terrain; enlarge the map or reduce colonies/folds/lake size.
service-bulk-held-out,eab11d8428f452ba86759a2951d4ca69,34,30002,8,8,8,success,,,sierpinski-gardens revision 1 seed 30002 [complete]:
service-bulk-held-out,c486b9149f7d20c792b3af6529931900,34,30002,9,8,8,success,,,sierpinski-gardens revision 1 seed 30002 [complete]:
service-bulk-held-out,e1a3f0dc7b4b8fd59d43d9561035b2f0,34,30002,7,9,2,success,,,sierpinski-gardens revision 1 seed 30002 [complete]:
service-bulk-held-out,3bdfaa65bed0839256213989dff768b6,34,30002,8,9,2,success,,,sierpinski-gardens revision 1 seed 30002 [complete]:
service-bulk-held-out,ae3dfabb10fa2bb646943cefe5881655,34,30002,9,9,2,success,,,sierpinski-gardens revision 1 seed 30002 [complete]:
service-bulk-held-out,215c40591ad1b0a525da38c915aac4f1,34,30002,7,9,3,success,,,sierpinski-gardens revision 1 seed 30002 [complete]:
service-bulk-held-out,462755f1a26aec7fff348434e2a2c044,34,30002,8,9,3,success,,,sierpinski-gardens revision 1 seed 30002 [complete]:
service-bulk-held-out,ddd396a4a27c350ab175ce371a0fe249,34,30002,9,9,3,success,,,sierpinski-gardens revision 1 seed 30002 [complete]:
service-bulk-held-out,07db929fea5a92f769ceaac154efaa81,34,30002,7,9,4,success,,,sierpinski-gardens revision 1 seed 30002 [complete]:
service-bulk-held-out,5ef9becff7779d773aa7c71ea9b991b9,34,30002,8,9,4,success,,,sierpinski-gardens revision 1 seed 30002 [complete]:
service-bulk-held-out,3deb541ace76ef54118f218a57c702d0,34,30002,9,9,4,success,,,sierpinski-gardens revision 1 seed 30002 [complete]:
service-bulk-held-out,06926a2cd0e206d7e0f2ee7a3fcddd19,34,30002,7,9,5,success,,,sierpinski-gardens revision 1 seed 30002 [complete]:
service-bulk-held-out,4c0106f5c8ce93174ceb1bfc010525b4,34,30002,8,9,5,success,,,sierpinski-gardens revision 1 seed 30002 [complete]:
service-bulk-held-out,441ad41f488946bc4e30dc98f887c41e,34,30002,9,9,5,success,,,sierpinski-gardens revision 1 seed 30002 [complete]:
service-bulk-held-out,99ecd7eae9b320a8a7d4fb6c587c9d75,34,30002,7,9,6,success,,,sierpinski-gardens revision 1 seed 30002 [complete]:
service-bulk-held-out,84961c52e7a1696bfc8594e5f25b4d61,34,30002,8,9,6,success,,,sierpinski-gardens revision 1 seed 30002 [complete]:
service-bulk-held-out,4c697881c6c3bbceea8bfb72a64130b6,34,30002,9,9,6,success,,,sierpinski-gardens revision 1 seed 30002 [complete]:
service-bulk-held-out,d0c05db461f668d3166640d0977b1078,34,30002,7,9,7,success,,,sierpinski-gardens revision 1 seed 30002 [complete]:
service-bulk-held-out,5e6214b3fcc0c15f27e0afef0e5237f1,34,30002,8,9,7,success,,,sierpinski-gardens revision 1 seed 30002 [complete]:
service-bulk-held-out,e974492bd89d89965ff1eccc8cd428db,34,30002,9,9,7,success,,,sierpinski-gardens revision 1 seed 30002 [complete]:
service-bulk-held-out,b4552112bbc4fc31e871b434d08e7d73,34,30002,7,9,8,success,,,sierpinski-gardens revision 1 seed 30002 [complete]:
service-bulk-held-out,49da068aed16380d1fcbd2ade07e753e,34,30002,8,9,8,success,,,sierpinski-gardens revision 1 seed 30002 [complete]:
service-bulk-held-out,0715bef2538b3b64ff461faec2216cdc,34,30002,9,9,8,success,,,sierpinski-gardens revision 1 seed 30002 [complete]:
service-bulk-held-out,b6d273a1816c1a6d0d17c2cc1da01431,34,30003,8,8,4,success,,,sierpinski-gardens revision 1 seed 30003 [complete]:
service-bulk-held-out,1afa2f81d94deac448cbc2dac3195122,34,30003,7,7,2,success,,,sierpinski-gardens revision 1 seed 30003 [complete]:
service-bulk-held-out,c2e7dadf8a46647d9a8089edd4339bd7,34,30003,8,7,2,success,,,sierpinski-gardens revision 1 seed 30003 [complete]:
service-bulk-held-out,08d58398057c7e8f2086f815825b156c,34,30003,9,7,2,success,,,sierpinski-gardens revision 1 seed 30003 [complete]:
service-bulk-held-out,efc0d8b4a06e1f5efcf23a9bb2a8b42c,34,30003,7,7,3,success,,,sierpinski-gardens revision 1 seed 30003 [complete]:
service-bulk-held-out,5bfb67b34a301191fcd5b7e67cb8e9df,34,30003,8,7,3,success,,,sierpinski-gardens revision 1 seed 30003 [complete]:
service-bulk-held-out,e091ca51cbeb662b3f6952562eb7f013,34,30003,9,7,3,success,,,sierpinski-gardens revision 1 seed 30003 [complete]:
service-bulk-held-out,70bae46059ef89d689ec2d253e2d0d64,34,30003,7,7,4,invalid_request,,,sierpinski-gardens revision 1 seed 30003 [validation]: Cannot fit 4 separated 56×56 home/farm modules on this terrain; enlarge the map or reduce colonies/folds/lake size.
service-bulk-held-out,0977365794b7b2e242305d5d8bc17064,34,30003,8,7,4,success,,,sierpinski-gardens revision 1 seed 30003 [complete]:
service-bulk-held-out,6153fbcc07477eee5f7d4241dbe993f7,34,30003,9,7,4,success,,,sierpinski-gardens revision 1 seed 30003 [complete]:
service-bulk-held-out,eced38d5e5d4ec9d1896aa2292003f50,34,30003,7,7,5,invalid_request,,,sierpinski-gardens revision 1 seed 30003 [validation]: Cannot fit 5 separated 56×56 home/farm modules on this terrain; enlarge the map or reduce colonies/folds/lake size.
service-bulk-held-out,c712e7b90bc904c20c2e0bc253e77392,34,30003,8,7,5,success,,,sierpinski-gardens revision 1 seed 30003 [complete]:
service-bulk-held-out,6f77b940be02fab2ed1dbfcd8b66a575,34,30003,9,7,5,success,,,sierpinski-gardens revision 1 seed 30003 [complete]:
service-bulk-held-out,f30b9d55f9f83073dd48d7302f6de0a6,34,30003,7,7,6,invalid_request,,,sierpinski-gardens revision 1 seed 30003 [validation]: Cannot fit 6 separated 56×56 home/farm modules on this terrain; enlarge the map or reduce colonies/folds/lake size.
service-bulk-held-out,a537176faea54a4e67cb29d43020fd35,34,30003,8,7,6,success,,,sierpinski-gardens revision 1 seed 30003 [complete]:
service-bulk-held-out,2ffe6209c9cfbf9cecf05f5fed9e3633,34,30003,9,7,6,success,,,sierpinski-gardens revision 1 seed 30003 [complete]:
service-bulk-held-out,c1b679103ebfaabb1745f654071df5d1,34,30003,7,7,7,invalid_request,,,sierpinski-gardens revision 1 seed 30003 [validation]: Cannot fit 7 separated 56×56 home/farm modules on this terrain; enlarge the map or reduce colonies/folds/lake size.
service-bulk-held-out,78793b021aac68679f402eea0931d86b,34,30003,8,7,7,invalid_request,,,sierpinski-gardens revision 1 seed 30003 [validation]: Cannot fit 7 separated 56×56 home/farm modules on this terrain; enlarge the map or reduce colonies/folds/lake size.
service-bulk-held-out,083d31a90164f365d363c2812d5cd7d1,34,30003,9,7,7,success,,,sierpinski-gardens revision 1 seed 30003 [complete]:
service-bulk-held-out,44853f1e935f9bff582cea08a81d625d,34,30003,7,7,8,invalid_request,,,sierpinski-gardens revision 1 seed 30003 [validation]: Cannot fit 8 separated 56×56 home/farm modules on this terrain; enlarge the map or reduce colonies/folds/lake size.
service-bulk-held-out,997d3480359a5b4fada8ea8db968338f,34,30003,8,7,8,invalid_request,,,sierpinski-gardens revision 1 seed 30003 [validation]: Cannot fit 8 separated 56×56 home/farm modules on this terrain; enlarge the map or reduce colonies/folds/lake size.
service-bulk-held-out,57f174445e4ef1de4a78a8fea644dc7b,34,30003,9,7,8,success,,,sierpinski-gardens revision 1 seed 30003 [complete]:
service-bulk-held-out,b6052ac8d72ccf89f0978b43ee499c5e,34,30003,7,8,2,success,,,sierpinski-gardens revision 1 seed 30003 [complete]:
service-bulk-held-out,2e1346acbbfce5101816e7dd9b156cd3,34,30003,8,8,2,success,,,sierpinski-gardens revision 1 seed 30003 [complete]:
service-bulk-held-out,2a03f7188fcf0027928ae3998b08fd56,34,30003,9,8,2,success,,,sierpinski-gardens revision 1 seed 30003 [complete]:
service-bulk-held-out,e447da1e5eb3595768dae66246d2e235,34,30003,7,8,3,success,,,sierpinski-gardens revision 1 seed 30003 [complete]:
service-bulk-held-out,32ae5b6f071d407de21f04acad924632,34,30003,8,8,3,success,,,sierpinski-gardens revision 1 seed 30003 [complete]:
service-bulk-held-out,d05762576addb39904193c99bf08f9f9,34,30003,9,8,3,success,,,sierpinski-gardens revision 1 seed 30003 [complete]:
service-bulk-held-out,3d8de118bd46a599fdef08575288b018,34,30003,7,8,4,success,,,sierpinski-gardens revision 1 seed 30003 [complete]:
service-bulk-held-out,959383889e330f6273b558e31b636c0a,34,30003,8,8,4,success,,,sierpinski-gardens revision 1 seed 30003 [complete]:
service-bulk-held-out,b5e1f93faa71894dacea5fa2b5ec8f50,34,30003,9,8,4,success,,,sierpinski-gardens revision 1 seed 30003 [complete]:
service-bulk-held-out,e6e6083c5d9db2e289bdbcb4a6ba01a9,34,30003,7,8,5,success,,,sierpinski-gardens revision 1 seed 30003 [complete]:
service-bulk-held-out,85310f9b44deab61882bbadd22615922,34,30003,8,8,5,success,,,sierpinski-gardens revision 1 seed 30003 [complete]:
service-bulk-held-out,e5c045147cabf3d8038ba93ffbbd8cb7,34,30003,9,8,5,success,,,sierpinski-gardens revision 1 seed 30003 [complete]:
service-bulk-held-out,8fe0a171463c519f799d7b5f5b13dc9e,34,30003,7,8,6,success,,,sierpinski-gardens revision 1 seed 30003 [complete]:
service-bulk-held-out,4ed04a673c84bdc216b3f346a6c8b069,34,30003,8,8,6,success,,,sierpinski-gardens revision 1 seed 30003 [complete]:
service-bulk-held-out,cd8b03749fa9aca0c133054de15715b8,34,30003,9,8,6,success,,,sierpinski-gardens revision 1 seed 30003 [complete]:
service-bulk-held-out,cab32e64ee16f975a6a8c7e3df99d92f,34,30003,7,8,7,invalid_request,,,sierpinski-gardens revision 1 seed 30003 [validation]: Cannot fit 7 separated 56×56 home/farm modules on this terrain; enlarge the map or reduce colonies/folds/lake size.
service-bulk-held-out,9fe452ebd50e59cdf90631eeb6861715,34,30003,8,8,7,success,,,sierpinski-gardens revision 1 seed 30003 [complete]:
service-bulk-held-out,2078eb33633382df835b2e47177fcd1c,34,30003,9,8,7,success,,,sierpinski-gardens revision 1 seed 30003 [complete]:
service-bulk-held-out,fdc650928b46004978a5c571a73cf99f,34,30003,7,8,8,invalid_request,,,sierpinski-gardens revision 1 seed 30003 [validation]: Cannot fit 8 separated 56×56 home/farm modules on this terrain; enlarge the map or reduce colonies/folds/lake size.
service-bulk-held-out,fe3b3cabb6579b356893b9ed5186b8e0,34,30003,8,8,8,success,,,sierpinski-gardens revision 1 seed 30003 [complete]:
service-bulk-held-out,10afe76bc4810305bd7312a09acd3aa1,34,30003,9,8,8,success,,,sierpinski-gardens revision 1 seed 30003 [complete]:
service-bulk-held-out,1b9c433b9ce512d592fb8834678d3a89,34,30003,7,9,2,success,,,sierpinski-gardens revision 1 seed 30003 [complete]:
service-bulk-held-out,f7d897231b81c94ebb39c5eca22fac1d,34,30003,8,9,2,success,,,sierpinski-gardens revision 1 seed 30003 [complete]:
service-bulk-held-out,98366e008e151946aad5475b4d4845ec,34,30003,9,9,2,success,,,sierpinski-gardens revision 1 seed 30003 [complete]:
service-bulk-held-out,c1fde1253060d403f867fb66cf33976c,34,30003,7,9,3,success,,,sierpinski-gardens revision 1 seed 30003 [complete]:
service-bulk-held-out,5ae131e2891e6cde4c6bc1745599c51c,34,30003,8,9,3,success,,,sierpinski-gardens revision 1 seed 30003 [complete]:
service-bulk-held-out,e30719b481b6359ea7c7a7e846c6b645,34,30003,9,9,3,success,,,sierpinski-gardens revision 1 seed 30003 [complete]:
service-bulk-held-out,81f77d59aeace5b1b1406e8ce84d51eb,34,30003,7,9,4,success,,,sierpinski-gardens revision 1 seed 30003 [complete]:
service-bulk-held-out,4826e579f86944e91f1572436e92d0d0,34,30003,8,9,4,success,,,sierpinski-gardens revision 1 seed 30003 [complete]:
service-bulk-held-out,e9a48529c150e3e8df4550375531238a,34,30003,9,9,4,success,,,sierpinski-gardens revision 1 seed 30003 [complete]:
service-bulk-held-out,7ab6ff6b59ff516ee5ff64cdb481bf9e,34,30003,7,9,5,success,,,sierpinski-gardens revision 1 seed 30003 [complete]:
service-bulk-held-out,2c1ae87d97db1338309ee9242429d6ca,34,30003,8,9,5,success,,,sierpinski-gardens revision 1 seed 30003 [complete]:
service-bulk-held-out,c108697605d3a88192f69b37adb9c7c0,34,30003,9,9,5,success,,,sierpinski-gardens revision 1 seed 30003 [complete]:
service-bulk-held-out,c06c9fcb0885757bb5fbf5d6bad7e799,34,30003,7,9,6,success,,,sierpinski-gardens revision 1 seed 30003 [complete]:
service-bulk-held-out,960a9557106b1ab55677d788748b86e2,34,30003,8,9,6,success,,,sierpinski-gardens revision 1 seed 30003 [complete]:
service-bulk-held-out,ecf7336053158082ff7d329c9c50514d,34,30003,9,9,6,success,,,sierpinski-gardens revision 1 seed 30003 [complete]:
service-bulk-held-out,4f069411239c8e2d5e1adc9a9e884ada,34,30003,7,9,7,success,,,sierpinski-gardens revision 1 seed 30003 [complete]:
service-bulk-held-out,f5c7aa3d979df0a54e47d64a24fded8c,34,30003,8,9,7,success,,,sierpinski-gardens revision 1 seed 30003 [complete]:
service-bulk-held-out,88ff4ca3a88c2456fefa24d9d5b857b0,34,30003,9,9,7,success,,,sierpinski-gardens revision 1 seed 30003 [complete]:
service-bulk-held-out,9b35c18b48f8e379b64690297cf085d9,34,30003,7,9,8,success,,,sierpinski-gardens revision 1 seed 30003 [complete]:
service-bulk-held-out,3e373e77fe88eb94dc46ee754d23ca12,34,30003,8,9,8,success,,,sierpinski-gardens revision 1 seed 30003 [complete]:
service-bulk-held-out,1e97dc26eef983b0067a8328ddda6b1d,34,30003,9,9,8,success,,,sierpinski-gardens revision 1 seed 30003 [complete]:
service-bulk-held-out,1e4af5dcac5b033f3c842b8a8e289829,34,30004,8,8,4,success,,,sierpinski-gardens revision 1 seed 30004 [complete]:
service-bulk-held-out,14a3620c6fdc48be4aeef5081266f0e0,34,30004,7,7,2,success,,,sierpinski-gardens revision 1 seed 30004 [complete]:
service-bulk-held-out,a7b30e438985260f0afdef3c4577f1fd,34,30004,8,7,2,success,,,sierpinski-gardens revision 1 seed 30004 [complete]:
service-bulk-held-out,c75cd6bd676c5e911fdb745fdcba0f8f,34,30004,9,7,2,success,,,sierpinski-gardens revision 1 seed 30004 [complete]:
service-bulk-held-out,0ee2415611b4bfe08d1fbe8959a6f6bf,34,30004,7,7,3,success,,,sierpinski-gardens revision 1 seed 30004 [complete]:
service-bulk-held-out,5cce3ae952998932405c53864f921c22,34,30004,8,7,3,success,,,sierpinski-gardens revision 1 seed 30004 [complete]:
service-bulk-held-out,93116bbf02dc5201645f36fdced81d84,34,30004,9,7,3,success,,,sierpinski-gardens revision 1 seed 30004 [complete]:
service-bulk-held-out,65609d5c1bc2b42948611d19608dc334,34,30004,7,7,4,invalid_request,,,sierpinski-gardens revision 1 seed 30004 [validation]: Cannot fit 4 separated 56×56 home/farm modules on this terrain; enlarge the map or reduce colonies/folds/lake size.
service-bulk-held-out,4aa8739eb4c5d723516b99ef61e20c3a,34,30004,8,7,4,success,,,sierpinski-gardens revision 1 seed 30004 [complete]:
service-bulk-held-out,a15251d5edca5cc024959e2040760a48,34,30004,9,7,4,success,,,sierpinski-gardens revision 1 seed 30004 [complete]:
service-bulk-held-out,021c825b0f2626d46f8d3b95894455d3,34,30004,7,7,5,invalid_request,,,sierpinski-gardens revision 1 seed 30004 [validation]: Cannot fit 5 separated 56×56 home/farm modules on this terrain; enlarge the map or reduce colonies/folds/lake size.
service-bulk-held-out,8bb016bf1d5378af6372ed51c4762cf7,34,30004,8,7,5,success,,,sierpinski-gardens revision 1 seed 30004 [complete]:
service-bulk-held-out,133e56273bd2d1b83ddec07a634ff50b,34,30004,9,7,5,success,,,sierpinski-gardens revision 1 seed 30004 [complete]:
service-bulk-held-out,b25c3f140188cab8d925f655cef3f3e5,34,30004,7,7,6,invalid_request,,,sierpinski-gardens revision 1 seed 30004 [validation]: Cannot fit 6 separated 56×56 home/farm modules on this terrain; enlarge the map or reduce colonies/folds/lake size.
service-bulk-held-out,729f841402e1b38f3d65bc441c4bc1f9,34,30004,8,7,6,success,,,sierpinski-gardens revision 1 seed 30004 [complete]:
service-bulk-held-out,8a9dc0e8fed190e1d8e47ddccd0f4fa6,34,30004,9,7,6,success,,,sierpinski-gardens revision 1 seed 30004 [complete]:
service-bulk-held-out,0c99c688eaeff0fd853f4925ca069833,34,30004,7,7,7,invalid_request,,,sierpinski-gardens revision 1 seed 30004 [validation]: Cannot fit 7 separated 56×56 home/farm modules on this terrain; enlarge the map or reduce colonies/folds/lake size.
service-bulk-held-out,07a0c1aa932454f94d286e2f8c262724,34,30004,8,7,7,invalid_request,,,sierpinski-gardens revision 1 seed 30004 [validation]: Cannot fit 7 separated 56×56 home/farm modules on this terrain; enlarge the map or reduce colonies/folds/lake size.
service-bulk-held-out,8a4bb62e5bc6985cb9857db034082725,34,30004,9,7,7,success,,,sierpinski-gardens revision 1 seed 30004 [complete]:
service-bulk-held-out,bb7575b6ba10a4273186bb7f76776337,34,30004,7,7,8,invalid_request,,,sierpinski-gardens revision 1 seed 30004 [validation]: Cannot fit 8 separated 56×56 home/farm modules on this terrain; enlarge the map or reduce colonies/folds/lake size.
service-bulk-held-out,ac2cc5ebb23bc45c9ec56cb7d409876d,34,30004,8,7,8,invalid_request,,,sierpinski-gardens revision 1 seed 30004 [validation]: Cannot fit 8 separated 56×56 home/farm modules on this terrain; enlarge the map or reduce colonies/folds/lake size.
service-bulk-held-out,456479f0246b08f156a828c01f58143a,34,30004,9,7,8,success,,,sierpinski-gardens revision 1 seed 30004 [complete]:
service-bulk-held-out,7803ab3d9769896f4cbd7caea1bab8ec,34,30004,7,8,2,success,,,sierpinski-gardens revision 1 seed 30004 [complete]:
service-bulk-held-out,76f674b979d27ca37598f84e2b93d1d6,34,30004,8,8,2,success,,,sierpinski-gardens revision 1 seed 30004 [complete]:
service-bulk-held-out,078b72ea02b87e65fa1a9dbd029433f9,34,30004,9,8,2,success,,,sierpinski-gardens revision 1 seed 30004 [complete]:
service-bulk-held-out,35e96e90e469825fa40c046b52e258ad,34,30004,7,8,3,success,,,sierpinski-gardens revision 1 seed 30004 [complete]:
service-bulk-held-out,f01e5eba8e52924d6b368df6eb93f695,34,30004,8,8,3,success,,,sierpinski-gardens revision 1 seed 30004 [complete]:
service-bulk-held-out,2cd04a1f9d3eb5af60752488231c8ff2,34,30004,9,8,3,success,,,sierpinski-gardens revision 1 seed 30004 [complete]:
service-bulk-held-out,b0076b37c709d886f63cdbed80a1f83a,34,30004,7,8,4,success,,,sierpinski-gardens revision 1 seed 30004 [complete]:
service-bulk-held-out,284fd6198f0eea04a0928014b6ef9268,34,30004,8,8,4,success,,,sierpinski-gardens revision 1 seed 30004 [complete]:
service-bulk-held-out,ba8b2f432d3f54d7ab05c759994f561a,34,30004,9,8,4,success,,,sierpinski-gardens revision 1 seed 30004 [complete]:
service-bulk-held-out,01495c9cae5a2536e6c6b4425ca2703d,34,30004,7,8,5,success,,,sierpinski-gardens revision 1 seed 30004 [complete]:
service-bulk-held-out,73f43be812d4c8695fbfe9a6b0426844,34,30004,8,8,5,success,,,sierpinski-gardens revision 1 seed 30004 [complete]:
service-bulk-held-out,31bf465f26c018f62f9ce2b5c5469ab0,34,30004,9,8,5,success,,,sierpinski-gardens revision 1 seed 30004 [complete]:
service-bulk-held-out,4da45b5fd3dda585d317d60dab63a728,34,30004,7,8,6,success,,,sierpinski-gardens revision 1 seed 30004 [complete]:
service-bulk-held-out,b8816d545139b369e5448ecf6110fd05,34,30004,8,8,6,success,,,sierpinski-gardens revision 1 seed 30004 [complete]:
service-bulk-held-out,8909dbd526b16d3e70a6f7c191aa9af4,34,30004,9,8,6,success,,,sierpinski-gardens revision 1 seed 30004 [complete]:
service-bulk-held-out,10606963b7d5e3b595b5fc134a6bd858,34,30004,7,8,7,invalid_request,,,sierpinski-gardens revision 1 seed 30004 [validation]: Cannot fit 7 separated 56×56 home/farm modules on this terrain; enlarge the map or reduce colonies/folds/lake size.
service-bulk-held-out,24dbda86ae02ae495380b5d0b736f5b6,34,30004,8,8,7,success,,,sierpinski-gardens revision 1 seed 30004 [complete]:
service-bulk-held-out,9f7c8f6145b63af15940b9c780f196fa,34,30004,9,8,7,success,,,sierpinski-gardens revision 1 seed 30004 [complete]:
service-bulk-held-out,2a7805512c4c0b6b048e919ffac2e4fe,34,30004,7,8,8,invalid_request,,,sierpinski-gardens revision 1 seed 30004 [validation]: Cannot fit 8 separated 56×56 home/farm modules on this terrain; enlarge the map or reduce colonies/folds/lake size.
service-bulk-held-out,dfc6e11db97642b3e6c38120d0a51539,34,30004,8,8,8,success,,,sierpinski-gardens revision 1 seed 30004 [complete]:
service-bulk-held-out,923d7710eec52a7401419cbbce4731fa,34,30004,9,8,8,success,,,sierpinski-gardens revision 1 seed 30004 [complete]:
service-bulk-held-out,449119183b318d229878c145c6992008,34,30004,7,9,2,success,,,sierpinski-gardens revision 1 seed 30004 [complete]:
service-bulk-held-out,57e10f5567b9e0f8741bb254dcd95015,34,30004,8,9,2,success,,,sierpinski-gardens revision 1 seed 30004 [complete]:
service-bulk-held-out,3b4853dd8c235abfc22a69ccb22ba555,34,30004,9,9,2,success,,,sierpinski-gardens revision 1 seed 30004 [complete]:
service-bulk-held-out,51a92939fa6d2589ee352b63962b393a,34,30004,7,9,3,success,,,sierpinski-gardens revision 1 seed 30004 [complete]:
service-bulk-held-out,1bb1a1181b55c21d8649701eb45a8303,34,30004,8,9,3,success,,,sierpinski-gardens revision 1 seed 30004 [complete]:
service-bulk-held-out,0ce156cb5cf0032810cf6e36d8159496,34,30004,9,9,3,success,,,sierpinski-gardens revision 1 seed 30004 [complete]:
service-bulk-held-out,66de2032032487701ce3d9530d80071f,34,30004,7,9,4,success,,,sierpinski-gardens revision 1 seed 30004 [complete]:
service-bulk-held-out,72fb48284f2e31b81f75c26f885b3e2b,34,30004,8,9,4,success,,,sierpinski-gardens revision 1 seed 30004 [complete]:
service-bulk-held-out,c32dd164514c02c0f1f16a791a242b2f,34,30004,9,9,4,success,,,sierpinski-gardens revision 1 seed 30004 [complete]:
service-bulk-held-out,9548f47cb87eb623bf170e400867300e,34,30004,7,9,5,success,,,sierpinski-gardens revision 1 seed 30004 [complete]:
service-bulk-held-out,1e72562062b5851fecf9384efb2751f9,34,30004,8,9,5,success,,,sierpinski-gardens revision 1 seed 30004 [complete]:
service-bulk-held-out,57327da375bc9791a15b1ca4c17aa94a,34,30004,9,9,5,success,,,sierpinski-gardens revision 1 seed 30004 [complete]:
service-bulk-held-out,185758232addc55d7af5d72fa66bc61f,34,30004,7,9,6,success,,,sierpinski-gardens revision 1 seed 30004 [complete]:
service-bulk-held-out,cfca6b6a284b05ac963761d1eb8f4441,34,30004,8,9,6,success,,,sierpinski-gardens revision 1 seed 30004 [complete]:
service-bulk-held-out,91128922788dba5fd684078de3c97a9d,34,30004,9,9,6,success,,,sierpinski-gardens revision 1 seed 30004 [complete]:
service-bulk-held-out,c678c9477e8118d8b7a26728e41a7e9e,34,30004,7,9,7,success,,,sierpinski-gardens revision 1 seed 30004 [complete]:
service-bulk-held-out,f43242d58979d79dc59f8eea26be7fd1,34,30004,8,9,7,success,,,sierpinski-gardens revision 1 seed 30004 [complete]:
service-bulk-held-out,e1963ca8d2d57ad7efe9337a16437e9a,34,30004,9,9,7,success,,,sierpinski-gardens revision 1 seed 30004 [complete]:
service-bulk-held-out,19650a6af7a4867ae5d55e1970c4b5d8,34,30004,7,9,8,success,,,sierpinski-gardens revision 1 seed 30004 [complete]:
service-bulk-held-out,4d3de3d3b76fc77fc4b117411cca86e2,34,30004,8,9,8,success,,,sierpinski-gardens revision 1 seed 30004 [complete]:
service-bulk-held-out,004c356932a0484ed85801788cb7374f,34,30004,9,9,8,success,,,sierpinski-gardens revision 1 seed 30004 [complete]:
service-bulk-held-out,50d64699e493e47764e4428a5158824e,34,30005,8,8,4,success,,,sierpinski-gardens revision 1 seed 30005 [complete]:
service-bulk-held-out,5a4c22d6d5720b0fb805f226ae3d1fcb,34,30005,7,7,2,success,,,sierpinski-gardens revision 1 seed 30005 [complete]:
service-bulk-held-out,e3210d7295ec7dede9a376d7977757ed,34,30005,8,7,2,success,,,sierpinski-gardens revision 1 seed 30005 [complete]:
service-bulk-held-out,e46cf6ffab9876c5f90c19eb39297c9c,34,30005,9,7,2,success,,,sierpinski-gardens revision 1 seed 30005 [complete]:
service-bulk-held-out,fa816c940afa1b8541ab7cade826ede4,34,30005,7,7,3,success,,,sierpinski-gardens revision 1 seed 30005 [complete]:
service-bulk-held-out,5e3609c9f0fd1c119d149ea56b91e968,34,30005,8,7,3,success,,,sierpinski-gardens revision 1 seed 30005 [complete]:
service-bulk-held-out,4159ff4f938af130307703daabbcb052,34,30005,9,7,3,success,,,sierpinski-gardens revision 1 seed 30005 [complete]:
service-bulk-held-out,106de43b7fd32618286b7406948be581,34,30005,7,7,4,invalid_request,,,sierpinski-gardens revision 1 seed 30005 [validation]: Cannot fit 4 separated 56×56 home/farm modules on this terrain; enlarge the map or reduce colonies/folds/lake size.
service-bulk-held-out,d9fd743b29cb316d1af82ce8ef954e41,34,30005,8,7,4,invalid_request,,,sierpinski-gardens revision 1 seed 30005 [validation]: The requested causeway pairs do not provide distinct useful approaches; enlarge the central lake.
service-bulk-held-out,8256e6f5e66fc8000d1787abdc11f0d4,34,30005,9,7,4,success,,,sierpinski-gardens revision 1 seed 30005 [complete]:
service-bulk-held-out,0a326b6e8f818bb9f9bbf6367d250fa3,34,30005,7,7,5,invalid_request,,,sierpinski-gardens revision 1 seed 30005 [validation]: Cannot fit 5 separated 56×56 home/farm modules on this terrain; enlarge the map or reduce colonies/folds/lake size.
service-bulk-held-out,6ce9dda9b61deebb374aec1297330b98,34,30005,8,7,5,invalid_request,,,sierpinski-gardens revision 1 seed 30005 [validation]: The requested causeway pairs do not provide distinct useful approaches; enlarge the central lake.
service-bulk-held-out,14f51607ba2c258a52772185803ddfdb,34,30005,9,7,5,success,,,sierpinski-gardens revision 1 seed 30005 [complete]:
service-bulk-held-out,cb07d3766d9c495732367b7b4861479a,34,30005,7,7,6,invalid_request,,,sierpinski-gardens revision 1 seed 30005 [validation]: Cannot fit 6 separated 56×56 home/farm modules on this terrain; enlarge the map or reduce colonies/folds/lake size.
service-bulk-held-out,1944778a3762d218fe8133b3505b8bb2,34,30005,8,7,6,success,,,sierpinski-gardens revision 1 seed 30005 [complete]:
service-bulk-held-out,13784ebbe89b9ca8d7852763f18d79c1,34,30005,9,7,6,success,,,sierpinski-gardens revision 1 seed 30005 [complete]:
service-bulk-held-out,5610beb9ccb5efad5ea0849a70ada217,34,30005,7,7,7,invalid_request,,,sierpinski-gardens revision 1 seed 30005 [validation]: Cannot fit 7 separated 56×56 home/farm modules on this terrain; enlarge the map or reduce colonies/folds/lake size.
service-bulk-held-out,638ccc781d25971f6e04d6b55d3eb6f3,34,30005,8,7,7,invalid_request,,,sierpinski-gardens revision 1 seed 30005 [validation]: Cannot fit 7 separated 56×56 home/farm modules on this terrain; enlarge the map or reduce colonies/folds/lake size.
service-bulk-held-out,0f0e641203caaba1385ff42cdc11efc7,34,30005,9,7,7,success,,,sierpinski-gardens revision 1 seed 30005 [complete]:
service-bulk-held-out,8e672bf47464fd0661a2ba4bebc4ecf0,34,30005,7,7,8,invalid_request,,,sierpinski-gardens revision 1 seed 30005 [validation]: Cannot fit 8 separated 56×56 home/farm modules on this terrain; enlarge the map or reduce colonies/folds/lake size.
service-bulk-held-out,7099393e132f08b583654234471eddb0,34,30005,8,7,8,invalid_request,,,sierpinski-gardens revision 1 seed 30005 [validation]: Cannot fit 8 separated 56×56 home/farm modules on this terrain; enlarge the map or reduce colonies/folds/lake size.
service-bulk-held-out,017de75289a0a05651f39cafd531c641,34,30005,9,7,8,success,,,sierpinski-gardens revision 1 seed 30005 [complete]:
service-bulk-held-out,18d609bdeadf4e0bdb6fe071263f3c7d,34,30005,7,8,2,success,,,sierpinski-gardens revision 1 seed 30005 [complete]:
service-bulk-held-out,cd647f90d66981097adee84876381ddb,34,30005,8,8,2,success,,,sierpinski-gardens revision 1 seed 30005 [complete]:
service-bulk-held-out,53040a4bfcc2d5b0ed6cf583efe8ea2d,34,30005,9,8,2,success,,,sierpinski-gardens revision 1 seed 30005 [complete]:
service-bulk-held-out,f07c61d4cce5e3c6b6a1420716cefd88,34,30005,7,8,3,success,,,sierpinski-gardens revision 1 seed 30005 [complete]:
service-bulk-held-out,3d12c972b29007810643093786c64b8c,34,30005,8,8,3,success,,,sierpinski-gardens revision 1 seed 30005 [complete]:
service-bulk-held-out,97f91a2236a173190d3469a81f919956,34,30005,9,8,3,success,,,sierpinski-gardens revision 1 seed 30005 [complete]:
service-bulk-held-out,9489d94631978c16d07e7fcee2a7dca3,34,30005,7,8,4,success,,,sierpinski-gardens revision 1 seed 30005 [complete]:
service-bulk-held-out,32c4f103b70e9a19fdb75b7de40ff5c2,34,30005,8,8,4,success,,,sierpinski-gardens revision 1 seed 30005 [complete]:
service-bulk-held-out,9d0a457dcb1d5b5b01a1245d84cf16b6,34,30005,9,8,4,success,,,sierpinski-gardens revision 1 seed 30005 [complete]:
service-bulk-held-out,2c4c2996cafbcfe48bfc535c11a324e1,34,30005,7,8,5,success,,,sierpinski-gardens revision 1 seed 30005 [complete]:
service-bulk-held-out,c64aa8d1ea6aa4ba37bfcc7715d68e27,34,30005,8,8,5,success,,,sierpinski-gardens revision 1 seed 30005 [complete]:
service-bulk-held-out,e565bdf358c0da8f8128a879627ba6fd,34,30005,9,8,5,success,,,sierpinski-gardens revision 1 seed 30005 [complete]:
service-bulk-held-out,3fc2efdf82f4e84816494344aed1759b,34,30005,7,8,6,success,,,sierpinski-gardens revision 1 seed 30005 [complete]:
service-bulk-held-out,bd1de789243806caff877b7856203bf8,34,30005,8,8,6,success,,,sierpinski-gardens revision 1 seed 30005 [complete]:
service-bulk-held-out,ef376bbd300de51150b128878fe3baf0,34,30005,9,8,6,success,,,sierpinski-gardens revision 1 seed 30005 [complete]:
service-bulk-held-out,deb0dd614fe0a3362949a8dc0d362f46,34,30005,7,8,7,invalid_request,,,sierpinski-gardens revision 1 seed 30005 [validation]: Cannot fit 7 separated 56×56 home/farm modules on this terrain; enlarge the map or reduce colonies/folds/lake size.
service-bulk-held-out,5be177c555d71fd5e94aedea2d828b07,34,30005,8,8,7,success,,,sierpinski-gardens revision 1 seed 30005 [complete]:
service-bulk-held-out,361029ddb9d4f20cfaa2129ff60b286c,34,30005,9,8,7,success,,,sierpinski-gardens revision 1 seed 30005 [complete]:
service-bulk-held-out,ce957e181527382918654c711c7fffa1,34,30005,7,8,8,invalid_request,,,sierpinski-gardens revision 1 seed 30005 [validation]: Cannot fit 8 separated 56×56 home/farm modules on this terrain; enlarge the map or reduce colonies/folds/lake size.
service-bulk-held-out,5270497b81391d24a73eccd5541b141e,34,30005,8,8,8,success,,,sierpinski-gardens revision 1 seed 30005 [complete]:
service-bulk-held-out,a87dc46af0e42c3a6e7cf21d8c7ab742,34,30005,9,8,8,success,,,sierpinski-gardens revision 1 seed 30005 [complete]:
service-bulk-held-out,339aec104ea439db785d482ccdc64bbf,34,30005,7,9,2,success,,,sierpinski-gardens revision 1 seed 30005 [complete]:
service-bulk-held-out,a6e4cad5501de8c94ad5c2c10a66d5df,34,30005,8,9,2,success,,,sierpinski-gardens revision 1 seed 30005 [complete]:
service-bulk-held-out,5a4d5a589bba3ba7476e66ad3b43779e,34,30005,9,9,2,success,,,sierpinski-gardens revision 1 seed 30005 [complete]:
service-bulk-held-out,e9589dce30f1691a8323929382a1bfa2,34,30005,7,9,3,success,,,sierpinski-gardens revision 1 seed 30005 [complete]:
service-bulk-held-out,1864be13bd1a7cb8e7bdf0380f0e6cc2,34,30005,8,9,3,success,,,sierpinski-gardens revision 1 seed 30005 [complete]:
service-bulk-held-out,2decc9fce08083237f8620c76c2a1750,34,30005,9,9,3,success,,,sierpinski-gardens revision 1 seed 30005 [complete]:
service-bulk-held-out,535744845cc6d1da51c4cb0a179a9269,34,30005,7,9,4,success,,,sierpinski-gardens revision 1 seed 30005 [complete]:
service-bulk-held-out,3d78ee99a191fc15d0ae345b7a76ff10,34,30005,8,9,4,success,,,sierpinski-gardens revision 1 seed 30005 [complete]:
service-bulk-held-out,54fea6db44fa86abe3db76305eb90e46,34,30005,9,9,4,success,,,sierpinski-gardens revision 1 seed 30005 [complete]:
service-bulk-held-out,61a0150e37bed0e18d475007fe73d210,34,30005,7,9,5,success,,,sierpinski-gardens revision 1 seed 30005 [complete]:
service-bulk-held-out,d91bd4d295011aa4d3d264ca6a7c6d81,34,30005,8,9,5,success,,,sierpinski-gardens revision 1 seed 30005 [complete]:
service-bulk-held-out,7b9dcef3b852ddda3dd51e6eec58a211,34,30005,9,9,5,success,,,sierpinski-gardens revision 1 seed 30005 [complete]:
service-bulk-held-out,3c9b3641181cfc1073aea5f2a57a1834,34,30005,7,9,6,success,,,sierpinski-gardens revision 1 seed 30005 [complete]:
service-bulk-held-out,1f94d75f4692c9151c57c1c5e5d9e9a3,34,30005,8,9,6,success,,,sierpinski-gardens revision 1 seed 30005 [complete]:
service-bulk-held-out,b742baadf8ca1043b967def2e6bbe405,34,30005,9,9,6,success,,,sierpinski-gardens revision 1 seed 30005 [complete]:
service-bulk-held-out,91a7461e9aa45baf9532a86554606c76,34,30005,7,9,7,success,,,sierpinski-gardens revision 1 seed 30005 [complete]:
service-bulk-held-out,029a7a9b65bf7fd1b5da983b1b0d0a05,34,30005,8,9,7,success,,,sierpinski-gardens revision 1 seed 30005 [complete]:
service-bulk-held-out,394c7c635d13b2005105985bdd169438,34,30005,9,9,7,success,,,sierpinski-gardens revision 1 seed 30005 [complete]:
service-bulk-held-out,dd257d6c438dcd6c87c6063579b92a94,34,30005,7,9,8,success,,,sierpinski-gardens revision 1 seed 30005 [complete]:
service-bulk-held-out,b79f381f4d6973ed5c75c1113b27b159,34,30005,8,9,8,success,,,sierpinski-gardens revision 1 seed 30005 [complete]:
service-bulk-held-out,541fa9f821199fa7d4fd336d5f503668,34,30005,9,9,8,success,,,sierpinski-gardens revision 1 seed 30005 [complete]:
service-bulk-held-out,f7b25916cfcbc1e4e691144fa2856b8d,34,30006,8,8,4,success,,,sierpinski-gardens revision 1 seed 30006 [complete]:
service-bulk-held-out,970e4e4d37fa7703e1920ae8a9fcced5,34,30006,7,7,2,success,,,sierpinski-gardens revision 1 seed 30006 [complete]:
service-bulk-held-out,70c450500a44d635c8659cf28bf4daec,34,30006,8,7,2,success,,,sierpinski-gardens revision 1 seed 30006 [complete]:
service-bulk-held-out,ee9788db8bf2507f59ccdcb0b4994c86,34,30006,9,7,2,success,,,sierpinski-gardens revision 1 seed 30006 [complete]:
service-bulk-held-out,0c8784b30d397123f1a9b24a3724cbbb,34,30006,7,7,3,success,,,sierpinski-gardens revision 1 seed 30006 [complete]:
service-bulk-held-out,8d3aca6ac2bf8cd8b3533740532c2735,34,30006,8,7,3,success,,,sierpinski-gardens revision 1 seed 30006 [complete]:
service-bulk-held-out,b10e58e122a1f9bc888a8af7f0cc7f4a,34,30006,9,7,3,success,,,sierpinski-gardens revision 1 seed 30006 [complete]:
service-bulk-held-out,74a8456a87aead17de230ac4bd78182d,34,30006,7,7,4,invalid_request,,,sierpinski-gardens revision 1 seed 30006 [validation]: Cannot fit 4 separated 56×56 home/farm modules on this terrain; enlarge the map or reduce colonies/folds/lake size.
service-bulk-held-out,05016f3a42d4ff8c4c439531753d0cc8,34,30006,8,7,4,success,,,sierpinski-gardens revision 1 seed 30006 [complete]:
service-bulk-held-out,6c2707b47aa00d04bce22782a0f41423,34,30006,9,7,4,success,,,sierpinski-gardens revision 1 seed 30006 [complete]:
service-bulk-held-out,946cf378052cc440af72c182b0e05f22,34,30006,7,7,5,invalid_request,,,sierpinski-gardens revision 1 seed 30006 [validation]: Cannot fit 5 separated 56×56 home/farm modules on this terrain; enlarge the map or reduce colonies/folds/lake size.
service-bulk-held-out,5ba270d4a1d9e57cb725d00c6d6708e1,34,30006,8,7,5,success,,,sierpinski-gardens revision 1 seed 30006 [complete]:
service-bulk-held-out,351a06bc584229d68bfecd0458f39bd4,34,30006,9,7,5,success,,,sierpinski-gardens revision 1 seed 30006 [complete]:
service-bulk-held-out,6673ea8faf8033559b17fbbf772de7de,34,30006,7,7,6,invalid_request,,,sierpinski-gardens revision 1 seed 30006 [validation]: Cannot fit 6 separated 56×56 home/farm modules on this terrain; enlarge the map or reduce colonies/folds/lake size.
service-bulk-held-out,da7eb3476af28a515b79b1882dbf4667,34,30006,8,7,6,success,,,sierpinski-gardens revision 1 seed 30006 [complete]:
service-bulk-held-out,4fcfa2b0dc6213d942d8b4a944fe436c,34,30006,9,7,6,success,,,sierpinski-gardens revision 1 seed 30006 [complete]:
service-bulk-held-out,73578955fe18550de30fc8a343a285b4,34,30006,7,7,7,invalid_request,,,sierpinski-gardens revision 1 seed 30006 [validation]: Cannot fit 7 separated 56×56 home/farm modules on this terrain; enlarge the map or reduce colonies/folds/lake size.
service-bulk-held-out,8d03fd5aa3880aa5494f2397fd44f4c1,34,30006,8,7,7,invalid_request,,,sierpinski-gardens revision 1 seed 30006 [validation]: Cannot fit 7 separated 56×56 home/farm modules on this terrain; enlarge the map or reduce colonies/folds/lake size.
service-bulk-held-out,0ec41948eceeb0d1612301d5eb6b6dd8,34,30006,9,7,7,success,,,sierpinski-gardens revision 1 seed 30006 [complete]:
service-bulk-held-out,19d788eee86914c0e7577d5debdd7157,34,30006,7,7,8,invalid_request,,,sierpinski-gardens revision 1 seed 30006 [validation]: Cannot fit 8 separated 56×56 home/farm modules on this terrain; enlarge the map or reduce colonies/folds/lake size.
service-bulk-held-out,4650d4d4d3284f3f7168db3141d879e3,34,30006,8,7,8,invalid_request,,,sierpinski-gardens revision 1 seed 30006 [validation]: Cannot fit 8 separated 56×56 home/farm modules on this terrain; enlarge the map or reduce colonies/folds/lake size.
service-bulk-held-out,26a08c493f5adc825a9d6fb91c6b0904,34,30006,9,7,8,success,,,sierpinski-gardens revision 1 seed 30006 [complete]:
service-bulk-held-out,642069ccb92b6837596da690203445e7,34,30006,7,8,2,success,,,sierpinski-gardens revision 1 seed 30006 [complete]:
service-bulk-held-out,8f397d8b53162900673824b1757bbcd3,34,30006,8,8,2,success,,,sierpinski-gardens revision 1 seed 30006 [complete]:
service-bulk-held-out,706d5ae1cf598a37361faa17a70b0008,34,30006,9,8,2,success,,,sierpinski-gardens revision 1 seed 30006 [complete]:
service-bulk-held-out,c2223f93f874bc168bf2b33228fdab0d,34,30006,7,8,3,success,,,sierpinski-gardens revision 1 seed 30006 [complete]:
service-bulk-held-out,e8bc7a7b396e13644b5b6fa2af963dc7,34,30006,8,8,3,success,,,sierpinski-gardens revision 1 seed 30006 [complete]:
service-bulk-held-out,4708090fe22dc376e7d7cbbcf58ba8fa,34,30006,9,8,3,success,,,sierpinski-gardens revision 1 seed 30006 [complete]:
service-bulk-held-out,ace66b2adda459538c26807d4d135430,34,30006,7,8,4,success,,,sierpinski-gardens revision 1 seed 30006 [complete]:
service-bulk-held-out,3b6d81a08fefb729da9e97dd4782e743,34,30006,8,8,4,success,,,sierpinski-gardens revision 1 seed 30006 [complete]:
service-bulk-held-out,36cd55a94d286aec13f25f55a708c376,34,30006,9,8,4,success,,,sierpinski-gardens revision 1 seed 30006 [complete]:
service-bulk-held-out,200c7ec3d417e34ea62e46fdb715cefd,34,30006,7,8,5,success,,,sierpinski-gardens revision 1 seed 30006 [complete]:
service-bulk-held-out,ca981717d86a75cd29ec556933ac7a02,34,30006,8,8,5,success,,,sierpinski-gardens revision 1 seed 30006 [complete]:
service-bulk-held-out,70226bc48f35762814f325d05ec0bfec,34,30006,9,8,5,success,,,sierpinski-gardens revision 1 seed 30006 [complete]:
service-bulk-held-out,46bee4c11486e37a8eb8a259807d7ef6,34,30006,7,8,6,success,,,sierpinski-gardens revision 1 seed 30006 [complete]:
service-bulk-held-out,85800139cd901379f46f5dd79e71eb9e,34,30006,8,8,6,success,,,sierpinski-gardens revision 1 seed 30006 [complete]:
service-bulk-held-out,5ac181ac8ada1311927298a7c3736c83,34,30006,9,8,6,success,,,sierpinski-gardens revision 1 seed 30006 [complete]:
service-bulk-held-out,336d660541a7b99ff74c850525c5f1f9,34,30006,7,8,7,invalid_request,,,sierpinski-gardens revision 1 seed 30006 [validation]: Cannot fit 7 separated 56×56 home/farm modules on this terrain; enlarge the map or reduce colonies/folds/lake size.
service-bulk-held-out,4d100b327ad0208d64053461cbe049b2,34,30006,8,8,7,success,,,sierpinski-gardens revision 1 seed 30006 [complete]:
service-bulk-held-out,396cb5aef300eb1ba0caeac271319241,34,30006,9,8,7,success,,,sierpinski-gardens revision 1 seed 30006 [complete]:
service-bulk-held-out,15e9cad3d883e47ea963d0399fe2c262,34,30006,7,8,8,invalid_request,,,sierpinski-gardens revision 1 seed 30006 [validation]: Cannot fit 8 separated 56×56 home/farm modules on this terrain; enlarge the map or reduce colonies/folds/lake size.
service-bulk-held-out,f0ca00637c505f044073eb1b0dbfb343,34,30006,8,8,8,success,,,sierpinski-gardens revision 1 seed 30006 [complete]:
service-bulk-held-out,6cdfaaee74ae34496883403c544f0026,34,30006,9,8,8,success,,,sierpinski-gardens revision 1 seed 30006 [complete]:
service-bulk-held-out,9ef3cb209deb307b55def5abdd872edb,34,30006,7,9,2,success,,,sierpinski-gardens revision 1 seed 30006 [complete]:
service-bulk-held-out,6360e22146cf9f7844e9ddd19b753a07,34,30006,8,9,2,success,,,sierpinski-gardens revision 1 seed 30006 [complete]:
service-bulk-held-out,4fce6d3181a47c17ef6a43e5b1640e4c,34,30006,9,9,2,success,,,sierpinski-gardens revision 1 seed 30006 [complete]:
service-bulk-held-out,5d4c269b84f7327af670ee3d21f43671,34,30006,7,9,3,success,,,sierpinski-gardens revision 1 seed 30006 [complete]:
service-bulk-held-out,b93d42ea2d92a6182788feca7e34dce0,34,30006,8,9,3,success,,,sierpinski-gardens revision 1 seed 30006 [complete]:
service-bulk-held-out,fb0154a3651534255557ebec30e5f221,34,30006,9,9,3,success,,,sierpinski-gardens revision 1 seed 30006 [complete]:
service-bulk-held-out,efa37f2c66a293d6141cffcb3518edd4,34,30006,7,9,4,success,,,sierpinski-gardens revision 1 seed 30006 [complete]:
service-bulk-held-out,6af1f9ecc04ea00070742daab6f8af11,34,30006,8,9,4,success,,,sierpinski-gardens revision 1 seed 30006 [complete]:
service-bulk-held-out,51981254aa3fd2073c4561cc5ce48136,34,30006,9,9,4,success,,,sierpinski-gardens revision 1 seed 30006 [complete]:
service-bulk-held-out,04ffaae9567788a4a1a656d222bf47e3,34,30006,7,9,5,success,,,sierpinski-gardens revision 1 seed 30006 [complete]:
service-bulk-held-out,79af6172d90a3c7b3edf2d3a0972a3a5,34,30006,8,9,5,success,,,sierpinski-gardens revision 1 seed 30006 [complete]:
service-bulk-held-out,53b6489bf6e713da5265226edab54063,34,30006,9,9,5,success,,,sierpinski-gardens revision 1 seed 30006 [complete]:
service-bulk-held-out,bca6bf1c9d52fb0a1919b1f3e7e427e5,34,30006,7,9,6,success,,,sierpinski-gardens revision 1 seed 30006 [complete]:
service-bulk-held-out,948b637038636375cfc27ee05ccd3c2e,34,30006,8,9,6,success,,,sierpinski-gardens revision 1 seed 30006 [complete]:
service-bulk-held-out,68769d99808258b785d94761c0852e19,34,30006,9,9,6,success,,,sierpinski-gardens revision 1 seed 30006 [complete]:
service-bulk-held-out,63399ed223385e9a7f8031ba83892b9b,34,30006,7,9,7,success,,,sierpinski-gardens revision 1 seed 30006 [complete]:
service-bulk-held-out,71bb1f54b281b5ae101fc825a4d7645b,34,30006,8,9,7,success,,,sierpinski-gardens revision 1 seed 30006 [complete]:
service-bulk-held-out,7a8624d8f2851732e6bb0e0bcbcdce59,34,30006,9,9,7,success,,,sierpinski-gardens revision 1 seed 30006 [complete]:
service-bulk-held-out,e683c9ea68b491af9aa0b4469864c3e2,34,30006,7,9,8,success,,,sierpinski-gardens revision 1 seed 30006 [complete]:
service-bulk-held-out,9ac80945285b0054ddba950d15ae1683,34,30006,8,9,8,success,,,sierpinski-gardens revision 1 seed 30006 [complete]:
service-bulk-held-out,dfbb13794ea39a427047364fb5c55b94,34,30006,9,9,8,success,,,sierpinski-gardens revision 1 seed 30006 [complete]:
service-bulk-held-out,8a226fd67028ccc9cc3a5a8374490df8,34,30007,8,8,4,success,,,sierpinski-gardens revision 1 seed 30007 [complete]:
service-bulk-held-out,b0a5e9b4efc757596344b439b4d4d014,34,30007,7,7,2,success,,,sierpinski-gardens revision 1 seed 30007 [complete]:
service-bulk-held-out,d2e08e11da22b8b45ad012acbd2f82c1,34,30007,8,7,2,success,,,sierpinski-gardens revision 1 seed 30007 [complete]:
service-bulk-held-out,bc4dc8ed0d537082b171e160a6b574b8,34,30007,9,7,2,success,,,sierpinski-gardens revision 1 seed 30007 [complete]:
service-bulk-held-out,23449337f19786f54df1dfe8dcd24506,34,30007,7,7,3,success,,,sierpinski-gardens revision 1 seed 30007 [complete]:
service-bulk-held-out,9828b83ff223887da9c925bc702b39bc,34,30007,8,7,3,success,,,sierpinski-gardens revision 1 seed 30007 [complete]:
service-bulk-held-out,5db4c7704c812a8b0bd8d21df0a4ea89,34,30007,9,7,3,success,,,sierpinski-gardens revision 1 seed 30007 [complete]:
service-bulk-held-out,ccc61cf0e9e469b6a68e034c44c36ccd,34,30007,7,7,4,invalid_request,,,sierpinski-gardens revision 1 seed 30007 [validation]: Cannot fit 4 separated 56×56 home/farm modules on this terrain; enlarge the map or reduce colonies/folds/lake size.
service-bulk-held-out,59ff23fa920954cb166f955a882f03de,34,30007,8,7,4,success,,,sierpinski-gardens revision 1 seed 30007 [complete]:
service-bulk-held-out,53d4170d268e020dd8cea89ceb6842e1,34,30007,9,7,4,success,,,sierpinski-gardens revision 1 seed 30007 [complete]:
service-bulk-held-out,c8fb3e898bc20e5d3df3d57f318b2714,34,30007,7,7,5,invalid_request,,,sierpinski-gardens revision 1 seed 30007 [validation]: Cannot fit 5 separated 56×56 home/farm modules on this terrain; enlarge the map or reduce colonies/folds/lake size.
service-bulk-held-out,98050146706bf8deb8caac9465457891,34,30007,8,7,5,success,,,sierpinski-gardens revision 1 seed 30007 [complete]:
service-bulk-held-out,98f88cf74ee9ce8eba45e0bc5ede454f,34,30007,9,7,5,success,,,sierpinski-gardens revision 1 seed 30007 [complete]:
service-bulk-held-out,75411155d2c00394722bcc479d611f27,34,30007,7,7,6,invalid_request,,,sierpinski-gardens revision 1 seed 30007 [validation]: Cannot fit 6 separated 56×56 home/farm modules on this terrain; enlarge the map or reduce colonies/folds/lake size.
service-bulk-held-out,46456cebcda802dd52fba8e063ba5ef5,34,30007,8,7,6,success,,,sierpinski-gardens revision 1 seed 30007 [complete]:
service-bulk-held-out,360fdbfca6362906f8c35a3064f77f19,34,30007,9,7,6,success,,,sierpinski-gardens revision 1 seed 30007 [complete]:
service-bulk-held-out,0be2202ef5bbf977ce7f2be6c7bf6598,34,30007,7,7,7,invalid_request,,,sierpinski-gardens revision 1 seed 30007 [validation]: Cannot fit 7 separated 56×56 home/farm modules on this terrain; enlarge the map or reduce colonies/folds/lake size.
service-bulk-held-out,b13cfe926e1be5da9a48eaf0ce50d5c7,34,30007,8,7,7,invalid_request,,,sierpinski-gardens revision 1 seed 30007 [validation]: Cannot fit 7 separated 56×56 home/farm modules on this terrain; enlarge the map or reduce colonies/folds/lake size.
service-bulk-held-out,35754f79933f4e22b5b5eecb101a155b,34,30007,9,7,7,success,,,sierpinski-gardens revision 1 seed 30007 [complete]:
service-bulk-held-out,42f15ad5c0539281dfc1cfec07d1632a,34,30007,7,7,8,invalid_request,,,sierpinski-gardens revision 1 seed 30007 [validation]: Cannot fit 8 separated 56×56 home/farm modules on this terrain; enlarge the map or reduce colonies/folds/lake size.
service-bulk-held-out,820d901613f3d723119a64833ef9227f,34,30007,8,7,8,invalid_request,,,sierpinski-gardens revision 1 seed 30007 [validation]: Cannot fit 8 separated 56×56 home/farm modules on this terrain; enlarge the map or reduce colonies/folds/lake size.
service-bulk-held-out,f84f75fa486fa178351ba0fb912aa4ca,34,30007,9,7,8,success,,,sierpinski-gardens revision 1 seed 30007 [complete]:
service-bulk-held-out,b72388d1e8c66cd1e24ff80b45642533,34,30007,7,8,2,success,,,sierpinski-gardens revision 1 seed 30007 [complete]:
service-bulk-held-out,dd789a021c1c3f771451786722c1ed3c,34,30007,8,8,2,success,,,sierpinski-gardens revision 1 seed 30007 [complete]:
service-bulk-held-out,ef90d2498b7d291acbbc2f0cadfd867b,34,30007,9,8,2,success,,,sierpinski-gardens revision 1 seed 30007 [complete]:
service-bulk-held-out,d581c4eb5e5176e0dbb4da59fee5e070,34,30007,7,8,3,success,,,sierpinski-gardens revision 1 seed 30007 [complete]:
service-bulk-held-out,48459b945308be584979eb82b446be08,34,30007,8,8,3,success,,,sierpinski-gardens revision 1 seed 30007 [complete]:
service-bulk-held-out,ae753a0b341938fae3cbe522513da700,34,30007,9,8,3,success,,,sierpinski-gardens revision 1 seed 30007 [complete]:
service-bulk-held-out,19af544e8b4c733cc8a4f7b49b5d929e,34,30007,7,8,4,success,,,sierpinski-gardens revision 1 seed 30007 [complete]:
service-bulk-held-out,134dc702f79982de37977f2e53a85b25,34,30007,8,8,4,success,,,sierpinski-gardens revision 1 seed 30007 [complete]:
service-bulk-held-out,32e6ca630a6f8ef2c5e777d7a55e44db,34,30007,9,8,4,success,,,sierpinski-gardens revision 1 seed 30007 [complete]:
service-bulk-held-out,5bd169ba5a8cbe0ee859fd49a3c35f85,34,30007,7,8,5,success,,,sierpinski-gardens revision 1 seed 30007 [complete]:
service-bulk-held-out,7bebe1134e5cd398ae26c5a90db8decc,34,30007,8,8,5,success,,,sierpinski-gardens revision 1 seed 30007 [complete]:
service-bulk-held-out,07aa6c3ec659bd188c9385600bffcce8,34,30007,9,8,5,success,,,sierpinski-gardens revision 1 seed 30007 [complete]:
service-bulk-held-out,1e906790fb8b75c3f0693da36bdce30e,34,30007,7,8,6,success,,,sierpinski-gardens revision 1 seed 30007 [complete]:
service-bulk-held-out,f25e2bd8f1e9519f0cd7d60d90ca995b,34,30007,8,8,6,success,,,sierpinski-gardens revision 1 seed 30007 [complete]:
service-bulk-held-out,fddd06816f0404dccfead8eea04a6858,34,30007,9,8,6,success,,,sierpinski-gardens revision 1 seed 30007 [complete]:
service-bulk-held-out,9bd0bdb8031a67f11801b89ce749ac64,34,30007,7,8,7,invalid_request,,,sierpinski-gardens revision 1 seed 30007 [validation]: Cannot fit 7 separated 56×56 home/farm modules on this terrain; enlarge the map or reduce colonies/folds/lake size.
service-bulk-held-out,4657fea8e0b1eaea34a38a05c6eb4920,34,30007,8,8,7,success,,,sierpinski-gardens revision 1 seed 30007 [complete]:
service-bulk-held-out,694741020cd8876068a6304ccdb4535a,34,30007,9,8,7,success,,,sierpinski-gardens revision 1 seed 30007 [complete]:
service-bulk-held-out,4cb412a530d2f6a2666dd42b5709feaa,34,30007,7,8,8,invalid_request,,,sierpinski-gardens revision 1 seed 30007 [validation]: Cannot fit 8 separated 56×56 home/farm modules on this terrain; enlarge the map or reduce colonies/folds/lake size.
service-bulk-held-out,88ee668d2592624bd40cf662dc8863eb,34,30007,8,8,8,success,,,sierpinski-gardens revision 1 seed 30007 [complete]:
service-bulk-held-out,def352db1a8c5bd42967501782016292,34,30007,9,8,8,success,,,sierpinski-gardens revision 1 seed 30007 [complete]:
service-bulk-held-out,a8dec0f54f2f82277b2dfb18a22444b6,34,30007,7,9,2,success,,,sierpinski-gardens revision 1 seed 30007 [complete]:
service-bulk-held-out,e65840f7f39a33d7627ff40687ba70bc,34,30007,8,9,2,success,,,sierpinski-gardens revision 1 seed 30007 [complete]:
service-bulk-held-out,62cea8a4a0d1323f3781046745a118f0,34,30007,9,9,2,success,,,sierpinski-gardens revision 1 seed 30007 [complete]:
service-bulk-held-out,c13e81f41bb329df8e913e383367162a,34,30007,7,9,3,success,,,sierpinski-gardens revision 1 seed 30007 [complete]:
service-bulk-held-out,5acd457d02cf603105c67ab265d6df7c,34,30007,8,9,3,success,,,sierpinski-gardens revision 1 seed 30007 [complete]:
service-bulk-held-out,e93cd337a7336b05f42cb88a344404b5,34,30007,9,9,3,success,,,sierpinski-gardens revision 1 seed 30007 [complete]:
service-bulk-held-out,7176f2a9eb96c8436b25532f92665f50,34,30007,7,9,4,success,,,sierpinski-gardens revision 1 seed 30007 [complete]:
service-bulk-held-out,3c66e220e0135485225ccaa1ad47014a,34,30007,8,9,4,success,,,sierpinski-gardens revision 1 seed 30007 [complete]:
service-bulk-held-out,b87c5ef139278993b61533c0f30d110f,34,30007,9,9,4,success,,,sierpinski-gardens revision 1 seed 30007 [complete]:
service-bulk-held-out,a41e495523904fca766b79e4be17df4b,34,30007,7,9,5,success,,,sierpinski-gardens revision 1 seed 30007 [complete]:
service-bulk-held-out,abff479acd5862b97e3fe54df4ea19b3,34,30007,8,9,5,success,,,sierpinski-gardens revision 1 seed 30007 [complete]:
service-bulk-held-out,85b7e1f7d638ed2efec5aaa1580f2253,34,30007,9,9,5,success,,,sierpinski-gardens revision 1 seed 30007 [complete]:
service-bulk-held-out,0a15f16c1f4e37c90f36aab02179fe84,34,30007,7,9,6,success,,,sierpinski-gardens revision 1 seed 30007 [complete]:
service-bulk-held-out,09d661ab3c1e2b1e045795c2fa62c7cc,34,30007,8,9,6,success,,,sierpinski-gardens revision 1 seed 30007 [complete]:
service-bulk-held-out,f07ae5c1cd1e0c9fb664455d77472333,34,30007,9,9,6,success,,,sierpinski-gardens revision 1 seed 30007 [complete]:
service-bulk-held-out,233173e5d7e42db7db2ae26198f7d7b9,34,30007,7,9,7,success,,,sierpinski-gardens revision 1 seed 30007 [complete]:
service-bulk-held-out,d54926ccbc631377a351ac82dea85cd7,34,30007,8,9,7,success,,,sierpinski-gardens revision 1 seed 30007 [complete]:
service-bulk-held-out,f8021646f28c905c17b17f7771a046e4,34,30007,9,9,7,success,,,sierpinski-gardens revision 1 seed 30007 [complete]:
service-bulk-held-out,98395ff176f26c65216a6524a27ad231,34,30007,7,9,8,success,,,sierpinski-gardens revision 1 seed 30007 [complete]:
service-bulk-held-out,d71179dc587b7d4946dc59c3e05831ee,34,30007,8,9,8,success,,,sierpinski-gardens revision 1 seed 30007 [complete]:
service-bulk-held-out,2989d528545aaac1fcf2f539580862df,34,30007,9,9,8,success,,,sierpinski-gardens revision 1 seed 30007 [complete]:
service-bulk-held-out,06513cb138ff00f4d03689cecac24030,34,30008,8,8,4,success,,,sierpinski-gardens revision 1 seed 30008 [complete]:
service-bulk-held-out,d136d9a62ac6ebd67e08bc713cab0263,34,30008,7,7,2,success,,,sierpinski-gardens revision 1 seed 30008 [complete]:
service-bulk-held-out,98736201b26889578b6916e0377f865f,34,30008,8,7,2,success,,,sierpinski-gardens revision 1 seed 30008 [complete]:
service-bulk-held-out,eab275ecbfbfddc4c933ffe1290acba4,34,30008,9,7,2,success,,,sierpinski-gardens revision 1 seed 30008 [complete]:
service-bulk-held-out,edc57e51a499e76bf205d8e56dc57d05,34,30008,7,7,3,success,,,sierpinski-gardens revision 1 seed 30008 [complete]:
service-bulk-held-out,15c2f470bf43502815a435364c4d7313,34,30008,8,7,3,success,,,sierpinski-gardens revision 1 seed 30008 [complete]:
service-bulk-held-out,8dd12da7d78fd9c94b95f540ce683f23,34,30008,9,7,3,success,,,sierpinski-gardens revision 1 seed 30008 [complete]:
service-bulk-held-out,ab1064086d12dfe42325be536e65f0c3,34,30008,7,7,4,invalid_request,,,sierpinski-gardens revision 1 seed 30008 [validation]: Cannot fit 4 separated 56×56 home/farm modules on this terrain; enlarge the map or reduce colonies/folds/lake size.
service-bulk-held-out,d232a7d01318cdf89bedf7962b5f0717,34,30008,8,7,4,success,,,sierpinski-gardens revision 1 seed 30008 [complete]:
service-bulk-held-out,b2c3c81e5aa8f577e55a0c60f33b6552,34,30008,9,7,4,success,,,sierpinski-gardens revision 1 seed 30008 [complete]:
service-bulk-held-out,7c609c15bbf6c67153b34ff73ec343ce,34,30008,7,7,5,invalid_request,,,sierpinski-gardens revision 1 seed 30008 [validation]: Cannot fit 5 separated 56×56 home/farm modules on this terrain; enlarge the map or reduce colonies/folds/lake size.
service-bulk-held-out,2bc3da2079873fa390bd6531b37b81eb,34,30008,8,7,5,success,,,sierpinski-gardens revision 1 seed 30008 [complete]:
service-bulk-held-out,1cf036a4b6bc2847ad453fff0f76863e,34,30008,9,7,5,success,,,sierpinski-gardens revision 1 seed 30008 [complete]:
service-bulk-held-out,c3ff8c0adf147b1e656c76f4f922042e,34,30008,7,7,6,invalid_request,,,sierpinski-gardens revision 1 seed 30008 [validation]: Cannot fit 6 separated 56×56 home/farm modules on this terrain; enlarge the map or reduce colonies/folds/lake size.
service-bulk-held-out,5bbc616d94c6fb4d0c80cc0b7aefc503,34,30008,8,7,6,success,,,sierpinski-gardens revision 1 seed 30008 [complete]:
service-bulk-held-out,278f6ac8b056a826398bba57a28bd5e6,34,30008,9,7,6,success,,,sierpinski-gardens revision 1 seed 30008 [complete]:
service-bulk-held-out,ed6b058710f7d8d6d992ac0bf9a5ba72,34,30008,7,7,7,invalid_request,,,sierpinski-gardens revision 1 seed 30008 [validation]: Cannot fit 7 separated 56×56 home/farm modules on this terrain; enlarge the map or reduce colonies/folds/lake size.
service-bulk-held-out,a13677c32e044694bf3e40b134960d72,34,30008,8,7,7,invalid_request,,,sierpinski-gardens revision 1 seed 30008 [validation]: Cannot fit 7 separated 56×56 home/farm modules on this terrain; enlarge the map or reduce colonies/folds/lake size.
service-bulk-held-out,ca4e062f4a9ab3c8a31212da917f8e5c,34,30008,9,7,7,success,,,sierpinski-gardens revision 1 seed 30008 [complete]:
service-bulk-held-out,365c8361c133beef127c57edffd22870,34,30008,7,7,8,invalid_request,,,sierpinski-gardens revision 1 seed 30008 [validation]: Cannot fit 8 separated 56×56 home/farm modules on this terrain; enlarge the map or reduce colonies/folds/lake size.
service-bulk-held-out,5318b9621cb889baf4e6dcf9f6cae447,34,30008,8,7,8,invalid_request,,,sierpinski-gardens revision 1 seed 30008 [validation]: Cannot fit 8 separated 56×56 home/farm modules on this terrain; enlarge the map or reduce colonies/folds/lake size.
service-bulk-held-out,1faa55828627dc064307c6803aa10113,34,30008,9,7,8,success,,,sierpinski-gardens revision 1 seed 30008 [complete]:
service-bulk-held-out,391d8be23fde0bae5b0c3a720e9ffd54,34,30008,7,8,2,success,,,sierpinski-gardens revision 1 seed 30008 [complete]:
service-bulk-held-out,d1124f4a0ec928b47e1568792116bb53,34,30008,8,8,2,success,,,sierpinski-gardens revision 1 seed 30008 [complete]:
service-bulk-held-out,469f811f9a8131945d334baed02f7883,34,30008,9,8,2,success,,,sierpinski-gardens revision 1 seed 30008 [complete]:
service-bulk-held-out,6ff76ef558ac72442da92b63e589aaf3,34,30008,7,8,3,success,,,sierpinski-gardens revision 1 seed 30008 [complete]:
service-bulk-held-out,f7b559bddca3d2fbe6d6b42b9ab321ca,34,30008,8,8,3,success,,,sierpinski-gardens revision 1 seed 30008 [complete]:
service-bulk-held-out,2dd8e95765f58edf504e5c6a0fd78d42,34,30008,9,8,3,success,,,sierpinski-gardens revision 1 seed 30008 [complete]:
service-bulk-held-out,c069f1f6b38c1efe2ad2ec18d4bbfcba,34,30008,7,8,4,success,,,sierpinski-gardens revision 1 seed 30008 [complete]:
service-bulk-held-out,09fe170bd2ac565d945d3b774faee062,34,30008,8,8,4,success,,,sierpinski-gardens revision 1 seed 30008 [complete]:
service-bulk-held-out,6ed349cb42c0df846fc06ddb3da82044,34,30008,9,8,4,success,,,sierpinski-gardens revision 1 seed 30008 [complete]:
service-bulk-held-out,b22c18003385b5468e148c7cc2c4aa86,34,30008,7,8,5,success,,,sierpinski-gardens revision 1 seed 30008 [complete]:
service-bulk-held-out,838c4db44e2334116d02dc1ac6946371,34,30008,8,8,5,success,,,sierpinski-gardens revision 1 seed 30008 [complete]:
service-bulk-held-out,46098f7c48728d091c066e422b1b5442,34,30008,9,8,5,success,,,sierpinski-gardens revision 1 seed 30008 [complete]:
service-bulk-held-out,2765664f154969bbcf81d5aec8267900,34,30008,7,8,6,success,,,sierpinski-gardens revision 1 seed 30008 [complete]:
service-bulk-held-out,510e01b923281322a0b1f4a34ad7157d,34,30008,8,8,6,success,,,sierpinski-gardens revision 1 seed 30008 [complete]:
service-bulk-held-out,bf952346e05f79ba961f7e9de30d583d,34,30008,9,8,6,success,,,sierpinski-gardens revision 1 seed 30008 [complete]:
service-bulk-held-out,ae433682e701eec21b896c3f9a14d6ad,34,30008,7,8,7,invalid_request,,,sierpinski-gardens revision 1 seed 30008 [validation]: Cannot fit 7 separated 56×56 home/farm modules on this terrain; enlarge the map or reduce colonies/folds/lake size.
service-bulk-held-out,370b389e4e6b9a260a4af5571509ca9d,34,30008,8,8,7,success,,,sierpinski-gardens revision 1 seed 30008 [complete]:
service-bulk-held-out,94f95f858a6f354f34eb6b3c39d672a1,34,30008,9,8,7,success,,,sierpinski-gardens revision 1 seed 30008 [complete]:
service-bulk-held-out,30b4f52bce02f1ae8f057ae497df66ac,34,30008,7,8,8,invalid_request,,,sierpinski-gardens revision 1 seed 30008 [validation]: Cannot fit 8 separated 56×56 home/farm modules on this terrain; enlarge the map or reduce colonies/folds/lake size.
service-bulk-held-out,635aa6512e2e09484e77744b43244209,34,30008,8,8,8,success,,,sierpinski-gardens revision 1 seed 30008 [complete]:
service-bulk-held-out,1e0a2a031fbf0869ae36d8f1c55249d4,34,30008,9,8,8,success,,,sierpinski-gardens revision 1 seed 30008 [complete]:
service-bulk-held-out,1a838488a922599fc769b7e8e7fd947c,34,30008,7,9,2,success,,,sierpinski-gardens revision 1 seed 30008 [complete]:
service-bulk-held-out,d959c87c59d48fec4642e9630d713da4,34,30008,8,9,2,success,,,sierpinski-gardens revision 1 seed 30008 [complete]:
service-bulk-held-out,88d78b20bcb89edb6ed13c54e32aff5d,34,30008,9,9,2,success,,,sierpinski-gardens revision 1 seed 30008 [complete]:
service-bulk-held-out,030730a40cdba2484a429e6c9e3e0b4d,34,30008,7,9,3,success,,,sierpinski-gardens revision 1 seed 30008 [complete]:
service-bulk-held-out,d572331d925cb8a2b1431ef8f5fd6b65,34,30008,8,9,3,success,,,sierpinski-gardens revision 1 seed 30008 [complete]:
service-bulk-held-out,29c2cb122c0f2e160c0ca561c6d1a41f,34,30008,9,9,3,success,,,sierpinski-gardens revision 1 seed 30008 [complete]:
service-bulk-held-out,caff8c5c0dcb877eb6ba875067b4359f,34,30008,7,9,4,success,,,sierpinski-gardens revision 1 seed 30008 [complete]:
service-bulk-held-out,9b42900de3f153451a1126faf1e09914,34,30008,8,9,4,success,,,sierpinski-gardens revision 1 seed 30008 [complete]:
service-bulk-held-out,3b3f400679cbfafd1fb2c131bb8c90de,34,30008,9,9,4,success,,,sierpinski-gardens revision 1 seed 30008 [complete]:
service-bulk-held-out,420b513ebdc4b367706ec8e3073bfd7c,34,30008,7,9,5,success,,,sierpinski-gardens revision 1 seed 30008 [complete]:
service-bulk-held-out,aa617bafa5a3ac240e1ea6d674d4a7c4,34,30008,8,9,5,success,,,sierpinski-gardens revision 1 seed 30008 [complete]:
service-bulk-held-out,5e0ec7648cbce11d2421e49434166e9d,34,30008,9,9,5,success,,,sierpinski-gardens revision 1 seed 30008 [complete]:
service-bulk-held-out,610f3bda433993165f428c9b840830cc,34,30008,7,9,6,success,,,sierpinski-gardens revision 1 seed 30008 [complete]:
service-bulk-held-out,1a903b8eb30f1d22986b74b8a04c01aa,34,30008,8,9,6,success,,,sierpinski-gardens revision 1 seed 30008 [complete]:
service-bulk-held-out,f10c78d32ef764b18c4874e196d355aa,34,30008,9,9,6,success,,,sierpinski-gardens revision 1 seed 30008 [complete]:
service-bulk-held-out,563ace699f46e66c185fa7954d64f1e1,34,30008,7,9,7,success,,,sierpinski-gardens revision 1 seed 30008 [complete]:
service-bulk-held-out,39dfcc8a1a3145efd84e18a2a59bf0c0,34,30008,8,9,7,success,,,sierpinski-gardens revision 1 seed 30008 [complete]:
service-bulk-held-out,2e7ee52d1643a79f36b094ee3542a479,34,30008,9,9,7,success,,,sierpinski-gardens revision 1 seed 30008 [complete]:
service-bulk-held-out,5787f7bb26ce171a804a44e7ce192220,34,30008,7,9,8,success,,,sierpinski-gardens revision 1 seed 30008 [complete]:
service-bulk-held-out,329a08e199fd80908c294f4fe405e360,34,30008,8,9,8,success,,,sierpinski-gardens revision 1 seed 30008 [complete]:
service-bulk-held-out,26ed7b6d7019e95f15757c54205877dc,34,30008,9,9,8,success,,,sierpinski-gardens revision 1 seed 30008 [complete]:
service-bulk-held-out,882ba3a4ed3cfe32fe1743c459df8dd0,35,30001,8,8,4,success,,,hilbert-river revision 1 seed 30001 [complete]:
service-bulk-held-out,da611b25685214f63d2829222081bcb4,35,30001,7,7,2,invalid_request,,,hilbert-river revision 1 seed 30001 [validation]: No crossing court fits outside the reserved homes.
service-bulk-held-out,9b59d5a2c82e9c04f9582abb9b7e8fed,35,30001,8,7,2,success,,,hilbert-river revision 1 seed 30001 [complete]:
service-bulk-held-out,ae91c3c000c980fc6c6990144f4a9322,35,30001,9,7,2,success,,,hilbert-river revision 1 seed 30001 [complete]:
service-bulk-held-out,5508b86ec459ec86da4033befd1c41a4,35,30001,7,7,3,invalid_request,,,hilbert-river revision 1 seed 30001 [validation]: No crossing court fits outside the reserved homes.
service-bulk-held-out,a0ebfc15b4f5210d89f782d4168aa11f,35,30001,8,7,3,invalid_request,,,hilbert-river revision 1 seed 30001 [validation]: No crossing court fits outside the reserved homes.
service-bulk-held-out,bae4f462feca4fcf22273226dbdbc299,35,30001,9,7,3,success,,,hilbert-river revision 1 seed 30001 [complete]:
service-bulk-held-out,6386ed3b8cc8354e278b1c04c1184a02,35,30001,7,7,4,invalid_request,,,hilbert-river revision 1 seed 30001 [validation]: No crossing court fits outside the reserved homes.
service-bulk-held-out,11c3d9762f539324911b43cead04e34e,35,30001,8,7,4,invalid_request,,,hilbert-river revision 1 seed 30001 [validation]: No crossing court fits outside the reserved homes.
service-bulk-held-out,979c15699ce5b1ba861863a2005dc6e2,35,30001,9,7,4,success,,,hilbert-river revision 1 seed 30001 [complete]:
service-bulk-held-out,f8bb5afd0872d5a52485c8f99e129ad6,35,30001,7,7,5,invalid_request,,,hilbert-river revision 1 seed 30001 [validation]: Cannot fit 5 separated 56×56 home/farm modules on this terrain; enlarge the map or reduce colonies/folds/lake size.
service-bulk-held-out,934d546cdffae791b9fdc8ad558e3e7f,35,30001,8,7,5,invalid_request,,,hilbert-river revision 1 seed 30001 [validation]: No crossing court fits outside the reserved homes.
service-bulk-held-out,8352a20164f83940cb8dbb987df7327d,35,30001,9,7,5,success,,,hilbert-river revision 1 seed 30001 [complete]:
service-bulk-held-out,239679707840f75a6823c90b1c703e92,35,30001,7,7,6,invalid_request,,,hilbert-river revision 1 seed 30001 [validation]: Cannot fit 6 separated 56×56 home/farm modules on this terrain; enlarge the map or reduce colonies/folds/lake size.
service-bulk-held-out,50e1956cd04e29a34903d2b21eb3289c,35,30001,8,7,6,success,,,hilbert-river revision 1 seed 30001 [complete]:
service-bulk-held-out,a72efd8ff8f1625eda4bd7939d36146b,35,30001,9,7,6,success,,,hilbert-river revision 1 seed 30001 [complete]:
service-bulk-held-out,cbd5a95f3e1c7397cd9e2476a0d3f621,35,30001,7,7,7,invalid_request,,,hilbert-river revision 1 seed 30001 [validation]: Cannot fit 7 separated 56×56 home/farm modules on this terrain; enlarge the map or reduce colonies/folds/lake size.
service-bulk-held-out,7e95c74b838146ddaa9169d3df68fd3b,35,30001,8,7,7,invalid_request,,,hilbert-river revision 1 seed 30001 [validation]: No crossing court fits outside the reserved homes.
service-bulk-held-out,e9508b13c783cc0029d09cf90ec65c5a,35,30001,9,7,7,success,,,hilbert-river revision 1 seed 30001 [complete]:
service-bulk-held-out,4906ec87f9235808344b21b386a0b9b5,35,30001,7,7,8,invalid_request,,,hilbert-river revision 1 seed 30001 [validation]: Cannot fit 8 separated 56×56 home/farm modules on this terrain; enlarge the map or reduce colonies/folds/lake size.
service-bulk-held-out,7aefae8d989906943bdb58aa6ef99156,35,30001,8,7,8,invalid_request,,,hilbert-river revision 1 seed 30001 [validation]: Cannot fit 8 separated 56×56 home/farm modules on this terrain; enlarge the map or reduce colonies/folds/lake size.
service-bulk-held-out,48511847432c6ed6b353d9d8caa6fa89,35,30001,9,7,8,success,,,hilbert-river revision 1 seed 30001 [complete]:
service-bulk-held-out,404f55152ae9e74382fc333aed8144dc,35,30001,7,8,2,success,,,hilbert-river revision 1 seed 30001 [complete]:
service-bulk-held-out,28d54030f10c500236834a3c03ae9b7f,35,30001,8,8,2,success,,,hilbert-river revision 1 seed 30001 [complete]:
service-bulk-held-out,f0395f5011f97ad8fffcd4a497f9ad4d,35,30001,9,8,2,success,,,hilbert-river revision 1 seed 30001 [complete]:
service-bulk-held-out,1110080abcadcf6b91e5958ea7ce548b,35,30001,7,8,3,success,,,hilbert-river revision 1 seed 30001 [complete]:
service-bulk-held-out,5f24c6adcadcf9ec1b2fb2379516e0b5,35,30001,8,8,3,success,,,hilbert-river revision 1 seed 30001 [complete]:
service-bulk-held-out,bd1a67facc3a950aea21accd105ebbef,35,30001,9,8,3,success,,,hilbert-river revision 1 seed 30001 [complete]:
service-bulk-held-out,68058a1ad34d39694c69e4a31f9885d8,35,30001,7,8,4,success,,,hilbert-river revision 1 seed 30001 [complete]:
service-bulk-held-out,6b1e7ed6e5803277e1b9326d40cb81ff,35,30001,8,8,4,success,,,hilbert-river revision 1 seed 30001 [complete]:
service-bulk-held-out,638653ae12eee31a85e2ee9d785f153c,35,30001,9,8,4,success,,,hilbert-river revision 1 seed 30001 [complete]:
service-bulk-held-out,cc5cb248f3c00b5ae518e41ee9395e7b,35,30001,7,8,5,success,,,hilbert-river revision 1 seed 30001 [complete]:
service-bulk-held-out,92af1b04f28b02dd85d543405fa8efdf,35,30001,8,8,5,success,,,hilbert-river revision 1 seed 30001 [complete]:
service-bulk-held-out,f472cea13d6a0603eab11d47584c8b2f,35,30001,9,8,5,success,,,hilbert-river revision 1 seed 30001 [complete]:
service-bulk-held-out,4336ba4e7da7d82d31e849ec5a0a8820,35,30001,7,8,6,success,,,hilbert-river revision 1 seed 30001 [complete]:
service-bulk-held-out,2e9056c802802d815ce23ea15f13f513,35,30001,8,8,6,success,,,hilbert-river revision 1 seed 30001 [complete]:
service-bulk-held-out,eaf9029e8af80d5536d7e784964f9b01,35,30001,9,8,6,success,,,hilbert-river revision 1 seed 30001 [complete]:
service-bulk-held-out,1146c72d9a0da3b1f92b1285e77d8965,35,30001,7,8,7,invalid_request,,,hilbert-river revision 1 seed 30001 [validation]: No crossing court fits outside the reserved homes.
service-bulk-held-out,8457ecf1d99c13cef26bf8baf3e63c31,35,30001,8,8,7,success,,,hilbert-river revision 1 seed 30001 [complete]:
service-bulk-held-out,b99c0a7cfd256944118f0028a5bc7d66,35,30001,9,8,7,success,,,hilbert-river revision 1 seed 30001 [complete]:
service-bulk-held-out,a760ebf6814398a215e6fa9d757ea830,35,30001,7,8,8,invalid_request,,,hilbert-river revision 1 seed 30001 [validation]: Cannot fit 8 separated 56×56 home/farm modules on this terrain; enlarge the map or reduce colonies/folds/lake size.
service-bulk-held-out,a116768d1b40876d9ac3d8189d701ad3,35,30001,8,8,8,success,,,hilbert-river revision 1 seed 30001 [complete]:
service-bulk-held-out,a40ebab9079d7e041de109ac6ebc7099,35,30001,9,8,8,success,,,hilbert-river revision 1 seed 30001 [complete]:
service-bulk-held-out,a6ccb1eea2cbb460abf14498fb066191,35,30001,7,9,2,success,,,hilbert-river revision 1 seed 30001 [complete]:
service-bulk-held-out,65198213113df19c0d6abf2242775aad,35,30001,8,9,2,success,,,hilbert-river revision 1 seed 30001 [complete]:
service-bulk-held-out,d0c35cb09602b6ae433ffdb71797503d,35,30001,9,9,2,success,,,hilbert-river revision 1 seed 30001 [complete]:
service-bulk-held-out,49448fed1aff1350775a625698147a7f,35,30001,7,9,3,success,,,hilbert-river revision 1 seed 30001 [complete]:
service-bulk-held-out,33660a2800dd2c4b98065ad319044b2e,35,30001,8,9,3,success,,,hilbert-river revision 1 seed 30001 [complete]:
service-bulk-held-out,7c133b1ce8ffcd49158ccf177324b487,35,30001,9,9,3,success,,,hilbert-river revision 1 seed 30001 [complete]:
service-bulk-held-out,b1727ebe4d1e0bed00a5dc978e386711,35,30001,7,9,4,success,,,hilbert-river revision 1 seed 30001 [complete]:
service-bulk-held-out,1f7d5777e1b25f26e709199f943499c1,35,30001,8,9,4,success,,,hilbert-river revision 1 seed 30001 [complete]:
service-bulk-held-out,736cc07ca9ffac2f5145ff646bbb8277,35,30001,9,9,4,success,,,hilbert-river revision 1 seed 30001 [complete]:
service-bulk-held-out,90daccd65ecb7be2fafb9ae63c2c7f58,35,30001,7,9,5,success,,,hilbert-river revision 1 seed 30001 [complete]:
service-bulk-held-out,e8c5ee241d8f69acbec64c3e4ced9526,35,30001,8,9,5,success,,,hilbert-river revision 1 seed 30001 [complete]:
service-bulk-held-out,c3a11ec47e7049538f16e3d8f03f5f39,35,30001,9,9,5,success,,,hilbert-river revision 1 seed 30001 [complete]:
service-bulk-held-out,feeb8f8f95cad5704b57b72f97ff2604,35,30001,7,9,6,success,,,hilbert-river revision 1 seed 30001 [complete]:
service-bulk-held-out,45ce447e131335922d0485a943c7f13c,35,30001,8,9,6,success,,,hilbert-river revision 1 seed 30001 [complete]:
service-bulk-held-out,f9c75b7567be0cfbb82220229f5de8ee,35,30001,9,9,6,success,,,hilbert-river revision 1 seed 30001 [complete]:
service-bulk-held-out,0ea937b0dd9caf2d7b9427df79d76919,35,30001,7,9,7,success,,,hilbert-river revision 1 seed 30001 [complete]:
service-bulk-held-out,28afcf12a9331f9d83b8864f28e179db,35,30001,8,9,7,success,,,hilbert-river revision 1 seed 30001 [complete]:
service-bulk-held-out,9113ae5d9029457bad015a16e36e4832,35,30001,9,9,7,success,,,hilbert-river revision 1 seed 30001 [complete]:
service-bulk-held-out,76d048817bdbff932606058af50ba620,35,30001,7,9,8,success,,,hilbert-river revision 1 seed 30001 [complete]:
service-bulk-held-out,647a53c201c287bfd9760381d24d3e81,35,30001,8,9,8,success,,,hilbert-river revision 1 seed 30001 [complete]:
service-bulk-held-out,bc5d9a0d17fa6752783ade687f32b279,35,30001,9,9,8,success,,,hilbert-river revision 1 seed 30001 [complete]:
service-bulk-held-out,c45b7fa746edcb79c2dffd371051f884,35,30002,8,8,4,success,,,hilbert-river revision 1 seed 30002 [complete]:
service-bulk-held-out,31bc8a31c7231fd0f5f5bf25d14fcd97,35,30002,7,7,2,invalid_request,,,hilbert-river revision 1 seed 30002 [validation]: No crossing court fits outside the reserved homes.
service-bulk-held-out,62270fcccf0570846cacd27f6f883b1d,35,30002,8,7,2,success,,,hilbert-river revision 1 seed 30002 [complete]:
service-bulk-held-out,dd8fa8555bbcb2417bb42a57a2676c7f,35,30002,9,7,2,success,,,hilbert-river revision 1 seed 30002 [complete]:
service-bulk-held-out,cfd335e4a71fd3a946f5ee4074db221b,35,30002,7,7,3,invalid_request,,,hilbert-river revision 1 seed 30002 [validation]: No crossing court fits outside the reserved homes.
service-bulk-held-out,5750c73b79f2468fee529ca566b9f1b9,35,30002,8,7,3,success,,,hilbert-river revision 1 seed 30002 [complete]:
service-bulk-held-out,fb10acc6f324c1fada4b191c58dcdca9,35,30002,9,7,3,success,,,hilbert-river revision 1 seed 30002 [complete]:
service-bulk-held-out,d369503a3bed8a4591a8b41a22c07245,35,30002,7,7,4,invalid_request,,,hilbert-river revision 1 seed 30002 [validation]: No crossing court fits outside the reserved homes.
service-bulk-held-out,e8cd37d41f6ec2f033fe6c81a7a8bbbd,35,30002,8,7,4,success,,,hilbert-river revision 1 seed 30002 [complete]:
service-bulk-held-out,68bbd90220ca7fca59e6263ef027a071,35,30002,9,7,4,success,,,hilbert-river revision 1 seed 30002 [complete]:
service-bulk-held-out,9a62cb6431f1849af317d5385411b4ce,35,30002,7,7,5,invalid_request,,,hilbert-river revision 1 seed 30002 [validation]: Cannot fit 5 separated 56×56 home/farm modules on this terrain; enlarge the map or reduce colonies/folds/lake size.
service-bulk-held-out,07bf4f6325e1eee3b38859806d31aec7,35,30002,8,7,5,success,,,hilbert-river revision 1 seed 30002 [complete]:
service-bulk-held-out,8a3c22c1dec2cd78e381f712113f2979,35,30002,9,7,5,success,,,hilbert-river revision 1 seed 30002 [complete]:
service-bulk-held-out,78a8fd43f1af4d6c58e1eb31ef81cf61,35,30002,7,7,6,invalid_request,,,hilbert-river revision 1 seed 30002 [validation]: Cannot fit 6 separated 56×56 home/farm modules on this terrain; enlarge the map or reduce colonies/folds/lake size.
service-bulk-held-out,0a4e96afcd34d3459d90690c1af2630d,35,30002,8,7,6,success,,,hilbert-river revision 1 seed 30002 [complete]:
service-bulk-held-out,fad9683a1c7b28feffc0b9df3e9aa82c,35,30002,9,7,6,success,,,hilbert-river revision 1 seed 30002 [complete]:
service-bulk-held-out,539d828d6a956a97c519eb646621c901,35,30002,7,7,7,invalid_request,,,hilbert-river revision 1 seed 30002 [validation]: Cannot fit 7 separated 56×56 home/farm modules on this terrain; enlarge the map or reduce colonies/folds/lake size.
service-bulk-held-out,f4786dcd54a95a46d9828dce5250d5c8,35,30002,8,7,7,invalid_request,,,hilbert-river revision 1 seed 30002 [validation]: Cannot fit 7 separated 56×56 home/farm modules on this terrain; enlarge the map or reduce colonies/folds/lake size.
service-bulk-held-out,e107e7881030c872c316da69d660b2e7,35,30002,9,7,7,success,,,hilbert-river revision 1 seed 30002 [complete]:
service-bulk-held-out,ce29fa2856a6b85f1a10a0532ed5147d,35,30002,7,7,8,invalid_request,,,hilbert-river revision 1 seed 30002 [validation]: Cannot fit 8 separated 56×56 home/farm modules on this terrain; enlarge the map or reduce colonies/folds/lake size.
service-bulk-held-out,f373e1a6d753b1042a010d41e6e63dcc,35,30002,8,7,8,invalid_request,,,hilbert-river revision 1 seed 30002 [validation]: Cannot fit 8 separated 56×56 home/farm modules on this terrain; enlarge the map or reduce colonies/folds/lake size.
service-bulk-held-out,b04c63f15f6cd98fe8cf5ef7d113245f,35,30002,9,7,8,success,,,hilbert-river revision 1 seed 30002 [complete]:
service-bulk-held-out,faa84c4719446a8806c1520530434f6e,35,30002,7,8,2,success,,,hilbert-river revision 1 seed 30002 [complete]:
service-bulk-held-out,d6f43a509ac4a04fafb0fb6251a85567,35,30002,8,8,2,success,,,hilbert-river revision 1 seed 30002 [complete]:
service-bulk-held-out,2a5b248704fe2a346c079ca349c8ff3a,35,30002,9,8,2,success,,,hilbert-river revision 1 seed 30002 [complete]:
service-bulk-held-out,abe11f72b365ae500c9764b745512cb0,35,30002,7,8,3,success,,,hilbert-river revision 1 seed 30002 [complete]:
service-bulk-held-out,9c238f18011253925ef1f44e00bc9f5e,35,30002,8,8,3,success,,,hilbert-river revision 1 seed 30002 [complete]:
service-bulk-held-out,5d99a16f53f7bfa4183c7dc891eac39d,35,30002,9,8,3,success,,,hilbert-river revision 1 seed 30002 [complete]:
service-bulk-held-out,126e54adfe179509c2657aa87844876b,35,30002,7,8,4,success,,,hilbert-river revision 1 seed 30002 [complete]:
service-bulk-held-out,6cc127d56e7d12a4c525ef97718070e8,35,30002,8,8,4,success,,,hilbert-river revision 1 seed 30002 [complete]:
service-bulk-held-out,2e9a6349af70ed0151c2ec2888a8b87e,35,30002,9,8,4,success,,,hilbert-river revision 1 seed 30002 [complete]:
service-bulk-held-out,76e0c6d16f6893eee4416c0c559f1b62,35,30002,7,8,5,success,,,hilbert-river revision 1 seed 30002 [complete]:
service-bulk-held-out,4fd1dedf2f025909af3b75fe35423474,35,30002,8,8,5,success,,,hilbert-river revision 1 seed 30002 [complete]:
service-bulk-held-out,c3e1ffe204171cee62a1bdd306419dc1,35,30002,9,8,5,success,,,hilbert-river revision 1 seed 30002 [complete]:
service-bulk-held-out,c3face0d9c392fb3ecfd47faf6b7cbf5,35,30002,7,8,6,success,,,hilbert-river revision 1 seed 30002 [complete]:
service-bulk-held-out,7f4eaabd5e72f8a056dc65db091bc91d,35,30002,8,8,6,success,,,hilbert-river revision 1 seed 30002 [complete]:
service-bulk-held-out,e97972cff3a7e072867b6c2da9d1f505,35,30002,9,8,6,success,,,hilbert-river revision 1 seed 30002 [complete]:
service-bulk-held-out,c9c91d7a42a0c91897c2cf3d95607fb1,35,30002,7,8,7,success,,,hilbert-river revision 1 seed 30002 [complete]:
service-bulk-held-out,c269b96f163e8b0e401a77454d29682c,35,30002,8,8,7,success,,,hilbert-river revision 1 seed 30002 [complete]:
service-bulk-held-out,1713225edc618191f239b4deab7bc8cc,35,30002,9,8,7,success,,,hilbert-river revision 1 seed 30002 [complete]:
service-bulk-held-out,fbd606d34e1bbafcdebfc65f6bf78d89,35,30002,7,8,8,invalid_request,,,hilbert-river revision 1 seed 30002 [validation]: No crossing court fits outside the reserved homes.
service-bulk-held-out,3d2cbf320eed9594b0e6a01b56bbbccf,35,30002,8,8,8,success,,,hilbert-river revision 1 seed 30002 [complete]:
service-bulk-held-out,043d8138aa970b8f9378c588d9d648cb,35,30002,9,8,8,success,,,hilbert-river revision 1 seed 30002 [complete]:
service-bulk-held-out,48b2d7c8d65a754e9ff1f9adecb868f3,35,30002,7,9,2,success,,,hilbert-river revision 1 seed 30002 [complete]:
service-bulk-held-out,0c85f35f3b1a3f659106f175c2d61cc8,35,30002,8,9,2,success,,,hilbert-river revision 1 seed 30002 [complete]:
service-bulk-held-out,c35b4d474a975ccb1059782e5498703d,35,30002,9,9,2,success,,,hilbert-river revision 1 seed 30002 [complete]:
service-bulk-held-out,1ecb827c895f0d00a50ff07c8667966d,35,30002,7,9,3,success,,,hilbert-river revision 1 seed 30002 [complete]:
service-bulk-held-out,7e546e8aa2e75b21d5ed5be188d16339,35,30002,8,9,3,success,,,hilbert-river revision 1 seed 30002 [complete]:
service-bulk-held-out,d71e5486f0b1570c6e74b666f8d37ec0,35,30002,9,9,3,success,,,hilbert-river revision 1 seed 30002 [complete]:
service-bulk-held-out,2e91997687aca4307e24a80d5a98b71b,35,30002,7,9,4,success,,,hilbert-river revision 1 seed 30002 [complete]:
service-bulk-held-out,e68a048d60398b73bd92d1bc91561ab2,35,30002,8,9,4,success,,,hilbert-river revision 1 seed 30002 [complete]:
service-bulk-held-out,8fb811cc40383b1ab9b3d0fd76904788,35,30002,9,9,4,success,,,hilbert-river revision 1 seed 30002 [complete]:
service-bulk-held-out,68e7e1ae78e5fbc784b2a1207856b0fd,35,30002,7,9,5,success,,,hilbert-river revision 1 seed 30002 [complete]:
service-bulk-held-out,e3750082f28abf5a442254bca121c14d,35,30002,8,9,5,success,,,hilbert-river revision 1 seed 30002 [complete]:
service-bulk-held-out,b040f42394b0d169318f33ea7a24cfa8,35,30002,9,9,5,success,,,hilbert-river revision 1 seed 30002 [complete]:
service-bulk-held-out,a408e3e547c7145ef9da8764159adf8e,35,30002,7,9,6,success,,,hilbert-river revision 1 seed 30002 [complete]:
service-bulk-held-out,1fa5c1c1c9653abb98241bc188677f85,35,30002,8,9,6,success,,,hilbert-river revision 1 seed 30002 [complete]:
service-bulk-held-out,f82a293e6d1d56ba8c466fec2b0d2fb4,35,30002,9,9,6,success,,,hilbert-river revision 1 seed 30002 [complete]:
service-bulk-held-out,23d7796169f449fa786a7066f2d17e47,35,30002,7,9,7,success,,,hilbert-river revision 1 seed 30002 [complete]:
service-bulk-held-out,8aefec2741b5b846a5582d1143ddaace,35,30002,8,9,7,success,,,hilbert-river revision 1 seed 30002 [complete]:
service-bulk-held-out,e2db86a5d73dcf0d124a3374633027e6,35,30002,9,9,7,success,,,hilbert-river revision 1 seed 30002 [complete]:
service-bulk-held-out,70e20d2a58a8a617472f425d3d7798fe,35,30002,7,9,8,success,,,hilbert-river revision 1 seed 30002 [complete]:
service-bulk-held-out,b5a796c92169b4c5ca3627c01391d7d3,35,30002,8,9,8,success,,,hilbert-river revision 1 seed 30002 [complete]:
service-bulk-held-out,1867e052570d1a9d2eddaa741cbbbd06,35,30002,9,9,8,success,,,hilbert-river revision 1 seed 30002 [complete]:
service-bulk-held-out,0b30796dfe493f847e8f390179754445,35,30003,8,8,4,success,,,hilbert-river revision 1 seed 30003 [complete]:
service-bulk-held-out,c73eaac828d2af5b50bb0ab0695a9f14,35,30003,7,7,2,invalid_request,,,hilbert-river revision 1 seed 30003 [validation]: No crossing court fits outside the reserved homes.
service-bulk-held-out,9c2075078c238c4bc06053e6550fe344,35,30003,8,7,2,invalid_request,,,hilbert-river revision 1 seed 30003 [validation]: No crossing court fits outside the reserved homes.
service-bulk-held-out,d2a57b78b9b6176d8dd05279a8064843,35,30003,9,7,2,success,,,hilbert-river revision 1 seed 30003 [complete]:
service-bulk-held-out,eb563ec55cf82f4947307d4fbb86d494,35,30003,7,7,3,invalid_request,,,hilbert-river revision 1 seed 30003 [validation]: No crossing court fits outside the reserved homes.
service-bulk-held-out,9d77f913d77f4fd34bb2da83544dce0e,35,30003,8,7,3,invalid_request,,,hilbert-river revision 1 seed 30003 [validation]: No crossing court fits outside the reserved homes.
service-bulk-held-out,2e8236c6effe55a3d2ec6b7687d6506d,35,30003,9,7,3,success,,,hilbert-river revision 1 seed 30003 [complete]:
service-bulk-held-out,4be5f2ee071c3087bab2602384b4de78,35,30003,7,7,4,invalid_request,,,hilbert-river revision 1 seed 30003 [validation]: No crossing court fits outside the reserved homes.
service-bulk-held-out,d0a2af03024a7ae87953f2536cb92cfb,35,30003,8,7,4,invalid_request,,,hilbert-river revision 1 seed 30003 [validation]: No crossing court fits outside the reserved homes.
service-bulk-held-out,6df62bde1d2c2c58aaee256c26d879e9,35,30003,9,7,4,success,,,hilbert-river revision 1 seed 30003 [complete]:
service-bulk-held-out,68d8b3c723741504c6d99d381baea304,35,30003,7,7,5,invalid_request,,,hilbert-river revision 1 seed 30003 [validation]: Cannot fit 5 separated 56×56 home/farm modules on this terrain; enlarge the map or reduce colonies/folds/lake size.
service-bulk-held-out,f8aafb55ed96e0482590388541f853cc,35,30003,8,7,5,invalid_request,,,hilbert-river revision 1 seed 30003 [validation]: No crossing court fits outside the reserved homes.
service-bulk-held-out,105c3f9748e88f451ecb50a410469dab,35,30003,9,7,5,success,,,hilbert-river revision 1 seed 30003 [complete]:
service-bulk-held-out,fabc5c9a59f645ce5f1994d8ce7e1f02,35,30003,7,7,6,invalid_request,,,hilbert-river revision 1 seed 30003 [validation]: Cannot fit 6 separated 56×56 home/farm modules on this terrain; enlarge the map or reduce colonies/folds/lake size.
service-bulk-held-out,cf3744121044c539d33bfedf5b648830,35,30003,8,7,6,invalid_request,,,hilbert-river revision 1 seed 30003 [validation]: No crossing court fits outside the reserved homes.
service-bulk-held-out,61344b32364fdc57c803249f65e05a62,35,30003,9,7,6,success,,,hilbert-river revision 1 seed 30003 [complete]:
service-bulk-held-out,cac702d2f64ed99057c00426f50c70a8,35,30003,7,7,7,invalid_request,,,hilbert-river revision 1 seed 30003 [validation]: Cannot fit 7 separated 56×56 home/farm modules on this terrain; enlarge the map or reduce colonies/folds/lake size.
service-bulk-held-out,120574a5487c3fd6c8907f730df5b7ae,35,30003,8,7,7,invalid_request,,,hilbert-river revision 1 seed 30003 [validation]: No crossing court fits outside the reserved homes.
service-bulk-held-out,ee3587a30198e35b2a9fecf0512ca583,35,30003,9,7,7,success,,,hilbert-river revision 1 seed 30003 [complete]:
service-bulk-held-out,dca8f709764b651f425e6cbc3f864105,35,30003,7,7,8,invalid_request,,,hilbert-river revision 1 seed 30003 [validation]: Cannot fit 8 separated 56×56 home/farm modules on this terrain; enlarge the map or reduce colonies/folds/lake size.
service-bulk-held-out,4bfd158e79af0dd29881b96144ecc911,35,30003,8,7,8,invalid_request,,,hilbert-river revision 1 seed 30003 [validation]: Cannot fit 8 separated 56×56 home/farm modules on this terrain; enlarge the map or reduce colonies/folds/lake size.
service-bulk-held-out,67b2723a6028cb61ab9385d472874f06,35,30003,9,7,8,success,,,hilbert-river revision 1 seed 30003 [complete]:
service-bulk-held-out,3c9608cce193ac0be37fcaf89116744c,35,30003,7,8,2,success,,,hilbert-river revision 1 seed 30003 [complete]:
service-bulk-held-out,20677815eac5157545bf2a89bdf3e54c,35,30003,8,8,2,success,,,hilbert-river revision 1 seed 30003 [complete]:
service-bulk-held-out,d4d66214223d2e1a0a9f8d40a870f78a,35,30003,9,8,2,success,,,hilbert-river revision 1 seed 30003 [complete]:
service-bulk-held-out,2866080378bdc163e2db1d9e629a5cb4,35,30003,7,8,3,success,,,hilbert-river revision 1 seed 30003 [complete]:
service-bulk-held-out,b0a826b45d7856cfc0d7d867f68a270f,35,30003,8,8,3,success,,,hilbert-river revision 1 seed 30003 [complete]:
service-bulk-held-out,626a11fd852334810ccbe0b3707a1d24,35,30003,9,8,3,success,,,hilbert-river revision 1 seed 30003 [complete]:
service-bulk-held-out,ce2357c684aba2edb49ac32158140d47,35,30003,7,8,4,success,,,hilbert-river revision 1 seed 30003 [complete]:
service-bulk-held-out,0ef9daf7262b8810ded0ca8dcb2086d9,35,30003,8,8,4,success,,,hilbert-river revision 1 seed 30003 [complete]:
service-bulk-held-out,f23084d2d6028d80d5f8ab806955d2c0,35,30003,9,8,4,success,,,hilbert-river revision 1 seed 30003 [complete]:
service-bulk-held-out,aa4eb8088613cc19536a80804465fb67,35,30003,7,8,5,success,,,hilbert-river revision 1 seed 30003 [complete]:
service-bulk-held-out,d768dc30f97c51d9a402e94fcd3a913b,35,30003,8,8,5,success,,,hilbert-river revision 1 seed 30003 [complete]:
service-bulk-held-out,6f87c325c77cc89eeb7c8db6439cc160,35,30003,9,8,5,success,,,hilbert-river revision 1 seed 30003 [complete]:
service-bulk-held-out,7d31af0287dd7442815f7d08f657eebe,35,30003,7,8,6,success,,,hilbert-river revision 1 seed 30003 [complete]:
service-bulk-held-out,e50adff2e23b9ff0f38d4b0b5d1b6d0d,35,30003,8,8,6,success,,,hilbert-river revision 1 seed 30003 [complete]:
service-bulk-held-out,9e025de5630875f73414d00fa6cb4aae,35,30003,9,8,6,success,,,hilbert-river revision 1 seed 30003 [complete]:
service-bulk-held-out,a0c22c02b0df29784c8d2e0205999830,35,30003,7,8,7,success,,,hilbert-river revision 1 seed 30003 [complete]:
service-bulk-held-out,8d50505dc6cd01316cc2f327a96326da,35,30003,8,8,7,success,,,hilbert-river revision 1 seed 30003 [complete]:
service-bulk-held-out,230a0a58ebdbf931064c419cffe0c606,35,30003,9,8,7,success,,,hilbert-river revision 1 seed 30003 [complete]:
service-bulk-held-out,456e2c6670d3e731f1490250f980e432,35,30003,7,8,8,invalid_request,,,hilbert-river revision 1 seed 30003 [validation]: Cannot fit 8 separated 56×56 home/farm modules on this terrain; enlarge the map or reduce colonies/folds/lake size.
service-bulk-held-out,2a75b610a5a5b786d5e07a9d610cc5d8,35,30003,8,8,8,success,,,hilbert-river revision 1 seed 30003 [complete]:
service-bulk-held-out,e17d26083bf688e6e95b710e758d8a7e,35,30003,9,8,8,success,,,hilbert-river revision 1 seed 30003 [complete]:
service-bulk-held-out,3bb85d4c82cc61d19af1b6090ac56b27,35,30003,7,9,2,success,,,hilbert-river revision 1 seed 30003 [complete]:
service-bulk-held-out,0baf9d694d790d8e4142e7aa12ab8ed0,35,30003,8,9,2,success,,,hilbert-river revision 1 seed 30003 [complete]:
service-bulk-held-out,8b095f262af79d86c369ae71596b0ded,35,30003,9,9,2,success,,,hilbert-river revision 1 seed 30003 [complete]:
service-bulk-held-out,6bad4450047e8fe5ae07685b4f1a702e,35,30003,7,9,3,success,,,hilbert-river revision 1 seed 30003 [complete]:
service-bulk-held-out,502e0d12a997f426e997146907ff1882,35,30003,8,9,3,success,,,hilbert-river revision 1 seed 30003 [complete]:
service-bulk-held-out,ccb2c9b45fe7a58349f5368620cd62aa,35,30003,9,9,3,success,,,hilbert-river revision 1 seed 30003 [complete]:
service-bulk-held-out,da92b0576bc89325ebdbb29f7a0a2672,35,30003,7,9,4,success,,,hilbert-river revision 1 seed 30003 [complete]:
service-bulk-held-out,c0aeaf76159b02e8aab145d5e05f8945,35,30003,8,9,4,success,,,hilbert-river revision 1 seed 30003 [complete]:
service-bulk-held-out,3e0eb6be144091b750821d1db8349405,35,30003,9,9,4,success,,,hilbert-river revision 1 seed 30003 [complete]:
service-bulk-held-out,1a7ecc8a50de19457ee9b8e4bcf23178,35,30003,7,9,5,success,,,hilbert-river revision 1 seed 30003 [complete]:
service-bulk-held-out,c8222e7cf29cd94a930928196a26ef62,35,30003,8,9,5,success,,,hilbert-river revision 1 seed 30003 [complete]:
service-bulk-held-out,6a682c3ab44c6c9d7e9aa6903addad0d,35,30003,9,9,5,success,,,hilbert-river revision 1 seed 30003 [complete]:
service-bulk-held-out,fe7cd0522ed44fbae43988a7c5ef6d1c,35,30003,7,9,6,success,,,hilbert-river revision 1 seed 30003 [complete]:
service-bulk-held-out,8e774072b11ad972e76b6f15b74dad03,35,30003,8,9,6,success,,,hilbert-river revision 1 seed 30003 [complete]:
service-bulk-held-out,a5362a9caa49debd0f6905dd9187b998,35,30003,9,9,6,success,,,hilbert-river revision 1 seed 30003 [complete]:
service-bulk-held-out,3c182b47b738b1366635a99afb47920c,35,30003,7,9,7,success,,,hilbert-river revision 1 seed 30003 [complete]:
service-bulk-held-out,32e714faf37ab2d18117ea942692463c,35,30003,8,9,7,success,,,hilbert-river revision 1 seed 30003 [complete]:
service-bulk-held-out,f13d9897b0ce35b032c968f81042a51e,35,30003,9,9,7,success,,,hilbert-river revision 1 seed 30003 [complete]:
service-bulk-held-out,ff00f56ff119f074581dafe38eeb97d2,35,30003,7,9,8,success,,,hilbert-river revision 1 seed 30003 [complete]:
service-bulk-held-out,16a6cb9e1f0905b45e1dd324e3071d58,35,30003,8,9,8,success,,,hilbert-river revision 1 seed 30003 [complete]:
service-bulk-held-out,94a81753d8f46745722fb1c3909e48f8,35,30003,9,9,8,success,,,hilbert-river revision 1 seed 30003 [complete]:
service-bulk-held-out,f8f030310a261292a1ea3f73b4603b49,35,30004,8,8,4,success,,,hilbert-river revision 1 seed 30004 [complete]:
service-bulk-held-out,c8555ab9b1e88dbbe8f4684c9cc60e17,35,30004,7,7,2,invalid_request,,,hilbert-river revision 1 seed 30004 [validation]: No crossing court fits outside the reserved homes.
service-bulk-held-out,0933441e552078143a4418aece50506f,35,30004,8,7,2,success,,,hilbert-river revision 1 seed 30004 [complete]:
service-bulk-held-out,fc00292332adbda18cb1d0a2b40a7258,35,30004,9,7,2,success,,,hilbert-river revision 1 seed 30004 [complete]:
service-bulk-held-out,d26b5137ce5d88a9ab9c9b965ac5589b,35,30004,7,7,3,invalid_request,,,hilbert-river revision 1 seed 30004 [validation]: No crossing court fits outside the reserved homes.
service-bulk-held-out,6b98909b4c65f9ad6590c9136d2b79e5,35,30004,8,7,3,success,,,hilbert-river revision 1 seed 30004 [complete]:
service-bulk-held-out,9fecf687670bb5623a883cd04d46b2ed,35,30004,9,7,3,success,,,hilbert-river revision 1 seed 30004 [complete]:
service-bulk-held-out,e20cccc414fb46634278458e44743593,35,30004,7,7,4,invalid_request,,,hilbert-river revision 1 seed 30004 [validation]: No crossing court fits outside the reserved homes.
service-bulk-held-out,16f0ffe6f3b3a63a161eba3dd0abf03c,35,30004,8,7,4,success,,,hilbert-river revision 1 seed 30004 [complete]:
service-bulk-held-out,0e6dea4fd3748a510325e4102773e4ce,35,30004,9,7,4,success,,,hilbert-river revision 1 seed 30004 [complete]:
service-bulk-held-out,e643c6ca59a9f48c12637fa7370fce75,35,30004,7,7,5,invalid_request,,,hilbert-river revision 1 seed 30004 [validation]: Cannot fit 5 separated 56×56 home/farm modules on this terrain; enlarge the map or reduce colonies/folds/lake size.
service-bulk-held-out,a01d8556ab8b7e21dada695ed0c97141,35,30004,8,7,5,invalid_request,,,hilbert-river revision 1 seed 30004 [validation]: No crossing court fits outside the reserved homes.
service-bulk-held-out,d633e1174cea1568397be01aba0c7507,35,30004,9,7,5,success,,,hilbert-river revision 1 seed 30004 [complete]:
service-bulk-held-out,3c38a8a63005f2999ad90bb1ccd4722c,35,30004,7,7,6,invalid_request,,,hilbert-river revision 1 seed 30004 [validation]: Cannot fit 6 separated 56×56 home/farm modules on this terrain; enlarge the map or reduce colonies/folds/lake size.
service-bulk-held-out,28a5b335267b305c3c0327cd53e6220d,35,30004,8,7,6,invalid_request,,,hilbert-river revision 1 seed 30004 [validation]: No crossing court fits outside the reserved homes.
service-bulk-held-out,48254c61e177747e6dbd7b3935955834,35,30004,9,7,6,success,,,hilbert-river revision 1 seed 30004 [complete]:
service-bulk-held-out,992760b4cab9b3810650e97271f00beb,35,30004,7,7,7,invalid_request,,,hilbert-river revision 1 seed 30004 [validation]: Cannot fit 7 separated 56×56 home/farm modules on this terrain; enlarge the map or reduce colonies/folds/lake size.
service-bulk-held-out,5f19ca6ea4c5a8ee821163bdc9ee7779,35,30004,8,7,7,invalid_request,,,hilbert-river revision 1 seed 30004 [validation]: No crossing court fits outside the reserved homes.
service-bulk-held-out,c521aa21372562c28d7f2d7a3c1962b3,35,30004,9,7,7,success,,,hilbert-river revision 1 seed 30004 [complete]:
service-bulk-held-out,12f8540280d7786e560ed5ddacb9a003,35,30004,7,7,8,invalid_request,,,hilbert-river revision 1 seed 30004 [validation]: Cannot fit 8 separated 56×56 home/farm modules on this terrain; enlarge the map or reduce colonies/folds/lake size.
service-bulk-held-out,0abdd625d7593006a50ebc09a62fca27,35,30004,8,7,8,invalid_request,,,hilbert-river revision 1 seed 30004 [validation]: Cannot fit 8 separated 56×56 home/farm modules on this terrain; enlarge the map or reduce colonies/folds/lake size.
service-bulk-held-out,e02ed6345413f4a64ddbf37de3ac4929,35,30004,9,7,8,success,,,hilbert-river revision 1 seed 30004 [complete]:
service-bulk-held-out,8b9aeaf377e6aecee90fc9f233cfdfea,35,30004,7,8,2,invalid_request,,,hilbert-river revision 1 seed 30004 [validation]: No crossing court fits outside the reserved homes.
service-bulk-held-out,9e783fcd63607c603bc67d01fbd8ff27,35,30004,8,8,2,success,,,hilbert-river revision 1 seed 30004 [complete]:
service-bulk-held-out,7b4d82d3f1a487d1b0991133fc62b645,35,30004,9,8,2,success,,,hilbert-river revision 1 seed 30004 [complete]:
service-bulk-held-out,fe82dfc9d5ccf4575a12d87ba2892973,35,30004,7,8,3,invalid_request,,,hilbert-river revision 1 seed 30004 [validation]: No crossing court fits outside the reserved homes.
service-bulk-held-out,effb1992e3e3bd8e7adbe22ef87cd323,35,30004,8,8,3,success,,,hilbert-river revision 1 seed 30004 [complete]:
service-bulk-held-out,b228dd3c48b5139069d60b3d13b7a3fe,35,30004,9,8,3,success,,,hilbert-river revision 1 seed 30004 [complete]:
service-bulk-held-out,67f3f40ab0dac870121946b8a97e19a4,35,30004,7,8,4,invalid_request,,,hilbert-river revision 1 seed 30004 [validation]: No crossing court fits outside the reserved homes.
service-bulk-held-out,fbd43970070a06e67aa70bdd82da6acc,35,30004,8,8,4,success,,,hilbert-river revision 1 seed 30004 [complete]:
service-bulk-held-out,a26e37591d5b2665d2eac711b16dd610,35,30004,9,8,4,success,,,hilbert-river revision 1 seed 30004 [complete]:
service-bulk-held-out,5f398644de8b62d7a98ff0e8882bee44,35,30004,7,8,5,invalid_request,,,hilbert-river revision 1 seed 30004 [validation]: No crossing court fits outside the reserved homes.
service-bulk-held-out,465eaa4b9328b4fddd9a426459ebaaa1,35,30004,8,8,5,success,,,hilbert-river revision 1 seed 30004 [complete]:
service-bulk-held-out,0deb339eea8f0fc396fef538521db4db,35,30004,9,8,5,success,,,hilbert-river revision 1 seed 30004 [complete]:
service-bulk-held-out,40912b86ec61e1b79f06a0620280e13a,35,30004,7,8,6,invalid_request,,,hilbert-river revision 1 seed 30004 [validation]: No crossing court fits outside the reserved homes.
service-bulk-held-out,0c4440f6568f9c84537f643696213e32,35,30004,8,8,6,success,,,hilbert-river revision 1 seed 30004 [complete]:
service-bulk-held-out,715fc1a0a4d2151f249fdf56ede499f5,35,30004,9,8,6,success,,,hilbert-river revision 1 seed 30004 [complete]:
service-bulk-held-out,cae82c63d8513d7e667407ac26b79698,35,30004,7,8,7,invalid_request,,,hilbert-river revision 1 seed 30004 [validation]: No crossing court fits outside the reserved homes.
service-bulk-held-out,08055ca071ab3d9be310b6c3271a4dd9,35,30004,8,8,7,success,,,hilbert-river revision 1 seed 30004 [complete]:
service-bulk-held-out,4b22fa55b78a6b50b7f9ade659272fe7,35,30004,9,8,7,success,,,hilbert-river revision 1 seed 30004 [complete]:
service-bulk-held-out,abe28b0bb66776818bf9c5508ca5318a,35,30004,7,8,8,invalid_request,,,hilbert-river revision 1 seed 30004 [validation]: Cannot fit 8 separated 56×56 home/farm modules on this terrain; enlarge the map or reduce colonies/folds/lake size.
service-bulk-held-out,74c5405a25d1275c02203ad5d832db0d,35,30004,8,8,8,success,,,hilbert-river revision 1 seed 30004 [complete]:
service-bulk-held-out,afd761fe862d356d3cdc41ea7b30da29,35,30004,9,8,8,success,,,hilbert-river revision 1 seed 30004 [complete]:
service-bulk-held-out,8113407d8815007d6f70a0d55cac0719,35,30004,7,9,2,success,,,hilbert-river revision 1 seed 30004 [complete]:
service-bulk-held-out,5f0193cb392ff6f15fa9543d49778287,35,30004,8,9,2,success,,,hilbert-river revision 1 seed 30004 [complete]:
service-bulk-held-out,d49c3c75591bf8034175785c9b45f0ed,35,30004,9,9,2,success,,,hilbert-river revision 1 seed 30004 [complete]:
service-bulk-held-out,314f4c90d918928f2eda3bff8144b8fc,35,30004,7,9,3,success,,,hilbert-river revision 1 seed 30004 [complete]:
service-bulk-held-out,10bc9b7025bb71e4baa837347723999c,35,30004,8,9,3,success,,,hilbert-river revision 1 seed 30004 [complete]:
service-bulk-held-out,cd3e96da3644f0f5e9c6fbb25b225b47,35,30004,9,9,3,success,,,hilbert-river revision 1 seed 30004 [complete]:
service-bulk-held-out,692bb4356e027bdd0cc25bfbc2672f25,35,30004,7,9,4,success,,,hilbert-river revision 1 seed 30004 [complete]:
service-bulk-held-out,1da66ed2a6a6194ee3acc31762280d16,35,30004,8,9,4,success,,,hilbert-river revision 1 seed 30004 [complete]:
service-bulk-held-out,f58a6cb472e9915f6fae195c96869a78,35,30004,9,9,4,success,,,hilbert-river revision 1 seed 30004 [complete]:
service-bulk-held-out,68f07ce596461da79cd9b344d3f50349,35,30004,7,9,5,success,,,hilbert-river revision 1 seed 30004 [complete]:
service-bulk-held-out,71d98976f2d01e5aff8ad822385503a1,35,30004,8,9,5,success,,,hilbert-river revision 1 seed 30004 [complete]:
service-bulk-held-out,bf3a8e64afe64468a5635f5f8122d915,35,30004,9,9,5,success,,,hilbert-river revision 1 seed 30004 [complete]:
service-bulk-held-out,053fcf7ed1cd466c6b8d6893be7bade8,35,30004,7,9,6,success,,,hilbert-river revision 1 seed 30004 [complete]:
service-bulk-held-out,3d11bc5cc5628dc4d1a457d6face9bb1,35,30004,8,9,6,success,,,hilbert-river revision 1 seed 30004 [complete]:
service-bulk-held-out,b9b8186975b3e72ca97a7bcc72a854a4,35,30004,9,9,6,success,,,hilbert-river revision 1 seed 30004 [complete]:
service-bulk-held-out,3ec1a24252b56926f8608e9b51df5b70,35,30004,7,9,7,success,,,hilbert-river revision 1 seed 30004 [complete]:
service-bulk-held-out,4433ed985ccf57715b3ae4ee03927e37,35,30004,8,9,7,success,,,hilbert-river revision 1 seed 30004 [complete]:
service-bulk-held-out,a613a6c169a2fefae084ff6ff7da925b,35,30004,9,9,7,success,,,hilbert-river revision 1 seed 30004 [complete]:
service-bulk-held-out,dcb914ce0ef7548c8b407d2e3fbb99b8,35,30004,7,9,8,success,,,hilbert-river revision 1 seed 30004 [complete]:
service-bulk-held-out,58da981950d7f2d7c0510786b092b5be,35,30004,8,9,8,success,,,hilbert-river revision 1 seed 30004 [complete]:
service-bulk-held-out,b6d32216966e15572ce726c63cad6590,35,30004,9,9,8,success,,,hilbert-river revision 1 seed 30004 [complete]:
service-bulk-held-out,e1c3845f1f3ea94ad1c202181546dcb8,35,30005,8,8,4,success,,,hilbert-river revision 1 seed 30005 [complete]:
service-bulk-held-out,94fa25729fc41462f60b909dc5d476ac,35,30005,7,7,2,success,,,hilbert-river revision 1 seed 30005 [complete]:
service-bulk-held-out,9fdbaa1af631aad8d5afde73591e93e6,35,30005,8,7,2,success,,,hilbert-river revision 1 seed 30005 [complete]:
service-bulk-held-out,c848c229b259b24d18af44ae1d47abee,35,30005,9,7,2,success,,,hilbert-river revision 1 seed 30005 [complete]:
service-bulk-held-out,3a89b153c30d384e419bbf900f64e877,35,30005,7,7,3,success,,,hilbert-river revision 1 seed 30005 [complete]:
service-bulk-held-out,0e33d65e43f887d9241265429eeac375,35,30005,8,7,3,success,,,hilbert-river revision 1 seed 30005 [complete]:
service-bulk-held-out,d25f561e3114aacde9aa22c0e274ea43,35,30005,9,7,3,success,,,hilbert-river revision 1 seed 30005 [complete]:
service-bulk-held-out,75d457bd9d50d6d867930ccad7456d79,35,30005,7,7,4,invalid_request,,,hilbert-river revision 1 seed 30005 [validation]: No crossing court fits outside the reserved homes.
service-bulk-held-out,c7454e376e5f4105e0875cd67592429a,35,30005,8,7,4,success,,,hilbert-river revision 1 seed 30005 [complete]:
service-bulk-held-out,1c060597aba5d40a62a534f656573be0,35,30005,9,7,4,success,,,hilbert-river revision 1 seed 30005 [complete]:
service-bulk-held-out,53edb184c3a4996bb62f320cb40effa6,35,30005,7,7,5,invalid_request,,,hilbert-river revision 1 seed 30005 [validation]: Cannot fit 5 separated 56×56 home/farm modules on this terrain; enlarge the map or reduce colonies/folds/lake size.
service-bulk-held-out,ee8771acefe39acf8cdc280bd36568eb,35,30005,8,7,5,success,,,hilbert-river revision 1 seed 30005 [complete]:
service-bulk-held-out,ddedc7afcc034a5817d3e24df3909b17,35,30005,9,7,5,success,,,hilbert-river revision 1 seed 30005 [complete]:
service-bulk-held-out,e3213158d46d4924554d3f7ed99f45fa,35,30005,7,7,6,invalid_request,,,hilbert-river revision 1 seed 30005 [validation]: Cannot fit 6 separated 56×56 home/farm modules on this terrain; enlarge the map or reduce colonies/folds/lake size.
service-bulk-held-out,464b29401c02402fb3838720b685c7ca,35,30005,8,7,6,success,,,hilbert-river revision 1 seed 30005 [complete]:
service-bulk-held-out,4e9bc5fef0e456be89aecd422a410da4,35,30005,9,7,6,success,,,hilbert-river revision 1 seed 30005 [complete]:
service-bulk-held-out,50a2e43e931f913d910b8ae786c51fc8,35,30005,7,7,7,invalid_request,,,hilbert-river revision 1 seed 30005 [validation]: Cannot fit 7 separated 56×56 home/farm modules on this terrain; enlarge the map or reduce colonies/folds/lake size.
service-bulk-held-out,25f03cd0e8975baa13d4befef3c1271e,35,30005,8,7,7,invalid_request,,,hilbert-river revision 1 seed 30005 [validation]: No crossing court fits outside the reserved homes.
service-bulk-held-out,5755b6fb68732d7eb32f225245b38d32,35,30005,9,7,7,success,,,hilbert-river revision 1 seed 30005 [complete]:
service-bulk-held-out,bfa50798ff6a45aec09e9a8e127a26bb,35,30005,7,7,8,invalid_request,,,hilbert-river revision 1 seed 30005 [validation]: Cannot fit 8 separated 56×56 home/farm modules on this terrain; enlarge the map or reduce colonies/folds/lake size.
service-bulk-held-out,f297749751a4f1ac455531934110cb6f,35,30005,8,7,8,invalid_request,,,hilbert-river revision 1 seed 30005 [validation]: No crossing court fits outside the reserved homes.
service-bulk-held-out,c835289c606847a49eddc4b82eef8d2f,35,30005,9,7,8,success,,,hilbert-river revision 1 seed 30005 [complete]:
service-bulk-held-out,1a1031cf0146132f44ba78b6177fcdc2,35,30005,7,8,2,success,,,hilbert-river revision 1 seed 30005 [complete]:
service-bulk-held-out,7f6ece76218536db8b81428d4fcd1173,35,30005,8,8,2,success,,,hilbert-river revision 1 seed 30005 [complete]:
service-bulk-held-out,bb241733bbbf29daf8af3a7a9935e30d,35,30005,9,8,2,success,,,hilbert-river revision 1 seed 30005 [complete]:
service-bulk-held-out,ef35c34f56bcc7b1157a7096d553caa7,35,30005,7,8,3,success,,,hilbert-river revision 1 seed 30005 [complete]:
service-bulk-held-out,1de3e87192fc61ec4ec31bd6b48cbeaa,35,30005,8,8,3,success,,,hilbert-river revision 1 seed 30005 [complete]:
service-bulk-held-out,f6f9ea73943c6f94b720e214f51a730c,35,30005,9,8,3,success,,,hilbert-river revision 1 seed 30005 [complete]:
service-bulk-held-out,bd7188eafaf46d8f4bf4d8a6b2b48d8b,35,30005,7,8,4,success,,,hilbert-river revision 1 seed 30005 [complete]:
service-bulk-held-out,269b2b327e87cc54639ec5c5442279dc,35,30005,8,8,4,success,,,hilbert-river revision 1 seed 30005 [complete]:
service-bulk-held-out,8ca8d0f60d8160022b8900bacb67d8db,35,30005,9,8,4,success,,,hilbert-river revision 1 seed 30005 [complete]:
service-bulk-held-out,cfdc8c52fd84f33715a621d7579b0f5b,35,30005,7,8,5,success,,,hilbert-river revision 1 seed 30005 [complete]:
service-bulk-held-out,2102bf58aac27a8ad2a71e45950159a3,35,30005,8,8,5,success,,,hilbert-river revision 1 seed 30005 [complete]:
service-bulk-held-out,316d207d886ce86612b5d6c4304cb5df,35,30005,9,8,5,success,,,hilbert-river revision 1 seed 30005 [complete]:
service-bulk-held-out,e4b3bde404fc049312114ab31bada3b0,35,30005,7,8,6,success,,,hilbert-river revision 1 seed 30005 [complete]:
service-bulk-held-out,8daae282a17cf955dc89d87fd2a8b9cc,35,30005,8,8,6,success,,,hilbert-river revision 1 seed 30005 [complete]:
service-bulk-held-out,57969185841d8805d9daff650c004a2b,35,30005,9,8,6,success,,,hilbert-river revision 1 seed 30005 [complete]:
service-bulk-held-out,16e5123df21142b5a9f97558155c284f,35,30005,7,8,7,invalid_request,,,hilbert-river revision 1 seed 30005 [validation]: No crossing court fits outside the reserved homes.
service-bulk-held-out,081268edab6522eb64a7682a9deb9469,35,30005,8,8,7,success,,,hilbert-river revision 1 seed 30005 [complete]:
service-bulk-held-out,11ea81084a49529a4328d853283d0f79,35,30005,9,8,7,success,,,hilbert-river revision 1 seed 30005 [complete]:
service-bulk-held-out,6228369332be01e921e68c99260f0b17,35,30005,7,8,8,invalid_request,,,hilbert-river revision 1 seed 30005 [validation]: Cannot fit 8 separated 56×56 home/farm modules on this terrain; enlarge the map or reduce colonies/folds/lake size.
service-bulk-held-out,c0ede7357ebef2eec65c0b07a269e002,35,30005,8,8,8,success,,,hilbert-river revision 1 seed 30005 [complete]:
service-bulk-held-out,19d8c0274c3c7a3675a3d68210b2ee6c,35,30005,9,8,8,success,,,hilbert-river revision 1 seed 30005 [complete]:
service-bulk-held-out,afec69df48e30616d5db370e6ecbffad,35,30005,7,9,2,success,,,hilbert-river revision 1 seed 30005 [complete]:
service-bulk-held-out,53d708549e174c62e43ab74a6a2565bf,35,30005,8,9,2,success,,,hilbert-river revision 1 seed 30005 [complete]:
service-bulk-held-out,be19394970ba4c37ac511ed38b32929c,35,30005,9,9,2,success,,,hilbert-river revision 1 seed 30005 [complete]:
service-bulk-held-out,c7fc52d1d72ea1aa01b83d7266f7e0e0,35,30005,7,9,3,success,,,hilbert-river revision 1 seed 30005 [complete]:
service-bulk-held-out,f7ca06e32d2fefac26327362dd2eaa5a,35,30005,8,9,3,success,,,hilbert-river revision 1 seed 30005 [complete]:
service-bulk-held-out,a2e8ca9c294df9edb8099b5a28480ff4,35,30005,9,9,3,success,,,hilbert-river revision 1 seed 30005 [complete]:
service-bulk-held-out,cb8e6f8a9bfc3e389beeb5094bf6164b,35,30005,7,9,4,success,,,hilbert-river revision 1 seed 30005 [complete]:
service-bulk-held-out,2b72b299b263138bafef85284a02b90a,35,30005,8,9,4,success,,,hilbert-river revision 1 seed 30005 [complete]:
service-bulk-held-out,02dd6f2d3e074572e99a253f7a6ddfc2,35,30005,9,9,4,success,,,hilbert-river revision 1 seed 30005 [complete]:
service-bulk-held-out,1beb0138e227f9e60ae10cf4c174027f,35,30005,7,9,5,success,,,hilbert-river revision 1 seed 30005 [complete]:
service-bulk-held-out,f969dad88e76760647f10a55439797c8,35,30005,8,9,5,success,,,hilbert-river revision 1 seed 30005 [complete]:
service-bulk-held-out,5962fe73dadb0464b4683d784485917f,35,30005,9,9,5,success,,,hilbert-river revision 1 seed 30005 [complete]:
service-bulk-held-out,f5d351250714cdec30df56624ea907dc,35,30005,7,9,6,success,,,hilbert-river revision 1 seed 30005 [complete]:
service-bulk-held-out,a0982928c1f866ebf68f5b829f3c596e,35,30005,8,9,6,success,,,hilbert-river revision 1 seed 30005 [complete]:
service-bulk-held-out,62f5473ef0cb7ed9b068b2f8c0905eaa,35,30005,9,9,6,success,,,hilbert-river revision 1 seed 30005 [complete]:
service-bulk-held-out,cd110255208e34c9ef1b9255676ef140,35,30005,7,9,7,success,,,hilbert-river revision 1 seed 30005 [complete]:
service-bulk-held-out,33abe95527cc9e344a24f5d9a4ad96e8,35,30005,8,9,7,success,,,hilbert-river revision 1 seed 30005 [complete]:
service-bulk-held-out,266a19007c5e0262611576762990eaa0,35,30005,9,9,7,success,,,hilbert-river revision 1 seed 30005 [complete]:
service-bulk-held-out,c3d93009ad7026be3142079e52e7c186,35,30005,7,9,8,success,,,hilbert-river revision 1 seed 30005 [complete]:
service-bulk-held-out,7ee7e125a977041aa449d70df7e6189f,35,30005,8,9,8,success,,,hilbert-river revision 1 seed 30005 [complete]:
service-bulk-held-out,bee467becd180f56cca7f589e9b24556,35,30005,9,9,8,success,,,hilbert-river revision 1 seed 30005 [complete]:
service-bulk-held-out,ab85ff2edf2660a177c831fe90861c2c,35,30006,8,8,4,success,,,hilbert-river revision 1 seed 30006 [complete]:
service-bulk-held-out,ea6bfda46545bd7d15e8e9519bfe90c8,35,30006,7,7,2,invalid_request,,,hilbert-river revision 1 seed 30006 [validation]: No crossing court fits outside the reserved homes.
service-bulk-held-out,de86ed6028f709d3974195f4f34a4f8e,35,30006,8,7,2,success,,,hilbert-river revision 1 seed 30006 [complete]:
service-bulk-held-out,b86d4c2659a9c15aec960d98014bfd66,35,30006,9,7,2,success,,,hilbert-river revision 1 seed 30006 [complete]:
service-bulk-held-out,c41ff4ea76c4778d5318656bb8245f82,35,30006,7,7,3,invalid_request,,,hilbert-river revision 1 seed 30006 [validation]: No crossing court fits outside the reserved homes.
service-bulk-held-out,ed16f42c656629669b06193121214317,35,30006,8,7,3,success,,,hilbert-river revision 1 seed 30006 [complete]:
service-bulk-held-out,1ec43d8c6bf9420efd55d941d79aa84b,35,30006,9,7,3,success,,,hilbert-river revision 1 seed 30006 [complete]:
service-bulk-held-out,fcea1fdb95419045c58a27ab4be7c8b3,35,30006,7,7,4,invalid_request,,,hilbert-river revision 1 seed 30006 [validation]: No crossing court fits outside the reserved homes.
service-bulk-held-out,7771fc3a8a5ed78adc822170d4064f4b,35,30006,8,7,4,success,,,hilbert-river revision 1 seed 30006 [complete]:
service-bulk-held-out,6de7d3af832229968fc9540a6790a997,35,30006,9,7,4,success,,,hilbert-river revision 1 seed 30006 [complete]:
service-bulk-held-out,3d95757285b84565bbf4a1183f61dc3c,35,30006,7,7,5,invalid_request,,,hilbert-river revision 1 seed 30006 [validation]: Cannot fit 5 separated 56×56 home/farm modules on this terrain; enlarge the map or reduce colonies/folds/lake size.
service-bulk-held-out,b64edfc946917ccc3b4769672cb79f0f,35,30006,8,7,5,success,,,hilbert-river revision 1 seed 30006 [complete]:
service-bulk-held-out,4675932460c4e5c8772363e57d733de0,35,30006,9,7,5,success,,,hilbert-river revision 1 seed 30006 [complete]:
service-bulk-held-out,1aa24b2de49840ec8b8af94b32c635dc,35,30006,7,7,6,invalid_request,,,hilbert-river revision 1 seed 30006 [validation]: Cannot fit 6 separated 56×56 home/farm modules on this terrain; enlarge the map or reduce colonies/folds/lake size.
service-bulk-held-out,c40661a6b502dfdde23bcbbc3b05c735,35,30006,8,7,6,success,,,hilbert-river revision 1 seed 30006 [complete]:
service-bulk-held-out,17a620501d2ad48a5dccbeefc9c24b66,35,30006,9,7,6,success,,,hilbert-river revision 1 seed 30006 [complete]:
service-bulk-held-out,bcb7bd341f13a6404cb9bd41e1746de3,35,30006,7,7,7,invalid_request,,,hilbert-river revision 1 seed 30006 [validation]: Cannot fit 7 separated 56×56 home/farm modules on this terrain; enlarge the map or reduce colonies/folds/lake size.
service-bulk-held-out,5df251c13e26ba4e050cd25dd3748d0d,35,30006,8,7,7,invalid_request,,,hilbert-river revision 1 seed 30006 [validation]: No crossing court fits outside the reserved homes.
service-bulk-held-out,d1f971f93e43a1062d4ff4ed6ec9932c,35,30006,9,7,7,success,,,hilbert-river revision 1 seed 30006 [complete]:
service-bulk-held-out,5ef63a9152076b7223c6c8de1be3ca39,35,30006,7,7,8,invalid_request,,,hilbert-river revision 1 seed 30006 [validation]: Cannot fit 8 separated 56×56 home/farm modules on this terrain; enlarge the map or reduce colonies/folds/lake size.
service-bulk-held-out,cba32e325314e22721be86bdea6d3c7b,35,30006,8,7,8,invalid_request,,,hilbert-river revision 1 seed 30006 [validation]: Cannot fit 8 separated 56×56 home/farm modules on this terrain; enlarge the map or reduce colonies/folds/lake size.
service-bulk-held-out,2506ca37cc0e450a29938f8b4bad0e84,35,30006,9,7,8,success,,,hilbert-river revision 1 seed 30006 [complete]:
service-bulk-held-out,833fbc15994d11d985862cc377061502,35,30006,7,8,2,success,,,hilbert-river revision 1 seed 30006 [complete]:
service-bulk-held-out,180aec6d36719237e613368d0e241a3b,35,30006,8,8,2,success,,,hilbert-river revision 1 seed 30006 [complete]:
service-bulk-held-out,cea683eab5cc93d04a9f99c82f57c029,35,30006,9,8,2,success,,,hilbert-river revision 1 seed 30006 [complete]:
service-bulk-held-out,bbd3bd9a9ef224074e38c3f4a72cf578,35,30006,7,8,3,success,,,hilbert-river revision 1 seed 30006 [complete]:
service-bulk-held-out,a9c66cd5aae188720bfde37e55e09804,35,30006,8,8,3,success,,,hilbert-river revision 1 seed 30006 [complete]:
service-bulk-held-out,fa1e6e89bf99d48a54927e0cd0cb6814,35,30006,9,8,3,success,,,hilbert-river revision 1 seed 30006 [complete]:
service-bulk-held-out,2facd1f2f262a9fc072534e23df15145,35,30006,7,8,4,success,,,hilbert-river revision 1 seed 30006 [complete]:
service-bulk-held-out,301a926500f42e43e3f0e42fa1d09351,35,30006,8,8,4,success,,,hilbert-river revision 1 seed 30006 [complete]:
service-bulk-held-out,3d79f905b9922519a70928237ccd859c,35,30006,9,8,4,success,,,hilbert-river revision 1 seed 30006 [complete]:
service-bulk-held-out,c4b9a37a146d919f4ebc121be827b76d,35,30006,7,8,5,success,,,hilbert-river revision 1 seed 30006 [complete]:
service-bulk-held-out,a95442cca4bf782ab4e00034018ee097,35,30006,8,8,5,success,,,hilbert-river revision 1 seed 30006 [complete]:
service-bulk-held-out,ec18256ccd5d5e2e3bb723c43ba17fef,35,30006,9,8,5,success,,,hilbert-river revision 1 seed 30006 [complete]:
service-bulk-held-out,30ba31ed556408ff488ae8383227728f,35,30006,7,8,6,success,,,hilbert-river revision 1 seed 30006 [complete]:
service-bulk-held-out,65d2c9399366fc64e67ebddc7e440bbe,35,30006,8,8,6,success,,,hilbert-river revision 1 seed 30006 [complete]:
service-bulk-held-out,f23e7424951e175cdb42f725b2b80bad,35,30006,9,8,6,success,,,hilbert-river revision 1 seed 30006 [complete]:
service-bulk-held-out,2a4a256ea73057424dff00dad9b11947,35,30006,7,8,7,invalid_request,,,hilbert-river revision 1 seed 30006 [validation]: No crossing court fits outside the reserved homes.
service-bulk-held-out,b34900d7f34da6a83d5631f211e1f6b5,35,30006,8,8,7,success,,,hilbert-river revision 1 seed 30006 [complete]:
service-bulk-held-out,c204d17d5df231f032222368f37b4052,35,30006,9,8,7,success,,,hilbert-river revision 1 seed 30006 [complete]:
service-bulk-held-out,a9844bea9a1c029358ab0cfcaa3b8b03,35,30006,7,8,8,invalid_request,,,hilbert-river revision 1 seed 30006 [validation]: Cannot fit 8 separated 56×56 home/farm modules on this terrain; enlarge the map or reduce colonies/folds/lake size.
service-bulk-held-out,91e1aedc261e8d1bdbd9518b6eab4059,35,30006,8,8,8,success,,,hilbert-river revision 1 seed 30006 [complete]:
service-bulk-held-out,6989f0631dd89065d95b9dea57d95b2b,35,30006,9,8,8,success,,,hilbert-river revision 1 seed 30006 [complete]:
service-bulk-held-out,a8c26203aefc52eeb25cf3cfde9cb32b,35,30006,7,9,2,success,,,hilbert-river revision 1 seed 30006 [complete]:
service-bulk-held-out,6f387db826d3a0fa8bb72bc62aed140b,35,30006,8,9,2,success,,,hilbert-river revision 1 seed 30006 [complete]:
service-bulk-held-out,864b4fd5ae0ae4d28f613532776f240c,35,30006,9,9,2,success,,,hilbert-river revision 1 seed 30006 [complete]:
service-bulk-held-out,072f1e14424a1822cb7050634ab1adbc,35,30006,7,9,3,success,,,hilbert-river revision 1 seed 30006 [complete]:
service-bulk-held-out,f8b8be19043a130069b2b3e91668ebff,35,30006,8,9,3,success,,,hilbert-river revision 1 seed 30006 [complete]:
service-bulk-held-out,61c0c2ce3bc81d137881930f15cb1444,35,30006,9,9,3,success,,,hilbert-river revision 1 seed 30006 [complete]:
service-bulk-held-out,b865c563db3dda5c6757bfef98d4b6ca,35,30006,7,9,4,success,,,hilbert-river revision 1 seed 30006 [complete]:
service-bulk-held-out,252add7ef58fc7b1062bfea6545dde7c,35,30006,8,9,4,success,,,hilbert-river revision 1 seed 30006 [complete]:
service-bulk-held-out,62c957d2f3a263639b40072369dc3249,35,30006,9,9,4,success,,,hilbert-river revision 1 seed 30006 [complete]:
service-bulk-held-out,93c57c1feb3a3426aa745882364e0bb4,35,30006,7,9,5,success,,,hilbert-river revision 1 seed 30006 [complete]:
service-bulk-held-out,50cd28a6aa3d22ba78e90ffe940804bf,35,30006,8,9,5,success,,,hilbert-river revision 1 seed 30006 [complete]:
service-bulk-held-out,2729c876ef38edbc5ef2a011d29b1aeb,35,30006,9,9,5,success,,,hilbert-river revision 1 seed 30006 [complete]:
service-bulk-held-out,994d67729f86d32dc6c354f2834ceaae,35,30006,7,9,6,success,,,hilbert-river revision 1 seed 30006 [complete]:
service-bulk-held-out,8a7e10215dee93b548f273a4ea0bcc35,35,30006,8,9,6,success,,,hilbert-river revision 1 seed 30006 [complete]:
service-bulk-held-out,8f5b75d9a789fe7d1f501c5a445eef80,35,30006,9,9,6,success,,,hilbert-river revision 1 seed 30006 [complete]:
service-bulk-held-out,82bc60bfda727f4f65cd294c9811e259,35,30006,7,9,7,success,,,hilbert-river revision 1 seed 30006 [complete]:
service-bulk-held-out,c49403fe51c37b07fd0c5744a2ef50fc,35,30006,8,9,7,success,,,hilbert-river revision 1 seed 30006 [complete]:
service-bulk-held-out,dcf2f6fa7c3af41bac57bb6e8b2cf0c5,35,30006,9,9,7,success,,,hilbert-river revision 1 seed 30006 [complete]:
service-bulk-held-out,e6e026f0d726ffdc60039e7a95e2c17a,35,30006,7,9,8,success,,,hilbert-river revision 1 seed 30006 [complete]:
service-bulk-held-out,36ef6051401768e6ff2693ca919a7506,35,30006,8,9,8,success,,,hilbert-river revision 1 seed 30006 [complete]:
service-bulk-held-out,8afb9adfe96da7edaa67b0372003557e,35,30006,9,9,8,success,,,hilbert-river revision 1 seed 30006 [complete]:
service-bulk-held-out,95f49565178f5b3cbcf30a6b2daaf226,35,30007,8,8,4,success,,,hilbert-river revision 1 seed 30007 [complete]:
service-bulk-held-out,5295ad30509720af597b3d98d2cddaba,35,30007,7,7,2,invalid_request,,,hilbert-river revision 1 seed 30007 [validation]: No crossing court fits outside the reserved homes.
service-bulk-held-out,1378dac0da87450c050db4040b74c169,35,30007,8,7,2,success,,,hilbert-river revision 1 seed 30007 [complete]:
service-bulk-held-out,381c911653aea255ede9991afaa66cd9,35,30007,9,7,2,success,,,hilbert-river revision 1 seed 30007 [complete]:
service-bulk-held-out,e64fbc2217c0e29f7bbd4dcd4917ff0c,35,30007,7,7,3,invalid_request,,,hilbert-river revision 1 seed 30007 [validation]: No crossing court fits outside the reserved homes.
service-bulk-held-out,c70fb937c7478a221c2ad532d6e9a38f,35,30007,8,7,3,success,,,hilbert-river revision 1 seed 30007 [complete]:
service-bulk-held-out,b2dd439f3557fd643146fcd70c85e3a4,35,30007,9,7,3,success,,,hilbert-river revision 1 seed 30007 [complete]:
service-bulk-held-out,8a87ec7c81a914acae5dc787e9526514,35,30007,7,7,4,invalid_request,,,hilbert-river revision 1 seed 30007 [validation]: No crossing court fits outside the reserved homes.
service-bulk-held-out,f316cc73717781284c111f1f410e0b94,35,30007,8,7,4,success,,,hilbert-river revision 1 seed 30007 [complete]:
service-bulk-held-out,21a389682b7aa872e6fdec2cbc3a2d5c,35,30007,9,7,4,success,,,hilbert-river revision 1 seed 30007 [complete]:
service-bulk-held-out,96b78378f952e80053c500f091ed97ea,35,30007,7,7,5,invalid_request,,,hilbert-river revision 1 seed 30007 [validation]: Cannot fit 5 separated 56×56 home/farm modules on this terrain; enlarge the map or reduce colonies/folds/lake size.
service-bulk-held-out,c6a5f8e27d7fd3ed401ac9c579a8cd13,35,30007,8,7,5,success,,,hilbert-river revision 1 seed 30007 [complete]:
service-bulk-held-out,50a8966e523ad8b920c98fb3536d978e,35,30007,9,7,5,success,,,hilbert-river revision 1 seed 30007 [complete]:
service-bulk-held-out,320da7121f1f600efcf1eea12433d319,35,30007,7,7,6,invalid_request,,,hilbert-river revision 1 seed 30007 [validation]: Cannot fit 6 separated 56×56 home/farm modules on this terrain; enlarge the map or reduce colonies/folds/lake size.
service-bulk-held-out,d4d81c9d065efb2ed85df016ab87e7f4,35,30007,8,7,6,invalid_request,,,hilbert-river revision 1 seed 30007 [validation]: No crossing court fits outside the reserved homes.
service-bulk-held-out,6c115fe0bc34dee45121d37c857a81ac,35,30007,9,7,6,success,,,hilbert-river revision 1 seed 30007 [complete]:
service-bulk-held-out,1ce81738908196476c8e2c0a3c3ba59a,35,30007,7,7,7,invalid_request,,,hilbert-river revision 1 seed 30007 [validation]: Cannot fit 7 separated 56×56 home/farm modules on this terrain; enlarge the map or reduce colonies/folds/lake size.
service-bulk-held-out,0fad615f3ab45fd2e46d57b7c479f9c3,35,30007,8,7,7,invalid_request,,,hilbert-river revision 1 seed 30007 [validation]: No crossing court fits outside the reserved homes.
service-bulk-held-out,37ffe221b2faa435b1e28f40dfd93bfe,35,30007,9,7,7,success,,,hilbert-river revision 1 seed 30007 [complete]:
service-bulk-held-out,2f6f9c144b3dbb5f3232203587ae73cf,35,30007,7,7,8,invalid_request,,,hilbert-river revision 1 seed 30007 [validation]: Cannot fit 8 separated 56×56 home/farm modules on this terrain; enlarge the map or reduce colonies/folds/lake size.
service-bulk-held-out,aa245f38653294f7105375f53dd91cce,35,30007,8,7,8,invalid_request,,,hilbert-river revision 1 seed 30007 [validation]: Cannot fit 8 separated 56×56 home/farm modules on this terrain; enlarge the map or reduce colonies/folds/lake size.
service-bulk-held-out,13d0a182edeb850ca991d8cf23abe410,35,30007,9,7,8,success,,,hilbert-river revision 1 seed 30007 [complete]:
service-bulk-held-out,055c6495b8c2e3f445c46a3601ac38a1,35,30007,7,8,2,success,,,hilbert-river revision 1 seed 30007 [complete]:
service-bulk-held-out,0a39cf7416a189ece1c6da662b2e8d70,35,30007,8,8,2,success,,,hilbert-river revision 1 seed 30007 [complete]:
service-bulk-held-out,773ac87a76eb50a5ade3e9f84c34de7d,35,30007,9,8,2,success,,,hilbert-river revision 1 seed 30007 [complete]:
service-bulk-held-out,a3f30cc760b58a0faae07235f93cad47,35,30007,7,8,3,success,,,hilbert-river revision 1 seed 30007 [complete]:
service-bulk-held-out,6b85d640aed143384c07b5dfa43bac7a,35,30007,8,8,3,success,,,hilbert-river revision 1 seed 30007 [complete]:
service-bulk-held-out,6009d4547476d09114b2d72f55da4de1,35,30007,9,8,3,success,,,hilbert-river revision 1 seed 30007 [complete]:
service-bulk-held-out,339819c3ec930217f8f2aee53498f34e,35,30007,7,8,4,success,,,hilbert-river revision 1 seed 30007 [complete]:
service-bulk-held-out,89b0dcfdc40f65c7ad634f1ec8447769,35,30007,8,8,4,success,,,hilbert-river revision 1 seed 30007 [complete]:
service-bulk-held-out,154ce85a68db4bf49109e5833127ad6f,35,30007,9,8,4,success,,,hilbert-river revision 1 seed 30007 [complete]:
service-bulk-held-out,f3a40039e0cdd227a9b21303bef14c0a,35,30007,7,8,5,success,,,hilbert-river revision 1 seed 30007 [complete]:
service-bulk-held-out,eb95a32fad1b33991ebc67eb84ce2a53,35,30007,8,8,5,success,,,hilbert-river revision 1 seed 30007 [complete]:
service-bulk-held-out,c8614eecab5626efe4ba126cbf0a18e3,35,30007,9,8,5,success,,,hilbert-river revision 1 seed 30007 [complete]:
service-bulk-held-out,be38d8aefd119a053c0ab15674ede2ea,35,30007,7,8,6,success,,,hilbert-river revision 1 seed 30007 [complete]:
service-bulk-held-out,87377c1a2608488aed9ab135b09ad154,35,30007,8,8,6,success,,,hilbert-river revision 1 seed 30007 [complete]:
service-bulk-held-out,7397a476efdc2a141ee9d7a74c18cbbf,35,30007,9,8,6,success,,,hilbert-river revision 1 seed 30007 [complete]:
service-bulk-held-out,ebeabb03dd1b52c5b3b213f81c4e0127,35,30007,7,8,7,invalid_request,,,hilbert-river revision 1 seed 30007 [validation]: No crossing court fits outside the reserved homes.
service-bulk-held-out,8b5f59284be14e243cd71c500deef74e,35,30007,8,8,7,success,,,hilbert-river revision 1 seed 30007 [complete]:
service-bulk-held-out,5e50ed7f087ddc7c66ac48c8fba32e3b,35,30007,9,8,7,success,,,hilbert-river revision 1 seed 30007 [complete]:
service-bulk-held-out,0e1aa1daa30ec433f646b89b1e9c4656,35,30007,7,8,8,invalid_request,,,hilbert-river revision 1 seed 30007 [validation]: Cannot fit 8 separated 56×56 home/farm modules on this terrain; enlarge the map or reduce colonies/folds/lake size.
service-bulk-held-out,e24bc419a5bac7dca506186a8ed9204c,35,30007,8,8,8,success,,,hilbert-river revision 1 seed 30007 [complete]:
service-bulk-held-out,78b9cb01e175ab034e6450f3d553df88,35,30007,9,8,8,success,,,hilbert-river revision 1 seed 30007 [complete]:
service-bulk-held-out,a5b502b9750e7029beb9425f460a9890,35,30007,7,9,2,success,,,hilbert-river revision 1 seed 30007 [complete]:
service-bulk-held-out,74fd0cebc026069c3b3d1fa423baa749,35,30007,8,9,2,success,,,hilbert-river revision 1 seed 30007 [complete]:
service-bulk-held-out,a41f31c758fe5dc3475d22cba7127d8e,35,30007,9,9,2,success,,,hilbert-river revision 1 seed 30007 [complete]:
service-bulk-held-out,bbb37b7b84ac4620e36e5a463f1a9dfd,35,30007,7,9,3,success,,,hilbert-river revision 1 seed 30007 [complete]:
service-bulk-held-out,df3c9300fd8fd7100dba763294a23f7e,35,30007,8,9,3,success,,,hilbert-river revision 1 seed 30007 [complete]:
service-bulk-held-out,ab99c338e42b552a4445e9054db0831f,35,30007,9,9,3,success,,,hilbert-river revision 1 seed 30007 [complete]:
service-bulk-held-out,a652353097f03aed933679a29b7d81cc,35,30007,7,9,4,success,,,hilbert-river revision 1 seed 30007 [complete]:
service-bulk-held-out,a48cf60c03acd58b18e3eb62ad9bfea9,35,30007,8,9,4,success,,,hilbert-river revision 1 seed 30007 [complete]:
service-bulk-held-out,ccb76e7f4f14287f78f1d19d4b825805,35,30007,9,9,4,success,,,hilbert-river revision 1 seed 30007 [complete]:
service-bulk-held-out,e2e851db8569a2bc79266108c0d14740,35,30007,7,9,5,success,,,hilbert-river revision 1 seed 30007 [complete]:
service-bulk-held-out,3bc83a7a84b4ecd2d3ac5000791e05e9,35,30007,8,9,5,success,,,hilbert-river revision 1 seed 30007 [complete]:
service-bulk-held-out,7c68ad7035860dcf334658ba18ec8603,35,30007,9,9,5,success,,,hilbert-river revision 1 seed 30007 [complete]:
service-bulk-held-out,7ec5f1453ef4f28c8abd9bacc0ff3204,35,30007,7,9,6,success,,,hilbert-river revision 1 seed 30007 [complete]:
service-bulk-held-out,1d229060ab0aa699f33ea7d419aadec5,35,30007,8,9,6,success,,,hilbert-river revision 1 seed 30007 [complete]:
service-bulk-held-out,577a799c9e5c6367bd75f564d2ce3568,35,30007,9,9,6,success,,,hilbert-river revision 1 seed 30007 [complete]:
service-bulk-held-out,6b92784b51c55370b676a93e1eca2598,35,30007,7,9,7,success,,,hilbert-river revision 1 seed 30007 [complete]:
service-bulk-held-out,e15b70185ab11b86cb9255ff432a3596,35,30007,8,9,7,success,,,hilbert-river revision 1 seed 30007 [complete]:
service-bulk-held-out,dbeb82ac34317f0d4d49e60a05a6cd95,35,30007,9,9,7,success,,,hilbert-river revision 1 seed 30007 [complete]:
service-bulk-held-out,b0bfd834482cf31e21f7e804b0abf30b,35,30007,7,9,8,success,,,hilbert-river revision 1 seed 30007 [complete]:
service-bulk-held-out,5bb561f17311d9f47d7c0c53e875d392,35,30007,8,9,8,success,,,hilbert-river revision 1 seed 30007 [complete]:
service-bulk-held-out,550971bbdeb26f96ae49c23e07b8e6b4,35,30007,9,9,8,success,,,hilbert-river revision 1 seed 30007 [complete]:
service-bulk-held-out,c65660bea59b3efc78c19e1c02927e6b,35,30008,8,8,4,success,,,hilbert-river revision 1 seed 30008 [complete]:
service-bulk-held-out,1ac7bb4fc18d8d403b7f962be854adec,35,30008,7,7,2,success,,,hilbert-river revision 1 seed 30008 [complete]:
service-bulk-held-out,cb101977d0d1486bc529d63a0895609c,35,30008,8,7,2,success,,,hilbert-river revision 1 seed 30008 [complete]:
service-bulk-held-out,612895d75c69b065ea618d90e5c94a79,35,30008,9,7,2,success,,,hilbert-river revision 1 seed 30008 [complete]:
service-bulk-held-out,0fe508f36e760470c531cc902d3c01f4,35,30008,7,7,3,success,,,hilbert-river revision 1 seed 30008 [complete]:
service-bulk-held-out,ee61a9662bb88743e8f1dfb91a6e1fbc,35,30008,8,7,3,success,,,hilbert-river revision 1 seed 30008 [complete]:
service-bulk-held-out,73167575f0daf2757079c92972f993d5,35,30008,9,7,3,success,,,hilbert-river revision 1 seed 30008 [complete]:
service-bulk-held-out,48c98b513ec7554c2685597a4fdaedf6,35,30008,7,7,4,invalid_request,,,hilbert-river revision 1 seed 30008 [validation]: No crossing court fits outside the reserved homes.
service-bulk-held-out,e5aa5fd3e12942e8a28da6965da0fc53,35,30008,8,7,4,invalid_request,,,hilbert-river revision 1 seed 30008 [validation]: No crossing court fits outside the reserved homes.
service-bulk-held-out,80bcb3e4dbfa1acb3533d77b47dd5b57,35,30008,9,7,4,success,,,hilbert-river revision 1 seed 30008 [complete]:
service-bulk-held-out,c52e08735f05dfa49926bc2ef8ff19e5,35,30008,7,7,5,invalid_request,,,hilbert-river revision 1 seed 30008 [validation]: Cannot fit 5 separated 56×56 home/farm modules on this terrain; enlarge the map or reduce colonies/folds/lake size.
service-bulk-held-out,43d3db743fac2271b5614a0779a0343d,35,30008,8,7,5,invalid_request,,,hilbert-river revision 1 seed 30008 [validation]: No crossing court fits outside the reserved homes.
service-bulk-held-out,1368a7ccb2ab8eed969819425f8c5b87,35,30008,9,7,5,success,,,hilbert-river revision 1 seed 30008 [complete]:
service-bulk-held-out,823546c9a7eebe222d2efd523b65edc1,35,30008,7,7,6,invalid_request,,,hilbert-river revision 1 seed 30008 [validation]: Cannot fit 6 separated 56×56 home/farm modules on this terrain; enlarge the map or reduce colonies/folds/lake size.
service-bulk-held-out,5a3fef4f61d1b51be12fe1d371679131,35,30008,8,7,6,invalid_request,,,hilbert-river revision 1 seed 30008 [validation]: No crossing court fits outside the reserved homes.
service-bulk-held-out,a69cb3443ba4587ae9bfa9f1199dc930,35,30008,9,7,6,success,,,hilbert-river revision 1 seed 30008 [complete]:
service-bulk-held-out,2308591f46bb5e8baf2a285e748862b3,35,30008,7,7,7,invalid_request,,,hilbert-river revision 1 seed 30008 [validation]: Cannot fit 7 separated 56×56 home/farm modules on this terrain; enlarge the map or reduce colonies/folds/lake size.
service-bulk-held-out,034de1a030d62059b181231a2324190b,35,30008,8,7,7,invalid_request,,,hilbert-river revision 1 seed 30008 [validation]: No crossing court fits outside the reserved homes.
service-bulk-held-out,ea2c13795d82d7cc7a109380731cb046,35,30008,9,7,7,success,,,hilbert-river revision 1 seed 30008 [complete]:
service-bulk-held-out,ae9378faad673fd1dbc8be803edf1c07,35,30008,7,7,8,invalid_request,,,hilbert-river revision 1 seed 30008 [validation]: Cannot fit 8 separated 56×56 home/farm modules on this terrain; enlarge the map or reduce colonies/folds/lake size.
service-bulk-held-out,5ba1bd8c82f82dd8f2af64f5d3daf825,35,30008,8,7,8,invalid_request,,,hilbert-river revision 1 seed 30008 [validation]: Cannot fit 8 separated 56×56 home/farm modules on this terrain; enlarge the map or reduce colonies/folds/lake size.
service-bulk-held-out,8c3261f18e68d2d7ad77ba78cd8087bb,35,30008,9,7,8,success,,,hilbert-river revision 1 seed 30008 [complete]:
service-bulk-held-out,17bb2ff4ce6cd369f9d35ee5f07792c4,35,30008,7,8,2,success,,,hilbert-river revision 1 seed 30008 [complete]:
service-bulk-held-out,e1ba7f6665f550495a05294db48753d6,35,30008,8,8,2,success,,,hilbert-river revision 1 seed 30008 [complete]:
service-bulk-held-out,c93fdb78e51fe0d335acfa3fbb22a486,35,30008,9,8,2,success,,,hilbert-river revision 1 seed 30008 [complete]:
service-bulk-held-out,fa3ae753e849f1e2dc114613a104fe4a,35,30008,7,8,3,success,,,hilbert-river revision 1 seed 30008 [complete]:
service-bulk-held-out,892298b4968e92abecb7c82b4f9422fa,35,30008,8,8,3,success,,,hilbert-river revision 1 seed 30008 [complete]:
service-bulk-held-out,b5bc51e4a3c5789023e72dc7608d05b5,35,30008,9,8,3,success,,,hilbert-river revision 1 seed 30008 [complete]:
service-bulk-held-out,c3a9d6f9c05a7681bf8d1b8feda682db,35,30008,7,8,4,success,,,hilbert-river revision 1 seed 30008 [complete]:
service-bulk-held-out,cd57fcb746c2648eebb84db4b8f17b20,35,30008,8,8,4,success,,,hilbert-river revision 1 seed 30008 [complete]:
service-bulk-held-out,544aab071e471b1c02902d8ff370f1a3,35,30008,9,8,4,success,,,hilbert-river revision 1 seed 30008 [complete]:
service-bulk-held-out,bf76ce8274de62be16035aa47a6610d9,35,30008,7,8,5,success,,,hilbert-river revision 1 seed 30008 [complete]:
service-bulk-held-out,f4ec1bf5e05f153e57d30f9e3c7584b6,35,30008,8,8,5,success,,,hilbert-river revision 1 seed 30008 [complete]:
service-bulk-held-out,36dc37388346c184e57384abe3764957,35,30008,9,8,5,success,,,hilbert-river revision 1 seed 30008 [complete]:
service-bulk-held-out,d4ece42e6c0fa6fffe44feb5070df501,35,30008,7,8,6,success,,,hilbert-river revision 1 seed 30008 [complete]:
service-bulk-held-out,0321babd07198cc36f652c7854eadf3e,35,30008,8,8,6,success,,,hilbert-river revision 1 seed 30008 [complete]:
service-bulk-held-out,359d7669388b8e1be7825256211dea96,35,30008,9,8,6,success,,,hilbert-river revision 1 seed 30008 [complete]:
service-bulk-held-out,990361a7580451592ea4f10a4ce89ada,35,30008,7,8,7,invalid_request,,,hilbert-river revision 1 seed 30008 [validation]: No crossing court fits outside the reserved homes.
service-bulk-held-out,3e9ff45f589e76eaf38c5278b0546b3b,35,30008,8,8,7,success,,,hilbert-river revision 1 seed 30008 [complete]:
service-bulk-held-out,888c3b82cb0383840697d9e43b4cd31f,35,30008,9,8,7,success,,,hilbert-river revision 1 seed 30008 [complete]:
service-bulk-held-out,a51db04510ea964f0fbb915eb93059ed,35,30008,7,8,8,invalid_request,,,hilbert-river revision 1 seed 30008 [validation]: Cannot fit 8 separated 56×56 home/farm modules on this terrain; enlarge the map or reduce colonies/folds/lake size.
service-bulk-held-out,10c1af1289bfe5ffb44df0ef0b8697b4,35,30008,8,8,8,success,,,hilbert-river revision 1 seed 30008 [complete]:
service-bulk-held-out,562e52bcfb8c099681f4d81aaa5dc8ec,35,30008,9,8,8,success,,,hilbert-river revision 1 seed 30008 [complete]:
service-bulk-held-out,6d1c6706dd42a516e3da6b0c056c7514,35,30008,7,9,2,success,,,hilbert-river revision 1 seed 30008 [complete]:
service-bulk-held-out,cddb8db6f156a8158ab3fe5fdf772dbe,35,30008,8,9,2,success,,,hilbert-river revision 1 seed 30008 [complete]:
service-bulk-held-out,6eaba2acee698cfcb26421d25d90fbd3,35,30008,9,9,2,success,,,hilbert-river revision 1 seed 30008 [complete]:
service-bulk-held-out,02158df6c068e49978ef52d866c97829,35,30008,7,9,3,success,,,hilbert-river revision 1 seed 30008 [complete]:
service-bulk-held-out,ab7775b6d86dc054061c3d7c09eeaa89,35,30008,8,9,3,success,,,hilbert-river revision 1 seed 30008 [complete]:
service-bulk-held-out,f08ae48ab02a4cd9839d1c50d3204999,35,30008,9,9,3,success,,,hilbert-river revision 1 seed 30008 [complete]:
service-bulk-held-out,eaa2cfe0791f0b316d9c8dd6c434319f,35,30008,7,9,4,success,,,hilbert-river revision 1 seed 30008 [complete]:
service-bulk-held-out,357917c1063aebe1b7c6e36400e59a94,35,30008,8,9,4,success,,,hilbert-river revision 1 seed 30008 [complete]:
service-bulk-held-out,82cf0c97fb0ddfcb080079b7886061cd,35,30008,9,9,4,success,,,hilbert-river revision 1 seed 30008 [complete]:
service-bulk-held-out,e459aedd4010e34bee7ed1b9ab251d7e,35,30008,7,9,5,success,,,hilbert-river revision 1 seed 30008 [complete]:
service-bulk-held-out,c45f2eea40444de5687b58fbd777246c,35,30008,8,9,5,success,,,hilbert-river revision 1 seed 30008 [complete]:
service-bulk-held-out,793fca8cc1350a69b3a1f13c982fdcf1,35,30008,9,9,5,success,,,hilbert-river revision 1 seed 30008 [complete]:
service-bulk-held-out,45480583ce09d11a59cc9041582ed755,35,30008,7,9,6,success,,,hilbert-river revision 1 seed 30008 [complete]:
service-bulk-held-out,67d1315ec87533f603784f921ba9ad8b,35,30008,8,9,6,success,,,hilbert-river revision 1 seed 30008 [complete]:
service-bulk-held-out,32f30f7b4b31154c54671ed287c09a3c,35,30008,9,9,6,success,,,hilbert-river revision 1 seed 30008 [complete]:
service-bulk-held-out,6efacb4fc46decf533e46528ea07146c,35,30008,7,9,7,success,,,hilbert-river revision 1 seed 30008 [complete]:
service-bulk-held-out,cd24a799e2defff278c333c40a41bfb1,35,30008,8,9,7,success,,,hilbert-river revision 1 seed 30008 [complete]:
service-bulk-held-out,a6adf2a7c4631f7e51270234998a1949,35,30008,9,9,7,success,,,hilbert-river revision 1 seed 30008 [complete]:
service-bulk-held-out,a30638c8c1a8fe522d84ef1dc58bf20e,35,30008,7,9,8,success,,,hilbert-river revision 1 seed 30008 [complete]:
service-bulk-held-out,32146c063074e9112a8f3b90008a4080,35,30008,8,9,8,success,,,hilbert-river revision 1 seed 30008 [complete]:
service-bulk-held-out,356051a862c90862fe8f04829f43590f,35,30008,9,9,8,success,,,hilbert-river revision 1 seed 30008 [complete]:
