scons: Reading SConscript files ...
Checking whether the C compiler works... (cached) yes
Checking whether the C++ compiler works... (cached) yes
Checking for C library SDL3... (cached) yes
Checking for C library SDL3_ttf... (cached) yes
Checking for C library SDL3_image... (cached) yes
Checking for C library SDL3_net... (cached) yes
Checking for C library speex... (cached) yes
Checking for C++ header file speex/speex.h... (cached) yes
Checking for C library opusfile... (cached) yes
Checking for C++ header file opusfile.h... (cached) yes
Checking for C library opus... (cached) yes
Checking for C library ogg... (cached) yes
Checking for C++ header file zlib.h... (cached) yes
Checking for C library z... (cached) yes
Checking for C++ header file regex.h... (cached) yes
Checking for C++ header file openssl/ssl.h... (cached) yes
Checking for C library ssl... (cached) yes
Checking for C library crypto... (cached) yes
Checking for C++ header file boost/beast/websocket.hpp... (cached) yes
Checking for C++ header file boost/asio/ssl.hpp... (cached) yes
Checking for C library GL... (cached) yes
Checking for C++ header file GL/gl.h... (cached) yes
Checking for C library GLU... (cached) yes
Checking for C++ header file GL/glu.h... (cached) yes
Checking for C library epoxy... (cached) yes
Checking for C++ header file epoxy/gl.h... (cached) yes
Checking for C library fribidi... (cached) yes
Checking for C++ header file fribidi/fribidi.h... (cached) yes
Checking for C library portaudio... (cached) no
scons: done reading SConscript files.
scons: Building targets ...
scons: `build/serial-opt-gcc13/src/glob2' is up to date.
/home/bradley/.codex/worktrees/b625/glob2/artifacts/serial-opt/g++-13-symbols -o build/serial-opt-gcc13/test/engine-support_TestMain.o -c -g2 -std=gnu++20 -Wall -fPIC -O3 -s -DGLOB2_OFFICIAL_INSTANCE_ORIGIN=\"https://app.glob2online.com\" -DGLOB2_OFFICIAL_INSTANCE_FORMER_ORIGINS=\"https://glob2online.com\" -DHAVE_CONFIG_H -DSDL_MAIN_HANDLED -Ibuild/serial-opt-gcc13/recording/prefix/include -I/home/bradley/.codex/worktrees/b625/glob2/build/serial-audit-deps/prefix/include -Ibuild/serial-opt-gcc13/include -I/usr/include/opus -Ilibgag/include -I. -Ilibusl/src -Isrc -Isrc/ai -Isrc/hud -Isrc/app -Isrc/game/player -Isrc/team -Isrc/common -Isrc/map -Isrc/game -Isrc/campaign -Isrc/campaign/screens -Isrc/replay -Isrc/game/screens -Isrc/render/clouds -Isrc/ui/screens -Isrc/game/rules -Isrc/game/diagnostics -Isrc/map/editor/screens -Isrc/engine -Isrc/ui -Isrc/map/preview -Isrc/app/cli -Isrc/net/lan/screens -Isrc/online -Isrc/map/tools -Isrc/scripting/map -Isrc/render/overlay -Isrc/audio -Isrc/online/screens -Isrc/game/orders -Isrc/resource -Isrc/ui/settings -Isrc/team/stats -Isrc/render/torus -Isrc/ai/simple -Isrc/ai/castor -Isrc/ai/javascript -Isrc/ai/nicowar -Isrc/ai/numbi -Isrc/ai/telemetry -Isrc/ai/warrush -Isrc/ai/maxima -Isrc/building -Isrc/building/types -Isrc/unit/types -Isrc/building/hud -Isrc/net -Isrc/hud/draw -Isrc/hud/input -Isrc/hud/touch -Isrc/net/turn -Isrc/unit -Isrc/map/editor -Isrc/map/generator -Isrc/map/generator/compatibility -Isrc/map/generator/core -Isrc/map/generator/generators -Isrc/map/generator/shared -Isrc/map/generator/javascript -Isrc/map/generator/shared/legacy -Isrc/map/gradient -Isrc/map/io -Isrc/net/lan -Isrc/net/message -Isrc/scripting/sgsl -Ithird_party/nlohmann-json/include -I/home/bradley/.codex/worktrees/repair-tls-rejection-fixture/glob2/build/sdl3-ci-current/prefix/include -I/home/bradley/.codex/worktrees/repair-tls-rejection-fixture/glob2/build/sdl3-ci-current/prefix/include/webp -Itest -Itest/support -Ilibgag/src -Ithird_party/quickjs-ng test/support/TestMain.cpp
/home/bradley/.codex/worktrees/b625/glob2/artifacts/serial-opt/g++-13-symbols -o build/serial-opt-gcc13/test/engine-src_map_generator_javascript_ScriptGeneratorTest.o -c -g2 -std=gnu++20 -Wall -fPIC -O3 -s -DGLOB2_OFFICIAL_INSTANCE_ORIGIN=\"https://app.glob2online.com\" -DGLOB2_OFFICIAL_INSTANCE_FORMER_ORIGINS=\"https://glob2online.com\" -DHAVE_CONFIG_H -DSDL_MAIN_HANDLED -Ibuild/serial-opt-gcc13/recording/prefix/include -I/home/bradley/.codex/worktrees/b625/glob2/build/serial-audit-deps/prefix/include -Ibuild/serial-opt-gcc13/include -I/usr/include/opus -Ilibgag/include -I. -Ilibusl/src -Isrc -Isrc/ai -Isrc/hud -Isrc/app -Isrc/game/player -Isrc/team -Isrc/common -Isrc/map -Isrc/game -Isrc/campaign -Isrc/campaign/screens -Isrc/replay -Isrc/game/screens -Isrc/render/clouds -Isrc/ui/screens -Isrc/game/rules -Isrc/game/diagnostics -Isrc/map/editor/screens -Isrc/engine -Isrc/ui -Isrc/map/preview -Isrc/app/cli -Isrc/net/lan/screens -Isrc/online -Isrc/map/tools -Isrc/scripting/map -Isrc/render/overlay -Isrc/audio -Isrc/online/screens -Isrc/game/orders -Isrc/resource -Isrc/ui/settings -Isrc/team/stats -Isrc/render/torus -Isrc/ai/simple -Isrc/ai/castor -Isrc/ai/javascript -Isrc/ai/nicowar -Isrc/ai/numbi -Isrc/ai/telemetry -Isrc/ai/warrush -Isrc/ai/maxima -Isrc/building -Isrc/building/types -Isrc/unit/types -Isrc/building/hud -Isrc/net -Isrc/hud/draw -Isrc/hud/input -Isrc/hud/touch -Isrc/net/turn -Isrc/unit -Isrc/map/editor -Isrc/map/generator -Isrc/map/generator/compatibility -Isrc/map/generator/core -Isrc/map/generator/generators -Isrc/map/generator/shared -Isrc/map/generator/javascript -Isrc/map/generator/shared/legacy -Isrc/map/gradient -Isrc/map/io -Isrc/net/lan -Isrc/net/message -Isrc/scripting/sgsl -Ithird_party/nlohmann-json/include -I/home/bradley/.codex/worktrees/repair-tls-rejection-fixture/glob2/build/sdl3-ci-current/prefix/include -I/home/bradley/.codex/worktrees/repair-tls-rejection-fixture/glob2/build/sdl3-ci-current/prefix/include/webp -Itest -Itest/support -Ilibgag/src -Ithird_party/quickjs-ng src/map/generator/javascript/ScriptGeneratorTest.cpp
/home/bradley/.codex/worktrees/b625/glob2/artifacts/serial-opt/g++-13-symbols -o build/serial-opt-gcc13/test/engine-src_map_generator_javascript_ToolkitBindingTest.o -c -g2 -std=gnu++20 -Wall -fPIC -O3 -s -DGLOB2_OFFICIAL_INSTANCE_ORIGIN=\"https://app.glob2online.com\" -DGLOB2_OFFICIAL_INSTANCE_FORMER_ORIGINS=\"https://glob2online.com\" -DHAVE_CONFIG_H -DSDL_MAIN_HANDLED -Ibuild/serial-opt-gcc13/recording/prefix/include -I/home/bradley/.codex/worktrees/b625/glob2/build/serial-audit-deps/prefix/include -Ibuild/serial-opt-gcc13/include -I/usr/include/opus -Ilibgag/include -I. -Ilibusl/src -Isrc -Isrc/ai -Isrc/hud -Isrc/app -Isrc/game/player -Isrc/team -Isrc/common -Isrc/map -Isrc/game -Isrc/campaign -Isrc/campaign/screens -Isrc/replay -Isrc/game/screens -Isrc/render/clouds -Isrc/ui/screens -Isrc/game/rules -Isrc/game/diagnostics -Isrc/map/editor/screens -Isrc/engine -Isrc/ui -Isrc/map/preview -Isrc/app/cli -Isrc/net/lan/screens -Isrc/online -Isrc/map/tools -Isrc/scripting/map -Isrc/render/overlay -Isrc/audio -Isrc/online/screens -Isrc/game/orders -Isrc/resource -Isrc/ui/settings -Isrc/team/stats -Isrc/render/torus -Isrc/ai/simple -Isrc/ai/castor -Isrc/ai/javascript -Isrc/ai/nicowar -Isrc/ai/numbi -Isrc/ai/telemetry -Isrc/ai/warrush -Isrc/ai/maxima -Isrc/building -Isrc/building/types -Isrc/unit/types -Isrc/building/hud -Isrc/net -Isrc/hud/draw -Isrc/hud/input -Isrc/hud/touch -Isrc/net/turn -Isrc/unit -Isrc/map/editor -Isrc/map/generator -Isrc/map/generator/compatibility -Isrc/map/generator/core -Isrc/map/generator/generators -Isrc/map/generator/shared -Isrc/map/generator/javascript -Isrc/map/generator/shared/legacy -Isrc/map/gradient -Isrc/map/io -Isrc/net/lan -Isrc/net/message -Isrc/scripting/sgsl -Ithird_party/nlohmann-json/include -I/home/bradley/.codex/worktrees/repair-tls-rejection-fixture/glob2/build/sdl3-ci-current/prefix/include -I/home/bradley/.codex/worktrees/repair-tls-rejection-fixture/glob2/build/sdl3-ci-current/prefix/include/webp -Itest -Itest/support -Ilibgag/src -Ithird_party/quickjs-ng src/map/generator/javascript/ToolkitBindingTest.cpp
/home/bradley/.codex/worktrees/b625/glob2/artifacts/serial-opt/g++-13-symbols -o build/serial-opt-gcc13/test/engine-src_map_generator_javascript_FertilityBindingTest.o -c -g2 -std=gnu++20 -Wall -fPIC -O3 -s -DGLOB2_OFFICIAL_INSTANCE_ORIGIN=\"https://app.glob2online.com\" -DGLOB2_OFFICIAL_INSTANCE_FORMER_ORIGINS=\"https://glob2online.com\" -DHAVE_CONFIG_H -DSDL_MAIN_HANDLED -Ibuild/serial-opt-gcc13/recording/prefix/include -I/home/bradley/.codex/worktrees/b625/glob2/build/serial-audit-deps/prefix/include -Ibuild/serial-opt-gcc13/include -I/usr/include/opus -Ilibgag/include -I. -Ilibusl/src -Isrc -Isrc/ai -Isrc/hud -Isrc/app -Isrc/game/player -Isrc/team -Isrc/common -Isrc/map -Isrc/game -Isrc/campaign -Isrc/campaign/screens -Isrc/replay -Isrc/game/screens -Isrc/render/clouds -Isrc/ui/screens -Isrc/game/rules -Isrc/game/diagnostics -Isrc/map/editor/screens -Isrc/engine -Isrc/ui -Isrc/map/preview -Isrc/app/cli -Isrc/net/lan/screens -Isrc/online -Isrc/map/tools -Isrc/scripting/map -Isrc/render/overlay -Isrc/audio -Isrc/online/screens -Isrc/game/orders -Isrc/resource -Isrc/ui/settings -Isrc/team/stats -Isrc/render/torus -Isrc/ai/simple -Isrc/ai/castor -Isrc/ai/javascript -Isrc/ai/nicowar -Isrc/ai/numbi -Isrc/ai/telemetry -Isrc/ai/warrush -Isrc/ai/maxima -Isrc/building -Isrc/building/types -Isrc/unit/types -Isrc/building/hud -Isrc/net -Isrc/hud/draw -Isrc/hud/input -Isrc/hud/touch -Isrc/net/turn -Isrc/unit -Isrc/map/editor -Isrc/map/generator -Isrc/map/generator/compatibility -Isrc/map/generator/core -Isrc/map/generator/generators -Isrc/map/generator/shared -Isrc/map/generator/javascript -Isrc/map/generator/shared/legacy -Isrc/map/gradient -Isrc/map/io -Isrc/net/lan -Isrc/net/message -Isrc/scripting/sgsl -Ithird_party/nlohmann-json/include -I/home/bradley/.codex/worktrees/repair-tls-rejection-fixture/glob2/build/sdl3-ci-current/prefix/include -I/home/bradley/.codex/worktrees/repair-tls-rejection-fixture/glob2/build/sdl3-ci-current/prefix/include/webp -Itest -Itest/support -Ilibgag/src -Ithird_party/quickjs-ng src/map/generator/javascript/FertilityBindingTest.cpp
/home/bradley/.codex/worktrees/b625/glob2/artifacts/serial-opt/g++-13-symbols -o build/serial-opt-gcc13/test/engine-src_ai_AICustomCatalogTest.o -c -g2 -std=gnu++20 -Wall -fPIC -O3 -s -fno-access-control -DGLOB2_OFFICIAL_INSTANCE_ORIGIN=\"https://app.glob2online.com\" -DGLOB2_OFFICIAL_INSTANCE_FORMER_ORIGINS=\"https://glob2online.com\" -DHAVE_CONFIG_H -DSDL_MAIN_HANDLED -Ibuild/serial-opt-gcc13/recording/prefix/include -I/home/bradley/.codex/worktrees/b625/glob2/build/serial-audit-deps/prefix/include -Ibuild/serial-opt-gcc13/include -I/usr/include/opus -Ilibgag/include -I. -Ilibusl/src -Isrc -Isrc/ai -Isrc/hud -Isrc/app -Isrc/game/player -Isrc/team -Isrc/common -Isrc/map -Isrc/game -Isrc/campaign -Isrc/campaign/screens -Isrc/replay -Isrc/game/screens -Isrc/render/clouds -Isrc/ui/screens -Isrc/game/rules -Isrc/game/diagnostics -Isrc/map/editor/screens -Isrc/engine -Isrc/ui -Isrc/map/preview -Isrc/app/cli -Isrc/net/lan/screens -Isrc/online -Isrc/map/tools -Isrc/scripting/map -Isrc/render/overlay -Isrc/audio -Isrc/online/screens -Isrc/game/orders -Isrc/resource -Isrc/ui/settings -Isrc/team/stats -Isrc/render/torus -Isrc/ai/simple -Isrc/ai/castor -Isrc/ai/javascript -Isrc/ai/nicowar -Isrc/ai/numbi -Isrc/ai/telemetry -Isrc/ai/warrush -Isrc/ai/maxima -Isrc/building -Isrc/building/types -Isrc/unit/types -Isrc/building/hud -Isrc/net -Isrc/hud/draw -Isrc/hud/input -Isrc/hud/touch -Isrc/net/turn -Isrc/unit -Isrc/map/editor -Isrc/map/generator -Isrc/map/generator/compatibility -Isrc/map/generator/core -Isrc/map/generator/generators -Isrc/map/generator/shared -Isrc/map/generator/javascript -Isrc/map/generator/shared/legacy -Isrc/map/gradient -Isrc/map/io -Isrc/net/lan -Isrc/net/message -Isrc/scripting/sgsl -Ithird_party/nlohmann-json/include -I/home/bradley/.codex/worktrees/repair-tls-rejection-fixture/glob2/build/sdl3-ci-current/prefix/include -I/home/bradley/.codex/worktrees/repair-tls-rejection-fixture/glob2/build/sdl3-ci-current/prefix/include/webp -Itest -Itest/support -Ilibgag/src -Ithird_party/quickjs-ng src/ai/AICustomCatalogTest.cpp
/home/bradley/.codex/worktrees/b625/glob2/artifacts/serial-opt/g++-13-symbols -o build/serial-opt-gcc13/test/engine-src_map_ResourceGrowthFixtures.o -c -g2 -std=gnu++20 -Wall -fPIC -O3 -s -fno-access-control -DGLOB2_OFFICIAL_INSTANCE_ORIGIN=\"https://app.glob2online.com\" -DGLOB2_OFFICIAL_INSTANCE_FORMER_ORIGINS=\"https://glob2online.com\" -DHAVE_CONFIG_H -DSDL_MAIN_HANDLED -Ibuild/serial-opt-gcc13/recording/prefix/include -I/home/bradley/.codex/worktrees/b625/glob2/build/serial-audit-deps/prefix/include -Ibuild/serial-opt-gcc13/include -I/usr/include/opus -Ilibgag/include -I. -Ilibusl/src -Isrc -Isrc/ai -Isrc/hud -Isrc/app -Isrc/game/player -Isrc/team -Isrc/common -Isrc/map -Isrc/game -Isrc/campaign -Isrc/campaign/screens -Isrc/replay -Isrc/game/screens -Isrc/render/clouds -Isrc/ui/screens -Isrc/game/rules -Isrc/game/diagnostics -Isrc/map/editor/screens -Isrc/engine -Isrc/ui -Isrc/map/preview -Isrc/app/cli -Isrc/net/lan/screens -Isrc/online -Isrc/map/tools -Isrc/scripting/map -Isrc/render/overlay -Isrc/audio -Isrc/online/screens -Isrc/game/orders -Isrc/resource -Isrc/ui/settings -Isrc/team/stats -Isrc/render/torus -Isrc/ai/simple -Isrc/ai/castor -Isrc/ai/javascript -Isrc/ai/nicowar -Isrc/ai/numbi -Isrc/ai/telemetry -Isrc/ai/warrush -Isrc/ai/maxima -Isrc/building -Isrc/building/types -Isrc/unit/types -Isrc/building/hud -Isrc/net -Isrc/hud/draw -Isrc/hud/input -Isrc/hud/touch -Isrc/net/turn -Isrc/unit -Isrc/map/editor -Isrc/map/generator -Isrc/map/generator/compatibility -Isrc/map/generator/core -Isrc/map/generator/generators -Isrc/map/generator/shared -Isrc/map/generator/javascript -Isrc/map/generator/shared/legacy -Isrc/map/gradient -Isrc/map/io -Isrc/net/lan -Isrc/net/message -Isrc/scripting/sgsl -Ithird_party/nlohmann-json/include -I/home/bradley/.codex/worktrees/repair-tls-rejection-fixture/glob2/build/sdl3-ci-current/prefix/include -I/home/bradley/.codex/worktrees/repair-tls-rejection-fixture/glob2/build/sdl3-ci-current/prefix/include/webp -Itest -Itest/support -Ilibgag/src -Ithird_party/quickjs-ng src/map/ResourceGrowthFixtures.cpp
/home/bradley/.codex/worktrees/b625/glob2/artifacts/serial-opt/g++-13-symbols -o build/serial-opt-gcc13/test/engine-src_map_ResourceGrowthTest.o -c -g2 -std=gnu++20 -Wall -fPIC -O3 -s -fno-access-control -DGLOB2_OFFICIAL_INSTANCE_ORIGIN=\"https://app.glob2online.com\" -DGLOB2_OFFICIAL_INSTANCE_FORMER_ORIGINS=\"https://glob2online.com\" -DHAVE_CONFIG_H -DSDL_MAIN_HANDLED -Ibuild/serial-opt-gcc13/recording/prefix/include -I/home/bradley/.codex/worktrees/b625/glob2/build/serial-audit-deps/prefix/include -Ibuild/serial-opt-gcc13/include -I/usr/include/opus -Ilibgag/include -I. -Ilibusl/src -Isrc -Isrc/ai -Isrc/hud -Isrc/app -Isrc/game/player -Isrc/team -Isrc/common -Isrc/map -Isrc/game -Isrc/campaign -Isrc/campaign/screens -Isrc/replay -Isrc/game/screens -Isrc/render/clouds -Isrc/ui/screens -Isrc/game/rules -Isrc/game/diagnostics -Isrc/map/editor/screens -Isrc/engine -Isrc/ui -Isrc/map/preview -Isrc/app/cli -Isrc/net/lan/screens -Isrc/online -Isrc/map/tools -Isrc/scripting/map -Isrc/render/overlay -Isrc/audio -Isrc/online/screens -Isrc/game/orders -Isrc/resource -Isrc/ui/settings -Isrc/team/stats -Isrc/render/torus -Isrc/ai/simple -Isrc/ai/castor -Isrc/ai/javascript -Isrc/ai/nicowar -Isrc/ai/numbi -Isrc/ai/telemetry -Isrc/ai/warrush -Isrc/ai/maxima -Isrc/building -Isrc/building/types -Isrc/unit/types -Isrc/building/hud -Isrc/net -Isrc/hud/draw -Isrc/hud/input -Isrc/hud/touch -Isrc/net/turn -Isrc/unit -Isrc/map/editor -Isrc/map/generator -Isrc/map/generator/compatibility -Isrc/map/generator/core -Isrc/map/generator/generators -Isrc/map/generator/shared -Isrc/map/generator/javascript -Isrc/map/generator/shared/legacy -Isrc/map/gradient -Isrc/map/io -Isrc/net/lan -Isrc/net/message -Isrc/scripting/sgsl -Ithird_party/nlohmann-json/include -I/home/bradley/.codex/worktrees/repair-tls-rejection-fixture/glob2/build/sdl3-ci-current/prefix/include -I/home/bradley/.codex/worktrees/repair-tls-rejection-fixture/glob2/build/sdl3-ci-current/prefix/include/webp -Itest -Itest/support -Ilibgag/src -Ithird_party/quickjs-ng src/map/ResourceGrowthTest.cpp
/home/bradley/.codex/worktrees/b625/glob2/artifacts/serial-opt/g++-13-symbols -o build/serial-opt-gcc13/test/engine-GameplayRecordingIntegrationTest.o -c -g2 -std=gnu++20 -Wall -fPIC -O3 -s -fno-access-control -DGLOB2_OFFICIAL_INSTANCE_ORIGIN=\"https://app.glob2online.com\" -DGLOB2_OFFICIAL_INSTANCE_FORMER_ORIGINS=\"https://glob2online.com\" -DHAVE_CONFIG_H -DSDL_MAIN_HANDLED -Ibuild/serial-opt-gcc13/recording/prefix/include -I/home/bradley/.codex/worktrees/b625/glob2/build/serial-audit-deps/prefix/include -Ibuild/serial-opt-gcc13/include -I/usr/include/opus -Ilibgag/include -I. -Ilibusl/src -Isrc -Isrc/ai -Isrc/hud -Isrc/app -Isrc/game/player -Isrc/team -Isrc/common -Isrc/map -Isrc/game -Isrc/campaign -Isrc/campaign/screens -Isrc/replay -Isrc/game/screens -Isrc/render/clouds -Isrc/ui/screens -Isrc/game/rules -Isrc/game/diagnostics -Isrc/map/editor/screens -Isrc/engine -Isrc/ui -Isrc/map/preview -Isrc/app/cli -Isrc/net/lan/screens -Isrc/online -Isrc/map/tools -Isrc/scripting/map -Isrc/render/overlay -Isrc/audio -Isrc/online/screens -Isrc/game/orders -Isrc/resource -Isrc/ui/settings -Isrc/team/stats -Isrc/render/torus -Isrc/ai/simple -Isrc/ai/castor -Isrc/ai/javascript -Isrc/ai/nicowar -Isrc/ai/numbi -Isrc/ai/telemetry -Isrc/ai/warrush -Isrc/ai/maxima -Isrc/building -Isrc/building/types -Isrc/unit/types -Isrc/building/hud -Isrc/net -Isrc/hud/draw -Isrc/hud/input -Isrc/hud/touch -Isrc/net/turn -Isrc/unit -Isrc/map/editor -Isrc/map/generator -Isrc/map/generator/compatibility -Isrc/map/generator/core -Isrc/map/generator/generators -Isrc/map/generator/shared -Isrc/map/generator/javascript -Isrc/map/generator/shared/legacy -Isrc/map/gradient -Isrc/map/io -Isrc/net/lan -Isrc/net/message -Isrc/scripting/sgsl -Ithird_party/nlohmann-json/include -I/home/bradley/.codex/worktrees/repair-tls-rejection-fixture/glob2/build/sdl3-ci-current/prefix/include -I/home/bradley/.codex/worktrees/repair-tls-rejection-fixture/glob2/build/sdl3-ci-current/prefix/include/webp -Itest -Itest/support -Ilibgag/src -Ithird_party/quickjs-ng test/GameplayRecordingIntegrationTest.cpp
In file included from src/ai/simple/AICabino.h:10,
                 from test/support/CabinoObservationFixture.h:3,
                 from src/ai/AICustomCatalogTest.cpp:1:
src/ai/observation/ObservationQueries.h: In function ‘bool AIEngine::ObservationQueries::usefulBuilding(const AIEngine::AIWorldView&, int)’:
src/ai/observation/ObservationQueries.h:128:17: warning: unused variable ‘completed’ [-Wunused-variable]
  128 |     const auto& completed=world.catalog->at(placement.site ? placement.next : type);
      |                 ^~~~~~~~~
In file included from src/ai/simple/AICabino.h:11:
src/ai/observation/WorldQueries.h: In member function ‘bool AIEngine::WorldQueries::isFreeForBuilding(int, int, int, int, bool, Uint16) const’:
src/ai/observation/WorldQueries.h:112:55: warning: variable ‘r’ set but not used [-Wunused-but-set-variable]
  112 |    const auto i=world.tileIndex(x+dx,y+dy);const auto r=world.resourceAt(i);const auto o=world.occupancyAt(i);
      |                                                       ^
src/ai/observation/WorldQueries.h: In member function ‘std::span<const short unsigned int> AIEngine::WorldQueries::resourceGradient(int, int, int)’:
src/ai/observation/WorldQueries.h:184:16: warning: variable ‘resourceCell’ set but not used [-Wunused-but-set-variable]
  184 |     const auto resourceCell=world.resourceAt(i);const auto occupancy=world.occupancyAt(i);
      |                ^~~~~~~~~~~~
In file included from src/ai/maxima/AIMaximaPlacement.h:13,
                 from src/ai/maxima/AIMaxima.h:26,
                 from src/ai/AICustomCatalogTest.cpp:13:
src/ai/maxima/AIMaximaOperatingDemand.h: In function ‘std::array<int, 12> AIMaxima::productionPacketCeiling(const ProductionRecipeModel&, const int*)’:
src/ai/maxima/AIMaximaOperatingDemand.h:25:36: warning: comparison of integer expressions of different signedness: ‘int’ and ‘const unsigned int’ [-Wsign-compare]
   25 |         for(int resource=0;resource<MaterialCount;++resource)
      |                            ~~~~~~~~^~~~~~~~~~~~~~
src/ai/maxima/AIMaximaOperatingDemand.h:32:41: warning: comparison of integer expressions of different signedness: ‘int’ and ‘const unsigned int’ [-Wsign-compare]
   32 |     if(cycle)for(int resource=0;resource<MaterialCount;++resource)
      |                                 ~~~~~~~~^~~~~~~~~~~~~~
src/ai/maxima/AIMaximaOperatingDemand.h: In function ‘AIMaxima::OperatingClaim AIMaxima::operatingClaim(const std::array<int, 12>&, const std::array<int, 12>&, int, const std::array<int, 12>&)’:
src/ai/maxima/AIMaximaOperatingDemand.h:53:32: warning: comparison of integer expressions of different signedness: ‘int’ and ‘const unsigned int’ [-Wsign-compare]
   53 |     for(int resource=0;resource<MaterialCount;++resource) {
      |                        ~~~~~~~~^~~~~~~~~~~~~~
src/ai/maxima/AIMaximaOperatingDemand.h:62:32: warning: comparison of integer expressions of different signedness: ‘int’ and ‘const unsigned int’ [-Wsign-compare]
   62 |     for(int resource=0;resource<MaterialCount;++resource) {
      |                        ~~~~~~~~^~~~~~~~~~~~~~
src/ai/maxima/AIMaximaPlacement.h: In member function ‘MaterialMask AIMaximaPlacement::WorldTile::sources() const’:
src/ai/maxima/AIMaximaPlacement.h:244:110: warning: comparison of integer expressions of different signedness: ‘const int16_t’ {aka ‘const short int’} and ‘const unsigned int’ [-Wsign-compare]
  244 |     MaterialMask sources() const { return materialSources ? materialSources : materialType>=0 && materialType<MaterialCount ? MaterialMask(1u<<materialType) : 0; }
      |                                                                                                  ~~~~~~~~~~~~^~~~~~~~~~~~~~
src/ai/AICustomCatalogTest.cpp: In function ‘void DOCTEST_ANON_SUITE_3::DOCTEST_ANON_FUNC_32()’:
src/ai/AICustomCatalogTest.cpp:459:45: warning: unused variable ‘team’ [-Wunused-variable]
  459 |         auto& game=fixture.world.game;auto& team=*game.teams[0];
      |                                             ^~~~
In file included from libgag/include/BinaryStream.h:7,
                 from test/GameplayRecordingIntegrationTest.cpp:12:
libgag/include/StreamBackend.h: In member function ‘virtual void GAGCore::FileStreamBackend::read(void*, size_t)’:
libgag/include/StreamBackend.h:58:79: warning: ignoring return value of ‘size_t fread(void*, size_t, size_t, FILE*)’ declared with attribute ‘warn_unused_result’ [-Wunused-result]
   58 |                 virtual void read(void *data, size_t size) { assert(fp); fread(data, size, 1, fp); }
      |                                                                          ~~~~~^~~~~~~~~~~~~~~~~~~
In file included from libgag/include/BinaryStream.h:7,
                 from src/ai/AICustomCatalogTest.cpp:22:
libgag/include/StreamBackend.h: In member function ‘virtual void GAGCore::FileStreamBackend::read(void*, size_t)’:
libgag/include/StreamBackend.h:58:79: warning: ignoring return value of ‘size_t fread(void*, size_t, size_t, FILE*)’ declared with attribute ‘warn_unused_result’ [-Wunused-result]
   58 |                 virtual void read(void *data, size_t size) { assert(fp); fread(data, size, 1, fp); }
      |                                                                          ~~~~~^~~~~~~~~~~~~~~~~~~
/home/bradley/.codex/worktrees/b625/glob2/artifacts/serial-opt/g++-13-symbols -o build/serial-opt-gcc13/test/engine-src_ai_AIRulesTest.o -c -g2 -std=gnu++20 -Wall -fPIC -O3 -s -fno-access-control -DGLOB2_OFFICIAL_INSTANCE_ORIGIN=\"https://app.glob2online.com\" -DGLOB2_OFFICIAL_INSTANCE_FORMER_ORIGINS=\"https://glob2online.com\" -DHAVE_CONFIG_H -DSDL_MAIN_HANDLED -Ibuild/serial-opt-gcc13/recording/prefix/include -I/home/bradley/.codex/worktrees/b625/glob2/build/serial-audit-deps/prefix/include -Ibuild/serial-opt-gcc13/include -I/usr/include/opus -Ilibgag/include -I. -Ilibusl/src -Isrc -Isrc/ai -Isrc/hud -Isrc/app -Isrc/game/player -Isrc/team -Isrc/common -Isrc/map -Isrc/game -Isrc/campaign -Isrc/campaign/screens -Isrc/replay -Isrc/game/screens -Isrc/render/clouds -Isrc/ui/screens -Isrc/game/rules -Isrc/game/diagnostics -Isrc/map/editor/screens -Isrc/engine -Isrc/ui -Isrc/map/preview -Isrc/app/cli -Isrc/net/lan/screens -Isrc/online -Isrc/map/tools -Isrc/scripting/map -Isrc/render/overlay -Isrc/audio -Isrc/online/screens -Isrc/game/orders -Isrc/resource -Isrc/ui/settings -Isrc/team/stats -Isrc/render/torus -Isrc/ai/simple -Isrc/ai/castor -Isrc/ai/javascript -Isrc/ai/nicowar -Isrc/ai/numbi -Isrc/ai/telemetry -Isrc/ai/warrush -Isrc/ai/maxima -Isrc/building -Isrc/building/types -Isrc/unit/types -Isrc/building/hud -Isrc/net -Isrc/hud/draw -Isrc/hud/input -Isrc/hud/touch -Isrc/net/turn -Isrc/unit -Isrc/map/editor -Isrc/map/generator -Isrc/map/generator/compatibility -Isrc/map/generator/core -Isrc/map/generator/generators -Isrc/map/generator/shared -Isrc/map/generator/javascript -Isrc/map/generator/shared/legacy -Isrc/map/gradient -Isrc/map/io -Isrc/net/lan -Isrc/net/message -Isrc/scripting/sgsl -Ithird_party/nlohmann-json/include -I/home/bradley/.codex/worktrees/repair-tls-rejection-fixture/glob2/build/sdl3-ci-current/prefix/include -I/home/bradley/.codex/worktrees/repair-tls-rejection-fixture/glob2/build/sdl3-ci-current/prefix/include/webp -Itest -Itest/support -Ilibgag/src -Ithird_party/quickjs-ng src/ai/AIRulesTest.cpp
/home/bradley/.codex/worktrees/b625/glob2/artifacts/serial-opt/g++-13-symbols -o build/serial-opt-gcc13/test/engine-src_hive_HiveIntegrationTest.o -c -g2 -std=gnu++20 -Wall -fPIC -O3 -s -DGLOB2_OFFICIAL_INSTANCE_ORIGIN=\"https://app.glob2online.com\" -DGLOB2_OFFICIAL_INSTANCE_FORMER_ORIGINS=\"https://glob2online.com\" -DHAVE_CONFIG_H -DSDL_MAIN_HANDLED -Ibuild/serial-opt-gcc13/recording/prefix/include -I/home/bradley/.codex/worktrees/b625/glob2/build/serial-audit-deps/prefix/include -Ibuild/serial-opt-gcc13/include -I/usr/include/opus -Ilibgag/include -I. -Ilibusl/src -Isrc -Isrc/ai -Isrc/hud -Isrc/app -Isrc/game/player -Isrc/team -Isrc/common -Isrc/map -Isrc/game -Isrc/campaign -Isrc/campaign/screens -Isrc/replay -Isrc/game/screens -Isrc/render/clouds -Isrc/ui/screens -Isrc/game/rules -Isrc/game/diagnostics -Isrc/map/editor/screens -Isrc/engine -Isrc/ui -Isrc/map/preview -Isrc/app/cli -Isrc/net/lan/screens -Isrc/online -Isrc/map/tools -Isrc/scripting/map -Isrc/render/overlay -Isrc/audio -Isrc/online/screens -Isrc/game/orders -Isrc/resource -Isrc/ui/settings -Isrc/team/stats -Isrc/render/torus -Isrc/ai/simple -Isrc/ai/castor -Isrc/ai/javascript -Isrc/ai/nicowar -Isrc/ai/numbi -Isrc/ai/telemetry -Isrc/ai/warrush -Isrc/ai/maxima -Isrc/building -Isrc/building/types -Isrc/unit/types -Isrc/building/hud -Isrc/net -Isrc/hud/draw -Isrc/hud/input -Isrc/hud/touch -Isrc/net/turn -Isrc/unit -Isrc/map/editor -Isrc/map/generator -Isrc/map/generator/compatibility -Isrc/map/generator/core -Isrc/map/generator/generators -Isrc/map/generator/shared -Isrc/map/generator/javascript -Isrc/map/generator/shared/legacy -Isrc/map/gradient -Isrc/map/io -Isrc/net/lan -Isrc/net/message -Isrc/scripting/sgsl -Ithird_party/nlohmann-json/include -I/home/bradley/.codex/worktrees/repair-tls-rejection-fixture/glob2/build/sdl3-ci-current/prefix/include -I/home/bradley/.codex/worktrees/repair-tls-rejection-fixture/glob2/build/sdl3-ci-current/prefix/include/webp -Itest -Itest/support -Ilibgag/src -Ithird_party/quickjs-ng src/hive/HiveIntegrationTest.cpp
In file included from libgag/include/BinaryStream.h:7,
                 from src/map/ResourceGrowthFixtures.cpp:6:
libgag/include/StreamBackend.h: In member function ‘virtual void GAGCore::FileStreamBackend::read(void*, size_t)’:
libgag/include/StreamBackend.h:58:79: warning: ignoring return value of ‘size_t fread(void*, size_t, size_t, FILE*)’ declared with attribute ‘warn_unused_result’ [-Wunused-result]
   58 |                 virtual void read(void *data, size_t size) { assert(fp); fread(data, size, 1, fp); }
      |                                                                          ~~~~~^~~~~~~~~~~~~~~~~~~
In file included from libgag/include/BinaryStream.h:7,
                 from src/map/ResourceGrowthTest.cpp:10:
libgag/include/StreamBackend.h: In member function ‘virtual void GAGCore::FileStreamBackend::read(void*, size_t)’:
libgag/include/StreamBackend.h:58:79: warning: ignoring return value of ‘size_t fread(void*, size_t, size_t, FILE*)’ declared with attribute ‘warn_unused_result’ [-Wunused-result]
   58 |                 virtual void read(void *data, size_t size) { assert(fp); fread(data, size, 1, fp); }
      |                                                                          ~~~~~^~~~~~~~~~~~~~~~~~~
In file included from src/ai/simple/AICabino.h:10,
                 from test/support/CabinoObservationFixture.h:3,
                 from src/ai/AIRulesTest.cpp:1:
src/ai/observation/ObservationQueries.h: In function ‘bool AIEngine::ObservationQueries::usefulBuilding(const AIEngine::AIWorldView&, int)’:
src/ai/observation/ObservationQueries.h:128:17: warning: unused variable ‘completed’ [-Wunused-variable]
  128 |     const auto& completed=world.catalog->at(placement.site ? placement.next : type);
      |                 ^~~~~~~~~
In file included from src/ai/simple/AICabino.h:11:
src/ai/observation/WorldQueries.h: In member function ‘bool AIEngine::WorldQueries::isFreeForBuilding(int, int, int, int, bool, Uint16) const’:
src/ai/observation/WorldQueries.h:112:55: warning: variable ‘r’ set but not used [-Wunused-but-set-variable]
  112 |    const auto i=world.tileIndex(x+dx,y+dy);const auto r=world.resourceAt(i);const auto o=world.occupancyAt(i);
      |                                                       ^
src/ai/observation/WorldQueries.h: In member function ‘std::span<const short unsigned int> AIEngine::WorldQueries::resourceGradient(int, int, int)’:
src/ai/observation/WorldQueries.h:184:16: warning: variable ‘resourceCell’ set but not used [-Wunused-but-set-variable]
  184 |     const auto resourceCell=world.resourceAt(i);const auto occupancy=world.occupancyAt(i);
      |                ^~~~~~~~~~~~
In file included from libgag/include/BinaryStream.h:7,
                 from src/map/generator/javascript/ScriptGeneratorTest.cpp:10:
libgag/include/StreamBackend.h: In member function ‘virtual void GAGCore::FileStreamBackend::read(void*, size_t)’:
libgag/include/StreamBackend.h:58:79: warning: ignoring return value of ‘size_t fread(void*, size_t, size_t, FILE*)’ declared with attribute ‘warn_unused_result’ [-Wunused-result]
   58 |                 virtual void read(void *data, size_t size) { assert(fp); fread(data, size, 1, fp); }
      |                                                                          ~~~~~^~~~~~~~~~~~~~~~~~~
In file included from src/ai/maxima/AIMaximaPlacement.h:13,
                 from src/ai/maxima/AIMaxima.h:26,
                 from src/ai/AIRulesTest.cpp:13:
src/ai/maxima/AIMaximaOperatingDemand.h: In function ‘std::array<int, 12> AIMaxima::productionPacketCeiling(const ProductionRecipeModel&, const int*)’:
src/ai/maxima/AIMaximaOperatingDemand.h:25:36: warning: comparison of integer expressions of different signedness: ‘int’ and ‘const unsigned int’ [-Wsign-compare]
   25 |         for(int resource=0;resource<MaterialCount;++resource)
      |                            ~~~~~~~~^~~~~~~~~~~~~~
src/ai/maxima/AIMaximaOperatingDemand.h:32:41: warning: comparison of integer expressions of different signedness: ‘int’ and ‘const unsigned int’ [-Wsign-compare]
   32 |     if(cycle)for(int resource=0;resource<MaterialCount;++resource)
      |                                 ~~~~~~~~^~~~~~~~~~~~~~
src/ai/maxima/AIMaximaOperatingDemand.h: In function ‘AIMaxima::OperatingClaim AIMaxima::operatingClaim(const std::array<int, 12>&, const std::array<int, 12>&, int, const std::array<int, 12>&)’:
src/ai/maxima/AIMaximaOperatingDemand.h:53:32: warning: comparison of integer expressions of different signedness: ‘int’ and ‘const unsigned int’ [-Wsign-compare]
   53 |     for(int resource=0;resource<MaterialCount;++resource) {
      |                        ~~~~~~~~^~~~~~~~~~~~~~
src/ai/maxima/AIMaximaOperatingDemand.h:62:32: warning: comparison of integer expressions of different signedness: ‘int’ and ‘const unsigned int’ [-Wsign-compare]
   62 |     for(int resource=0;resource<MaterialCount;++resource) {
      |                        ~~~~~~~~^~~~~~~~~~~~~~
src/ai/maxima/AIMaximaPlacement.h: In member function ‘MaterialMask AIMaximaPlacement::WorldTile::sources() const’:
src/ai/maxima/AIMaximaPlacement.h:244:110: warning: comparison of integer expressions of different signedness: ‘const int16_t’ {aka ‘const short int’} and ‘const unsigned int’ [-Wsign-compare]
  244 |     MaterialMask sources() const { return materialSources ? materialSources : materialType>=0 && materialType<MaterialCount ? MaterialMask(1u<<materialType) : 0; }
      |                                                                                                  ~~~~~~~~~~~~^~~~~~~~~~~~~~
src/ai/AIRulesTest.cpp: In function ‘void DOCTEST_ANON_FUNC_60()’:
src/ai/AIRulesTest.cpp:533:16: warning: unused variable ‘food’ [-Wunused-variable]
  533 |     const auto food=materialIndex(MaterialId::Food);
      |                ^~~~
src/ai/AIRulesTest.cpp:584:16: warning: unused variable ‘gold’ [-Wunused-variable]
  584 |     const auto gold=materialIndex(MaterialId::Gold);
      |                ^~~~
/home/bradley/.codex/worktrees/b625/glob2/artifacts/serial-opt/g++-13-symbols -o build/serial-opt-gcc13/test/engine-src_scripting_javascript_ScriptSessionTest.o -c -g2 -std=gnu++20 -Wall -fPIC -O3 -s -fno-access-control -DGLOB2_OFFICIAL_INSTANCE_ORIGIN=\"https://app.glob2online.com\" -DGLOB2_OFFICIAL_INSTANCE_FORMER_ORIGINS=\"https://glob2online.com\" -DHAVE_CONFIG_H -DSDL_MAIN_HANDLED -Ibuild/serial-opt-gcc13/recording/prefix/include -I/home/bradley/.codex/worktrees/b625/glob2/build/serial-audit-deps/prefix/include -Ibuild/serial-opt-gcc13/include -I/usr/include/opus -Ilibgag/include -I. -Ilibusl/src -Isrc -Isrc/ai -Isrc/hud -Isrc/app -Isrc/game/player -Isrc/team -Isrc/common -Isrc/map -Isrc/game -Isrc/campaign -Isrc/campaign/screens -Isrc/replay -Isrc/game/screens -Isrc/render/clouds -Isrc/ui/screens -Isrc/game/rules -Isrc/game/diagnostics -Isrc/map/editor/screens -Isrc/engine -Isrc/ui -Isrc/map/preview -Isrc/app/cli -Isrc/net/lan/screens -Isrc/online -Isrc/map/tools -Isrc/scripting/map -Isrc/render/overlay -Isrc/audio -Isrc/online/screens -Isrc/game/orders -Isrc/resource -Isrc/ui/settings -Isrc/team/stats -Isrc/render/torus -Isrc/ai/simple -Isrc/ai/castor -Isrc/ai/javascript -Isrc/ai/nicowar -Isrc/ai/numbi -Isrc/ai/telemetry -Isrc/ai/warrush -Isrc/ai/maxima -Isrc/building -Isrc/building/types -Isrc/unit/types -Isrc/building/hud -Isrc/net -Isrc/hud/draw -Isrc/hud/input -Isrc/hud/touch -Isrc/net/turn -Isrc/unit -Isrc/map/editor -Isrc/map/generator -Isrc/map/generator/compatibility -Isrc/map/generator/core -Isrc/map/generator/generators -Isrc/map/generator/shared -Isrc/map/generator/javascript -Isrc/map/generator/shared/legacy -Isrc/map/gradient -Isrc/map/io -Isrc/net/lan -Isrc/net/message -Isrc/scripting/sgsl -Ithird_party/nlohmann-json/include -I/home/bradley/.codex/worktrees/repair-tls-rejection-fixture/glob2/build/sdl3-ci-current/prefix/include -I/home/bradley/.codex/worktrees/repair-tls-rejection-fixture/glob2/build/sdl3-ci-current/prefix/include/webp -Itest -Itest/support -Ilibgag/src -Ithird_party/quickjs-ng src/scripting/javascript/ScriptSessionTest.cpp
In file included from libgag/include/BinaryStream.h:7,
                 from src/ai/AIStateSerialization.h:4,
                 from src/ai/AIRulesTest.cpp:7:
libgag/include/StreamBackend.h: In member function ‘virtual void GAGCore::FileStreamBackend::read(void*, size_t)’:
libgag/include/StreamBackend.h:58:79: warning: ignoring return value of ‘size_t fread(void*, size_t, size_t, FILE*)’ declared with attribute ‘warn_unused_result’ [-Wunused-result]
   58 |                 virtual void read(void *data, size_t size) { assert(fp); fread(data, size, 1, fp); }
      |                                                                          ~~~~~^~~~~~~~~~~~~~~~~~~
/home/bradley/.codex/worktrees/b625/glob2/artifacts/serial-opt/g++-13-symbols -o build/serial-opt-gcc13/test/engine-src_scripting_javascript_ScriptSimulationTest.o -c -g2 -std=gnu++20 -Wall -fPIC -O3 -s -fno-access-control -DGLOB2_OFFICIAL_INSTANCE_ORIGIN=\"https://app.glob2online.com\" -DGLOB2_OFFICIAL_INSTANCE_FORMER_ORIGINS=\"https://glob2online.com\" -DHAVE_CONFIG_H -DSDL_MAIN_HANDLED -Ibuild/serial-opt-gcc13/recording/prefix/include -I/home/bradley/.codex/worktrees/b625/glob2/build/serial-audit-deps/prefix/include -Ibuild/serial-opt-gcc13/include -I/usr/include/opus -Ilibgag/include -I. -Ilibusl/src -Isrc -Isrc/ai -Isrc/hud -Isrc/app -Isrc/game/player -Isrc/team -Isrc/common -Isrc/map -Isrc/game -Isrc/campaign -Isrc/campaign/screens -Isrc/replay -Isrc/game/screens -Isrc/render/clouds -Isrc/ui/screens -Isrc/game/rules -Isrc/game/diagnostics -Isrc/map/editor/screens -Isrc/engine -Isrc/ui -Isrc/map/preview -Isrc/app/cli -Isrc/net/lan/screens -Isrc/online -Isrc/map/tools -Isrc/scripting/map -Isrc/render/overlay -Isrc/audio -Isrc/online/screens -Isrc/game/orders -Isrc/resource -Isrc/ui/settings -Isrc/team/stats -Isrc/render/torus -Isrc/ai/simple -Isrc/ai/castor -Isrc/ai/javascript -Isrc/ai/nicowar -Isrc/ai/numbi -Isrc/ai/telemetry -Isrc/ai/warrush -Isrc/ai/maxima -Isrc/building -Isrc/building/types -Isrc/unit/types -Isrc/building/hud -Isrc/net -Isrc/hud/draw -Isrc/hud/input -Isrc/hud/touch -Isrc/net/turn -Isrc/unit -Isrc/map/editor -Isrc/map/generator -Isrc/map/generator/compatibility -Isrc/map/generator/core -Isrc/map/generator/generators -Isrc/map/generator/shared -Isrc/map/generator/javascript -Isrc/map/generator/shared/legacy -Isrc/map/gradient -Isrc/map/io -Isrc/net/lan -Isrc/net/message -Isrc/scripting/sgsl -Ithird_party/nlohmann-json/include -I/home/bradley/.codex/worktrees/repair-tls-rejection-fixture/glob2/build/sdl3-ci-current/prefix/include -I/home/bradley/.codex/worktrees/repair-tls-rejection-fixture/glob2/build/sdl3-ci-current/prefix/include/webp -Itest -Itest/support -Ilibgag/src -Ithird_party/quickjs-ng src/scripting/javascript/ScriptSimulationTest.cpp
/home/bradley/.codex/worktrees/b625/glob2/artifacts/serial-opt/g++-13-symbols -o build/serial-opt-gcc13/test/engine-src_game_diagnostics_GameDiagnosticsTest.o -c -g2 -std=gnu++20 -Wall -fPIC -O3 -s -DGLOB2_OFFICIAL_INSTANCE_ORIGIN=\"https://app.glob2online.com\" -DGLOB2_OFFICIAL_INSTANCE_FORMER_ORIGINS=\"https://glob2online.com\" -DHAVE_CONFIG_H -DSDL_MAIN_HANDLED -Ibuild/serial-opt-gcc13/recording/prefix/include -I/home/bradley/.codex/worktrees/b625/glob2/build/serial-audit-deps/prefix/include -Ibuild/serial-opt-gcc13/include -I/usr/include/opus -Ilibgag/include -I. -Ilibusl/src -Isrc -Isrc/ai -Isrc/hud -Isrc/app -Isrc/game/player -Isrc/team -Isrc/common -Isrc/map -Isrc/game -Isrc/campaign -Isrc/campaign/screens -Isrc/replay -Isrc/game/screens -Isrc/render/clouds -Isrc/ui/screens -Isrc/game/rules -Isrc/game/diagnostics -Isrc/map/editor/screens -Isrc/engine -Isrc/ui -Isrc/map/preview -Isrc/app/cli -Isrc/net/lan/screens -Isrc/online -Isrc/map/tools -Isrc/scripting/map -Isrc/render/overlay -Isrc/audio -Isrc/online/screens -Isrc/game/orders -Isrc/resource -Isrc/ui/settings -Isrc/team/stats -Isrc/render/torus -Isrc/ai/simple -Isrc/ai/castor -Isrc/ai/javascript -Isrc/ai/nicowar -Isrc/ai/numbi -Isrc/ai/telemetry -Isrc/ai/warrush -Isrc/ai/maxima -Isrc/building -Isrc/building/types -Isrc/unit/types -Isrc/building/hud -Isrc/net -Isrc/hud/draw -Isrc/hud/input -Isrc/hud/touch -Isrc/net/turn -Isrc/unit -Isrc/map/editor -Isrc/map/generator -Isrc/map/generator/compatibility -Isrc/map/generator/core -Isrc/map/generator/generators -Isrc/map/generator/shared -Isrc/map/generator/javascript -Isrc/map/generator/shared/legacy -Isrc/map/gradient -Isrc/map/io -Isrc/net/lan -Isrc/net/message -Isrc/scripting/sgsl -Ithird_party/nlohmann-json/include -I/home/bradley/.codex/worktrees/repair-tls-rejection-fixture/glob2/build/sdl3-ci-current/prefix/include -I/home/bradley/.codex/worktrees/repair-tls-rejection-fixture/glob2/build/sdl3-ci-current/prefix/include/webp -Itest -Itest/support -Ilibgag/src -Ithird_party/quickjs-ng src/game/diagnostics/GameDiagnosticsTest.cpp
/home/bradley/.codex/worktrees/b625/glob2/artifacts/serial-opt/g++-13-symbols -o build/serial-opt-gcc13/test/engine-src_online_MatchSetupTest.o -c -g2 -std=gnu++20 -Wall -fPIC -O3 -s -DGLOB2_OFFICIAL_INSTANCE_ORIGIN=\"https://app.glob2online.com\" -DGLOB2_OFFICIAL_INSTANCE_FORMER_ORIGINS=\"https://glob2online.com\" -DHAVE_CONFIG_H -DSDL_MAIN_HANDLED -Ibuild/serial-opt-gcc13/recording/prefix/include -I/home/bradley/.codex/worktrees/b625/glob2/build/serial-audit-deps/prefix/include -Ibuild/serial-opt-gcc13/include -I/usr/include/opus -Ilibgag/include -I. -Ilibusl/src -Isrc -Isrc/ai -Isrc/hud -Isrc/app -Isrc/game/player -Isrc/team -Isrc/common -Isrc/map -Isrc/game -Isrc/campaign -Isrc/campaign/screens -Isrc/replay -Isrc/game/screens -Isrc/render/clouds -Isrc/ui/screens -Isrc/game/rules -Isrc/game/diagnostics -Isrc/map/editor/screens -Isrc/engine -Isrc/ui -Isrc/map/preview -Isrc/app/cli -Isrc/net/lan/screens -Isrc/online -Isrc/map/tools -Isrc/scripting/map -Isrc/render/overlay -Isrc/audio -Isrc/online/screens -Isrc/game/orders -Isrc/resource -Isrc/ui/settings -Isrc/team/stats -Isrc/render/torus -Isrc/ai/simple -Isrc/ai/castor -Isrc/ai/javascript -Isrc/ai/nicowar -Isrc/ai/numbi -Isrc/ai/telemetry -Isrc/ai/warrush -Isrc/ai/maxima -Isrc/building -Isrc/building/types -Isrc/unit/types -Isrc/building/hud -Isrc/net -Isrc/hud/draw -Isrc/hud/input -Isrc/hud/touch -Isrc/net/turn -Isrc/unit -Isrc/map/editor -Isrc/map/generator -Isrc/map/generator/compatibility -Isrc/map/generator/core -Isrc/map/generator/generators -Isrc/map/generator/shared -Isrc/map/generator/javascript -Isrc/map/generator/shared/legacy -Isrc/map/gradient -Isrc/map/io -Isrc/net/lan -Isrc/net/message -Isrc/scripting/sgsl -Ithird_party/nlohmann-json/include -I/home/bradley/.codex/worktrees/repair-tls-rejection-fixture/glob2/build/sdl3-ci-current/prefix/include -I/home/bradley/.codex/worktrees/repair-tls-rejection-fixture/glob2/build/sdl3-ci-current/prefix/include/webp -Itest -Itest/support -Ilibgag/src -Ithird_party/quickjs-ng src/online/MatchSetupTest.cpp
In file included from src/ai/maxima/AIMaximaPlacement.h:13,
                 from src/game/diagnostics/GameDiagnosticsTest.cpp:9:
src/ai/maxima/AIMaximaOperatingDemand.h: In function ‘std::array<int, 12> AIMaxima::productionPacketCeiling(const ProductionRecipeModel&, const int*)’:
src/ai/maxima/AIMaximaOperatingDemand.h:25:36: warning: comparison of integer expressions of different signedness: ‘int’ and ‘const unsigned int’ [-Wsign-compare]
   25 |         for(int resource=0;resource<MaterialCount;++resource)
      |                            ~~~~~~~~^~~~~~~~~~~~~~
src/ai/maxima/AIMaximaOperatingDemand.h:32:41: warning: comparison of integer expressions of different signedness: ‘int’ and ‘const unsigned int’ [-Wsign-compare]
   32 |     if(cycle)for(int resource=0;resource<MaterialCount;++resource)
      |                                 ~~~~~~~~^~~~~~~~~~~~~~
src/ai/maxima/AIMaximaOperatingDemand.h: In function ‘AIMaxima::OperatingClaim AIMaxima::operatingClaim(const std::array<int, 12>&, const std::array<int, 12>&, int, const std::array<int, 12>&)’:
src/ai/maxima/AIMaximaOperatingDemand.h:53:32: warning: comparison of integer expressions of different signedness: ‘int’ and ‘const unsigned int’ [-Wsign-compare]
   53 |     for(int resource=0;resource<MaterialCount;++resource) {
      |                        ~~~~~~~~^~~~~~~~~~~~~~
src/ai/maxima/AIMaximaOperatingDemand.h:62:32: warning: comparison of integer expressions of different signedness: ‘int’ and ‘const unsigned int’ [-Wsign-compare]
   62 |     for(int resource=0;resource<MaterialCount;++resource) {
      |                        ~~~~~~~~^~~~~~~~~~~~~~
src/ai/maxima/AIMaximaPlacement.h: In member function ‘MaterialMask AIMaximaPlacement::WorldTile::sources() const’:
src/ai/maxima/AIMaximaPlacement.h:244:110: warning: comparison of integer expressions of different signedness: ‘const int16_t’ {aka ‘const short int’} and ‘const unsigned int’ [-Wsign-compare]
  244 |     MaterialMask sources() const { return materialSources ? materialSources : materialType>=0 && materialType<MaterialCount ? MaterialMask(1u<<materialType) : 0; }
      |                                                                                                  ~~~~~~~~~~~~^~~~~~~~~~~~~~
In file included from src/ai/maxima/MaximaObservationBinding.h:3,
                 from src/ai/maxima/AIMaximaRuntime.h:20,
                 from src/ai/maxima/AIMaxima.h:22,
                 from src/game/diagnostics/GameDiagnosticsTest.cpp:10:
src/ai/observation/ObservationQueries.h: In function ‘bool AIEngine::ObservationQueries::usefulBuilding(const AIEngine::AIWorldView&, int)’:
src/ai/observation/ObservationQueries.h:128:17: warning: unused variable ‘completed’ [-Wunused-variable]
  128 |     const auto& completed=world.catalog->at(placement.site ? placement.next : type);
      |                 ^~~~~~~~~
In file included from libgag/include/BinaryStream.h:7,
                 from src/scripting/javascript/ScriptSessionTest.cpp:8:
libgag/include/StreamBackend.h: In member function ‘virtual void GAGCore::FileStreamBackend::read(void*, size_t)’:
libgag/include/StreamBackend.h:58:79: warning: ignoring return value of ‘size_t fread(void*, size_t, size_t, FILE*)’ declared with attribute ‘warn_unused_result’ [-Wunused-result]
   58 |                 virtual void read(void *data, size_t size) { assert(fp); fread(data, size, 1, fp); }
      |                                                                          ~~~~~^~~~~~~~~~~~~~~~~~~
/home/bradley/.codex/worktrees/b625/glob2/artifacts/serial-opt/g++-13-symbols -o build/serial-opt-gcc13/test/engine-src_net_turn_TurnEngineHarness.o -c -g2 -std=gnu++20 -Wall -fPIC -O3 -s -fno-access-control -DGLOB2_OFFICIAL_INSTANCE_ORIGIN=\"https://app.glob2online.com\" -DGLOB2_OFFICIAL_INSTANCE_FORMER_ORIGINS=\"https://glob2online.com\" -DHAVE_CONFIG_H -DSDL_MAIN_HANDLED -Ibuild/serial-opt-gcc13/recording/prefix/include -I/home/bradley/.codex/worktrees/b625/glob2/build/serial-audit-deps/prefix/include -Ibuild/serial-opt-gcc13/include -I/usr/include/opus -Ilibgag/include -I. -Ilibusl/src -Isrc -Isrc/ai -Isrc/hud -Isrc/app -Isrc/game/player -Isrc/team -Isrc/common -Isrc/map -Isrc/game -Isrc/campaign -Isrc/campaign/screens -Isrc/replay -Isrc/game/screens -Isrc/render/clouds -Isrc/ui/screens -Isrc/game/rules -Isrc/game/diagnostics -Isrc/map/editor/screens -Isrc/engine -Isrc/ui -Isrc/map/preview -Isrc/app/cli -Isrc/net/lan/screens -Isrc/online -Isrc/map/tools -Isrc/scripting/map -Isrc/render/overlay -Isrc/audio -Isrc/online/screens -Isrc/game/orders -Isrc/resource -Isrc/ui/settings -Isrc/team/stats -Isrc/render/torus -Isrc/ai/simple -Isrc/ai/castor -Isrc/ai/javascript -Isrc/ai/nicowar -Isrc/ai/numbi -Isrc/ai/telemetry -Isrc/ai/warrush -Isrc/ai/maxima -Isrc/building -Isrc/building/types -Isrc/unit/types -Isrc/building/hud -Isrc/net -Isrc/hud/draw -Isrc/hud/input -Isrc/hud/touch -Isrc/net/turn -Isrc/unit -Isrc/map/editor -Isrc/map/generator -Isrc/map/generator/compatibility -Isrc/map/generator/core -Isrc/map/generator/generators -Isrc/map/generator/shared -Isrc/map/generator/javascript -Isrc/map/generator/shared/legacy -Isrc/map/gradient -Isrc/map/io -Isrc/net/lan -Isrc/net/message -Isrc/scripting/sgsl -Ithird_party/nlohmann-json/include -I/home/bradley/.codex/worktrees/repair-tls-rejection-fixture/glob2/build/sdl3-ci-current/prefix/include -I/home/bradley/.codex/worktrees/repair-tls-rejection-fixture/glob2/build/sdl3-ci-current/prefix/include/webp -Itest -Itest/support -Ilibgag/src -Ithird_party/quickjs-ng src/net/turn/TurnEngineHarness.cpp
/home/bradley/.codex/worktrees/b625/glob2/artifacts/serial-opt/g++-13-symbols -o build/serial-opt-gcc13/test/engine-src_net_lan_LanMatchHarness.o -c -g2 -std=gnu++20 -Wall -fPIC -O3 -s -fno-access-control -DGLOB2_OFFICIAL_INSTANCE_ORIGIN=\"https://app.glob2online.com\" -DGLOB2_OFFICIAL_INSTANCE_FORMER_ORIGINS=\"https://glob2online.com\" -DHAVE_CONFIG_H -DSDL_MAIN_HANDLED -Ibuild/serial-opt-gcc13/recording/prefix/include -I/home/bradley/.codex/worktrees/b625/glob2/build/serial-audit-deps/prefix/include -Ibuild/serial-opt-gcc13/include -I/usr/include/opus -Ilibgag/include -I. -Ilibusl/src -Isrc -Isrc/ai -Isrc/hud -Isrc/app -Isrc/game/player -Isrc/team -Isrc/common -Isrc/map -Isrc/game -Isrc/campaign -Isrc/campaign/screens -Isrc/replay -Isrc/game/screens -Isrc/render/clouds -Isrc/ui/screens -Isrc/game/rules -Isrc/game/diagnostics -Isrc/map/editor/screens -Isrc/engine -Isrc/ui -Isrc/map/preview -Isrc/app/cli -Isrc/net/lan/screens -Isrc/online -Isrc/map/tools -Isrc/scripting/map -Isrc/render/overlay -Isrc/audio -Isrc/online/screens -Isrc/game/orders -Isrc/resource -Isrc/ui/settings -Isrc/team/stats -Isrc/render/torus -Isrc/ai/simple -Isrc/ai/castor -Isrc/ai/javascript -Isrc/ai/nicowar -Isrc/ai/numbi -Isrc/ai/telemetry -Isrc/ai/warrush -Isrc/ai/maxima -Isrc/building -Isrc/building/types -Isrc/unit/types -Isrc/building/hud -Isrc/net -Isrc/hud/draw -Isrc/hud/input -Isrc/hud/touch -Isrc/net/turn -Isrc/unit -Isrc/map/editor -Isrc/map/generator -Isrc/map/generator/compatibility -Isrc/map/generator/core -Isrc/map/generator/generators -Isrc/map/generator/shared -Isrc/map/generator/javascript -Isrc/map/generator/shared/legacy -Isrc/map/gradient -Isrc/map/io -Isrc/net/lan -Isrc/net/message -Isrc/scripting/sgsl -Ithird_party/nlohmann-json/include -I/home/bradley/.codex/worktrees/repair-tls-rejection-fixture/glob2/build/sdl3-ci-current/prefix/include -I/home/bradley/.codex/worktrees/repair-tls-rejection-fixture/glob2/build/sdl3-ci-current/prefix/include/webp -Itest -Itest/support -Ilibgag/src -Ithird_party/quickjs-ng src/net/lan/LanMatchHarness.cpp
/home/bradley/.codex/worktrees/b625/glob2/artifacts/serial-opt/g++-13-symbols -o build/serial-opt-gcc13/test/engine-src_ai_AISavePortabilityHarness.o -c -g2 -std=gnu++20 -Wall -fPIC -O3 -s -fno-access-control -DGLOB2_OFFICIAL_INSTANCE_ORIGIN=\"https://app.glob2online.com\" -DGLOB2_OFFICIAL_INSTANCE_FORMER_ORIGINS=\"https://glob2online.com\" -DHAVE_CONFIG_H -DSDL_MAIN_HANDLED -Ibuild/serial-opt-gcc13/recording/prefix/include -I/home/bradley/.codex/worktrees/b625/glob2/build/serial-audit-deps/prefix/include -Ibuild/serial-opt-gcc13/include -I/usr/include/opus -Ilibgag/include -I. -Ilibusl/src -Isrc -Isrc/ai -Isrc/hud -Isrc/app -Isrc/game/player -Isrc/team -Isrc/common -Isrc/map -Isrc/game -Isrc/campaign -Isrc/campaign/screens -Isrc/replay -Isrc/game/screens -Isrc/render/clouds -Isrc/ui/screens -Isrc/game/rules -Isrc/game/diagnostics -Isrc/map/editor/screens -Isrc/engine -Isrc/ui -Isrc/map/preview -Isrc/app/cli -Isrc/net/lan/screens -Isrc/online -Isrc/map/tools -Isrc/scripting/map -Isrc/render/overlay -Isrc/audio -Isrc/online/screens -Isrc/game/orders -Isrc/resource -Isrc/ui/settings -Isrc/team/stats -Isrc/render/torus -Isrc/ai/simple -Isrc/ai/castor -Isrc/ai/javascript -Isrc/ai/nicowar -Isrc/ai/numbi -Isrc/ai/telemetry -Isrc/ai/warrush -Isrc/ai/maxima -Isrc/building -Isrc/building/types -Isrc/unit/types -Isrc/building/hud -Isrc/net -Isrc/hud/draw -Isrc/hud/input -Isrc/hud/touch -Isrc/net/turn -Isrc/unit -Isrc/map/editor -Isrc/map/generator -Isrc/map/generator/compatibility -Isrc/map/generator/core -Isrc/map/generator/generators -Isrc/map/generator/shared -Isrc/map/generator/javascript -Isrc/map/generator/shared/legacy -Isrc/map/gradient -Isrc/map/io -Isrc/net/lan -Isrc/net/message -Isrc/scripting/sgsl -Ithird_party/nlohmann-json/include -I/home/bradley/.codex/worktrees/repair-tls-rejection-fixture/glob2/build/sdl3-ci-current/prefix/include -I/home/bradley/.codex/worktrees/repair-tls-rejection-fixture/glob2/build/sdl3-ci-current/prefix/include/webp -Itest -Itest/support -Ilibgag/src -Ithird_party/quickjs-ng src/ai/AISavePortabilityHarness.cpp
In file included from libgag/include/BinaryStream.h:7,
                 from src/game/diagnostics/GameDiagnosticsTest.cpp:17:
libgag/include/StreamBackend.h: In member function ‘virtual void GAGCore::FileStreamBackend::read(void*, size_t)’:
libgag/include/StreamBackend.h:58:79: warning: ignoring return value of ‘size_t fread(void*, size_t, size_t, FILE*)’ declared with attribute ‘warn_unused_result’ [-Wunused-result]
   58 |                 virtual void read(void *data, size_t size) { assert(fp); fread(data, size, 1, fp); }
      |                                                                          ~~~~~^~~~~~~~~~~~~~~~~~~
In file included from libgag/include/BinaryStream.h:7,
                 from src/scripting/javascript/ScriptSimulationTest.cpp:9:
libgag/include/StreamBackend.h: In member function ‘virtual void GAGCore::FileStreamBackend::read(void*, size_t)’:
libgag/include/StreamBackend.h:58:79: warning: ignoring return value of ‘size_t fread(void*, size_t, size_t, FILE*)’ declared with attribute ‘warn_unused_result’ [-Wunused-result]
   58 |                 virtual void read(void *data, size_t size) { assert(fp); fread(data, size, 1, fp); }
      |                                                                          ~~~~~^~~~~~~~~~~~~~~~~~~
/home/bradley/.codex/worktrees/b625/glob2/artifacts/serial-opt/g++-13-symbols -o build/serial-opt-gcc13/test/engine-src_game_SharedWorkerLifecycleTest.o -c -g2 -std=gnu++20 -Wall -fPIC -O3 -s -DGLOB2_OFFICIAL_INSTANCE_ORIGIN=\"https://app.glob2online.com\" -DGLOB2_OFFICIAL_INSTANCE_FORMER_ORIGINS=\"https://glob2online.com\" -DHAVE_CONFIG_H -DSDL_MAIN_HANDLED -Ibuild/serial-opt-gcc13/recording/prefix/include -I/home/bradley/.codex/worktrees/b625/glob2/build/serial-audit-deps/prefix/include -Ibuild/serial-opt-gcc13/include -I/usr/include/opus -Ilibgag/include -I. -Ilibusl/src -Isrc -Isrc/ai -Isrc/hud -Isrc/app -Isrc/game/player -Isrc/team -Isrc/common -Isrc/map -Isrc/game -Isrc/campaign -Isrc/campaign/screens -Isrc/replay -Isrc/game/screens -Isrc/render/clouds -Isrc/ui/screens -Isrc/game/rules -Isrc/game/diagnostics -Isrc/map/editor/screens -Isrc/engine -Isrc/ui -Isrc/map/preview -Isrc/app/cli -Isrc/net/lan/screens -Isrc/online -Isrc/map/tools -Isrc/scripting/map -Isrc/render/overlay -Isrc/audio -Isrc/online/screens -Isrc/game/orders -Isrc/resource -Isrc/ui/settings -Isrc/team/stats -Isrc/render/torus -Isrc/ai/simple -Isrc/ai/castor -Isrc/ai/javascript -Isrc/ai/nicowar -Isrc/ai/numbi -Isrc/ai/telemetry -Isrc/ai/warrush -Isrc/ai/maxima -Isrc/building -Isrc/building/types -Isrc/unit/types -Isrc/building/hud -Isrc/net -Isrc/hud/draw -Isrc/hud/input -Isrc/hud/touch -Isrc/net/turn -Isrc/unit -Isrc/map/editor -Isrc/map/generator -Isrc/map/generator/compatibility -Isrc/map/generator/core -Isrc/map/generator/generators -Isrc/map/generator/shared -Isrc/map/generator/javascript -Isrc/map/generator/shared/legacy -Isrc/map/gradient -Isrc/map/io -Isrc/net/lan -Isrc/net/message -Isrc/scripting/sgsl -Ithird_party/nlohmann-json/include -I/home/bradley/.codex/worktrees/repair-tls-rejection-fixture/glob2/build/sdl3-ci-current/prefix/include -I/home/bradley/.codex/worktrees/repair-tls-rejection-fixture/glob2/build/sdl3-ci-current/prefix/include/webp -Itest -Itest/support -Ilibgag/src -Ithird_party/quickjs-ng src/game/SharedWorkerLifecycleTest.cpp
src/net/turn/TurnEngineHarness.cpp: In function ‘void DOCTEST_ANON_SUITE_15::DOCTEST_ANON_FUNC_85()’:
src/net/turn/TurnEngineHarness.cpp:1860:41: warning: comparison of integer expressions of different signedness: ‘int’ and ‘const unsigned int’ [-Wsign-compare]
 1860 |                 for (int seat = 0; seat < Turn::MAX_SEATS; ++seat)
      |                                    ~~~~~^~~~~~~~~~~~~~~~~
/home/bradley/.codex/worktrees/b625/glob2/artifacts/serial-opt/g++-13-symbols -o build/serial-opt-gcc13/test/engine-SavegameSafetyHarness.o -c -g2 -std=gnu++20 -Wall -fPIC -O3 -s -DGLOB2_OFFICIAL_INSTANCE_ORIGIN=\"https://app.glob2online.com\" -DGLOB2_OFFICIAL_INSTANCE_FORMER_ORIGINS=\"https://glob2online.com\" -DHAVE_CONFIG_H -DSDL_MAIN_HANDLED -Ibuild/serial-opt-gcc13/recording/prefix/include -I/home/bradley/.codex/worktrees/b625/glob2/build/serial-audit-deps/prefix/include -Ibuild/serial-opt-gcc13/include -I/usr/include/opus -Ilibgag/include -I. -Ilibusl/src -Isrc -Isrc/ai -Isrc/hud -Isrc/app -Isrc/game/player -Isrc/team -Isrc/common -Isrc/map -Isrc/game -Isrc/campaign -Isrc/campaign/screens -Isrc/replay -Isrc/game/screens -Isrc/render/clouds -Isrc/ui/screens -Isrc/game/rules -Isrc/game/diagnostics -Isrc/map/editor/screens -Isrc/engine -Isrc/ui -Isrc/map/preview -Isrc/app/cli -Isrc/net/lan/screens -Isrc/online -Isrc/map/tools -Isrc/scripting/map -Isrc/render/overlay -Isrc/audio -Isrc/online/screens -Isrc/game/orders -Isrc/resource -Isrc/ui/settings -Isrc/team/stats -Isrc/render/torus -Isrc/ai/simple -Isrc/ai/castor -Isrc/ai/javascript -Isrc/ai/nicowar -Isrc/ai/numbi -Isrc/ai/telemetry -Isrc/ai/warrush -Isrc/ai/maxima -Isrc/building -Isrc/building/types -Isrc/unit/types -Isrc/building/hud -Isrc/net -Isrc/hud/draw -Isrc/hud/input -Isrc/hud/touch -Isrc/net/turn -Isrc/unit -Isrc/map/editor -Isrc/map/generator -Isrc/map/generator/compatibility -Isrc/map/generator/core -Isrc/map/generator/generators -Isrc/map/generator/shared -Isrc/map/generator/javascript -Isrc/map/generator/shared/legacy -Isrc/map/gradient -Isrc/map/io -Isrc/net/lan -Isrc/net/message -Isrc/scripting/sgsl -Ithird_party/nlohmann-json/include -I/home/bradley/.codex/worktrees/repair-tls-rejection-fixture/glob2/build/sdl3-ci-current/prefix/include -I/home/bradley/.codex/worktrees/repair-tls-rejection-fixture/glob2/build/sdl3-ci-current/prefix/include/webp -Itest -Itest/support -Ilibgag/src -Ithird_party/quickjs-ng test/SavegameSafetyHarness.cpp
/home/bradley/.codex/worktrees/b625/glob2/artifacts/serial-opt/g++-13-symbols -o build/serial-opt-gcc13/test/engine-TournamentCompatibilityTest.o -c -g2 -std=gnu++20 -Wall -fPIC -O3 -s -fno-access-control -DGLOB2_OFFICIAL_INSTANCE_ORIGIN=\"https://app.glob2online.com\" -DGLOB2_OFFICIAL_INSTANCE_FORMER_ORIGINS=\"https://glob2online.com\" -DHAVE_CONFIG_H -DSDL_MAIN_HANDLED -Ibuild/serial-opt-gcc13/recording/prefix/include -I/home/bradley/.codex/worktrees/b625/glob2/build/serial-audit-deps/prefix/include -Ibuild/serial-opt-gcc13/include -I/usr/include/opus -Ilibgag/include -I. -Ilibusl/src -Isrc -Isrc/ai -Isrc/hud -Isrc/app -Isrc/game/player -Isrc/team -Isrc/common -Isrc/map -Isrc/game -Isrc/campaign -Isrc/campaign/screens -Isrc/replay -Isrc/game/screens -Isrc/render/clouds -Isrc/ui/screens -Isrc/game/rules -Isrc/game/diagnostics -Isrc/map/editor/screens -Isrc/engine -Isrc/ui -Isrc/map/preview -Isrc/app/cli -Isrc/net/lan/screens -Isrc/online -Isrc/map/tools -Isrc/scripting/map -Isrc/render/overlay -Isrc/audio -Isrc/online/screens -Isrc/game/orders -Isrc/resource -Isrc/ui/settings -Isrc/team/stats -Isrc/render/torus -Isrc/ai/simple -Isrc/ai/castor -Isrc/ai/javascript -Isrc/ai/nicowar -Isrc/ai/numbi -Isrc/ai/telemetry -Isrc/ai/warrush -Isrc/ai/maxima -Isrc/building -Isrc/building/types -Isrc/unit/types -Isrc/building/hud -Isrc/net -Isrc/hud/draw -Isrc/hud/input -Isrc/hud/touch -Isrc/net/turn -Isrc/unit -Isrc/map/editor -Isrc/map/generator -Isrc/map/generator/compatibility -Isrc/map/generator/core -Isrc/map/generator/generators -Isrc/map/generator/shared -Isrc/map/generator/javascript -Isrc/map/generator/shared/legacy -Isrc/map/gradient -Isrc/map/io -Isrc/net/lan -Isrc/net/message -Isrc/scripting/sgsl -Ithird_party/nlohmann-json/include -I/home/bradley/.codex/worktrees/repair-tls-rejection-fixture/glob2/build/sdl3-ci-current/prefix/include -I/home/bradley/.codex/worktrees/repair-tls-rejection-fixture/glob2/build/sdl3-ci-current/prefix/include/webp -Itest -Itest/support -Ilibgag/src -Ithird_party/quickjs-ng test/TournamentCompatibilityTest.cpp
In file included from libgag/include/BinaryStream.h:7,
                 from src/net/turn/TurnEngineHarness.cpp:48:
libgag/include/StreamBackend.h: In member function ‘virtual void GAGCore::FileStreamBackend::read(void*, size_t)’:
libgag/include/StreamBackend.h:58:79: warning: ignoring return value of ‘size_t fread(void*, size_t, size_t, FILE*)’ declared with attribute ‘warn_unused_result’ [-Wunused-result]
   58 |                 virtual void read(void *data, size_t size) { assert(fp); fread(data, size, 1, fp); }
      |                                                                          ~~~~~^~~~~~~~~~~~~~~~~~~
In file included from libgag/include/BinaryStream.h:7,
                 from src/game/SharedWorkerLifecycleTest.cpp:7:
libgag/include/StreamBackend.h: In member function ‘virtual void GAGCore::FileStreamBackend::read(void*, size_t)’:
libgag/include/StreamBackend.h:58:79: warning: ignoring return value of ‘size_t fread(void*, size_t, size_t, FILE*)’ declared with attribute ‘warn_unused_result’ [-Wunused-result]
   58 |                 virtual void read(void *data, size_t size) { assert(fp); fread(data, size, 1, fp); }
      |                                                                          ~~~~~^~~~~~~~~~~~~~~~~~~
In file included from src/ai/maxima/MaximaObservationBinding.h:3,
                 from src/ai/maxima/AIMaximaRuntime.h:20,
                 from src/ai/maxima/AIMaxima.h:22,
                 from src/ai/AISavePortabilityHarness.cpp:15:
src/ai/observation/ObservationQueries.h: In function ‘bool AIEngine::ObservationQueries::usefulBuilding(const AIEngine::AIWorldView&, int)’:
src/ai/observation/ObservationQueries.h:128:17: warning: unused variable ‘completed’ [-Wunused-variable]
  128 |     const auto& completed=world.catalog->at(placement.site ? placement.next : type);
      |                 ^~~~~~~~~
In file included from src/ai/maxima/AIMaximaPlacement.h:13,
                 from src/ai/maxima/AIMaxima.h:26:
src/ai/maxima/AIMaximaOperatingDemand.h: In function ‘std::array<int, 12> AIMaxima::productionPacketCeiling(const ProductionRecipeModel&, const int*)’:
src/ai/maxima/AIMaximaOperatingDemand.h:25:36: warning: comparison of integer expressions of different signedness: ‘int’ and ‘const unsigned int’ [-Wsign-compare]
   25 |         for(int resource=0;resource<MaterialCount;++resource)
      |                            ~~~~~~~~^~~~~~~~~~~~~~
src/ai/maxima/AIMaximaOperatingDemand.h:32:41: warning: comparison of integer expressions of different signedness: ‘int’ and ‘const unsigned int’ [-Wsign-compare]
   32 |     if(cycle)for(int resource=0;resource<MaterialCount;++resource)
      |                                 ~~~~~~~~^~~~~~~~~~~~~~
src/ai/maxima/AIMaximaOperatingDemand.h: In function ‘AIMaxima::OperatingClaim AIMaxima::operatingClaim(const std::array<int, 12>&, const std::array<int, 12>&, int, const std::array<int, 12>&)’:
src/ai/maxima/AIMaximaOperatingDemand.h:53:32: warning: comparison of integer expressions of different signedness: ‘int’ and ‘const unsigned int’ [-Wsign-compare]
   53 |     for(int resource=0;resource<MaterialCount;++resource) {
      |                        ~~~~~~~~^~~~~~~~~~~~~~
src/ai/maxima/AIMaximaOperatingDemand.h:62:32: warning: comparison of integer expressions of different signedness: ‘int’ and ‘const unsigned int’ [-Wsign-compare]
   62 |     for(int resource=0;resource<MaterialCount;++resource) {
      |                        ~~~~~~~~^~~~~~~~~~~~~~
src/ai/maxima/AIMaximaPlacement.h: In member function ‘MaterialMask AIMaximaPlacement::WorldTile::sources() const’:
src/ai/maxima/AIMaximaPlacement.h:244:110: warning: comparison of integer expressions of different signedness: ‘const int16_t’ {aka ‘const short int’} and ‘const unsigned int’ [-Wsign-compare]
  244 |     MaterialMask sources() const { return materialSources ? materialSources : materialType>=0 && materialType<MaterialCount ? MaterialMask(1u<<materialType) : 0; }
      |                                                                                                  ~~~~~~~~~~~~^~~~~~~~~~~~~~
In file included from src/ai/maxima/MaximaObservationBinding.h:3,
                 from src/ai/maxima/AIMaximaRuntime.h:20,
                 from src/ai/maxima/AIMaxima.h:22,
                 from test/TournamentCompatibilityTest.cpp:12:
src/ai/observation/ObservationQueries.h: In function ‘bool AIEngine::ObservationQueries::usefulBuilding(const AIEngine::AIWorldView&, int)’:
src/ai/observation/ObservationQueries.h:128:17: warning: unused variable ‘completed’ [-Wunused-variable]
  128 |     const auto& completed=world.catalog->at(placement.site ? placement.next : type);
      |                 ^~~~~~~~~
In file included from src/ai/maxima/AIMaximaPlacement.h:13,
                 from src/ai/maxima/AIMaxima.h:26:
src/ai/maxima/AIMaximaOperatingDemand.h: In function ‘std::array<int, 12> AIMaxima::productionPacketCeiling(const ProductionRecipeModel&, const int*)’:
src/ai/maxima/AIMaximaOperatingDemand.h:25:36: warning: comparison of integer expressions of different signedness: ‘int’ and ‘const unsigned int’ [-Wsign-compare]
   25 |         for(int resource=0;resource<MaterialCount;++resource)
      |                            ~~~~~~~~^~~~~~~~~~~~~~
src/ai/maxima/AIMaximaOperatingDemand.h:32:41: warning: comparison of integer expressions of different signedness: ‘int’ and ‘const unsigned int’ [-Wsign-compare]
   32 |     if(cycle)for(int resource=0;resource<MaterialCount;++resource)
      |                                 ~~~~~~~~^~~~~~~~~~~~~~
src/ai/maxima/AIMaximaOperatingDemand.h: In function ‘AIMaxima::OperatingClaim AIMaxima::operatingClaim(const std::array<int, 12>&, const std::array<int, 12>&, int, const std::array<int, 12>&)’:
src/ai/maxima/AIMaximaOperatingDemand.h:53:32: warning: comparison of integer expressions of different signedness: ‘int’ and ‘const unsigned int’ [-Wsign-compare]
   53 |     for(int resource=0;resource<MaterialCount;++resource) {
      |                        ~~~~~~~~^~~~~~~~~~~~~~
src/ai/maxima/AIMaximaOperatingDemand.h:62:32: warning: comparison of integer expressions of different signedness: ‘int’ and ‘const unsigned int’ [-Wsign-compare]
   62 |     for(int resource=0;resource<MaterialCount;++resource) {
      |                        ~~~~~~~~^~~~~~~~~~~~~~
src/ai/maxima/AIMaximaPlacement.h: In member function ‘MaterialMask AIMaximaPlacement::WorldTile::sources() const’:
src/ai/maxima/AIMaximaPlacement.h:244:110: warning: comparison of integer expressions of different signedness: ‘const int16_t’ {aka ‘const short int’} and ‘const unsigned int’ [-Wsign-compare]
  244 |     MaterialMask sources() const { return materialSources ? materialSources : materialType>=0 && materialType<MaterialCount ? MaterialMask(1u<<materialType) : 0; }
      |                                                                                                  ~~~~~~~~~~~~^~~~~~~~~~~~~~
/home/bradley/.codex/worktrees/b625/glob2/artifacts/serial-opt/g++-13-symbols -o build/serial-opt-gcc13/test/engine-src_ai_maxima_MaximaRelocationIntegrationTest.o -c -g2 -std=gnu++20 -Wall -fPIC -O3 -s -fno-access-control -DGLOB2_OFFICIAL_INSTANCE_ORIGIN=\"https://app.glob2online.com\" -DGLOB2_OFFICIAL_INSTANCE_FORMER_ORIGINS=\"https://glob2online.com\" -DHAVE_CONFIG_H -DSDL_MAIN_HANDLED -Ibuild/serial-opt-gcc13/recording/prefix/include -I/home/bradley/.codex/worktrees/b625/glob2/build/serial-audit-deps/prefix/include -Ibuild/serial-opt-gcc13/include -I/usr/include/opus -Ilibgag/include -I. -Ilibusl/src -Isrc -Isrc/ai -Isrc/hud -Isrc/app -Isrc/game/player -Isrc/team -Isrc/common -Isrc/map -Isrc/game -Isrc/campaign -Isrc/campaign/screens -Isrc/replay -Isrc/game/screens -Isrc/render/clouds -Isrc/ui/screens -Isrc/game/rules -Isrc/game/diagnostics -Isrc/map/editor/screens -Isrc/engine -Isrc/ui -Isrc/map/preview -Isrc/app/cli -Isrc/net/lan/screens -Isrc/online -Isrc/map/tools -Isrc/scripting/map -Isrc/render/overlay -Isrc/audio -Isrc/online/screens -Isrc/game/orders -Isrc/resource -Isrc/ui/settings -Isrc/team/stats -Isrc/render/torus -Isrc/ai/simple -Isrc/ai/castor -Isrc/ai/javascript -Isrc/ai/nicowar -Isrc/ai/numbi -Isrc/ai/telemetry -Isrc/ai/warrush -Isrc/ai/maxima -Isrc/building -Isrc/building/types -Isrc/unit/types -Isrc/building/hud -Isrc/net -Isrc/hud/draw -Isrc/hud/input -Isrc/hud/touch -Isrc/net/turn -Isrc/unit -Isrc/map/editor -Isrc/map/generator -Isrc/map/generator/compatibility -Isrc/map/generator/core -Isrc/map/generator/generators -Isrc/map/generator/shared -Isrc/map/generator/javascript -Isrc/map/generator/shared/legacy -Isrc/map/gradient -Isrc/map/io -Isrc/net/lan -Isrc/net/message -Isrc/scripting/sgsl -Ithird_party/nlohmann-json/include -I/home/bradley/.codex/worktrees/repair-tls-rejection-fixture/glob2/build/sdl3-ci-current/prefix/include -I/home/bradley/.codex/worktrees/repair-tls-rejection-fixture/glob2/build/sdl3-ci-current/prefix/include/webp -Itest -Itest/support -Ilibgag/src -Ithird_party/quickjs-ng src/ai/maxima/MaximaRelocationIntegrationTest.cpp
In file included from libgag/include/BinaryStream.h:7,
                 from src/ai/AISavePortabilityHarness.cpp:11:
libgag/include/StreamBackend.h: In member function ‘virtual void GAGCore::FileStreamBackend::read(void*, size_t)’:
libgag/include/StreamBackend.h:58:79: warning: ignoring return value of ‘size_t fread(void*, size_t, size_t, FILE*)’ declared with attribute ‘warn_unused_result’ [-Wunused-result]
   58 |                 virtual void read(void *data, size_t size) { assert(fp); fread(data, size, 1, fp); }
      |                                                                          ~~~~~^~~~~~~~~~~~~~~~~~~
In file included from libgag/include/BinaryStream.h:7,
                 from test/TournamentCompatibilityTest.cpp:15:
libgag/include/StreamBackend.h: In member function ‘virtual void GAGCore::FileStreamBackend::read(void*, size_t)’:
libgag/include/StreamBackend.h:58:79: warning: ignoring return value of ‘size_t fread(void*, size_t, size_t, FILE*)’ declared with attribute ‘warn_unused_result’ [-Wunused-result]
   58 |                 virtual void read(void *data, size_t size) { assert(fp); fread(data, size, 1, fp); }
      |                                                                          ~~~~~^~~~~~~~~~~~~~~~~~~
In file included from libgag/include/BinaryStream.h:7,
                 from libgag/include/DeferredStream.h:3,
                 from src/replay/SaveSnapshot.h:7,
                 from test/SavegameSafetyHarness.cpp:3:
libgag/include/StreamBackend.h: In member function ‘virtual void GAGCore::FileStreamBackend::read(void*, size_t)’:
libgag/include/StreamBackend.h:58:79: warning: ignoring return value of ‘size_t fread(void*, size_t, size_t, FILE*)’ declared with attribute ‘warn_unused_result’ [-Wunused-result]
   58 |                 virtual void read(void *data, size_t size) { assert(fp); fread(data, size, 1, fp); }
      |                                                                          ~~~~~^~~~~~~~~~~~~~~~~~~
In file included from libgag/include/BinaryStream.h:7,
                 from src/net/lan/LanMatchHarness.cpp:44:
libgag/include/StreamBackend.h: In member function ‘virtual void GAGCore::FileStreamBackend::read(void*, size_t)’:
libgag/include/StreamBackend.h:58:79: warning: ignoring return value of ‘size_t fread(void*, size_t, size_t, FILE*)’ declared with attribute ‘warn_unused_result’ [-Wunused-result]
   58 |                 virtual void read(void *data, size_t size) { assert(fp); fread(data, size, 1, fp); }
      |                                                                          ~~~~~^~~~~~~~~~~~~~~~~~~
/home/bradley/.codex/worktrees/b625/glob2/artifacts/serial-opt/g++-13-symbols -o build/serial-opt-gcc13/test/engine-PortableGameHarness.o -c -g2 -std=gnu++20 -Wall -fPIC -O3 -s -DGLOB2_OFFICIAL_INSTANCE_ORIGIN=\"https://app.glob2online.com\" -DGLOB2_OFFICIAL_INSTANCE_FORMER_ORIGINS=\"https://glob2online.com\" -DHAVE_CONFIG_H -DSDL_MAIN_HANDLED -Ibuild/serial-opt-gcc13/recording/prefix/include -I/home/bradley/.codex/worktrees/b625/glob2/build/serial-audit-deps/prefix/include -Ibuild/serial-opt-gcc13/include -I/usr/include/opus -Ilibgag/include -I. -Ilibusl/src -Isrc -Isrc/ai -Isrc/hud -Isrc/app -Isrc/game/player -Isrc/team -Isrc/common -Isrc/map -Isrc/game -Isrc/campaign -Isrc/campaign/screens -Isrc/replay -Isrc/game/screens -Isrc/render/clouds -Isrc/ui/screens -Isrc/game/rules -Isrc/game/diagnostics -Isrc/map/editor/screens -Isrc/engine -Isrc/ui -Isrc/map/preview -Isrc/app/cli -Isrc/net/lan/screens -Isrc/online -Isrc/map/tools -Isrc/scripting/map -Isrc/render/overlay -Isrc/audio -Isrc/online/screens -Isrc/game/orders -Isrc/resource -Isrc/ui/settings -Isrc/team/stats -Isrc/render/torus -Isrc/ai/simple -Isrc/ai/castor -Isrc/ai/javascript -Isrc/ai/nicowar -Isrc/ai/numbi -Isrc/ai/telemetry -Isrc/ai/warrush -Isrc/ai/maxima -Isrc/building -Isrc/building/types -Isrc/unit/types -Isrc/building/hud -Isrc/net -Isrc/hud/draw -Isrc/hud/input -Isrc/hud/touch -Isrc/net/turn -Isrc/unit -Isrc/map/editor -Isrc/map/generator -Isrc/map/generator/compatibility -Isrc/map/generator/core -Isrc/map/generator/generators -Isrc/map/generator/shared -Isrc/map/generator/javascript -Isrc/map/generator/shared/legacy -Isrc/map/gradient -Isrc/map/io -Isrc/net/lan -Isrc/net/message -Isrc/scripting/sgsl -Ithird_party/nlohmann-json/include -I/home/bradley/.codex/worktrees/repair-tls-rejection-fixture/glob2/build/sdl3-ci-current/prefix/include -I/home/bradley/.codex/worktrees/repair-tls-rejection-fixture/glob2/build/sdl3-ci-current/prefix/include/webp -Itest -Itest/support -Ilibgag/src -Ithird_party/quickjs-ng test/PortableGameHarness.cpp
/home/bradley/.codex/worktrees/b625/glob2/artifacts/serial-opt/g++-13-symbols -o build/serial-opt-gcc13/test/engine-src_engine_EngineSessionHarness.o -c -g2 -std=gnu++20 -Wall -fPIC -O3 -s -fno-access-control -DGLOB2_OFFICIAL_INSTANCE_ORIGIN=\"https://app.glob2online.com\" -DGLOB2_OFFICIAL_INSTANCE_FORMER_ORIGINS=\"https://glob2online.com\" -DHAVE_CONFIG_H -DSDL_MAIN_HANDLED -Ibuild/serial-opt-gcc13/recording/prefix/include -I/home/bradley/.codex/worktrees/b625/glob2/build/serial-audit-deps/prefix/include -Ibuild/serial-opt-gcc13/include -I/usr/include/opus -Ilibgag/include -I. -Ilibusl/src -Isrc -Isrc/ai -Isrc/hud -Isrc/app -Isrc/game/player -Isrc/team -Isrc/common -Isrc/map -Isrc/game -Isrc/campaign -Isrc/campaign/screens -Isrc/replay -Isrc/game/screens -Isrc/render/clouds -Isrc/ui/screens -Isrc/game/rules -Isrc/game/diagnostics -Isrc/map/editor/screens -Isrc/engine -Isrc/ui -Isrc/map/preview -Isrc/app/cli -Isrc/net/lan/screens -Isrc/online -Isrc/map/tools -Isrc/scripting/map -Isrc/render/overlay -Isrc/audio -Isrc/online/screens -Isrc/game/orders -Isrc/resource -Isrc/ui/settings -Isrc/team/stats -Isrc/render/torus -Isrc/ai/simple -Isrc/ai/castor -Isrc/ai/javascript -Isrc/ai/nicowar -Isrc/ai/numbi -Isrc/ai/telemetry -Isrc/ai/warrush -Isrc/ai/maxima -Isrc/building -Isrc/building/types -Isrc/unit/types -Isrc/building/hud -Isrc/net -Isrc/hud/draw -Isrc/hud/input -Isrc/hud/touch -Isrc/net/turn -Isrc/unit -Isrc/map/editor -Isrc/map/generator -Isrc/map/generator/compatibility -Isrc/map/generator/core -Isrc/map/generator/generators -Isrc/map/generator/shared -Isrc/map/generator/javascript -Isrc/map/generator/shared/legacy -Isrc/map/gradient -Isrc/map/io -Isrc/net/lan -Isrc/net/message -Isrc/scripting/sgsl -Ithird_party/nlohmann-json/include -I/home/bradley/.codex/worktrees/repair-tls-rejection-fixture/glob2/build/sdl3-ci-current/prefix/include -I/home/bradley/.codex/worktrees/repair-tls-rejection-fixture/glob2/build/sdl3-ci-current/prefix/include/webp -Itest -Itest/support -Ilibgag/src -Ithird_party/quickjs-ng src/engine/EngineSessionHarness.cpp
In file included from libgag/include/../../src/ai/maxima/MaximaObservationBinding.h:3,
                 from libgag/include/../../src/ai/maxima/AIMaximaRuntime.h:20,
                 from src/ai/maxima/MaximaRelocationIntegrationTest.cpp:27:
src/ai/observation/ObservationQueries.h: In function ‘bool AIEngine::ObservationQueries::usefulBuilding(const AIEngine::AIWorldView&, int)’:
src/ai/observation/ObservationQueries.h:128:17: warning: unused variable ‘completed’ [-Wunused-variable]
  128 |     const auto& completed=world.catalog->at(placement.site ? placement.next : type);
      |                 ^~~~~~~~~
/home/bradley/.codex/worktrees/b625/glob2/artifacts/serial-opt/g++-13-symbols -o build/serial-opt-gcc13/test/engine-src_online_OnlineScreenLifetimeTest.o -c -g2 -std=gnu++20 -Wall -fPIC -O3 -s -fno-access-control -DGLOB2_OFFICIAL_INSTANCE_ORIGIN=\"https://app.glob2online.com\" -DGLOB2_OFFICIAL_INSTANCE_FORMER_ORIGINS=\"https://glob2online.com\" -DHAVE_CONFIG_H -DSDL_MAIN_HANDLED -Ibuild/serial-opt-gcc13/recording/prefix/include -I/home/bradley/.codex/worktrees/b625/glob2/build/serial-audit-deps/prefix/include -Ibuild/serial-opt-gcc13/include -I/usr/include/opus -Ilibgag/include -I. -Ilibusl/src -Isrc -Isrc/ai -Isrc/hud -Isrc/app -Isrc/game/player -Isrc/team -Isrc/common -Isrc/map -Isrc/game -Isrc/campaign -Isrc/campaign/screens -Isrc/replay -Isrc/game/screens -Isrc/render/clouds -Isrc/ui/screens -Isrc/game/rules -Isrc/game/diagnostics -Isrc/map/editor/screens -Isrc/engine -Isrc/ui -Isrc/map/preview -Isrc/app/cli -Isrc/net/lan/screens -Isrc/online -Isrc/map/tools -Isrc/scripting/map -Isrc/render/overlay -Isrc/audio -Isrc/online/screens -Isrc/game/orders -Isrc/resource -Isrc/ui/settings -Isrc/team/stats -Isrc/render/torus -Isrc/ai/simple -Isrc/ai/castor -Isrc/ai/javascript -Isrc/ai/nicowar -Isrc/ai/numbi -Isrc/ai/telemetry -Isrc/ai/warrush -Isrc/ai/maxima -Isrc/building -Isrc/building/types -Isrc/unit/types -Isrc/building/hud -Isrc/net -Isrc/hud/draw -Isrc/hud/input -Isrc/hud/touch -Isrc/net/turn -Isrc/unit -Isrc/map/editor -Isrc/map/generator -Isrc/map/generator/compatibility -Isrc/map/generator/core -Isrc/map/generator/generators -Isrc/map/generator/shared -Isrc/map/generator/javascript -Isrc/map/generator/shared/legacy -Isrc/map/gradient -Isrc/map/io -Isrc/net/lan -Isrc/net/message -Isrc/scripting/sgsl -Ithird_party/nlohmann-json/include -I/home/bradley/.codex/worktrees/repair-tls-rejection-fixture/glob2/build/sdl3-ci-current/prefix/include -I/home/bradley/.codex/worktrees/repair-tls-rejection-fixture/glob2/build/sdl3-ci-current/prefix/include/webp -Itest -Itest/support -Ilibgag/src -Ithird_party/quickjs-ng src/online/OnlineScreenLifetimeTest.cpp
In file included from libgag/include/../../src/ai/maxima/AIMaximaPlacement.h:13,
                 from libgag/include/../../src/ai/maxima/AIMaxima.h:26,
                 from src/ai/maxima/MaximaRelocationIntegrationTest.cpp:28:
libgag/include/../../src/ai/maxima/AIMaximaOperatingDemand.h: In function ‘std::array<int, 12> AIMaxima::productionPacketCeiling(const ProductionRecipeModel&, const int*)’:
libgag/include/../../src/ai/maxima/AIMaximaOperatingDemand.h:25:36: warning: comparison of integer expressions of different signedness: ‘int’ and ‘const unsigned int’ [-Wsign-compare]
   25 |         for(int resource=0;resource<MaterialCount;++resource)
      |                            ~~~~~~~~^~~~~~~~~~~~~~
libgag/include/../../src/ai/maxima/AIMaximaOperatingDemand.h:32:41: warning: comparison of integer expressions of different signedness: ‘int’ and ‘const unsigned int’ [-Wsign-compare]
   32 |     if(cycle)for(int resource=0;resource<MaterialCount;++resource)
      |                                 ~~~~~~~~^~~~~~~~~~~~~~
libgag/include/../../src/ai/maxima/AIMaximaOperatingDemand.h: In function ‘AIMaxima::OperatingClaim AIMaxima::operatingClaim(const std::array<int, 12>&, const std::array<int, 12>&, int, const std::array<int, 12>&)’:
libgag/include/../../src/ai/maxima/AIMaximaOperatingDemand.h:53:32: warning: comparison of integer expressions of different signedness: ‘int’ and ‘const unsigned int’ [-Wsign-compare]
   53 |     for(int resource=0;resource<MaterialCount;++resource) {
      |                        ~~~~~~~~^~~~~~~~~~~~~~
libgag/include/../../src/ai/maxima/AIMaximaOperatingDemand.h:62:32: warning: comparison of integer expressions of different signedness: ‘int’ and ‘const unsigned int’ [-Wsign-compare]
   62 |     for(int resource=0;resource<MaterialCount;++resource) {
      |                        ~~~~~~~~^~~~~~~~~~~~~~
libgag/include/../../src/ai/maxima/AIMaximaPlacement.h: In member function ‘MaterialMask AIMaximaPlacement::WorldTile::sources() const’:
libgag/include/../../src/ai/maxima/AIMaximaPlacement.h:244:110: warning: comparison of integer expressions of different signedness: ‘const int16_t’ {aka ‘const short int’} and ‘const unsigned int’ [-Wsign-compare]
  244 |     MaterialMask sources() const { return materialSources ? materialSources : materialType>=0 && materialType<MaterialCount ? MaterialMask(1u<<materialType) : 0; }
      |                                                                                                  ~~~~~~~~~~~~^~~~~~~~~~~~~~
In file included from libgag/include/BinaryStream.h:7,
                 from src/ai/maxima/MaximaRelocationIntegrationTest.cpp:33:
libgag/include/StreamBackend.h: In member function ‘virtual void GAGCore::FileStreamBackend::read(void*, size_t)’:
libgag/include/StreamBackend.h:58:79: warning: ignoring return value of ‘size_t fread(void*, size_t, size_t, FILE*)’ declared with attribute ‘warn_unused_result’ [-Wunused-result]
   58 |                 virtual void read(void *data, size_t size) { assert(fp); fread(data, size, 1, fp); }
      |                                                                          ~~~~~^~~~~~~~~~~~~~~~~~~
/home/bradley/.codex/worktrees/b625/glob2/artifacts/serial-opt/g++-13-symbols -o build/serial-opt-gcc13/test/engine-src_online_PlatformRoomTest.o -c -g2 -std=gnu++20 -Wall -fPIC -O3 -s -DGLOB2_OFFICIAL_INSTANCE_ORIGIN=\"https://app.glob2online.com\" -DGLOB2_OFFICIAL_INSTANCE_FORMER_ORIGINS=\"https://glob2online.com\" -DHAVE_CONFIG_H -DSDL_MAIN_HANDLED -Ibuild/serial-opt-gcc13/recording/prefix/include -I/home/bradley/.codex/worktrees/b625/glob2/build/serial-audit-deps/prefix/include -Ibuild/serial-opt-gcc13/include -I/usr/include/opus -Ilibgag/include -I. -Ilibusl/src -Isrc -Isrc/ai -Isrc/hud -Isrc/app -Isrc/game/player -Isrc/team -Isrc/common -Isrc/map -Isrc/game -Isrc/campaign -Isrc/campaign/screens -Isrc/replay -Isrc/game/screens -Isrc/render/clouds -Isrc/ui/screens -Isrc/game/rules -Isrc/game/diagnostics -Isrc/map/editor/screens -Isrc/engine -Isrc/ui -Isrc/map/preview -Isrc/app/cli -Isrc/net/lan/screens -Isrc/online -Isrc/map/tools -Isrc/scripting/map -Isrc/render/overlay -Isrc/audio -Isrc/online/screens -Isrc/game/orders -Isrc/resource -Isrc/ui/settings -Isrc/team/stats -Isrc/render/torus -Isrc/ai/simple -Isrc/ai/castor -Isrc/ai/javascript -Isrc/ai/nicowar -Isrc/ai/numbi -Isrc/ai/telemetry -Isrc/ai/warrush -Isrc/ai/maxima -Isrc/building -Isrc/building/types -Isrc/unit/types -Isrc/building/hud -Isrc/net -Isrc/hud/draw -Isrc/hud/input -Isrc/hud/touch -Isrc/net/turn -Isrc/unit -Isrc/map/editor -Isrc/map/generator -Isrc/map/generator/compatibility -Isrc/map/generator/core -Isrc/map/generator/generators -Isrc/map/generator/shared -Isrc/map/generator/javascript -Isrc/map/generator/shared/legacy -Isrc/map/gradient -Isrc/map/io -Isrc/net/lan -Isrc/net/message -Isrc/scripting/sgsl -Ithird_party/nlohmann-json/include -I/home/bradley/.codex/worktrees/repair-tls-rejection-fixture/glob2/build/sdl3-ci-current/prefix/include -I/home/bradley/.codex/worktrees/repair-tls-rejection-fixture/glob2/build/sdl3-ci-current/prefix/include/webp -Itest -Itest/support -Ilibgag/src -Ithird_party/quickjs-ng src/online/PlatformRoomTest.cpp
/home/bradley/.codex/worktrees/b625/glob2/artifacts/serial-opt/g++-13-symbols -o build/serial-opt-gcc13/test/engine-src_render_MapRenderResizeHarness.o -c -g2 -std=gnu++20 -Wall -fPIC -O3 -s -fno-access-control -DGLOB2_OFFICIAL_INSTANCE_ORIGIN=\"https://app.glob2online.com\" -DGLOB2_OFFICIAL_INSTANCE_FORMER_ORIGINS=\"https://glob2online.com\" -DHAVE_CONFIG_H -DSDL_MAIN_HANDLED -Ibuild/serial-opt-gcc13/recording/prefix/include -I/home/bradley/.codex/worktrees/b625/glob2/build/serial-audit-deps/prefix/include -Ibuild/serial-opt-gcc13/include -I/usr/include/opus -Ilibgag/include -I. -Ilibusl/src -Isrc -Isrc/ai -Isrc/hud -Isrc/app -Isrc/game/player -Isrc/team -Isrc/common -Isrc/map -Isrc/game -Isrc/campaign -Isrc/campaign/screens -Isrc/replay -Isrc/game/screens -Isrc/render/clouds -Isrc/ui/screens -Isrc/game/rules -Isrc/game/diagnostics -Isrc/map/editor/screens -Isrc/engine -Isrc/ui -Isrc/map/preview -Isrc/app/cli -Isrc/net/lan/screens -Isrc/online -Isrc/map/tools -Isrc/scripting/map -Isrc/render/overlay -Isrc/audio -Isrc/online/screens -Isrc/game/orders -Isrc/resource -Isrc/ui/settings -Isrc/team/stats -Isrc/render/torus -Isrc/ai/simple -Isrc/ai/castor -Isrc/ai/javascript -Isrc/ai/nicowar -Isrc/ai/numbi -Isrc/ai/telemetry -Isrc/ai/warrush -Isrc/ai/maxima -Isrc/building -Isrc/building/types -Isrc/unit/types -Isrc/building/hud -Isrc/net -Isrc/hud/draw -Isrc/hud/input -Isrc/hud/touch -Isrc/net/turn -Isrc/unit -Isrc/map/editor -Isrc/map/generator -Isrc/map/generator/compatibility -Isrc/map/generator/core -Isrc/map/generator/generators -Isrc/map/generator/shared -Isrc/map/generator/javascript -Isrc/map/generator/shared/legacy -Isrc/map/gradient -Isrc/map/io -Isrc/net/lan -Isrc/net/message -Isrc/scripting/sgsl -Ithird_party/nlohmann-json/include -I/home/bradley/.codex/worktrees/repair-tls-rejection-fixture/glob2/build/sdl3-ci-current/prefix/include -I/home/bradley/.codex/worktrees/repair-tls-rejection-fixture/glob2/build/sdl3-ci-current/prefix/include/webp -Itest -Itest/support -Ilibgag/src -Ithird_party/quickjs-ng src/render/MapRenderResizeHarness.cpp
/home/bradley/.codex/worktrees/b625/glob2/artifacts/serial-opt/g++-13-symbols -o build/serial-opt-gcc13/test/engine-src_ai_maxima_MaximaCombatIntegrationTest.o -c -g2 -std=gnu++20 -Wall -fPIC -O3 -s -fno-access-control -DGLOB2_OFFICIAL_INSTANCE_ORIGIN=\"https://app.glob2online.com\" -DGLOB2_OFFICIAL_INSTANCE_FORMER_ORIGINS=\"https://glob2online.com\" -DHAVE_CONFIG_H -DSDL_MAIN_HANDLED -Ibuild/serial-opt-gcc13/recording/prefix/include -I/home/bradley/.codex/worktrees/b625/glob2/build/serial-audit-deps/prefix/include -Ibuild/serial-opt-gcc13/include -I/usr/include/opus -Ilibgag/include -I. -Ilibusl/src -Isrc -Isrc/ai -Isrc/hud -Isrc/app -Isrc/game/player -Isrc/team -Isrc/common -Isrc/map -Isrc/game -Isrc/campaign -Isrc/campaign/screens -Isrc/replay -Isrc/game/screens -Isrc/render/clouds -Isrc/ui/screens -Isrc/game/rules -Isrc/game/diagnostics -Isrc/map/editor/screens -Isrc/engine -Isrc/ui -Isrc/map/preview -Isrc/app/cli -Isrc/net/lan/screens -Isrc/online -Isrc/map/tools -Isrc/scripting/map -Isrc/render/overlay -Isrc/audio -Isrc/online/screens -Isrc/game/orders -Isrc/resource -Isrc/ui/settings -Isrc/team/stats -Isrc/render/torus -Isrc/ai/simple -Isrc/ai/castor -Isrc/ai/javascript -Isrc/ai/nicowar -Isrc/ai/numbi -Isrc/ai/telemetry -Isrc/ai/warrush -Isrc/ai/maxima -Isrc/building -Isrc/building/types -Isrc/unit/types -Isrc/building/hud -Isrc/net -Isrc/hud/draw -Isrc/hud/input -Isrc/hud/touch -Isrc/net/turn -Isrc/unit -Isrc/map/editor -Isrc/map/generator -Isrc/map/generator/compatibility -Isrc/map/generator/core -Isrc/map/generator/generators -Isrc/map/generator/shared -Isrc/map/generator/javascript -Isrc/map/generator/shared/legacy -Isrc/map/gradient -Isrc/map/io -Isrc/net/lan -Isrc/net/message -Isrc/scripting/sgsl -Ithird_party/nlohmann-json/include -I/home/bradley/.codex/worktrees/repair-tls-rejection-fixture/glob2/build/sdl3-ci-current/prefix/include -I/home/bradley/.codex/worktrees/repair-tls-rejection-fixture/glob2/build/sdl3-ci-current/prefix/include/webp -Itest -Itest/support -Ilibgag/src -Ithird_party/quickjs-ng src/ai/maxima/MaximaCombatIntegrationTest.cpp
In file included from libgag/include/BinaryStream.h:7,
                 from src/engine/EngineSessionHarness.cpp:30:
libgag/include/StreamBackend.h: In member function ‘virtual void GAGCore::FileStreamBackend::read(void*, size_t)’:
libgag/include/StreamBackend.h:58:79: warning: ignoring return value of ‘size_t fread(void*, size_t, size_t, FILE*)’ declared with attribute ‘warn_unused_result’ [-Wunused-result]
   58 |                 virtual void read(void *data, size_t size) { assert(fp); fread(data, size, 1, fp); }
      |                                                                          ~~~~~^~~~~~~~~~~~~~~~~~~
/home/bradley/.codex/worktrees/b625/glob2/artifacts/serial-opt/g++-13-symbols -o build/serial-opt-gcc13/test/engine-src_ai_maxima_MaximaDiagnosticsTest.o -c -g2 -std=gnu++20 -Wall -fPIC -O3 -s -DGLOB2_OFFICIAL_INSTANCE_ORIGIN=\"https://app.glob2online.com\" -DGLOB2_OFFICIAL_INSTANCE_FORMER_ORIGINS=\"https://glob2online.com\" -DHAVE_CONFIG_H -DSDL_MAIN_HANDLED -Ibuild/serial-opt-gcc13/recording/prefix/include -I/home/bradley/.codex/worktrees/b625/glob2/build/serial-audit-deps/prefix/include -Ibuild/serial-opt-gcc13/include -I/usr/include/opus -Ilibgag/include -I. -Ilibusl/src -Isrc -Isrc/ai -Isrc/hud -Isrc/app -Isrc/game/player -Isrc/team -Isrc/common -Isrc/map -Isrc/game -Isrc/campaign -Isrc/campaign/screens -Isrc/replay -Isrc/game/screens -Isrc/render/clouds -Isrc/ui/screens -Isrc/game/rules -Isrc/game/diagnostics -Isrc/map/editor/screens -Isrc/engine -Isrc/ui -Isrc/map/preview -Isrc/app/cli -Isrc/net/lan/screens -Isrc/online -Isrc/map/tools -Isrc/scripting/map -Isrc/render/overlay -Isrc/audio -Isrc/online/screens -Isrc/game/orders -Isrc/resource -Isrc/ui/settings -Isrc/team/stats -Isrc/render/torus -Isrc/ai/simple -Isrc/ai/castor -Isrc/ai/javascript -Isrc/ai/nicowar -Isrc/ai/numbi -Isrc/ai/telemetry -Isrc/ai/warrush -Isrc/ai/maxima -Isrc/building -Isrc/building/types -Isrc/unit/types -Isrc/building/hud -Isrc/net -Isrc/hud/draw -Isrc/hud/input -Isrc/hud/touch -Isrc/net/turn -Isrc/unit -Isrc/map/editor -Isrc/map/generator -Isrc/map/generator/compatibility -Isrc/map/generator/core -Isrc/map/generator/generators -Isrc/map/generator/shared -Isrc/map/generator/javascript -Isrc/map/generator/shared/legacy -Isrc/map/gradient -Isrc/map/io -Isrc/net/lan -Isrc/net/message -Isrc/scripting/sgsl -Ithird_party/nlohmann-json/include -I/home/bradley/.codex/worktrees/repair-tls-rejection-fixture/glob2/build/sdl3-ci-current/prefix/include -I/home/bradley/.codex/worktrees/repair-tls-rejection-fixture/glob2/build/sdl3-ci-current/prefix/include/webp -Itest -Itest/support -Ilibgag/src -Ithird_party/quickjs-ng src/ai/maxima/MaximaDiagnosticsTest.cpp
In file included from src/ai/maxima/AIMaximaBuildings.h:9,
                 from src/ai/maxima/MaximaCombatIntegrationTest.cpp:18:
src/ai/observation/ObservationQueries.h: In function ‘bool AIEngine::ObservationQueries::usefulBuilding(const AIEngine::AIWorldView&, int)’:
src/ai/observation/ObservationQueries.h:128:17: warning: unused variable ‘completed’ [-Wunused-variable]
  128 |     const auto& completed=world.catalog->at(placement.site ? placement.next : type);
      |                 ^~~~~~~~~
In file included from libgag/include/../../src/ai/maxima/AIMaximaPlacement.h:13,
                 from libgag/include/../../src/ai/maxima/AIMaxima.h:26,
                 from src/ai/maxima/MaximaCombatIntegrationTest.cpp:33:
libgag/include/../../src/ai/maxima/AIMaximaOperatingDemand.h: In function ‘std::array<int, 12> AIMaxima::productionPacketCeiling(const ProductionRecipeModel&, const int*)’:
libgag/include/../../src/ai/maxima/AIMaximaOperatingDemand.h:25:36: warning: comparison of integer expressions of different signedness: ‘int’ and ‘const unsigned int’ [-Wsign-compare]
   25 |         for(int resource=0;resource<MaterialCount;++resource)
      |                            ~~~~~~~~^~~~~~~~~~~~~~
libgag/include/../../src/ai/maxima/AIMaximaOperatingDemand.h:32:41: warning: comparison of integer expressions of different signedness: ‘int’ and ‘const unsigned int’ [-Wsign-compare]
   32 |     if(cycle)for(int resource=0;resource<MaterialCount;++resource)
      |                                 ~~~~~~~~^~~~~~~~~~~~~~
libgag/include/../../src/ai/maxima/AIMaximaOperatingDemand.h: In function ‘AIMaxima::OperatingClaim AIMaxima::operatingClaim(const std::array<int, 12>&, const std::array<int, 12>&, int, const std::array<int, 12>&)’:
libgag/include/../../src/ai/maxima/AIMaximaOperatingDemand.h:53:32: warning: comparison of integer expressions of different signedness: ‘int’ and ‘const unsigned int’ [-Wsign-compare]
   53 |     for(int resource=0;resource<MaterialCount;++resource) {
      |                        ~~~~~~~~^~~~~~~~~~~~~~
libgag/include/../../src/ai/maxima/AIMaximaOperatingDemand.h:62:32: warning: comparison of integer expressions of different signedness: ‘int’ and ‘const unsigned int’ [-Wsign-compare]
   62 |     for(int resource=0;resource<MaterialCount;++resource) {
      |                        ~~~~~~~~^~~~~~~~~~~~~~
libgag/include/../../src/ai/maxima/AIMaximaPlacement.h: In member function ‘MaterialMask AIMaximaPlacement::WorldTile::sources() const’:
libgag/include/../../src/ai/maxima/AIMaximaPlacement.h:244:110: warning: comparison of integer expressions of different signedness: ‘const int16_t’ {aka ‘const short int’} and ‘const unsigned int’ [-Wsign-compare]
  244 |     MaterialMask sources() const { return materialSources ? materialSources : materialType>=0 && materialType<MaterialCount ? MaterialMask(1u<<materialType) : 0; }
      |                                                                                                  ~~~~~~~~~~~~^~~~~~~~~~~~~~
In file included from libgag/include/BinaryStream.h:7,
                 from libgag/include/../../src/ai/maxima/AIMaximaContinuation.h:9,
                 from src/ai/maxima/MaximaCombatIntegrationTest.cpp:14:
libgag/include/StreamBackend.h: In member function ‘virtual void GAGCore::FileStreamBackend::read(void*, size_t)’:
libgag/include/StreamBackend.h:58:79: warning: ignoring return value of ‘size_t fread(void*, size_t, size_t, FILE*)’ declared with attribute ‘warn_unused_result’ [-Wunused-result]
   58 |                 virtual void read(void *data, size_t size) { assert(fp); fread(data, size, 1, fp); }
      |                                                                          ~~~~~^~~~~~~~~~~~~~~~~~~
/home/bradley/.codex/worktrees/b625/glob2/artifacts/serial-opt/g++-13-symbols -o build/serial-opt-gcc13/test/engine-src_ai_maxima_MaximaDirectorRegressionTest.o -c -g2 -std=gnu++20 -Wall -fPIC -O3 -s -fno-access-control -DGLOB2_OFFICIAL_INSTANCE_ORIGIN=\"https://app.glob2online.com\" -DGLOB2_OFFICIAL_INSTANCE_FORMER_ORIGINS=\"https://glob2online.com\" -DHAVE_CONFIG_H -DSDL_MAIN_HANDLED -Ibuild/serial-opt-gcc13/recording/prefix/include -I/home/bradley/.codex/worktrees/b625/glob2/build/serial-audit-deps/prefix/include -Ibuild/serial-opt-gcc13/include -I/usr/include/opus -Ilibgag/include -I. -Ilibusl/src -Isrc -Isrc/ai -Isrc/hud -Isrc/app -Isrc/game/player -Isrc/team -Isrc/common -Isrc/map -Isrc/game -Isrc/campaign -Isrc/campaign/screens -Isrc/replay -Isrc/game/screens -Isrc/render/clouds -Isrc/ui/screens -Isrc/game/rules -Isrc/game/diagnostics -Isrc/map/editor/screens -Isrc/engine -Isrc/ui -Isrc/map/preview -Isrc/app/cli -Isrc/net/lan/screens -Isrc/online -Isrc/map/tools -Isrc/scripting/map -Isrc/render/overlay -Isrc/audio -Isrc/online/screens -Isrc/game/orders -Isrc/resource -Isrc/ui/settings -Isrc/team/stats -Isrc/render/torus -Isrc/ai/simple -Isrc/ai/castor -Isrc/ai/javascript -Isrc/ai/nicowar -Isrc/ai/numbi -Isrc/ai/telemetry -Isrc/ai/warrush -Isrc/ai/maxima -Isrc/building -Isrc/building/types -Isrc/unit/types -Isrc/building/hud -Isrc/net -Isrc/hud/draw -Isrc/hud/input -Isrc/hud/touch -Isrc/net/turn -Isrc/unit -Isrc/map/editor -Isrc/map/generator -Isrc/map/generator/compatibility -Isrc/map/generator/core -Isrc/map/generator/generators -Isrc/map/generator/shared -Isrc/map/generator/javascript -Isrc/map/generator/shared/legacy -Isrc/map/gradient -Isrc/map/io -Isrc/net/lan -Isrc/net/message -Isrc/scripting/sgsl -Ithird_party/nlohmann-json/include -I/home/bradley/.codex/worktrees/repair-tls-rejection-fixture/glob2/build/sdl3-ci-current/prefix/include -I/home/bradley/.codex/worktrees/repair-tls-rejection-fixture/glob2/build/sdl3-ci-current/prefix/include/webp -Itest -Itest/support -Ilibgag/src -Ithird_party/quickjs-ng src/ai/maxima/MaximaDirectorRegressionTest.cpp
In file included from src/ai/maxima/MaximaObservationBinding.h:3,
                 from src/ai/maxima/AIMaximaRuntime.h:20,
                 from src/ai/maxima/AIMaxima.h:22,
                 from src/ai/maxima/MaximaDiagnosticsTest.cpp:10:
src/ai/observation/ObservationQueries.h: In function ‘bool AIEngine::ObservationQueries::usefulBuilding(const AIEngine::AIWorldView&, int)’:
src/ai/observation/ObservationQueries.h:128:17: warning: unused variable ‘completed’ [-Wunused-variable]
  128 |     const auto& completed=world.catalog->at(placement.site ? placement.next : type);
      |                 ^~~~~~~~~
In file included from src/ai/maxima/AIMaximaPlacement.h:13,
                 from src/ai/maxima/AIMaxima.h:26:
src/ai/maxima/AIMaximaOperatingDemand.h: In function ‘std::array<int, 12> AIMaxima::productionPacketCeiling(const ProductionRecipeModel&, const int*)’:
src/ai/maxima/AIMaximaOperatingDemand.h:25:36: warning: comparison of integer expressions of different signedness: ‘int’ and ‘const unsigned int’ [-Wsign-compare]
   25 |         for(int resource=0;resource<MaterialCount;++resource)
      |                            ~~~~~~~~^~~~~~~~~~~~~~
src/ai/maxima/AIMaximaOperatingDemand.h:32:41: warning: comparison of integer expressions of different signedness: ‘int’ and ‘const unsigned int’ [-Wsign-compare]
   32 |     if(cycle)for(int resource=0;resource<MaterialCount;++resource)
      |                                 ~~~~~~~~^~~~~~~~~~~~~~
src/ai/maxima/AIMaximaOperatingDemand.h: In function ‘AIMaxima::OperatingClaim AIMaxima::operatingClaim(const std::array<int, 12>&, const std::array<int, 12>&, int, const std::array<int, 12>&)’:
src/ai/maxima/AIMaximaOperatingDemand.h:53:32: warning: comparison of integer expressions of different signedness: ‘int’ and ‘const unsigned int’ [-Wsign-compare]
   53 |     for(int resource=0;resource<MaterialCount;++resource) {
      |                        ~~~~~~~~^~~~~~~~~~~~~~
src/ai/maxima/AIMaximaOperatingDemand.h:62:32: warning: comparison of integer expressions of different signedness: ‘int’ and ‘const unsigned int’ [-Wsign-compare]
   62 |     for(int resource=0;resource<MaterialCount;++resource) {
      |                        ~~~~~~~~^~~~~~~~~~~~~~
src/ai/maxima/AIMaximaPlacement.h: In member function ‘MaterialMask AIMaximaPlacement::WorldTile::sources() const’:
src/ai/maxima/AIMaximaPlacement.h:244:110: warning: comparison of integer expressions of different signedness: ‘const int16_t’ {aka ‘const short int’} and ‘const unsigned int’ [-Wsign-compare]
  244 |     MaterialMask sources() const { return materialSources ? materialSources : materialType>=0 && materialType<MaterialCount ? MaterialMask(1u<<materialType) : 0; }
      |                                                                                                  ~~~~~~~~~~~~^~~~~~~~~~~~~~
/home/bradley/.codex/worktrees/b625/glob2/artifacts/serial-opt/g++-13-symbols -o build/serial-opt-gcc13/test/engine-src_ai_maxima_MaximaEconomyRegressionTest.o -c -g2 -std=gnu++20 -Wall -fPIC -O3 -s -fno-access-control -DGLOB2_OFFICIAL_INSTANCE_ORIGIN=\"https://app.glob2online.com\" -DGLOB2_OFFICIAL_INSTANCE_FORMER_ORIGINS=\"https://glob2online.com\" -DHAVE_CONFIG_H -DSDL_MAIN_HANDLED -Ibuild/serial-opt-gcc13/recording/prefix/include -I/home/bradley/.codex/worktrees/b625/glob2/build/serial-audit-deps/prefix/include -Ibuild/serial-opt-gcc13/include -I/usr/include/opus -Ilibgag/include -I. -Ilibusl/src -Isrc -Isrc/ai -Isrc/hud -Isrc/app -Isrc/game/player -Isrc/team -Isrc/common -Isrc/map -Isrc/game -Isrc/campaign -Isrc/campaign/screens -Isrc/replay -Isrc/game/screens -Isrc/render/clouds -Isrc/ui/screens -Isrc/game/rules -Isrc/game/diagnostics -Isrc/map/editor/screens -Isrc/engine -Isrc/ui -Isrc/map/preview -Isrc/app/cli -Isrc/net/lan/screens -Isrc/online -Isrc/map/tools -Isrc/scripting/map -Isrc/render/overlay -Isrc/audio -Isrc/online/screens -Isrc/game/orders -Isrc/resource -Isrc/ui/settings -Isrc/team/stats -Isrc/render/torus -Isrc/ai/simple -Isrc/ai/castor -Isrc/ai/javascript -Isrc/ai/nicowar -Isrc/ai/numbi -Isrc/ai/telemetry -Isrc/ai/warrush -Isrc/ai/maxima -Isrc/building -Isrc/building/types -Isrc/unit/types -Isrc/building/hud -Isrc/net -Isrc/hud/draw -Isrc/hud/input -Isrc/hud/touch -Isrc/net/turn -Isrc/unit -Isrc/map/editor -Isrc/map/generator -Isrc/map/generator/compatibility -Isrc/map/generator/core -Isrc/map/generator/generators -Isrc/map/generator/shared -Isrc/map/generator/javascript -Isrc/map/generator/shared/legacy -Isrc/map/gradient -Isrc/map/io -Isrc/net/lan -Isrc/net/message -Isrc/scripting/sgsl -Ithird_party/nlohmann-json/include -I/home/bradley/.codex/worktrees/repair-tls-rejection-fixture/glob2/build/sdl3-ci-current/prefix/include -I/home/bradley/.codex/worktrees/repair-tls-rejection-fixture/glob2/build/sdl3-ci-current/prefix/include/webp -Itest -Itest/support -Ilibgag/src -Ithird_party/quickjs-ng src/ai/maxima/MaximaEconomyRegressionTest.cpp
In file included from libgag/include/BinaryStream.h:7,
                 from src/ai/maxima/MaximaDiagnosticsTest.cpp:11:
libgag/include/StreamBackend.h: In member function ‘virtual void GAGCore::FileStreamBackend::read(void*, size_t)’:
libgag/include/StreamBackend.h:58:79: warning: ignoring return value of ‘size_t fread(void*, size_t, size_t, FILE*)’ declared with attribute ‘warn_unused_result’ [-Wunused-result]
   58 |                 virtual void read(void *data, size_t size) { assert(fp); fread(data, size, 1, fp); }
      |                                                                          ~~~~~^~~~~~~~~~~~~~~~~~~
/home/bradley/.codex/worktrees/b625/glob2/artifacts/serial-opt/g++-13-symbols -o build/serial-opt-gcc13/test/engine-src_ai_maxima_MaximaFarmingIntegrationTest.o -c -g2 -std=gnu++20 -Wall -fPIC -O3 -s -fno-access-control -DGLOB2_OFFICIAL_INSTANCE_ORIGIN=\"https://app.glob2online.com\" -DGLOB2_OFFICIAL_INSTANCE_FORMER_ORIGINS=\"https://glob2online.com\" -DHAVE_CONFIG_H -DSDL_MAIN_HANDLED -Ibuild/serial-opt-gcc13/recording/prefix/include -I/home/bradley/.codex/worktrees/b625/glob2/build/serial-audit-deps/prefix/include -Ibuild/serial-opt-gcc13/include -I/usr/include/opus -Ilibgag/include -I. -Ilibusl/src -Isrc -Isrc/ai -Isrc/hud -Isrc/app -Isrc/game/player -Isrc/team -Isrc/common -Isrc/map -Isrc/game -Isrc/campaign -Isrc/campaign/screens -Isrc/replay -Isrc/game/screens -Isrc/render/clouds -Isrc/ui/screens -Isrc/game/rules -Isrc/game/diagnostics -Isrc/map/editor/screens -Isrc/engine -Isrc/ui -Isrc/map/preview -Isrc/app/cli -Isrc/net/lan/screens -Isrc/online -Isrc/map/tools -Isrc/scripting/map -Isrc/render/overlay -Isrc/audio -Isrc/online/screens -Isrc/game/orders -Isrc/resource -Isrc/ui/settings -Isrc/team/stats -Isrc/render/torus -Isrc/ai/simple -Isrc/ai/castor -Isrc/ai/javascript -Isrc/ai/nicowar -Isrc/ai/numbi -Isrc/ai/telemetry -Isrc/ai/warrush -Isrc/ai/maxima -Isrc/building -Isrc/building/types -Isrc/unit/types -Isrc/building/hud -Isrc/net -Isrc/hud/draw -Isrc/hud/input -Isrc/hud/touch -Isrc/net/turn -Isrc/unit -Isrc/map/editor -Isrc/map/generator -Isrc/map/generator/compatibility -Isrc/map/generator/core -Isrc/map/generator/generators -Isrc/map/generator/shared -Isrc/map/generator/javascript -Isrc/map/generator/shared/legacy -Isrc/map/gradient -Isrc/map/io -Isrc/net/lan -Isrc/net/message -Isrc/scripting/sgsl -Ithird_party/nlohmann-json/include -I/home/bradley/.codex/worktrees/repair-tls-rejection-fixture/glob2/build/sdl3-ci-current/prefix/include -I/home/bradley/.codex/worktrees/repair-tls-rejection-fixture/glob2/build/sdl3-ci-current/prefix/include/webp -Itest -Itest/support -Ilibgag/src -Ithird_party/quickjs-ng src/ai/maxima/MaximaFarmingIntegrationTest.cpp
In file included from libgag/include/../../src/ai/maxima/MaximaObservationBinding.h:3,
                 from libgag/include/../../src/ai/maxima/AIMaximaRuntime.h:20,
                 from src/ai/maxima/MaximaDirectorRegressionTest.cpp:26:
src/ai/observation/ObservationQueries.h: In function ‘bool AIEngine::ObservationQueries::usefulBuilding(const AIEngine::AIWorldView&, int)’:
src/ai/observation/ObservationQueries.h:128:17: warning: unused variable ‘completed’ [-Wunused-variable]
  128 |     const auto& completed=world.catalog->at(placement.site ? placement.next : type);
      |                 ^~~~~~~~~
In file included from libgag/include/../../src/ai/maxima/AIMaximaPlacement.h:13,
                 from libgag/include/../../src/ai/maxima/AIMaxima.h:26,
                 from src/ai/maxima/MaximaDirectorRegressionTest.cpp:27:
libgag/include/../../src/ai/maxima/AIMaximaOperatingDemand.h: In function ‘std::array<int, 12> AIMaxima::productionPacketCeiling(const ProductionRecipeModel&, const int*)’:
libgag/include/../../src/ai/maxima/AIMaximaOperatingDemand.h:25:36: warning: comparison of integer expressions of different signedness: ‘int’ and ‘const unsigned int’ [-Wsign-compare]
   25 |         for(int resource=0;resource<MaterialCount;++resource)
      |                            ~~~~~~~~^~~~~~~~~~~~~~
libgag/include/../../src/ai/maxima/AIMaximaOperatingDemand.h:32:41: warning: comparison of integer expressions of different signedness: ‘int’ and ‘const unsigned int’ [-Wsign-compare]
   32 |     if(cycle)for(int resource=0;resource<MaterialCount;++resource)
      |                                 ~~~~~~~~^~~~~~~~~~~~~~
libgag/include/../../src/ai/maxima/AIMaximaOperatingDemand.h: In function ‘AIMaxima::OperatingClaim AIMaxima::operatingClaim(const std::array<int, 12>&, const std::array<int, 12>&, int, const std::array<int, 12>&)’:
libgag/include/../../src/ai/maxima/AIMaximaOperatingDemand.h:53:32: warning: comparison of integer expressions of different signedness: ‘int’ and ‘const unsigned int’ [-Wsign-compare]
   53 |     for(int resource=0;resource<MaterialCount;++resource) {
      |                        ~~~~~~~~^~~~~~~~~~~~~~
libgag/include/../../src/ai/maxima/AIMaximaOperatingDemand.h:62:32: warning: comparison of integer expressions of different signedness: ‘int’ and ‘const unsigned int’ [-Wsign-compare]
   62 |     for(int resource=0;resource<MaterialCount;++resource) {
      |                        ~~~~~~~~^~~~~~~~~~~~~~
libgag/include/../../src/ai/maxima/AIMaximaPlacement.h: In member function ‘MaterialMask AIMaximaPlacement::WorldTile::sources() const’:
libgag/include/../../src/ai/maxima/AIMaximaPlacement.h:244:110: warning: comparison of integer expressions of different signedness: ‘const int16_t’ {aka ‘const short int’} and ‘const unsigned int’ [-Wsign-compare]
  244 |     MaterialMask sources() const { return materialSources ? materialSources : materialType>=0 && materialType<MaterialCount ? MaterialMask(1u<<materialType) : 0; }
      |                                                                                                  ~~~~~~~~~~~~^~~~~~~~~~~~~~
/home/bradley/.codex/worktrees/b625/glob2/artifacts/serial-opt/g++-13-symbols -o build/serial-opt-gcc13/test/engine-src_ai_maxima_MaximaImplementationIntegrationTest.o -c -g2 -std=gnu++20 -Wall -fPIC -O3 -s -fno-access-control -DGLOB2_OFFICIAL_INSTANCE_ORIGIN=\"https://app.glob2online.com\" -DGLOB2_OFFICIAL_INSTANCE_FORMER_ORIGINS=\"https://glob2online.com\" -DHAVE_CONFIG_H -DSDL_MAIN_HANDLED -Ibuild/serial-opt-gcc13/recording/prefix/include -I/home/bradley/.codex/worktrees/b625/glob2/build/serial-audit-deps/prefix/include -Ibuild/serial-opt-gcc13/include -I/usr/include/opus -Ilibgag/include -I. -Ilibusl/src -Isrc -Isrc/ai -Isrc/hud -Isrc/app -Isrc/game/player -Isrc/team -Isrc/common -Isrc/map -Isrc/game -Isrc/campaign -Isrc/campaign/screens -Isrc/replay -Isrc/game/screens -Isrc/render/clouds -Isrc/ui/screens -Isrc/game/rules -Isrc/game/diagnostics -Isrc/map/editor/screens -Isrc/engine -Isrc/ui -Isrc/map/preview -Isrc/app/cli -Isrc/net/lan/screens -Isrc/online -Isrc/map/tools -Isrc/scripting/map -Isrc/render/overlay -Isrc/audio -Isrc/online/screens -Isrc/game/orders -Isrc/resource -Isrc/ui/settings -Isrc/team/stats -Isrc/render/torus -Isrc/ai/simple -Isrc/ai/castor -Isrc/ai/javascript -Isrc/ai/nicowar -Isrc/ai/numbi -Isrc/ai/telemetry -Isrc/ai/warrush -Isrc/ai/maxima -Isrc/building -Isrc/building/types -Isrc/unit/types -Isrc/building/hud -Isrc/net -Isrc/hud/draw -Isrc/hud/input -Isrc/hud/touch -Isrc/net/turn -Isrc/unit -Isrc/map/editor -Isrc/map/generator -Isrc/map/generator/compatibility -Isrc/map/generator/core -Isrc/map/generator/generators -Isrc/map/generator/shared -Isrc/map/generator/javascript -Isrc/map/generator/shared/legacy -Isrc/map/gradient -Isrc/map/io -Isrc/net/lan -Isrc/net/message -Isrc/scripting/sgsl -Ithird_party/nlohmann-json/include -I/home/bradley/.codex/worktrees/repair-tls-rejection-fixture/glob2/build/sdl3-ci-current/prefix/include -I/home/bradley/.codex/worktrees/repair-tls-rejection-fixture/glob2/build/sdl3-ci-current/prefix/include/webp -Itest -Itest/support -Ilibgag/src -Ithird_party/quickjs-ng src/ai/maxima/MaximaImplementationIntegrationTest.cpp
/home/bradley/.codex/worktrees/b625/glob2/artifacts/serial-opt/g++-13-symbols -o build/serial-opt-gcc13/test/engine-src_ai_maxima_MaximaLifecycleTest.o -c -g2 -std=gnu++20 -Wall -fPIC -O3 -s -DGLOB2_OFFICIAL_INSTANCE_ORIGIN=\"https://app.glob2online.com\" -DGLOB2_OFFICIAL_INSTANCE_FORMER_ORIGINS=\"https://glob2online.com\" -DHAVE_CONFIG_H -DSDL_MAIN_HANDLED -Ibuild/serial-opt-gcc13/recording/prefix/include -I/home/bradley/.codex/worktrees/b625/glob2/build/serial-audit-deps/prefix/include -Ibuild/serial-opt-gcc13/include -I/usr/include/opus -Ilibgag/include -I. -Ilibusl/src -Isrc -Isrc/ai -Isrc/hud -Isrc/app -Isrc/game/player -Isrc/team -Isrc/common -Isrc/map -Isrc/game -Isrc/campaign -Isrc/campaign/screens -Isrc/replay -Isrc/game/screens -Isrc/render/clouds -Isrc/ui/screens -Isrc/game/rules -Isrc/game/diagnostics -Isrc/map/editor/screens -Isrc/engine -Isrc/ui -Isrc/map/preview -Isrc/app/cli -Isrc/net/lan/screens -Isrc/online -Isrc/map/tools -Isrc/scripting/map -Isrc/render/overlay -Isrc/audio -Isrc/online/screens -Isrc/game/orders -Isrc/resource -Isrc/ui/settings -Isrc/team/stats -Isrc/render/torus -Isrc/ai/simple -Isrc/ai/castor -Isrc/ai/javascript -Isrc/ai/nicowar -Isrc/ai/numbi -Isrc/ai/telemetry -Isrc/ai/warrush -Isrc/ai/maxima -Isrc/building -Isrc/building/types -Isrc/unit/types -Isrc/building/hud -Isrc/net -Isrc/hud/draw -Isrc/hud/input -Isrc/hud/touch -Isrc/net/turn -Isrc/unit -Isrc/map/editor -Isrc/map/generator -Isrc/map/generator/compatibility -Isrc/map/generator/core -Isrc/map/generator/generators -Isrc/map/generator/shared -Isrc/map/generator/javascript -Isrc/map/generator/shared/legacy -Isrc/map/gradient -Isrc/map/io -Isrc/net/lan -Isrc/net/message -Isrc/scripting/sgsl -Ithird_party/nlohmann-json/include -I/home/bradley/.codex/worktrees/repair-tls-rejection-fixture/glob2/build/sdl3-ci-current/prefix/include -I/home/bradley/.codex/worktrees/repair-tls-rejection-fixture/glob2/build/sdl3-ci-current/prefix/include/webp -Itest -Itest/support -Ilibgag/src -Ithird_party/quickjs-ng src/ai/maxima/MaximaLifecycleTest.cpp
In file included from libgag/include/../../src/ai/maxima/MaximaObservationBinding.h:3,
                 from libgag/include/../../src/ai/maxima/AIMaximaRuntime.h:20,
                 from src/ai/maxima/MaximaFarmingIntegrationTest.cpp:28:
src/ai/observation/ObservationQueries.h: In function ‘bool AIEngine::ObservationQueries::usefulBuilding(const AIEngine::AIWorldView&, int)’:
src/ai/observation/ObservationQueries.h:128:17: warning: unused variable ‘completed’ [-Wunused-variable]
  128 |     const auto& completed=world.catalog->at(placement.site ? placement.next : type);
      |                 ^~~~~~~~~
In file included from libgag/include/../../src/ai/maxima/AIMaximaPlacement.h:13,
                 from libgag/include/../../src/ai/maxima/AIMaxima.h:26,
                 from src/ai/maxima/MaximaFarmingIntegrationTest.cpp:29:
libgag/include/../../src/ai/maxima/AIMaximaOperatingDemand.h: In function ‘std::array<int, 12> AIMaxima::productionPacketCeiling(const ProductionRecipeModel&, const int*)’:
libgag/include/../../src/ai/maxima/AIMaximaOperatingDemand.h:25:36: warning: comparison of integer expressions of different signedness: ‘int’ and ‘const unsigned int’ [-Wsign-compare]
   25 |         for(int resource=0;resource<MaterialCount;++resource)
      |                            ~~~~~~~~^~~~~~~~~~~~~~
libgag/include/../../src/ai/maxima/AIMaximaOperatingDemand.h:32:41: warning: comparison of integer expressions of different signedness: ‘int’ and ‘const unsigned int’ [-Wsign-compare]
   32 |     if(cycle)for(int resource=0;resource<MaterialCount;++resource)
      |                                 ~~~~~~~~^~~~~~~~~~~~~~
libgag/include/../../src/ai/maxima/AIMaximaOperatingDemand.h: In function ‘AIMaxima::OperatingClaim AIMaxima::operatingClaim(const std::array<int, 12>&, const std::array<int, 12>&, int, const std::array<int, 12>&)’:
libgag/include/../../src/ai/maxima/AIMaximaOperatingDemand.h:53:32: warning: comparison of integer expressions of different signedness: ‘int’ and ‘const unsigned int’ [-Wsign-compare]
   53 |     for(int resource=0;resource<MaterialCount;++resource) {
      |                        ~~~~~~~~^~~~~~~~~~~~~~
libgag/include/../../src/ai/maxima/AIMaximaOperatingDemand.h:62:32: warning: comparison of integer expressions of different signedness: ‘int’ and ‘const unsigned int’ [-Wsign-compare]
   62 |     for(int resource=0;resource<MaterialCount;++resource) {
      |                        ~~~~~~~~^~~~~~~~~~~~~~
libgag/include/../../src/ai/maxima/AIMaximaPlacement.h: In member function ‘MaterialMask AIMaximaPlacement::WorldTile::sources() const’:
libgag/include/../../src/ai/maxima/AIMaximaPlacement.h:244:110: warning: comparison of integer expressions of different signedness: ‘const int16_t’ {aka ‘const short int’} and ‘const unsigned int’ [-Wsign-compare]
  244 |     MaterialMask sources() const { return materialSources ? materialSources : materialType>=0 && materialType<MaterialCount ? MaterialMask(1u<<materialType) : 0; }
      |                                                                                                  ~~~~~~~~~~~~^~~~~~~~~~~~~~
In file included from src/ai/maxima/AIMaximaBuildings.h:9,
                 from src/ai/maxima/MaximaEconomyRegressionTest.cpp:5:
src/ai/observation/ObservationQueries.h: In function ‘bool AIEngine::ObservationQueries::usefulBuilding(const AIEngine::AIWorldView&, int)’:
src/ai/observation/ObservationQueries.h:128:17: warning: unused variable ‘completed’ [-Wunused-variable]
  128 |     const auto& completed=world.catalog->at(placement.site ? placement.next : type);
      |                 ^~~~~~~~~
In file included from src/ai/maxima/MaximaEconomyRegressionTest.cpp:6:
src/ai/maxima/AIMaximaFeedingEstimate.h: In function ‘AIMaxima::FeedingEstimate AIMaxima::estimateFeeding(const BuildingType&, const FeedingPlan&)’:
src/ai/maxima/AIMaximaFeedingEstimate.h:93:44: warning: comparison of integer expressions of different signedness: ‘int’ and ‘const unsigned int’ [-Wsign-compare]
   93 |                 for(int resource=0;resource<MaterialCount;++resource)bundle.cost[resource]+=spec.cost[resource];
      |                                    ~~~~~~~~^~~~~~~~~~~~~~
src/ai/maxima/AIMaximaFeedingEstimate.h:124:59: warning: comparison of integer expressions of different signedness: ‘const Sint32’ {aka ‘const int’} and ‘const unsigned int’ [-Wsign-compare]
  124 |         if(s.ammunitionMaterial>=0 && s.ammunitionMaterial<MaterialCount)f.cost[s.ammunitionMaterial]=s.ammunitionCost;
      |                                       ~~~~~~~~~~~~~~~~~~~~^~~~~~~~~~~~~~
src/ai/maxima/AIMaximaFeedingEstimate.h:134:60: warning: comparison of integer expressions of different signedness: ‘int’ and ‘const unsigned int’ [-Wsign-compare]
  134 |     for(int i=0;i<flowCount;++i)for(int resource=0;resource<MaterialCount;++resource)
      |                                                    ~~~~~~~~^~~~~~~~~~~~~~
src/ai/maxima/AIMaximaFeedingEstimate.h:167:36: warning: comparison of integer expressions of different signedness: ‘int’ and ‘const unsigned int’ [-Wsign-compare]
  167 |         for(int resource=0;resource<MaterialCount;++resource) {
      |                            ~~~~~~~~^~~~~~~~~~~~~~
src/ai/maxima/AIMaximaFeedingEstimate.h:177:32: warning: comparison of integer expressions of different signedness: ‘int’ and ‘const unsigned int’ [-Wsign-compare]
  177 |     for(int resource=0;resource<MaterialCount;++resource)
      |                        ~~~~~~~~^~~~~~~~~~~~~~
In file included from src/ai/maxima/AIMaximaPlacement.h:13,
                 from src/ai/maxima/AIMaximaPlacementContinuation.h:3,
                 from src/ai/maxima/MaximaEconomyRegressionTest.cpp:8:
src/ai/maxima/AIMaximaOperatingDemand.h: In function ‘std::array<int, 12> AIMaxima::productionPacketCeiling(const ProductionRecipeModel&, const int*)’:
src/ai/maxima/AIMaximaOperatingDemand.h:25:36: warning: comparison of integer expressions of different signedness: ‘int’ and ‘const unsigned int’ [-Wsign-compare]
   25 |         for(int resource=0;resource<MaterialCount;++resource)
      |                            ~~~~~~~~^~~~~~~~~~~~~~
src/ai/maxima/AIMaximaOperatingDemand.h:32:41: warning: comparison of integer expressions of different signedness: ‘int’ and ‘const unsigned int’ [-Wsign-compare]
   32 |     if(cycle)for(int resource=0;resource<MaterialCount;++resource)
      |                                 ~~~~~~~~^~~~~~~~~~~~~~
src/ai/maxima/AIMaximaOperatingDemand.h: In function ‘AIMaxima::OperatingClaim AIMaxima::operatingClaim(const std::array<int, 12>&, const std::array<int, 12>&, int, const std::array<int, 12>&)’:
src/ai/maxima/AIMaximaOperatingDemand.h:53:32: warning: comparison of integer expressions of different signedness: ‘int’ and ‘const unsigned int’ [-Wsign-compare]
   53 |     for(int resource=0;resource<MaterialCount;++resource) {
      |                        ~~~~~~~~^~~~~~~~~~~~~~
src/ai/maxima/AIMaximaOperatingDemand.h:62:32: warning: comparison of integer expressions of different signedness: ‘int’ and ‘const unsigned int’ [-Wsign-compare]
   62 |     for(int resource=0;resource<MaterialCount;++resource) {
      |                        ~~~~~~~~^~~~~~~~~~~~~~
src/ai/maxima/AIMaximaPlacement.h: In member function ‘MaterialMask AIMaximaPlacement::WorldTile::sources() const’:
src/ai/maxima/AIMaximaPlacement.h:244:110: warning: comparison of integer expressions of different signedness: ‘const int16_t’ {aka ‘const short int’} and ‘const unsigned int’ [-Wsign-compare]
  244 |     MaterialMask sources() const { return materialSources ? materialSources : materialType>=0 && materialType<MaterialCount ? MaterialMask(1u<<materialType) : 0; }
      |                                                                                                  ~~~~~~~~~~~~^~~~~~~~~~~~~~
/home/bradley/.codex/worktrees/b625/glob2/artifacts/serial-opt/g++-13-symbols -o build/serial-opt-gcc13/test/engine-src_ui_OnlineWordingTest.o -c -g2 -std=gnu++20 -Wall -fPIC -O3 -s -DGLOB2_OFFICIAL_INSTANCE_ORIGIN=\"https://app.glob2online.com\" -DGLOB2_OFFICIAL_INSTANCE_FORMER_ORIGINS=\"https://glob2online.com\" -DHAVE_CONFIG_H -DSDL_MAIN_HANDLED -Ibuild/serial-opt-gcc13/recording/prefix/include -I/home/bradley/.codex/worktrees/b625/glob2/build/serial-audit-deps/prefix/include -Ibuild/serial-opt-gcc13/include -I/usr/include/opus -Ilibgag/include -I. -Ilibusl/src -Isrc -Isrc/ai -Isrc/hud -Isrc/app -Isrc/game/player -Isrc/team -Isrc/common -Isrc/map -Isrc/game -Isrc/campaign -Isrc/campaign/screens -Isrc/replay -Isrc/game/screens -Isrc/render/clouds -Isrc/ui/screens -Isrc/game/rules -Isrc/game/diagnostics -Isrc/map/editor/screens -Isrc/engine -Isrc/ui -Isrc/map/preview -Isrc/app/cli -Isrc/net/lan/screens -Isrc/online -Isrc/map/tools -Isrc/scripting/map -Isrc/render/overlay -Isrc/audio -Isrc/online/screens -Isrc/game/orders -Isrc/resource -Isrc/ui/settings -Isrc/team/stats -Isrc/render/torus -Isrc/ai/simple -Isrc/ai/castor -Isrc/ai/javascript -Isrc/ai/nicowar -Isrc/ai/numbi -Isrc/ai/telemetry -Isrc/ai/warrush -Isrc/ai/maxima -Isrc/building -Isrc/building/types -Isrc/unit/types -Isrc/building/hud -Isrc/net -Isrc/hud/draw -Isrc/hud/input -Isrc/hud/touch -Isrc/net/turn -Isrc/unit -Isrc/map/editor -Isrc/map/generator -Isrc/map/generator/compatibility -Isrc/map/generator/core -Isrc/map/generator/generators -Isrc/map/generator/shared -Isrc/map/generator/javascript -Isrc/map/generator/shared/legacy -Isrc/map/gradient -Isrc/map/io -Isrc/net/lan -Isrc/net/message -Isrc/scripting/sgsl -Ithird_party/nlohmann-json/include -I/home/bradley/.codex/worktrees/repair-tls-rejection-fixture/glob2/build/sdl3-ci-current/prefix/include -I/home/bradley/.codex/worktrees/repair-tls-rejection-fixture/glob2/build/sdl3-ci-current/prefix/include/webp -Itest -Itest/support -Ilibgag/src -Ithird_party/quickjs-ng src/ui/OnlineWordingTest.cpp
src/ai/maxima/MaximaEconomyRegressionTest.cpp: In function ‘void {anonymous}::completionReallocatesColony()’:
src/ai/maxima/MaximaEconomyRegressionTest.cpp:648:32: warning: comparison of integer expressions of different signedness: ‘int’ and ‘const unsigned int’ [-Wsign-compare]
  648 |     for(int resource=0;resource<MaterialCount;++resource)
      |                        ~~~~~~~~^~~~~~~~~~~~~~
In file included from libgag/include/../../src/ai/shared_runtime/Runtime.h:20,
                 from src/ai/maxima/MaximaImplementationIntegrationTest.cpp:12:
src/ai/observation/ObservationQueries.h: In function ‘bool AIEngine::ObservationQueries::usefulBuilding(const AIEngine::AIWorldView&, int)’:
src/ai/observation/ObservationQueries.h:128:17: warning: unused variable ‘completed’ [-Wunused-variable]
  128 |     const auto& completed=world.catalog->at(placement.site ? placement.next : type);
      |                 ^~~~~~~~~
In file included from libgag/include/BinaryStream.h:7,
                 from src/ai/maxima/MaximaDirectorRegressionTest.cpp:32:
libgag/include/StreamBackend.h: In member function ‘virtual void GAGCore::FileStreamBackend::read(void*, size_t)’:
libgag/include/StreamBackend.h:58:79: warning: ignoring return value of ‘size_t fread(void*, size_t, size_t, FILE*)’ declared with attribute ‘warn_unused_result’ [-Wunused-result]
   58 |                 virtual void read(void *data, size_t size) { assert(fp); fread(data, size, 1, fp); }
      |                                                                          ~~~~~^~~~~~~~~~~~~~~~~~~
In file included from libgag/include/../../src/ai/maxima/AIMaximaPlacement.h:13,
                 from libgag/include/../../src/ai/maxima/AIMaxima.h:26,
                 from src/ai/maxima/MaximaImplementationIntegrationTest.cpp:39:
libgag/include/../../src/ai/maxima/AIMaximaOperatingDemand.h: In function ‘std::array<int, 12> AIMaxima::productionPacketCeiling(const ProductionRecipeModel&, const int*)’:
libgag/include/../../src/ai/maxima/AIMaximaOperatingDemand.h:25:36: warning: comparison of integer expressions of different signedness: ‘int’ and ‘const unsigned int’ [-Wsign-compare]
   25 |         for(int resource=0;resource<MaterialCount;++resource)
      |                            ~~~~~~~~^~~~~~~~~~~~~~
libgag/include/../../src/ai/maxima/AIMaximaOperatingDemand.h:32:41: warning: comparison of integer expressions of different signedness: ‘int’ and ‘const unsigned int’ [-Wsign-compare]
   32 |     if(cycle)for(int resource=0;resource<MaterialCount;++resource)
      |                                 ~~~~~~~~^~~~~~~~~~~~~~
libgag/include/../../src/ai/maxima/AIMaximaOperatingDemand.h: In function ‘AIMaxima::OperatingClaim AIMaxima::operatingClaim(const std::array<int, 12>&, const std::array<int, 12>&, int, const std::array<int, 12>&)’:
libgag/include/../../src/ai/maxima/AIMaximaOperatingDemand.h:53:32: warning: comparison of integer expressions of different signedness: ‘int’ and ‘const unsigned int’ [-Wsign-compare]
   53 |     for(int resource=0;resource<MaterialCount;++resource) {
      |                        ~~~~~~~~^~~~~~~~~~~~~~
libgag/include/../../src/ai/maxima/AIMaximaOperatingDemand.h:62:32: warning: comparison of integer expressions of different signedness: ‘int’ and ‘const unsigned int’ [-Wsign-compare]
   62 |     for(int resource=0;resource<MaterialCount;++resource) {
      |                        ~~~~~~~~^~~~~~~~~~~~~~
libgag/include/../../src/ai/maxima/AIMaximaPlacement.h: In member function ‘MaterialMask AIMaximaPlacement::WorldTile::sources() const’:
libgag/include/../../src/ai/maxima/AIMaximaPlacement.h:244:110: warning: comparison of integer expressions of different signedness: ‘const int16_t’ {aka ‘const short int’} and ‘const unsigned int’ [-Wsign-compare]
  244 |     MaterialMask sources() const { return materialSources ? materialSources : materialType>=0 && materialType<MaterialCount ? MaterialMask(1u<<materialType) : 0; }
      |                                                                                                  ~~~~~~~~~~~~^~~~~~~~~~~~~~
src/ai/maxima/MaximaImplementationIntegrationTest.cpp: In function ‘void executionRegressions()’:
src/ai/maxima/MaximaImplementationIntegrationTest.cpp:254:15: warning: unused variable ‘scoutType’ [-Wunused-variable]
  254 |     const int scoutType=globalContainer->buildingsTypes.getTypeNum("explorationflag",0,false);
      |               ^~~~~~~~~
src/ai/maxima/MaximaImplementationIntegrationTest.cpp: In function ‘void innCompletionStaffingRegressions()’:
src/ai/maxima/MaximaImplementationIntegrationTest.cpp:1038:32: warning: comparison of integer expressions of different signedness: ‘int’ and ‘const unsigned int’ [-Wsign-compare]
 1038 |     for(int resource=0;resource<MaterialCount;++resource)
      |                        ~~~~~~~~^~~~~~~~~~~~~~
src/ai/maxima/MaximaImplementationIntegrationTest.cpp: In function ‘void completedSwarmBudgetRegressions()’:
src/ai/maxima/MaximaImplementationIntegrationTest.cpp:1414:32: warning: comparison of integer expressions of different signedness: ‘int’ and ‘const unsigned int’ [-Wsign-compare]
 1414 |     for(int resource=0;resource<MaterialCount;++resource) site->materials[resource]=site->type->maxMaterial[resource];
      |                        ~~~~~~~~^~~~~~~~~~~~~~
src/ai/maxima/AIMaximaPlacementContinuation.h: In instantiation of ‘void AIMaximaPlacement::fields(A&, BuildingLevelProfile&) [with A = AIMaximaContinuation::Writer]’:
libgag/include/../../src/ai/maxima/AIMaximaContinuation.h:233:15:   required from ‘typename std::enable_if<((! std::is_integral<_Tp>::value) && (! std::is_enum<_Tp>::value))>::type AIMaximaContinuation::Writer::operator()(const char*, const T&) [with T = AIMaximaPlacement::BuildingLevelProfile; typename std::enable_if<((! std::is_integral<_Tp>::value) && (! std::is_enum<_Tp>::value))>::type = void]’
libgag/include/../../src/ai/maxima/AIMaximaContinuation.h:203:83:   required from ‘void AIMaximaContinuation::Writer::operator()(const char*, const std::vector<T>&) [with T = AIMaximaPlacement::BuildingLevelProfile]’
src/ai/maxima/AIMaximaPlacementContinuation.h:61:3:   required from ‘void AIMaximaPlacement::fields(A&, BuildingProfile&) [with A = AIMaximaContinuation::Writer]’
libgag/include/../../src/ai/maxima/AIMaximaContinuation.h:233:15:   required from ‘typename std::enable_if<((! std::is_integral<_Tp>::value) && (! std::is_enum<_Tp>::value))>::type AIMaximaContinuation::Writer::operator()(const char*, const T&) [with T = AIMaximaPlacement::BuildingProfile; typename std::enable_if<((! std::is_integral<_Tp>::value) && (! std::is_enum<_Tp>::value))>::type = void]’
src/ai/maxima/MaximaEconomyRegressionTest.cpp:1417:61:   required from here
src/ai/maxima/AIMaximaPlacementContinuation.h:46:23: warning: comparison of integer expressions of different signedness: ‘int’ and ‘const unsigned int’ [-Wsign-compare]
   46 |          for(int r=0;r<MaterialCount;++r)if(value.productionRecipes.costs[unit][r]<0 || value.productionRecipes.costs[unit][r]>1000000)throw std::runtime_error("Invalid saved production cost");
      |                      ~^~~~~~~~~~~~~~
src/ai/maxima/AIMaximaPlacementContinuation.h:48:19: warning: comparison of integer expressions of different signedness: ‘int’ and ‘const unsigned int’ [-Wsign-compare]
   48 |      for(int r=0;r<MaterialCount;++r)if(value.productionRecipes.packetSize[r]<=0 || value.productionRecipes.packetSize[r]>1000000)throw std::runtime_error("Invalid saved packet size");
      |                  ~^~~~~~~~~~~~~~
src/ai/maxima/AIMaximaPlacementContinuation.h:53:19: warning: comparison of integer expressions of different signedness: ‘int’ and ‘const unsigned int’ [-Wsign-compare]
   53 |      for(int r=0;r<MaterialCount;++r)if(value.independentMaterials[r]<0 || value.independentMaterials[r]>value.operatingMaterials[r] || value.feedingMaterials[r]<0 || value.feedingMaterials[r]>value.operatingMaterials[r] || value.productionMaterials[r]<0 || value.productionMaterials[r]>value.operatingMaterials[r])
      |                  ~^~~~~~~~~~~~~~
src/ai/maxima/AIMaximaPlacementContinuation.h: In instantiation of ‘void AIMaximaPlacement::fields(A&, BuildingLevelProfile&) [with A = AIMaximaContinuation::Reader]’:
libgag/include/../../src/ai/maxima/AIMaximaContinuation.h:337:45:   required from ‘typename std::enable_if<((! std::is_integral<_Tp>::value) && (! std::is_enum<_Tp>::value))>::type AIMaximaContinuation::Reader::operator()(const char*, T&) [with T = AIMaximaPlacement::BuildingLevelProfile; typename std::enable_if<((! std::is_integral<_Tp>::value) && (! std::is_enum<_Tp>::value))>::type = void]’
libgag/include/../../src/ai/maxima/AIMaximaContinuation.h:315:82:   required from ‘void AIMaximaContinuation::Reader::operator()(const char*, std::vector<T>&) [with T = AIMaximaPlacement::BuildingLevelProfile]’
src/ai/maxima/AIMaximaPlacementContinuation.h:61:3:   required from ‘void AIMaximaPlacement::fields(A&, BuildingProfile&) [with A = AIMaximaContinuation::Reader]’
libgag/include/../../src/ai/maxima/AIMaximaContinuation.h:337:45:   required from ‘typename std::enable_if<((! std::is_integral<_Tp>::value) && (! std::is_enum<_Tp>::value))>::type AIMaximaContinuation::Reader::operator()(const char*, T&) [with T = AIMaximaPlacement::BuildingProfile; typename std::enable_if<((! std::is_integral<_Tp>::value) && (! std::is_enum<_Tp>::value))>::type = void]’
src/ai/maxima/MaximaEconomyRegressionTest.cpp:1420:104:   required from here
src/ai/maxima/AIMaximaPlacementContinuation.h:46:23: warning: comparison of integer expressions of different signedness: ‘int’ and ‘const unsigned int’ [-Wsign-compare]
   46 |          for(int r=0;r<MaterialCount;++r)if(value.productionRecipes.costs[unit][r]<0 || value.productionRecipes.costs[unit][r]>1000000)throw std::runtime_error("Invalid saved production cost");
      |                      ~^~~~~~~~~~~~~~
src/ai/maxima/AIMaximaPlacementContinuation.h:48:19: warning: comparison of integer expressions of different signedness: ‘int’ and ‘const unsigned int’ [-Wsign-compare]
   48 |      for(int r=0;r<MaterialCount;++r)if(value.productionRecipes.packetSize[r]<=0 || value.productionRecipes.packetSize[r]>1000000)throw std::runtime_error("Invalid saved packet size");
      |                  ~^~~~~~~~~~~~~~
src/ai/maxima/AIMaximaPlacementContinuation.h:53:19: warning: comparison of integer expressions of different signedness: ‘int’ and ‘const unsigned int’ [-Wsign-compare]
   53 |      for(int r=0;r<MaterialCount;++r)if(value.independentMaterials[r]<0 || value.independentMaterials[r]>value.operatingMaterials[r] || value.feedingMaterials[r]<0 || value.feedingMaterials[r]>value.operatingMaterials[r] || value.productionMaterials[r]<0 || value.productionMaterials[r]>value.operatingMaterials[r])
      |                  ~^~~~~~~~~~~~~~
src/ai/maxima/AIMaximaPlacementContinuation.h: In instantiation of ‘void AIMaximaPlacement::fields(A&, BuildingLevelProfile&) [with A = AIMaximaContinuation::BufferedBinaryWriter]’:
libgag/include/../../src/ai/maxima/AIMaximaContinuation.h:110:12:   required from ‘typename std::enable_if<((! std::is_integral<_Tp>::value) && (! std::is_enum<_Tp>::value))>::type AIMaximaContinuation::BufferedBinaryWriter::operator()(const char*, const T&) [with T = AIMaximaPlacement::BuildingLevelProfile; typename std::enable_if<((! std::is_integral<_Tp>::value) && (! std::is_enum<_Tp>::value))>::type = void]’
libgag/include/../../src/ai/maxima/AIMaximaContinuation.h:91:55:   required from ‘void AIMaximaContinuation::BufferedBinaryWriter::operator()(const char*, const std::vector<T>&) [with T = AIMaximaPlacement::BuildingLevelProfile]’
src/ai/maxima/AIMaximaPlacementContinuation.h:61:3:   required from ‘void AIMaximaPlacement::fields(A&, BuildingProfile&) [with A = AIMaximaContinuation::BufferedBinaryWriter]’
libgag/include/../../src/ai/maxima/AIMaximaContinuation.h:110:12:   required from ‘typename std::enable_if<((! std::is_integral<_Tp>::value) && (! std::is_enum<_Tp>::value))>::type AIMaximaContinuation::BufferedBinaryWriter::operator()(const char*, const T&) [with T = AIMaximaPlacement::BuildingProfile; typename std::enable_if<((! std::is_integral<_Tp>::value) && (! std::is_enum<_Tp>::value))>::type = void]’
libgag/include/../../src/ai/maxima/AIMaximaContinuation.h:226:23:   required from ‘typename std::enable_if<((! std::is_integral<_Tp>::value) && (! std::is_enum<_Tp>::value))>::type AIMaximaContinuation::Writer::operator()(const char*, const T&) [with T = AIMaximaPlacement::BuildingProfile; typename std::enable_if<((! std::is_integral<_Tp>::value) && (! std::is_enum<_Tp>::value))>::type = void]’
src/ai/maxima/MaximaEconomyRegressionTest.cpp:1417:61:   required from here
src/ai/maxima/AIMaximaPlacementContinuation.h:46:23: warning: comparison of integer expressions of different signedness: ‘int’ and ‘const unsigned int’ [-Wsign-compare]
   46 |          for(int r=0;r<MaterialCount;++r)if(value.productionRecipes.costs[unit][r]<0 || value.productionRecipes.costs[unit][r]>1000000)throw std::runtime_error("Invalid saved production cost");
      |                      ~^~~~~~~~~~~~~~
src/ai/maxima/AIMaximaPlacementContinuation.h:48:19: warning: comparison of integer expressions of different signedness: ‘int’ and ‘const unsigned int’ [-Wsign-compare]
   48 |      for(int r=0;r<MaterialCount;++r)if(value.productionRecipes.packetSize[r]<=0 || value.productionRecipes.packetSize[r]>1000000)throw std::runtime_error("Invalid saved packet size");
      |                  ~^~~~~~~~~~~~~~
src/ai/maxima/AIMaximaPlacementContinuation.h:53:19: warning: comparison of integer expressions of different signedness: ‘int’ and ‘const unsigned int’ [-Wsign-compare]
   53 |      for(int r=0;r<MaterialCount;++r)if(value.independentMaterials[r]<0 || value.independentMaterials[r]>value.operatingMaterials[r] || value.feedingMaterials[r]<0 || value.feedingMaterials[r]>value.operatingMaterials[r] || value.productionMaterials[r]<0 || value.productionMaterials[r]>value.operatingMaterials[r])
      |                  ~^~~~~~~~~~~~~~
In file included from libgag/include/BinaryStream.h:7,
                 from src/ai/maxima/MaximaLifecycleTest.cpp:10:
libgag/include/StreamBackend.h: In member function ‘virtual void GAGCore::FileStreamBackend::read(void*, size_t)’:
libgag/include/StreamBackend.h:58:79: warning: ignoring return value of ‘size_t fread(void*, size_t, size_t, FILE*)’ declared with attribute ‘warn_unused_result’ [-Wunused-result]
   58 |                 virtual void read(void *data, size_t size) { assert(fp); fread(data, size, 1, fp); }
      |                                                                          ~~~~~^~~~~~~~~~~~~~~~~~~
In file included from libgag/include/BinaryStream.h:7,
                 from libgag/include/../../src/ai/maxima/AIMaximaContinuation.h:9,
                 from src/ai/maxima/MaximaEconomyRegressionTest.cpp:44:
libgag/include/StreamBackend.h: In member function ‘virtual void GAGCore::FileStreamBackend::read(void*, size_t)’:
libgag/include/StreamBackend.h:58:79: warning: ignoring return value of ‘size_t fread(void*, size_t, size_t, FILE*)’ declared with attribute ‘warn_unused_result’ [-Wunused-result]
   58 |                 virtual void read(void *data, size_t size) { assert(fp); fread(data, size, 1, fp); }
      |                                                                          ~~~~~^~~~~~~~~~~~~~~~~~~
In file included from libgag/include/BinaryStream.h:7,
                 from src/ai/maxima/MaximaFarmingIntegrationTest.cpp:34:
libgag/include/StreamBackend.h: In member function ‘virtual void GAGCore::FileStreamBackend::read(void*, size_t)’:
libgag/include/StreamBackend.h:58:79: warning: ignoring return value of ‘size_t fread(void*, size_t, size_t, FILE*)’ declared with attribute ‘warn_unused_result’ [-Wunused-result]
   58 |                 virtual void read(void *data, size_t size) { assert(fp); fread(data, size, 1, fp); }
      |                                                                          ~~~~~^~~~~~~~~~~~~~~~~~~
In file included from libgag/include/BinaryStream.h:7,
                 from libgag/include/../../src/ai/maxima/AIMaximaContinuation.h:9,
                 from src/ai/maxima/MaximaImplementationIntegrationTest.cpp:42:
libgag/include/StreamBackend.h: In member function ‘virtual void GAGCore::FileStreamBackend::read(void*, size_t)’:
libgag/include/StreamBackend.h:58:79: warning: ignoring return value of ‘size_t fread(void*, size_t, size_t, FILE*)’ declared with attribute ‘warn_unused_result’ [-Wunused-result]
   58 |                 virtual void read(void *data, size_t size) { assert(fp); fread(data, size, 1, fp); }
      |                                                                          ~~~~~^~~~~~~~~~~~~~~~~~~
src/ai/maxima/MaximaImplementationIntegrationTest.cpp: At global scope:
src/ai/maxima/MaximaImplementationIntegrationTest.cpp:623:13: warning: ‘void applyClearingGeometry(AIMaximaRuntime::Context&, Building*)’ defined but not used [-Wunused-function]
  623 | static void applyClearingGeometry(Context& c, ::Building* flag)
      |             ^~~~~~~~~~~~~~~~~~~~~
/home/bradley/.codex/worktrees/b625/glob2/artifacts/serial-opt/g++-13-symbols -o build/serial-opt-gcc13/test/engine-src_render_HighResolutionIntegrationHarness.o -c -g2 -std=gnu++20 -Wall -fPIC -O3 -s -fno-access-control -DGLOB2_OFFICIAL_INSTANCE_ORIGIN=\"https://app.glob2online.com\" -DGLOB2_OFFICIAL_INSTANCE_FORMER_ORIGINS=\"https://glob2online.com\" -DHAVE_CONFIG_H -DSDL_MAIN_HANDLED -Ibuild/serial-opt-gcc13/recording/prefix/include -I/home/bradley/.codex/worktrees/b625/glob2/build/serial-audit-deps/prefix/include -Ibuild/serial-opt-gcc13/include -I/usr/include/opus -Ilibgag/include -I. -Ilibusl/src -Isrc -Isrc/ai -Isrc/hud -Isrc/app -Isrc/game/player -Isrc/team -Isrc/common -Isrc/map -Isrc/game -Isrc/campaign -Isrc/campaign/screens -Isrc/replay -Isrc/game/screens -Isrc/render/clouds -Isrc/ui/screens -Isrc/game/rules -Isrc/game/diagnostics -Isrc/map/editor/screens -Isrc/engine -Isrc/ui -Isrc/map/preview -Isrc/app/cli -Isrc/net/lan/screens -Isrc/online -Isrc/map/tools -Isrc/scripting/map -Isrc/render/overlay -Isrc/audio -Isrc/online/screens -Isrc/game/orders -Isrc/resource -Isrc/ui/settings -Isrc/team/stats -Isrc/render/torus -Isrc/ai/simple -Isrc/ai/castor -Isrc/ai/javascript -Isrc/ai/nicowar -Isrc/ai/numbi -Isrc/ai/telemetry -Isrc/ai/warrush -Isrc/ai/maxima -Isrc/building -Isrc/building/types -Isrc/unit/types -Isrc/building/hud -Isrc/net -Isrc/hud/draw -Isrc/hud/input -Isrc/hud/touch -Isrc/net/turn -Isrc/unit -Isrc/map/editor -Isrc/map/generator -Isrc/map/generator/compatibility -Isrc/map/generator/core -Isrc/map/generator/generators -Isrc/map/generator/shared -Isrc/map/generator/javascript -Isrc/map/generator/shared/legacy -Isrc/map/gradient -Isrc/map/io -Isrc/net/lan -Isrc/net/message -Isrc/scripting/sgsl -Ithird_party/nlohmann-json/include -I/home/bradley/.codex/worktrees/repair-tls-rejection-fixture/glob2/build/sdl3-ci-current/prefix/include -I/home/bradley/.codex/worktrees/repair-tls-rejection-fixture/glob2/build/sdl3-ci-current/prefix/include/webp -Itest -Itest/support -Ilibgag/src -Ithird_party/quickjs-ng src/render/HighResolutionIntegrationHarness.cpp
/home/bradley/.codex/worktrees/b625/glob2/artifacts/serial-opt/g++-13-symbols -o build/serial-opt-gcc13/test/engine-src_render_torus_TorusRenderIntegrationTest.o -c -g2 -std=gnu++20 -Wall -fPIC -O3 -s -fno-access-control -DGLOB2_OFFICIAL_INSTANCE_ORIGIN=\"https://app.glob2online.com\" -DGLOB2_OFFICIAL_INSTANCE_FORMER_ORIGINS=\"https://glob2online.com\" -DHAVE_CONFIG_H -DSDL_MAIN_HANDLED -Ibuild/serial-opt-gcc13/recording/prefix/include -I/home/bradley/.codex/worktrees/b625/glob2/build/serial-audit-deps/prefix/include -Ibuild/serial-opt-gcc13/include -I/usr/include/opus -Ilibgag/include -I. -Ilibusl/src -Isrc -Isrc/ai -Isrc/hud -Isrc/app -Isrc/game/player -Isrc/team -Isrc/common -Isrc/map -Isrc/game -Isrc/campaign -Isrc/campaign/screens -Isrc/replay -Isrc/game/screens -Isrc/render/clouds -Isrc/ui/screens -Isrc/game/rules -Isrc/game/diagnostics -Isrc/map/editor/screens -Isrc/engine -Isrc/ui -Isrc/map/preview -Isrc/app/cli -Isrc/net/lan/screens -Isrc/online -Isrc/map/tools -Isrc/scripting/map -Isrc/render/overlay -Isrc/audio -Isrc/online/screens -Isrc/game/orders -Isrc/resource -Isrc/ui/settings -Isrc/team/stats -Isrc/render/torus -Isrc/ai/simple -Isrc/ai/castor -Isrc/ai/javascript -Isrc/ai/nicowar -Isrc/ai/numbi -Isrc/ai/telemetry -Isrc/ai/warrush -Isrc/ai/maxima -Isrc/building -Isrc/building/types -Isrc/unit/types -Isrc/building/hud -Isrc/net -Isrc/hud/draw -Isrc/hud/input -Isrc/hud/touch -Isrc/net/turn -Isrc/unit -Isrc/map/editor -Isrc/map/generator -Isrc/map/generator/compatibility -Isrc/map/generator/core -Isrc/map/generator/generators -Isrc/map/generator/shared -Isrc/map/generator/javascript -Isrc/map/generator/shared/legacy -Isrc/map/gradient -Isrc/map/io -Isrc/net/lan -Isrc/net/message -Isrc/scripting/sgsl -Ithird_party/nlohmann-json/include -I/home/bradley/.codex/worktrees/repair-tls-rejection-fixture/glob2/build/sdl3-ci-current/prefix/include -I/home/bradley/.codex/worktrees/repair-tls-rejection-fixture/glob2/build/sdl3-ci-current/prefix/include/webp -Itest -Itest/support -Ilibgag/src -Ithird_party/quickjs-ng src/render/torus/TorusRenderIntegrationTest.cpp
src/ai/maxima/MaximaFarmingIntegrationTest.cpp: At global scope:
src/ai/maxima/MaximaFarmingIntegrationTest.cpp:198:6: warning: ‘void {anonymous}::applyFlagOrders(AIMaximaRuntime::Context&, Building*)’ defined but not used [-Wunused-function]
  198 | void applyFlagOrders(Context& c,Building* flag)
      |      ^~~~~~~~~~~~~~~
/home/bradley/.codex/worktrees/b625/glob2/artifacts/serial-opt/g++-13-symbols -o build/serial-opt-gcc13/test/engine-src_game_GameSpeedTest.o -c -g2 -std=gnu++20 -Wall -fPIC -O3 -s -DGLOB2_OFFICIAL_INSTANCE_ORIGIN=\"https://app.glob2online.com\" -DGLOB2_OFFICIAL_INSTANCE_FORMER_ORIGINS=\"https://glob2online.com\" -DHAVE_CONFIG_H -DSDL_MAIN_HANDLED -Ibuild/serial-opt-gcc13/recording/prefix/include -I/home/bradley/.codex/worktrees/b625/glob2/build/serial-audit-deps/prefix/include -Ibuild/serial-opt-gcc13/include -I/usr/include/opus -Ilibgag/include -I. -Ilibusl/src -Isrc -Isrc/ai -Isrc/hud -Isrc/app -Isrc/game/player -Isrc/team -Isrc/common -Isrc/map -Isrc/game -Isrc/campaign -Isrc/campaign/screens -Isrc/replay -Isrc/game/screens -Isrc/render/clouds -Isrc/ui/screens -Isrc/game/rules -Isrc/game/diagnostics -Isrc/map/editor/screens -Isrc/engine -Isrc/ui -Isrc/map/preview -Isrc/app/cli -Isrc/net/lan/screens -Isrc/online -Isrc/map/tools -Isrc/scripting/map -Isrc/render/overlay -Isrc/audio -Isrc/online/screens -Isrc/game/orders -Isrc/resource -Isrc/ui/settings -Isrc/team/stats -Isrc/render/torus -Isrc/ai/simple -Isrc/ai/castor -Isrc/ai/javascript -Isrc/ai/nicowar -Isrc/ai/numbi -Isrc/ai/telemetry -Isrc/ai/warrush -Isrc/ai/maxima -Isrc/building -Isrc/building/types -Isrc/unit/types -Isrc/building/hud -Isrc/net -Isrc/hud/draw -Isrc/hud/input -Isrc/hud/touch -Isrc/net/turn -Isrc/unit -Isrc/map/editor -Isrc/map/generator -Isrc/map/generator/compatibility -Isrc/map/generator/core -Isrc/map/generator/generators -Isrc/map/generator/shared -Isrc/map/generator/javascript -Isrc/map/generator/shared/legacy -Isrc/map/gradient -Isrc/map/io -Isrc/net/lan -Isrc/net/message -Isrc/scripting/sgsl -Ithird_party/nlohmann-json/include -I/home/bradley/.codex/worktrees/repair-tls-rejection-fixture/glob2/build/sdl3-ci-current/prefix/include -I/home/bradley/.codex/worktrees/repair-tls-rejection-fixture/glob2/build/sdl3-ci-current/prefix/include/webp -Itest -Itest/support -Ilibgag/src -Ithird_party/quickjs-ng src/game/GameSpeedTest.cpp
/home/bradley/.codex/worktrees/b625/glob2/artifacts/serial-opt/g++-13-symbols -o build/serial-opt-gcc13/test/engine-src_ui_UIPresentationHarness.o -c -g2 -std=gnu++20 -Wall -fPIC -O3 -s -DGLOB2_OFFICIAL_INSTANCE_ORIGIN=\"https://app.glob2online.com\" -DGLOB2_OFFICIAL_INSTANCE_FORMER_ORIGINS=\"https://glob2online.com\" -DHAVE_CONFIG_H -DSDL_MAIN_HANDLED -Ibuild/serial-opt-gcc13/recording/prefix/include -I/home/bradley/.codex/worktrees/b625/glob2/build/serial-audit-deps/prefix/include -Ibuild/serial-opt-gcc13/include -I/usr/include/opus -Ilibgag/include -I. -Ilibusl/src -Isrc -Isrc/ai -Isrc/hud -Isrc/app -Isrc/game/player -Isrc/team -Isrc/common -Isrc/map -Isrc/game -Isrc/campaign -Isrc/campaign/screens -Isrc/replay -Isrc/game/screens -Isrc/render/clouds -Isrc/ui/screens -Isrc/game/rules -Isrc/game/diagnostics -Isrc/map/editor/screens -Isrc/engine -Isrc/ui -Isrc/map/preview -Isrc/app/cli -Isrc/net/lan/screens -Isrc/online -Isrc/map/tools -Isrc/scripting/map -Isrc/render/overlay -Isrc/audio -Isrc/online/screens -Isrc/game/orders -Isrc/resource -Isrc/ui/settings -Isrc/team/stats -Isrc/render/torus -Isrc/ai/simple -Isrc/ai/castor -Isrc/ai/javascript -Isrc/ai/nicowar -Isrc/ai/numbi -Isrc/ai/telemetry -Isrc/ai/warrush -Isrc/ai/maxima -Isrc/building -Isrc/building/types -Isrc/unit/types -Isrc/building/hud -Isrc/net -Isrc/hud/draw -Isrc/hud/input -Isrc/hud/touch -Isrc/net/turn -Isrc/unit -Isrc/map/editor -Isrc/map/generator -Isrc/map/generator/compatibility -Isrc/map/generator/core -Isrc/map/generator/generators -Isrc/map/generator/shared -Isrc/map/generator/javascript -Isrc/map/generator/shared/legacy -Isrc/map/gradient -Isrc/map/io -Isrc/net/lan -Isrc/net/message -Isrc/scripting/sgsl -Ithird_party/nlohmann-json/include -I/home/bradley/.codex/worktrees/repair-tls-rejection-fixture/glob2/build/sdl3-ci-current/prefix/include -I/home/bradley/.codex/worktrees/repair-tls-rejection-fixture/glob2/build/sdl3-ci-current/prefix/include/webp -Itest -Itest/support -Ilibgag/src -Ithird_party/quickjs-ng src/ui/UIPresentationHarness.cpp
In file included from src/hud/GameGUIInternal.h:15,
                 from src/render/torus/TorusRenderIntegrationTest.cpp:20:
src/building/hud/BuildingPresentation.h: In function ‘bool buildingFeedingUnfunded(const BuildingType&, const Sint32*)’:
src/building/hud/BuildingPresentation.h:67:34: warning: comparison of integer expressions of different signedness: ‘int’ and ‘const unsigned int’ [-Wsign-compare]
   67 |     for (int resource=0; resource<MaterialCount; ++resource)
      |                          ~~~~~~~~^~~~~~~~~~~~~~
src/building/hud/BuildingPresentation.h: In lambda function:
src/building/hud/BuildingPresentation.h:78:38: warning: comparison of integer expressions of different signedness: ‘int’ and ‘const unsigned int’ [-Wsign-compare]
   78 |         for (int resource=0; resource<MaterialCount; ++resource)
      |                              ~~~~~~~~^~~~~~~~~~~~~~
In file included from test/support/Glob2Test.h:8,
                 from test/support/EngineFixtures.h:6,
                 from src/game/GameSpeedTest.cpp:3:
src/game/GameSpeedTest.cpp: In function ‘void DOCTEST_ANON_SUITE_5::DOCTEST_ANON_FUNC_8()’:
src/game/GameSpeedTest.cpp:112:38: warning: comparison of integer expressions of different signedness: ‘Uint32’ {aka ‘unsigned int’} and ‘const int’ [-Wsign-compare]
  112 |         REQUIRE((settings.musicVolume==music && settings.voiceVolume==voice));
      |                  ~~~~~~~~~~~~~~~~~~~~^~~~~~~
test/support/../third_party/doctest.h:2427:24: note: in definition of macro ‘DOCTEST_ASSERT_IMPLEMENT_1’
 2427 |                     << __VA_ARGS__) DOCTEST_CLANG_SUPPRESS_WARNING_POP
      |                        ^~~~~~~~~~~
test/support/../third_party/doctest.h:2976:22: note: in expansion of macro ‘DOCTEST_REQUIRE’
 2976 | #define REQUIRE(...) DOCTEST_REQUIRE(__VA_ARGS__)
      |                      ^~~~~~~~~~~~~~~
src/game/GameSpeedTest.cpp:112:9: note: in expansion of macro ‘REQUIRE’
  112 |         REQUIRE((settings.musicVolume==music && settings.voiceVolume==voice));
      |         ^~~~~~~
src/game/GameSpeedTest.cpp:112:69: warning: comparison of integer expressions of different signedness: ‘Uint32’ {aka ‘unsigned int’} and ‘const int’ [-Wsign-compare]
  112 |         REQUIRE((settings.musicVolume==music && settings.voiceVolume==voice));
      |                                                 ~~~~~~~~~~~~~~~~~~~~^~~~~~~
test/support/../third_party/doctest.h:2427:24: note: in definition of macro ‘DOCTEST_ASSERT_IMPLEMENT_1’
 2427 |                     << __VA_ARGS__) DOCTEST_CLANG_SUPPRESS_WARNING_POP
      |                        ^~~~~~~~~~~
test/support/../third_party/doctest.h:2976:22: note: in expansion of macro ‘DOCTEST_REQUIRE’
 2976 | #define REQUIRE(...) DOCTEST_REQUIRE(__VA_ARGS__)
      |                      ^~~~~~~~~~~~~~~
src/game/GameSpeedTest.cpp:112:9: note: in expansion of macro ‘REQUIRE’
  112 |         REQUIRE((settings.musicVolume==music && settings.voiceVolume==voice));
      |         ^~~~~~~
/home/bradley/.codex/worktrees/b625/glob2/artifacts/serial-opt/g++-13-symbols -o build/serial-opt-gcc13/test/engine-src_hud_touch_GameGUITouchHarness.o -c -g2 -std=gnu++20 -Wall -fPIC -O3 -s -DGLOB2_OFFICIAL_INSTANCE_ORIGIN=\"https://app.glob2online.com\" -DGLOB2_OFFICIAL_INSTANCE_FORMER_ORIGINS=\"https://glob2online.com\" -DHAVE_CONFIG_H -DSDL_MAIN_HANDLED -Ibuild/serial-opt-gcc13/recording/prefix/include -I/home/bradley/.codex/worktrees/b625/glob2/build/serial-audit-deps/prefix/include -Ibuild/serial-opt-gcc13/include -I/usr/include/opus -Ilibgag/include -I. -Ilibusl/src -Isrc -Isrc/ai -Isrc/hud -Isrc/app -Isrc/game/player -Isrc/team -Isrc/common -Isrc/map -Isrc/game -Isrc/campaign -Isrc/campaign/screens -Isrc/replay -Isrc/game/screens -Isrc/render/clouds -Isrc/ui/screens -Isrc/game/rules -Isrc/game/diagnostics -Isrc/map/editor/screens -Isrc/engine -Isrc/ui -Isrc/map/preview -Isrc/app/cli -Isrc/net/lan/screens -Isrc/online -Isrc/map/tools -Isrc/scripting/map -Isrc/render/overlay -Isrc/audio -Isrc/online/screens -Isrc/game/orders -Isrc/resource -Isrc/ui/settings -Isrc/team/stats -Isrc/render/torus -Isrc/ai/simple -Isrc/ai/castor -Isrc/ai/javascript -Isrc/ai/nicowar -Isrc/ai/numbi -Isrc/ai/telemetry -Isrc/ai/warrush -Isrc/ai/maxima -Isrc/building -Isrc/building/types -Isrc/unit/types -Isrc/building/hud -Isrc/net -Isrc/hud/draw -Isrc/hud/input -Isrc/hud/touch -Isrc/net/turn -Isrc/unit -Isrc/map/editor -Isrc/map/generator -Isrc/map/generator/compatibility -Isrc/map/generator/core -Isrc/map/generator/generators -Isrc/map/generator/shared -Isrc/map/generator/javascript -Isrc/map/generator/shared/legacy -Isrc/map/gradient -Isrc/map/io -Isrc/net/lan -Isrc/net/message -Isrc/scripting/sgsl -Ithird_party/nlohmann-json/include -I/home/bradley/.codex/worktrees/repair-tls-rejection-fixture/glob2/build/sdl3-ci-current/prefix/include -I/home/bradley/.codex/worktrees/repair-tls-rejection-fixture/glob2/build/sdl3-ci-current/prefix/include/webp -Itest -Itest/support -Ilibgag/src -Ithird_party/quickjs-ng src/hud/touch/GameGUITouchHarness.cpp
In file included from src/hud/touch/GameGUITouchHarness.cpp:43:
src/map/editor/MapEdit.h:35: warning: "RIGHT_MENU_WIDTH" redefined
   35 | #define RIGHT_MENU_WIDTH 160
      | 
In file included from src/hud/touch/GameGUITouchHarness.cpp:21:
src/hud/GameGUIInternal.h:84: note: this is the location of the previous definition
   84 | #define RIGHT_MENU_WIDTH GAME_GUI_RIGHT_MENU_WIDTH
      | 
src/map/editor/MapEdit.h:36: warning: "RIGHT_MENU_OFFSET" redefined
   36 | #define RIGHT_MENU_OFFSET (160-128)/2
      | 
src/hud/GameGUIInternal.h:86: note: this is the location of the previous definition
   86 | #define RIGHT_MENU_OFFSET ((RIGHT_MENU_WIDTH -128)/2)
      | 
/home/bradley/.codex/worktrees/b625/glob2/artifacts/serial-opt/g++-13-symbols -o build/serial-opt-gcc13/test/engine-src_game_screens_CustomGameSetupHarness.o -c -g2 -std=gnu++20 -Wall -fPIC -O3 -s -DGLOB2_OFFICIAL_INSTANCE_ORIGIN=\"https://app.glob2online.com\" -DGLOB2_OFFICIAL_INSTANCE_FORMER_ORIGINS=\"https://glob2online.com\" -DHAVE_CONFIG_H -DSDL_MAIN_HANDLED -Ibuild/serial-opt-gcc13/recording/prefix/include -I/home/bradley/.codex/worktrees/b625/glob2/build/serial-audit-deps/prefix/include -Ibuild/serial-opt-gcc13/include -I/usr/include/opus -Ilibgag/include -I. -Ilibusl/src -Isrc -Isrc/ai -Isrc/hud -Isrc/app -Isrc/game/player -Isrc/team -Isrc/common -Isrc/map -Isrc/game -Isrc/campaign -Isrc/campaign/screens -Isrc/replay -Isrc/game/screens -Isrc/render/clouds -Isrc/ui/screens -Isrc/game/rules -Isrc/game/diagnostics -Isrc/map/editor/screens -Isrc/engine -Isrc/ui -Isrc/map/preview -Isrc/app/cli -Isrc/net/lan/screens -Isrc/online -Isrc/map/tools -Isrc/scripting/map -Isrc/render/overlay -Isrc/audio -Isrc/online/screens -Isrc/game/orders -Isrc/resource -Isrc/ui/settings -Isrc/team/stats -Isrc/render/torus -Isrc/ai/simple -Isrc/ai/castor -Isrc/ai/javascript -Isrc/ai/nicowar -Isrc/ai/numbi -Isrc/ai/telemetry -Isrc/ai/warrush -Isrc/ai/maxima -Isrc/building -Isrc/building/types -Isrc/unit/types -Isrc/building/hud -Isrc/net -Isrc/hud/draw -Isrc/hud/input -Isrc/hud/touch -Isrc/net/turn -Isrc/unit -Isrc/map/editor -Isrc/map/generator -Isrc/map/generator/compatibility -Isrc/map/generator/core -Isrc/map/generator/generators -Isrc/map/generator/shared -Isrc/map/generator/javascript -Isrc/map/generator/shared/legacy -Isrc/map/gradient -Isrc/map/io -Isrc/net/lan -Isrc/net/message -Isrc/scripting/sgsl -Ithird_party/nlohmann-json/include -I/home/bradley/.codex/worktrees/repair-tls-rejection-fixture/glob2/build/sdl3-ci-current/prefix/include -I/home/bradley/.codex/worktrees/repair-tls-rejection-fixture/glob2/build/sdl3-ci-current/prefix/include/webp -Itest -Itest/support -Ilibgag/src -Ithird_party/quickjs-ng src/game/screens/CustomGameSetupHarness.cpp
/home/bradley/.codex/worktrees/b625/glob2/artifacts/serial-opt/g++-13-symbols -o build/serial-opt-gcc13/test/engine-src_map_preview_MapPreviewHarness.o -c -g2 -std=gnu++20 -Wall -fPIC -O3 -s -DGLOB2_OFFICIAL_INSTANCE_ORIGIN=\"https://app.glob2online.com\" -DGLOB2_OFFICIAL_INSTANCE_FORMER_ORIGINS=\"https://glob2online.com\" -DHAVE_CONFIG_H -DSDL_MAIN_HANDLED -Ibuild/serial-opt-gcc13/recording/prefix/include -I/home/bradley/.codex/worktrees/b625/glob2/build/serial-audit-deps/prefix/include -Ibuild/serial-opt-gcc13/include -I/usr/include/opus -Ilibgag/include -I. -Ilibusl/src -Isrc -Isrc/ai -Isrc/hud -Isrc/app -Isrc/game/player -Isrc/team -Isrc/common -Isrc/map -Isrc/game -Isrc/campaign -Isrc/campaign/screens -Isrc/replay -Isrc/game/screens -Isrc/render/clouds -Isrc/ui/screens -Isrc/game/rules -Isrc/game/diagnostics -Isrc/map/editor/screens -Isrc/engine -Isrc/ui -Isrc/map/preview -Isrc/app/cli -Isrc/net/lan/screens -Isrc/online -Isrc/map/tools -Isrc/scripting/map -Isrc/render/overlay -Isrc/audio -Isrc/online/screens -Isrc/game/orders -Isrc/resource -Isrc/ui/settings -Isrc/team/stats -Isrc/render/torus -Isrc/ai/simple -Isrc/ai/castor -Isrc/ai/javascript -Isrc/ai/nicowar -Isrc/ai/numbi -Isrc/ai/telemetry -Isrc/ai/warrush -Isrc/ai/maxima -Isrc/building -Isrc/building/types -Isrc/unit/types -Isrc/building/hud -Isrc/net -Isrc/hud/draw -Isrc/hud/input -Isrc/hud/touch -Isrc/net/turn -Isrc/unit -Isrc/map/editor -Isrc/map/generator -Isrc/map/generator/compatibility -Isrc/map/generator/core -Isrc/map/generator/generators -Isrc/map/generator/shared -Isrc/map/generator/javascript -Isrc/map/generator/shared/legacy -Isrc/map/gradient -Isrc/map/io -Isrc/net/lan -Isrc/net/message -Isrc/scripting/sgsl -Ithird_party/nlohmann-json/include -I/home/bradley/.codex/worktrees/repair-tls-rejection-fixture/glob2/build/sdl3-ci-current/prefix/include -I/home/bradley/.codex/worktrees/repair-tls-rejection-fixture/glob2/build/sdl3-ci-current/prefix/include/webp -Itest -Itest/support -Ilibgag/src -Ithird_party/quickjs-ng src/map/preview/MapPreviewHarness.cpp
In file included from src/hud/GameGUIInternal.h:15:
src/building/hud/BuildingPresentation.h: In function ‘bool buildingFeedingUnfunded(const BuildingType&, const Sint32*)’:
src/building/hud/BuildingPresentation.h:67:34: warning: comparison of integer expressions of different signedness: ‘int’ and ‘const unsigned int’ [-Wsign-compare]
   67 |     for (int resource=0; resource<MaterialCount; ++resource)
      |                          ~~~~~~~~^~~~~~~~~~~~~~
src/building/hud/BuildingPresentation.h: In lambda function:
src/building/hud/BuildingPresentation.h:78:38: warning: comparison of integer expressions of different signedness: ‘int’ and ‘const unsigned int’ [-Wsign-compare]
   78 |         for (int resource=0; resource<MaterialCount; ++resource)
      |                              ~~~~~~~~^~~~~~~~~~~~~~
In file included from libgag/include/BinaryStream.h:7,
                 from src/map/preview/MapPreviewHarness.cpp:16:
libgag/include/StreamBackend.h: In member function ‘virtual void GAGCore::FileStreamBackend::read(void*, size_t)’:
libgag/include/StreamBackend.h:58:79: warning: ignoring return value of ‘size_t fread(void*, size_t, size_t, FILE*)’ declared with attribute ‘warn_unused_result’ [-Wunused-result]
   58 |                 virtual void read(void *data, size_t size) { assert(fp); fread(data, size, 1, fp); }
      |                                                                          ~~~~~^~~~~~~~~~~~~~~~~~~
In file included from libgag/include/BinaryStream.h:7,
                 from src/game/screens/CustomGameSetupHarness.cpp:43:
libgag/include/StreamBackend.h: In member function ‘virtual void GAGCore::FileStreamBackend::read(void*, size_t)’:
libgag/include/StreamBackend.h:58:79: warning: ignoring return value of ‘size_t fread(void*, size_t, size_t, FILE*)’ declared with attribute ‘warn_unused_result’ [-Wunused-result]
   58 |                 virtual void read(void *data, size_t size) { assert(fp); fread(data, size, 1, fp); }
      |                                                                          ~~~~~^~~~~~~~~~~~~~~~~~~
/home/bradley/.codex/worktrees/b625/glob2/artifacts/serial-opt/g++-13-symbols -o build/serial-opt-gcc13/test/glob2-engine-tests -g2 -Wl,-rpath,$ORIGIN/../lib/glob2 -Wall -O3 -fwhole-program -Wl,-rpath,/home/bradley/.codex/worktrees/repair-tls-rejection-fixture/glob2/build/sdl3-ci-current/prefix/lib -Wl,--enable-new-dtags -Wl,-rpath=/home/bradley/.codex/worktrees/b625/glob2/build/serial-audit-deps/prefix/lib build/serial-opt-gcc13/test/engine-support_TestMain.o build/serial-opt-gcc13/test/engine-support_Glob2Test.o build/serial-opt-gcc13/test/engine-support_GlobalContainerSlot.o build/serial-opt-gcc13/test/engine-support_EngineFixtures.o build/serial-opt-gcc13/test/engine-support_LegacyResourceTypes.o build/serial-opt-gcc13/test/engine-src_map_generator_javascript_ScriptGeneratorTest.o build/serial-opt-gcc13/test/engine-src_map_generator_javascript_ToolkitBindingTest.o build/serial-opt-gcc13/test/engine-src_map_generator_javascript_FertilityBindingTest.o build/serial-opt-gcc13/test/engine-src_map_MapSetTest.o build/serial-opt-gcc13/test/engine-src_unit_render_ColonySkinPreviewTest.o build/serial-opt-gcc13/test/engine-src_audio_MusicSetTest.o build/serial-opt-gcc13/test/engine-src_audio_MusicStreamTest.o build/serial-opt-gcc13/test/engine-src_audio_SoundMixerTrackSelectionHarness.o build/serial-opt-gcc13/test/engine-src_ui_screens_MusicScreensTest.o build/serial-opt-gcc13/test/engine-src_ai_numbi_NumbiObservationTest.o build/serial-opt-gcc13/test/engine-src_ai_warrush_WarrushObservationTest.o build/serial-opt-gcc13/test/engine-src_ai_engine_AIOrderSchedulerTest.o build/serial-opt-gcc13/test/engine-src_ai_engine_AIPipelineTest.o build/serial-opt-gcc13/test/engine-src_engine_sim_snapshot_WorldSnapshotTest.o build/serial-opt-gcc13/test/engine-src_ai_LegacyAIStateTest.o build/serial-opt-gcc13/test/engine-src_ai_AIStateContinuationTest.o build/serial-opt-gcc13/test/engine-src_ai_BuildingCapabilitiesTest.o build/serial-opt-gcc13/test/engine-src_ai_shared_runtime_RuntimeBuildingOrderSaveLoadTest.o build/serial-opt-gcc13/test/engine-src_ai_AICustomCatalogTest.o build/serial-opt-gcc13/test/engine-src_building_types_BuildingCatalogTest.o build/serial-opt-gcc13/test/engine-src_building_BuildingProductionCombatTest.o build/serial-opt-gcc13/test/engine-src_building_BuildingCatalogFixtureHarness.o build/serial-opt-gcc13/test/engine-src_building_BuildingCatalogBenchmark.o build/serial-opt-gcc13/test/engine-src_map_ResourceGrowthBenchmark.o build/serial-opt-gcc13/test/engine-src_map_ResourceGrowthFixtures.o build/serial-opt-gcc13/test/engine-src_map_ResourceGrowthTest.o build/serial-opt-gcc13/test/engine-src_resource_ResourceRuntimeBenchmark.o build/serial-opt-gcc13/test/engine-src_map_gradient_BuildingGradientBenchmark.o build/serial-opt-gcc13/test/engine-src_building_BuildingServicesTest.o build/serial-opt-gcc13/test/engine-libgag_src_ScreenExecutionHarness.o build/serial-opt-gcc13/test/engine-src_ai_AIRecoveryCoverageTest.o build/serial-opt-gcc13/test/engine-GameplayRecordingIntegrationTest.o build/serial-opt-gcc13/test/engine-src_hud_GUIInteractionCoverageTest.o build/serial-opt-gcc13/test/engine-src_hud_GUIOrderCoverageTest.o build/serial-opt-gcc13/test/engine-src_map_editor_EditorActionCoverageTest.o build/serial-opt-gcc13/test/engine-src_map_editor_BrushCatalogTest.o build/serial-opt-gcc13/test/engine-src_map_editor_EditorTerrainPaintTest.o build/serial-opt-gcc13/test/engine-src_map_editor_EditorFlowsTest.o build/serial-opt-gcc13/test/engine-src_map_editor_EditorDockLayoutTest.o build/serial-opt-gcc13/test/engine-src_map_editor_EditorPresentationTest.o build/serial-opt-gcc13/test/engine-src_scripting_sgsl_LegacyAreaWaitTest.o build/serial-opt-gcc13/test/engine-src_scripting_sgsl_LegacyScriptCoverageTest.o build/serial-opt-gcc13/test/engine-src_ai_AIDecisionCoverageTest.o build/serial-opt-gcc13/test/engine-src_ai_AIRulesTest.o build/serial-opt-gcc13/test/engine-src_ai_telemetry_AITargetTelemetryTest.o build/serial-opt-gcc13/test/engine-src_ai_castor_CastorContinuationTest.o build/serial-opt-gcc13/test/engine-src_ai_cortex_CortexNetCoverageTest.o build/serial-opt-gcc13/test/engine-src_ai_cortex_CortexActionCoverageTest.o build/serial-opt-gcc13/test/engine-src_ai_cortex_CortexPolicyCoverageTest.o build/serial-opt-gcc13/test/engine-src_scripting_javascript_ScriptCompatibilityTest.o build/serial-opt-gcc13/test/engine-src_scripting_javascript_ScriptIntegrationTest.o build/serial-opt-gcc13/test/engine-src_ai_telemetry_AITelemetryDialogTest.o build/serial-opt-gcc13/test/engine-src_hive_HiveIntegrationTest.o build/serial-opt-gcc13/test/engine-src_scripting_javascript_ScriptPresentationTest.o build/serial-opt-gcc13/test/engine-src_scripting_map_ScriptEditorTest.o build/serial-opt-gcc13/test/engine-src_scripting_javascript_ScriptRealisticTest.o build/serial-opt-gcc13/test/engine-src_scripting_javascript_ScriptSessionTest.o build/serial-opt-gcc13/test/engine-src_scripting_javascript_ScriptSimulationTest.o build/serial-opt-gcc13/test/engine-src_building_BuildingExpelHarness.o build/serial-opt-gcc13/test/engine-src_map_gradient_BuildingGradientInvalidationHarness.o build/serial-opt-gcc13/test/engine-src_building_FetchApportionmentHarness.o build/serial-opt-gcc13/test/engine-src_hud_GameGUISelectionHarness.o build/serial-opt-gcc13/test/engine-src_render_scene_SceneExtractTest.o build/serial-opt-gcc13/test/engine-src_game_diagnostics_GameDiagnosticsTest.o build/serial-opt-gcc13/test/engine-src_team_stats_WinProbabilityTest.o build/serial-opt-gcc13/test/engine-src_engine_sim_ClientChannelsTest.o build/serial-opt-gcc13/test/engine-src_building_HiringBucketHarness.o build/serial-opt-gcc13/test/engine-src_unit_HungryDefeatHarness.o build/serial-opt-gcc13/test/engine-src_map_gradient_ImmobileUnitGradientHarness.o build/serial-opt-gcc13/test/engine-src_building_InnSwapHarness.o build/serial-opt-gcc13/test/engine-src_building_LevelGateHarness.o build/serial-opt-gcc13/test/engine-src_unit_ResourceFetchTargetHarness.o build/serial-opt-gcc13/test/engine-src_unit_MarketFetchHarness.o build/serial-opt-gcc13/test/engine-src_unit_MarketsV2Test.o build/serial-opt-gcc13/test/engine-src_unit_FetchHiringScoreHarness.o build/serial-opt-gcc13/test/engine-src_unit_LegacyRoundTripSaveTest.o build/serial-opt-gcc13/test/engine-src_map_TerrainResourcesHarness.o build/serial-opt-gcc13/test/engine-src_map_pathfind_TerrainHazardBenchmark.o build/serial-opt-gcc13/test/engine-src_map_TerrainEcologyHarness.o build/serial-opt-gcc13/test/engine-src_map_TerrainPropertiesTest.o build/serial-opt-gcc13/test/engine-src_map_VertexTerrainTest.o build/serial-opt-gcc13/test/engine-src_net_LockstepSessionTest.o build/serial-opt-gcc13/test/engine-src_game_orders_OrderValidationTest.o build/serial-opt-gcc13/test/engine-src_online_MatchSetupTest.o build/serial-opt-gcc13/test/engine-src_net_turn_TurnEngineHarness.o build/serial-opt-gcc13/test/engine-src_net_LanIdentityTest.o build/serial-opt-gcc13/test/engine-src_net_lan_LanMatchHarness.o build/serial-opt-gcc13/test/engine-src_ai_AISavePortabilityHarness.o build/serial-opt-gcc13/test/engine-src_building_BuildingFootprintHarness.o build/serial-opt-gcc13/test/engine-src_map_MapTilingHarness.o build/serial-opt-gcc13/test/engine-src_map_gradient_ClearingFlagGradientTest.o build/serial-opt-gcc13/test/engine-src_ai_cortex_CortexGeometryHarness.o build/serial-opt-gcc13/test/engine-src_unit_EnteringUnitSaveHarness.o build/serial-opt-gcc13/test/engine-src_map_gradient_MapGradientInvalidationTest.o build/serial-opt-gcc13/test/engine-src_map_gradient_GradientPreparationTest.o build/serial-opt-gcc13/test/engine-src_ai_nicowar_NicowarFarmingHarness.o build/serial-opt-gcc13/test/engine-src_ai_shared_runtime_RuntimeContinuationTest.o build/serial-opt-gcc13/test/engine-src_game_SharedWorkerLifecycleTest.o build/serial-opt-gcc13/test/engine-src_unit_TrappedUnitLifecycleTest.o build/serial-opt-gcc13/test/engine-src_unit_UnitContinuationHarness.o build/serial-opt-gcc13/test/engine-SavegameSafetyHarness.o build/serial-opt-gcc13/test/engine-UntrustedFilesTest.o build/serial-opt-gcc13/test/engine-TournamentCompatibilityTest.o build/serial-opt-gcc13/test/engine-src_ai_maxima_MaximaRelocationIntegrationTest.o build/serial-opt-gcc13/test/engine-src_map_generator_CombGeneratorTest.o build/serial-opt-gcc13/test/engine-src_map_generator_OrchardCommonsConversionTest.o build/serial-opt-gcc13/test/engine-PortableGameHarness.o build/serial-opt-gcc13/test/engine-src_team_stats_TeamStatsSaveHarness.o build/serial-opt-gcc13/test/engine-src_team_stats_TeamLabourStatsTest.o build/serial-opt-gcc13/test/engine-src_engine_EngineSessionHarness.o build/serial-opt-gcc13/test/engine-src_net_turn_TurnNetConnectionTest.o build/serial-opt-gcc13/test/engine-src_online_RelayTransportTest.o build/serial-opt-gcc13/test/engine-src_online_OnlineResultTest.o build/serial-opt-gcc13/test/engine-src_online_OnlineScreenLifetimeTest.o build/serial-opt-gcc13/test/engine-src_online_PlatformRoomTest.o build/serial-opt-gcc13/test/engine-src_online_OnlineServicesTest.o build/serial-opt-gcc13/test/engine-src_net_WssBackpressureTest.o build/serial-opt-gcc13/test/engine-src_render_MapRenderResizeHarness.o build/serial-opt-gcc13/test/engine-src_render_PointBarRenderTest.o build/serial-opt-gcc13/test/engine-src_ai_maxima_MaximaCombatIntegrationTest.o build/serial-opt-gcc13/test/engine-src_ai_maxima_MaximaDiagnosticsTest.o build/serial-opt-gcc13/test/engine-src_ai_maxima_MaximaDirectorRegressionTest.o build/serial-opt-gcc13/test/engine-src_ai_maxima_MaximaEconomyRegressionTest.o build/serial-opt-gcc13/test/engine-src_ai_maxima_MaximaFarmingIntegrationTest.o build/serial-opt-gcc13/test/engine-src_ai_maxima_MaximaImplementationIntegrationTest.o build/serial-opt-gcc13/test/engine-src_ai_maxima_MaximaLifecycleTest.o build/serial-opt-gcc13/test/engine-src_ai_maxima_MaximaStrategyTest.o build/serial-opt-gcc13/test/engine-libgag_src_DrawableSurfaceBlendTest.o build/serial-opt-gcc13/test/engine-libgag_src_FontKerningTest.o build/serial-opt-gcc13/test/engine-src_ui_OnlineWordingTest.o build/serial-opt-gcc13/test/engine-src_render_EnteringUnitDrawHarness.o build/serial-opt-gcc13/test/engine-src_render_FailingUnitMarkersHarness.o build/serial-opt-gcc13/test/engine-libgag_src_FullscreenAspectHarness.o build/serial-opt-gcc13/test/engine-src_render_HighResolutionIntegrationHarness.o build/serial-opt-gcc13/test/engine-libgag_src_PortableRendererHarness.o build/serial-opt-gcc13/test/engine-src_render_SoftwareRendererTest.o build/serial-opt-gcc13/test/engine-src_render_terrain_TerrainMaterialsTest.o build/serial-opt-gcc13/test/engine-src_render_TerrainPresentationTest.o build/serial-opt-gcc13/test/engine-libgag_src_RuntimePackCheck.o build/serial-opt-gcc13/test/engine-libgag_src_TextRasterHarness.o build/serial-opt-gcc13/test/engine-src_render_torus_TorusRenderIntegrationTest.o build/serial-opt-gcc13/test/engine-src_unit_render_UnitHighResolutionCacheTest.o build/serial-opt-gcc13/test/engine-src_unit_render_UnitTeamColorCacheTest.o build/serial-opt-gcc13/test/engine-src_unit_render_UnitTeamShaderTest.o build/serial-opt-gcc13/test/engine-libgag_src_WindowResizeHarness.o build/serial-opt-gcc13/test/engine-src_ui_settings_SettingsScreenTest.o build/serial-opt-gcc13/test/engine-src_ui_settings_SettingsGraphicsTest.o build/serial-opt-gcc13/test/engine-src_ui_ThemeCatalogTest.o build/serial-opt-gcc13/test/engine-src_ui_settings_SettingsExperimentsTest.o build/serial-opt-gcc13/test/engine-src_ui_settings_SettingsBuildingsTest.o build/serial-opt-gcc13/test/engine-src_app_SystemLanguageTest.o build/serial-opt-gcc13/test/engine-src_game_orders_GuardAreaBalanceTest.o build/serial-opt-gcc13/test/engine-src_game_orders_FarmAreaTest.o build/serial-opt-gcc13/test/engine-src_game_GameSpeedTest.o build/serial-opt-gcc13/test/engine-src_ui_UIPresentationHarness.o build/serial-opt-gcc13/test/engine-src_ui_UIIconsTest.o build/serial-opt-gcc13/test/engine-src_hud_touch_GameGUITouchHarness.o build/serial-opt-gcc13/test/engine-src_game_screens_CustomGameSetupHarness.o build/serial-opt-gcc13/test/engine-src_team_TeamLimitTest.o build/serial-opt-gcc13/test/engine-src_team_LiveSlotListTest.o build/serial-opt-gcc13/test/engine-src_map_preview_MapPreviewHarness.o build/serial-opt-gcc13/test/engine-src_map_generator_MapGeneratorDefaultsTest.o build/serial-opt-gcc13/src/ai/castor/Control.o build/serial-opt-gcc13/src/ai/castor/GetOrder.o build/serial-opt-gcc13/src/ai/castor/Lifecycle.o build/serial-opt-gcc13/src/ai/castor/Maps.o build/serial-opt-gcc13/src/ai/castor/Placement.o build/serial-opt-gcc13/src/ai/castor/Projects.o build/serial-opt-gcc13/src/ai/castor/State.o build/serial-opt-gcc13/src/ai/maxima/AIMaxima.o build/serial-opt-gcc13/src/ai/maxima/AIMaximaState.o build/serial-opt-gcc13/src/ai/maxima/AIMaximaCombat.o build/serial-opt-gcc13/src/ai/maxima/AIMaximaDefense.o build/serial-opt-gcc13/src/ai/maxima/AIMaximaFarming.o build/serial-opt-gcc13/src/ai/maxima/AIMaximaFarmingPolicy.o build/serial-opt-gcc13/src/ai/maxima/AIMaximaFoodLedger.o build/serial-opt-gcc13/src/ai/maxima/AIMaximaPlacement.o build/serial-opt-gcc13/src/ai/maxima/AIMaximaRecon.o build/serial-opt-gcc13/src/ai/maxima/AIMaximaForceModel.o build/serial-opt-gcc13/src/ai/maxima/AIMaximaRuntime.o build/serial-opt-gcc13/src/ai/maxima/AIMaximaStrategy.o build/serial-opt-gcc13/src/ai/maxima/AIMaximaTactics.o build/serial-opt-gcc13/src/ai/AI.o build/serial-opt-gcc13/src/ai/observation/AIWorldCapture.o build/serial-opt-gcc13/src/engine/sim/snapshot/WorldCapture.o build/serial-opt-gcc13/src/engine/sim/snapshot/WorldSnapshot.o build/serial-opt-gcc13/src/engine/sim/snapshot/SnapshotStore.o build/serial-opt-gcc13/src/engine/sim/snapshot/SnapshotStorage.o build/serial-opt-gcc13/src/ai/observation/AIQueries.o build/serial-opt-gcc13/src/ai/engine/AIOrderScheduler.o build/serial-opt-gcc13/src/ai/engine/AIPipeline.o build/serial-opt-gcc13/src/ai/BuildingCapabilities.o build/serial-opt-gcc13/src/ai/telemetry/AITelemetry.o build/serial-opt-gcc13/src/ai/telemetry/AITelemetryAdapters.o build/serial-opt-gcc13/src/ai/shared_runtime/BuildingOrder.o build/serial-opt-gcc13/src/ai/shared_runtime/BuildingRegister.o build/serial-opt-gcc13/src/ai/shared_runtime/Conditions.o build/serial-opt-gcc13/src/ai/shared_runtime/ConditionsBuilding.o build/serial-opt-gcc13/src/ai/shared_runtime/ConditionsPopulation.o build/serial-opt-gcc13/src/ai/shared_runtime/ConditionsTracker.o build/serial-opt-gcc13/src/ai/shared_runtime/Construction.o build/serial-opt-gcc13/src/ai/shared_runtime/ConstructionConstraints.o build/serial-opt-gcc13/src/ai/shared_runtime/Runtime.o build/serial-opt-gcc13/src/ai/shared_runtime/RuntimeSerialization.o build/serial-opt-gcc13/src/ai/shared_runtime/Entities.o build/serial-opt-gcc13/src/ai/shared_runtime/EntitiesBuilding.o build/serial-opt-gcc13/src/ai/shared_runtime/EntitiesResource.o build/serial-opt-gcc13/src/ai/shared_runtime/EntitiesTerrain.o build/serial-opt-gcc13/src/ai/shared_runtime/Gradient.o build/serial-opt-gcc13/src/ai/shared_runtime/GradientBFS.o build/serial-opt-gcc13/src/ai/shared_runtime/Management.o build/serial-opt-gcc13/src/ai/shared_runtime/ManagementFlag.o build/serial-opt-gcc13/src/ai/shared_runtime/ManagementMisc.o build/serial-opt-gcc13/src/ai/shared_runtime/ManagementOrderBase.o build/serial-opt-gcc13/src/ai/shared_runtime/ManagementTracker.o build/serial-opt-gcc13/src/ai/shared_runtime/MapInfo.o build/serial-opt-gcc13/src/ai/shared_runtime/Econo.o build/serial-opt-gcc13/src/ai/shared_runtime/EconoBuilding.o build/serial-opt-gcc13/src/ai/shared_runtime/EconoFlags.o build/serial-opt-gcc13/src/ai/shared_runtime/SearchTools.o build/serial-opt-gcc13/src/ai/AINames.o build/serial-opt-gcc13/src/ai/nicowar/Attack.o build/serial-opt-gcc13/src/ai/nicowar/Buildings.o build/serial-opt-gcc13/src/ai/nicowar/Farming.o build/serial-opt-gcc13/src/ai/nicowar/Flags.o build/serial-opt-gcc13/src/ai/nicowar/Lifecycle.o build/serial-opt-gcc13/src/ai/nicowar/Phases.o build/serial-opt-gcc13/src/ai/nicowar/Strategy.o build/serial-opt-gcc13/src/ai/nicowar/Upgrade.o build/serial-opt-gcc13/src/ai/simple/AINull.o build/serial-opt-gcc13/src/ai/numbi/AINumbi.o build/serial-opt-gcc13/src/ai/numbi/AINumbiEconomy.o build/serial-opt-gcc13/src/ai/numbi/AINumbiMilitary.o build/serial-opt-gcc13/src/ai/numbi/AINumbiPlacement.o build/serial-opt-gcc13/src/ai/warrush/AIWarrush.o build/serial-opt-gcc13/src/ai/simple/AICabino.o build/serial-opt-gcc13/src/ai/cortex/CortexSnapshotQueries.o build/serial-opt-gcc13/src/ai/cortex/CortexObservation.o build/serial-opt-gcc13/src/ai/cortex/CortexObservationObserve.o build/serial-opt-gcc13/src/ai/cortex/CortexPlacement.o build/serial-opt-gcc13/src/ai/cortex/CortexPlacementCandidates.o build/serial-opt-gcc13/src/ai/cortex/CortexPlacementGeo.o build/serial-opt-gcc13/src/ai/cortex/CortexPolicy.o build/serial-opt-gcc13/src/ai/cortex/CortexPolicyEconomy.o build/serial-opt-gcc13/src/ai/cortex/CortexPolicyTech.o build/serial-opt-gcc13/src/ai/cortex/CortexPolicyCombat.o build/serial-opt-gcc13/src/ai/cortex/CortexTuning.o build/serial-opt-gcc13/src/ai/cortex/CortexFoodSources.o build/serial-opt-gcc13/src/ai/cortex/CortexWater.o build/serial-opt-gcc13/src/ai/cortex/CortexNet.o build/serial-opt-gcc13/src/ai/cortex/AICortex.o build/serial-opt-gcc13/src/ai/cortex/AICortexFlags.o build/serial-opt-gcc13/src/ai/cortex/AICortexTranslate.o build/serial-opt-gcc13/src/ai/cortex/AICortexDebug.o build/serial-opt-gcc13/src/game/player/BasePlayer.o build/serial-opt-gcc13/src/team/BaseTeam.o build/serial-opt-gcc13/src/common/BitArray.o build/serial-opt-gcc13/src/map/Brush.o build/serial-opt-gcc13/src/map/BrushCoverage.o build/serial-opt-gcc13/src/building/Lifecycle.o build/serial-opt-gcc13/src/building/Construction.o build/serial-opt-gcc13/src/building/Update.o build/serial-opt-gcc13/src/building/Step.o build/serial-opt-gcc13/src/building/TypeSteps.o build/serial-opt-gcc13/src/building/Misc.o build/serial-opt-gcc13/src/building/Services.o build/serial-opt-gcc13/src/building/types/Buildings.o build/serial-opt-gcc13/src/building/types/BuildingCatalog.o build/serial-opt-gcc13/src/building/BuildingArtwork.o build/serial-opt-gcc13/src/building/BuildingLibrary.o build/serial-opt-gcc13/src/building/types/BuildingTypesColony.o build/serial-opt-gcc13/src/building/types/BuildingTypesDefence.o build/serial-opt-gcc13/src/building/types/BuildingTypesFlags.o build/serial-opt-gcc13/src/building/types/BuildingTypesUpgrade.o build/serial-opt-gcc13/src/replay/ChecksumSidecar.o build/serial-opt-gcc13/src/game/diagnostics/DatasetWriter.o build/serial-opt-gcc13/src/building/BuildingUtils.o build/serial-opt-gcc13/src/game/Bullet.o build/serial-opt-gcc13/src/campaign/Campaign.o build/serial-opt-gcc13/src/campaign/screens/CampaignEditor.o build/serial-opt-gcc13/src/campaign/screens/CampaignMainMenu.o build/serial-opt-gcc13/src/campaign/screens/CampaignMenuScreen.o build/serial-opt-gcc13/src/campaign/screens/CampaignSelectorScreen.o build/serial-opt-gcc13/src/game/screens/ChooseMapScreen.o build/serial-opt-gcc13/src/ui/screens/CreditScreen.o build/serial-opt-gcc13/src/game/screens/CustomGameOtherOptions.o build/serial-opt-gcc13/src/game/rules/CustomGameRules.o build/serial-opt-gcc13/src/game/screens/CustomGameScreen.o build/serial-opt-gcc13/src/render/clouds/DynamicClouds.o build/serial-opt-gcc13/src/map/editor/screens/EditorMainMenu.o build/serial-opt-gcc13/src/game/screens/EndGameScreen.o build/serial-opt-gcc13/src/engine/Engine.o build/serial-opt-gcc13/src/engine/EngineInit.o build/serial-opt-gcc13/src/engine/EngineLoaders.o build/serial-opt-gcc13/src/engine/EngineRun.o build/serial-opt-gcc13/src/engine/EngineTurnTelemetry.o build/serial-opt-gcc13/src/app/cli/Headless.o build/serial-opt-gcc13/src/app/cli/RenderSkin.o build/serial-opt-gcc13/src/app/cli/VerifyMatch.o build/serial-opt-gcc13/src/app/cli/TurnClientCommand.o build/serial-opt-gcc13/src/app/cli/MapStudy.o build/serial-opt-gcc13/src/map/FertilityCalculator.o build/serial-opt-gcc13/src/map/FertilityField.o build/serial-opt-gcc13/src/game/Game.o build/serial-opt-gcc13/src/game/GameAI.o build/serial-opt-gcc13/src/game/Game_orders.o build/serial-opt-gcc13/src/game/orders/OrderValidation.o build/serial-opt-gcc13/src/game/Game_io.o build/serial-opt-gcc13/src/game/Game_sync.o build/serial-opt-gcc13/src/game/Game_tiling.o build/serial-opt-gcc13/src/map/MapTiling.o build/serial-opt-gcc13/src/game/Game_editor.o build/serial-opt-gcc13/src/render/GameRender.o build/serial-opt-gcc13/src/render/GameRenderUnits.o build/serial-opt-gcc13/src/render/GameRenderBuildings.o build/serial-opt-gcc13/src/render/GameRenderTerrain.o build/serial-opt-gcc13/src/render/terrain/TerrainMaterials.o build/serial-opt-gcc13/src/render/terrain/TerrainCatalogIO.o build/serial-opt-gcc13/src/render/terrain/TerrainCompositor.o build/serial-opt-gcc13/src/render/terrain/TerrainCompiledPack.o build/serial-opt-gcc13/src/render/SoftwareTerrainCache.o build/serial-opt-gcc13/src/render/MapOverlayQueue.o build/serial-opt-gcc13/src/render/MapRenderState.o build/serial-opt-gcc13/src/render/FogFade.o build/serial-opt-gcc13/src/render/scene/SceneMap.o build/serial-opt-gcc13/src/render/scene/SceneExtract.o build/serial-opt-gcc13/src/engine/sim/SimulationRunner.o build/serial-opt-gcc13/src/render/GameRenderOverlay.o build/serial-opt-gcc13/src/render/GameAnimations.o build/serial-opt-gcc13/src/game/GameEvent.o build/serial-opt-gcc13/src/building/hud/BuildingGuiState.o build/serial-opt-gcc13/src/hud/GameGUI.o build/serial-opt-gcc13/src/hud/touch/GameGUITouch.o build/serial-opt-gcc13/src/hud/touch/GameGUITouchView.o build/serial-opt-gcc13/src/hud/touch/GameGUITouchPalette.o build/serial-opt-gcc13/src/hud/touch/GameGUITouchPlacement.o build/serial-opt-gcc13/src/hud/GameGUIBuildingActions.o build/serial-opt-gcc13/src/hud/touch/GameGUITouchActions.o build/serial-opt-gcc13/src/hud/touch/TouchReadout.o build/serial-opt-gcc13/src/hud/touch/ThumbSide.o build/serial-opt-gcc13/src/hud/touch/TouchDial.o build/serial-opt-gcc13/src/hud/BrushHUD.o build/serial-opt-gcc13/src/net/ConnectionOverlay.o build/serial-opt-gcc13/src/net/turn/TurnMatchPresenter.o build/serial-opt-gcc13/src/hud/touch/GameGUITouchLens.o build/serial-opt-gcc13/src/hud/touch/GameGUITouchDial.o build/serial-opt-gcc13/src/map/editor/PhoneEditor.o build/serial-opt-gcc13/src/map/editor/PhoneEditorView.o build/serial-opt-gcc13/src/map/editor/PhoneEditorTray.o build/serial-opt-gcc13/src/hud/GameGUIDefaultAssignManager.o build/serial-opt-gcc13/src/hud/GameGUIDialog.o build/serial-opt-gcc13/src/hud/draw/GameGUIDraw.o build/serial-opt-gcc13/src/hud/draw/GameGUIDrawChoice.o build/serial-opt-gcc13/src/hud/draw/GameGUIDrawUnitInfos.o build/serial-opt-gcc13/src/hud/draw/GameGUIDrawBuildingInfos.o build/serial-opt-gcc13/src/hud/draw/GameGUIDrawBuildingHelpers.o build/serial-opt-gcc13/src/hud/draw/FailureShapes.o build/serial-opt-gcc13/src/hud/draw/GameGUIDrawMiscPanels.o build/serial-opt-gcc13/src/hud/draw/GameGUIDrawEventFeed.o build/serial-opt-gcc13/src/hud/GameGUIGhostBuildingManager.o build/serial-opt-gcc13/src/hud/input/GameGUIInput.o build/serial-opt-gcc13/src/hud/input/GameGUIInputKey.o build/serial-opt-gcc13/src/hud/input/GameGUIInputMenu.o build/serial-opt-gcc13/src/hud/input/GameGUIInputMenuClick.o build/serial-opt-gcc13/src/hud/input/GameGUIInputMenuClickBuilding.o build/serial-opt-gcc13/src/hud/input/GameGUIInputMouse.o build/serial-opt-gcc13/src/hud/input/GameGUIKeyActions.o build/serial-opt-gcc13/src/hud/LoadSaveDialog.o build/serial-opt-gcc13/src/hud/GameGUIMessageManager.o build/serial-opt-gcc13/src/hud/GameGUIOrders.o build/serial-opt-gcc13/src/audio/GameMusicController.o build/serial-opt-gcc13/src/hud/draw/GameGUIParticles.o build/serial-opt-gcc13/src/hud/GameGUIPersistence.o build/serial-opt-gcc13/src/hud/GameGUIScript.o build/serial-opt-gcc13/src/hud/GameGUISelection.o build/serial-opt-gcc13/src/hud/GameGUIStep.o build/serial-opt-gcc13/src/hud/GameGUIToolManager.o build/serial-opt-gcc13/src/hud/TeamDisplay.o build/serial-opt-gcc13/src/unit/UnitDisplayNames.o build/serial-opt-gcc13/src/game/ExperimentalFeatures.o build/serial-opt-gcc13/src/game/GameHeader.o build/serial-opt-gcc13/src/game/GameHints.o build/serial-opt-gcc13/src/game/GameObjectives.o build/serial-opt-gcc13/src/game/GameUtilities.o build/serial-opt-gcc13/src/app/cli/MapCommand.o build/serial-opt-gcc13/src/map/preview/MapRender.o build/serial-opt-gcc13/src/game/diagnostics/GameDiagnostics.o build/serial-opt-gcc13/src/map/tools/MapImage.o build/serial-opt-gcc13/src/map/tools/MapReport.o build/serial-opt-gcc13/src/ui/FrontendUI.o build/serial-opt-gcc13/src/ui/ThemeCatalog.o build/serial-opt-gcc13/src/ui/ThemePainters.o build/serial-opt-gcc13/src/ui/OnlineUI.o build/serial-opt-gcc13/src/ui/MapPictures.o build/serial-opt-gcc13/src/ui/FileListing.o build/serial-opt-gcc13/src/ui/Glob2Style.o build/serial-opt-gcc13/src/ui/FrontendTheme.o build/serial-opt-gcc13/src/ui/MenuColony.o build/serial-opt-gcc13/src/app/GlobalContainer.o build/serial-opt-gcc13/src/app/GlobalContainerArgs.o build/serial-opt-gcc13/src/map/preview/GUIMapPreview.o build/serial-opt-gcc13/src/building/IntBuildingType.o build/serial-opt-gcc13/src/ui/KeyboardManager.o build/serial-opt-gcc13/src/net/lan/screens/LANFindScreen.o build/serial-opt-gcc13/src/online/screens/QuickMatchScreen.o build/serial-opt-gcc13/src/online/screens/OnlineProfileScreen.o build/serial-opt-gcc13/src/online/screens/OnlineMapsScreen.o build/serial-opt-gcc13/src/online/screens/OnlineGeneratorsScreen.o build/serial-opt-gcc13/src/online/screens/BuildingLibraryScreen.o build/serial-opt-gcc13/src/net/lan/screens/LANMenuScreen.o build/serial-opt-gcc13/src/game/screens/LandscapePickerScreen.o build/serial-opt-gcc13/src/map/preview/LandscapePreviewer.o build/serial-opt-gcc13/src/game/screens/StartQualityScreen.o build/serial-opt-gcc13/src/ui/screens/MainMenuScreen.o build/serial-opt-gcc13/src/map/Map.o build/serial-opt-gcc13/src/map/TerrainRegistry.o build/serial-opt-gcc13/src/map/CellRules.o build/serial-opt-gcc13/src/map/MapAssetBundle.o build/serial-opt-gcc13/src/map/MapSetImport.o build/serial-opt-gcc13/src/map/editor/SetLibraryDialog.o build/serial-opt-gcc13/src/render/MapAssetSprites.o build/serial-opt-gcc13/src/map/MapTile.o build/serial-opt-gcc13/src/map/generator/compatibility/LegacyGenerationDescriptor.o build/serial-opt-gcc13/src/map/generator/MapHomogen.o build/serial-opt-gcc13/src/map/generator/core/GenerationContext.o build/serial-opt-gcc13/src/map/generator/core/GenerationService.o build/serial-opt-gcc13/src/map/generator/core/GenerationValidation.o build/serial-opt-gcc13/src/map/generator/core/GeneratorControls.o build/serial-opt-gcc13/src/map/generator/core/GeneratorRegistry.o build/serial-opt-gcc13/src/map/generator/generators/CityStatesGenerator.o build/serial-opt-gcc13/src/map/generator/generators/ConcreteIslandsGenerator.o build/serial-opt-gcc13/src/map/generator/generators/ContestedCommonsGenerator.o build/serial-opt-gcc13/src/map/generator/generators/MazeGenerator.o build/serial-opt-gcc13/src/map/generator/generators/CraterLakesGenerator.o build/serial-opt-gcc13/src/map/generator/generators/EvergladesGenerator.o build/serial-opt-gcc13/src/map/generator/generators/FjordContinentGenerator.o build/serial-opt-gcc13/src/map/generator/generators/IslandsGenerator.o build/serial-opt-gcc13/src/map/generator/generators/IslesGenerator.o build/serial-opt-gcc13/src/map/generator/generators/RingWorldGenerator.o build/serial-opt-gcc13/src/map/generator/generators/RiverGenerator.o build/serial-opt-gcc13/src/map/generator/generators/RuggedArchipelagoGenerator.o build/serial-opt-gcc13/src/map/generator/generators/ShatteredCoastGenerator.o build/serial-opt-gcc13/src/map/generator/generators/StoneHighlandsGenerator.o build/serial-opt-gcc13/src/map/generator/generators/SpiderWebGenerator.o build/serial-opt-gcc13/src/map/generator/generators/CoralGenerator.o build/serial-opt-gcc13/src/map/generator/generators/AmphitheatreGenerator.o build/serial-opt-gcc13/src/map/generator/generators/CarouselGenerator.o build/serial-opt-gcc13/src/map/generator/generators/SwitchbacksGenerator.o build/serial-opt-gcc13/src/map/generator/generators/SwampGenerator.o build/serial-opt-gcc13/src/map/generator/generators/SymmetricArenaGenerator.o build/serial-opt-gcc13/src/map/generator/generators/TidalFlatsGenerator.o build/serial-opt-gcc13/src/map/generator/generators/UniformGenerator.o build/serial-opt-gcc13/src/map/generator/generators/WatershedGenerator.o build/serial-opt-gcc13/src/map/generator/generators/LastTreelineGenerator.o build/serial-opt-gcc13/src/map/generator/generators/BastionKeysGenerator.o build/serial-opt-gcc13/src/map/generator/generators/DrownedForestGenerator.o build/serial-opt-gcc13/src/map/generator/generators/WhoAteTheMapGenerator.o build/serial-opt-gcc13/src/map/generator/generators/HungryMarchesGenerator.o build/serial-opt-gcc13/src/map/generator/generators/CombGenerator.o build/serial-opt-gcc13/src/map/generator/generators/EvenGroundGenerator.o build/serial-opt-gcc13/src/map/generator/generators/MarchlandGenerator.o build/serial-opt-gcc13/src/map/generator/generators/EncircledKingdomGenerator.o build/serial-opt-gcc13/src/map/generator/generators/OrchardCommonsGenerator.o build/serial-opt-gcc13/src/map/generator/generators/GauntletGenerator.o build/serial-opt-gcc13/src/map/generator/generators/FaultedCityGenerator.o build/serial-opt-gcc13/src/map/generator/generators/HiddenOasisGenerator.o build/serial-opt-gcc13/src/map/generator/generators/PortageLakesGenerator.o build/serial-opt-gcc13/src/map/generator/generators/CentralQuarryGenerator.o build/serial-opt-gcc13/src/map/generator/generators/BajadaGenerator.o build/serial-opt-gcc13/src/map/generator/generators/KarstTowersGenerator.o build/serial-opt-gcc13/src/map/generator/generators/HoneycombIsleGenerator.o build/serial-opt-gcc13/src/map/generator/generators/EmojiGenerator.o build/serial-opt-gcc13/src/map/generator/generators/BraidedRiverGenerator.o build/serial-opt-gcc13/src/map/generator/generators/FortsGenerator.o build/serial-opt-gcc13/src/map/generator/generators/BraidedDeltaGenerator.o build/serial-opt-gcc13/src/map/generator/generators/BreachableHighlandsGenerator.o build/serial-opt-gcc13/src/map/generator/generators/HedgerowCountryGenerator.o build/serial-opt-gcc13/src/map/generator/generators/DrumlinFieldGenerator.o build/serial-opt-gcc13/src/map/generator/generators/ContinentsGenerator.o build/serial-opt-gcc13/src/map/generator/generators/SavannahGenerator.o build/serial-opt-gcc13/src/map/generator/generators/HillsGenerator.o build/serial-opt-gcc13/src/map/generator/generators/RiceTerracesGenerator.o build/serial-opt-gcc13/src/map/generator/generators/LocustGenerator.o build/serial-opt-gcc13/src/map/generator/generators/PlantationsGenerator.o build/serial-opt-gcc13/src/map/generator/generators/HilbertRiverGenerator.o build/serial-opt-gcc13/src/map/generator/generators/FractalMapSupport.o build/serial-opt-gcc13/src/map/generator/generators/SierpinskiGardensGenerator.o build/serial-opt-gcc13/src/map/generator/generators/LavaShieldGenerator.o build/serial-opt-gcc13/src/map/generator/generators/AnthillGenerator.o build/serial-opt-gcc13/src/map/generator/generators/OldTownGenerator.o build/serial-opt-gcc13/src/map/generator/generators/PolderGenerator.o build/serial-opt-gcc13/src/map/generator/generators/CanalsGenerator.o build/serial-opt-gcc13/src/map/generator/generators/OldGrowthGenerator.o build/serial-opt-gcc13/src/map/generator/generators/RainShadowGenerator.o build/serial-opt-gcc13/src/map/generator/generators/FingerprintGenerator.o build/serial-opt-gcc13/src/map/generator/generators/GlacisGenerator.o build/serial-opt-gcc13/src/map/generator/generators/AllotmentsGenerator.o build/serial-opt-gcc13/src/map/generator/generators/CaravanseraiGenerator.o build/serial-opt-gcc13/src/map/generator/shared/legacy/Distances.o build/serial-opt-gcc13/src/map/generator/shared/HeightMap.o build/serial-opt-gcc13/src/map/generator/shared/Noise.o build/serial-opt-gcc13/src/map/generator/shared/BalancedStarts.o build/serial-opt-gcc13/src/map/generator/shared/RecursiveGeometry.o build/serial-opt-gcc13/src/map/generator/shared/Rivers.o build/serial-opt-gcc13/src/map/generator/shared/HierarchicalCrossings.o build/serial-opt-gcc13/src/map/generator/shared/Drawing.o build/serial-opt-gcc13/src/map/generator/shared/Geometry.o build/serial-opt-gcc13/src/map/generator/shared/Grid.o build/serial-opt-gcc13/src/map/generator/shared/WalkBandStarts.o build/serial-opt-gcc13/src/map/generator/shared/Walls.o build/serial-opt-gcc13/src/map/generator/shared/Farmland.o build/serial-opt-gcc13/src/map/generator/shared/Towers.o build/serial-opt-gcc13/src/map/generator/shared/WorldAtlas.o build/serial-opt-gcc13/src/map/generator/shared/WorldAtlasData.o build/serial-opt-gcc13/src/map/generator/shared/Raster.o build/serial-opt-gcc13/src/map/generator/shared/Landmass.o build/serial-opt-gcc13/src/map/generator/shared/Tessellation.o build/serial-opt-gcc13/src/map/generator/shared/GraphMaze.o build/serial-opt-gcc13/src/map/generator/shared/Orbits.o build/serial-opt-gcc13/src/map/generator/shared/Morphology.o build/serial-opt-gcc13/src/map/generator/shared/Growth.o build/serial-opt-gcc13/src/map/generator/shared/Contact.o build/serial-opt-gcc13/src/map/generator/shared/Points.o build/serial-opt-gcc13/src/map/generator/shared/Patterns.o build/serial-opt-gcc13/src/map/generator/shared/Channels.o build/serial-opt-gcc13/src/map/generator/shared/Room.o build/serial-opt-gcc13/src/map/generator/shared/Biomes.o build/serial-opt-gcc13/src/map/generator/shared/LatticeNoise.o build/serial-opt-gcc13/src/map/generator/shared/Pipeline.o build/serial-opt-gcc13/src/map/generator/shared/ClearingLandscape.o build/serial-opt-gcc13/src/map/generator/shared/Planting.o build/serial-opt-gcc13/src/map/generator/shared/Roads.o build/serial-opt-gcc13/src/map/generator/shared/Sketch.o build/serial-opt-gcc13/src/map/generator/shared/Solve.o build/serial-opt-gcc13/src/map/generator/shared/Topology.o build/serial-opt-gcc13/src/map/generator/shared/Settlements.o build/serial-opt-gcc13/src/map/generator/shared/ScoredSettlements.o build/serial-opt-gcc13/src/map/generator/shared/legacy/Regions.o build/serial-opt-gcc13/src/map/generator/shared/Resources.o build/serial-opt-gcc13/src/map/generator/shared/legacy/StartingPositions.o build/serial-opt-gcc13/src/map/generator/shared/StartDiagnostics.o build/serial-opt-gcc13/src/map/generator/shared/StartQuality.o build/serial-opt-gcc13/src/map/generator/shared/Terrain.o build/serial-opt-gcc13/src/map/gradient/BuildingGradientSearch.o build/serial-opt-gcc13/src/map/gradient/BuildingGradientStats.o build/serial-opt-gcc13/src/map/gradient/MapGradientArea.o build/serial-opt-gcc13/src/map/gradient/MapGradientBuilding.o build/serial-opt-gcc13/src/map/gradient/MapGradientChamfer.o build/serial-opt-gcc13/src/map/gradient/MapGradientDirection.o build/serial-opt-gcc13/src/map/gradient/MapGradientPropagation.o build/serial-opt-gcc13/src/map/gradient/MapGradientMaterial.o build/serial-opt-gcc13/src/map/gradient/MapGradientScheduling.o build/serial-opt-gcc13/src/map/gradient/SnapshotGradient.o build/serial-opt-gcc13/src/map/gradient/ResourceSeedCache.o build/serial-opt-gcc13/src/map/io/MapExploredAreaIO.o build/serial-opt-gcc13/src/map/io/MapIO.o build/serial-opt-gcc13/src/map/MapMisc.o build/serial-opt-gcc13/src/map/pathfind/MapPathfindArea.o build/serial-opt-gcc13/src/map/pathfind/MapPathfindPoint.o build/serial-opt-gcc13/src/map/pathfind/MapPathfindBuilding.o build/serial-opt-gcc13/src/map/pathfind/MapPathfindMaterial.o build/serial-opt-gcc13/src/map/pathfind/MapTerrainSafety.o build/serial-opt-gcc13/src/map/MapQuery.o build/serial-opt-gcc13/src/map/MapResources.o build/serial-opt-gcc13/src/map/MapResourceState.o build/serial-opt-gcc13/src/map/MapCells.o build/serial-opt-gcc13/src/map/MapStep.o build/serial-opt-gcc13/src/map/ResourceGrowth.o build/serial-opt-gcc13/src/map/MapTerrain.o build/serial-opt-gcc13/src/render/MapView.o build/serial-opt-gcc13/src/map/editor/Widgets.o build/serial-opt-gcc13/src/map/editor/WidgetsTools.o build/serial-opt-gcc13/src/map/editor/WidgetsUnit.o build/serial-opt-gcc13/src/map/editor/WidgetsBuilding.o build/serial-opt-gcc13/src/map/editor/MapEditCtor.o build/serial-opt-gcc13/src/map/editor/MapEditIO.o build/serial-opt-gcc13/src/map/editor/MapEditDraw.o build/serial-opt-gcc13/src/map/editor/MapEditEvents.o build/serial-opt-gcc13/src/map/editor/MapEditAction.o build/serial-opt-gcc13/src/map/editor/MapEditActionView.o build/serial-opt-gcc13/src/map/editor/MapEditActionTerrain.o build/serial-opt-gcc13/src/map/editor/MapEditActionUnit.o build/serial-opt-gcc13/src/map/editor/MapEditActionBuilding.o build/serial-opt-gcc13/src/map/editor/MapEditDelegate.o build/serial-opt-gcc13/src/map/editor/MapEditClicks.o build/serial-opt-gcc13/src/map/editor/MapEditTerrainPaint.o build/serial-opt-gcc13/src/map/editor/MapEditDialog.o build/serial-opt-gcc13/src/map/editor/EditorDialogs.o build/serial-opt-gcc13/src/map/editor/MapEditFlows.o build/serial-opt-gcc13/src/map/editor/MapEditKeyActions.o build/serial-opt-gcc13/src/map/editor/MapEditBrushes.o build/serial-opt-gcc13/src/map/editor/BrushCatalog.o build/serial-opt-gcc13/src/map/editor/BrushSwatches.o build/serial-opt-gcc13/src/map/editor/EditorDock.o build/serial-opt-gcc13/src/map/editor/EditorDockTerrain.o build/serial-opt-gcc13/src/map/editor/EditorDockObjects.o build/serial-opt-gcc13/src/map/editor/MapEditDock.o build/serial-opt-gcc13/src/map/editor/MapEditInspector.o build/serial-opt-gcc13/src/map/editor/MapEditPresentation.o build/serial-opt-gcc13/src/map/io/MapHeader.o build/serial-opt-gcc13/src/scripting/javascript/ScriptValue.o build/serial-opt-gcc13/src/scripting/javascript/ScriptRuntime.o build/serial-opt-gcc13/src/map/generator/javascript/GeneratorPackage.o build/serial-opt-gcc13/src/map/generator/javascript/ToolkitBinding.o build/serial-opt-gcc13/src/map/generator/javascript/ToolkitBindings0.o build/serial-opt-gcc13/src/map/generator/javascript/ToolkitBindings1.o build/serial-opt-gcc13/src/map/generator/javascript/ToolkitBindings2.o build/serial-opt-gcc13/src/map/generator/javascript/ToolkitBindings3.o build/serial-opt-gcc13/src/map/generator/javascript/ToolkitBindings4.o build/serial-opt-gcc13/src/map/generator/javascript/ToolkitBindings5.o build/serial-opt-gcc13/src/map/generator/javascript/ToolkitBindings6.o build/serial-opt-gcc13/src/map/generator/javascript/ToolkitBindings7.o build/serial-opt-gcc13/src/hive/HiveWorker.o build/serial-opt-gcc13/src/hive/HiveClient.o build/serial-opt-gcc13/src/hive/HiveObservation.o build/serial-opt-gcc13/src/hive/HiveDialog.o build/serial-opt-gcc13/src/scripting/javascript/ScriptObservations.o build/serial-opt-gcc13/src/scripting/javascript/ScriptOrders.o build/serial-opt-gcc13/src/scripting/javascript/ScriptServices.o build/serial-opt-gcc13/src/scripting/javascript/ScriptSpatial.o build/serial-opt-gcc13/src/scripting/javascript/JavaScriptMap.o build/serial-opt-gcc13/src/scripting/javascript/ScriptCommand.o build/serial-opt-gcc13/src/ai/javascript/ScriptLibrary.o build/serial-opt-gcc13/src/ui/settings/SettingsScreenCustomAIs.o build/serial-opt-gcc13/src/ui/settings/SettingsScreenCustomGenerators.o build/serial-opt-gcc13/src/ai/javascript/AIJavaScript.o build/serial-opt-gcc13/src/scripting/map/MapScript.o build/serial-opt-gcc13/src/scripting/map/MapScriptError.o build/serial-opt-gcc13/src/scripting/map/MapScriptUSL.o build/serial-opt-gcc13/src/map/io/MapThumbnail.o build/serial-opt-gcc13/src/render/overlay/MarkManager.o build/serial-opt-gcc13/src/render/Minimap.o build/serial-opt-gcc13/src/net/NetBroadcaster.o build/serial-opt-gcc13/src/net/NetBroadcastListener.o build/serial-opt-gcc13/src/net/NetConnection.o build/serial-opt-gcc13/src/net/NetEngine.o build/serial-opt-gcc13/src/net/NetListener.o build/serial-opt-gcc13/src/net/message/NetMessage.o build/serial-opt-gcc13/src/net/message/MessageRecipients.o build/serial-opt-gcc13/src/net/message/OrderMessages.o build/serial-opt-gcc13/src/net/turn/JitterBuffer.o build/serial-opt-gcc13/src/net/turn/MatchRecord.o build/serial-opt-gcc13/src/net/turn/TurnMessages.o build/serial-opt-gcc13/src/net/turn/TurnSequencer.o build/serial-opt-gcc13/src/net/turn/TurnLockstep.o build/serial-opt-gcc13/src/net/turn/TurnSession.o build/serial-opt-gcc13/src/net/turn/TurnTelemetry.o build/serial-opt-gcc13/src/map/editor/screens/NewMapScreen.o build/serial-opt-gcc13/src/game/orders/Order.o build/serial-opt-gcc13/src/game/orders/OrderBuilding.o build/serial-opt-gcc13/src/game/orders/OrderModify.o build/serial-opt-gcc13/src/game/orders/OrderMisc.o build/serial-opt-gcc13/src/render/overlay/OverlayAreas.o build/serial-opt-gcc13/src/team/stats/TeamStatChart.o build/serial-opt-gcc13/src/team/stats/MetricCatalog.o build/serial-opt-gcc13/src/team/stats/MetricSeries.o build/serial-opt-gcc13/src/render/overlay/OverlayFill.o build/serial-opt-gcc13/src/game/player/Player.o build/serial-opt-gcc13/src/unit/types/Race.o build/serial-opt-gcc13/src/replay/ReplayReader.o build/serial-opt-gcc13/src/replay/ReplayWriter.o build/serial-opt-gcc13/src/replay/ReplayTelemetry.o build/serial-opt-gcc13/src/resource/Ressource.o build/serial-opt-gcc13/src/game/rules/RulesetCatalog.o build/serial-opt-gcc13/src/game/rules/TeamLayout.o build/serial-opt-gcc13/src/resource/ResourceRegistry.o build/serial-opt-gcc13/src/render/ResourceSprites.o build/serial-opt-gcc13/src/scripting/map/ScriptEditorScreen.o build/serial-opt-gcc13/src/game/Sector.o build/serial-opt-gcc13/src/app/Settings.o build/serial-opt-gcc13/src/app/SystemLanguage.o build/serial-opt-gcc13/src/render/torus/TorusView.o build/serial-opt-gcc13/src/render/torus/TorusViewRender.o build/serial-opt-gcc13/src/hud/GameGUITorus.o build/serial-opt-gcc13/src/ui/settings/SettingsScreen.o build/serial-opt-gcc13/src/ui/screens/RecordingFilesScreen.o build/serial-opt-gcc13/src/ui/settings/SettingsScreenGeneral.o build/serial-opt-gcc13/src/ui/settings/SettingsScreenBuildings.o build/serial-opt-gcc13/src/ui/settings/SettingsScreenKeyboard.o build/serial-opt-gcc13/src/ui/settings/SettingsScreenOnline.o build/serial-opt-gcc13/src/ui/settings/SettingsScreenRecording.o build/serial-opt-gcc13/src/scripting/sgsl/Lexer.o build/serial-opt-gcc13/src/scripting/sgsl/Parser.o build/serial-opt-gcc13/src/scripting/sgsl/ParserSummon.o build/serial-opt-gcc13/src/scripting/sgsl/ParserWait.o build/serial-opt-gcc13/src/scripting/sgsl/SGSL.o build/serial-opt-gcc13/src/scripting/sgsl/StoryActions.o build/serial-opt-gcc13/src/scripting/sgsl/StoryConditions.o build/serial-opt-gcc13/src/scripting/sgsl/StoryExecute.o build/serial-opt-gcc13/src/render/clouds/SimplexNoise.o build/serial-opt-gcc13/src/audio/PlayerVoice.o build/serial-opt-gcc13/src/audio/SoundMixer.o build/serial-opt-gcc13/src/audio/MusicStream.o build/serial-opt-gcc13/src/audio/MusicProducer.o build/serial-opt-gcc13/src/audio/MusicLibrary.o build/serial-opt-gcc13/src/ui/screens/MusicLibraryScreen.o build/serial-opt-gcc13/src/ui/screens/MusicSetScreen.o build/serial-opt-gcc13/src/ui/screens/MusicImportScreen.o build/serial-opt-gcc13/src/team/Team.o build/serial-opt-gcc13/src/team/TeamSerialization.o build/serial-opt-gcc13/src/team/TeamLists.o build/serial-opt-gcc13/src/team/TeamRouting.o build/serial-opt-gcc13/src/team/TeamStep.o build/serial-opt-gcc13/src/team/stats/TeamStat.o build/serial-opt-gcc13/src/unit/Unit.o build/serial-opt-gcc13/src/unit/UnitAction.o build/serial-opt-gcc13/src/unit/UnitActivity.o build/serial-opt-gcc13/src/unit/UnitDisplacement.o build/serial-opt-gcc13/src/unit/UnitGeometry.o build/serial-opt-gcc13/src/unit/UnitMedical.o build/serial-opt-gcc13/src/unit/UnitMovement.o build/serial-opt-gcc13/src/unit/UnitSerialization.o build/serial-opt-gcc13/src/unit/render/UnitSkin.o build/serial-opt-gcc13/src/unit/render/ColonySkinPreview.o build/serial-opt-gcc13/src/unit/UnitStats.o build/serial-opt-gcc13/src/unit/types/UnitType.o build/serial-opt-gcc13/src/unit/UnitUtils.o build/serial-opt-gcc13/src/common/Utilities.o build/serial-opt-gcc13/src/audio/VoiceRecorder.o build/serial-opt-gcc13/src/team/stats/WinProbability.o build/serial-opt-gcc13/src/game/WinningConditions.o build/serial-opt-gcc13/src/app/Application.o build/serial-opt-gcc13/src/map/editor/screens/MapEditorScreen.o build/serial-opt-gcc13/src/ui/screens/MessageScreen.o build/serial-opt-gcc13/src/map/editor/screens/EditorLoadScreen.o build/serial-opt-gcc13/src/map/editor/screens/EditorGenerateScreen.o build/serial-opt-gcc13/src/game/screens/GameSessionScreen.o build/serial-opt-gcc13/src/game/screens/GameLoadScreen.o build/serial-opt-gcc13/src/ui/screens/FileImport.o build/serial-opt-gcc13/src/game/screens/SinglePlayerFlow.o build/serial-opt-gcc13/src/net/lan/screens/LANSessionScreen.o build/serial-opt-gcc13/src/net/lan/LanClient.o build/serial-opt-gcc13/src/net/lan/LanHost.o build/serial-opt-gcc13/src/net/lan/LanProtocol.o build/serial-opt-gcc13/src/net/lan/LanRoom.o build/serial-opt-gcc13/src/game/screens/MatchStartScreen.o build/serial-opt-gcc13/src/online/screens/OnlineHubScreen.o build/serial-opt-gcc13/src/online/screens/RoomMapPickerScreen.o build/serial-opt-gcc13/src/online/screens/RoomScreen.o build/serial-opt-gcc13/src/net/NetTransport.o build/serial-opt-gcc13/src/net/TcpTransport.o build/serial-opt-gcc13/src/net/NetWait.o build/serial-opt-gcc13/src/net/NetworkConfig.o build/serial-opt-gcc13/src/net/LanIdentity.o build/serial-opt-gcc13/src/net/WssTransport.o build/serial-opt-gcc13/src/online/HttpFetch.o build/serial-opt-gcc13/src/online/HttpFetchCommon.o build/serial-opt-gcc13/src/online/InstanceConfig.o build/serial-opt-gcc13/src/online/InviteLink.o build/serial-opt-gcc13/src/online/MapCache.o build/serial-opt-gcc13/src/online/MapCatalog.o build/serial-opt-gcc13/src/online/MatchSetup.o build/serial-opt-gcc13/src/online/MemoryStorage.o build/serial-opt-gcc13/src/online/OnlineHandoff.o build/serial-opt-gcc13/src/online/OnlineMatch.o build/serial-opt-gcc13/src/online/OnlineResources.o build/serial-opt-gcc13/src/online/OnlineServices.o build/serial-opt-gcc13/src/online/PlatformClient.o build/serial-opt-gcc13/src/online/PlatformClientNative.o build/serial-opt-gcc13/src/online/PlatformProtocol.o build/serial-opt-gcc13/src/online/PlatformRoom.o build/serial-opt-gcc13/src/online/RelayTransport.o build/serial-opt-gcc13/src/online/QuickMatch.o build/serial-opt-gcc13/src/online/QuickMatchShared.o build/serial-opt-gcc13/src/online/RelayProbe.o build/serial-opt-gcc13/src/online/RoomSetup.o build/serial-opt-gcc13/src/online/Sha256.o build/serial-opt-gcc13/src/online/SkinAuthorization.o build/serial-opt-gcc13/src/online/SkinDownloads.o build/serial-opt-gcc13/src/online/SkinSpriteManifest.o build/serial-opt-gcc13/src/online/SkinSprites.o build/serial-opt-gcc13/src/online/ReplayAppearance.o build/serial-opt-gcc13/src/online/SimVersion.o build/serial-opt-gcc13/src/online/UserDirectoryStorage.o build/serial-opt-gcc13/third_party/libGlob2JavaScript.a build/serial-opt-gcc13/libgag/src/libgag.a build/serial-opt-gcc13/libusl/src/libusl.a -L/home/bradley/.codex/worktrees/b625/glob2/build/serial-audit-deps/prefix/lib -L/home/bradley/.codex/worktrees/repair-tls-rejection-fixture/glob2/build/sdl3-ci-current/prefix/lib -lz -lpthread -lssl -lcrypto -lGL -lGLU -lepoxy -lfribidi build/serial-opt-gcc13/recording/prefix/lib/libavformat.a build/serial-opt-gcc13/recording/prefix/lib/libavcodec.a build/serial-opt-gcc13/recording/prefix/lib/libswscale.a build/serial-opt-gcc13/recording/prefix/lib/libswresample.a build/serial-opt-gcc13/recording/prefix/lib/libavutil.a build/serial-opt-gcc13/recording/prefix/lib/libx264.a -lva -lva-drm -ldl -lSDL3_net -lopusfile -lopus -logg -lSDL3_ttf -lSDL3_image -lspeex -lSDL3 -lwebp -lsharpyuv -lm
scons: done building targets.
