2026-10-04T07:25:18.1182530Z Current runner version: '2.337.0'
2026-10-04T07:25:18.1207674Z ##[group]Runner Image Provisioner
2026-10-04T07:25:18.1208646Z Hosted Compute Agent
2026-10-04T07:25:18.1209279Z Version: 20260901.588
2026-10-04T07:25:18.1209931Z Commit: f88ec8081b781fac6c440065ac7ff9e710ce3d0b
2026-10-04T07:25:18.1210767Z Build Date: 2026-09-01T19:56:44Z
2026-10-04T07:25:18.1211509Z Worker ID: {897c8bc4-4f14-4ab6-83c3-118b3b67820a}
2026-10-04T07:25:18.1212268Z Azure Region: eastus2
2026-10-04T07:25:18.1212872Z ##[endgroup]
2026-10-04T07:25:18.1214609Z ##[group]Operating System
2026-10-04T07:25:18.1215365Z Ubuntu
2026-10-04T07:25:18.1215935Z 24.04.5
2026-10-04T07:25:18.1216445Z LTS
2026-10-04T07:25:18.1217027Z ##[endgroup]
2026-10-04T07:25:18.1217601Z ##[group]Runner Image
2026-10-04T07:25:18.1218305Z Image: ubuntu-24.04
2026-10-04T07:25:18.1218923Z Version: 20260927.320.1
2026-10-04T07:25:18.1220253Z Included Software: https://github.com/actions/runner-images/blob/ubuntu24/20260927.320/images/ubuntu/Ubuntu2404-Readme.md
2026-10-04T07:25:18.1221809Z Image Release: https://github.com/actions/runner-images/releases/tag/ubuntu24%2F20260927.320
2026-10-04T07:25:18.1222898Z ##[endgroup]
2026-10-04T07:25:18.1226496Z ##[group]GITHUB_TOKEN Permissions
2026-10-04T07:25:18.1229019Z Actions: write
2026-10-04T07:25:18.1229656Z ArtifactMetadata: write
2026-10-04T07:25:18.1230275Z Attestations: write
2026-10-04T07:25:18.1230986Z Checks: write
2026-10-04T07:25:18.1231590Z CodeQuality: write
2026-10-04T07:25:18.1232218Z Contents: write
2026-10-04T07:25:18.1232801Z CopilotRequests: write
2026-10-04T07:25:18.1233393Z Deployments: write
2026-10-04T07:25:18.1234395Z Discussions: write
2026-10-04T07:25:18.1235035Z Drives: write
2026-10-04T07:25:18.1235645Z Issues: write
2026-10-04T07:25:18.1236211Z Metadata: read
2026-10-04T07:25:18.1236888Z Models: read
2026-10-04T07:25:18.1237542Z Packages: write
2026-10-04T07:25:18.1238100Z Pages: write
2026-10-04T07:25:18.1238681Z PullRequests: write
2026-10-04T07:25:18.1239376Z RepositoryProjects: write
2026-10-04T07:25:18.1240049Z SecurityEvents: write
2026-10-04T07:25:18.1240721Z Statuses: write
2026-10-04T07:25:18.1241291Z VulnerabilityAlerts: read
2026-10-04T07:25:18.1241884Z ##[endgroup]
2026-10-04T07:25:18.1244434Z Secret source: Actions
2026-10-04T07:25:18.1245441Z Cache mode: write
2026-10-04T07:25:18.1246469Z Prepare workflow directory
2026-10-04T07:25:18.1778156Z Prepare all required actions
2026-10-04T07:25:18.1828801Z Getting action download info
2026-10-04T07:25:18.4427868Z Download action repository 'actions/checkout@v4' (SHA:11d5960a326750d5838078e36cf38b85af677262)
2026-10-04T07:25:18.5563973Z Download action repository 'actions/download-artifact@v4' (SHA:d3f86a106a0bac45b974a628896c90dbdf5c8093)
2026-10-04T07:25:18.7601966Z Download action repository 'actions/setup-node@v4' (SHA:49933ea5288caeca8642d1e84afbd3f7d6820020)
2026-10-04T07:25:18.8529579Z Download action repository 'actions/cache@v4' (SHA:0057852bfaa89a56745cba8c7296529d2fc39830)
2026-10-04T07:25:18.9449716Z Download action repository 'actions/upload-artifact@v4' (SHA:ea165f8d65b6e75b540449e92b4886f43607fa02)
2026-10-04T07:25:19.2022602Z Complete job name: browser tests (chromium rendering)
2026-10-04T07:25:19.2986073Z ##[group]Run actions/checkout@v4
2026-10-04T07:25:19.2987318Z with:
2026-10-04T07:25:19.2988081Z   ref: f66fe1866a505bfad4ac698edb56cbca63690db3
2026-10-04T07:25:19.2989112Z   repository: Globulation2/glob2
2026-10-04T07:25:19.2998362Z   token: ***
2026-10-04T07:25:19.2999065Z   ssh-strict: true
2026-10-04T07:25:19.2999763Z   ssh-user: git
2026-10-04T07:25:19.3000474Z   persist-credentials: true
2026-10-04T07:25:19.3001266Z   clean: true
2026-10-04T07:25:19.3001989Z   sparse-checkout-cone-mode: true
2026-10-04T07:25:19.3002864Z   fetch-depth: 1
2026-10-04T07:25:19.3003553Z   fetch-tags: false
2026-10-04T07:25:19.3004451Z   show-progress: true
2026-10-04T07:25:19.3005173Z   lfs: false
2026-10-04T07:25:19.3005853Z   submodules: false
2026-10-04T07:25:19.3006568Z   set-safe-directory: true
2026-10-04T07:25:19.3007393Z   allow-unsafe-pr-checkout: false
2026-10-04T07:25:19.3008886Z env:
2026-10-04T07:25:19.3009545Z   GLOB2_DEV_MODE: isolated
2026-10-04T07:25:19.3010387Z   GLOB2_TEST_RENDERER: software
2026-10-04T07:25:19.3011180Z ##[endgroup]
2026-10-04T07:25:19.4038000Z Syncing repository: Globulation2/glob2
2026-10-04T07:25:19.4041518Z ##[group]Getting Git version info
2026-10-04T07:25:19.4043249Z Working directory is '/home/runner/work/glob2/glob2'
2026-10-04T07:25:19.4046062Z [command]/usr/bin/git version
2026-10-04T07:25:19.4111865Z git version 2.55.0
2026-10-04T07:25:19.4147651Z ##[endgroup]
2026-10-04T07:25:19.4160685Z Temporarily overriding HOME='/home/runner/work/_temp/c0c6dc86-6bdd-4fbd-a3a0-971abcf41d29' before making global git config changes
2026-10-04T07:25:19.4165732Z Adding repository directory to the temporary git global config as a safe directory
2026-10-04T07:25:19.4169722Z [command]/usr/bin/git config --global --add safe.directory /home/runner/work/glob2/glob2
2026-10-04T07:25:19.4222599Z Deleting the contents of '/home/runner/work/glob2/glob2'
2026-10-04T07:25:19.4227981Z ##[group]Initializing the repository
2026-10-04T07:25:19.4231696Z [command]/usr/bin/git init /home/runner/work/glob2/glob2
2026-10-04T07:25:19.4345595Z hint: Using 'master' as the name for the initial branch. This default branch name
2026-10-04T07:25:19.4348489Z hint: will change to "main" in Git 3.0. To configure the initial branch name
2026-10-04T07:25:19.4351306Z hint: to use in all of your new repositories, which will suppress this warning,
2026-10-04T07:25:19.4353405Z hint: call:
2026-10-04T07:25:19.4354596Z hint:
2026-10-04T07:25:19.4355936Z hint: 	git config --global init.defaultBranch <name>
2026-10-04T07:25:19.4357655Z hint:
2026-10-04T07:25:19.4359220Z hint: Names commonly chosen instead of 'master' are 'main', 'trunk' and
2026-10-04T07:25:19.4361856Z hint: 'development'. The just-created branch can be renamed via this command:
2026-10-04T07:25:19.4363977Z hint:
2026-10-04T07:25:19.4365260Z hint: 	git branch -m <name>
2026-10-04T07:25:19.4366530Z hint:
2026-10-04T07:25:19.4368437Z hint: Disable this message with "git config set advice.defaultBranchName false"
2026-10-04T07:25:19.4371302Z Initialized empty Git repository in /home/runner/work/glob2/glob2/.git/
2026-10-04T07:25:19.4375992Z [command]/usr/bin/git remote add origin https://github.com/Globulation2/glob2
2026-10-04T07:25:19.4416291Z ##[endgroup]
2026-10-04T07:25:19.4418433Z ##[group]Disabling automatic garbage collection
2026-10-04T07:25:19.4420423Z [command]/usr/bin/git config --local gc.auto 0
2026-10-04T07:25:19.4454505Z ##[endgroup]
2026-10-04T07:25:19.4456562Z ##[group]Setting up auth
2026-10-04T07:25:19.4460726Z [command]/usr/bin/git config --local --name-only --get-regexp core\.sshCommand
2026-10-04T07:25:19.4496898Z [command]/usr/bin/git submodule foreach --recursive sh -c "git config --local --name-only --get-regexp 'core\.sshCommand' && git config --local --unset-all 'core.sshCommand' || :"
2026-10-04T07:25:19.4901073Z [command]/usr/bin/git config --local --name-only --get-regexp http\.https\:\/\/github\.com\/\.extraheader
2026-10-04T07:25:19.4945263Z [command]/usr/bin/git submodule foreach --recursive sh -c "git config --local --name-only --get-regexp 'http\.https\:\/\/github\.com\/\.extraheader' && git config --local --unset-all 'http.https://github.com/.extraheader' || :"
2026-10-04T07:25:19.5177314Z [command]/usr/bin/git config --local --name-only --get-regexp ^includeIf\.gitdir:
2026-10-04T07:25:19.5215506Z [command]/usr/bin/git submodule foreach --recursive git config --local --show-origin --name-only --get-regexp remote.origin.url
2026-10-04T07:25:19.5451074Z [command]/usr/bin/git config --local http.https://github.com/.extraheader AUTHORIZATION: basic ***
2026-10-04T07:25:19.5512959Z ##[endgroup]
2026-10-04T07:25:19.5515890Z ##[group]Fetching the repository
2026-10-04T07:25:19.5519493Z [command]/usr/bin/git -c protocol.version=2 fetch --no-tags --prune --no-recurse-submodules --depth=1 origin f66fe1866a505bfad4ac698edb56cbca63690db3
2026-10-04T07:25:23.0327769Z From https://github.com/Globulation2/glob2
2026-10-04T07:25:23.0329512Z  * branch            f66fe1866a505bfad4ac698edb56cbca63690db3 -> FETCH_HEAD
2026-10-04T07:25:23.0332635Z ##[endgroup]
2026-10-04T07:25:23.0333599Z ##[group]Determining the checkout info
2026-10-04T07:25:23.0336673Z ##[endgroup]
2026-10-04T07:25:23.0343036Z [command]/usr/bin/git sparse-checkout disable
2026-10-04T07:25:23.0400281Z [command]/usr/bin/git config --local --unset-all extensions.worktreeConfig
2026-10-04T07:25:23.0433654Z ##[group]Checking out the ref
2026-10-04T07:25:23.0445367Z [command]/usr/bin/git checkout --progress --force f66fe1866a505bfad4ac698edb56cbca63690db3
2026-10-04T07:25:24.0610415Z Updating files:  76% (10611/13874)
2026-10-04T07:25:24.0735452Z Updating files:  77% (10683/13874)
2026-10-04T07:25:24.0884398Z Updating files:  78% (10822/13874)
2026-10-04T07:25:24.1013379Z Updating files:  79% (10961/13874)
2026-10-04T07:25:24.1161337Z Updating files:  80% (11100/13874)
2026-10-04T07:25:24.1269338Z Updating files:  81% (11238/13874)
2026-10-04T07:25:24.2113467Z Updating files:  82% (11377/13874)
2026-10-04T07:25:24.2200598Z Updating files:  83% (11516/13874)
2026-10-04T07:25:24.2266452Z Updating files:  84% (11655/13874)
2026-10-04T07:25:24.2343339Z Updating files:  85% (11793/13874)
2026-10-04T07:25:24.2472700Z Updating files:  86% (11932/13874)
2026-10-04T07:25:24.2603572Z Updating files:  87% (12071/13874)
2026-10-04T07:25:24.2691554Z Updating files:  88% (12210/13874)
2026-10-04T07:25:24.2796935Z Updating files:  89% (12348/13874)
2026-10-04T07:25:24.2905031Z Updating files:  90% (12487/13874)
2026-10-04T07:25:24.3066272Z Updating files:  91% (12626/13874)
2026-10-04T07:25:24.3169809Z Updating files:  92% (12765/13874)
2026-10-04T07:25:24.3266498Z Updating files:  93% (12903/13874)
2026-10-04T07:25:24.3360350Z Updating files:  94% (13042/13874)
2026-10-04T07:25:24.3450892Z Updating files:  95% (13181/13874)
2026-10-04T07:25:24.3815320Z Updating files:  96% (13320/13874)
2026-10-04T07:25:24.4148169Z Updating files:  97% (13458/13874)
2026-10-04T07:25:24.4321532Z Updating files:  98% (13597/13874)
2026-10-04T07:25:24.4448015Z Updating files:  99% (13736/13874)
2026-10-04T07:25:24.4448624Z Updating files: 100% (13874/13874)
2026-10-04T07:25:24.4455459Z Updating files: 100% (13874/13874), done.
2026-10-04T07:25:24.4557329Z Note: switching to 'f66fe1866a505bfad4ac698edb56cbca63690db3'.
2026-10-04T07:25:24.4557784Z 
2026-10-04T07:25:24.4558158Z You are in 'detached HEAD' state. You can look around, make experimental
2026-10-04T07:25:24.4558812Z changes and commit them, and you can discard any commits you make in this
2026-10-04T07:25:24.4559307Z state without impacting any branches by switching back to a branch.
2026-10-04T07:25:24.4559586Z 
2026-10-04T07:25:24.4559779Z If you want to create a new branch to retain commits you create, you may
2026-10-04T07:25:24.4560461Z do so (now or later) by using -c with the switch command. Example:
2026-10-04T07:25:24.4560926Z 
2026-10-04T07:25:24.4561112Z   git switch -c <new-branch-name>
2026-10-04T07:25:24.4561528Z 
2026-10-04T07:25:24.4561702Z Or undo this operation with:
2026-10-04T07:25:24.4561989Z 
2026-10-04T07:25:24.4562170Z   git switch -
2026-10-04T07:25:24.4562663Z 
2026-10-04T07:25:24.4563071Z Turn off this advice by setting config variable advice.detachedHead to false
2026-10-04T07:25:24.4563615Z 
2026-10-04T07:25:24.4564297Z HEAD is now at f66fe18 Fix Windows recording publication and LAN departure delivery (#695)
2026-10-04T07:25:24.4595787Z ##[endgroup]
2026-10-04T07:25:24.4651004Z [command]/usr/bin/git log -1 --format=%H
2026-10-04T07:25:24.4681172Z f66fe1866a505bfad4ac698edb56cbca63690db3
2026-10-04T07:25:24.4932229Z ##[group]Run actions/download-artifact@v4
2026-10-04T07:25:24.4932548Z with:
2026-10-04T07:25:24.4932740Z   name: web-client
2026-10-04T07:25:24.4932966Z   path: build/emscripten/client/release
2026-10-04T07:25:24.4933248Z   merge-multiple: false
2026-10-04T07:25:24.4933484Z   repository: Globulation2/glob2
2026-10-04T07:25:24.4933728Z   run-id: 37184200265
2026-10-04T07:25:24.4934315Z env:
2026-10-04T07:25:24.4934503Z   GLOB2_DEV_MODE: isolated
2026-10-04T07:25:24.4934739Z   GLOB2_TEST_RENDERER: software
2026-10-04T07:25:24.4934973Z ##[endgroup]
2026-10-04T07:25:24.6415902Z Downloading single artifact
2026-10-04T07:25:24.6596189Z (node:2321) [DEP0040] DeprecationWarning: The `punycode` module is deprecated. Please use a userland alternative instead.
2026-10-04T07:25:24.6597086Z (Use `node --trace-deprecation ...` to show where the warning was created)
2026-10-04T07:25:24.7473792Z Preparing to download the following artifacts:
2026-10-04T07:25:24.7475086Z - web-client (ID: 11296257818, Size: 144038099, Expected Digest: sha256:100f47e523b2282dd48fb7a516bd2a1f8e845c15b27257aade507efdd00fe143)
2026-10-04T07:25:24.8847546Z Redirecting to blob download url: https://productionresultssa1.blob.core.windows.net/actions-results/0877a26b-5953-46b2-8afc-292ce180aed2/workflow-job-run-fa9379d9-3eb3-5362-b4b1-8640f8cda831/artifacts/278290161bdc18b74f81bc21bbf56d461b1aa5a01dc25b928b985b3f38a8fa2c.zip
2026-10-04T07:25:24.8850118Z Starting download of artifact to: /home/runner/work/glob2/glob2/build/emscripten/client/release
2026-10-04T07:25:24.9802271Z (node:2321) [DEP0005] DeprecationWarning: Buffer() is deprecated due to security and usability issues. Please use the Buffer.alloc(), Buffer.allocUnsafe(), or Buffer.from() methods instead.
2026-10-04T07:25:27.3659928Z SHA256 digest of downloaded artifact is 100f47e523b2282dd48fb7a516bd2a1f8e845c15b27257aade507efdd00fe143
2026-10-04T07:25:27.3660951Z Artifact download completed successfully.
2026-10-04T07:25:27.3661515Z Total of 1 artifact(s) downloaded
2026-10-04T07:25:27.3668378Z Download artifact has finished successfully
2026-10-04T07:25:27.3841042Z ##[group]Run actions/download-artifact@v4
2026-10-04T07:25:27.3841361Z with:
2026-10-04T07:25:27.3841559Z   name: web-native
2026-10-04T07:25:27.3841784Z   path: artifacts/ci-native
2026-10-04T07:25:27.3842044Z   merge-multiple: false
2026-10-04T07:25:27.3842285Z   repository: Globulation2/glob2
2026-10-04T07:25:27.3842552Z   run-id: 37184200265
2026-10-04T07:25:27.3842758Z env:
2026-10-04T07:25:27.3842947Z   GLOB2_DEV_MODE: isolated
2026-10-04T07:25:27.3843193Z   GLOB2_TEST_RENDERER: software
2026-10-04T07:25:27.3843430Z ##[endgroup]
2026-10-04T07:25:27.5326690Z Downloading single artifact
2026-10-04T07:25:27.5505469Z (node:2333) [DEP0040] DeprecationWarning: The `punycode` module is deprecated. Please use a userland alternative instead.
2026-10-04T07:25:27.5506741Z (Use `node --trace-deprecation ...` to show where the warning was created)
2026-10-04T07:25:27.6473527Z Preparing to download the following artifacts:
2026-10-04T07:25:27.6475754Z - web-native (ID: 11296242851, Size: 30753523, Expected Digest: sha256:1b6884ad16b34a81f8f52f007836e58955e2accc96383689bba88bea80c225c0)
2026-10-04T07:25:27.7687959Z Redirecting to blob download url: https://productionresultssa1.blob.core.windows.net/actions-results/0877a26b-5953-46b2-8afc-292ce180aed2/workflow-job-run-ce207ec8-6828-529a-af3d-5ddb257d69ca/artifacts/a9765a6f67c06a35469388e814d351f1a826a8ac21a61f542cd7a22b6ebfefbe.zip
2026-10-04T07:25:27.7689790Z Starting download of artifact to: /home/runner/work/glob2/glob2/artifacts/ci-native
2026-10-04T07:25:27.8507099Z (node:2333) [DEP0005] DeprecationWarning: Buffer() is deprecated due to security and usability issues. Please use the Buffer.alloc(), Buffer.allocUnsafe(), or Buffer.from() methods instead.
2026-10-04T07:25:28.2537188Z SHA256 digest of downloaded artifact is 1b6884ad16b34a81f8f52f007836e58955e2accc96383689bba88bea80c225c0
2026-10-04T07:25:28.2538244Z Artifact download completed successfully.
2026-10-04T07:25:28.2538797Z Total of 1 artifact(s) downloaded
2026-10-04T07:25:28.2543434Z Download artifact has finished successfully
2026-10-04T07:25:28.2721220Z ##[group]Run tar -xzf artifacts/ci-native/web-native.tar.gz
2026-10-04T07:25:28.2721748Z [36;1mtar -xzf artifacts/ci-native/web-native.tar.gz[0m
2026-10-04T07:25:28.3001167Z shell: /usr/bin/bash -e {0}
2026-10-04T07:25:28.3001518Z env:
2026-10-04T07:25:28.3002011Z   GLOB2_DEV_MODE: isolated
2026-10-04T07:25:28.3002314Z   GLOB2_TEST_RENDERER: software
2026-10-04T07:25:28.3002613Z ##[endgroup]
2026-10-04T07:25:28.8442693Z ##[group]Run sudo apt-get update -qq
2026-10-04T07:25:28.8443075Z [36;1msudo apt-get update -qq[0m
2026-10-04T07:25:28.8443609Z [36;1mxargs sudo apt-get install -y --no-install-recommends < artifacts/ci-native/runtime-packages.txt[0m
2026-10-04T07:25:28.8444858Z [36;1msudo apt-get install -y --no-install-recommends python3 libgl1 libglu1-mesa libepoxy0 libgl1-mesa-dri xvfb xauth openbox x11-utils gdb[0m
2026-10-04T07:25:28.8445727Z [36;1mpython3 .github/scripts/linux_runtime_packages.py build/linux/client/release --verify[0m
2026-10-04T07:25:28.8508329Z shell: /usr/bin/bash -e {0}
2026-10-04T07:25:28.8508598Z env:
2026-10-04T07:25:28.8508805Z   GLOB2_DEV_MODE: isolated
2026-10-04T07:25:28.8509064Z   GLOB2_TEST_RENDERER: software
2026-10-04T07:25:28.8509313Z ##[endgroup]
2026-10-04T07:25:34.6518109Z Reading package lists...
2026-10-04T07:25:34.8547640Z Building dependency tree...
2026-10-04T07:25:34.8554729Z Reading state information...
2026-10-04T07:25:34.9961283Z libbrotli1 is already the newest version (1.1.0-2build2).
2026-10-04T07:25:34.9962161Z libbrotli1 set to manually installed.
2026-10-04T07:25:34.9962888Z libbsd0 is already the newest version (0.12.1-1build1.1).
2026-10-04T07:25:34.9963484Z libbsd0 set to manually installed.
2026-10-04T07:25:34.9964070Z libbz2-1.0 is already the newest version (1.0.8-5.1ubuntu0.1).
2026-10-04T07:25:34.9965020Z libbz2-1.0 set to manually installed.
2026-10-04T07:25:34.9965574Z libc6 is already the newest version (2.39-0ubuntu8.9).
2026-10-04T07:25:34.9966254Z libdrm2 is already the newest version (2.4.125-1ubuntu0.1~24.04.2).
2026-10-04T07:25:34.9966884Z libdrm2 set to manually installed.
2026-10-04T07:25:34.9967432Z libepoxy0 is already the newest version (1.5.10-1build1).
2026-10-04T07:25:34.9968023Z libepoxy0 set to manually installed.
2026-10-04T07:25:34.9968522Z libfreetype6 is already the newest version (2.13.2+dfsg-1ubuntu0.1).
2026-10-04T07:25:34.9968945Z libfreetype6 set to manually installed.
2026-10-04T07:25:34.9969328Z libfribidi0 is already the newest version (1.0.13-3build1).
2026-10-04T07:25:34.9969713Z libfribidi0 set to manually installed.
2026-10-04T07:25:34.9970117Z libgcc-s1 is already the newest version (14.2.0-4ubuntu2~24.04.1).
2026-10-04T07:25:34.9970556Z libgl1 is already the newest version (1.7.0-1build1).
2026-10-04T07:25:34.9971073Z libgl1 set to manually installed.
2026-10-04T07:25:34.9971611Z libglvnd0 is already the newest version (1.7.0-1build1).
2026-10-04T07:25:34.9972152Z libglvnd0 set to manually installed.
2026-10-04T07:25:34.9972483Z libglx0 is already the newest version (1.7.0-1build1).
2026-10-04T07:25:34.9972824Z libglx0 set to manually installed.
2026-10-04T07:25:34.9973156Z libmd0 is already the newest version (1.1.0-2build1.1).
2026-10-04T07:25:34.9973496Z libmd0 set to manually installed.
2026-10-04T07:25:34.9973814Z libogg0 is already the newest version (1.3.5-3build1).
2026-10-04T07:25:34.9974317Z libogg0 set to manually installed.
2026-10-04T07:25:34.9974687Z libpng16-16t64 is already the newest version (1.6.43-5ubuntu0.6).
2026-10-04T07:25:34.9975093Z libpng16-16t64 set to manually installed.
2026-10-04T07:25:34.9975484Z libstdc++6 is already the newest version (14.2.0-4ubuntu2~24.04.1).
2026-10-04T07:25:34.9975939Z libvorbis0a is already the newest version (1.3.7-1build3).
2026-10-04T07:25:34.9976305Z libvorbis0a set to manually installed.
2026-10-04T07:25:34.9976666Z libvorbisfile3 is already the newest version (1.3.7-1build3).
2026-10-04T07:25:34.9977052Z libvorbisfile3 set to manually installed.
2026-10-04T07:25:34.9977406Z libx11-6 is already the newest version (2:1.8.7-1build1).
2026-10-04T07:25:34.9977762Z libx11-6 set to manually installed.
2026-10-04T07:25:34.9978087Z libxau6 is already the newest version (1:1.0.9-1build6).
2026-10-04T07:25:34.9978431Z libxau6 set to manually installed.
2026-10-04T07:25:34.9978756Z libxcb1 is already the newest version (1.15-1ubuntu2).
2026-10-04T07:25:34.9979439Z libxcb1 set to manually installed.
2026-10-04T07:25:34.9979974Z libxdmcp6 is already the newest version (1:1.1.3-0ubuntu6).
2026-10-04T07:25:34.9980348Z libxdmcp6 set to manually installed.
2026-10-04T07:25:34.9980704Z zlib1g is already the newest version (1:1.3.dfsg-3.1ubuntu2.2).
2026-10-04T07:25:34.9981128Z The following additional packages will be installed:
2026-10-04T07:25:34.9981479Z   libssl-dev openssl
2026-10-04T07:25:34.9981710Z Suggested packages:
2026-10-04T07:25:34.9981982Z   speex libssl-doc
2026-10-04T07:25:34.9982210Z Recommended packages:
2026-10-04T07:25:34.9982464Z   va-driver-all | va-driver
2026-10-04T07:25:35.0191176Z The following NEW packages will be installed:
2026-10-04T07:25:35.0193319Z   libspeex1 libva-drm2 libva2
2026-10-04T07:25:35.0199829Z The following packages will be upgraded:
2026-10-04T07:25:35.0202077Z   libssl-dev libssl3t64 openssl
2026-10-04T07:25:35.0362314Z 3 upgraded, 3 newly installed, 0 to remove and 22 not upgraded.
2026-10-04T07:25:35.0362951Z Need to get 5491 kB of archives.
2026-10-04T07:25:35.0363359Z After this operation, 411 kB of additional disk space will be used.
2026-10-04T07:25:35.0363824Z Get:1 file:/etc/apt/apt-mirrors.txt Mirrorlist [144 B]
2026-10-04T07:25:35.0849792Z Get:2 http://azure.archive.ubuntu.com/ubuntu noble-updates/main amd64 libssl-dev amd64 3.0.13-0ubuntu3.16 [2409 kB]
2026-10-04T07:25:35.1948941Z Get:3 http://azure.archive.ubuntu.com/ubuntu noble-updates/main amd64 libssl3t64 amd64 3.0.13-0ubuntu3.16 [1945 kB]
2026-10-04T07:25:35.2708545Z Get:4 http://azure.archive.ubuntu.com/ubuntu noble-updates/main amd64 openssl amd64 3.0.13-0ubuntu3.16 [1004 kB]
2026-10-04T07:25:35.3310129Z Get:5 http://azure.archive.ubuntu.com/ubuntu noble-updates/main amd64 libspeex1 amd64 1.2.1-2ubuntu2.24.04.1 [59.6 kB]
2026-10-04T07:25:35.3519374Z Get:6 http://azure.archive.ubuntu.com/ubuntu noble-updates/universe amd64 libva2 amd64 2.20.0-2ubuntu0.2 [66.4 kB]
2026-10-04T07:25:35.3737454Z Get:7 http://azure.archive.ubuntu.com/ubuntu noble-updates/universe amd64 libva-drm2 amd64 2.20.0-2ubuntu0.2 [7124 B]
2026-10-04T07:25:35.6191028Z Fetched 5491 kB in 0s (15.8 MB/s)
2026-10-04T07:25:35.6738276Z (Reading database ... 
2026-10-04T07:25:35.6739087Z (Reading database ... 5%
2026-10-04T07:25:35.6739782Z (Reading database ... 10%
2026-10-04T07:25:35.6740260Z (Reading database ... 15%
2026-10-04T07:25:35.6740695Z (Reading database ... 20%
2026-10-04T07:25:35.6741077Z (Reading database ... 25%
2026-10-04T07:25:35.6741365Z (Reading database ... 30%
2026-10-04T07:25:35.6741636Z (Reading database ... 35%
2026-10-04T07:25:35.6742215Z (Reading database ... 40%
2026-10-04T07:25:35.6742656Z (Reading database ... 45%
2026-10-04T07:25:35.6743094Z (Reading database ... 50%
2026-10-04T07:25:35.6793262Z (Reading database ... 55%
2026-10-04T07:25:35.8071116Z (Reading database ... 60%
2026-10-04T07:25:35.9964449Z (Reading database ... 65%
2026-10-04T07:25:36.2059112Z (Reading database ... 70%
2026-10-04T07:25:36.4059243Z (Reading database ... 75%
2026-10-04T07:25:36.5473592Z (Reading database ... 80%
2026-10-04T07:25:36.7534527Z (Reading database ... 85%
2026-10-04T07:25:36.9452205Z (Reading database ... 90%
2026-10-04T07:25:37.1119043Z (Reading database ... 95%
2026-10-04T07:25:37.1119662Z (Reading database ... 100%
2026-10-04T07:25:37.1120425Z (Reading database ... 202296 files and directories currently installed.)
2026-10-04T07:25:37.1161960Z Preparing to unpack .../libssl-dev_3.0.13-0ubuntu3.16_amd64.deb ...
2026-10-04T07:25:37.1204824Z Unpacking libssl-dev:amd64 (3.0.13-0ubuntu3.16) over (3.0.13-0ubuntu3.15) ...
2026-10-04T07:25:37.2385050Z Preparing to unpack .../libssl3t64_3.0.13-0ubuntu3.16_amd64.deb ...
2026-10-04T07:25:37.2423150Z Unpacking libssl3t64:amd64 (3.0.13-0ubuntu3.16) over (3.0.13-0ubuntu3.15) ...
2026-10-04T07:25:37.3032753Z Setting up libssl3t64:amd64 (3.0.13-0ubuntu3.16) ...
2026-10-04T07:25:37.3345792Z (Reading database ... 
2026-10-04T07:25:37.3346458Z (Reading database ... 5%
2026-10-04T07:25:37.3347164Z (Reading database ... 10%
2026-10-04T07:25:37.3348161Z (Reading database ... 15%
2026-10-04T07:25:37.3348836Z (Reading database ... 20%
2026-10-04T07:25:37.3349648Z (Reading database ... 25%
2026-10-04T07:25:37.3350236Z (Reading database ... 30%
2026-10-04T07:25:37.3350862Z (Reading database ... 35%
2026-10-04T07:25:37.3351443Z (Reading database ... 40%
2026-10-04T07:25:37.3352029Z (Reading database ... 45%
2026-10-04T07:25:37.3352601Z (Reading database ... 50%
2026-10-04T07:25:37.3353901Z (Reading database ... 55%
2026-10-04T07:25:37.3472369Z (Reading database ... 60%
2026-10-04T07:25:37.3499599Z (Reading database ... 65%
2026-10-04T07:25:37.3521161Z (Reading database ... 70%
2026-10-04T07:25:37.3558102Z (Reading database ... 75%
2026-10-04T07:25:37.3588622Z (Reading database ... 80%
2026-10-04T07:25:37.3615626Z (Reading database ... 85%
2026-10-04T07:25:37.3770949Z (Reading database ... 90%
2026-10-04T07:25:37.4015649Z (Reading database ... 95%
2026-10-04T07:25:37.4016185Z (Reading database ... 100%
2026-10-04T07:25:37.4016772Z (Reading database ... 202296 files and directories currently installed.)
2026-10-04T07:25:37.4055441Z Preparing to unpack .../openssl_3.0.13-0ubuntu3.16_amd64.deb ...
2026-10-04T07:25:37.4078865Z Unpacking openssl (3.0.13-0ubuntu3.16) over (3.0.13-0ubuntu3.15) ...
2026-10-04T07:25:37.5171346Z Selecting previously unselected package libspeex1:amd64.
2026-10-04T07:25:37.5297294Z Preparing to unpack .../libspeex1_1.2.1-2ubuntu2.24.04.1_amd64.deb ...
2026-10-04T07:25:37.5309040Z Unpacking libspeex1:amd64 (1.2.1-2ubuntu2.24.04.1) ...
2026-10-04T07:25:37.5517643Z Selecting previously unselected package libva2:amd64.
2026-10-04T07:25:37.5642537Z Preparing to unpack .../libva2_2.20.0-2ubuntu0.2_amd64.deb ...
2026-10-04T07:25:37.5652182Z Unpacking libva2:amd64 (2.20.0-2ubuntu0.2) ...
2026-10-04T07:25:37.5867542Z Selecting previously unselected package libva-drm2:amd64.
2026-10-04T07:25:37.5990440Z Preparing to unpack .../libva-drm2_2.20.0-2ubuntu0.2_amd64.deb ...
2026-10-04T07:25:37.6002003Z Unpacking libva-drm2:amd64 (2.20.0-2ubuntu0.2) ...
2026-10-04T07:25:37.6380317Z Setting up libspeex1:amd64 (1.2.1-2ubuntu2.24.04.1) ...
2026-10-04T07:25:37.6403242Z Setting up libva2:amd64 (2.20.0-2ubuntu0.2) ...
2026-10-04T07:25:37.6425205Z Setting up libssl-dev:amd64 (3.0.13-0ubuntu3.16) ...
2026-10-04T07:25:37.6445085Z Setting up libva-drm2:amd64 (2.20.0-2ubuntu0.2) ...
2026-10-04T07:25:37.6463822Z Setting up openssl (3.0.13-0ubuntu3.16) ...
2026-10-04T07:25:37.6507488Z Processing triggers for man-db (2.12.0-4build2) ...
2026-10-04T07:25:37.6528739Z Not building database; man-db/auto-update is not 'true'.
2026-10-04T07:25:37.6542746Z Processing triggers for libc-bin (2.39-0ubuntu8.9) ...
2026-10-04T07:25:38.2190123Z 
2026-10-04T07:25:38.2190653Z Running kernel seems to be up-to-date.
2026-10-04T07:25:38.2190960Z 
2026-10-04T07:25:38.2191071Z Restarting services...
2026-10-04T07:25:38.2653524Z  /etc/needrestart/restart.d/systemd-manager
2026-10-04T07:25:38.5942475Z  systemctl restart packagekit.service php8.3-fpm.service systemd-journald.service systemd-networkd.service systemd-resolved.service systemd-udevd.service udisks2.service
2026-10-04T07:25:38.7643054Z 
2026-10-04T07:25:38.7643616Z Service restarts being deferred:
2026-10-04T07:25:38.7644628Z  systemctl restart hosted-compute-agent.service
2026-10-04T07:25:38.7645322Z  systemctl restart systemd-logind.service
2026-10-04T07:25:38.7646072Z  systemctl restart walinuxagent.service
2026-10-04T07:25:38.7646534Z 
2026-10-04T07:25:38.7646950Z No containers need to be restarted.
2026-10-04T07:25:38.7647249Z 
2026-10-04T07:25:38.7647564Z User sessions running outdated binaries:
2026-10-04T07:25:38.7648159Z  runner @ user manager service: systemd[1160]
2026-10-04T07:25:38.7740985Z 
2026-10-04T07:25:38.7742179Z No VM guests are running outdated hypervisor (qemu) binaries on this host.
2026-10-04T07:25:39.7729475Z Reading package lists...
2026-10-04T07:25:39.9885412Z Building dependency tree...
2026-10-04T07:25:39.9893198Z Reading state information...
2026-10-04T07:25:40.1722222Z python3 is already the newest version (3.12.3-0ubuntu2.1).
2026-10-04T07:25:40.1723677Z libgl1 is already the newest version (1.7.0-1build1).
2026-10-04T07:25:40.1724976Z libepoxy0 is already the newest version (1.5.10-1build1).
2026-10-04T07:25:40.1725812Z xvfb is already the newest version (2:21.1.12-1ubuntu1.8).
2026-10-04T07:25:40.1726608Z xauth is already the newest version (1:1.1.2-1build1).
2026-10-04T07:25:40.1727312Z xauth set to manually installed.
2026-10-04T07:25:40.1727971Z The following additional packages will be installed:
2026-10-04T07:25:40.1728935Z   fonts-urw-base35 libbabeltrace1 libdebuginfod-common libdebuginfod1t64
2026-10-04T07:25:40.1730060Z   libgbm1 libgif7 libglx-mesa0 libgs-common libgs10 libgs10-common libhwy1t64
2026-10-04T07:25:40.1731064Z   libid3tag0 libidn12 libijs-0.35 libimlib2t64 libipt2 libjbig2dec0 libjxl0.7
2026-10-04T07:25:40.1731981Z   libobrender32v5 libobt2v5 libopengl0 libpangoxft-1.0-0 libpaper1 librsvg2-2
2026-10-04T07:25:40.1732861Z   libsource-highlight-common libsource-highlight4t64 libspectre1
2026-10-04T07:25:40.1733758Z   libstartup-notification0 libxcb-shape0 libxcb-util1 libxv1 libxxf86dga1
2026-10-04T07:25:40.1734720Z   mesa-libgallium poppler-data xfonts-encodings xfonts-utils
2026-10-04T07:25:40.1738776Z Suggested packages:
2026-10-04T07:25:40.1739362Z   fonts-freefont-otf | fonts-freefont-ttf fonts-texgyre gdb-doc gdbserver
2026-10-04T07:25:40.1739970Z   librsvg2-bin tint2 openbox-gnome-session openbox-kde-session poppler-utils
2026-10-04T07:25:40.1740538Z   ghostscript fonts-japanese-mincho | fonts-ipafont-mincho
2026-10-04T07:25:40.1741051Z   fonts-japanese-gothic | fonts-ipafont-gothic fonts-arphic-ukai
2026-10-04T07:25:40.1741502Z   fonts-arphic-uming fonts-nanum mesa-utils
2026-10-04T07:25:40.1741836Z Recommended packages:
2026-10-04T07:25:40.1742208Z   libc-dbg fonts-droid-fallback libpaper-utils librsvg2-common obconf
2026-10-04T07:25:40.1742642Z   | obconf-qt scrot luit
2026-10-04T07:25:40.2078254Z The following NEW packages will be installed:
2026-10-04T07:25:40.2080433Z   fonts-urw-base35 gdb libbabeltrace1 libdebuginfod-common libdebuginfod1t64
2026-10-04T07:25:40.2081587Z   libgif7 libglu1-mesa libgs-common libgs10 libgs10-common libhwy1t64
2026-10-04T07:25:40.2082427Z   libid3tag0 libidn12 libijs-0.35 libimlib2t64 libipt2 libjbig2dec0 libjxl0.7
2026-10-04T07:25:40.2083924Z   libobrender32v5 libobt2v5 libopengl0 libpangoxft-1.0-0 libpaper1 librsvg2-2
2026-10-04T07:25:40.2084969Z   libsource-highlight-common libsource-highlight4t64 libspectre1
2026-10-04T07:25:40.2086121Z   libstartup-notification0 libxcb-shape0 libxcb-util1 libxv1 libxxf86dga1
2026-10-04T07:25:40.2088120Z   openbox poppler-data x11-utils xfonts-encodings xfonts-utils
2026-10-04T07:25:40.2093048Z The following packages will be upgraded:
2026-10-04T07:25:40.2098241Z   libgbm1 libgl1-mesa-dri libglx-mesa0 mesa-libgallium
2026-10-04T07:25:40.2285209Z 4 upgraded, 37 newly installed, 0 to remove and 18 not upgraded.
2026-10-04T07:25:40.2285902Z Need to get 38.9 MB of archives.
2026-10-04T07:25:40.2286325Z After this operation, 89.4 MB of additional disk space will be used.
2026-10-04T07:25:40.2286796Z Get:1 file:/etc/apt/apt-mirrors.txt Mirrorlist [144 B]
2026-10-04T07:25:40.4598031Z Get:2 http://azure.archive.ubuntu.com/ubuntu noble-updates/main amd64 libdebuginfod-common all 0.190-1.1ubuntu0.1 [14.6 kB]
2026-10-04T07:25:40.6662372Z Get:3 http://azure.archive.ubuntu.com/ubuntu noble/main amd64 poppler-data all 0.4.12-1 [2060 kB]
2026-10-04T07:25:41.4523344Z Get:4 http://azure.archive.ubuntu.com/ubuntu noble/main amd64 xfonts-encodings all 1:1.0.5-0ubuntu2 [578 kB]
2026-10-04T07:25:41.5757535Z Get:5 http://azure.archive.ubuntu.com/ubuntu noble/main amd64 xfonts-utils amd64 1:7.7+6build3 [94.4 kB]
2026-10-04T07:25:41.6818191Z Get:6 http://azure.archive.ubuntu.com/ubuntu noble/main amd64 fonts-urw-base35 all 20200910-8 [11.0 MB]
2026-10-04T07:25:42.1609794Z Get:7 http://azure.archive.ubuntu.com/ubuntu noble/main amd64 libbabeltrace1 amd64 1.5.11-3build3 [164 kB]
2026-10-04T07:25:42.2699274Z Get:8 http://azure.archive.ubuntu.com/ubuntu noble-updates/main amd64 libdebuginfod1t64 amd64 0.190-1.1ubuntu0.1 [17.1 kB]
2026-10-04T07:25:42.3746477Z Get:9 http://azure.archive.ubuntu.com/ubuntu noble/main amd64 libipt2 amd64 2.0.6-1build1 [45.7 kB]
2026-10-04T07:25:42.4805584Z Get:10 http://azure.archive.ubuntu.com/ubuntu noble/main amd64 libsource-highlight-common all 3.1.9-4.3build1 [64.2 kB]
2026-10-04T07:25:42.5855089Z Get:11 http://azure.archive.ubuntu.com/ubuntu noble/main amd64 libsource-highlight4t64 amd64 3.1.9-4.3build1 [258 kB]
2026-10-04T07:25:42.6944681Z Get:12 http://azure.archive.ubuntu.com/ubuntu noble-updates/main amd64 gdb amd64 15.1-1ubuntu1~24.04.1 [4083 kB]
2026-10-04T07:25:42.9220768Z Get:13 http://azure.archive.ubuntu.com/ubuntu noble-updates/main amd64 libgl1-mesa-dri amd64 25.2.8-0ubuntu0.24.04.4 [38.0 kB]
2026-10-04T07:25:43.0262277Z Get:14 http://azure.archive.ubuntu.com/ubuntu noble-updates/main amd64 libglx-mesa0 amd64 25.2.8-0ubuntu0.24.04.4 [110 kB]
2026-10-04T07:25:43.1325323Z Get:15 http://azure.archive.ubuntu.com/ubuntu noble-updates/main amd64 libgbm1 amd64 25.2.8-0ubuntu0.24.04.4 [34.2 kB]
2026-10-04T07:25:43.2366932Z Get:16 http://azure.archive.ubuntu.com/ubuntu noble-updates/main amd64 mesa-libgallium amd64 25.2.8-0ubuntu0.24.04.4 [10.8 MB]
2026-10-04T07:25:43.6987329Z Get:17 http://azure.archive.ubuntu.com/ubuntu noble-updates/main amd64 libgif7 amd64 5.2.2-1ubuntu1.2 [35.6 kB]
2026-10-04T07:25:43.8033603Z Get:18 http://azure.archive.ubuntu.com/ubuntu noble-updates/main amd64 libgs-common all 10.02.1~dfsg1-0ubuntu7.9 [176 kB]
2026-10-04T07:25:43.9122783Z Get:19 http://azure.archive.ubuntu.com/ubuntu noble-updates/main amd64 libgs10-common all 10.02.1~dfsg1-0ubuntu7.9 [488 kB]
2026-10-04T07:25:44.0315331Z Get:20 http://azure.archive.ubuntu.com/ubuntu noble-updates/main amd64 libidn12 amd64 1.42-1ubuntu0.1 [56.1 kB]
2026-10-04T07:25:44.1367116Z Get:21 http://azure.archive.ubuntu.com/ubuntu noble/main amd64 libijs-0.35 amd64 0.35-15.1build1 [15.3 kB]
2026-10-04T07:25:44.2412330Z Get:22 http://azure.archive.ubuntu.com/ubuntu noble-updates/main amd64 libjbig2dec0 amd64 0.20-1ubuntu0.24.04.1 [65.2 kB]
2026-10-04T07:25:44.5537149Z Get:23 http://azure.archive.ubuntu.com/ubuntu noble/main amd64 libpaper1 amd64 1.1.29build1 [13.4 kB]
2026-10-04T07:25:44.6569610Z Get:24 http://azure.archive.ubuntu.com/ubuntu noble-updates/main amd64 libgs10 amd64 10.02.1~dfsg1-0ubuntu7.9 [3898 kB]
2026-10-04T07:25:45.5328999Z Get:25 http://azure.archive.ubuntu.com/ubuntu noble/universe amd64 libhwy1t64 amd64 1.0.7-8.1build1 [584 kB]
2026-10-04T07:25:45.6483510Z Get:26 http://azure.archive.ubuntu.com/ubuntu noble/universe amd64 libid3tag0 amd64 0.15.1b-14build1 [33.6 kB]
2026-10-04T07:25:45.7515015Z Get:27 http://azure.archive.ubuntu.com/ubuntu noble-updates/universe amd64 libjxl0.7 amd64 0.7.0-10.2ubuntu6.1 [1001 kB]
2026-10-04T07:25:45.8715766Z Get:28 http://azure.archive.ubuntu.com/ubuntu noble/main amd64 librsvg2-2 amd64 2.58.0+dfsg-1build1 [2135 kB]
2026-10-04T07:25:46.0123684Z Get:29 http://azure.archive.ubuntu.com/ubuntu noble/main amd64 libspectre1 amd64 0.2.12-1build2 [30.9 kB]
2026-10-04T07:25:46.1153746Z Get:30 http://azure.archive.ubuntu.com/ubuntu noble/universe amd64 libimlib2t64 amd64 1.12.1-1.1build2 [208 kB]
2026-10-04T07:25:46.2235610Z Get:31 http://azure.archive.ubuntu.com/ubuntu noble/universe amd64 libobt2v5 amd64 3.6.1-12build5 [33.3 kB]
2026-10-04T07:25:46.3271676Z Get:32 http://azure.archive.ubuntu.com/ubuntu noble/main amd64 libpangoxft-1.0-0 amd64 1.52.1+ds-1build1 [20.3 kB]
2026-10-04T07:25:46.4302507Z Get:33 http://azure.archive.ubuntu.com/ubuntu noble/universe amd64 libobrender32v5 amd64 3.6.1-12build5 [42.5 kB]
2026-10-04T07:25:46.5335946Z Get:34 http://azure.archive.ubuntu.com/ubuntu noble/main amd64 libxcb-util1 amd64 0.4.0-1build3 [10.7 kB]
2026-10-04T07:25:46.6370641Z Get:35 http://azure.archive.ubuntu.com/ubuntu noble/main amd64 libstartup-notification0 amd64 0.12-6build3 [18.4 kB]
2026-10-04T07:25:46.7401252Z Get:36 http://azure.archive.ubuntu.com/ubuntu noble/main amd64 libxcb-shape0 amd64 1.15-1ubuntu2 [6100 B]
2026-10-04T07:25:46.8439330Z Get:37 http://azure.archive.ubuntu.com/ubuntu noble/main amd64 libxv1 amd64 2:1.0.11-1.1build1 [10.7 kB]
2026-10-04T07:25:46.9471618Z Get:38 http://azure.archive.ubuntu.com/ubuntu noble/main amd64 libxxf86dga1 amd64 2:1.1.5-1build1 [11.6 kB]
2026-10-04T07:25:47.0491674Z Get:39 http://azure.archive.ubuntu.com/ubuntu noble/universe amd64 openbox amd64 3.6.1-12build5 [304 kB]
2026-10-04T07:25:47.1589488Z Get:40 http://azure.archive.ubuntu.com/ubuntu noble/main amd64 x11-utils amd64 7.7+6build2 [189 kB]
2026-10-04T07:25:47.2653877Z Get:41 http://azure.archive.ubuntu.com/ubuntu noble/main amd64 libopengl0 amd64 1.7.0-1build1 [32.8 kB]
2026-10-04T07:25:47.3675682Z Get:42 http://azure.archive.ubuntu.com/ubuntu noble/main amd64 libglu1-mesa amd64 9.0.2-1.1build1 [152 kB]
2026-10-04T07:25:47.6218458Z Preconfiguring packages ...
2026-10-04T07:25:47.6853951Z Fetched 38.9 MB in 7s (5435 kB/s)
2026-10-04T07:25:47.7058771Z Selecting previously unselected package libdebuginfod-common.
2026-10-04T07:25:47.7113869Z (Reading database ... 
2026-10-04T07:25:47.7115224Z (Reading database ... 5%
2026-10-04T07:25:47.7115564Z (Reading database ... 10%
2026-10-04T07:25:47.7115861Z (Reading database ... 15%
2026-10-04T07:25:47.7116145Z (Reading database ... 20%
2026-10-04T07:25:47.7116431Z (Reading database ... 25%
2026-10-04T07:25:47.7116716Z (Reading database ... 30%
2026-10-04T07:25:47.7116998Z (Reading database ... 35%
2026-10-04T07:25:47.7117286Z (Reading database ... 40%
2026-10-04T07:25:47.7117565Z (Reading database ... 45%
2026-10-04T07:25:47.7117847Z (Reading database ... 50%
2026-10-04T07:25:47.7125996Z (Reading database ... 55%
2026-10-04T07:25:47.7240170Z (Reading database ... 60%
2026-10-04T07:25:47.7267946Z (Reading database ... 65%
2026-10-04T07:25:47.7289768Z (Reading database ... 70%
2026-10-04T07:25:47.7328122Z (Reading database ... 75%
2026-10-04T07:25:47.7360558Z (Reading database ... 80%
2026-10-04T07:25:47.7388158Z (Reading database ... 85%
2026-10-04T07:25:47.7553255Z (Reading database ... 90%
2026-10-04T07:25:47.7824503Z (Reading database ... 95%
2026-10-04T07:25:47.7825106Z (Reading database ... 100%
2026-10-04T07:25:47.7825732Z (Reading database ... 202311 files and directories currently installed.)
2026-10-04T07:25:47.7865904Z Preparing to unpack .../00-libdebuginfod-common_0.190-1.1ubuntu0.1_all.deb ...
2026-10-04T07:25:47.7874263Z Unpacking libdebuginfod-common (0.190-1.1ubuntu0.1) ...
2026-10-04T07:25:47.8125817Z Selecting previously unselected package poppler-data.
2026-10-04T07:25:47.8242614Z Preparing to unpack .../01-poppler-data_0.4.12-1_all.deb ...
2026-10-04T07:25:47.8250853Z Unpacking poppler-data (0.4.12-1) ...
2026-10-04T07:25:47.9442454Z Selecting previously unselected package xfonts-encodings.
2026-10-04T07:25:47.9570924Z Preparing to unpack .../02-xfonts-encodings_1%3a1.0.5-0ubuntu2_all.deb ...
2026-10-04T07:25:47.9578164Z Unpacking xfonts-encodings (1:1.0.5-0ubuntu2) ...
2026-10-04T07:25:47.9863811Z Selecting previously unselected package xfonts-utils.
2026-10-04T07:25:48.0001894Z Preparing to unpack .../03-xfonts-utils_1%3a7.7+6build3_amd64.deb ...
2026-10-04T07:25:48.0008675Z Unpacking xfonts-utils (1:7.7+6build3) ...
2026-10-04T07:25:48.0329778Z Selecting previously unselected package fonts-urw-base35.
2026-10-04T07:25:48.0454986Z Preparing to unpack .../04-fonts-urw-base35_20200910-8_all.deb ...
2026-10-04T07:25:48.1109278Z Unpacking fonts-urw-base35 (20200910-8) ...
2026-10-04T07:25:48.2025540Z Selecting previously unselected package libbabeltrace1:amd64.
2026-10-04T07:25:48.2149699Z Preparing to unpack .../05-libbabeltrace1_1.5.11-3build3_amd64.deb ...
2026-10-04T07:25:48.2163219Z Unpacking libbabeltrace1:amd64 (1.5.11-3build3) ...
2026-10-04T07:25:48.2387952Z Selecting previously unselected package libdebuginfod1t64:amd64.
2026-10-04T07:25:48.2515799Z Preparing to unpack .../06-libdebuginfod1t64_0.190-1.1ubuntu0.1_amd64.deb ...
2026-10-04T07:25:48.2523742Z Unpacking libdebuginfod1t64:amd64 (0.190-1.1ubuntu0.1) ...
2026-10-04T07:25:48.2722009Z Selecting previously unselected package libipt2.
2026-10-04T07:25:48.2848085Z Preparing to unpack .../07-libipt2_2.0.6-1build1_amd64.deb ...
2026-10-04T07:25:48.2856228Z Unpacking libipt2 (2.0.6-1build1) ...
2026-10-04T07:25:48.3052972Z Selecting previously unselected package libsource-highlight-common.
2026-10-04T07:25:48.3181377Z Preparing to unpack .../08-libsource-highlight-common_3.1.9-4.3build1_all.deb ...
2026-10-04T07:25:48.3186409Z Unpacking libsource-highlight-common (3.1.9-4.3build1) ...
2026-10-04T07:25:48.3731678Z Selecting previously unselected package libsource-highlight4t64:amd64.
2026-10-04T07:25:48.3859289Z Preparing to unpack .../09-libsource-highlight4t64_3.1.9-4.3build1_amd64.deb ...
2026-10-04T07:25:48.3868003Z Unpacking libsource-highlight4t64:amd64 (3.1.9-4.3build1) ...
2026-10-04T07:25:48.4096278Z Selecting previously unselected package gdb.
2026-10-04T07:25:48.4221910Z Preparing to unpack .../10-gdb_15.1-1ubuntu1~24.04.1_amd64.deb ...
2026-10-04T07:25:48.4231133Z Unpacking gdb (15.1-1ubuntu1~24.04.1) ...
2026-10-04T07:25:48.5073150Z Preparing to unpack .../11-libgl1-mesa-dri_25.2.8-0ubuntu0.24.04.4_amd64.deb ...
2026-10-04T07:25:48.5216575Z Unpacking libgl1-mesa-dri:amd64 (25.2.8-0ubuntu0.24.04.4) over (25.2.8-0ubuntu0.24.04.2) ...
2026-10-04T07:25:48.5799605Z Preparing to unpack .../12-libglx-mesa0_25.2.8-0ubuntu0.24.04.4_amd64.deb ...
2026-10-04T07:25:48.5839426Z Unpacking libglx-mesa0:amd64 (25.2.8-0ubuntu0.24.04.4) over (25.2.8-0ubuntu0.24.04.2) ...
2026-10-04T07:25:48.6204573Z Preparing to unpack .../13-libgbm1_25.2.8-0ubuntu0.24.04.4_amd64.deb ...
2026-10-04T07:25:48.6261756Z Unpacking libgbm1:amd64 (25.2.8-0ubuntu0.24.04.4) over (25.2.8-0ubuntu0.24.04.2) ...
2026-10-04T07:25:48.6621445Z Preparing to unpack .../14-mesa-libgallium_25.2.8-0ubuntu0.24.04.4_amd64.deb ...
2026-10-04T07:25:48.6643198Z Unpacking mesa-libgallium:amd64 (25.2.8-0ubuntu0.24.04.4) over (25.2.8-0ubuntu0.24.04.2) ...
2026-10-04T07:25:48.8362192Z Selecting previously unselected package libgif7:amd64.
2026-10-04T07:25:48.8487617Z Preparing to unpack .../15-libgif7_5.2.2-1ubuntu1.2_amd64.deb ...
2026-10-04T07:25:48.8495147Z Unpacking libgif7:amd64 (5.2.2-1ubuntu1.2) ...
2026-10-04T07:25:48.8690406Z Selecting previously unselected package libgs-common.
2026-10-04T07:25:48.8818343Z Preparing to unpack .../16-libgs-common_10.02.1~dfsg1-0ubuntu7.9_all.deb ...
2026-10-04T07:25:48.8826760Z Unpacking libgs-common (10.02.1~dfsg1-0ubuntu7.9) ...
2026-10-04T07:25:48.9049680Z Selecting previously unselected package libgs10-common.
2026-10-04T07:25:48.9177662Z Preparing to unpack .../17-libgs10-common_10.02.1~dfsg1-0ubuntu7.9_all.deb ...
2026-10-04T07:25:48.9188239Z Unpacking libgs10-common (10.02.1~dfsg1-0ubuntu7.9) ...
2026-10-04T07:25:48.9816103Z Selecting previously unselected package libidn12:amd64.
2026-10-04T07:25:48.9941816Z Preparing to unpack .../18-libidn12_1.42-1ubuntu0.1_amd64.deb ...
2026-10-04T07:25:48.9948101Z Unpacking libidn12:amd64 (1.42-1ubuntu0.1) ...
2026-10-04T07:25:49.0149821Z Selecting previously unselected package libijs-0.35:amd64.
2026-10-04T07:25:49.0277523Z Preparing to unpack .../19-libijs-0.35_0.35-15.1build1_amd64.deb ...
2026-10-04T07:25:49.0285708Z Unpacking libijs-0.35:amd64 (0.35-15.1build1) ...
2026-10-04T07:25:49.0486956Z Selecting previously unselected package libjbig2dec0:amd64.
2026-10-04T07:25:49.0613661Z Preparing to unpack .../20-libjbig2dec0_0.20-1ubuntu0.24.04.1_amd64.deb ...
2026-10-04T07:25:49.0620651Z Unpacking libjbig2dec0:amd64 (0.20-1ubuntu0.24.04.1) ...
2026-10-04T07:25:49.0841470Z Selecting previously unselected package libpaper1:amd64.
2026-10-04T07:25:49.0968094Z Preparing to unpack .../21-libpaper1_1.1.29build1_amd64.deb ...
2026-10-04T07:25:49.0975203Z Unpacking libpaper1:amd64 (1.1.29build1) ...
2026-10-04T07:25:49.1175930Z Selecting previously unselected package libgs10:amd64.
2026-10-04T07:25:49.1301622Z Preparing to unpack .../22-libgs10_10.02.1~dfsg1-0ubuntu7.9_amd64.deb ...
2026-10-04T07:25:49.1309296Z Unpacking libgs10:amd64 (10.02.1~dfsg1-0ubuntu7.9) ...
2026-10-04T07:25:49.2228122Z Selecting previously unselected package libhwy1t64:amd64.
2026-10-04T07:25:49.2352620Z Preparing to unpack .../23-libhwy1t64_1.0.7-8.1build1_amd64.deb ...
2026-10-04T07:25:49.2359494Z Unpacking libhwy1t64:amd64 (1.0.7-8.1build1) ...
2026-10-04T07:25:49.2687032Z Selecting previously unselected package libid3tag0:amd64.
2026-10-04T07:25:49.2812145Z Preparing to unpack .../24-libid3tag0_0.15.1b-14build1_amd64.deb ...
2026-10-04T07:25:49.2819249Z Unpacking libid3tag0:amd64 (0.15.1b-14build1) ...
2026-10-04T07:25:49.3024563Z Selecting previously unselected package libjxl0.7:amd64.
2026-10-04T07:25:49.3148723Z Preparing to unpack .../25-libjxl0.7_0.7.0-10.2ubuntu6.1_amd64.deb ...
2026-10-04T07:25:49.3156029Z Unpacking libjxl0.7:amd64 (0.7.0-10.2ubuntu6.1) ...
2026-10-04T07:25:49.3475082Z Selecting previously unselected package librsvg2-2:amd64.
2026-10-04T07:25:49.3601721Z Preparing to unpack .../26-librsvg2-2_2.58.0+dfsg-1build1_amd64.deb ...
2026-10-04T07:25:49.3609725Z Unpacking librsvg2-2:amd64 (2.58.0+dfsg-1build1) ...
2026-10-04T07:25:49.4058908Z Selecting previously unselected package libspectre1:amd64.
2026-10-04T07:25:49.4184707Z Preparing to unpack .../27-libspectre1_0.2.12-1build2_amd64.deb ...
2026-10-04T07:25:49.4192610Z Unpacking libspectre1:amd64 (0.2.12-1build2) ...
2026-10-04T07:25:49.4402156Z Selecting previously unselected package libimlib2t64:amd64.
2026-10-04T07:25:49.4528918Z Preparing to unpack .../28-libimlib2t64_1.12.1-1.1build2_amd64.deb ...
2026-10-04T07:25:49.4536332Z Unpacking libimlib2t64:amd64 (1.12.1-1.1build2) ...
2026-10-04T07:25:49.4830005Z Selecting previously unselected package libobt2v5:amd64.
2026-10-04T07:25:49.4955556Z Preparing to unpack .../29-libobt2v5_3.6.1-12build5_amd64.deb ...
2026-10-04T07:25:49.4963387Z Unpacking libobt2v5:amd64 (3.6.1-12build5) ...
2026-10-04T07:25:49.5171393Z Selecting previously unselected package libpangoxft-1.0-0:amd64.
2026-10-04T07:25:49.5296813Z Preparing to unpack .../30-libpangoxft-1.0-0_1.52.1+ds-1build1_amd64.deb ...
2026-10-04T07:25:49.5303327Z Unpacking libpangoxft-1.0-0:amd64 (1.52.1+ds-1build1) ...
2026-10-04T07:25:49.5503097Z Selecting previously unselected package libobrender32v5.
2026-10-04T07:25:49.5627996Z Preparing to unpack .../31-libobrender32v5_3.6.1-12build5_amd64.deb ...
2026-10-04T07:25:49.5635724Z Unpacking libobrender32v5 (3.6.1-12build5) ...
2026-10-04T07:25:49.5844761Z Selecting previously unselected package libxcb-util1:amd64.
2026-10-04T07:25:49.5971385Z Preparing to unpack .../32-libxcb-util1_0.4.0-1build3_amd64.deb ...
2026-10-04T07:25:49.5978356Z Unpacking libxcb-util1:amd64 (0.4.0-1build3) ...
2026-10-04T07:25:49.6183398Z Selecting previously unselected package libstartup-notification0:amd64.
2026-10-04T07:25:49.6311097Z Preparing to unpack .../33-libstartup-notification0_0.12-6build3_amd64.deb ...
2026-10-04T07:25:49.6318416Z Unpacking libstartup-notification0:amd64 (0.12-6build3) ...
2026-10-04T07:25:49.6529263Z Selecting previously unselected package libxcb-shape0:amd64.
2026-10-04T07:25:49.6654825Z Preparing to unpack .../34-libxcb-shape0_1.15-1ubuntu2_amd64.deb ...
2026-10-04T07:25:49.6662366Z Unpacking libxcb-shape0:amd64 (1.15-1ubuntu2) ...
2026-10-04T07:25:49.6857938Z Selecting previously unselected package libxv1:amd64.
2026-10-04T07:25:49.6982780Z Preparing to unpack .../35-libxv1_2%3a1.0.11-1.1build1_amd64.deb ...
2026-10-04T07:25:49.6990207Z Unpacking libxv1:amd64 (2:1.0.11-1.1build1) ...
2026-10-04T07:25:49.7187755Z Selecting previously unselected package libxxf86dga1:amd64.
2026-10-04T07:25:49.7315304Z Preparing to unpack .../36-libxxf86dga1_2%3a1.1.5-1build1_amd64.deb ...
2026-10-04T07:25:49.7323749Z Unpacking libxxf86dga1:amd64 (2:1.1.5-1build1) ...
2026-10-04T07:25:49.7537869Z Selecting previously unselected package openbox.
2026-10-04T07:25:49.7663545Z Preparing to unpack .../37-openbox_3.6.1-12build5_amd64.deb ...
2026-10-04T07:25:49.7695800Z Unpacking openbox (3.6.1-12build5) ...
2026-10-04T07:25:49.9083372Z Selecting previously unselected package x11-utils.
2026-10-04T07:25:49.9208979Z Preparing to unpack .../38-x11-utils_7.7+6build2_amd64.deb ...
2026-10-04T07:25:49.9217229Z Unpacking x11-utils (7.7+6build2) ...
2026-10-04T07:25:49.9518497Z Selecting previously unselected package libopengl0:amd64.
2026-10-04T07:25:49.9647362Z Preparing to unpack .../39-libopengl0_1.7.0-1build1_amd64.deb ...
2026-10-04T07:25:49.9654540Z Unpacking libopengl0:amd64 (1.7.0-1build1) ...
2026-10-04T07:25:49.9862066Z Selecting previously unselected package libglu1-mesa:amd64.
2026-10-04T07:25:49.9988243Z Preparing to unpack .../40-libglu1-mesa_9.0.2-1.1build1_amd64.deb ...
2026-10-04T07:25:49.9996489Z Unpacking libglu1-mesa:amd64 (9.0.2-1.1build1) ...
2026-10-04T07:25:50.0523356Z Setting up libhwy1t64:amd64 (1.0.7-8.1build1) ...
2026-10-04T07:25:50.0543297Z Setting up libpaper1:amd64 (1.1.29build1) ...
2026-10-04T07:25:50.2024785Z 
2026-10-04T07:25:50.2025368Z Creating config file /etc/papersize with new version
2026-10-04T07:25:50.2495602Z Setting up mesa-libgallium:amd64 (25.2.8-0ubuntu0.24.04.4) ...
2026-10-04T07:25:50.2511441Z Setting up libpangoxft-1.0-0:amd64 (1.52.1+ds-1build1) ...
2026-10-04T07:25:50.2528710Z Setting up libdebuginfod-common (0.190-1.1ubuntu0.1) ...
2026-10-04T07:25:50.3557137Z Setting up libgbm1:amd64 (25.2.8-0ubuntu0.24.04.4) ...
2026-10-04T07:25:50.3574584Z Setting up libijs-0.35:amd64 (0.35-15.1build1) ...
2026-10-04T07:25:50.3590699Z Setting up libgs-common (10.02.1~dfsg1-0ubuntu7.9) ...
2026-10-04T07:25:50.3608729Z Setting up libgl1-mesa-dri:amd64 (25.2.8-0ubuntu0.24.04.4) ...
2026-10-04T07:25:50.3679963Z Setting up libxcb-shape0:amd64 (1.15-1ubuntu2) ...
2026-10-04T07:25:50.3696104Z Setting up libxxf86dga1:amd64 (2:1.1.5-1build1) ...
2026-10-04T07:25:50.3711506Z Setting up libsource-highlight-common (3.1.9-4.3build1) ...
2026-10-04T07:25:50.3727483Z Setting up libopengl0:amd64 (1.7.0-1build1) ...
2026-10-04T07:25:50.3743999Z Setting up libxcb-util1:amd64 (0.4.0-1build3) ...
2026-10-04T07:25:50.3760781Z Setting up poppler-data (0.4.12-1) ...
2026-10-04T07:25:50.3817340Z Setting up librsvg2-2:amd64 (2.58.0+dfsg-1build1) ...
2026-10-04T07:25:50.3837481Z Setting up libid3tag0:amd64 (0.15.1b-14build1) ...
2026-10-04T07:25:50.3852948Z Setting up libjbig2dec0:amd64 (0.20-1ubuntu0.24.04.1) ...
2026-10-04T07:25:50.3868831Z Setting up xfonts-encodings (1:1.0.5-0ubuntu2) ...
2026-10-04T07:25:50.3885464Z Setting up libxv1:amd64 (2:1.0.11-1.1build1) ...
2026-10-04T07:25:50.3902059Z Setting up libidn12:amd64 (1.42-1ubuntu0.1) ...
2026-10-04T07:25:50.3918580Z Setting up libobt2v5:amd64 (3.6.1-12build5) ...
2026-10-04T07:25:50.3934411Z Setting up libipt2 (2.0.6-1build1) ...
2026-10-04T07:25:50.3950938Z Setting up libjxl0.7:amd64 (0.7.0-10.2ubuntu6.1) ...
2026-10-04T07:25:50.3967836Z Setting up libbabeltrace1:amd64 (1.5.11-3build3) ...
2026-10-04T07:25:50.3988206Z Setting up libgif7:amd64 (5.2.2-1ubuntu1.2) ...
2026-10-04T07:25:50.4006073Z Setting up x11-utils (7.7+6build2) ...
2026-10-04T07:25:50.4085882Z Setting up libglu1-mesa:amd64 (9.0.2-1.1build1) ...
2026-10-04T07:25:50.4105176Z Setting up libstartup-notification0:amd64 (0.12-6build3) ...
2026-10-04T07:25:50.4123700Z Setting up libdebuginfod1t64:amd64 (0.190-1.1ubuntu0.1) ...
2026-10-04T07:25:50.4143609Z Setting up libglx-mesa0:amd64 (25.2.8-0ubuntu0.24.04.4) ...
2026-10-04T07:25:50.4160683Z Setting up libsource-highlight4t64:amd64 (3.1.9-4.3build1) ...
2026-10-04T07:25:50.4177193Z Setting up xfonts-utils (1:7.7+6build3) ...
2026-10-04T07:25:50.4214984Z Setting up gdb (15.1-1ubuntu1~24.04.1) ...
2026-10-04T07:25:50.4238525Z Setting up fonts-urw-base35 (20200910-8) ...
2026-10-04T07:25:50.5659052Z Setting up libgs10-common (10.02.1~dfsg1-0ubuntu7.9) ...
2026-10-04T07:25:50.5676501Z Setting up libgs10:amd64 (10.02.1~dfsg1-0ubuntu7.9) ...
2026-10-04T07:25:50.5693768Z Setting up libspectre1:amd64 (0.2.12-1build2) ...
2026-10-04T07:25:50.5711258Z Setting up libimlib2t64:amd64 (1.12.1-1.1build2) ...
2026-10-04T07:25:50.5748719Z Setting up libobrender32v5 (3.6.1-12build5) ...
2026-10-04T07:25:50.5767250Z Setting up openbox (3.6.1-12build5) ...
2026-10-04T07:25:50.5858200Z update-alternatives: using /usr/bin/openbox to provide /usr/bin/x-window-manager (x-window-manager) in auto mode
2026-10-04T07:25:50.5904930Z update-alternatives: using /usr/bin/openbox-session to provide /usr/bin/x-session-manager (x-session-manager) in auto mode
2026-10-04T07:25:50.5943960Z Processing triggers for libc-bin (2.39-0ubuntu8.9) ...
2026-10-04T07:25:50.6097114Z Processing triggers for man-db (2.12.0-4build2) ...
2026-10-04T07:25:50.6113627Z Not building database; man-db/auto-update is not 'true'.
2026-10-04T07:25:50.6125442Z Processing triggers for fontconfig (2.15.0-1.1ubuntu2) ...
2026-10-04T07:25:51.2982706Z 
2026-10-04T07:25:51.2983401Z Running kernel seems to be up-to-date.
2026-10-04T07:25:51.2983760Z 
2026-10-04T07:25:51.2983902Z Restarting services...
2026-10-04T07:25:51.3199691Z 
2026-10-04T07:25:51.3200361Z Service restarts being deferred:
2026-10-04T07:25:51.3201005Z  systemctl restart hosted-compute-agent.service
2026-10-04T07:25:51.3201437Z  systemctl restart systemd-logind.service
2026-10-04T07:25:51.3201801Z  systemctl restart walinuxagent.service
2026-10-04T07:25:51.3202008Z 
2026-10-04T07:25:51.3202141Z No containers need to be restarted.
2026-10-04T07:25:51.3202333Z 
2026-10-04T07:25:51.3202448Z User sessions running outdated binaries:
2026-10-04T07:25:51.3203068Z  runner @ user manager service: systemd[1160]
2026-10-04T07:25:51.3263131Z 
2026-10-04T07:25:51.3263694Z No VM guests are running outdated hypervisor (qemu) binaries on this host.
2026-10-04T07:25:52.4899542Z ##[group]Run actions/setup-node@v4
2026-10-04T07:25:52.4899857Z with:
2026-10-04T07:25:52.4900068Z   node-version: 22
2026-10-04T07:25:52.4900288Z   cache: npm
2026-10-04T07:25:52.4900554Z   cache-dependency-path: browser/package-lock.json
2026-10-04T07:25:52.4900888Z   always-auth: false
2026-10-04T07:25:52.4901116Z   check-latest: false
2026-10-04T07:25:52.4903866Z   token: ***
2026-10-04T07:25:52.4904245Z env:
2026-10-04T07:25:52.4904452Z   GLOB2_DEV_MODE: isolated
2026-10-04T07:25:52.4904721Z   GLOB2_TEST_RENDERER: software
2026-10-04T07:25:52.4904969Z ##[endgroup]
2026-10-04T07:25:52.6403544Z Found in cache @ /opt/hostedtoolcache/node/22.23.3/x64
2026-10-04T07:25:52.6408966Z (node:3705) [DEP0040] DeprecationWarning: The `punycode` module is deprecated. Please use a userland alternative instead.
2026-10-04T07:25:52.6409813Z (Use `node --trace-deprecation ...` to show where the warning was created)
2026-10-04T07:25:52.6411998Z ##[group]Environment details
2026-10-04T07:25:53.0560534Z node: v22.23.3
2026-10-04T07:25:53.0561046Z npm: 10.9.9
2026-10-04T07:25:53.0561477Z yarn: 1.22.22
2026-10-04T07:25:53.0563099Z ##[endgroup]
2026-10-04T07:25:53.0604397Z [command]/opt/hostedtoolcache/node/22.23.3/x64/bin/npm config get cache
2026-10-04T07:25:53.1771313Z /home/runner/.npm
2026-10-04T07:25:53.2625569Z Cache hit for: node-cache-Linux-x64-npm-647d81569d16e846ab9be7adcb60f4c5b7a32fc6a4fb1cb3dfa6dd643f387eed
2026-10-04T07:25:53.2739122Z (node:3705) [DEP0169] DeprecationWarning: `url.parse()` behavior is not standardized and prone to errors that have security implications. Use the WHATWG URL API instead. CVEs are not issued for `url.parse()` vulnerabilities.
2026-10-04T07:25:53.3732209Z Received 4035854 of 4035854 (100.0%), 47.5 MBs/sec
2026-10-04T07:25:53.3732685Z Cache Size: ~4 MB (4035854 B)
2026-10-04T07:25:53.3759741Z [command]/usr/bin/tar -xf /home/runner/work/_temp/9fed0a0c-412b-4a23-b2e8-2faa8758a6a5/cache.tzst -P -C /home/runner/work/glob2/glob2 --use-compress-program unzstd
2026-10-04T07:25:53.3893041Z Cache restored successfully
2026-10-04T07:25:53.3899582Z Cache restored from key: node-cache-Linux-x64-npm-647d81569d16e846ab9be7adcb60f4c5b7a32fc6a4fb1cb3dfa6dd643f387eed
2026-10-04T07:25:53.4621142Z ##[group]Run actions/cache/restore@v4
2026-10-04T07:25:53.4621477Z with:
2026-10-04T07:25:53.4621695Z   path: ~/.cache/ms-playwright
2026-10-04T07:25:53.4622256Z   key: playwright-v1-Linux-X64-chromium-647d81569d16e846ab9be7adcb60f4c5b7a32fc6a4fb1cb3dfa6dd643f387eed
2026-10-04T07:25:53.4622840Z   enableCrossOsArchive: false
2026-10-04T07:25:53.4623290Z   fail-on-cache-miss: false
2026-10-04T07:25:53.4623539Z   lookup-only: false
2026-10-04T07:25:53.4623761Z env:
2026-10-04T07:25:53.4623957Z   GLOB2_DEV_MODE: isolated
2026-10-04T07:25:53.4624511Z   GLOB2_TEST_RENDERER: software
2026-10-04T07:25:53.4624766Z ##[endgroup]
2026-10-04T07:25:53.5697434Z (node:3763) [DEP0040] DeprecationWarning: The `punycode` module is deprecated. Please use a userland alternative instead.
2026-10-04T07:25:53.5698457Z (Use `node --trace-deprecation ...` to show where the warning was created)
2026-10-04T07:25:53.6360593Z Cache hit for: playwright-v1-Linux-X64-chromium-647d81569d16e846ab9be7adcb60f4c5b7a32fc6a4fb1cb3dfa6dd643f387eed
2026-10-04T07:25:53.6470644Z (node:3763) [DEP0169] DeprecationWarning: `url.parse()` behavior is not standardized and prone to errors that have security implications. Use the WHATWG URL API instead. CVEs are not issued for `url.parse()` vulnerabilities.
2026-10-04T07:25:54.6925437Z Received 268435456 of 284189280 (94.5%), 256.0 MBs/sec
2026-10-04T07:25:54.8060175Z Received 284189280 of 284189280 (100.0%), 243.3 MBs/sec
2026-10-04T07:25:54.8062749Z Cache Size: ~271 MB (284189280 B)
2026-10-04T07:25:54.8104688Z [command]/usr/bin/tar -xf /home/runner/work/_temp/a3c20cf0-8890-472e-bb3c-1afff3b6e11d/cache.tzst -P -C /home/runner/work/glob2/glob2 --use-compress-program unzstd
2026-10-04T07:25:55.8909358Z Cache restored successfully
2026-10-04T07:25:55.9112943Z Cache restored from key: playwright-v1-Linux-X64-chromium-647d81569d16e846ab9be7adcb60f4c5b7a32fc6a4fb1cb3dfa6dd643f387eed
2026-10-04T07:25:56.1080668Z ##[group]Run npm ci --ignore-scripts
2026-10-04T07:25:56.1081304Z [36;1mnpm ci --ignore-scripts[0m
2026-10-04T07:25:56.1081927Z [36;1mnpx playwright install --with-deps chromium[0m
2026-10-04T07:25:56.2527680Z shell: /usr/bin/bash -e {0}
2026-10-04T07:25:56.2528022Z env:
2026-10-04T07:25:56.2528257Z   GLOB2_DEV_MODE: isolated
2026-10-04T07:25:56.2528540Z   GLOB2_TEST_RENDERER: software
2026-10-04T07:25:56.2528842Z ##[endgroup]
2026-10-04T07:25:57.1303166Z 
2026-10-04T07:25:57.1304241Z added 3 packages, and audited 4 packages in 817ms
2026-10-04T07:25:57.1312333Z 
2026-10-04T07:25:57.1312644Z found 0 vulnerabilities
2026-10-04T07:25:57.9900300Z Installing dependencies...
2026-10-04T07:25:57.9978676Z Switching to root user to install dependencies...
2026-10-04T07:25:58.0740266Z Get:1 file:/etc/apt/apt-mirrors.txt Mirrorlist [144 B]
2026-10-04T07:25:58.1216403Z Hit:2 http://azure.archive.ubuntu.com/ubuntu noble InRelease
2026-10-04T07:25:58.1235907Z Hit:6 https://packages.microsoft.com/ubuntu/24.04/prod noble InRelease
2026-10-04T07:25:58.1265234Z Hit:3 http://azure.archive.ubuntu.com/ubuntu noble-updates InRelease
2026-10-04T07:25:58.1275331Z Hit:4 http://azure.archive.ubuntu.com/ubuntu noble-backports InRelease
2026-10-04T07:25:58.1276763Z Hit:5 http://azure.archive.ubuntu.com/ubuntu noble-security InRelease
2026-10-04T07:25:59.4026240Z Reading package lists...
2026-10-04T07:25:59.4257009Z Reading package lists...
2026-10-04T07:25:59.6310243Z Building dependency tree...
2026-10-04T07:25:59.6317680Z Reading state information...
2026-10-04T07:25:59.8058076Z libasound2t64 is already the newest version (1.2.11-1ubuntu0.3).
2026-10-04T07:25:59.8059005Z libasound2t64 set to manually installed.
2026-10-04T07:25:59.8060059Z libatk-bridge2.0-0t64 is already the newest version (2.52.0-1build1).
2026-10-04T07:25:59.8061094Z libatk-bridge2.0-0t64 set to manually installed.
2026-10-04T07:25:59.8062093Z libatk1.0-0t64 is already the newest version (2.52.0-1build1).
2026-10-04T07:25:59.8063039Z libatk1.0-0t64 set to manually installed.
2026-10-04T07:25:59.8064003Z libatspi2.0-0t64 is already the newest version (2.52.0-1build1).
2026-10-04T07:25:59.8065281Z libatspi2.0-0t64 set to manually installed.
2026-10-04T07:25:59.8065858Z libcairo2 is already the newest version (1.18.0-3build1).
2026-10-04T07:25:59.8066721Z libcairo2 set to manually installed.
2026-10-04T07:25:59.8067626Z libcups2t64 is already the newest version (2.4.7-1.2ubuntu7.14).
2026-10-04T07:25:59.8069074Z libcups2t64 set to manually installed.
2026-10-04T07:25:59.8070181Z libdbus-1-3 is already the newest version (1.14.10-4ubuntu4.1).
2026-10-04T07:25:59.8071128Z libdbus-1-3 set to manually installed.
2026-10-04T07:25:59.8072063Z libdrm2 is already the newest version (2.4.125-1ubuntu0.1~24.04.2).
2026-10-04T07:25:59.8073068Z libgbm1 is already the newest version (25.2.8-0ubuntu0.24.04.4).
2026-10-04T07:25:59.8074000Z libgbm1 set to manually installed.
2026-10-04T07:25:59.8075169Z libglib2.0-0t64 is already the newest version (2.80.0-6ubuntu3.9).
2026-10-04T07:25:59.8075731Z libglib2.0-0t64 set to manually installed.
2026-10-04T07:25:59.8076278Z libnspr4 is already the newest version (2:4.35-1.1build1).
2026-10-04T07:25:59.8077127Z libnspr4 set to manually installed.
2026-10-04T07:25:59.8077910Z libnss3 is already the newest version (2:3.98-1ubuntu0.2).
2026-10-04T07:25:59.8078615Z libnss3 set to manually installed.
2026-10-04T07:25:59.8079450Z libpango-1.0-0 is already the newest version (1.52.1+ds-1build1).
2026-10-04T07:25:59.8080343Z libpango-1.0-0 set to manually installed.
2026-10-04T07:25:59.8081155Z libx11-6 is already the newest version (2:1.8.7-1build1).
2026-10-04T07:25:59.8081996Z libxcb1 is already the newest version (1.15-1ubuntu2).
2026-10-04T07:25:59.8082902Z libxcomposite1 is already the newest version (1:0.4.5-1build3).
2026-10-04T07:25:59.8083749Z libxcomposite1 set to manually installed.
2026-10-04T07:25:59.8084924Z libxdamage1 is already the newest version (1:1.1.6-1build1).
2026-10-04T07:25:59.8086038Z libxdamage1 set to manually installed.
2026-10-04T07:25:59.8086926Z libxext6 is already the newest version (2:1.3.4-1build2).
2026-10-04T07:25:59.8087646Z libxext6 set to manually installed.
2026-10-04T07:25:59.8088399Z libxfixes3 is already the newest version (1:6.0.0-2build1).
2026-10-04T07:25:59.8089146Z libxfixes3 set to manually installed.
2026-10-04T07:25:59.8089927Z libxkbcommon0 is already the newest version (1.6.0-1build1).
2026-10-04T07:25:59.8090715Z libxkbcommon0 set to manually installed.
2026-10-04T07:25:59.8091501Z libxrandr2 is already the newest version (2:1.5.2-2build1).
2026-10-04T07:25:59.8092253Z libxrandr2 set to manually installed.
2026-10-04T07:25:59.8093069Z xvfb is already the newest version (2:21.1.12-1ubuntu1.8).
2026-10-04T07:25:59.8094459Z fonts-noto-color-emoji is already the newest version (2.047-0ubuntu0.24.04.1).
2026-10-04T07:25:59.8095568Z libfontconfig1 is already the newest version (2.15.0-1.1ubuntu2).
2026-10-04T07:25:59.8096405Z libfontconfig1 set to manually installed.
2026-10-04T07:25:59.8097311Z libfreetype6 is already the newest version (2.13.2+dfsg-1ubuntu0.1).
2026-10-04T07:25:59.8098200Z fonts-liberation is already the newest version (1:2.1.5-3).
2026-10-04T07:25:59.8099034Z fonts-liberation set to manually installed.
2026-10-04T07:25:59.8099647Z Recommended packages:
2026-10-04T07:25:59.8100222Z   fonts-ipafont-mincho fonts-tlwg-loma
2026-10-04T07:25:59.8235254Z The following NEW packages will be installed:
2026-10-04T07:25:59.8236027Z   fonts-freefont-ttf fonts-ipafont-gothic fonts-tlwg-loma-otf fonts-unifont
2026-10-04T07:25:59.8242782Z   fonts-wqy-zenhei xfonts-cyrillic xfonts-scalable
2026-10-04T07:25:59.8425859Z 0 upgraded, 7 newly installed, 0 to remove and 18 not upgraded.
2026-10-04T07:25:59.8426643Z Need to get 20.4 MB of archives.
2026-10-04T07:25:59.8427405Z After this operation, 78.4 MB of additional disk space will be used.
2026-10-04T07:25:59.8428277Z Get:1 file:/etc/apt/apt-mirrors.txt Mirrorlist [144 B]
2026-10-04T07:25:59.8762923Z Get:2 http://azure.archive.ubuntu.com/ubuntu noble/universe amd64 fonts-ipafont-gothic all 00303-21ubuntu1 [3513 kB]
2026-10-04T07:25:59.9515809Z Get:3 http://azure.archive.ubuntu.com/ubuntu noble/main amd64 fonts-freefont-ttf all 20211204+svn4273-2 [5641 kB]
2026-10-04T07:26:00.0580505Z Get:4 http://azure.archive.ubuntu.com/ubuntu noble/universe amd64 fonts-tlwg-loma-otf all 1:0.7.3-1 [107 kB]
2026-10-04T07:26:00.0771830Z Get:5 http://azure.archive.ubuntu.com/ubuntu noble/universe amd64 fonts-unifont all 1:15.1.01-1build1 [2993 kB]
2026-10-04T07:26:00.1291652Z Get:6 http://azure.archive.ubuntu.com/ubuntu noble/universe amd64 fonts-wqy-zenhei all 0.9.45-8 [7472 kB]
2026-10-04T07:26:00.2122150Z Get:7 http://azure.archive.ubuntu.com/ubuntu noble/universe amd64 xfonts-cyrillic all 1:1.0.5+nmu1 [384 kB]
2026-10-04T07:26:00.2327356Z Get:8 http://azure.archive.ubuntu.com/ubuntu noble/main amd64 xfonts-scalable all 1:1.0.3-1.3 [304 kB]
2026-10-04T07:26:00.4789503Z Fetched 20.4 MB in 0s (50.7 MB/s)
2026-10-04T07:26:00.4988175Z Selecting previously unselected package fonts-ipafont-gothic.
2026-10-04T07:26:00.5049030Z (Reading database ... 
2026-10-04T07:26:00.5049581Z (Reading database ... 5%
2026-10-04T07:26:00.5050089Z (Reading database ... 10%
2026-10-04T07:26:00.5050566Z (Reading database ... 15%
2026-10-04T07:26:00.5051045Z (Reading database ... 20%
2026-10-04T07:26:00.5051515Z (Reading database ... 25%
2026-10-04T07:26:00.5051976Z (Reading database ... 30%
2026-10-04T07:26:00.5052492Z (Reading database ... 35%
2026-10-04T07:26:00.5052963Z (Reading database ... 40%
2026-10-04T07:26:00.5053430Z (Reading database ... 45%
2026-10-04T07:26:00.5054342Z (Reading database ... 50%
2026-10-04T07:26:00.5065354Z (Reading database ... 55%
2026-10-04T07:26:00.5182719Z (Reading database ... 60%
2026-10-04T07:26:00.5213464Z (Reading database ... 65%
2026-10-04T07:26:00.5238393Z (Reading database ... 70%
2026-10-04T07:26:00.5276635Z (Reading database ... 75%
2026-10-04T07:26:00.5312872Z (Reading database ... 80%
2026-10-04T07:26:00.5337751Z (Reading database ... 85%
2026-10-04T07:26:00.5501041Z (Reading database ... 90%
2026-10-04T07:26:00.5773061Z (Reading database ... 95%
2026-10-04T07:26:00.5773645Z (Reading database ... 100%
2026-10-04T07:26:00.5774701Z (Reading database ... 204234 files and directories currently installed.)
2026-10-04T07:26:00.5817253Z Preparing to unpack .../0-fonts-ipafont-gothic_00303-21ubuntu1_all.deb ...
2026-10-04T07:26:00.5890623Z Unpacking fonts-ipafont-gothic (00303-21ubuntu1) ...
2026-10-04T07:26:00.8149426Z Selecting previously unselected package fonts-freefont-ttf.
2026-10-04T07:26:00.8275240Z Preparing to unpack .../1-fonts-freefont-ttf_20211204+svn4273-2_all.deb ...
2026-10-04T07:26:00.8282081Z Unpacking fonts-freefont-ttf (20211204+svn4273-2) ...
2026-10-04T07:26:00.9072703Z Selecting previously unselected package fonts-tlwg-loma-otf.
2026-10-04T07:26:00.9196826Z Preparing to unpack .../2-fonts-tlwg-loma-otf_1%3a0.7.3-1_all.deb ...
2026-10-04T07:26:00.9204721Z Unpacking fonts-tlwg-loma-otf (1:0.7.3-1) ...
2026-10-04T07:26:00.9413679Z Selecting previously unselected package fonts-unifont.
2026-10-04T07:26:00.9538695Z Preparing to unpack .../3-fonts-unifont_1%3a15.1.01-1build1_all.deb ...
2026-10-04T07:26:00.9546414Z Unpacking fonts-unifont (1:15.1.01-1build1) ...
2026-10-04T07:26:01.0562160Z Selecting previously unselected package fonts-wqy-zenhei.
2026-10-04T07:26:01.0691093Z Preparing to unpack .../4-fonts-wqy-zenhei_0.9.45-8_all.deb ...
2026-10-04T07:26:01.0790815Z Unpacking fonts-wqy-zenhei (0.9.45-8) ...
2026-10-04T07:26:02.1083172Z Selecting previously unselected package xfonts-cyrillic.
2026-10-04T07:26:02.1208523Z Preparing to unpack .../5-xfonts-cyrillic_1%3a1.0.5+nmu1_all.deb ...
2026-10-04T07:26:02.1219084Z Unpacking xfonts-cyrillic (1:1.0.5+nmu1) ...
2026-10-04T07:26:02.1555251Z Selecting previously unselected package xfonts-scalable.
2026-10-04T07:26:02.1680772Z Preparing to unpack .../6-xfonts-scalable_1%3a1.0.3-1.3_all.deb ...
2026-10-04T07:26:02.1688044Z Unpacking xfonts-scalable (1:1.0.3-1.3) ...
2026-10-04T07:26:02.2116439Z Setting up fonts-wqy-zenhei (0.9.45-8) ...
2026-10-04T07:26:02.2255589Z Setting up fonts-freefont-ttf (20211204+svn4273-2) ...
2026-10-04T07:26:02.2298580Z Setting up fonts-tlwg-loma-otf (1:0.7.3-1) ...
2026-10-04T07:26:02.2322525Z Setting up fonts-ipafont-gothic (00303-21ubuntu1) ...
2026-10-04T07:26:02.2402084Z update-alternatives: using /usr/share/fonts/opentype/ipafont-gothic/ipag.ttf to provide /usr/share/fonts/truetype/fonts-japanese-gothic.ttf (fonts-japanese-gothic.ttf) in auto mode
2026-10-04T07:26:02.2416963Z Setting up xfonts-cyrillic (1:1.0.5+nmu1) ...
2026-10-04T07:26:02.2783923Z Setting up xfonts-scalable (1:1.0.3-1.3) ...
2026-10-04T07:26:02.3382770Z Setting up fonts-unifont (1:15.1.01-1build1) ...
2026-10-04T07:26:02.3402602Z Processing triggers for fontconfig (2.15.0-1.1ubuntu2) ...
2026-10-04T07:26:02.8873014Z 
2026-10-04T07:26:02.8874283Z Running kernel seems to be up-to-date.
2026-10-04T07:26:02.8874774Z 
2026-10-04T07:26:02.8875040Z Restarting services...
2026-10-04T07:26:02.9058368Z 
2026-10-04T07:26:02.9059192Z Service restarts being deferred:
2026-10-04T07:26:02.9059979Z  systemctl restart hosted-compute-agent.service
2026-10-04T07:26:02.9118669Z  systemctl restart systemd-logind.service
2026-10-04T07:26:02.9119379Z  systemctl restart walinuxagent.service
2026-10-04T07:26:02.9119750Z 
2026-10-04T07:26:02.9120045Z No containers need to be restarted.
2026-10-04T07:26:02.9120386Z 
2026-10-04T07:26:02.9120708Z User sessions running outdated binaries:
2026-10-04T07:26:02.9121382Z  runner @ user manager service: systemd[1160]
2026-10-04T07:26:02.9126038Z 
2026-10-04T07:26:02.9126955Z No VM guests are running outdated hypervisor (qemu) binaries on this host.
2026-10-04T07:26:03.9240855Z ##[group]Run xvfb-run -a npx playwright test rendering.spec.js --project=chromium
2026-10-04T07:26:03.9241507Z [36;1mxvfb-run -a npx playwright test rendering.spec.js --project=chromium[0m
2026-10-04T07:26:03.9305177Z shell: /usr/bin/bash -e {0}
2026-10-04T07:26:03.9305470Z env:
2026-10-04T07:26:03.9305692Z   GLOB2_DEV_MODE: isolated
2026-10-04T07:26:03.9305966Z   GLOB2_TEST_RENDERER: software
2026-10-04T07:26:03.9306234Z ##[endgroup]
2026-10-04T07:26:05.2701643Z [WebServer] 127.0.0.1 - - [04/Oct/2026 07:26:05] "GET / HTTP/1.1" 200 -
2026-10-04T07:26:05.4441400Z 
2026-10-04T07:26:05.4442116Z Running 7 tests using 1 worker
2026-10-04T07:26:05.4442400Z 
2026-10-04T07:26:07.3416612Z [WebServer] 127.0.0.1 - - [04/Oct/2026 07:26:07] "GET /?renderer=webgl2&gl-errors=1 HTTP/1.1" 200 -
2026-10-04T07:26:07.3816707Z [WebServer] 127.0.0.1 - - [04/Oct/2026 07:26:07] "GET /loader.js HTTP/1.1" 200 -
2026-10-04T07:26:07.4376320Z [WebServer] 127.0.0.1 - - [04/Oct/2026 07:26:07] "GET /threaded/index.js HTTP/1.1" 200 -
2026-10-04T07:26:07.4743130Z [WebServer] 127.0.0.1 - - [04/Oct/2026 07:26:07] "GET /threaded/index.js HTTP/1.1" 304 -
2026-10-04T07:26:07.4766270Z [WebServer] 127.0.0.1 - - [04/Oct/2026 07:26:07] "GET /threaded/index.js HTTP/1.1" 304 -
2026-10-04T07:26:07.4791360Z [WebServer] 127.0.0.1 - - [04/Oct/2026 07:26:07] "GET /threaded/index.js HTTP/1.1" 304 -
2026-10-04T07:26:07.4806304Z [WebServer] 127.0.0.1 - - [04/Oct/2026 07:26:07] "GET /threaded/index.js HTTP/1.1" 304 -
2026-10-04T07:26:07.5026255Z [WebServer] 127.0.0.1 - - [04/Oct/2026 07:26:07] "GET /threaded/index.wasm HTTP/1.1" 200 -
2026-10-04T07:26:07.5682621Z [WebServer] 127.0.0.1 - - [04/Oct/2026 07:26:07] "GET /assets/core.521f92f4b98d1237.data HTTP/1.1" 200 -
2026-10-04T07:26:07.6578493Z [WebServer] 127.0.0.1 - - [04/Oct/2026 07:26:07] "GET /assets/game-1.2243ee30594b4c78.data HTTP/1.1" 200 -
2026-10-04T07:26:07.8708642Z [WebServer] 127.0.0.1 - - [04/Oct/2026 07:26:07] "GET /assets/game-2.8bee8ce8e9ba062a.data HTTP/1.1" 200 -
2026-10-04T07:26:13.9585766Z [WebServer] 127.0.0.1 - - [04/Oct/2026 07:26:13] "GET /assets/menu-music.9fde75cab8b2dd19.data HTTP/1.1" 200 -
2026-10-04T07:26:13.9905953Z [WebServer] 127.0.0.1 - - [04/Oct/2026 07:26:13] "GET /assets/font-cjk.5701af4422583342.data HTTP/1.1" 200 -
2026-10-04T07:26:14.1417504Z [WebServer] 127.0.0.1 - - [04/Oct/2026 07:26:14] "GET /assets/translations-1.0c5d9fcc3e4a2560.data HTTP/1.1" 200 -
2026-10-04T07:26:14.3168835Z [WebServer] 127.0.0.1 - - [04/Oct/2026 07:26:14] "GET /assets/translations-2.aa3ea21111988d71.data HTTP/1.1" 200 -
2026-10-04T07:26:14.3770534Z [WebServer] 127.0.0.1 - - [04/Oct/2026 07:26:14] "GET /assets/music.ad3fd96c261940c8.data HTTP/1.1" 200 -
2026-10-04T07:26:14.4584459Z [WebServer] 127.0.0.1 - - [04/Oct/2026 07:26:14] "GET /assets/hd-1.880f04addc35c5d4.data HTTP/1.1" 200 -
2026-10-04T07:26:14.5605870Z [WebServer] 127.0.0.1 - - [04/Oct/2026 07:26:14] "GET /assets/hd-2.36b53a214578643c.data HTTP/1.1" 200 -
2026-10-04T07:26:14.6970181Z [WebServer] 127.0.0.1 - - [04/Oct/2026 07:26:14] "GET /assets/hd-3.083ef8ce34b7ad01.data HTTP/1.1" 200 -
2026-10-04T07:26:14.7993264Z [WebServer] 127.0.0.1 - - [04/Oct/2026 07:26:14] "GET /assets/hd-4.88ad97cceabe5e57.data HTTP/1.1" 200 -
2026-10-04T07:26:16.3120528Z [WebServer] 127.0.0.1 - - [04/Oct/2026 07:26:16] "GET /threaded/index.js HTTP/1.1" 304 -
2026-10-04T07:26:35.0025715Z   ✓  1 [chromium] › tests/rendering.spec.js:7:1 › WebGL2 draws a playable match and resizes its drawing buffer (27.7s)
2026-10-04T07:26:35.1049234Z [WebServer] 127.0.0.1 - - [04/Oct/2026 07:26:35] "GET /?renderer=software HTTP/1.1" 200 -
2026-10-04T07:26:35.1680061Z [WebServer] 127.0.0.1 - - [04/Oct/2026 07:26:35] "GET /loader.js HTTP/1.1" 200 -
2026-10-04T07:26:35.1909023Z [WebServer] 127.0.0.1 - - [04/Oct/2026 07:26:35] "GET /threaded/index.js HTTP/1.1" 200 -
2026-10-04T07:26:35.2252152Z [WebServer] 127.0.0.1 - - [04/Oct/2026 07:26:35] "GET /threaded/index.js HTTP/1.1" 304 -
2026-10-04T07:26:35.2269505Z [WebServer] 127.0.0.1 - - [04/Oct/2026 07:26:35] "GET /threaded/index.js HTTP/1.1" 304 -
2026-10-04T07:26:35.2290197Z [WebServer] 127.0.0.1 - - [04/Oct/2026 07:26:35] "GET /threaded/index.js HTTP/1.1" 304 -
2026-10-04T07:26:35.2314655Z [WebServer] 127.0.0.1 - - [04/Oct/2026 07:26:35] "GET /threaded/index.js HTTP/1.1" 304 -
2026-10-04T07:26:35.2478587Z [WebServer] 127.0.0.1 - - [04/Oct/2026 07:26:35] "GET /threaded/index.wasm HTTP/1.1" 200 -
2026-10-04T07:26:35.3381207Z [WebServer] 127.0.0.1 - - [04/Oct/2026 07:26:35] "GET /assets/core.521f92f4b98d1237.data HTTP/1.1" 200 -
2026-10-04T07:26:35.3685943Z [WebServer] 127.0.0.1 - - [04/Oct/2026 07:26:35] "GET /assets/game-1.2243ee30594b4c78.data HTTP/1.1" 200 -
2026-10-04T07:26:35.6466037Z [WebServer] 127.0.0.1 - - [04/Oct/2026 07:26:35] "GET /assets/game-2.8bee8ce8e9ba062a.data HTTP/1.1" 200 -
2026-10-04T07:26:41.4629168Z [WebServer] 127.0.0.1 - - [04/Oct/2026 07:26:41] "GET /assets/menu-music.9fde75cab8b2dd19.data HTTP/1.1" 200 -
2026-10-04T07:26:41.4969946Z [WebServer] 127.0.0.1 - - [04/Oct/2026 07:26:41] "GET /assets/font-cjk.5701af4422583342.data HTTP/1.1" 200 -
2026-10-04T07:26:41.6158190Z [WebServer] 127.0.0.1 - - [04/Oct/2026 07:26:41] "GET /assets/translations-1.0c5d9fcc3e4a2560.data HTTP/1.1" 200 -
2026-10-04T07:26:41.7583595Z [WebServer] 127.0.0.1 - - [04/Oct/2026 07:26:41] "GET /assets/translations-2.aa3ea21111988d71.data HTTP/1.1" 200 -
2026-10-04T07:26:41.8112834Z [WebServer] 127.0.0.1 - - [04/Oct/2026 07:26:41] "GET /assets/music.ad3fd96c261940c8.data HTTP/1.1" 200 -
2026-10-04T07:26:43.3234803Z   ✓  2 [chromium] › tests/rendering.spec.js:29:1 › software renderer remains available (8.3s)
2026-10-04T07:26:43.3912726Z [WebServer] 127.0.0.1 - - [04/Oct/2026 07:26:43] "GET / HTTP/1.1" 200 -
2026-10-04T07:26:43.4290970Z [WebServer] 127.0.0.1 - - [04/Oct/2026 07:26:43] "GET /loader.js HTTP/1.1" 200 -
2026-10-04T07:26:43.4922264Z [WebServer] 127.0.0.1 - - [04/Oct/2026 07:26:43] "GET /threaded/index.js HTTP/1.1" 200 -
2026-10-04T07:26:43.5215865Z [WebServer] 127.0.0.1 - - [04/Oct/2026 07:26:43] "GET /threaded/index.js HTTP/1.1" 304 -
2026-10-04T07:26:43.5245714Z [WebServer] 127.0.0.1 - - [04/Oct/2026 07:26:43] "GET /threaded/index.js HTTP/1.1" 304 -
2026-10-04T07:26:43.5265792Z [WebServer] 127.0.0.1 - - [04/Oct/2026 07:26:43] "GET /threaded/index.js HTTP/1.1" 304 -
2026-10-04T07:26:43.5267364Z [WebServer] 127.0.0.1 - - [04/Oct/2026 07:26:43] "GET /threaded/index.js HTTP/1.1" 304 -
2026-10-04T07:26:43.5455030Z [WebServer] 127.0.0.1 - - [04/Oct/2026 07:26:43] "GET /threaded/index.wasm HTTP/1.1" 200 -
2026-10-04T07:26:43.6506248Z [WebServer] 127.0.0.1 - - [04/Oct/2026 07:26:43] "GET /assets/core.521f92f4b98d1237.data HTTP/1.1" 200 -
2026-10-04T07:26:43.7412549Z [WebServer] 127.0.0.1 - - [04/Oct/2026 07:26:43] "GET /assets/game-1.2243ee30594b4c78.data HTTP/1.1" 200 -
2026-10-04T07:26:43.9378727Z [WebServer] 127.0.0.1 - - [04/Oct/2026 07:26:43] "GET /assets/game-2.8bee8ce8e9ba062a.data HTTP/1.1" 200 -
2026-10-04T07:26:49.8466160Z [WebServer] 127.0.0.1 - - [04/Oct/2026 07:26:49] "GET /assets/menu-music.9fde75cab8b2dd19.data HTTP/1.1" 200 -
2026-10-04T07:26:49.8686768Z [WebServer] 127.0.0.1 - - [04/Oct/2026 07:26:49] "GET /assets/font-cjk.5701af4422583342.data HTTP/1.1" 200 -
2026-10-04T07:26:49.9955982Z [WebServer] 127.0.0.1 - - [04/Oct/2026 07:26:49] "GET /assets/translations-1.0c5d9fcc3e4a2560.data HTTP/1.1" 200 -
2026-10-04T07:26:50.1563708Z [WebServer] 127.0.0.1 - - [04/Oct/2026 07:26:50] "GET /assets/translations-2.aa3ea21111988d71.data HTTP/1.1" 200 -
2026-10-04T07:26:50.1951285Z [WebServer] 127.0.0.1 - - [04/Oct/2026 07:26:50] "GET /assets/music.ad3fd96c261940c8.data HTTP/1.1" 200 -
2026-10-04T07:26:50.2656559Z [WebServer] 127.0.0.1 - - [04/Oct/2026 07:26:50] "GET /assets/hd-1.880f04addc35c5d4.data HTTP/1.1" 200 -
2026-10-04T07:26:50.3361649Z [WebServer] 127.0.0.1 - - [04/Oct/2026 07:26:50] "GET /assets/hd-2.36b53a214578643c.data HTTP/1.1" 200 -
2026-10-04T07:26:50.4112924Z [WebServer] 127.0.0.1 - - [04/Oct/2026 07:26:50] "GET /assets/hd-3.083ef8ce34b7ad01.data HTTP/1.1" 200 -
2026-10-04T07:26:50.5062559Z [WebServer] 127.0.0.1 - - [04/Oct/2026 07:26:50] "GET /assets/hd-4.88ad97cceabe5e57.data HTTP/1.1" 200 -
2026-10-04T07:26:52.1339999Z   ✓  3 [chromium] › tests/rendering.spec.js:40:1 › the default renderer is WebGL2 when the browser accelerates it (8.8s)
2026-10-04T07:26:52.2015735Z [WebServer] 127.0.0.1 - - [04/Oct/2026 07:26:52] "GET / HTTP/1.1" 200 -
2026-10-04T07:26:52.2469539Z [WebServer] 127.0.0.1 - - [04/Oct/2026 07:26:52] "GET /loader.js HTTP/1.1" 200 -
2026-10-04T07:26:52.2939098Z [WebServer] 127.0.0.1 - - [04/Oct/2026 07:26:52] "GET /threaded/index.js HTTP/1.1" 200 -
2026-10-04T07:26:52.3208324Z [WebServer] 127.0.0.1 - - [04/Oct/2026 07:26:52] "GET /threaded/index.js HTTP/1.1" 304 -
2026-10-04T07:26:52.3220140Z [WebServer] 127.0.0.1 - - [04/Oct/2026 07:26:52] "GET /threaded/index.js HTTP/1.1" 304 -
2026-10-04T07:26:52.3271615Z [WebServer] 127.0.0.1 - - [04/Oct/2026 07:26:52] "GET /threaded/index.js HTTP/1.1" 304 -
2026-10-04T07:26:52.3288212Z [WebServer] 127.0.0.1 - - [04/Oct/2026 07:26:52] "GET /threaded/index.js HTTP/1.1" 304 -
2026-10-04T07:26:52.3469776Z [WebServer] 127.0.0.1 - - [04/Oct/2026 07:26:52] "GET /threaded/index.wasm HTTP/1.1" 200 -
2026-10-04T07:26:52.4313155Z [WebServer] 127.0.0.1 - - [04/Oct/2026 07:26:52] "GET /assets/core.521f92f4b98d1237.data HTTP/1.1" 200 -
2026-10-04T07:26:52.5808673Z [WebServer] 127.0.0.1 - - [04/Oct/2026 07:26:52] "GET /assets/game-1.2243ee30594b4c78.data HTTP/1.1" 200 -
2026-10-04T07:26:52.7823480Z [WebServer] 127.0.0.1 - - [04/Oct/2026 07:26:52] "GET /assets/game-2.8bee8ce8e9ba062a.data HTTP/1.1" 200 -
2026-10-04T07:26:58.6270318Z [WebServer] 127.0.0.1 - - [04/Oct/2026 07:26:58] "GET /assets/menu-music.9fde75cab8b2dd19.data HTTP/1.1" 200 -
2026-10-04T07:26:58.6515953Z [WebServer] 127.0.0.1 - - [04/Oct/2026 07:26:58] "GET /assets/font-cjk.5701af4422583342.data HTTP/1.1" 200 -
2026-10-04T07:26:58.7871342Z [WebServer] 127.0.0.1 - - [04/Oct/2026 07:26:58] "GET /assets/translations-1.0c5d9fcc3e4a2560.data HTTP/1.1" 200 -
2026-10-04T07:26:58.9393726Z [WebServer] 127.0.0.1 - - [04/Oct/2026 07:26:58] "GET /assets/translations-2.aa3ea21111988d71.data HTTP/1.1" 200 -
2026-10-04T07:26:58.9876746Z [WebServer] 127.0.0.1 - - [04/Oct/2026 07:26:58] "GET /assets/music.ad3fd96c261940c8.data HTTP/1.1" 200 -
2026-10-04T07:27:00.4698364Z   ✓  4 [chromium] › tests/rendering.spec.js:73:3 › the default renderer falls back to software when WebGL2 is unavailable (8.3s)
2026-10-04T07:27:00.5295550Z [WebServer] 127.0.0.1 - - [04/Oct/2026 07:27:00] "GET / HTTP/1.1" 200 -
2026-10-04T07:27:00.5722156Z [WebServer] 127.0.0.1 - - [04/Oct/2026 07:27:00] "GET /loader.js HTTP/1.1" 200 -
2026-10-04T07:27:00.6300635Z [WebServer] 127.0.0.1 - - [04/Oct/2026 07:27:00] "GET /threaded/index.js HTTP/1.1" 200 -
2026-10-04T07:27:00.6569868Z [WebServer] 127.0.0.1 - - [04/Oct/2026 07:27:00] "GET /threaded/index.js HTTP/1.1" 304 -
2026-10-04T07:27:00.6573575Z [WebServer] 127.0.0.1 - - [04/Oct/2026 07:27:00] "GET /threaded/index.js HTTP/1.1" 304 -
2026-10-04T07:27:00.6602089Z [WebServer] 127.0.0.1 - - [04/Oct/2026 07:27:00] "GET /threaded/index.js HTTP/1.1" 304 -
2026-10-04T07:27:00.6691317Z [WebServer] 127.0.0.1 - - [04/Oct/2026 07:27:00] "GET /threaded/index.js HTTP/1.1" 304 -
2026-10-04T07:27:00.6890986Z [WebServer] 127.0.0.1 - - [04/Oct/2026 07:27:00] "GET /threaded/index.wasm HTTP/1.1" 200 -
2026-10-04T07:27:00.8130232Z [WebServer] 127.0.0.1 - - [04/Oct/2026 07:27:00] "GET /assets/core.521f92f4b98d1237.data HTTP/1.1" 200 -
2026-10-04T07:27:00.8546064Z [WebServer] 127.0.0.1 - - [04/Oct/2026 07:27:00] "GET /assets/game-1.2243ee30594b4c78.data HTTP/1.1" 200 -
2026-10-04T07:27:01.1026178Z [WebServer] 127.0.0.1 - - [04/Oct/2026 07:27:01] "GET /assets/game-2.8bee8ce8e9ba062a.data HTTP/1.1" 200 -
2026-10-04T07:27:32.6106919Z   ✘  5 [chromium] › tests/rendering.spec.js:73:3 › the default renderer falls back to software when WebGL2 is emulated (30.9s)
2026-10-04T07:27:33.3273659Z [WebServer] 127.0.0.1 - - [04/Oct/2026 07:27:33] "GET /?renderer=webgl2&gl-errors=1 HTTP/1.1" 200 -
2026-10-04T07:27:33.3672174Z [WebServer] 127.0.0.1 - - [04/Oct/2026 07:27:33] "GET /loader.js HTTP/1.1" 200 -
2026-10-04T07:27:33.4356401Z [WebServer] 127.0.0.1 - - [04/Oct/2026 07:27:33] "GET /threaded/index.js HTTP/1.1" 200 -
2026-10-04T07:27:33.4755962Z [WebServer] 127.0.0.1 - - [04/Oct/2026 07:27:33] "GET /threaded/index.js HTTP/1.1" 304 -
2026-10-04T07:27:33.4765800Z [WebServer] 127.0.0.1 - - [04/Oct/2026 07:27:33] "GET /threaded/index.js HTTP/1.1" 304 -
2026-10-04T07:27:33.4855917Z [WebServer] 127.0.0.1 - - [04/Oct/2026 07:27:33] "GET /threaded/index.js HTTP/1.1" 304 -
2026-10-04T07:27:33.4880723Z [WebServer] 127.0.0.1 - - [04/Oct/2026 07:27:33] "GET /threaded/index.js HTTP/1.1" 304 -
2026-10-04T07:27:33.5028260Z [WebServer] 127.0.0.1 - - [04/Oct/2026 07:27:33] "GET /threaded/index.wasm HTTP/1.1" 200 -
2026-10-04T07:27:33.6030322Z [WebServer] 127.0.0.1 - - [04/Oct/2026 07:27:33] "GET /assets/core.521f92f4b98d1237.data HTTP/1.1" 200 -
2026-10-04T07:27:33.6468369Z [WebServer] 127.0.0.1 - - [04/Oct/2026 07:27:33] "GET /assets/game-1.2243ee30594b4c78.data HTTP/1.1" 200 -
2026-10-04T07:27:33.9989424Z [WebServer] 127.0.0.1 - - [04/Oct/2026 07:27:33] "GET /assets/game-2.8bee8ce8e9ba062a.data HTTP/1.1" 200 -
2026-10-04T07:27:39.9666079Z [WebServer] 127.0.0.1 - - [04/Oct/2026 07:27:39] "GET /assets/menu-music.9fde75cab8b2dd19.data HTTP/1.1" 200 -
2026-10-04T07:27:39.9935928Z [WebServer] 127.0.0.1 - - [04/Oct/2026 07:27:39] "GET /assets/font-cjk.5701af4422583342.data HTTP/1.1" 200 -
2026-10-04T07:27:40.0945344Z [WebServer] 127.0.0.1 - - [04/Oct/2026 07:27:40] "GET /assets/translations-1.0c5d9fcc3e4a2560.data HTTP/1.1" 200 -
2026-10-04T07:27:40.2434975Z [WebServer] 127.0.0.1 - - [04/Oct/2026 07:27:40] "GET /assets/translations-2.aa3ea21111988d71.data HTTP/1.1" 200 -
2026-10-04T07:27:40.3110408Z [WebServer] 127.0.0.1 - - [04/Oct/2026 07:27:40] "GET /assets/music.ad3fd96c261940c8.data HTTP/1.1" 200 -
2026-10-04T07:27:40.3605932Z [WebServer] 127.0.0.1 - - [04/Oct/2026 07:27:40] "GET /assets/hd-1.880f04addc35c5d4.data HTTP/1.1" 200 -
2026-10-04T07:27:40.4388358Z [WebServer] 127.0.0.1 - - [04/Oct/2026 07:27:40] "GET /assets/hd-2.36b53a214578643c.data HTTP/1.1" 200 -
2026-10-04T07:27:40.5496380Z [WebServer] 127.0.0.1 - - [04/Oct/2026 07:27:40] "GET /assets/hd-3.083ef8ce34b7ad01.data HTTP/1.1" 200 -
2026-10-04T07:27:40.6472090Z [WebServer] 127.0.0.1 - - [04/Oct/2026 07:27:40] "GET /assets/hd-4.88ad97cceabe5e57.data HTTP/1.1" 200 -
2026-10-04T07:27:42.1659611Z [WebServer] 127.0.0.1 - - [04/Oct/2026 07:27:42] "GET /threaded/index.js HTTP/1.1" 304 -
2026-10-04T07:28:04.1018308Z [WebServer] 127.0.0.1 - - [04/Oct/2026 07:28:04] "GET /threaded/index.js HTTP/1.1" 304 -
2026-10-04T07:28:04.7016692Z   ✓  6 [chromium] › tests/rendering.spec.js:83:1 › WebGL context restoration keeps the match and can recover repeatedly (31.5s)
2026-10-04T07:28:04.7945925Z [WebServer] 127.0.0.1 - - [04/Oct/2026 07:28:04] "GET /?renderer=webgl2&gl-errors=1 HTTP/1.1" 200 -
2026-10-04T07:28:04.8363875Z [WebServer] 127.0.0.1 - - [04/Oct/2026 07:28:04] "GET /loader.js HTTP/1.1" 200 -
2026-10-04T07:28:04.9439385Z [WebServer] 127.0.0.1 - - [04/Oct/2026 07:28:04] "GET /threaded/index.js HTTP/1.1" 200 -
2026-10-04T07:28:04.9716508Z [WebServer] 127.0.0.1 - - [04/Oct/2026 07:28:04] "GET /threaded/index.js HTTP/1.1" 304 -
2026-10-04T07:28:04.9759779Z [WebServer] 127.0.0.1 - - [04/Oct/2026 07:28:04] "GET /threaded/index.js HTTP/1.1" 304 -
2026-10-04T07:28:04.9794017Z [WebServer] 127.0.0.1 - - [04/Oct/2026 07:28:04] "GET /threaded/index.js HTTP/1.1" 304 -
2026-10-04T07:28:04.9846415Z [WebServer] 127.0.0.1 - - [04/Oct/2026 07:28:04] "GET /threaded/index.js HTTP/1.1" 304 -
2026-10-04T07:28:04.9996181Z [WebServer] 127.0.0.1 - - [04/Oct/2026 07:28:04] "GET /threaded/index.wasm HTTP/1.1" 200 -
2026-10-04T07:28:05.1561203Z [WebServer] 127.0.0.1 - - [04/Oct/2026 07:28:05] "GET /assets/core.521f92f4b98d1237.data HTTP/1.1" 200 -
2026-10-04T07:28:05.2267087Z [WebServer] 127.0.0.1 - - [04/Oct/2026 07:28:05] "GET /assets/game-1.2243ee30594b4c78.data HTTP/1.1" 200 -
2026-10-04T07:28:05.4286842Z [WebServer] 127.0.0.1 - - [04/Oct/2026 07:28:05] "GET /assets/game-2.8bee8ce8e9ba062a.data HTTP/1.1" 200 -
2026-10-04T07:28:11.5488086Z [WebServer] 127.0.0.1 - - [04/Oct/2026 07:28:11] "GET /assets/menu-music.9fde75cab8b2dd19.data HTTP/1.1" 200 -
2026-10-04T07:28:11.5796873Z [WebServer] 127.0.0.1 - - [04/Oct/2026 07:28:11] "GET /assets/font-cjk.5701af4422583342.data HTTP/1.1" 200 -
2026-10-04T07:28:11.6867494Z [WebServer] 127.0.0.1 - - [04/Oct/2026 07:28:11] "GET /assets/translations-1.0c5d9fcc3e4a2560.data HTTP/1.1" 200 -
2026-10-04T07:28:11.8454800Z [WebServer] 127.0.0.1 - - [04/Oct/2026 07:28:11] "GET /assets/translations-2.aa3ea21111988d71.data HTTP/1.1" 200 -
2026-10-04T07:28:11.9010750Z [WebServer] 127.0.0.1 - - [04/Oct/2026 07:28:11] "GET /assets/music.ad3fd96c261940c8.data HTTP/1.1" 200 -
2026-10-04T07:28:11.9563932Z [WebServer] 127.0.0.1 - - [04/Oct/2026 07:28:11] "GET /assets/hd-1.880f04addc35c5d4.data HTTP/1.1" 200 -
2026-10-04T07:28:12.0508350Z [WebServer] 127.0.0.1 - - [04/Oct/2026 07:28:12] "GET /assets/hd-2.36b53a214578643c.data HTTP/1.1" 200 -
2026-10-04T07:28:12.1382972Z [WebServer] 127.0.0.1 - - [04/Oct/2026 07:28:12] "GET /assets/hd-3.083ef8ce34b7ad01.data HTTP/1.1" 200 -
2026-10-04T07:28:12.2436080Z [WebServer] 127.0.0.1 - - [04/Oct/2026 07:28:12] "GET /assets/hd-4.88ad97cceabe5e57.data HTTP/1.1" 200 -
2026-10-04T07:28:37.3309260Z   ✓  7 [chromium] › tests/rendering.spec.js:134:1 › WebGL context restoration retains settings, editor and confirmation controls (32.6s)
2026-10-04T07:28:37.4370688Z 
2026-10-04T07:28:37.4376529Z 
2026-10-04T07:28:37.4386157Z   1) [chromium] › tests/rendering.spec.js:73:3 › the default renderer falls back to software when WebGL2 is emulated 
2026-10-04T07:28:37.4387020Z 
2026-10-04T07:28:37.4387422Z     Error: expect(received).toContain(expected) // indexOf
2026-10-04T07:28:37.4387864Z 
2026-10-04T07:28:37.4388168Z     Expected substring: "MainMenuScreen"
2026-10-04T07:28:37.4388789Z     Received string:    "loading"
2026-10-04T07:28:37.4389096Z 
2026-10-04T07:28:37.4389258Z     Call Log:
2026-10-04T07:28:37.4389858Z     - Timeout 30000ms exceeded while waiting on the predicate
2026-10-04T07:28:37.4390299Z 
2026-10-04T07:28:37.4391009Z       3 | const {clickMainMenu,clickSettingsDone,clickCustomGameStart,clickControl}=require('./main-menu');
2026-10-04T07:28:37.4392292Z       4 | const state = page => page.evaluate(() => glob2Diagnostics.snapshot());
2026-10-04T07:28:37.4393401Z     > 5 | const screen = (page, name) => expect.poll(async () => (await state(page)).screen).toContain(name);
2026-10-04T07:28:37.4394529Z         |                                                                                    ^
2026-10-04T07:28:37.4394900Z       6 |
2026-10-04T07:28:37.4395378Z       7 | test('WebGL2 draws a playable match and resizes its drawing buffer', async ({page}, info) => {
2026-10-04T07:28:37.4396192Z       8 |   test.setTimeout(120000);
2026-10-04T07:28:37.4396691Z         at screen (/home/runner/work/glob2/glob2/browser/tests/rendering.spec.js:5:84)
2026-10-04T07:28:37.4397315Z         at /home/runner/work/glob2/glob2/browser/tests/rendering.spec.js:75:33
2026-10-04T07:28:37.4397641Z 
2026-10-04T07:28:37.4398157Z     attachment #1: screenshot (image/png) ──────────────────────────────────────────────────────────
2026-10-04T07:28:37.4399029Z     ../build/browser-test-results/rendering-the-default-rend-e5633-are-when-WebGL2-is-emulated-chromium/test-failed-1.png
2026-10-04T07:28:37.4399950Z     ────────────────────────────────────────────────────────────────────────────────────────────────
2026-10-04T07:28:37.4400274Z 
2026-10-04T07:28:37.4400835Z     Error Context: ../build/browser-test-results/rendering-the-default-rend-e5633-are-when-WebGL2-is-emulated-chromium/error-context.md
2026-10-04T07:28:37.4401424Z 
2026-10-04T07:28:37.4401841Z     attachment #3: trace (application/zip) ─────────────────────────────────────────────────────────
2026-10-04T07:28:37.4402680Z     ../build/browser-test-results/rendering-the-default-rend-e5633-are-when-WebGL2-is-emulated-chromium/trace.zip
2026-10-04T07:28:37.4403289Z     Usage:
2026-10-04T07:28:37.4403589Z 
2026-10-04T07:28:37.4404771Z         npx playwright show-trace ../build/browser-test-results/rendering-the-default-rend-e5633-are-when-WebGL2-is-emulated-chromium/trace.zip
2026-10-04T07:28:37.4405421Z 
2026-10-04T07:28:37.4405868Z     ────────────────────────────────────────────────────────────────────────────────────────────────
2026-10-04T07:28:37.4406233Z 
2026-10-04T07:28:37.4406348Z   1 failed
2026-10-04T07:28:37.4406975Z     [chromium] › tests/rendering.spec.js:73:3 › the default renderer falls back to software when WebGL2 is emulated 
2026-10-04T07:28:37.4407525Z   6 passed (2.5m)
2026-10-04T07:28:37.5588385Z ##[error]Process completed with exit code 1.
2026-10-04T07:28:37.5656732Z ##[group]Run actions/upload-artifact@v4
2026-10-04T07:28:37.5657110Z with:
2026-10-04T07:28:37.5657363Z   name: browser-determinism-wasm-15
2026-10-04T07:28:37.5657685Z   path: artifacts/browser-determinism/
2026-10-04T07:28:37.5657994Z   if-no-files-found: ignore
2026-10-04T07:28:37.5658273Z   compression-level: 6
2026-10-04T07:28:37.5658528Z   overwrite: false
2026-10-04T07:28:37.5658767Z   include-hidden-files: false
2026-10-04T07:28:37.5659020Z env:
2026-10-04T07:28:37.5659225Z   GLOB2_DEV_MODE: isolated
2026-10-04T07:28:37.5659493Z   GLOB2_TEST_RENDERER: software
2026-10-04T07:28:37.5659743Z ##[endgroup]
2026-10-04T07:28:37.7382003Z (node:4890) [DEP0040] DeprecationWarning: The `punycode` module is deprecated. Please use a userland alternative instead.
2026-10-04T07:28:37.7382970Z (Use `node --trace-deprecation ...` to show where the warning was created)
2026-10-04T07:28:37.7400317Z No files were found with the provided path: artifacts/browser-determinism/. No artifacts will be uploaded.
2026-10-04T07:28:37.7645378Z ##[group]Run actions/upload-artifact@v4
2026-10-04T07:28:37.7645912Z with:
2026-10-04T07:28:37.7646272Z   name: browser-failure-traces-15
2026-10-04T07:28:37.7646735Z   retention-days: 7
2026-10-04T07:28:37.7647245Z   path: build/browser-test-results
build/browser-test-report

2026-10-04T07:28:37.7647853Z   if-no-files-found: warn
2026-10-04T07:28:37.7648267Z   compression-level: 6
2026-10-04T07:28:37.7648655Z   overwrite: false
2026-10-04T07:28:37.7649034Z   include-hidden-files: false
2026-10-04T07:28:37.7649449Z env:
2026-10-04T07:28:37.7649778Z   GLOB2_DEV_MODE: isolated
2026-10-04T07:28:37.7650188Z   GLOB2_TEST_RENDERER: software
2026-10-04T07:28:37.7650608Z ##[endgroup]
2026-10-04T07:28:37.9564732Z (node:4902) [DEP0040] DeprecationWarning: The `punycode` module is deprecated. Please use a userland alternative instead.
2026-10-04T07:28:37.9565770Z (Use `node --trace-deprecation ...` to show where the warning was created)
2026-10-04T07:28:37.9719490Z Multiple search paths detected. Calculating the least common ancestor of all paths
2026-10-04T07:28:37.9722057Z The least common ancestor is /home/runner/work/glob2/glob2/build. This will be the root directory of the artifact
2026-10-04T07:28:37.9723381Z With the provided path, there will be 28 files uploaded
2026-10-04T07:28:37.9730682Z Artifact name is valid!
2026-10-04T07:28:37.9731397Z Root directory input is valid!
2026-10-04T07:28:38.1981749Z Beginning upload of artifact content to blob storage
2026-10-04T07:28:38.5193327Z (node:4902) [DEP0169] DeprecationWarning: `url.parse()` behavior is not standardized and prone to errors that have security implications. Use the WHATWG URL API instead. CVEs are not issued for `url.parse()` vulnerabilities.
2026-10-04T07:28:38.7182465Z Uploaded bytes 8388608
2026-10-04T07:28:38.9114490Z Uploaded bytes 16777216
2026-10-04T07:28:39.1764532Z Uploaded bytes 25165824
2026-10-04T07:28:39.4614456Z Uploaded bytes 33554432
2026-10-04T07:28:39.7191636Z Uploaded bytes 41943040
2026-10-04T07:28:39.9705854Z Uploaded bytes 49878377
2026-10-04T07:28:39.9907885Z Finished uploading artifact content to blob storage!
2026-10-04T07:28:39.9911415Z SHA256 digest of uploaded artifact zip is 3015cded5c4e2441b4386cffc0f677de4bd094a661d0cc045d9a5da8d4f40dd1
2026-10-04T07:28:39.9913591Z Finalizing artifact upload
2026-10-04T07:28:40.1891572Z Artifact browser-failure-traces-15.zip successfully finalized. Artifact ID 11296658498
2026-10-04T07:28:40.1892728Z Artifact browser-failure-traces-15 has been successfully uploaded! Final size is 49878377 bytes. Artifact ID is 11296658498
2026-10-04T07:28:40.1901717Z Artifact download URL: https://github.com/Globulation2/glob2/actions/runs/37184200265/artifacts/11296658498
2026-10-04T07:28:40.2095288Z ##[group]Run python3 test/ci_step_summary.py
2026-10-04T07:28:40.2095698Z [36;1mpython3 test/ci_step_summary.py[0m
2026-10-04T07:28:40.2158687Z shell: /usr/bin/bash -e {0}
2026-10-04T07:28:40.2158957Z env:
2026-10-04T07:28:40.2159178Z   GLOB2_DEV_MODE: isolated
2026-10-04T07:28:40.2159452Z   GLOB2_TEST_RENDERER: software
2026-10-04T07:28:40.2164923Z   CI_STEPS_JSON: {
  "actions_checkout_v4_1": {
    "outputs": {
      "commit": "f66fe1866a505bfad4ac698edb56cbca63690db3",
      "ref": ""
    },
    "outcome": "success",
    "conclusion": "success"
  },
  "actions_download_artifact_v4_1": {
    "outputs": {
      "download-path": "/home/runner/work/glob2/glob2/build/emscripten/client/release"
    },
    "outcome": "success",
    "conclusion": "success"
  },
  "actions_download_artifact_v4_2": {
    "outputs": {
      "download-path": "/home/runner/work/glob2/glob2/artifacts/ci-native"
    },
    "outcome": "success",
    "conclusion": "success"
  },
  "unpack_the_native_programs": {
    "outputs": {},
    "outcome": "success",
    "conclusion": "success"
  },
  "actions_setup_node_v4_1": {
    "outputs": {
      "node-version": "v22.23.3",
      "cache-hit": "true"
    },
    "outcome": "success",
    "conclusion": "success"
  },
  "install_browser_test_dependencies": {
    "outputs": {},
    "outcome": "success",
    "conclusion": "success"
  },
  "start_a_silent_audio_service": {
    "outputs": {},
    "outcome": "skipped",
    "conclusion": "skipped"
  },
  "run_matrix_name": {
    "outputs": {},
    "outcome": "failure",
    "conclusion": "success"
  },
  "upload_artifact_1": {
    "outputs": {},
    "outcome": "success",
    "conclusion": "success"
  },
  "upload_artifact_2": {
    "outputs": {
      "artifact-id": "11296658498",
      "artifact-digest": "3015cded5c4e2441b4386cffc0f677de4bd094a661d0cc045d9a5da8d4f40dd1",
      "artifact-url": "https://github.com/Globulation2/glob2/actions/runs/37184200265/artifacts/11296658498"
    },
    "outcome": "success",
    "conclusion": "success"
  }
}
2026-10-04T07:28:40.2170111Z ##[endgroup]
2026-10-04T07:28:40.2493215Z ## CI check results
2026-10-04T07:28:40.2493581Z 
2026-10-04T07:28:40.2493833Z - Failed: `run_matrix_name`
2026-10-04T07:28:40.2494386Z 
2026-10-04T07:28:40.2538084Z ##[error]Process completed with exit code 1.
2026-10-04T07:28:40.2595644Z ##[group]Run actions/upload-artifact@v4
2026-10-04T07:28:40.2596145Z with:
2026-10-04T07:28:40.2596381Z   name: ci-observation-web-test-15
2026-10-04T07:28:40.2596690Z   path: artifacts/ci-observation/
2026-10-04T07:28:40.2596988Z   if-no-files-found: ignore
2026-10-04T07:28:40.2597258Z   compression-level: 6
2026-10-04T07:28:40.2597505Z   overwrite: false
2026-10-04T07:28:40.2597748Z   include-hidden-files: false
2026-10-04T07:28:40.2598011Z env:
2026-10-04T07:28:40.2598222Z   GLOB2_DEV_MODE: isolated
2026-10-04T07:28:40.2598483Z   GLOB2_TEST_RENDERER: software
2026-10-04T07:28:40.2598747Z ##[endgroup]
2026-10-04T07:28:40.4325826Z (node:4916) [DEP0040] DeprecationWarning: The `punycode` module is deprecated. Please use a userland alternative instead.
2026-10-04T07:28:40.4327721Z (Use `node --trace-deprecation ...` to show where the warning was created)
2026-10-04T07:28:40.4392966Z With the provided path, there will be 1 file uploaded
2026-10-04T07:28:40.4400147Z Artifact name is valid!
2026-10-04T07:28:40.4401462Z Root directory input is valid!
2026-10-04T07:28:40.6705758Z Beginning upload of artifact content to blob storage
2026-10-04T07:28:40.6905550Z (node:4916) [DEP0169] DeprecationWarning: `url.parse()` behavior is not standardized and prone to errors that have security implications. Use the WHATWG URL API instead. CVEs are not issued for `url.parse()` vulnerabilities.
2026-10-04T07:28:40.7308485Z Uploaded bytes 201
2026-10-04T07:28:40.7499650Z Finished uploading artifact content to blob storage!
2026-10-04T07:28:40.7501197Z SHA256 digest of uploaded artifact zip is f0611abf1d01b8aad923ab5003f2f59569d52d6040123fdcbea76c8856ec17d7
2026-10-04T07:28:40.7502307Z Finalizing artifact upload
2026-10-04T07:28:40.9713255Z Artifact ci-observation-web-test-15.zip successfully finalized. Artifact ID 11297027603
2026-10-04T07:28:40.9715088Z Artifact ci-observation-web-test-15 has been successfully uploaded! Final size is 201 bytes. Artifact ID is 11297027603
2026-10-04T07:28:40.9717659Z Artifact download URL: https://github.com/Globulation2/glob2/actions/runs/37184200265/artifacts/11297027603
2026-10-04T07:28:40.9912820Z Post job cleanup.
2026-10-04T07:28:41.0846878Z [command]/usr/bin/git version
2026-10-04T07:28:41.0892841Z git version 2.55.0
2026-10-04T07:28:41.0935341Z Temporarily overriding HOME='/home/runner/work/_temp/d2b4e4ab-ce16-4c99-9df3-2e5b2eb3a4e3' before making global git config changes
2026-10-04T07:28:41.0936943Z Adding repository directory to the temporary git global config as a safe directory
2026-10-04T07:28:41.0942773Z [command]/usr/bin/git config --global --add safe.directory /home/runner/work/glob2/glob2
2026-10-04T07:28:41.0988876Z [command]/usr/bin/git config --local --name-only --get-regexp core\.sshCommand
2026-10-04T07:28:41.1031771Z [command]/usr/bin/git submodule foreach --recursive sh -c "git config --local --name-only --get-regexp 'core\.sshCommand' && git config --local --unset-all 'core.sshCommand' || :"
2026-10-04T07:28:41.1303870Z [command]/usr/bin/git config --local --name-only --get-regexp http\.https\:\/\/github\.com\/\.extraheader
2026-10-04T07:28:41.1336717Z http.https://github.com/.extraheader
2026-10-04T07:28:41.1358930Z [command]/usr/bin/git config --local --unset-all http.https://github.com/.extraheader
2026-10-04T07:28:41.1392742Z [command]/usr/bin/git submodule foreach --recursive sh -c "git config --local --name-only --get-regexp 'http\.https\:\/\/github\.com\/\.extraheader' && git config --local --unset-all 'http.https://github.com/.extraheader' || :"
2026-10-04T07:28:41.1695582Z [command]/usr/bin/git config --local --name-only --get-regexp ^includeIf\.gitdir:
2026-10-04T07:28:41.1718403Z [command]/usr/bin/git submodule foreach --recursive git config --local --show-origin --name-only --get-regexp remote.origin.url
2026-10-04T07:28:41.2164756Z Cleaning up orphan processes
2026-10-04T07:28:41.2534994Z ##[warning]Node.js 20 is deprecated. The following actions target Node.js 20 but are being forced to run on Node.js 24: actions/cache/restore@v4, actions/checkout@v4, actions/download-artifact@v4, actions/setup-node@v4, actions/upload-artifact@v4. For more information see: https://github.blog/changelog/2025-09-19-deprecation-of-node-20-on-github-actions-runners/
