scons: Reading SConscript files ...
Checking whether the C compiler works... (cached) yes
Checking whether the C++ compiler works... (cached) yes
Checking for C library SDL3... (cached) yes
Checking for C library SDL3_ttf... (cached) yes
Checking for C library SDL3_image... (cached) yes
Checking for C library SDL3_net... (cached) yes
Checking for C library speex... (cached) yes
Checking for C++ header file speex/speex.h... (cached) yes
Checking for C library vorbisfile... (cached) yes
Checking for C library vorbis... (cached) yes
Checking for C library ogg... (cached) yes
Checking for C++ header file zlib.h... (cached) yes
Checking for C library z... (cached) yes
Checking for C++ header file regex.h... (cached) yes
Checking for C++ header file openssl/ssl.h... (cached) yes
Checking for C library ssl... (cached) yes
Checking for C library crypto... (cached) yes
Checking for C++ header file boost/beast/websocket.hpp... (cached) yes
Checking for C++ header file boost/asio/ssl.hpp... (cached) yes
Using Apple's OpenGL framework
Using Apple's GLUT framework
Checking for C library epoxy... (cached) yes
Checking for C++ header file epoxy/gl.h... (cached) yes
Checking for C library fribidi... (cached) yes
Checking for C++ header file fribidi/fribidi.h... (cached) yes
Checking for C library portaudio... (cached) yes
Checking for C++ header file portaudio.h... (cached) yes
         no portaudio
         no portaudio - although portaudio was found to be installed, you have 
         no portaudio - to explicitly activate it using: 
         no portaudio - $ scons --portaudio=true
         no portaudio - this may not work properly if the version of portaudio
         no portaudio - is wrong. portaudio is used to allow communicating over VOIP
         no portaudio
         no portaudio - if you know of a solution to detect portaudio version
         no portaudio - let us know at:
         no portaudio - https://savannah.nongnu.org/bugs/index.php?24668
         no portaudio
scons: done reading SConscript files.
scons: Building targets ...
Generating build/darwin/client/release/include/glob2/TestBuildProvenance.h
/opt/homebrew/bin/ccache g++ -o build/darwin/client/release/test/engine-GameplayRecordingIntegrationTest.o -c -g -std=gnu++20 -Wall -fPIC -O3 -fno-access-control -DGLOB2_OFFICIAL_INSTANCE_ORIGIN=\"https://app.glob2online.com\" -DGLOB2_OFFICIAL_INSTANCE_FORMER_ORIGINS=\"https://glob2online.com\" -DHAVE_CONFIG_H -DGL_SILENCE_DEPRECATION -DSDL_MAIN_HANDLED -Ibuild/darwin/client/release/recording/prefix/include -I/Users/bradley/glob2/artifacts/recording-sdl3/prefix/include -Ibuild/darwin/client/release/include -I/opt/homebrew/include -Ilibgag/include -I. -Ilibusl/src -Isrc -Isrc/ai -Isrc/hud -Isrc/app -Isrc/game/player -Isrc/team -Isrc/common -Isrc/map -Isrc/game -Isrc/campaign -Isrc/campaign/screens -Isrc/replay -Isrc/game/screens -Isrc/render/clouds -Isrc/ui/screens -Isrc/game/rules -Isrc/game/diagnostics -Isrc/map/editor/screens -Isrc/engine -Isrc/ui -Isrc/map/preview -Isrc/app/cli -Isrc/net/lan/screens -Isrc/online -Isrc/map/tools -Isrc/scripting/map -Isrc/render/overlay -Isrc/audio -Isrc/online/screens -Isrc/game/orders -Isrc/resource -Isrc/ui/settings -Isrc/team/stats -Isrc/render/torus -Isrc/ai/simple -Isrc/ai/castor -Isrc/ai/javascript -Isrc/ai/nicowar -Isrc/ai/numbi -Isrc/ai/telemetry -Isrc/ai/warrush -Isrc/ai/maxima -Isrc/building -Isrc/building/types -Isrc/unit/types -Isrc/building/hud -Isrc/net -Isrc/hud/draw -Isrc/hud/input -Isrc/hud/touch -Isrc/net/turn -Isrc/unit -Isrc/map/editor -Isrc/map/generator -Isrc/map/generator/compatibility -Isrc/map/generator/core -Isrc/map/generator/generators -Isrc/map/generator/shared -Isrc/map/generator/shared/legacy -Isrc/map/gradient -Isrc/map/io -Isrc/net/lan -Isrc/net/message -Isrc/scripting/sgsl -Ithird_party/nlohmann-json/include -Itest -Itest/support -Ilibgag/src -Ithird_party/quickjs-ng test/GameplayRecordingIntegrationTest.cpp
/opt/homebrew/bin/ccache g++ -o build/darwin/client/release/test/engine-support_TestMain.o -c -g -std=gnu++20 -Wall -fPIC -O3 -DGLOB2_OFFICIAL_INSTANCE_ORIGIN=\"https://app.glob2online.com\" -DGLOB2_OFFICIAL_INSTANCE_FORMER_ORIGINS=\"https://glob2online.com\" -DHAVE_CONFIG_H -DGL_SILENCE_DEPRECATION -DSDL_MAIN_HANDLED -Ibuild/darwin/client/release/recording/prefix/include -I/Users/bradley/glob2/artifacts/recording-sdl3/prefix/include -Ibuild/darwin/client/release/include -I/opt/homebrew/include -Ilibgag/include -I. -Ilibusl/src -Isrc -Isrc/ai -Isrc/hud -Isrc/app -Isrc/game/player -Isrc/team -Isrc/common -Isrc/map -Isrc/game -Isrc/campaign -Isrc/campaign/screens -Isrc/replay -Isrc/game/screens -Isrc/render/clouds -Isrc/ui/screens -Isrc/game/rules -Isrc/game/diagnostics -Isrc/map/editor/screens -Isrc/engine -Isrc/ui -Isrc/map/preview -Isrc/app/cli -Isrc/net/lan/screens -Isrc/online -Isrc/map/tools -Isrc/scripting/map -Isrc/render/overlay -Isrc/audio -Isrc/online/screens -Isrc/game/orders -Isrc/resource -Isrc/ui/settings -Isrc/team/stats -Isrc/render/torus -Isrc/ai/simple -Isrc/ai/castor -Isrc/ai/javascript -Isrc/ai/nicowar -Isrc/ai/numbi -Isrc/ai/telemetry -Isrc/ai/warrush -Isrc/ai/maxima -Isrc/building -Isrc/building/types -Isrc/unit/types -Isrc/building/hud -Isrc/net -Isrc/hud/draw -Isrc/hud/input -Isrc/hud/touch -Isrc/net/turn -Isrc/unit -Isrc/map/editor -Isrc/map/generator -Isrc/map/generator/compatibility -Isrc/map/generator/core -Isrc/map/generator/generators -Isrc/map/generator/shared -Isrc/map/generator/shared/legacy -Isrc/map/gradient -Isrc/map/io -Isrc/net/lan -Isrc/net/message -Isrc/scripting/sgsl -Ithird_party/nlohmann-json/include -Itest -Itest/support -Ilibgag/src -Ithird_party/quickjs-ng test/support/TestMain.cpp
/opt/homebrew/bin/ccache g++ -o build/darwin/client/release/test/engine-src_hive_HiveIntegrationTest.o -c -g -std=gnu++20 -Wall -fPIC -O3 -DGLOB2_OFFICIAL_INSTANCE_ORIGIN=\"https://app.glob2online.com\" -DGLOB2_OFFICIAL_INSTANCE_FORMER_ORIGINS=\"https://glob2online.com\" -DHAVE_CONFIG_H -DGL_SILENCE_DEPRECATION -DSDL_MAIN_HANDLED -Ibuild/darwin/client/release/recording/prefix/include -I/Users/bradley/glob2/artifacts/recording-sdl3/prefix/include -Ibuild/darwin/client/release/include -I/opt/homebrew/include -Ilibgag/include -I. -Ilibusl/src -Isrc -Isrc/ai -Isrc/hud -Isrc/app -Isrc/game/player -Isrc/team -Isrc/common -Isrc/map -Isrc/game -Isrc/campaign -Isrc/campaign/screens -Isrc/replay -Isrc/game/screens -Isrc/render/clouds -Isrc/ui/screens -Isrc/game/rules -Isrc/game/diagnostics -Isrc/map/editor/screens -Isrc/engine -Isrc/ui -Isrc/map/preview -Isrc/app/cli -Isrc/net/lan/screens -Isrc/online -Isrc/map/tools -Isrc/scripting/map -Isrc/render/overlay -Isrc/audio -Isrc/online/screens -Isrc/game/orders -Isrc/resource -Isrc/ui/settings -Isrc/team/stats -Isrc/render/torus -Isrc/ai/simple -Isrc/ai/castor -Isrc/ai/javascript -Isrc/ai/nicowar -Isrc/ai/numbi -Isrc/ai/telemetry -Isrc/ai/warrush -Isrc/ai/maxima -Isrc/building -Isrc/building/types -Isrc/unit/types -Isrc/building/hud -Isrc/net -Isrc/hud/draw -Isrc/hud/input -Isrc/hud/touch -Isrc/net/turn -Isrc/unit -Isrc/map/editor -Isrc/map/generator -Isrc/map/generator/compatibility -Isrc/map/generator/core -Isrc/map/generator/generators -Isrc/map/generator/shared -Isrc/map/generator/shared/legacy -Isrc/map/gradient -Isrc/map/io -Isrc/net/lan -Isrc/net/message -Isrc/scripting/sgsl -Ithird_party/nlohmann-json/include -Itest -Itest/support -Ilibgag/src -Ithird_party/quickjs-ng src/hive/HiveIntegrationTest.cpp
/opt/homebrew/bin/ccache g++ -o build/darwin/client/release/test/engine-src_scripting_javascript_ScriptSessionTest.o -c -g -std=gnu++20 -Wall -fPIC -O3 -fno-access-control -DGLOB2_OFFICIAL_INSTANCE_ORIGIN=\"https://app.glob2online.com\" -DGLOB2_OFFICIAL_INSTANCE_FORMER_ORIGINS=\"https://glob2online.com\" -DHAVE_CONFIG_H -DGL_SILENCE_DEPRECATION -DSDL_MAIN_HANDLED -Ibuild/darwin/client/release/recording/prefix/include -I/Users/bradley/glob2/artifacts/recording-sdl3/prefix/include -Ibuild/darwin/client/release/include -I/opt/homebrew/include -Ilibgag/include -I. -Ilibusl/src -Isrc -Isrc/ai -Isrc/hud -Isrc/app -Isrc/game/player -Isrc/team -Isrc/common -Isrc/map -Isrc/game -Isrc/campaign -Isrc/campaign/screens -Isrc/replay -Isrc/game/screens -Isrc/render/clouds -Isrc/ui/screens -Isrc/game/rules -Isrc/game/diagnostics -Isrc/map/editor/screens -Isrc/engine -Isrc/ui -Isrc/map/preview -Isrc/app/cli -Isrc/net/lan/screens -Isrc/online -Isrc/map/tools -Isrc/scripting/map -Isrc/render/overlay -Isrc/audio -Isrc/online/screens -Isrc/game/orders -Isrc/resource -Isrc/ui/settings -Isrc/team/stats -Isrc/render/torus -Isrc/ai/simple -Isrc/ai/castor -Isrc/ai/javascript -Isrc/ai/nicowar -Isrc/ai/numbi -Isrc/ai/telemetry -Isrc/ai/warrush -Isrc/ai/maxima -Isrc/building -Isrc/building/types -Isrc/unit/types -Isrc/building/hud -Isrc/net -Isrc/hud/draw -Isrc/hud/input -Isrc/hud/touch -Isrc/net/turn -Isrc/unit -Isrc/map/editor -Isrc/map/generator -Isrc/map/generator/compatibility -Isrc/map/generator/core -Isrc/map/generator/generators -Isrc/map/generator/shared -Isrc/map/generator/shared/legacy -Isrc/map/gradient -Isrc/map/io -Isrc/net/lan -Isrc/net/message -Isrc/scripting/sgsl -Ithird_party/nlohmann-json/include -Itest -Itest/support -Ilibgag/src -Ithird_party/quickjs-ng src/scripting/javascript/ScriptSessionTest.cpp
/opt/homebrew/bin/ccache g++ -o build/darwin/client/release/test/engine-src_scripting_javascript_ScriptSimulationTest.o -c -g -std=gnu++20 -Wall -fPIC -O3 -fno-access-control -DGLOB2_OFFICIAL_INSTANCE_ORIGIN=\"https://app.glob2online.com\" -DGLOB2_OFFICIAL_INSTANCE_FORMER_ORIGINS=\"https://glob2online.com\" -DHAVE_CONFIG_H -DGL_SILENCE_DEPRECATION -DSDL_MAIN_HANDLED -Ibuild/darwin/client/release/recording/prefix/include -I/Users/bradley/glob2/artifacts/recording-sdl3/prefix/include -Ibuild/darwin/client/release/include -I/opt/homebrew/include -Ilibgag/include -I. -Ilibusl/src -Isrc -Isrc/ai -Isrc/hud -Isrc/app -Isrc/game/player -Isrc/team -Isrc/common -Isrc/map -Isrc/game -Isrc/campaign -Isrc/campaign/screens -Isrc/replay -Isrc/game/screens -Isrc/render/clouds -Isrc/ui/screens -Isrc/game/rules -Isrc/game/diagnostics -Isrc/map/editor/screens -Isrc/engine -Isrc/ui -Isrc/map/preview -Isrc/app/cli -Isrc/net/lan/screens -Isrc/online -Isrc/map/tools -Isrc/scripting/map -Isrc/render/overlay -Isrc/audio -Isrc/online/screens -Isrc/game/orders -Isrc/resource -Isrc/ui/settings -Isrc/team/stats -Isrc/render/torus -Isrc/ai/simple -Isrc/ai/castor -Isrc/ai/javascript -Isrc/ai/nicowar -Isrc/ai/numbi -Isrc/ai/telemetry -Isrc/ai/warrush -Isrc/ai/maxima -Isrc/building -Isrc/building/types -Isrc/unit/types -Isrc/building/hud -Isrc/net -Isrc/hud/draw -Isrc/hud/input -Isrc/hud/touch -Isrc/net/turn -Isrc/unit -Isrc/map/editor -Isrc/map/generator -Isrc/map/generator/compatibility -Isrc/map/generator/core -Isrc/map/generator/generators -Isrc/map/generator/shared -Isrc/map/generator/shared/legacy -Isrc/map/gradient -Isrc/map/io -Isrc/net/lan -Isrc/net/message -Isrc/scripting/sgsl -Ithird_party/nlohmann-json/include -Itest -Itest/support -Ilibgag/src -Ithird_party/quickjs-ng src/scripting/javascript/ScriptSimulationTest.cpp
/opt/homebrew/bin/ccache g++ -o build/darwin/client/release/test/engine-src_unit_MarketFetchHarness.o -c -g -std=gnu++20 -Wall -fPIC -O3 -DGLOB2_OFFICIAL_INSTANCE_ORIGIN=\"https://app.glob2online.com\" -DGLOB2_OFFICIAL_INSTANCE_FORMER_ORIGINS=\"https://glob2online.com\" -DHAVE_CONFIG_H -DGL_SILENCE_DEPRECATION -DSDL_MAIN_HANDLED -Ibuild/darwin/client/release/recording/prefix/include -I/Users/bradley/glob2/artifacts/recording-sdl3/prefix/include -Ibuild/darwin/client/release/include -I/opt/homebrew/include -Ilibgag/include -I. -Ilibusl/src -Isrc -Isrc/ai -Isrc/hud -Isrc/app -Isrc/game/player -Isrc/team -Isrc/common -Isrc/map -Isrc/game -Isrc/campaign -Isrc/campaign/screens -Isrc/replay -Isrc/game/screens -Isrc/render/clouds -Isrc/ui/screens -Isrc/game/rules -Isrc/game/diagnostics -Isrc/map/editor/screens -Isrc/engine -Isrc/ui -Isrc/map/preview -Isrc/app/cli -Isrc/net/lan/screens -Isrc/online -Isrc/map/tools -Isrc/scripting/map -Isrc/render/overlay -Isrc/audio -Isrc/online/screens -Isrc/game/orders -Isrc/resource -Isrc/ui/settings -Isrc/team/stats -Isrc/render/torus -Isrc/ai/simple -Isrc/ai/castor -Isrc/ai/javascript -Isrc/ai/nicowar -Isrc/ai/numbi -Isrc/ai/telemetry -Isrc/ai/warrush -Isrc/ai/maxima -Isrc/building -Isrc/building/types -Isrc/unit/types -Isrc/building/hud -Isrc/net -Isrc/hud/draw -Isrc/hud/input -Isrc/hud/touch -Isrc/net/turn -Isrc/unit -Isrc/map/editor -Isrc/map/generator -Isrc/map/generator/compatibility -Isrc/map/generator/core -Isrc/map/generator/generators -Isrc/map/generator/shared -Isrc/map/generator/shared/legacy -Isrc/map/gradient -Isrc/map/io -Isrc/net/lan -Isrc/net/message -Isrc/scripting/sgsl -Ithird_party/nlohmann-json/include -Itest -Itest/support -Ilibgag/src -Ithird_party/quickjs-ng src/unit/MarketFetchHarness.cpp
In file included from src/unit/MarketFetchHarness.cpp:6:
In file included from test/support/EngineFixtures.h:9:
In file included from src/game/Game.h:12:
In file included from src/map/Map.h:21:
In file included from src/team/Team.h:16:
In file included from src/game/GameEvent.h:9:
In file included from libgag/include/GraphicContext.h:6:
libgag/include/SDLGraphicContext.h:520:16: warning: 'setRes' overrides a member function but is not marked 'override' [-Winconsistent-missing-override]
  520 |                 virtual void setRes(int w, int h) { setRes(w, h, optionFlags); }
      |                              ^
libgag/include/SDLGraphicContext.h:228:16: note: overridden virtual function is here
  228 |                 virtual void setRes(int w, int h);
      |                              ^
libgag/include/SDLGraphicContext.h:596:16: warning: 'setClipRect' overrides a member function but is not marked 'override' [-Winconsistent-missing-override]
  596 |                 virtual void setClipRect(int x, int y, int w, int h);
      |                              ^
libgag/include/SDLGraphicContext.h:230:16: note: overridden virtual function is here
  230 |                 virtual void setClipRect(int x, int y, int w, int h);
      |                              ^
libgag/include/SDLGraphicContext.h:597:16: warning: 'setClipRect' overrides a member function but is not marked 'override' [-Winconsistent-missing-override]
  597 |                 virtual void setClipRect(void);
      |                              ^
libgag/include/SDLGraphicContext.h:231:16: note: overridden virtual function is here
  231 |                 virtual void setClipRect(void);
      |                              ^
libgag/include/SDLGraphicContext.h:602:22: warning: 'nextFrame' overrides a member function but is not marked 'override' [-Winconsistent-missing-override]
  602 |         virtual void nextFrame(void);
      |                      ^
libgag/include/SDLGraphicContext.h:232:16: note: overridden virtual function is here
  232 |                 virtual void nextFrame(void) { flushTextPictures(); }
      |                              ^
libgag/include/SDLGraphicContext.h:604:16: warning: 'loadImage' overrides a member function but is not marked 'override' [-Winconsistent-missing-override]
  604 |                 virtual bool loadImage(const std::string name) { return false; }
      |                              ^
libgag/include/SDLGraphicContext.h:233:16: note: overridden virtual function is here
  233 |                 virtual bool loadImage(const std::string name);
      |                              ^
libgag/include/SDLGraphicContext.h:608:16: warning: 'shiftHSV' overrides a member function but is not marked 'override' [-Winconsistent-missing-override]
  608 |                 virtual void shiftHSV(float hue, float sat, float lum) { }
      |                              ^
libgag/include/SDLGraphicContext.h:234:16: note: overridden virtual function is here
  234 |                 virtual void shiftHSV(float hue, float sat, float lum);
      |                              ^
libgag/include/SDLGraphicContext.h:611:16: warning: 'canDrawStretchedSprite' overrides a member function but is not marked 'override' [-Winconsistent-missing-override]
  611 |                 virtual bool canDrawStretchedSprite(void) { return hasPortableRenderer() || (optionFlags & USEGPU) != 0; }
      |                              ^
libgag/include/SDLGraphicContext.h:252:16: note: overridden virtual function is here
  252 |                 virtual bool canDrawStretchedSprite(void) { return false; }
      |                              ^
libgag/include/SDLGraphicContext.h:613:16: warning: 'drawPixel' overrides a member function but is not marked 'override' [-Winconsistent-missing-override]
  613 |                 virtual void drawPixel(int x, int y, const Color& color);
      |                              ^
libgag/include/SDLGraphicContext.h:255:16: note: overridden virtual function is here
  255 |                 virtual void drawPixel(int x, int y, const Color& color);
      |                              ^
libgag/include/SDLGraphicContext.h:614:16: warning: 'drawPixel' overrides a member function but is not marked 'override' [-Winconsistent-missing-override]
  614 |                 virtual void drawPixel(float x, float y, const Color& color);
      |                              ^
libgag/include/SDLGraphicContext.h:256:16: note: overridden virtual function is here
  256 |                 virtual void drawPixel(float x, float y, const Color& color);
      |                              ^
libgag/include/SDLGraphicContext.h:616:16: warning: 'drawRect' overrides a member function but is not marked 'override' [-Winconsistent-missing-override]
  616 |                 virtual void drawRect(int x, int y, int w, int h, const Color& color);
      |                              ^
libgag/include/SDLGraphicContext.h:258:16: note: overridden virtual function is here
  258 |                 virtual void drawRect(int x, int y, int w, int h, const Color& color);
      |                              ^
libgag/include/SDLGraphicContext.h:617:16: warning: 'drawRect' overrides a member function but is not marked 'override' [-Winconsistent-missing-override]
  617 |                 virtual void drawRect(float x, float y, float w, float h, const Color& color);
      |                              ^
libgag/include/SDLGraphicContext.h:259:16: note: overridden virtual function is here
  259 |                 virtual void drawRect(float x, float y, float w, float h, const Color& color);
      |                              ^
libgag/include/SDLGraphicContext.h:619:16: warning: 'drawFilledRect' overrides a member function but is not marked 'override' [-Winconsistent-missing-override]
  619 |                 virtual void drawFilledRect(int x, int y, int w, int h, const Color& color);
      |                              ^
libgag/include/SDLGraphicContext.h:261:16: note: overridden virtual function is here
  261 |                 virtual void drawFilledRect(int x, int y, int w, int h, const Color& color);
      |                              ^
libgag/include/SDLGraphicContext.h:620:16: warning: 'drawFilledRect' overrides a member function but is not marked 'override' [-Winconsistent-missing-override]
  620 |                 virtual void drawFilledRect(float x, float y, float w, float h, const Color& color);
      |                              ^
libgag/include/SDLGraphicContext.h:262:16: note: overridden virtual function is here
  262 |                 virtual void drawFilledRect(float x, float y, float w, float h, const Color& color);
      |                              ^
libgag/include/SDLGraphicContext.h:622:16: warning: 'drawLine' overrides a member function but is not marked 'override' [-Winconsistent-missing-override]
  622 |                 virtual void drawLine(int x1, int y1, int x2, int y2, const Color& color);
      |                              ^
libgag/include/SDLGraphicContext.h:264:16: note: overridden virtual function is here
  264 |                 virtual void drawLine(int x1, int y1, int x2, int y2, const Color& color);
      |                              ^
libgag/include/SDLGraphicContext.h:623:16: warning: 'drawLine' overrides a member function but is not marked 'override' [-Winconsistent-missing-override]
  623 |                 virtual void drawLine(float x1, float y1, float x2, float y2, const Color& color);
      |                              ^
libgag/include/SDLGraphicContext.h:265:16: note: overridden virtual function is here
  265 |                 virtual void drawLine(float x1, float y1, float x2, float y2, const Color& color);
      |                              ^
libgag/include/SDLGraphicContext.h:625:16: warning: 'drawCircle' overrides a member function but is not marked 'override' [-Winconsistent-missing-override]
  625 |                 virtual void drawCircle(int x, int y, int radius, const Color& color);
      |                              ^
libgag/include/SDLGraphicContext.h:267:16: note: overridden virtual function is here
  267 |                 virtual void drawCircle(int x, int y, int radius, const Color& color);
      |                              ^
libgag/include/SDLGraphicContext.h:626:16: warning: 'drawCircle' overrides a member function but is not marked 'override' [-Winconsistent-missing-override]
  626 |                 virtual void drawCircle(float x, float y, float radius, const Color& color);
      |                              ^
libgag/include/SDLGraphicContext.h:268:16: note: overridden virtual function is here
  268 |                 virtual void drawCircle(float x, float y, float radius, const Color& color);
      |                              ^
libgag/include/SDLGraphicContext.h:628:16: warning: 'drawSurface' overrides a member function but is not marked 'override' [-Winconsistent-missing-override]
  628 |                 virtual void drawSurface(int x, int y, DrawableSurface *surface, Uint8 alpha = Color::ALPHA_OPAQUE);
      |                              ^
libgag/include/SDLGraphicContext.h:270:16: note: overridden virtual function is here
  270 |                 virtual void drawSurface(int x, int y, DrawableSurface *surface, Uint8 alpha = Color::ALPHA_OPAQUE);
      |                              ^
libgag/include/SDLGraphicContext.h:629:16: warning: 'drawSurface' overrides a member function but is not marked 'override' [-Winconsistent-missing-override]
  629 |                 virtual void drawSurface(float x, float y, DrawableSurface *surface, Uint8 alpha = Color::ALPHA_OPAQUE);
      |                              ^
libgag/include/SDLGraphicContext.h:271:16: note: overridden virtual function is here
  271 |                 virtual void drawSurface(float x, float y, DrawableSurface *surface, Uint8 alpha = Color::ALPHA_OPAQUE);
      |                              ^
libgag/include/SDLGraphicContext.h:631:16: warning: 'drawSurface' overrides a member function but is not marked 'override' [-Winconsistent-missing-override]
  631 |                 virtual void drawSurface(int x, int y, int w, int h, DrawableSurface *surface, Uint8 alpha = Color::ALPHA_OPAQUE);
      |                              ^
libgag/include/SDLGraphicContext.h:273:16: note: overridden virtual function is here
  273 |                 virtual void drawSurface(int x, int y, int w, int h, DrawableSurface *surface, Uint8 alpha = Color::ALPHA_OPAQUE);
      |                              ^
libgag/include/SDLGraphicContext.h:632:16: warning: 'drawSurface' overrides a member function but is not marked 'override' [-Winconsistent-missing-override]
  632 |                 virtual void drawSurface(float x, float y, float w, float h, DrawableSurface *surface, Uint8 alpha = Color::ALPHA_OPAQUE);
      |                              ^
libgag/include/SDLGraphicContext.h:274:16: note: overridden virtual function is here
  274 |                 virtual void drawSurface(float x, float y, float w, float h, DrawableSurface *surface, Uint8 alpha = Color::ALPHA_OPAQUE);
      |                              ^
libgag/include/SDLGraphicContext.h:634:16: warning: 'drawSurface' overrides a member function but is not marked 'override' [-Winconsistent-missing-override]
  634 |                 virtual void drawSurface(int x, int y, DrawableSurface *surface, int sx, int sy, int sw, int sh, Uint8 alpha = Color::ALPHA_OPAQUE);
      |                              ^
libgag/include/SDLGraphicContext.h:276:16: note: overridden virtual function is here
  276 |                 virtual void drawSurface(int x, int y, DrawableSurface *surface, int sx, int sy, int sw, int sh, Uint8 alpha = Color::ALPHA_OPAQUE);
      |                              ^
libgag/include/SDLGraphicContext.h:635:16: warning: 'drawSurface' overrides a member function but is not marked 'override' [-Winconsistent-missing-override]
  635 |                 virtual void drawSurface(float x, float y, DrawableSurface *surface, int sx, int sy, int sw, int sh, Uint8 alpha = Color::ALPHA_OPAQUE);
      |                              ^
libgag/include/SDLGraphicContext.h:277:16: note: overridden virtual function is here
  277 |                 virtual void drawSurface(float x, float y, DrawableSurface *surface, int sx, int sy, int sw, int sh, Uint8 alpha = Color::ALPHA_OPAQUE);
      |                              ^
libgag/include/SDLGraphicContext.h:637:16: warning: 'drawSurface' overrides a member function but is not marked 'override' [-Winconsistent-missing-override]
  637 |                 virtual void drawSurface(int x, int y, int w, int h, DrawableSurface *surface, int sx, int sy, int sw, int sh,  Uint8 alpha = Color::ALPHA_OPAQUE);
      |                              ^
libgag/include/SDLGraphicContext.h:279:16: note: overridden virtual function is here
  279 |                 virtual void drawSurface(int x, int y, int w, int h, DrawableSurface *surface, int sx, int sy, int sw, int sh,  Uint8 alpha = Color::ALPHA_OPAQUE);
      |                              ^
libgag/include/SDLGraphicContext.h:638:16: warning: 'drawSurface' overrides a member function but is not marked 'override' [-Winconsistent-missing-override]
  638 |                 virtual void drawSurface(float x, float y, float w, float h, DrawableSurface *surface, int sx, int sy, int sw, int sh, Uint8 alpha = Color::ALPHA_OPAQUE);
      |                              ^
libgag/include/SDLGraphicContext.h:280:16: note: overridden virtual function is here
  280 |                 virtual void drawSurface(float x, float y, float w, float h, DrawableSurface *surface, int sx, int sy, int sw, int sh, Uint8 alpha = Color::ALPHA_OPAQUE);
      |                              ^
libgag/include/SDLGraphicContext.h:661:16: warning: 'drawAlphaMap' overrides a member function but is not marked 'override' [-Winconsistent-missing-override]
  661 |                 virtual void drawAlphaMap(const std::valarray<float> &map, int mapW, int mapH, int x, int y, int cellW, int cellH, const Color &color);
      |                              ^
libgag/include/SDLGraphicContext.h:293:16: note: overridden virtual function is here
  293 |                 virtual void drawAlphaMap(const std::valarray<float> &map, int mapW, int mapH, int x, int y, int cellW, int cellH, const Color &color);
      |                              ^
libgag/include/SDLGraphicContext.h:662:16: warning: 'drawAlphaMap' overrides a member function but is not marked 'override' [-Winconsistent-missing-override]
  662 |                 virtual void drawAlphaMap(const std::valarray<unsigned char> &map, int mapW, int mapH, int x, int y, int cellW, int cellH, const Color &color);
      |                              ^
libgag/include/SDLGraphicContext.h:294:16: note: overridden virtual function is here
  294 |                 virtual void drawAlphaMap(const std::valarray<unsigned char> &map, int mapW, int mapH, int x, int y, int cellW, int cellH, const Color &color);
      |                              ^
libgag/include/SDLGraphicContext.h:665:16: warning: 'drawPixel' overrides a member function but is not marked 'override' [-Winconsistent-missing-override]
  665 |                 virtual void drawPixel(int x, int y, Uint8 r, Uint8 g, Uint8 b, Uint8 a = Color::ALPHA_OPAQUE);
      |                              ^
libgag/include/SDLGraphicContext.h:297:16: note: overridden virtual function is here
  297 |                 virtual void drawPixel(int x, int y, Uint8 r, Uint8 g, Uint8 b, Uint8 a = Color::ALPHA_OPAQUE);
      |                              ^
libgag/include/SDLGraphicContext.h:666:16: warning: 'drawRect' overrides a member function but is not marked 'override' [-Winconsistent-missing-override]
  666 |                 virtual void drawRect(int x, int y, int w, int h, Uint8 r, Uint8 g, Uint8 b, Uint8 a = Color::ALPHA_OPAQUE);
      |                              ^
libgag/include/SDLGraphicContext.h:298:16: note: overridden virtual function is here
  298 |                 virtual void drawRect(int x, int y, int w, int h, Uint8 r, Uint8 g, Uint8 b, Uint8 a = Color::ALPHA_OPAQUE);
      |                              ^
libgag/include/SDLGraphicContext.h:667:16: warning: 'drawFilledRect' overrides a member function but is not marked 'override' [-Winconsistent-missing-override]
  667 |                 virtual void drawFilledRect(int x, int y, int w, int h, Uint8 r, Uint8 g, Uint8 b, Uint8 a = Color::ALPHA_OPAQUE);
      |                              ^
libgag/include/SDLGraphicContext.h:299:16: note: overridden virtual function is here
  299 |                 virtual void drawFilledRect(int x, int y, int w, int h, Uint8 r, Uint8 g, Uint8 b, Uint8 a = Color::ALPHA_OPAQUE);
      |                              ^
libgag/include/SDLGraphicContext.h:668:16: warning: 'drawVertLine' overrides a member function but is not marked 'override' [-Winconsistent-missing-override]
  668 |                 virtual void drawVertLine(int x, int y, int l, Uint8 r, Uint8 g, Uint8 b, Uint8 a = Color::ALPHA_OPAQUE);
      |                              ^
libgag/include/SDLGraphicContext.h:300:16: note: overridden virtual function is here
  300 |                 virtual void drawVertLine(int x, int y, int l, Uint8 r, Uint8 g, Uint8 b, Uint8 a = Color::ALPHA_OPAQUE);
      |                              ^
libgag/include/SDLGraphicContext.h:669:16: warning: 'drawVertLine' overrides a member function but is not marked 'override' [-Winconsistent-missing-override]
  669 |                 virtual void drawVertLine(int x, int y, int l, const Color& color);
      |                              ^
libgag/include/SDLGraphicContext.h:301:16: note: overridden virtual function is here
  301 |                 virtual void drawVertLine(int x, int y, int l, const Color& color);
      |                              ^
libgag/include/SDLGraphicContext.h:670:16: warning: 'drawHorzLine' overrides a member function but is not marked 'override' [-Winconsistent-missing-override]
  670 |                 virtual void drawHorzLine(int x, int y, int l, Uint8 r, Uint8 g, Uint8 b, Uint8 a = Color::ALPHA_OPAQUE);
      |                              ^
libgag/include/SDLGraphicContext.h:302:16: note: overridden virtual function is here
  302 |                 virtual void drawHorzLine(int x, int y, int l, Uint8 r, Uint8 g, Uint8 b, Uint8 a = Color::ALPHA_OPAQUE);
      |                              ^
libgag/include/SDLGraphicContext.h:671:16: warning: 'drawHorzLine' overrides a member function but is not marked 'override' [-Winconsistent-missing-override]
  671 |                 virtual void drawHorzLine(int x, int y, int l, const Color& color);
      |                              ^
libgag/include/SDLGraphicContext.h:303:16: note: overridden virtual function is here
  303 |                 virtual void drawHorzLine(int x, int y, int l, const Color& color);
      |                              ^
libgag/include/SDLGraphicContext.h:672:16: warning: 'drawLine' overrides a member function but is not marked 'override' [-Winconsistent-missing-override]
  672 |                 virtual void drawLine(int x1, int y1, int x2, int y2, Uint8 r, Uint8 g, Uint8 b, Uint8 a = Color::ALPHA_OPAQUE);
      |                              ^
libgag/include/SDLGraphicContext.h:304:16: note: overridden virtual function is here
  304 |                 virtual void drawLine(int x1, int y1, int x2, int y2, Uint8 r, Uint8 g, Uint8 b, Uint8 a = Color::ALPHA_OPAQUE);
      |                              ^
libgag/include/SDLGraphicContext.h:673:16: warning: 'drawCircle' overrides a member function but is not marked 'override' [-Winconsistent-missing-override]
  673 |                 virtual void drawCircle(int x, int y, int radius, Uint8 r, Uint8 g, Uint8 b, Uint8 a = Color::ALPHA_OPAQUE);
      |                              ^
libgag/include/SDLGraphicContext.h:305:16: note: overridden virtual function is here
  305 |                 virtual void drawCircle(int x, int y, int radius, Uint8 r, Uint8 g, Uint8 b, Uint8 a = Color::ALPHA_OPAQUE);
      |                              ^
36 warnings generated.
/opt/homebrew/bin/ccache g++ -o build/darwin/client/release/test/engine-src_online_MatchSetupTest.o -c -g -std=gnu++20 -Wall -fPIC -O3 -DGLOB2_OFFICIAL_INSTANCE_ORIGIN=\"https://app.glob2online.com\" -DGLOB2_OFFICIAL_INSTANCE_FORMER_ORIGINS=\"https://glob2online.com\" -DHAVE_CONFIG_H -DGL_SILENCE_DEPRECATION -DSDL_MAIN_HANDLED -Ibuild/darwin/client/release/recording/prefix/include -I/Users/bradley/glob2/artifacts/recording-sdl3/prefix/include -Ibuild/darwin/client/release/include -I/opt/homebrew/include -Ilibgag/include -I. -Ilibusl/src -Isrc -Isrc/ai -Isrc/hud -Isrc/app -Isrc/game/player -Isrc/team -Isrc/common -Isrc/map -Isrc/game -Isrc/campaign -Isrc/campaign/screens -Isrc/replay -Isrc/game/screens -Isrc/render/clouds -Isrc/ui/screens -Isrc/game/rules -Isrc/game/diagnostics -Isrc/map/editor/screens -Isrc/engine -Isrc/ui -Isrc/map/preview -Isrc/app/cli -Isrc/net/lan/screens -Isrc/online -Isrc/map/tools -Isrc/scripting/map -Isrc/render/overlay -Isrc/audio -Isrc/online/screens -Isrc/game/orders -Isrc/resource -Isrc/ui/settings -Isrc/team/stats -Isrc/render/torus -Isrc/ai/simple -Isrc/ai/castor -Isrc/ai/javascript -Isrc/ai/nicowar -Isrc/ai/numbi -Isrc/ai/telemetry -Isrc/ai/warrush -Isrc/ai/maxima -Isrc/building -Isrc/building/types -Isrc/unit/types -Isrc/building/hud -Isrc/net -Isrc/hud/draw -Isrc/hud/input -Isrc/hud/touch -Isrc/net/turn -Isrc/unit -Isrc/map/editor -Isrc/map/generator -Isrc/map/generator/compatibility -Isrc/map/generator/core -Isrc/map/generator/generators -Isrc/map/generator/shared -Isrc/map/generator/shared/legacy -Isrc/map/gradient -Isrc/map/io -Isrc/net/lan -Isrc/net/message -Isrc/scripting/sgsl -Ithird_party/nlohmann-json/include -Itest -Itest/support -Ilibgag/src -Ithird_party/quickjs-ng src/online/MatchSetupTest.cpp
In file included from src/scripting/javascript/ScriptSessionTest.cpp:2:
In file included from test/support/EngineFixtures.h:9:
In file included from src/game/Game.h:12:
In file included from src/map/Map.h:21:
In file included from src/team/Team.h:16:
In file included from src/game/GameEvent.h:9:
In file included from libgag/include/GraphicContext.h:6:
libgag/include/SDLGraphicContext.h:520:16: warning: 'setRes' overrides a member function but is not marked 'override' [-Winconsistent-missing-override]
  520 |                 virtual void setRes(int w, int h) { setRes(w, h, optionFlags); }
      |                              ^
libgag/include/SDLGraphicContext.h:228:16: note: overridden virtual function is here
  228 |                 virtual void setRes(int w, int h);
      |                              ^
libgag/include/SDLGraphicContext.h:596:16: warning: 'setClipRect' overrides a member function but is not marked 'override' [-Winconsistent-missing-override]
  596 |                 virtual void setClipRect(int x, int y, int w, int h);
      |                              ^
libgag/include/SDLGraphicContext.h:230:16: note: overridden virtual function is here
  230 |                 virtual void setClipRect(int x, int y, int w, int h);
      |                              ^
libgag/include/SDLGraphicContext.h:597:16: warning: 'setClipRect' overrides a member function but is not marked 'override' [-Winconsistent-missing-override]
  597 |                 virtual void setClipRect(void);
      |                              ^
libgag/include/SDLGraphicContext.h:231:16: note: overridden virtual function is here
  231 |                 virtual void setClipRect(void);
      |                              ^
libgag/include/SDLGraphicContext.h:602:22: warning: 'nextFrame' overrides a member function but is not marked 'override' [-Winconsistent-missing-override]
  602 |         virtual void nextFrame(void);
      |                      ^
libgag/include/SDLGraphicContext.h:232:16: note: overridden virtual function is here
  232 |                 virtual void nextFrame(void) { flushTextPictures(); }
      |                              ^
libgag/include/SDLGraphicContext.h:604:16: warning: 'loadImage' overrides a member function but is not marked 'override' [-Winconsistent-missing-override]
  604 |                 virtual bool loadImage(const std::string name) { return false; }
      |                              ^
libgag/include/SDLGraphicContext.h:233:16: note: overridden virtual function is here
  233 |                 virtual bool loadImage(const std::string name);
      |                              ^
libgag/include/SDLGraphicContext.h:608:16: warning: 'shiftHSV' overrides a member function but is not marked 'override' [-Winconsistent-missing-override]
  608 |                 virtual void shiftHSV(float hue, float sat, float lum) { }
      |                              ^
libgag/include/SDLGraphicContext.h:234:16: note: overridden virtual function is here
  234 |                 virtual void shiftHSV(float hue, float sat, float lum);
      |                              ^
libgag/include/SDLGraphicContext.h:611:16: warning: 'canDrawStretchedSprite' overrides a member function but is not marked 'override' [-Winconsistent-missing-override]
  611 |                 virtual bool canDrawStretchedSprite(void) { return hasPortableRenderer() || (optionFlags & USEGPU) != 0; }
      |                              ^
libgag/include/SDLGraphicContext.h:252:16: note: overridden virtual function is here
  252 |                 virtual bool canDrawStretchedSprite(void) { return false; }
      |                              ^
libgag/include/SDLGraphicContext.h:613:16: warning: 'drawPixel' overrides a member function but is not marked 'override' [-Winconsistent-missing-override]
  613 |                 virtual void drawPixel(int x, int y, const Color& color);
      |                              ^
libgag/include/SDLGraphicContext.h:255:16: note: overridden virtual function is here
  255 |                 virtual void drawPixel(int x, int y, const Color& color);
      |                              ^
libgag/include/SDLGraphicContext.h:614:16: warning: 'drawPixel' overrides a member function but is not marked 'override' [-Winconsistent-missing-override]
  614 |                 virtual void drawPixel(float x, float y, const Color& color);
      |                              ^
libgag/include/SDLGraphicContext.h:256:16: note: overridden virtual function is here
  256 |                 virtual void drawPixel(float x, float y, const Color& color);
      |                              ^
libgag/include/SDLGraphicContext.h:616:16: warning: 'drawRect' overrides a member function but is not marked 'override' [-Winconsistent-missing-override]
  616 |                 virtual void drawRect(int x, int y, int w, int h, const Color& color);
      |                              ^
libgag/include/SDLGraphicContext.h:258:16: note: overridden virtual function is here
  258 |                 virtual void drawRect(int x, int y, int w, int h, const Color& color);
      |                              ^
libgag/include/SDLGraphicContext.h:617:16: warning: 'drawRect' overrides a member function but is not marked 'override' [-Winconsistent-missing-override]
  617 |                 virtual void drawRect(float x, float y, float w, float h, const Color& color);
      |                              ^
libgag/include/SDLGraphicContext.h:259:16: note: overridden virtual function is here
  259 |                 virtual void drawRect(float x, float y, float w, float h, const Color& color);
      |                              ^
libgag/include/SDLGraphicContext.h:619:16: warning: 'drawFilledRect' overrides a member function but is not marked 'override' [-Winconsistent-missing-override]
  619 |                 virtual void drawFilledRect(int x, int y, int w, int h, const Color& color);
      |                              ^
libgag/include/SDLGraphicContext.h:261:16: note: overridden virtual function is here
  261 |                 virtual void drawFilledRect(int x, int y, int w, int h, const Color& color);
      |                              ^
libgag/include/SDLGraphicContext.h:620:16: warning: 'drawFilledRect' overrides a member function but is not marked 'override' [-Winconsistent-missing-override]
  620 |                 virtual void drawFilledRect(float x, float y, float w, float h, const Color& color);
      |                              ^
libgag/include/SDLGraphicContext.h:262:16: note: overridden virtual function is here
  262 |                 virtual void drawFilledRect(float x, float y, float w, float h, const Color& color);
      |                              ^
libgag/include/SDLGraphicContext.h:622:16: warning: 'drawLine' overrides a member function but is not marked 'override' [-Winconsistent-missing-override]
  622 |                 virtual void drawLine(int x1, int y1, int x2, int y2, const Color& color);
      |                              ^
libgag/include/SDLGraphicContext.h:264:16: note: overridden virtual function is here
  264 |                 virtual void drawLine(int x1, int y1, int x2, int y2, const Color& color);
      |                              ^
libgag/include/SDLGraphicContext.h:623:16: warning: 'drawLine' overrides a member function but is not marked 'override' [-Winconsistent-missing-override]
  623 |                 virtual void drawLine(float x1, float y1, float x2, float y2, const Color& color);
      |                              ^
libgag/include/SDLGraphicContext.h:265:16: note: overridden virtual function is here
  265 |                 virtual void drawLine(float x1, float y1, float x2, float y2, const Color& color);
      |                              ^
libgag/include/SDLGraphicContext.h:625:16: warning: 'drawCircle' overrides a member function but is not marked 'override' [-Winconsistent-missing-override]
  625 |                 virtual void drawCircle(int x, int y, int radius, const Color& color);
      |                              ^
libgag/include/SDLGraphicContext.h:267:16: note: overridden virtual function is here
  267 |                 virtual void drawCircle(int x, int y, int radius, const Color& color);
      |                              ^
libgag/include/SDLGraphicContext.h:626:16: warning: 'drawCircle' overrides a member function but is not marked 'override' [-Winconsistent-missing-override]
  626 |                 virtual void drawCircle(float x, float y, float radius, const Color& color);
      |                              ^
libgag/include/SDLGraphicContext.h:268:16: note: overridden virtual function is here
  268 |                 virtual void drawCircle(float x, float y, float radius, const Color& color);
      |                              ^
libgag/include/SDLGraphicContext.h:628:16: warning: 'drawSurface' overrides a member function but is not marked 'override' [-Winconsistent-missing-override]
  628 |                 virtual void drawSurface(int x, int y, DrawableSurface *surface, Uint8 alpha = Color::ALPHA_OPAQUE);
      |                              ^
libgag/include/SDLGraphicContext.h:270:16: note: overridden virtual function is here
  270 |                 virtual void drawSurface(int x, int y, DrawableSurface *surface, Uint8 alpha = Color::ALPHA_OPAQUE);
      |                              ^
libgag/include/SDLGraphicContext.h:629:16: warning: 'drawSurface' overrides a member function but is not marked 'override' [-Winconsistent-missing-override]
  629 |                 virtual void drawSurface(float x, float y, DrawableSurface *surface, Uint8 alpha = Color::ALPHA_OPAQUE);
      |                              ^
libgag/include/SDLGraphicContext.h:271:16: note: overridden virtual function is here
  271 |                 virtual void drawSurface(float x, float y, DrawableSurface *surface, Uint8 alpha = Color::ALPHA_OPAQUE);
      |                              ^
libgag/include/SDLGraphicContext.h:631:16: warning: 'drawSurface' overrides a member function but is not marked 'override' [-Winconsistent-missing-override]
  631 |                 virtual void drawSurface(int x, int y, int w, int h, DrawableSurface *surface, Uint8 alpha = Color::ALPHA_OPAQUE);
      |                              ^
libgag/include/SDLGraphicContext.h:273:16: note: overridden virtual function is here
  273 |                 virtual void drawSurface(int x, int y, int w, int h, DrawableSurface *surface, Uint8 alpha = Color::ALPHA_OPAQUE);
      |                              ^
libgag/include/SDLGraphicContext.h:632:16: warning: 'drawSurface' overrides a member function but is not marked 'override' [-Winconsistent-missing-override]
  632 |                 virtual void drawSurface(float x, float y, float w, float h, DrawableSurface *surface, Uint8 alpha = Color::ALPHA_OPAQUE);
      |                              ^
libgag/include/SDLGraphicContext.h:274:16: note: overridden virtual function is here
  274 |                 virtual void drawSurface(float x, float y, float w, float h, DrawableSurface *surface, Uint8 alpha = Color::ALPHA_OPAQUE);
      |                              ^
libgag/include/SDLGraphicContext.h:634:16: warning: 'drawSurface' overrides a member function but is not marked 'override' [-Winconsistent-missing-override]
  634 |                 virtual void drawSurface(int x, int y, DrawableSurface *surface, int sx, int sy, int sw, int sh, Uint8 alpha = Color::ALPHA_OPAQUE);
      |                              ^
libgag/include/SDLGraphicContext.h:276:16: note: overridden virtual function is here
  276 |                 virtual void drawSurface(int x, int y, DrawableSurface *surface, int sx, int sy, int sw, int sh, Uint8 alpha = Color::ALPHA_OPAQUE);
      |                              ^
libgag/include/SDLGraphicContext.h:635:16: warning: 'drawSurface' overrides a member function but is not marked 'override' [-Winconsistent-missing-override]
  635 |                 virtual void drawSurface(float x, float y, DrawableSurface *surface, int sx, int sy, int sw, int sh, Uint8 alpha = Color::ALPHA_OPAQUE);
      |                              ^
libgag/include/SDLGraphicContext.h:277:16: note: overridden virtual function is here
  277 |                 virtual void drawSurface(float x, float y, DrawableSurface *surface, int sx, int sy, int sw, int sh, Uint8 alpha = Color::ALPHA_OPAQUE);
      |                              ^
libgag/include/SDLGraphicContext.h:637:16: warning: 'drawSurface' overrides a member function but is not marked 'override' [-Winconsistent-missing-override]
  637 |                 virtual void drawSurface(int x, int y, int w, int h, DrawableSurface *surface, int sx, int sy, int sw, int sh,  Uint8 alpha = Color::ALPHA_OPAQUE);
      |                              ^
libgag/include/SDLGraphicContext.h:279:16: note: overridden virtual function is here
  279 |                 virtual void drawSurface(int x, int y, int w, int h, DrawableSurface *surface, int sx, int sy, int sw, int sh,  Uint8 alpha = Color::ALPHA_OPAQUE);
      |                              ^
libgag/include/SDLGraphicContext.h:638:16: warning: 'drawSurface' overrides a member function but is not marked 'override' [-Winconsistent-missing-override]
  638 |                 virtual void drawSurface(float x, float y, float w, float h, DrawableSurface *surface, int sx, int sy, int sw, int sh, Uint8 alpha = Color::ALPHA_OPAQUE);
      |                              ^
libgag/include/SDLGraphicContext.h:280:16: note: overridden virtual function is here
  280 |                 virtual void drawSurface(float x, float y, float w, float h, DrawableSurface *surface, int sx, int sy, int sw, int sh, Uint8 alpha = Color::ALPHA_OPAQUE);
      |                              ^
libgag/include/SDLGraphicContext.h:661:16: warning: 'drawAlphaMap' overrides a member function but is not marked 'override' [-Winconsistent-missing-override]
  661 |                 virtual void drawAlphaMap(const std::valarray<float> &map, int mapW, int mapH, int x, int y, int cellW, int cellH, const Color &color);
      |                              ^
libgag/include/SDLGraphicContext.h:293:16: note: overridden virtual function is here
  293 |                 virtual void drawAlphaMap(const std::valarray<float> &map, int mapW, int mapH, int x, int y, int cellW, int cellH, const Color &color);
      |                              ^
libgag/include/SDLGraphicContext.h:662:16: warning: 'drawAlphaMap' overrides a member function but is not marked 'override' [-Winconsistent-missing-override]
  662 |                 virtual void drawAlphaMap(const std::valarray<unsigned char> &map, int mapW, int mapH, int x, int y, int cellW, int cellH, const Color &color);
      |                              ^
libgag/include/SDLGraphicContext.h:294:16: note: overridden virtual function is here
  294 |                 virtual void drawAlphaMap(const std::valarray<unsigned char> &map, int mapW, int mapH, int x, int y, int cellW, int cellH, const Color &color);
      |                              ^
libgag/include/SDLGraphicContext.h:665:16: warning: 'drawPixel' overrides a member function but is not marked 'override' [-Winconsistent-missing-override]
  665 |                 virtual void drawPixel(int x, int y, Uint8 r, Uint8 g, Uint8 b, Uint8 a = Color::ALPHA_OPAQUE);
      |                              ^
libgag/include/SDLGraphicContext.h:297:16: note: overridden virtual function is here
  297 |                 virtual void drawPixel(int x, int y, Uint8 r, Uint8 g, Uint8 b, Uint8 a = Color::ALPHA_OPAQUE);
      |                              ^
libgag/include/SDLGraphicContext.h:666:16: warning: 'drawRect' overrides a member function but is not marked 'override' [-Winconsistent-missing-override]
  666 |                 virtual void drawRect(int x, int y, int w, int h, Uint8 r, Uint8 g, Uint8 b, Uint8 a = Color::ALPHA_OPAQUE);
      |                              ^
libgag/include/SDLGraphicContext.h:298:16: note: overridden virtual function is here
  298 |                 virtual void drawRect(int x, int y, int w, int h, Uint8 r, Uint8 g, Uint8 b, Uint8 a = Color::ALPHA_OPAQUE);
      |                              ^
libgag/include/SDLGraphicContext.h:667:16: warning: 'drawFilledRect' overrides a member function but is not marked 'override' [-Winconsistent-missing-override]
  667 |                 virtual void drawFilledRect(int x, int y, int w, int h, Uint8 r, Uint8 g, Uint8 b, Uint8 a = Color::ALPHA_OPAQUE);
      |                              ^
libgag/include/SDLGraphicContext.h:299:16: note: overridden virtual function is here
  299 |                 virtual void drawFilledRect(int x, int y, int w, int h, Uint8 r, Uint8 g, Uint8 b, Uint8 a = Color::ALPHA_OPAQUE);
      |                              ^
libgag/include/SDLGraphicContext.h:668:16: warning: 'drawVertLine' overrides a member function but is not marked 'override' [-Winconsistent-missing-override]
  668 |                 virtual void drawVertLine(int x, int y, int l, Uint8 r, Uint8 g, Uint8 b, Uint8 a = Color::ALPHA_OPAQUE);
      |                              ^
libgag/include/SDLGraphicContext.h:300:16: note: overridden virtual function is here
  300 |                 virtual void drawVertLine(int x, int y, int l, Uint8 r, Uint8 g, Uint8 b, Uint8 a = Color::ALPHA_OPAQUE);
      |                              ^
libgag/include/SDLGraphicContext.h:669:16: warning: 'drawVertLine' overrides a member function but is not marked 'override' [-Winconsistent-missing-override]
  669 |                 virtual void drawVertLine(int x, int y, int l, const Color& color);
      |                              ^
libgag/include/SDLGraphicContext.h:301:16: note: overridden virtual function is here
  301 |                 virtual void drawVertLine(int x, int y, int l, const Color& color);
      |                              ^
libgag/include/SDLGraphicContext.h:670:16: warning: 'drawHorzLine' overrides a member function but is not marked 'override' [-Winconsistent-missing-override]
  670 |                 virtual void drawHorzLine(int x, int y, int l, Uint8 r, Uint8 g, Uint8 b, Uint8 a = Color::ALPHA_OPAQUE);
      |                              ^
libgag/include/SDLGraphicContext.h:302:16: note: overridden virtual function is here
  302 |                 virtual void drawHorzLine(int x, int y, int l, Uint8 r, Uint8 g, Uint8 b, Uint8 a = Color::ALPHA_OPAQUE);
      |                              ^
libgag/include/SDLGraphicContext.h:671:16: warning: 'drawHorzLine' overrides a member function but is not marked 'override' [-Winconsistent-missing-override]
  671 |                 virtual void drawHorzLine(int x, int y, int l, const Color& color);
      |                              ^
libgag/include/SDLGraphicContext.h:303:16: note: overridden virtual function is here
  303 |                 virtual void drawHorzLine(int x, int y, int l, const Color& color);
      |                              ^
libgag/include/SDLGraphicContext.h:672:16: warning: 'drawLine' overrides a member function but is not marked 'override' [-Winconsistent-missing-override]
  672 |                 virtual void drawLine(int x1, int y1, int x2, int y2, Uint8 r, Uint8 g, Uint8 b, Uint8 a = Color::ALPHA_OPAQUE);
      |                              ^
libgag/include/SDLGraphicContext.h:304:16: note: overridden virtual function is here
  304 |                 virtual void drawLine(int x1, int y1, int x2, int y2, Uint8 r, Uint8 g, Uint8 b, Uint8 a = Color::ALPHA_OPAQUE);
      |                              ^
libgag/include/SDLGraphicContext.h:673:16: warning: 'drawCircle' overrides a member function but is not marked 'override' [-Winconsistent-missing-override]
  673 |                 virtual void drawCircle(int x, int y, int radius, Uint8 r, Uint8 g, Uint8 b, Uint8 a = Color::ALPHA_OPAQUE);
      |                              ^
libgag/include/SDLGraphicContext.h:305:16: note: overridden virtual function is here
  305 |                 virtual void drawCircle(int x, int y, int radius, Uint8 r, Uint8 g, Uint8 b, Uint8 a = Color::ALPHA_OPAQUE);
      |                              ^
36 warnings generated.
/opt/homebrew/bin/ccache g++ -o build/darwin/client/release/test/engine-src_net_turn_TurnEngineHarness.o -c -g -std=gnu++20 -Wall -fPIC -O3 -fno-access-control -DGLOB2_OFFICIAL_INSTANCE_ORIGIN=\"https://app.glob2online.com\" -DGLOB2_OFFICIAL_INSTANCE_FORMER_ORIGINS=\"https://glob2online.com\" -DHAVE_CONFIG_H -DGL_SILENCE_DEPRECATION -DSDL_MAIN_HANDLED -Ibuild/darwin/client/release/recording/prefix/include -I/Users/bradley/glob2/artifacts/recording-sdl3/prefix/include -Ibuild/darwin/client/release/include -I/opt/homebrew/include -Ilibgag/include -I. -Ilibusl/src -Isrc -Isrc/ai -Isrc/hud -Isrc/app -Isrc/game/player -Isrc/team -Isrc/common -Isrc/map -Isrc/game -Isrc/campaign -Isrc/campaign/screens -Isrc/replay -Isrc/game/screens -Isrc/render/clouds -Isrc/ui/screens -Isrc/game/rules -Isrc/game/diagnostics -Isrc/map/editor/screens -Isrc/engine -Isrc/ui -Isrc/map/preview -Isrc/app/cli -Isrc/net/lan/screens -Isrc/online -Isrc/map/tools -Isrc/scripting/map -Isrc/render/overlay -Isrc/audio -Isrc/online/screens -Isrc/game/orders -Isrc/resource -Isrc/ui/settings -Isrc/team/stats -Isrc/render/torus -Isrc/ai/simple -Isrc/ai/castor -Isrc/ai/javascript -Isrc/ai/nicowar -Isrc/ai/numbi -Isrc/ai/telemetry -Isrc/ai/warrush -Isrc/ai/maxima -Isrc/building -Isrc/building/types -Isrc/unit/types -Isrc/building/hud -Isrc/net -Isrc/hud/draw -Isrc/hud/input -Isrc/hud/touch -Isrc/net/turn -Isrc/unit -Isrc/map/editor -Isrc/map/generator -Isrc/map/generator/compatibility -Isrc/map/generator/core -Isrc/map/generator/generators -Isrc/map/generator/shared -Isrc/map/generator/shared/legacy -Isrc/map/gradient -Isrc/map/io -Isrc/net/lan -Isrc/net/message -Isrc/scripting/sgsl -Ithird_party/nlohmann-json/include -Itest -Itest/support -Ilibgag/src -Ithird_party/quickjs-ng src/net/turn/TurnEngineHarness.cpp
In file included from test/GameplayRecordingIntegrationTest.cpp:2:
In file included from test/support/EngineFixtures.h:9:
In file included from src/game/Game.h:12:
In file included from src/map/Map.h:21:
In file included from src/team/Team.h:16:
In file included from src/game/GameEvent.h:9:
In file included from libgag/include/GraphicContext.h:6:
libgag/include/SDLGraphicContext.h:520:16: warning: 'setRes' overrides a member function but is not marked 'override' [-Winconsistent-missing-override]
  520 |                 virtual void setRes(int w, int h) { setRes(w, h, optionFlags); }
      |                              ^
libgag/include/SDLGraphicContext.h:228:16: note: overridden virtual function is here
  228 |                 virtual void setRes(int w, int h);
      |                              ^
libgag/include/SDLGraphicContext.h:596:16: warning: 'setClipRect' overrides a member function but is not marked 'override' [-Winconsistent-missing-override]
  596 |                 virtual void setClipRect(int x, int y, int w, int h);
      |                              ^
libgag/include/SDLGraphicContext.h:230:16: note: overridden virtual function is here
  230 |                 virtual void setClipRect(int x, int y, int w, int h);
      |                              ^
libgag/include/SDLGraphicContext.h:597:16: warning: 'setClipRect' overrides a member function but is not marked 'override' [-Winconsistent-missing-override]
  597 |                 virtual void setClipRect(void);
      |                              ^
libgag/include/SDLGraphicContext.h:231:16: note: overridden virtual function is here
  231 |                 virtual void setClipRect(void);
      |                              ^
libgag/include/SDLGraphicContext.h:602:22: warning: 'nextFrame' overrides a member function but is not marked 'override' [-Winconsistent-missing-override]
  602 |         virtual void nextFrame(void);
      |                      ^
libgag/include/SDLGraphicContext.h:232:16: note: overridden virtual function is here
  232 |                 virtual void nextFrame(void) { flushTextPictures(); }
      |                              ^
libgag/include/SDLGraphicContext.h:604:16: warning: 'loadImage' overrides a member function but is not marked 'override' [-Winconsistent-missing-override]
  604 |                 virtual bool loadImage(const std::string name) { return false; }
      |                              ^
libgag/include/SDLGraphicContext.h:233:16: note: overridden virtual function is here
  233 |                 virtual bool loadImage(const std::string name);
      |                              ^
libgag/include/SDLGraphicContext.h:608:16: warning: 'shiftHSV' overrides a member function but is not marked 'override' [-Winconsistent-missing-override]
  608 |                 virtual void shiftHSV(float hue, float sat, float lum) { }
      |                              ^
libgag/include/SDLGraphicContext.h:234:16: note: overridden virtual function is here
  234 |                 virtual void shiftHSV(float hue, float sat, float lum);
      |                              ^
libgag/include/SDLGraphicContext.h:611:16: warning: 'canDrawStretchedSprite' overrides a member function but is not marked 'override' [-Winconsistent-missing-override]
  611 |                 virtual bool canDrawStretchedSprite(void) { return hasPortableRenderer() || (optionFlags & USEGPU) != 0; }
      |                              ^
libgag/include/SDLGraphicContext.h:252:16: note: overridden virtual function is here
  252 |                 virtual bool canDrawStretchedSprite(void) { return false; }
      |                              ^
libgag/include/SDLGraphicContext.h:613:16: warning: 'drawPixel' overrides a member function but is not marked 'override' [-Winconsistent-missing-override]
  613 |                 virtual void drawPixel(int x, int y, const Color& color);
      |                              ^
libgag/include/SDLGraphicContext.h:255:16: note: overridden virtual function is here
  255 |                 virtual void drawPixel(int x, int y, const Color& color);
      |                              ^
libgag/include/SDLGraphicContext.h:614:16: warning: 'drawPixel' overrides a member function but is not marked 'override' [-Winconsistent-missing-override]
  614 |                 virtual void drawPixel(float x, float y, const Color& color);
      |                              ^
libgag/include/SDLGraphicContext.h:256:16: note: overridden virtual function is here
  256 |                 virtual void drawPixel(float x, float y, const Color& color);
      |                              ^
libgag/include/SDLGraphicContext.h:616:16: warning: 'drawRect' overrides a member function but is not marked 'override' [-Winconsistent-missing-override]
  616 |                 virtual void drawRect(int x, int y, int w, int h, const Color& color);
      |                              ^
libgag/include/SDLGraphicContext.h:258:16: note: overridden virtual function is here
  258 |                 virtual void drawRect(int x, int y, int w, int h, const Color& color);
      |                              ^
libgag/include/SDLGraphicContext.h:617:16: warning: 'drawRect' overrides a member function but is not marked 'override' [-Winconsistent-missing-override]
  617 |                 virtual void drawRect(float x, float y, float w, float h, const Color& color);
      |                              ^
libgag/include/SDLGraphicContext.h:259:16: note: overridden virtual function is here
  259 |                 virtual void drawRect(float x, float y, float w, float h, const Color& color);
      |                              ^
libgag/include/SDLGraphicContext.h:619:16: warning: 'drawFilledRect' overrides a member function but is not marked 'override' [-Winconsistent-missing-override]
  619 |                 virtual void drawFilledRect(int x, int y, int w, int h, const Color& color);
      |                              ^
libgag/include/SDLGraphicContext.h:261:16: note: overridden virtual function is here
  261 |                 virtual void drawFilledRect(int x, int y, int w, int h, const Color& color);
      |                              ^
libgag/include/SDLGraphicContext.h:620:16: warning: 'drawFilledRect' overrides a member function but is not marked 'override' [-Winconsistent-missing-override]
  620 |                 virtual void drawFilledRect(float x, float y, float w, float h, const Color& color);
      |                              ^
libgag/include/SDLGraphicContext.h:262:16: note: overridden virtual function is here
  262 |                 virtual void drawFilledRect(float x, float y, float w, float h, const Color& color);
      |                              ^
libgag/include/SDLGraphicContext.h:622:16: warning: 'drawLine' overrides a member function but is not marked 'override' [-Winconsistent-missing-override]
  622 |                 virtual void drawLine(int x1, int y1, int x2, int y2, const Color& color);
      |                              ^
libgag/include/SDLGraphicContext.h:264:16: note: overridden virtual function is here
  264 |                 virtual void drawLine(int x1, int y1, int x2, int y2, const Color& color);
      |                              ^
libgag/include/SDLGraphicContext.h:623:16: warning: 'drawLine' overrides a member function but is not marked 'override' [-Winconsistent-missing-override]
  623 |                 virtual void drawLine(float x1, float y1, float x2, float y2, const Color& color);
      |                              ^
libgag/include/SDLGraphicContext.h:265:16: note: overridden virtual function is here
  265 |                 virtual void drawLine(float x1, float y1, float x2, float y2, const Color& color);
      |                              ^
libgag/include/SDLGraphicContext.h:625:16: warning: 'drawCircle' overrides a member function but is not marked 'override' [-Winconsistent-missing-override]
  625 |                 virtual void drawCircle(int x, int y, int radius, const Color& color);
      |                              ^
libgag/include/SDLGraphicContext.h:267:16: note: overridden virtual function is here
  267 |                 virtual void drawCircle(int x, int y, int radius, const Color& color);
      |                              ^
libgag/include/SDLGraphicContext.h:626:16: warning: 'drawCircle' overrides a member function but is not marked 'override' [-Winconsistent-missing-override]
  626 |                 virtual void drawCircle(float x, float y, float radius, const Color& color);
      |                              ^
libgag/include/SDLGraphicContext.h:268:16: note: overridden virtual function is here
  268 |                 virtual void drawCircle(float x, float y, float radius, const Color& color);
      |                              ^
libgag/include/SDLGraphicContext.h:628:16: warning: 'drawSurface' overrides a member function but is not marked 'override' [-Winconsistent-missing-override]
  628 |                 virtual void drawSurface(int x, int y, DrawableSurface *surface, Uint8 alpha = Color::ALPHA_OPAQUE);
      |                              ^
libgag/include/SDLGraphicContext.h:270:16: note: overridden virtual function is here
  270 |                 virtual void drawSurface(int x, int y, DrawableSurface *surface, Uint8 alpha = Color::ALPHA_OPAQUE);
      |                              ^
libgag/include/SDLGraphicContext.h:629:16: warning: 'drawSurface' overrides a member function but is not marked 'override' [-Winconsistent-missing-override]
  629 |                 virtual void drawSurface(float x, float y, DrawableSurface *surface, Uint8 alpha = Color::ALPHA_OPAQUE);
      |                              ^
libgag/include/SDLGraphicContext.h:271:16: note: overridden virtual function is here
  271 |                 virtual void drawSurface(float x, float y, DrawableSurface *surface, Uint8 alpha = Color::ALPHA_OPAQUE);
      |                              ^
libgag/include/SDLGraphicContext.h:631:16: warning: 'drawSurface' overrides a member function but is not marked 'override' [-Winconsistent-missing-override]
  631 |                 virtual void drawSurface(int x, int y, int w, int h, DrawableSurface *surface, Uint8 alpha = Color::ALPHA_OPAQUE);
      |                              ^
libgag/include/SDLGraphicContext.h:273:16: note: overridden virtual function is here
  273 |                 virtual void drawSurface(int x, int y, int w, int h, DrawableSurface *surface, Uint8 alpha = Color::ALPHA_OPAQUE);
      |                              ^
libgag/include/SDLGraphicContext.h:632:16: warning: 'drawSurface' overrides a member function but is not marked 'override' [-Winconsistent-missing-override]
  632 |                 virtual void drawSurface(float x, float y, float w, float h, DrawableSurface *surface, Uint8 alpha = Color::ALPHA_OPAQUE);
      |                              ^
libgag/include/SDLGraphicContext.h:274:16: note: overridden virtual function is here
  274 |                 virtual void drawSurface(float x, float y, float w, float h, DrawableSurface *surface, Uint8 alpha = Color::ALPHA_OPAQUE);
      |                              ^
libgag/include/SDLGraphicContext.h:634:16: warning: 'drawSurface' overrides a member function but is not marked 'override' [-Winconsistent-missing-override]
  634 |                 virtual void drawSurface(int x, int y, DrawableSurface *surface, int sx, int sy, int sw, int sh, Uint8 alpha = Color::ALPHA_OPAQUE);
      |                              ^
libgag/include/SDLGraphicContext.h:276:16: note: overridden virtual function is here
  276 |                 virtual void drawSurface(int x, int y, DrawableSurface *surface, int sx, int sy, int sw, int sh, Uint8 alpha = Color::ALPHA_OPAQUE);
      |                              ^
libgag/include/SDLGraphicContext.h:635:16: warning: 'drawSurface' overrides a member function but is not marked 'override' [-Winconsistent-missing-override]
  635 |                 virtual void drawSurface(float x, float y, DrawableSurface *surface, int sx, int sy, int sw, int sh, Uint8 alpha = Color::ALPHA_OPAQUE);
      |                              ^
libgag/include/SDLGraphicContext.h:277:16: note: overridden virtual function is here
  277 |                 virtual void drawSurface(float x, float y, DrawableSurface *surface, int sx, int sy, int sw, int sh, Uint8 alpha = Color::ALPHA_OPAQUE);
      |                              ^
libgag/include/SDLGraphicContext.h:637:16: warning: 'drawSurface' overrides a member function but is not marked 'override' [-Winconsistent-missing-override]
  637 |                 virtual void drawSurface(int x, int y, int w, int h, DrawableSurface *surface, int sx, int sy, int sw, int sh,  Uint8 alpha = Color::ALPHA_OPAQUE);
      |                              ^
libgag/include/SDLGraphicContext.h:279:16: note: overridden virtual function is here
  279 |                 virtual void drawSurface(int x, int y, int w, int h, DrawableSurface *surface, int sx, int sy, int sw, int sh,  Uint8 alpha = Color::ALPHA_OPAQUE);
      |                              ^
libgag/include/SDLGraphicContext.h:638:16: warning: 'drawSurface' overrides a member function but is not marked 'override' [-Winconsistent-missing-override]
  638 |                 virtual void drawSurface(float x, float y, float w, float h, DrawableSurface *surface, int sx, int sy, int sw, int sh, Uint8 alpha = Color::ALPHA_OPAQUE);
      |                              ^
libgag/include/SDLGraphicContext.h:280:16: note: overridden virtual function is here
  280 |                 virtual void drawSurface(float x, float y, float w, float h, DrawableSurface *surface, int sx, int sy, int sw, int sh, Uint8 alpha = Color::ALPHA_OPAQUE);
      |                              ^
libgag/include/SDLGraphicContext.h:661:16: warning: 'drawAlphaMap' overrides a member function but is not marked 'override' [-Winconsistent-missing-override]
  661 |                 virtual void drawAlphaMap(const std::valarray<float> &map, int mapW, int mapH, int x, int y, int cellW, int cellH, const Color &color);
      |                              ^
libgag/include/SDLGraphicContext.h:293:16: note: overridden virtual function is here
  293 |                 virtual void drawAlphaMap(const std::valarray<float> &map, int mapW, int mapH, int x, int y, int cellW, int cellH, const Color &color);
      |                              ^
libgag/include/SDLGraphicContext.h:662:16: warning: 'drawAlphaMap' overrides a member function but is not marked 'override' [-Winconsistent-missing-override]
  662 |                 virtual void drawAlphaMap(const std::valarray<unsigned char> &map, int mapW, int mapH, int x, int y, int cellW, int cellH, const Color &color);
      |                              ^
libgag/include/SDLGraphicContext.h:294:16: note: overridden virtual function is here
  294 |                 virtual void drawAlphaMap(const std::valarray<unsigned char> &map, int mapW, int mapH, int x, int y, int cellW, int cellH, const Color &color);
      |                              ^
libgag/include/SDLGraphicContext.h:665:16: warning: 'drawPixel' overrides a member function but is not marked 'override' [-Winconsistent-missing-override]
  665 |                 virtual void drawPixel(int x, int y, Uint8 r, Uint8 g, Uint8 b, Uint8 a = Color::ALPHA_OPAQUE);
      |                              ^
libgag/include/SDLGraphicContext.h:297:16: note: overridden virtual function is here
  297 |                 virtual void drawPixel(int x, int y, Uint8 r, Uint8 g, Uint8 b, Uint8 a = Color::ALPHA_OPAQUE);
      |                              ^
libgag/include/SDLGraphicContext.h:666:16: warning: 'drawRect' overrides a member function but is not marked 'override' [-Winconsistent-missing-override]
  666 |                 virtual void drawRect(int x, int y, int w, int h, Uint8 r, Uint8 g, Uint8 b, Uint8 a = Color::ALPHA_OPAQUE);
      |                              ^
libgag/include/SDLGraphicContext.h:298:16: note: overridden virtual function is here
  298 |                 virtual void drawRect(int x, int y, int w, int h, Uint8 r, Uint8 g, Uint8 b, Uint8 a = Color::ALPHA_OPAQUE);
      |                              ^
libgag/include/SDLGraphicContext.h:667:16: warning: 'drawFilledRect' overrides a member function but is not marked 'override' [-Winconsistent-missing-override]
  667 |                 virtual void drawFilledRect(int x, int y, int w, int h, Uint8 r, Uint8 g, Uint8 b, Uint8 a = Color::ALPHA_OPAQUE);
      |                              ^
libgag/include/SDLGraphicContext.h:299:16: note: overridden virtual function is here
  299 |                 virtual void drawFilledRect(int x, int y, int w, int h, Uint8 r, Uint8 g, Uint8 b, Uint8 a = Color::ALPHA_OPAQUE);
      |                              ^
libgag/include/SDLGraphicContext.h:668:16: warning: 'drawVertLine' overrides a member function but is not marked 'override' [-Winconsistent-missing-override]
  668 |                 virtual void drawVertLine(int x, int y, int l, Uint8 r, Uint8 g, Uint8 b, Uint8 a = Color::ALPHA_OPAQUE);
      |                              ^
libgag/include/SDLGraphicContext.h:300:16: note: overridden virtual function is here
  300 |                 virtual void drawVertLine(int x, int y, int l, Uint8 r, Uint8 g, Uint8 b, Uint8 a = Color::ALPHA_OPAQUE);
      |                              ^
libgag/include/SDLGraphicContext.h:669:16: warning: 'drawVertLine' overrides a member function but is not marked 'override' [-Winconsistent-missing-override]
  669 |                 virtual void drawVertLine(int x, int y, int l, const Color& color);
      |                              ^
libgag/include/SDLGraphicContext.h:301:16: note: overridden virtual function is here
  301 |                 virtual void drawVertLine(int x, int y, int l, const Color& color);
      |                              ^
libgag/include/SDLGraphicContext.h:670:16: warning: 'drawHorzLine' overrides a member function but is not marked 'override' [-Winconsistent-missing-override]
  670 |                 virtual void drawHorzLine(int x, int y, int l, Uint8 r, Uint8 g, Uint8 b, Uint8 a = Color::ALPHA_OPAQUE);
      |                              ^
libgag/include/SDLGraphicContext.h:302:16: note: overridden virtual function is here
  302 |                 virtual void drawHorzLine(int x, int y, int l, Uint8 r, Uint8 g, Uint8 b, Uint8 a = Color::ALPHA_OPAQUE);
      |                              ^
libgag/include/SDLGraphicContext.h:671:16: warning: 'drawHorzLine' overrides a member function but is not marked 'override' [-Winconsistent-missing-override]
  671 |                 virtual void drawHorzLine(int x, int y, int l, const Color& color);
      |                              ^
libgag/include/SDLGraphicContext.h:303:16: note: overridden virtual function is here
  303 |                 virtual void drawHorzLine(int x, int y, int l, const Color& color);
      |                              ^
libgag/include/SDLGraphicContext.h:672:16: warning: 'drawLine' overrides a member function but is not marked 'override' [-Winconsistent-missing-override]
  672 |                 virtual void drawLine(int x1, int y1, int x2, int y2, Uint8 r, Uint8 g, Uint8 b, Uint8 a = Color::ALPHA_OPAQUE);
      |                              ^
libgag/include/SDLGraphicContext.h:304:16: note: overridden virtual function is here
  304 |                 virtual void drawLine(int x1, int y1, int x2, int y2, Uint8 r, Uint8 g, Uint8 b, Uint8 a = Color::ALPHA_OPAQUE);
      |                              ^
libgag/include/SDLGraphicContext.h:673:16: warning: 'drawCircle' overrides a member function but is not marked 'override' [-Winconsistent-missing-override]
  673 |                 virtual void drawCircle(int x, int y, int radius, Uint8 r, Uint8 g, Uint8 b, Uint8 a = Color::ALPHA_OPAQUE);
      |                              ^
libgag/include/SDLGraphicContext.h:305:16: note: overridden virtual function is here
  305 |                 virtual void drawCircle(int x, int y, int radius, Uint8 r, Uint8 g, Uint8 b, Uint8 a = Color::ALPHA_OPAQUE);
      |                              ^
36 warnings generated.
/opt/homebrew/bin/ccache g++ -o build/darwin/client/release/test/engine-src_net_lan_LanMatchHarness.o -c -g -std=gnu++20 -Wall -fPIC -O3 -fno-access-control -DGLOB2_OFFICIAL_INSTANCE_ORIGIN=\"https://app.glob2online.com\" -DGLOB2_OFFICIAL_INSTANCE_FORMER_ORIGINS=\"https://glob2online.com\" -DHAVE_CONFIG_H -DGL_SILENCE_DEPRECATION -DSDL_MAIN_HANDLED -Ibuild/darwin/client/release/recording/prefix/include -I/Users/bradley/glob2/artifacts/recording-sdl3/prefix/include -Ibuild/darwin/client/release/include -I/opt/homebrew/include -Ilibgag/include -I. -Ilibusl/src -Isrc -Isrc/ai -Isrc/hud -Isrc/app -Isrc/game/player -Isrc/team -Isrc/common -Isrc/map -Isrc/game -Isrc/campaign -Isrc/campaign/screens -Isrc/replay -Isrc/game/screens -Isrc/render/clouds -Isrc/ui/screens -Isrc/game/rules -Isrc/game/diagnostics -Isrc/map/editor/screens -Isrc/engine -Isrc/ui -Isrc/map/preview -Isrc/app/cli -Isrc/net/lan/screens -Isrc/online -Isrc/map/tools -Isrc/scripting/map -Isrc/render/overlay -Isrc/audio -Isrc/online/screens -Isrc/game/orders -Isrc/resource -Isrc/ui/settings -Isrc/team/stats -Isrc/render/torus -Isrc/ai/simple -Isrc/ai/castor -Isrc/ai/javascript -Isrc/ai/nicowar -Isrc/ai/numbi -Isrc/ai/telemetry -Isrc/ai/warrush -Isrc/ai/maxima -Isrc/building -Isrc/building/types -Isrc/unit/types -Isrc/building/hud -Isrc/net -Isrc/hud/draw -Isrc/hud/input -Isrc/hud/touch -Isrc/net/turn -Isrc/unit -Isrc/map/editor -Isrc/map/generator -Isrc/map/generator/compatibility -Isrc/map/generator/core -Isrc/map/generator/generators -Isrc/map/generator/shared -Isrc/map/generator/shared/legacy -Isrc/map/gradient -Isrc/map/io -Isrc/net/lan -Isrc/net/message -Isrc/scripting/sgsl -Ithird_party/nlohmann-json/include -Itest -Itest/support -Ilibgag/src -Ithird_party/quickjs-ng src/net/lan/LanMatchHarness.cpp
In file included from src/scripting/javascript/ScriptSimulationTest.cpp:2:
In file included from test/support/EngineFixtures.h:9:
In file included from src/game/Game.h:12:
In file included from src/map/Map.h:21:
In file included from src/team/Team.h:16:
In file included from src/game/GameEvent.h:9:
In file included from libgag/include/GraphicContext.h:6:
libgag/include/SDLGraphicContext.h:520:16: warning: 'setRes' overrides a member function but is not marked 'override' [-Winconsistent-missing-override]
  520 |                 virtual void setRes(int w, int h) { setRes(w, h, optionFlags); }
      |                              ^
libgag/include/SDLGraphicContext.h:228:16: note: overridden virtual function is here
  228 |                 virtual void setRes(int w, int h);
      |                              ^
libgag/include/SDLGraphicContext.h:596:16: warning: 'setClipRect' overrides a member function but is not marked 'override' [-Winconsistent-missing-override]
  596 |                 virtual void setClipRect(int x, int y, int w, int h);
      |                              ^
libgag/include/SDLGraphicContext.h:230:16: note: overridden virtual function is here
  230 |                 virtual void setClipRect(int x, int y, int w, int h);
      |                              ^
libgag/include/SDLGraphicContext.h:597:16: warning: 'setClipRect' overrides a member function but is not marked 'override' [-Winconsistent-missing-override]
  597 |                 virtual void setClipRect(void);
      |                              ^
libgag/include/SDLGraphicContext.h:231:16: note: overridden virtual function is here
  231 |                 virtual void setClipRect(void);
      |                              ^
libgag/include/SDLGraphicContext.h:602:22: warning: 'nextFrame' overrides a member function but is not marked 'override' [-Winconsistent-missing-override]
  602 |         virtual void nextFrame(void);
      |                      ^
libgag/include/SDLGraphicContext.h:232:16: note: overridden virtual function is here
  232 |                 virtual void nextFrame(void) { flushTextPictures(); }
      |                              ^
libgag/include/SDLGraphicContext.h:604:16: warning: 'loadImage' overrides a member function but is not marked 'override' [-Winconsistent-missing-override]
  604 |                 virtual bool loadImage(const std::string name) { return false; }
      |                              ^
libgag/include/SDLGraphicContext.h:233:16: note: overridden virtual function is here
  233 |                 virtual bool loadImage(const std::string name);
      |                              ^
libgag/include/SDLGraphicContext.h:608:16: warning: 'shiftHSV' overrides a member function but is not marked 'override' [-Winconsistent-missing-override]
  608 |                 virtual void shiftHSV(float hue, float sat, float lum) { }
      |                              ^
libgag/include/SDLGraphicContext.h:234:16: note: overridden virtual function is here
  234 |                 virtual void shiftHSV(float hue, float sat, float lum);
      |                              ^
libgag/include/SDLGraphicContext.h:611:16: warning: 'canDrawStretchedSprite' overrides a member function but is not marked 'override' [-Winconsistent-missing-override]
  611 |                 virtual bool canDrawStretchedSprite(void) { return hasPortableRenderer() || (optionFlags & USEGPU) != 0; }
      |                              ^
libgag/include/SDLGraphicContext.h:252:16: note: overridden virtual function is here
  252 |                 virtual bool canDrawStretchedSprite(void) { return false; }
      |                              ^
libgag/include/SDLGraphicContext.h:613:16: warning: 'drawPixel' overrides a member function but is not marked 'override' [-Winconsistent-missing-override]
  613 |                 virtual void drawPixel(int x, int y, const Color& color);
      |                              ^
libgag/include/SDLGraphicContext.h:255:16: note: overridden virtual function is here
  255 |                 virtual void drawPixel(int x, int y, const Color& color);
      |                              ^
libgag/include/SDLGraphicContext.h:614:16: warning: 'drawPixel' overrides a member function but is not marked 'override' [-Winconsistent-missing-override]
  614 |                 virtual void drawPixel(float x, float y, const Color& color);
      |                              ^
libgag/include/SDLGraphicContext.h:256:16: note: overridden virtual function is here
  256 |                 virtual void drawPixel(float x, float y, const Color& color);
      |                              ^
libgag/include/SDLGraphicContext.h:616:16: warning: 'drawRect' overrides a member function but is not marked 'override' [-Winconsistent-missing-override]
  616 |                 virtual void drawRect(int x, int y, int w, int h, const Color& color);
      |                              ^
libgag/include/SDLGraphicContext.h:258:16: note: overridden virtual function is here
  258 |                 virtual void drawRect(int x, int y, int w, int h, const Color& color);
      |                              ^
libgag/include/SDLGraphicContext.h:617:16: warning: 'drawRect' overrides a member function but is not marked 'override' [-Winconsistent-missing-override]
  617 |                 virtual void drawRect(float x, float y, float w, float h, const Color& color);
      |                              ^
libgag/include/SDLGraphicContext.h:259:16: note: overridden virtual function is here
  259 |                 virtual void drawRect(float x, float y, float w, float h, const Color& color);
      |                              ^
libgag/include/SDLGraphicContext.h:619:16: warning: 'drawFilledRect' overrides a member function but is not marked 'override' [-Winconsistent-missing-override]
  619 |                 virtual void drawFilledRect(int x, int y, int w, int h, const Color& color);
      |                              ^
libgag/include/SDLGraphicContext.h:261:16: note: overridden virtual function is here
  261 |                 virtual void drawFilledRect(int x, int y, int w, int h, const Color& color);
      |                              ^
libgag/include/SDLGraphicContext.h:620:16: warning: 'drawFilledRect' overrides a member function but is not marked 'override' [-Winconsistent-missing-override]
  620 |                 virtual void drawFilledRect(float x, float y, float w, float h, const Color& color);
      |                              ^
libgag/include/SDLGraphicContext.h:262:16: note: overridden virtual function is here
  262 |                 virtual void drawFilledRect(float x, float y, float w, float h, const Color& color);
      |                              ^
libgag/include/SDLGraphicContext.h:622:16: warning: 'drawLine' overrides a member function but is not marked 'override' [-Winconsistent-missing-override]
  622 |                 virtual void drawLine(int x1, int y1, int x2, int y2, const Color& color);
      |                              ^
libgag/include/SDLGraphicContext.h:264:16: note: overridden virtual function is here
  264 |                 virtual void drawLine(int x1, int y1, int x2, int y2, const Color& color);
      |                              ^
libgag/include/SDLGraphicContext.h:623:16: warning: 'drawLine' overrides a member function but is not marked 'override' [-Winconsistent-missing-override]
  623 |                 virtual void drawLine(float x1, float y1, float x2, float y2, const Color& color);
      |                              ^
libgag/include/SDLGraphicContext.h:265:16: note: overridden virtual function is here
  265 |                 virtual void drawLine(float x1, float y1, float x2, float y2, const Color& color);
      |                              ^
libgag/include/SDLGraphicContext.h:625:16: warning: 'drawCircle' overrides a member function but is not marked 'override' [-Winconsistent-missing-override]
  625 |                 virtual void drawCircle(int x, int y, int radius, const Color& color);
      |                              ^
libgag/include/SDLGraphicContext.h:267:16: note: overridden virtual function is here
  267 |                 virtual void drawCircle(int x, int y, int radius, const Color& color);
      |                              ^
libgag/include/SDLGraphicContext.h:626:16: warning: 'drawCircle' overrides a member function but is not marked 'override' [-Winconsistent-missing-override]
  626 |                 virtual void drawCircle(float x, float y, float radius, const Color& color);
      |                              ^
libgag/include/SDLGraphicContext.h:268:16: note: overridden virtual function is here
  268 |                 virtual void drawCircle(float x, float y, float radius, const Color& color);
      |                              ^
libgag/include/SDLGraphicContext.h:628:16: warning: 'drawSurface' overrides a member function but is not marked 'override' [-Winconsistent-missing-override]
  628 |                 virtual void drawSurface(int x, int y, DrawableSurface *surface, Uint8 alpha = Color::ALPHA_OPAQUE);
      |                              ^
libgag/include/SDLGraphicContext.h:270:16: note: overridden virtual function is here
  270 |                 virtual void drawSurface(int x, int y, DrawableSurface *surface, Uint8 alpha = Color::ALPHA_OPAQUE);
      |                              ^
libgag/include/SDLGraphicContext.h:629:16: warning: 'drawSurface' overrides a member function but is not marked 'override' [-Winconsistent-missing-override]
  629 |                 virtual void drawSurface(float x, float y, DrawableSurface *surface, Uint8 alpha = Color::ALPHA_OPAQUE);
      |                              ^
libgag/include/SDLGraphicContext.h:271:16: note: overridden virtual function is here
  271 |                 virtual void drawSurface(float x, float y, DrawableSurface *surface, Uint8 alpha = Color::ALPHA_OPAQUE);
      |                              ^
libgag/include/SDLGraphicContext.h:631:16: warning: 'drawSurface' overrides a member function but is not marked 'override' [-Winconsistent-missing-override]
  631 |                 virtual void drawSurface(int x, int y, int w, int h, DrawableSurface *surface, Uint8 alpha = Color::ALPHA_OPAQUE);
      |                              ^
libgag/include/SDLGraphicContext.h:273:16: note: overridden virtual function is here
  273 |                 virtual void drawSurface(int x, int y, int w, int h, DrawableSurface *surface, Uint8 alpha = Color::ALPHA_OPAQUE);
      |                              ^
libgag/include/SDLGraphicContext.h:632:16: warning: 'drawSurface' overrides a member function but is not marked 'override' [-Winconsistent-missing-override]
  632 |                 virtual void drawSurface(float x, float y, float w, float h, DrawableSurface *surface, Uint8 alpha = Color::ALPHA_OPAQUE);
      |                              ^
libgag/include/SDLGraphicContext.h:274:16: note: overridden virtual function is here
  274 |                 virtual void drawSurface(float x, float y, float w, float h, DrawableSurface *surface, Uint8 alpha = Color::ALPHA_OPAQUE);
      |                              ^
libgag/include/SDLGraphicContext.h:634:16: warning: 'drawSurface' overrides a member function but is not marked 'override' [-Winconsistent-missing-override]
  634 |                 virtual void drawSurface(int x, int y, DrawableSurface *surface, int sx, int sy, int sw, int sh, Uint8 alpha = Color::ALPHA_OPAQUE);
      |                              ^
libgag/include/SDLGraphicContext.h:276:16: note: overridden virtual function is here
  276 |                 virtual void drawSurface(int x, int y, DrawableSurface *surface, int sx, int sy, int sw, int sh, Uint8 alpha = Color::ALPHA_OPAQUE);
      |                              ^
libgag/include/SDLGraphicContext.h:635:16: warning: 'drawSurface' overrides a member function but is not marked 'override' [-Winconsistent-missing-override]
  635 |                 virtual void drawSurface(float x, float y, DrawableSurface *surface, int sx, int sy, int sw, int sh, Uint8 alpha = Color::ALPHA_OPAQUE);
      |                              ^
libgag/include/SDLGraphicContext.h:277:16: note: overridden virtual function is here
  277 |                 virtual void drawSurface(float x, float y, DrawableSurface *surface, int sx, int sy, int sw, int sh, Uint8 alpha = Color::ALPHA_OPAQUE);
      |                              ^
libgag/include/SDLGraphicContext.h:637:16: warning: 'drawSurface' overrides a member function but is not marked 'override' [-Winconsistent-missing-override]
  637 |                 virtual void drawSurface(int x, int y, int w, int h, DrawableSurface *surface, int sx, int sy, int sw, int sh,  Uint8 alpha = Color::ALPHA_OPAQUE);
      |                              ^
libgag/include/SDLGraphicContext.h:279:16: note: overridden virtual function is here
  279 |                 virtual void drawSurface(int x, int y, int w, int h, DrawableSurface *surface, int sx, int sy, int sw, int sh,  Uint8 alpha = Color::ALPHA_OPAQUE);
      |                              ^
libgag/include/SDLGraphicContext.h:638:16: warning: 'drawSurface' overrides a member function but is not marked 'override' [-Winconsistent-missing-override]
  638 |                 virtual void drawSurface(float x, float y, float w, float h, DrawableSurface *surface, int sx, int sy, int sw, int sh, Uint8 alpha = Color::ALPHA_OPAQUE);
      |                              ^
libgag/include/SDLGraphicContext.h:280:16: note: overridden virtual function is here
  280 |                 virtual void drawSurface(float x, float y, float w, float h, DrawableSurface *surface, int sx, int sy, int sw, int sh, Uint8 alpha = Color::ALPHA_OPAQUE);
      |                              ^
libgag/include/SDLGraphicContext.h:661:16: warning: 'drawAlphaMap' overrides a member function but is not marked 'override' [-Winconsistent-missing-override]
  661 |                 virtual void drawAlphaMap(const std::valarray<float> &map, int mapW, int mapH, int x, int y, int cellW, int cellH, const Color &color);
      |                              ^
libgag/include/SDLGraphicContext.h:293:16: note: overridden virtual function is here
  293 |                 virtual void drawAlphaMap(const std::valarray<float> &map, int mapW, int mapH, int x, int y, int cellW, int cellH, const Color &color);
      |                              ^
libgag/include/SDLGraphicContext.h:662:16: warning: 'drawAlphaMap' overrides a member function but is not marked 'override' [-Winconsistent-missing-override]
  662 |                 virtual void drawAlphaMap(const std::valarray<unsigned char> &map, int mapW, int mapH, int x, int y, int cellW, int cellH, const Color &color);
      |                              ^
libgag/include/SDLGraphicContext.h:294:16: note: overridden virtual function is here
  294 |                 virtual void drawAlphaMap(const std::valarray<unsigned char> &map, int mapW, int mapH, int x, int y, int cellW, int cellH, const Color &color);
      |                              ^
libgag/include/SDLGraphicContext.h:665:16: warning: 'drawPixel' overrides a member function but is not marked 'override' [-Winconsistent-missing-override]
  665 |                 virtual void drawPixel(int x, int y, Uint8 r, Uint8 g, Uint8 b, Uint8 a = Color::ALPHA_OPAQUE);
      |                              ^
libgag/include/SDLGraphicContext.h:297:16: note: overridden virtual function is here
  297 |                 virtual void drawPixel(int x, int y, Uint8 r, Uint8 g, Uint8 b, Uint8 a = Color::ALPHA_OPAQUE);
      |                              ^
libgag/include/SDLGraphicContext.h:666:16: warning: 'drawRect' overrides a member function but is not marked 'override' [-Winconsistent-missing-override]
  666 |                 virtual void drawRect(int x, int y, int w, int h, Uint8 r, Uint8 g, Uint8 b, Uint8 a = Color::ALPHA_OPAQUE);
      |                              ^
libgag/include/SDLGraphicContext.h:298:16: note: overridden virtual function is here
  298 |                 virtual void drawRect(int x, int y, int w, int h, Uint8 r, Uint8 g, Uint8 b, Uint8 a = Color::ALPHA_OPAQUE);
      |                              ^
libgag/include/SDLGraphicContext.h:667:16: warning: 'drawFilledRect' overrides a member function but is not marked 'override' [-Winconsistent-missing-override]
  667 |                 virtual void drawFilledRect(int x, int y, int w, int h, Uint8 r, Uint8 g, Uint8 b, Uint8 a = Color::ALPHA_OPAQUE);
      |                              ^
libgag/include/SDLGraphicContext.h:299:16: note: overridden virtual function is here
  299 |                 virtual void drawFilledRect(int x, int y, int w, int h, Uint8 r, Uint8 g, Uint8 b, Uint8 a = Color::ALPHA_OPAQUE);
      |                              ^
libgag/include/SDLGraphicContext.h:668:16: warning: 'drawVertLine' overrides a member function but is not marked 'override' [-Winconsistent-missing-override]
  668 |                 virtual void drawVertLine(int x, int y, int l, Uint8 r, Uint8 g, Uint8 b, Uint8 a = Color::ALPHA_OPAQUE);
      |                              ^
libgag/include/SDLGraphicContext.h:300:16: note: overridden virtual function is here
  300 |                 virtual void drawVertLine(int x, int y, int l, Uint8 r, Uint8 g, Uint8 b, Uint8 a = Color::ALPHA_OPAQUE);
      |                              ^
libgag/include/SDLGraphicContext.h:669:16: warning: 'drawVertLine' overrides a member function but is not marked 'override' [-Winconsistent-missing-override]
  669 |                 virtual void drawVertLine(int x, int y, int l, const Color& color);
      |                              ^
libgag/include/SDLGraphicContext.h:301:16: note: overridden virtual function is here
  301 |                 virtual void drawVertLine(int x, int y, int l, const Color& color);
      |                              ^
libgag/include/SDLGraphicContext.h:670:16: warning: 'drawHorzLine' overrides a member function but is not marked 'override' [-Winconsistent-missing-override]
  670 |                 virtual void drawHorzLine(int x, int y, int l, Uint8 r, Uint8 g, Uint8 b, Uint8 a = Color::ALPHA_OPAQUE);
      |                              ^
libgag/include/SDLGraphicContext.h:302:16: note: overridden virtual function is here
  302 |                 virtual void drawHorzLine(int x, int y, int l, Uint8 r, Uint8 g, Uint8 b, Uint8 a = Color::ALPHA_OPAQUE);
      |                              ^
libgag/include/SDLGraphicContext.h:671:16: warning: 'drawHorzLine' overrides a member function but is not marked 'override' [-Winconsistent-missing-override]
  671 |                 virtual void drawHorzLine(int x, int y, int l, const Color& color);
      |                              ^
libgag/include/SDLGraphicContext.h:303:16: note: overridden virtual function is here
  303 |                 virtual void drawHorzLine(int x, int y, int l, const Color& color);
      |                              ^
libgag/include/SDLGraphicContext.h:672:16: warning: 'drawLine' overrides a member function but is not marked 'override' [-Winconsistent-missing-override]
  672 |                 virtual void drawLine(int x1, int y1, int x2, int y2, Uint8 r, Uint8 g, Uint8 b, Uint8 a = Color::ALPHA_OPAQUE);
      |                              ^
libgag/include/SDLGraphicContext.h:304:16: note: overridden virtual function is here
  304 |                 virtual void drawLine(int x1, int y1, int x2, int y2, Uint8 r, Uint8 g, Uint8 b, Uint8 a = Color::ALPHA_OPAQUE);
      |                              ^
libgag/include/SDLGraphicContext.h:673:16: warning: 'drawCircle' overrides a member function but is not marked 'override' [-Winconsistent-missing-override]
  673 |                 virtual void drawCircle(int x, int y, int radius, Uint8 r, Uint8 g, Uint8 b, Uint8 a = Color::ALPHA_OPAQUE);
      |                              ^
libgag/include/SDLGraphicContext.h:305:16: note: overridden virtual function is here
  305 |                 virtual void drawCircle(int x, int y, int radius, Uint8 r, Uint8 g, Uint8 b, Uint8 a = Color::ALPHA_OPAQUE);
      |                              ^
36 warnings generated.
/opt/homebrew/bin/ccache g++ -o build/darwin/client/release/test/engine-src_game_SharedWorkerLifecycleTest.o -c -g -std=gnu++20 -Wall -fPIC -O3 -DGLOB2_OFFICIAL_INSTANCE_ORIGIN=\"https://app.glob2online.com\" -DGLOB2_OFFICIAL_INSTANCE_FORMER_ORIGINS=\"https://glob2online.com\" -DHAVE_CONFIG_H -DGL_SILENCE_DEPRECATION -DSDL_MAIN_HANDLED -Ibuild/darwin/client/release/recording/prefix/include -I/Users/bradley/glob2/artifacts/recording-sdl3/prefix/include -Ibuild/darwin/client/release/include -I/opt/homebrew/include -Ilibgag/include -I. -Ilibusl/src -Isrc -Isrc/ai -Isrc/hud -Isrc/app -Isrc/game/player -Isrc/team -Isrc/common -Isrc/map -Isrc/game -Isrc/campaign -Isrc/campaign/screens -Isrc/replay -Isrc/game/screens -Isrc/render/clouds -Isrc/ui/screens -Isrc/game/rules -Isrc/game/diagnostics -Isrc/map/editor/screens -Isrc/engine -Isrc/ui -Isrc/map/preview -Isrc/app/cli -Isrc/net/lan/screens -Isrc/online -Isrc/map/tools -Isrc/scripting/map -Isrc/render/overlay -Isrc/audio -Isrc/online/screens -Isrc/game/orders -Isrc/resource -Isrc/ui/settings -Isrc/team/stats -Isrc/render/torus -Isrc/ai/simple -Isrc/ai/castor -Isrc/ai/javascript -Isrc/ai/nicowar -Isrc/ai/numbi -Isrc/ai/telemetry -Isrc/ai/warrush -Isrc/ai/maxima -Isrc/building -Isrc/building/types -Isrc/unit/types -Isrc/building/hud -Isrc/net -Isrc/hud/draw -Isrc/hud/input -Isrc/hud/touch -Isrc/net/turn -Isrc/unit -Isrc/map/editor -Isrc/map/generator -Isrc/map/generator/compatibility -Isrc/map/generator/core -Isrc/map/generator/generators -Isrc/map/generator/shared -Isrc/map/generator/shared/legacy -Isrc/map/gradient -Isrc/map/io -Isrc/net/lan -Isrc/net/message -Isrc/scripting/sgsl -Ithird_party/nlohmann-json/include -Itest -Itest/support -Ilibgag/src -Ithird_party/quickjs-ng src/game/SharedWorkerLifecycleTest.cpp
/opt/homebrew/bin/ccache g++ -o build/darwin/client/release/test/engine-SavegameSafetyHarness.o -c -g -std=gnu++20 -Wall -fPIC -O3 -DGLOB2_OFFICIAL_INSTANCE_ORIGIN=\"https://app.glob2online.com\" -DGLOB2_OFFICIAL_INSTANCE_FORMER_ORIGINS=\"https://glob2online.com\" -DHAVE_CONFIG_H -DGL_SILENCE_DEPRECATION -DSDL_MAIN_HANDLED -Ibuild/darwin/client/release/recording/prefix/include -I/Users/bradley/glob2/artifacts/recording-sdl3/prefix/include -Ibuild/darwin/client/release/include -I/opt/homebrew/include -Ilibgag/include -I. -Ilibusl/src -Isrc -Isrc/ai -Isrc/hud -Isrc/app -Isrc/game/player -Isrc/team -Isrc/common -Isrc/map -Isrc/game -Isrc/campaign -Isrc/campaign/screens -Isrc/replay -Isrc/game/screens -Isrc/render/clouds -Isrc/ui/screens -Isrc/game/rules -Isrc/game/diagnostics -Isrc/map/editor/screens -Isrc/engine -Isrc/ui -Isrc/map/preview -Isrc/app/cli -Isrc/net/lan/screens -Isrc/online -Isrc/map/tools -Isrc/scripting/map -Isrc/render/overlay -Isrc/audio -Isrc/online/screens -Isrc/game/orders -Isrc/resource -Isrc/ui/settings -Isrc/team/stats -Isrc/render/torus -Isrc/ai/simple -Isrc/ai/castor -Isrc/ai/javascript -Isrc/ai/nicowar -Isrc/ai/numbi -Isrc/ai/telemetry -Isrc/ai/warrush -Isrc/ai/maxima -Isrc/building -Isrc/building/types -Isrc/unit/types -Isrc/building/hud -Isrc/net -Isrc/hud/draw -Isrc/hud/input -Isrc/hud/touch -Isrc/net/turn -Isrc/unit -Isrc/map/editor -Isrc/map/generator -Isrc/map/generator/compatibility -Isrc/map/generator/core -Isrc/map/generator/generators -Isrc/map/generator/shared -Isrc/map/generator/shared/legacy -Isrc/map/gradient -Isrc/map/io -Isrc/net/lan -Isrc/net/message -Isrc/scripting/sgsl -Ithird_party/nlohmann-json/include -Itest -Itest/support -Ilibgag/src -Ithird_party/quickjs-ng test/SavegameSafetyHarness.cpp
In file included from src/game/SharedWorkerLifecycleTest.cpp:2:
In file included from test/support/EngineFixtures.h:9:
In file included from src/game/Game.h:12:
In file included from src/map/Map.h:21:
In file included from src/team/Team.h:16:
In file included from src/game/GameEvent.h:9:
In file included from libgag/include/GraphicContext.h:6:
libgag/include/SDLGraphicContext.h:520:16: warning: 'setRes' overrides a member function but is not marked 'override' [-Winconsistent-missing-override]
  520 |                 virtual void setRes(int w, int h) { setRes(w, h, optionFlags); }
      |                              ^
libgag/include/SDLGraphicContext.h:228:16: note: overridden virtual function is here
  228 |                 virtual void setRes(int w, int h);
      |                              ^
libgag/include/SDLGraphicContext.h:596:16: warning: 'setClipRect' overrides a member function but is not marked 'override' [-Winconsistent-missing-override]
  596 |                 virtual void setClipRect(int x, int y, int w, int h);
      |                              ^
libgag/include/SDLGraphicContext.h:230:16: note: overridden virtual function is here
  230 |                 virtual void setClipRect(int x, int y, int w, int h);
      |                              ^
libgag/include/SDLGraphicContext.h:597:16: warning: 'setClipRect' overrides a member function but is not marked 'override' [-Winconsistent-missing-override]
  597 |                 virtual void setClipRect(void);
      |                              ^
libgag/include/SDLGraphicContext.h:231:16: note: overridden virtual function is here
  231 |                 virtual void setClipRect(void);
      |                              ^
libgag/include/SDLGraphicContext.h:602:22: warning: 'nextFrame' overrides a member function but is not marked 'override' [-Winconsistent-missing-override]
  602 |         virtual void nextFrame(void);
      |                      ^
libgag/include/SDLGraphicContext.h:232:16: note: overridden virtual function is here
  232 |                 virtual void nextFrame(void) { flushTextPictures(); }
      |                              ^
libgag/include/SDLGraphicContext.h:604:16: warning: 'loadImage' overrides a member function but is not marked 'override' [-Winconsistent-missing-override]
  604 |                 virtual bool loadImage(const std::string name) { return false; }
      |                              ^
libgag/include/SDLGraphicContext.h:233:16: note: overridden virtual function is here
  233 |                 virtual bool loadImage(const std::string name);
      |                              ^
libgag/include/SDLGraphicContext.h:608:16: warning: 'shiftHSV' overrides a member function but is not marked 'override' [-Winconsistent-missing-override]
  608 |                 virtual void shiftHSV(float hue, float sat, float lum) { }
      |                              ^
libgag/include/SDLGraphicContext.h:234:16: note: overridden virtual function is here
  234 |                 virtual void shiftHSV(float hue, float sat, float lum);
      |                              ^
libgag/include/SDLGraphicContext.h:611:16: warning: 'canDrawStretchedSprite' overrides a member function but is not marked 'override' [-Winconsistent-missing-override]
  611 |                 virtual bool canDrawStretchedSprite(void) { return hasPortableRenderer() || (optionFlags & USEGPU) != 0; }
      |                              ^
libgag/include/SDLGraphicContext.h:252:16: note: overridden virtual function is here
  252 |                 virtual bool canDrawStretchedSprite(void) { return false; }
      |                              ^
libgag/include/SDLGraphicContext.h:613:16: warning: 'drawPixel' overrides a member function but is not marked 'override' [-Winconsistent-missing-override]
  613 |                 virtual void drawPixel(int x, int y, const Color& color);
      |                              ^
libgag/include/SDLGraphicContext.h:255:16: note: overridden virtual function is here
  255 |                 virtual void drawPixel(int x, int y, const Color& color);
      |                              ^
libgag/include/SDLGraphicContext.h:614:16: warning: 'drawPixel' overrides a member function but is not marked 'override' [-Winconsistent-missing-override]
  614 |                 virtual void drawPixel(float x, float y, const Color& color);
      |                              ^
libgag/include/SDLGraphicContext.h:256:16: note: overridden virtual function is here
  256 |                 virtual void drawPixel(float x, float y, const Color& color);
      |                              ^
libgag/include/SDLGraphicContext.h:616:16: warning: 'drawRect' overrides a member function but is not marked 'override' [-Winconsistent-missing-override]
  616 |                 virtual void drawRect(int x, int y, int w, int h, const Color& color);
      |                              ^
libgag/include/SDLGraphicContext.h:258:16: note: overridden virtual function is here
  258 |                 virtual void drawRect(int x, int y, int w, int h, const Color& color);
      |                              ^
libgag/include/SDLGraphicContext.h:617:16: warning: 'drawRect' overrides a member function but is not marked 'override' [-Winconsistent-missing-override]
  617 |                 virtual void drawRect(float x, float y, float w, float h, const Color& color);
      |                              ^
libgag/include/SDLGraphicContext.h:259:16: note: overridden virtual function is here
  259 |                 virtual void drawRect(float x, float y, float w, float h, const Color& color);
      |                              ^
libgag/include/SDLGraphicContext.h:619:16: warning: 'drawFilledRect' overrides a member function but is not marked 'override' [-Winconsistent-missing-override]
  619 |                 virtual void drawFilledRect(int x, int y, int w, int h, const Color& color);
      |                              ^
libgag/include/SDLGraphicContext.h:261:16: note: overridden virtual function is here
  261 |                 virtual void drawFilledRect(int x, int y, int w, int h, const Color& color);
      |                              ^
libgag/include/SDLGraphicContext.h:620:16: warning: 'drawFilledRect' overrides a member function but is not marked 'override' [-Winconsistent-missing-override]
  620 |                 virtual void drawFilledRect(float x, float y, float w, float h, const Color& color);
      |                              ^
libgag/include/SDLGraphicContext.h:262:16: note: overridden virtual function is here
  262 |                 virtual void drawFilledRect(float x, float y, float w, float h, const Color& color);
      |                              ^
libgag/include/SDLGraphicContext.h:622:16: warning: 'drawLine' overrides a member function but is not marked 'override' [-Winconsistent-missing-override]
  622 |                 virtual void drawLine(int x1, int y1, int x2, int y2, const Color& color);
      |                              ^
libgag/include/SDLGraphicContext.h:264:16: note: overridden virtual function is here
  264 |                 virtual void drawLine(int x1, int y1, int x2, int y2, const Color& color);
      |                              ^
libgag/include/SDLGraphicContext.h:623:16: warning: 'drawLine' overrides a member function but is not marked 'override' [-Winconsistent-missing-override]
  623 |                 virtual void drawLine(float x1, float y1, float x2, float y2, const Color& color);
      |                              ^
libgag/include/SDLGraphicContext.h:265:16: note: overridden virtual function is here
  265 |                 virtual void drawLine(float x1, float y1, float x2, float y2, const Color& color);
      |                              ^
libgag/include/SDLGraphicContext.h:625:16: warning: 'drawCircle' overrides a member function but is not marked 'override' [-Winconsistent-missing-override]
  625 |                 virtual void drawCircle(int x, int y, int radius, const Color& color);
      |                              ^
libgag/include/SDLGraphicContext.h:267:16: note: overridden virtual function is here
  267 |                 virtual void drawCircle(int x, int y, int radius, const Color& color);
      |                              ^
libgag/include/SDLGraphicContext.h:626:16: warning: 'drawCircle' overrides a member function but is not marked 'override' [-Winconsistent-missing-override]
  626 |                 virtual void drawCircle(float x, float y, float radius, const Color& color);
      |                              ^
libgag/include/SDLGraphicContext.h:268:16: note: overridden virtual function is here
  268 |                 virtual void drawCircle(float x, float y, float radius, const Color& color);
      |                              ^
libgag/include/SDLGraphicContext.h:628:16: warning: 'drawSurface' overrides a member function but is not marked 'override' [-Winconsistent-missing-override]
  628 |                 virtual void drawSurface(int x, int y, DrawableSurface *surface, Uint8 alpha = Color::ALPHA_OPAQUE);
      |                              ^
libgag/include/SDLGraphicContext.h:270:16: note: overridden virtual function is here
  270 |                 virtual void drawSurface(int x, int y, DrawableSurface *surface, Uint8 alpha = Color::ALPHA_OPAQUE);
      |                              ^
libgag/include/SDLGraphicContext.h:629:16: warning: 'drawSurface' overrides a member function but is not marked 'override' [-Winconsistent-missing-override]
  629 |                 virtual void drawSurface(float x, float y, DrawableSurface *surface, Uint8 alpha = Color::ALPHA_OPAQUE);
      |                              ^
libgag/include/SDLGraphicContext.h:271:16: note: overridden virtual function is here
  271 |                 virtual void drawSurface(float x, float y, DrawableSurface *surface, Uint8 alpha = Color::ALPHA_OPAQUE);
      |                              ^
libgag/include/SDLGraphicContext.h:631:16: warning: 'drawSurface' overrides a member function but is not marked 'override' [-Winconsistent-missing-override]
  631 |                 virtual void drawSurface(int x, int y, int w, int h, DrawableSurface *surface, Uint8 alpha = Color::ALPHA_OPAQUE);
      |                              ^
libgag/include/SDLGraphicContext.h:273:16: note: overridden virtual function is here
  273 |                 virtual void drawSurface(int x, int y, int w, int h, DrawableSurface *surface, Uint8 alpha = Color::ALPHA_OPAQUE);
      |                              ^
libgag/include/SDLGraphicContext.h:632:16: warning: 'drawSurface' overrides a member function but is not marked 'override' [-Winconsistent-missing-override]
  632 |                 virtual void drawSurface(float x, float y, float w, float h, DrawableSurface *surface, Uint8 alpha = Color::ALPHA_OPAQUE);
      |                              ^
libgag/include/SDLGraphicContext.h:274:16: note: overridden virtual function is here
  274 |                 virtual void drawSurface(float x, float y, float w, float h, DrawableSurface *surface, Uint8 alpha = Color::ALPHA_OPAQUE);
      |                              ^
libgag/include/SDLGraphicContext.h:634:16: warning: 'drawSurface' overrides a member function but is not marked 'override' [-Winconsistent-missing-override]
  634 |                 virtual void drawSurface(int x, int y, DrawableSurface *surface, int sx, int sy, int sw, int sh, Uint8 alpha = Color::ALPHA_OPAQUE);
      |                              ^
libgag/include/SDLGraphicContext.h:276:16: note: overridden virtual function is here
  276 |                 virtual void drawSurface(int x, int y, DrawableSurface *surface, int sx, int sy, int sw, int sh, Uint8 alpha = Color::ALPHA_OPAQUE);
      |                              ^
libgag/include/SDLGraphicContext.h:635:16: warning: 'drawSurface' overrides a member function but is not marked 'override' [-Winconsistent-missing-override]
  635 |                 virtual void drawSurface(float x, float y, DrawableSurface *surface, int sx, int sy, int sw, int sh, Uint8 alpha = Color::ALPHA_OPAQUE);
      |                              ^
libgag/include/SDLGraphicContext.h:277:16: note: overridden virtual function is here
  277 |                 virtual void drawSurface(float x, float y, DrawableSurface *surface, int sx, int sy, int sw, int sh, Uint8 alpha = Color::ALPHA_OPAQUE);
      |                              ^
libgag/include/SDLGraphicContext.h:637:16: warning: 'drawSurface' overrides a member function but is not marked 'override' [-Winconsistent-missing-override]
  637 |                 virtual void drawSurface(int x, int y, int w, int h, DrawableSurface *surface, int sx, int sy, int sw, int sh,  Uint8 alpha = Color::ALPHA_OPAQUE);
      |                              ^
libgag/include/SDLGraphicContext.h:279:16: note: overridden virtual function is here
  279 |                 virtual void drawSurface(int x, int y, int w, int h, DrawableSurface *surface, int sx, int sy, int sw, int sh,  Uint8 alpha = Color::ALPHA_OPAQUE);
      |                              ^
libgag/include/SDLGraphicContext.h:638:16: warning: 'drawSurface' overrides a member function but is not marked 'override' [-Winconsistent-missing-override]
  638 |                 virtual void drawSurface(float x, float y, float w, float h, DrawableSurface *surface, int sx, int sy, int sw, int sh, Uint8 alpha = Color::ALPHA_OPAQUE);
      |                              ^
libgag/include/SDLGraphicContext.h:280:16: note: overridden virtual function is here
  280 |                 virtual void drawSurface(float x, float y, float w, float h, DrawableSurface *surface, int sx, int sy, int sw, int sh, Uint8 alpha = Color::ALPHA_OPAQUE);
      |                              ^
libgag/include/SDLGraphicContext.h:661:16: warning: 'drawAlphaMap' overrides a member function but is not marked 'override' [-Winconsistent-missing-override]
  661 |                 virtual void drawAlphaMap(const std::valarray<float> &map, int mapW, int mapH, int x, int y, int cellW, int cellH, const Color &color);
      |                              ^
libgag/include/SDLGraphicContext.h:293:16: note: overridden virtual function is here
  293 |                 virtual void drawAlphaMap(const std::valarray<float> &map, int mapW, int mapH, int x, int y, int cellW, int cellH, const Color &color);
      |                              ^
libgag/include/SDLGraphicContext.h:662:16: warning: 'drawAlphaMap' overrides a member function but is not marked 'override' [-Winconsistent-missing-override]
  662 |                 virtual void drawAlphaMap(const std::valarray<unsigned char> &map, int mapW, int mapH, int x, int y, int cellW, int cellH, const Color &color);
      |                              ^
libgag/include/SDLGraphicContext.h:294:16: note: overridden virtual function is here
  294 |                 virtual void drawAlphaMap(const std::valarray<unsigned char> &map, int mapW, int mapH, int x, int y, int cellW, int cellH, const Color &color);
      |                              ^
libgag/include/SDLGraphicContext.h:665:16: warning: 'drawPixel' overrides a member function but is not marked 'override' [-Winconsistent-missing-override]
  665 |                 virtual void drawPixel(int x, int y, Uint8 r, Uint8 g, Uint8 b, Uint8 a = Color::ALPHA_OPAQUE);
      |                              ^
libgag/include/SDLGraphicContext.h:297:16: note: overridden virtual function is here
  297 |                 virtual void drawPixel(int x, int y, Uint8 r, Uint8 g, Uint8 b, Uint8 a = Color::ALPHA_OPAQUE);
      |                              ^
libgag/include/SDLGraphicContext.h:666:16: warning: 'drawRect' overrides a member function but is not marked 'override' [-Winconsistent-missing-override]
  666 |                 virtual void drawRect(int x, int y, int w, int h, Uint8 r, Uint8 g, Uint8 b, Uint8 a = Color::ALPHA_OPAQUE);
      |                              ^
libgag/include/SDLGraphicContext.h:298:16: note: overridden virtual function is here
  298 |                 virtual void drawRect(int x, int y, int w, int h, Uint8 r, Uint8 g, Uint8 b, Uint8 a = Color::ALPHA_OPAQUE);
      |                              ^
libgag/include/SDLGraphicContext.h:667:16: warning: 'drawFilledRect' overrides a member function but is not marked 'override' [-Winconsistent-missing-override]
  667 |                 virtual void drawFilledRect(int x, int y, int w, int h, Uint8 r, Uint8 g, Uint8 b, Uint8 a = Color::ALPHA_OPAQUE);
      |                              ^
libgag/include/SDLGraphicContext.h:299:16: note: overridden virtual function is here
  299 |                 virtual void drawFilledRect(int x, int y, int w, int h, Uint8 r, Uint8 g, Uint8 b, Uint8 a = Color::ALPHA_OPAQUE);
      |                              ^
libgag/include/SDLGraphicContext.h:668:16: warning: 'drawVertLine' overrides a member function but is not marked 'override' [-Winconsistent-missing-override]
  668 |                 virtual void drawVertLine(int x, int y, int l, Uint8 r, Uint8 g, Uint8 b, Uint8 a = Color::ALPHA_OPAQUE);
      |                              ^
libgag/include/SDLGraphicContext.h:300:16: note: overridden virtual function is here
  300 |                 virtual void drawVertLine(int x, int y, int l, Uint8 r, Uint8 g, Uint8 b, Uint8 a = Color::ALPHA_OPAQUE);
      |                              ^
libgag/include/SDLGraphicContext.h:669:16: warning: 'drawVertLine' overrides a member function but is not marked 'override' [-Winconsistent-missing-override]
  669 |                 virtual void drawVertLine(int x, int y, int l, const Color& color);
      |                              ^
libgag/include/SDLGraphicContext.h:301:16: note: overridden virtual function is here
  301 |                 virtual void drawVertLine(int x, int y, int l, const Color& color);
      |                              ^
libgag/include/SDLGraphicContext.h:670:16: warning: 'drawHorzLine' overrides a member function but is not marked 'override' [-Winconsistent-missing-override]
  670 |                 virtual void drawHorzLine(int x, int y, int l, Uint8 r, Uint8 g, Uint8 b, Uint8 a = Color::ALPHA_OPAQUE);
      |                              ^
libgag/include/SDLGraphicContext.h:302:16: note: overridden virtual function is here
  302 |                 virtual void drawHorzLine(int x, int y, int l, Uint8 r, Uint8 g, Uint8 b, Uint8 a = Color::ALPHA_OPAQUE);
      |                              ^
libgag/include/SDLGraphicContext.h:671:16: warning: 'drawHorzLine' overrides a member function but is not marked 'override' [-Winconsistent-missing-override]
  671 |                 virtual void drawHorzLine(int x, int y, int l, const Color& color);
      |                              ^
libgag/include/SDLGraphicContext.h:303:16: note: overridden virtual function is here
  303 |                 virtual void drawHorzLine(int x, int y, int l, const Color& color);
      |                              ^
libgag/include/SDLGraphicContext.h:672:16: warning: 'drawLine' overrides a member function but is not marked 'override' [-Winconsistent-missing-override]
  672 |                 virtual void drawLine(int x1, int y1, int x2, int y2, Uint8 r, Uint8 g, Uint8 b, Uint8 a = Color::ALPHA_OPAQUE);
      |                              ^
libgag/include/SDLGraphicContext.h:304:16: note: overridden virtual function is here
  304 |                 virtual void drawLine(int x1, int y1, int x2, int y2, Uint8 r, Uint8 g, Uint8 b, Uint8 a = Color::ALPHA_OPAQUE);
      |                              ^
libgag/include/SDLGraphicContext.h:673:16: warning: 'drawCircle' overrides a member function but is not marked 'override' [-Winconsistent-missing-override]
  673 |                 virtual void drawCircle(int x, int y, int radius, Uint8 r, Uint8 g, Uint8 b, Uint8 a = Color::ALPHA_OPAQUE);
      |                              ^
libgag/include/SDLGraphicContext.h:305:16: note: overridden virtual function is here
  305 |                 virtual void drawCircle(int x, int y, int radius, Uint8 r, Uint8 g, Uint8 b, Uint8 a = Color::ALPHA_OPAQUE);
      |                              ^
36 warnings generated.
/opt/homebrew/bin/ccache g++ -o build/darwin/client/release/test/engine-PortableGameHarness.o -c -g -std=gnu++20 -Wall -fPIC -O3 -DGLOB2_OFFICIAL_INSTANCE_ORIGIN=\"https://app.glob2online.com\" -DGLOB2_OFFICIAL_INSTANCE_FORMER_ORIGINS=\"https://glob2online.com\" -DHAVE_CONFIG_H -DGL_SILENCE_DEPRECATION -DSDL_MAIN_HANDLED -Ibuild/darwin/client/release/recording/prefix/include -I/Users/bradley/glob2/artifacts/recording-sdl3/prefix/include -Ibuild/darwin/client/release/include -I/opt/homebrew/include -Ilibgag/include -I. -Ilibusl/src -Isrc -Isrc/ai -Isrc/hud -Isrc/app -Isrc/game/player -Isrc/team -Isrc/common -Isrc/map -Isrc/game -Isrc/campaign -Isrc/campaign/screens -Isrc/replay -Isrc/game/screens -Isrc/render/clouds -Isrc/ui/screens -Isrc/game/rules -Isrc/game/diagnostics -Isrc/map/editor/screens -Isrc/engine -Isrc/ui -Isrc/map/preview -Isrc/app/cli -Isrc/net/lan/screens -Isrc/online -Isrc/map/tools -Isrc/scripting/map -Isrc/render/overlay -Isrc/audio -Isrc/online/screens -Isrc/game/orders -Isrc/resource -Isrc/ui/settings -Isrc/team/stats -Isrc/render/torus -Isrc/ai/simple -Isrc/ai/castor -Isrc/ai/javascript -Isrc/ai/nicowar -Isrc/ai/numbi -Isrc/ai/telemetry -Isrc/ai/warrush -Isrc/ai/maxima -Isrc/building -Isrc/building/types -Isrc/unit/types -Isrc/building/hud -Isrc/net -Isrc/hud/draw -Isrc/hud/input -Isrc/hud/touch -Isrc/net/turn -Isrc/unit -Isrc/map/editor -Isrc/map/generator -Isrc/map/generator/compatibility -Isrc/map/generator/core -Isrc/map/generator/generators -Isrc/map/generator/shared -Isrc/map/generator/shared/legacy -Isrc/map/gradient -Isrc/map/io -Isrc/net/lan -Isrc/net/message -Isrc/scripting/sgsl -Ithird_party/nlohmann-json/include -Itest -Itest/support -Ilibgag/src -Ithird_party/quickjs-ng test/PortableGameHarness.cpp
In file included from src/hive/HiveIntegrationTest.cpp:9:
In file included from test/support/EngineFixtures.h:9:
In file included from src/game/Game.h:12:
In file included from src/map/Map.h:21:
In file included from src/team/Team.h:16:
In file included from src/game/GameEvent.h:9:
In file included from libgag/include/GraphicContext.h:6:
libgag/include/SDLGraphicContext.h:520:16: warning: 'setRes' overrides a member function but is not marked 'override' [-Winconsistent-missing-override]
  520 |                 virtual void setRes(int w, int h) { setRes(w, h, optionFlags); }
      |                              ^
libgag/include/SDLGraphicContext.h:228:16: note: overridden virtual function is here
  228 |                 virtual void setRes(int w, int h);
      |                              ^
libgag/include/SDLGraphicContext.h:596:16: warning: 'setClipRect' overrides a member function but is not marked 'override' [-Winconsistent-missing-override]
  596 |                 virtual void setClipRect(int x, int y, int w, int h);
      |                              ^
libgag/include/SDLGraphicContext.h:230:16: note: overridden virtual function is here
  230 |                 virtual void setClipRect(int x, int y, int w, int h);
      |                              ^
libgag/include/SDLGraphicContext.h:597:16: warning: 'setClipRect' overrides a member function but is not marked 'override' [-Winconsistent-missing-override]
  597 |                 virtual void setClipRect(void);
      |                              ^
libgag/include/SDLGraphicContext.h:231:16: note: overridden virtual function is here
  231 |                 virtual void setClipRect(void);
      |                              ^
libgag/include/SDLGraphicContext.h:602:22: warning: 'nextFrame' overrides a member function but is not marked 'override' [-Winconsistent-missing-override]
  602 |         virtual void nextFrame(void);
      |                      ^
libgag/include/SDLGraphicContext.h:232:16: note: overridden virtual function is here
  232 |                 virtual void nextFrame(void) { flushTextPictures(); }
      |                              ^
libgag/include/SDLGraphicContext.h:604:16: warning: 'loadImage' overrides a member function but is not marked 'override' [-Winconsistent-missing-override]
  604 |                 virtual bool loadImage(const std::string name) { return false; }
      |                              ^
libgag/include/SDLGraphicContext.h:233:16: note: overridden virtual function is here
  233 |                 virtual bool loadImage(const std::string name);
      |                              ^
libgag/include/SDLGraphicContext.h:608:16: warning: 'shiftHSV' overrides a member function but is not marked 'override' [-Winconsistent-missing-override]
  608 |                 virtual void shiftHSV(float hue, float sat, float lum) { }
      |                              ^
libgag/include/SDLGraphicContext.h:234:16: note: overridden virtual function is here
  234 |                 virtual void shiftHSV(float hue, float sat, float lum);
      |                              ^
libgag/include/SDLGraphicContext.h:611:16: warning: 'canDrawStretchedSprite' overrides a member function but is not marked 'override' [-Winconsistent-missing-override]
  611 |                 virtual bool canDrawStretchedSprite(void) { return hasPortableRenderer() || (optionFlags & USEGPU) != 0; }
      |                              ^
libgag/include/SDLGraphicContext.h:252:16: note: overridden virtual function is here
  252 |                 virtual bool canDrawStretchedSprite(void) { return false; }
      |                              ^
libgag/include/SDLGraphicContext.h:613:16: warning: 'drawPixel' overrides a member function but is not marked 'override' [-Winconsistent-missing-override]
  613 |                 virtual void drawPixel(int x, int y, const Color& color);
      |                              ^
libgag/include/SDLGraphicContext.h:255:16: note: overridden virtual function is here
  255 |                 virtual void drawPixel(int x, int y, const Color& color);
      |                              ^
libgag/include/SDLGraphicContext.h:614:16: warning: 'drawPixel' overrides a member function but is not marked 'override' [-Winconsistent-missing-override]
  614 |                 virtual void drawPixel(float x, float y, const Color& color);
      |                              ^
libgag/include/SDLGraphicContext.h:256:16: note: overridden virtual function is here
  256 |                 virtual void drawPixel(float x, float y, const Color& color);
      |                              ^
libgag/include/SDLGraphicContext.h:616:16: warning: 'drawRect' overrides a member function but is not marked 'override' [-Winconsistent-missing-override]
  616 |                 virtual void drawRect(int x, int y, int w, int h, const Color& color);
      |                              ^
libgag/include/SDLGraphicContext.h:258:16: note: overridden virtual function is here
  258 |                 virtual void drawRect(int x, int y, int w, int h, const Color& color);
      |                              ^
libgag/include/SDLGraphicContext.h:617:16: warning: 'drawRect' overrides a member function but is not marked 'override' [-Winconsistent-missing-override]
  617 |                 virtual void drawRect(float x, float y, float w, float h, const Color& color);
      |                              ^
libgag/include/SDLGraphicContext.h:259:16: note: overridden virtual function is here
  259 |                 virtual void drawRect(float x, float y, float w, float h, const Color& color);
      |                              ^
libgag/include/SDLGraphicContext.h:619:16: warning: 'drawFilledRect' overrides a member function but is not marked 'override' [-Winconsistent-missing-override]
  619 |                 virtual void drawFilledRect(int x, int y, int w, int h, const Color& color);
      |                              ^
libgag/include/SDLGraphicContext.h:261:16: note: overridden virtual function is here
  261 |                 virtual void drawFilledRect(int x, int y, int w, int h, const Color& color);
      |                              ^
libgag/include/SDLGraphicContext.h:620:16: warning: 'drawFilledRect' overrides a member function but is not marked 'override' [-Winconsistent-missing-override]
  620 |                 virtual void drawFilledRect(float x, float y, float w, float h, const Color& color);
      |                              ^
libgag/include/SDLGraphicContext.h:262:16: note: overridden virtual function is here
  262 |                 virtual void drawFilledRect(float x, float y, float w, float h, const Color& color);
      |                              ^
libgag/include/SDLGraphicContext.h:622:16: warning: 'drawLine' overrides a member function but is not marked 'override' [-Winconsistent-missing-override]
  622 |                 virtual void drawLine(int x1, int y1, int x2, int y2, const Color& color);
      |                              ^
libgag/include/SDLGraphicContext.h:264:16: note: overridden virtual function is here
  264 |                 virtual void drawLine(int x1, int y1, int x2, int y2, const Color& color);
      |                              ^
libgag/include/SDLGraphicContext.h:623:16: warning: 'drawLine' overrides a member function but is not marked 'override' [-Winconsistent-missing-override]
  623 |                 virtual void drawLine(float x1, float y1, float x2, float y2, const Color& color);
      |                              ^
libgag/include/SDLGraphicContext.h:265:16: note: overridden virtual function is here
  265 |                 virtual void drawLine(float x1, float y1, float x2, float y2, const Color& color);
      |                              ^
libgag/include/SDLGraphicContext.h:625:16: warning: 'drawCircle' overrides a member function but is not marked 'override' [-Winconsistent-missing-override]
  625 |                 virtual void drawCircle(int x, int y, int radius, const Color& color);
      |                              ^
libgag/include/SDLGraphicContext.h:267:16: note: overridden virtual function is here
  267 |                 virtual void drawCircle(int x, int y, int radius, const Color& color);
      |                              ^
libgag/include/SDLGraphicContext.h:626:16: warning: 'drawCircle' overrides a member function but is not marked 'override' [-Winconsistent-missing-override]
  626 |                 virtual void drawCircle(float x, float y, float radius, const Color& color);
      |                              ^
libgag/include/SDLGraphicContext.h:268:16: note: overridden virtual function is here
  268 |                 virtual void drawCircle(float x, float y, float radius, const Color& color);
      |                              ^
libgag/include/SDLGraphicContext.h:628:16: warning: 'drawSurface' overrides a member function but is not marked 'override' [-Winconsistent-missing-override]
  628 |                 virtual void drawSurface(int x, int y, DrawableSurface *surface, Uint8 alpha = Color::ALPHA_OPAQUE);
      |                              ^
libgag/include/SDLGraphicContext.h:270:16: note: overridden virtual function is here
  270 |                 virtual void drawSurface(int x, int y, DrawableSurface *surface, Uint8 alpha = Color::ALPHA_OPAQUE);
      |                              ^
libgag/include/SDLGraphicContext.h:629:16: warning: 'drawSurface' overrides a member function but is not marked 'override' [-Winconsistent-missing-override]
  629 |                 virtual void drawSurface(float x, float y, DrawableSurface *surface, Uint8 alpha = Color::ALPHA_OPAQUE);
      |                              ^
libgag/include/SDLGraphicContext.h:271:16: note: overridden virtual function is here
  271 |                 virtual void drawSurface(float x, float y, DrawableSurface *surface, Uint8 alpha = Color::ALPHA_OPAQUE);
      |                              ^
libgag/include/SDLGraphicContext.h:631:16: warning: 'drawSurface' overrides a member function but is not marked 'override' [-Winconsistent-missing-override]
  631 |                 virtual void drawSurface(int x, int y, int w, int h, DrawableSurface *surface, Uint8 alpha = Color::ALPHA_OPAQUE);
      |                              ^
libgag/include/SDLGraphicContext.h:273:16: note: overridden virtual function is here
  273 |                 virtual void drawSurface(int x, int y, int w, int h, DrawableSurface *surface, Uint8 alpha = Color::ALPHA_OPAQUE);
      |                              ^
libgag/include/SDLGraphicContext.h:632:16: warning: 'drawSurface' overrides a member function but is not marked 'override' [-Winconsistent-missing-override]
  632 |                 virtual void drawSurface(float x, float y, float w, float h, DrawableSurface *surface, Uint8 alpha = Color::ALPHA_OPAQUE);
      |                              ^
libgag/include/SDLGraphicContext.h:274:16: note: overridden virtual function is here
  274 |                 virtual void drawSurface(float x, float y, float w, float h, DrawableSurface *surface, Uint8 alpha = Color::ALPHA_OPAQUE);
      |                              ^
libgag/include/SDLGraphicContext.h:634:16: warning: 'drawSurface' overrides a member function but is not marked 'override' [-Winconsistent-missing-override]
  634 |                 virtual void drawSurface(int x, int y, DrawableSurface *surface, int sx, int sy, int sw, int sh, Uint8 alpha = Color::ALPHA_OPAQUE);
      |                              ^
libgag/include/SDLGraphicContext.h:276:16: note: overridden virtual function is here
  276 |                 virtual void drawSurface(int x, int y, DrawableSurface *surface, int sx, int sy, int sw, int sh, Uint8 alpha = Color::ALPHA_OPAQUE);
      |                              ^
libgag/include/SDLGraphicContext.h:635:16: warning: 'drawSurface' overrides a member function but is not marked 'override' [-Winconsistent-missing-override]
  635 |                 virtual void drawSurface(float x, float y, DrawableSurface *surface, int sx, int sy, int sw, int sh, Uint8 alpha = Color::ALPHA_OPAQUE);
      |                              ^
libgag/include/SDLGraphicContext.h:277:16: note: overridden virtual function is here
  277 |                 virtual void drawSurface(float x, float y, DrawableSurface *surface, int sx, int sy, int sw, int sh, Uint8 alpha = Color::ALPHA_OPAQUE);
      |                              ^
libgag/include/SDLGraphicContext.h:637:16: warning: 'drawSurface' overrides a member function but is not marked 'override' [-Winconsistent-missing-override]
  637 |                 virtual void drawSurface(int x, int y, int w, int h, DrawableSurface *surface, int sx, int sy, int sw, int sh,  Uint8 alpha = Color::ALPHA_OPAQUE);
      |                              ^
libgag/include/SDLGraphicContext.h:279:16: note: overridden virtual function is here
  279 |                 virtual void drawSurface(int x, int y, int w, int h, DrawableSurface *surface, int sx, int sy, int sw, int sh,  Uint8 alpha = Color::ALPHA_OPAQUE);
      |                              ^
libgag/include/SDLGraphicContext.h:638:16: warning: 'drawSurface' overrides a member function but is not marked 'override' [-Winconsistent-missing-override]
  638 |                 virtual void drawSurface(float x, float y, float w, float h, DrawableSurface *surface, int sx, int sy, int sw, int sh, Uint8 alpha = Color::ALPHA_OPAQUE);
      |                              ^
libgag/include/SDLGraphicContext.h:280:16: note: overridden virtual function is here
  280 |                 virtual void drawSurface(float x, float y, float w, float h, DrawableSurface *surface, int sx, int sy, int sw, int sh, Uint8 alpha = Color::ALPHA_OPAQUE);
      |                              ^
libgag/include/SDLGraphicContext.h:661:16: warning: 'drawAlphaMap' overrides a member function but is not marked 'override' [-Winconsistent-missing-override]
  661 |                 virtual void drawAlphaMap(const std::valarray<float> &map, int mapW, int mapH, int x, int y, int cellW, int cellH, const Color &color);
      |                              ^
libgag/include/SDLGraphicContext.h:293:16: note: overridden virtual function is here
  293 |                 virtual void drawAlphaMap(const std::valarray<float> &map, int mapW, int mapH, int x, int y, int cellW, int cellH, const Color &color);
      |                              ^
libgag/include/SDLGraphicContext.h:662:16: warning: 'drawAlphaMap' overrides a member function but is not marked 'override' [-Winconsistent-missing-override]
  662 |                 virtual void drawAlphaMap(const std::valarray<unsigned char> &map, int mapW, int mapH, int x, int y, int cellW, int cellH, const Color &color);
      |                              ^
libgag/include/SDLGraphicContext.h:294:16: note: overridden virtual function is here
  294 |                 virtual void drawAlphaMap(const std::valarray<unsigned char> &map, int mapW, int mapH, int x, int y, int cellW, int cellH, const Color &color);
      |                              ^
libgag/include/SDLGraphicContext.h:665:16: warning: 'drawPixel' overrides a member function but is not marked 'override' [-Winconsistent-missing-override]
  665 |                 virtual void drawPixel(int x, int y, Uint8 r, Uint8 g, Uint8 b, Uint8 a = Color::ALPHA_OPAQUE);
      |                              ^
libgag/include/SDLGraphicContext.h:297:16: note: overridden virtual function is here
  297 |                 virtual void drawPixel(int x, int y, Uint8 r, Uint8 g, Uint8 b, Uint8 a = Color::ALPHA_OPAQUE);
      |                              ^
libgag/include/SDLGraphicContext.h:666:16: warning: 'drawRect' overrides a member function but is not marked 'override' [-Winconsistent-missing-override]
  666 |                 virtual void drawRect(int x, int y, int w, int h, Uint8 r, Uint8 g, Uint8 b, Uint8 a = Color::ALPHA_OPAQUE);
      |                              ^
libgag/include/SDLGraphicContext.h:298:16: note: overridden virtual function is here
  298 |                 virtual void drawRect(int x, int y, int w, int h, Uint8 r, Uint8 g, Uint8 b, Uint8 a = Color::ALPHA_OPAQUE);
      |                              ^
libgag/include/SDLGraphicContext.h:667:16: warning: 'drawFilledRect' overrides a member function but is not marked 'override' [-Winconsistent-missing-override]
  667 |                 virtual void drawFilledRect(int x, int y, int w, int h, Uint8 r, Uint8 g, Uint8 b, Uint8 a = Color::ALPHA_OPAQUE);
      |                              ^
libgag/include/SDLGraphicContext.h:299:16: note: overridden virtual function is here
  299 |                 virtual void drawFilledRect(int x, int y, int w, int h, Uint8 r, Uint8 g, Uint8 b, Uint8 a = Color::ALPHA_OPAQUE);
      |                              ^
libgag/include/SDLGraphicContext.h:668:16: warning: 'drawVertLine' overrides a member function but is not marked 'override' [-Winconsistent-missing-override]
  668 |                 virtual void drawVertLine(int x, int y, int l, Uint8 r, Uint8 g, Uint8 b, Uint8 a = Color::ALPHA_OPAQUE);
      |                              ^
libgag/include/SDLGraphicContext.h:300:16: note: overridden virtual function is here
  300 |                 virtual void drawVertLine(int x, int y, int l, Uint8 r, Uint8 g, Uint8 b, Uint8 a = Color::ALPHA_OPAQUE);
      |                              ^
libgag/include/SDLGraphicContext.h:669:16: warning: 'drawVertLine' overrides a member function but is not marked 'override' [-Winconsistent-missing-override]
  669 |                 virtual void drawVertLine(int x, int y, int l, const Color& color);
      |                              ^
libgag/include/SDLGraphicContext.h:301:16: note: overridden virtual function is here
  301 |                 virtual void drawVertLine(int x, int y, int l, const Color& color);
      |                              ^
libgag/include/SDLGraphicContext.h:670:16: warning: 'drawHorzLine' overrides a member function but is not marked 'override' [-Winconsistent-missing-override]
  670 |                 virtual void drawHorzLine(int x, int y, int l, Uint8 r, Uint8 g, Uint8 b, Uint8 a = Color::ALPHA_OPAQUE);
      |                              ^
libgag/include/SDLGraphicContext.h:302:16: note: overridden virtual function is here
  302 |                 virtual void drawHorzLine(int x, int y, int l, Uint8 r, Uint8 g, Uint8 b, Uint8 a = Color::ALPHA_OPAQUE);
      |                              ^
libgag/include/SDLGraphicContext.h:671:16: warning: 'drawHorzLine' overrides a member function but is not marked 'override' [-Winconsistent-missing-override]
  671 |                 virtual void drawHorzLine(int x, int y, int l, const Color& color);
      |                              ^
libgag/include/SDLGraphicContext.h:303:16: note: overridden virtual function is here
  303 |                 virtual void drawHorzLine(int x, int y, int l, const Color& color);
      |                              ^
libgag/include/SDLGraphicContext.h:672:16: warning: 'drawLine' overrides a member function but is not marked 'override' [-Winconsistent-missing-override]
  672 |                 virtual void drawLine(int x1, int y1, int x2, int y2, Uint8 r, Uint8 g, Uint8 b, Uint8 a = Color::ALPHA_OPAQUE);
      |                              ^
libgag/include/SDLGraphicContext.h:304:16: note: overridden virtual function is here
  304 |                 virtual void drawLine(int x1, int y1, int x2, int y2, Uint8 r, Uint8 g, Uint8 b, Uint8 a = Color::ALPHA_OPAQUE);
      |                              ^
libgag/include/SDLGraphicContext.h:673:16: warning: 'drawCircle' overrides a member function but is not marked 'override' [-Winconsistent-missing-override]
  673 |                 virtual void drawCircle(int x, int y, int radius, Uint8 r, Uint8 g, Uint8 b, Uint8 a = Color::ALPHA_OPAQUE);
      |                              ^
libgag/include/SDLGraphicContext.h:305:16: note: overridden virtual function is here
  305 |                 virtual void drawCircle(int x, int y, int radius, Uint8 r, Uint8 g, Uint8 b, Uint8 a = Color::ALPHA_OPAQUE);
      |                              ^
36 warnings generated.
/opt/homebrew/bin/ccache g++ -o build/darwin/client/release/test/engine-src_engine_EngineSessionHarness.o -c -g -std=gnu++20 -Wall -fPIC -O3 -fno-access-control -DGLOB2_OFFICIAL_INSTANCE_ORIGIN=\"https://app.glob2online.com\" -DGLOB2_OFFICIAL_INSTANCE_FORMER_ORIGINS=\"https://glob2online.com\" -DHAVE_CONFIG_H -DGL_SILENCE_DEPRECATION -DSDL_MAIN_HANDLED -Ibuild/darwin/client/release/recording/prefix/include -I/Users/bradley/glob2/artifacts/recording-sdl3/prefix/include -Ibuild/darwin/client/release/include -I/opt/homebrew/include -Ilibgag/include -I. -Ilibusl/src -Isrc -Isrc/ai -Isrc/hud -Isrc/app -Isrc/game/player -Isrc/team -Isrc/common -Isrc/map -Isrc/game -Isrc/campaign -Isrc/campaign/screens -Isrc/replay -Isrc/game/screens -Isrc/render/clouds -Isrc/ui/screens -Isrc/game/rules -Isrc/game/diagnostics -Isrc/map/editor/screens -Isrc/engine -Isrc/ui -Isrc/map/preview -Isrc/app/cli -Isrc/net/lan/screens -Isrc/online -Isrc/map/tools -Isrc/scripting/map -Isrc/render/overlay -Isrc/audio -Isrc/online/screens -Isrc/game/orders -Isrc/resource -Isrc/ui/settings -Isrc/team/stats -Isrc/render/torus -Isrc/ai/simple -Isrc/ai/castor -Isrc/ai/javascript -Isrc/ai/nicowar -Isrc/ai/numbi -Isrc/ai/telemetry -Isrc/ai/warrush -Isrc/ai/maxima -Isrc/building -Isrc/building/types -Isrc/unit/types -Isrc/building/hud -Isrc/net -Isrc/hud/draw -Isrc/hud/input -Isrc/hud/touch -Isrc/net/turn -Isrc/unit -Isrc/map/editor -Isrc/map/generator -Isrc/map/generator/compatibility -Isrc/map/generator/core -Isrc/map/generator/generators -Isrc/map/generator/shared -Isrc/map/generator/shared/legacy -Isrc/map/gradient -Isrc/map/io -Isrc/net/lan -Isrc/net/message -Isrc/scripting/sgsl -Ithird_party/nlohmann-json/include -Itest -Itest/support -Ilibgag/src -Ithird_party/quickjs-ng src/engine/EngineSessionHarness.cpp
In file included from src/online/MatchSetupTest.cpp:12:
In file included from test/support/EngineFixtures.h:9:
In file included from src/game/Game.h:12:
In file included from src/map/Map.h:21:
In file included from src/team/Team.h:16:
In file included from src/game/GameEvent.h:9:
In file included from libgag/include/GraphicContext.h:6:
libgag/include/SDLGraphicContext.h:520:16: warning: 'setRes' overrides a member function but is not marked 'override' [-Winconsistent-missing-override]
  520 |                 virtual void setRes(int w, int h) { setRes(w, h, optionFlags); }
      |                              ^
libgag/include/SDLGraphicContext.h:228:16: note: overridden virtual function is here
  228 |                 virtual void setRes(int w, int h);
      |                              ^
libgag/include/SDLGraphicContext.h:596:16: warning: 'setClipRect' overrides a member function but is not marked 'override' [-Winconsistent-missing-override]
  596 |                 virtual void setClipRect(int x, int y, int w, int h);
      |                              ^
libgag/include/SDLGraphicContext.h:230:16: note: overridden virtual function is here
  230 |                 virtual void setClipRect(int x, int y, int w, int h);
      |                              ^
libgag/include/SDLGraphicContext.h:597:16: warning: 'setClipRect' overrides a member function but is not marked 'override' [-Winconsistent-missing-override]
  597 |                 virtual void setClipRect(void);
      |                              ^
libgag/include/SDLGraphicContext.h:231:16: note: overridden virtual function is here
  231 |                 virtual void setClipRect(void);
      |                              ^
libgag/include/SDLGraphicContext.h:602:22: warning: 'nextFrame' overrides a member function but is not marked 'override' [-Winconsistent-missing-override]
  602 |         virtual void nextFrame(void);
      |                      ^
libgag/include/SDLGraphicContext.h:232:16: note: overridden virtual function is here
  232 |                 virtual void nextFrame(void) { flushTextPictures(); }
      |                              ^
libgag/include/SDLGraphicContext.h:604:16: warning: 'loadImage' overrides a member function but is not marked 'override' [-Winconsistent-missing-override]
  604 |                 virtual bool loadImage(const std::string name) { return false; }
      |                              ^
libgag/include/SDLGraphicContext.h:233:16: note: overridden virtual function is here
  233 |                 virtual bool loadImage(const std::string name);
      |                              ^
libgag/include/SDLGraphicContext.h:608:16: warning: 'shiftHSV' overrides a member function but is not marked 'override' [-Winconsistent-missing-override]
  608 |                 virtual void shiftHSV(float hue, float sat, float lum) { }
      |                              ^
libgag/include/SDLGraphicContext.h:234:16: note: overridden virtual function is here
  234 |                 virtual void shiftHSV(float hue, float sat, float lum);
      |                              ^
libgag/include/SDLGraphicContext.h:611:16: warning: 'canDrawStretchedSprite' overrides a member function but is not marked 'override' [-Winconsistent-missing-override]
  611 |                 virtual bool canDrawStretchedSprite(void) { return hasPortableRenderer() || (optionFlags & USEGPU) != 0; }
      |                              ^
libgag/include/SDLGraphicContext.h:252:16: note: overridden virtual function is here
  252 |                 virtual bool canDrawStretchedSprite(void) { return false; }
      |                              ^
libgag/include/SDLGraphicContext.h:613:16: warning: 'drawPixel' overrides a member function but is not marked 'override' [-Winconsistent-missing-override]
  613 |                 virtual void drawPixel(int x, int y, const Color& color);
      |                              ^
libgag/include/SDLGraphicContext.h:255:16: note: overridden virtual function is here
  255 |                 virtual void drawPixel(int x, int y, const Color& color);
      |                              ^
libgag/include/SDLGraphicContext.h:614:16: warning: 'drawPixel' overrides a member function but is not marked 'override' [-Winconsistent-missing-override]
  614 |                 virtual void drawPixel(float x, float y, const Color& color);
      |                              ^
libgag/include/SDLGraphicContext.h:256:16: note: overridden virtual function is here
  256 |                 virtual void drawPixel(float x, float y, const Color& color);
      |                              ^
libgag/include/SDLGraphicContext.h:616:16: warning: 'drawRect' overrides a member function but is not marked 'override' [-Winconsistent-missing-override]
  616 |                 virtual void drawRect(int x, int y, int w, int h, const Color& color);
      |                              ^
libgag/include/SDLGraphicContext.h:258:16: note: overridden virtual function is here
  258 |                 virtual void drawRect(int x, int y, int w, int h, const Color& color);
      |                              ^
libgag/include/SDLGraphicContext.h:617:16: warning: 'drawRect' overrides a member function but is not marked 'override' [-Winconsistent-missing-override]
  617 |                 virtual void drawRect(float x, float y, float w, float h, const Color& color);
      |                              ^
libgag/include/SDLGraphicContext.h:259:16: note: overridden virtual function is here
  259 |                 virtual void drawRect(float x, float y, float w, float h, const Color& color);
      |                              ^
libgag/include/SDLGraphicContext.h:619:16: warning: 'drawFilledRect' overrides a member function but is not marked 'override' [-Winconsistent-missing-override]
  619 |                 virtual void drawFilledRect(int x, int y, int w, int h, const Color& color);
      |                              ^
libgag/include/SDLGraphicContext.h:261:16: note: overridden virtual function is here
  261 |                 virtual void drawFilledRect(int x, int y, int w, int h, const Color& color);
      |                              ^
libgag/include/SDLGraphicContext.h:620:16: warning: 'drawFilledRect' overrides a member function but is not marked 'override' [-Winconsistent-missing-override]
  620 |                 virtual void drawFilledRect(float x, float y, float w, float h, const Color& color);
      |                              ^
libgag/include/SDLGraphicContext.h:262:16: note: overridden virtual function is here
  262 |                 virtual void drawFilledRect(float x, float y, float w, float h, const Color& color);
      |                              ^
libgag/include/SDLGraphicContext.h:622:16: warning: 'drawLine' overrides a member function but is not marked 'override' [-Winconsistent-missing-override]
  622 |                 virtual void drawLine(int x1, int y1, int x2, int y2, const Color& color);
      |                              ^
libgag/include/SDLGraphicContext.h:264:16: note: overridden virtual function is here
  264 |                 virtual void drawLine(int x1, int y1, int x2, int y2, const Color& color);
      |                              ^
libgag/include/SDLGraphicContext.h:623:16: warning: 'drawLine' overrides a member function but is not marked 'override' [-Winconsistent-missing-override]
  623 |                 virtual void drawLine(float x1, float y1, float x2, float y2, const Color& color);
      |                              ^
libgag/include/SDLGraphicContext.h:265:16: note: overridden virtual function is here
  265 |                 virtual void drawLine(float x1, float y1, float x2, float y2, const Color& color);
      |                              ^
libgag/include/SDLGraphicContext.h:625:16: warning: 'drawCircle' overrides a member function but is not marked 'override' [-Winconsistent-missing-override]
  625 |                 virtual void drawCircle(int x, int y, int radius, const Color& color);
      |                              ^
libgag/include/SDLGraphicContext.h:267:16: note: overridden virtual function is here
  267 |                 virtual void drawCircle(int x, int y, int radius, const Color& color);
      |                              ^
libgag/include/SDLGraphicContext.h:626:16: warning: 'drawCircle' overrides a member function but is not marked 'override' [-Winconsistent-missing-override]
  626 |                 virtual void drawCircle(float x, float y, float radius, const Color& color);
      |                              ^
libgag/include/SDLGraphicContext.h:268:16: note: overridden virtual function is here
  268 |                 virtual void drawCircle(float x, float y, float radius, const Color& color);
      |                              ^
libgag/include/SDLGraphicContext.h:628:16: warning: 'drawSurface' overrides a member function but is not marked 'override' [-Winconsistent-missing-override]
  628 |                 virtual void drawSurface(int x, int y, DrawableSurface *surface, Uint8 alpha = Color::ALPHA_OPAQUE);
      |                              ^
libgag/include/SDLGraphicContext.h:270:16: note: overridden virtual function is here
  270 |                 virtual void drawSurface(int x, int y, DrawableSurface *surface, Uint8 alpha = Color::ALPHA_OPAQUE);
      |                              ^
libgag/include/SDLGraphicContext.h:629:16: warning: 'drawSurface' overrides a member function but is not marked 'override' [-Winconsistent-missing-override]
  629 |                 virtual void drawSurface(float x, float y, DrawableSurface *surface, Uint8 alpha = Color::ALPHA_OPAQUE);
      |                              ^
libgag/include/SDLGraphicContext.h:271:16: note: overridden virtual function is here
  271 |                 virtual void drawSurface(float x, float y, DrawableSurface *surface, Uint8 alpha = Color::ALPHA_OPAQUE);
      |                              ^
libgag/include/SDLGraphicContext.h:631:16: warning: 'drawSurface' overrides a member function but is not marked 'override' [-Winconsistent-missing-override]
  631 |                 virtual void drawSurface(int x, int y, int w, int h, DrawableSurface *surface, Uint8 alpha = Color::ALPHA_OPAQUE);
      |                              ^
libgag/include/SDLGraphicContext.h:273:16: note: overridden virtual function is here
  273 |                 virtual void drawSurface(int x, int y, int w, int h, DrawableSurface *surface, Uint8 alpha = Color::ALPHA_OPAQUE);
      |                              ^
libgag/include/SDLGraphicContext.h:632:16: warning: 'drawSurface' overrides a member function but is not marked 'override' [-Winconsistent-missing-override]
  632 |                 virtual void drawSurface(float x, float y, float w, float h, DrawableSurface *surface, Uint8 alpha = Color::ALPHA_OPAQUE);
      |                              ^
libgag/include/SDLGraphicContext.h:274:16: note: overridden virtual function is here
  274 |                 virtual void drawSurface(float x, float y, float w, float h, DrawableSurface *surface, Uint8 alpha = Color::ALPHA_OPAQUE);
      |                              ^
libgag/include/SDLGraphicContext.h:634:16: warning: 'drawSurface' overrides a member function but is not marked 'override' [-Winconsistent-missing-override]
  634 |                 virtual void drawSurface(int x, int y, DrawableSurface *surface, int sx, int sy, int sw, int sh, Uint8 alpha = Color::ALPHA_OPAQUE);
      |                              ^
libgag/include/SDLGraphicContext.h:276:16: note: overridden virtual function is here
  276 |                 virtual void drawSurface(int x, int y, DrawableSurface *surface, int sx, int sy, int sw, int sh, Uint8 alpha = Color::ALPHA_OPAQUE);
      |                              ^
libgag/include/SDLGraphicContext.h:635:16: warning: 'drawSurface' overrides a member function but is not marked 'override' [-Winconsistent-missing-override]
  635 |                 virtual void drawSurface(float x, float y, DrawableSurface *surface, int sx, int sy, int sw, int sh, Uint8 alpha = Color::ALPHA_OPAQUE);
      |                              ^
libgag/include/SDLGraphicContext.h:277:16: note: overridden virtual function is here
  277 |                 virtual void drawSurface(float x, float y, DrawableSurface *surface, int sx, int sy, int sw, int sh, Uint8 alpha = Color::ALPHA_OPAQUE);
      |                              ^
libgag/include/SDLGraphicContext.h:637:16: warning: 'drawSurface' overrides a member function but is not marked 'override' [-Winconsistent-missing-override]
  637 |                 virtual void drawSurface(int x, int y, int w, int h, DrawableSurface *surface, int sx, int sy, int sw, int sh,  Uint8 alpha = Color::ALPHA_OPAQUE);
      |                              ^
libgag/include/SDLGraphicContext.h:279:16: note: overridden virtual function is here
  279 |                 virtual void drawSurface(int x, int y, int w, int h, DrawableSurface *surface, int sx, int sy, int sw, int sh,  Uint8 alpha = Color::ALPHA_OPAQUE);
      |                              ^
libgag/include/SDLGraphicContext.h:638:16: warning: 'drawSurface' overrides a member function but is not marked 'override' [-Winconsistent-missing-override]
  638 |                 virtual void drawSurface(float x, float y, float w, float h, DrawableSurface *surface, int sx, int sy, int sw, int sh, Uint8 alpha = Color::ALPHA_OPAQUE);
      |                              ^
libgag/include/SDLGraphicContext.h:280:16: note: overridden virtual function is here
  280 |                 virtual void drawSurface(float x, float y, float w, float h, DrawableSurface *surface, int sx, int sy, int sw, int sh, Uint8 alpha = Color::ALPHA_OPAQUE);
      |                              ^
libgag/include/SDLGraphicContext.h:661:16: warning: 'drawAlphaMap' overrides a member function but is not marked 'override' [-Winconsistent-missing-override]
  661 |                 virtual void drawAlphaMap(const std::valarray<float> &map, int mapW, int mapH, int x, int y, int cellW, int cellH, const Color &color);
      |                              ^
libgag/include/SDLGraphicContext.h:293:16: note: overridden virtual function is here
  293 |                 virtual void drawAlphaMap(const std::valarray<float> &map, int mapW, int mapH, int x, int y, int cellW, int cellH, const Color &color);
      |                              ^
libgag/include/SDLGraphicContext.h:662:16: warning: 'drawAlphaMap' overrides a member function but is not marked 'override' [-Winconsistent-missing-override]
  662 |                 virtual void drawAlphaMap(const std::valarray<unsigned char> &map, int mapW, int mapH, int x, int y, int cellW, int cellH, const Color &color);
      |                              ^
libgag/include/SDLGraphicContext.h:294:16: note: overridden virtual function is here
  294 |                 virtual void drawAlphaMap(const std::valarray<unsigned char> &map, int mapW, int mapH, int x, int y, int cellW, int cellH, const Color &color);
      |                              ^
libgag/include/SDLGraphicContext.h:665:16: warning: 'drawPixel' overrides a member function but is not marked 'override' [-Winconsistent-missing-override]
  665 |                 virtual void drawPixel(int x, int y, Uint8 r, Uint8 g, Uint8 b, Uint8 a = Color::ALPHA_OPAQUE);
      |                              ^
libgag/include/SDLGraphicContext.h:297:16: note: overridden virtual function is here
  297 |                 virtual void drawPixel(int x, int y, Uint8 r, Uint8 g, Uint8 b, Uint8 a = Color::ALPHA_OPAQUE);
      |                              ^
libgag/include/SDLGraphicContext.h:666:16: warning: 'drawRect' overrides a member function but is not marked 'override' [-Winconsistent-missing-override]
  666 |                 virtual void drawRect(int x, int y, int w, int h, Uint8 r, Uint8 g, Uint8 b, Uint8 a = Color::ALPHA_OPAQUE);
      |                              ^
libgag/include/SDLGraphicContext.h:298:16: note: overridden virtual function is here
  298 |                 virtual void drawRect(int x, int y, int w, int h, Uint8 r, Uint8 g, Uint8 b, Uint8 a = Color::ALPHA_OPAQUE);
      |                              ^
libgag/include/SDLGraphicContext.h:667:16: warning: 'drawFilledRect' overrides a member function but is not marked 'override' [-Winconsistent-missing-override]
  667 |                 virtual void drawFilledRect(int x, int y, int w, int h, Uint8 r, Uint8 g, Uint8 b, Uint8 a = Color::ALPHA_OPAQUE);
      |                              ^
libgag/include/SDLGraphicContext.h:299:16: note: overridden virtual function is here
  299 |                 virtual void drawFilledRect(int x, int y, int w, int h, Uint8 r, Uint8 g, Uint8 b, Uint8 a = Color::ALPHA_OPAQUE);
      |                              ^
libgag/include/SDLGraphicContext.h:668:16: warning: 'drawVertLine' overrides a member function but is not marked 'override' [-Winconsistent-missing-override]
  668 |                 virtual void drawVertLine(int x, int y, int l, Uint8 r, Uint8 g, Uint8 b, Uint8 a = Color::ALPHA_OPAQUE);
      |                              ^
libgag/include/SDLGraphicContext.h:300:16: note: overridden virtual function is here
  300 |                 virtual void drawVertLine(int x, int y, int l, Uint8 r, Uint8 g, Uint8 b, Uint8 a = Color::ALPHA_OPAQUE);
      |                              ^
libgag/include/SDLGraphicContext.h:669:16: warning: 'drawVertLine' overrides a member function but is not marked 'override' [-Winconsistent-missing-override]
  669 |                 virtual void drawVertLine(int x, int y, int l, const Color& color);
      |                              ^
libgag/include/SDLGraphicContext.h:301:16: note: overridden virtual function is here
  301 |                 virtual void drawVertLine(int x, int y, int l, const Color& color);
      |                              ^
libgag/include/SDLGraphicContext.h:670:16: warning: 'drawHorzLine' overrides a member function but is not marked 'override' [-Winconsistent-missing-override]
  670 |                 virtual void drawHorzLine(int x, int y, int l, Uint8 r, Uint8 g, Uint8 b, Uint8 a = Color::ALPHA_OPAQUE);
      |                              ^
libgag/include/SDLGraphicContext.h:302:16: note: overridden virtual function is here
  302 |                 virtual void drawHorzLine(int x, int y, int l, Uint8 r, Uint8 g, Uint8 b, Uint8 a = Color::ALPHA_OPAQUE);
      |                              ^
libgag/include/SDLGraphicContext.h:671:16: warning: 'drawHorzLine' overrides a member function but is not marked 'override' [-Winconsistent-missing-override]
  671 |                 virtual void drawHorzLine(int x, int y, int l, const Color& color);
      |                              ^
libgag/include/SDLGraphicContext.h:303:16: note: overridden virtual function is here
  303 |                 virtual void drawHorzLine(int x, int y, int l, const Color& color);
      |                              ^
libgag/include/SDLGraphicContext.h:672:16: warning: 'drawLine' overrides a member function but is not marked 'override' [-Winconsistent-missing-override]
  672 |                 virtual void drawLine(int x1, int y1, int x2, int y2, Uint8 r, Uint8 g, Uint8 b, Uint8 a = Color::ALPHA_OPAQUE);
      |                              ^
libgag/include/SDLGraphicContext.h:304:16: note: overridden virtual function is here
  304 |                 virtual void drawLine(int x1, int y1, int x2, int y2, Uint8 r, Uint8 g, Uint8 b, Uint8 a = Color::ALPHA_OPAQUE);
      |                              ^
libgag/include/SDLGraphicContext.h:673:16: warning: 'drawCircle' overrides a member function but is not marked 'override' [-Winconsistent-missing-override]
  673 |                 virtual void drawCircle(int x, int y, int radius, Uint8 r, Uint8 g, Uint8 b, Uint8 a = Color::ALPHA_OPAQUE);
      |                              ^
libgag/include/SDLGraphicContext.h:305:16: note: overridden virtual function is here
  305 |                 virtual void drawCircle(int x, int y, int radius, Uint8 r, Uint8 g, Uint8 b, Uint8 a = Color::ALPHA_OPAQUE);
      |                              ^
36 warnings generated.
In file included from test/PortableGameHarness.cpp:2:
In file included from test/support/EngineFixtures.h:9:
In file included from src/game/Game.h:12:
In file included from src/map/Map.h:21:
In file included from src/team/Team.h:16:
In file included from src/game/GameEvent.h:9:
In file included from libgag/include/GraphicContext.h:6:
libgag/include/SDLGraphicContext.h:520:16: warning: 'setRes' overrides a member function but is not marked 'override' [-Winconsistent-missing-override]
  520 |                 virtual void setRes(int w, int h) { setRes(w, h, optionFlags); }
      |                              ^
libgag/include/SDLGraphicContext.h:228:16: note: overridden virtual function is here
  228 |                 virtual void setRes(int w, int h);
      |                              ^
libgag/include/SDLGraphicContext.h:596:16: warning: 'setClipRect' overrides a member function but is not marked 'override' [-Winconsistent-missing-override]
  596 |                 virtual void setClipRect(int x, int y, int w, int h);
      |                              ^
libgag/include/SDLGraphicContext.h:230:16: note: overridden virtual function is here
  230 |                 virtual void setClipRect(int x, int y, int w, int h);
      |                              ^
libgag/include/SDLGraphicContext.h:597:16: warning: 'setClipRect' overrides a member function but is not marked 'override' [-Winconsistent-missing-override]
  597 |                 virtual void setClipRect(void);
      |                              ^
libgag/include/SDLGraphicContext.h:231:16: note: overridden virtual function is here
  231 |                 virtual void setClipRect(void);
      |                              ^
libgag/include/SDLGraphicContext.h:602:22: warning: 'nextFrame' overrides a member function but is not marked 'override' [-Winconsistent-missing-override]
  602 |         virtual void nextFrame(void);
      |                      ^
libgag/include/SDLGraphicContext.h:232:16: note: overridden virtual function is here
  232 |                 virtual void nextFrame(void) { flushTextPictures(); }
      |                              ^
libgag/include/SDLGraphicContext.h:604:16: warning: 'loadImage' overrides a member function but is not marked 'override' [-Winconsistent-missing-override]
  604 |                 virtual bool loadImage(const std::string name) { return false; }
      |                              ^
libgag/include/SDLGraphicContext.h:233:16: note: overridden virtual function is here
  233 |                 virtual bool loadImage(const std::string name);
      |                              ^
libgag/include/SDLGraphicContext.h:608:16: warning: 'shiftHSV' overrides a member function but is not marked 'override' [-Winconsistent-missing-override]
  608 |                 virtual void shiftHSV(float hue, float sat, float lum) { }
      |                              ^
libgag/include/SDLGraphicContext.h:234:16: note: overridden virtual function is here
  234 |                 virtual void shiftHSV(float hue, float sat, float lum);
      |                              ^
libgag/include/SDLGraphicContext.h:611:16: warning: 'canDrawStretchedSprite' overrides a member function but is not marked 'override' [-Winconsistent-missing-override]
  611 |                 virtual bool canDrawStretchedSprite(void) { return hasPortableRenderer() || (optionFlags & USEGPU) != 0; }
      |                              ^
libgag/include/SDLGraphicContext.h:252:16: note: overridden virtual function is here
  252 |                 virtual bool canDrawStretchedSprite(void) { return false; }
      |                              ^
libgag/include/SDLGraphicContext.h:613:16: warning: 'drawPixel' overrides a member function but is not marked 'override' [-Winconsistent-missing-override]
  613 |                 virtual void drawPixel(int x, int y, const Color& color);
      |                              ^
libgag/include/SDLGraphicContext.h:255:16: note: overridden virtual function is here
  255 |                 virtual void drawPixel(int x, int y, const Color& color);
      |                              ^
libgag/include/SDLGraphicContext.h:614:16: warning: 'drawPixel' overrides a member function but is not marked 'override' [-Winconsistent-missing-override]
  614 |                 virtual void drawPixel(float x, float y, const Color& color);
      |                              ^
libgag/include/SDLGraphicContext.h:256:16: note: overridden virtual function is here
  256 |                 virtual void drawPixel(float x, float y, const Color& color);
      |                              ^
libgag/include/SDLGraphicContext.h:616:16: warning: 'drawRect' overrides a member function but is not marked 'override' [-Winconsistent-missing-override]
  616 |                 virtual void drawRect(int x, int y, int w, int h, const Color& color);
      |                              ^
libgag/include/SDLGraphicContext.h:258:16: note: overridden virtual function is here
  258 |                 virtual void drawRect(int x, int y, int w, int h, const Color& color);
      |                              ^
libgag/include/SDLGraphicContext.h:617:16: warning: 'drawRect' overrides a member function but is not marked 'override' [-Winconsistent-missing-override]
  617 |                 virtual void drawRect(float x, float y, float w, float h, const Color& color);
      |                              ^
libgag/include/SDLGraphicContext.h:259:16: note: overridden virtual function is here
  259 |                 virtual void drawRect(float x, float y, float w, float h, const Color& color);
      |                              ^
libgag/include/SDLGraphicContext.h:619:16: warning: 'drawFilledRect' overrides a member function but is not marked 'override' [-Winconsistent-missing-override]
  619 |                 virtual void drawFilledRect(int x, int y, int w, int h, const Color& color);
      |                              ^
libgag/include/SDLGraphicContext.h:261:16: note: overridden virtual function is here
  261 |                 virtual void drawFilledRect(int x, int y, int w, int h, const Color& color);
      |                              ^
libgag/include/SDLGraphicContext.h:620:16: warning: 'drawFilledRect' overrides a member function but is not marked 'override' [-Winconsistent-missing-override]
  620 |                 virtual void drawFilledRect(float x, float y, float w, float h, const Color& color);
      |                              ^
libgag/include/SDLGraphicContext.h:262:16: note: overridden virtual function is here
  262 |                 virtual void drawFilledRect(float x, float y, float w, float h, const Color& color);
      |                              ^
libgag/include/SDLGraphicContext.h:622:16: warning: 'drawLine' overrides a member function but is not marked 'override' [-Winconsistent-missing-override]
  622 |                 virtual void drawLine(int x1, int y1, int x2, int y2, const Color& color);
      |                              ^
libgag/include/SDLGraphicContext.h:264:16: note: overridden virtual function is here
  264 |                 virtual void drawLine(int x1, int y1, int x2, int y2, const Color& color);
      |                              ^
libgag/include/SDLGraphicContext.h:623:16: warning: 'drawLine' overrides a member function but is not marked 'override' [-Winconsistent-missing-override]
  623 |                 virtual void drawLine(float x1, float y1, float x2, float y2, const Color& color);
      |                              ^
libgag/include/SDLGraphicContext.h:265:16: note: overridden virtual function is here
  265 |                 virtual void drawLine(float x1, float y1, float x2, float y2, const Color& color);
      |                              ^
libgag/include/SDLGraphicContext.h:625:16: warning: 'drawCircle' overrides a member function but is not marked 'override' [-Winconsistent-missing-override]
  625 |                 virtual void drawCircle(int x, int y, int radius, const Color& color);
      |                              ^
libgag/include/SDLGraphicContext.h:267:16: note: overridden virtual function is here
  267 |                 virtual void drawCircle(int x, int y, int radius, const Color& color);
      |                              ^
libgag/include/SDLGraphicContext.h:626:16: warning: 'drawCircle' overrides a member function but is not marked 'override' [-Winconsistent-missing-override]
  626 |                 virtual void drawCircle(float x, float y, float radius, const Color& color);
      |                              ^
libgag/include/SDLGraphicContext.h:268:16: note: overridden virtual function is here
  268 |                 virtual void drawCircle(float x, float y, float radius, const Color& color);
      |                              ^
libgag/include/SDLGraphicContext.h:628:16: warning: 'drawSurface' overrides a member function but is not marked 'override' [-Winconsistent-missing-override]
  628 |                 virtual void drawSurface(int x, int y, DrawableSurface *surface, Uint8 alpha = Color::ALPHA_OPAQUE);
      |                              ^
libgag/include/SDLGraphicContext.h:270:16: note: overridden virtual function is here
  270 |                 virtual void drawSurface(int x, int y, DrawableSurface *surface, Uint8 alpha = Color::ALPHA_OPAQUE);
      |                              ^
libgag/include/SDLGraphicContext.h:629:16: warning: 'drawSurface' overrides a member function but is not marked 'override' [-Winconsistent-missing-override]
  629 |                 virtual void drawSurface(float x, float y, DrawableSurface *surface, Uint8 alpha = Color::ALPHA_OPAQUE);
      |                              ^
libgag/include/SDLGraphicContext.h:271:16: note: overridden virtual function is here
  271 |                 virtual void drawSurface(float x, float y, DrawableSurface *surface, Uint8 alpha = Color::ALPHA_OPAQUE);
      |                              ^
libgag/include/SDLGraphicContext.h:631:16: warning: 'drawSurface' overrides a member function but is not marked 'override' [-Winconsistent-missing-override]
  631 |                 virtual void drawSurface(int x, int y, int w, int h, DrawableSurface *surface, Uint8 alpha = Color::ALPHA_OPAQUE);
      |                              ^
libgag/include/SDLGraphicContext.h:273:16: note: overridden virtual function is here
  273 |                 virtual void drawSurface(int x, int y, int w, int h, DrawableSurface *surface, Uint8 alpha = Color::ALPHA_OPAQUE);
      |                              ^
libgag/include/SDLGraphicContext.h:632:16: warning: 'drawSurface' overrides a member function but is not marked 'override' [-Winconsistent-missing-override]
  632 |                 virtual void drawSurface(float x, float y, float w, float h, DrawableSurface *surface, Uint8 alpha = Color::ALPHA_OPAQUE);
      |                              ^
libgag/include/SDLGraphicContext.h:274:16: note: overridden virtual function is here
  274 |                 virtual void drawSurface(float x, float y, float w, float h, DrawableSurface *surface, Uint8 alpha = Color::ALPHA_OPAQUE);
      |                              ^
libgag/include/SDLGraphicContext.h:634:16: warning: 'drawSurface' overrides a member function but is not marked 'override' [-Winconsistent-missing-override]
  634 |                 virtual void drawSurface(int x, int y, DrawableSurface *surface, int sx, int sy, int sw, int sh, Uint8 alpha = Color::ALPHA_OPAQUE);
      |                              ^
libgag/include/SDLGraphicContext.h:276:16: note: overridden virtual function is here
  276 |                 virtual void drawSurface(int x, int y, DrawableSurface *surface, int sx, int sy, int sw, int sh, Uint8 alpha = Color::ALPHA_OPAQUE);
      |                              ^
libgag/include/SDLGraphicContext.h:635:16: warning: 'drawSurface' overrides a member function but is not marked 'override' [-Winconsistent-missing-override]
  635 |                 virtual void drawSurface(float x, float y, DrawableSurface *surface, int sx, int sy, int sw, int sh, Uint8 alpha = Color::ALPHA_OPAQUE);
      |                              ^
libgag/include/SDLGraphicContext.h:277:16: note: overridden virtual function is here
  277 |                 virtual void drawSurface(float x, float y, DrawableSurface *surface, int sx, int sy, int sw, int sh, Uint8 alpha = Color::ALPHA_OPAQUE);
      |                              ^
libgag/include/SDLGraphicContext.h:637:16: warning: 'drawSurface' overrides a member function but is not marked 'override' [-Winconsistent-missing-override]
  637 |                 virtual void drawSurface(int x, int y, int w, int h, DrawableSurface *surface, int sx, int sy, int sw, int sh,  Uint8 alpha = Color::ALPHA_OPAQUE);
      |                              ^
libgag/include/SDLGraphicContext.h:279:16: note: overridden virtual function is here
  279 |                 virtual void drawSurface(int x, int y, int w, int h, DrawableSurface *surface, int sx, int sy, int sw, int sh,  Uint8 alpha = Color::ALPHA_OPAQUE);
      |                              ^
libgag/include/SDLGraphicContext.h:638:16: warning: 'drawSurface' overrides a member function but is not marked 'override' [-Winconsistent-missing-override]
  638 |                 virtual void drawSurface(float x, float y, float w, float h, DrawableSurface *surface, int sx, int sy, int sw, int sh, Uint8 alpha = Color::ALPHA_OPAQUE);
      |                              ^
libgag/include/SDLGraphicContext.h:280:16: note: overridden virtual function is here
  280 |                 virtual void drawSurface(float x, float y, float w, float h, DrawableSurface *surface, int sx, int sy, int sw, int sh, Uint8 alpha = Color::ALPHA_OPAQUE);
      |                              ^
libgag/include/SDLGraphicContext.h:661:16: warning: 'drawAlphaMap' overrides a member function but is not marked 'override' [-Winconsistent-missing-override]
  661 |                 virtual void drawAlphaMap(const std::valarray<float> &map, int mapW, int mapH, int x, int y, int cellW, int cellH, const Color &color);
      |                              ^
libgag/include/SDLGraphicContext.h:293:16: note: overridden virtual function is here
  293 |                 virtual void drawAlphaMap(const std::valarray<float> &map, int mapW, int mapH, int x, int y, int cellW, int cellH, const Color &color);
      |                              ^
libgag/include/SDLGraphicContext.h:662:16: warning: 'drawAlphaMap' overrides a member function but is not marked 'override' [-Winconsistent-missing-override]
  662 |                 virtual void drawAlphaMap(const std::valarray<unsigned char> &map, int mapW, int mapH, int x, int y, int cellW, int cellH, const Color &color);
      |                              ^
libgag/include/SDLGraphicContext.h:294:16: note: overridden virtual function is here
  294 |                 virtual void drawAlphaMap(const std::valarray<unsigned char> &map, int mapW, int mapH, int x, int y, int cellW, int cellH, const Color &color);
      |                              ^
libgag/include/SDLGraphicContext.h:665:16: warning: 'drawPixel' overrides a member function but is not marked 'override' [-Winconsistent-missing-override]
  665 |                 virtual void drawPixel(int x, int y, Uint8 r, Uint8 g, Uint8 b, Uint8 a = Color::ALPHA_OPAQUE);
      |                              ^
libgag/include/SDLGraphicContext.h:297:16: note: overridden virtual function is here
  297 |                 virtual void drawPixel(int x, int y, Uint8 r, Uint8 g, Uint8 b, Uint8 a = Color::ALPHA_OPAQUE);
      |                              ^
libgag/include/SDLGraphicContext.h:666:16: warning: 'drawRect' overrides a member function but is not marked 'override' [-Winconsistent-missing-override]
  666 |                 virtual void drawRect(int x, int y, int w, int h, Uint8 r, Uint8 g, Uint8 b, Uint8 a = Color::ALPHA_OPAQUE);
      |                              ^
libgag/include/SDLGraphicContext.h:298:16: note: overridden virtual function is here
  298 |                 virtual void drawRect(int x, int y, int w, int h, Uint8 r, Uint8 g, Uint8 b, Uint8 a = Color::ALPHA_OPAQUE);
      |                              ^
libgag/include/SDLGraphicContext.h:667:16: warning: 'drawFilledRect' overrides a member function but is not marked 'override' [-Winconsistent-missing-override]
  667 |                 virtual void drawFilledRect(int x, int y, int w, int h, Uint8 r, Uint8 g, Uint8 b, Uint8 a = Color::ALPHA_OPAQUE);
      |                              ^
libgag/include/SDLGraphicContext.h:299:16: note: overridden virtual function is here
  299 |                 virtual void drawFilledRect(int x, int y, int w, int h, Uint8 r, Uint8 g, Uint8 b, Uint8 a = Color::ALPHA_OPAQUE);
      |                              ^
libgag/include/SDLGraphicContext.h:668:16: warning: 'drawVertLine' overrides a member function but is not marked 'override' [-Winconsistent-missing-override]
  668 |                 virtual void drawVertLine(int x, int y, int l, Uint8 r, Uint8 g, Uint8 b, Uint8 a = Color::ALPHA_OPAQUE);
      |                              ^
libgag/include/SDLGraphicContext.h:300:16: note: overridden virtual function is here
  300 |                 virtual void drawVertLine(int x, int y, int l, Uint8 r, Uint8 g, Uint8 b, Uint8 a = Color::ALPHA_OPAQUE);
      |                              ^
libgag/include/SDLGraphicContext.h:669:16: warning: 'drawVertLine' overrides a member function but is not marked 'override' [-Winconsistent-missing-override]
  669 |                 virtual void drawVertLine(int x, int y, int l, const Color& color);
      |                              ^
libgag/include/SDLGraphicContext.h:301:16: note: overridden virtual function is here
  301 |                 virtual void drawVertLine(int x, int y, int l, const Color& color);
      |                              ^
libgag/include/SDLGraphicContext.h:670:16: warning: 'drawHorzLine' overrides a member function but is not marked 'override' [-Winconsistent-missing-override]
  670 |                 virtual void drawHorzLine(int x, int y, int l, Uint8 r, Uint8 g, Uint8 b, Uint8 a = Color::ALPHA_OPAQUE);
      |                              ^
libgag/include/SDLGraphicContext.h:302:16: note: overridden virtual function is here
  302 |                 virtual void drawHorzLine(int x, int y, int l, Uint8 r, Uint8 g, Uint8 b, Uint8 a = Color::ALPHA_OPAQUE);
      |                              ^
libgag/include/SDLGraphicContext.h:671:16: warning: 'drawHorzLine' overrides a member function but is not marked 'override' [-Winconsistent-missing-override]
  671 |                 virtual void drawHorzLine(int x, int y, int l, const Color& color);
      |                              ^
libgag/include/SDLGraphicContext.h:303:16: note: overridden virtual function is here
  303 |                 virtual void drawHorzLine(int x, int y, int l, const Color& color);
      |                              ^
libgag/include/SDLGraphicContext.h:672:16: warning: 'drawLine' overrides a member function but is not marked 'override' [-Winconsistent-missing-override]
  672 |                 virtual void drawLine(int x1, int y1, int x2, int y2, Uint8 r, Uint8 g, Uint8 b, Uint8 a = Color::ALPHA_OPAQUE);
      |                              ^
libgag/include/SDLGraphicContext.h:304:16: note: overridden virtual function is here
  304 |                 virtual void drawLine(int x1, int y1, int x2, int y2, Uint8 r, Uint8 g, Uint8 b, Uint8 a = Color::ALPHA_OPAQUE);
      |                              ^
libgag/include/SDLGraphicContext.h:673:16: warning: 'drawCircle' overrides a member function but is not marked 'override' [-Winconsistent-missing-override]
  673 |                 virtual void drawCircle(int x, int y, int radius, Uint8 r, Uint8 g, Uint8 b, Uint8 a = Color::ALPHA_OPAQUE);
      |                              ^
libgag/include/SDLGraphicContext.h:305:16: note: overridden virtual function is here
  305 |                 virtual void drawCircle(int x, int y, int radius, Uint8 r, Uint8 g, Uint8 b, Uint8 a = Color::ALPHA_OPAQUE);
      |                              ^
36 warnings generated.
/opt/homebrew/bin/ccache g++ -o build/darwin/client/release/test/engine-src_online_OnlineResultTest.o -c -g -std=gnu++20 -Wall -fPIC -O3 -DGLOB2_OFFICIAL_INSTANCE_ORIGIN=\"https://app.glob2online.com\" -DGLOB2_OFFICIAL_INSTANCE_FORMER_ORIGINS=\"https://glob2online.com\" -DHAVE_CONFIG_H -DGL_SILENCE_DEPRECATION -DSDL_MAIN_HANDLED -Ibuild/darwin/client/release/recording/prefix/include -I/Users/bradley/glob2/artifacts/recording-sdl3/prefix/include -Ibuild/darwin/client/release/include -I/opt/homebrew/include -Ilibgag/include -I. -Ilibusl/src -Isrc -Isrc/ai -Isrc/hud -Isrc/app -Isrc/game/player -Isrc/team -Isrc/common -Isrc/map -Isrc/game -Isrc/campaign -Isrc/campaign/screens -Isrc/replay -Isrc/game/screens -Isrc/render/clouds -Isrc/ui/screens -Isrc/game/rules -Isrc/game/diagnostics -Isrc/map/editor/screens -Isrc/engine -Isrc/ui -Isrc/map/preview -Isrc/app/cli -Isrc/net/lan/screens -Isrc/online -Isrc/map/tools -Isrc/scripting/map -Isrc/render/overlay -Isrc/audio -Isrc/online/screens -Isrc/game/orders -Isrc/resource -Isrc/ui/settings -Isrc/team/stats -Isrc/render/torus -Isrc/ai/simple -Isrc/ai/castor -Isrc/ai/javascript -Isrc/ai/nicowar -Isrc/ai/numbi -Isrc/ai/telemetry -Isrc/ai/warrush -Isrc/ai/maxima -Isrc/building -Isrc/building/types -Isrc/unit/types -Isrc/building/hud -Isrc/net -Isrc/hud/draw -Isrc/hud/input -Isrc/hud/touch -Isrc/net/turn -Isrc/unit -Isrc/map/editor -Isrc/map/generator -Isrc/map/generator/compatibility -Isrc/map/generator/core -Isrc/map/generator/generators -Isrc/map/generator/shared -Isrc/map/generator/shared/legacy -Isrc/map/gradient -Isrc/map/io -Isrc/net/lan -Isrc/net/message -Isrc/scripting/sgsl -Ithird_party/nlohmann-json/include -Itest -Itest/support -Ilibgag/src -Ithird_party/quickjs-ng src/online/OnlineResultTest.cpp
/opt/homebrew/bin/ccache g++ -o build/darwin/client/release/test/engine-src_online_OnlineScreenLifetimeTest.o -c -g -std=gnu++20 -Wall -fPIC -O3 -fno-access-control -DGLOB2_OFFICIAL_INSTANCE_ORIGIN=\"https://app.glob2online.com\" -DGLOB2_OFFICIAL_INSTANCE_FORMER_ORIGINS=\"https://glob2online.com\" -DHAVE_CONFIG_H -DGL_SILENCE_DEPRECATION -DSDL_MAIN_HANDLED -Ibuild/darwin/client/release/recording/prefix/include -I/Users/bradley/glob2/artifacts/recording-sdl3/prefix/include -Ibuild/darwin/client/release/include -I/opt/homebrew/include -Ilibgag/include -I. -Ilibusl/src -Isrc -Isrc/ai -Isrc/hud -Isrc/app -Isrc/game/player -Isrc/team -Isrc/common -Isrc/map -Isrc/game -Isrc/campaign -Isrc/campaign/screens -Isrc/replay -Isrc/game/screens -Isrc/render/clouds -Isrc/ui/screens -Isrc/game/rules -Isrc/game/diagnostics -Isrc/map/editor/screens -Isrc/engine -Isrc/ui -Isrc/map/preview -Isrc/app/cli -Isrc/net/lan/screens -Isrc/online -Isrc/map/tools -Isrc/scripting/map -Isrc/render/overlay -Isrc/audio -Isrc/online/screens -Isrc/game/orders -Isrc/resource -Isrc/ui/settings -Isrc/team/stats -Isrc/render/torus -Isrc/ai/simple -Isrc/ai/castor -Isrc/ai/javascript -Isrc/ai/nicowar -Isrc/ai/numbi -Isrc/ai/telemetry -Isrc/ai/warrush -Isrc/ai/maxima -Isrc/building -Isrc/building/types -Isrc/unit/types -Isrc/building/hud -Isrc/net -Isrc/hud/draw -Isrc/hud/input -Isrc/hud/touch -Isrc/net/turn -Isrc/unit -Isrc/map/editor -Isrc/map/generator -Isrc/map/generator/compatibility -Isrc/map/generator/core -Isrc/map/generator/generators -Isrc/map/generator/shared -Isrc/map/generator/shared/legacy -Isrc/map/gradient -Isrc/map/io -Isrc/net/lan -Isrc/net/message -Isrc/scripting/sgsl -Ithird_party/nlohmann-json/include -Itest -Itest/support -Ilibgag/src -Ithird_party/quickjs-ng src/online/OnlineScreenLifetimeTest.cpp
In file included from src/net/lan/LanMatchHarness.cpp:17:
In file included from test/support/EngineFixtures.h:9:
In file included from src/game/Game.h:12:
In file included from src/map/Map.h:21:
In file included from src/team/Team.h:16:
In file included from src/game/GameEvent.h:9:
In file included from libgag/include/GraphicContext.h:6:
libgag/include/SDLGraphicContext.h:520:16: warning: 'setRes' overrides a member function but is not marked 'override' [-Winconsistent-missing-override]
  520 |                 virtual void setRes(int w, int h) { setRes(w, h, optionFlags); }
      |                              ^
libgag/include/SDLGraphicContext.h:228:16: note: overridden virtual function is here
  228 |                 virtual void setRes(int w, int h);
      |                              ^
libgag/include/SDLGraphicContext.h:596:16: warning: 'setClipRect' overrides a member function but is not marked 'override' [-Winconsistent-missing-override]
  596 |                 virtual void setClipRect(int x, int y, int w, int h);
      |                              ^
libgag/include/SDLGraphicContext.h:230:16: note: overridden virtual function is here
  230 |                 virtual void setClipRect(int x, int y, int w, int h);
      |                              ^
libgag/include/SDLGraphicContext.h:597:16: warning: 'setClipRect' overrides a member function but is not marked 'override' [-Winconsistent-missing-override]
  597 |                 virtual void setClipRect(void);
      |                              ^
libgag/include/SDLGraphicContext.h:231:16: note: overridden virtual function is here
  231 |                 virtual void setClipRect(void);
      |                              ^
libgag/include/SDLGraphicContext.h:602:22: warning: 'nextFrame' overrides a member function but is not marked 'override' [-Winconsistent-missing-override]
  602 |         virtual void nextFrame(void);
      |                      ^
libgag/include/SDLGraphicContext.h:232:16: note: overridden virtual function is here
  232 |                 virtual void nextFrame(void) { flushTextPictures(); }
      |                              ^
libgag/include/SDLGraphicContext.h:604:16: warning: 'loadImage' overrides a member function but is not marked 'override' [-Winconsistent-missing-override]
  604 |                 virtual bool loadImage(const std::string name) { return false; }
      |                              ^
libgag/include/SDLGraphicContext.h:233:16: note: overridden virtual function is here
  233 |                 virtual bool loadImage(const std::string name);
      |                              ^
libgag/include/SDLGraphicContext.h:608:16: warning: 'shiftHSV' overrides a member function but is not marked 'override' [-Winconsistent-missing-override]
  608 |                 virtual void shiftHSV(float hue, float sat, float lum) { }
      |                              ^
libgag/include/SDLGraphicContext.h:234:16: note: overridden virtual function is here
  234 |                 virtual void shiftHSV(float hue, float sat, float lum);
      |                              ^
libgag/include/SDLGraphicContext.h:611:16: warning: 'canDrawStretchedSprite' overrides a member function but is not marked 'override' [-Winconsistent-missing-override]
  611 |                 virtual bool canDrawStretchedSprite(void) { return hasPortableRenderer() || (optionFlags & USEGPU) != 0; }
      |                              ^
libgag/include/SDLGraphicContext.h:252:16: note: overridden virtual function is here
  252 |                 virtual bool canDrawStretchedSprite(void) { return false; }
      |                              ^
libgag/include/SDLGraphicContext.h:613:16: warning: 'drawPixel' overrides a member function but is not marked 'override' [-Winconsistent-missing-override]
  613 |                 virtual void drawPixel(int x, int y, const Color& color);
      |                              ^
libgag/include/SDLGraphicContext.h:255:16: note: overridden virtual function is here
  255 |                 virtual void drawPixel(int x, int y, const Color& color);
      |                              ^
libgag/include/SDLGraphicContext.h:614:16: warning: 'drawPixel' overrides a member function but is not marked 'override' [-Winconsistent-missing-override]
  614 |                 virtual void drawPixel(float x, float y, const Color& color);
      |                              ^
libgag/include/SDLGraphicContext.h:256:16: note: overridden virtual function is here
  256 |                 virtual void drawPixel(float x, float y, const Color& color);
      |                              ^
libgag/include/SDLGraphicContext.h:616:16: warning: 'drawRect' overrides a member function but is not marked 'override' [-Winconsistent-missing-override]
  616 |                 virtual void drawRect(int x, int y, int w, int h, const Color& color);
      |                              ^
libgag/include/SDLGraphicContext.h:258:16: note: overridden virtual function is here
  258 |                 virtual void drawRect(int x, int y, int w, int h, const Color& color);
      |                              ^
libgag/include/SDLGraphicContext.h:617:16: warning: 'drawRect' overrides a member function but is not marked 'override' [-Winconsistent-missing-override]
  617 |                 virtual void drawRect(float x, float y, float w, float h, const Color& color);
      |                              ^
libgag/include/SDLGraphicContext.h:259:16: note: overridden virtual function is here
  259 |                 virtual void drawRect(float x, float y, float w, float h, const Color& color);
      |                              ^
libgag/include/SDLGraphicContext.h:619:16: warning: 'drawFilledRect' overrides a member function but is not marked 'override' [-Winconsistent-missing-override]
  619 |                 virtual void drawFilledRect(int x, int y, int w, int h, const Color& color);
      |                              ^
libgag/include/SDLGraphicContext.h:261:16: note: overridden virtual function is here
  261 |                 virtual void drawFilledRect(int x, int y, int w, int h, const Color& color);
      |                              ^
libgag/include/SDLGraphicContext.h:620:16: warning: 'drawFilledRect' overrides a member function but is not marked 'override' [-Winconsistent-missing-override]
  620 |                 virtual void drawFilledRect(float x, float y, float w, float h, const Color& color);
      |                              ^
libgag/include/SDLGraphicContext.h:262:16: note: overridden virtual function is here
  262 |                 virtual void drawFilledRect(float x, float y, float w, float h, const Color& color);
      |                              ^
libgag/include/SDLGraphicContext.h:622:16: warning: 'drawLine' overrides a member function but is not marked 'override' [-Winconsistent-missing-override]
  622 |                 virtual void drawLine(int x1, int y1, int x2, int y2, const Color& color);
      |                              ^
libgag/include/SDLGraphicContext.h:264:16: note: overridden virtual function is here
  264 |                 virtual void drawLine(int x1, int y1, int x2, int y2, const Color& color);
      |                              ^
libgag/include/SDLGraphicContext.h:623:16: warning: 'drawLine' overrides a member function but is not marked 'override' [-Winconsistent-missing-override]
  623 |                 virtual void drawLine(float x1, float y1, float x2, float y2, const Color& color);
      |                              ^
libgag/include/SDLGraphicContext.h:265:16: note: overridden virtual function is here
  265 |                 virtual void drawLine(float x1, float y1, float x2, float y2, const Color& color);
      |                              ^
libgag/include/SDLGraphicContext.h:625:16: warning: 'drawCircle' overrides a member function but is not marked 'override' [-Winconsistent-missing-override]
  625 |                 virtual void drawCircle(int x, int y, int radius, const Color& color);
      |                              ^
libgag/include/SDLGraphicContext.h:267:16: note: overridden virtual function is here
  267 |                 virtual void drawCircle(int x, int y, int radius, const Color& color);
      |                              ^
libgag/include/SDLGraphicContext.h:626:16: warning: 'drawCircle' overrides a member function but is not marked 'override' [-Winconsistent-missing-override]
  626 |                 virtual void drawCircle(float x, float y, float radius, const Color& color);
      |                              ^
libgag/include/SDLGraphicContext.h:268:16: note: overridden virtual function is here
  268 |                 virtual void drawCircle(float x, float y, float radius, const Color& color);
      |                              ^
libgag/include/SDLGraphicContext.h:628:16: warning: 'drawSurface' overrides a member function but is not marked 'override' [-Winconsistent-missing-override]
  628 |                 virtual void drawSurface(int x, int y, DrawableSurface *surface, Uint8 alpha = Color::ALPHA_OPAQUE);
      |                              ^
libgag/include/SDLGraphicContext.h:270:16: note: overridden virtual function is here
  270 |                 virtual void drawSurface(int x, int y, DrawableSurface *surface, Uint8 alpha = Color::ALPHA_OPAQUE);
      |                              ^
libgag/include/SDLGraphicContext.h:629:16: warning: 'drawSurface' overrides a member function but is not marked 'override' [-Winconsistent-missing-override]
  629 |                 virtual void drawSurface(float x, float y, DrawableSurface *surface, Uint8 alpha = Color::ALPHA_OPAQUE);
      |                              ^
libgag/include/SDLGraphicContext.h:271:16: note: overridden virtual function is here
  271 |                 virtual void drawSurface(float x, float y, DrawableSurface *surface, Uint8 alpha = Color::ALPHA_OPAQUE);
      |                              ^
libgag/include/SDLGraphicContext.h:631:16: warning: 'drawSurface' overrides a member function but is not marked 'override' [-Winconsistent-missing-override]
  631 |                 virtual void drawSurface(int x, int y, int w, int h, DrawableSurface *surface, Uint8 alpha = Color::ALPHA_OPAQUE);
      |                              ^
libgag/include/SDLGraphicContext.h:273:16: note: overridden virtual function is here
  273 |                 virtual void drawSurface(int x, int y, int w, int h, DrawableSurface *surface, Uint8 alpha = Color::ALPHA_OPAQUE);
      |                              ^
libgag/include/SDLGraphicContext.h:632:16: warning: 'drawSurface' overrides a member function but is not marked 'override' [-Winconsistent-missing-override]
  632 |                 virtual void drawSurface(float x, float y, float w, float h, DrawableSurface *surface, Uint8 alpha = Color::ALPHA_OPAQUE);
      |                              ^
libgag/include/SDLGraphicContext.h:274:16: note: overridden virtual function is here
  274 |                 virtual void drawSurface(float x, float y, float w, float h, DrawableSurface *surface, Uint8 alpha = Color::ALPHA_OPAQUE);
      |                              ^
libgag/include/SDLGraphicContext.h:634:16: warning: 'drawSurface' overrides a member function but is not marked 'override' [-Winconsistent-missing-override]
  634 |                 virtual void drawSurface(int x, int y, DrawableSurface *surface, int sx, int sy, int sw, int sh, Uint8 alpha = Color::ALPHA_OPAQUE);
      |                              ^
libgag/include/SDLGraphicContext.h:276:16: note: overridden virtual function is here
  276 |                 virtual void drawSurface(int x, int y, DrawableSurface *surface, int sx, int sy, int sw, int sh, Uint8 alpha = Color::ALPHA_OPAQUE);
      |                              ^
libgag/include/SDLGraphicContext.h:635:16: warning: 'drawSurface' overrides a member function but is not marked 'override' [-Winconsistent-missing-override]
  635 |                 virtual void drawSurface(float x, float y, DrawableSurface *surface, int sx, int sy, int sw, int sh, Uint8 alpha = Color::ALPHA_OPAQUE);
      |                              ^
libgag/include/SDLGraphicContext.h:277:16: note: overridden virtual function is here
  277 |                 virtual void drawSurface(float x, float y, DrawableSurface *surface, int sx, int sy, int sw, int sh, Uint8 alpha = Color::ALPHA_OPAQUE);
      |                              ^
libgag/include/SDLGraphicContext.h:637:16: warning: 'drawSurface' overrides a member function but is not marked 'override' [-Winconsistent-missing-override]
  637 |                 virtual void drawSurface(int x, int y, int w, int h, DrawableSurface *surface, int sx, int sy, int sw, int sh,  Uint8 alpha = Color::ALPHA_OPAQUE);
      |                              ^
libgag/include/SDLGraphicContext.h:279:16: note: overridden virtual function is here
  279 |                 virtual void drawSurface(int x, int y, int w, int h, DrawableSurface *surface, int sx, int sy, int sw, int sh,  Uint8 alpha = Color::ALPHA_OPAQUE);
      |                              ^
libgag/include/SDLGraphicContext.h:638:16: warning: 'drawSurface' overrides a member function but is not marked 'override' [-Winconsistent-missing-override]
  638 |                 virtual void drawSurface(float x, float y, float w, float h, DrawableSurface *surface, int sx, int sy, int sw, int sh, Uint8 alpha = Color::ALPHA_OPAQUE);
      |                              ^
libgag/include/SDLGraphicContext.h:280:16: note: overridden virtual function is here
  280 |                 virtual void drawSurface(float x, float y, float w, float h, DrawableSurface *surface, int sx, int sy, int sw, int sh, Uint8 alpha = Color::ALPHA_OPAQUE);
      |                              ^
libgag/include/SDLGraphicContext.h:661:16: warning: 'drawAlphaMap' overrides a member function but is not marked 'override' [-Winconsistent-missing-override]
  661 |                 virtual void drawAlphaMap(const std::valarray<float> &map, int mapW, int mapH, int x, int y, int cellW, int cellH, const Color &color);
      |                              ^
libgag/include/SDLGraphicContext.h:293:16: note: overridden virtual function is here
  293 |                 virtual void drawAlphaMap(const std::valarray<float> &map, int mapW, int mapH, int x, int y, int cellW, int cellH, const Color &color);
      |                              ^
libgag/include/SDLGraphicContext.h:662:16: warning: 'drawAlphaMap' overrides a member function but is not marked 'override' [-Winconsistent-missing-override]
  662 |                 virtual void drawAlphaMap(const std::valarray<unsigned char> &map, int mapW, int mapH, int x, int y, int cellW, int cellH, const Color &color);
      |                              ^
libgag/include/SDLGraphicContext.h:294:16: note: overridden virtual function is here
  294 |                 virtual void drawAlphaMap(const std::valarray<unsigned char> &map, int mapW, int mapH, int x, int y, int cellW, int cellH, const Color &color);
      |                              ^
libgag/include/SDLGraphicContext.h:665:16: warning: 'drawPixel' overrides a member function but is not marked 'override' [-Winconsistent-missing-override]
  665 |                 virtual void drawPixel(int x, int y, Uint8 r, Uint8 g, Uint8 b, Uint8 a = Color::ALPHA_OPAQUE);
      |                              ^
libgag/include/SDLGraphicContext.h:297:16: note: overridden virtual function is here
  297 |                 virtual void drawPixel(int x, int y, Uint8 r, Uint8 g, Uint8 b, Uint8 a = Color::ALPHA_OPAQUE);
      |                              ^
libgag/include/SDLGraphicContext.h:666:16: warning: 'drawRect' overrides a member function but is not marked 'override' [-Winconsistent-missing-override]
  666 |                 virtual void drawRect(int x, int y, int w, int h, Uint8 r, Uint8 g, Uint8 b, Uint8 a = Color::ALPHA_OPAQUE);
      |                              ^
libgag/include/SDLGraphicContext.h:298:16: note: overridden virtual function is here
  298 |                 virtual void drawRect(int x, int y, int w, int h, Uint8 r, Uint8 g, Uint8 b, Uint8 a = Color::ALPHA_OPAQUE);
      |                              ^
libgag/include/SDLGraphicContext.h:667:16: warning: 'drawFilledRect' overrides a member function but is not marked 'override' [-Winconsistent-missing-override]
  667 |                 virtual void drawFilledRect(int x, int y, int w, int h, Uint8 r, Uint8 g, Uint8 b, Uint8 a = Color::ALPHA_OPAQUE);
      |                              ^
libgag/include/SDLGraphicContext.h:299:16: note: overridden virtual function is here
  299 |                 virtual void drawFilledRect(int x, int y, int w, int h, Uint8 r, Uint8 g, Uint8 b, Uint8 a = Color::ALPHA_OPAQUE);
      |                              ^
libgag/include/SDLGraphicContext.h:668:16: warning: 'drawVertLine' overrides a member function but is not marked 'override' [-Winconsistent-missing-override]
  668 |                 virtual void drawVertLine(int x, int y, int l, Uint8 r, Uint8 g, Uint8 b, Uint8 a = Color::ALPHA_OPAQUE);
      |                              ^
libgag/include/SDLGraphicContext.h:300:16: note: overridden virtual function is here
  300 |                 virtual void drawVertLine(int x, int y, int l, Uint8 r, Uint8 g, Uint8 b, Uint8 a = Color::ALPHA_OPAQUE);
      |                              ^
libgag/include/SDLGraphicContext.h:669:16: warning: 'drawVertLine' overrides a member function but is not marked 'override' [-Winconsistent-missing-override]
  669 |                 virtual void drawVertLine(int x, int y, int l, const Color& color);
      |                              ^
libgag/include/SDLGraphicContext.h:301:16: note: overridden virtual function is here
  301 |                 virtual void drawVertLine(int x, int y, int l, const Color& color);
      |                              ^
libgag/include/SDLGraphicContext.h:670:16: warning: 'drawHorzLine' overrides a member function but is not marked 'override' [-Winconsistent-missing-override]
  670 |                 virtual void drawHorzLine(int x, int y, int l, Uint8 r, Uint8 g, Uint8 b, Uint8 a = Color::ALPHA_OPAQUE);
      |                              ^
libgag/include/SDLGraphicContext.h:302:16: note: overridden virtual function is here
  302 |                 virtual void drawHorzLine(int x, int y, int l, Uint8 r, Uint8 g, Uint8 b, Uint8 a = Color::ALPHA_OPAQUE);
      |                              ^
libgag/include/SDLGraphicContext.h:671:16: warning: 'drawHorzLine' overrides a member function but is not marked 'override' [-Winconsistent-missing-override]
  671 |                 virtual void drawHorzLine(int x, int y, int l, const Color& color);
      |                              ^
libgag/include/SDLGraphicContext.h:303:16: note: overridden virtual function is here
  303 |                 virtual void drawHorzLine(int x, int y, int l, const Color& color);
      |                              ^
libgag/include/SDLGraphicContext.h:672:16: warning: 'drawLine' overrides a member function but is not marked 'override' [-Winconsistent-missing-override]
  672 |                 virtual void drawLine(int x1, int y1, int x2, int y2, Uint8 r, Uint8 g, Uint8 b, Uint8 a = Color::ALPHA_OPAQUE);
      |                              ^
libgag/include/SDLGraphicContext.h:304:16: note: overridden virtual function is here
  304 |                 virtual void drawLine(int x1, int y1, int x2, int y2, Uint8 r, Uint8 g, Uint8 b, Uint8 a = Color::ALPHA_OPAQUE);
      |                              ^
libgag/include/SDLGraphicContext.h:673:16: warning: 'drawCircle' overrides a member function but is not marked 'override' [-Winconsistent-missing-override]
  673 |                 virtual void drawCircle(int x, int y, int radius, Uint8 r, Uint8 g, Uint8 b, Uint8 a = Color::ALPHA_OPAQUE);
      |                              ^
libgag/include/SDLGraphicContext.h:305:16: note: overridden virtual function is here
  305 |                 virtual void drawCircle(int x, int y, int radius, Uint8 r, Uint8 g, Uint8 b, Uint8 a = Color::ALPHA_OPAQUE);
      |                              ^
36 warnings generated.
/opt/homebrew/bin/ccache g++ -o build/darwin/client/release/test/engine-src_online_PlatformRoomTest.o -c -g -std=gnu++20 -Wall -fPIC -O3 -DGLOB2_OFFICIAL_INSTANCE_ORIGIN=\"https://app.glob2online.com\" -DGLOB2_OFFICIAL_INSTANCE_FORMER_ORIGINS=\"https://glob2online.com\" -DHAVE_CONFIG_H -DGL_SILENCE_DEPRECATION -DSDL_MAIN_HANDLED -Ibuild/darwin/client/release/recording/prefix/include -I/Users/bradley/glob2/artifacts/recording-sdl3/prefix/include -Ibuild/darwin/client/release/include -I/opt/homebrew/include -Ilibgag/include -I. -Ilibusl/src -Isrc -Isrc/ai -Isrc/hud -Isrc/app -Isrc/game/player -Isrc/team -Isrc/common -Isrc/map -Isrc/game -Isrc/campaign -Isrc/campaign/screens -Isrc/replay -Isrc/game/screens -Isrc/render/clouds -Isrc/ui/screens -Isrc/game/rules -Isrc/game/diagnostics -Isrc/map/editor/screens -Isrc/engine -Isrc/ui -Isrc/map/preview -Isrc/app/cli -Isrc/net/lan/screens -Isrc/online -Isrc/map/tools -Isrc/scripting/map -Isrc/render/overlay -Isrc/audio -Isrc/online/screens -Isrc/game/orders -Isrc/resource -Isrc/ui/settings -Isrc/team/stats -Isrc/render/torus -Isrc/ai/simple -Isrc/ai/castor -Isrc/ai/javascript -Isrc/ai/nicowar -Isrc/ai/numbi -Isrc/ai/telemetry -Isrc/ai/warrush -Isrc/ai/maxima -Isrc/building -Isrc/building/types -Isrc/unit/types -Isrc/building/hud -Isrc/net -Isrc/hud/draw -Isrc/hud/input -Isrc/hud/touch -Isrc/net/turn -Isrc/unit -Isrc/map/editor -Isrc/map/generator -Isrc/map/generator/compatibility -Isrc/map/generator/core -Isrc/map/generator/generators -Isrc/map/generator/shared -Isrc/map/generator/shared/legacy -Isrc/map/gradient -Isrc/map/io -Isrc/net/lan -Isrc/net/message -Isrc/scripting/sgsl -Ithird_party/nlohmann-json/include -Itest -Itest/support -Ilibgag/src -Ithird_party/quickjs-ng src/online/PlatformRoomTest.cpp
In file included from test/SavegameSafetyHarness.cpp:2:
In file included from test/support/EngineFixtures.h:9:
In file included from src/game/Game.h:12:
In file included from src/map/Map.h:21:
In file included from src/team/Team.h:16:
In file included from src/game/GameEvent.h:9:
In file included from libgag/include/GraphicContext.h:6:
libgag/include/SDLGraphicContext.h:520:16: warning: 'setRes' overrides a member function but is not marked 'override' [-Winconsistent-missing-override]
  520 |                 virtual void setRes(int w, int h) { setRes(w, h, optionFlags); }
      |                              ^
libgag/include/SDLGraphicContext.h:228:16: note: overridden virtual function is here
  228 |                 virtual void setRes(int w, int h);
      |                              ^
libgag/include/SDLGraphicContext.h:596:16: warning: 'setClipRect' overrides a member function but is not marked 'override' [-Winconsistent-missing-override]
  596 |                 virtual void setClipRect(int x, int y, int w, int h);
      |                              ^
libgag/include/SDLGraphicContext.h:230:16: note: overridden virtual function is here
  230 |                 virtual void setClipRect(int x, int y, int w, int h);
      |                              ^
libgag/include/SDLGraphicContext.h:597:16: warning: 'setClipRect' overrides a member function but is not marked 'override' [-Winconsistent-missing-override]
  597 |                 virtual void setClipRect(void);
      |                              ^
libgag/include/SDLGraphicContext.h:231:16: note: overridden virtual function is here
  231 |                 virtual void setClipRect(void);
      |                              ^
libgag/include/SDLGraphicContext.h:602:22: warning: 'nextFrame' overrides a member function but is not marked 'override' [-Winconsistent-missing-override]
  602 |         virtual void nextFrame(void);
      |                      ^
libgag/include/SDLGraphicContext.h:232:16: note: overridden virtual function is here
  232 |                 virtual void nextFrame(void) { flushTextPictures(); }
      |                              ^
libgag/include/SDLGraphicContext.h:604:16: warning: 'loadImage' overrides a member function but is not marked 'override' [-Winconsistent-missing-override]
  604 |                 virtual bool loadImage(const std::string name) { return false; }
      |                              ^
libgag/include/SDLGraphicContext.h:233:16: note: overridden virtual function is here
  233 |                 virtual bool loadImage(const std::string name);
      |                              ^
libgag/include/SDLGraphicContext.h:608:16: warning: 'shiftHSV' overrides a member function but is not marked 'override' [-Winconsistent-missing-override]
  608 |                 virtual void shiftHSV(float hue, float sat, float lum) { }
      |                              ^
libgag/include/SDLGraphicContext.h:234:16: note: overridden virtual function is here
  234 |                 virtual void shiftHSV(float hue, float sat, float lum);
      |                              ^
libgag/include/SDLGraphicContext.h:611:16: warning: 'canDrawStretchedSprite' overrides a member function but is not marked 'override' [-Winconsistent-missing-override]
  611 |                 virtual bool canDrawStretchedSprite(void) { return hasPortableRenderer() || (optionFlags & USEGPU) != 0; }
      |                              ^
libgag/include/SDLGraphicContext.h:252:16: note: overridden virtual function is here
  252 |                 virtual bool canDrawStretchedSprite(void) { return false; }
      |                              ^
libgag/include/SDLGraphicContext.h:613:16: warning: 'drawPixel' overrides a member function but is not marked 'override' [-Winconsistent-missing-override]
  613 |                 virtual void drawPixel(int x, int y, const Color& color);
      |                              ^
libgag/include/SDLGraphicContext.h:255:16: note: overridden virtual function is here
  255 |                 virtual void drawPixel(int x, int y, const Color& color);
      |                              ^
libgag/include/SDLGraphicContext.h:614:16: warning: 'drawPixel' overrides a member function but is not marked 'override' [-Winconsistent-missing-override]
  614 |                 virtual void drawPixel(float x, float y, const Color& color);
      |                              ^
libgag/include/SDLGraphicContext.h:256:16: note: overridden virtual function is here
  256 |                 virtual void drawPixel(float x, float y, const Color& color);
      |                              ^
libgag/include/SDLGraphicContext.h:616:16: warning: 'drawRect' overrides a member function but is not marked 'override' [-Winconsistent-missing-override]
  616 |                 virtual void drawRect(int x, int y, int w, int h, const Color& color);
      |                              ^
libgag/include/SDLGraphicContext.h:258:16: note: overridden virtual function is here
  258 |                 virtual void drawRect(int x, int y, int w, int h, const Color& color);
      |                              ^
libgag/include/SDLGraphicContext.h:617:16: warning: 'drawRect' overrides a member function but is not marked 'override' [-Winconsistent-missing-override]
  617 |                 virtual void drawRect(float x, float y, float w, float h, const Color& color);
      |                              ^
libgag/include/SDLGraphicContext.h:259:16: note: overridden virtual function is here
  259 |                 virtual void drawRect(float x, float y, float w, float h, const Color& color);
      |                              ^
libgag/include/SDLGraphicContext.h:619:16: warning: 'drawFilledRect' overrides a member function but is not marked 'override' [-Winconsistent-missing-override]
  619 |                 virtual void drawFilledRect(int x, int y, int w, int h, const Color& color);
      |                              ^
libgag/include/SDLGraphicContext.h:261:16: note: overridden virtual function is here
  261 |                 virtual void drawFilledRect(int x, int y, int w, int h, const Color& color);
      |                              ^
libgag/include/SDLGraphicContext.h:620:16: warning: 'drawFilledRect' overrides a member function but is not marked 'override' [-Winconsistent-missing-override]
  620 |                 virtual void drawFilledRect(float x, float y, float w, float h, const Color& color);
      |                              ^
libgag/include/SDLGraphicContext.h:262:16: note: overridden virtual function is here
  262 |                 virtual void drawFilledRect(float x, float y, float w, float h, const Color& color);
      |                              ^
libgag/include/SDLGraphicContext.h:622:16: warning: 'drawLine' overrides a member function but is not marked 'override' [-Winconsistent-missing-override]
  622 |                 virtual void drawLine(int x1, int y1, int x2, int y2, const Color& color);
      |                              ^
libgag/include/SDLGraphicContext.h:264:16: note: overridden virtual function is here
  264 |                 virtual void drawLine(int x1, int y1, int x2, int y2, const Color& color);
      |                              ^
libgag/include/SDLGraphicContext.h:623:16: warning: 'drawLine' overrides a member function but is not marked 'override' [-Winconsistent-missing-override]
  623 |                 virtual void drawLine(float x1, float y1, float x2, float y2, const Color& color);
      |                              ^
libgag/include/SDLGraphicContext.h:265:16: note: overridden virtual function is here
  265 |                 virtual void drawLine(float x1, float y1, float x2, float y2, const Color& color);
      |                              ^
libgag/include/SDLGraphicContext.h:625:16: warning: 'drawCircle' overrides a member function but is not marked 'override' [-Winconsistent-missing-override]
  625 |                 virtual void drawCircle(int x, int y, int radius, const Color& color);
      |                              ^
libgag/include/SDLGraphicContext.h:267:16: note: overridden virtual function is here
  267 |                 virtual void drawCircle(int x, int y, int radius, const Color& color);
      |                              ^
libgag/include/SDLGraphicContext.h:626:16: warning: 'drawCircle' overrides a member function but is not marked 'override' [-Winconsistent-missing-override]
  626 |                 virtual void drawCircle(float x, float y, float radius, const Color& color);
      |                              ^
libgag/include/SDLGraphicContext.h:268:16: note: overridden virtual function is here
  268 |                 virtual void drawCircle(float x, float y, float radius, const Color& color);
      |                              ^
libgag/include/SDLGraphicContext.h:628:16: warning: 'drawSurface' overrides a member function but is not marked 'override' [-Winconsistent-missing-override]
  628 |                 virtual void drawSurface(int x, int y, DrawableSurface *surface, Uint8 alpha = Color::ALPHA_OPAQUE);
      |                              ^
libgag/include/SDLGraphicContext.h:270:16: note: overridden virtual function is here
  270 |                 virtual void drawSurface(int x, int y, DrawableSurface *surface, Uint8 alpha = Color::ALPHA_OPAQUE);
      |                              ^
libgag/include/SDLGraphicContext.h:629:16: warning: 'drawSurface' overrides a member function but is not marked 'override' [-Winconsistent-missing-override]
  629 |                 virtual void drawSurface(float x, float y, DrawableSurface *surface, Uint8 alpha = Color::ALPHA_OPAQUE);
      |                              ^
libgag/include/SDLGraphicContext.h:271:16: note: overridden virtual function is here
  271 |                 virtual void drawSurface(float x, float y, DrawableSurface *surface, Uint8 alpha = Color::ALPHA_OPAQUE);
      |                              ^
libgag/include/SDLGraphicContext.h:631:16: warning: 'drawSurface' overrides a member function but is not marked 'override' [-Winconsistent-missing-override]
  631 |                 virtual void drawSurface(int x, int y, int w, int h, DrawableSurface *surface, Uint8 alpha = Color::ALPHA_OPAQUE);
      |                              ^
libgag/include/SDLGraphicContext.h:273:16: note: overridden virtual function is here
  273 |                 virtual void drawSurface(int x, int y, int w, int h, DrawableSurface *surface, Uint8 alpha = Color::ALPHA_OPAQUE);
      |                              ^
libgag/include/SDLGraphicContext.h:632:16: warning: 'drawSurface' overrides a member function but is not marked 'override' [-Winconsistent-missing-override]
  632 |                 virtual void drawSurface(float x, float y, float w, float h, DrawableSurface *surface, Uint8 alpha = Color::ALPHA_OPAQUE);
      |                              ^
libgag/include/SDLGraphicContext.h:274:16: note: overridden virtual function is here
  274 |                 virtual void drawSurface(float x, float y, float w, float h, DrawableSurface *surface, Uint8 alpha = Color::ALPHA_OPAQUE);
      |                              ^
libgag/include/SDLGraphicContext.h:634:16: warning: 'drawSurface' overrides a member function but is not marked 'override' [-Winconsistent-missing-override]
  634 |                 virtual void drawSurface(int x, int y, DrawableSurface *surface, int sx, int sy, int sw, int sh, Uint8 alpha = Color::ALPHA_OPAQUE);
      |                              ^
libgag/include/SDLGraphicContext.h:276:16: note: overridden virtual function is here
  276 |                 virtual void drawSurface(int x, int y, DrawableSurface *surface, int sx, int sy, int sw, int sh, Uint8 alpha = Color::ALPHA_OPAQUE);
      |                              ^
libgag/include/SDLGraphicContext.h:635:16: warning: 'drawSurface' overrides a member function but is not marked 'override' [-Winconsistent-missing-override]
  635 |                 virtual void drawSurface(float x, float y, DrawableSurface *surface, int sx, int sy, int sw, int sh, Uint8 alpha = Color::ALPHA_OPAQUE);
      |                              ^
libgag/include/SDLGraphicContext.h:277:16: note: overridden virtual function is here
  277 |                 virtual void drawSurface(float x, float y, DrawableSurface *surface, int sx, int sy, int sw, int sh, Uint8 alpha = Color::ALPHA_OPAQUE);
      |                              ^
libgag/include/SDLGraphicContext.h:637:16: warning: 'drawSurface' overrides a member function but is not marked 'override' [-Winconsistent-missing-override]
  637 |                 virtual void drawSurface(int x, int y, int w, int h, DrawableSurface *surface, int sx, int sy, int sw, int sh,  Uint8 alpha = Color::ALPHA_OPAQUE);
      |                              ^
libgag/include/SDLGraphicContext.h:279:16: note: overridden virtual function is here
  279 |                 virtual void drawSurface(int x, int y, int w, int h, DrawableSurface *surface, int sx, int sy, int sw, int sh,  Uint8 alpha = Color::ALPHA_OPAQUE);
      |                              ^
libgag/include/SDLGraphicContext.h:638:16: warning: 'drawSurface' overrides a member function but is not marked 'override' [-Winconsistent-missing-override]
  638 |                 virtual void drawSurface(float x, float y, float w, float h, DrawableSurface *surface, int sx, int sy, int sw, int sh, Uint8 alpha = Color::ALPHA_OPAQUE);
      |                              ^
libgag/include/SDLGraphicContext.h:280:16: note: overridden virtual function is here
  280 |                 virtual void drawSurface(float x, float y, float w, float h, DrawableSurface *surface, int sx, int sy, int sw, int sh, Uint8 alpha = Color::ALPHA_OPAQUE);
      |                              ^
libgag/include/SDLGraphicContext.h:661:16: warning: 'drawAlphaMap' overrides a member function but is not marked 'override' [-Winconsistent-missing-override]
  661 |                 virtual void drawAlphaMap(const std::valarray<float> &map, int mapW, int mapH, int x, int y, int cellW, int cellH, const Color &color);
      |                              ^
libgag/include/SDLGraphicContext.h:293:16: note: overridden virtual function is here
  293 |                 virtual void drawAlphaMap(const std::valarray<float> &map, int mapW, int mapH, int x, int y, int cellW, int cellH, const Color &color);
      |                              ^
libgag/include/SDLGraphicContext.h:662:16: warning: 'drawAlphaMap' overrides a member function but is not marked 'override' [-Winconsistent-missing-override]
  662 |                 virtual void drawAlphaMap(const std::valarray<unsigned char> &map, int mapW, int mapH, int x, int y, int cellW, int cellH, const Color &color);
      |                              ^
libgag/include/SDLGraphicContext.h:294:16: note: overridden virtual function is here
  294 |                 virtual void drawAlphaMap(const std::valarray<unsigned char> &map, int mapW, int mapH, int x, int y, int cellW, int cellH, const Color &color);
      |                              ^
libgag/include/SDLGraphicContext.h:665:16: warning: 'drawPixel' overrides a member function but is not marked 'override' [-Winconsistent-missing-override]
  665 |                 virtual void drawPixel(int x, int y, Uint8 r, Uint8 g, Uint8 b, Uint8 a = Color::ALPHA_OPAQUE);
      |                              ^
libgag/include/SDLGraphicContext.h:297:16: note: overridden virtual function is here
  297 |                 virtual void drawPixel(int x, int y, Uint8 r, Uint8 g, Uint8 b, Uint8 a = Color::ALPHA_OPAQUE);
      |                              ^
libgag/include/SDLGraphicContext.h:666:16: warning: 'drawRect' overrides a member function but is not marked 'override' [-Winconsistent-missing-override]
  666 |                 virtual void drawRect(int x, int y, int w, int h, Uint8 r, Uint8 g, Uint8 b, Uint8 a = Color::ALPHA_OPAQUE);
      |                              ^
libgag/include/SDLGraphicContext.h:298:16: note: overridden virtual function is here
  298 |                 virtual void drawRect(int x, int y, int w, int h, Uint8 r, Uint8 g, Uint8 b, Uint8 a = Color::ALPHA_OPAQUE);
      |                              ^
libgag/include/SDLGraphicContext.h:667:16: warning: 'drawFilledRect' overrides a member function but is not marked 'override' [-Winconsistent-missing-override]
  667 |                 virtual void drawFilledRect(int x, int y, int w, int h, Uint8 r, Uint8 g, Uint8 b, Uint8 a = Color::ALPHA_OPAQUE);
      |                              ^
libgag/include/SDLGraphicContext.h:299:16: note: overridden virtual function is here
  299 |                 virtual void drawFilledRect(int x, int y, int w, int h, Uint8 r, Uint8 g, Uint8 b, Uint8 a = Color::ALPHA_OPAQUE);
      |                              ^
libgag/include/SDLGraphicContext.h:668:16: warning: 'drawVertLine' overrides a member function but is not marked 'override' [-Winconsistent-missing-override]
  668 |                 virtual void drawVertLine(int x, int y, int l, Uint8 r, Uint8 g, Uint8 b, Uint8 a = Color::ALPHA_OPAQUE);
      |                              ^
libgag/include/SDLGraphicContext.h:300:16: note: overridden virtual function is here
  300 |                 virtual void drawVertLine(int x, int y, int l, Uint8 r, Uint8 g, Uint8 b, Uint8 a = Color::ALPHA_OPAQUE);
      |                              ^
libgag/include/SDLGraphicContext.h:669:16: warning: 'drawVertLine' overrides a member function but is not marked 'override' [-Winconsistent-missing-override]
  669 |                 virtual void drawVertLine(int x, int y, int l, const Color& color);
      |                              ^
libgag/include/SDLGraphicContext.h:301:16: note: overridden virtual function is here
  301 |                 virtual void drawVertLine(int x, int y, int l, const Color& color);
      |                              ^
libgag/include/SDLGraphicContext.h:670:16: warning: 'drawHorzLine' overrides a member function but is not marked 'override' [-Winconsistent-missing-override]
  670 |                 virtual void drawHorzLine(int x, int y, int l, Uint8 r, Uint8 g, Uint8 b, Uint8 a = Color::ALPHA_OPAQUE);
      |                              ^
libgag/include/SDLGraphicContext.h:302:16: note: overridden virtual function is here
  302 |                 virtual void drawHorzLine(int x, int y, int l, Uint8 r, Uint8 g, Uint8 b, Uint8 a = Color::ALPHA_OPAQUE);
      |                              ^
libgag/include/SDLGraphicContext.h:671:16: warning: 'drawHorzLine' overrides a member function but is not marked 'override' [-Winconsistent-missing-override]
  671 |                 virtual void drawHorzLine(int x, int y, int l, const Color& color);
      |                              ^
libgag/include/SDLGraphicContext.h:303:16: note: overridden virtual function is here
  303 |                 virtual void drawHorzLine(int x, int y, int l, const Color& color);
      |                              ^
libgag/include/SDLGraphicContext.h:672:16: warning: 'drawLine' overrides a member function but is not marked 'override' [-Winconsistent-missing-override]
  672 |                 virtual void drawLine(int x1, int y1, int x2, int y2, Uint8 r, Uint8 g, Uint8 b, Uint8 a = Color::ALPHA_OPAQUE);
      |                              ^
libgag/include/SDLGraphicContext.h:304:16: note: overridden virtual function is here
  304 |                 virtual void drawLine(int x1, int y1, int x2, int y2, Uint8 r, Uint8 g, Uint8 b, Uint8 a = Color::ALPHA_OPAQUE);
      |                              ^
libgag/include/SDLGraphicContext.h:673:16: warning: 'drawCircle' overrides a member function but is not marked 'override' [-Winconsistent-missing-override]
  673 |                 virtual void drawCircle(int x, int y, int radius, Uint8 r, Uint8 g, Uint8 b, Uint8 a = Color::ALPHA_OPAQUE);
      |                              ^
libgag/include/SDLGraphicContext.h:305:16: note: overridden virtual function is here
  305 |                 virtual void drawCircle(int x, int y, int radius, Uint8 r, Uint8 g, Uint8 b, Uint8 a = Color::ALPHA_OPAQUE);
      |                              ^
36 warnings generated.
/opt/homebrew/bin/ccache g++ -o build/darwin/client/release/test/engine-src_online_OnlineServicesTest.o -c -g -std=gnu++20 -Wall -fPIC -O3 -DGLOB2_OFFICIAL_INSTANCE_ORIGIN=\"https://app.glob2online.com\" -DGLOB2_OFFICIAL_INSTANCE_FORMER_ORIGINS=\"https://glob2online.com\" -DHAVE_CONFIG_H -DGL_SILENCE_DEPRECATION -DSDL_MAIN_HANDLED -Ibuild/darwin/client/release/recording/prefix/include -I/Users/bradley/glob2/artifacts/recording-sdl3/prefix/include -Ibuild/darwin/client/release/include -I/opt/homebrew/include -Ilibgag/include -I. -Ilibusl/src -Isrc -Isrc/ai -Isrc/hud -Isrc/app -Isrc/game/player -Isrc/team -Isrc/common -Isrc/map -Isrc/game -Isrc/campaign -Isrc/campaign/screens -Isrc/replay -Isrc/game/screens -Isrc/render/clouds -Isrc/ui/screens -Isrc/game/rules -Isrc/game/diagnostics -Isrc/map/editor/screens -Isrc/engine -Isrc/ui -Isrc/map/preview -Isrc/app/cli -Isrc/net/lan/screens -Isrc/online -Isrc/map/tools -Isrc/scripting/map -Isrc/render/overlay -Isrc/audio -Isrc/online/screens -Isrc/game/orders -Isrc/resource -Isrc/ui/settings -Isrc/team/stats -Isrc/render/torus -Isrc/ai/simple -Isrc/ai/castor -Isrc/ai/javascript -Isrc/ai/nicowar -Isrc/ai/numbi -Isrc/ai/telemetry -Isrc/ai/warrush -Isrc/ai/maxima -Isrc/building -Isrc/building/types -Isrc/unit/types -Isrc/building/hud -Isrc/net -Isrc/hud/draw -Isrc/hud/input -Isrc/hud/touch -Isrc/net/turn -Isrc/unit -Isrc/map/editor -Isrc/map/generator -Isrc/map/generator/compatibility -Isrc/map/generator/core -Isrc/map/generator/generators -Isrc/map/generator/shared -Isrc/map/generator/shared/legacy -Isrc/map/gradient -Isrc/map/io -Isrc/net/lan -Isrc/net/message -Isrc/scripting/sgsl -Ithird_party/nlohmann-json/include -Itest -Itest/support -Ilibgag/src -Ithird_party/quickjs-ng src/online/OnlineServicesTest.cpp
/opt/homebrew/bin/ccache g++ -o build/darwin/client/release/test/engine-src_render_MapRenderResizeHarness.o -c -g -std=gnu++20 -Wall -fPIC -O3 -fno-access-control -DGLOB2_OFFICIAL_INSTANCE_ORIGIN=\"https://app.glob2online.com\" -DGLOB2_OFFICIAL_INSTANCE_FORMER_ORIGINS=\"https://glob2online.com\" -DHAVE_CONFIG_H -DGL_SILENCE_DEPRECATION -DSDL_MAIN_HANDLED -Ibuild/darwin/client/release/recording/prefix/include -I/Users/bradley/glob2/artifacts/recording-sdl3/prefix/include -Ibuild/darwin/client/release/include -I/opt/homebrew/include -Ilibgag/include -I. -Ilibusl/src -Isrc -Isrc/ai -Isrc/hud -Isrc/app -Isrc/game/player -Isrc/team -Isrc/common -Isrc/map -Isrc/game -Isrc/campaign -Isrc/campaign/screens -Isrc/replay -Isrc/game/screens -Isrc/render/clouds -Isrc/ui/screens -Isrc/game/rules -Isrc/game/diagnostics -Isrc/map/editor/screens -Isrc/engine -Isrc/ui -Isrc/map/preview -Isrc/app/cli -Isrc/net/lan/screens -Isrc/online -Isrc/map/tools -Isrc/scripting/map -Isrc/render/overlay -Isrc/audio -Isrc/online/screens -Isrc/game/orders -Isrc/resource -Isrc/ui/settings -Isrc/team/stats -Isrc/render/torus -Isrc/ai/simple -Isrc/ai/castor -Isrc/ai/javascript -Isrc/ai/nicowar -Isrc/ai/numbi -Isrc/ai/telemetry -Isrc/ai/warrush -Isrc/ai/maxima -Isrc/building -Isrc/building/types -Isrc/unit/types -Isrc/building/hud -Isrc/net -Isrc/hud/draw -Isrc/hud/input -Isrc/hud/touch -Isrc/net/turn -Isrc/unit -Isrc/map/editor -Isrc/map/generator -Isrc/map/generator/compatibility -Isrc/map/generator/core -Isrc/map/generator/generators -Isrc/map/generator/shared -Isrc/map/generator/shared/legacy -Isrc/map/gradient -Isrc/map/io -Isrc/net/lan -Isrc/net/message -Isrc/scripting/sgsl -Ithird_party/nlohmann-json/include -Itest -Itest/support -Ilibgag/src -Ithird_party/quickjs-ng src/render/MapRenderResizeHarness.cpp
In file included from src/engine/EngineSessionHarness.cpp:3:
In file included from test/support/EngineFixtures.h:9:
In file included from src/game/Game.h:12:
In file included from src/map/Map.h:21:
In file included from src/team/Team.h:16:
In file included from src/game/GameEvent.h:9:
In file included from libgag/include/GraphicContext.h:6:
libgag/include/SDLGraphicContext.h:520:16: warning: 'setRes' overrides a member function but is not marked 'override' [-Winconsistent-missing-override]
  520 |                 virtual void setRes(int w, int h) { setRes(w, h, optionFlags); }
      |                              ^
libgag/include/SDLGraphicContext.h:228:16: note: overridden virtual function is here
  228 |                 virtual void setRes(int w, int h);
      |                              ^
libgag/include/SDLGraphicContext.h:596:16: warning: 'setClipRect' overrides a member function but is not marked 'override' [-Winconsistent-missing-override]
  596 |                 virtual void setClipRect(int x, int y, int w, int h);
      |                              ^
libgag/include/SDLGraphicContext.h:230:16: note: overridden virtual function is here
  230 |                 virtual void setClipRect(int x, int y, int w, int h);
      |                              ^
libgag/include/SDLGraphicContext.h:597:16: warning: 'setClipRect' overrides a member function but is not marked 'override' [-Winconsistent-missing-override]
  597 |                 virtual void setClipRect(void);
      |                              ^
libgag/include/SDLGraphicContext.h:231:16: note: overridden virtual function is here
  231 |                 virtual void setClipRect(void);
      |                              ^
libgag/include/SDLGraphicContext.h:602:22: warning: 'nextFrame' overrides a member function but is not marked 'override' [-Winconsistent-missing-override]
  602 |         virtual void nextFrame(void);
      |                      ^
libgag/include/SDLGraphicContext.h:232:16: note: overridden virtual function is here
  232 |                 virtual void nextFrame(void) { flushTextPictures(); }
      |                              ^
libgag/include/SDLGraphicContext.h:604:16: warning: 'loadImage' overrides a member function but is not marked 'override' [-Winconsistent-missing-override]
  604 |                 virtual bool loadImage(const std::string name) { return false; }
      |                              ^
libgag/include/SDLGraphicContext.h:233:16: note: overridden virtual function is here
  233 |                 virtual bool loadImage(const std::string name);
      |                              ^
libgag/include/SDLGraphicContext.h:608:16: warning: 'shiftHSV' overrides a member function but is not marked 'override' [-Winconsistent-missing-override]
  608 |                 virtual void shiftHSV(float hue, float sat, float lum) { }
      |                              ^
libgag/include/SDLGraphicContext.h:234:16: note: overridden virtual function is here
  234 |                 virtual void shiftHSV(float hue, float sat, float lum);
      |                              ^
libgag/include/SDLGraphicContext.h:611:16: warning: 'canDrawStretchedSprite' overrides a member function but is not marked 'override' [-Winconsistent-missing-override]
  611 |                 virtual bool canDrawStretchedSprite(void) { return hasPortableRenderer() || (optionFlags & USEGPU) != 0; }
      |                              ^
libgag/include/SDLGraphicContext.h:252:16: note: overridden virtual function is here
  252 |                 virtual bool canDrawStretchedSprite(void) { return false; }
      |                              ^
libgag/include/SDLGraphicContext.h:613:16: warning: 'drawPixel' overrides a member function but is not marked 'override' [-Winconsistent-missing-override]
  613 |                 virtual void drawPixel(int x, int y, const Color& color);
      |                              ^
libgag/include/SDLGraphicContext.h:255:16: note: overridden virtual function is here
  255 |                 virtual void drawPixel(int x, int y, const Color& color);
      |                              ^
libgag/include/SDLGraphicContext.h:614:16: warning: 'drawPixel' overrides a member function but is not marked 'override' [-Winconsistent-missing-override]
  614 |                 virtual void drawPixel(float x, float y, const Color& color);
      |                              ^
libgag/include/SDLGraphicContext.h:256:16: note: overridden virtual function is here
  256 |                 virtual void drawPixel(float x, float y, const Color& color);
      |                              ^
libgag/include/SDLGraphicContext.h:616:16: warning: 'drawRect' overrides a member function but is not marked 'override' [-Winconsistent-missing-override]
  616 |                 virtual void drawRect(int x, int y, int w, int h, const Color& color);
      |                              ^
libgag/include/SDLGraphicContext.h:258:16: note: overridden virtual function is here
  258 |                 virtual void drawRect(int x, int y, int w, int h, const Color& color);
      |                              ^
libgag/include/SDLGraphicContext.h:617:16: warning: 'drawRect' overrides a member function but is not marked 'override' [-Winconsistent-missing-override]
  617 |                 virtual void drawRect(float x, float y, float w, float h, const Color& color);
      |                              ^
libgag/include/SDLGraphicContext.h:259:16: note: overridden virtual function is here
  259 |                 virtual void drawRect(float x, float y, float w, float h, const Color& color);
      |                              ^
libgag/include/SDLGraphicContext.h:619:16: warning: 'drawFilledRect' overrides a member function but is not marked 'override' [-Winconsistent-missing-override]
  619 |                 virtual void drawFilledRect(int x, int y, int w, int h, const Color& color);
      |                              ^
libgag/include/SDLGraphicContext.h:261:16: note: overridden virtual function is here
  261 |                 virtual void drawFilledRect(int x, int y, int w, int h, const Color& color);
      |                              ^
libgag/include/SDLGraphicContext.h:620:16: warning: 'drawFilledRect' overrides a member function but is not marked 'override' [-Winconsistent-missing-override]
  620 |                 virtual void drawFilledRect(float x, float y, float w, float h, const Color& color);
      |                              ^
libgag/include/SDLGraphicContext.h:262:16: note: overridden virtual function is here
  262 |                 virtual void drawFilledRect(float x, float y, float w, float h, const Color& color);
      |                              ^
libgag/include/SDLGraphicContext.h:622:16: warning: 'drawLine' overrides a member function but is not marked 'override' [-Winconsistent-missing-override]
  622 |                 virtual void drawLine(int x1, int y1, int x2, int y2, const Color& color);
      |                              ^
libgag/include/SDLGraphicContext.h:264:16: note: overridden virtual function is here
  264 |                 virtual void drawLine(int x1, int y1, int x2, int y2, const Color& color);
      |                              ^
libgag/include/SDLGraphicContext.h:623:16: warning: 'drawLine' overrides a member function but is not marked 'override' [-Winconsistent-missing-override]
  623 |                 virtual void drawLine(float x1, float y1, float x2, float y2, const Color& color);
      |                              ^
libgag/include/SDLGraphicContext.h:265:16: note: overridden virtual function is here
  265 |                 virtual void drawLine(float x1, float y1, float x2, float y2, const Color& color);
      |                              ^
libgag/include/SDLGraphicContext.h:625:16: warning: 'drawCircle' overrides a member function but is not marked 'override' [-Winconsistent-missing-override]
  625 |                 virtual void drawCircle(int x, int y, int radius, const Color& color);
      |                              ^
libgag/include/SDLGraphicContext.h:267:16: note: overridden virtual function is here
  267 |                 virtual void drawCircle(int x, int y, int radius, const Color& color);
      |                              ^
libgag/include/SDLGraphicContext.h:626:16: warning: 'drawCircle' overrides a member function but is not marked 'override' [-Winconsistent-missing-override]
  626 |                 virtual void drawCircle(float x, float y, float radius, const Color& color);
      |                              ^
libgag/include/SDLGraphicContext.h:268:16: note: overridden virtual function is here
  268 |                 virtual void drawCircle(float x, float y, float radius, const Color& color);
      |                              ^
libgag/include/SDLGraphicContext.h:628:16: warning: 'drawSurface' overrides a member function but is not marked 'override' [-Winconsistent-missing-override]
  628 |                 virtual void drawSurface(int x, int y, DrawableSurface *surface, Uint8 alpha = Color::ALPHA_OPAQUE);
      |                              ^
libgag/include/SDLGraphicContext.h:270:16: note: overridden virtual function is here
  270 |                 virtual void drawSurface(int x, int y, DrawableSurface *surface, Uint8 alpha = Color::ALPHA_OPAQUE);
      |                              ^
libgag/include/SDLGraphicContext.h:629:16: warning: 'drawSurface' overrides a member function but is not marked 'override' [-Winconsistent-missing-override]
  629 |                 virtual void drawSurface(float x, float y, DrawableSurface *surface, Uint8 alpha = Color::ALPHA_OPAQUE);
      |                              ^
libgag/include/SDLGraphicContext.h:271:16: note: overridden virtual function is here
  271 |                 virtual void drawSurface(float x, float y, DrawableSurface *surface, Uint8 alpha = Color::ALPHA_OPAQUE);
      |                              ^
libgag/include/SDLGraphicContext.h:631:16: warning: 'drawSurface' overrides a member function but is not marked 'override' [-Winconsistent-missing-override]
  631 |                 virtual void drawSurface(int x, int y, int w, int h, DrawableSurface *surface, Uint8 alpha = Color::ALPHA_OPAQUE);
      |                              ^
libgag/include/SDLGraphicContext.h:273:16: note: overridden virtual function is here
  273 |                 virtual void drawSurface(int x, int y, int w, int h, DrawableSurface *surface, Uint8 alpha = Color::ALPHA_OPAQUE);
      |                              ^
libgag/include/SDLGraphicContext.h:632:16: warning: 'drawSurface' overrides a member function but is not marked 'override' [-Winconsistent-missing-override]
  632 |                 virtual void drawSurface(float x, float y, float w, float h, DrawableSurface *surface, Uint8 alpha = Color::ALPHA_OPAQUE);
      |                              ^
libgag/include/SDLGraphicContext.h:274:16: note: overridden virtual function is here
  274 |                 virtual void drawSurface(float x, float y, float w, float h, DrawableSurface *surface, Uint8 alpha = Color::ALPHA_OPAQUE);
      |                              ^
libgag/include/SDLGraphicContext.h:634:16: warning: 'drawSurface' overrides a member function but is not marked 'override' [-Winconsistent-missing-override]
  634 |                 virtual void drawSurface(int x, int y, DrawableSurface *surface, int sx, int sy, int sw, int sh, Uint8 alpha = Color::ALPHA_OPAQUE);
      |                              ^
libgag/include/SDLGraphicContext.h:276:16: note: overridden virtual function is here
  276 |                 virtual void drawSurface(int x, int y, DrawableSurface *surface, int sx, int sy, int sw, int sh, Uint8 alpha = Color::ALPHA_OPAQUE);
      |                              ^
libgag/include/SDLGraphicContext.h:635:16: warning: 'drawSurface' overrides a member function but is not marked 'override' [-Winconsistent-missing-override]
  635 |                 virtual void drawSurface(float x, float y, DrawableSurface *surface, int sx, int sy, int sw, int sh, Uint8 alpha = Color::ALPHA_OPAQUE);
      |                              ^
libgag/include/SDLGraphicContext.h:277:16: note: overridden virtual function is here
  277 |                 virtual void drawSurface(float x, float y, DrawableSurface *surface, int sx, int sy, int sw, int sh, Uint8 alpha = Color::ALPHA_OPAQUE);
      |                              ^
libgag/include/SDLGraphicContext.h:637:16: warning: 'drawSurface' overrides a member function but is not marked 'override' [-Winconsistent-missing-override]
  637 |                 virtual void drawSurface(int x, int y, int w, int h, DrawableSurface *surface, int sx, int sy, int sw, int sh,  Uint8 alpha = Color::ALPHA_OPAQUE);
      |                              ^
libgag/include/SDLGraphicContext.h:279:16: note: overridden virtual function is here
  279 |                 virtual void drawSurface(int x, int y, int w, int h, DrawableSurface *surface, int sx, int sy, int sw, int sh,  Uint8 alpha = Color::ALPHA_OPAQUE);
      |                              ^
libgag/include/SDLGraphicContext.h:638:16: warning: 'drawSurface' overrides a member function but is not marked 'override' [-Winconsistent-missing-override]
  638 |                 virtual void drawSurface(float x, float y, float w, float h, DrawableSurface *surface, int sx, int sy, int sw, int sh, Uint8 alpha = Color::ALPHA_OPAQUE);
      |                              ^
libgag/include/SDLGraphicContext.h:280:16: note: overridden virtual function is here
  280 |                 virtual void drawSurface(float x, float y, float w, float h, DrawableSurface *surface, int sx, int sy, int sw, int sh, Uint8 alpha = Color::ALPHA_OPAQUE);
      |                              ^
libgag/include/SDLGraphicContext.h:661:16: warning: 'drawAlphaMap' overrides a member function but is not marked 'override' [-Winconsistent-missing-override]
  661 |                 virtual void drawAlphaMap(const std::valarray<float> &map, int mapW, int mapH, int x, int y, int cellW, int cellH, const Color &color);
      |                              ^
libgag/include/SDLGraphicContext.h:293:16: note: overridden virtual function is here
  293 |                 virtual void drawAlphaMap(const std::valarray<float> &map, int mapW, int mapH, int x, int y, int cellW, int cellH, const Color &color);
      |                              ^
libgag/include/SDLGraphicContext.h:662:16: warning: 'drawAlphaMap' overrides a member function but is not marked 'override' [-Winconsistent-missing-override]
  662 |                 virtual void drawAlphaMap(const std::valarray<unsigned char> &map, int mapW, int mapH, int x, int y, int cellW, int cellH, const Color &color);
      |                              ^
libgag/include/SDLGraphicContext.h:294:16: note: overridden virtual function is here
  294 |                 virtual void drawAlphaMap(const std::valarray<unsigned char> &map, int mapW, int mapH, int x, int y, int cellW, int cellH, const Color &color);
      |                              ^
libgag/include/SDLGraphicContext.h:665:16: warning: 'drawPixel' overrides a member function but is not marked 'override' [-Winconsistent-missing-override]
  665 |                 virtual void drawPixel(int x, int y, Uint8 r, Uint8 g, Uint8 b, Uint8 a = Color::ALPHA_OPAQUE);
      |                              ^
libgag/include/SDLGraphicContext.h:297:16: note: overridden virtual function is here
  297 |                 virtual void drawPixel(int x, int y, Uint8 r, Uint8 g, Uint8 b, Uint8 a = Color::ALPHA_OPAQUE);
      |                              ^
libgag/include/SDLGraphicContext.h:666:16: warning: 'drawRect' overrides a member function but is not marked 'override' [-Winconsistent-missing-override]
  666 |                 virtual void drawRect(int x, int y, int w, int h, Uint8 r, Uint8 g, Uint8 b, Uint8 a = Color::ALPHA_OPAQUE);
      |                              ^
libgag/include/SDLGraphicContext.h:298:16: note: overridden virtual function is here
  298 |                 virtual void drawRect(int x, int y, int w, int h, Uint8 r, Uint8 g, Uint8 b, Uint8 a = Color::ALPHA_OPAQUE);
      |                              ^
libgag/include/SDLGraphicContext.h:667:16: warning: 'drawFilledRect' overrides a member function but is not marked 'override' [-Winconsistent-missing-override]
  667 |                 virtual void drawFilledRect(int x, int y, int w, int h, Uint8 r, Uint8 g, Uint8 b, Uint8 a = Color::ALPHA_OPAQUE);
      |                              ^
libgag/include/SDLGraphicContext.h:299:16: note: overridden virtual function is here
  299 |                 virtual void drawFilledRect(int x, int y, int w, int h, Uint8 r, Uint8 g, Uint8 b, Uint8 a = Color::ALPHA_OPAQUE);
      |                              ^
libgag/include/SDLGraphicContext.h:668:16: warning: 'drawVertLine' overrides a member function but is not marked 'override' [-Winconsistent-missing-override]
  668 |                 virtual void drawVertLine(int x, int y, int l, Uint8 r, Uint8 g, Uint8 b, Uint8 a = Color::ALPHA_OPAQUE);
      |                              ^
libgag/include/SDLGraphicContext.h:300:16: note: overridden virtual function is here
  300 |                 virtual void drawVertLine(int x, int y, int l, Uint8 r, Uint8 g, Uint8 b, Uint8 a = Color::ALPHA_OPAQUE);
      |                              ^
libgag/include/SDLGraphicContext.h:669:16: warning: 'drawVertLine' overrides a member function but is not marked 'override' [-Winconsistent-missing-override]
  669 |                 virtual void drawVertLine(int x, int y, int l, const Color& color);
      |                              ^
libgag/include/SDLGraphicContext.h:301:16: note: overridden virtual function is here
  301 |                 virtual void drawVertLine(int x, int y, int l, const Color& color);
      |                              ^
libgag/include/SDLGraphicContext.h:670:16: warning: 'drawHorzLine' overrides a member function but is not marked 'override' [-Winconsistent-missing-override]
  670 |                 virtual void drawHorzLine(int x, int y, int l, Uint8 r, Uint8 g, Uint8 b, Uint8 a = Color::ALPHA_OPAQUE);
      |                              ^
libgag/include/SDLGraphicContext.h:302:16: note: overridden virtual function is here
  302 |                 virtual void drawHorzLine(int x, int y, int l, Uint8 r, Uint8 g, Uint8 b, Uint8 a = Color::ALPHA_OPAQUE);
      |                              ^
libgag/include/SDLGraphicContext.h:671:16: warning: 'drawHorzLine' overrides a member function but is not marked 'override' [-Winconsistent-missing-override]
  671 |                 virtual void drawHorzLine(int x, int y, int l, const Color& color);
      |                              ^
libgag/include/SDLGraphicContext.h:303:16: note: overridden virtual function is here
  303 |                 virtual void drawHorzLine(int x, int y, int l, const Color& color);
      |                              ^
libgag/include/SDLGraphicContext.h:672:16: warning: 'drawLine' overrides a member function but is not marked 'override' [-Winconsistent-missing-override]
  672 |                 virtual void drawLine(int x1, int y1, int x2, int y2, Uint8 r, Uint8 g, Uint8 b, Uint8 a = Color::ALPHA_OPAQUE);
      |                              ^
libgag/include/SDLGraphicContext.h:304:16: note: overridden virtual function is here
  304 |                 virtual void drawLine(int x1, int y1, int x2, int y2, Uint8 r, Uint8 g, Uint8 b, Uint8 a = Color::ALPHA_OPAQUE);
      |                              ^
libgag/include/SDLGraphicContext.h:673:16: warning: 'drawCircle' overrides a member function but is not marked 'override' [-Winconsistent-missing-override]
  673 |                 virtual void drawCircle(int x, int y, int radius, Uint8 r, Uint8 g, Uint8 b, Uint8 a = Color::ALPHA_OPAQUE);
      |                              ^
libgag/include/SDLGraphicContext.h:305:16: note: overridden virtual function is here
  305 |                 virtual void drawCircle(int x, int y, int radius, Uint8 r, Uint8 g, Uint8 b, Uint8 a = Color::ALPHA_OPAQUE);
      |                              ^
In file included from src/engine/EngineSessionHarness.cpp:55:
In file included from libusl/src/native.h:5:
In file included from libusl/src/usl.h:4:
libusl/src/types.h:106:15: warning: 'dumpSpecific' overrides a member function but is not marked 'override' [-Winconsistent-missing-override]
  106 |         virtual void dumpSpecific(std::ostream& stream) const
      |                      ^
libusl/src/types.h:73:15: note: overridden virtual function is here
   73 |         virtual void dumpSpecific(std::ostream& stream) const
      |                      ^
In file included from src/engine/EngineSessionHarness.cpp:55:
In file included from libusl/src/native.h:7:
libusl/src/code.h:28:15: warning: 'execute' overrides a member function but is not marked 'override' [-Winconsistent-missing-override]
   28 |         virtual void execute(Thread* thread);
      |                      ^
libusl/src/code.h:18:15: note: overridden virtual function is here
   18 |         virtual void execute(Thread* thread) = 0;
      |                      ^
libusl/src/code.h:30:15: warning: 'dumpSpecific' overrides a member function but is not marked 'override' [-Winconsistent-missing-override]
   30 |         virtual void dumpSpecific(std::ostream &stream) const;
      |                      ^
libusl/src/code.h:21:15: note: overridden virtual function is here
   21 |         virtual void dumpSpecific(std::ostream &stream) const {};
      |                      ^
src/engine/EngineSessionHarness.cpp:94:22: warning: operator '?:' has lower precedence than '<<'; '<<' will be evaluated first [-Wparentheses]
   94 |                                 REQUIRE(threaded ? engine.threadedClientFrame(0, events) : engine.stepSession(0, events));
      |                                 ~~~~~~~~~~~~~~~~~^~~~~~~~~~~~~~~~~~~~~~~~~~~~~~~~~~~~~~~~~~~~~~~~~~~~~~~~~~~~~~~~~~~~~~~~
test/support/../third_party/doctest.h:2976:38: note: expanded from macro 'REQUIRE'
 2976 | #define REQUIRE(...) DOCTEST_REQUIRE(__VA_ARGS__)
      |                      ~~~~~~~~~~~~~~~~^~~~~~~~~~~~
test/support/../third_party/doctest.h:2441:69: note: expanded from macro 'DOCTEST_REQUIRE'
 2441 | #define DOCTEST_REQUIRE(...) DOCTEST_ASSERT_IMPLEMENT_1(DT_REQUIRE, __VA_ARGS__)
      |                              ~~~~~~~~~~~~~~~~~~~~~~~~~~~~~~~~~~~~~~~^~~~~~~~~~~~
test/support/../third_party/doctest.h:2427:24: note: expanded from macro 'DOCTEST_ASSERT_IMPLEMENT_1'
 2426 |             doctest::detail::ExpressionDecomposer(doctest::assertType::assert_type)                \
      |             ~~~~~~~~~~~~~~~~~~~~~~~~~~~~~~~~~~~~~~~~~~~~~~~~~~~~~~~~~~~~~~~~~~~~~~~~~~~~~~~~~~~~~~~~
 2427 |                     << __VA_ARGS__) DOCTEST_CLANG_SUPPRESS_WARNING_POP
      |                     ~~~^~~~~~~~~~~
src/engine/EngineSessionHarness.cpp:94:22: note: place parentheses around the '<<' expression to silence this warning
   94 |                                 REQUIRE(threaded ? engine.threadedClientFrame(0, events) : engine.stepSession(0, events));
      |                                 ~~~~~~~~~~~~~~~~~^~~~~~~~~~~~~~~~~~~~~~~~~~~~~~~~~~~~~~~~~~~~~~~~~~~~~~~~~~~~~~~~~~~~~~~~
test/support/../third_party/doctest.h:2976:38: note: expanded from macro 'REQUIRE'
 2976 | #define REQUIRE(...) DOCTEST_REQUIRE(__VA_ARGS__)
      |                      ~~~~~~~~~~~~~~~~^~~~~~~~~~~~
test/support/../third_party/doctest.h:2441:69: note: expanded from macro 'DOCTEST_REQUIRE'
 2441 | #define DOCTEST_REQUIRE(...) DOCTEST_ASSERT_IMPLEMENT_1(DT_REQUIRE, __VA_ARGS__)
      |                              ~~~~~~~~~~~~~~~~~~~~~~~~~~~~~~~~~~~~~~~^~~~~~~~~~~~
test/support/../third_party/doctest.h:2427:24: note: expanded from macro 'DOCTEST_ASSERT_IMPLEMENT_1'
 2426 |             doctest::detail::ExpressionDecomposer(doctest::assertType::assert_type)                \
      |             ~~~~~~~~~~~~~~~~~~~~~~~~~~~~~~~~~~~~~~~~~~~~~~~~~~~~~~~~~~~~~~~~~~~~~~~~~~~~~~~~~~~~~~~~
 2427 |                     << __VA_ARGS__) DOCTEST_CLANG_SUPPRESS_WARNING_POP
      |                     ~~~^~~~~~~~~~~
src/engine/EngineSessionHarness.cpp:94:22: note: place parentheses around the '?:' expression to evaluate it first
   94 |                                 REQUIRE(threaded ? engine.threadedClientFrame(0, events) : engine.stepSession(0, events));
      |                                         ~~~~~~~~~^~~~~~~~~~~~~~~~~~~~~~~~~~~~~~~~~~~~~~~~~~~~~~~~~~~~~~~~~~~~~~~~~~~~~~~
test/support/../third_party/doctest.h:2976:38: note: expanded from macro 'REQUIRE'
 2976 | #define REQUIRE(...) DOCTEST_REQUIRE(__VA_ARGS__)
      |                                      ^~~~~~~~~~~
test/support/../third_party/doctest.h:2441:69: note: expanded from macro 'DOCTEST_REQUIRE'
 2441 | #define DOCTEST_REQUIRE(...) DOCTEST_ASSERT_IMPLEMENT_1(DT_REQUIRE, __VA_ARGS__)
      |                                                                     ^~~~~~~~~~~
test/support/../third_party/doctest.h:2427:24: note: expanded from macro 'DOCTEST_ASSERT_IMPLEMENT_1'
 2427 |                     << __VA_ARGS__) DOCTEST_CLANG_SUPPRESS_WARNING_POP
      |                        ^~~~~~~~~~~
40 warnings generated.
/opt/homebrew/bin/ccache g++ -o build/darwin/client/release/test/engine-src_ai_maxima_MaximaDiagnosticsTest.o -c -g -std=gnu++20 -Wall -fPIC -O3 -DGLOB2_OFFICIAL_INSTANCE_ORIGIN=\"https://app.glob2online.com\" -DGLOB2_OFFICIAL_INSTANCE_FORMER_ORIGINS=\"https://glob2online.com\" -DHAVE_CONFIG_H -DGL_SILENCE_DEPRECATION -DSDL_MAIN_HANDLED -Ibuild/darwin/client/release/recording/prefix/include -I/Users/bradley/glob2/artifacts/recording-sdl3/prefix/include -Ibuild/darwin/client/release/include -I/opt/homebrew/include -Ilibgag/include -I. -Ilibusl/src -Isrc -Isrc/ai -Isrc/hud -Isrc/app -Isrc/game/player -Isrc/team -Isrc/common -Isrc/map -Isrc/game -Isrc/campaign -Isrc/campaign/screens -Isrc/replay -Isrc/game/screens -Isrc/render/clouds -Isrc/ui/screens -Isrc/game/rules -Isrc/game/diagnostics -Isrc/map/editor/screens -Isrc/engine -Isrc/ui -Isrc/map/preview -Isrc/app/cli -Isrc/net/lan/screens -Isrc/online -Isrc/map/tools -Isrc/scripting/map -Isrc/render/overlay -Isrc/audio -Isrc/online/screens -Isrc/game/orders -Isrc/resource -Isrc/ui/settings -Isrc/team/stats -Isrc/render/torus -Isrc/ai/simple -Isrc/ai/castor -Isrc/ai/javascript -Isrc/ai/nicowar -Isrc/ai/numbi -Isrc/ai/telemetry -Isrc/ai/warrush -Isrc/ai/maxima -Isrc/building -Isrc/building/types -Isrc/unit/types -Isrc/building/hud -Isrc/net -Isrc/hud/draw -Isrc/hud/input -Isrc/hud/touch -Isrc/net/turn -Isrc/unit -Isrc/map/editor -Isrc/map/generator -Isrc/map/generator/compatibility -Isrc/map/generator/core -Isrc/map/generator/generators -Isrc/map/generator/shared -Isrc/map/generator/shared/legacy -Isrc/map/gradient -Isrc/map/io -Isrc/net/lan -Isrc/net/message -Isrc/scripting/sgsl -Ithird_party/nlohmann-json/include -Itest -Itest/support -Ilibgag/src -Ithird_party/quickjs-ng src/ai/maxima/MaximaDiagnosticsTest.cpp
/opt/homebrew/bin/ccache g++ -o build/darwin/client/release/test/engine-src_ai_maxima_MaximaLifecycleTest.o -c -g -std=gnu++20 -Wall -fPIC -O3 -DGLOB2_OFFICIAL_INSTANCE_ORIGIN=\"https://app.glob2online.com\" -DGLOB2_OFFICIAL_INSTANCE_FORMER_ORIGINS=\"https://glob2online.com\" -DHAVE_CONFIG_H -DGL_SILENCE_DEPRECATION -DSDL_MAIN_HANDLED -Ibuild/darwin/client/release/recording/prefix/include -I/Users/bradley/glob2/artifacts/recording-sdl3/prefix/include -Ibuild/darwin/client/release/include -I/opt/homebrew/include -Ilibgag/include -I. -Ilibusl/src -Isrc -Isrc/ai -Isrc/hud -Isrc/app -Isrc/game/player -Isrc/team -Isrc/common -Isrc/map -Isrc/game -Isrc/campaign -Isrc/campaign/screens -Isrc/replay -Isrc/game/screens -Isrc/render/clouds -Isrc/ui/screens -Isrc/game/rules -Isrc/game/diagnostics -Isrc/map/editor/screens -Isrc/engine -Isrc/ui -Isrc/map/preview -Isrc/app/cli -Isrc/net/lan/screens -Isrc/online -Isrc/map/tools -Isrc/scripting/map -Isrc/render/overlay -Isrc/audio -Isrc/online/screens -Isrc/game/orders -Isrc/resource -Isrc/ui/settings -Isrc/team/stats -Isrc/render/torus -Isrc/ai/simple -Isrc/ai/castor -Isrc/ai/javascript -Isrc/ai/nicowar -Isrc/ai/numbi -Isrc/ai/telemetry -Isrc/ai/warrush -Isrc/ai/maxima -Isrc/building -Isrc/building/types -Isrc/unit/types -Isrc/building/hud -Isrc/net -Isrc/hud/draw -Isrc/hud/input -Isrc/hud/touch -Isrc/net/turn -Isrc/unit -Isrc/map/editor -Isrc/map/generator -Isrc/map/generator/compatibility -Isrc/map/generator/core -Isrc/map/generator/generators -Isrc/map/generator/shared -Isrc/map/generator/shared/legacy -Isrc/map/gradient -Isrc/map/io -Isrc/net/lan -Isrc/net/message -Isrc/scripting/sgsl -Ithird_party/nlohmann-json/include -Itest -Itest/support -Ilibgag/src -Ithird_party/quickjs-ng src/ai/maxima/MaximaLifecycleTest.cpp
In file included from src/net/turn/TurnEngineHarness.cpp:23:
In file included from test/support/EngineFixtures.h:9:
In file included from src/game/Game.h:12:
In file included from src/map/Map.h:21:
In file included from src/team/Team.h:16:
In file included from src/game/GameEvent.h:9:
In file included from libgag/include/GraphicContext.h:6:
libgag/include/SDLGraphicContext.h:520:16: warning: 'setRes' overrides a member function but is not marked 'override' [-Winconsistent-missing-override]
  520 |                 virtual void setRes(int w, int h) { setRes(w, h, optionFlags); }
      |                              ^
libgag/include/SDLGraphicContext.h:228:16: note: overridden virtual function is here
  228 |                 virtual void setRes(int w, int h);
      |                              ^
libgag/include/SDLGraphicContext.h:596:16: warning: 'setClipRect' overrides a member function but is not marked 'override' [-Winconsistent-missing-override]
  596 |                 virtual void setClipRect(int x, int y, int w, int h);
      |                              ^
libgag/include/SDLGraphicContext.h:230:16: note: overridden virtual function is here
  230 |                 virtual void setClipRect(int x, int y, int w, int h);
      |                              ^
libgag/include/SDLGraphicContext.h:597:16: warning: 'setClipRect' overrides a member function but is not marked 'override' [-Winconsistent-missing-override]
  597 |                 virtual void setClipRect(void);
      |                              ^
libgag/include/SDLGraphicContext.h:231:16: note: overridden virtual function is here
  231 |                 virtual void setClipRect(void);
      |                              ^
libgag/include/SDLGraphicContext.h:602:22: warning: 'nextFrame' overrides a member function but is not marked 'override' [-Winconsistent-missing-override]
  602 |         virtual void nextFrame(void);
      |                      ^
libgag/include/SDLGraphicContext.h:232:16: note: overridden virtual function is here
  232 |                 virtual void nextFrame(void) { flushTextPictures(); }
      |                              ^
libgag/include/SDLGraphicContext.h:604:16: warning: 'loadImage' overrides a member function but is not marked 'override' [-Winconsistent-missing-override]
  604 |                 virtual bool loadImage(const std::string name) { return false; }
      |                              ^
libgag/include/SDLGraphicContext.h:233:16: note: overridden virtual function is here
  233 |                 virtual bool loadImage(const std::string name);
      |                              ^
libgag/include/SDLGraphicContext.h:608:16: warning: 'shiftHSV' overrides a member function but is not marked 'override' [-Winconsistent-missing-override]
  608 |                 virtual void shiftHSV(float hue, float sat, float lum) { }
      |                              ^
libgag/include/SDLGraphicContext.h:234:16: note: overridden virtual function is here
  234 |                 virtual void shiftHSV(float hue, float sat, float lum);
      |                              ^
libgag/include/SDLGraphicContext.h:611:16: warning: 'canDrawStretchedSprite' overrides a member function but is not marked 'override' [-Winconsistent-missing-override]
  611 |                 virtual bool canDrawStretchedSprite(void) { return hasPortableRenderer() || (optionFlags & USEGPU) != 0; }
      |                              ^
libgag/include/SDLGraphicContext.h:252:16: note: overridden virtual function is here
  252 |                 virtual bool canDrawStretchedSprite(void) { return false; }
      |                              ^
libgag/include/SDLGraphicContext.h:613:16: warning: 'drawPixel' overrides a member function but is not marked 'override' [-Winconsistent-missing-override]
  613 |                 virtual void drawPixel(int x, int y, const Color& color);
      |                              ^
libgag/include/SDLGraphicContext.h:255:16: note: overridden virtual function is here
  255 |                 virtual void drawPixel(int x, int y, const Color& color);
      |                              ^
libgag/include/SDLGraphicContext.h:614:16: warning: 'drawPixel' overrides a member function but is not marked 'override' [-Winconsistent-missing-override]
  614 |                 virtual void drawPixel(float x, float y, const Color& color);
      |                              ^
libgag/include/SDLGraphicContext.h:256:16: note: overridden virtual function is here
  256 |                 virtual void drawPixel(float x, float y, const Color& color);
      |                              ^
libgag/include/SDLGraphicContext.h:616:16: warning: 'drawRect' overrides a member function but is not marked 'override' [-Winconsistent-missing-override]
  616 |                 virtual void drawRect(int x, int y, int w, int h, const Color& color);
      |                              ^
libgag/include/SDLGraphicContext.h:258:16: note: overridden virtual function is here
  258 |                 virtual void drawRect(int x, int y, int w, int h, const Color& color);
      |                              ^
libgag/include/SDLGraphicContext.h:617:16: warning: 'drawRect' overrides a member function but is not marked 'override' [-Winconsistent-missing-override]
  617 |                 virtual void drawRect(float x, float y, float w, float h, const Color& color);
      |                              ^
libgag/include/SDLGraphicContext.h:259:16: note: overridden virtual function is here
  259 |                 virtual void drawRect(float x, float y, float w, float h, const Color& color);
      |                              ^
libgag/include/SDLGraphicContext.h:619:16: warning: 'drawFilledRect' overrides a member function but is not marked 'override' [-Winconsistent-missing-override]
  619 |                 virtual void drawFilledRect(int x, int y, int w, int h, const Color& color);
      |                              ^
libgag/include/SDLGraphicContext.h:261:16: note: overridden virtual function is here
  261 |                 virtual void drawFilledRect(int x, int y, int w, int h, const Color& color);
      |                              ^
libgag/include/SDLGraphicContext.h:620:16: warning: 'drawFilledRect' overrides a member function but is not marked 'override' [-Winconsistent-missing-override]
  620 |                 virtual void drawFilledRect(float x, float y, float w, float h, const Color& color);
      |                              ^
libgag/include/SDLGraphicContext.h:262:16: note: overridden virtual function is here
  262 |                 virtual void drawFilledRect(float x, float y, float w, float h, const Color& color);
      |                              ^
libgag/include/SDLGraphicContext.h:622:16: warning: 'drawLine' overrides a member function but is not marked 'override' [-Winconsistent-missing-override]
  622 |                 virtual void drawLine(int x1, int y1, int x2, int y2, const Color& color);
      |                              ^
libgag/include/SDLGraphicContext.h:264:16: note: overridden virtual function is here
  264 |                 virtual void drawLine(int x1, int y1, int x2, int y2, const Color& color);
      |                              ^
libgag/include/SDLGraphicContext.h:623:16: warning: 'drawLine' overrides a member function but is not marked 'override' [-Winconsistent-missing-override]
  623 |                 virtual void drawLine(float x1, float y1, float x2, float y2, const Color& color);
      |                              ^
libgag/include/SDLGraphicContext.h:265:16: note: overridden virtual function is here
  265 |                 virtual void drawLine(float x1, float y1, float x2, float y2, const Color& color);
      |                              ^
libgag/include/SDLGraphicContext.h:625:16: warning: 'drawCircle' overrides a member function but is not marked 'override' [-Winconsistent-missing-override]
  625 |                 virtual void drawCircle(int x, int y, int radius, const Color& color);
      |                              ^
libgag/include/SDLGraphicContext.h:267:16: note: overridden virtual function is here
  267 |                 virtual void drawCircle(int x, int y, int radius, const Color& color);
      |                              ^
libgag/include/SDLGraphicContext.h:626:16: warning: 'drawCircle' overrides a member function but is not marked 'override' [-Winconsistent-missing-override]
  626 |                 virtual void drawCircle(float x, float y, float radius, const Color& color);
      |                              ^
libgag/include/SDLGraphicContext.h:268:16: note: overridden virtual function is here
  268 |                 virtual void drawCircle(float x, float y, float radius, const Color& color);
      |                              ^
libgag/include/SDLGraphicContext.h:628:16: warning: 'drawSurface' overrides a member function but is not marked 'override' [-Winconsistent-missing-override]
  628 |                 virtual void drawSurface(int x, int y, DrawableSurface *surface, Uint8 alpha = Color::ALPHA_OPAQUE);
      |                              ^
libgag/include/SDLGraphicContext.h:270:16: note: overridden virtual function is here
  270 |                 virtual void drawSurface(int x, int y, DrawableSurface *surface, Uint8 alpha = Color::ALPHA_OPAQUE);
      |                              ^
libgag/include/SDLGraphicContext.h:629:16: warning: 'drawSurface' overrides a member function but is not marked 'override' [-Winconsistent-missing-override]
  629 |                 virtual void drawSurface(float x, float y, DrawableSurface *surface, Uint8 alpha = Color::ALPHA_OPAQUE);
      |                              ^
libgag/include/SDLGraphicContext.h:271:16: note: overridden virtual function is here
  271 |                 virtual void drawSurface(float x, float y, DrawableSurface *surface, Uint8 alpha = Color::ALPHA_OPAQUE);
      |                              ^
libgag/include/SDLGraphicContext.h:631:16: warning: 'drawSurface' overrides a member function but is not marked 'override' [-Winconsistent-missing-override]
  631 |                 virtual void drawSurface(int x, int y, int w, int h, DrawableSurface *surface, Uint8 alpha = Color::ALPHA_OPAQUE);
      |                              ^
libgag/include/SDLGraphicContext.h:273:16: note: overridden virtual function is here
  273 |                 virtual void drawSurface(int x, int y, int w, int h, DrawableSurface *surface, Uint8 alpha = Color::ALPHA_OPAQUE);
      |                              ^
libgag/include/SDLGraphicContext.h:632:16: warning: 'drawSurface' overrides a member function but is not marked 'override' [-Winconsistent-missing-override]
  632 |                 virtual void drawSurface(float x, float y, float w, float h, DrawableSurface *surface, Uint8 alpha = Color::ALPHA_OPAQUE);
      |                              ^
libgag/include/SDLGraphicContext.h:274:16: note: overridden virtual function is here
  274 |                 virtual void drawSurface(float x, float y, float w, float h, DrawableSurface *surface, Uint8 alpha = Color::ALPHA_OPAQUE);
      |                              ^
libgag/include/SDLGraphicContext.h:634:16: warning: 'drawSurface' overrides a member function but is not marked 'override' [-Winconsistent-missing-override]
  634 |                 virtual void drawSurface(int x, int y, DrawableSurface *surface, int sx, int sy, int sw, int sh, Uint8 alpha = Color::ALPHA_OPAQUE);
      |                              ^
libgag/include/SDLGraphicContext.h:276:16: note: overridden virtual function is here
  276 |                 virtual void drawSurface(int x, int y, DrawableSurface *surface, int sx, int sy, int sw, int sh, Uint8 alpha = Color::ALPHA_OPAQUE);
      |                              ^
libgag/include/SDLGraphicContext.h:635:16: warning: 'drawSurface' overrides a member function but is not marked 'override' [-Winconsistent-missing-override]
  635 |                 virtual void drawSurface(float x, float y, DrawableSurface *surface, int sx, int sy, int sw, int sh, Uint8 alpha = Color::ALPHA_OPAQUE);
      |                              ^
libgag/include/SDLGraphicContext.h:277:16: note: overridden virtual function is here
  277 |                 virtual void drawSurface(float x, float y, DrawableSurface *surface, int sx, int sy, int sw, int sh, Uint8 alpha = Color::ALPHA_OPAQUE);
      |                              ^
libgag/include/SDLGraphicContext.h:637:16: warning: 'drawSurface' overrides a member function but is not marked 'override' [-Winconsistent-missing-override]
  637 |                 virtual void drawSurface(int x, int y, int w, int h, DrawableSurface *surface, int sx, int sy, int sw, int sh,  Uint8 alpha = Color::ALPHA_OPAQUE);
      |                              ^
libgag/include/SDLGraphicContext.h:279:16: note: overridden virtual function is here
  279 |                 virtual void drawSurface(int x, int y, int w, int h, DrawableSurface *surface, int sx, int sy, int sw, int sh,  Uint8 alpha = Color::ALPHA_OPAQUE);
      |                              ^
libgag/include/SDLGraphicContext.h:638:16: warning: 'drawSurface' overrides a member function but is not marked 'override' [-Winconsistent-missing-override]
  638 |                 virtual void drawSurface(float x, float y, float w, float h, DrawableSurface *surface, int sx, int sy, int sw, int sh, Uint8 alpha = Color::ALPHA_OPAQUE);
      |                              ^
libgag/include/SDLGraphicContext.h:280:16: note: overridden virtual function is here
  280 |                 virtual void drawSurface(float x, float y, float w, float h, DrawableSurface *surface, int sx, int sy, int sw, int sh, Uint8 alpha = Color::ALPHA_OPAQUE);
      |                              ^
libgag/include/SDLGraphicContext.h:661:16: warning: 'drawAlphaMap' overrides a member function but is not marked 'override' [-Winconsistent-missing-override]
  661 |                 virtual void drawAlphaMap(const std::valarray<float> &map, int mapW, int mapH, int x, int y, int cellW, int cellH, const Color &color);
      |                              ^
libgag/include/SDLGraphicContext.h:293:16: note: overridden virtual function is here
  293 |                 virtual void drawAlphaMap(const std::valarray<float> &map, int mapW, int mapH, int x, int y, int cellW, int cellH, const Color &color);
      |                              ^
libgag/include/SDLGraphicContext.h:662:16: warning: 'drawAlphaMap' overrides a member function but is not marked 'override' [-Winconsistent-missing-override]
  662 |                 virtual void drawAlphaMap(const std::valarray<unsigned char> &map, int mapW, int mapH, int x, int y, int cellW, int cellH, const Color &color);
      |                              ^
libgag/include/SDLGraphicContext.h:294:16: note: overridden virtual function is here
  294 |                 virtual void drawAlphaMap(const std::valarray<unsigned char> &map, int mapW, int mapH, int x, int y, int cellW, int cellH, const Color &color);
      |                              ^
libgag/include/SDLGraphicContext.h:665:16: warning: 'drawPixel' overrides a member function but is not marked 'override' [-Winconsistent-missing-override]
  665 |                 virtual void drawPixel(int x, int y, Uint8 r, Uint8 g, Uint8 b, Uint8 a = Color::ALPHA_OPAQUE);
      |                              ^
libgag/include/SDLGraphicContext.h:297:16: note: overridden virtual function is here
  297 |                 virtual void drawPixel(int x, int y, Uint8 r, Uint8 g, Uint8 b, Uint8 a = Color::ALPHA_OPAQUE);
      |                              ^
libgag/include/SDLGraphicContext.h:666:16: warning: 'drawRect' overrides a member function but is not marked 'override' [-Winconsistent-missing-override]
  666 |                 virtual void drawRect(int x, int y, int w, int h, Uint8 r, Uint8 g, Uint8 b, Uint8 a = Color::ALPHA_OPAQUE);
      |                              ^
libgag/include/SDLGraphicContext.h:298:16: note: overridden virtual function is here
  298 |                 virtual void drawRect(int x, int y, int w, int h, Uint8 r, Uint8 g, Uint8 b, Uint8 a = Color::ALPHA_OPAQUE);
      |                              ^
libgag/include/SDLGraphicContext.h:667:16: warning: 'drawFilledRect' overrides a member function but is not marked 'override' [-Winconsistent-missing-override]
  667 |                 virtual void drawFilledRect(int x, int y, int w, int h, Uint8 r, Uint8 g, Uint8 b, Uint8 a = Color::ALPHA_OPAQUE);
      |                              ^
libgag/include/SDLGraphicContext.h:299:16: note: overridden virtual function is here
  299 |                 virtual void drawFilledRect(int x, int y, int w, int h, Uint8 r, Uint8 g, Uint8 b, Uint8 a = Color::ALPHA_OPAQUE);
      |                              ^
libgag/include/SDLGraphicContext.h:668:16: warning: 'drawVertLine' overrides a member function but is not marked 'override' [-Winconsistent-missing-override]
  668 |                 virtual void drawVertLine(int x, int y, int l, Uint8 r, Uint8 g, Uint8 b, Uint8 a = Color::ALPHA_OPAQUE);
      |                              ^
libgag/include/SDLGraphicContext.h:300:16: note: overridden virtual function is here
  300 |                 virtual void drawVertLine(int x, int y, int l, Uint8 r, Uint8 g, Uint8 b, Uint8 a = Color::ALPHA_OPAQUE);
      |                              ^
libgag/include/SDLGraphicContext.h:669:16: warning: 'drawVertLine' overrides a member function but is not marked 'override' [-Winconsistent-missing-override]
  669 |                 virtual void drawVertLine(int x, int y, int l, const Color& color);
      |                              ^
libgag/include/SDLGraphicContext.h:301:16: note: overridden virtual function is here
  301 |                 virtual void drawVertLine(int x, int y, int l, const Color& color);
      |                              ^
libgag/include/SDLGraphicContext.h:670:16: warning: 'drawHorzLine' overrides a member function but is not marked 'override' [-Winconsistent-missing-override]
  670 |                 virtual void drawHorzLine(int x, int y, int l, Uint8 r, Uint8 g, Uint8 b, Uint8 a = Color::ALPHA_OPAQUE);
      |                              ^
libgag/include/SDLGraphicContext.h:302:16: note: overridden virtual function is here
  302 |                 virtual void drawHorzLine(int x, int y, int l, Uint8 r, Uint8 g, Uint8 b, Uint8 a = Color::ALPHA_OPAQUE);
      |                              ^
libgag/include/SDLGraphicContext.h:671:16: warning: 'drawHorzLine' overrides a member function but is not marked 'override' [-Winconsistent-missing-override]
  671 |                 virtual void drawHorzLine(int x, int y, int l, const Color& color);
      |                              ^
libgag/include/SDLGraphicContext.h:303:16: note: overridden virtual function is here
  303 |                 virtual void drawHorzLine(int x, int y, int l, const Color& color);
      |                              ^
libgag/include/SDLGraphicContext.h:672:16: warning: 'drawLine' overrides a member function but is not marked 'override' [-Winconsistent-missing-override]
  672 |                 virtual void drawLine(int x1, int y1, int x2, int y2, Uint8 r, Uint8 g, Uint8 b, Uint8 a = Color::ALPHA_OPAQUE);
      |                              ^
libgag/include/SDLGraphicContext.h:304:16: note: overridden virtual function is here
  304 |                 virtual void drawLine(int x1, int y1, int x2, int y2, Uint8 r, Uint8 g, Uint8 b, Uint8 a = Color::ALPHA_OPAQUE);
      |                              ^
libgag/include/SDLGraphicContext.h:673:16: warning: 'drawCircle' overrides a member function but is not marked 'override' [-Winconsistent-missing-override]
  673 |                 virtual void drawCircle(int x, int y, int radius, Uint8 r, Uint8 g, Uint8 b, Uint8 a = Color::ALPHA_OPAQUE);
      |                              ^
libgag/include/SDLGraphicContext.h:305:16: note: overridden virtual function is here
  305 |                 virtual void drawCircle(int x, int y, int radius, Uint8 r, Uint8 g, Uint8 b, Uint8 a = Color::ALPHA_OPAQUE);
      |                              ^
36 warnings generated.
/opt/homebrew/bin/ccache g++ -o build/darwin/client/release/test/engine-src_ui_OnlineWordingTest.o -c -g -std=gnu++20 -Wall -fPIC -O3 -DGLOB2_OFFICIAL_INSTANCE_ORIGIN=\"https://app.glob2online.com\" -DGLOB2_OFFICIAL_INSTANCE_FORMER_ORIGINS=\"https://glob2online.com\" -DHAVE_CONFIG_H -DGL_SILENCE_DEPRECATION -DSDL_MAIN_HANDLED -Ibuild/darwin/client/release/recording/prefix/include -I/Users/bradley/glob2/artifacts/recording-sdl3/prefix/include -Ibuild/darwin/client/release/include -I/opt/homebrew/include -Ilibgag/include -I. -Ilibusl/src -Isrc -Isrc/ai -Isrc/hud -Isrc/app -Isrc/game/player -Isrc/team -Isrc/common -Isrc/map -Isrc/game -Isrc/campaign -Isrc/campaign/screens -Isrc/replay -Isrc/game/screens -Isrc/render/clouds -Isrc/ui/screens -Isrc/game/rules -Isrc/game/diagnostics -Isrc/map/editor/screens -Isrc/engine -Isrc/ui -Isrc/map/preview -Isrc/app/cli -Isrc/net/lan/screens -Isrc/online -Isrc/map/tools -Isrc/scripting/map -Isrc/render/overlay -Isrc/audio -Isrc/online/screens -Isrc/game/orders -Isrc/resource -Isrc/ui/settings -Isrc/team/stats -Isrc/render/torus -Isrc/ai/simple -Isrc/ai/castor -Isrc/ai/javascript -Isrc/ai/nicowar -Isrc/ai/numbi -Isrc/ai/telemetry -Isrc/ai/warrush -Isrc/ai/maxima -Isrc/building -Isrc/building/types -Isrc/unit/types -Isrc/building/hud -Isrc/net -Isrc/hud/draw -Isrc/hud/input -Isrc/hud/touch -Isrc/net/turn -Isrc/unit -Isrc/map/editor -Isrc/map/generator -Isrc/map/generator/compatibility -Isrc/map/generator/core -Isrc/map/generator/generators -Isrc/map/generator/shared -Isrc/map/generator/shared/legacy -Isrc/map/gradient -Isrc/map/io -Isrc/net/lan -Isrc/net/message -Isrc/scripting/sgsl -Ithird_party/nlohmann-json/include -Itest -Itest/support -Ilibgag/src -Ithird_party/quickjs-ng src/ui/OnlineWordingTest.cpp
In file included from src/online/OnlineScreenLifetimeTest.cpp:13:
In file included from test/support/EngineFixtures.h:9:
In file included from src/game/Game.h:12:
In file included from src/map/Map.h:21:
In file included from src/team/Team.h:16:
In file included from src/game/GameEvent.h:9:
In file included from libgag/include/GraphicContext.h:6:
libgag/include/SDLGraphicContext.h:520:16: warning: 'setRes' overrides a member function but is not marked 'override' [-Winconsistent-missing-override]
  520 |                 virtual void setRes(int w, int h) { setRes(w, h, optionFlags); }
      |                              ^
libgag/include/SDLGraphicContext.h:228:16: note: overridden virtual function is here
  228 |                 virtual void setRes(int w, int h);
      |                              ^
libgag/include/SDLGraphicContext.h:596:16: warning: 'setClipRect' overrides a member function but is not marked 'override' [-Winconsistent-missing-override]
  596 |                 virtual void setClipRect(int x, int y, int w, int h);
      |                              ^
libgag/include/SDLGraphicContext.h:230:16: note: overridden virtual function is here
  230 |                 virtual void setClipRect(int x, int y, int w, int h);
      |                              ^
libgag/include/SDLGraphicContext.h:597:16: warning: 'setClipRect' overrides a member function but is not marked 'override' [-Winconsistent-missing-override]
  597 |                 virtual void setClipRect(void);
      |                              ^
libgag/include/SDLGraphicContext.h:231:16: note: overridden virtual function is here
  231 |                 virtual void setClipRect(void);
      |                              ^
libgag/include/SDLGraphicContext.h:602:22: warning: 'nextFrame' overrides a member function but is not marked 'override' [-Winconsistent-missing-override]
  602 |         virtual void nextFrame(void);
      |                      ^
libgag/include/SDLGraphicContext.h:232:16: note: overridden virtual function is here
  232 |                 virtual void nextFrame(void) { flushTextPictures(); }
      |                              ^
libgag/include/SDLGraphicContext.h:604:16: warning: 'loadImage' overrides a member function but is not marked 'override' [-Winconsistent-missing-override]
  604 |                 virtual bool loadImage(const std::string name) { return false; }
      |                              ^
libgag/include/SDLGraphicContext.h:233:16: note: overridden virtual function is here
  233 |                 virtual bool loadImage(const std::string name);
      |                              ^
libgag/include/SDLGraphicContext.h:608:16: warning: 'shiftHSV' overrides a member function but is not marked 'override' [-Winconsistent-missing-override]
  608 |                 virtual void shiftHSV(float hue, float sat, float lum) { }
      |                              ^
libgag/include/SDLGraphicContext.h:234:16: note: overridden virtual function is here
  234 |                 virtual void shiftHSV(float hue, float sat, float lum);
      |                              ^
libgag/include/SDLGraphicContext.h:611:16: warning: 'canDrawStretchedSprite' overrides a member function but is not marked 'override' [-Winconsistent-missing-override]
  611 |                 virtual bool canDrawStretchedSprite(void) { return hasPortableRenderer() || (optionFlags & USEGPU) != 0; }
      |                              ^
libgag/include/SDLGraphicContext.h:252:16: note: overridden virtual function is here
  252 |                 virtual bool canDrawStretchedSprite(void) { return false; }
      |                              ^
libgag/include/SDLGraphicContext.h:613:16: warning: 'drawPixel' overrides a member function but is not marked 'override' [-Winconsistent-missing-override]
  613 |                 virtual void drawPixel(int x, int y, const Color& color);
      |                              ^
libgag/include/SDLGraphicContext.h:255:16: note: overridden virtual function is here
  255 |                 virtual void drawPixel(int x, int y, const Color& color);
      |                              ^
libgag/include/SDLGraphicContext.h:614:16: warning: 'drawPixel' overrides a member function but is not marked 'override' [-Winconsistent-missing-override]
  614 |                 virtual void drawPixel(float x, float y, const Color& color);
      |                              ^
libgag/include/SDLGraphicContext.h:256:16: note: overridden virtual function is here
  256 |                 virtual void drawPixel(float x, float y, const Color& color);
      |                              ^
libgag/include/SDLGraphicContext.h:616:16: warning: 'drawRect' overrides a member function but is not marked 'override' [-Winconsistent-missing-override]
  616 |                 virtual void drawRect(int x, int y, int w, int h, const Color& color);
      |                              ^
libgag/include/SDLGraphicContext.h:258:16: note: overridden virtual function is here
  258 |                 virtual void drawRect(int x, int y, int w, int h, const Color& color);
      |                              ^
libgag/include/SDLGraphicContext.h:617:16: warning: 'drawRect' overrides a member function but is not marked 'override' [-Winconsistent-missing-override]
  617 |                 virtual void drawRect(float x, float y, float w, float h, const Color& color);
      |                              ^
libgag/include/SDLGraphicContext.h:259:16: note: overridden virtual function is here
  259 |                 virtual void drawRect(float x, float y, float w, float h, const Color& color);
      |                              ^
libgag/include/SDLGraphicContext.h:619:16: warning: 'drawFilledRect' overrides a member function but is not marked 'override' [-Winconsistent-missing-override]
  619 |                 virtual void drawFilledRect(int x, int y, int w, int h, const Color& color);
      |                              ^
libgag/include/SDLGraphicContext.h:261:16: note: overridden virtual function is here
  261 |                 virtual void drawFilledRect(int x, int y, int w, int h, const Color& color);
      |                              ^
libgag/include/SDLGraphicContext.h:620:16: warning: 'drawFilledRect' overrides a member function but is not marked 'override' [-Winconsistent-missing-override]
  620 |                 virtual void drawFilledRect(float x, float y, float w, float h, const Color& color);
      |                              ^
libgag/include/SDLGraphicContext.h:262:16: note: overridden virtual function is here
  262 |                 virtual void drawFilledRect(float x, float y, float w, float h, const Color& color);
      |                              ^
libgag/include/SDLGraphicContext.h:622:16: warning: 'drawLine' overrides a member function but is not marked 'override' [-Winconsistent-missing-override]
  622 |                 virtual void drawLine(int x1, int y1, int x2, int y2, const Color& color);
      |                              ^
libgag/include/SDLGraphicContext.h:264:16: note: overridden virtual function is here
  264 |                 virtual void drawLine(int x1, int y1, int x2, int y2, const Color& color);
      |                              ^
libgag/include/SDLGraphicContext.h:623:16: warning: 'drawLine' overrides a member function but is not marked 'override' [-Winconsistent-missing-override]
  623 |                 virtual void drawLine(float x1, float y1, float x2, float y2, const Color& color);
      |                              ^
libgag/include/SDLGraphicContext.h:265:16: note: overridden virtual function is here
  265 |                 virtual void drawLine(float x1, float y1, float x2, float y2, const Color& color);
      |                              ^
libgag/include/SDLGraphicContext.h:625:16: warning: 'drawCircle' overrides a member function but is not marked 'override' [-Winconsistent-missing-override]
  625 |                 virtual void drawCircle(int x, int y, int radius, const Color& color);
      |                              ^
libgag/include/SDLGraphicContext.h:267:16: note: overridden virtual function is here
  267 |                 virtual void drawCircle(int x, int y, int radius, const Color& color);
      |                              ^
libgag/include/SDLGraphicContext.h:626:16: warning: 'drawCircle' overrides a member function but is not marked 'override' [-Winconsistent-missing-override]
  626 |                 virtual void drawCircle(float x, float y, float radius, const Color& color);
      |                              ^
libgag/include/SDLGraphicContext.h:268:16: note: overridden virtual function is here
  268 |                 virtual void drawCircle(float x, float y, float radius, const Color& color);
      |                              ^
libgag/include/SDLGraphicContext.h:628:16: warning: 'drawSurface' overrides a member function but is not marked 'override' [-Winconsistent-missing-override]
  628 |                 virtual void drawSurface(int x, int y, DrawableSurface *surface, Uint8 alpha = Color::ALPHA_OPAQUE);
      |                              ^
libgag/include/SDLGraphicContext.h:270:16: note: overridden virtual function is here
  270 |                 virtual void drawSurface(int x, int y, DrawableSurface *surface, Uint8 alpha = Color::ALPHA_OPAQUE);
      |                              ^
libgag/include/SDLGraphicContext.h:629:16: warning: 'drawSurface' overrides a member function but is not marked 'override' [-Winconsistent-missing-override]
  629 |                 virtual void drawSurface(float x, float y, DrawableSurface *surface, Uint8 alpha = Color::ALPHA_OPAQUE);
      |                              ^
libgag/include/SDLGraphicContext.h:271:16: note: overridden virtual function is here
  271 |                 virtual void drawSurface(float x, float y, DrawableSurface *surface, Uint8 alpha = Color::ALPHA_OPAQUE);
      |                              ^
libgag/include/SDLGraphicContext.h:631:16: warning: 'drawSurface' overrides a member function but is not marked 'override' [-Winconsistent-missing-override]
  631 |                 virtual void drawSurface(int x, int y, int w, int h, DrawableSurface *surface, Uint8 alpha = Color::ALPHA_OPAQUE);
      |                              ^
libgag/include/SDLGraphicContext.h:273:16: note: overridden virtual function is here
  273 |                 virtual void drawSurface(int x, int y, int w, int h, DrawableSurface *surface, Uint8 alpha = Color::ALPHA_OPAQUE);
      |                              ^
libgag/include/SDLGraphicContext.h:632:16: warning: 'drawSurface' overrides a member function but is not marked 'override' [-Winconsistent-missing-override]
  632 |                 virtual void drawSurface(float x, float y, float w, float h, DrawableSurface *surface, Uint8 alpha = Color::ALPHA_OPAQUE);
      |                              ^
libgag/include/SDLGraphicContext.h:274:16: note: overridden virtual function is here
  274 |                 virtual void drawSurface(float x, float y, float w, float h, DrawableSurface *surface, Uint8 alpha = Color::ALPHA_OPAQUE);
      |                              ^
libgag/include/SDLGraphicContext.h:634:16: warning: 'drawSurface' overrides a member function but is not marked 'override' [-Winconsistent-missing-override]
  634 |                 virtual void drawSurface(int x, int y, DrawableSurface *surface, int sx, int sy, int sw, int sh, Uint8 alpha = Color::ALPHA_OPAQUE);
      |                              ^
libgag/include/SDLGraphicContext.h:276:16: note: overridden virtual function is here
  276 |                 virtual void drawSurface(int x, int y, DrawableSurface *surface, int sx, int sy, int sw, int sh, Uint8 alpha = Color::ALPHA_OPAQUE);
      |                              ^
libgag/include/SDLGraphicContext.h:635:16: warning: 'drawSurface' overrides a member function but is not marked 'override' [-Winconsistent-missing-override]
  635 |                 virtual void drawSurface(float x, float y, DrawableSurface *surface, int sx, int sy, int sw, int sh, Uint8 alpha = Color::ALPHA_OPAQUE);
      |                              ^
libgag/include/SDLGraphicContext.h:277:16: note: overridden virtual function is here
  277 |                 virtual void drawSurface(float x, float y, DrawableSurface *surface, int sx, int sy, int sw, int sh, Uint8 alpha = Color::ALPHA_OPAQUE);
      |                              ^
libgag/include/SDLGraphicContext.h:637:16: warning: 'drawSurface' overrides a member function but is not marked 'override' [-Winconsistent-missing-override]
  637 |                 virtual void drawSurface(int x, int y, int w, int h, DrawableSurface *surface, int sx, int sy, int sw, int sh,  Uint8 alpha = Color::ALPHA_OPAQUE);
      |                              ^
libgag/include/SDLGraphicContext.h:279:16: note: overridden virtual function is here
  279 |                 virtual void drawSurface(int x, int y, int w, int h, DrawableSurface *surface, int sx, int sy, int sw, int sh,  Uint8 alpha = Color::ALPHA_OPAQUE);
      |                              ^
libgag/include/SDLGraphicContext.h:638:16: warning: 'drawSurface' overrides a member function but is not marked 'override' [-Winconsistent-missing-override]
  638 |                 virtual void drawSurface(float x, float y, float w, float h, DrawableSurface *surface, int sx, int sy, int sw, int sh, Uint8 alpha = Color::ALPHA_OPAQUE);
      |                              ^
libgag/include/SDLGraphicContext.h:280:16: note: overridden virtual function is here
  280 |                 virtual void drawSurface(float x, float y, float w, float h, DrawableSurface *surface, int sx, int sy, int sw, int sh, Uint8 alpha = Color::ALPHA_OPAQUE);
      |                              ^
libgag/include/SDLGraphicContext.h:661:16: warning: 'drawAlphaMap' overrides a member function but is not marked 'override' [-Winconsistent-missing-override]
  661 |                 virtual void drawAlphaMap(const std::valarray<float> &map, int mapW, int mapH, int x, int y, int cellW, int cellH, const Color &color);
      |                              ^
libgag/include/SDLGraphicContext.h:293:16: note: overridden virtual function is here
  293 |                 virtual void drawAlphaMap(const std::valarray<float> &map, int mapW, int mapH, int x, int y, int cellW, int cellH, const Color &color);
      |                              ^
libgag/include/SDLGraphicContext.h:662:16: warning: 'drawAlphaMap' overrides a member function but is not marked 'override' [-Winconsistent-missing-override]
  662 |                 virtual void drawAlphaMap(const std::valarray<unsigned char> &map, int mapW, int mapH, int x, int y, int cellW, int cellH, const Color &color);
      |                              ^
libgag/include/SDLGraphicContext.h:294:16: note: overridden virtual function is here
  294 |                 virtual void drawAlphaMap(const std::valarray<unsigned char> &map, int mapW, int mapH, int x, int y, int cellW, int cellH, const Color &color);
      |                              ^
libgag/include/SDLGraphicContext.h:665:16: warning: 'drawPixel' overrides a member function but is not marked 'override' [-Winconsistent-missing-override]
  665 |                 virtual void drawPixel(int x, int y, Uint8 r, Uint8 g, Uint8 b, Uint8 a = Color::ALPHA_OPAQUE);
      |                              ^
libgag/include/SDLGraphicContext.h:297:16: note: overridden virtual function is here
  297 |                 virtual void drawPixel(int x, int y, Uint8 r, Uint8 g, Uint8 b, Uint8 a = Color::ALPHA_OPAQUE);
      |                              ^
libgag/include/SDLGraphicContext.h:666:16: warning: 'drawRect' overrides a member function but is not marked 'override' [-Winconsistent-missing-override]
  666 |                 virtual void drawRect(int x, int y, int w, int h, Uint8 r, Uint8 g, Uint8 b, Uint8 a = Color::ALPHA_OPAQUE);
      |                              ^
libgag/include/SDLGraphicContext.h:298:16: note: overridden virtual function is here
  298 |                 virtual void drawRect(int x, int y, int w, int h, Uint8 r, Uint8 g, Uint8 b, Uint8 a = Color::ALPHA_OPAQUE);
      |                              ^
libgag/include/SDLGraphicContext.h:667:16: warning: 'drawFilledRect' overrides a member function but is not marked 'override' [-Winconsistent-missing-override]
  667 |                 virtual void drawFilledRect(int x, int y, int w, int h, Uint8 r, Uint8 g, Uint8 b, Uint8 a = Color::ALPHA_OPAQUE);
      |                              ^
libgag/include/SDLGraphicContext.h:299:16: note: overridden virtual function is here
  299 |                 virtual void drawFilledRect(int x, int y, int w, int h, Uint8 r, Uint8 g, Uint8 b, Uint8 a = Color::ALPHA_OPAQUE);
      |                              ^
libgag/include/SDLGraphicContext.h:668:16: warning: 'drawVertLine' overrides a member function but is not marked 'override' [-Winconsistent-missing-override]
  668 |                 virtual void drawVertLine(int x, int y, int l, Uint8 r, Uint8 g, Uint8 b, Uint8 a = Color::ALPHA_OPAQUE);
      |                              ^
libgag/include/SDLGraphicContext.h:300:16: note: overridden virtual function is here
  300 |                 virtual void drawVertLine(int x, int y, int l, Uint8 r, Uint8 g, Uint8 b, Uint8 a = Color::ALPHA_OPAQUE);
      |                              ^
libgag/include/SDLGraphicContext.h:669:16: warning: 'drawVertLine' overrides a member function but is not marked 'override' [-Winconsistent-missing-override]
  669 |                 virtual void drawVertLine(int x, int y, int l, const Color& color);
      |                              ^
libgag/include/SDLGraphicContext.h:301:16: note: overridden virtual function is here
  301 |                 virtual void drawVertLine(int x, int y, int l, const Color& color);
      |                              ^
libgag/include/SDLGraphicContext.h:670:16: warning: 'drawHorzLine' overrides a member function but is not marked 'override' [-Winconsistent-missing-override]
  670 |                 virtual void drawHorzLine(int x, int y, int l, Uint8 r, Uint8 g, Uint8 b, Uint8 a = Color::ALPHA_OPAQUE);
      |                              ^
libgag/include/SDLGraphicContext.h:302:16: note: overridden virtual function is here
  302 |                 virtual void drawHorzLine(int x, int y, int l, Uint8 r, Uint8 g, Uint8 b, Uint8 a = Color::ALPHA_OPAQUE);
      |                              ^
libgag/include/SDLGraphicContext.h:671:16: warning: 'drawHorzLine' overrides a member function but is not marked 'override' [-Winconsistent-missing-override]
  671 |                 virtual void drawHorzLine(int x, int y, int l, const Color& color);
      |                              ^
libgag/include/SDLGraphicContext.h:303:16: note: overridden virtual function is here
  303 |                 virtual void drawHorzLine(int x, int y, int l, const Color& color);
      |                              ^
libgag/include/SDLGraphicContext.h:672:16: warning: 'drawLine' overrides a member function but is not marked 'override' [-Winconsistent-missing-override]
  672 |                 virtual void drawLine(int x1, int y1, int x2, int y2, Uint8 r, Uint8 g, Uint8 b, Uint8 a = Color::ALPHA_OPAQUE);
      |                              ^
libgag/include/SDLGraphicContext.h:304:16: note: overridden virtual function is here
  304 |                 virtual void drawLine(int x1, int y1, int x2, int y2, Uint8 r, Uint8 g, Uint8 b, Uint8 a = Color::ALPHA_OPAQUE);
      |                              ^
libgag/include/SDLGraphicContext.h:673:16: warning: 'drawCircle' overrides a member function but is not marked 'override' [-Winconsistent-missing-override]
  673 |                 virtual void drawCircle(int x, int y, int radius, Uint8 r, Uint8 g, Uint8 b, Uint8 a = Color::ALPHA_OPAQUE);
      |                              ^
libgag/include/SDLGraphicContext.h:305:16: note: overridden virtual function is here
  305 |                 virtual void drawCircle(int x, int y, int radius, Uint8 r, Uint8 g, Uint8 b, Uint8 a = Color::ALPHA_OPAQUE);
      |                              ^
36 warnings generated.
/opt/homebrew/bin/ccache g++ -o build/darwin/client/release/test/engine-src_render_HighResolutionIntegrationHarness.o -c -g -std=gnu++20 -Wall -fPIC -O3 -DGLOB2_OFFICIAL_INSTANCE_ORIGIN=\"https://app.glob2online.com\" -DGLOB2_OFFICIAL_INSTANCE_FORMER_ORIGINS=\"https://glob2online.com\" -DHAVE_CONFIG_H -DGL_SILENCE_DEPRECATION -DSDL_MAIN_HANDLED -Ibuild/darwin/client/release/recording/prefix/include -I/Users/bradley/glob2/artifacts/recording-sdl3/prefix/include -Ibuild/darwin/client/release/include -I/opt/homebrew/include -Ilibgag/include -I. -Ilibusl/src -Isrc -Isrc/ai -Isrc/hud -Isrc/app -Isrc/game/player -Isrc/team -Isrc/common -Isrc/map -Isrc/game -Isrc/campaign -Isrc/campaign/screens -Isrc/replay -Isrc/game/screens -Isrc/render/clouds -Isrc/ui/screens -Isrc/game/rules -Isrc/game/diagnostics -Isrc/map/editor/screens -Isrc/engine -Isrc/ui -Isrc/map/preview -Isrc/app/cli -Isrc/net/lan/screens -Isrc/online -Isrc/map/tools -Isrc/scripting/map -Isrc/render/overlay -Isrc/audio -Isrc/online/screens -Isrc/game/orders -Isrc/resource -Isrc/ui/settings -Isrc/team/stats -Isrc/render/torus -Isrc/ai/simple -Isrc/ai/castor -Isrc/ai/javascript -Isrc/ai/nicowar -Isrc/ai/numbi -Isrc/ai/telemetry -Isrc/ai/warrush -Isrc/ai/maxima -Isrc/building -Isrc/building/types -Isrc/unit/types -Isrc/building/hud -Isrc/net -Isrc/hud/draw -Isrc/hud/input -Isrc/hud/touch -Isrc/net/turn -Isrc/unit -Isrc/map/editor -Isrc/map/generator -Isrc/map/generator/compatibility -Isrc/map/generator/core -Isrc/map/generator/generators -Isrc/map/generator/shared -Isrc/map/generator/shared/legacy -Isrc/map/gradient -Isrc/map/io -Isrc/net/lan -Isrc/net/message -Isrc/scripting/sgsl -Ithird_party/nlohmann-json/include -Itest -Itest/support -Ilibgag/src -Ithird_party/quickjs-ng src/render/HighResolutionIntegrationHarness.cpp
In file included from src/render/MapRenderResizeHarness.cpp:3:
In file included from test/support/EngineFixtures.h:9:
In file included from src/game/Game.h:12:
In file included from src/map/Map.h:21:
In file included from src/team/Team.h:16:
In file included from src/game/GameEvent.h:9:
In file included from libgag/include/GraphicContext.h:6:
libgag/include/SDLGraphicContext.h:520:16: warning: 'setRes' overrides a member function but is not marked 'override' [-Winconsistent-missing-override]
  520 |                 virtual void setRes(int w, int h) { setRes(w, h, optionFlags); }
      |                              ^
libgag/include/SDLGraphicContext.h:228:16: note: overridden virtual function is here
  228 |                 virtual void setRes(int w, int h);
      |                              ^
libgag/include/SDLGraphicContext.h:596:16: warning: 'setClipRect' overrides a member function but is not marked 'override' [-Winconsistent-missing-override]
  596 |                 virtual void setClipRect(int x, int y, int w, int h);
      |                              ^
libgag/include/SDLGraphicContext.h:230:16: note: overridden virtual function is here
  230 |                 virtual void setClipRect(int x, int y, int w, int h);
      |                              ^
libgag/include/SDLGraphicContext.h:597:16: warning: 'setClipRect' overrides a member function but is not marked 'override' [-Winconsistent-missing-override]
  597 |                 virtual void setClipRect(void);
      |                              ^
libgag/include/SDLGraphicContext.h:231:16: note: overridden virtual function is here
  231 |                 virtual void setClipRect(void);
      |                              ^
libgag/include/SDLGraphicContext.h:602:22: warning: 'nextFrame' overrides a member function but is not marked 'override' [-Winconsistent-missing-override]
  602 |         virtual void nextFrame(void);
      |                      ^
libgag/include/SDLGraphicContext.h:232:16: note: overridden virtual function is here
  232 |                 virtual void nextFrame(void) { flushTextPictures(); }
      |                              ^
libgag/include/SDLGraphicContext.h:604:16: warning: 'loadImage' overrides a member function but is not marked 'override' [-Winconsistent-missing-override]
  604 |                 virtual bool loadImage(const std::string name) { return false; }
      |                              ^
libgag/include/SDLGraphicContext.h:233:16: note: overridden virtual function is here
  233 |                 virtual bool loadImage(const std::string name);
      |                              ^
libgag/include/SDLGraphicContext.h:608:16: warning: 'shiftHSV' overrides a member function but is not marked 'override' [-Winconsistent-missing-override]
  608 |                 virtual void shiftHSV(float hue, float sat, float lum) { }
      |                              ^
libgag/include/SDLGraphicContext.h:234:16: note: overridden virtual function is here
  234 |                 virtual void shiftHSV(float hue, float sat, float lum);
      |                              ^
libgag/include/SDLGraphicContext.h:611:16: warning: 'canDrawStretchedSprite' overrides a member function but is not marked 'override' [-Winconsistent-missing-override]
  611 |                 virtual bool canDrawStretchedSprite(void) { return hasPortableRenderer() || (optionFlags & USEGPU) != 0; }
      |                              ^
libgag/include/SDLGraphicContext.h:252:16: note: overridden virtual function is here
  252 |                 virtual bool canDrawStretchedSprite(void) { return false; }
      |                              ^
libgag/include/SDLGraphicContext.h:613:16: warning: 'drawPixel' overrides a member function but is not marked 'override' [-Winconsistent-missing-override]
  613 |                 virtual void drawPixel(int x, int y, const Color& color);
      |                              ^
libgag/include/SDLGraphicContext.h:255:16: note: overridden virtual function is here
  255 |                 virtual void drawPixel(int x, int y, const Color& color);
      |                              ^
libgag/include/SDLGraphicContext.h:614:16: warning: 'drawPixel' overrides a member function but is not marked 'override' [-Winconsistent-missing-override]
  614 |                 virtual void drawPixel(float x, float y, const Color& color);
      |                              ^
libgag/include/SDLGraphicContext.h:256:16: note: overridden virtual function is here
  256 |                 virtual void drawPixel(float x, float y, const Color& color);
      |                              ^
libgag/include/SDLGraphicContext.h:616:16: warning: 'drawRect' overrides a member function but is not marked 'override' [-Winconsistent-missing-override]
  616 |                 virtual void drawRect(int x, int y, int w, int h, const Color& color);
      |                              ^
libgag/include/SDLGraphicContext.h:258:16: note: overridden virtual function is here
  258 |                 virtual void drawRect(int x, int y, int w, int h, const Color& color);
      |                              ^
libgag/include/SDLGraphicContext.h:617:16: warning: 'drawRect' overrides a member function but is not marked 'override' [-Winconsistent-missing-override]
  617 |                 virtual void drawRect(float x, float y, float w, float h, const Color& color);
      |                              ^
libgag/include/SDLGraphicContext.h:259:16: note: overridden virtual function is here
  259 |                 virtual void drawRect(float x, float y, float w, float h, const Color& color);
      |                              ^
libgag/include/SDLGraphicContext.h:619:16: warning: 'drawFilledRect' overrides a member function but is not marked 'override' [-Winconsistent-missing-override]
  619 |                 virtual void drawFilledRect(int x, int y, int w, int h, const Color& color);
      |                              ^
libgag/include/SDLGraphicContext.h:261:16: note: overridden virtual function is here
  261 |                 virtual void drawFilledRect(int x, int y, int w, int h, const Color& color);
      |                              ^
libgag/include/SDLGraphicContext.h:620:16: warning: 'drawFilledRect' overrides a member function but is not marked 'override' [-Winconsistent-missing-override]
  620 |                 virtual void drawFilledRect(float x, float y, float w, float h, const Color& color);
      |                              ^
libgag/include/SDLGraphicContext.h:262:16: note: overridden virtual function is here
  262 |                 virtual void drawFilledRect(float x, float y, float w, float h, const Color& color);
      |                              ^
libgag/include/SDLGraphicContext.h:622:16: warning: 'drawLine' overrides a member function but is not marked 'override' [-Winconsistent-missing-override]
  622 |                 virtual void drawLine(int x1, int y1, int x2, int y2, const Color& color);
      |                              ^
libgag/include/SDLGraphicContext.h:264:16: note: overridden virtual function is here
  264 |                 virtual void drawLine(int x1, int y1, int x2, int y2, const Color& color);
      |                              ^
libgag/include/SDLGraphicContext.h:623:16: warning: 'drawLine' overrides a member function but is not marked 'override' [-Winconsistent-missing-override]
  623 |                 virtual void drawLine(float x1, float y1, float x2, float y2, const Color& color);
      |                              ^
libgag/include/SDLGraphicContext.h:265:16: note: overridden virtual function is here
  265 |                 virtual void drawLine(float x1, float y1, float x2, float y2, const Color& color);
      |                              ^
libgag/include/SDLGraphicContext.h:625:16: warning: 'drawCircle' overrides a member function but is not marked 'override' [-Winconsistent-missing-override]
  625 |                 virtual void drawCircle(int x, int y, int radius, const Color& color);
      |                              ^
libgag/include/SDLGraphicContext.h:267:16: note: overridden virtual function is here
  267 |                 virtual void drawCircle(int x, int y, int radius, const Color& color);
      |                              ^
libgag/include/SDLGraphicContext.h:626:16: warning: 'drawCircle' overrides a member function but is not marked 'override' [-Winconsistent-missing-override]
  626 |                 virtual void drawCircle(float x, float y, float radius, const Color& color);
      |                              ^
libgag/include/SDLGraphicContext.h:268:16: note: overridden virtual function is here
  268 |                 virtual void drawCircle(float x, float y, float radius, const Color& color);
      |                              ^
libgag/include/SDLGraphicContext.h:628:16: warning: 'drawSurface' overrides a member function but is not marked 'override' [-Winconsistent-missing-override]
  628 |                 virtual void drawSurface(int x, int y, DrawableSurface *surface, Uint8 alpha = Color::ALPHA_OPAQUE);
      |                              ^
libgag/include/SDLGraphicContext.h:270:16: note: overridden virtual function is here
  270 |                 virtual void drawSurface(int x, int y, DrawableSurface *surface, Uint8 alpha = Color::ALPHA_OPAQUE);
      |                              ^
libgag/include/SDLGraphicContext.h:629:16: warning: 'drawSurface' overrides a member function but is not marked 'override' [-Winconsistent-missing-override]
  629 |                 virtual void drawSurface(float x, float y, DrawableSurface *surface, Uint8 alpha = Color::ALPHA_OPAQUE);
      |                              ^
libgag/include/SDLGraphicContext.h:271:16: note: overridden virtual function is here
  271 |                 virtual void drawSurface(float x, float y, DrawableSurface *surface, Uint8 alpha = Color::ALPHA_OPAQUE);
      |                              ^
libgag/include/SDLGraphicContext.h:631:16: warning: 'drawSurface' overrides a member function but is not marked 'override' [-Winconsistent-missing-override]
  631 |                 virtual void drawSurface(int x, int y, int w, int h, DrawableSurface *surface, Uint8 alpha = Color::ALPHA_OPAQUE);
      |                              ^
libgag/include/SDLGraphicContext.h:273:16: note: overridden virtual function is here
  273 |                 virtual void drawSurface(int x, int y, int w, int h, DrawableSurface *surface, Uint8 alpha = Color::ALPHA_OPAQUE);
      |                              ^
libgag/include/SDLGraphicContext.h:632:16: warning: 'drawSurface' overrides a member function but is not marked 'override' [-Winconsistent-missing-override]
  632 |                 virtual void drawSurface(float x, float y, float w, float h, DrawableSurface *surface, Uint8 alpha = Color::ALPHA_OPAQUE);
      |                              ^
libgag/include/SDLGraphicContext.h:274:16: note: overridden virtual function is here
  274 |                 virtual void drawSurface(float x, float y, float w, float h, DrawableSurface *surface, Uint8 alpha = Color::ALPHA_OPAQUE);
      |                              ^
libgag/include/SDLGraphicContext.h:634:16: warning: 'drawSurface' overrides a member function but is not marked 'override' [-Winconsistent-missing-override]
  634 |                 virtual void drawSurface(int x, int y, DrawableSurface *surface, int sx, int sy, int sw, int sh, Uint8 alpha = Color::ALPHA_OPAQUE);
      |                              ^
libgag/include/SDLGraphicContext.h:276:16: note: overridden virtual function is here
  276 |                 virtual void drawSurface(int x, int y, DrawableSurface *surface, int sx, int sy, int sw, int sh, Uint8 alpha = Color::ALPHA_OPAQUE);
      |                              ^
libgag/include/SDLGraphicContext.h:635:16: warning: 'drawSurface' overrides a member function but is not marked 'override' [-Winconsistent-missing-override]
  635 |                 virtual void drawSurface(float x, float y, DrawableSurface *surface, int sx, int sy, int sw, int sh, Uint8 alpha = Color::ALPHA_OPAQUE);
      |                              ^
libgag/include/SDLGraphicContext.h:277:16: note: overridden virtual function is here
  277 |                 virtual void drawSurface(float x, float y, DrawableSurface *surface, int sx, int sy, int sw, int sh, Uint8 alpha = Color::ALPHA_OPAQUE);
      |                              ^
libgag/include/SDLGraphicContext.h:637:16: warning: 'drawSurface' overrides a member function but is not marked 'override' [-Winconsistent-missing-override]
  637 |                 virtual void drawSurface(int x, int y, int w, int h, DrawableSurface *surface, int sx, int sy, int sw, int sh,  Uint8 alpha = Color::ALPHA_OPAQUE);
      |                              ^
libgag/include/SDLGraphicContext.h:279:16: note: overridden virtual function is here
  279 |                 virtual void drawSurface(int x, int y, int w, int h, DrawableSurface *surface, int sx, int sy, int sw, int sh,  Uint8 alpha = Color::ALPHA_OPAQUE);
      |                              ^
libgag/include/SDLGraphicContext.h:638:16: warning: 'drawSurface' overrides a member function but is not marked 'override' [-Winconsistent-missing-override]
  638 |                 virtual void drawSurface(float x, float y, float w, float h, DrawableSurface *surface, int sx, int sy, int sw, int sh, Uint8 alpha = Color::ALPHA_OPAQUE);
      |                              ^
libgag/include/SDLGraphicContext.h:280:16: note: overridden virtual function is here
  280 |                 virtual void drawSurface(float x, float y, float w, float h, DrawableSurface *surface, int sx, int sy, int sw, int sh, Uint8 alpha = Color::ALPHA_OPAQUE);
      |                              ^
libgag/include/SDLGraphicContext.h:661:16: warning: 'drawAlphaMap' overrides a member function but is not marked 'override' [-Winconsistent-missing-override]
  661 |                 virtual void drawAlphaMap(const std::valarray<float> &map, int mapW, int mapH, int x, int y, int cellW, int cellH, const Color &color);
      |                              ^
libgag/include/SDLGraphicContext.h:293:16: note: overridden virtual function is here
  293 |                 virtual void drawAlphaMap(const std::valarray<float> &map, int mapW, int mapH, int x, int y, int cellW, int cellH, const Color &color);
      |                              ^
libgag/include/SDLGraphicContext.h:662:16: warning: 'drawAlphaMap' overrides a member function but is not marked 'override' [-Winconsistent-missing-override]
  662 |                 virtual void drawAlphaMap(const std::valarray<unsigned char> &map, int mapW, int mapH, int x, int y, int cellW, int cellH, const Color &color);
      |                              ^
libgag/include/SDLGraphicContext.h:294:16: note: overridden virtual function is here
  294 |                 virtual void drawAlphaMap(const std::valarray<unsigned char> &map, int mapW, int mapH, int x, int y, int cellW, int cellH, const Color &color);
      |                              ^
libgag/include/SDLGraphicContext.h:665:16: warning: 'drawPixel' overrides a member function but is not marked 'override' [-Winconsistent-missing-override]
  665 |                 virtual void drawPixel(int x, int y, Uint8 r, Uint8 g, Uint8 b, Uint8 a = Color::ALPHA_OPAQUE);
      |                              ^
libgag/include/SDLGraphicContext.h:297:16: note: overridden virtual function is here
  297 |                 virtual void drawPixel(int x, int y, Uint8 r, Uint8 g, Uint8 b, Uint8 a = Color::ALPHA_OPAQUE);
      |                              ^
libgag/include/SDLGraphicContext.h:666:16: warning: 'drawRect' overrides a member function but is not marked 'override' [-Winconsistent-missing-override]
  666 |                 virtual void drawRect(int x, int y, int w, int h, Uint8 r, Uint8 g, Uint8 b, Uint8 a = Color::ALPHA_OPAQUE);
      |                              ^
libgag/include/SDLGraphicContext.h:298:16: note: overridden virtual function is here
  298 |                 virtual void drawRect(int x, int y, int w, int h, Uint8 r, Uint8 g, Uint8 b, Uint8 a = Color::ALPHA_OPAQUE);
      |                              ^
libgag/include/SDLGraphicContext.h:667:16: warning: 'drawFilledRect' overrides a member function but is not marked 'override' [-Winconsistent-missing-override]
  667 |                 virtual void drawFilledRect(int x, int y, int w, int h, Uint8 r, Uint8 g, Uint8 b, Uint8 a = Color::ALPHA_OPAQUE);
      |                              ^
libgag/include/SDLGraphicContext.h:299:16: note: overridden virtual function is here
  299 |                 virtual void drawFilledRect(int x, int y, int w, int h, Uint8 r, Uint8 g, Uint8 b, Uint8 a = Color::ALPHA_OPAQUE);
      |                              ^
libgag/include/SDLGraphicContext.h:668:16: warning: 'drawVertLine' overrides a member function but is not marked 'override' [-Winconsistent-missing-override]
  668 |                 virtual void drawVertLine(int x, int y, int l, Uint8 r, Uint8 g, Uint8 b, Uint8 a = Color::ALPHA_OPAQUE);
      |                              ^
libgag/include/SDLGraphicContext.h:300:16: note: overridden virtual function is here
  300 |                 virtual void drawVertLine(int x, int y, int l, Uint8 r, Uint8 g, Uint8 b, Uint8 a = Color::ALPHA_OPAQUE);
      |                              ^
libgag/include/SDLGraphicContext.h:669:16: warning: 'drawVertLine' overrides a member function but is not marked 'override' [-Winconsistent-missing-override]
  669 |                 virtual void drawVertLine(int x, int y, int l, const Color& color);
      |                              ^
libgag/include/SDLGraphicContext.h:301:16: note: overridden virtual function is here
  301 |                 virtual void drawVertLine(int x, int y, int l, const Color& color);
      |                              ^
libgag/include/SDLGraphicContext.h:670:16: warning: 'drawHorzLine' overrides a member function but is not marked 'override' [-Winconsistent-missing-override]
  670 |                 virtual void drawHorzLine(int x, int y, int l, Uint8 r, Uint8 g, Uint8 b, Uint8 a = Color::ALPHA_OPAQUE);
      |                              ^
libgag/include/SDLGraphicContext.h:302:16: note: overridden virtual function is here
  302 |                 virtual void drawHorzLine(int x, int y, int l, Uint8 r, Uint8 g, Uint8 b, Uint8 a = Color::ALPHA_OPAQUE);
      |                              ^
libgag/include/SDLGraphicContext.h:671:16: warning: 'drawHorzLine' overrides a member function but is not marked 'override' [-Winconsistent-missing-override]
  671 |                 virtual void drawHorzLine(int x, int y, int l, const Color& color);
      |                              ^
libgag/include/SDLGraphicContext.h:303:16: note: overridden virtual function is here
  303 |                 virtual void drawHorzLine(int x, int y, int l, const Color& color);
      |                              ^
libgag/include/SDLGraphicContext.h:672:16: warning: 'drawLine' overrides a member function but is not marked 'override' [-Winconsistent-missing-override]
  672 |                 virtual void drawLine(int x1, int y1, int x2, int y2, Uint8 r, Uint8 g, Uint8 b, Uint8 a = Color::ALPHA_OPAQUE);
      |                              ^
libgag/include/SDLGraphicContext.h:304:16: note: overridden virtual function is here
  304 |                 virtual void drawLine(int x1, int y1, int x2, int y2, Uint8 r, Uint8 g, Uint8 b, Uint8 a = Color::ALPHA_OPAQUE);
      |                              ^
libgag/include/SDLGraphicContext.h:673:16: warning: 'drawCircle' overrides a member function but is not marked 'override' [-Winconsistent-missing-override]
  673 |                 virtual void drawCircle(int x, int y, int radius, Uint8 r, Uint8 g, Uint8 b, Uint8 a = Color::ALPHA_OPAQUE);
      |                              ^
libgag/include/SDLGraphicContext.h:305:16: note: overridden virtual function is here
  305 |                 virtual void drawCircle(int x, int y, int radius, Uint8 r, Uint8 g, Uint8 b, Uint8 a = Color::ALPHA_OPAQUE);
      |                              ^
36 warnings generated.
/opt/homebrew/bin/ccache g++ -o build/darwin/client/release/test/engine-src_render_torus_TorusRenderIntegrationTest.o -c -g -std=gnu++20 -Wall -fPIC -O3 -fno-access-control -DGLOB2_OFFICIAL_INSTANCE_ORIGIN=\"https://app.glob2online.com\" -DGLOB2_OFFICIAL_INSTANCE_FORMER_ORIGINS=\"https://glob2online.com\" -DHAVE_CONFIG_H -DGL_SILENCE_DEPRECATION -DSDL_MAIN_HANDLED -Ibuild/darwin/client/release/recording/prefix/include -I/Users/bradley/glob2/artifacts/recording-sdl3/prefix/include -Ibuild/darwin/client/release/include -I/opt/homebrew/include -Ilibgag/include -I. -Ilibusl/src -Isrc -Isrc/ai -Isrc/hud -Isrc/app -Isrc/game/player -Isrc/team -Isrc/common -Isrc/map -Isrc/game -Isrc/campaign -Isrc/campaign/screens -Isrc/replay -Isrc/game/screens -Isrc/render/clouds -Isrc/ui/screens -Isrc/game/rules -Isrc/game/diagnostics -Isrc/map/editor/screens -Isrc/engine -Isrc/ui -Isrc/map/preview -Isrc/app/cli -Isrc/net/lan/screens -Isrc/online -Isrc/map/tools -Isrc/scripting/map -Isrc/render/overlay -Isrc/audio -Isrc/online/screens -Isrc/game/orders -Isrc/resource -Isrc/ui/settings -Isrc/team/stats -Isrc/render/torus -Isrc/ai/simple -Isrc/ai/castor -Isrc/ai/javascript -Isrc/ai/nicowar -Isrc/ai/numbi -Isrc/ai/telemetry -Isrc/ai/warrush -Isrc/ai/maxima -Isrc/building -Isrc/building/types -Isrc/unit/types -Isrc/building/hud -Isrc/net -Isrc/hud/draw -Isrc/hud/input -Isrc/hud/touch -Isrc/net/turn -Isrc/unit -Isrc/map/editor -Isrc/map/generator -Isrc/map/generator/compatibility -Isrc/map/generator/core -Isrc/map/generator/generators -Isrc/map/generator/shared -Isrc/map/generator/shared/legacy -Isrc/map/gradient -Isrc/map/io -Isrc/net/lan -Isrc/net/message -Isrc/scripting/sgsl -Ithird_party/nlohmann-json/include -Itest -Itest/support -Ilibgag/src -Ithird_party/quickjs-ng src/render/torus/TorusRenderIntegrationTest.cpp
In file included from src/ai/maxima/MaximaLifecycleTest.cpp:2:
In file included from test/support/EngineFixtures.h:9:
In file included from src/game/Game.h:12:
In file included from src/map/Map.h:21:
In file included from src/team/Team.h:16:
In file included from src/game/GameEvent.h:9:
In file included from libgag/include/GraphicContext.h:6:
libgag/include/SDLGraphicContext.h:520:16: warning: 'setRes' overrides a member function but is not marked 'override' [-Winconsistent-missing-override]
  520 |                 virtual void setRes(int w, int h) { setRes(w, h, optionFlags); }
      |                              ^
libgag/include/SDLGraphicContext.h:228:16: note: overridden virtual function is here
  228 |                 virtual void setRes(int w, int h);
      |                              ^
libgag/include/SDLGraphicContext.h:596:16: warning: 'setClipRect' overrides a member function but is not marked 'override' [-Winconsistent-missing-override]
  596 |                 virtual void setClipRect(int x, int y, int w, int h);
      |                              ^
libgag/include/SDLGraphicContext.h:230:16: note: overridden virtual function is here
  230 |                 virtual void setClipRect(int x, int y, int w, int h);
      |                              ^
libgag/include/SDLGraphicContext.h:597:16: warning: 'setClipRect' overrides a member function but is not marked 'override' [-Winconsistent-missing-override]
  597 |                 virtual void setClipRect(void);
      |                              ^
libgag/include/SDLGraphicContext.h:231:16: note: overridden virtual function is here
  231 |                 virtual void setClipRect(void);
      |                              ^
libgag/include/SDLGraphicContext.h:602:22: warning: 'nextFrame' overrides a member function but is not marked 'override' [-Winconsistent-missing-override]
  602 |         virtual void nextFrame(void);
      |                      ^
libgag/include/SDLGraphicContext.h:232:16: note: overridden virtual function is here
  232 |                 virtual void nextFrame(void) { flushTextPictures(); }
      |                              ^
libgag/include/SDLGraphicContext.h:604:16: warning: 'loadImage' overrides a member function but is not marked 'override' [-Winconsistent-missing-override]
  604 |                 virtual bool loadImage(const std::string name) { return false; }
      |                              ^
libgag/include/SDLGraphicContext.h:233:16: note: overridden virtual function is here
  233 |                 virtual bool loadImage(const std::string name);
      |                              ^
libgag/include/SDLGraphicContext.h:608:16: warning: 'shiftHSV' overrides a member function but is not marked 'override' [-Winconsistent-missing-override]
  608 |                 virtual void shiftHSV(float hue, float sat, float lum) { }
      |                              ^
libgag/include/SDLGraphicContext.h:234:16: note: overridden virtual function is here
  234 |                 virtual void shiftHSV(float hue, float sat, float lum);
      |                              ^
libgag/include/SDLGraphicContext.h:611:16: warning: 'canDrawStretchedSprite' overrides a member function but is not marked 'override' [-Winconsistent-missing-override]
  611 |                 virtual bool canDrawStretchedSprite(void) { return hasPortableRenderer() || (optionFlags & USEGPU) != 0; }
      |                              ^
libgag/include/SDLGraphicContext.h:252:16: note: overridden virtual function is here
  252 |                 virtual bool canDrawStretchedSprite(void) { return false; }
      |                              ^
libgag/include/SDLGraphicContext.h:613:16: warning: 'drawPixel' overrides a member function but is not marked 'override' [-Winconsistent-missing-override]
  613 |                 virtual void drawPixel(int x, int y, const Color& color);
      |                              ^
libgag/include/SDLGraphicContext.h:255:16: note: overridden virtual function is here
  255 |                 virtual void drawPixel(int x, int y, const Color& color);
      |                              ^
libgag/include/SDLGraphicContext.h:614:16: warning: 'drawPixel' overrides a member function but is not marked 'override' [-Winconsistent-missing-override]
  614 |                 virtual void drawPixel(float x, float y, const Color& color);
      |                              ^
libgag/include/SDLGraphicContext.h:256:16: note: overridden virtual function is here
  256 |                 virtual void drawPixel(float x, float y, const Color& color);
      |                              ^
libgag/include/SDLGraphicContext.h:616:16: warning: 'drawRect' overrides a member function but is not marked 'override' [-Winconsistent-missing-override]
  616 |                 virtual void drawRect(int x, int y, int w, int h, const Color& color);
      |                              ^
libgag/include/SDLGraphicContext.h:258:16: note: overridden virtual function is here
  258 |                 virtual void drawRect(int x, int y, int w, int h, const Color& color);
      |                              ^
libgag/include/SDLGraphicContext.h:617:16: warning: 'drawRect' overrides a member function but is not marked 'override' [-Winconsistent-missing-override]
  617 |                 virtual void drawRect(float x, float y, float w, float h, const Color& color);
      |                              ^
libgag/include/SDLGraphicContext.h:259:16: note: overridden virtual function is here
  259 |                 virtual void drawRect(float x, float y, float w, float h, const Color& color);
      |                              ^
libgag/include/SDLGraphicContext.h:619:16: warning: 'drawFilledRect' overrides a member function but is not marked 'override' [-Winconsistent-missing-override]
  619 |                 virtual void drawFilledRect(int x, int y, int w, int h, const Color& color);
      |                              ^
libgag/include/SDLGraphicContext.h:261:16: note: overridden virtual function is here
  261 |                 virtual void drawFilledRect(int x, int y, int w, int h, const Color& color);
      |                              ^
libgag/include/SDLGraphicContext.h:620:16: warning: 'drawFilledRect' overrides a member function but is not marked 'override' [-Winconsistent-missing-override]
  620 |                 virtual void drawFilledRect(float x, float y, float w, float h, const Color& color);
      |                              ^
libgag/include/SDLGraphicContext.h:262:16: note: overridden virtual function is here
  262 |                 virtual void drawFilledRect(float x, float y, float w, float h, const Color& color);
      |                              ^
libgag/include/SDLGraphicContext.h:622:16: warning: 'drawLine' overrides a member function but is not marked 'override' [-Winconsistent-missing-override]
  622 |                 virtual void drawLine(int x1, int y1, int x2, int y2, const Color& color);
      |                              ^
libgag/include/SDLGraphicContext.h:264:16: note: overridden virtual function is here
  264 |                 virtual void drawLine(int x1, int y1, int x2, int y2, const Color& color);
      |                              ^
libgag/include/SDLGraphicContext.h:623:16: warning: 'drawLine' overrides a member function but is not marked 'override' [-Winconsistent-missing-override]
  623 |                 virtual void drawLine(float x1, float y1, float x2, float y2, const Color& color);
      |                              ^
libgag/include/SDLGraphicContext.h:265:16: note: overridden virtual function is here
  265 |                 virtual void drawLine(float x1, float y1, float x2, float y2, const Color& color);
      |                              ^
libgag/include/SDLGraphicContext.h:625:16: warning: 'drawCircle' overrides a member function but is not marked 'override' [-Winconsistent-missing-override]
  625 |                 virtual void drawCircle(int x, int y, int radius, const Color& color);
      |                              ^
libgag/include/SDLGraphicContext.h:267:16: note: overridden virtual function is here
  267 |                 virtual void drawCircle(int x, int y, int radius, const Color& color);
      |                              ^
libgag/include/SDLGraphicContext.h:626:16: warning: 'drawCircle' overrides a member function but is not marked 'override' [-Winconsistent-missing-override]
  626 |                 virtual void drawCircle(float x, float y, float radius, const Color& color);
      |                              ^
libgag/include/SDLGraphicContext.h:268:16: note: overridden virtual function is here
  268 |                 virtual void drawCircle(float x, float y, float radius, const Color& color);
      |                              ^
libgag/include/SDLGraphicContext.h:628:16: warning: 'drawSurface' overrides a member function but is not marked 'override' [-Winconsistent-missing-override]
  628 |                 virtual void drawSurface(int x, int y, DrawableSurface *surface, Uint8 alpha = Color::ALPHA_OPAQUE);
      |                              ^
libgag/include/SDLGraphicContext.h:270:16: note: overridden virtual function is here
  270 |                 virtual void drawSurface(int x, int y, DrawableSurface *surface, Uint8 alpha = Color::ALPHA_OPAQUE);
      |                              ^
libgag/include/SDLGraphicContext.h:629:16: warning: 'drawSurface' overrides a member function but is not marked 'override' [-Winconsistent-missing-override]
  629 |                 virtual void drawSurface(float x, float y, DrawableSurface *surface, Uint8 alpha = Color::ALPHA_OPAQUE);
      |                              ^
libgag/include/SDLGraphicContext.h:271:16: note: overridden virtual function is here
  271 |                 virtual void drawSurface(float x, float y, DrawableSurface *surface, Uint8 alpha = Color::ALPHA_OPAQUE);
      |                              ^
libgag/include/SDLGraphicContext.h:631:16: warning: 'drawSurface' overrides a member function but is not marked 'override' [-Winconsistent-missing-override]
  631 |                 virtual void drawSurface(int x, int y, int w, int h, DrawableSurface *surface, Uint8 alpha = Color::ALPHA_OPAQUE);
      |                              ^
libgag/include/SDLGraphicContext.h:273:16: note: overridden virtual function is here
  273 |                 virtual void drawSurface(int x, int y, int w, int h, DrawableSurface *surface, Uint8 alpha = Color::ALPHA_OPAQUE);
      |                              ^
libgag/include/SDLGraphicContext.h:632:16: warning: 'drawSurface' overrides a member function but is not marked 'override' [-Winconsistent-missing-override]
  632 |                 virtual void drawSurface(float x, float y, float w, float h, DrawableSurface *surface, Uint8 alpha = Color::ALPHA_OPAQUE);
      |                              ^
libgag/include/SDLGraphicContext.h:274:16: note: overridden virtual function is here
  274 |                 virtual void drawSurface(float x, float y, float w, float h, DrawableSurface *surface, Uint8 alpha = Color::ALPHA_OPAQUE);
      |                              ^
libgag/include/SDLGraphicContext.h:634:16: warning: 'drawSurface' overrides a member function but is not marked 'override' [-Winconsistent-missing-override]
  634 |                 virtual void drawSurface(int x, int y, DrawableSurface *surface, int sx, int sy, int sw, int sh, Uint8 alpha = Color::ALPHA_OPAQUE);
      |                              ^
libgag/include/SDLGraphicContext.h:276:16: note: overridden virtual function is here
  276 |                 virtual void drawSurface(int x, int y, DrawableSurface *surface, int sx, int sy, int sw, int sh, Uint8 alpha = Color::ALPHA_OPAQUE);
      |                              ^
libgag/include/SDLGraphicContext.h:635:16: warning: 'drawSurface' overrides a member function but is not marked 'override' [-Winconsistent-missing-override]
  635 |                 virtual void drawSurface(float x, float y, DrawableSurface *surface, int sx, int sy, int sw, int sh, Uint8 alpha = Color::ALPHA_OPAQUE);
      |                              ^
libgag/include/SDLGraphicContext.h:277:16: note: overridden virtual function is here
  277 |                 virtual void drawSurface(float x, float y, DrawableSurface *surface, int sx, int sy, int sw, int sh, Uint8 alpha = Color::ALPHA_OPAQUE);
      |                              ^
libgag/include/SDLGraphicContext.h:637:16: warning: 'drawSurface' overrides a member function but is not marked 'override' [-Winconsistent-missing-override]
  637 |                 virtual void drawSurface(int x, int y, int w, int h, DrawableSurface *surface, int sx, int sy, int sw, int sh,  Uint8 alpha = Color::ALPHA_OPAQUE);
      |                              ^
libgag/include/SDLGraphicContext.h:279:16: note: overridden virtual function is here
  279 |                 virtual void drawSurface(int x, int y, int w, int h, DrawableSurface *surface, int sx, int sy, int sw, int sh,  Uint8 alpha = Color::ALPHA_OPAQUE);
      |                              ^
libgag/include/SDLGraphicContext.h:638:16: warning: 'drawSurface' overrides a member function but is not marked 'override' [-Winconsistent-missing-override]
  638 |                 virtual void drawSurface(float x, float y, float w, float h, DrawableSurface *surface, int sx, int sy, int sw, int sh, Uint8 alpha = Color::ALPHA_OPAQUE);
      |                              ^
libgag/include/SDLGraphicContext.h:280:16: note: overridden virtual function is here
  280 |                 virtual void drawSurface(float x, float y, float w, float h, DrawableSurface *surface, int sx, int sy, int sw, int sh, Uint8 alpha = Color::ALPHA_OPAQUE);
      |                              ^
libgag/include/SDLGraphicContext.h:661:16: warning: 'drawAlphaMap' overrides a member function but is not marked 'override' [-Winconsistent-missing-override]
  661 |                 virtual void drawAlphaMap(const std::valarray<float> &map, int mapW, int mapH, int x, int y, int cellW, int cellH, const Color &color);
      |                              ^
libgag/include/SDLGraphicContext.h:293:16: note: overridden virtual function is here
  293 |                 virtual void drawAlphaMap(const std::valarray<float> &map, int mapW, int mapH, int x, int y, int cellW, int cellH, const Color &color);
      |                              ^
libgag/include/SDLGraphicContext.h:662:16: warning: 'drawAlphaMap' overrides a member function but is not marked 'override' [-Winconsistent-missing-override]
  662 |                 virtual void drawAlphaMap(const std::valarray<unsigned char> &map, int mapW, int mapH, int x, int y, int cellW, int cellH, const Color &color);
      |                              ^
libgag/include/SDLGraphicContext.h:294:16: note: overridden virtual function is here
  294 |                 virtual void drawAlphaMap(const std::valarray<unsigned char> &map, int mapW, int mapH, int x, int y, int cellW, int cellH, const Color &color);
      |                              ^
libgag/include/SDLGraphicContext.h:665:16: warning: 'drawPixel' overrides a member function but is not marked 'override' [-Winconsistent-missing-override]
  665 |                 virtual void drawPixel(int x, int y, Uint8 r, Uint8 g, Uint8 b, Uint8 a = Color::ALPHA_OPAQUE);
      |                              ^
libgag/include/SDLGraphicContext.h:297:16: note: overridden virtual function is here
  297 |                 virtual void drawPixel(int x, int y, Uint8 r, Uint8 g, Uint8 b, Uint8 a = Color::ALPHA_OPAQUE);
      |                              ^
libgag/include/SDLGraphicContext.h:666:16: warning: 'drawRect' overrides a member function but is not marked 'override' [-Winconsistent-missing-override]
  666 |                 virtual void drawRect(int x, int y, int w, int h, Uint8 r, Uint8 g, Uint8 b, Uint8 a = Color::ALPHA_OPAQUE);
      |                              ^
libgag/include/SDLGraphicContext.h:298:16: note: overridden virtual function is here
  298 |                 virtual void drawRect(int x, int y, int w, int h, Uint8 r, Uint8 g, Uint8 b, Uint8 a = Color::ALPHA_OPAQUE);
      |                              ^
libgag/include/SDLGraphicContext.h:667:16: warning: 'drawFilledRect' overrides a member function but is not marked 'override' [-Winconsistent-missing-override]
  667 |                 virtual void drawFilledRect(int x, int y, int w, int h, Uint8 r, Uint8 g, Uint8 b, Uint8 a = Color::ALPHA_OPAQUE);
      |                              ^
libgag/include/SDLGraphicContext.h:299:16: note: overridden virtual function is here
  299 |                 virtual void drawFilledRect(int x, int y, int w, int h, Uint8 r, Uint8 g, Uint8 b, Uint8 a = Color::ALPHA_OPAQUE);
      |                              ^
libgag/include/SDLGraphicContext.h:668:16: warning: 'drawVertLine' overrides a member function but is not marked 'override' [-Winconsistent-missing-override]
  668 |                 virtual void drawVertLine(int x, int y, int l, Uint8 r, Uint8 g, Uint8 b, Uint8 a = Color::ALPHA_OPAQUE);
      |                              ^
libgag/include/SDLGraphicContext.h:300:16: note: overridden virtual function is here
  300 |                 virtual void drawVertLine(int x, int y, int l, Uint8 r, Uint8 g, Uint8 b, Uint8 a = Color::ALPHA_OPAQUE);
      |                              ^
libgag/include/SDLGraphicContext.h:669:16: warning: 'drawVertLine' overrides a member function but is not marked 'override' [-Winconsistent-missing-override]
  669 |                 virtual void drawVertLine(int x, int y, int l, const Color& color);
      |                              ^
libgag/include/SDLGraphicContext.h:301:16: note: overridden virtual function is here
  301 |                 virtual void drawVertLine(int x, int y, int l, const Color& color);
      |                              ^
libgag/include/SDLGraphicContext.h:670:16: warning: 'drawHorzLine' overrides a member function but is not marked 'override' [-Winconsistent-missing-override]
  670 |                 virtual void drawHorzLine(int x, int y, int l, Uint8 r, Uint8 g, Uint8 b, Uint8 a = Color::ALPHA_OPAQUE);
      |                              ^
libgag/include/SDLGraphicContext.h:302:16: note: overridden virtual function is here
  302 |                 virtual void drawHorzLine(int x, int y, int l, Uint8 r, Uint8 g, Uint8 b, Uint8 a = Color::ALPHA_OPAQUE);
      |                              ^
libgag/include/SDLGraphicContext.h:671:16: warning: 'drawHorzLine' overrides a member function but is not marked 'override' [-Winconsistent-missing-override]
  671 |                 virtual void drawHorzLine(int x, int y, int l, const Color& color);
      |                              ^
libgag/include/SDLGraphicContext.h:303:16: note: overridden virtual function is here
  303 |                 virtual void drawHorzLine(int x, int y, int l, const Color& color);
      |                              ^
libgag/include/SDLGraphicContext.h:672:16: warning: 'drawLine' overrides a member function but is not marked 'override' [-Winconsistent-missing-override]
  672 |                 virtual void drawLine(int x1, int y1, int x2, int y2, Uint8 r, Uint8 g, Uint8 b, Uint8 a = Color::ALPHA_OPAQUE);
      |                              ^
libgag/include/SDLGraphicContext.h:304:16: note: overridden virtual function is here
  304 |                 virtual void drawLine(int x1, int y1, int x2, int y2, Uint8 r, Uint8 g, Uint8 b, Uint8 a = Color::ALPHA_OPAQUE);
      |                              ^
libgag/include/SDLGraphicContext.h:673:16: warning: 'drawCircle' overrides a member function but is not marked 'override' [-Winconsistent-missing-override]
  673 |                 virtual void drawCircle(int x, int y, int radius, Uint8 r, Uint8 g, Uint8 b, Uint8 a = Color::ALPHA_OPAQUE);
      |                              ^
libgag/include/SDLGraphicContext.h:305:16: note: overridden virtual function is here
  305 |                 virtual void drawCircle(int x, int y, int radius, Uint8 r, Uint8 g, Uint8 b, Uint8 a = Color::ALPHA_OPAQUE);
      |                              ^
36 warnings generated.
In file included from src/ai/maxima/MaximaDiagnosticsTest.cpp:2:
In file included from test/support/EngineFixtures.h:9:
In file included from src/game/Game.h:12:
In file included from src/map/Map.h:21:
In file included from src/team/Team.h:16:
In file included from src/game/GameEvent.h:9:
In file included from libgag/include/GraphicContext.h:6:
libgag/include/SDLGraphicContext.h:520:16: warning: 'setRes' overrides a member function but is not marked 'override' [-Winconsistent-missing-override]
  520 |                 virtual void setRes(int w, int h) { setRes(w, h, optionFlags); }
      |                              ^
libgag/include/SDLGraphicContext.h:228:16: note: overridden virtual function is here
  228 |                 virtual void setRes(int w, int h);
      |                              ^
libgag/include/SDLGraphicContext.h:596:16: warning: 'setClipRect' overrides a member function but is not marked 'override' [-Winconsistent-missing-override]
  596 |                 virtual void setClipRect(int x, int y, int w, int h);
      |                              ^
libgag/include/SDLGraphicContext.h:230:16: note: overridden virtual function is here
  230 |                 virtual void setClipRect(int x, int y, int w, int h);
      |                              ^
libgag/include/SDLGraphicContext.h:597:16: warning: 'setClipRect' overrides a member function but is not marked 'override' [-Winconsistent-missing-override]
  597 |                 virtual void setClipRect(void);
      |                              ^
libgag/include/SDLGraphicContext.h:231:16: note: overridden virtual function is here
  231 |                 virtual void setClipRect(void);
      |                              ^
libgag/include/SDLGraphicContext.h:602:22: warning: 'nextFrame' overrides a member function but is not marked 'override' [-Winconsistent-missing-override]
  602 |         virtual void nextFrame(void);
      |                      ^
libgag/include/SDLGraphicContext.h:232:16: note: overridden virtual function is here
  232 |                 virtual void nextFrame(void) { flushTextPictures(); }
      |                              ^
libgag/include/SDLGraphicContext.h:604:16: warning: 'loadImage' overrides a member function but is not marked 'override' [-Winconsistent-missing-override]
  604 |                 virtual bool loadImage(const std::string name) { return false; }
      |                              ^
libgag/include/SDLGraphicContext.h:233:16: note: overridden virtual function is here
  233 |                 virtual bool loadImage(const std::string name);
      |                              ^
libgag/include/SDLGraphicContext.h:608:16: warning: 'shiftHSV' overrides a member function but is not marked 'override' [-Winconsistent-missing-override]
  608 |                 virtual void shiftHSV(float hue, float sat, float lum) { }
      |                              ^
libgag/include/SDLGraphicContext.h:234:16: note: overridden virtual function is here
  234 |                 virtual void shiftHSV(float hue, float sat, float lum);
      |                              ^
libgag/include/SDLGraphicContext.h:611:16: warning: 'canDrawStretchedSprite' overrides a member function but is not marked 'override' [-Winconsistent-missing-override]
  611 |                 virtual bool canDrawStretchedSprite(void) { return hasPortableRenderer() || (optionFlags & USEGPU) != 0; }
      |                              ^
libgag/include/SDLGraphicContext.h:252:16: note: overridden virtual function is here
  252 |                 virtual bool canDrawStretchedSprite(void) { return false; }
      |                              ^
libgag/include/SDLGraphicContext.h:613:16: warning: 'drawPixel' overrides a member function but is not marked 'override' [-Winconsistent-missing-override]
  613 |                 virtual void drawPixel(int x, int y, const Color& color);
      |                              ^
libgag/include/SDLGraphicContext.h:255:16: note: overridden virtual function is here
  255 |                 virtual void drawPixel(int x, int y, const Color& color);
      |                              ^
libgag/include/SDLGraphicContext.h:614:16: warning: 'drawPixel' overrides a member function but is not marked 'override' [-Winconsistent-missing-override]
  614 |                 virtual void drawPixel(float x, float y, const Color& color);
      |                              ^
libgag/include/SDLGraphicContext.h:256:16: note: overridden virtual function is here
  256 |                 virtual void drawPixel(float x, float y, const Color& color);
      |                              ^
libgag/include/SDLGraphicContext.h:616:16: warning: 'drawRect' overrides a member function but is not marked 'override' [-Winconsistent-missing-override]
  616 |                 virtual void drawRect(int x, int y, int w, int h, const Color& color);
      |                              ^
libgag/include/SDLGraphicContext.h:258:16: note: overridden virtual function is here
  258 |                 virtual void drawRect(int x, int y, int w, int h, const Color& color);
      |                              ^
libgag/include/SDLGraphicContext.h:617:16: warning: 'drawRect' overrides a member function but is not marked 'override' [-Winconsistent-missing-override]
  617 |                 virtual void drawRect(float x, float y, float w, float h, const Color& color);
      |                              ^
libgag/include/SDLGraphicContext.h:259:16: note: overridden virtual function is here
  259 |                 virtual void drawRect(float x, float y, float w, float h, const Color& color);
      |                              ^
libgag/include/SDLGraphicContext.h:619:16: warning: 'drawFilledRect' overrides a member function but is not marked 'override' [-Winconsistent-missing-override]
  619 |                 virtual void drawFilledRect(int x, int y, int w, int h, const Color& color);
      |                              ^
libgag/include/SDLGraphicContext.h:261:16: note: overridden virtual function is here
  261 |                 virtual void drawFilledRect(int x, int y, int w, int h, const Color& color);
      |                              ^
libgag/include/SDLGraphicContext.h:620:16: warning: 'drawFilledRect' overrides a member function but is not marked 'override' [-Winconsistent-missing-override]
  620 |                 virtual void drawFilledRect(float x, float y, float w, float h, const Color& color);
      |                              ^
libgag/include/SDLGraphicContext.h:262:16: note: overridden virtual function is here
  262 |                 virtual void drawFilledRect(float x, float y, float w, float h, const Color& color);
      |                              ^
libgag/include/SDLGraphicContext.h:622:16: warning: 'drawLine' overrides a member function but is not marked 'override' [-Winconsistent-missing-override]
  622 |                 virtual void drawLine(int x1, int y1, int x2, int y2, const Color& color);
      |                              ^
libgag/include/SDLGraphicContext.h:264:16: note: overridden virtual function is here
  264 |                 virtual void drawLine(int x1, int y1, int x2, int y2, const Color& color);
      |                              ^
libgag/include/SDLGraphicContext.h:623:16: warning: 'drawLine' overrides a member function but is not marked 'override' [-Winconsistent-missing-override]
  623 |                 virtual void drawLine(float x1, float y1, float x2, float y2, const Color& color);
      |                              ^
libgag/include/SDLGraphicContext.h:265:16: note: overridden virtual function is here
  265 |                 virtual void drawLine(float x1, float y1, float x2, float y2, const Color& color);
      |                              ^
libgag/include/SDLGraphicContext.h:625:16: warning: 'drawCircle' overrides a member function but is not marked 'override' [-Winconsistent-missing-override]
  625 |                 virtual void drawCircle(int x, int y, int radius, const Color& color);
      |                              ^
libgag/include/SDLGraphicContext.h:267:16: note: overridden virtual function is here
  267 |                 virtual void drawCircle(int x, int y, int radius, const Color& color);
      |                              ^
libgag/include/SDLGraphicContext.h:626:16: warning: 'drawCircle' overrides a member function but is not marked 'override' [-Winconsistent-missing-override]
  626 |                 virtual void drawCircle(float x, float y, float radius, const Color& color);
      |                              ^
libgag/include/SDLGraphicContext.h:268:16: note: overridden virtual function is here
  268 |                 virtual void drawCircle(float x, float y, float radius, const Color& color);
      |                              ^
libgag/include/SDLGraphicContext.h:628:16: warning: 'drawSurface' overrides a member function but is not marked 'override' [-Winconsistent-missing-override]
  628 |                 virtual void drawSurface(int x, int y, DrawableSurface *surface, Uint8 alpha = Color::ALPHA_OPAQUE);
      |                              ^
libgag/include/SDLGraphicContext.h:270:16: note: overridden virtual function is here
  270 |                 virtual void drawSurface(int x, int y, DrawableSurface *surface, Uint8 alpha = Color::ALPHA_OPAQUE);
      |                              ^
libgag/include/SDLGraphicContext.h:629:16: warning: 'drawSurface' overrides a member function but is not marked 'override' [-Winconsistent-missing-override]
  629 |                 virtual void drawSurface(float x, float y, DrawableSurface *surface, Uint8 alpha = Color::ALPHA_OPAQUE);
      |                              ^
libgag/include/SDLGraphicContext.h:271:16: note: overridden virtual function is here
  271 |                 virtual void drawSurface(float x, float y, DrawableSurface *surface, Uint8 alpha = Color::ALPHA_OPAQUE);
      |                              ^
libgag/include/SDLGraphicContext.h:631:16: warning: 'drawSurface' overrides a member function but is not marked 'override' [-Winconsistent-missing-override]
  631 |                 virtual void drawSurface(int x, int y, int w, int h, DrawableSurface *surface, Uint8 alpha = Color::ALPHA_OPAQUE);
      |                              ^
libgag/include/SDLGraphicContext.h:273:16: note: overridden virtual function is here
  273 |                 virtual void drawSurface(int x, int y, int w, int h, DrawableSurface *surface, Uint8 alpha = Color::ALPHA_OPAQUE);
      |                              ^
libgag/include/SDLGraphicContext.h:632:16: warning: 'drawSurface' overrides a member function but is not marked 'override' [-Winconsistent-missing-override]
  632 |                 virtual void drawSurface(float x, float y, float w, float h, DrawableSurface *surface, Uint8 alpha = Color::ALPHA_OPAQUE);
      |                              ^
libgag/include/SDLGraphicContext.h:274:16: note: overridden virtual function is here
  274 |                 virtual void drawSurface(float x, float y, float w, float h, DrawableSurface *surface, Uint8 alpha = Color::ALPHA_OPAQUE);
      |                              ^
libgag/include/SDLGraphicContext.h:634:16: warning: 'drawSurface' overrides a member function but is not marked 'override' [-Winconsistent-missing-override]
  634 |                 virtual void drawSurface(int x, int y, DrawableSurface *surface, int sx, int sy, int sw, int sh, Uint8 alpha = Color::ALPHA_OPAQUE);
      |                              ^
libgag/include/SDLGraphicContext.h:276:16: note: overridden virtual function is here
  276 |                 virtual void drawSurface(int x, int y, DrawableSurface *surface, int sx, int sy, int sw, int sh, Uint8 alpha = Color::ALPHA_OPAQUE);
      |                              ^
libgag/include/SDLGraphicContext.h:635:16: warning: 'drawSurface' overrides a member function but is not marked 'override' [-Winconsistent-missing-override]
  635 |                 virtual void drawSurface(float x, float y, DrawableSurface *surface, int sx, int sy, int sw, int sh, Uint8 alpha = Color::ALPHA_OPAQUE);
      |                              ^
libgag/include/SDLGraphicContext.h:277:16: note: overridden virtual function is here
  277 |                 virtual void drawSurface(float x, float y, DrawableSurface *surface, int sx, int sy, int sw, int sh, Uint8 alpha = Color::ALPHA_OPAQUE);
      |                              ^
libgag/include/SDLGraphicContext.h:637:16: warning: 'drawSurface' overrides a member function but is not marked 'override' [-Winconsistent-missing-override]
  637 |                 virtual void drawSurface(int x, int y, int w, int h, DrawableSurface *surface, int sx, int sy, int sw, int sh,  Uint8 alpha = Color::ALPHA_OPAQUE);
      |                              ^
libgag/include/SDLGraphicContext.h:279:16: note: overridden virtual function is here
  279 |                 virtual void drawSurface(int x, int y, int w, int h, DrawableSurface *surface, int sx, int sy, int sw, int sh,  Uint8 alpha = Color::ALPHA_OPAQUE);
      |                              ^
libgag/include/SDLGraphicContext.h:638:16: warning: 'drawSurface' overrides a member function but is not marked 'override' [-Winconsistent-missing-override]
  638 |                 virtual void drawSurface(float x, float y, float w, float h, DrawableSurface *surface, int sx, int sy, int sw, int sh, Uint8 alpha = Color::ALPHA_OPAQUE);
      |                              ^
libgag/include/SDLGraphicContext.h:280:16: note: overridden virtual function is here
  280 |                 virtual void drawSurface(float x, float y, float w, float h, DrawableSurface *surface, int sx, int sy, int sw, int sh, Uint8 alpha = Color::ALPHA_OPAQUE);
      |                              ^
libgag/include/SDLGraphicContext.h:661:16: warning: 'drawAlphaMap' overrides a member function but is not marked 'override' [-Winconsistent-missing-override]
  661 |                 virtual void drawAlphaMap(const std::valarray<float> &map, int mapW, int mapH, int x, int y, int cellW, int cellH, const Color &color);
      |                              ^
libgag/include/SDLGraphicContext.h:293:16: note: overridden virtual function is here
  293 |                 virtual void drawAlphaMap(const std::valarray<float> &map, int mapW, int mapH, int x, int y, int cellW, int cellH, const Color &color);
      |                              ^
libgag/include/SDLGraphicContext.h:662:16: warning: 'drawAlphaMap' overrides a member function but is not marked 'override' [-Winconsistent-missing-override]
  662 |                 virtual void drawAlphaMap(const std::valarray<unsigned char> &map, int mapW, int mapH, int x, int y, int cellW, int cellH, const Color &color);
      |                              ^
libgag/include/SDLGraphicContext.h:294:16: note: overridden virtual function is here
  294 |                 virtual void drawAlphaMap(const std::valarray<unsigned char> &map, int mapW, int mapH, int x, int y, int cellW, int cellH, const Color &color);
      |                              ^
libgag/include/SDLGraphicContext.h:665:16: warning: 'drawPixel' overrides a member function but is not marked 'override' [-Winconsistent-missing-override]
  665 |                 virtual void drawPixel(int x, int y, Uint8 r, Uint8 g, Uint8 b, Uint8 a = Color::ALPHA_OPAQUE);
      |                              ^
libgag/include/SDLGraphicContext.h:297:16: note: overridden virtual function is here
  297 |                 virtual void drawPixel(int x, int y, Uint8 r, Uint8 g, Uint8 b, Uint8 a = Color::ALPHA_OPAQUE);
      |                              ^
libgag/include/SDLGraphicContext.h:666:16: warning: 'drawRect' overrides a member function but is not marked 'override' [-Winconsistent-missing-override]
  666 |                 virtual void drawRect(int x, int y, int w, int h, Uint8 r, Uint8 g, Uint8 b, Uint8 a = Color::ALPHA_OPAQUE);
      |                              ^
libgag/include/SDLGraphicContext.h:298:16: note: overridden virtual function is here
  298 |                 virtual void drawRect(int x, int y, int w, int h, Uint8 r, Uint8 g, Uint8 b, Uint8 a = Color::ALPHA_OPAQUE);
      |                              ^
libgag/include/SDLGraphicContext.h:667:16: warning: 'drawFilledRect' overrides a member function but is not marked 'override' [-Winconsistent-missing-override]
  667 |                 virtual void drawFilledRect(int x, int y, int w, int h, Uint8 r, Uint8 g, Uint8 b, Uint8 a = Color::ALPHA_OPAQUE);
      |                              ^
libgag/include/SDLGraphicContext.h:299:16: note: overridden virtual function is here
  299 |                 virtual void drawFilledRect(int x, int y, int w, int h, Uint8 r, Uint8 g, Uint8 b, Uint8 a = Color::ALPHA_OPAQUE);
      |                              ^
libgag/include/SDLGraphicContext.h:668:16: warning: 'drawVertLine' overrides a member function but is not marked 'override' [-Winconsistent-missing-override]
  668 |                 virtual void drawVertLine(int x, int y, int l, Uint8 r, Uint8 g, Uint8 b, Uint8 a = Color::ALPHA_OPAQUE);
      |                              ^
libgag/include/SDLGraphicContext.h:300:16: note: overridden virtual function is here
  300 |                 virtual void drawVertLine(int x, int y, int l, Uint8 r, Uint8 g, Uint8 b, Uint8 a = Color::ALPHA_OPAQUE);
      |                              ^
libgag/include/SDLGraphicContext.h:669:16: warning: 'drawVertLine' overrides a member function but is not marked 'override' [-Winconsistent-missing-override]
  669 |                 virtual void drawVertLine(int x, int y, int l, const Color& color);
      |                              ^
libgag/include/SDLGraphicContext.h:301:16: note: overridden virtual function is here
  301 |                 virtual void drawVertLine(int x, int y, int l, const Color& color);
      |                              ^
libgag/include/SDLGraphicContext.h:670:16: warning: 'drawHorzLine' overrides a member function but is not marked 'override' [-Winconsistent-missing-override]
  670 |                 virtual void drawHorzLine(int x, int y, int l, Uint8 r, Uint8 g, Uint8 b, Uint8 a = Color::ALPHA_OPAQUE);
      |                              ^
libgag/include/SDLGraphicContext.h:302:16: note: overridden virtual function is here
  302 |                 virtual void drawHorzLine(int x, int y, int l, Uint8 r, Uint8 g, Uint8 b, Uint8 a = Color::ALPHA_OPAQUE);
      |                              ^
libgag/include/SDLGraphicContext.h:671:16: warning: 'drawHorzLine' overrides a member function but is not marked 'override' [-Winconsistent-missing-override]
  671 |                 virtual void drawHorzLine(int x, int y, int l, const Color& color);
      |                              ^
libgag/include/SDLGraphicContext.h:303:16: note: overridden virtual function is here
  303 |                 virtual void drawHorzLine(int x, int y, int l, const Color& color);
      |                              ^
libgag/include/SDLGraphicContext.h:672:16: warning: 'drawLine' overrides a member function but is not marked 'override' [-Winconsistent-missing-override]
  672 |                 virtual void drawLine(int x1, int y1, int x2, int y2, Uint8 r, Uint8 g, Uint8 b, Uint8 a = Color::ALPHA_OPAQUE);
      |                              ^
libgag/include/SDLGraphicContext.h:304:16: note: overridden virtual function is here
  304 |                 virtual void drawLine(int x1, int y1, int x2, int y2, Uint8 r, Uint8 g, Uint8 b, Uint8 a = Color::ALPHA_OPAQUE);
      |                              ^
libgag/include/SDLGraphicContext.h:673:16: warning: 'drawCircle' overrides a member function but is not marked 'override' [-Winconsistent-missing-override]
  673 |                 virtual void drawCircle(int x, int y, int radius, Uint8 r, Uint8 g, Uint8 b, Uint8 a = Color::ALPHA_OPAQUE);
      |                              ^
libgag/include/SDLGraphicContext.h:305:16: note: overridden virtual function is here
  305 |                 virtual void drawCircle(int x, int y, int radius, Uint8 r, Uint8 g, Uint8 b, Uint8 a = Color::ALPHA_OPAQUE);
      |                              ^
36 warnings generated.
/opt/homebrew/bin/ccache g++ -o build/darwin/client/release/test/engine-src_game_GameSpeedTest.o -c -g -std=gnu++20 -Wall -fPIC -O3 -DGLOB2_OFFICIAL_INSTANCE_ORIGIN=\"https://app.glob2online.com\" -DGLOB2_OFFICIAL_INSTANCE_FORMER_ORIGINS=\"https://glob2online.com\" -DHAVE_CONFIG_H -DGL_SILENCE_DEPRECATION -DSDL_MAIN_HANDLED -Ibuild/darwin/client/release/recording/prefix/include -I/Users/bradley/glob2/artifacts/recording-sdl3/prefix/include -Ibuild/darwin/client/release/include -I/opt/homebrew/include -Ilibgag/include -I. -Ilibusl/src -Isrc -Isrc/ai -Isrc/hud -Isrc/app -Isrc/game/player -Isrc/team -Isrc/common -Isrc/map -Isrc/game -Isrc/campaign -Isrc/campaign/screens -Isrc/replay -Isrc/game/screens -Isrc/render/clouds -Isrc/ui/screens -Isrc/game/rules -Isrc/game/diagnostics -Isrc/map/editor/screens -Isrc/engine -Isrc/ui -Isrc/map/preview -Isrc/app/cli -Isrc/net/lan/screens -Isrc/online -Isrc/map/tools -Isrc/scripting/map -Isrc/render/overlay -Isrc/audio -Isrc/online/screens -Isrc/game/orders -Isrc/resource -Isrc/ui/settings -Isrc/team/stats -Isrc/render/torus -Isrc/ai/simple -Isrc/ai/castor -Isrc/ai/javascript -Isrc/ai/nicowar -Isrc/ai/numbi -Isrc/ai/telemetry -Isrc/ai/warrush -Isrc/ai/maxima -Isrc/building -Isrc/building/types -Isrc/unit/types -Isrc/building/hud -Isrc/net -Isrc/hud/draw -Isrc/hud/input -Isrc/hud/touch -Isrc/net/turn -Isrc/unit -Isrc/map/editor -Isrc/map/generator -Isrc/map/generator/compatibility -Isrc/map/generator/core -Isrc/map/generator/generators -Isrc/map/generator/shared -Isrc/map/generator/shared/legacy -Isrc/map/gradient -Isrc/map/io -Isrc/net/lan -Isrc/net/message -Isrc/scripting/sgsl -Ithird_party/nlohmann-json/include -Itest -Itest/support -Ilibgag/src -Ithird_party/quickjs-ng src/game/GameSpeedTest.cpp
/opt/homebrew/bin/ccache g++ -o build/darwin/client/release/test/engine-src_ui_UIPresentationHarness.o -c -g -std=gnu++20 -Wall -fPIC -O3 -DGLOB2_OFFICIAL_INSTANCE_ORIGIN=\"https://app.glob2online.com\" -DGLOB2_OFFICIAL_INSTANCE_FORMER_ORIGINS=\"https://glob2online.com\" -DHAVE_CONFIG_H -DGL_SILENCE_DEPRECATION -DSDL_MAIN_HANDLED -Ibuild/darwin/client/release/recording/prefix/include -I/Users/bradley/glob2/artifacts/recording-sdl3/prefix/include -Ibuild/darwin/client/release/include -I/opt/homebrew/include -Ilibgag/include -I. -Ilibusl/src -Isrc -Isrc/ai -Isrc/hud -Isrc/app -Isrc/game/player -Isrc/team -Isrc/common -Isrc/map -Isrc/game -Isrc/campaign -Isrc/campaign/screens -Isrc/replay -Isrc/game/screens -Isrc/render/clouds -Isrc/ui/screens -Isrc/game/rules -Isrc/game/diagnostics -Isrc/map/editor/screens -Isrc/engine -Isrc/ui -Isrc/map/preview -Isrc/app/cli -Isrc/net/lan/screens -Isrc/online -Isrc/map/tools -Isrc/scripting/map -Isrc/render/overlay -Isrc/audio -Isrc/online/screens -Isrc/game/orders -Isrc/resource -Isrc/ui/settings -Isrc/team/stats -Isrc/render/torus -Isrc/ai/simple -Isrc/ai/castor -Isrc/ai/javascript -Isrc/ai/nicowar -Isrc/ai/numbi -Isrc/ai/telemetry -Isrc/ai/warrush -Isrc/ai/maxima -Isrc/building -Isrc/building/types -Isrc/unit/types -Isrc/building/hud -Isrc/net -Isrc/hud/draw -Isrc/hud/input -Isrc/hud/touch -Isrc/net/turn -Isrc/unit -Isrc/map/editor -Isrc/map/generator -Isrc/map/generator/compatibility -Isrc/map/generator/core -Isrc/map/generator/generators -Isrc/map/generator/shared -Isrc/map/generator/shared/legacy -Isrc/map/gradient -Isrc/map/io -Isrc/net/lan -Isrc/net/message -Isrc/scripting/sgsl -Ithird_party/nlohmann-json/include -Itest -Itest/support -Ilibgag/src -Ithird_party/quickjs-ng src/ui/UIPresentationHarness.cpp
In file included from src/online/PlatformRoomTest.cpp:10:
In file included from test/support/EngineFixtures.h:9:
In file included from src/game/Game.h:12:
In file included from src/map/Map.h:21:
In file included from src/team/Team.h:16:
In file included from src/game/GameEvent.h:9:
In file included from libgag/include/GraphicContext.h:6:
libgag/include/SDLGraphicContext.h:520:16: warning: 'setRes' overrides a member function but is not marked 'override' [-Winconsistent-missing-override]
  520 |                 virtual void setRes(int w, int h) { setRes(w, h, optionFlags); }
      |                              ^
libgag/include/SDLGraphicContext.h:228:16: note: overridden virtual function is here
  228 |                 virtual void setRes(int w, int h);
      |                              ^
libgag/include/SDLGraphicContext.h:596:16: warning: 'setClipRect' overrides a member function but is not marked 'override' [-Winconsistent-missing-override]
  596 |                 virtual void setClipRect(int x, int y, int w, int h);
      |                              ^
libgag/include/SDLGraphicContext.h:230:16: note: overridden virtual function is here
  230 |                 virtual void setClipRect(int x, int y, int w, int h);
      |                              ^
libgag/include/SDLGraphicContext.h:597:16: warning: 'setClipRect' overrides a member function but is not marked 'override' [-Winconsistent-missing-override]
  597 |                 virtual void setClipRect(void);
      |                              ^
libgag/include/SDLGraphicContext.h:231:16: note: overridden virtual function is here
  231 |                 virtual void setClipRect(void);
      |                              ^
libgag/include/SDLGraphicContext.h:602:22: warning: 'nextFrame' overrides a member function but is not marked 'override' [-Winconsistent-missing-override]
  602 |         virtual void nextFrame(void);
      |                      ^
libgag/include/SDLGraphicContext.h:232:16: note: overridden virtual function is here
  232 |                 virtual void nextFrame(void) { flushTextPictures(); }
      |                              ^
libgag/include/SDLGraphicContext.h:604:16: warning: 'loadImage' overrides a member function but is not marked 'override' [-Winconsistent-missing-override]
  604 |                 virtual bool loadImage(const std::string name) { return false; }
      |                              ^
libgag/include/SDLGraphicContext.h:233:16: note: overridden virtual function is here
  233 |                 virtual bool loadImage(const std::string name);
      |                              ^
libgag/include/SDLGraphicContext.h:608:16: warning: 'shiftHSV' overrides a member function but is not marked 'override' [-Winconsistent-missing-override]
  608 |                 virtual void shiftHSV(float hue, float sat, float lum) { }
      |                              ^
libgag/include/SDLGraphicContext.h:234:16: note: overridden virtual function is here
  234 |                 virtual void shiftHSV(float hue, float sat, float lum);
      |                              ^
libgag/include/SDLGraphicContext.h:611:16: warning: 'canDrawStretchedSprite' overrides a member function but is not marked 'override' [-Winconsistent-missing-override]
  611 |                 virtual bool canDrawStretchedSprite(void) { return hasPortableRenderer() || (optionFlags & USEGPU) != 0; }
      |                              ^
libgag/include/SDLGraphicContext.h:252:16: note: overridden virtual function is here
  252 |                 virtual bool canDrawStretchedSprite(void) { return false; }
      |                              ^
libgag/include/SDLGraphicContext.h:613:16: warning: 'drawPixel' overrides a member function but is not marked 'override' [-Winconsistent-missing-override]
  613 |                 virtual void drawPixel(int x, int y, const Color& color);
      |                              ^
libgag/include/SDLGraphicContext.h:255:16: note: overridden virtual function is here
  255 |                 virtual void drawPixel(int x, int y, const Color& color);
      |                              ^
libgag/include/SDLGraphicContext.h:614:16: warning: 'drawPixel' overrides a member function but is not marked 'override' [-Winconsistent-missing-override]
  614 |                 virtual void drawPixel(float x, float y, const Color& color);
      |                              ^
libgag/include/SDLGraphicContext.h:256:16: note: overridden virtual function is here
  256 |                 virtual void drawPixel(float x, float y, const Color& color);
      |                              ^
libgag/include/SDLGraphicContext.h:616:16: warning: 'drawRect' overrides a member function but is not marked 'override' [-Winconsistent-missing-override]
  616 |                 virtual void drawRect(int x, int y, int w, int h, const Color& color);
      |                              ^
libgag/include/SDLGraphicContext.h:258:16: note: overridden virtual function is here
  258 |                 virtual void drawRect(int x, int y, int w, int h, const Color& color);
      |                              ^
libgag/include/SDLGraphicContext.h:617:16: warning: 'drawRect' overrides a member function but is not marked 'override' [-Winconsistent-missing-override]
  617 |                 virtual void drawRect(float x, float y, float w, float h, const Color& color);
      |                              ^
libgag/include/SDLGraphicContext.h:259:16: note: overridden virtual function is here
  259 |                 virtual void drawRect(float x, float y, float w, float h, const Color& color);
      |                              ^
libgag/include/SDLGraphicContext.h:619:16: warning: 'drawFilledRect' overrides a member function but is not marked 'override' [-Winconsistent-missing-override]
  619 |                 virtual void drawFilledRect(int x, int y, int w, int h, const Color& color);
      |                              ^
libgag/include/SDLGraphicContext.h:261:16: note: overridden virtual function is here
  261 |                 virtual void drawFilledRect(int x, int y, int w, int h, const Color& color);
      |                              ^
libgag/include/SDLGraphicContext.h:620:16: warning: 'drawFilledRect' overrides a member function but is not marked 'override' [-Winconsistent-missing-override]
  620 |                 virtual void drawFilledRect(float x, float y, float w, float h, const Color& color);
      |                              ^
libgag/include/SDLGraphicContext.h:262:16: note: overridden virtual function is here
  262 |                 virtual void drawFilledRect(float x, float y, float w, float h, const Color& color);
      |                              ^
libgag/include/SDLGraphicContext.h:622:16: warning: 'drawLine' overrides a member function but is not marked 'override' [-Winconsistent-missing-override]
  622 |                 virtual void drawLine(int x1, int y1, int x2, int y2, const Color& color);
      |                              ^
libgag/include/SDLGraphicContext.h:264:16: note: overridden virtual function is here
  264 |                 virtual void drawLine(int x1, int y1, int x2, int y2, const Color& color);
      |                              ^
libgag/include/SDLGraphicContext.h:623:16: warning: 'drawLine' overrides a member function but is not marked 'override' [-Winconsistent-missing-override]
  623 |                 virtual void drawLine(float x1, float y1, float x2, float y2, const Color& color);
      |                              ^
libgag/include/SDLGraphicContext.h:265:16: note: overridden virtual function is here
  265 |                 virtual void drawLine(float x1, float y1, float x2, float y2, const Color& color);
      |                              ^
libgag/include/SDLGraphicContext.h:625:16: warning: 'drawCircle' overrides a member function but is not marked 'override' [-Winconsistent-missing-override]
  625 |                 virtual void drawCircle(int x, int y, int radius, const Color& color);
      |                              ^
libgag/include/SDLGraphicContext.h:267:16: note: overridden virtual function is here
  267 |                 virtual void drawCircle(int x, int y, int radius, const Color& color);
      |                              ^
libgag/include/SDLGraphicContext.h:626:16: warning: 'drawCircle' overrides a member function but is not marked 'override' [-Winconsistent-missing-override]
  626 |                 virtual void drawCircle(float x, float y, float radius, const Color& color);
      |                              ^
libgag/include/SDLGraphicContext.h:268:16: note: overridden virtual function is here
  268 |                 virtual void drawCircle(float x, float y, float radius, const Color& color);
      |                              ^
libgag/include/SDLGraphicContext.h:628:16: warning: 'drawSurface' overrides a member function but is not marked 'override' [-Winconsistent-missing-override]
  628 |                 virtual void drawSurface(int x, int y, DrawableSurface *surface, Uint8 alpha = Color::ALPHA_OPAQUE);
      |                              ^
libgag/include/SDLGraphicContext.h:270:16: note: overridden virtual function is here
  270 |                 virtual void drawSurface(int x, int y, DrawableSurface *surface, Uint8 alpha = Color::ALPHA_OPAQUE);
      |                              ^
libgag/include/SDLGraphicContext.h:629:16: warning: 'drawSurface' overrides a member function but is not marked 'override' [-Winconsistent-missing-override]
  629 |                 virtual void drawSurface(float x, float y, DrawableSurface *surface, Uint8 alpha = Color::ALPHA_OPAQUE);
      |                              ^
libgag/include/SDLGraphicContext.h:271:16: note: overridden virtual function is here
  271 |                 virtual void drawSurface(float x, float y, DrawableSurface *surface, Uint8 alpha = Color::ALPHA_OPAQUE);
      |                              ^
libgag/include/SDLGraphicContext.h:631:16: warning: 'drawSurface' overrides a member function but is not marked 'override' [-Winconsistent-missing-override]
  631 |                 virtual void drawSurface(int x, int y, int w, int h, DrawableSurface *surface, Uint8 alpha = Color::ALPHA_OPAQUE);
      |                              ^
libgag/include/SDLGraphicContext.h:273:16: note: overridden virtual function is here
  273 |                 virtual void drawSurface(int x, int y, int w, int h, DrawableSurface *surface, Uint8 alpha = Color::ALPHA_OPAQUE);
      |                              ^
libgag/include/SDLGraphicContext.h:632:16: warning: 'drawSurface' overrides a member function but is not marked 'override' [-Winconsistent-missing-override]
  632 |                 virtual void drawSurface(float x, float y, float w, float h, DrawableSurface *surface, Uint8 alpha = Color::ALPHA_OPAQUE);
      |                              ^
libgag/include/SDLGraphicContext.h:274:16: note: overridden virtual function is here
  274 |                 virtual void drawSurface(float x, float y, float w, float h, DrawableSurface *surface, Uint8 alpha = Color::ALPHA_OPAQUE);
      |                              ^
libgag/include/SDLGraphicContext.h:634:16: warning: 'drawSurface' overrides a member function but is not marked 'override' [-Winconsistent-missing-override]
  634 |                 virtual void drawSurface(int x, int y, DrawableSurface *surface, int sx, int sy, int sw, int sh, Uint8 alpha = Color::ALPHA_OPAQUE);
      |                              ^
libgag/include/SDLGraphicContext.h:276:16: note: overridden virtual function is here
  276 |                 virtual void drawSurface(int x, int y, DrawableSurface *surface, int sx, int sy, int sw, int sh, Uint8 alpha = Color::ALPHA_OPAQUE);
      |                              ^
libgag/include/SDLGraphicContext.h:635:16: warning: 'drawSurface' overrides a member function but is not marked 'override' [-Winconsistent-missing-override]
  635 |                 virtual void drawSurface(float x, float y, DrawableSurface *surface, int sx, int sy, int sw, int sh, Uint8 alpha = Color::ALPHA_OPAQUE);
      |                              ^
libgag/include/SDLGraphicContext.h:277:16: note: overridden virtual function is here
  277 |                 virtual void drawSurface(float x, float y, DrawableSurface *surface, int sx, int sy, int sw, int sh, Uint8 alpha = Color::ALPHA_OPAQUE);
      |                              ^
libgag/include/SDLGraphicContext.h:637:16: warning: 'drawSurface' overrides a member function but is not marked 'override' [-Winconsistent-missing-override]
  637 |                 virtual void drawSurface(int x, int y, int w, int h, DrawableSurface *surface, int sx, int sy, int sw, int sh,  Uint8 alpha = Color::ALPHA_OPAQUE);
      |                              ^
libgag/include/SDLGraphicContext.h:279:16: note: overridden virtual function is here
  279 |                 virtual void drawSurface(int x, int y, int w, int h, DrawableSurface *surface, int sx, int sy, int sw, int sh,  Uint8 alpha = Color::ALPHA_OPAQUE);
      |                              ^
libgag/include/SDLGraphicContext.h:638:16: warning: 'drawSurface' overrides a member function but is not marked 'override' [-Winconsistent-missing-override]
  638 |                 virtual void drawSurface(float x, float y, float w, float h, DrawableSurface *surface, int sx, int sy, int sw, int sh, Uint8 alpha = Color::ALPHA_OPAQUE);
      |                              ^
libgag/include/SDLGraphicContext.h:280:16: note: overridden virtual function is here
  280 |                 virtual void drawSurface(float x, float y, float w, float h, DrawableSurface *surface, int sx, int sy, int sw, int sh, Uint8 alpha = Color::ALPHA_OPAQUE);
      |                              ^
libgag/include/SDLGraphicContext.h:661:16: warning: 'drawAlphaMap' overrides a member function but is not marked 'override' [-Winconsistent-missing-override]
  661 |                 virtual void drawAlphaMap(const std::valarray<float> &map, int mapW, int mapH, int x, int y, int cellW, int cellH, const Color &color);
      |                              ^
libgag/include/SDLGraphicContext.h:293:16: note: overridden virtual function is here
  293 |                 virtual void drawAlphaMap(const std::valarray<float> &map, int mapW, int mapH, int x, int y, int cellW, int cellH, const Color &color);
      |                              ^
libgag/include/SDLGraphicContext.h:662:16: warning: 'drawAlphaMap' overrides a member function but is not marked 'override' [-Winconsistent-missing-override]
  662 |                 virtual void drawAlphaMap(const std::valarray<unsigned char> &map, int mapW, int mapH, int x, int y, int cellW, int cellH, const Color &color);
      |                              ^
libgag/include/SDLGraphicContext.h:294:16: note: overridden virtual function is here
  294 |                 virtual void drawAlphaMap(const std::valarray<unsigned char> &map, int mapW, int mapH, int x, int y, int cellW, int cellH, const Color &color);
      |                              ^
libgag/include/SDLGraphicContext.h:665:16: warning: 'drawPixel' overrides a member function but is not marked 'override' [-Winconsistent-missing-override]
  665 |                 virtual void drawPixel(int x, int y, Uint8 r, Uint8 g, Uint8 b, Uint8 a = Color::ALPHA_OPAQUE);
      |                              ^
libgag/include/SDLGraphicContext.h:297:16: note: overridden virtual function is here
  297 |                 virtual void drawPixel(int x, int y, Uint8 r, Uint8 g, Uint8 b, Uint8 a = Color::ALPHA_OPAQUE);
      |                              ^
libgag/include/SDLGraphicContext.h:666:16: warning: 'drawRect' overrides a member function but is not marked 'override' [-Winconsistent-missing-override]
  666 |                 virtual void drawRect(int x, int y, int w, int h, Uint8 r, Uint8 g, Uint8 b, Uint8 a = Color::ALPHA_OPAQUE);
      |                              ^
libgag/include/SDLGraphicContext.h:298:16: note: overridden virtual function is here
  298 |                 virtual void drawRect(int x, int y, int w, int h, Uint8 r, Uint8 g, Uint8 b, Uint8 a = Color::ALPHA_OPAQUE);
      |                              ^
libgag/include/SDLGraphicContext.h:667:16: warning: 'drawFilledRect' overrides a member function but is not marked 'override' [-Winconsistent-missing-override]
  667 |                 virtual void drawFilledRect(int x, int y, int w, int h, Uint8 r, Uint8 g, Uint8 b, Uint8 a = Color::ALPHA_OPAQUE);
      |                              ^
libgag/include/SDLGraphicContext.h:299:16: note: overridden virtual function is here
  299 |                 virtual void drawFilledRect(int x, int y, int w, int h, Uint8 r, Uint8 g, Uint8 b, Uint8 a = Color::ALPHA_OPAQUE);
      |                              ^
libgag/include/SDLGraphicContext.h:668:16: warning: 'drawVertLine' overrides a member function but is not marked 'override' [-Winconsistent-missing-override]
  668 |                 virtual void drawVertLine(int x, int y, int l, Uint8 r, Uint8 g, Uint8 b, Uint8 a = Color::ALPHA_OPAQUE);
      |                              ^
libgag/include/SDLGraphicContext.h:300:16: note: overridden virtual function is here
  300 |                 virtual void drawVertLine(int x, int y, int l, Uint8 r, Uint8 g, Uint8 b, Uint8 a = Color::ALPHA_OPAQUE);
      |                              ^
libgag/include/SDLGraphicContext.h:669:16: warning: 'drawVertLine' overrides a member function but is not marked 'override' [-Winconsistent-missing-override]
  669 |                 virtual void drawVertLine(int x, int y, int l, const Color& color);
      |                              ^
libgag/include/SDLGraphicContext.h:301:16: note: overridden virtual function is here
  301 |                 virtual void drawVertLine(int x, int y, int l, const Color& color);
      |                              ^
libgag/include/SDLGraphicContext.h:670:16: warning: 'drawHorzLine' overrides a member function but is not marked 'override' [-Winconsistent-missing-override]
  670 |                 virtual void drawHorzLine(int x, int y, int l, Uint8 r, Uint8 g, Uint8 b, Uint8 a = Color::ALPHA_OPAQUE);
      |                              ^
libgag/include/SDLGraphicContext.h:302:16: note: overridden virtual function is here
  302 |                 virtual void drawHorzLine(int x, int y, int l, Uint8 r, Uint8 g, Uint8 b, Uint8 a = Color::ALPHA_OPAQUE);
      |                              ^
libgag/include/SDLGraphicContext.h:671:16: warning: 'drawHorzLine' overrides a member function but is not marked 'override' [-Winconsistent-missing-override]
  671 |                 virtual void drawHorzLine(int x, int y, int l, const Color& color);
      |                              ^
libgag/include/SDLGraphicContext.h:303:16: note: overridden virtual function is here
  303 |                 virtual void drawHorzLine(int x, int y, int l, const Color& color);
      |                              ^
libgag/include/SDLGraphicContext.h:672:16: warning: 'drawLine' overrides a member function but is not marked 'override' [-Winconsistent-missing-override]
  672 |                 virtual void drawLine(int x1, int y1, int x2, int y2, Uint8 r, Uint8 g, Uint8 b, Uint8 a = Color::ALPHA_OPAQUE);
      |                              ^
libgag/include/SDLGraphicContext.h:304:16: note: overridden virtual function is here
  304 |                 virtual void drawLine(int x1, int y1, int x2, int y2, Uint8 r, Uint8 g, Uint8 b, Uint8 a = Color::ALPHA_OPAQUE);
      |                              ^
libgag/include/SDLGraphicContext.h:673:16: warning: 'drawCircle' overrides a member function but is not marked 'override' [-Winconsistent-missing-override]
  673 |                 virtual void drawCircle(int x, int y, int radius, Uint8 r, Uint8 g, Uint8 b, Uint8 a = Color::ALPHA_OPAQUE);
      |                              ^
libgag/include/SDLGraphicContext.h:305:16: note: overridden virtual function is here
  305 |                 virtual void drawCircle(int x, int y, int radius, Uint8 r, Uint8 g, Uint8 b, Uint8 a = Color::ALPHA_OPAQUE);
      |                              ^
36 warnings generated.
/opt/homebrew/bin/ccache g++ -o build/darwin/client/release/test/engine-src_hud_touch_GameGUITouchHarness.o -c -g -std=gnu++20 -Wall -fPIC -O3 -DGLOB2_OFFICIAL_INSTANCE_ORIGIN=\"https://app.glob2online.com\" -DGLOB2_OFFICIAL_INSTANCE_FORMER_ORIGINS=\"https://glob2online.com\" -DHAVE_CONFIG_H -DGL_SILENCE_DEPRECATION -DSDL_MAIN_HANDLED -Ibuild/darwin/client/release/recording/prefix/include -I/Users/bradley/glob2/artifacts/recording-sdl3/prefix/include -Ibuild/darwin/client/release/include -I/opt/homebrew/include -Ilibgag/include -I. -Ilibusl/src -Isrc -Isrc/ai -Isrc/hud -Isrc/app -Isrc/game/player -Isrc/team -Isrc/common -Isrc/map -Isrc/game -Isrc/campaign -Isrc/campaign/screens -Isrc/replay -Isrc/game/screens -Isrc/render/clouds -Isrc/ui/screens -Isrc/game/rules -Isrc/game/diagnostics -Isrc/map/editor/screens -Isrc/engine -Isrc/ui -Isrc/map/preview -Isrc/app/cli -Isrc/net/lan/screens -Isrc/online -Isrc/map/tools -Isrc/scripting/map -Isrc/render/overlay -Isrc/audio -Isrc/online/screens -Isrc/game/orders -Isrc/resource -Isrc/ui/settings -Isrc/team/stats -Isrc/render/torus -Isrc/ai/simple -Isrc/ai/castor -Isrc/ai/javascript -Isrc/ai/nicowar -Isrc/ai/numbi -Isrc/ai/telemetry -Isrc/ai/warrush -Isrc/ai/maxima -Isrc/building -Isrc/building/types -Isrc/unit/types -Isrc/building/hud -Isrc/net -Isrc/hud/draw -Isrc/hud/input -Isrc/hud/touch -Isrc/net/turn -Isrc/unit -Isrc/map/editor -Isrc/map/generator -Isrc/map/generator/compatibility -Isrc/map/generator/core -Isrc/map/generator/generators -Isrc/map/generator/shared -Isrc/map/generator/shared/legacy -Isrc/map/gradient -Isrc/map/io -Isrc/net/lan -Isrc/net/message -Isrc/scripting/sgsl -Ithird_party/nlohmann-json/include -Itest -Itest/support -Ilibgag/src -Ithird_party/quickjs-ng src/hud/touch/GameGUITouchHarness.cpp
In file included from src/render/HighResolutionIntegrationHarness.cpp:2:
In file included from test/support/EngineFixtures.h:9:
In file included from src/game/Game.h:12:
In file included from src/map/Map.h:21:
In file included from src/team/Team.h:16:
In file included from src/game/GameEvent.h:9:
In file included from libgag/include/GraphicContext.h:6:
libgag/include/SDLGraphicContext.h:520:16: warning: 'setRes' overrides a member function but is not marked 'override' [-Winconsistent-missing-override]
  520 |                 virtual void setRes(int w, int h) { setRes(w, h, optionFlags); }
      |                              ^
libgag/include/SDLGraphicContext.h:228:16: note: overridden virtual function is here
  228 |                 virtual void setRes(int w, int h);
      |                              ^
libgag/include/SDLGraphicContext.h:596:16: warning: 'setClipRect' overrides a member function but is not marked 'override' [-Winconsistent-missing-override]
  596 |                 virtual void setClipRect(int x, int y, int w, int h);
      |                              ^
libgag/include/SDLGraphicContext.h:230:16: note: overridden virtual function is here
  230 |                 virtual void setClipRect(int x, int y, int w, int h);
      |                              ^
libgag/include/SDLGraphicContext.h:597:16: warning: 'setClipRect' overrides a member function but is not marked 'override' [-Winconsistent-missing-override]
  597 |                 virtual void setClipRect(void);
      |                              ^
libgag/include/SDLGraphicContext.h:231:16: note: overridden virtual function is here
  231 |                 virtual void setClipRect(void);
      |                              ^
libgag/include/SDLGraphicContext.h:602:22: warning: 'nextFrame' overrides a member function but is not marked 'override' [-Winconsistent-missing-override]
  602 |         virtual void nextFrame(void);
      |                      ^
libgag/include/SDLGraphicContext.h:232:16: note: overridden virtual function is here
  232 |                 virtual void nextFrame(void) { flushTextPictures(); }
      |                              ^
libgag/include/SDLGraphicContext.h:604:16: warning: 'loadImage' overrides a member function but is not marked 'override' [-Winconsistent-missing-override]
  604 |                 virtual bool loadImage(const std::string name) { return false; }
      |                              ^
libgag/include/SDLGraphicContext.h:233:16: note: overridden virtual function is here
  233 |                 virtual bool loadImage(const std::string name);
      |                              ^
libgag/include/SDLGraphicContext.h:608:16: warning: 'shiftHSV' overrides a member function but is not marked 'override' [-Winconsistent-missing-override]
  608 |                 virtual void shiftHSV(float hue, float sat, float lum) { }
      |                              ^
libgag/include/SDLGraphicContext.h:234:16: note: overridden virtual function is here
  234 |                 virtual void shiftHSV(float hue, float sat, float lum);
      |                              ^
libgag/include/SDLGraphicContext.h:611:16: warning: 'canDrawStretchedSprite' overrides a member function but is not marked 'override' [-Winconsistent-missing-override]
  611 |                 virtual bool canDrawStretchedSprite(void) { return hasPortableRenderer() || (optionFlags & USEGPU) != 0; }
      |                              ^
libgag/include/SDLGraphicContext.h:252:16: note: overridden virtual function is here
  252 |                 virtual bool canDrawStretchedSprite(void) { return false; }
      |                              ^
libgag/include/SDLGraphicContext.h:613:16: warning: 'drawPixel' overrides a member function but is not marked 'override' [-Winconsistent-missing-override]
  613 |                 virtual void drawPixel(int x, int y, const Color& color);
      |                              ^
libgag/include/SDLGraphicContext.h:255:16: note: overridden virtual function is here
  255 |                 virtual void drawPixel(int x, int y, const Color& color);
      |                              ^
libgag/include/SDLGraphicContext.h:614:16: warning: 'drawPixel' overrides a member function but is not marked 'override' [-Winconsistent-missing-override]
  614 |                 virtual void drawPixel(float x, float y, const Color& color);
      |                              ^
libgag/include/SDLGraphicContext.h:256:16: note: overridden virtual function is here
  256 |                 virtual void drawPixel(float x, float y, const Color& color);
      |                              ^
libgag/include/SDLGraphicContext.h:616:16: warning: 'drawRect' overrides a member function but is not marked 'override' [-Winconsistent-missing-override]
  616 |                 virtual void drawRect(int x, int y, int w, int h, const Color& color);
      |                              ^
libgag/include/SDLGraphicContext.h:258:16: note: overridden virtual function is here
  258 |                 virtual void drawRect(int x, int y, int w, int h, const Color& color);
      |                              ^
libgag/include/SDLGraphicContext.h:617:16: warning: 'drawRect' overrides a member function but is not marked 'override' [-Winconsistent-missing-override]
  617 |                 virtual void drawRect(float x, float y, float w, float h, const Color& color);
      |                              ^
libgag/include/SDLGraphicContext.h:259:16: note: overridden virtual function is here
  259 |                 virtual void drawRect(float x, float y, float w, float h, const Color& color);
      |                              ^
libgag/include/SDLGraphicContext.h:619:16: warning: 'drawFilledRect' overrides a member function but is not marked 'override' [-Winconsistent-missing-override]
  619 |                 virtual void drawFilledRect(int x, int y, int w, int h, const Color& color);
      |                              ^
libgag/include/SDLGraphicContext.h:261:16: note: overridden virtual function is here
  261 |                 virtual void drawFilledRect(int x, int y, int w, int h, const Color& color);
      |                              ^
libgag/include/SDLGraphicContext.h:620:16: warning: 'drawFilledRect' overrides a member function but is not marked 'override' [-Winconsistent-missing-override]
  620 |                 virtual void drawFilledRect(float x, float y, float w, float h, const Color& color);
      |                              ^
libgag/include/SDLGraphicContext.h:262:16: note: overridden virtual function is here
  262 |                 virtual void drawFilledRect(float x, float y, float w, float h, const Color& color);
      |                              ^
libgag/include/SDLGraphicContext.h:622:16: warning: 'drawLine' overrides a member function but is not marked 'override' [-Winconsistent-missing-override]
  622 |                 virtual void drawLine(int x1, int y1, int x2, int y2, const Color& color);
      |                              ^
libgag/include/SDLGraphicContext.h:264:16: note: overridden virtual function is here
  264 |                 virtual void drawLine(int x1, int y1, int x2, int y2, const Color& color);
      |                              ^
libgag/include/SDLGraphicContext.h:623:16: warning: 'drawLine' overrides a member function but is not marked 'override' [-Winconsistent-missing-override]
  623 |                 virtual void drawLine(float x1, float y1, float x2, float y2, const Color& color);
      |                              ^
libgag/include/SDLGraphicContext.h:265:16: note: overridden virtual function is here
  265 |                 virtual void drawLine(float x1, float y1, float x2, float y2, const Color& color);
      |                              ^
libgag/include/SDLGraphicContext.h:625:16: warning: 'drawCircle' overrides a member function but is not marked 'override' [-Winconsistent-missing-override]
  625 |                 virtual void drawCircle(int x, int y, int radius, const Color& color);
      |                              ^
libgag/include/SDLGraphicContext.h:267:16: note: overridden virtual function is here
  267 |                 virtual void drawCircle(int x, int y, int radius, const Color& color);
      |                              ^
libgag/include/SDLGraphicContext.h:626:16: warning: 'drawCircle' overrides a member function but is not marked 'override' [-Winconsistent-missing-override]
  626 |                 virtual void drawCircle(float x, float y, float radius, const Color& color);
      |                              ^
libgag/include/SDLGraphicContext.h:268:16: note: overridden virtual function is here
  268 |                 virtual void drawCircle(float x, float y, float radius, const Color& color);
      |                              ^
libgag/include/SDLGraphicContext.h:628:16: warning: 'drawSurface' overrides a member function but is not marked 'override' [-Winconsistent-missing-override]
  628 |                 virtual void drawSurface(int x, int y, DrawableSurface *surface, Uint8 alpha = Color::ALPHA_OPAQUE);
      |                              ^
libgag/include/SDLGraphicContext.h:270:16: note: overridden virtual function is here
  270 |                 virtual void drawSurface(int x, int y, DrawableSurface *surface, Uint8 alpha = Color::ALPHA_OPAQUE);
      |                              ^
libgag/include/SDLGraphicContext.h:629:16: warning: 'drawSurface' overrides a member function but is not marked 'override' [-Winconsistent-missing-override]
  629 |                 virtual void drawSurface(float x, float y, DrawableSurface *surface, Uint8 alpha = Color::ALPHA_OPAQUE);
      |                              ^
libgag/include/SDLGraphicContext.h:271:16: note: overridden virtual function is here
  271 |                 virtual void drawSurface(float x, float y, DrawableSurface *surface, Uint8 alpha = Color::ALPHA_OPAQUE);
      |                              ^
libgag/include/SDLGraphicContext.h:631:16: warning: 'drawSurface' overrides a member function but is not marked 'override' [-Winconsistent-missing-override]
  631 |                 virtual void drawSurface(int x, int y, int w, int h, DrawableSurface *surface, Uint8 alpha = Color::ALPHA_OPAQUE);
      |                              ^
libgag/include/SDLGraphicContext.h:273:16: note: overridden virtual function is here
  273 |                 virtual void drawSurface(int x, int y, int w, int h, DrawableSurface *surface, Uint8 alpha = Color::ALPHA_OPAQUE);
      |                              ^
libgag/include/SDLGraphicContext.h:632:16: warning: 'drawSurface' overrides a member function but is not marked 'override' [-Winconsistent-missing-override]
  632 |                 virtual void drawSurface(float x, float y, float w, float h, DrawableSurface *surface, Uint8 alpha = Color::ALPHA_OPAQUE);
      |                              ^
libgag/include/SDLGraphicContext.h:274:16: note: overridden virtual function is here
  274 |                 virtual void drawSurface(float x, float y, float w, float h, DrawableSurface *surface, Uint8 alpha = Color::ALPHA_OPAQUE);
      |                              ^
libgag/include/SDLGraphicContext.h:634:16: warning: 'drawSurface' overrides a member function but is not marked 'override' [-Winconsistent-missing-override]
  634 |                 virtual void drawSurface(int x, int y, DrawableSurface *surface, int sx, int sy, int sw, int sh, Uint8 alpha = Color::ALPHA_OPAQUE);
      |                              ^
libgag/include/SDLGraphicContext.h:276:16: note: overridden virtual function is here
  276 |                 virtual void drawSurface(int x, int y, DrawableSurface *surface, int sx, int sy, int sw, int sh, Uint8 alpha = Color::ALPHA_OPAQUE);
      |                              ^
libgag/include/SDLGraphicContext.h:635:16: warning: 'drawSurface' overrides a member function but is not marked 'override' [-Winconsistent-missing-override]
  635 |                 virtual void drawSurface(float x, float y, DrawableSurface *surface, int sx, int sy, int sw, int sh, Uint8 alpha = Color::ALPHA_OPAQUE);
      |                              ^
libgag/include/SDLGraphicContext.h:277:16: note: overridden virtual function is here
  277 |                 virtual void drawSurface(float x, float y, DrawableSurface *surface, int sx, int sy, int sw, int sh, Uint8 alpha = Color::ALPHA_OPAQUE);
      |                              ^
libgag/include/SDLGraphicContext.h:637:16: warning: 'drawSurface' overrides a member function but is not marked 'override' [-Winconsistent-missing-override]
  637 |                 virtual void drawSurface(int x, int y, int w, int h, DrawableSurface *surface, int sx, int sy, int sw, int sh,  Uint8 alpha = Color::ALPHA_OPAQUE);
      |                              ^
libgag/include/SDLGraphicContext.h:279:16: note: overridden virtual function is here
  279 |                 virtual void drawSurface(int x, int y, int w, int h, DrawableSurface *surface, int sx, int sy, int sw, int sh,  Uint8 alpha = Color::ALPHA_OPAQUE);
      |                              ^
libgag/include/SDLGraphicContext.h:638:16: warning: 'drawSurface' overrides a member function but is not marked 'override' [-Winconsistent-missing-override]
  638 |                 virtual void drawSurface(float x, float y, float w, float h, DrawableSurface *surface, int sx, int sy, int sw, int sh, Uint8 alpha = Color::ALPHA_OPAQUE);
      |                              ^
libgag/include/SDLGraphicContext.h:280:16: note: overridden virtual function is here
  280 |                 virtual void drawSurface(float x, float y, float w, float h, DrawableSurface *surface, int sx, int sy, int sw, int sh, Uint8 alpha = Color::ALPHA_OPAQUE);
      |                              ^
libgag/include/SDLGraphicContext.h:661:16: warning: 'drawAlphaMap' overrides a member function but is not marked 'override' [-Winconsistent-missing-override]
  661 |                 virtual void drawAlphaMap(const std::valarray<float> &map, int mapW, int mapH, int x, int y, int cellW, int cellH, const Color &color);
      |                              ^
libgag/include/SDLGraphicContext.h:293:16: note: overridden virtual function is here
  293 |                 virtual void drawAlphaMap(const std::valarray<float> &map, int mapW, int mapH, int x, int y, int cellW, int cellH, const Color &color);
      |                              ^
libgag/include/SDLGraphicContext.h:662:16: warning: 'drawAlphaMap' overrides a member function but is not marked 'override' [-Winconsistent-missing-override]
  662 |                 virtual void drawAlphaMap(const std::valarray<unsigned char> &map, int mapW, int mapH, int x, int y, int cellW, int cellH, const Color &color);
      |                              ^
libgag/include/SDLGraphicContext.h:294:16: note: overridden virtual function is here
  294 |                 virtual void drawAlphaMap(const std::valarray<unsigned char> &map, int mapW, int mapH, int x, int y, int cellW, int cellH, const Color &color);
      |                              ^
libgag/include/SDLGraphicContext.h:665:16: warning: 'drawPixel' overrides a member function but is not marked 'override' [-Winconsistent-missing-override]
  665 |                 virtual void drawPixel(int x, int y, Uint8 r, Uint8 g, Uint8 b, Uint8 a = Color::ALPHA_OPAQUE);
      |                              ^
libgag/include/SDLGraphicContext.h:297:16: note: overridden virtual function is here
  297 |                 virtual void drawPixel(int x, int y, Uint8 r, Uint8 g, Uint8 b, Uint8 a = Color::ALPHA_OPAQUE);
      |                              ^
libgag/include/SDLGraphicContext.h:666:16: warning: 'drawRect' overrides a member function but is not marked 'override' [-Winconsistent-missing-override]
  666 |                 virtual void drawRect(int x, int y, int w, int h, Uint8 r, Uint8 g, Uint8 b, Uint8 a = Color::ALPHA_OPAQUE);
      |                              ^
libgag/include/SDLGraphicContext.h:298:16: note: overridden virtual function is here
  298 |                 virtual void drawRect(int x, int y, int w, int h, Uint8 r, Uint8 g, Uint8 b, Uint8 a = Color::ALPHA_OPAQUE);
      |                              ^
libgag/include/SDLGraphicContext.h:667:16: warning: 'drawFilledRect' overrides a member function but is not marked 'override' [-Winconsistent-missing-override]
  667 |                 virtual void drawFilledRect(int x, int y, int w, int h, Uint8 r, Uint8 g, Uint8 b, Uint8 a = Color::ALPHA_OPAQUE);
      |                              ^
libgag/include/SDLGraphicContext.h:299:16: note: overridden virtual function is here
  299 |                 virtual void drawFilledRect(int x, int y, int w, int h, Uint8 r, Uint8 g, Uint8 b, Uint8 a = Color::ALPHA_OPAQUE);
      |                              ^
libgag/include/SDLGraphicContext.h:668:16: warning: 'drawVertLine' overrides a member function but is not marked 'override' [-Winconsistent-missing-override]
  668 |                 virtual void drawVertLine(int x, int y, int l, Uint8 r, Uint8 g, Uint8 b, Uint8 a = Color::ALPHA_OPAQUE);
      |                              ^
libgag/include/SDLGraphicContext.h:300:16: note: overridden virtual function is here
  300 |                 virtual void drawVertLine(int x, int y, int l, Uint8 r, Uint8 g, Uint8 b, Uint8 a = Color::ALPHA_OPAQUE);
      |                              ^
libgag/include/SDLGraphicContext.h:669:16: warning: 'drawVertLine' overrides a member function but is not marked 'override' [-Winconsistent-missing-override]
  669 |                 virtual void drawVertLine(int x, int y, int l, const Color& color);
      |                              ^
libgag/include/SDLGraphicContext.h:301:16: note: overridden virtual function is here
  301 |                 virtual void drawVertLine(int x, int y, int l, const Color& color);
      |                              ^
libgag/include/SDLGraphicContext.h:670:16: warning: 'drawHorzLine' overrides a member function but is not marked 'override' [-Winconsistent-missing-override]
  670 |                 virtual void drawHorzLine(int x, int y, int l, Uint8 r, Uint8 g, Uint8 b, Uint8 a = Color::ALPHA_OPAQUE);
      |                              ^
libgag/include/SDLGraphicContext.h:302:16: note: overridden virtual function is here
  302 |                 virtual void drawHorzLine(int x, int y, int l, Uint8 r, Uint8 g, Uint8 b, Uint8 a = Color::ALPHA_OPAQUE);
      |                              ^
libgag/include/SDLGraphicContext.h:671:16: warning: 'drawHorzLine' overrides a member function but is not marked 'override' [-Winconsistent-missing-override]
  671 |                 virtual void drawHorzLine(int x, int y, int l, const Color& color);
      |                              ^
libgag/include/SDLGraphicContext.h:303:16: note: overridden virtual function is here
  303 |                 virtual void drawHorzLine(int x, int y, int l, const Color& color);
      |                              ^
libgag/include/SDLGraphicContext.h:672:16: warning: 'drawLine' overrides a member function but is not marked 'override' [-Winconsistent-missing-override]
  672 |                 virtual void drawLine(int x1, int y1, int x2, int y2, Uint8 r, Uint8 g, Uint8 b, Uint8 a = Color::ALPHA_OPAQUE);
      |                              ^
libgag/include/SDLGraphicContext.h:304:16: note: overridden virtual function is here
  304 |                 virtual void drawLine(int x1, int y1, int x2, int y2, Uint8 r, Uint8 g, Uint8 b, Uint8 a = Color::ALPHA_OPAQUE);
      |                              ^
libgag/include/SDLGraphicContext.h:673:16: warning: 'drawCircle' overrides a member function but is not marked 'override' [-Winconsistent-missing-override]
  673 |                 virtual void drawCircle(int x, int y, int radius, Uint8 r, Uint8 g, Uint8 b, Uint8 a = Color::ALPHA_OPAQUE);
      |                              ^
libgag/include/SDLGraphicContext.h:305:16: note: overridden virtual function is here
  305 |                 virtual void drawCircle(int x, int y, int radius, Uint8 r, Uint8 g, Uint8 b, Uint8 a = Color::ALPHA_OPAQUE);
      |                              ^
36 warnings generated.
/opt/homebrew/bin/ccache g++ -o build/darwin/client/release/test/engine-src_game_screens_CustomGameSetupHarness.o -c -g -std=gnu++20 -Wall -fPIC -O3 -DGLOB2_OFFICIAL_INSTANCE_ORIGIN=\"https://app.glob2online.com\" -DGLOB2_OFFICIAL_INSTANCE_FORMER_ORIGINS=\"https://glob2online.com\" -DHAVE_CONFIG_H -DGL_SILENCE_DEPRECATION -DSDL_MAIN_HANDLED -Ibuild/darwin/client/release/recording/prefix/include -I/Users/bradley/glob2/artifacts/recording-sdl3/prefix/include -Ibuild/darwin/client/release/include -I/opt/homebrew/include -Ilibgag/include -I. -Ilibusl/src -Isrc -Isrc/ai -Isrc/hud -Isrc/app -Isrc/game/player -Isrc/team -Isrc/common -Isrc/map -Isrc/game -Isrc/campaign -Isrc/campaign/screens -Isrc/replay -Isrc/game/screens -Isrc/render/clouds -Isrc/ui/screens -Isrc/game/rules -Isrc/game/diagnostics -Isrc/map/editor/screens -Isrc/engine -Isrc/ui -Isrc/map/preview -Isrc/app/cli -Isrc/net/lan/screens -Isrc/online -Isrc/map/tools -Isrc/scripting/map -Isrc/render/overlay -Isrc/audio -Isrc/online/screens -Isrc/game/orders -Isrc/resource -Isrc/ui/settings -Isrc/team/stats -Isrc/render/torus -Isrc/ai/simple -Isrc/ai/castor -Isrc/ai/javascript -Isrc/ai/nicowar -Isrc/ai/numbi -Isrc/ai/telemetry -Isrc/ai/warrush -Isrc/ai/maxima -Isrc/building -Isrc/building/types -Isrc/unit/types -Isrc/building/hud -Isrc/net -Isrc/hud/draw -Isrc/hud/input -Isrc/hud/touch -Isrc/net/turn -Isrc/unit -Isrc/map/editor -Isrc/map/generator -Isrc/map/generator/compatibility -Isrc/map/generator/core -Isrc/map/generator/generators -Isrc/map/generator/shared -Isrc/map/generator/shared/legacy -Isrc/map/gradient -Isrc/map/io -Isrc/net/lan -Isrc/net/message -Isrc/scripting/sgsl -Ithird_party/nlohmann-json/include -Itest -Itest/support -Ilibgag/src -Ithird_party/quickjs-ng src/game/screens/CustomGameSetupHarness.cpp
In file included from src/render/torus/TorusRenderIntegrationTest.cpp:5:
In file included from test/support/EngineFixtures.h:9:
In file included from src/game/Game.h:12:
In file included from src/map/Map.h:21:
In file included from src/team/Team.h:16:
In file included from src/game/GameEvent.h:9:
In file included from libgag/include/GraphicContext.h:6:
libgag/include/SDLGraphicContext.h:520:16: warning: 'setRes' overrides a member function but is not marked 'override' [-Winconsistent-missing-override]
  520 |                 virtual void setRes(int w, int h) { setRes(w, h, optionFlags); }
      |                              ^
libgag/include/SDLGraphicContext.h:228:16: note: overridden virtual function is here
  228 |                 virtual void setRes(int w, int h);
      |                              ^
libgag/include/SDLGraphicContext.h:596:16: warning: 'setClipRect' overrides a member function but is not marked 'override' [-Winconsistent-missing-override]
  596 |                 virtual void setClipRect(int x, int y, int w, int h);
      |                              ^
libgag/include/SDLGraphicContext.h:230:16: note: overridden virtual function is here
  230 |                 virtual void setClipRect(int x, int y, int w, int h);
      |                              ^
libgag/include/SDLGraphicContext.h:597:16: warning: 'setClipRect' overrides a member function but is not marked 'override' [-Winconsistent-missing-override]
  597 |                 virtual void setClipRect(void);
      |                              ^
libgag/include/SDLGraphicContext.h:231:16: note: overridden virtual function is here
  231 |                 virtual void setClipRect(void);
      |                              ^
libgag/include/SDLGraphicContext.h:602:22: warning: 'nextFrame' overrides a member function but is not marked 'override' [-Winconsistent-missing-override]
  602 |         virtual void nextFrame(void);
      |                      ^
libgag/include/SDLGraphicContext.h:232:16: note: overridden virtual function is here
  232 |                 virtual void nextFrame(void) { flushTextPictures(); }
      |                              ^
libgag/include/SDLGraphicContext.h:604:16: warning: 'loadImage' overrides a member function but is not marked 'override' [-Winconsistent-missing-override]
  604 |                 virtual bool loadImage(const std::string name) { return false; }
      |                              ^
libgag/include/SDLGraphicContext.h:233:16: note: overridden virtual function is here
  233 |                 virtual bool loadImage(const std::string name);
      |                              ^
libgag/include/SDLGraphicContext.h:608:16: warning: 'shiftHSV' overrides a member function but is not marked 'override' [-Winconsistent-missing-override]
  608 |                 virtual void shiftHSV(float hue, float sat, float lum) { }
      |                              ^
libgag/include/SDLGraphicContext.h:234:16: note: overridden virtual function is here
  234 |                 virtual void shiftHSV(float hue, float sat, float lum);
      |                              ^
libgag/include/SDLGraphicContext.h:611:16: warning: 'canDrawStretchedSprite' overrides a member function but is not marked 'override' [-Winconsistent-missing-override]
  611 |                 virtual bool canDrawStretchedSprite(void) { return hasPortableRenderer() || (optionFlags & USEGPU) != 0; }
      |                              ^
libgag/include/SDLGraphicContext.h:252:16: note: overridden virtual function is here
  252 |                 virtual bool canDrawStretchedSprite(void) { return false; }
      |                              ^
libgag/include/SDLGraphicContext.h:613:16: warning: 'drawPixel' overrides a member function but is not marked 'override' [-Winconsistent-missing-override]
  613 |                 virtual void drawPixel(int x, int y, const Color& color);
      |                              ^
libgag/include/SDLGraphicContext.h:255:16: note: overridden virtual function is here
  255 |                 virtual void drawPixel(int x, int y, const Color& color);
      |                              ^
libgag/include/SDLGraphicContext.h:614:16: warning: 'drawPixel' overrides a member function but is not marked 'override' [-Winconsistent-missing-override]
  614 |                 virtual void drawPixel(float x, float y, const Color& color);
      |                              ^
libgag/include/SDLGraphicContext.h:256:16: note: overridden virtual function is here
  256 |                 virtual void drawPixel(float x, float y, const Color& color);
      |                              ^
libgag/include/SDLGraphicContext.h:616:16: warning: 'drawRect' overrides a member function but is not marked 'override' [-Winconsistent-missing-override]
  616 |                 virtual void drawRect(int x, int y, int w, int h, const Color& color);
      |                              ^
libgag/include/SDLGraphicContext.h:258:16: note: overridden virtual function is here
  258 |                 virtual void drawRect(int x, int y, int w, int h, const Color& color);
      |                              ^
libgag/include/SDLGraphicContext.h:617:16: warning: 'drawRect' overrides a member function but is not marked 'override' [-Winconsistent-missing-override]
  617 |                 virtual void drawRect(float x, float y, float w, float h, const Color& color);
      |                              ^
libgag/include/SDLGraphicContext.h:259:16: note: overridden virtual function is here
  259 |                 virtual void drawRect(float x, float y, float w, float h, const Color& color);
      |                              ^
libgag/include/SDLGraphicContext.h:619:16: warning: 'drawFilledRect' overrides a member function but is not marked 'override' [-Winconsistent-missing-override]
  619 |                 virtual void drawFilledRect(int x, int y, int w, int h, const Color& color);
      |                              ^
libgag/include/SDLGraphicContext.h:261:16: note: overridden virtual function is here
  261 |                 virtual void drawFilledRect(int x, int y, int w, int h, const Color& color);
      |                              ^
libgag/include/SDLGraphicContext.h:620:16: warning: 'drawFilledRect' overrides a member function but is not marked 'override' [-Winconsistent-missing-override]
  620 |                 virtual void drawFilledRect(float x, float y, float w, float h, const Color& color);
      |                              ^
libgag/include/SDLGraphicContext.h:262:16: note: overridden virtual function is here
  262 |                 virtual void drawFilledRect(float x, float y, float w, float h, const Color& color);
      |                              ^
libgag/include/SDLGraphicContext.h:622:16: warning: 'drawLine' overrides a member function but is not marked 'override' [-Winconsistent-missing-override]
  622 |                 virtual void drawLine(int x1, int y1, int x2, int y2, const Color& color);
      |                              ^
libgag/include/SDLGraphicContext.h:264:16: note: overridden virtual function is here
  264 |                 virtual void drawLine(int x1, int y1, int x2, int y2, const Color& color);
      |                              ^
libgag/include/SDLGraphicContext.h:623:16: warning: 'drawLine' overrides a member function but is not marked 'override' [-Winconsistent-missing-override]
  623 |                 virtual void drawLine(float x1, float y1, float x2, float y2, const Color& color);
      |                              ^
libgag/include/SDLGraphicContext.h:265:16: note: overridden virtual function is here
  265 |                 virtual void drawLine(float x1, float y1, float x2, float y2, const Color& color);
      |                              ^
libgag/include/SDLGraphicContext.h:625:16: warning: 'drawCircle' overrides a member function but is not marked 'override' [-Winconsistent-missing-override]
  625 |                 virtual void drawCircle(int x, int y, int radius, const Color& color);
      |                              ^
libgag/include/SDLGraphicContext.h:267:16: note: overridden virtual function is here
  267 |                 virtual void drawCircle(int x, int y, int radius, const Color& color);
      |                              ^
libgag/include/SDLGraphicContext.h:626:16: warning: 'drawCircle' overrides a member function but is not marked 'override' [-Winconsistent-missing-override]
  626 |                 virtual void drawCircle(float x, float y, float radius, const Color& color);
      |                              ^
libgag/include/SDLGraphicContext.h:268:16: note: overridden virtual function is here
  268 |                 virtual void drawCircle(float x, float y, float radius, const Color& color);
      |                              ^
libgag/include/SDLGraphicContext.h:628:16: warning: 'drawSurface' overrides a member function but is not marked 'override' [-Winconsistent-missing-override]
  628 |                 virtual void drawSurface(int x, int y, DrawableSurface *surface, Uint8 alpha = Color::ALPHA_OPAQUE);
      |                              ^
libgag/include/SDLGraphicContext.h:270:16: note: overridden virtual function is here
  270 |                 virtual void drawSurface(int x, int y, DrawableSurface *surface, Uint8 alpha = Color::ALPHA_OPAQUE);
      |                              ^
libgag/include/SDLGraphicContext.h:629:16: warning: 'drawSurface' overrides a member function but is not marked 'override' [-Winconsistent-missing-override]
  629 |                 virtual void drawSurface(float x, float y, DrawableSurface *surface, Uint8 alpha = Color::ALPHA_OPAQUE);
      |                              ^
libgag/include/SDLGraphicContext.h:271:16: note: overridden virtual function is here
  271 |                 virtual void drawSurface(float x, float y, DrawableSurface *surface, Uint8 alpha = Color::ALPHA_OPAQUE);
      |                              ^
libgag/include/SDLGraphicContext.h:631:16: warning: 'drawSurface' overrides a member function but is not marked 'override' [-Winconsistent-missing-override]
  631 |                 virtual void drawSurface(int x, int y, int w, int h, DrawableSurface *surface, Uint8 alpha = Color::ALPHA_OPAQUE);
      |                              ^
libgag/include/SDLGraphicContext.h:273:16: note: overridden virtual function is here
  273 |                 virtual void drawSurface(int x, int y, int w, int h, DrawableSurface *surface, Uint8 alpha = Color::ALPHA_OPAQUE);
      |                              ^
libgag/include/SDLGraphicContext.h:632:16: warning: 'drawSurface' overrides a member function but is not marked 'override' [-Winconsistent-missing-override]
  632 |                 virtual void drawSurface(float x, float y, float w, float h, DrawableSurface *surface, Uint8 alpha = Color::ALPHA_OPAQUE);
      |                              ^
libgag/include/SDLGraphicContext.h:274:16: note: overridden virtual function is here
  274 |                 virtual void drawSurface(float x, float y, float w, float h, DrawableSurface *surface, Uint8 alpha = Color::ALPHA_OPAQUE);
      |                              ^
libgag/include/SDLGraphicContext.h:634:16: warning: 'drawSurface' overrides a member function but is not marked 'override' [-Winconsistent-missing-override]
  634 |                 virtual void drawSurface(int x, int y, DrawableSurface *surface, int sx, int sy, int sw, int sh, Uint8 alpha = Color::ALPHA_OPAQUE);
      |                              ^
libgag/include/SDLGraphicContext.h:276:16: note: overridden virtual function is here
  276 |                 virtual void drawSurface(int x, int y, DrawableSurface *surface, int sx, int sy, int sw, int sh, Uint8 alpha = Color::ALPHA_OPAQUE);
      |                              ^
libgag/include/SDLGraphicContext.h:635:16: warning: 'drawSurface' overrides a member function but is not marked 'override' [-Winconsistent-missing-override]
  635 |                 virtual void drawSurface(float x, float y, DrawableSurface *surface, int sx, int sy, int sw, int sh, Uint8 alpha = Color::ALPHA_OPAQUE);
      |                              ^
libgag/include/SDLGraphicContext.h:277:16: note: overridden virtual function is here
  277 |                 virtual void drawSurface(float x, float y, DrawableSurface *surface, int sx, int sy, int sw, int sh, Uint8 alpha = Color::ALPHA_OPAQUE);
      |                              ^
libgag/include/SDLGraphicContext.h:637:16: warning: 'drawSurface' overrides a member function but is not marked 'override' [-Winconsistent-missing-override]
  637 |                 virtual void drawSurface(int x, int y, int w, int h, DrawableSurface *surface, int sx, int sy, int sw, int sh,  Uint8 alpha = Color::ALPHA_OPAQUE);
      |                              ^
libgag/include/SDLGraphicContext.h:279:16: note: overridden virtual function is here
  279 |                 virtual void drawSurface(int x, int y, int w, int h, DrawableSurface *surface, int sx, int sy, int sw, int sh,  Uint8 alpha = Color::ALPHA_OPAQUE);
      |                              ^
libgag/include/SDLGraphicContext.h:638:16: warning: 'drawSurface' overrides a member function but is not marked 'override' [-Winconsistent-missing-override]
  638 |                 virtual void drawSurface(float x, float y, float w, float h, DrawableSurface *surface, int sx, int sy, int sw, int sh, Uint8 alpha = Color::ALPHA_OPAQUE);
      |                              ^
libgag/include/SDLGraphicContext.h:280:16: note: overridden virtual function is here
  280 |                 virtual void drawSurface(float x, float y, float w, float h, DrawableSurface *surface, int sx, int sy, int sw, int sh, Uint8 alpha = Color::ALPHA_OPAQUE);
      |                              ^
libgag/include/SDLGraphicContext.h:661:16: warning: 'drawAlphaMap' overrides a member function but is not marked 'override' [-Winconsistent-missing-override]
  661 |                 virtual void drawAlphaMap(const std::valarray<float> &map, int mapW, int mapH, int x, int y, int cellW, int cellH, const Color &color);
      |                              ^
libgag/include/SDLGraphicContext.h:293:16: note: overridden virtual function is here
  293 |                 virtual void drawAlphaMap(const std::valarray<float> &map, int mapW, int mapH, int x, int y, int cellW, int cellH, const Color &color);
      |                              ^
libgag/include/SDLGraphicContext.h:662:16: warning: 'drawAlphaMap' overrides a member function but is not marked 'override' [-Winconsistent-missing-override]
  662 |                 virtual void drawAlphaMap(const std::valarray<unsigned char> &map, int mapW, int mapH, int x, int y, int cellW, int cellH, const Color &color);
      |                              ^
libgag/include/SDLGraphicContext.h:294:16: note: overridden virtual function is here
  294 |                 virtual void drawAlphaMap(const std::valarray<unsigned char> &map, int mapW, int mapH, int x, int y, int cellW, int cellH, const Color &color);
      |                              ^
libgag/include/SDLGraphicContext.h:665:16: warning: 'drawPixel' overrides a member function but is not marked 'override' [-Winconsistent-missing-override]
  665 |                 virtual void drawPixel(int x, int y, Uint8 r, Uint8 g, Uint8 b, Uint8 a = Color::ALPHA_OPAQUE);
      |                              ^
libgag/include/SDLGraphicContext.h:297:16: note: overridden virtual function is here
  297 |                 virtual void drawPixel(int x, int y, Uint8 r, Uint8 g, Uint8 b, Uint8 a = Color::ALPHA_OPAQUE);
      |                              ^
libgag/include/SDLGraphicContext.h:666:16: warning: 'drawRect' overrides a member function but is not marked 'override' [-Winconsistent-missing-override]
  666 |                 virtual void drawRect(int x, int y, int w, int h, Uint8 r, Uint8 g, Uint8 b, Uint8 a = Color::ALPHA_OPAQUE);
      |                              ^
libgag/include/SDLGraphicContext.h:298:16: note: overridden virtual function is here
  298 |                 virtual void drawRect(int x, int y, int w, int h, Uint8 r, Uint8 g, Uint8 b, Uint8 a = Color::ALPHA_OPAQUE);
      |                              ^
libgag/include/SDLGraphicContext.h:667:16: warning: 'drawFilledRect' overrides a member function but is not marked 'override' [-Winconsistent-missing-override]
  667 |                 virtual void drawFilledRect(int x, int y, int w, int h, Uint8 r, Uint8 g, Uint8 b, Uint8 a = Color::ALPHA_OPAQUE);
      |                              ^
libgag/include/SDLGraphicContext.h:299:16: note: overridden virtual function is here
  299 |                 virtual void drawFilledRect(int x, int y, int w, int h, Uint8 r, Uint8 g, Uint8 b, Uint8 a = Color::ALPHA_OPAQUE);
      |                              ^
libgag/include/SDLGraphicContext.h:668:16: warning: 'drawVertLine' overrides a member function but is not marked 'override' [-Winconsistent-missing-override]
  668 |                 virtual void drawVertLine(int x, int y, int l, Uint8 r, Uint8 g, Uint8 b, Uint8 a = Color::ALPHA_OPAQUE);
      |                              ^
libgag/include/SDLGraphicContext.h:300:16: note: overridden virtual function is here
  300 |                 virtual void drawVertLine(int x, int y, int l, Uint8 r, Uint8 g, Uint8 b, Uint8 a = Color::ALPHA_OPAQUE);
      |                              ^
libgag/include/SDLGraphicContext.h:669:16: warning: 'drawVertLine' overrides a member function but is not marked 'override' [-Winconsistent-missing-override]
  669 |                 virtual void drawVertLine(int x, int y, int l, const Color& color);
      |                              ^
libgag/include/SDLGraphicContext.h:301:16: note: overridden virtual function is here
  301 |                 virtual void drawVertLine(int x, int y, int l, const Color& color);
      |                              ^
libgag/include/SDLGraphicContext.h:670:16: warning: 'drawHorzLine' overrides a member function but is not marked 'override' [-Winconsistent-missing-override]
  670 |                 virtual void drawHorzLine(int x, int y, int l, Uint8 r, Uint8 g, Uint8 b, Uint8 a = Color::ALPHA_OPAQUE);
      |                              ^
libgag/include/SDLGraphicContext.h:302:16: note: overridden virtual function is here
  302 |                 virtual void drawHorzLine(int x, int y, int l, Uint8 r, Uint8 g, Uint8 b, Uint8 a = Color::ALPHA_OPAQUE);
      |                              ^
libgag/include/SDLGraphicContext.h:671:16: warning: 'drawHorzLine' overrides a member function but is not marked 'override' [-Winconsistent-missing-override]
  671 |                 virtual void drawHorzLine(int x, int y, int l, const Color& color);
      |                              ^
libgag/include/SDLGraphicContext.h:303:16: note: overridden virtual function is here
  303 |                 virtual void drawHorzLine(int x, int y, int l, const Color& color);
      |                              ^
libgag/include/SDLGraphicContext.h:672:16: warning: 'drawLine' overrides a member function but is not marked 'override' [-Winconsistent-missing-override]
  672 |                 virtual void drawLine(int x1, int y1, int x2, int y2, Uint8 r, Uint8 g, Uint8 b, Uint8 a = Color::ALPHA_OPAQUE);
      |                              ^
libgag/include/SDLGraphicContext.h:304:16: note: overridden virtual function is here
  304 |                 virtual void drawLine(int x1, int y1, int x2, int y2, Uint8 r, Uint8 g, Uint8 b, Uint8 a = Color::ALPHA_OPAQUE);
      |                              ^
libgag/include/SDLGraphicContext.h:673:16: warning: 'drawCircle' overrides a member function but is not marked 'override' [-Winconsistent-missing-override]
  673 |                 virtual void drawCircle(int x, int y, int radius, Uint8 r, Uint8 g, Uint8 b, Uint8 a = Color::ALPHA_OPAQUE);
      |                              ^
libgag/include/SDLGraphicContext.h:305:16: note: overridden virtual function is here
  305 |                 virtual void drawCircle(int x, int y, int radius, Uint8 r, Uint8 g, Uint8 b, Uint8 a = Color::ALPHA_OPAQUE);
      |                              ^
36 warnings generated.
/opt/homebrew/bin/ccache g++ -o build/darwin/client/release/src/building/types/Buildings.o -c -g -std=gnu++20 -Wall -fPIC -O3 -DGLOB2_OFFICIAL_INSTANCE_ORIGIN=\"https://app.glob2online.com\" -DGLOB2_OFFICIAL_INSTANCE_FORMER_ORIGINS=\"https://glob2online.com\" -DHAVE_CONFIG_H -DGL_SILENCE_DEPRECATION -Ibuild/darwin/client/release/recording/prefix/include -I/Users/bradley/glob2/artifacts/recording-sdl3/prefix/include -Ibuild/darwin/client/release/include -I/opt/homebrew/include -Ilibgag/include -I. -Ilibusl/src -Isrc -Isrc/ai -Isrc/hud -Isrc/app -Isrc/game/player -Isrc/team -Isrc/common -Isrc/map -Isrc/game -Isrc/campaign -Isrc/campaign/screens -Isrc/replay -Isrc/game/screens -Isrc/render/clouds -Isrc/ui/screens -Isrc/game/rules -Isrc/game/diagnostics -Isrc/map/editor/screens -Isrc/engine -Isrc/ui -Isrc/map/preview -Isrc/app/cli -Isrc/net/lan/screens -Isrc/online -Isrc/map/tools -Isrc/scripting/map -Isrc/render/overlay -Isrc/audio -Isrc/online/screens -Isrc/game/orders -Isrc/resource -Isrc/ui/settings -Isrc/team/stats -Isrc/render/torus -Isrc/ai/simple -Isrc/ai/castor -Isrc/ai/javascript -Isrc/ai/nicowar -Isrc/ai/numbi -Isrc/ai/telemetry -Isrc/ai/warrush -Isrc/ai/maxima -Isrc/building -Isrc/building/types -Isrc/unit/types -Isrc/building/hud -Isrc/net -Isrc/hud/draw -Isrc/hud/input -Isrc/hud/touch -Isrc/net/turn -Isrc/unit -Isrc/map/editor -Isrc/map/generator -Isrc/map/generator/compatibility -Isrc/map/generator/core -Isrc/map/generator/generators -Isrc/map/generator/shared -Isrc/map/generator/shared/legacy -Isrc/map/gradient -Isrc/map/io -Isrc/net/lan -Isrc/net/message -Isrc/scripting/sgsl -Ithird_party/nlohmann-json/include -Ithird_party/quickjs-ng src/building/types/Buildings.cpp
In file included from src/ui/OnlineWordingTest.cpp:6:
In file included from test/support/EngineFixtures.h:9:
In file included from src/game/Game.h:12:
In file included from src/map/Map.h:21:
In file included from src/team/Team.h:16:
In file included from src/game/GameEvent.h:9:
In file included from libgag/include/GraphicContext.h:6:
libgag/include/SDLGraphicContext.h:520:16: warning: 'setRes' overrides a member function but is not marked 'override' [-Winconsistent-missing-override]
  520 |                 virtual void setRes(int w, int h) { setRes(w, h, optionFlags); }
      |                              ^
libgag/include/SDLGraphicContext.h:228:16: note: overridden virtual function is here
  228 |                 virtual void setRes(int w, int h);
      |                              ^
libgag/include/SDLGraphicContext.h:596:16: warning: 'setClipRect' overrides a member function but is not marked 'override' [-Winconsistent-missing-override]
  596 |                 virtual void setClipRect(int x, int y, int w, int h);
      |                              ^
libgag/include/SDLGraphicContext.h:230:16: note: overridden virtual function is here
  230 |                 virtual void setClipRect(int x, int y, int w, int h);
      |                              ^
libgag/include/SDLGraphicContext.h:597:16: warning: 'setClipRect' overrides a member function but is not marked 'override' [-Winconsistent-missing-override]
  597 |                 virtual void setClipRect(void);
      |                              ^
libgag/include/SDLGraphicContext.h:231:16: note: overridden virtual function is here
  231 |                 virtual void setClipRect(void);
      |                              ^
libgag/include/SDLGraphicContext.h:602:22: warning: 'nextFrame' overrides a member function but is not marked 'override' [-Winconsistent-missing-override]
  602 |         virtual void nextFrame(void);
      |                      ^
libgag/include/SDLGraphicContext.h:232:16: note: overridden virtual function is here
  232 |                 virtual void nextFrame(void) { flushTextPictures(); }
      |                              ^
libgag/include/SDLGraphicContext.h:604:16: warning: 'loadImage' overrides a member function but is not marked 'override' [-Winconsistent-missing-override]
  604 |                 virtual bool loadImage(const std::string name) { return false; }
      |                              ^
libgag/include/SDLGraphicContext.h:233:16: note: overridden virtual function is here
  233 |                 virtual bool loadImage(const std::string name);
      |                              ^
libgag/include/SDLGraphicContext.h:608:16: warning: 'shiftHSV' overrides a member function but is not marked 'override' [-Winconsistent-missing-override]
  608 |                 virtual void shiftHSV(float hue, float sat, float lum) { }
      |                              ^
libgag/include/SDLGraphicContext.h:234:16: note: overridden virtual function is here
  234 |                 virtual void shiftHSV(float hue, float sat, float lum);
      |                              ^
libgag/include/SDLGraphicContext.h:611:16: warning: 'canDrawStretchedSprite' overrides a member function but is not marked 'override' [-Winconsistent-missing-override]
  611 |                 virtual bool canDrawStretchedSprite(void) { return hasPortableRenderer() || (optionFlags & USEGPU) != 0; }
      |                              ^
libgag/include/SDLGraphicContext.h:252:16: note: overridden virtual function is here
  252 |                 virtual bool canDrawStretchedSprite(void) { return false; }
      |                              ^
libgag/include/SDLGraphicContext.h:613:16: warning: 'drawPixel' overrides a member function but is not marked 'override' [-Winconsistent-missing-override]
  613 |                 virtual void drawPixel(int x, int y, const Color& color);
      |                              ^
libgag/include/SDLGraphicContext.h:255:16: note: overridden virtual function is here
  255 |                 virtual void drawPixel(int x, int y, const Color& color);
      |                              ^
libgag/include/SDLGraphicContext.h:614:16: warning: 'drawPixel' overrides a member function but is not marked 'override' [-Winconsistent-missing-override]
  614 |                 virtual void drawPixel(float x, float y, const Color& color);
      |                              ^
libgag/include/SDLGraphicContext.h:256:16: note: overridden virtual function is here
  256 |                 virtual void drawPixel(float x, float y, const Color& color);
      |                              ^
libgag/include/SDLGraphicContext.h:616:16: warning: 'drawRect' overrides a member function but is not marked 'override' [-Winconsistent-missing-override]
  616 |                 virtual void drawRect(int x, int y, int w, int h, const Color& color);
      |                              ^
libgag/include/SDLGraphicContext.h:258:16: note: overridden virtual function is here
  258 |                 virtual void drawRect(int x, int y, int w, int h, const Color& color);
      |                              ^
libgag/include/SDLGraphicContext.h:617:16: warning: 'drawRect' overrides a member function but is not marked 'override' [-Winconsistent-missing-override]
  617 |                 virtual void drawRect(float x, float y, float w, float h, const Color& color);
      |                              ^
libgag/include/SDLGraphicContext.h:259:16: note: overridden virtual function is here
  259 |                 virtual void drawRect(float x, float y, float w, float h, const Color& color);
      |                              ^
libgag/include/SDLGraphicContext.h:619:16: warning: 'drawFilledRect' overrides a member function but is not marked 'override' [-Winconsistent-missing-override]
  619 |                 virtual void drawFilledRect(int x, int y, int w, int h, const Color& color);
      |                              ^
libgag/include/SDLGraphicContext.h:261:16: note: overridden virtual function is here
  261 |                 virtual void drawFilledRect(int x, int y, int w, int h, const Color& color);
      |                              ^
libgag/include/SDLGraphicContext.h:620:16: warning: 'drawFilledRect' overrides a member function but is not marked 'override' [-Winconsistent-missing-override]
  620 |                 virtual void drawFilledRect(float x, float y, float w, float h, const Color& color);
      |                              ^
libgag/include/SDLGraphicContext.h:262:16: note: overridden virtual function is here
  262 |                 virtual void drawFilledRect(float x, float y, float w, float h, const Color& color);
      |                              ^
libgag/include/SDLGraphicContext.h:622:16: warning: 'drawLine' overrides a member function but is not marked 'override' [-Winconsistent-missing-override]
  622 |                 virtual void drawLine(int x1, int y1, int x2, int y2, const Color& color);
      |                              ^
libgag/include/SDLGraphicContext.h:264:16: note: overridden virtual function is here
  264 |                 virtual void drawLine(int x1, int y1, int x2, int y2, const Color& color);
      |                              ^
libgag/include/SDLGraphicContext.h:623:16: warning: 'drawLine' overrides a member function but is not marked 'override' [-Winconsistent-missing-override]
  623 |                 virtual void drawLine(float x1, float y1, float x2, float y2, const Color& color);
      |                              ^
libgag/include/SDLGraphicContext.h:265:16: note: overridden virtual function is here
  265 |                 virtual void drawLine(float x1, float y1, float x2, float y2, const Color& color);
      |                              ^
libgag/include/SDLGraphicContext.h:625:16: warning: 'drawCircle' overrides a member function but is not marked 'override' [-Winconsistent-missing-override]
  625 |                 virtual void drawCircle(int x, int y, int radius, const Color& color);
      |                              ^
libgag/include/SDLGraphicContext.h:267:16: note: overridden virtual function is here
  267 |                 virtual void drawCircle(int x, int y, int radius, const Color& color);
      |                              ^
libgag/include/SDLGraphicContext.h:626:16: warning: 'drawCircle' overrides a member function but is not marked 'override' [-Winconsistent-missing-override]
  626 |                 virtual void drawCircle(float x, float y, float radius, const Color& color);
      |                              ^
libgag/include/SDLGraphicContext.h:268:16: note: overridden virtual function is here
  268 |                 virtual void drawCircle(float x, float y, float radius, const Color& color);
      |                              ^
libgag/include/SDLGraphicContext.h:628:16: warning: 'drawSurface' overrides a member function but is not marked 'override' [-Winconsistent-missing-override]
  628 |                 virtual void drawSurface(int x, int y, DrawableSurface *surface, Uint8 alpha = Color::ALPHA_OPAQUE);
      |                              ^
libgag/include/SDLGraphicContext.h:270:16: note: overridden virtual function is here
  270 |                 virtual void drawSurface(int x, int y, DrawableSurface *surface, Uint8 alpha = Color::ALPHA_OPAQUE);
      |                              ^
libgag/include/SDLGraphicContext.h:629:16: warning: 'drawSurface' overrides a member function but is not marked 'override' [-Winconsistent-missing-override]
  629 |                 virtual void drawSurface(float x, float y, DrawableSurface *surface, Uint8 alpha = Color::ALPHA_OPAQUE);
      |                              ^
libgag/include/SDLGraphicContext.h:271:16: note: overridden virtual function is here
  271 |                 virtual void drawSurface(float x, float y, DrawableSurface *surface, Uint8 alpha = Color::ALPHA_OPAQUE);
      |                              ^
libgag/include/SDLGraphicContext.h:631:16: warning: 'drawSurface' overrides a member function but is not marked 'override' [-Winconsistent-missing-override]
  631 |                 virtual void drawSurface(int x, int y, int w, int h, DrawableSurface *surface, Uint8 alpha = Color::ALPHA_OPAQUE);
      |                              ^
libgag/include/SDLGraphicContext.h:273:16: note: overridden virtual function is here
  273 |                 virtual void drawSurface(int x, int y, int w, int h, DrawableSurface *surface, Uint8 alpha = Color::ALPHA_OPAQUE);
      |                              ^
libgag/include/SDLGraphicContext.h:632:16: warning: 'drawSurface' overrides a member function but is not marked 'override' [-Winconsistent-missing-override]
  632 |                 virtual void drawSurface(float x, float y, float w, float h, DrawableSurface *surface, Uint8 alpha = Color::ALPHA_OPAQUE);
      |                              ^
libgag/include/SDLGraphicContext.h:274:16: note: overridden virtual function is here
  274 |                 virtual void drawSurface(float x, float y, float w, float h, DrawableSurface *surface, Uint8 alpha = Color::ALPHA_OPAQUE);
      |                              ^
libgag/include/SDLGraphicContext.h:634:16: warning: 'drawSurface' overrides a member function but is not marked 'override' [-Winconsistent-missing-override]
  634 |                 virtual void drawSurface(int x, int y, DrawableSurface *surface, int sx, int sy, int sw, int sh, Uint8 alpha = Color::ALPHA_OPAQUE);
      |                              ^
libgag/include/SDLGraphicContext.h:276:16: note: overridden virtual function is here
  276 |                 virtual void drawSurface(int x, int y, DrawableSurface *surface, int sx, int sy, int sw, int sh, Uint8 alpha = Color::ALPHA_OPAQUE);
      |                              ^
libgag/include/SDLGraphicContext.h:635:16: warning: 'drawSurface' overrides a member function but is not marked 'override' [-Winconsistent-missing-override]
  635 |                 virtual void drawSurface(float x, float y, DrawableSurface *surface, int sx, int sy, int sw, int sh, Uint8 alpha = Color::ALPHA_OPAQUE);
      |                              ^
libgag/include/SDLGraphicContext.h:277:16: note: overridden virtual function is here
  277 |                 virtual void drawSurface(float x, float y, DrawableSurface *surface, int sx, int sy, int sw, int sh, Uint8 alpha = Color::ALPHA_OPAQUE);
      |                              ^
libgag/include/SDLGraphicContext.h:637:16: warning: 'drawSurface' overrides a member function but is not marked 'override' [-Winconsistent-missing-override]
  637 |                 virtual void drawSurface(int x, int y, int w, int h, DrawableSurface *surface, int sx, int sy, int sw, int sh,  Uint8 alpha = Color::ALPHA_OPAQUE);
      |                              ^
libgag/include/SDLGraphicContext.h:279:16: note: overridden virtual function is here
  279 |                 virtual void drawSurface(int x, int y, int w, int h, DrawableSurface *surface, int sx, int sy, int sw, int sh,  Uint8 alpha = Color::ALPHA_OPAQUE);
      |                              ^
libgag/include/SDLGraphicContext.h:638:16: warning: 'drawSurface' overrides a member function but is not marked 'override' [-Winconsistent-missing-override]
  638 |                 virtual void drawSurface(float x, float y, float w, float h, DrawableSurface *surface, int sx, int sy, int sw, int sh, Uint8 alpha = Color::ALPHA_OPAQUE);
      |                              ^
libgag/include/SDLGraphicContext.h:280:16: note: overridden virtual function is here
  280 |                 virtual void drawSurface(float x, float y, float w, float h, DrawableSurface *surface, int sx, int sy, int sw, int sh, Uint8 alpha = Color::ALPHA_OPAQUE);
      |                              ^
libgag/include/SDLGraphicContext.h:661:16: warning: 'drawAlphaMap' overrides a member function but is not marked 'override' [-Winconsistent-missing-override]
  661 |                 virtual void drawAlphaMap(const std::valarray<float> &map, int mapW, int mapH, int x, int y, int cellW, int cellH, const Color &color);
      |                              ^
libgag/include/SDLGraphicContext.h:293:16: note: overridden virtual function is here
  293 |                 virtual void drawAlphaMap(const std::valarray<float> &map, int mapW, int mapH, int x, int y, int cellW, int cellH, const Color &color);
      |                              ^
libgag/include/SDLGraphicContext.h:662:16: warning: 'drawAlphaMap' overrides a member function but is not marked 'override' [-Winconsistent-missing-override]
  662 |                 virtual void drawAlphaMap(const std::valarray<unsigned char> &map, int mapW, int mapH, int x, int y, int cellW, int cellH, const Color &color);
      |                              ^
libgag/include/SDLGraphicContext.h:294:16: note: overridden virtual function is here
  294 |                 virtual void drawAlphaMap(const std::valarray<unsigned char> &map, int mapW, int mapH, int x, int y, int cellW, int cellH, const Color &color);
      |                              ^
libgag/include/SDLGraphicContext.h:665:16: warning: 'drawPixel' overrides a member function but is not marked 'override' [-Winconsistent-missing-override]
  665 |                 virtual void drawPixel(int x, int y, Uint8 r, Uint8 g, Uint8 b, Uint8 a = Color::ALPHA_OPAQUE);
      |                              ^
libgag/include/SDLGraphicContext.h:297:16: note: overridden virtual function is here
  297 |                 virtual void drawPixel(int x, int y, Uint8 r, Uint8 g, Uint8 b, Uint8 a = Color::ALPHA_OPAQUE);
      |                              ^
libgag/include/SDLGraphicContext.h:666:16: warning: 'drawRect' overrides a member function but is not marked 'override' [-Winconsistent-missing-override]
  666 |                 virtual void drawRect(int x, int y, int w, int h, Uint8 r, Uint8 g, Uint8 b, Uint8 a = Color::ALPHA_OPAQUE);
      |                              ^
libgag/include/SDLGraphicContext.h:298:16: note: overridden virtual function is here
  298 |                 virtual void drawRect(int x, int y, int w, int h, Uint8 r, Uint8 g, Uint8 b, Uint8 a = Color::ALPHA_OPAQUE);
      |                              ^
libgag/include/SDLGraphicContext.h:667:16: warning: 'drawFilledRect' overrides a member function but is not marked 'override' [-Winconsistent-missing-override]
  667 |                 virtual void drawFilledRect(int x, int y, int w, int h, Uint8 r, Uint8 g, Uint8 b, Uint8 a = Color::ALPHA_OPAQUE);
      |                              ^
libgag/include/SDLGraphicContext.h:299:16: note: overridden virtual function is here
  299 |                 virtual void drawFilledRect(int x, int y, int w, int h, Uint8 r, Uint8 g, Uint8 b, Uint8 a = Color::ALPHA_OPAQUE);
      |                              ^
libgag/include/SDLGraphicContext.h:668:16: warning: 'drawVertLine' overrides a member function but is not marked 'override' [-Winconsistent-missing-override]
  668 |                 virtual void drawVertLine(int x, int y, int l, Uint8 r, Uint8 g, Uint8 b, Uint8 a = Color::ALPHA_OPAQUE);
      |                              ^
libgag/include/SDLGraphicContext.h:300:16: note: overridden virtual function is here
  300 |                 virtual void drawVertLine(int x, int y, int l, Uint8 r, Uint8 g, Uint8 b, Uint8 a = Color::ALPHA_OPAQUE);
      |                              ^
libgag/include/SDLGraphicContext.h:669:16: warning: 'drawVertLine' overrides a member function but is not marked 'override' [-Winconsistent-missing-override]
  669 |                 virtual void drawVertLine(int x, int y, int l, const Color& color);
      |                              ^
libgag/include/SDLGraphicContext.h:301:16: note: overridden virtual function is here
  301 |                 virtual void drawVertLine(int x, int y, int l, const Color& color);
      |                              ^
libgag/include/SDLGraphicContext.h:670:16: warning: 'drawHorzLine' overrides a member function but is not marked 'override' [-Winconsistent-missing-override]
  670 |                 virtual void drawHorzLine(int x, int y, int l, Uint8 r, Uint8 g, Uint8 b, Uint8 a = Color::ALPHA_OPAQUE);
      |                              ^
libgag/include/SDLGraphicContext.h:302:16: note: overridden virtual function is here
  302 |                 virtual void drawHorzLine(int x, int y, int l, Uint8 r, Uint8 g, Uint8 b, Uint8 a = Color::ALPHA_OPAQUE);
      |                              ^
libgag/include/SDLGraphicContext.h:671:16: warning: 'drawHorzLine' overrides a member function but is not marked 'override' [-Winconsistent-missing-override]
  671 |                 virtual void drawHorzLine(int x, int y, int l, const Color& color);
      |                              ^
libgag/include/SDLGraphicContext.h:303:16: note: overridden virtual function is here
  303 |                 virtual void drawHorzLine(int x, int y, int l, const Color& color);
      |                              ^
libgag/include/SDLGraphicContext.h:672:16: warning: 'drawLine' overrides a member function but is not marked 'override' [-Winconsistent-missing-override]
  672 |                 virtual void drawLine(int x1, int y1, int x2, int y2, Uint8 r, Uint8 g, Uint8 b, Uint8 a = Color::ALPHA_OPAQUE);
      |                              ^
libgag/include/SDLGraphicContext.h:304:16: note: overridden virtual function is here
  304 |                 virtual void drawLine(int x1, int y1, int x2, int y2, Uint8 r, Uint8 g, Uint8 b, Uint8 a = Color::ALPHA_OPAQUE);
      |                              ^
libgag/include/SDLGraphicContext.h:673:16: warning: 'drawCircle' overrides a member function but is not marked 'override' [-Winconsistent-missing-override]
  673 |                 virtual void drawCircle(int x, int y, int radius, Uint8 r, Uint8 g, Uint8 b, Uint8 a = Color::ALPHA_OPAQUE);
      |                              ^
libgag/include/SDLGraphicContext.h:305:16: note: overridden virtual function is here
  305 |                 virtual void drawCircle(int x, int y, int radius, Uint8 r, Uint8 g, Uint8 b, Uint8 a = Color::ALPHA_OPAQUE);
      |                              ^
36 warnings generated.
/opt/homebrew/bin/ccache g++ -o build/darwin/client/release/src/building/types/BuildingTypesColony.o -c -g -std=gnu++20 -Wall -fPIC -O3 -DGLOB2_OFFICIAL_INSTANCE_ORIGIN=\"https://app.glob2online.com\" -DGLOB2_OFFICIAL_INSTANCE_FORMER_ORIGINS=\"https://glob2online.com\" -DHAVE_CONFIG_H -DGL_SILENCE_DEPRECATION -Ibuild/darwin/client/release/recording/prefix/include -I/Users/bradley/glob2/artifacts/recording-sdl3/prefix/include -Ibuild/darwin/client/release/include -I/opt/homebrew/include -Ilibgag/include -I. -Ilibusl/src -Isrc -Isrc/ai -Isrc/hud -Isrc/app -Isrc/game/player -Isrc/team -Isrc/common -Isrc/map -Isrc/game -Isrc/campaign -Isrc/campaign/screens -Isrc/replay -Isrc/game/screens -Isrc/render/clouds -Isrc/ui/screens -Isrc/game/rules -Isrc/game/diagnostics -Isrc/map/editor/screens -Isrc/engine -Isrc/ui -Isrc/map/preview -Isrc/app/cli -Isrc/net/lan/screens -Isrc/online -Isrc/map/tools -Isrc/scripting/map -Isrc/render/overlay -Isrc/audio -Isrc/online/screens -Isrc/game/orders -Isrc/resource -Isrc/ui/settings -Isrc/team/stats -Isrc/render/torus -Isrc/ai/simple -Isrc/ai/castor -Isrc/ai/javascript -Isrc/ai/nicowar -Isrc/ai/numbi -Isrc/ai/telemetry -Isrc/ai/warrush -Isrc/ai/maxima -Isrc/building -Isrc/building/types -Isrc/unit/types -Isrc/building/hud -Isrc/net -Isrc/hud/draw -Isrc/hud/input -Isrc/hud/touch -Isrc/net/turn -Isrc/unit -Isrc/map/editor -Isrc/map/generator -Isrc/map/generator/compatibility -Isrc/map/generator/core -Isrc/map/generator/generators -Isrc/map/generator/shared -Isrc/map/generator/shared/legacy -Isrc/map/gradient -Isrc/map/io -Isrc/net/lan -Isrc/net/message -Isrc/scripting/sgsl -Ithird_party/nlohmann-json/include -Ithird_party/quickjs-ng src/building/types/BuildingTypesColony.cpp
In file included from src/building/types/Buildings.cpp:32:
In file included from src/app/GlobalContainer.h:12:
In file included from src/app/Settings.h:11:
In file included from src/game/player/BasePlayer.h:9:
In file included from src/team/Team.h:16:
In file included from src/game/GameEvent.h:9:
In file included from libgag/include/GraphicContext.h:6:
libgag/include/SDLGraphicContext.h:520:16: warning: 'setRes' overrides a member function but is not marked 'override' [-Winconsistent-missing-override]
  520 |                 virtual void setRes(int w, int h) { setRes(w, h, optionFlags); }
      |                              ^
libgag/include/SDLGraphicContext.h:228:16: note: overridden virtual function is here
  228 |                 virtual void setRes(int w, int h);
      |                              ^
libgag/include/SDLGraphicContext.h:596:16: warning: 'setClipRect' overrides a member function but is not marked 'override' [-Winconsistent-missing-override]
  596 |                 virtual void setClipRect(int x, int y, int w, int h);
      |                              ^
libgag/include/SDLGraphicContext.h:230:16: note: overridden virtual function is here
  230 |                 virtual void setClipRect(int x, int y, int w, int h);
      |                              ^
libgag/include/SDLGraphicContext.h:597:16: warning: 'setClipRect' overrides a member function but is not marked 'override' [-Winconsistent-missing-override]
  597 |                 virtual void setClipRect(void);
      |                              ^
libgag/include/SDLGraphicContext.h:231:16: note: overridden virtual function is here
  231 |                 virtual void setClipRect(void);
      |                              ^
libgag/include/SDLGraphicContext.h:602:22: warning: 'nextFrame' overrides a member function but is not marked 'override' [-Winconsistent-missing-override]
  602 |         virtual void nextFrame(void);
      |                      ^
libgag/include/SDLGraphicContext.h:232:16: note: overridden virtual function is here
  232 |                 virtual void nextFrame(void) { flushTextPictures(); }
      |                              ^
libgag/include/SDLGraphicContext.h:604:16: warning: 'loadImage' overrides a member function but is not marked 'override' [-Winconsistent-missing-override]
  604 |                 virtual bool loadImage(const std::string name) { return false; }
      |                              ^
libgag/include/SDLGraphicContext.h:233:16: note: overridden virtual function is here
  233 |                 virtual bool loadImage(const std::string name);
      |                              ^
libgag/include/SDLGraphicContext.h:608:16: warning: 'shiftHSV' overrides a member function but is not marked 'override' [-Winconsistent-missing-override]
  608 |                 virtual void shiftHSV(float hue, float sat, float lum) { }
      |                              ^
libgag/include/SDLGraphicContext.h:234:16: note: overridden virtual function is here
  234 |                 virtual void shiftHSV(float hue, float sat, float lum);
      |                              ^
libgag/include/SDLGraphicContext.h:611:16: warning: 'canDrawStretchedSprite' overrides a member function but is not marked 'override' [-Winconsistent-missing-override]
  611 |                 virtual bool canDrawStretchedSprite(void) { return hasPortableRenderer() || (optionFlags & USEGPU) != 0; }
      |                              ^
libgag/include/SDLGraphicContext.h:252:16: note: overridden virtual function is here
  252 |                 virtual bool canDrawStretchedSprite(void) { return false; }
      |                              ^
libgag/include/SDLGraphicContext.h:613:16: warning: 'drawPixel' overrides a member function but is not marked 'override' [-Winconsistent-missing-override]
  613 |                 virtual void drawPixel(int x, int y, const Color& color);
      |                              ^
libgag/include/SDLGraphicContext.h:255:16: note: overridden virtual function is here
  255 |                 virtual void drawPixel(int x, int y, const Color& color);
      |                              ^
libgag/include/SDLGraphicContext.h:614:16: warning: 'drawPixel' overrides a member function but is not marked 'override' [-Winconsistent-missing-override]
  614 |                 virtual void drawPixel(float x, float y, const Color& color);
      |                              ^
libgag/include/SDLGraphicContext.h:256:16: note: overridden virtual function is here
  256 |                 virtual void drawPixel(float x, float y, const Color& color);
      |                              ^
libgag/include/SDLGraphicContext.h:616:16: warning: 'drawRect' overrides a member function but is not marked 'override' [-Winconsistent-missing-override]
  616 |                 virtual void drawRect(int x, int y, int w, int h, const Color& color);
      |                              ^
libgag/include/SDLGraphicContext.h:258:16: note: overridden virtual function is here
  258 |                 virtual void drawRect(int x, int y, int w, int h, const Color& color);
      |                              ^
libgag/include/SDLGraphicContext.h:617:16: warning: 'drawRect' overrides a member function but is not marked 'override' [-Winconsistent-missing-override]
  617 |                 virtual void drawRect(float x, float y, float w, float h, const Color& color);
      |                              ^
libgag/include/SDLGraphicContext.h:259:16: note: overridden virtual function is here
  259 |                 virtual void drawRect(float x, float y, float w, float h, const Color& color);
      |                              ^
libgag/include/SDLGraphicContext.h:619:16: warning: 'drawFilledRect' overrides a member function but is not marked 'override' [-Winconsistent-missing-override]
  619 |                 virtual void drawFilledRect(int x, int y, int w, int h, const Color& color);
      |                              ^
libgag/include/SDLGraphicContext.h:261:16: note: overridden virtual function is here
  261 |                 virtual void drawFilledRect(int x, int y, int w, int h, const Color& color);
      |                              ^
libgag/include/SDLGraphicContext.h:620:16: warning: 'drawFilledRect' overrides a member function but is not marked 'override' [-Winconsistent-missing-override]
  620 |                 virtual void drawFilledRect(float x, float y, float w, float h, const Color& color);
      |                              ^
libgag/include/SDLGraphicContext.h:262:16: note: overridden virtual function is here
  262 |                 virtual void drawFilledRect(float x, float y, float w, float h, const Color& color);
      |                              ^
libgag/include/SDLGraphicContext.h:622:16: warning: 'drawLine' overrides a member function but is not marked 'override' [-Winconsistent-missing-override]
  622 |                 virtual void drawLine(int x1, int y1, int x2, int y2, const Color& color);
      |                              ^
libgag/include/SDLGraphicContext.h:264:16: note: overridden virtual function is here
  264 |                 virtual void drawLine(int x1, int y1, int x2, int y2, const Color& color);
      |                              ^
libgag/include/SDLGraphicContext.h:623:16: warning: 'drawLine' overrides a member function but is not marked 'override' [-Winconsistent-missing-override]
  623 |                 virtual void drawLine(float x1, float y1, float x2, float y2, const Color& color);
      |                              ^
libgag/include/SDLGraphicContext.h:265:16: note: overridden virtual function is here
  265 |                 virtual void drawLine(float x1, float y1, float x2, float y2, const Color& color);
      |                              ^
libgag/include/SDLGraphicContext.h:625:16: warning: 'drawCircle' overrides a member function but is not marked 'override' [-Winconsistent-missing-override]
  625 |                 virtual void drawCircle(int x, int y, int radius, const Color& color);
      |                              ^
libgag/include/SDLGraphicContext.h:267:16: note: overridden virtual function is here
  267 |                 virtual void drawCircle(int x, int y, int radius, const Color& color);
      |                              ^
libgag/include/SDLGraphicContext.h:626:16: warning: 'drawCircle' overrides a member function but is not marked 'override' [-Winconsistent-missing-override]
  626 |                 virtual void drawCircle(float x, float y, float radius, const Color& color);
      |                              ^
libgag/include/SDLGraphicContext.h:268:16: note: overridden virtual function is here
  268 |                 virtual void drawCircle(float x, float y, float radius, const Color& color);
      |                              ^
libgag/include/SDLGraphicContext.h:628:16: warning: 'drawSurface' overrides a member function but is not marked 'override' [-Winconsistent-missing-override]
  628 |                 virtual void drawSurface(int x, int y, DrawableSurface *surface, Uint8 alpha = Color::ALPHA_OPAQUE);
      |                              ^
libgag/include/SDLGraphicContext.h:270:16: note: overridden virtual function is here
  270 |                 virtual void drawSurface(int x, int y, DrawableSurface *surface, Uint8 alpha = Color::ALPHA_OPAQUE);
      |                              ^
libgag/include/SDLGraphicContext.h:629:16: warning: 'drawSurface' overrides a member function but is not marked 'override' [-Winconsistent-missing-override]
  629 |                 virtual void drawSurface(float x, float y, DrawableSurface *surface, Uint8 alpha = Color::ALPHA_OPAQUE);
      |                              ^
libgag/include/SDLGraphicContext.h:271:16: note: overridden virtual function is here
  271 |                 virtual void drawSurface(float x, float y, DrawableSurface *surface, Uint8 alpha = Color::ALPHA_OPAQUE);
      |                              ^
libgag/include/SDLGraphicContext.h:631:16: warning: 'drawSurface' overrides a member function but is not marked 'override' [-Winconsistent-missing-override]
  631 |                 virtual void drawSurface(int x, int y, int w, int h, DrawableSurface *surface, Uint8 alpha = Color::ALPHA_OPAQUE);
      |                              ^
libgag/include/SDLGraphicContext.h:273:16: note: overridden virtual function is here
  273 |                 virtual void drawSurface(int x, int y, int w, int h, DrawableSurface *surface, Uint8 alpha = Color::ALPHA_OPAQUE);
      |                              ^
libgag/include/SDLGraphicContext.h:632:16: warning: 'drawSurface' overrides a member function but is not marked 'override' [-Winconsistent-missing-override]
  632 |                 virtual void drawSurface(float x, float y, float w, float h, DrawableSurface *surface, Uint8 alpha = Color::ALPHA_OPAQUE);
      |                              ^
libgag/include/SDLGraphicContext.h:274:16: note: overridden virtual function is here
  274 |                 virtual void drawSurface(float x, float y, float w, float h, DrawableSurface *surface, Uint8 alpha = Color::ALPHA_OPAQUE);
      |                              ^
libgag/include/SDLGraphicContext.h:634:16: warning: 'drawSurface' overrides a member function but is not marked 'override' [-Winconsistent-missing-override]
  634 |                 virtual void drawSurface(int x, int y, DrawableSurface *surface, int sx, int sy, int sw, int sh, Uint8 alpha = Color::ALPHA_OPAQUE);
      |                              ^
libgag/include/SDLGraphicContext.h:276:16: note: overridden virtual function is here
  276 |                 virtual void drawSurface(int x, int y, DrawableSurface *surface, int sx, int sy, int sw, int sh, Uint8 alpha = Color::ALPHA_OPAQUE);
      |                              ^
libgag/include/SDLGraphicContext.h:635:16: warning: 'drawSurface' overrides a member function but is not marked 'override' [-Winconsistent-missing-override]
  635 |                 virtual void drawSurface(float x, float y, DrawableSurface *surface, int sx, int sy, int sw, int sh, Uint8 alpha = Color::ALPHA_OPAQUE);
      |                              ^
libgag/include/SDLGraphicContext.h:277:16: note: overridden virtual function is here
  277 |                 virtual void drawSurface(float x, float y, DrawableSurface *surface, int sx, int sy, int sw, int sh, Uint8 alpha = Color::ALPHA_OPAQUE);
      |                              ^
libgag/include/SDLGraphicContext.h:637:16: warning: 'drawSurface' overrides a member function but is not marked 'override' [-Winconsistent-missing-override]
  637 |                 virtual void drawSurface(int x, int y, int w, int h, DrawableSurface *surface, int sx, int sy, int sw, int sh,  Uint8 alpha = Color::ALPHA_OPAQUE);
      |                              ^
libgag/include/SDLGraphicContext.h:279:16: note: overridden virtual function is here
  279 |                 virtual void drawSurface(int x, int y, int w, int h, DrawableSurface *surface, int sx, int sy, int sw, int sh,  Uint8 alpha = Color::ALPHA_OPAQUE);
      |                              ^
libgag/include/SDLGraphicContext.h:638:16: warning: 'drawSurface' overrides a member function but is not marked 'override' [-Winconsistent-missing-override]
  638 |                 virtual void drawSurface(float x, float y, float w, float h, DrawableSurface *surface, int sx, int sy, int sw, int sh, Uint8 alpha = Color::ALPHA_OPAQUE);
      |                              ^
libgag/include/SDLGraphicContext.h:280:16: note: overridden virtual function is here
  280 |                 virtual void drawSurface(float x, float y, float w, float h, DrawableSurface *surface, int sx, int sy, int sw, int sh, Uint8 alpha = Color::ALPHA_OPAQUE);
      |                              ^
libgag/include/SDLGraphicContext.h:661:16: warning: 'drawAlphaMap' overrides a member function but is not marked 'override' [-Winconsistent-missing-override]
  661 |                 virtual void drawAlphaMap(const std::valarray<float> &map, int mapW, int mapH, int x, int y, int cellW, int cellH, const Color &color);
      |                              ^
libgag/include/SDLGraphicContext.h:293:16: note: overridden virtual function is here
  293 |                 virtual void drawAlphaMap(const std::valarray<float> &map, int mapW, int mapH, int x, int y, int cellW, int cellH, const Color &color);
      |                              ^
libgag/include/SDLGraphicContext.h:662:16: warning: 'drawAlphaMap' overrides a member function but is not marked 'override' [-Winconsistent-missing-override]
  662 |                 virtual void drawAlphaMap(const std::valarray<unsigned char> &map, int mapW, int mapH, int x, int y, int cellW, int cellH, const Color &color);
      |                              ^
libgag/include/SDLGraphicContext.h:294:16: note: overridden virtual function is here
  294 |                 virtual void drawAlphaMap(const std::valarray<unsigned char> &map, int mapW, int mapH, int x, int y, int cellW, int cellH, const Color &color);
      |                              ^
libgag/include/SDLGraphicContext.h:665:16: warning: 'drawPixel' overrides a member function but is not marked 'override' [-Winconsistent-missing-override]
  665 |                 virtual void drawPixel(int x, int y, Uint8 r, Uint8 g, Uint8 b, Uint8 a = Color::ALPHA_OPAQUE);
      |                              ^
libgag/include/SDLGraphicContext.h:297:16: note: overridden virtual function is here
  297 |                 virtual void drawPixel(int x, int y, Uint8 r, Uint8 g, Uint8 b, Uint8 a = Color::ALPHA_OPAQUE);
      |                              ^
libgag/include/SDLGraphicContext.h:666:16: warning: 'drawRect' overrides a member function but is not marked 'override' [-Winconsistent-missing-override]
  666 |                 virtual void drawRect(int x, int y, int w, int h, Uint8 r, Uint8 g, Uint8 b, Uint8 a = Color::ALPHA_OPAQUE);
      |                              ^
libgag/include/SDLGraphicContext.h:298:16: note: overridden virtual function is here
  298 |                 virtual void drawRect(int x, int y, int w, int h, Uint8 r, Uint8 g, Uint8 b, Uint8 a = Color::ALPHA_OPAQUE);
      |                              ^
libgag/include/SDLGraphicContext.h:667:16: warning: 'drawFilledRect' overrides a member function but is not marked 'override' [-Winconsistent-missing-override]
  667 |                 virtual void drawFilledRect(int x, int y, int w, int h, Uint8 r, Uint8 g, Uint8 b, Uint8 a = Color::ALPHA_OPAQUE);
      |                              ^
libgag/include/SDLGraphicContext.h:299:16: note: overridden virtual function is here
  299 |                 virtual void drawFilledRect(int x, int y, int w, int h, Uint8 r, Uint8 g, Uint8 b, Uint8 a = Color::ALPHA_OPAQUE);
      |                              ^
libgag/include/SDLGraphicContext.h:668:16: warning: 'drawVertLine' overrides a member function but is not marked 'override' [-Winconsistent-missing-override]
  668 |                 virtual void drawVertLine(int x, int y, int l, Uint8 r, Uint8 g, Uint8 b, Uint8 a = Color::ALPHA_OPAQUE);
      |                              ^
libgag/include/SDLGraphicContext.h:300:16: note: overridden virtual function is here
  300 |                 virtual void drawVertLine(int x, int y, int l, Uint8 r, Uint8 g, Uint8 b, Uint8 a = Color::ALPHA_OPAQUE);
      |                              ^
libgag/include/SDLGraphicContext.h:669:16: warning: 'drawVertLine' overrides a member function but is not marked 'override' [-Winconsistent-missing-override]
  669 |                 virtual void drawVertLine(int x, int y, int l, const Color& color);
      |                              ^
libgag/include/SDLGraphicContext.h:301:16: note: overridden virtual function is here
  301 |                 virtual void drawVertLine(int x, int y, int l, const Color& color);
      |                              ^
libgag/include/SDLGraphicContext.h:670:16: warning: 'drawHorzLine' overrides a member function but is not marked 'override' [-Winconsistent-missing-override]
  670 |                 virtual void drawHorzLine(int x, int y, int l, Uint8 r, Uint8 g, Uint8 b, Uint8 a = Color::ALPHA_OPAQUE);
      |                              ^
libgag/include/SDLGraphicContext.h:302:16: note: overridden virtual function is here
  302 |                 virtual void drawHorzLine(int x, int y, int l, Uint8 r, Uint8 g, Uint8 b, Uint8 a = Color::ALPHA_OPAQUE);
      |                              ^
libgag/include/SDLGraphicContext.h:671:16: warning: 'drawHorzLine' overrides a member function but is not marked 'override' [-Winconsistent-missing-override]
  671 |                 virtual void drawHorzLine(int x, int y, int l, const Color& color);
      |                              ^
libgag/include/SDLGraphicContext.h:303:16: note: overridden virtual function is here
  303 |                 virtual void drawHorzLine(int x, int y, int l, const Color& color);
      |                              ^
libgag/include/SDLGraphicContext.h:672:16: warning: 'drawLine' overrides a member function but is not marked 'override' [-Winconsistent-missing-override]
  672 |                 virtual void drawLine(int x1, int y1, int x2, int y2, Uint8 r, Uint8 g, Uint8 b, Uint8 a = Color::ALPHA_OPAQUE);
      |                              ^
libgag/include/SDLGraphicContext.h:304:16: note: overridden virtual function is here
  304 |                 virtual void drawLine(int x1, int y1, int x2, int y2, Uint8 r, Uint8 g, Uint8 b, Uint8 a = Color::ALPHA_OPAQUE);
      |                              ^
libgag/include/SDLGraphicContext.h:673:16: warning: 'drawCircle' overrides a member function but is not marked 'override' [-Winconsistent-missing-override]
  673 |                 virtual void drawCircle(int x, int y, int radius, Uint8 r, Uint8 g, Uint8 b, Uint8 a = Color::ALPHA_OPAQUE);
      |                              ^
libgag/include/SDLGraphicContext.h:305:16: note: overridden virtual function is here
  305 |                 virtual void drawCircle(int x, int y, int radius, Uint8 r, Uint8 g, Uint8 b, Uint8 a = Color::ALPHA_OPAQUE);
      |                              ^
36 warnings generated.
/opt/homebrew/bin/ccache g++ -o build/darwin/client/release/src/campaign/screens/CampaignMenuScreen.o -c -g -std=gnu++20 -Wall -fPIC -O3 -DGLOB2_OFFICIAL_INSTANCE_ORIGIN=\"https://app.glob2online.com\" -DGLOB2_OFFICIAL_INSTANCE_FORMER_ORIGINS=\"https://glob2online.com\" -DHAVE_CONFIG_H -DGL_SILENCE_DEPRECATION -Ibuild/darwin/client/release/recording/prefix/include -I/Users/bradley/glob2/artifacts/recording-sdl3/prefix/include -Ibuild/darwin/client/release/include -I/opt/homebrew/include -Ilibgag/include -I. -Ilibusl/src -Isrc -Isrc/ai -Isrc/hud -Isrc/app -Isrc/game/player -Isrc/team -Isrc/common -Isrc/map -Isrc/game -Isrc/campaign -Isrc/campaign/screens -Isrc/replay -Isrc/game/screens -Isrc/render/clouds -Isrc/ui/screens -Isrc/game/rules -Isrc/game/diagnostics -Isrc/map/editor/screens -Isrc/engine -Isrc/ui -Isrc/map/preview -Isrc/app/cli -Isrc/net/lan/screens -Isrc/online -Isrc/map/tools -Isrc/scripting/map -Isrc/render/overlay -Isrc/audio -Isrc/online/screens -Isrc/game/orders -Isrc/resource -Isrc/ui/settings -Isrc/team/stats -Isrc/render/torus -Isrc/ai/simple -Isrc/ai/castor -Isrc/ai/javascript -Isrc/ai/nicowar -Isrc/ai/numbi -Isrc/ai/telemetry -Isrc/ai/warrush -Isrc/ai/maxima -Isrc/building -Isrc/building/types -Isrc/unit/types -Isrc/building/hud -Isrc/net -Isrc/hud/draw -Isrc/hud/input -Isrc/hud/touch -Isrc/net/turn -Isrc/unit -Isrc/map/editor -Isrc/map/generator -Isrc/map/generator/compatibility -Isrc/map/generator/core -Isrc/map/generator/generators -Isrc/map/generator/shared -Isrc/map/generator/shared/legacy -Isrc/map/gradient -Isrc/map/io -Isrc/net/lan -Isrc/net/message -Isrc/scripting/sgsl -Ithird_party/nlohmann-json/include -Ithird_party/quickjs-ng src/campaign/screens/CampaignMenuScreen.cpp
In file included from src/game/GameSpeedTest.cpp:3:
In file included from test/support/EngineFixtures.h:9:
In file included from src/game/Game.h:12:
In file included from src/map/Map.h:21:
In file included from src/team/Team.h:16:
In file included from src/game/GameEvent.h:9:
In file included from libgag/include/GraphicContext.h:6:
libgag/include/SDLGraphicContext.h:520:16: warning: 'setRes' overrides a member function but is not marked 'override' [-Winconsistent-missing-override]
  520 |                 virtual void setRes(int w, int h) { setRes(w, h, optionFlags); }
      |                              ^
libgag/include/SDLGraphicContext.h:228:16: note: overridden virtual function is here
  228 |                 virtual void setRes(int w, int h);
      |                              ^
libgag/include/SDLGraphicContext.h:596:16: warning: 'setClipRect' overrides a member function but is not marked 'override' [-Winconsistent-missing-override]
  596 |                 virtual void setClipRect(int x, int y, int w, int h);
      |                              ^
libgag/include/SDLGraphicContext.h:230:16: note: overridden virtual function is here
  230 |                 virtual void setClipRect(int x, int y, int w, int h);
      |                              ^
libgag/include/SDLGraphicContext.h:597:16: warning: 'setClipRect' overrides a member function but is not marked 'override' [-Winconsistent-missing-override]
  597 |                 virtual void setClipRect(void);
      |                              ^
libgag/include/SDLGraphicContext.h:231:16: note: overridden virtual function is here
  231 |                 virtual void setClipRect(void);
      |                              ^
libgag/include/SDLGraphicContext.h:602:22: warning: 'nextFrame' overrides a member function but is not marked 'override' [-Winconsistent-missing-override]
  602 |         virtual void nextFrame(void);
      |                      ^
libgag/include/SDLGraphicContext.h:232:16: note: overridden virtual function is here
  232 |                 virtual void nextFrame(void) { flushTextPictures(); }
      |                              ^
libgag/include/SDLGraphicContext.h:604:16: warning: 'loadImage' overrides a member function but is not marked 'override' [-Winconsistent-missing-override]
  604 |                 virtual bool loadImage(const std::string name) { return false; }
      |                              ^
libgag/include/SDLGraphicContext.h:233:16: note: overridden virtual function is here
  233 |                 virtual bool loadImage(const std::string name);
      |                              ^
libgag/include/SDLGraphicContext.h:608:16: warning: 'shiftHSV' overrides a member function but is not marked 'override' [-Winconsistent-missing-override]
  608 |                 virtual void shiftHSV(float hue, float sat, float lum) { }
      |                              ^
libgag/include/SDLGraphicContext.h:234:16: note: overridden virtual function is here
  234 |                 virtual void shiftHSV(float hue, float sat, float lum);
      |                              ^
libgag/include/SDLGraphicContext.h:611:16: warning: 'canDrawStretchedSprite' overrides a member function but is not marked 'override' [-Winconsistent-missing-override]
  611 |                 virtual bool canDrawStretchedSprite(void) { return hasPortableRenderer() || (optionFlags & USEGPU) != 0; }
      |                              ^
libgag/include/SDLGraphicContext.h:252:16: note: overridden virtual function is here
  252 |                 virtual bool canDrawStretchedSprite(void) { return false; }
      |                              ^
libgag/include/SDLGraphicContext.h:613:16: warning: 'drawPixel' overrides a member function but is not marked 'override' [-Winconsistent-missing-override]
  613 |                 virtual void drawPixel(int x, int y, const Color& color);
      |                              ^
libgag/include/SDLGraphicContext.h:255:16: note: overridden virtual function is here
  255 |                 virtual void drawPixel(int x, int y, const Color& color);
      |                              ^
libgag/include/SDLGraphicContext.h:614:16: warning: 'drawPixel' overrides a member function but is not marked 'override' [-Winconsistent-missing-override]
  614 |                 virtual void drawPixel(float x, float y, const Color& color);
      |                              ^
libgag/include/SDLGraphicContext.h:256:16: note: overridden virtual function is here
  256 |                 virtual void drawPixel(float x, float y, const Color& color);
      |                              ^
libgag/include/SDLGraphicContext.h:616:16: warning: 'drawRect' overrides a member function but is not marked 'override' [-Winconsistent-missing-override]
  616 |                 virtual void drawRect(int x, int y, int w, int h, const Color& color);
      |                              ^
libgag/include/SDLGraphicContext.h:258:16: note: overridden virtual function is here
  258 |                 virtual void drawRect(int x, int y, int w, int h, const Color& color);
      |                              ^
libgag/include/SDLGraphicContext.h:617:16: warning: 'drawRect' overrides a member function but is not marked 'override' [-Winconsistent-missing-override]
  617 |                 virtual void drawRect(float x, float y, float w, float h, const Color& color);
      |                              ^
libgag/include/SDLGraphicContext.h:259:16: note: overridden virtual function is here
  259 |                 virtual void drawRect(float x, float y, float w, float h, const Color& color);
      |                              ^
libgag/include/SDLGraphicContext.h:619:16: warning: 'drawFilledRect' overrides a member function but is not marked 'override' [-Winconsistent-missing-override]
  619 |                 virtual void drawFilledRect(int x, int y, int w, int h, const Color& color);
      |                              ^
libgag/include/SDLGraphicContext.h:261:16: note: overridden virtual function is here
  261 |                 virtual void drawFilledRect(int x, int y, int w, int h, const Color& color);
      |                              ^
libgag/include/SDLGraphicContext.h:620:16: warning: 'drawFilledRect' overrides a member function but is not marked 'override' [-Winconsistent-missing-override]
  620 |                 virtual void drawFilledRect(float x, float y, float w, float h, const Color& color);
      |                              ^
libgag/include/SDLGraphicContext.h:262:16: note: overridden virtual function is here
  262 |                 virtual void drawFilledRect(float x, float y, float w, float h, const Color& color);
      |                              ^
libgag/include/SDLGraphicContext.h:622:16: warning: 'drawLine' overrides a member function but is not marked 'override' [-Winconsistent-missing-override]
  622 |                 virtual void drawLine(int x1, int y1, int x2, int y2, const Color& color);
      |                              ^
libgag/include/SDLGraphicContext.h:264:16: note: overridden virtual function is here
  264 |                 virtual void drawLine(int x1, int y1, int x2, int y2, const Color& color);
      |                              ^
libgag/include/SDLGraphicContext.h:623:16: warning: 'drawLine' overrides a member function but is not marked 'override' [-Winconsistent-missing-override]
  623 |                 virtual void drawLine(float x1, float y1, float x2, float y2, const Color& color);
      |                              ^
libgag/include/SDLGraphicContext.h:265:16: note: overridden virtual function is here
  265 |                 virtual void drawLine(float x1, float y1, float x2, float y2, const Color& color);
      |                              ^
libgag/include/SDLGraphicContext.h:625:16: warning: 'drawCircle' overrides a member function but is not marked 'override' [-Winconsistent-missing-override]
  625 |                 virtual void drawCircle(int x, int y, int radius, const Color& color);
      |                              ^
libgag/include/SDLGraphicContext.h:267:16: note: overridden virtual function is here
  267 |                 virtual void drawCircle(int x, int y, int radius, const Color& color);
      |                              ^
libgag/include/SDLGraphicContext.h:626:16: warning: 'drawCircle' overrides a member function but is not marked 'override' [-Winconsistent-missing-override]
  626 |                 virtual void drawCircle(float x, float y, float radius, const Color& color);
      |                              ^
libgag/include/SDLGraphicContext.h:268:16: note: overridden virtual function is here
  268 |                 virtual void drawCircle(float x, float y, float radius, const Color& color);
      |                              ^
libgag/include/SDLGraphicContext.h:628:16: warning: 'drawSurface' overrides a member function but is not marked 'override' [-Winconsistent-missing-override]
  628 |                 virtual void drawSurface(int x, int y, DrawableSurface *surface, Uint8 alpha = Color::ALPHA_OPAQUE);
      |                              ^
libgag/include/SDLGraphicContext.h:270:16: note: overridden virtual function is here
  270 |                 virtual void drawSurface(int x, int y, DrawableSurface *surface, Uint8 alpha = Color::ALPHA_OPAQUE);
      |                              ^
libgag/include/SDLGraphicContext.h:629:16: warning: 'drawSurface' overrides a member function but is not marked 'override' [-Winconsistent-missing-override]
  629 |                 virtual void drawSurface(float x, float y, DrawableSurface *surface, Uint8 alpha = Color::ALPHA_OPAQUE);
      |                              ^
libgag/include/SDLGraphicContext.h:271:16: note: overridden virtual function is here
  271 |                 virtual void drawSurface(float x, float y, DrawableSurface *surface, Uint8 alpha = Color::ALPHA_OPAQUE);
      |                              ^
libgag/include/SDLGraphicContext.h:631:16: warning: 'drawSurface' overrides a member function but is not marked 'override' [-Winconsistent-missing-override]
  631 |                 virtual void drawSurface(int x, int y, int w, int h, DrawableSurface *surface, Uint8 alpha = Color::ALPHA_OPAQUE);
      |                              ^
libgag/include/SDLGraphicContext.h:273:16: note: overridden virtual function is here
  273 |                 virtual void drawSurface(int x, int y, int w, int h, DrawableSurface *surface, Uint8 alpha = Color::ALPHA_OPAQUE);
      |                              ^
libgag/include/SDLGraphicContext.h:632:16: warning: 'drawSurface' overrides a member function but is not marked 'override' [-Winconsistent-missing-override]
  632 |                 virtual void drawSurface(float x, float y, float w, float h, DrawableSurface *surface, Uint8 alpha = Color::ALPHA_OPAQUE);
      |                              ^
libgag/include/SDLGraphicContext.h:274:16: note: overridden virtual function is here
  274 |                 virtual void drawSurface(float x, float y, float w, float h, DrawableSurface *surface, Uint8 alpha = Color::ALPHA_OPAQUE);
      |                              ^
libgag/include/SDLGraphicContext.h:634:16: warning: 'drawSurface' overrides a member function but is not marked 'override' [-Winconsistent-missing-override]
  634 |                 virtual void drawSurface(int x, int y, DrawableSurface *surface, int sx, int sy, int sw, int sh, Uint8 alpha = Color::ALPHA_OPAQUE);
      |                              ^
libgag/include/SDLGraphicContext.h:276:16: note: overridden virtual function is here
  276 |                 virtual void drawSurface(int x, int y, DrawableSurface *surface, int sx, int sy, int sw, int sh, Uint8 alpha = Color::ALPHA_OPAQUE);
      |                              ^
libgag/include/SDLGraphicContext.h:635:16: warning: 'drawSurface' overrides a member function but is not marked 'override' [-Winconsistent-missing-override]
  635 |                 virtual void drawSurface(float x, float y, DrawableSurface *surface, int sx, int sy, int sw, int sh, Uint8 alpha = Color::ALPHA_OPAQUE);
      |                              ^
libgag/include/SDLGraphicContext.h:277:16: note: overridden virtual function is here
  277 |                 virtual void drawSurface(float x, float y, DrawableSurface *surface, int sx, int sy, int sw, int sh, Uint8 alpha = Color::ALPHA_OPAQUE);
      |                              ^
libgag/include/SDLGraphicContext.h:637:16: warning: 'drawSurface' overrides a member function but is not marked 'override' [-Winconsistent-missing-override]
  637 |                 virtual void drawSurface(int x, int y, int w, int h, DrawableSurface *surface, int sx, int sy, int sw, int sh,  Uint8 alpha = Color::ALPHA_OPAQUE);
      |                              ^
libgag/include/SDLGraphicContext.h:279:16: note: overridden virtual function is here
  279 |                 virtual void drawSurface(int x, int y, int w, int h, DrawableSurface *surface, int sx, int sy, int sw, int sh,  Uint8 alpha = Color::ALPHA_OPAQUE);
      |                              ^
libgag/include/SDLGraphicContext.h:638:16: warning: 'drawSurface' overrides a member function but is not marked 'override' [-Winconsistent-missing-override]
  638 |                 virtual void drawSurface(float x, float y, float w, float h, DrawableSurface *surface, int sx, int sy, int sw, int sh, Uint8 alpha = Color::ALPHA_OPAQUE);
      |                              ^
libgag/include/SDLGraphicContext.h:280:16: note: overridden virtual function is here
  280 |                 virtual void drawSurface(float x, float y, float w, float h, DrawableSurface *surface, int sx, int sy, int sw, int sh, Uint8 alpha = Color::ALPHA_OPAQUE);
      |                              ^
libgag/include/SDLGraphicContext.h:661:16: warning: 'drawAlphaMap' overrides a member function but is not marked 'override' [-Winconsistent-missing-override]
  661 |                 virtual void drawAlphaMap(const std::valarray<float> &map, int mapW, int mapH, int x, int y, int cellW, int cellH, const Color &color);
      |                              ^
libgag/include/SDLGraphicContext.h:293:16: note: overridden virtual function is here
  293 |                 virtual void drawAlphaMap(const std::valarray<float> &map, int mapW, int mapH, int x, int y, int cellW, int cellH, const Color &color);
      |                              ^
libgag/include/SDLGraphicContext.h:662:16: warning: 'drawAlphaMap' overrides a member function but is not marked 'override' [-Winconsistent-missing-override]
  662 |                 virtual void drawAlphaMap(const std::valarray<unsigned char> &map, int mapW, int mapH, int x, int y, int cellW, int cellH, const Color &color);
      |                              ^
libgag/include/SDLGraphicContext.h:294:16: note: overridden virtual function is here
  294 |                 virtual void drawAlphaMap(const std::valarray<unsigned char> &map, int mapW, int mapH, int x, int y, int cellW, int cellH, const Color &color);
      |                              ^
libgag/include/SDLGraphicContext.h:665:16: warning: 'drawPixel' overrides a member function but is not marked 'override' [-Winconsistent-missing-override]
  665 |                 virtual void drawPixel(int x, int y, Uint8 r, Uint8 g, Uint8 b, Uint8 a = Color::ALPHA_OPAQUE);
      |                              ^
libgag/include/SDLGraphicContext.h:297:16: note: overridden virtual function is here
  297 |                 virtual void drawPixel(int x, int y, Uint8 r, Uint8 g, Uint8 b, Uint8 a = Color::ALPHA_OPAQUE);
      |                              ^
libgag/include/SDLGraphicContext.h:666:16: warning: 'drawRect' overrides a member function but is not marked 'override' [-Winconsistent-missing-override]
  666 |                 virtual void drawRect(int x, int y, int w, int h, Uint8 r, Uint8 g, Uint8 b, Uint8 a = Color::ALPHA_OPAQUE);
      |                              ^
libgag/include/SDLGraphicContext.h:298:16: note: overridden virtual function is here
  298 |                 virtual void drawRect(int x, int y, int w, int h, Uint8 r, Uint8 g, Uint8 b, Uint8 a = Color::ALPHA_OPAQUE);
      |                              ^
libgag/include/SDLGraphicContext.h:667:16: warning: 'drawFilledRect' overrides a member function but is not marked 'override' [-Winconsistent-missing-override]
  667 |                 virtual void drawFilledRect(int x, int y, int w, int h, Uint8 r, Uint8 g, Uint8 b, Uint8 a = Color::ALPHA_OPAQUE);
      |                              ^
libgag/include/SDLGraphicContext.h:299:16: note: overridden virtual function is here
  299 |                 virtual void drawFilledRect(int x, int y, int w, int h, Uint8 r, Uint8 g, Uint8 b, Uint8 a = Color::ALPHA_OPAQUE);
      |                              ^
libgag/include/SDLGraphicContext.h:668:16: warning: 'drawVertLine' overrides a member function but is not marked 'override' [-Winconsistent-missing-override]
  668 |                 virtual void drawVertLine(int x, int y, int l, Uint8 r, Uint8 g, Uint8 b, Uint8 a = Color::ALPHA_OPAQUE);
      |                              ^
libgag/include/SDLGraphicContext.h:300:16: note: overridden virtual function is here
  300 |                 virtual void drawVertLine(int x, int y, int l, Uint8 r, Uint8 g, Uint8 b, Uint8 a = Color::ALPHA_OPAQUE);
      |                              ^
libgag/include/SDLGraphicContext.h:669:16: warning: 'drawVertLine' overrides a member function but is not marked 'override' [-Winconsistent-missing-override]
  669 |                 virtual void drawVertLine(int x, int y, int l, const Color& color);
      |                              ^
libgag/include/SDLGraphicContext.h:301:16: note: overridden virtual function is here
  301 |                 virtual void drawVertLine(int x, int y, int l, const Color& color);
      |                              ^
libgag/include/SDLGraphicContext.h:670:16: warning: 'drawHorzLine' overrides a member function but is not marked 'override' [-Winconsistent-missing-override]
  670 |                 virtual void drawHorzLine(int x, int y, int l, Uint8 r, Uint8 g, Uint8 b, Uint8 a = Color::ALPHA_OPAQUE);
      |                              ^
libgag/include/SDLGraphicContext.h:302:16: note: overridden virtual function is here
  302 |                 virtual void drawHorzLine(int x, int y, int l, Uint8 r, Uint8 g, Uint8 b, Uint8 a = Color::ALPHA_OPAQUE);
      |                              ^
libgag/include/SDLGraphicContext.h:671:16: warning: 'drawHorzLine' overrides a member function but is not marked 'override' [-Winconsistent-missing-override]
  671 |                 virtual void drawHorzLine(int x, int y, int l, const Color& color);
      |                              ^
libgag/include/SDLGraphicContext.h:303:16: note: overridden virtual function is here
  303 |                 virtual void drawHorzLine(int x, int y, int l, const Color& color);
      |                              ^
libgag/include/SDLGraphicContext.h:672:16: warning: 'drawLine' overrides a member function but is not marked 'override' [-Winconsistent-missing-override]
  672 |                 virtual void drawLine(int x1, int y1, int x2, int y2, Uint8 r, Uint8 g, Uint8 b, Uint8 a = Color::ALPHA_OPAQUE);
      |                              ^
libgag/include/SDLGraphicContext.h:304:16: note: overridden virtual function is here
  304 |                 virtual void drawLine(int x1, int y1, int x2, int y2, Uint8 r, Uint8 g, Uint8 b, Uint8 a = Color::ALPHA_OPAQUE);
      |                              ^
libgag/include/SDLGraphicContext.h:673:16: warning: 'drawCircle' overrides a member function but is not marked 'override' [-Winconsistent-missing-override]
  673 |                 virtual void drawCircle(int x, int y, int radius, Uint8 r, Uint8 g, Uint8 b, Uint8 a = Color::ALPHA_OPAQUE);
      |                              ^
libgag/include/SDLGraphicContext.h:305:16: note: overridden virtual function is here
  305 |                 virtual void drawCircle(int x, int y, int radius, Uint8 r, Uint8 g, Uint8 b, Uint8 a = Color::ALPHA_OPAQUE);
      |                              ^
36 warnings generated.
/opt/homebrew/bin/ccache g++ -o build/darwin/client/release/src/game/screens/CustomGameScreen.o -c -g -std=gnu++20 -Wall -fPIC -O3 -DGLOB2_OFFICIAL_INSTANCE_ORIGIN=\"https://app.glob2online.com\" -DGLOB2_OFFICIAL_INSTANCE_FORMER_ORIGINS=\"https://glob2online.com\" -DHAVE_CONFIG_H -DGL_SILENCE_DEPRECATION -Ibuild/darwin/client/release/recording/prefix/include -I/Users/bradley/glob2/artifacts/recording-sdl3/prefix/include -Ibuild/darwin/client/release/include -I/opt/homebrew/include -Ilibgag/include -I. -Ilibusl/src -Isrc -Isrc/ai -Isrc/hud -Isrc/app -Isrc/game/player -Isrc/team -Isrc/common -Isrc/map -Isrc/game -Isrc/campaign -Isrc/campaign/screens -Isrc/replay -Isrc/game/screens -Isrc/render/clouds -Isrc/ui/screens -Isrc/game/rules -Isrc/game/diagnostics -Isrc/map/editor/screens -Isrc/engine -Isrc/ui -Isrc/map/preview -Isrc/app/cli -Isrc/net/lan/screens -Isrc/online -Isrc/map/tools -Isrc/scripting/map -Isrc/render/overlay -Isrc/audio -Isrc/online/screens -Isrc/game/orders -Isrc/resource -Isrc/ui/settings -Isrc/team/stats -Isrc/render/torus -Isrc/ai/simple -Isrc/ai/castor -Isrc/ai/javascript -Isrc/ai/nicowar -Isrc/ai/numbi -Isrc/ai/telemetry -Isrc/ai/warrush -Isrc/ai/maxima -Isrc/building -Isrc/building/types -Isrc/unit/types -Isrc/building/hud -Isrc/net -Isrc/hud/draw -Isrc/hud/input -Isrc/hud/touch -Isrc/net/turn -Isrc/unit -Isrc/map/editor -Isrc/map/generator -Isrc/map/generator/compatibility -Isrc/map/generator/core -Isrc/map/generator/generators -Isrc/map/generator/shared -Isrc/map/generator/shared/legacy -Isrc/map/gradient -Isrc/map/io -Isrc/net/lan -Isrc/net/message -Isrc/scripting/sgsl -Ithird_party/nlohmann-json/include -Ithird_party/quickjs-ng src/game/screens/CustomGameScreen.cpp
/opt/homebrew/bin/ccache g++ -o build/darwin/client/release/src/map/editor/screens/EditorMainMenu.o -c -g -std=gnu++20 -Wall -fPIC -O3 -DGLOB2_OFFICIAL_INSTANCE_ORIGIN=\"https://app.glob2online.com\" -DGLOB2_OFFICIAL_INSTANCE_FORMER_ORIGINS=\"https://glob2online.com\" -DHAVE_CONFIG_H -DGL_SILENCE_DEPRECATION -Ibuild/darwin/client/release/recording/prefix/include -I/Users/bradley/glob2/artifacts/recording-sdl3/prefix/include -Ibuild/darwin/client/release/include -I/opt/homebrew/include -Ilibgag/include -I. -Ilibusl/src -Isrc -Isrc/ai -Isrc/hud -Isrc/app -Isrc/game/player -Isrc/team -Isrc/common -Isrc/map -Isrc/game -Isrc/campaign -Isrc/campaign/screens -Isrc/replay -Isrc/game/screens -Isrc/render/clouds -Isrc/ui/screens -Isrc/game/rules -Isrc/game/diagnostics -Isrc/map/editor/screens -Isrc/engine -Isrc/ui -Isrc/map/preview -Isrc/app/cli -Isrc/net/lan/screens -Isrc/online -Isrc/map/tools -Isrc/scripting/map -Isrc/render/overlay -Isrc/audio -Isrc/online/screens -Isrc/game/orders -Isrc/resource -Isrc/ui/settings -Isrc/team/stats -Isrc/render/torus -Isrc/ai/simple -Isrc/ai/castor -Isrc/ai/javascript -Isrc/ai/nicowar -Isrc/ai/numbi -Isrc/ai/telemetry -Isrc/ai/warrush -Isrc/ai/maxima -Isrc/building -Isrc/building/types -Isrc/unit/types -Isrc/building/hud -Isrc/net -Isrc/hud/draw -Isrc/hud/input -Isrc/hud/touch -Isrc/net/turn -Isrc/unit -Isrc/map/editor -Isrc/map/generator -Isrc/map/generator/compatibility -Isrc/map/generator/core -Isrc/map/generator/generators -Isrc/map/generator/shared -Isrc/map/generator/shared/legacy -Isrc/map/gradient -Isrc/map/io -Isrc/net/lan -Isrc/net/message -Isrc/scripting/sgsl -Ithird_party/nlohmann-json/include -Ithird_party/quickjs-ng src/map/editor/screens/EditorMainMenu.cpp
In file included from src/campaign/screens/CampaignMenuScreen.cpp:3:
In file included from src/campaign/screens/CampaignMenuScreen.h:5:
In file included from src/ui/FrontendUI.h:3:
In file included from libgag/include/ui/Screen.h:3:
In file included from libgag/include/ui/Host.h:3:
In file included from libgag/include/ui/Element.h:3:
In file included from libgag/include/ui/Canvas.h:3:
In file included from libgag/include/ui/TextLayout.h:3:
In file included from libgag/include/ui/Theme.h:6:
In file included from libgag/include/GraphicContext.h:6:
libgag/include/SDLGraphicContext.h:520:16: warning: 'setRes' overrides a member function but is not marked 'override' [-Winconsistent-missing-override]
  520 |                 virtual void setRes(int w, int h) { setRes(w, h, optionFlags); }
      |                              ^
libgag/include/SDLGraphicContext.h:228:16: note: overridden virtual function is here
  228 |                 virtual void setRes(int w, int h);
      |                              ^
libgag/include/SDLGraphicContext.h:596:16: warning: 'setClipRect' overrides a member function but is not marked 'override' [-Winconsistent-missing-override]
  596 |                 virtual void setClipRect(int x, int y, int w, int h);
      |                              ^
libgag/include/SDLGraphicContext.h:230:16: note: overridden virtual function is here
  230 |                 virtual void setClipRect(int x, int y, int w, int h);
      |                              ^
libgag/include/SDLGraphicContext.h:597:16: warning: 'setClipRect' overrides a member function but is not marked 'override' [-Winconsistent-missing-override]
  597 |                 virtual void setClipRect(void);
      |                              ^
libgag/include/SDLGraphicContext.h:231:16: note: overridden virtual function is here
  231 |                 virtual void setClipRect(void);
      |                              ^
libgag/include/SDLGraphicContext.h:602:22: warning: 'nextFrame' overrides a member function but is not marked 'override' [-Winconsistent-missing-override]
  602 |         virtual void nextFrame(void);
      |                      ^
libgag/include/SDLGraphicContext.h:232:16: note: overridden virtual function is here
  232 |                 virtual void nextFrame(void) { flushTextPictures(); }
      |                              ^
libgag/include/SDLGraphicContext.h:604:16: warning: 'loadImage' overrides a member function but is not marked 'override' [-Winconsistent-missing-override]
  604 |                 virtual bool loadImage(const std::string name) { return false; }
      |                              ^
libgag/include/SDLGraphicContext.h:233:16: note: overridden virtual function is here
  233 |                 virtual bool loadImage(const std::string name);
      |                              ^
libgag/include/SDLGraphicContext.h:608:16: warning: 'shiftHSV' overrides a member function but is not marked 'override' [-Winconsistent-missing-override]
  608 |                 virtual void shiftHSV(float hue, float sat, float lum) { }
      |                              ^
libgag/include/SDLGraphicContext.h:234:16: note: overridden virtual function is here
  234 |                 virtual void shiftHSV(float hue, float sat, float lum);
      |                              ^
libgag/include/SDLGraphicContext.h:611:16: warning: 'canDrawStretchedSprite' overrides a member function but is not marked 'override' [-Winconsistent-missing-override]
  611 |                 virtual bool canDrawStretchedSprite(void) { return hasPortableRenderer() || (optionFlags & USEGPU) != 0; }
      |                              ^
libgag/include/SDLGraphicContext.h:252:16: note: overridden virtual function is here
  252 |                 virtual bool canDrawStretchedSprite(void) { return false; }
      |                              ^
libgag/include/SDLGraphicContext.h:613:16: warning: 'drawPixel' overrides a member function but is not marked 'override' [-Winconsistent-missing-override]
  613 |                 virtual void drawPixel(int x, int y, const Color& color);
      |                              ^
libgag/include/SDLGraphicContext.h:255:16: note: overridden virtual function is here
  255 |                 virtual void drawPixel(int x, int y, const Color& color);
      |                              ^
libgag/include/SDLGraphicContext.h:614:16: warning: 'drawPixel' overrides a member function but is not marked 'override' [-Winconsistent-missing-override]
  614 |                 virtual void drawPixel(float x, float y, const Color& color);
      |                              ^
libgag/include/SDLGraphicContext.h:256:16: note: overridden virtual function is here
  256 |                 virtual void drawPixel(float x, float y, const Color& color);
      |                              ^
libgag/include/SDLGraphicContext.h:616:16: warning: 'drawRect' overrides a member function but is not marked 'override' [-Winconsistent-missing-override]
  616 |                 virtual void drawRect(int x, int y, int w, int h, const Color& color);
      |                              ^
libgag/include/SDLGraphicContext.h:258:16: note: overridden virtual function is here
  258 |                 virtual void drawRect(int x, int y, int w, int h, const Color& color);
      |                              ^
libgag/include/SDLGraphicContext.h:617:16: warning: 'drawRect' overrides a member function but is not marked 'override' [-Winconsistent-missing-override]
  617 |                 virtual void drawRect(float x, float y, float w, float h, const Color& color);
      |                              ^
libgag/include/SDLGraphicContext.h:259:16: note: overridden virtual function is here
  259 |                 virtual void drawRect(float x, float y, float w, float h, const Color& color);
      |                              ^
libgag/include/SDLGraphicContext.h:619:16: warning: 'drawFilledRect' overrides a member function but is not marked 'override' [-Winconsistent-missing-override]
  619 |                 virtual void drawFilledRect(int x, int y, int w, int h, const Color& color);
      |                              ^
libgag/include/SDLGraphicContext.h:261:16: note: overridden virtual function is here
  261 |                 virtual void drawFilledRect(int x, int y, int w, int h, const Color& color);
      |                              ^
libgag/include/SDLGraphicContext.h:620:16: warning: 'drawFilledRect' overrides a member function but is not marked 'override' [-Winconsistent-missing-override]
  620 |                 virtual void drawFilledRect(float x, float y, float w, float h, const Color& color);
      |                              ^
libgag/include/SDLGraphicContext.h:262:16: note: overridden virtual function is here
  262 |                 virtual void drawFilledRect(float x, float y, float w, float h, const Color& color);
      |                              ^
libgag/include/SDLGraphicContext.h:622:16: warning: 'drawLine' overrides a member function but is not marked 'override' [-Winconsistent-missing-override]
  622 |                 virtual void drawLine(int x1, int y1, int x2, int y2, const Color& color);
      |                              ^
libgag/include/SDLGraphicContext.h:264:16: note: overridden virtual function is here
  264 |                 virtual void drawLine(int x1, int y1, int x2, int y2, const Color& color);
      |                              ^
libgag/include/SDLGraphicContext.h:623:16: warning: 'drawLine' overrides a member function but is not marked 'override' [-Winconsistent-missing-override]
  623 |                 virtual void drawLine(float x1, float y1, float x2, float y2, const Color& color);
      |                              ^
libgag/include/SDLGraphicContext.h:265:16: note: overridden virtual function is here
  265 |                 virtual void drawLine(float x1, float y1, float x2, float y2, const Color& color);
      |                              ^
libgag/include/SDLGraphicContext.h:625:16: warning: 'drawCircle' overrides a member function but is not marked 'override' [-Winconsistent-missing-override]
  625 |                 virtual void drawCircle(int x, int y, int radius, const Color& color);
      |                              ^
libgag/include/SDLGraphicContext.h:267:16: note: overridden virtual function is here
  267 |                 virtual void drawCircle(int x, int y, int radius, const Color& color);
      |                              ^
libgag/include/SDLGraphicContext.h:626:16: warning: 'drawCircle' overrides a member function but is not marked 'override' [-Winconsistent-missing-override]
  626 |                 virtual void drawCircle(float x, float y, float radius, const Color& color);
      |                              ^
libgag/include/SDLGraphicContext.h:268:16: note: overridden virtual function is here
  268 |                 virtual void drawCircle(float x, float y, float radius, const Color& color);
      |                              ^
libgag/include/SDLGraphicContext.h:628:16: warning: 'drawSurface' overrides a member function but is not marked 'override' [-Winconsistent-missing-override]
  628 |                 virtual void drawSurface(int x, int y, DrawableSurface *surface, Uint8 alpha = Color::ALPHA_OPAQUE);
      |                              ^
libgag/include/SDLGraphicContext.h:270:16: note: overridden virtual function is here
  270 |                 virtual void drawSurface(int x, int y, DrawableSurface *surface, Uint8 alpha = Color::ALPHA_OPAQUE);
      |                              ^
libgag/include/SDLGraphicContext.h:629:16: warning: 'drawSurface' overrides a member function but is not marked 'override' [-Winconsistent-missing-override]
  629 |                 virtual void drawSurface(float x, float y, DrawableSurface *surface, Uint8 alpha = Color::ALPHA_OPAQUE);
      |                              ^
libgag/include/SDLGraphicContext.h:271:16: note: overridden virtual function is here
  271 |                 virtual void drawSurface(float x, float y, DrawableSurface *surface, Uint8 alpha = Color::ALPHA_OPAQUE);
      |                              ^
libgag/include/SDLGraphicContext.h:631:16: warning: 'drawSurface' overrides a member function but is not marked 'override' [-Winconsistent-missing-override]
  631 |                 virtual void drawSurface(int x, int y, int w, int h, DrawableSurface *surface, Uint8 alpha = Color::ALPHA_OPAQUE);
      |                              ^
libgag/include/SDLGraphicContext.h:273:16: note: overridden virtual function is here
  273 |                 virtual void drawSurface(int x, int y, int w, int h, DrawableSurface *surface, Uint8 alpha = Color::ALPHA_OPAQUE);
      |                              ^
libgag/include/SDLGraphicContext.h:632:16: warning: 'drawSurface' overrides a member function but is not marked 'override' [-Winconsistent-missing-override]
  632 |                 virtual void drawSurface(float x, float y, float w, float h, DrawableSurface *surface, Uint8 alpha = Color::ALPHA_OPAQUE);
      |                              ^
libgag/include/SDLGraphicContext.h:274:16: note: overridden virtual function is here
  274 |                 virtual void drawSurface(float x, float y, float w, float h, DrawableSurface *surface, Uint8 alpha = Color::ALPHA_OPAQUE);
      |                              ^
libgag/include/SDLGraphicContext.h:634:16: warning: 'drawSurface' overrides a member function but is not marked 'override' [-Winconsistent-missing-override]
  634 |                 virtual void drawSurface(int x, int y, DrawableSurface *surface, int sx, int sy, int sw, int sh, Uint8 alpha = Color::ALPHA_OPAQUE);
      |                              ^
libgag/include/SDLGraphicContext.h:276:16: note: overridden virtual function is here
  276 |                 virtual void drawSurface(int x, int y, DrawableSurface *surface, int sx, int sy, int sw, int sh, Uint8 alpha = Color::ALPHA_OPAQUE);
      |                              ^
libgag/include/SDLGraphicContext.h:635:16: warning: 'drawSurface' overrides a member function but is not marked 'override' [-Winconsistent-missing-override]
  635 |                 virtual void drawSurface(float x, float y, DrawableSurface *surface, int sx, int sy, int sw, int sh, Uint8 alpha = Color::ALPHA_OPAQUE);
      |                              ^
libgag/include/SDLGraphicContext.h:277:16: note: overridden virtual function is here
  277 |                 virtual void drawSurface(float x, float y, DrawableSurface *surface, int sx, int sy, int sw, int sh, Uint8 alpha = Color::ALPHA_OPAQUE);
      |                              ^
libgag/include/SDLGraphicContext.h:637:16: warning: 'drawSurface' overrides a member function but is not marked 'override' [-Winconsistent-missing-override]
  637 |                 virtual void drawSurface(int x, int y, int w, int h, DrawableSurface *surface, int sx, int sy, int sw, int sh,  Uint8 alpha = Color::ALPHA_OPAQUE);
      |                              ^
libgag/include/SDLGraphicContext.h:279:16: note: overridden virtual function is here
  279 |                 virtual void drawSurface(int x, int y, int w, int h, DrawableSurface *surface, int sx, int sy, int sw, int sh,  Uint8 alpha = Color::ALPHA_OPAQUE);
      |                              ^
libgag/include/SDLGraphicContext.h:638:16: warning: 'drawSurface' overrides a member function but is not marked 'override' [-Winconsistent-missing-override]
  638 |                 virtual void drawSurface(float x, float y, float w, float h, DrawableSurface *surface, int sx, int sy, int sw, int sh, Uint8 alpha = Color::ALPHA_OPAQUE);
      |                              ^
libgag/include/SDLGraphicContext.h:280:16: note: overridden virtual function is here
  280 |                 virtual void drawSurface(float x, float y, float w, float h, DrawableSurface *surface, int sx, int sy, int sw, int sh, Uint8 alpha = Color::ALPHA_OPAQUE);
      |                              ^
libgag/include/SDLGraphicContext.h:661:16: warning: 'drawAlphaMap' overrides a member function but is not marked 'override' [-Winconsistent-missing-override]
  661 |                 virtual void drawAlphaMap(const std::valarray<float> &map, int mapW, int mapH, int x, int y, int cellW, int cellH, const Color &color);
      |                              ^
libgag/include/SDLGraphicContext.h:293:16: note: overridden virtual function is here
  293 |                 virtual void drawAlphaMap(const std::valarray<float> &map, int mapW, int mapH, int x, int y, int cellW, int cellH, const Color &color);
      |                              ^
libgag/include/SDLGraphicContext.h:662:16: warning: 'drawAlphaMap' overrides a member function but is not marked 'override' [-Winconsistent-missing-override]
  662 |                 virtual void drawAlphaMap(const std::valarray<unsigned char> &map, int mapW, int mapH, int x, int y, int cellW, int cellH, const Color &color);
      |                              ^
libgag/include/SDLGraphicContext.h:294:16: note: overridden virtual function is here
  294 |                 virtual void drawAlphaMap(const std::valarray<unsigned char> &map, int mapW, int mapH, int x, int y, int cellW, int cellH, const Color &color);
      |                              ^
libgag/include/SDLGraphicContext.h:665:16: warning: 'drawPixel' overrides a member function but is not marked 'override' [-Winconsistent-missing-override]
  665 |                 virtual void drawPixel(int x, int y, Uint8 r, Uint8 g, Uint8 b, Uint8 a = Color::ALPHA_OPAQUE);
      |                              ^
libgag/include/SDLGraphicContext.h:297:16: note: overridden virtual function is here
  297 |                 virtual void drawPixel(int x, int y, Uint8 r, Uint8 g, Uint8 b, Uint8 a = Color::ALPHA_OPAQUE);
      |                              ^
libgag/include/SDLGraphicContext.h:666:16: warning: 'drawRect' overrides a member function but is not marked 'override' [-Winconsistent-missing-override]
  666 |                 virtual void drawRect(int x, int y, int w, int h, Uint8 r, Uint8 g, Uint8 b, Uint8 a = Color::ALPHA_OPAQUE);
      |                              ^
libgag/include/SDLGraphicContext.h:298:16: note: overridden virtual function is here
  298 |                 virtual void drawRect(int x, int y, int w, int h, Uint8 r, Uint8 g, Uint8 b, Uint8 a = Color::ALPHA_OPAQUE);
      |                              ^
libgag/include/SDLGraphicContext.h:667:16: warning: 'drawFilledRect' overrides a member function but is not marked 'override' [-Winconsistent-missing-override]
  667 |                 virtual void drawFilledRect(int x, int y, int w, int h, Uint8 r, Uint8 g, Uint8 b, Uint8 a = Color::ALPHA_OPAQUE);
      |                              ^
libgag/include/SDLGraphicContext.h:299:16: note: overridden virtual function is here
  299 |                 virtual void drawFilledRect(int x, int y, int w, int h, Uint8 r, Uint8 g, Uint8 b, Uint8 a = Color::ALPHA_OPAQUE);
      |                              ^
libgag/include/SDLGraphicContext.h:668:16: warning: 'drawVertLine' overrides a member function but is not marked 'override' [-Winconsistent-missing-override]
  668 |                 virtual void drawVertLine(int x, int y, int l, Uint8 r, Uint8 g, Uint8 b, Uint8 a = Color::ALPHA_OPAQUE);
      |                              ^
libgag/include/SDLGraphicContext.h:300:16: note: overridden virtual function is here
  300 |                 virtual void drawVertLine(int x, int y, int l, Uint8 r, Uint8 g, Uint8 b, Uint8 a = Color::ALPHA_OPAQUE);
      |                              ^
libgag/include/SDLGraphicContext.h:669:16: warning: 'drawVertLine' overrides a member function but is not marked 'override' [-Winconsistent-missing-override]
  669 |                 virtual void drawVertLine(int x, int y, int l, const Color& color);
      |                              ^
libgag/include/SDLGraphicContext.h:301:16: note: overridden virtual function is here
  301 |                 virtual void drawVertLine(int x, int y, int l, const Color& color);
      |                              ^
libgag/include/SDLGraphicContext.h:670:16: warning: 'drawHorzLine' overrides a member function but is not marked 'override' [-Winconsistent-missing-override]
  670 |                 virtual void drawHorzLine(int x, int y, int l, Uint8 r, Uint8 g, Uint8 b, Uint8 a = Color::ALPHA_OPAQUE);
      |                              ^
libgag/include/SDLGraphicContext.h:302:16: note: overridden virtual function is here
  302 |                 virtual void drawHorzLine(int x, int y, int l, Uint8 r, Uint8 g, Uint8 b, Uint8 a = Color::ALPHA_OPAQUE);
      |                              ^
libgag/include/SDLGraphicContext.h:671:16: warning: 'drawHorzLine' overrides a member function but is not marked 'override' [-Winconsistent-missing-override]
  671 |                 virtual void drawHorzLine(int x, int y, int l, const Color& color);
      |                              ^
libgag/include/SDLGraphicContext.h:303:16: note: overridden virtual function is here
  303 |                 virtual void drawHorzLine(int x, int y, int l, const Color& color);
      |                              ^
libgag/include/SDLGraphicContext.h:672:16: warning: 'drawLine' overrides a member function but is not marked 'override' [-Winconsistent-missing-override]
  672 |                 virtual void drawLine(int x1, int y1, int x2, int y2, Uint8 r, Uint8 g, Uint8 b, Uint8 a = Color::ALPHA_OPAQUE);
      |                              ^
libgag/include/SDLGraphicContext.h:304:16: note: overridden virtual function is here
  304 |                 virtual void drawLine(int x1, int y1, int x2, int y2, Uint8 r, Uint8 g, Uint8 b, Uint8 a = Color::ALPHA_OPAQUE);
      |                              ^
libgag/include/SDLGraphicContext.h:673:16: warning: 'drawCircle' overrides a member function but is not marked 'override' [-Winconsistent-missing-override]
  673 |                 virtual void drawCircle(int x, int y, int radius, Uint8 r, Uint8 g, Uint8 b, Uint8 a = Color::ALPHA_OPAQUE);
      |                              ^
libgag/include/SDLGraphicContext.h:305:16: note: overridden virtual function is here
  305 |                 virtual void drawCircle(int x, int y, int radius, Uint8 r, Uint8 g, Uint8 b, Uint8 a = Color::ALPHA_OPAQUE);
      |                              ^
In file included from src/campaign/screens/CampaignMenuScreen.cpp:3:
src/campaign/screens/CampaignMenuScreen.h:59:7: warning: private field 'persisted' is not used [-Wunused-private-field]
   59 |         bool persisted = false;
      |              ^
37 warnings generated.
/opt/homebrew/bin/ccache g++ -o build/darwin/client/release/src/game/screens/EndGameScreen.o -c -g -std=gnu++20 -Wall -fPIC -O3 -DGLOB2_OFFICIAL_INSTANCE_ORIGIN=\"https://app.glob2online.com\" -DGLOB2_OFFICIAL_INSTANCE_FORMER_ORIGINS=\"https://glob2online.com\" -DHAVE_CONFIG_H -DGL_SILENCE_DEPRECATION -Ibuild/darwin/client/release/recording/prefix/include -I/Users/bradley/glob2/artifacts/recording-sdl3/prefix/include -Ibuild/darwin/client/release/include -I/opt/homebrew/include -Ilibgag/include -I. -Ilibusl/src -Isrc -Isrc/ai -Isrc/hud -Isrc/app -Isrc/game/player -Isrc/team -Isrc/common -Isrc/map -Isrc/game -Isrc/campaign -Isrc/campaign/screens -Isrc/replay -Isrc/game/screens -Isrc/render/clouds -Isrc/ui/screens -Isrc/game/rules -Isrc/game/diagnostics -Isrc/map/editor/screens -Isrc/engine -Isrc/ui -Isrc/map/preview -Isrc/app/cli -Isrc/net/lan/screens -Isrc/online -Isrc/map/tools -Isrc/scripting/map -Isrc/render/overlay -Isrc/audio -Isrc/online/screens -Isrc/game/orders -Isrc/resource -Isrc/ui/settings -Isrc/team/stats -Isrc/render/torus -Isrc/ai/simple -Isrc/ai/castor -Isrc/ai/javascript -Isrc/ai/nicowar -Isrc/ai/numbi -Isrc/ai/telemetry -Isrc/ai/warrush -Isrc/ai/maxima -Isrc/building -Isrc/building/types -Isrc/unit/types -Isrc/building/hud -Isrc/net -Isrc/hud/draw -Isrc/hud/input -Isrc/hud/touch -Isrc/net/turn -Isrc/unit -Isrc/map/editor -Isrc/map/generator -Isrc/map/generator/compatibility -Isrc/map/generator/core -Isrc/map/generator/generators -Isrc/map/generator/shared -Isrc/map/generator/shared/legacy -Isrc/map/gradient -Isrc/map/io -Isrc/net/lan -Isrc/net/message -Isrc/scripting/sgsl -Ithird_party/nlohmann-json/include -Ithird_party/quickjs-ng src/game/screens/EndGameScreen.cpp
In file included from src/map/editor/screens/EditorMainMenu.cpp:5:
In file included from src/map/editor/screens/EditorMainMenu.h:5:
In file included from src/ui/FrontendUI.h:3:
In file included from libgag/include/ui/Screen.h:3:
In file included from libgag/include/ui/Host.h:3:
In file included from libgag/include/ui/Element.h:3:
In file included from libgag/include/ui/Canvas.h:3:
In file included from libgag/include/ui/TextLayout.h:3:
In file included from libgag/include/ui/Theme.h:6:
In file included from libgag/include/GraphicContext.h:6:
libgag/include/SDLGraphicContext.h:520:16: warning: 'setRes' overrides a member function but is not marked 'override' [-Winconsistent-missing-override]
  520 |                 virtual void setRes(int w, int h) { setRes(w, h, optionFlags); }
      |                              ^
libgag/include/SDLGraphicContext.h:228:16: note: overridden virtual function is here
  228 |                 virtual void setRes(int w, int h);
      |                              ^
libgag/include/SDLGraphicContext.h:596:16: warning: 'setClipRect' overrides a member function but is not marked 'override' [-Winconsistent-missing-override]
  596 |                 virtual void setClipRect(int x, int y, int w, int h);
      |                              ^
libgag/include/SDLGraphicContext.h:230:16: note: overridden virtual function is here
  230 |                 virtual void setClipRect(int x, int y, int w, int h);
      |                              ^
libgag/include/SDLGraphicContext.h:597:16: warning: 'setClipRect' overrides a member function but is not marked 'override' [-Winconsistent-missing-override]
  597 |                 virtual void setClipRect(void);
      |                              ^
libgag/include/SDLGraphicContext.h:231:16: note: overridden virtual function is here
  231 |                 virtual void setClipRect(void);
      |                              ^
libgag/include/SDLGraphicContext.h:602:22: warning: 'nextFrame' overrides a member function but is not marked 'override' [-Winconsistent-missing-override]
  602 |         virtual void nextFrame(void);
      |                      ^
libgag/include/SDLGraphicContext.h:232:16: note: overridden virtual function is here
  232 |                 virtual void nextFrame(void) { flushTextPictures(); }
      |                              ^
libgag/include/SDLGraphicContext.h:604:16: warning: 'loadImage' overrides a member function but is not marked 'override' [-Winconsistent-missing-override]
  604 |                 virtual bool loadImage(const std::string name) { return false; }
      |                              ^
libgag/include/SDLGraphicContext.h:233:16: note: overridden virtual function is here
  233 |                 virtual bool loadImage(const std::string name);
      |                              ^
libgag/include/SDLGraphicContext.h:608:16: warning: 'shiftHSV' overrides a member function but is not marked 'override' [-Winconsistent-missing-override]
  608 |                 virtual void shiftHSV(float hue, float sat, float lum) { }
      |                              ^
libgag/include/SDLGraphicContext.h:234:16: note: overridden virtual function is here
  234 |                 virtual void shiftHSV(float hue, float sat, float lum);
      |                              ^
libgag/include/SDLGraphicContext.h:611:16: warning: 'canDrawStretchedSprite' overrides a member function but is not marked 'override' [-Winconsistent-missing-override]
  611 |                 virtual bool canDrawStretchedSprite(void) { return hasPortableRenderer() || (optionFlags & USEGPU) != 0; }
      |                              ^
libgag/include/SDLGraphicContext.h:252:16: note: overridden virtual function is here
  252 |                 virtual bool canDrawStretchedSprite(void) { return false; }
      |                              ^
libgag/include/SDLGraphicContext.h:613:16: warning: 'drawPixel' overrides a member function but is not marked 'override' [-Winconsistent-missing-override]
  613 |                 virtual void drawPixel(int x, int y, const Color& color);
      |                              ^
libgag/include/SDLGraphicContext.h:255:16: note: overridden virtual function is here
  255 |                 virtual void drawPixel(int x, int y, const Color& color);
      |                              ^
libgag/include/SDLGraphicContext.h:614:16: warning: 'drawPixel' overrides a member function but is not marked 'override' [-Winconsistent-missing-override]
  614 |                 virtual void drawPixel(float x, float y, const Color& color);
      |                              ^
libgag/include/SDLGraphicContext.h:256:16: note: overridden virtual function is here
  256 |                 virtual void drawPixel(float x, float y, const Color& color);
      |                              ^
libgag/include/SDLGraphicContext.h:616:16: warning: 'drawRect' overrides a member function but is not marked 'override' [-Winconsistent-missing-override]
  616 |                 virtual void drawRect(int x, int y, int w, int h, const Color& color);
      |                              ^
libgag/include/SDLGraphicContext.h:258:16: note: overridden virtual function is here
  258 |                 virtual void drawRect(int x, int y, int w, int h, const Color& color);
      |                              ^
libgag/include/SDLGraphicContext.h:617:16: warning: 'drawRect' overrides a member function but is not marked 'override' [-Winconsistent-missing-override]
  617 |                 virtual void drawRect(float x, float y, float w, float h, const Color& color);
      |                              ^
libgag/include/SDLGraphicContext.h:259:16: note: overridden virtual function is here
  259 |                 virtual void drawRect(float x, float y, float w, float h, const Color& color);
      |                              ^
libgag/include/SDLGraphicContext.h:619:16: warning: 'drawFilledRect' overrides a member function but is not marked 'override' [-Winconsistent-missing-override]
  619 |                 virtual void drawFilledRect(int x, int y, int w, int h, const Color& color);
      |                              ^
libgag/include/SDLGraphicContext.h:261:16: note: overridden virtual function is here
  261 |                 virtual void drawFilledRect(int x, int y, int w, int h, const Color& color);
      |                              ^
libgag/include/SDLGraphicContext.h:620:16: warning: 'drawFilledRect' overrides a member function but is not marked 'override' [-Winconsistent-missing-override]
  620 |                 virtual void drawFilledRect(float x, float y, float w, float h, const Color& color);
      |                              ^
libgag/include/SDLGraphicContext.h:262:16: note: overridden virtual function is here
  262 |                 virtual void drawFilledRect(float x, float y, float w, float h, const Color& color);
      |                              ^
libgag/include/SDLGraphicContext.h:622:16: warning: 'drawLine' overrides a member function but is not marked 'override' [-Winconsistent-missing-override]
  622 |                 virtual void drawLine(int x1, int y1, int x2, int y2, const Color& color);
      |                              ^
libgag/include/SDLGraphicContext.h:264:16: note: overridden virtual function is here
  264 |                 virtual void drawLine(int x1, int y1, int x2, int y2, const Color& color);
      |                              ^
libgag/include/SDLGraphicContext.h:623:16: warning: 'drawLine' overrides a member function but is not marked 'override' [-Winconsistent-missing-override]
  623 |                 virtual void drawLine(float x1, float y1, float x2, float y2, const Color& color);
      |                              ^
libgag/include/SDLGraphicContext.h:265:16: note: overridden virtual function is here
  265 |                 virtual void drawLine(float x1, float y1, float x2, float y2, const Color& color);
      |                              ^
libgag/include/SDLGraphicContext.h:625:16: warning: 'drawCircle' overrides a member function but is not marked 'override' [-Winconsistent-missing-override]
  625 |                 virtual void drawCircle(int x, int y, int radius, const Color& color);
      |                              ^
libgag/include/SDLGraphicContext.h:267:16: note: overridden virtual function is here
  267 |                 virtual void drawCircle(int x, int y, int radius, const Color& color);
      |                              ^
libgag/include/SDLGraphicContext.h:626:16: warning: 'drawCircle' overrides a member function but is not marked 'override' [-Winconsistent-missing-override]
  626 |                 virtual void drawCircle(float x, float y, float radius, const Color& color);
      |                              ^
libgag/include/SDLGraphicContext.h:268:16: note: overridden virtual function is here
  268 |                 virtual void drawCircle(float x, float y, float radius, const Color& color);
      |                              ^
libgag/include/SDLGraphicContext.h:628:16: warning: 'drawSurface' overrides a member function but is not marked 'override' [-Winconsistent-missing-override]
  628 |                 virtual void drawSurface(int x, int y, DrawableSurface *surface, Uint8 alpha = Color::ALPHA_OPAQUE);
      |                              ^
libgag/include/SDLGraphicContext.h:270:16: note: overridden virtual function is here
  270 |                 virtual void drawSurface(int x, int y, DrawableSurface *surface, Uint8 alpha = Color::ALPHA_OPAQUE);
      |                              ^
libgag/include/SDLGraphicContext.h:629:16: warning: 'drawSurface' overrides a member function but is not marked 'override' [-Winconsistent-missing-override]
  629 |                 virtual void drawSurface(float x, float y, DrawableSurface *surface, Uint8 alpha = Color::ALPHA_OPAQUE);
      |                              ^
libgag/include/SDLGraphicContext.h:271:16: note: overridden virtual function is here
  271 |                 virtual void drawSurface(float x, float y, DrawableSurface *surface, Uint8 alpha = Color::ALPHA_OPAQUE);
      |                              ^
libgag/include/SDLGraphicContext.h:631:16: warning: 'drawSurface' overrides a member function but is not marked 'override' [-Winconsistent-missing-override]
  631 |                 virtual void drawSurface(int x, int y, int w, int h, DrawableSurface *surface, Uint8 alpha = Color::ALPHA_OPAQUE);
      |                              ^
libgag/include/SDLGraphicContext.h:273:16: note: overridden virtual function is here
  273 |                 virtual void drawSurface(int x, int y, int w, int h, DrawableSurface *surface, Uint8 alpha = Color::ALPHA_OPAQUE);
      |                              ^
libgag/include/SDLGraphicContext.h:632:16: warning: 'drawSurface' overrides a member function but is not marked 'override' [-Winconsistent-missing-override]
  632 |                 virtual void drawSurface(float x, float y, float w, float h, DrawableSurface *surface, Uint8 alpha = Color::ALPHA_OPAQUE);
      |                              ^
libgag/include/SDLGraphicContext.h:274:16: note: overridden virtual function is here
  274 |                 virtual void drawSurface(float x, float y, float w, float h, DrawableSurface *surface, Uint8 alpha = Color::ALPHA_OPAQUE);
      |                              ^
libgag/include/SDLGraphicContext.h:634:16: warning: 'drawSurface' overrides a member function but is not marked 'override' [-Winconsistent-missing-override]
  634 |                 virtual void drawSurface(int x, int y, DrawableSurface *surface, int sx, int sy, int sw, int sh, Uint8 alpha = Color::ALPHA_OPAQUE);
      |                              ^
libgag/include/SDLGraphicContext.h:276:16: note: overridden virtual function is here
  276 |                 virtual void drawSurface(int x, int y, DrawableSurface *surface, int sx, int sy, int sw, int sh, Uint8 alpha = Color::ALPHA_OPAQUE);
      |                              ^
libgag/include/SDLGraphicContext.h:635:16: warning: 'drawSurface' overrides a member function but is not marked 'override' [-Winconsistent-missing-override]
  635 |                 virtual void drawSurface(float x, float y, DrawableSurface *surface, int sx, int sy, int sw, int sh, Uint8 alpha = Color::ALPHA_OPAQUE);
      |                              ^
libgag/include/SDLGraphicContext.h:277:16: note: overridden virtual function is here
  277 |                 virtual void drawSurface(float x, float y, DrawableSurface *surface, int sx, int sy, int sw, int sh, Uint8 alpha = Color::ALPHA_OPAQUE);
      |                              ^
libgag/include/SDLGraphicContext.h:637:16: warning: 'drawSurface' overrides a member function but is not marked 'override' [-Winconsistent-missing-override]
  637 |                 virtual void drawSurface(int x, int y, int w, int h, DrawableSurface *surface, int sx, int sy, int sw, int sh,  Uint8 alpha = Color::ALPHA_OPAQUE);
      |                              ^
libgag/include/SDLGraphicContext.h:279:16: note: overridden virtual function is here
  279 |                 virtual void drawSurface(int x, int y, int w, int h, DrawableSurface *surface, int sx, int sy, int sw, int sh,  Uint8 alpha = Color::ALPHA_OPAQUE);
      |                              ^
libgag/include/SDLGraphicContext.h:638:16: warning: 'drawSurface' overrides a member function but is not marked 'override' [-Winconsistent-missing-override]
  638 |                 virtual void drawSurface(float x, float y, float w, float h, DrawableSurface *surface, int sx, int sy, int sw, int sh, Uint8 alpha = Color::ALPHA_OPAQUE);
      |                              ^
libgag/include/SDLGraphicContext.h:280:16: note: overridden virtual function is here
  280 |                 virtual void drawSurface(float x, float y, float w, float h, DrawableSurface *surface, int sx, int sy, int sw, int sh, Uint8 alpha = Color::ALPHA_OPAQUE);
      |                              ^
libgag/include/SDLGraphicContext.h:661:16: warning: 'drawAlphaMap' overrides a member function but is not marked 'override' [-Winconsistent-missing-override]
  661 |                 virtual void drawAlphaMap(const std::valarray<float> &map, int mapW, int mapH, int x, int y, int cellW, int cellH, const Color &color);
      |                              ^
libgag/include/SDLGraphicContext.h:293:16: note: overridden virtual function is here
  293 |                 virtual void drawAlphaMap(const std::valarray<float> &map, int mapW, int mapH, int x, int y, int cellW, int cellH, const Color &color);
      |                              ^
libgag/include/SDLGraphicContext.h:662:16: warning: 'drawAlphaMap' overrides a member function but is not marked 'override' [-Winconsistent-missing-override]
  662 |                 virtual void drawAlphaMap(const std::valarray<unsigned char> &map, int mapW, int mapH, int x, int y, int cellW, int cellH, const Color &color);
      |                              ^
libgag/include/SDLGraphicContext.h:294:16: note: overridden virtual function is here
  294 |                 virtual void drawAlphaMap(const std::valarray<unsigned char> &map, int mapW, int mapH, int x, int y, int cellW, int cellH, const Color &color);
      |                              ^
libgag/include/SDLGraphicContext.h:665:16: warning: 'drawPixel' overrides a member function but is not marked 'override' [-Winconsistent-missing-override]
  665 |                 virtual void drawPixel(int x, int y, Uint8 r, Uint8 g, Uint8 b, Uint8 a = Color::ALPHA_OPAQUE);
      |                              ^
libgag/include/SDLGraphicContext.h:297:16: note: overridden virtual function is here
  297 |                 virtual void drawPixel(int x, int y, Uint8 r, Uint8 g, Uint8 b, Uint8 a = Color::ALPHA_OPAQUE);
      |                              ^
libgag/include/SDLGraphicContext.h:666:16: warning: 'drawRect' overrides a member function but is not marked 'override' [-Winconsistent-missing-override]
  666 |                 virtual void drawRect(int x, int y, int w, int h, Uint8 r, Uint8 g, Uint8 b, Uint8 a = Color::ALPHA_OPAQUE);
      |                              ^
libgag/include/SDLGraphicContext.h:298:16: note: overridden virtual function is here
  298 |                 virtual void drawRect(int x, int y, int w, int h, Uint8 r, Uint8 g, Uint8 b, Uint8 a = Color::ALPHA_OPAQUE);
      |                              ^
libgag/include/SDLGraphicContext.h:667:16: warning: 'drawFilledRect' overrides a member function but is not marked 'override' [-Winconsistent-missing-override]
  667 |                 virtual void drawFilledRect(int x, int y, int w, int h, Uint8 r, Uint8 g, Uint8 b, Uint8 a = Color::ALPHA_OPAQUE);
      |                              ^
libgag/include/SDLGraphicContext.h:299:16: note: overridden virtual function is here
  299 |                 virtual void drawFilledRect(int x, int y, int w, int h, Uint8 r, Uint8 g, Uint8 b, Uint8 a = Color::ALPHA_OPAQUE);
      |                              ^
libgag/include/SDLGraphicContext.h:668:16: warning: 'drawVertLine' overrides a member function but is not marked 'override' [-Winconsistent-missing-override]
  668 |                 virtual void drawVertLine(int x, int y, int l, Uint8 r, Uint8 g, Uint8 b, Uint8 a = Color::ALPHA_OPAQUE);
      |                              ^
libgag/include/SDLGraphicContext.h:300:16: note: overridden virtual function is here
  300 |                 virtual void drawVertLine(int x, int y, int l, Uint8 r, Uint8 g, Uint8 b, Uint8 a = Color::ALPHA_OPAQUE);
      |                              ^
libgag/include/SDLGraphicContext.h:669:16: warning: 'drawVertLine' overrides a member function but is not marked 'override' [-Winconsistent-missing-override]
  669 |                 virtual void drawVertLine(int x, int y, int l, const Color& color);
      |                              ^
libgag/include/SDLGraphicContext.h:301:16: note: overridden virtual function is here
  301 |                 virtual void drawVertLine(int x, int y, int l, const Color& color);
      |                              ^
libgag/include/SDLGraphicContext.h:670:16: warning: 'drawHorzLine' overrides a member function but is not marked 'override' [-Winconsistent-missing-override]
  670 |                 virtual void drawHorzLine(int x, int y, int l, Uint8 r, Uint8 g, Uint8 b, Uint8 a = Color::ALPHA_OPAQUE);
      |                              ^
libgag/include/SDLGraphicContext.h:302:16: note: overridden virtual function is here
  302 |                 virtual void drawHorzLine(int x, int y, int l, Uint8 r, Uint8 g, Uint8 b, Uint8 a = Color::ALPHA_OPAQUE);
      |                              ^
libgag/include/SDLGraphicContext.h:671:16: warning: 'drawHorzLine' overrides a member function but is not marked 'override' [-Winconsistent-missing-override]
  671 |                 virtual void drawHorzLine(int x, int y, int l, const Color& color);
      |                              ^
libgag/include/SDLGraphicContext.h:303:16: note: overridden virtual function is here
  303 |                 virtual void drawHorzLine(int x, int y, int l, const Color& color);
      |                              ^
libgag/include/SDLGraphicContext.h:672:16: warning: 'drawLine' overrides a member function but is not marked 'override' [-Winconsistent-missing-override]
  672 |                 virtual void drawLine(int x1, int y1, int x2, int y2, Uint8 r, Uint8 g, Uint8 b, Uint8 a = Color::ALPHA_OPAQUE);
      |                              ^
libgag/include/SDLGraphicContext.h:304:16: note: overridden virtual function is here
  304 |                 virtual void drawLine(int x1, int y1, int x2, int y2, Uint8 r, Uint8 g, Uint8 b, Uint8 a = Color::ALPHA_OPAQUE);
      |                              ^
libgag/include/SDLGraphicContext.h:673:16: warning: 'drawCircle' overrides a member function but is not marked 'override' [-Winconsistent-missing-override]
  673 |                 virtual void drawCircle(int x, int y, int radius, Uint8 r, Uint8 g, Uint8 b, Uint8 a = Color::ALPHA_OPAQUE);
      |                              ^
libgag/include/SDLGraphicContext.h:305:16: note: overridden virtual function is here
  305 |                 virtual void drawCircle(int x, int y, int radius, Uint8 r, Uint8 g, Uint8 b, Uint8 a = Color::ALPHA_OPAQUE);
      |                              ^
36 warnings generated.
/opt/homebrew/bin/ccache g++ -o build/darwin/client/release/src/engine/Engine.o -c -g -std=gnu++20 -Wall -fPIC -O3 -DGLOB2_OFFICIAL_INSTANCE_ORIGIN=\"https://app.glob2online.com\" -DGLOB2_OFFICIAL_INSTANCE_FORMER_ORIGINS=\"https://glob2online.com\" -DHAVE_CONFIG_H -DGL_SILENCE_DEPRECATION -Ibuild/darwin/client/release/recording/prefix/include -I/Users/bradley/glob2/artifacts/recording-sdl3/prefix/include -Ibuild/darwin/client/release/include -I/opt/homebrew/include -Ilibgag/include -I. -Ilibusl/src -Isrc -Isrc/ai -Isrc/hud -Isrc/app -Isrc/game/player -Isrc/team -Isrc/common -Isrc/map -Isrc/game -Isrc/campaign -Isrc/campaign/screens -Isrc/replay -Isrc/game/screens -Isrc/render/clouds -Isrc/ui/screens -Isrc/game/rules -Isrc/game/diagnostics -Isrc/map/editor/screens -Isrc/engine -Isrc/ui -Isrc/map/preview -Isrc/app/cli -Isrc/net/lan/screens -Isrc/online -Isrc/map/tools -Isrc/scripting/map -Isrc/render/overlay -Isrc/audio -Isrc/online/screens -Isrc/game/orders -Isrc/resource -Isrc/ui/settings -Isrc/team/stats -Isrc/render/torus -Isrc/ai/simple -Isrc/ai/castor -Isrc/ai/javascript -Isrc/ai/nicowar -Isrc/ai/numbi -Isrc/ai/telemetry -Isrc/ai/warrush -Isrc/ai/maxima -Isrc/building -Isrc/building/types -Isrc/unit/types -Isrc/building/hud -Isrc/net -Isrc/hud/draw -Isrc/hud/input -Isrc/hud/touch -Isrc/net/turn -Isrc/unit -Isrc/map/editor -Isrc/map/generator -Isrc/map/generator/compatibility -Isrc/map/generator/core -Isrc/map/generator/generators -Isrc/map/generator/shared -Isrc/map/generator/shared/legacy -Isrc/map/gradient -Isrc/map/io -Isrc/net/lan -Isrc/net/message -Isrc/scripting/sgsl -Ithird_party/nlohmann-json/include -Ithird_party/quickjs-ng src/engine/Engine.cpp
In file included from src/ui/UIPresentationHarness.cpp:6:
In file included from test/support/EngineFixtures.h:9:
In file included from src/game/Game.h:12:
In file included from src/map/Map.h:21:
In file included from src/team/Team.h:16:
In file included from src/game/GameEvent.h:9:
In file included from libgag/include/GraphicContext.h:6:
libgag/include/SDLGraphicContext.h:520:16: warning: 'setRes' overrides a member function but is not marked 'override' [-Winconsistent-missing-override]
  520 |                 virtual void setRes(int w, int h) { setRes(w, h, optionFlags); }
      |                              ^
libgag/include/SDLGraphicContext.h:228:16: note: overridden virtual function is here
  228 |                 virtual void setRes(int w, int h);
      |                              ^
libgag/include/SDLGraphicContext.h:596:16: warning: 'setClipRect' overrides a member function but is not marked 'override' [-Winconsistent-missing-override]
  596 |                 virtual void setClipRect(int x, int y, int w, int h);
      |                              ^
libgag/include/SDLGraphicContext.h:230:16: note: overridden virtual function is here
  230 |                 virtual void setClipRect(int x, int y, int w, int h);
      |                              ^
libgag/include/SDLGraphicContext.h:597:16: warning: 'setClipRect' overrides a member function but is not marked 'override' [-Winconsistent-missing-override]
  597 |                 virtual void setClipRect(void);
      |                              ^
libgag/include/SDLGraphicContext.h:231:16: note: overridden virtual function is here
  231 |                 virtual void setClipRect(void);
      |                              ^
libgag/include/SDLGraphicContext.h:602:22: warning: 'nextFrame' overrides a member function but is not marked 'override' [-Winconsistent-missing-override]
  602 |         virtual void nextFrame(void);
      |                      ^
libgag/include/SDLGraphicContext.h:232:16: note: overridden virtual function is here
  232 |                 virtual void nextFrame(void) { flushTextPictures(); }
      |                              ^
libgag/include/SDLGraphicContext.h:604:16: warning: 'loadImage' overrides a member function but is not marked 'override' [-Winconsistent-missing-override]
  604 |                 virtual bool loadImage(const std::string name) { return false; }
      |                              ^
libgag/include/SDLGraphicContext.h:233:16: note: overridden virtual function is here
  233 |                 virtual bool loadImage(const std::string name);
      |                              ^
libgag/include/SDLGraphicContext.h:608:16: warning: 'shiftHSV' overrides a member function but is not marked 'override' [-Winconsistent-missing-override]
  608 |                 virtual void shiftHSV(float hue, float sat, float lum) { }
      |                              ^
libgag/include/SDLGraphicContext.h:234:16: note: overridden virtual function is here
  234 |                 virtual void shiftHSV(float hue, float sat, float lum);
      |                              ^
libgag/include/SDLGraphicContext.h:611:16: warning: 'canDrawStretchedSprite' overrides a member function but is not marked 'override' [-Winconsistent-missing-override]
  611 |                 virtual bool canDrawStretchedSprite(void) { return hasPortableRenderer() || (optionFlags & USEGPU) != 0; }
      |                              ^
libgag/include/SDLGraphicContext.h:252:16: note: overridden virtual function is here
  252 |                 virtual bool canDrawStretchedSprite(void) { return false; }
      |                              ^
libgag/include/SDLGraphicContext.h:613:16: warning: 'drawPixel' overrides a member function but is not marked 'override' [-Winconsistent-missing-override]
  613 |                 virtual void drawPixel(int x, int y, const Color& color);
      |                              ^
libgag/include/SDLGraphicContext.h:255:16: note: overridden virtual function is here
  255 |                 virtual void drawPixel(int x, int y, const Color& color);
      |                              ^
libgag/include/SDLGraphicContext.h:614:16: warning: 'drawPixel' overrides a member function but is not marked 'override' [-Winconsistent-missing-override]
  614 |                 virtual void drawPixel(float x, float y, const Color& color);
      |                              ^
libgag/include/SDLGraphicContext.h:256:16: note: overridden virtual function is here
  256 |                 virtual void drawPixel(float x, float y, const Color& color);
      |                              ^
libgag/include/SDLGraphicContext.h:616:16: warning: 'drawRect' overrides a member function but is not marked 'override' [-Winconsistent-missing-override]
  616 |                 virtual void drawRect(int x, int y, int w, int h, const Color& color);
      |                              ^
libgag/include/SDLGraphicContext.h:258:16: note: overridden virtual function is here
  258 |                 virtual void drawRect(int x, int y, int w, int h, const Color& color);
      |                              ^
libgag/include/SDLGraphicContext.h:617:16: warning: 'drawRect' overrides a member function but is not marked 'override' [-Winconsistent-missing-override]
  617 |                 virtual void drawRect(float x, float y, float w, float h, const Color& color);
      |                              ^
libgag/include/SDLGraphicContext.h:259:16: note: overridden virtual function is here
  259 |                 virtual void drawRect(float x, float y, float w, float h, const Color& color);
      |                              ^
libgag/include/SDLGraphicContext.h:619:16: warning: 'drawFilledRect' overrides a member function but is not marked 'override' [-Winconsistent-missing-override]
  619 |                 virtual void drawFilledRect(int x, int y, int w, int h, const Color& color);
      |                              ^
libgag/include/SDLGraphicContext.h:261:16: note: overridden virtual function is here
  261 |                 virtual void drawFilledRect(int x, int y, int w, int h, const Color& color);
      |                              ^
libgag/include/SDLGraphicContext.h:620:16: warning: 'drawFilledRect' overrides a member function but is not marked 'override' [-Winconsistent-missing-override]
  620 |                 virtual void drawFilledRect(float x, float y, float w, float h, const Color& color);
      |                              ^
libgag/include/SDLGraphicContext.h:262:16: note: overridden virtual function is here
  262 |                 virtual void drawFilledRect(float x, float y, float w, float h, const Color& color);
      |                              ^
libgag/include/SDLGraphicContext.h:622:16: warning: 'drawLine' overrides a member function but is not marked 'override' [-Winconsistent-missing-override]
  622 |                 virtual void drawLine(int x1, int y1, int x2, int y2, const Color& color);
      |                              ^
libgag/include/SDLGraphicContext.h:264:16: note: overridden virtual function is here
  264 |                 virtual void drawLine(int x1, int y1, int x2, int y2, const Color& color);
      |                              ^
libgag/include/SDLGraphicContext.h:623:16: warning: 'drawLine' overrides a member function but is not marked 'override' [-Winconsistent-missing-override]
  623 |                 virtual void drawLine(float x1, float y1, float x2, float y2, const Color& color);
      |                              ^
libgag/include/SDLGraphicContext.h:265:16: note: overridden virtual function is here
  265 |                 virtual void drawLine(float x1, float y1, float x2, float y2, const Color& color);
      |                              ^
libgag/include/SDLGraphicContext.h:625:16: warning: 'drawCircle' overrides a member function but is not marked 'override' [-Winconsistent-missing-override]
  625 |                 virtual void drawCircle(int x, int y, int radius, const Color& color);
      |                              ^
libgag/include/SDLGraphicContext.h:267:16: note: overridden virtual function is here
  267 |                 virtual void drawCircle(int x, int y, int radius, const Color& color);
      |                              ^
libgag/include/SDLGraphicContext.h:626:16: warning: 'drawCircle' overrides a member function but is not marked 'override' [-Winconsistent-missing-override]
  626 |                 virtual void drawCircle(float x, float y, float radius, const Color& color);
      |                              ^
libgag/include/SDLGraphicContext.h:268:16: note: overridden virtual function is here
  268 |                 virtual void drawCircle(float x, float y, float radius, const Color& color);
      |                              ^
libgag/include/SDLGraphicContext.h:628:16: warning: 'drawSurface' overrides a member function but is not marked 'override' [-Winconsistent-missing-override]
  628 |                 virtual void drawSurface(int x, int y, DrawableSurface *surface, Uint8 alpha = Color::ALPHA_OPAQUE);
      |                              ^
libgag/include/SDLGraphicContext.h:270:16: note: overridden virtual function is here
  270 |                 virtual void drawSurface(int x, int y, DrawableSurface *surface, Uint8 alpha = Color::ALPHA_OPAQUE);
      |                              ^
libgag/include/SDLGraphicContext.h:629:16: warning: 'drawSurface' overrides a member function but is not marked 'override' [-Winconsistent-missing-override]
  629 |                 virtual void drawSurface(float x, float y, DrawableSurface *surface, Uint8 alpha = Color::ALPHA_OPAQUE);
      |                              ^
libgag/include/SDLGraphicContext.h:271:16: note: overridden virtual function is here
  271 |                 virtual void drawSurface(float x, float y, DrawableSurface *surface, Uint8 alpha = Color::ALPHA_OPAQUE);
      |                              ^
libgag/include/SDLGraphicContext.h:631:16: warning: 'drawSurface' overrides a member function but is not marked 'override' [-Winconsistent-missing-override]
  631 |                 virtual void drawSurface(int x, int y, int w, int h, DrawableSurface *surface, Uint8 alpha = Color::ALPHA_OPAQUE);
      |                              ^
libgag/include/SDLGraphicContext.h:273:16: note: overridden virtual function is here
  273 |                 virtual void drawSurface(int x, int y, int w, int h, DrawableSurface *surface, Uint8 alpha = Color::ALPHA_OPAQUE);
      |                              ^
libgag/include/SDLGraphicContext.h:632:16: warning: 'drawSurface' overrides a member function but is not marked 'override' [-Winconsistent-missing-override]
  632 |                 virtual void drawSurface(float x, float y, float w, float h, DrawableSurface *surface, Uint8 alpha = Color::ALPHA_OPAQUE);
      |                              ^
libgag/include/SDLGraphicContext.h:274:16: note: overridden virtual function is here
  274 |                 virtual void drawSurface(float x, float y, float w, float h, DrawableSurface *surface, Uint8 alpha = Color::ALPHA_OPAQUE);
      |                              ^
libgag/include/SDLGraphicContext.h:634:16: warning: 'drawSurface' overrides a member function but is not marked 'override' [-Winconsistent-missing-override]
  634 |                 virtual void drawSurface(int x, int y, DrawableSurface *surface, int sx, int sy, int sw, int sh, Uint8 alpha = Color::ALPHA_OPAQUE);
      |                              ^
libgag/include/SDLGraphicContext.h:276:16: note: overridden virtual function is here
  276 |                 virtual void drawSurface(int x, int y, DrawableSurface *surface, int sx, int sy, int sw, int sh, Uint8 alpha = Color::ALPHA_OPAQUE);
      |                              ^
libgag/include/SDLGraphicContext.h:635:16: warning: 'drawSurface' overrides a member function but is not marked 'override' [-Winconsistent-missing-override]
  635 |                 virtual void drawSurface(float x, float y, DrawableSurface *surface, int sx, int sy, int sw, int sh, Uint8 alpha = Color::ALPHA_OPAQUE);
      |                              ^
libgag/include/SDLGraphicContext.h:277:16: note: overridden virtual function is here
  277 |                 virtual void drawSurface(float x, float y, DrawableSurface *surface, int sx, int sy, int sw, int sh, Uint8 alpha = Color::ALPHA_OPAQUE);
      |                              ^
libgag/include/SDLGraphicContext.h:637:16: warning: 'drawSurface' overrides a member function but is not marked 'override' [-Winconsistent-missing-override]
  637 |                 virtual void drawSurface(int x, int y, int w, int h, DrawableSurface *surface, int sx, int sy, int sw, int sh,  Uint8 alpha = Color::ALPHA_OPAQUE);
      |                              ^
libgag/include/SDLGraphicContext.h:279:16: note: overridden virtual function is here
  279 |                 virtual void drawSurface(int x, int y, int w, int h, DrawableSurface *surface, int sx, int sy, int sw, int sh,  Uint8 alpha = Color::ALPHA_OPAQUE);
      |                              ^
libgag/include/SDLGraphicContext.h:638:16: warning: 'drawSurface' overrides a member function but is not marked 'override' [-Winconsistent-missing-override]
  638 |                 virtual void drawSurface(float x, float y, float w, float h, DrawableSurface *surface, int sx, int sy, int sw, int sh, Uint8 alpha = Color::ALPHA_OPAQUE);
      |                              ^
libgag/include/SDLGraphicContext.h:280:16: note: overridden virtual function is here
  280 |                 virtual void drawSurface(float x, float y, float w, float h, DrawableSurface *surface, int sx, int sy, int sw, int sh, Uint8 alpha = Color::ALPHA_OPAQUE);
      |                              ^
libgag/include/SDLGraphicContext.h:661:16: warning: 'drawAlphaMap' overrides a member function but is not marked 'override' [-Winconsistent-missing-override]
  661 |                 virtual void drawAlphaMap(const std::valarray<float> &map, int mapW, int mapH, int x, int y, int cellW, int cellH, const Color &color);
      |                              ^
libgag/include/SDLGraphicContext.h:293:16: note: overridden virtual function is here
  293 |                 virtual void drawAlphaMap(const std::valarray<float> &map, int mapW, int mapH, int x, int y, int cellW, int cellH, const Color &color);
      |                              ^
libgag/include/SDLGraphicContext.h:662:16: warning: 'drawAlphaMap' overrides a member function but is not marked 'override' [-Winconsistent-missing-override]
  662 |                 virtual void drawAlphaMap(const std::valarray<unsigned char> &map, int mapW, int mapH, int x, int y, int cellW, int cellH, const Color &color);
      |                              ^
libgag/include/SDLGraphicContext.h:294:16: note: overridden virtual function is here
  294 |                 virtual void drawAlphaMap(const std::valarray<unsigned char> &map, int mapW, int mapH, int x, int y, int cellW, int cellH, const Color &color);
      |                              ^
libgag/include/SDLGraphicContext.h:665:16: warning: 'drawPixel' overrides a member function but is not marked 'override' [-Winconsistent-missing-override]
  665 |                 virtual void drawPixel(int x, int y, Uint8 r, Uint8 g, Uint8 b, Uint8 a = Color::ALPHA_OPAQUE);
      |                              ^
libgag/include/SDLGraphicContext.h:297:16: note: overridden virtual function is here
  297 |                 virtual void drawPixel(int x, int y, Uint8 r, Uint8 g, Uint8 b, Uint8 a = Color::ALPHA_OPAQUE);
      |                              ^
libgag/include/SDLGraphicContext.h:666:16: warning: 'drawRect' overrides a member function but is not marked 'override' [-Winconsistent-missing-override]
  666 |                 virtual void drawRect(int x, int y, int w, int h, Uint8 r, Uint8 g, Uint8 b, Uint8 a = Color::ALPHA_OPAQUE);
      |                              ^
libgag/include/SDLGraphicContext.h:298:16: note: overridden virtual function is here
  298 |                 virtual void drawRect(int x, int y, int w, int h, Uint8 r, Uint8 g, Uint8 b, Uint8 a = Color::ALPHA_OPAQUE);
      |                              ^
libgag/include/SDLGraphicContext.h:667:16: warning: 'drawFilledRect' overrides a member function but is not marked 'override' [-Winconsistent-missing-override]
  667 |                 virtual void drawFilledRect(int x, int y, int w, int h, Uint8 r, Uint8 g, Uint8 b, Uint8 a = Color::ALPHA_OPAQUE);
      |                              ^
libgag/include/SDLGraphicContext.h:299:16: note: overridden virtual function is here
  299 |                 virtual void drawFilledRect(int x, int y, int w, int h, Uint8 r, Uint8 g, Uint8 b, Uint8 a = Color::ALPHA_OPAQUE);
      |                              ^
libgag/include/SDLGraphicContext.h:668:16: warning: 'drawVertLine' overrides a member function but is not marked 'override' [-Winconsistent-missing-override]
  668 |                 virtual void drawVertLine(int x, int y, int l, Uint8 r, Uint8 g, Uint8 b, Uint8 a = Color::ALPHA_OPAQUE);
      |                              ^
libgag/include/SDLGraphicContext.h:300:16: note: overridden virtual function is here
  300 |                 virtual void drawVertLine(int x, int y, int l, Uint8 r, Uint8 g, Uint8 b, Uint8 a = Color::ALPHA_OPAQUE);
      |                              ^
libgag/include/SDLGraphicContext.h:669:16: warning: 'drawVertLine' overrides a member function but is not marked 'override' [-Winconsistent-missing-override]
  669 |                 virtual void drawVertLine(int x, int y, int l, const Color& color);
      |                              ^
libgag/include/SDLGraphicContext.h:301:16: note: overridden virtual function is here
  301 |                 virtual void drawVertLine(int x, int y, int l, const Color& color);
      |                              ^
libgag/include/SDLGraphicContext.h:670:16: warning: 'drawHorzLine' overrides a member function but is not marked 'override' [-Winconsistent-missing-override]
  670 |                 virtual void drawHorzLine(int x, int y, int l, Uint8 r, Uint8 g, Uint8 b, Uint8 a = Color::ALPHA_OPAQUE);
      |                              ^
libgag/include/SDLGraphicContext.h:302:16: note: overridden virtual function is here
  302 |                 virtual void drawHorzLine(int x, int y, int l, Uint8 r, Uint8 g, Uint8 b, Uint8 a = Color::ALPHA_OPAQUE);
      |                              ^
libgag/include/SDLGraphicContext.h:671:16: warning: 'drawHorzLine' overrides a member function but is not marked 'override' [-Winconsistent-missing-override]
  671 |                 virtual void drawHorzLine(int x, int y, int l, const Color& color);
      |                              ^
libgag/include/SDLGraphicContext.h:303:16: note: overridden virtual function is here
  303 |                 virtual void drawHorzLine(int x, int y, int l, const Color& color);
      |                              ^
libgag/include/SDLGraphicContext.h:672:16: warning: 'drawLine' overrides a member function but is not marked 'override' [-Winconsistent-missing-override]
  672 |                 virtual void drawLine(int x1, int y1, int x2, int y2, Uint8 r, Uint8 g, Uint8 b, Uint8 a = Color::ALPHA_OPAQUE);
      |                              ^
libgag/include/SDLGraphicContext.h:304:16: note: overridden virtual function is here
  304 |                 virtual void drawLine(int x1, int y1, int x2, int y2, Uint8 r, Uint8 g, Uint8 b, Uint8 a = Color::ALPHA_OPAQUE);
      |                              ^
libgag/include/SDLGraphicContext.h:673:16: warning: 'drawCircle' overrides a member function but is not marked 'override' [-Winconsistent-missing-override]
  673 |                 virtual void drawCircle(int x, int y, int radius, Uint8 r, Uint8 g, Uint8 b, Uint8 a = Color::ALPHA_OPAQUE);
      |                              ^
libgag/include/SDLGraphicContext.h:305:16: note: overridden virtual function is here
  305 |                 virtual void drawCircle(int x, int y, int radius, Uint8 r, Uint8 g, Uint8 b, Uint8 a = Color::ALPHA_OPAQUE);
      |                              ^
36 warnings generated.
/opt/homebrew/bin/ccache g++ -o build/darwin/client/release/src/engine/EngineInit.o -c -g -std=gnu++20 -Wall -fPIC -O3 -DGLOB2_OFFICIAL_INSTANCE_ORIGIN=\"https://app.glob2online.com\" -DGLOB2_OFFICIAL_INSTANCE_FORMER_ORIGINS=\"https://glob2online.com\" -DHAVE_CONFIG_H -DGL_SILENCE_DEPRECATION -Ibuild/darwin/client/release/recording/prefix/include -I/Users/bradley/glob2/artifacts/recording-sdl3/prefix/include -Ibuild/darwin/client/release/include -I/opt/homebrew/include -Ilibgag/include -I. -Ilibusl/src -Isrc -Isrc/ai -Isrc/hud -Isrc/app -Isrc/game/player -Isrc/team -Isrc/common -Isrc/map -Isrc/game -Isrc/campaign -Isrc/campaign/screens -Isrc/replay -Isrc/game/screens -Isrc/render/clouds -Isrc/ui/screens -Isrc/game/rules -Isrc/game/diagnostics -Isrc/map/editor/screens -Isrc/engine -Isrc/ui -Isrc/map/preview -Isrc/app/cli -Isrc/net/lan/screens -Isrc/online -Isrc/map/tools -Isrc/scripting/map -Isrc/render/overlay -Isrc/audio -Isrc/online/screens -Isrc/game/orders -Isrc/resource -Isrc/ui/settings -Isrc/team/stats -Isrc/render/torus -Isrc/ai/simple -Isrc/ai/castor -Isrc/ai/javascript -Isrc/ai/nicowar -Isrc/ai/numbi -Isrc/ai/telemetry -Isrc/ai/warrush -Isrc/ai/maxima -Isrc/building -Isrc/building/types -Isrc/unit/types -Isrc/building/hud -Isrc/net -Isrc/hud/draw -Isrc/hud/input -Isrc/hud/touch -Isrc/net/turn -Isrc/unit -Isrc/map/editor -Isrc/map/generator -Isrc/map/generator/compatibility -Isrc/map/generator/core -Isrc/map/generator/generators -Isrc/map/generator/shared -Isrc/map/generator/shared/legacy -Isrc/map/gradient -Isrc/map/io -Isrc/net/lan -Isrc/net/message -Isrc/scripting/sgsl -Ithird_party/nlohmann-json/include -Ithird_party/quickjs-ng src/engine/EngineInit.cpp
In file included from src/engine/Engine.cpp:8:
In file included from src/game/screens/EndGameScreen.h:7:
In file included from src/hud/GameGUI.h:20:
In file included from src/game/Game.h:12:
In file included from src/map/Map.h:21:
In file included from src/team/Team.h:16:
In file included from src/game/GameEvent.h:9:
In file included from libgag/include/GraphicContext.h:6:
libgag/include/SDLGraphicContext.h:520:16: warning: 'setRes' overrides a member function but is not marked 'override' [-Winconsistent-missing-override]
  520 |                 virtual void setRes(int w, int h) { setRes(w, h, optionFlags); }
      |                              ^
libgag/include/SDLGraphicContext.h:228:16: note: overridden virtual function is here
  228 |                 virtual void setRes(int w, int h);
      |                              ^
libgag/include/SDLGraphicContext.h:596:16: warning: 'setClipRect' overrides a member function but is not marked 'override' [-Winconsistent-missing-override]
  596 |                 virtual void setClipRect(int x, int y, int w, int h);
      |                              ^
libgag/include/SDLGraphicContext.h:230:16: note: overridden virtual function is here
  230 |                 virtual void setClipRect(int x, int y, int w, int h);
      |                              ^
libgag/include/SDLGraphicContext.h:597:16: warning: 'setClipRect' overrides a member function but is not marked 'override' [-Winconsistent-missing-override]
  597 |                 virtual void setClipRect(void);
      |                              ^
libgag/include/SDLGraphicContext.h:231:16: note: overridden virtual function is here
  231 |                 virtual void setClipRect(void);
      |                              ^
libgag/include/SDLGraphicContext.h:602:22: warning: 'nextFrame' overrides a member function but is not marked 'override' [-Winconsistent-missing-override]
  602 |         virtual void nextFrame(void);
      |                      ^
libgag/include/SDLGraphicContext.h:232:16: note: overridden virtual function is here
  232 |                 virtual void nextFrame(void) { flushTextPictures(); }
      |                              ^
libgag/include/SDLGraphicContext.h:604:16: warning: 'loadImage' overrides a member function but is not marked 'override' [-Winconsistent-missing-override]
  604 |                 virtual bool loadImage(const std::string name) { return false; }
      |                              ^
libgag/include/SDLGraphicContext.h:233:16: note: overridden virtual function is here
  233 |                 virtual bool loadImage(const std::string name);
      |                              ^
libgag/include/SDLGraphicContext.h:608:16: warning: 'shiftHSV' overrides a member function but is not marked 'override' [-Winconsistent-missing-override]
  608 |                 virtual void shiftHSV(float hue, float sat, float lum) { }
      |                              ^
libgag/include/SDLGraphicContext.h:234:16: note: overridden virtual function is here
  234 |                 virtual void shiftHSV(float hue, float sat, float lum);
      |                              ^
libgag/include/SDLGraphicContext.h:611:16: warning: 'canDrawStretchedSprite' overrides a member function but is not marked 'override' [-Winconsistent-missing-override]
  611 |                 virtual bool canDrawStretchedSprite(void) { return hasPortableRenderer() || (optionFlags & USEGPU) != 0; }
      |                              ^
libgag/include/SDLGraphicContext.h:252:16: note: overridden virtual function is here
  252 |                 virtual bool canDrawStretchedSprite(void) { return false; }
      |                              ^
libgag/include/SDLGraphicContext.h:613:16: warning: 'drawPixel' overrides a member function but is not marked 'override' [-Winconsistent-missing-override]
  613 |                 virtual void drawPixel(int x, int y, const Color& color);
      |                              ^
libgag/include/SDLGraphicContext.h:255:16: note: overridden virtual function is here
  255 |                 virtual void drawPixel(int x, int y, const Color& color);
      |                              ^
libgag/include/SDLGraphicContext.h:614:16: warning: 'drawPixel' overrides a member function but is not marked 'override' [-Winconsistent-missing-override]
  614 |                 virtual void drawPixel(float x, float y, const Color& color);
      |                              ^
libgag/include/SDLGraphicContext.h:256:16: note: overridden virtual function is here
  256 |                 virtual void drawPixel(float x, float y, const Color& color);
      |                              ^
libgag/include/SDLGraphicContext.h:616:16: warning: 'drawRect' overrides a member function but is not marked 'override' [-Winconsistent-missing-override]
  616 |                 virtual void drawRect(int x, int y, int w, int h, const Color& color);
      |                              ^
libgag/include/SDLGraphicContext.h:258:16: note: overridden virtual function is here
  258 |                 virtual void drawRect(int x, int y, int w, int h, const Color& color);
      |                              ^
libgag/include/SDLGraphicContext.h:617:16: warning: 'drawRect' overrides a member function but is not marked 'override' [-Winconsistent-missing-override]
  617 |                 virtual void drawRect(float x, float y, float w, float h, const Color& color);
      |                              ^
libgag/include/SDLGraphicContext.h:259:16: note: overridden virtual function is here
  259 |                 virtual void drawRect(float x, float y, float w, float h, const Color& color);
      |                              ^
libgag/include/SDLGraphicContext.h:619:16: warning: 'drawFilledRect' overrides a member function but is not marked 'override' [-Winconsistent-missing-override]
  619 |                 virtual void drawFilledRect(int x, int y, int w, int h, const Color& color);
      |                              ^
libgag/include/SDLGraphicContext.h:261:16: note: overridden virtual function is here
  261 |                 virtual void drawFilledRect(int x, int y, int w, int h, const Color& color);
      |                              ^
libgag/include/SDLGraphicContext.h:620:16: warning: 'drawFilledRect' overrides a member function but is not marked 'override' [-Winconsistent-missing-override]
  620 |                 virtual void drawFilledRect(float x, float y, float w, float h, const Color& color);
      |                              ^
libgag/include/SDLGraphicContext.h:262:16: note: overridden virtual function is here
  262 |                 virtual void drawFilledRect(float x, float y, float w, float h, const Color& color);
      |                              ^
libgag/include/SDLGraphicContext.h:622:16: warning: 'drawLine' overrides a member function but is not marked 'override' [-Winconsistent-missing-override]
  622 |                 virtual void drawLine(int x1, int y1, int x2, int y2, const Color& color);
      |                              ^
libgag/include/SDLGraphicContext.h:264:16: note: overridden virtual function is here
  264 |                 virtual void drawLine(int x1, int y1, int x2, int y2, const Color& color);
      |                              ^
libgag/include/SDLGraphicContext.h:623:16: warning: 'drawLine' overrides a member function but is not marked 'override' [-Winconsistent-missing-override]
  623 |                 virtual void drawLine(float x1, float y1, float x2, float y2, const Color& color);
      |                              ^
libgag/include/SDLGraphicContext.h:265:16: note: overridden virtual function is here
  265 |                 virtual void drawLine(float x1, float y1, float x2, float y2, const Color& color);
      |                              ^
libgag/include/SDLGraphicContext.h:625:16: warning: 'drawCircle' overrides a member function but is not marked 'override' [-Winconsistent-missing-override]
  625 |                 virtual void drawCircle(int x, int y, int radius, const Color& color);
      |                              ^
libgag/include/SDLGraphicContext.h:267:16: note: overridden virtual function is here
  267 |                 virtual void drawCircle(int x, int y, int radius, const Color& color);
      |                              ^
libgag/include/SDLGraphicContext.h:626:16: warning: 'drawCircle' overrides a member function but is not marked 'override' [-Winconsistent-missing-override]
  626 |                 virtual void drawCircle(float x, float y, float radius, const Color& color);
      |                              ^
libgag/include/SDLGraphicContext.h:268:16: note: overridden virtual function is here
  268 |                 virtual void drawCircle(float x, float y, float radius, const Color& color);
      |                              ^
libgag/include/SDLGraphicContext.h:628:16: warning: 'drawSurface' overrides a member function but is not marked 'override' [-Winconsistent-missing-override]
  628 |                 virtual void drawSurface(int x, int y, DrawableSurface *surface, Uint8 alpha = Color::ALPHA_OPAQUE);
      |                              ^
libgag/include/SDLGraphicContext.h:270:16: note: overridden virtual function is here
  270 |                 virtual void drawSurface(int x, int y, DrawableSurface *surface, Uint8 alpha = Color::ALPHA_OPAQUE);
      |                              ^
libgag/include/SDLGraphicContext.h:629:16: warning: 'drawSurface' overrides a member function but is not marked 'override' [-Winconsistent-missing-override]
  629 |                 virtual void drawSurface(float x, float y, DrawableSurface *surface, Uint8 alpha = Color::ALPHA_OPAQUE);
      |                              ^
libgag/include/SDLGraphicContext.h:271:16: note: overridden virtual function is here
  271 |                 virtual void drawSurface(float x, float y, DrawableSurface *surface, Uint8 alpha = Color::ALPHA_OPAQUE);
      |                              ^
libgag/include/SDLGraphicContext.h:631:16: warning: 'drawSurface' overrides a member function but is not marked 'override' [-Winconsistent-missing-override]
  631 |                 virtual void drawSurface(int x, int y, int w, int h, DrawableSurface *surface, Uint8 alpha = Color::ALPHA_OPAQUE);
      |                              ^
libgag/include/SDLGraphicContext.h:273:16: note: overridden virtual function is here
  273 |                 virtual void drawSurface(int x, int y, int w, int h, DrawableSurface *surface, Uint8 alpha = Color::ALPHA_OPAQUE);
      |                              ^
libgag/include/SDLGraphicContext.h:632:16: warning: 'drawSurface' overrides a member function but is not marked 'override' [-Winconsistent-missing-override]
  632 |                 virtual void drawSurface(float x, float y, float w, float h, DrawableSurface *surface, Uint8 alpha = Color::ALPHA_OPAQUE);
      |                              ^
libgag/include/SDLGraphicContext.h:274:16: note: overridden virtual function is here
  274 |                 virtual void drawSurface(float x, float y, float w, float h, DrawableSurface *surface, Uint8 alpha = Color::ALPHA_OPAQUE);
      |                              ^
libgag/include/SDLGraphicContext.h:634:16: warning: 'drawSurface' overrides a member function but is not marked 'override' [-Winconsistent-missing-override]
  634 |                 virtual void drawSurface(int x, int y, DrawableSurface *surface, int sx, int sy, int sw, int sh, Uint8 alpha = Color::ALPHA_OPAQUE);
      |                              ^
libgag/include/SDLGraphicContext.h:276:16: note: overridden virtual function is here
  276 |                 virtual void drawSurface(int x, int y, DrawableSurface *surface, int sx, int sy, int sw, int sh, Uint8 alpha = Color::ALPHA_OPAQUE);
      |                              ^
libgag/include/SDLGraphicContext.h:635:16: warning: 'drawSurface' overrides a member function but is not marked 'override' [-Winconsistent-missing-override]
  635 |                 virtual void drawSurface(float x, float y, DrawableSurface *surface, int sx, int sy, int sw, int sh, Uint8 alpha = Color::ALPHA_OPAQUE);
      |                              ^
libgag/include/SDLGraphicContext.h:277:16: note: overridden virtual function is here
  277 |                 virtual void drawSurface(float x, float y, DrawableSurface *surface, int sx, int sy, int sw, int sh, Uint8 alpha = Color::ALPHA_OPAQUE);
      |                              ^
libgag/include/SDLGraphicContext.h:637:16: warning: 'drawSurface' overrides a member function but is not marked 'override' [-Winconsistent-missing-override]
  637 |                 virtual void drawSurface(int x, int y, int w, int h, DrawableSurface *surface, int sx, int sy, int sw, int sh,  Uint8 alpha = Color::ALPHA_OPAQUE);
      |                              ^
libgag/include/SDLGraphicContext.h:279:16: note: overridden virtual function is here
  279 |                 virtual void drawSurface(int x, int y, int w, int h, DrawableSurface *surface, int sx, int sy, int sw, int sh,  Uint8 alpha = Color::ALPHA_OPAQUE);
      |                              ^
libgag/include/SDLGraphicContext.h:638:16: warning: 'drawSurface' overrides a member function but is not marked 'override' [-Winconsistent-missing-override]
  638 |                 virtual void drawSurface(float x, float y, float w, float h, DrawableSurface *surface, int sx, int sy, int sw, int sh, Uint8 alpha = Color::ALPHA_OPAQUE);
      |                              ^
libgag/include/SDLGraphicContext.h:280:16: note: overridden virtual function is here
  280 |                 virtual void drawSurface(float x, float y, float w, float h, DrawableSurface *surface, int sx, int sy, int sw, int sh, Uint8 alpha = Color::ALPHA_OPAQUE);
      |                              ^
libgag/include/SDLGraphicContext.h:661:16: warning: 'drawAlphaMap' overrides a member function but is not marked 'override' [-Winconsistent-missing-override]
  661 |                 virtual void drawAlphaMap(const std::valarray<float> &map, int mapW, int mapH, int x, int y, int cellW, int cellH, const Color &color);
      |                              ^
libgag/include/SDLGraphicContext.h:293:16: note: overridden virtual function is here
  293 |                 virtual void drawAlphaMap(const std::valarray<float> &map, int mapW, int mapH, int x, int y, int cellW, int cellH, const Color &color);
      |                              ^
libgag/include/SDLGraphicContext.h:662:16: warning: 'drawAlphaMap' overrides a member function but is not marked 'override' [-Winconsistent-missing-override]
  662 |                 virtual void drawAlphaMap(const std::valarray<unsigned char> &map, int mapW, int mapH, int x, int y, int cellW, int cellH, const Color &color);
      |                              ^
libgag/include/SDLGraphicContext.h:294:16: note: overridden virtual function is here
  294 |                 virtual void drawAlphaMap(const std::valarray<unsigned char> &map, int mapW, int mapH, int x, int y, int cellW, int cellH, const Color &color);
      |                              ^
libgag/include/SDLGraphicContext.h:665:16: warning: 'drawPixel' overrides a member function but is not marked 'override' [-Winconsistent-missing-override]
  665 |                 virtual void drawPixel(int x, int y, Uint8 r, Uint8 g, Uint8 b, Uint8 a = Color::ALPHA_OPAQUE);
      |                              ^
libgag/include/SDLGraphicContext.h:297:16: note: overridden virtual function is here
  297 |                 virtual void drawPixel(int x, int y, Uint8 r, Uint8 g, Uint8 b, Uint8 a = Color::ALPHA_OPAQUE);
      |                              ^
libgag/include/SDLGraphicContext.h:666:16: warning: 'drawRect' overrides a member function but is not marked 'override' [-Winconsistent-missing-override]
  666 |                 virtual void drawRect(int x, int y, int w, int h, Uint8 r, Uint8 g, Uint8 b, Uint8 a = Color::ALPHA_OPAQUE);
      |                              ^
libgag/include/SDLGraphicContext.h:298:16: note: overridden virtual function is here
  298 |                 virtual void drawRect(int x, int y, int w, int h, Uint8 r, Uint8 g, Uint8 b, Uint8 a = Color::ALPHA_OPAQUE);
      |                              ^
libgag/include/SDLGraphicContext.h:667:16: warning: 'drawFilledRect' overrides a member function but is not marked 'override' [-Winconsistent-missing-override]
  667 |                 virtual void drawFilledRect(int x, int y, int w, int h, Uint8 r, Uint8 g, Uint8 b, Uint8 a = Color::ALPHA_OPAQUE);
      |                              ^
libgag/include/SDLGraphicContext.h:299:16: note: overridden virtual function is here
  299 |                 virtual void drawFilledRect(int x, int y, int w, int h, Uint8 r, Uint8 g, Uint8 b, Uint8 a = Color::ALPHA_OPAQUE);
      |                              ^
libgag/include/SDLGraphicContext.h:668:16: warning: 'drawVertLine' overrides a member function but is not marked 'override' [-Winconsistent-missing-override]
  668 |                 virtual void drawVertLine(int x, int y, int l, Uint8 r, Uint8 g, Uint8 b, Uint8 a = Color::ALPHA_OPAQUE);
      |                              ^
libgag/include/SDLGraphicContext.h:300:16: note: overridden virtual function is here
  300 |                 virtual void drawVertLine(int x, int y, int l, Uint8 r, Uint8 g, Uint8 b, Uint8 a = Color::ALPHA_OPAQUE);
      |                              ^
libgag/include/SDLGraphicContext.h:669:16: warning: 'drawVertLine' overrides a member function but is not marked 'override' [-Winconsistent-missing-override]
  669 |                 virtual void drawVertLine(int x, int y, int l, const Color& color);
      |                              ^
libgag/include/SDLGraphicContext.h:301:16: note: overridden virtual function is here
  301 |                 virtual void drawVertLine(int x, int y, int l, const Color& color);
      |                              ^
libgag/include/SDLGraphicContext.h:670:16: warning: 'drawHorzLine' overrides a member function but is not marked 'override' [-Winconsistent-missing-override]
  670 |                 virtual void drawHorzLine(int x, int y, int l, Uint8 r, Uint8 g, Uint8 b, Uint8 a = Color::ALPHA_OPAQUE);
      |                              ^
libgag/include/SDLGraphicContext.h:302:16: note: overridden virtual function is here
  302 |                 virtual void drawHorzLine(int x, int y, int l, Uint8 r, Uint8 g, Uint8 b, Uint8 a = Color::ALPHA_OPAQUE);
      |                              ^
libgag/include/SDLGraphicContext.h:671:16: warning: 'drawHorzLine' overrides a member function but is not marked 'override' [-Winconsistent-missing-override]
  671 |                 virtual void drawHorzLine(int x, int y, int l, const Color& color);
      |                              ^
libgag/include/SDLGraphicContext.h:303:16: note: overridden virtual function is here
  303 |                 virtual void drawHorzLine(int x, int y, int l, const Color& color);
      |                              ^
libgag/include/SDLGraphicContext.h:672:16: warning: 'drawLine' overrides a member function but is not marked 'override' [-Winconsistent-missing-override]
  672 |                 virtual void drawLine(int x1, int y1, int x2, int y2, Uint8 r, Uint8 g, Uint8 b, Uint8 a = Color::ALPHA_OPAQUE);
      |                              ^
libgag/include/SDLGraphicContext.h:304:16: note: overridden virtual function is here
  304 |                 virtual void drawLine(int x1, int y1, int x2, int y2, Uint8 r, Uint8 g, Uint8 b, Uint8 a = Color::ALPHA_OPAQUE);
      |                              ^
libgag/include/SDLGraphicContext.h:673:16: warning: 'drawCircle' overrides a member function but is not marked 'override' [-Winconsistent-missing-override]
  673 |                 virtual void drawCircle(int x, int y, int radius, Uint8 r, Uint8 g, Uint8 b, Uint8 a = Color::ALPHA_OPAQUE);
      |                              ^
libgag/include/SDLGraphicContext.h:305:16: note: overridden virtual function is here
  305 |                 virtual void drawCircle(int x, int y, int radius, Uint8 r, Uint8 g, Uint8 b, Uint8 a = Color::ALPHA_OPAQUE);
      |                              ^
36 warnings generated.
/opt/homebrew/bin/ccache g++ -o build/darwin/client/release/src/engine/EngineLoaders.o -c -g -std=gnu++20 -Wall -fPIC -O3 -DGLOB2_OFFICIAL_INSTANCE_ORIGIN=\"https://app.glob2online.com\" -DGLOB2_OFFICIAL_INSTANCE_FORMER_ORIGINS=\"https://glob2online.com\" -DHAVE_CONFIG_H -DGL_SILENCE_DEPRECATION -Ibuild/darwin/client/release/recording/prefix/include -I/Users/bradley/glob2/artifacts/recording-sdl3/prefix/include -Ibuild/darwin/client/release/include -I/opt/homebrew/include -Ilibgag/include -I. -Ilibusl/src -Isrc -Isrc/ai -Isrc/hud -Isrc/app -Isrc/game/player -Isrc/team -Isrc/common -Isrc/map -Isrc/game -Isrc/campaign -Isrc/campaign/screens -Isrc/replay -Isrc/game/screens -Isrc/render/clouds -Isrc/ui/screens -Isrc/game/rules -Isrc/game/diagnostics -Isrc/map/editor/screens -Isrc/engine -Isrc/ui -Isrc/map/preview -Isrc/app/cli -Isrc/net/lan/screens -Isrc/online -Isrc/map/tools -Isrc/scripting/map -Isrc/render/overlay -Isrc/audio -Isrc/online/screens -Isrc/game/orders -Isrc/resource -Isrc/ui/settings -Isrc/team/stats -Isrc/render/torus -Isrc/ai/simple -Isrc/ai/castor -Isrc/ai/javascript -Isrc/ai/nicowar -Isrc/ai/numbi -Isrc/ai/telemetry -Isrc/ai/warrush -Isrc/ai/maxima -Isrc/building -Isrc/building/types -Isrc/unit/types -Isrc/building/hud -Isrc/net -Isrc/hud/draw -Isrc/hud/input -Isrc/hud/touch -Isrc/net/turn -Isrc/unit -Isrc/map/editor -Isrc/map/generator -Isrc/map/generator/compatibility -Isrc/map/generator/core -Isrc/map/generator/generators -Isrc/map/generator/shared -Isrc/map/generator/shared/legacy -Isrc/map/gradient -Isrc/map/io -Isrc/net/lan -Isrc/net/message -Isrc/scripting/sgsl -Ithird_party/nlohmann-json/include -Ithird_party/quickjs-ng src/engine/EngineLoaders.cpp
In file included from src/hud/touch/GameGUITouchHarness.cpp:3:
In file included from test/support/EngineFixtures.h:9:
In file included from src/game/Game.h:12:
In file included from src/map/Map.h:21:
In file included from src/team/Team.h:16:
In file included from src/game/GameEvent.h:9:
In file included from libgag/include/GraphicContext.h:6:
libgag/include/SDLGraphicContext.h:520:16: warning: 'setRes' overrides a member function but is not marked 'override' [-Winconsistent-missing-override]
  520 |                 virtual void setRes(int w, int h) { setRes(w, h, optionFlags); }
      |                              ^
libgag/include/SDLGraphicContext.h:228:16: note: overridden virtual function is here
  228 |                 virtual void setRes(int w, int h);
      |                              ^
libgag/include/SDLGraphicContext.h:596:16: warning: 'setClipRect' overrides a member function but is not marked 'override' [-Winconsistent-missing-override]
  596 |                 virtual void setClipRect(int x, int y, int w, int h);
      |                              ^
libgag/include/SDLGraphicContext.h:230:16: note: overridden virtual function is here
  230 |                 virtual void setClipRect(int x, int y, int w, int h);
      |                              ^
libgag/include/SDLGraphicContext.h:597:16: warning: 'setClipRect' overrides a member function but is not marked 'override' [-Winconsistent-missing-override]
  597 |                 virtual void setClipRect(void);
      |                              ^
libgag/include/SDLGraphicContext.h:231:16: note: overridden virtual function is here
  231 |                 virtual void setClipRect(void);
      |                              ^
libgag/include/SDLGraphicContext.h:602:22: warning: 'nextFrame' overrides a member function but is not marked 'override' [-Winconsistent-missing-override]
  602 |         virtual void nextFrame(void);
      |                      ^
libgag/include/SDLGraphicContext.h:232:16: note: overridden virtual function is here
  232 |                 virtual void nextFrame(void) { flushTextPictures(); }
      |                              ^
libgag/include/SDLGraphicContext.h:604:16: warning: 'loadImage' overrides a member function but is not marked 'override' [-Winconsistent-missing-override]
  604 |                 virtual bool loadImage(const std::string name) { return false; }
      |                              ^
libgag/include/SDLGraphicContext.h:233:16: note: overridden virtual function is here
  233 |                 virtual bool loadImage(const std::string name);
      |                              ^
libgag/include/SDLGraphicContext.h:608:16: warning: 'shiftHSV' overrides a member function but is not marked 'override' [-Winconsistent-missing-override]
  608 |                 virtual void shiftHSV(float hue, float sat, float lum) { }
      |                              ^
libgag/include/SDLGraphicContext.h:234:16: note: overridden virtual function is here
  234 |                 virtual void shiftHSV(float hue, float sat, float lum);
      |                              ^
libgag/include/SDLGraphicContext.h:611:16: warning: 'canDrawStretchedSprite' overrides a member function but is not marked 'override' [-Winconsistent-missing-override]
  611 |                 virtual bool canDrawStretchedSprite(void) { return hasPortableRenderer() || (optionFlags & USEGPU) != 0; }
      |                              ^
libgag/include/SDLGraphicContext.h:252:16: note: overridden virtual function is here
  252 |                 virtual bool canDrawStretchedSprite(void) { return false; }
      |                              ^
libgag/include/SDLGraphicContext.h:613:16: warning: 'drawPixel' overrides a member function but is not marked 'override' [-Winconsistent-missing-override]
  613 |                 virtual void drawPixel(int x, int y, const Color& color);
      |                              ^
libgag/include/SDLGraphicContext.h:255:16: note: overridden virtual function is here
  255 |                 virtual void drawPixel(int x, int y, const Color& color);
      |                              ^
libgag/include/SDLGraphicContext.h:614:16: warning: 'drawPixel' overrides a member function but is not marked 'override' [-Winconsistent-missing-override]
  614 |                 virtual void drawPixel(float x, float y, const Color& color);
      |                              ^
libgag/include/SDLGraphicContext.h:256:16: note: overridden virtual function is here
  256 |                 virtual void drawPixel(float x, float y, const Color& color);
      |                              ^
libgag/include/SDLGraphicContext.h:616:16: warning: 'drawRect' overrides a member function but is not marked 'override' [-Winconsistent-missing-override]
  616 |                 virtual void drawRect(int x, int y, int w, int h, const Color& color);
      |                              ^
libgag/include/SDLGraphicContext.h:258:16: note: overridden virtual function is here
  258 |                 virtual void drawRect(int x, int y, int w, int h, const Color& color);
      |                              ^
libgag/include/SDLGraphicContext.h:617:16: warning: 'drawRect' overrides a member function but is not marked 'override' [-Winconsistent-missing-override]
  617 |                 virtual void drawRect(float x, float y, float w, float h, const Color& color);
      |                              ^
libgag/include/SDLGraphicContext.h:259:16: note: overridden virtual function is here
  259 |                 virtual void drawRect(float x, float y, float w, float h, const Color& color);
      |                              ^
libgag/include/SDLGraphicContext.h:619:16: warning: 'drawFilledRect' overrides a member function but is not marked 'override' [-Winconsistent-missing-override]
  619 |                 virtual void drawFilledRect(int x, int y, int w, int h, const Color& color);
      |                              ^
libgag/include/SDLGraphicContext.h:261:16: note: overridden virtual function is here
  261 |                 virtual void drawFilledRect(int x, int y, int w, int h, const Color& color);
      |                              ^
libgag/include/SDLGraphicContext.h:620:16: warning: 'drawFilledRect' overrides a member function but is not marked 'override' [-Winconsistent-missing-override]
  620 |                 virtual void drawFilledRect(float x, float y, float w, float h, const Color& color);
      |                              ^
libgag/include/SDLGraphicContext.h:262:16: note: overridden virtual function is here
  262 |                 virtual void drawFilledRect(float x, float y, float w, float h, const Color& color);
      |                              ^
libgag/include/SDLGraphicContext.h:622:16: warning: 'drawLine' overrides a member function but is not marked 'override' [-Winconsistent-missing-override]
  622 |                 virtual void drawLine(int x1, int y1, int x2, int y2, const Color& color);
      |                              ^
libgag/include/SDLGraphicContext.h:264:16: note: overridden virtual function is here
  264 |                 virtual void drawLine(int x1, int y1, int x2, int y2, const Color& color);
      |                              ^
libgag/include/SDLGraphicContext.h:623:16: warning: 'drawLine' overrides a member function but is not marked 'override' [-Winconsistent-missing-override]
  623 |                 virtual void drawLine(float x1, float y1, float x2, float y2, const Color& color);
      |                              ^
libgag/include/SDLGraphicContext.h:265:16: note: overridden virtual function is here
  265 |                 virtual void drawLine(float x1, float y1, float x2, float y2, const Color& color);
      |                              ^
libgag/include/SDLGraphicContext.h:625:16: warning: 'drawCircle' overrides a member function but is not marked 'override' [-Winconsistent-missing-override]
  625 |                 virtual void drawCircle(int x, int y, int radius, const Color& color);
      |                              ^
libgag/include/SDLGraphicContext.h:267:16: note: overridden virtual function is here
  267 |                 virtual void drawCircle(int x, int y, int radius, const Color& color);
      |                              ^
libgag/include/SDLGraphicContext.h:626:16: warning: 'drawCircle' overrides a member function but is not marked 'override' [-Winconsistent-missing-override]
  626 |                 virtual void drawCircle(float x, float y, float radius, const Color& color);
      |                              ^
libgag/include/SDLGraphicContext.h:268:16: note: overridden virtual function is here
  268 |                 virtual void drawCircle(float x, float y, float radius, const Color& color);
      |                              ^
libgag/include/SDLGraphicContext.h:628:16: warning: 'drawSurface' overrides a member function but is not marked 'override' [-Winconsistent-missing-override]
  628 |                 virtual void drawSurface(int x, int y, DrawableSurface *surface, Uint8 alpha = Color::ALPHA_OPAQUE);
      |                              ^
libgag/include/SDLGraphicContext.h:270:16: note: overridden virtual function is here
  270 |                 virtual void drawSurface(int x, int y, DrawableSurface *surface, Uint8 alpha = Color::ALPHA_OPAQUE);
      |                              ^
libgag/include/SDLGraphicContext.h:629:16: warning: 'drawSurface' overrides a member function but is not marked 'override' [-Winconsistent-missing-override]
  629 |                 virtual void drawSurface(float x, float y, DrawableSurface *surface, Uint8 alpha = Color::ALPHA_OPAQUE);
      |                              ^
libgag/include/SDLGraphicContext.h:271:16: note: overridden virtual function is here
  271 |                 virtual void drawSurface(float x, float y, DrawableSurface *surface, Uint8 alpha = Color::ALPHA_OPAQUE);
      |                              ^
libgag/include/SDLGraphicContext.h:631:16: warning: 'drawSurface' overrides a member function but is not marked 'override' [-Winconsistent-missing-override]
  631 |                 virtual void drawSurface(int x, int y, int w, int h, DrawableSurface *surface, Uint8 alpha = Color::ALPHA_OPAQUE);
      |                              ^
libgag/include/SDLGraphicContext.h:273:16: note: overridden virtual function is here
  273 |                 virtual void drawSurface(int x, int y, int w, int h, DrawableSurface *surface, Uint8 alpha = Color::ALPHA_OPAQUE);
      |                              ^
libgag/include/SDLGraphicContext.h:632:16: warning: 'drawSurface' overrides a member function but is not marked 'override' [-Winconsistent-missing-override]
  632 |                 virtual void drawSurface(float x, float y, float w, float h, DrawableSurface *surface, Uint8 alpha = Color::ALPHA_OPAQUE);
      |                              ^
libgag/include/SDLGraphicContext.h:274:16: note: overridden virtual function is here
  274 |                 virtual void drawSurface(float x, float y, float w, float h, DrawableSurface *surface, Uint8 alpha = Color::ALPHA_OPAQUE);
      |                              ^
libgag/include/SDLGraphicContext.h:634:16: warning: 'drawSurface' overrides a member function but is not marked 'override' [-Winconsistent-missing-override]
  634 |                 virtual void drawSurface(int x, int y, DrawableSurface *surface, int sx, int sy, int sw, int sh, Uint8 alpha = Color::ALPHA_OPAQUE);
      |                              ^
libgag/include/SDLGraphicContext.h:276:16: note: overridden virtual function is here
  276 |                 virtual void drawSurface(int x, int y, DrawableSurface *surface, int sx, int sy, int sw, int sh, Uint8 alpha = Color::ALPHA_OPAQUE);
      |                              ^
libgag/include/SDLGraphicContext.h:635:16: warning: 'drawSurface' overrides a member function but is not marked 'override' [-Winconsistent-missing-override]
  635 |                 virtual void drawSurface(float x, float y, DrawableSurface *surface, int sx, int sy, int sw, int sh, Uint8 alpha = Color::ALPHA_OPAQUE);
      |                              ^
libgag/include/SDLGraphicContext.h:277:16: note: overridden virtual function is here
  277 |                 virtual void drawSurface(float x, float y, DrawableSurface *surface, int sx, int sy, int sw, int sh, Uint8 alpha = Color::ALPHA_OPAQUE);
      |                              ^
libgag/include/SDLGraphicContext.h:637:16: warning: 'drawSurface' overrides a member function but is not marked 'override' [-Winconsistent-missing-override]
  637 |                 virtual void drawSurface(int x, int y, int w, int h, DrawableSurface *surface, int sx, int sy, int sw, int sh,  Uint8 alpha = Color::ALPHA_OPAQUE);
      |                              ^
libgag/include/SDLGraphicContext.h:279:16: note: overridden virtual function is here
  279 |                 virtual void drawSurface(int x, int y, int w, int h, DrawableSurface *surface, int sx, int sy, int sw, int sh,  Uint8 alpha = Color::ALPHA_OPAQUE);
      |                              ^
libgag/include/SDLGraphicContext.h:638:16: warning: 'drawSurface' overrides a member function but is not marked 'override' [-Winconsistent-missing-override]
  638 |                 virtual void drawSurface(float x, float y, float w, float h, DrawableSurface *surface, int sx, int sy, int sw, int sh, Uint8 alpha = Color::ALPHA_OPAQUE);
      |                              ^
libgag/include/SDLGraphicContext.h:280:16: note: overridden virtual function is here
  280 |                 virtual void drawSurface(float x, float y, float w, float h, DrawableSurface *surface, int sx, int sy, int sw, int sh, Uint8 alpha = Color::ALPHA_OPAQUE);
      |                              ^
libgag/include/SDLGraphicContext.h:661:16: warning: 'drawAlphaMap' overrides a member function but is not marked 'override' [-Winconsistent-missing-override]
  661 |                 virtual void drawAlphaMap(const std::valarray<float> &map, int mapW, int mapH, int x, int y, int cellW, int cellH, const Color &color);
      |                              ^
libgag/include/SDLGraphicContext.h:293:16: note: overridden virtual function is here
  293 |                 virtual void drawAlphaMap(const std::valarray<float> &map, int mapW, int mapH, int x, int y, int cellW, int cellH, const Color &color);
      |                              ^
libgag/include/SDLGraphicContext.h:662:16: warning: 'drawAlphaMap' overrides a member function but is not marked 'override' [-Winconsistent-missing-override]
  662 |                 virtual void drawAlphaMap(const std::valarray<unsigned char> &map, int mapW, int mapH, int x, int y, int cellW, int cellH, const Color &color);
      |                              ^
libgag/include/SDLGraphicContext.h:294:16: note: overridden virtual function is here
  294 |                 virtual void drawAlphaMap(const std::valarray<unsigned char> &map, int mapW, int mapH, int x, int y, int cellW, int cellH, const Color &color);
      |                              ^
libgag/include/SDLGraphicContext.h:665:16: warning: 'drawPixel' overrides a member function but is not marked 'override' [-Winconsistent-missing-override]
  665 |                 virtual void drawPixel(int x, int y, Uint8 r, Uint8 g, Uint8 b, Uint8 a = Color::ALPHA_OPAQUE);
      |                              ^
libgag/include/SDLGraphicContext.h:297:16: note: overridden virtual function is here
  297 |                 virtual void drawPixel(int x, int y, Uint8 r, Uint8 g, Uint8 b, Uint8 a = Color::ALPHA_OPAQUE);
      |                              ^
libgag/include/SDLGraphicContext.h:666:16: warning: 'drawRect' overrides a member function but is not marked 'override' [-Winconsistent-missing-override]
  666 |                 virtual void drawRect(int x, int y, int w, int h, Uint8 r, Uint8 g, Uint8 b, Uint8 a = Color::ALPHA_OPAQUE);
      |                              ^
libgag/include/SDLGraphicContext.h:298:16: note: overridden virtual function is here
  298 |                 virtual void drawRect(int x, int y, int w, int h, Uint8 r, Uint8 g, Uint8 b, Uint8 a = Color::ALPHA_OPAQUE);
      |                              ^
libgag/include/SDLGraphicContext.h:667:16: warning: 'drawFilledRect' overrides a member function but is not marked 'override' [-Winconsistent-missing-override]
  667 |                 virtual void drawFilledRect(int x, int y, int w, int h, Uint8 r, Uint8 g, Uint8 b, Uint8 a = Color::ALPHA_OPAQUE);
      |                              ^
libgag/include/SDLGraphicContext.h:299:16: note: overridden virtual function is here
  299 |                 virtual void drawFilledRect(int x, int y, int w, int h, Uint8 r, Uint8 g, Uint8 b, Uint8 a = Color::ALPHA_OPAQUE);
      |                              ^
libgag/include/SDLGraphicContext.h:668:16: warning: 'drawVertLine' overrides a member function but is not marked 'override' [-Winconsistent-missing-override]
  668 |                 virtual void drawVertLine(int x, int y, int l, Uint8 r, Uint8 g, Uint8 b, Uint8 a = Color::ALPHA_OPAQUE);
      |                              ^
libgag/include/SDLGraphicContext.h:300:16: note: overridden virtual function is here
  300 |                 virtual void drawVertLine(int x, int y, int l, Uint8 r, Uint8 g, Uint8 b, Uint8 a = Color::ALPHA_OPAQUE);
      |                              ^
libgag/include/SDLGraphicContext.h:669:16: warning: 'drawVertLine' overrides a member function but is not marked 'override' [-Winconsistent-missing-override]
  669 |                 virtual void drawVertLine(int x, int y, int l, const Color& color);
      |                              ^
libgag/include/SDLGraphicContext.h:301:16: note: overridden virtual function is here
  301 |                 virtual void drawVertLine(int x, int y, int l, const Color& color);
      |                              ^
libgag/include/SDLGraphicContext.h:670:16: warning: 'drawHorzLine' overrides a member function but is not marked 'override' [-Winconsistent-missing-override]
  670 |                 virtual void drawHorzLine(int x, int y, int l, Uint8 r, Uint8 g, Uint8 b, Uint8 a = Color::ALPHA_OPAQUE);
      |                              ^
libgag/include/SDLGraphicContext.h:302:16: note: overridden virtual function is here
  302 |                 virtual void drawHorzLine(int x, int y, int l, Uint8 r, Uint8 g, Uint8 b, Uint8 a = Color::ALPHA_OPAQUE);
      |                              ^
libgag/include/SDLGraphicContext.h:671:16: warning: 'drawHorzLine' overrides a member function but is not marked 'override' [-Winconsistent-missing-override]
  671 |                 virtual void drawHorzLine(int x, int y, int l, const Color& color);
      |                              ^
libgag/include/SDLGraphicContext.h:303:16: note: overridden virtual function is here
  303 |                 virtual void drawHorzLine(int x, int y, int l, const Color& color);
      |                              ^
libgag/include/SDLGraphicContext.h:672:16: warning: 'drawLine' overrides a member function but is not marked 'override' [-Winconsistent-missing-override]
  672 |                 virtual void drawLine(int x1, int y1, int x2, int y2, Uint8 r, Uint8 g, Uint8 b, Uint8 a = Color::ALPHA_OPAQUE);
      |                              ^
libgag/include/SDLGraphicContext.h:304:16: note: overridden virtual function is here
  304 |                 virtual void drawLine(int x1, int y1, int x2, int y2, Uint8 r, Uint8 g, Uint8 b, Uint8 a = Color::ALPHA_OPAQUE);
      |                              ^
libgag/include/SDLGraphicContext.h:673:16: warning: 'drawCircle' overrides a member function but is not marked 'override' [-Winconsistent-missing-override]
  673 |                 virtual void drawCircle(int x, int y, int radius, Uint8 r, Uint8 g, Uint8 b, Uint8 a = Color::ALPHA_OPAQUE);
      |                              ^
libgag/include/SDLGraphicContext.h:305:16: note: overridden virtual function is here
  305 |                 virtual void drawCircle(int x, int y, int radius, Uint8 r, Uint8 g, Uint8 b, Uint8 a = Color::ALPHA_OPAQUE);
      |                              ^
In file included from src/hud/touch/GameGUITouchHarness.cpp:32:
In file included from libusl/src/usl.h:4:
libusl/src/types.h:106:15: warning: 'dumpSpecific' overrides a member function but is not marked 'override' [-Winconsistent-missing-override]
  106 |         virtual void dumpSpecific(std::ostream& stream) const
      |                      ^
libusl/src/types.h:73:15: note: overridden virtual function is here
   73 |         virtual void dumpSpecific(std::ostream& stream) const
      |                      ^
In file included from src/hud/touch/GameGUITouchHarness.cpp:33:
In file included from libusl/src/native.h:7:
libusl/src/code.h:28:15: warning: 'execute' overrides a member function but is not marked 'override' [-Winconsistent-missing-override]
   28 |         virtual void execute(Thread* thread);
      |                      ^
libusl/src/code.h:18:15: note: overridden virtual function is here
   18 |         virtual void execute(Thread* thread) = 0;
      |                      ^
libusl/src/code.h:30:15: warning: 'dumpSpecific' overrides a member function but is not marked 'override' [-Winconsistent-missing-override]
   30 |         virtual void dumpSpecific(std::ostream &stream) const;
      |                      ^
libusl/src/code.h:21:15: note: overridden virtual function is here
   21 |         virtual void dumpSpecific(std::ostream &stream) const {};
      |                      ^
In file included from src/hud/touch/GameGUITouchHarness.cpp:42:
src/map/editor/MapEdit.h:26:9: warning: 'RIGHT_MENU_WIDTH' macro redefined [-Wmacro-redefined]
   26 | #define RIGHT_MENU_WIDTH 160
      |         ^
src/hud/GameGUIInternal.h:78:9: note: previous definition is here
   78 | #define RIGHT_MENU_WIDTH GAME_GUI_RIGHT_MENU_WIDTH
      |         ^
In file included from src/hud/touch/GameGUITouchHarness.cpp:42:
src/map/editor/MapEdit.h:27:9: warning: 'RIGHT_MENU_OFFSET' macro redefined [-Wmacro-redefined]
   27 | #define RIGHT_MENU_OFFSET (160-128)/2
      |         ^
src/hud/GameGUIInternal.h:80:9: note: previous definition is here
   80 | #define RIGHT_MENU_OFFSET ((RIGHT_MENU_WIDTH -128)/2)
      |         ^
41 warnings generated.
/opt/homebrew/bin/ccache g++ -o build/darwin/client/release/src/engine/EngineRun.o -c -g -std=gnu++20 -Wall -fPIC -O3 -DGLOB2_OFFICIAL_INSTANCE_ORIGIN=\"https://app.glob2online.com\" -DGLOB2_OFFICIAL_INSTANCE_FORMER_ORIGINS=\"https://glob2online.com\" -DHAVE_CONFIG_H -DGL_SILENCE_DEPRECATION -Ibuild/darwin/client/release/recording/prefix/include -I/Users/bradley/glob2/artifacts/recording-sdl3/prefix/include -Ibuild/darwin/client/release/include -I/opt/homebrew/include -Ilibgag/include -I. -Ilibusl/src -Isrc -Isrc/ai -Isrc/hud -Isrc/app -Isrc/game/player -Isrc/team -Isrc/common -Isrc/map -Isrc/game -Isrc/campaign -Isrc/campaign/screens -Isrc/replay -Isrc/game/screens -Isrc/render/clouds -Isrc/ui/screens -Isrc/game/rules -Isrc/game/diagnostics -Isrc/map/editor/screens -Isrc/engine -Isrc/ui -Isrc/map/preview -Isrc/app/cli -Isrc/net/lan/screens -Isrc/online -Isrc/map/tools -Isrc/scripting/map -Isrc/render/overlay -Isrc/audio -Isrc/online/screens -Isrc/game/orders -Isrc/resource -Isrc/ui/settings -Isrc/team/stats -Isrc/render/torus -Isrc/ai/simple -Isrc/ai/castor -Isrc/ai/javascript -Isrc/ai/nicowar -Isrc/ai/numbi -Isrc/ai/telemetry -Isrc/ai/warrush -Isrc/ai/maxima -Isrc/building -Isrc/building/types -Isrc/unit/types -Isrc/building/hud -Isrc/net -Isrc/hud/draw -Isrc/hud/input -Isrc/hud/touch -Isrc/net/turn -Isrc/unit -Isrc/map/editor -Isrc/map/generator -Isrc/map/generator/compatibility -Isrc/map/generator/core -Isrc/map/generator/generators -Isrc/map/generator/shared -Isrc/map/generator/shared/legacy -Isrc/map/gradient -Isrc/map/io -Isrc/net/lan -Isrc/net/message -Isrc/scripting/sgsl -Ithird_party/nlohmann-json/include -Ithird_party/quickjs-ng src/engine/EngineRun.cpp
In file included from src/game/screens/CustomGameSetupHarness.cpp:14:
In file included from src/game/screens/CustomGameScreen.h:4:
In file included from src/game/rules/CustomGameSetup.h:4:
In file included from src/game/GameHeader.h:6:
In file included from src/game/player/BasePlayer.h:9:
In file included from src/team/Team.h:16:
In file included from src/game/GameEvent.h:9:
In file included from libgag/include/GraphicContext.h:6:
libgag/include/SDLGraphicContext.h:520:16: warning: 'setRes' overrides a member function but is not marked 'override' [-Winconsistent-missing-override]
  520 |                 virtual void setRes(int w, int h) { setRes(w, h, optionFlags); }
      |                              ^
libgag/include/SDLGraphicContext.h:228:16: note: overridden virtual function is here
  228 |                 virtual void setRes(int w, int h);
      |                              ^
libgag/include/SDLGraphicContext.h:596:16: warning: 'setClipRect' overrides a member function but is not marked 'override' [-Winconsistent-missing-override]
  596 |                 virtual void setClipRect(int x, int y, int w, int h);
      |                              ^
libgag/include/SDLGraphicContext.h:230:16: note: overridden virtual function is here
  230 |                 virtual void setClipRect(int x, int y, int w, int h);
      |                              ^
libgag/include/SDLGraphicContext.h:597:16: warning: 'setClipRect' overrides a member function but is not marked 'override' [-Winconsistent-missing-override]
  597 |                 virtual void setClipRect(void);
      |                              ^
libgag/include/SDLGraphicContext.h:231:16: note: overridden virtual function is here
  231 |                 virtual void setClipRect(void);
      |                              ^
libgag/include/SDLGraphicContext.h:602:22: warning: 'nextFrame' overrides a member function but is not marked 'override' [-Winconsistent-missing-override]
  602 |         virtual void nextFrame(void);
      |                      ^
libgag/include/SDLGraphicContext.h:232:16: note: overridden virtual function is here
  232 |                 virtual void nextFrame(void) { flushTextPictures(); }
      |                              ^
libgag/include/SDLGraphicContext.h:604:16: warning: 'loadImage' overrides a member function but is not marked 'override' [-Winconsistent-missing-override]
  604 |                 virtual bool loadImage(const std::string name) { return false; }
      |                              ^
libgag/include/SDLGraphicContext.h:233:16: note: overridden virtual function is here
  233 |                 virtual bool loadImage(const std::string name);
      |                              ^
libgag/include/SDLGraphicContext.h:608:16: warning: 'shiftHSV' overrides a member function but is not marked 'override' [-Winconsistent-missing-override]
  608 |                 virtual void shiftHSV(float hue, float sat, float lum) { }
      |                              ^
libgag/include/SDLGraphicContext.h:234:16: note: overridden virtual function is here
  234 |                 virtual void shiftHSV(float hue, float sat, float lum);
      |                              ^
libgag/include/SDLGraphicContext.h:611:16: warning: 'canDrawStretchedSprite' overrides a member function but is not marked 'override' [-Winconsistent-missing-override]
  611 |                 virtual bool canDrawStretchedSprite(void) { return hasPortableRenderer() || (optionFlags & USEGPU) != 0; }
      |                              ^
libgag/include/SDLGraphicContext.h:252:16: note: overridden virtual function is here
  252 |                 virtual bool canDrawStretchedSprite(void) { return false; }
      |                              ^
libgag/include/SDLGraphicContext.h:613:16: warning: 'drawPixel' overrides a member function but is not marked 'override' [-Winconsistent-missing-override]
  613 |                 virtual void drawPixel(int x, int y, const Color& color);
      |                              ^
libgag/include/SDLGraphicContext.h:255:16: note: overridden virtual function is here
  255 |                 virtual void drawPixel(int x, int y, const Color& color);
      |                              ^
libgag/include/SDLGraphicContext.h:614:16: warning: 'drawPixel' overrides a member function but is not marked 'override' [-Winconsistent-missing-override]
  614 |                 virtual void drawPixel(float x, float y, const Color& color);
      |                              ^
libgag/include/SDLGraphicContext.h:256:16: note: overridden virtual function is here
  256 |                 virtual void drawPixel(float x, float y, const Color& color);
      |                              ^
libgag/include/SDLGraphicContext.h:616:16: warning: 'drawRect' overrides a member function but is not marked 'override' [-Winconsistent-missing-override]
  616 |                 virtual void drawRect(int x, int y, int w, int h, const Color& color);
      |                              ^
libgag/include/SDLGraphicContext.h:258:16: note: overridden virtual function is here
  258 |                 virtual void drawRect(int x, int y, int w, int h, const Color& color);
      |                              ^
libgag/include/SDLGraphicContext.h:617:16: warning: 'drawRect' overrides a member function but is not marked 'override' [-Winconsistent-missing-override]
  617 |                 virtual void drawRect(float x, float y, float w, float h, const Color& color);
      |                              ^
libgag/include/SDLGraphicContext.h:259:16: note: overridden virtual function is here
  259 |                 virtual void drawRect(float x, float y, float w, float h, const Color& color);
      |                              ^
libgag/include/SDLGraphicContext.h:619:16: warning: 'drawFilledRect' overrides a member function but is not marked 'override' [-Winconsistent-missing-override]
  619 |                 virtual void drawFilledRect(int x, int y, int w, int h, const Color& color);
      |                              ^
libgag/include/SDLGraphicContext.h:261:16: note: overridden virtual function is here
  261 |                 virtual void drawFilledRect(int x, int y, int w, int h, const Color& color);
      |                              ^
libgag/include/SDLGraphicContext.h:620:16: warning: 'drawFilledRect' overrides a member function but is not marked 'override' [-Winconsistent-missing-override]
  620 |                 virtual void drawFilledRect(float x, float y, float w, float h, const Color& color);
      |                              ^
libgag/include/SDLGraphicContext.h:262:16: note: overridden virtual function is here
  262 |                 virtual void drawFilledRect(float x, float y, float w, float h, const Color& color);
      |                              ^
libgag/include/SDLGraphicContext.h:622:16: warning: 'drawLine' overrides a member function but is not marked 'override' [-Winconsistent-missing-override]
  622 |                 virtual void drawLine(int x1, int y1, int x2, int y2, const Color& color);
      |                              ^
libgag/include/SDLGraphicContext.h:264:16: note: overridden virtual function is here
  264 |                 virtual void drawLine(int x1, int y1, int x2, int y2, const Color& color);
      |                              ^
libgag/include/SDLGraphicContext.h:623:16: warning: 'drawLine' overrides a member function but is not marked 'override' [-Winconsistent-missing-override]
  623 |                 virtual void drawLine(float x1, float y1, float x2, float y2, const Color& color);
      |                              ^
libgag/include/SDLGraphicContext.h:265:16: note: overridden virtual function is here
  265 |                 virtual void drawLine(float x1, float y1, float x2, float y2, const Color& color);
      |                              ^
libgag/include/SDLGraphicContext.h:625:16: warning: 'drawCircle' overrides a member function but is not marked 'override' [-Winconsistent-missing-override]
  625 |                 virtual void drawCircle(int x, int y, int radius, const Color& color);
      |                              ^
libgag/include/SDLGraphicContext.h:267:16: note: overridden virtual function is here
  267 |                 virtual void drawCircle(int x, int y, int radius, const Color& color);
      |                              ^
libgag/include/SDLGraphicContext.h:626:16: warning: 'drawCircle' overrides a member function but is not marked 'override' [-Winconsistent-missing-override]
  626 |                 virtual void drawCircle(float x, float y, float radius, const Color& color);
      |                              ^
libgag/include/SDLGraphicContext.h:268:16: note: overridden virtual function is here
  268 |                 virtual void drawCircle(float x, float y, float radius, const Color& color);
      |                              ^
libgag/include/SDLGraphicContext.h:628:16: warning: 'drawSurface' overrides a member function but is not marked 'override' [-Winconsistent-missing-override]
  628 |                 virtual void drawSurface(int x, int y, DrawableSurface *surface, Uint8 alpha = Color::ALPHA_OPAQUE);
      |                              ^
libgag/include/SDLGraphicContext.h:270:16: note: overridden virtual function is here
  270 |                 virtual void drawSurface(int x, int y, DrawableSurface *surface, Uint8 alpha = Color::ALPHA_OPAQUE);
      |                              ^
libgag/include/SDLGraphicContext.h:629:16: warning: 'drawSurface' overrides a member function but is not marked 'override' [-Winconsistent-missing-override]
  629 |                 virtual void drawSurface(float x, float y, DrawableSurface *surface, Uint8 alpha = Color::ALPHA_OPAQUE);
      |                              ^
libgag/include/SDLGraphicContext.h:271:16: note: overridden virtual function is here
  271 |                 virtual void drawSurface(float x, float y, DrawableSurface *surface, Uint8 alpha = Color::ALPHA_OPAQUE);
      |                              ^
libgag/include/SDLGraphicContext.h:631:16: warning: 'drawSurface' overrides a member function but is not marked 'override' [-Winconsistent-missing-override]
  631 |                 virtual void drawSurface(int x, int y, int w, int h, DrawableSurface *surface, Uint8 alpha = Color::ALPHA_OPAQUE);
      |                              ^
libgag/include/SDLGraphicContext.h:273:16: note: overridden virtual function is here
  273 |                 virtual void drawSurface(int x, int y, int w, int h, DrawableSurface *surface, Uint8 alpha = Color::ALPHA_OPAQUE);
      |                              ^
libgag/include/SDLGraphicContext.h:632:16: warning: 'drawSurface' overrides a member function but is not marked 'override' [-Winconsistent-missing-override]
  632 |                 virtual void drawSurface(float x, float y, float w, float h, DrawableSurface *surface, Uint8 alpha = Color::ALPHA_OPAQUE);
      |                              ^
libgag/include/SDLGraphicContext.h:274:16: note: overridden virtual function is here
  274 |                 virtual void drawSurface(float x, float y, float w, float h, DrawableSurface *surface, Uint8 alpha = Color::ALPHA_OPAQUE);
      |                              ^
libgag/include/SDLGraphicContext.h:634:16: warning: 'drawSurface' overrides a member function but is not marked 'override' [-Winconsistent-missing-override]
  634 |                 virtual void drawSurface(int x, int y, DrawableSurface *surface, int sx, int sy, int sw, int sh, Uint8 alpha = Color::ALPHA_OPAQUE);
      |                              ^
libgag/include/SDLGraphicContext.h:276:16: note: overridden virtual function is here
  276 |                 virtual void drawSurface(int x, int y, DrawableSurface *surface, int sx, int sy, int sw, int sh, Uint8 alpha = Color::ALPHA_OPAQUE);
      |                              ^
libgag/include/SDLGraphicContext.h:635:16: warning: 'drawSurface' overrides a member function but is not marked 'override' [-Winconsistent-missing-override]
  635 |                 virtual void drawSurface(float x, float y, DrawableSurface *surface, int sx, int sy, int sw, int sh, Uint8 alpha = Color::ALPHA_OPAQUE);
      |                              ^
libgag/include/SDLGraphicContext.h:277:16: note: overridden virtual function is here
  277 |                 virtual void drawSurface(float x, float y, DrawableSurface *surface, int sx, int sy, int sw, int sh, Uint8 alpha = Color::ALPHA_OPAQUE);
      |                              ^
libgag/include/SDLGraphicContext.h:637:16: warning: 'drawSurface' overrides a member function but is not marked 'override' [-Winconsistent-missing-override]
  637 |                 virtual void drawSurface(int x, int y, int w, int h, DrawableSurface *surface, int sx, int sy, int sw, int sh,  Uint8 alpha = Color::ALPHA_OPAQUE);
      |                              ^
libgag/include/SDLGraphicContext.h:279:16: note: overridden virtual function is here
  279 |                 virtual void drawSurface(int x, int y, int w, int h, DrawableSurface *surface, int sx, int sy, int sw, int sh,  Uint8 alpha = Color::ALPHA_OPAQUE);
      |                              ^
libgag/include/SDLGraphicContext.h:638:16: warning: 'drawSurface' overrides a member function but is not marked 'override' [-Winconsistent-missing-override]
  638 |                 virtual void drawSurface(float x, float y, float w, float h, DrawableSurface *surface, int sx, int sy, int sw, int sh, Uint8 alpha = Color::ALPHA_OPAQUE);
      |                              ^
libgag/include/SDLGraphicContext.h:280:16: note: overridden virtual function is here
  280 |                 virtual void drawSurface(float x, float y, float w, float h, DrawableSurface *surface, int sx, int sy, int sw, int sh, Uint8 alpha = Color::ALPHA_OPAQUE);
      |                              ^
libgag/include/SDLGraphicContext.h:661:16: warning: 'drawAlphaMap' overrides a member function but is not marked 'override' [-Winconsistent-missing-override]
  661 |                 virtual void drawAlphaMap(const std::valarray<float> &map, int mapW, int mapH, int x, int y, int cellW, int cellH, const Color &color);
      |                              ^
libgag/include/SDLGraphicContext.h:293:16: note: overridden virtual function is here
  293 |                 virtual void drawAlphaMap(const std::valarray<float> &map, int mapW, int mapH, int x, int y, int cellW, int cellH, const Color &color);
      |                              ^
libgag/include/SDLGraphicContext.h:662:16: warning: 'drawAlphaMap' overrides a member function but is not marked 'override' [-Winconsistent-missing-override]
  662 |                 virtual void drawAlphaMap(const std::valarray<unsigned char> &map, int mapW, int mapH, int x, int y, int cellW, int cellH, const Color &color);
      |                              ^
libgag/include/SDLGraphicContext.h:294:16: note: overridden virtual function is here
  294 |                 virtual void drawAlphaMap(const std::valarray<unsigned char> &map, int mapW, int mapH, int x, int y, int cellW, int cellH, const Color &color);
      |                              ^
libgag/include/SDLGraphicContext.h:665:16: warning: 'drawPixel' overrides a member function but is not marked 'override' [-Winconsistent-missing-override]
  665 |                 virtual void drawPixel(int x, int y, Uint8 r, Uint8 g, Uint8 b, Uint8 a = Color::ALPHA_OPAQUE);
      |                              ^
libgag/include/SDLGraphicContext.h:297:16: note: overridden virtual function is here
  297 |                 virtual void drawPixel(int x, int y, Uint8 r, Uint8 g, Uint8 b, Uint8 a = Color::ALPHA_OPAQUE);
      |                              ^
libgag/include/SDLGraphicContext.h:666:16: warning: 'drawRect' overrides a member function but is not marked 'override' [-Winconsistent-missing-override]
  666 |                 virtual void drawRect(int x, int y, int w, int h, Uint8 r, Uint8 g, Uint8 b, Uint8 a = Color::ALPHA_OPAQUE);
      |                              ^
libgag/include/SDLGraphicContext.h:298:16: note: overridden virtual function is here
  298 |                 virtual void drawRect(int x, int y, int w, int h, Uint8 r, Uint8 g, Uint8 b, Uint8 a = Color::ALPHA_OPAQUE);
      |                              ^
libgag/include/SDLGraphicContext.h:667:16: warning: 'drawFilledRect' overrides a member function but is not marked 'override' [-Winconsistent-missing-override]
  667 |                 virtual void drawFilledRect(int x, int y, int w, int h, Uint8 r, Uint8 g, Uint8 b, Uint8 a = Color::ALPHA_OPAQUE);
      |                              ^
libgag/include/SDLGraphicContext.h:299:16: note: overridden virtual function is here
  299 |                 virtual void drawFilledRect(int x, int y, int w, int h, Uint8 r, Uint8 g, Uint8 b, Uint8 a = Color::ALPHA_OPAQUE);
      |                              ^
libgag/include/SDLGraphicContext.h:668:16: warning: 'drawVertLine' overrides a member function but is not marked 'override' [-Winconsistent-missing-override]
  668 |                 virtual void drawVertLine(int x, int y, int l, Uint8 r, Uint8 g, Uint8 b, Uint8 a = Color::ALPHA_OPAQUE);
      |                              ^
libgag/include/SDLGraphicContext.h:300:16: note: overridden virtual function is here
  300 |                 virtual void drawVertLine(int x, int y, int l, Uint8 r, Uint8 g, Uint8 b, Uint8 a = Color::ALPHA_OPAQUE);
      |                              ^
libgag/include/SDLGraphicContext.h:669:16: warning: 'drawVertLine' overrides a member function but is not marked 'override' [-Winconsistent-missing-override]
  669 |                 virtual void drawVertLine(int x, int y, int l, const Color& color);
      |                              ^
libgag/include/SDLGraphicContext.h:301:16: note: overridden virtual function is here
  301 |                 virtual void drawVertLine(int x, int y, int l, const Color& color);
      |                              ^
libgag/include/SDLGraphicContext.h:670:16: warning: 'drawHorzLine' overrides a member function but is not marked 'override' [-Winconsistent-missing-override]
  670 |                 virtual void drawHorzLine(int x, int y, int l, Uint8 r, Uint8 g, Uint8 b, Uint8 a = Color::ALPHA_OPAQUE);
      |                              ^
libgag/include/SDLGraphicContext.h:302:16: note: overridden virtual function is here
  302 |                 virtual void drawHorzLine(int x, int y, int l, Uint8 r, Uint8 g, Uint8 b, Uint8 a = Color::ALPHA_OPAQUE);
      |                              ^
libgag/include/SDLGraphicContext.h:671:16: warning: 'drawHorzLine' overrides a member function but is not marked 'override' [-Winconsistent-missing-override]
  671 |                 virtual void drawHorzLine(int x, int y, int l, const Color& color);
      |                              ^
libgag/include/SDLGraphicContext.h:303:16: note: overridden virtual function is here
  303 |                 virtual void drawHorzLine(int x, int y, int l, const Color& color);
      |                              ^
libgag/include/SDLGraphicContext.h:672:16: warning: 'drawLine' overrides a member function but is not marked 'override' [-Winconsistent-missing-override]
  672 |                 virtual void drawLine(int x1, int y1, int x2, int y2, Uint8 r, Uint8 g, Uint8 b, Uint8 a = Color::ALPHA_OPAQUE);
      |                              ^
libgag/include/SDLGraphicContext.h:304:16: note: overridden virtual function is here
  304 |                 virtual void drawLine(int x1, int y1, int x2, int y2, Uint8 r, Uint8 g, Uint8 b, Uint8 a = Color::ALPHA_OPAQUE);
      |                              ^
libgag/include/SDLGraphicContext.h:673:16: warning: 'drawCircle' overrides a member function but is not marked 'override' [-Winconsistent-missing-override]
  673 |                 virtual void drawCircle(int x, int y, int radius, Uint8 r, Uint8 g, Uint8 b, Uint8 a = Color::ALPHA_OPAQUE);
      |                              ^
libgag/include/SDLGraphicContext.h:305:16: note: overridden virtual function is here
  305 |                 virtual void drawCircle(int x, int y, int radius, Uint8 r, Uint8 g, Uint8 b, Uint8 a = Color::ALPHA_OPAQUE);
      |                              ^
36 warnings generated.
/opt/homebrew/bin/ccache g++ -o build/darwin/client/release/src/engine/EngineTurnTelemetry.o -c -g -std=gnu++20 -Wall -fPIC -O3 -DGLOB2_OFFICIAL_INSTANCE_ORIGIN=\"https://app.glob2online.com\" -DGLOB2_OFFICIAL_INSTANCE_FORMER_ORIGINS=\"https://glob2online.com\" -DHAVE_CONFIG_H -DGL_SILENCE_DEPRECATION -Ibuild/darwin/client/release/recording/prefix/include -I/Users/bradley/glob2/artifacts/recording-sdl3/prefix/include -Ibuild/darwin/client/release/include -I/opt/homebrew/include -Ilibgag/include -I. -Ilibusl/src -Isrc -Isrc/ai -Isrc/hud -Isrc/app -Isrc/game/player -Isrc/team -Isrc/common -Isrc/map -Isrc/game -Isrc/campaign -Isrc/campaign/screens -Isrc/replay -Isrc/game/screens -Isrc/render/clouds -Isrc/ui/screens -Isrc/game/rules -Isrc/game/diagnostics -Isrc/map/editor/screens -Isrc/engine -Isrc/ui -Isrc/map/preview -Isrc/app/cli -Isrc/net/lan/screens -Isrc/online -Isrc/map/tools -Isrc/scripting/map -Isrc/render/overlay -Isrc/audio -Isrc/online/screens -Isrc/game/orders -Isrc/resource -Isrc/ui/settings -Isrc/team/stats -Isrc/render/torus -Isrc/ai/simple -Isrc/ai/castor -Isrc/ai/javascript -Isrc/ai/nicowar -Isrc/ai/numbi -Isrc/ai/telemetry -Isrc/ai/warrush -Isrc/ai/maxima -Isrc/building -Isrc/building/types -Isrc/unit/types -Isrc/building/hud -Isrc/net -Isrc/hud/draw -Isrc/hud/input -Isrc/hud/touch -Isrc/net/turn -Isrc/unit -Isrc/map/editor -Isrc/map/generator -Isrc/map/generator/compatibility -Isrc/map/generator/core -Isrc/map/generator/generators -Isrc/map/generator/shared -Isrc/map/generator/shared/legacy -Isrc/map/gradient -Isrc/map/io -Isrc/net/lan -Isrc/net/message -Isrc/scripting/sgsl -Ithird_party/nlohmann-json/include -Ithird_party/quickjs-ng src/engine/EngineTurnTelemetry.cpp
In file included from src/game/screens/EndGameScreen.cpp:5:
In file included from src/game/screens/EndGameScreen.h:7:
In file included from src/hud/GameGUI.h:20:
In file included from src/game/Game.h:12:
In file included from src/map/Map.h:21:
In file included from src/team/Team.h:16:
In file included from src/game/GameEvent.h:9:
In file included from libgag/include/GraphicContext.h:6:
libgag/include/SDLGraphicContext.h:520:16: warning: 'setRes' overrides a member function but is not marked 'override' [-Winconsistent-missing-override]
  520 |                 virtual void setRes(int w, int h) { setRes(w, h, optionFlags); }
      |                              ^
libgag/include/SDLGraphicContext.h:228:16: note: overridden virtual function is here
  228 |                 virtual void setRes(int w, int h);
      |                              ^
libgag/include/SDLGraphicContext.h:596:16: warning: 'setClipRect' overrides a member function but is not marked 'override' [-Winconsistent-missing-override]
  596 |                 virtual void setClipRect(int x, int y, int w, int h);
      |                              ^
libgag/include/SDLGraphicContext.h:230:16: note: overridden virtual function is here
  230 |                 virtual void setClipRect(int x, int y, int w, int h);
      |                              ^
libgag/include/SDLGraphicContext.h:597:16: warning: 'setClipRect' overrides a member function but is not marked 'override' [-Winconsistent-missing-override]
  597 |                 virtual void setClipRect(void);
      |                              ^
libgag/include/SDLGraphicContext.h:231:16: note: overridden virtual function is here
  231 |                 virtual void setClipRect(void);
      |                              ^
libgag/include/SDLGraphicContext.h:602:22: warning: 'nextFrame' overrides a member function but is not marked 'override' [-Winconsistent-missing-override]
  602 |         virtual void nextFrame(void);
      |                      ^
libgag/include/SDLGraphicContext.h:232:16: note: overridden virtual function is here
  232 |                 virtual void nextFrame(void) { flushTextPictures(); }
      |                              ^
libgag/include/SDLGraphicContext.h:604:16: warning: 'loadImage' overrides a member function but is not marked 'override' [-Winconsistent-missing-override]
  604 |                 virtual bool loadImage(const std::string name) { return false; }
      |                              ^
libgag/include/SDLGraphicContext.h:233:16: note: overridden virtual function is here
  233 |                 virtual bool loadImage(const std::string name);
      |                              ^
libgag/include/SDLGraphicContext.h:608:16: warning: 'shiftHSV' overrides a member function but is not marked 'override' [-Winconsistent-missing-override]
  608 |                 virtual void shiftHSV(float hue, float sat, float lum) { }
      |                              ^
libgag/include/SDLGraphicContext.h:234:16: note: overridden virtual function is here
  234 |                 virtual void shiftHSV(float hue, float sat, float lum);
      |                              ^
libgag/include/SDLGraphicContext.h:611:16: warning: 'canDrawStretchedSprite' overrides a member function but is not marked 'override' [-Winconsistent-missing-override]
  611 |                 virtual bool canDrawStretchedSprite(void) { return hasPortableRenderer() || (optionFlags & USEGPU) != 0; }
      |                              ^
libgag/include/SDLGraphicContext.h:252:16: note: overridden virtual function is here
  252 |                 virtual bool canDrawStretchedSprite(void) { return false; }
      |                              ^
libgag/include/SDLGraphicContext.h:613:16: warning: 'drawPixel' overrides a member function but is not marked 'override' [-Winconsistent-missing-override]
  613 |                 virtual void drawPixel(int x, int y, const Color& color);
      |                              ^
libgag/include/SDLGraphicContext.h:255:16: note: overridden virtual function is here
  255 |                 virtual void drawPixel(int x, int y, const Color& color);
      |                              ^
libgag/include/SDLGraphicContext.h:614:16: warning: 'drawPixel' overrides a member function but is not marked 'override' [-Winconsistent-missing-override]
  614 |                 virtual void drawPixel(float x, float y, const Color& color);
      |                              ^
libgag/include/SDLGraphicContext.h:256:16: note: overridden virtual function is here
  256 |                 virtual void drawPixel(float x, float y, const Color& color);
      |                              ^
libgag/include/SDLGraphicContext.h:616:16: warning: 'drawRect' overrides a member function but is not marked 'override' [-Winconsistent-missing-override]
  616 |                 virtual void drawRect(int x, int y, int w, int h, const Color& color);
      |                              ^
libgag/include/SDLGraphicContext.h:258:16: note: overridden virtual function is here
  258 |                 virtual void drawRect(int x, int y, int w, int h, const Color& color);
      |                              ^
libgag/include/SDLGraphicContext.h:617:16: warning: 'drawRect' overrides a member function but is not marked 'override' [-Winconsistent-missing-override]
  617 |                 virtual void drawRect(float x, float y, float w, float h, const Color& color);
      |                              ^
libgag/include/SDLGraphicContext.h:259:16: note: overridden virtual function is here
  259 |                 virtual void drawRect(float x, float y, float w, float h, const Color& color);
      |                              ^
libgag/include/SDLGraphicContext.h:619:16: warning: 'drawFilledRect' overrides a member function but is not marked 'override' [-Winconsistent-missing-override]
  619 |                 virtual void drawFilledRect(int x, int y, int w, int h, const Color& color);
      |                              ^
libgag/include/SDLGraphicContext.h:261:16: note: overridden virtual function is here
  261 |                 virtual void drawFilledRect(int x, int y, int w, int h, const Color& color);
      |                              ^
libgag/include/SDLGraphicContext.h:620:16: warning: 'drawFilledRect' overrides a member function but is not marked 'override' [-Winconsistent-missing-override]
  620 |                 virtual void drawFilledRect(float x, float y, float w, float h, const Color& color);
      |                              ^
libgag/include/SDLGraphicContext.h:262:16: note: overridden virtual function is here
  262 |                 virtual void drawFilledRect(float x, float y, float w, float h, const Color& color);
      |                              ^
libgag/include/SDLGraphicContext.h:622:16: warning: 'drawLine' overrides a member function but is not marked 'override' [-Winconsistent-missing-override]
  622 |                 virtual void drawLine(int x1, int y1, int x2, int y2, const Color& color);
      |                              ^
libgag/include/SDLGraphicContext.h:264:16: note: overridden virtual function is here
  264 |                 virtual void drawLine(int x1, int y1, int x2, int y2, const Color& color);
      |                              ^
libgag/include/SDLGraphicContext.h:623:16: warning: 'drawLine' overrides a member function but is not marked 'override' [-Winconsistent-missing-override]
  623 |                 virtual void drawLine(float x1, float y1, float x2, float y2, const Color& color);
      |                              ^
libgag/include/SDLGraphicContext.h:265:16: note: overridden virtual function is here
  265 |                 virtual void drawLine(float x1, float y1, float x2, float y2, const Color& color);
      |                              ^
libgag/include/SDLGraphicContext.h:625:16: warning: 'drawCircle' overrides a member function but is not marked 'override' [-Winconsistent-missing-override]
  625 |                 virtual void drawCircle(int x, int y, int radius, const Color& color);
      |                              ^
libgag/include/SDLGraphicContext.h:267:16: note: overridden virtual function is here
  267 |                 virtual void drawCircle(int x, int y, int radius, const Color& color);
      |                              ^
libgag/include/SDLGraphicContext.h:626:16: warning: 'drawCircle' overrides a member function but is not marked 'override' [-Winconsistent-missing-override]
  626 |                 virtual void drawCircle(float x, float y, float radius, const Color& color);
      |                              ^
libgag/include/SDLGraphicContext.h:268:16: note: overridden virtual function is here
  268 |                 virtual void drawCircle(float x, float y, float radius, const Color& color);
      |                              ^
libgag/include/SDLGraphicContext.h:628:16: warning: 'drawSurface' overrides a member function but is not marked 'override' [-Winconsistent-missing-override]
  628 |                 virtual void drawSurface(int x, int y, DrawableSurface *surface, Uint8 alpha = Color::ALPHA_OPAQUE);
      |                              ^
libgag/include/SDLGraphicContext.h:270:16: note: overridden virtual function is here
  270 |                 virtual void drawSurface(int x, int y, DrawableSurface *surface, Uint8 alpha = Color::ALPHA_OPAQUE);
      |                              ^
libgag/include/SDLGraphicContext.h:629:16: warning: 'drawSurface' overrides a member function but is not marked 'override' [-Winconsistent-missing-override]
  629 |                 virtual void drawSurface(float x, float y, DrawableSurface *surface, Uint8 alpha = Color::ALPHA_OPAQUE);
      |                              ^
libgag/include/SDLGraphicContext.h:271:16: note: overridden virtual function is here
  271 |                 virtual void drawSurface(float x, float y, DrawableSurface *surface, Uint8 alpha = Color::ALPHA_OPAQUE);
      |                              ^
libgag/include/SDLGraphicContext.h:631:16: warning: 'drawSurface' overrides a member function but is not marked 'override' [-Winconsistent-missing-override]
  631 |                 virtual void drawSurface(int x, int y, int w, int h, DrawableSurface *surface, Uint8 alpha = Color::ALPHA_OPAQUE);
      |                              ^
libgag/include/SDLGraphicContext.h:273:16: note: overridden virtual function is here
  273 |                 virtual void drawSurface(int x, int y, int w, int h, DrawableSurface *surface, Uint8 alpha = Color::ALPHA_OPAQUE);
      |                              ^
libgag/include/SDLGraphicContext.h:632:16: warning: 'drawSurface' overrides a member function but is not marked 'override' [-Winconsistent-missing-override]
  632 |                 virtual void drawSurface(float x, float y, float w, float h, DrawableSurface *surface, Uint8 alpha = Color::ALPHA_OPAQUE);
      |                              ^
libgag/include/SDLGraphicContext.h:274:16: note: overridden virtual function is here
  274 |                 virtual void drawSurface(float x, float y, float w, float h, DrawableSurface *surface, Uint8 alpha = Color::ALPHA_OPAQUE);
      |                              ^
libgag/include/SDLGraphicContext.h:634:16: warning: 'drawSurface' overrides a member function but is not marked 'override' [-Winconsistent-missing-override]
  634 |                 virtual void drawSurface(int x, int y, DrawableSurface *surface, int sx, int sy, int sw, int sh, Uint8 alpha = Color::ALPHA_OPAQUE);
      |                              ^
libgag/include/SDLGraphicContext.h:276:16: note: overridden virtual function is here
  276 |                 virtual void drawSurface(int x, int y, DrawableSurface *surface, int sx, int sy, int sw, int sh, Uint8 alpha = Color::ALPHA_OPAQUE);
      |                              ^
libgag/include/SDLGraphicContext.h:635:16: warning: 'drawSurface' overrides a member function but is not marked 'override' [-Winconsistent-missing-override]
  635 |                 virtual void drawSurface(float x, float y, DrawableSurface *surface, int sx, int sy, int sw, int sh, Uint8 alpha = Color::ALPHA_OPAQUE);
      |                              ^
libgag/include/SDLGraphicContext.h:277:16: note: overridden virtual function is here
  277 |                 virtual void drawSurface(float x, float y, DrawableSurface *surface, int sx, int sy, int sw, int sh, Uint8 alpha = Color::ALPHA_OPAQUE);
      |                              ^
libgag/include/SDLGraphicContext.h:637:16: warning: 'drawSurface' overrides a member function but is not marked 'override' [-Winconsistent-missing-override]
  637 |                 virtual void drawSurface(int x, int y, int w, int h, DrawableSurface *surface, int sx, int sy, int sw, int sh,  Uint8 alpha = Color::ALPHA_OPAQUE);
      |                              ^
libgag/include/SDLGraphicContext.h:279:16: note: overridden virtual function is here
  279 |                 virtual void drawSurface(int x, int y, int w, int h, DrawableSurface *surface, int sx, int sy, int sw, int sh,  Uint8 alpha = Color::ALPHA_OPAQUE);
      |                              ^
libgag/include/SDLGraphicContext.h:638:16: warning: 'drawSurface' overrides a member function but is not marked 'override' [-Winconsistent-missing-override]
  638 |                 virtual void drawSurface(float x, float y, float w, float h, DrawableSurface *surface, int sx, int sy, int sw, int sh, Uint8 alpha = Color::ALPHA_OPAQUE);
      |                              ^
libgag/include/SDLGraphicContext.h:280:16: note: overridden virtual function is here
  280 |                 virtual void drawSurface(float x, float y, float w, float h, DrawableSurface *surface, int sx, int sy, int sw, int sh, Uint8 alpha = Color::ALPHA_OPAQUE);
      |                              ^
libgag/include/SDLGraphicContext.h:661:16: warning: 'drawAlphaMap' overrides a member function but is not marked 'override' [-Winconsistent-missing-override]
  661 |                 virtual void drawAlphaMap(const std::valarray<float> &map, int mapW, int mapH, int x, int y, int cellW, int cellH, const Color &color);
      |                              ^
libgag/include/SDLGraphicContext.h:293:16: note: overridden virtual function is here
  293 |                 virtual void drawAlphaMap(const std::valarray<float> &map, int mapW, int mapH, int x, int y, int cellW, int cellH, const Color &color);
      |                              ^
libgag/include/SDLGraphicContext.h:662:16: warning: 'drawAlphaMap' overrides a member function but is not marked 'override' [-Winconsistent-missing-override]
  662 |                 virtual void drawAlphaMap(const std::valarray<unsigned char> &map, int mapW, int mapH, int x, int y, int cellW, int cellH, const Color &color);
      |                              ^
libgag/include/SDLGraphicContext.h:294:16: note: overridden virtual function is here
  294 |                 virtual void drawAlphaMap(const std::valarray<unsigned char> &map, int mapW, int mapH, int x, int y, int cellW, int cellH, const Color &color);
      |                              ^
libgag/include/SDLGraphicContext.h:665:16: warning: 'drawPixel' overrides a member function but is not marked 'override' [-Winconsistent-missing-override]
  665 |                 virtual void drawPixel(int x, int y, Uint8 r, Uint8 g, Uint8 b, Uint8 a = Color::ALPHA_OPAQUE);
      |                              ^
libgag/include/SDLGraphicContext.h:297:16: note: overridden virtual function is here
  297 |                 virtual void drawPixel(int x, int y, Uint8 r, Uint8 g, Uint8 b, Uint8 a = Color::ALPHA_OPAQUE);
      |                              ^
libgag/include/SDLGraphicContext.h:666:16: warning: 'drawRect' overrides a member function but is not marked 'override' [-Winconsistent-missing-override]
  666 |                 virtual void drawRect(int x, int y, int w, int h, Uint8 r, Uint8 g, Uint8 b, Uint8 a = Color::ALPHA_OPAQUE);
      |                              ^
libgag/include/SDLGraphicContext.h:298:16: note: overridden virtual function is here
  298 |                 virtual void drawRect(int x, int y, int w, int h, Uint8 r, Uint8 g, Uint8 b, Uint8 a = Color::ALPHA_OPAQUE);
      |                              ^
libgag/include/SDLGraphicContext.h:667:16: warning: 'drawFilledRect' overrides a member function but is not marked 'override' [-Winconsistent-missing-override]
  667 |                 virtual void drawFilledRect(int x, int y, int w, int h, Uint8 r, Uint8 g, Uint8 b, Uint8 a = Color::ALPHA_OPAQUE);
      |                              ^
libgag/include/SDLGraphicContext.h:299:16: note: overridden virtual function is here
  299 |                 virtual void drawFilledRect(int x, int y, int w, int h, Uint8 r, Uint8 g, Uint8 b, Uint8 a = Color::ALPHA_OPAQUE);
      |                              ^
libgag/include/SDLGraphicContext.h:668:16: warning: 'drawVertLine' overrides a member function but is not marked 'override' [-Winconsistent-missing-override]
  668 |                 virtual void drawVertLine(int x, int y, int l, Uint8 r, Uint8 g, Uint8 b, Uint8 a = Color::ALPHA_OPAQUE);
      |                              ^
libgag/include/SDLGraphicContext.h:300:16: note: overridden virtual function is here
  300 |                 virtual void drawVertLine(int x, int y, int l, Uint8 r, Uint8 g, Uint8 b, Uint8 a = Color::ALPHA_OPAQUE);
      |                              ^
libgag/include/SDLGraphicContext.h:669:16: warning: 'drawVertLine' overrides a member function but is not marked 'override' [-Winconsistent-missing-override]
  669 |                 virtual void drawVertLine(int x, int y, int l, const Color& color);
      |                              ^
libgag/include/SDLGraphicContext.h:301:16: note: overridden virtual function is here
  301 |                 virtual void drawVertLine(int x, int y, int l, const Color& color);
      |                              ^
libgag/include/SDLGraphicContext.h:670:16: warning: 'drawHorzLine' overrides a member function but is not marked 'override' [-Winconsistent-missing-override]
  670 |                 virtual void drawHorzLine(int x, int y, int l, Uint8 r, Uint8 g, Uint8 b, Uint8 a = Color::ALPHA_OPAQUE);
      |                              ^
libgag/include/SDLGraphicContext.h:302:16: note: overridden virtual function is here
  302 |                 virtual void drawHorzLine(int x, int y, int l, Uint8 r, Uint8 g, Uint8 b, Uint8 a = Color::ALPHA_OPAQUE);
      |                              ^
libgag/include/SDLGraphicContext.h:671:16: warning: 'drawHorzLine' overrides a member function but is not marked 'override' [-Winconsistent-missing-override]
  671 |                 virtual void drawHorzLine(int x, int y, int l, const Color& color);
      |                              ^
libgag/include/SDLGraphicContext.h:303:16: note: overridden virtual function is here
  303 |                 virtual void drawHorzLine(int x, int y, int l, const Color& color);
      |                              ^
libgag/include/SDLGraphicContext.h:672:16: warning: 'drawLine' overrides a member function but is not marked 'override' [-Winconsistent-missing-override]
  672 |                 virtual void drawLine(int x1, int y1, int x2, int y2, Uint8 r, Uint8 g, Uint8 b, Uint8 a = Color::ALPHA_OPAQUE);
      |                              ^
libgag/include/SDLGraphicContext.h:304:16: note: overridden virtual function is here
  304 |                 virtual void drawLine(int x1, int y1, int x2, int y2, Uint8 r, Uint8 g, Uint8 b, Uint8 a = Color::ALPHA_OPAQUE);
      |                              ^
libgag/include/SDLGraphicContext.h:673:16: warning: 'drawCircle' overrides a member function but is not marked 'override' [-Winconsistent-missing-override]
  673 |                 virtual void drawCircle(int x, int y, int radius, Uint8 r, Uint8 g, Uint8 b, Uint8 a = Color::ALPHA_OPAQUE);
      |                              ^
libgag/include/SDLGraphicContext.h:305:16: note: overridden virtual function is here
  305 |                 virtual void drawCircle(int x, int y, int radius, Uint8 r, Uint8 g, Uint8 b, Uint8 a = Color::ALPHA_OPAQUE);
      |                              ^
src/game/screens/EndGameScreen.cpp:862:49: warning: expression with side effects will be evaluated despite being used as an operand to 'typeid' [-Wpotentially-evaluated-expression]
  862 |         GAGCore::ApplicationHost::screenChanged(typeid(*replaySave).name());
      |                                                        ^
37 warnings generated.
/opt/homebrew/bin/ccache g++ -o build/darwin/client/release/src/app/cli/Headless.o -c -g -std=gnu++20 -Wall -fPIC -O3 -DGLOB2_OFFICIAL_INSTANCE_ORIGIN=\"https://app.glob2online.com\" -DGLOB2_OFFICIAL_INSTANCE_FORMER_ORIGINS=\"https://glob2online.com\" -DHAVE_CONFIG_H -DGL_SILENCE_DEPRECATION -Ibuild/darwin/client/release/recording/prefix/include -I/Users/bradley/glob2/artifacts/recording-sdl3/prefix/include -Ibuild/darwin/client/release/include -I/opt/homebrew/include -Ilibgag/include -I. -Ilibusl/src -Isrc -Isrc/ai -Isrc/hud -Isrc/app -Isrc/game/player -Isrc/team -Isrc/common -Isrc/map -Isrc/game -Isrc/campaign -Isrc/campaign/screens -Isrc/replay -Isrc/game/screens -Isrc/render/clouds -Isrc/ui/screens -Isrc/game/rules -Isrc/game/diagnostics -Isrc/map/editor/screens -Isrc/engine -Isrc/ui -Isrc/map/preview -Isrc/app/cli -Isrc/net/lan/screens -Isrc/online -Isrc/map/tools -Isrc/scripting/map -Isrc/render/overlay -Isrc/audio -Isrc/online/screens -Isrc/game/orders -Isrc/resource -Isrc/ui/settings -Isrc/team/stats -Isrc/render/torus -Isrc/ai/simple -Isrc/ai/castor -Isrc/ai/javascript -Isrc/ai/nicowar -Isrc/ai/numbi -Isrc/ai/telemetry -Isrc/ai/warrush -Isrc/ai/maxima -Isrc/building -Isrc/building/types -Isrc/unit/types -Isrc/building/hud -Isrc/net -Isrc/hud/draw -Isrc/hud/input -Isrc/hud/touch -Isrc/net/turn -Isrc/unit -Isrc/map/editor -Isrc/map/generator -Isrc/map/generator/compatibility -Isrc/map/generator/core -Isrc/map/generator/generators -Isrc/map/generator/shared -Isrc/map/generator/shared/legacy -Isrc/map/gradient -Isrc/map/io -Isrc/net/lan -Isrc/net/message -Isrc/scripting/sgsl -Ithird_party/nlohmann-json/include -Ithird_party/quickjs-ng src/app/cli/Headless.cpp
In file included from src/game/screens/CustomGameScreen.cpp:2:
In file included from src/game/screens/CustomGameScreen.h:4:
In file included from src/game/rules/CustomGameSetup.h:4:
In file included from src/game/GameHeader.h:6:
In file included from src/game/player/BasePlayer.h:9:
In file included from src/team/Team.h:16:
In file included from src/game/GameEvent.h:9:
In file included from libgag/include/GraphicContext.h:6:
libgag/include/SDLGraphicContext.h:520:16: warning: 'setRes' overrides a member function but is not marked 'override' [-Winconsistent-missing-override]
  520 |                 virtual void setRes(int w, int h) { setRes(w, h, optionFlags); }
      |                              ^
libgag/include/SDLGraphicContext.h:228:16: note: overridden virtual function is here
  228 |                 virtual void setRes(int w, int h);
      |                              ^
libgag/include/SDLGraphicContext.h:596:16: warning: 'setClipRect' overrides a member function but is not marked 'override' [-Winconsistent-missing-override]
  596 |                 virtual void setClipRect(int x, int y, int w, int h);
      |                              ^
libgag/include/SDLGraphicContext.h:230:16: note: overridden virtual function is here
  230 |                 virtual void setClipRect(int x, int y, int w, int h);
      |                              ^
libgag/include/SDLGraphicContext.h:597:16: warning: 'setClipRect' overrides a member function but is not marked 'override' [-Winconsistent-missing-override]
  597 |                 virtual void setClipRect(void);
      |                              ^
libgag/include/SDLGraphicContext.h:231:16: note: overridden virtual function is here
  231 |                 virtual void setClipRect(void);
      |                              ^
libgag/include/SDLGraphicContext.h:602:22: warning: 'nextFrame' overrides a member function but is not marked 'override' [-Winconsistent-missing-override]
  602 |         virtual void nextFrame(void);
      |                      ^
libgag/include/SDLGraphicContext.h:232:16: note: overridden virtual function is here
  232 |                 virtual void nextFrame(void) { flushTextPictures(); }
      |                              ^
libgag/include/SDLGraphicContext.h:604:16: warning: 'loadImage' overrides a member function but is not marked 'override' [-Winconsistent-missing-override]
  604 |                 virtual bool loadImage(const std::string name) { return false; }
      |                              ^
libgag/include/SDLGraphicContext.h:233:16: note: overridden virtual function is here
  233 |                 virtual bool loadImage(const std::string name);
      |                              ^
libgag/include/SDLGraphicContext.h:608:16: warning: 'shiftHSV' overrides a member function but is not marked 'override' [-Winconsistent-missing-override]
  608 |                 virtual void shiftHSV(float hue, float sat, float lum) { }
      |                              ^
libgag/include/SDLGraphicContext.h:234:16: note: overridden virtual function is here
  234 |                 virtual void shiftHSV(float hue, float sat, float lum);
      |                              ^
libgag/include/SDLGraphicContext.h:611:16: warning: 'canDrawStretchedSprite' overrides a member function but is not marked 'override' [-Winconsistent-missing-override]
  611 |                 virtual bool canDrawStretchedSprite(void) { return hasPortableRenderer() || (optionFlags & USEGPU) != 0; }
      |                              ^
libgag/include/SDLGraphicContext.h:252:16: note: overridden virtual function is here
  252 |                 virtual bool canDrawStretchedSprite(void) { return false; }
      |                              ^
libgag/include/SDLGraphicContext.h:613:16: warning: 'drawPixel' overrides a member function but is not marked 'override' [-Winconsistent-missing-override]
  613 |                 virtual void drawPixel(int x, int y, const Color& color);
      |                              ^
libgag/include/SDLGraphicContext.h:255:16: note: overridden virtual function is here
  255 |                 virtual void drawPixel(int x, int y, const Color& color);
      |                              ^
libgag/include/SDLGraphicContext.h:614:16: warning: 'drawPixel' overrides a member function but is not marked 'override' [-Winconsistent-missing-override]
  614 |                 virtual void drawPixel(float x, float y, const Color& color);
      |                              ^
libgag/include/SDLGraphicContext.h:256:16: note: overridden virtual function is here
  256 |                 virtual void drawPixel(float x, float y, const Color& color);
      |                              ^
libgag/include/SDLGraphicContext.h:616:16: warning: 'drawRect' overrides a member function but is not marked 'override' [-Winconsistent-missing-override]
  616 |                 virtual void drawRect(int x, int y, int w, int h, const Color& color);
      |                              ^
libgag/include/SDLGraphicContext.h:258:16: note: overridden virtual function is here
  258 |                 virtual void drawRect(int x, int y, int w, int h, const Color& color);
      |                              ^
libgag/include/SDLGraphicContext.h:617:16: warning: 'drawRect' overrides a member function but is not marked 'override' [-Winconsistent-missing-override]
  617 |                 virtual void drawRect(float x, float y, float w, float h, const Color& color);
      |                              ^
libgag/include/SDLGraphicContext.h:259:16: note: overridden virtual function is here
  259 |                 virtual void drawRect(float x, float y, float w, float h, const Color& color);
      |                              ^
libgag/include/SDLGraphicContext.h:619:16: warning: 'drawFilledRect' overrides a member function but is not marked 'override' [-Winconsistent-missing-override]
  619 |                 virtual void drawFilledRect(int x, int y, int w, int h, const Color& color);
      |                              ^
libgag/include/SDLGraphicContext.h:261:16: note: overridden virtual function is here
  261 |                 virtual void drawFilledRect(int x, int y, int w, int h, const Color& color);
      |                              ^
libgag/include/SDLGraphicContext.h:620:16: warning: 'drawFilledRect' overrides a member function but is not marked 'override' [-Winconsistent-missing-override]
  620 |                 virtual void drawFilledRect(float x, float y, float w, float h, const Color& color);
      |                              ^
libgag/include/SDLGraphicContext.h:262:16: note: overridden virtual function is here
  262 |                 virtual void drawFilledRect(float x, float y, float w, float h, const Color& color);
      |                              ^
libgag/include/SDLGraphicContext.h:622:16: warning: 'drawLine' overrides a member function but is not marked 'override' [-Winconsistent-missing-override]
  622 |                 virtual void drawLine(int x1, int y1, int x2, int y2, const Color& color);
      |                              ^
libgag/include/SDLGraphicContext.h:264:16: note: overridden virtual function is here
  264 |                 virtual void drawLine(int x1, int y1, int x2, int y2, const Color& color);
      |                              ^
libgag/include/SDLGraphicContext.h:623:16: warning: 'drawLine' overrides a member function but is not marked 'override' [-Winconsistent-missing-override]
  623 |                 virtual void drawLine(float x1, float y1, float x2, float y2, const Color& color);
      |                              ^
libgag/include/SDLGraphicContext.h:265:16: note: overridden virtual function is here
  265 |                 virtual void drawLine(float x1, float y1, float x2, float y2, const Color& color);
      |                              ^
libgag/include/SDLGraphicContext.h:625:16: warning: 'drawCircle' overrides a member function but is not marked 'override' [-Winconsistent-missing-override]
  625 |                 virtual void drawCircle(int x, int y, int radius, const Color& color);
      |                              ^
libgag/include/SDLGraphicContext.h:267:16: note: overridden virtual function is here
  267 |                 virtual void drawCircle(int x, int y, int radius, const Color& color);
      |                              ^
libgag/include/SDLGraphicContext.h:626:16: warning: 'drawCircle' overrides a member function but is not marked 'override' [-Winconsistent-missing-override]
  626 |                 virtual void drawCircle(float x, float y, float radius, const Color& color);
      |                              ^
libgag/include/SDLGraphicContext.h:268:16: note: overridden virtual function is here
  268 |                 virtual void drawCircle(float x, float y, float radius, const Color& color);
      |                              ^
libgag/include/SDLGraphicContext.h:628:16: warning: 'drawSurface' overrides a member function but is not marked 'override' [-Winconsistent-missing-override]
  628 |                 virtual void drawSurface(int x, int y, DrawableSurface *surface, Uint8 alpha = Color::ALPHA_OPAQUE);
      |                              ^
libgag/include/SDLGraphicContext.h:270:16: note: overridden virtual function is here
  270 |                 virtual void drawSurface(int x, int y, DrawableSurface *surface, Uint8 alpha = Color::ALPHA_OPAQUE);
      |                              ^
libgag/include/SDLGraphicContext.h:629:16: warning: 'drawSurface' overrides a member function but is not marked 'override' [-Winconsistent-missing-override]
  629 |                 virtual void drawSurface(float x, float y, DrawableSurface *surface, Uint8 alpha = Color::ALPHA_OPAQUE);
      |                              ^
libgag/include/SDLGraphicContext.h:271:16: note: overridden virtual function is here
  271 |                 virtual void drawSurface(float x, float y, DrawableSurface *surface, Uint8 alpha = Color::ALPHA_OPAQUE);
      |                              ^
libgag/include/SDLGraphicContext.h:631:16: warning: 'drawSurface' overrides a member function but is not marked 'override' [-Winconsistent-missing-override]
  631 |                 virtual void drawSurface(int x, int y, int w, int h, DrawableSurface *surface, Uint8 alpha = Color::ALPHA_OPAQUE);
      |                              ^
libgag/include/SDLGraphicContext.h:273:16: note: overridden virtual function is here
  273 |                 virtual void drawSurface(int x, int y, int w, int h, DrawableSurface *surface, Uint8 alpha = Color::ALPHA_OPAQUE);
      |                              ^
libgag/include/SDLGraphicContext.h:632:16: warning: 'drawSurface' overrides a member function but is not marked 'override' [-Winconsistent-missing-override]
  632 |                 virtual void drawSurface(float x, float y, float w, float h, DrawableSurface *surface, Uint8 alpha = Color::ALPHA_OPAQUE);
      |                              ^
libgag/include/SDLGraphicContext.h:274:16: note: overridden virtual function is here
  274 |                 virtual void drawSurface(float x, float y, float w, float h, DrawableSurface *surface, Uint8 alpha = Color::ALPHA_OPAQUE);
      |                              ^
libgag/include/SDLGraphicContext.h:634:16: warning: 'drawSurface' overrides a member function but is not marked 'override' [-Winconsistent-missing-override]
  634 |                 virtual void drawSurface(int x, int y, DrawableSurface *surface, int sx, int sy, int sw, int sh, Uint8 alpha = Color::ALPHA_OPAQUE);
      |                              ^
libgag/include/SDLGraphicContext.h:276:16: note: overridden virtual function is here
  276 |                 virtual void drawSurface(int x, int y, DrawableSurface *surface, int sx, int sy, int sw, int sh, Uint8 alpha = Color::ALPHA_OPAQUE);
      |                              ^
libgag/include/SDLGraphicContext.h:635:16: warning: 'drawSurface' overrides a member function but is not marked 'override' [-Winconsistent-missing-override]
  635 |                 virtual void drawSurface(float x, float y, DrawableSurface *surface, int sx, int sy, int sw, int sh, Uint8 alpha = Color::ALPHA_OPAQUE);
      |                              ^
libgag/include/SDLGraphicContext.h:277:16: note: overridden virtual function is here
  277 |                 virtual void drawSurface(float x, float y, DrawableSurface *surface, int sx, int sy, int sw, int sh, Uint8 alpha = Color::ALPHA_OPAQUE);
      |                              ^
libgag/include/SDLGraphicContext.h:637:16: warning: 'drawSurface' overrides a member function but is not marked 'override' [-Winconsistent-missing-override]
  637 |                 virtual void drawSurface(int x, int y, int w, int h, DrawableSurface *surface, int sx, int sy, int sw, int sh,  Uint8 alpha = Color::ALPHA_OPAQUE);
      |                              ^
libgag/include/SDLGraphicContext.h:279:16: note: overridden virtual function is here
  279 |                 virtual void drawSurface(int x, int y, int w, int h, DrawableSurface *surface, int sx, int sy, int sw, int sh,  Uint8 alpha = Color::ALPHA_OPAQUE);
      |                              ^
libgag/include/SDLGraphicContext.h:638:16: warning: 'drawSurface' overrides a member function but is not marked 'override' [-Winconsistent-missing-override]
  638 |                 virtual void drawSurface(float x, float y, float w, float h, DrawableSurface *surface, int sx, int sy, int sw, int sh, Uint8 alpha = Color::ALPHA_OPAQUE);
      |                              ^
libgag/include/SDLGraphicContext.h:280:16: note: overridden virtual function is here
  280 |                 virtual void drawSurface(float x, float y, float w, float h, DrawableSurface *surface, int sx, int sy, int sw, int sh, Uint8 alpha = Color::ALPHA_OPAQUE);
      |                              ^
libgag/include/SDLGraphicContext.h:661:16: warning: 'drawAlphaMap' overrides a member function but is not marked 'override' [-Winconsistent-missing-override]
  661 |                 virtual void drawAlphaMap(const std::valarray<float> &map, int mapW, int mapH, int x, int y, int cellW, int cellH, const Color &color);
      |                              ^
libgag/include/SDLGraphicContext.h:293:16: note: overridden virtual function is here
  293 |                 virtual void drawAlphaMap(const std::valarray<float> &map, int mapW, int mapH, int x, int y, int cellW, int cellH, const Color &color);
      |                              ^
libgag/include/SDLGraphicContext.h:662:16: warning: 'drawAlphaMap' overrides a member function but is not marked 'override' [-Winconsistent-missing-override]
  662 |                 virtual void drawAlphaMap(const std::valarray<unsigned char> &map, int mapW, int mapH, int x, int y, int cellW, int cellH, const Color &color);
      |                              ^
libgag/include/SDLGraphicContext.h:294:16: note: overridden virtual function is here
  294 |                 virtual void drawAlphaMap(const std::valarray<unsigned char> &map, int mapW, int mapH, int x, int y, int cellW, int cellH, const Color &color);
      |                              ^
libgag/include/SDLGraphicContext.h:665:16: warning: 'drawPixel' overrides a member function but is not marked 'override' [-Winconsistent-missing-override]
  665 |                 virtual void drawPixel(int x, int y, Uint8 r, Uint8 g, Uint8 b, Uint8 a = Color::ALPHA_OPAQUE);
      |                              ^
libgag/include/SDLGraphicContext.h:297:16: note: overridden virtual function is here
  297 |                 virtual void drawPixel(int x, int y, Uint8 r, Uint8 g, Uint8 b, Uint8 a = Color::ALPHA_OPAQUE);
      |                              ^
libgag/include/SDLGraphicContext.h:666:16: warning: 'drawRect' overrides a member function but is not marked 'override' [-Winconsistent-missing-override]
  666 |                 virtual void drawRect(int x, int y, int w, int h, Uint8 r, Uint8 g, Uint8 b, Uint8 a = Color::ALPHA_OPAQUE);
      |                              ^
libgag/include/SDLGraphicContext.h:298:16: note: overridden virtual function is here
  298 |                 virtual void drawRect(int x, int y, int w, int h, Uint8 r, Uint8 g, Uint8 b, Uint8 a = Color::ALPHA_OPAQUE);
      |                              ^
libgag/include/SDLGraphicContext.h:667:16: warning: 'drawFilledRect' overrides a member function but is not marked 'override' [-Winconsistent-missing-override]
  667 |                 virtual void drawFilledRect(int x, int y, int w, int h, Uint8 r, Uint8 g, Uint8 b, Uint8 a = Color::ALPHA_OPAQUE);
      |                              ^
libgag/include/SDLGraphicContext.h:299:16: note: overridden virtual function is here
  299 |                 virtual void drawFilledRect(int x, int y, int w, int h, Uint8 r, Uint8 g, Uint8 b, Uint8 a = Color::ALPHA_OPAQUE);
      |                              ^
libgag/include/SDLGraphicContext.h:668:16: warning: 'drawVertLine' overrides a member function but is not marked 'override' [-Winconsistent-missing-override]
  668 |                 virtual void drawVertLine(int x, int y, int l, Uint8 r, Uint8 g, Uint8 b, Uint8 a = Color::ALPHA_OPAQUE);
      |                              ^
libgag/include/SDLGraphicContext.h:300:16: note: overridden virtual function is here
  300 |                 virtual void drawVertLine(int x, int y, int l, Uint8 r, Uint8 g, Uint8 b, Uint8 a = Color::ALPHA_OPAQUE);
      |                              ^
libgag/include/SDLGraphicContext.h:669:16: warning: 'drawVertLine' overrides a member function but is not marked 'override' [-Winconsistent-missing-override]
  669 |                 virtual void drawVertLine(int x, int y, int l, const Color& color);
      |                              ^
libgag/include/SDLGraphicContext.h:301:16: note: overridden virtual function is here
  301 |                 virtual void drawVertLine(int x, int y, int l, const Color& color);
      |                              ^
libgag/include/SDLGraphicContext.h:670:16: warning: 'drawHorzLine' overrides a member function but is not marked 'override' [-Winconsistent-missing-override]
  670 |                 virtual void drawHorzLine(int x, int y, int l, Uint8 r, Uint8 g, Uint8 b, Uint8 a = Color::ALPHA_OPAQUE);
      |                              ^
libgag/include/SDLGraphicContext.h:302:16: note: overridden virtual function is here
  302 |                 virtual void drawHorzLine(int x, int y, int l, Uint8 r, Uint8 g, Uint8 b, Uint8 a = Color::ALPHA_OPAQUE);
      |                              ^
libgag/include/SDLGraphicContext.h:671:16: warning: 'drawHorzLine' overrides a member function but is not marked 'override' [-Winconsistent-missing-override]
  671 |                 virtual void drawHorzLine(int x, int y, int l, const Color& color);
      |                              ^
libgag/include/SDLGraphicContext.h:303:16: note: overridden virtual function is here
  303 |                 virtual void drawHorzLine(int x, int y, int l, const Color& color);
      |                              ^
libgag/include/SDLGraphicContext.h:672:16: warning: 'drawLine' overrides a member function but is not marked 'override' [-Winconsistent-missing-override]
  672 |                 virtual void drawLine(int x1, int y1, int x2, int y2, Uint8 r, Uint8 g, Uint8 b, Uint8 a = Color::ALPHA_OPAQUE);
      |                              ^
libgag/include/SDLGraphicContext.h:304:16: note: overridden virtual function is here
  304 |                 virtual void drawLine(int x1, int y1, int x2, int y2, Uint8 r, Uint8 g, Uint8 b, Uint8 a = Color::ALPHA_OPAQUE);
      |                              ^
libgag/include/SDLGraphicContext.h:673:16: warning: 'drawCircle' overrides a member function but is not marked 'override' [-Winconsistent-missing-override]
  673 |                 virtual void drawCircle(int x, int y, int radius, Uint8 r, Uint8 g, Uint8 b, Uint8 a = Color::ALPHA_OPAQUE);
      |                              ^
libgag/include/SDLGraphicContext.h:305:16: note: overridden virtual function is here
  305 |                 virtual void drawCircle(int x, int y, int radius, Uint8 r, Uint8 g, Uint8 b, Uint8 a = Color::ALPHA_OPAQUE);
      |                              ^
36 warnings generated.
/opt/homebrew/bin/ccache g++ -o build/darwin/client/release/src/app/cli/VerifyMatch.o -c -g -std=gnu++20 -Wall -fPIC -O3 -DGLOB2_OFFICIAL_INSTANCE_ORIGIN=\"https://app.glob2online.com\" -DGLOB2_OFFICIAL_INSTANCE_FORMER_ORIGINS=\"https://glob2online.com\" -DHAVE_CONFIG_H -DGL_SILENCE_DEPRECATION -Ibuild/darwin/client/release/recording/prefix/include -I/Users/bradley/glob2/artifacts/recording-sdl3/prefix/include -Ibuild/darwin/client/release/include -I/opt/homebrew/include -Ilibgag/include -I. -Ilibusl/src -Isrc -Isrc/ai -Isrc/hud -Isrc/app -Isrc/game/player -Isrc/team -Isrc/common -Isrc/map -Isrc/game -Isrc/campaign -Isrc/campaign/screens -Isrc/replay -Isrc/game/screens -Isrc/render/clouds -Isrc/ui/screens -Isrc/game/rules -Isrc/game/diagnostics -Isrc/map/editor/screens -Isrc/engine -Isrc/ui -Isrc/map/preview -Isrc/app/cli -Isrc/net/lan/screens -Isrc/online -Isrc/map/tools -Isrc/scripting/map -Isrc/render/overlay -Isrc/audio -Isrc/online/screens -Isrc/game/orders -Isrc/resource -Isrc/ui/settings -Isrc/team/stats -Isrc/render/torus -Isrc/ai/simple -Isrc/ai/castor -Isrc/ai/javascript -Isrc/ai/nicowar -Isrc/ai/numbi -Isrc/ai/telemetry -Isrc/ai/warrush -Isrc/ai/maxima -Isrc/building -Isrc/building/types -Isrc/unit/types -Isrc/building/hud -Isrc/net -Isrc/hud/draw -Isrc/hud/input -Isrc/hud/touch -Isrc/net/turn -Isrc/unit -Isrc/map/editor -Isrc/map/generator -Isrc/map/generator/compatibility -Isrc/map/generator/core -Isrc/map/generator/generators -Isrc/map/generator/shared -Isrc/map/generator/shared/legacy -Isrc/map/gradient -Isrc/map/io -Isrc/net/lan -Isrc/net/message -Isrc/scripting/sgsl -Ithird_party/nlohmann-json/include -Ithird_party/quickjs-ng src/app/cli/VerifyMatch.cpp
In file included from src/engine/EngineLoaders.cpp:12:
In file included from src/engine/Engine.h:9:
In file included from src/hud/GameGUI.h:20:
In file included from src/game/Game.h:12:
In file included from src/map/Map.h:21:
In file included from src/team/Team.h:16:
In file included from src/game/GameEvent.h:9:
In file included from libgag/include/GraphicContext.h:6:
libgag/include/SDLGraphicContext.h:520:16: warning: 'setRes' overrides a member function but is not marked 'override' [-Winconsistent-missing-override]
  520 |                 virtual void setRes(int w, int h) { setRes(w, h, optionFlags); }
      |                              ^
libgag/include/SDLGraphicContext.h:228:16: note: overridden virtual function is here
  228 |                 virtual void setRes(int w, int h);
      |                              ^
libgag/include/SDLGraphicContext.h:596:16: warning: 'setClipRect' overrides a member function but is not marked 'override' [-Winconsistent-missing-override]
  596 |                 virtual void setClipRect(int x, int y, int w, int h);
      |                              ^
libgag/include/SDLGraphicContext.h:230:16: note: overridden virtual function is here
  230 |                 virtual void setClipRect(int x, int y, int w, int h);
      |                              ^
libgag/include/SDLGraphicContext.h:597:16: warning: 'setClipRect' overrides a member function but is not marked 'override' [-Winconsistent-missing-override]
  597 |                 virtual void setClipRect(void);
      |                              ^
libgag/include/SDLGraphicContext.h:231:16: note: overridden virtual function is here
  231 |                 virtual void setClipRect(void);
      |                              ^
libgag/include/SDLGraphicContext.h:602:22: warning: 'nextFrame' overrides a member function but is not marked 'override' [-Winconsistent-missing-override]
  602 |         virtual void nextFrame(void);
      |                      ^
libgag/include/SDLGraphicContext.h:232:16: note: overridden virtual function is here
  232 |                 virtual void nextFrame(void) { flushTextPictures(); }
      |                              ^
libgag/include/SDLGraphicContext.h:604:16: warning: 'loadImage' overrides a member function but is not marked 'override' [-Winconsistent-missing-override]
  604 |                 virtual bool loadImage(const std::string name) { return false; }
      |                              ^
libgag/include/SDLGraphicContext.h:233:16: note: overridden virtual function is here
  233 |                 virtual bool loadImage(const std::string name);
      |                              ^
libgag/include/SDLGraphicContext.h:608:16: warning: 'shiftHSV' overrides a member function but is not marked 'override' [-Winconsistent-missing-override]
  608 |                 virtual void shiftHSV(float hue, float sat, float lum) { }
      |                              ^
libgag/include/SDLGraphicContext.h:234:16: note: overridden virtual function is here
  234 |                 virtual void shiftHSV(float hue, float sat, float lum);
      |                              ^
libgag/include/SDLGraphicContext.h:611:16: warning: 'canDrawStretchedSprite' overrides a member function but is not marked 'override' [-Winconsistent-missing-override]
  611 |                 virtual bool canDrawStretchedSprite(void) { return hasPortableRenderer() || (optionFlags & USEGPU) != 0; }
      |                              ^
libgag/include/SDLGraphicContext.h:252:16: note: overridden virtual function is here
  252 |                 virtual bool canDrawStretchedSprite(void) { return false; }
      |                              ^
libgag/include/SDLGraphicContext.h:613:16: warning: 'drawPixel' overrides a member function but is not marked 'override' [-Winconsistent-missing-override]
  613 |                 virtual void drawPixel(int x, int y, const Color& color);
      |                              ^
libgag/include/SDLGraphicContext.h:255:16: note: overridden virtual function is here
  255 |                 virtual void drawPixel(int x, int y, const Color& color);
      |                              ^
libgag/include/SDLGraphicContext.h:614:16: warning: 'drawPixel' overrides a member function but is not marked 'override' [-Winconsistent-missing-override]
  614 |                 virtual void drawPixel(float x, float y, const Color& color);
      |                              ^
libgag/include/SDLGraphicContext.h:256:16: note: overridden virtual function is here
  256 |                 virtual void drawPixel(float x, float y, const Color& color);
      |                              ^
libgag/include/SDLGraphicContext.h:616:16: warning: 'drawRect' overrides a member function but is not marked 'override' [-Winconsistent-missing-override]
  616 |                 virtual void drawRect(int x, int y, int w, int h, const Color& color);
      |                              ^
libgag/include/SDLGraphicContext.h:258:16: note: overridden virtual function is here
  258 |                 virtual void drawRect(int x, int y, int w, int h, const Color& color);
      |                              ^
libgag/include/SDLGraphicContext.h:617:16: warning: 'drawRect' overrides a member function but is not marked 'override' [-Winconsistent-missing-override]
  617 |                 virtual void drawRect(float x, float y, float w, float h, const Color& color);
      |                              ^
libgag/include/SDLGraphicContext.h:259:16: note: overridden virtual function is here
  259 |                 virtual void drawRect(float x, float y, float w, float h, const Color& color);
      |                              ^
libgag/include/SDLGraphicContext.h:619:16: warning: 'drawFilledRect' overrides a member function but is not marked 'override' [-Winconsistent-missing-override]
  619 |                 virtual void drawFilledRect(int x, int y, int w, int h, const Color& color);
      |                              ^
libgag/include/SDLGraphicContext.h:261:16: note: overridden virtual function is here
  261 |                 virtual void drawFilledRect(int x, int y, int w, int h, const Color& color);
      |                              ^
libgag/include/SDLGraphicContext.h:620:16: warning: 'drawFilledRect' overrides a member function but is not marked 'override' [-Winconsistent-missing-override]
  620 |                 virtual void drawFilledRect(float x, float y, float w, float h, const Color& color);
      |                              ^
libgag/include/SDLGraphicContext.h:262:16: note: overridden virtual function is here
  262 |                 virtual void drawFilledRect(float x, float y, float w, float h, const Color& color);
      |                              ^
libgag/include/SDLGraphicContext.h:622:16: warning: 'drawLine' overrides a member function but is not marked 'override' [-Winconsistent-missing-override]
  622 |                 virtual void drawLine(int x1, int y1, int x2, int y2, const Color& color);
      |                              ^
libgag/include/SDLGraphicContext.h:264:16: note: overridden virtual function is here
  264 |                 virtual void drawLine(int x1, int y1, int x2, int y2, const Color& color);
      |                              ^
libgag/include/SDLGraphicContext.h:623:16: warning: 'drawLine' overrides a member function but is not marked 'override' [-Winconsistent-missing-override]
  623 |                 virtual void drawLine(float x1, float y1, float x2, float y2, const Color& color);
      |                              ^
libgag/include/SDLGraphicContext.h:265:16: note: overridden virtual function is here
  265 |                 virtual void drawLine(float x1, float y1, float x2, float y2, const Color& color);
      |                              ^
libgag/include/SDLGraphicContext.h:625:16: warning: 'drawCircle' overrides a member function but is not marked 'override' [-Winconsistent-missing-override]
  625 |                 virtual void drawCircle(int x, int y, int radius, const Color& color);
      |                              ^
libgag/include/SDLGraphicContext.h:267:16: note: overridden virtual function is here
  267 |                 virtual void drawCircle(int x, int y, int radius, const Color& color);
      |                              ^
libgag/include/SDLGraphicContext.h:626:16: warning: 'drawCircle' overrides a member function but is not marked 'override' [-Winconsistent-missing-override]
  626 |                 virtual void drawCircle(float x, float y, float radius, const Color& color);
      |                              ^
libgag/include/SDLGraphicContext.h:268:16: note: overridden virtual function is here
  268 |                 virtual void drawCircle(float x, float y, float radius, const Color& color);
      |                              ^
libgag/include/SDLGraphicContext.h:628:16: warning: 'drawSurface' overrides a member function but is not marked 'override' [-Winconsistent-missing-override]
  628 |                 virtual void drawSurface(int x, int y, DrawableSurface *surface, Uint8 alpha = Color::ALPHA_OPAQUE);
      |                              ^
libgag/include/SDLGraphicContext.h:270:16: note: overridden virtual function is here
  270 |                 virtual void drawSurface(int x, int y, DrawableSurface *surface, Uint8 alpha = Color::ALPHA_OPAQUE);
      |                              ^
libgag/include/SDLGraphicContext.h:629:16: warning: 'drawSurface' overrides a member function but is not marked 'override' [-Winconsistent-missing-override]
  629 |                 virtual void drawSurface(float x, float y, DrawableSurface *surface, Uint8 alpha = Color::ALPHA_OPAQUE);
      |                              ^
libgag/include/SDLGraphicContext.h:271:16: note: overridden virtual function is here
  271 |                 virtual void drawSurface(float x, float y, DrawableSurface *surface, Uint8 alpha = Color::ALPHA_OPAQUE);
      |                              ^
libgag/include/SDLGraphicContext.h:631:16: warning: 'drawSurface' overrides a member function but is not marked 'override' [-Winconsistent-missing-override]
  631 |                 virtual void drawSurface(int x, int y, int w, int h, DrawableSurface *surface, Uint8 alpha = Color::ALPHA_OPAQUE);
      |                              ^
libgag/include/SDLGraphicContext.h:273:16: note: overridden virtual function is here
  273 |                 virtual void drawSurface(int x, int y, int w, int h, DrawableSurface *surface, Uint8 alpha = Color::ALPHA_OPAQUE);
      |                              ^
libgag/include/SDLGraphicContext.h:632:16: warning: 'drawSurface' overrides a member function but is not marked 'override' [-Winconsistent-missing-override]
  632 |                 virtual void drawSurface(float x, float y, float w, float h, DrawableSurface *surface, Uint8 alpha = Color::ALPHA_OPAQUE);
      |                              ^
libgag/include/SDLGraphicContext.h:274:16: note: overridden virtual function is here
  274 |                 virtual void drawSurface(float x, float y, float w, float h, DrawableSurface *surface, Uint8 alpha = Color::ALPHA_OPAQUE);
      |                              ^
libgag/include/SDLGraphicContext.h:634:16: warning: 'drawSurface' overrides a member function but is not marked 'override' [-Winconsistent-missing-override]
  634 |                 virtual void drawSurface(int x, int y, DrawableSurface *surface, int sx, int sy, int sw, int sh, Uint8 alpha = Color::ALPHA_OPAQUE);
      |                              ^
libgag/include/SDLGraphicContext.h:276:16: note: overridden virtual function is here
  276 |                 virtual void drawSurface(int x, int y, DrawableSurface *surface, int sx, int sy, int sw, int sh, Uint8 alpha = Color::ALPHA_OPAQUE);
      |                              ^
libgag/include/SDLGraphicContext.h:635:16: warning: 'drawSurface' overrides a member function but is not marked 'override' [-Winconsistent-missing-override]
  635 |                 virtual void drawSurface(float x, float y, DrawableSurface *surface, int sx, int sy, int sw, int sh, Uint8 alpha = Color::ALPHA_OPAQUE);
      |                              ^
libgag/include/SDLGraphicContext.h:277:16: note: overridden virtual function is here
  277 |                 virtual void drawSurface(float x, float y, DrawableSurface *surface, int sx, int sy, int sw, int sh, Uint8 alpha = Color::ALPHA_OPAQUE);
      |                              ^
libgag/include/SDLGraphicContext.h:637:16: warning: 'drawSurface' overrides a member function but is not marked 'override' [-Winconsistent-missing-override]
  637 |                 virtual void drawSurface(int x, int y, int w, int h, DrawableSurface *surface, int sx, int sy, int sw, int sh,  Uint8 alpha = Color::ALPHA_OPAQUE);
      |                              ^
libgag/include/SDLGraphicContext.h:279:16: note: overridden virtual function is here
  279 |                 virtual void drawSurface(int x, int y, int w, int h, DrawableSurface *surface, int sx, int sy, int sw, int sh,  Uint8 alpha = Color::ALPHA_OPAQUE);
      |                              ^
libgag/include/SDLGraphicContext.h:638:16: warning: 'drawSurface' overrides a member function but is not marked 'override' [-Winconsistent-missing-override]
  638 |                 virtual void drawSurface(float x, float y, float w, float h, DrawableSurface *surface, int sx, int sy, int sw, int sh, Uint8 alpha = Color::ALPHA_OPAQUE);
      |                              ^
libgag/include/SDLGraphicContext.h:280:16: note: overridden virtual function is here
  280 |                 virtual void drawSurface(float x, float y, float w, float h, DrawableSurface *surface, int sx, int sy, int sw, int sh, Uint8 alpha = Color::ALPHA_OPAQUE);
      |                              ^
libgag/include/SDLGraphicContext.h:661:16: warning: 'drawAlphaMap' overrides a member function but is not marked 'override' [-Winconsistent-missing-override]
  661 |                 virtual void drawAlphaMap(const std::valarray<float> &map, int mapW, int mapH, int x, int y, int cellW, int cellH, const Color &color);
      |                              ^
libgag/include/SDLGraphicContext.h:293:16: note: overridden virtual function is here
  293 |                 virtual void drawAlphaMap(const std::valarray<float> &map, int mapW, int mapH, int x, int y, int cellW, int cellH, const Color &color);
      |                              ^
libgag/include/SDLGraphicContext.h:662:16: warning: 'drawAlphaMap' overrides a member function but is not marked 'override' [-Winconsistent-missing-override]
  662 |                 virtual void drawAlphaMap(const std::valarray<unsigned char> &map, int mapW, int mapH, int x, int y, int cellW, int cellH, const Color &color);
      |                              ^
libgag/include/SDLGraphicContext.h:294:16: note: overridden virtual function is here
  294 |                 virtual void drawAlphaMap(const std::valarray<unsigned char> &map, int mapW, int mapH, int x, int y, int cellW, int cellH, const Color &color);
      |                              ^
libgag/include/SDLGraphicContext.h:665:16: warning: 'drawPixel' overrides a member function but is not marked 'override' [-Winconsistent-missing-override]
  665 |                 virtual void drawPixel(int x, int y, Uint8 r, Uint8 g, Uint8 b, Uint8 a = Color::ALPHA_OPAQUE);
      |                              ^
libgag/include/SDLGraphicContext.h:297:16: note: overridden virtual function is here
  297 |                 virtual void drawPixel(int x, int y, Uint8 r, Uint8 g, Uint8 b, Uint8 a = Color::ALPHA_OPAQUE);
      |                              ^
libgag/include/SDLGraphicContext.h:666:16: warning: 'drawRect' overrides a member function but is not marked 'override' [-Winconsistent-missing-override]
  666 |                 virtual void drawRect(int x, int y, int w, int h, Uint8 r, Uint8 g, Uint8 b, Uint8 a = Color::ALPHA_OPAQUE);
      |                              ^
libgag/include/SDLGraphicContext.h:298:16: note: overridden virtual function is here
  298 |                 virtual void drawRect(int x, int y, int w, int h, Uint8 r, Uint8 g, Uint8 b, Uint8 a = Color::ALPHA_OPAQUE);
      |                              ^
libgag/include/SDLGraphicContext.h:667:16: warning: 'drawFilledRect' overrides a member function but is not marked 'override' [-Winconsistent-missing-override]
  667 |                 virtual void drawFilledRect(int x, int y, int w, int h, Uint8 r, Uint8 g, Uint8 b, Uint8 a = Color::ALPHA_OPAQUE);
      |                              ^
libgag/include/SDLGraphicContext.h:299:16: note: overridden virtual function is here
  299 |                 virtual void drawFilledRect(int x, int y, int w, int h, Uint8 r, Uint8 g, Uint8 b, Uint8 a = Color::ALPHA_OPAQUE);
      |                              ^
libgag/include/SDLGraphicContext.h:668:16: warning: 'drawVertLine' overrides a member function but is not marked 'override' [-Winconsistent-missing-override]
  668 |                 virtual void drawVertLine(int x, int y, int l, Uint8 r, Uint8 g, Uint8 b, Uint8 a = Color::ALPHA_OPAQUE);
      |                              ^
libgag/include/SDLGraphicContext.h:300:16: note: overridden virtual function is here
  300 |                 virtual void drawVertLine(int x, int y, int l, Uint8 r, Uint8 g, Uint8 b, Uint8 a = Color::ALPHA_OPAQUE);
      |                              ^
libgag/include/SDLGraphicContext.h:669:16: warning: 'drawVertLine' overrides a member function but is not marked 'override' [-Winconsistent-missing-override]
  669 |                 virtual void drawVertLine(int x, int y, int l, const Color& color);
      |                              ^
libgag/include/SDLGraphicContext.h:301:16: note: overridden virtual function is here
  301 |                 virtual void drawVertLine(int x, int y, int l, const Color& color);
      |                              ^
libgag/include/SDLGraphicContext.h:670:16: warning: 'drawHorzLine' overrides a member function but is not marked 'override' [-Winconsistent-missing-override]
  670 |                 virtual void drawHorzLine(int x, int y, int l, Uint8 r, Uint8 g, Uint8 b, Uint8 a = Color::ALPHA_OPAQUE);
      |                              ^
libgag/include/SDLGraphicContext.h:302:16: note: overridden virtual function is here
  302 |                 virtual void drawHorzLine(int x, int y, int l, Uint8 r, Uint8 g, Uint8 b, Uint8 a = Color::ALPHA_OPAQUE);
      |                              ^
libgag/include/SDLGraphicContext.h:671:16: warning: 'drawHorzLine' overrides a member function but is not marked 'override' [-Winconsistent-missing-override]
  671 |                 virtual void drawHorzLine(int x, int y, int l, const Color& color);
      |                              ^
libgag/include/SDLGraphicContext.h:303:16: note: overridden virtual function is here
  303 |                 virtual void drawHorzLine(int x, int y, int l, const Color& color);
      |                              ^
libgag/include/SDLGraphicContext.h:672:16: warning: 'drawLine' overrides a member function but is not marked 'override' [-Winconsistent-missing-override]
  672 |                 virtual void drawLine(int x1, int y1, int x2, int y2, Uint8 r, Uint8 g, Uint8 b, Uint8 a = Color::ALPHA_OPAQUE);
      |                              ^
libgag/include/SDLGraphicContext.h:304:16: note: overridden virtual function is here
  304 |                 virtual void drawLine(int x1, int y1, int x2, int y2, Uint8 r, Uint8 g, Uint8 b, Uint8 a = Color::ALPHA_OPAQUE);
      |                              ^
libgag/include/SDLGraphicContext.h:673:16: warning: 'drawCircle' overrides a member function but is not marked 'override' [-Winconsistent-missing-override]
  673 |                 virtual void drawCircle(int x, int y, int radius, Uint8 r, Uint8 g, Uint8 b, Uint8 a = Color::ALPHA_OPAQUE);
      |                              ^
libgag/include/SDLGraphicContext.h:305:16: note: overridden virtual function is here
  305 |                 virtual void drawCircle(int x, int y, int radius, Uint8 r, Uint8 g, Uint8 b, Uint8 a = Color::ALPHA_OPAQUE);
      |                              ^
36 warnings generated.
/opt/homebrew/bin/ccache g++ -o build/darwin/client/release/src/app/cli/TurnClientCommand.o -c -g -std=gnu++20 -Wall -fPIC -O3 -DGLOB2_OFFICIAL_INSTANCE_ORIGIN=\"https://app.glob2online.com\" -DGLOB2_OFFICIAL_INSTANCE_FORMER_ORIGINS=\"https://glob2online.com\" -DHAVE_CONFIG_H -DGL_SILENCE_DEPRECATION -Ibuild/darwin/client/release/recording/prefix/include -I/Users/bradley/glob2/artifacts/recording-sdl3/prefix/include -Ibuild/darwin/client/release/include -I/opt/homebrew/include -Ilibgag/include -I. -Ilibusl/src -Isrc -Isrc/ai -Isrc/hud -Isrc/app -Isrc/game/player -Isrc/team -Isrc/common -Isrc/map -Isrc/game -Isrc/campaign -Isrc/campaign/screens -Isrc/replay -Isrc/game/screens -Isrc/render/clouds -Isrc/ui/screens -Isrc/game/rules -Isrc/game/diagnostics -Isrc/map/editor/screens -Isrc/engine -Isrc/ui -Isrc/map/preview -Isrc/app/cli -Isrc/net/lan/screens -Isrc/online -Isrc/map/tools -Isrc/scripting/map -Isrc/render/overlay -Isrc/audio -Isrc/online/screens -Isrc/game/orders -Isrc/resource -Isrc/ui/settings -Isrc/team/stats -Isrc/render/torus -Isrc/ai/simple -Isrc/ai/castor -Isrc/ai/javascript -Isrc/ai/nicowar -Isrc/ai/numbi -Isrc/ai/telemetry -Isrc/ai/warrush -Isrc/ai/maxima -Isrc/building -Isrc/building/types -Isrc/unit/types -Isrc/building/hud -Isrc/net -Isrc/hud/draw -Isrc/hud/input -Isrc/hud/touch -Isrc/net/turn -Isrc/unit -Isrc/map/editor -Isrc/map/generator -Isrc/map/generator/compatibility -Isrc/map/generator/core -Isrc/map/generator/generators -Isrc/map/generator/shared -Isrc/map/generator/shared/legacy -Isrc/map/gradient -Isrc/map/io -Isrc/net/lan -Isrc/net/message -Isrc/scripting/sgsl -Ithird_party/nlohmann-json/include -Ithird_party/quickjs-ng src/app/cli/TurnClientCommand.cpp
In file included from src/engine/EngineInit.cpp:16:
In file included from src/engine/Engine.h:9:
In file included from src/hud/GameGUI.h:20:
In file included from src/game/Game.h:12:
In file included from src/map/Map.h:21:
In file included from src/team/Team.h:16:
In file included from src/game/GameEvent.h:9:
In file included from libgag/include/GraphicContext.h:6:
libgag/include/SDLGraphicContext.h:520:16: warning: 'setRes' overrides a member function but is not marked 'override' [-Winconsistent-missing-override]
  520 |                 virtual void setRes(int w, int h) { setRes(w, h, optionFlags); }
      |                              ^
libgag/include/SDLGraphicContext.h:228:16: note: overridden virtual function is here
  228 |                 virtual void setRes(int w, int h);
      |                              ^
libgag/include/SDLGraphicContext.h:596:16: warning: 'setClipRect' overrides a member function but is not marked 'override' [-Winconsistent-missing-override]
  596 |                 virtual void setClipRect(int x, int y, int w, int h);
      |                              ^
libgag/include/SDLGraphicContext.h:230:16: note: overridden virtual function is here
  230 |                 virtual void setClipRect(int x, int y, int w, int h);
      |                              ^
libgag/include/SDLGraphicContext.h:597:16: warning: 'setClipRect' overrides a member function but is not marked 'override' [-Winconsistent-missing-override]
  597 |                 virtual void setClipRect(void);
      |                              ^
libgag/include/SDLGraphicContext.h:231:16: note: overridden virtual function is here
  231 |                 virtual void setClipRect(void);
      |                              ^
libgag/include/SDLGraphicContext.h:602:22: warning: 'nextFrame' overrides a member function but is not marked 'override' [-Winconsistent-missing-override]
  602 |         virtual void nextFrame(void);
      |                      ^
libgag/include/SDLGraphicContext.h:232:16: note: overridden virtual function is here
  232 |                 virtual void nextFrame(void) { flushTextPictures(); }
      |                              ^
libgag/include/SDLGraphicContext.h:604:16: warning: 'loadImage' overrides a member function but is not marked 'override' [-Winconsistent-missing-override]
  604 |                 virtual bool loadImage(const std::string name) { return false; }
      |                              ^
libgag/include/SDLGraphicContext.h:233:16: note: overridden virtual function is here
  233 |                 virtual bool loadImage(const std::string name);
      |                              ^
libgag/include/SDLGraphicContext.h:608:16: warning: 'shiftHSV' overrides a member function but is not marked 'override' [-Winconsistent-missing-override]
  608 |                 virtual void shiftHSV(float hue, float sat, float lum) { }
      |                              ^
libgag/include/SDLGraphicContext.h:234:16: note: overridden virtual function is here
  234 |                 virtual void shiftHSV(float hue, float sat, float lum);
      |                              ^
libgag/include/SDLGraphicContext.h:611:16: warning: 'canDrawStretchedSprite' overrides a member function but is not marked 'override' [-Winconsistent-missing-override]
  611 |                 virtual bool canDrawStretchedSprite(void) { return hasPortableRenderer() || (optionFlags & USEGPU) != 0; }
      |                              ^
libgag/include/SDLGraphicContext.h:252:16: note: overridden virtual function is here
  252 |                 virtual bool canDrawStretchedSprite(void) { return false; }
      |                              ^
libgag/include/SDLGraphicContext.h:613:16: warning: 'drawPixel' overrides a member function but is not marked 'override' [-Winconsistent-missing-override]
  613 |                 virtual void drawPixel(int x, int y, const Color& color);
      |                              ^
libgag/include/SDLGraphicContext.h:255:16: note: overridden virtual function is here
  255 |                 virtual void drawPixel(int x, int y, const Color& color);
      |                              ^
libgag/include/SDLGraphicContext.h:614:16: warning: 'drawPixel' overrides a member function but is not marked 'override' [-Winconsistent-missing-override]
  614 |                 virtual void drawPixel(float x, float y, const Color& color);
      |                              ^
libgag/include/SDLGraphicContext.h:256:16: note: overridden virtual function is here
  256 |                 virtual void drawPixel(float x, float y, const Color& color);
      |                              ^
libgag/include/SDLGraphicContext.h:616:16: warning: 'drawRect' overrides a member function but is not marked 'override' [-Winconsistent-missing-override]
  616 |                 virtual void drawRect(int x, int y, int w, int h, const Color& color);
      |                              ^
libgag/include/SDLGraphicContext.h:258:16: note: overridden virtual function is here
  258 |                 virtual void drawRect(int x, int y, int w, int h, const Color& color);
      |                              ^
libgag/include/SDLGraphicContext.h:617:16: warning: 'drawRect' overrides a member function but is not marked 'override' [-Winconsistent-missing-override]
  617 |                 virtual void drawRect(float x, float y, float w, float h, const Color& color);
      |                              ^
libgag/include/SDLGraphicContext.h:259:16: note: overridden virtual function is here
  259 |                 virtual void drawRect(float x, float y, float w, float h, const Color& color);
      |                              ^
libgag/include/SDLGraphicContext.h:619:16: warning: 'drawFilledRect' overrides a member function but is not marked 'override' [-Winconsistent-missing-override]
  619 |                 virtual void drawFilledRect(int x, int y, int w, int h, const Color& color);
      |                              ^
libgag/include/SDLGraphicContext.h:261:16: note: overridden virtual function is here
  261 |                 virtual void drawFilledRect(int x, int y, int w, int h, const Color& color);
      |                              ^
libgag/include/SDLGraphicContext.h:620:16: warning: 'drawFilledRect' overrides a member function but is not marked 'override' [-Winconsistent-missing-override]
  620 |                 virtual void drawFilledRect(float x, float y, float w, float h, const Color& color);
      |                              ^
libgag/include/SDLGraphicContext.h:262:16: note: overridden virtual function is here
  262 |                 virtual void drawFilledRect(float x, float y, float w, float h, const Color& color);
      |                              ^
libgag/include/SDLGraphicContext.h:622:16: warning: 'drawLine' overrides a member function but is not marked 'override' [-Winconsistent-missing-override]
  622 |                 virtual void drawLine(int x1, int y1, int x2, int y2, const Color& color);
      |                              ^
libgag/include/SDLGraphicContext.h:264:16: note: overridden virtual function is here
  264 |                 virtual void drawLine(int x1, int y1, int x2, int y2, const Color& color);
      |                              ^
libgag/include/SDLGraphicContext.h:623:16: warning: 'drawLine' overrides a member function but is not marked 'override' [-Winconsistent-missing-override]
  623 |                 virtual void drawLine(float x1, float y1, float x2, float y2, const Color& color);
      |                              ^
libgag/include/SDLGraphicContext.h:265:16: note: overridden virtual function is here
  265 |                 virtual void drawLine(float x1, float y1, float x2, float y2, const Color& color);
      |                              ^
libgag/include/SDLGraphicContext.h:625:16: warning: 'drawCircle' overrides a member function but is not marked 'override' [-Winconsistent-missing-override]
  625 |                 virtual void drawCircle(int x, int y, int radius, const Color& color);
      |                              ^
libgag/include/SDLGraphicContext.h:267:16: note: overridden virtual function is here
  267 |                 virtual void drawCircle(int x, int y, int radius, const Color& color);
      |                              ^
libgag/include/SDLGraphicContext.h:626:16: warning: 'drawCircle' overrides a member function but is not marked 'override' [-Winconsistent-missing-override]
  626 |                 virtual void drawCircle(float x, float y, float radius, const Color& color);
      |                              ^
libgag/include/SDLGraphicContext.h:268:16: note: overridden virtual function is here
  268 |                 virtual void drawCircle(float x, float y, float radius, const Color& color);
      |                              ^
libgag/include/SDLGraphicContext.h:628:16: warning: 'drawSurface' overrides a member function but is not marked 'override' [-Winconsistent-missing-override]
  628 |                 virtual void drawSurface(int x, int y, DrawableSurface *surface, Uint8 alpha = Color::ALPHA_OPAQUE);
      |                              ^
libgag/include/SDLGraphicContext.h:270:16: note: overridden virtual function is here
  270 |                 virtual void drawSurface(int x, int y, DrawableSurface *surface, Uint8 alpha = Color::ALPHA_OPAQUE);
      |                              ^
libgag/include/SDLGraphicContext.h:629:16: warning: 'drawSurface' overrides a member function but is not marked 'override' [-Winconsistent-missing-override]
  629 |                 virtual void drawSurface(float x, float y, DrawableSurface *surface, Uint8 alpha = Color::ALPHA_OPAQUE);
      |                              ^
libgag/include/SDLGraphicContext.h:271:16: note: overridden virtual function is here
  271 |                 virtual void drawSurface(float x, float y, DrawableSurface *surface, Uint8 alpha = Color::ALPHA_OPAQUE);
      |                              ^
libgag/include/SDLGraphicContext.h:631:16: warning: 'drawSurface' overrides a member function but is not marked 'override' [-Winconsistent-missing-override]
  631 |                 virtual void drawSurface(int x, int y, int w, int h, DrawableSurface *surface, Uint8 alpha = Color::ALPHA_OPAQUE);
      |                              ^
libgag/include/SDLGraphicContext.h:273:16: note: overridden virtual function is here
  273 |                 virtual void drawSurface(int x, int y, int w, int h, DrawableSurface *surface, Uint8 alpha = Color::ALPHA_OPAQUE);
      |                              ^
libgag/include/SDLGraphicContext.h:632:16: warning: 'drawSurface' overrides a member function but is not marked 'override' [-Winconsistent-missing-override]
  632 |                 virtual void drawSurface(float x, float y, float w, float h, DrawableSurface *surface, Uint8 alpha = Color::ALPHA_OPAQUE);
      |                              ^
libgag/include/SDLGraphicContext.h:274:16: note: overridden virtual function is here
  274 |                 virtual void drawSurface(float x, float y, float w, float h, DrawableSurface *surface, Uint8 alpha = Color::ALPHA_OPAQUE);
      |                              ^
libgag/include/SDLGraphicContext.h:634:16: warning: 'drawSurface' overrides a member function but is not marked 'override' [-Winconsistent-missing-override]
  634 |                 virtual void drawSurface(int x, int y, DrawableSurface *surface, int sx, int sy, int sw, int sh, Uint8 alpha = Color::ALPHA_OPAQUE);
      |                              ^
libgag/include/SDLGraphicContext.h:276:16: note: overridden virtual function is here
  276 |                 virtual void drawSurface(int x, int y, DrawableSurface *surface, int sx, int sy, int sw, int sh, Uint8 alpha = Color::ALPHA_OPAQUE);
      |                              ^
libgag/include/SDLGraphicContext.h:635:16: warning: 'drawSurface' overrides a member function but is not marked 'override' [-Winconsistent-missing-override]
  635 |                 virtual void drawSurface(float x, float y, DrawableSurface *surface, int sx, int sy, int sw, int sh, Uint8 alpha = Color::ALPHA_OPAQUE);
      |                              ^
libgag/include/SDLGraphicContext.h:277:16: note: overridden virtual function is here
  277 |                 virtual void drawSurface(float x, float y, DrawableSurface *surface, int sx, int sy, int sw, int sh, Uint8 alpha = Color::ALPHA_OPAQUE);
      |                              ^
libgag/include/SDLGraphicContext.h:637:16: warning: 'drawSurface' overrides a member function but is not marked 'override' [-Winconsistent-missing-override]
  637 |                 virtual void drawSurface(int x, int y, int w, int h, DrawableSurface *surface, int sx, int sy, int sw, int sh,  Uint8 alpha = Color::ALPHA_OPAQUE);
      |                              ^
libgag/include/SDLGraphicContext.h:279:16: note: overridden virtual function is here
  279 |                 virtual void drawSurface(int x, int y, int w, int h, DrawableSurface *surface, int sx, int sy, int sw, int sh,  Uint8 alpha = Color::ALPHA_OPAQUE);
      |                              ^
libgag/include/SDLGraphicContext.h:638:16: warning: 'drawSurface' overrides a member function but is not marked 'override' [-Winconsistent-missing-override]
  638 |                 virtual void drawSurface(float x, float y, float w, float h, DrawableSurface *surface, int sx, int sy, int sw, int sh, Uint8 alpha = Color::ALPHA_OPAQUE);
      |                              ^
libgag/include/SDLGraphicContext.h:280:16: note: overridden virtual function is here
  280 |                 virtual void drawSurface(float x, float y, float w, float h, DrawableSurface *surface, int sx, int sy, int sw, int sh, Uint8 alpha = Color::ALPHA_OPAQUE);
      |                              ^
libgag/include/SDLGraphicContext.h:661:16: warning: 'drawAlphaMap' overrides a member function but is not marked 'override' [-Winconsistent-missing-override]
  661 |                 virtual void drawAlphaMap(const std::valarray<float> &map, int mapW, int mapH, int x, int y, int cellW, int cellH, const Color &color);
      |                              ^
libgag/include/SDLGraphicContext.h:293:16: note: overridden virtual function is here
  293 |                 virtual void drawAlphaMap(const std::valarray<float> &map, int mapW, int mapH, int x, int y, int cellW, int cellH, const Color &color);
      |                              ^
libgag/include/SDLGraphicContext.h:662:16: warning: 'drawAlphaMap' overrides a member function but is not marked 'override' [-Winconsistent-missing-override]
  662 |                 virtual void drawAlphaMap(const std::valarray<unsigned char> &map, int mapW, int mapH, int x, int y, int cellW, int cellH, const Color &color);
      |                              ^
libgag/include/SDLGraphicContext.h:294:16: note: overridden virtual function is here
  294 |                 virtual void drawAlphaMap(const std::valarray<unsigned char> &map, int mapW, int mapH, int x, int y, int cellW, int cellH, const Color &color);
      |                              ^
libgag/include/SDLGraphicContext.h:665:16: warning: 'drawPixel' overrides a member function but is not marked 'override' [-Winconsistent-missing-override]
  665 |                 virtual void drawPixel(int x, int y, Uint8 r, Uint8 g, Uint8 b, Uint8 a = Color::ALPHA_OPAQUE);
      |                              ^
libgag/include/SDLGraphicContext.h:297:16: note: overridden virtual function is here
  297 |                 virtual void drawPixel(int x, int y, Uint8 r, Uint8 g, Uint8 b, Uint8 a = Color::ALPHA_OPAQUE);
      |                              ^
libgag/include/SDLGraphicContext.h:666:16: warning: 'drawRect' overrides a member function but is not marked 'override' [-Winconsistent-missing-override]
  666 |                 virtual void drawRect(int x, int y, int w, int h, Uint8 r, Uint8 g, Uint8 b, Uint8 a = Color::ALPHA_OPAQUE);
      |                              ^
libgag/include/SDLGraphicContext.h:298:16: note: overridden virtual function is here
  298 |                 virtual void drawRect(int x, int y, int w, int h, Uint8 r, Uint8 g, Uint8 b, Uint8 a = Color::ALPHA_OPAQUE);
      |                              ^
libgag/include/SDLGraphicContext.h:667:16: warning: 'drawFilledRect' overrides a member function but is not marked 'override' [-Winconsistent-missing-override]
  667 |                 virtual void drawFilledRect(int x, int y, int w, int h, Uint8 r, Uint8 g, Uint8 b, Uint8 a = Color::ALPHA_OPAQUE);
      |                              ^
libgag/include/SDLGraphicContext.h:299:16: note: overridden virtual function is here
  299 |                 virtual void drawFilledRect(int x, int y, int w, int h, Uint8 r, Uint8 g, Uint8 b, Uint8 a = Color::ALPHA_OPAQUE);
      |                              ^
libgag/include/SDLGraphicContext.h:668:16: warning: 'drawVertLine' overrides a member function but is not marked 'override' [-Winconsistent-missing-override]
  668 |                 virtual void drawVertLine(int x, int y, int l, Uint8 r, Uint8 g, Uint8 b, Uint8 a = Color::ALPHA_OPAQUE);
      |                              ^
libgag/include/SDLGraphicContext.h:300:16: note: overridden virtual function is here
  300 |                 virtual void drawVertLine(int x, int y, int l, Uint8 r, Uint8 g, Uint8 b, Uint8 a = Color::ALPHA_OPAQUE);
      |                              ^
libgag/include/SDLGraphicContext.h:669:16: warning: 'drawVertLine' overrides a member function but is not marked 'override' [-Winconsistent-missing-override]
  669 |                 virtual void drawVertLine(int x, int y, int l, const Color& color);
      |                              ^
libgag/include/SDLGraphicContext.h:301:16: note: overridden virtual function is here
  301 |                 virtual void drawVertLine(int x, int y, int l, const Color& color);
      |                              ^
libgag/include/SDLGraphicContext.h:670:16: warning: 'drawHorzLine' overrides a member function but is not marked 'override' [-Winconsistent-missing-override]
  670 |                 virtual void drawHorzLine(int x, int y, int l, Uint8 r, Uint8 g, Uint8 b, Uint8 a = Color::ALPHA_OPAQUE);
      |                              ^
libgag/include/SDLGraphicContext.h:302:16: note: overridden virtual function is here
  302 |                 virtual void drawHorzLine(int x, int y, int l, Uint8 r, Uint8 g, Uint8 b, Uint8 a = Color::ALPHA_OPAQUE);
      |                              ^
libgag/include/SDLGraphicContext.h:671:16: warning: 'drawHorzLine' overrides a member function but is not marked 'override' [-Winconsistent-missing-override]
  671 |                 virtual void drawHorzLine(int x, int y, int l, const Color& color);
      |                              ^
libgag/include/SDLGraphicContext.h:303:16: note: overridden virtual function is here
  303 |                 virtual void drawHorzLine(int x, int y, int l, const Color& color);
      |                              ^
libgag/include/SDLGraphicContext.h:672:16: warning: 'drawLine' overrides a member function but is not marked 'override' [-Winconsistent-missing-override]
  672 |                 virtual void drawLine(int x1, int y1, int x2, int y2, Uint8 r, Uint8 g, Uint8 b, Uint8 a = Color::ALPHA_OPAQUE);
      |                              ^
libgag/include/SDLGraphicContext.h:304:16: note: overridden virtual function is here
  304 |                 virtual void drawLine(int x1, int y1, int x2, int y2, Uint8 r, Uint8 g, Uint8 b, Uint8 a = Color::ALPHA_OPAQUE);
      |                              ^
libgag/include/SDLGraphicContext.h:673:16: warning: 'drawCircle' overrides a member function but is not marked 'override' [-Winconsistent-missing-override]
  673 |                 virtual void drawCircle(int x, int y, int radius, Uint8 r, Uint8 g, Uint8 b, Uint8 a = Color::ALPHA_OPAQUE);
      |                              ^
libgag/include/SDLGraphicContext.h:305:16: note: overridden virtual function is here
  305 |                 virtual void drawCircle(int x, int y, int radius, Uint8 r, Uint8 g, Uint8 b, Uint8 a = Color::ALPHA_OPAQUE);
      |                              ^
36 warnings generated.
/opt/homebrew/bin/ccache g++ -o build/darwin/client/release/src/engine/sim/SimulationRunner.o -c -g -std=gnu++20 -Wall -fPIC -O3 -DGLOB2_OFFICIAL_INSTANCE_ORIGIN=\"https://app.glob2online.com\" -DGLOB2_OFFICIAL_INSTANCE_FORMER_ORIGINS=\"https://glob2online.com\" -DHAVE_CONFIG_H -DGL_SILENCE_DEPRECATION -Ibuild/darwin/client/release/recording/prefix/include -I/Users/bradley/glob2/artifacts/recording-sdl3/prefix/include -Ibuild/darwin/client/release/include -I/opt/homebrew/include -Ilibgag/include -I. -Ilibusl/src -Isrc -Isrc/ai -Isrc/hud -Isrc/app -Isrc/game/player -Isrc/team -Isrc/common -Isrc/map -Isrc/game -Isrc/campaign -Isrc/campaign/screens -Isrc/replay -Isrc/game/screens -Isrc/render/clouds -Isrc/ui/screens -Isrc/game/rules -Isrc/game/diagnostics -Isrc/map/editor/screens -Isrc/engine -Isrc/ui -Isrc/map/preview -Isrc/app/cli -Isrc/net/lan/screens -Isrc/online -Isrc/map/tools -Isrc/scripting/map -Isrc/render/overlay -Isrc/audio -Isrc/online/screens -Isrc/game/orders -Isrc/resource -Isrc/ui/settings -Isrc/team/stats -Isrc/render/torus -Isrc/ai/simple -Isrc/ai/castor -Isrc/ai/javascript -Isrc/ai/nicowar -Isrc/ai/numbi -Isrc/ai/telemetry -Isrc/ai/warrush -Isrc/ai/maxima -Isrc/building -Isrc/building/types -Isrc/unit/types -Isrc/building/hud -Isrc/net -Isrc/hud/draw -Isrc/hud/input -Isrc/hud/touch -Isrc/net/turn -Isrc/unit -Isrc/map/editor -Isrc/map/generator -Isrc/map/generator/compatibility -Isrc/map/generator/core -Isrc/map/generator/generators -Isrc/map/generator/shared -Isrc/map/generator/shared/legacy -Isrc/map/gradient -Isrc/map/io -Isrc/net/lan -Isrc/net/message -Isrc/scripting/sgsl -Ithird_party/nlohmann-json/include -Ithird_party/quickjs-ng src/engine/sim/SimulationRunner.cpp
